url,path,status,bytes,sha256,retrieved_utc,note
https://npp.gov.in/public-reports/cea/daily/dgr/22-03-2018/dgr6-2018-03-22.xls,2018/2018-03-22_dgr6.xls,404,0,,2026-09-14T13:38:41,dgr6
https://npp.gov.in/public-reports/cea/daily/dgr/23-03-2018/dgr6-2018-03-23.xls,2018/2018-03-23_dgr6.xls,200,28672,f8f473a384654372ababe52965b655f4a5ff487ddedc652ac7eb7c0c6bf0df95,2026-09-14T13:38:42,dgr6
https://npp.gov.in/public-reports/cea/daily/dgr/24-03-2018/dgr6-2018-03-24.xls,2018/2018-03-24_dgr6.xls,200,28672,aabb034013e2c69a4c219b49e3a24918fbaaf47e8c19a5fc25f7ef02acb3b059,2026-09-14T13:38:42,dgr6
https://npp.gov.in/public-reports/cea/daily/dgr/25-03-2018/dgr6-2018-03-25.xls,2018/2018-03-25_dgr6.xls,200,28672,6f4b2cd2cbd15ddb4d9fa929f6d5f9c7e52182a89760d952667a15fd3a2a93d0,2026-09-14T13:38:42,dgr6
https://npp.gov.in/public-reports/cea/daily/dgr/26-03-2018/dgr6-2018-03-26.xls,2018/2018-03-26_dgr6.xls,200,28672,9945e47e4573d5b5e8b31c7003ad8b4920a600da6154cb48e9c62fa72826a851,2026-09-14T13:38:43,dgr6
https://npp.gov.in/public-reports/cea/daily/dgr/27-03-2018/dgr6-2018-03-27.xls,2018/2018-03-27_dgr6.xls,200,4608,17b2c27f377c816fd7dcedb81543aad2d4e00a928c89359cefe8a51d3a1a2938,2026-09-14T13:38:43,dgr6
https://npp.gov.in/public-reports/cea/daily/dgr/28-03-2018/dgr6-2018-03-28.xls,2018/2018-03-28_dgr6.xls,200,28672,1971c613740834d7320b3bb7e8f36a00261594bf53eb898fba5e636c9e7509c3,2026-09-14T13:38:44,dgr6
https://npp.gov.in/public-reports/cea/daily/dgr/29-03-2018/dgr6-2018-03-29.xls,2018/2018-03-29_dgr6.xls,200,28672,d44548c4cee3a2fe1a3c3af2d5a5648b7b8d610867ef6dee95fcdd67e8216e02,2026-09-14T13:38:44,dgr6
https://npp.gov.in/public-reports/cea/daily/dgr/30-03-2018/dgr6-2018-03-30.xls,2018/2018-03-30_dgr6.xls,200,28672,1dcc17bc7ae641b93cab9f8ae087d44856817b2ba705bc2140f11fcfa63ca66e,2026-09-14T13:38:44,dgr6
https://npp.gov.in/public-reports/cea/daily/dgr/31-03-2018/dgr6-2018-03-31.xls,2018/2018-03-31_dgr6.xls,200,28672,12e5c23b7a75b9e21d85cb6d7d3c0651f191c9a048ec320cd7d15629db529f29,2026-09-14T13:38:45,dgr6
https://npp.gov.in/public-reports/cea/daily/dgr/01-04-2018/dgr6-2018-04-01.xls,2018/2018-04-01_dgr6.xls,200,31232,34ecab0885529f2ad68b785dde16a126740024ebe408f63ef62f11cbdfe1d8e3,2026-09-14T13:38:45,dgr6
https://npp.gov.in/public-reports/cea/daily/dgr/02-04-2018/dgr6-2018-04-02.xls,2018/2018-04-02_dgr6.xls,200,31232,53460465f41011e14474e45081580fda9bdf3a24e96ba7f9f7316d9c2dfc10ad,2026-09-14T13:38:46,dgr6
https://npp.gov.in/public-reports/cea/daily/dgr/03-04-2018/dgr6-2018-04-03.xls,2018/2018-04-03_dgr6.xls,200,31232,22157b46f5f862d8b6997d2a1a4b98ea92e4ace440978e01cad038c2922cb8e8,2026-09-14T13:38:46,dgr6
https://npp.gov.in/public-reports/cea/daily/dgr/04-04-2018/dgr6-2018-04-04.xls,2018/2018-04-04_dgr6.xls,200,31232,df120b411428082ac036c9f61e274ad0f85227c23f5b00d2965145336a77e69d,2026-09-14T13:38:46,dgr6
https://npp.gov.in/public-reports/cea/daily/dgr/05-04-2018/dgr6-2018-04-05.xls,2018/2018-04-05_dgr6.xls,200,31232,882dbf30c6efe0edc325aefa0060263a471bfbd167f4cba4d0a0e60c3939d71a,2026-09-14T13:38:47,dgr6
https://npp.gov.in/public-reports/cea/daily/dgr/06-04-2018/dgr6-2018-04-06.xls,2018/2018-04-06_dgr6.xls,200,31232,fe6c19ec6028e0b73cdc10e1b3a5c1d75359f4bc5f95d46c03bc30aef72d8f0b,2026-09-14T13:38:47,dgr6
https://npp.gov.in/public-reports/cea/daily/dgr/07-04-2018/dgr6-2018-04-07.xls,2018/2018-04-07_dgr6.xls,200,31232,7389180007118941d94029cebd71a4486908be69475d9837bf3626e4622fcb1a,2026-09-14T13:38:48,dgr6
https://npp.gov.in/public-reports/cea/daily/dgr/08-04-2018/dgr6-2018-04-08.xls,2018/2018-04-08_dgr6.xls,200,31232,596bf8ef3ca1a652b337900f467b758deed0bcd5809ca409826740af125e434b,2026-09-14T13:38:48,dgr6
https://npp.gov.in/public-reports/cea/daily/dgr/09-04-2018/dgr6-2018-04-09.xls,2018/2018-04-09_dgr6.xls,200,31232,4b73174767137891608bc0c4d65a8ff06b02dbe2ae1425f47e6c1116d0d19997,2026-09-14T13:38:48,dgr6
https://npp.gov.in/public-reports/cea/daily/dgr/10-04-2018/dgr6-2018-04-10.xls,2018/2018-04-10_dgr6.xls,200,31232,46034ebed791bd7d9eef42fe039a743354bdf1cc38b2f8299d741106b5c02688,2026-09-14T13:38:49,dgr6
https://npp.gov.in/public-reports/cea/daily/dgr/11-04-2018/dgr6-2018-04-11.xls,2018/2018-04-11_dgr6.xls,200,31232,76e7db0d325938b1890382d9c4fe2e8adf44be7d17e2d1ee5877a6b61d61444a,2026-09-14T13:38:49,dgr6
https://npp.gov.in/public-reports/cea/daily/dgr/12-04-2018/dgr6-2018-04-12.xls,2018/2018-04-12_dgr6.xls,200,31232,fa2903e52fa60667b33d9f5bffb5f9ed9b5aff9be49b7102bfcf6d742b6ca5f6,2026-09-14T13:38:50,dgr6
https://npp.gov.in/public-reports/cea/daily/dgr/13-04-2018/dgr6-2018-04-13.xls,2018/2018-04-13_dgr6.xls,200,31232,ab6403ff2d30fcf2f12fa4ad16a43bd52a36f7a8335b3e2a1ff961ec45c647cb,2026-09-14T13:38:50,dgr6
https://npp.gov.in/public-reports/cea/daily/dgr/14-04-2018/dgr6-2018-04-14.xls,2018/2018-04-14_dgr6.xls,200,31232,d83d7b6a09444f4ad0db4459c515b1600324512f588eedf11b8aab2535439c41,2026-09-14T13:38:51,dgr6
https://npp.gov.in/public-reports/cea/daily/dgr/15-04-2018/dgr6-2018-04-15.xls,2018/2018-04-15_dgr6.xls,200,31232,11183f3619be39611e83363b3c26bbf1b9d5f7aede4e99b2fb9f87d0c7279a64,2026-09-14T13:38:51,dgr6
https://npp.gov.in/public-reports/cea/daily/dgr/16-04-2018/dgr6-2018-04-16.xls,2018/2018-04-16_dgr6.xls,200,31232,c9f57a63ff2264446af94aef8a6c9f8523fd291d16dff5263695e121ed7c20b2,2026-09-14T13:38:51,dgr6
https://npp.gov.in/public-reports/cea/daily/dgr/17-04-2018/dgr6-2018-04-17.xls,2018/2018-04-17_dgr6.xls,200,31232,0935c38d7f041c3ad61780e68090f11b26a81351ff1963930f653d88a2d7a5f8,2026-09-14T13:38:52,dgr6
https://npp.gov.in/public-reports/cea/daily/dgr/18-04-2018/dgr6-2018-04-18.xls,2018/2018-04-18_dgr6.xls,200,31232,08a5f795de4b8da84a9fe3a5dc4efe2d76b5497b7f0fb1f2715907054700b2a9,2026-09-14T13:38:52,dgr6
https://npp.gov.in/public-reports/cea/daily/dgr/19-04-2018/dgr6-2018-04-19.xls,2018/2018-04-19_dgr6.xls,200,31232,9ad4152c724915119bf13b2e955ecb6ca77296b16e08a7f97cbfafe49d6ede76,2026-09-14T13:38:53,dgr6
https://npp.gov.in/public-reports/cea/daily/dgr/20-04-2018/dgr6-2018-04-20.xls,2018/2018-04-20_dgr6.xls,200,31232,28cfb03cdc9b0fcc031039cba26ee8b6f0492a0362cd0ed658217987db14b0b6,2026-09-14T13:38:53,dgr6
https://npp.gov.in/public-reports/cea/daily/dgr/21-04-2018/dgr6-2018-04-21.xls,2018/2018-04-21_dgr6.xls,200,31232,f3ec9a87c9d2087bd4a13a0f1460f3d05d61ce513baaeda300b0e2fc473e7587,2026-09-14T13:38:53,dgr6
https://npp.gov.in/public-reports/cea/daily/dgr/22-04-2018/dgr6-2018-04-22.xls,2018/2018-04-22_dgr6.xls,200,31232,7c38526388ae66dafb134d9ce7f84c8b2dfcd1f888f7baf71e09b4e2fd1e5d87,2026-09-14T13:38:54,dgr6
https://npp.gov.in/public-reports/cea/daily/dgr/23-04-2018/dgr6-2018-04-23.xls,2018/2018-04-23_dgr6.xls,200,31232,c22ac8f85be9149cc1dc73a4bff212abb78a423bae62e72a02ab237ac64e1e14,2026-09-14T13:38:54,dgr6
https://npp.gov.in/public-reports/cea/daily/dgr/24-04-2018/dgr6-2018-04-24.xls,2018/2018-04-24_dgr6.xls,200,31232,748df75e8a7de9db75efc32694952adb23161c6518ed3ff3d6487ff46832fdc7,2026-09-14T13:38:55,dgr6
https://npp.gov.in/public-reports/cea/daily/dgr/25-04-2018/dgr6-2018-04-25.xls,2018/2018-04-25_dgr6.xls,200,31232,96f8f98c6afd7d40ae6dc89c8948c4e63f11dbd34d02f33ad658b7543ba20d37,2026-09-14T13:38:55,dgr6
https://npp.gov.in/public-reports/cea/daily/dgr/26-04-2018/dgr6-2018-04-26.xls,2018/2018-04-26_dgr6.xls,200,31232,3175e2ef32bdd1cb155ce51476895a6f0fd49307a992ce2e3d7e04647692d3c9,2026-09-14T13:38:55,dgr6
https://npp.gov.in/public-reports/cea/daily/dgr/27-04-2018/dgr6-2018-04-27.xls,2018/2018-04-27_dgr6.xls,200,31232,952acd9ed9708f8e749fc52cfd7e9cee2a89bab2b85a4b1ed33ac7356dff467a,2026-09-14T13:38:56,dgr6
https://npp.gov.in/public-reports/cea/daily/dgr/28-04-2018/dgr6-2018-04-28.xls,2018/2018-04-28_dgr6.xls,200,31232,63e89a435c91dbd2707c007ef4de1c7b37cb4fc36bce26a0cf188751f029440b,2026-09-14T13:38:56,dgr6
https://npp.gov.in/public-reports/cea/daily/dgr/29-04-2018/dgr6-2018-04-29.xls,2018/2018-04-29_dgr6.xls,200,31232,344496f15203708c88452d10ced130b414426bf187941daff3010f91fb94df78,2026-09-14T13:38:57,dgr6
https://npp.gov.in/public-reports/cea/daily/dgr/30-04-2018/dgr6-2018-04-30.xls,2018/2018-04-30_dgr6.xls,200,31232,fe5178d5b5de2ace49954961d31d4091208379fc30280489ffb1d3ca224ec2d3,2026-09-14T13:38:57,dgr6
https://npp.gov.in/public-reports/cea/daily/dgr/01-05-2018/dgr6-2018-05-01.xls,2018/2018-05-01_dgr6.xls,200,31232,9d8e721ab28ba717e3d48f51156e20bf524140ebbeb1999eca4e0496e9f56155,2026-09-14T13:38:58,dgr6
https://npp.gov.in/public-reports/cea/daily/dgr/02-05-2018/dgr6-2018-05-02.xls,2018/2018-05-02_dgr6.xls,200,31232,0c2b40d796ce603d5ad3d917103e0ac964e0480d093b96cc0e14a2cb84e17611,2026-09-14T13:38:58,dgr6
https://npp.gov.in/public-reports/cea/daily/dgr/03-05-2018/dgr6-2018-05-03.xls,2018/2018-05-03_dgr6.xls,200,31232,cacd5a30ad866e390ab938021c310baa0e27dd9862022a0f4d2a4ae4a7ee5f71,2026-09-14T13:38:58,dgr6
https://npp.gov.in/public-reports/cea/daily/dgr/04-05-2018/dgr6-2018-05-04.xls,2018/2018-05-04_dgr6.xls,200,31232,abc2c0457d1a6dee6962168c2e521ba95e630cf32a4cdb5502cf7316aa677c1e,2026-09-14T13:38:59,dgr6
https://npp.gov.in/public-reports/cea/daily/dgr/05-05-2018/dgr6-2018-05-05.xls,2018/2018-05-05_dgr6.xls,200,31232,ab2cf5c934f09bc1bb018dc5ae61dd0466bf05bf7ae990fc477214a4d2c8bafb,2026-09-14T13:38:59,dgr6
https://npp.gov.in/public-reports/cea/daily/dgr/06-05-2018/dgr6-2018-05-06.xls,2018/2018-05-06_dgr6.xls,200,31232,be8310cfcc663d6b7ffabaa61c9268c0daa5cd960e9fabd781bd93d648a828ad,2026-09-14T13:39:00,dgr6
https://npp.gov.in/public-reports/cea/daily/dgr/07-05-2018/dgr6-2018-05-07.xls,2018/2018-05-07_dgr6.xls,200,31232,6f2ef7d70949fe165a525603b2b0de484419a531fb69b0cfe1d404447d354e7a,2026-09-14T13:39:00,dgr6
https://npp.gov.in/public-reports/cea/daily/dgr/08-05-2018/dgr6-2018-05-08.xls,2018/2018-05-08_dgr6.xls,200,31232,28e81465f6342e961df71cd0836a36fc6b3143515c5b2319edf4062da2f1aba5,2026-09-14T13:39:01,dgr6
https://npp.gov.in/public-reports/cea/daily/dgr/09-05-2018/dgr6-2018-05-09.xls,2018/2018-05-09_dgr6.xls,200,31232,fa0736aa1753e3278b072a288c95dea24d1d8841603bbf758dff09a03fb32c8e,2026-09-14T13:39:01,dgr6
https://npp.gov.in/public-reports/cea/daily/dgr/10-05-2018/dgr6-2018-05-10.xls,2018/2018-05-10_dgr6.xls,200,31232,9601f5439abf39daa28bdbfb979278dcca2ed9e86609236e06efddd92718d0ec,2026-09-14T13:39:01,dgr6
https://npp.gov.in/public-reports/cea/daily/dgr/11-05-2018/dgr6-2018-05-11.xls,2018/2018-05-11_dgr6.xls,200,31232,a9829f6a0097ae9ce04f3a8a8f462234b64e934fd10fdfbdefd5b1664f3fa054,2026-09-14T13:39:02,dgr6
https://npp.gov.in/public-reports/cea/daily/dgr/12-05-2018/dgr6-2018-05-12.xls,2018/2018-05-12_dgr6.xls,200,31232,1b5614842986d1a84fe0d1276c8d3a719d7ab019dd07f3e4d927132111da47ee,2026-09-14T13:39:02,dgr6
https://npp.gov.in/public-reports/cea/daily/dgr/13-05-2018/dgr6-2018-05-13.xls,2018/2018-05-13_dgr6.xls,200,31232,8dbe6b74f9b4531fa28d381a64dd4fe2e5b4392d8b35e59ab1899abcc717a7a2,2026-09-14T13:39:03,dgr6
https://npp.gov.in/public-reports/cea/daily/dgr/14-05-2018/dgr6-2018-05-14.xls,2018/2018-05-14_dgr6.xls,200,31232,7d7a56acfdfe007d8f1444be6fa88c2812016f147bc9cfcbdc54ced395358461,2026-09-14T13:39:03,dgr6
https://npp.gov.in/public-reports/cea/daily/dgr/15-05-2018/dgr6-2018-05-15.xls,2018/2018-05-15_dgr6.xls,200,31232,af4c27dffd3ea9ebc0b56274c952b503af3fed3770a92c1c8925f31dbb9a957b,2026-09-14T13:39:04,dgr6
https://npp.gov.in/public-reports/cea/daily/dgr/16-05-2018/dgr6-2018-05-16.xls,2018/2018-05-16_dgr6.xls,200,31232,81a9fa810effe16ebc34b0d28496ee643ee93c5cfa5bfd4a987c3194471434ba,2026-09-14T13:39:04,dgr6
https://npp.gov.in/public-reports/cea/daily/dgr/17-05-2018/dgr6-2018-05-17.xls,2018/2018-05-17_dgr6.xls,200,31232,9b64f90e4df48bbd36e76457fa6eadb4a9182d1a8ee31909b9968f565a5b5d51,2026-09-14T13:39:05,dgr6
https://npp.gov.in/public-reports/cea/daily/dgr/18-05-2018/dgr6-2018-05-18.xls,2018/2018-05-18_dgr6.xls,200,31232,310c34ce7d71aa50fec075bfff1ad25b02269694572d434e9faff72a55219d49,2026-09-14T13:39:05,dgr6
https://npp.gov.in/public-reports/cea/daily/dgr/19-05-2018/dgr6-2018-05-19.xls,2018/2018-05-19_dgr6.xls,200,31232,d2450678ea9b35e00d17896393661c5ce4dfa0c00fae1d5bba546fb937e4ac3b,2026-09-14T13:39:05,dgr6
https://npp.gov.in/public-reports/cea/daily/dgr/20-05-2018/dgr6-2018-05-20.xls,2018/2018-05-20_dgr6.xls,200,31232,9bacd484534480ebe9a5faca8e0f0d139c1ef7c8f9c2a511de115877a5f0681b,2026-09-14T13:39:06,dgr6
https://npp.gov.in/public-reports/cea/daily/dgr/21-05-2018/dgr6-2018-05-21.xls,2018/2018-05-21_dgr6.xls,200,31232,aa0d1a911caa629be1e462b7766720131722b6e8dd414059d06d039e3c89f60d,2026-09-14T13:39:06,dgr6
https://npp.gov.in/public-reports/cea/daily/dgr/22-05-2018/dgr6-2018-05-22.xls,2018/2018-05-22_dgr6.xls,200,31232,16757b0b70a88e08607657a397f7a3ed85c4244f7f5134322ad71ba4411a200c,2026-09-14T13:39:07,dgr6
https://npp.gov.in/public-reports/cea/daily/dgr/23-05-2018/dgr6-2018-05-23.xls,2018/2018-05-23_dgr6.xls,200,31232,7a6f98a6185bcc61d05680229341988c2215798397f9fb92d3c68b257aa05be6,2026-09-14T13:39:07,dgr6
https://npp.gov.in/public-reports/cea/daily/dgr/24-05-2018/dgr6-2018-05-24.xls,2018/2018-05-24_dgr6.xls,200,31232,b613483051901f287b32f8b384a1c955901ead81d6687f41f31995636f6029f7,2026-09-14T13:39:07,dgr6
https://npp.gov.in/public-reports/cea/daily/dgr/25-05-2018/dgr6-2018-05-25.xls,2018/2018-05-25_dgr6.xls,200,31232,863c0528a9c5bcfbcea720ec1a6a111917a7134f525155397d78a2595f918a69,2026-09-14T13:39:08,dgr6
https://npp.gov.in/public-reports/cea/daily/dgr/26-05-2018/dgr6-2018-05-26.xls,2018/2018-05-26_dgr6.xls,200,31232,362af5e794c15f36f1f4a82a28110213dc91a43aa96d011e55ea738e2518c90a,2026-09-14T13:39:08,dgr6
https://npp.gov.in/public-reports/cea/daily/dgr/27-05-2018/dgr6-2018-05-27.xls,2018/2018-05-27_dgr6.xls,200,31232,035722046c23e99d70a0087da6d62b9e1428d8375e4217a681e766995558c8dd,2026-09-14T13:39:09,dgr6
https://npp.gov.in/public-reports/cea/daily/dgr/28-05-2018/dgr6-2018-05-28.xls,2018/2018-05-28_dgr6.xls,200,31232,befd6ef2816e028c20f9e14812e0a8f73a670a37138355f072b208805ff9b39b,2026-09-14T13:39:09,dgr6
https://npp.gov.in/public-reports/cea/daily/dgr/29-05-2018/dgr6-2018-05-29.xls,2018/2018-05-29_dgr6.xls,200,31232,a5b5ec2218f447b589cc14a8cc1d8f2e6839d39030f99cde65b2ece7a86e442d,2026-09-14T13:39:10,dgr6
https://npp.gov.in/public-reports/cea/daily/dgr/30-05-2018/dgr6-2018-05-30.xls,2018/2018-05-30_dgr6.xls,200,31232,db021a6afd6205f0808dc2ffa87e5ec489492e6065dcdb865d6113e3b0a7bb26,2026-09-14T13:39:10,dgr6
https://npp.gov.in/public-reports/cea/daily/dgr/31-05-2018/dgr6-2018-05-31.xls,2018/2018-05-31_dgr6.xls,200,31232,cdecc8d45aca59240c3fd0fd9daea316cf2642412dbb70c887e810eac2b69dbf,2026-09-14T13:39:11,dgr6
https://npp.gov.in/public-reports/cea/daily/dgr/01-06-2018/dgr6-2018-06-01.xls,2018/2018-06-01_dgr6.xls,200,31232,e72ed582bb0fdf696b95d5ca51b47614b1470b50de54e8f7d92bf18f10d1c1ed,2026-09-14T13:39:11,dgr6
https://npp.gov.in/public-reports/cea/daily/dgr/02-06-2018/dgr6-2018-06-02.xls,2018/2018-06-02_dgr6.xls,200,31232,d99e573d096efcb4c67e53a9977228514fb48f44cf34de82c842ed8d05cd4cd4,2026-09-14T13:39:11,dgr6
https://npp.gov.in/public-reports/cea/daily/dgr/03-06-2018/dgr6-2018-06-03.xls,2018/2018-06-03_dgr6.xls,200,31232,097abdd0794a8247b0a2169fcdca855af646096cf8bfe33f3dfbf1290db10ecd,2026-09-14T13:39:12,dgr6
https://npp.gov.in/public-reports/cea/daily/dgr/04-06-2018/dgr6-2018-06-04.xls,2018/2018-06-04_dgr6.xls,200,31232,ddc3e6458a93fc5fac37048885051d4565e310545bda112c34eebc4d8b60d666,2026-09-14T13:39:12,dgr6
https://npp.gov.in/public-reports/cea/daily/dgr/05-06-2018/dgr6-2018-06-05.xls,2018/2018-06-05_dgr6.xls,200,31232,03c7ed95f538254f784565618d01026ab84ba020f6c9c60b63cf5bee238fa14e,2026-09-14T13:39:13,dgr6
https://npp.gov.in/public-reports/cea/daily/dgr/06-06-2018/dgr6-2018-06-06.xls,2018/2018-06-06_dgr6.xls,200,31232,f1bed35f9dc03175cc9e4ac47201a8c5176fea9bc9b27e6fbd40b030b939ad6c,2026-09-14T13:39:13,dgr6
https://npp.gov.in/public-reports/cea/daily/dgr/07-06-2018/dgr6-2018-06-07.xls,2018/2018-06-07_dgr6.xls,200,31232,7ccc6af4ed71f8d08a2d8022bce52dad8c19556b0ae7d17469ad2b4b4f4fa00c,2026-09-14T13:39:14,dgr6
https://npp.gov.in/public-reports/cea/daily/dgr/08-06-2018/dgr6-2018-06-08.xls,2018/2018-06-08_dgr6.xls,200,31232,0d7986d124b05982ae078ed3572540cc9abf7fed85a2cf6138f84da9c2a57f14,2026-09-14T13:39:15,dgr6
https://npp.gov.in/public-reports/cea/daily/dgr/09-06-2018/dgr6-2018-06-09.xls,2018/2018-06-09_dgr6.xls,200,31232,265203dbf52f26b58a602c3d4cbd94f7e730f2805e9c8e84a5a8fee0ce256fd3,2026-09-14T13:39:16,dgr6
https://npp.gov.in/public-reports/cea/daily/dgr/10-06-2018/dgr6-2018-06-10.xls,2018/2018-06-10_dgr6.xls,200,31232,5694d8f13a891df10b2e0037fc8cb8f9ef512b3f9821c38216202fe631f69160,2026-09-14T13:39:17,dgr6
https://npp.gov.in/public-reports/cea/daily/dgr/11-06-2018/dgr6-2018-06-11.xls,2018/2018-06-11_dgr6.xls,200,31232,cbfb55c44bb13f97c1185ff04ed140fb02e2760666e86b0289901c1b5bb1d984,2026-09-14T13:39:18,dgr6
https://npp.gov.in/public-reports/cea/daily/dgr/12-06-2018/dgr6-2018-06-12.xls,2018/2018-06-12_dgr6.xls,200,4608,17b2c27f377c816fd7dcedb81543aad2d4e00a928c89359cefe8a51d3a1a2938,2026-09-14T13:39:19,dgr6
https://npp.gov.in/public-reports/cea/daily/dgr/13-06-2018/dgr6-2018-06-13.xls,2018/2018-06-13_dgr6.xls,200,31232,ec80700ff6e6bc5db458ef0006e74aacb3c172839381e28eafc7028c2c95b06f,2026-09-14T13:39:20,dgr6
https://npp.gov.in/public-reports/cea/daily/dgr/14-06-2018/dgr6-2018-06-14.xls,2018/2018-06-14_dgr6.xls,200,31232,ab39206fc07c342202cf04435b0d9ea3b8564b99dffa9fe35b68dd10e4d8856a,2026-09-14T13:39:21,dgr6
https://npp.gov.in/public-reports/cea/daily/dgr/15-06-2018/dgr6-2018-06-15.xls,2018/2018-06-15_dgr6.xls,200,31232,e316c3d2b2720cd3c0cf5639098ea2346a49146e48a65fda9708eb5cc6ab96d2,2026-09-14T13:39:22,dgr6
https://npp.gov.in/public-reports/cea/daily/dgr/16-06-2018/dgr6-2018-06-16.xls,2018/2018-06-16_dgr6.xls,200,31232,632808169735fcd56ff674e26f8f670d39fd286eaa22ca9f01604347b2093f57,2026-09-14T13:39:23,dgr6
https://npp.gov.in/public-reports/cea/daily/dgr/17-06-2018/dgr6-2018-06-17.xls,2018/2018-06-17_dgr6.xls,200,31232,a4e7f3f0ab3d8f382735017b21e6d34826a221d30f09587f887ab48083acd909,2026-09-14T13:39:23,dgr6
https://npp.gov.in/public-reports/cea/daily/dgr/18-06-2018/dgr6-2018-06-18.xls,2018/2018-06-18_dgr6.xls,200,31232,9aab16c100302b1be456a1d590de842cbc82d5ba753fff16309925474542ea6c,2026-09-14T13:39:24,dgr6
https://npp.gov.in/public-reports/cea/daily/dgr/19-06-2018/dgr6-2018-06-19.xls,2018/2018-06-19_dgr6.xls,200,31232,92272d3f0141dbead5f14d87dc1777fc7e27fc085f3612a24cbd1ce0df9dce06,2026-09-14T13:39:24,dgr6
https://npp.gov.in/public-reports/cea/daily/dgr/20-06-2018/dgr6-2018-06-20.xls,2018/2018-06-20_dgr6.xls,200,31232,7cb32bad46ab7d9f4257375055f77a66d49d09b44d571003223b8f37121fd39f,2026-09-14T13:39:25,dgr6
https://npp.gov.in/public-reports/cea/daily/dgr/21-06-2018/dgr6-2018-06-21.xls,2018/2018-06-21_dgr6.xls,200,31232,f3c0f4e1c4c5bf776d8df039202a36ff12ee2fa5cf3498c62bfaa14dc4c8e186,2026-09-14T13:39:26,dgr6
https://npp.gov.in/public-reports/cea/daily/dgr/22-06-2018/dgr6-2018-06-22.xls,2018/2018-06-22_dgr6.xls,200,31232,d23f9026304373672971b4543cc313861d3135bea4227ab6522770995ba10afd,2026-09-14T13:39:26,dgr6
https://npp.gov.in/public-reports/cea/daily/dgr/23-06-2018/dgr6-2018-06-23.xls,2018/2018-06-23_dgr6.xls,200,31232,a3fa4caa1e58408507d0f54ab21baafaa0c4e15532798c3e6297094dd6f6fd21,2026-09-14T13:39:27,dgr6
https://npp.gov.in/public-reports/cea/daily/dgr/24-06-2018/dgr6-2018-06-24.xls,2018/2018-06-24_dgr6.xls,200,31232,f495b9d9029ba6a91c8484eb3609e825fc9a6e87a2bc041b04068770d7f076bf,2026-09-14T13:39:28,dgr6
https://npp.gov.in/public-reports/cea/daily/dgr/25-06-2018/dgr6-2018-06-25.xls,2018/2018-06-25_dgr6.xls,200,31232,f4c9658698d4ef8fdea032d07e2833ab9561e70743f1c71232509e741d568c3c,2026-09-14T13:39:29,dgr6
https://npp.gov.in/public-reports/cea/daily/dgr/26-06-2018/dgr6-2018-06-26.xls,2018/2018-06-26_dgr6.xls,200,31232,4b35034485e4dc08b8288009b9ee5b782096df6f9ccffddc77da9359099ade32,2026-09-14T13:39:29,dgr6
https://npp.gov.in/public-reports/cea/daily/dgr/27-06-2018/dgr6-2018-06-27.xls,2018/2018-06-27_dgr6.xls,200,31232,6c16a0aa39e249e8edafac1314451da51bfd1550ae8f21ad61f740597aeb43fc,2026-09-14T13:39:30,dgr6
https://npp.gov.in/public-reports/cea/daily/dgr/28-06-2018/dgr6-2018-06-28.xls,2018/2018-06-28_dgr6.xls,200,31232,fc09aa7745a057e7b13bdb65088a3889324f4047400c1f4c87b426978317b0b0,2026-09-14T13:39:31,dgr6
https://npp.gov.in/public-reports/cea/daily/dgr/29-06-2018/dgr6-2018-06-29.xls,2018/2018-06-29_dgr6.xls,200,31232,1bb45a7af51f901623cb7bd263a6a3fd5447c91b5c0784bb7d84136bbe3abc42,2026-09-14T13:39:32,dgr6
https://npp.gov.in/public-reports/cea/daily/dgr/30-06-2018/dgr6-2018-06-30.xls,2018/2018-06-30_dgr6.xls,200,31232,517c6b2502ec73a84e84d5cee1ebe0cbfb0abf5630b20d99d37f13d47bc95712,2026-09-14T13:39:35,dgr6
https://npp.gov.in/public-reports/cea/daily/dgr/01-07-2018/dgr6-2018-07-01.xls,2018/2018-07-01_dgr6.xls,200,23040,e31830810ce62dabdc493acfb0832bea766d9ea3863715c9261225548c4c72a6,2026-09-14T13:39:35,dgr6
https://npp.gov.in/public-reports/cea/daily/dgr/02-07-2018/dgr6-2018-07-02.xls,2018/2018-07-02_dgr6.xls,200,23040,919aff426ef8e8a84c51c8695d577b7c4a7afe1327f9e7c6c8d28b4a19fb2387,2026-09-14T13:39:36,dgr6
https://npp.gov.in/public-reports/cea/daily/dgr/03-07-2018/dgr6-2018-07-03.xls,2018/2018-07-03_dgr6.xls,200,23040,60ac98e2fd64ee13f559c5ea325a5cc9f4b1706af0118f9cf4904bd12524a5af,2026-09-14T13:39:37,dgr6
https://npp.gov.in/public-reports/cea/daily/dgr/04-07-2018/dgr6-2018-07-04.xls,2018/2018-07-04_dgr6.xls,200,23040,612dd63cefb82bbd0db63437fca063736bac7472360d495fbc05d05f49225879,2026-09-14T13:39:37,dgr6
https://npp.gov.in/public-reports/cea/daily/dgr/05-07-2018/dgr6-2018-07-05.xls,2018/2018-07-05_dgr6.xls,200,23040,6dc7ff8387bc840e3f64a80b65429c11fa0bbb80e9becd28b1a10b5b41a891f9,2026-09-14T13:39:38,dgr6
https://npp.gov.in/public-reports/cea/daily/dgr/06-07-2018/dgr6-2018-07-06.xls,2018/2018-07-06_dgr6.xls,200,23040,28d231af1011ea6e7f0909fb17d07fccc7efa50043057ff598ab2b8e8a7a6db4,2026-09-14T13:39:39,dgr6
https://npp.gov.in/public-reports/cea/daily/dgr/07-07-2018/dgr6-2018-07-07.xls,2018/2018-07-07_dgr6.xls,200,23040,51edd083c4ee58785b22bdd5c03fefb503ef95e9ae6641baf3d3278279e7af5e,2026-09-14T13:39:40,dgr6
https://npp.gov.in/public-reports/cea/daily/dgr/08-07-2018/dgr6-2018-07-08.xls,2018/2018-07-08_dgr6.xls,200,23040,55f6f754dcb0c1969ea9d06c48fc1e2b5309034fab05d4081adb9f4f678f4983,2026-09-14T13:39:40,dgr6
https://npp.gov.in/public-reports/cea/daily/dgr/09-07-2018/dgr6-2018-07-09.xls,2018/2018-07-09_dgr6.xls,200,4608,17b2c27f377c816fd7dcedb81543aad2d4e00a928c89359cefe8a51d3a1a2938,2026-09-14T13:39:41,dgr6
https://npp.gov.in/public-reports/cea/daily/dgr/10-07-2018/dgr6-2018-07-10.xls,2018/2018-07-10_dgr6.xls,200,23040,d16421c77fd9154648676814c399e328a9f4131defc32ae9d4a3f0290de1bf15,2026-09-14T13:39:41,dgr6
https://npp.gov.in/public-reports/cea/daily/dgr/11-07-2018/dgr6-2018-07-11.xls,2018/2018-07-11_dgr6.xls,200,23040,54e8c4332d6926d11056128e31f8158cbfcc2d12077bc4d6b2af5ffc9ec0a143,2026-09-14T13:39:42,dgr6
https://npp.gov.in/public-reports/cea/daily/dgr/12-07-2018/dgr6-2018-07-12.xls,2018/2018-07-12_dgr6.xls,200,23040,9dcd2e8b222143ee0e2ed83c779e5c378b5c3fd9463224acb2ead66583e9a211,2026-09-14T13:39:42,dgr6
https://npp.gov.in/public-reports/cea/daily/dgr/13-07-2018/dgr6-2018-07-13.xls,2018/2018-07-13_dgr6.xls,200,23040,22e608953e2c975b8a741b0e4c4bf7e950acffbcc193ed500eec2c41f038dd96,2026-09-14T13:39:43,dgr6
https://npp.gov.in/public-reports/cea/daily/dgr/14-07-2018/dgr6-2018-07-14.xls,2018/2018-07-14_dgr6.xls,200,23040,6ebb66b89f51d75fe89bbf883b9f55a034ec9f5777750eb1556425305977e2db,2026-09-14T13:39:44,dgr6
https://npp.gov.in/public-reports/cea/daily/dgr/15-07-2018/dgr6-2018-07-15.xls,2018/2018-07-15_dgr6.xls,200,23040,c0ce0af2394a6266f6f45a1df4996bb7f26b1cde3ec8574ed0d914075eb635bb,2026-09-14T13:39:44,dgr6
https://npp.gov.in/public-reports/cea/daily/dgr/16-07-2018/dgr6-2018-07-16.xls,2018/2018-07-16_dgr6.xls,200,23040,a127e0a14c08f58bf9b8668b5cad2e75e406bbda4ecf97226c5832f0bce86b0f,2026-09-14T13:39:45,dgr6
https://npp.gov.in/public-reports/cea/daily/dgr/17-07-2018/dgr6-2018-07-17.xls,2018/2018-07-17_dgr6.xls,200,23040,1503fabdc239f11e14c7a9f0573e1d0fc390c974cd999db88df81e5b55c9c3ee,2026-09-14T13:39:45,dgr6
https://npp.gov.in/public-reports/cea/daily/dgr/18-07-2018/dgr6-2018-07-18.xls,2018/2018-07-18_dgr6.xls,200,23040,1b619f8a8844a334f723f7b41255bb4bcb0eba86588ab8f156c1003f57eba3de,2026-09-14T13:39:45,dgr6
https://npp.gov.in/public-reports/cea/daily/dgr/19-07-2018/dgr6-2018-07-19.xls,2018/2018-07-19_dgr6.xls,200,23040,3c42997d69d494d03c5565cebc3728fdc91264a7d301d87063c044f64536fbee,2026-09-14T13:39:46,dgr6
https://npp.gov.in/public-reports/cea/daily/dgr/20-07-2018/dgr6-2018-07-20.xls,2018/2018-07-20_dgr6.xls,200,23040,dde533f44c671262e25a9114d3bcec3db44b10bf5120ee49892ada66d8a2d987,2026-09-14T13:39:46,dgr6
https://npp.gov.in/public-reports/cea/daily/dgr/21-07-2018/dgr6-2018-07-21.xls,2018/2018-07-21_dgr6.xls,200,23040,36561fd500bae0d169f871a6c6a3359e5afc96a76dfcb62461217c91abfd8634,2026-09-14T13:39:47,dgr6
https://npp.gov.in/public-reports/cea/daily/dgr/22-07-2018/dgr6-2018-07-22.xls,2018/2018-07-22_dgr6.xls,200,4608,17b2c27f377c816fd7dcedb81543aad2d4e00a928c89359cefe8a51d3a1a2938,2026-09-14T13:39:47,dgr6
https://npp.gov.in/public-reports/cea/daily/dgr/23-07-2018/dgr6-2018-07-23.xls,2018/2018-07-23_dgr6.xls,200,23040,2edda0130e569fe3cee37e89efb345af5e91410ccea72715707a97566624dce8,2026-09-14T13:39:48,dgr6
https://npp.gov.in/public-reports/cea/daily/dgr/24-07-2018/dgr6-2018-07-24.xls,2018/2018-07-24_dgr6.xls,200,23040,c90785532fa8292d08eada0fc2b30e83d1c2fd88b077953176f0a60987cab6e8,2026-09-14T13:39:48,dgr6
https://npp.gov.in/public-reports/cea/daily/dgr/25-07-2018/dgr6-2018-07-25.xls,2018/2018-07-25_dgr6.xls,200,23040,df857ed35f8e07142332754d7dd3fac7f9774867d32987917b043c2c18d9c5f6,2026-09-14T13:39:49,dgr6
https://npp.gov.in/public-reports/cea/daily/dgr/26-07-2018/dgr6-2018-07-26.xls,2018/2018-07-26_dgr6.xls,200,23040,b9feec7cc98c28f3a526457af128f5f20f5a146c3ced738ba364e42ce7e722a5,2026-09-14T13:39:49,dgr6
https://npp.gov.in/public-reports/cea/daily/dgr/27-07-2018/dgr6-2018-07-27.xls,2018/2018-07-27_dgr6.xls,200,23040,507131e2b6e5d4e65b63c98ee0b51c81c644dcc65a261cb185a8228996674ae3,2026-09-14T13:39:50,dgr6
https://npp.gov.in/public-reports/cea/daily/dgr/28-07-2018/dgr6-2018-07-28.xls,2018/2018-07-28_dgr6.xls,200,4608,17b2c27f377c816fd7dcedb81543aad2d4e00a928c89359cefe8a51d3a1a2938,2026-09-14T13:39:51,dgr6
https://npp.gov.in/public-reports/cea/daily/dgr/29-07-2018/dgr6-2018-07-29.xls,2018/2018-07-29_dgr6.xls,200,23040,a91814c09c9fd5067f4bc01d7156694e80fea7e65defef415cbade601dafa7ce,2026-09-14T13:39:51,dgr6
https://npp.gov.in/public-reports/cea/daily/dgr/30-07-2018/dgr6-2018-07-30.xls,2018/2018-07-30_dgr6.xls,200,23040,1083c5c26c427b119a560bce3f8af52618d053c1f1022e36290ac0223d2f84a6,2026-09-14T13:39:52,dgr6
https://npp.gov.in/public-reports/cea/daily/dgr/31-07-2018/dgr6-2018-07-31.xls,2018/2018-07-31_dgr6.xls,200,23040,0ff831a59b8669598caf264c2ed6c9669f389fc47ee1b42e539a4294e61b62fe,2026-09-14T13:39:52,dgr6
https://npp.gov.in/public-reports/cea/daily/dgr/01-08-2018/dgr6-2018-08-01.xls,2018/2018-08-01_dgr6.xls,200,23040,11ef262d3e6087c6d7bb46280aa7ede3d4bef900980c949a0812dd7f84ce40f1,2026-09-14T13:39:53,dgr6
https://npp.gov.in/public-reports/cea/daily/dgr/02-08-2018/dgr6-2018-08-02.xls,2018/2018-08-02_dgr6.xls,200,23040,930de13c01ac5067125e7715b7bf06cb3f30e62cce37050357b400ac33c5eb12,2026-09-14T13:39:53,dgr6
https://npp.gov.in/public-reports/cea/daily/dgr/03-08-2018/dgr6-2018-08-03.xls,2018/2018-08-03_dgr6.xls,200,23040,099466e667ac2f276f352489bc54d73b5edf04dcb73119526438d3a0d3e19c0c,2026-09-14T13:39:54,dgr6
https://npp.gov.in/public-reports/cea/daily/dgr/04-08-2018/dgr6-2018-08-04.xls,2018/2018-08-04_dgr6.xls,200,23040,3b4ad78668da9923b693c2f4c2a94ec0021648da691dd4097868608f75bc6e90,2026-09-14T13:39:54,dgr6
https://npp.gov.in/public-reports/cea/daily/dgr/05-08-2018/dgr6-2018-08-05.xls,2018/2018-08-05_dgr6.xls,200,23040,a1ca1537842e3cd518e73adae12f30abe0be10edb009079d79ed67aedc817bdd,2026-09-14T13:39:55,dgr6
https://npp.gov.in/public-reports/cea/daily/dgr/06-08-2018/dgr6-2018-08-06.xls,2018/2018-08-06_dgr6.xls,200,23040,855c12c3a243e75333c78aa2aa18878d0a193520be3a10c747be1941b2e511de,2026-09-14T13:39:55,dgr6
https://npp.gov.in/public-reports/cea/daily/dgr/07-08-2018/dgr6-2018-08-07.xls,2018/2018-08-07_dgr6.xls,200,23040,36188bfe7661b34dd107552b683621da1f2ece95d8fc243c4d80367e34067fb2,2026-09-14T13:39:56,dgr6
https://npp.gov.in/public-reports/cea/daily/dgr/08-08-2018/dgr6-2018-08-08.xls,2018/2018-08-08_dgr6.xls,200,23040,c7462481c589c8029730da543e257cfc4f9d93a10298595ae42ca26603e1b4ca,2026-09-14T13:39:56,dgr6
https://npp.gov.in/public-reports/cea/daily/dgr/09-08-2018/dgr6-2018-08-09.xls,2018/2018-08-09_dgr6.xls,200,23040,f65a97780b737bb81dfb6b627a3d3d1dce4802b48a4330f03f0968cd82ca8e3e,2026-09-14T13:39:57,dgr6
https://npp.gov.in/public-reports/cea/daily/dgr/10-08-2018/dgr6-2018-08-10.xls,2018/2018-08-10_dgr6.xls,200,23040,61f7dbce67ff9fe06cd37b856e00ecae2d9f716381317fdeb4f510868a623dbc,2026-09-14T13:39:58,dgr6
https://npp.gov.in/public-reports/cea/daily/dgr/11-08-2018/dgr6-2018-08-11.xls,2018/2018-08-11_dgr6.xls,200,23040,f129ace0a4bbfd404b1867e2acbfa98a52219bb57e66e5d059fb4b242a78be83,2026-09-14T13:39:58,dgr6
https://npp.gov.in/public-reports/cea/daily/dgr/12-08-2018/dgr6-2018-08-12.xls,2018/2018-08-12_dgr6.xls,200,23040,9984bc19aefeac2f8fc3eda99b66d5ec07fe111f162fc3a123f04ba8328d957b,2026-09-14T13:39:58,dgr6
https://npp.gov.in/public-reports/cea/daily/dgr/13-08-2018/dgr6-2018-08-13.xls,2018/2018-08-13_dgr6.xls,200,23040,8c109248529fd6545960905b9ba496b698d162bed08b9119165a5b81d2f9333c,2026-09-14T13:39:59,dgr6
https://npp.gov.in/public-reports/cea/daily/dgr/14-08-2018/dgr6-2018-08-14.xls,2018/2018-08-14_dgr6.xls,200,23040,51aa5251fbba15b63a539c1e15bd28b10cf1d267543a62e52bc776ed23b5547b,2026-09-14T13:40:00,dgr6
https://npp.gov.in/public-reports/cea/daily/dgr/15-08-2018/dgr6-2018-08-15.xls,2018/2018-08-15_dgr6.xls,200,23040,914d47b200e147a3ccd18d0501b45e7c6894acc07272071dcbc2af21c2680291,2026-09-14T13:40:00,dgr6
https://npp.gov.in/public-reports/cea/daily/dgr/16-08-2018/dgr6-2018-08-16.xls,2018/2018-08-16_dgr6.xls,200,23040,5a974171fe31101a78c94b4ba98a93fa6d19c1e250c4afd8c82cc9831ee4d2a2,2026-09-14T13:40:01,dgr6
https://npp.gov.in/public-reports/cea/daily/dgr/17-08-2018/dgr6-2018-08-17.xls,2018/2018-08-17_dgr6.xls,200,23040,0bed9dd17d01379b4a8feb9b40f0b7a3a11a212a91d0b94c624f180b1bef3e16,2026-09-14T13:40:01,dgr6
https://npp.gov.in/public-reports/cea/daily/dgr/18-08-2018/dgr6-2018-08-18.xls,2018/2018-08-18_dgr6.xls,200,23040,f62bf38bb35cf0bef3dff40a70c51b244a36de044587a647c556ff3d1f6c98b6,2026-09-14T13:40:02,dgr6
https://npp.gov.in/public-reports/cea/daily/dgr/19-08-2018/dgr6-2018-08-19.xls,2018/2018-08-19_dgr6.xls,200,23040,4988a7f46dd3e19e9b964bd0fefb28526139168e6c5a286a90cf50ac7cbb0b9c,2026-09-14T13:40:02,dgr6
https://npp.gov.in/public-reports/cea/daily/dgr/20-08-2018/dgr6-2018-08-20.xls,2018/2018-08-20_dgr6.xls,200,23040,7fac72b0043e83198863a9d3e9672e95aa6a2aac876bfd668d6161aedb74d065,2026-09-14T13:40:03,dgr6
https://npp.gov.in/public-reports/cea/daily/dgr/21-08-2018/dgr6-2018-08-21.xls,2018/2018-08-21_dgr6.xls,200,23040,1bcd37c87e4316dbecfd8f2291725397c915af5828e04b25350f24ae58433598,2026-09-14T13:40:03,dgr6
https://npp.gov.in/public-reports/cea/daily/dgr/22-08-2018/dgr6-2018-08-22.xls,2018/2018-08-22_dgr6.xls,200,23040,35b2ec554c6cc3096bcf3b3e49c8aabebce35ad04abc104c159977e985e6b4a6,2026-09-14T13:40:04,dgr6
https://npp.gov.in/public-reports/cea/daily/dgr/23-08-2018/dgr6-2018-08-23.xls,2018/2018-08-23_dgr6.xls,200,23040,9d905d96662b5213d317a2aa0e323646eda5a1c818b2d56af4b3dda004e3c6bb,2026-09-14T13:40:04,dgr6
https://npp.gov.in/public-reports/cea/daily/dgr/24-08-2018/dgr6-2018-08-24.xls,2018/2018-08-24_dgr6.xls,200,23040,d7ade09a6df73c1a626b0fb517b77d1427951ed2b805597ea93895b9219f350f,2026-09-14T13:40:05,dgr6
https://npp.gov.in/public-reports/cea/daily/dgr/25-08-2018/dgr6-2018-08-25.xls,2018/2018-08-25_dgr6.xls,200,23040,eb7ea91aa08842c1d9c8e46712e8d20a7195381012ddddcf94cdf547fcde3afa,2026-09-14T13:40:05,dgr6
https://npp.gov.in/public-reports/cea/daily/dgr/26-08-2018/dgr6-2018-08-26.xls,2018/2018-08-26_dgr6.xls,200,22528,72b9c9e42ef58c6ec3d8b33af5900a9c492ae8e9c908181c9bac54e5ebed1c70,2026-09-14T13:40:06,dgr6
https://npp.gov.in/public-reports/cea/daily/dgr/27-08-2018/dgr6-2018-08-27.xls,2018/2018-08-27_dgr6.xls,200,23040,1ed4348e0b667d4b2d082f3325e92c7eac9002a37c8294db9b3cb0e4de4b835e,2026-09-14T13:40:06,dgr6
https://npp.gov.in/public-reports/cea/daily/dgr/28-08-2018/dgr6-2018-08-28.xls,2018/2018-08-28_dgr6.xls,200,23040,ab4276919f39b5a509b042c1741d16e203fa3c7bfb03bdec0512b2f9198c3f1c,2026-09-14T13:40:06,dgr6
https://npp.gov.in/public-reports/cea/daily/dgr/29-08-2018/dgr6-2018-08-29.xls,2018/2018-08-29_dgr6.xls,200,23040,04b5814942d680ff2bda0ad973213e6648e0e2381e941c1199afa3f7dfc93f4e,2026-09-14T13:40:07,dgr6
https://npp.gov.in/public-reports/cea/daily/dgr/30-08-2018/dgr6-2018-08-30.xls,2018/2018-08-30_dgr6.xls,200,23040,ccb17b2d7cbf3a975b12789691633e53d1f9d353b5091e1c237b9621b15ca25f,2026-09-14T13:40:07,dgr6
https://npp.gov.in/public-reports/cea/daily/dgr/31-08-2018/dgr6-2018-08-31.xls,2018/2018-08-31_dgr6.xls,200,23040,c072aa68bb18c3bdedba374ab36a333ce1dc78f7fdea51b8b3048fe97be3fcdc,2026-09-14T13:40:08,dgr6
https://npp.gov.in/public-reports/cea/daily/dgr/01-09-2018/dgr6-2018-09-01.xls,2018/2018-09-01_dgr6.xls,200,23040,e6a00af8449ad0a5279bc161f77562835593e1d8db2cf6b794bcdd666e656ecd,2026-09-14T13:40:08,dgr6
https://npp.gov.in/public-reports/cea/daily/dgr/02-09-2018/dgr6-2018-09-02.xls,2018/2018-09-02_dgr6.xls,200,22528,b31e8a8e9b52423d0e56ca8d3cba0312f7cb514511a3eaff7e2beb901bcd7ec7,2026-09-14T13:40:09,dgr6
https://npp.gov.in/public-reports/cea/daily/dgr/03-09-2018/dgr6-2018-09-03.xls,2018/2018-09-03_dgr6.xls,200,23040,896edb809ada09784c277dcca162bf2a06eec022be22a48fdb08911fc773e4bb,2026-09-14T13:40:09,dgr6
https://npp.gov.in/public-reports/cea/daily/dgr/04-09-2018/dgr6-2018-09-04.xls,2018/2018-09-04_dgr6.xls,200,22528,f3176fba31ce441b0a05baf193d26ad6766126a422221686d524a57eb8d0b573,2026-09-14T13:40:10,dgr6
https://npp.gov.in/public-reports/cea/daily/dgr/05-09-2018/dgr6-2018-09-05.xls,2018/2018-09-05_dgr6.xls,200,23040,44dd22353cfe44043bde505c2442ed4949b1af29546f3bd962f0fef5f2d1fb1f,2026-09-14T13:40:10,dgr6
https://npp.gov.in/public-reports/cea/daily/dgr/06-09-2018/dgr6-2018-09-06.xls,2018/2018-09-06_dgr6.xls,200,4608,17b2c27f377c816fd7dcedb81543aad2d4e00a928c89359cefe8a51d3a1a2938,2026-09-14T13:40:10,dgr6
https://npp.gov.in/public-reports/cea/daily/dgr/07-09-2018/dgr6-2018-09-07.xls,2018/2018-09-07_dgr6.xls,200,4608,17b2c27f377c816fd7dcedb81543aad2d4e00a928c89359cefe8a51d3a1a2938,2026-09-14T13:40:11,dgr6
https://npp.gov.in/public-reports/cea/daily/dgr/08-09-2018/dgr6-2018-09-08.xls,2018/2018-09-08_dgr6.xls,200,22528,f50400f51903e9daed264d6c210c582ffb1dfbcd12b9b932ab5cacb9ac96553b,2026-09-14T13:40:11,dgr6
https://npp.gov.in/public-reports/cea/daily/dgr/09-09-2018/dgr6-2018-09-09.xls,2018/2018-09-09_dgr6.xls,200,22528,c7e1ce54d58ef75411aae3f43a10d34d0776a06b28e0a020668f99d698731748,2026-09-14T13:40:12,dgr6
https://npp.gov.in/public-reports/cea/daily/dgr/10-09-2018/dgr6-2018-09-10.xls,2018/2018-09-10_dgr6.xls,200,22528,98e1d773914faf93669f90ad100799476fb6733edfd07a7f964002ea6e90ff6a,2026-09-14T13:40:12,dgr6
https://npp.gov.in/public-reports/cea/daily/dgr/11-09-2018/dgr6-2018-09-11.xls,2018/2018-09-11_dgr6.xls,200,22528,a01e9a26f2b5e434c3f7c8109e0b72992276a4960a2e9de74d721d951ab8ce98,2026-09-14T13:40:13,dgr6
https://npp.gov.in/public-reports/cea/daily/dgr/12-09-2018/dgr6-2018-09-12.xls,2018/2018-09-12_dgr6.xls,200,22528,57d6f6ac5decd3e72426ba24f132c8d6f529ab8f496f5bf605ab91bac738e8fa,2026-09-14T13:40:13,dgr6
https://npp.gov.in/public-reports/cea/daily/dgr/13-09-2018/dgr6-2018-09-13.xls,2018/2018-09-13_dgr6.xls,200,22528,f7d5f70fbfe35c3ce93a8f081ddc58b32c17b44fb81565cabaa2d41d62211776,2026-09-14T13:40:14,dgr6
https://npp.gov.in/public-reports/cea/daily/dgr/14-09-2018/dgr6-2018-09-14.xls,2018/2018-09-14_dgr6.xls,200,22528,ab1364910017ab8e6e86357b7893e9ec5dfbe3a4fc3de81562d4b19f2d9a5d77,2026-09-14T13:40:14,dgr6
https://npp.gov.in/public-reports/cea/daily/dgr/15-09-2018/dgr6-2018-09-15.xls,2018/2018-09-15_dgr6.xls,200,22528,33ab884d268c0c3293fd78bce784d5f6e8bc22bd7ad4db5c01f29e817139e05a,2026-09-14T13:40:14,dgr6
https://npp.gov.in/public-reports/cea/daily/dgr/16-09-2018/dgr6-2018-09-16.xls,2018/2018-09-16_dgr6.xls,200,22528,7cee6596eb58435e26b570bbf9bbfca77a56ab4178e3bb2ba813d7ae65887a6c,2026-09-14T13:40:15,dgr6
https://npp.gov.in/public-reports/cea/daily/dgr/17-09-2018/dgr6-2018-09-17.xls,2018/2018-09-17_dgr6.xls,200,22528,a0510b60c6bdcc63bba9fbd8f17940d8e6fd44c389277be8b0aacbab59c2da27,2026-09-14T13:40:15,dgr6
https://npp.gov.in/public-reports/cea/daily/dgr/18-09-2018/dgr6-2018-09-18.xls,2018/2018-09-18_dgr6.xls,200,22528,fe2b705c660a33a4a5f39b9befab2b322ff27186080e6b7ebda7478ee4168973,2026-09-14T13:40:16,dgr6
https://npp.gov.in/public-reports/cea/daily/dgr/19-09-2018/dgr6-2018-09-19.xls,2018/2018-09-19_dgr6.xls,200,22528,51fbdc5a4e1b14dd1716a648c1845b05c01fd289bba72877925f397b28b22511,2026-09-14T13:40:16,dgr6
https://npp.gov.in/public-reports/cea/daily/dgr/20-09-2018/dgr6-2018-09-20.xls,2018/2018-09-20_dgr6.xls,200,22528,3a6cdc1528af1c1528a368ff9cb98a35582b3fce894d3ca880d3139fbc33e3ec,2026-09-14T13:40:17,dgr6
https://npp.gov.in/public-reports/cea/daily/dgr/21-09-2018/dgr6-2018-09-21.xls,2018/2018-09-21_dgr6.xls,200,22528,da5e9882e56d36dd3ad925db5efbd3ac7f00b11950c7940dab1b5982b01a7939,2026-09-14T13:40:17,dgr6
https://npp.gov.in/public-reports/cea/daily/dgr/22-09-2018/dgr6-2018-09-22.xls,2018/2018-09-22_dgr6.xls,200,22528,abd9f37b449af1bdbc9319f9e60aa4f065d13b34726452fddae2f579fe2aab0a,2026-09-14T13:40:17,dgr6
https://npp.gov.in/public-reports/cea/daily/dgr/23-09-2018/dgr6-2018-09-23.xls,2018/2018-09-23_dgr6.xls,200,22528,847c99fb99aabcf5a33858fa00f87e24aaf67290818492207a7b19439d54c5b3,2026-09-14T13:40:18,dgr6
https://npp.gov.in/public-reports/cea/daily/dgr/24-09-2018/dgr6-2018-09-24.xls,2018/2018-09-24_dgr6.xls,200,22528,b39eafd593a028606d30b37aa4c425a4ac557adceaed0ddf0651131b251390e8,2026-09-14T13:40:18,dgr6
https://npp.gov.in/public-reports/cea/daily/dgr/25-09-2018/dgr6-2018-09-25.xls,2018/2018-09-25_dgr6.xls,200,22528,4b34a9697c116abb9ef1ad0ad05cad52f201bf6eaf8ad33c71b81cdea841a6e4,2026-09-14T13:40:19,dgr6
https://npp.gov.in/public-reports/cea/daily/dgr/26-09-2018/dgr6-2018-09-26.xls,2018/2018-09-26_dgr6.xls,200,22528,459a0f850aa2267026017044d39806cfff9992f31594eea8cebca48e5e4fb1cb,2026-09-14T13:40:19,dgr6
https://npp.gov.in/public-reports/cea/daily/dgr/27-09-2018/dgr6-2018-09-27.xls,2018/2018-09-27_dgr6.xls,200,22528,73604eeb67b0c763c65c4d0fc8f7cc5c3c5e5b7f99f9be6048d690756f0c4ed9,2026-09-14T13:40:20,dgr6
https://npp.gov.in/public-reports/cea/daily/dgr/28-09-2018/dgr6-2018-09-28.xls,2018/2018-09-28_dgr6.xls,200,22528,c5fc09eee7cd55c0a1b7a0753fed9fe56c81e20f3910a0aeb00b58d29e3eedea,2026-09-14T13:40:20,dgr6
https://npp.gov.in/public-reports/cea/daily/dgr/29-09-2018/dgr6-2018-09-29.xls,2018/2018-09-29_dgr6.xls,200,22528,e42688ccb8111e0f7d7098ff0d31a6aeb7d523ce368f616c36d5176f6db28de9,2026-09-14T13:40:20,dgr6
https://npp.gov.in/public-reports/cea/daily/dgr/30-09-2018/dgr6-2018-09-30.xls,2018/2018-09-30_dgr6.xls,200,22528,24903e8f4ba5dd12b6571edd3842dc052d958079038ff27e36fc4368d7a8f6c9,2026-09-14T13:40:21,dgr6
https://npp.gov.in/public-reports/cea/daily/dgr/01-10-2018/dgr6-2018-10-01.xls,2018/2018-10-01_dgr6.xls,200,22528,fc36fe1c1859cb1e04a7bc8d35f35406d4d315f29bd44d9c6c590c1d42c04e93,2026-09-14T13:40:21,dgr6
https://npp.gov.in/public-reports/cea/daily/dgr/02-10-2018/dgr6-2018-10-02.xls,2018/2018-10-02_dgr6.xls,200,22528,2bb91b64a74a25051ce44713b6b06b5a86206e44e57a685a9017be6fba3d5744,2026-09-14T13:40:22,dgr6
https://npp.gov.in/public-reports/cea/daily/dgr/03-10-2018/dgr6-2018-10-03.xls,2018/2018-10-03_dgr6.xls,200,22528,46a917bd771d440cb6b7317a2bb641d430d44bce6c07396569686f66c16230a1,2026-09-14T13:40:22,dgr6
https://npp.gov.in/public-reports/cea/daily/dgr/04-10-2018/dgr6-2018-10-04.xls,2018/2018-10-04_dgr6.xls,200,22528,2a14ded506abc3d60cfb704f43d8ba3aae32388bac1a6e81ca3c44a88e7ad5b4,2026-09-14T13:40:23,dgr6
https://npp.gov.in/public-reports/cea/daily/dgr/05-10-2018/dgr6-2018-10-05.xls,2018/2018-10-05_dgr6.xls,200,22528,54ae57a6292e9ca106a348803935e78d0c3f65b1022001a30fdabb1a7e3695e3,2026-09-14T13:40:23,dgr6
https://npp.gov.in/public-reports/cea/daily/dgr/06-10-2018/dgr6-2018-10-06.xls,2018/2018-10-06_dgr6.xls,200,22528,4327541461af94745afe94c68f25b465efd02868d8f1d2b7190f4054e3fffd77,2026-09-14T13:40:24,dgr6
https://npp.gov.in/public-reports/cea/daily/dgr/07-10-2018/dgr6-2018-10-07.xls,2018/2018-10-07_dgr6.xls,200,22528,3bc9a285af55da217a45cebd8c7d0046abc17142266fa4300014bf1e09c8e493,2026-09-14T13:40:24,dgr6
https://npp.gov.in/public-reports/cea/daily/dgr/08-10-2018/dgr6-2018-10-08.xls,2018/2018-10-08_dgr6.xls,200,22528,7574eb31a9f9af2d189eac60a872569243144e725129b656336d4ce027251a82,2026-09-14T13:40:26,dgr6
https://npp.gov.in/public-reports/cea/daily/dgr/09-10-2018/dgr6-2018-10-09.xls,2018/2018-10-09_dgr6.xls,200,22528,c6d8207b165165b7945dc958d27c6607406956b28977300c96ebaa80e20a4fd9,2026-09-14T13:40:26,dgr6
https://npp.gov.in/public-reports/cea/daily/dgr/10-10-2018/dgr6-2018-10-10.xls,2018/2018-10-10_dgr6.xls,200,22528,2f55b8d99f3c7ed9b36eba0f0c2e1cbd1ec5b91f919f6badc893f3224a71102e,2026-09-14T13:40:27,dgr6
https://npp.gov.in/public-reports/cea/daily/dgr/11-10-2018/dgr6-2018-10-11.xls,2018/2018-10-11_dgr6.xls,200,22528,c4c7655221986132ce43e0e83008f11ac06e62d5fbc9bf576da61b8222dbff92,2026-09-14T13:40:27,dgr6
https://npp.gov.in/public-reports/cea/daily/dgr/12-10-2018/dgr6-2018-10-12.xls,2018/2018-10-12_dgr6.xls,200,22528,b519aad6e912acac4ee7ed2a4d19123579b8a578c9dd3bf5a9b2b6b2cf038561,2026-09-14T13:40:27,dgr6
https://npp.gov.in/public-reports/cea/daily/dgr/13-10-2018/dgr6-2018-10-13.xls,2018/2018-10-13_dgr6.xls,200,22528,eb24512d3c6fb9ee62f4afa57e87a6e7296f5ae7d6fb81707a44f308b52f7386,2026-09-14T13:40:28,dgr6
https://npp.gov.in/public-reports/cea/daily/dgr/14-10-2018/dgr6-2018-10-14.xls,2018/2018-10-14_dgr6.xls,200,22528,76c7eb04efc18ef09082ce3d961e74fcb03d48d32f041d917739840b3f382cc5,2026-09-14T13:40:28,dgr6
https://npp.gov.in/public-reports/cea/daily/dgr/15-10-2018/dgr6-2018-10-15.xls,2018/2018-10-15_dgr6.xls,200,22528,614749ebef041d856acf39d13a31ba335a8b02200d269d0299d78c1bcc1f7102,2026-09-14T13:40:28,dgr6
https://npp.gov.in/public-reports/cea/daily/dgr/16-10-2018/dgr6-2018-10-16.xls,2018/2018-10-16_dgr6.xls,200,22528,f5bc39b8b9ca1377dd1921c5415cdb5a2ca0306de9da57eeebea0121283bab71,2026-09-14T13:40:29,dgr6
https://npp.gov.in/public-reports/cea/daily/dgr/17-10-2018/dgr6-2018-10-17.xls,2018/2018-10-17_dgr6.xls,200,22528,ec71204708a0118dfe5da00984902a92a31739ea86753ce487b726f1037e0d3a,2026-09-14T13:40:29,dgr6
https://npp.gov.in/public-reports/cea/daily/dgr/18-10-2018/dgr6-2018-10-18.xls,2018/2018-10-18_dgr6.xls,200,22528,5a641a3bc8ea2b03f532b95785a346de85066c512665727a75601ae62ed8f56c,2026-09-14T13:40:30,dgr6
https://npp.gov.in/public-reports/cea/daily/dgr/19-10-2018/dgr6-2018-10-19.xls,2018/2018-10-19_dgr6.xls,200,22528,79affa7de98597c8b0755b54740d460cd66dfa93bfc2ab74545d5c3c149e12ee,2026-09-14T13:40:30,dgr6
https://npp.gov.in/public-reports/cea/daily/dgr/20-10-2018/dgr6-2018-10-20.xls,2018/2018-10-20_dgr6.xls,200,22528,1b90bc1b781017e075fcfa333f7d4bf7d67b2921b3a1477234e8ace171f22ace,2026-09-14T13:40:30,dgr6
https://npp.gov.in/public-reports/cea/daily/dgr/21-10-2018/dgr6-2018-10-21.xls,2018/2018-10-21_dgr6.xls,200,22528,0de70933afa7f5af083e78c9818d8bc061a557398d85e146dab44970f5d27bba,2026-09-14T13:40:31,dgr6
https://npp.gov.in/public-reports/cea/daily/dgr/22-10-2018/dgr6-2018-10-22.xls,2018/2018-10-22_dgr6.xls,200,22528,da42e8b0ca5f2a0145c90f7de4bc3a9c54055e96a35cfd660384b7aaef4f548a,2026-09-14T13:40:31,dgr6
https://npp.gov.in/public-reports/cea/daily/dgr/23-10-2018/dgr6-2018-10-23.xls,2018/2018-10-23_dgr6.xls,200,4608,17b2c27f377c816fd7dcedb81543aad2d4e00a928c89359cefe8a51d3a1a2938,2026-09-14T13:40:31,dgr6
https://npp.gov.in/public-reports/cea/daily/dgr/24-10-2018/dgr6-2018-10-24.xls,2018/2018-10-24_dgr6.xls,200,22528,f48ad4870a411e918ce685703f1fa7c4d388600b5c409259c4d8bed71da09ba8,2026-09-14T13:40:32,dgr6
https://npp.gov.in/public-reports/cea/daily/dgr/25-10-2018/dgr6-2018-10-25.xls,2018/2018-10-25_dgr6.xls,200,22528,acbb87e60fdcc8381b558b71968436ddf556a5380e1c7a7c94b13b8148601a7d,2026-09-14T13:40:32,dgr6
https://npp.gov.in/public-reports/cea/daily/dgr/26-10-2018/dgr6-2018-10-26.xls,2018/2018-10-26_dgr6.xls,200,22528,4a05d2ab208b40c366afce5c523fc82e4df6ac78654829c282d5d3e8765dbb29,2026-09-14T13:40:33,dgr6
https://npp.gov.in/public-reports/cea/daily/dgr/27-10-2018/dgr6-2018-10-27.xls,2018/2018-10-27_dgr6.xls,200,22528,d3b6824fd2c6d7a16febab73081667870c48c464f6be09e032d366c73622df2e,2026-09-14T13:40:33,dgr6
https://npp.gov.in/public-reports/cea/daily/dgr/28-10-2018/dgr6-2018-10-28.xls,2018/2018-10-28_dgr6.xls,200,22528,80ece22cb04b7d6d3151d2d76fc3df6fd8fd4ab5fb38f6470079ab825b1d15d4,2026-09-14T13:40:33,dgr6
https://npp.gov.in/public-reports/cea/daily/dgr/29-10-2018/dgr6-2018-10-29.xls,2018/2018-10-29_dgr6.xls,200,22528,e08ceb66a4259f7e2ffe77bced73714678773faedec1b5ec04143aa6edfd7990,2026-09-14T13:40:34,dgr6
https://npp.gov.in/public-reports/cea/daily/dgr/30-10-2018/dgr6-2018-10-30.xls,2018/2018-10-30_dgr6.xls,200,22528,28eef56166bd51dc13d147c9dad77ad738c3c7b04d82c219e87d12c6f6f384fc,2026-09-14T13:40:34,dgr6
https://npp.gov.in/public-reports/cea/daily/dgr/31-10-2018/dgr6-2018-10-31.xls,2018/2018-10-31_dgr6.xls,200,22528,cfbfc4181f9b4eda3203e58d9fa383e259653a6ade5aff16e8b0eb5160a72b5f,2026-09-14T13:40:34,dgr6
https://npp.gov.in/public-reports/cea/daily/dgr/01-11-2018/dgr6-2018-11-01.xls,2018/2018-11-01_dgr6.xls,200,22528,b0547f58af325e430ce5c64dffecafbe5d0f38e122214cbfdc8fe2341ec38631,2026-09-14T13:40:35,dgr6
https://npp.gov.in/public-reports/cea/daily/dgr/02-11-2018/dgr6-2018-11-02.xls,2018/2018-11-02_dgr6.xls,200,22528,6212e7a5ff45c00a3a8ca2a0855a9076165f4233f364a0977cbe3eb50325bca3,2026-09-14T13:40:35,dgr6
https://npp.gov.in/public-reports/cea/daily/dgr/03-11-2018/dgr6-2018-11-03.xls,2018/2018-11-03_dgr6.xls,200,22528,44343627fefb0b3330a633fa424ab9ee4d82478819555d9ce3ce8fc0fec9582b,2026-09-14T13:40:36,dgr6
https://npp.gov.in/public-reports/cea/daily/dgr/04-11-2018/dgr6-2018-11-04.xls,2018/2018-11-04_dgr6.xls,200,22528,2bb06ff54461a372fdc791c8aa0fa9bb70622caedc46560933779daf720a7adf,2026-09-14T13:40:36,dgr6
https://npp.gov.in/public-reports/cea/daily/dgr/05-11-2018/dgr6-2018-11-05.xls,2018/2018-11-05_dgr6.xls,200,22528,c5ecf5783f835f789893ae098bc8ea0d9f4081135776759455a6590a0f619735,2026-09-14T13:40:36,dgr6
https://npp.gov.in/public-reports/cea/daily/dgr/06-11-2018/dgr6-2018-11-06.xls,2018/2018-11-06_dgr6.xls,200,22528,42de606dc580fa2ab4d34497e53aac1da758d207d666afdfa9567ce0c599ee1b,2026-09-14T13:40:37,dgr6
https://npp.gov.in/public-reports/cea/daily/dgr/07-11-2018/dgr6-2018-11-07.xls,2018/2018-11-07_dgr6.xls,200,22528,433dacda08d7aa9195d4da74a9f09fa17cf41781b39e9004686daefd1ef12aec,2026-09-14T13:40:37,dgr6
https://npp.gov.in/public-reports/cea/daily/dgr/08-11-2018/dgr6-2018-11-08.xls,2018/2018-11-08_dgr6.xls,200,22528,92a070fee35123e3997ebdd57fa586c05e42d28d01f43812e75658ac821571cf,2026-09-14T13:40:37,dgr6
https://npp.gov.in/public-reports/cea/daily/dgr/09-11-2018/dgr6-2018-11-09.xls,2018/2018-11-09_dgr6.xls,200,22528,2222e4069ca10a3cbb011316466b00ac1bdc076cb09e3d29dd78dfe1ec1fdb51,2026-09-14T13:40:38,dgr6
https://npp.gov.in/public-reports/cea/daily/dgr/10-11-2018/dgr6-2018-11-10.xls,2018/2018-11-10_dgr6.xls,200,22528,7412f8ac8f2549d63efcccd298097d7fa3afc170f631c8de3989fc8f20f8b1da,2026-09-14T13:40:38,dgr6
https://npp.gov.in/public-reports/cea/daily/dgr/11-11-2018/dgr6-2018-11-11.xls,2018/2018-11-11_dgr6.xls,200,22528,aec4a40404bdbc36209b85f340e27413f90e3430955a723142fdfcb427102e07,2026-09-14T13:40:38,dgr6
https://npp.gov.in/public-reports/cea/daily/dgr/12-11-2018/dgr6-2018-11-12.xls,2018/2018-11-12_dgr6.xls,200,22528,6484ebea4aa60220287a79e7c8d8dc69d8fea4a811206f4a9517f1d471866e66,2026-09-14T13:40:39,dgr6
https://npp.gov.in/public-reports/cea/daily/dgr/13-11-2018/dgr6-2018-11-13.xls,2018/2018-11-13_dgr6.xls,200,22528,7e0e3fe5d731d5c5ff8814b1e579d4b11441725ddac6db184a0e0298a1e36785,2026-09-14T13:40:39,dgr6
https://npp.gov.in/public-reports/cea/daily/dgr/14-11-2018/dgr6-2018-11-14.xls,2018/2018-11-14_dgr6.xls,200,22528,51c216fd9be09bbf821006a4f0b80ffa8286cf9cbe4944d1e4c37503aad24d7a,2026-09-14T13:40:40,dgr6
https://npp.gov.in/public-reports/cea/daily/dgr/15-11-2018/dgr6-2018-11-15.xls,2018/2018-11-15_dgr6.xls,200,22528,38bea4d1aa4e1680b4d63fd6b57b7f4763621aebabc0bbb45e02e7e214a4d4b9,2026-09-14T13:40:40,dgr6
https://npp.gov.in/public-reports/cea/daily/dgr/16-11-2018/dgr6-2018-11-16.xls,2018/2018-11-16_dgr6.xls,200,22528,6724adf3f5ed6d95e9ddab22289613b637625bb730703cc57b4df25388adbd27,2026-09-14T13:40:40,dgr6
https://npp.gov.in/public-reports/cea/daily/dgr/17-11-2018/dgr6-2018-11-17.xls,2018/2018-11-17_dgr6.xls,200,22528,e6b4edfb8aa99090d6e9296e63c8ebf6d03503da392e8572eb12e0bedf2719a4,2026-09-14T13:40:41,dgr6
https://npp.gov.in/public-reports/cea/daily/dgr/18-11-2018/dgr6-2018-11-18.xls,2018/2018-11-18_dgr6.xls,200,22528,9933ab9110a59f153c3f06df634cd8a2879717d3295ef1f7e0e3248add6fdbdd,2026-09-14T13:40:41,dgr6
https://npp.gov.in/public-reports/cea/daily/dgr/19-11-2018/dgr6-2018-11-19.xls,2018/2018-11-19_dgr6.xls,200,22528,f36a7c49944178ff6cc2e439f6ff43e46f07e755942bef6f3df21b0818d3e87f,2026-09-14T13:40:41,dgr6
https://npp.gov.in/public-reports/cea/daily/dgr/20-11-2018/dgr6-2018-11-20.xls,2018/2018-11-20_dgr6.xls,200,22528,9d99e8359f98ece02de7df3a1fad567783596b829a675221899c37f2f6d760fd,2026-09-14T13:40:42,dgr6
https://npp.gov.in/public-reports/cea/daily/dgr/21-11-2018/dgr6-2018-11-21.xls,2018/2018-11-21_dgr6.xls,200,22528,63793b3fd291bcd9c8406680cea5576b0a5dc14b1ac1fd497cfa2466ecd09aeb,2026-09-14T13:40:42,dgr6
https://npp.gov.in/public-reports/cea/daily/dgr/22-11-2018/dgr6-2018-11-22.xls,2018/2018-11-22_dgr6.xls,200,22528,793298fce65de3337ac46c9f92e946b786cdb2d9c8114f66edf75230e8f22957,2026-09-14T13:40:43,dgr6
https://npp.gov.in/public-reports/cea/daily/dgr/23-11-2018/dgr6-2018-11-23.xls,2018/2018-11-23_dgr6.xls,200,22528,68c4211d2b87f4e1ab0684f20ca145fa70d45bb89e7748504a131b23e09a2d2c,2026-09-14T13:40:43,dgr6
https://npp.gov.in/public-reports/cea/daily/dgr/24-11-2018/dgr6-2018-11-24.xls,2018/2018-11-24_dgr6.xls,200,22528,2798bd991861b25c4a7cd23686f93928d13e6d43213e4148592f6f9db0b9f719,2026-09-14T13:40:43,dgr6
https://npp.gov.in/public-reports/cea/daily/dgr/25-11-2018/dgr6-2018-11-25.xls,2018/2018-11-25_dgr6.xls,200,22528,d02acb1a1c8a9ae278c090a913747d6a57676a1286b0d7f6e7a3602dfc12174e,2026-09-14T13:40:44,dgr6
https://npp.gov.in/public-reports/cea/daily/dgr/26-11-2018/dgr6-2018-11-26.xls,2018/2018-11-26_dgr6.xls,200,22528,1d9348fd281df23b37695660d1fad64131dc807b51cf612fd8bc55236ca28da0,2026-09-14T13:40:44,dgr6
https://npp.gov.in/public-reports/cea/daily/dgr/27-11-2018/dgr6-2018-11-27.xls,2018/2018-11-27_dgr6.xls,200,22528,f5cf2c8f2c75e80f9c92edd15864d6a66b11e76795b29764b503718117529464,2026-09-14T13:40:44,dgr6
https://npp.gov.in/public-reports/cea/daily/dgr/28-11-2018/dgr6-2018-11-28.xls,2018/2018-11-28_dgr6.xls,200,22528,4a601bae56e44f2b4eeda7de25af75feb8fb3652e4856cd7d346e8316c3adc79,2026-09-14T13:40:45,dgr6
https://npp.gov.in/public-reports/cea/daily/dgr/29-11-2018/dgr6-2018-11-29.xls,2018/2018-11-29_dgr6.xls,200,18944,d6fabf6ad7ee2750d0c2aecfb4f567d443714aac877c6187f762538a923aeb4c,2026-09-14T13:40:45,dgr6
https://npp.gov.in/public-reports/cea/daily/dgr/30-11-2018/dgr6-2018-11-30.xls,2018/2018-11-30_dgr6.xls,200,18944,65c5d2efc89978d6615d00c922ea79440ee215bf209a8b645612e622a11a4fae,2026-09-14T13:40:45,dgr6
https://npp.gov.in/public-reports/cea/daily/dgr/01-12-2018/dgr6-2018-12-01.xls,2018/2018-12-01_dgr6.xls,200,18944,c1353d931bf274605b3b3f1ae6b1bc2a9fb555c4891ed5d44276e6a7db3bad03,2026-09-14T13:40:46,dgr6
https://npp.gov.in/public-reports/cea/daily/dgr/02-12-2018/dgr6-2018-12-02.xls,2018/2018-12-02_dgr6.xls,200,18944,e727200915425db4ea5efcb5bbe37429b0296696d62463359c3a2551864808ed,2026-09-14T13:40:46,dgr6
https://npp.gov.in/public-reports/cea/daily/dgr/03-12-2018/dgr6-2018-12-03.xls,2018/2018-12-03_dgr6.xls,200,18944,687d6a38d74a2d8c8b05f258efb09a5a7baa3c622562e265dbdd7287b76ee930,2026-09-14T13:40:47,dgr6
https://npp.gov.in/public-reports/cea/daily/dgr/04-12-2018/dgr6-2018-12-04.xls,2018/2018-12-04_dgr6.xls,200,18944,92a8228b9d8b7869c5438eaaaf5a4a9126c14d8344b9f1e5ca8297e11e1934d8,2026-09-14T13:40:47,dgr6
https://npp.gov.in/public-reports/cea/daily/dgr/05-12-2018/dgr6-2018-12-05.xls,2018/2018-12-05_dgr6.xls,200,18944,9e0b22b171e3fc1eff5d9ea43302d0d051afc9e916891f255d21bd40c2a24930,2026-09-14T13:40:47,dgr6
https://npp.gov.in/public-reports/cea/daily/dgr/06-12-2018/dgr6-2018-12-06.xls,2018/2018-12-06_dgr6.xls,200,18944,144364bed8508326a75636475d5e8e5588ed399ea53fdfa57c96f3f6f0472793,2026-09-14T13:40:48,dgr6
https://npp.gov.in/public-reports/cea/daily/dgr/07-12-2018/dgr6-2018-12-07.xls,2018/2018-12-07_dgr6.xls,200,18944,700d87d8f2e68d8254ed55074b77de4ca1135293920850abf6b5005ec67a70f2,2026-09-14T13:40:48,dgr6
https://npp.gov.in/public-reports/cea/daily/dgr/08-12-2018/dgr6-2018-12-08.xls,2018/2018-12-08_dgr6.xls,200,18944,652e44010745ff259133bac43152b121afa6e335b197d525946de048e2b2db37,2026-09-14T13:40:48,dgr6
https://npp.gov.in/public-reports/cea/daily/dgr/09-12-2018/dgr6-2018-12-09.xls,2018/2018-12-09_dgr6.xls,200,18944,4342688cd35a6f129ef66fabf17bcf3cf99cde6f992d147c3064691facc428f1,2026-09-14T13:40:49,dgr6
https://npp.gov.in/public-reports/cea/daily/dgr/10-12-2018/dgr6-2018-12-10.xls,2018/2018-12-10_dgr6.xls,200,18944,86f6ebe7e55312c4a3162929262a26efe5b2f1bd5f7321f8743ee1b5b3a0f635,2026-09-14T13:40:49,dgr6
https://npp.gov.in/public-reports/cea/daily/dgr/11-12-2018/dgr6-2018-12-11.xls,2018/2018-12-11_dgr6.xls,200,18944,f9fce32e3e19d300507846ceec71d4cb19bc3394642d8bfae9e5ea567b2f1b20,2026-09-14T13:40:50,dgr6
https://npp.gov.in/public-reports/cea/daily/dgr/12-12-2018/dgr6-2018-12-12.xls,2018/2018-12-12_dgr6.xls,200,18944,8d0502eea2ea7bf5cbcf446f2e94af3627592556d2b6f38b96a24569d0961e12,2026-09-14T13:40:50,dgr6
https://npp.gov.in/public-reports/cea/daily/dgr/13-12-2018/dgr6-2018-12-13.xls,2018/2018-12-13_dgr6.xls,200,18944,58cf2ed9429c7b87f82d8ac85142177feae52dfc02ad854e7f8acc0ff6b19c02,2026-09-14T13:40:50,dgr6
https://npp.gov.in/public-reports/cea/daily/dgr/14-12-2018/dgr6-2018-12-14.xls,2018/2018-12-14_dgr6.xls,200,18944,1a076b28cca800aac5eb4b5f5ab7f3b91eff916936c066d64b02fdfd57f37db8,2026-09-14T13:40:51,dgr6
https://npp.gov.in/public-reports/cea/daily/dgr/15-12-2018/dgr6-2018-12-15.xls,2018/2018-12-15_dgr6.xls,200,18944,9dcee571a72ba87df03b81efd5a179b0678e3d81b4d5a523349687adfadff86b,2026-09-14T13:40:51,dgr6
https://npp.gov.in/public-reports/cea/daily/dgr/16-12-2018/dgr6-2018-12-16.xls,2018/2018-12-16_dgr6.xls,200,18944,2ed530be1984000646920f7b71bc3a42fc29444a2ec1ca26ec5859d7b2da5d64,2026-09-14T13:40:51,dgr6
https://npp.gov.in/public-reports/cea/daily/dgr/17-12-2018/dgr6-2018-12-17.xls,2018/2018-12-17_dgr6.xls,200,18944,241f258477d887ab8005e4f0cf15f1e5be2423a5d6d1bfd2b871f012a2036700,2026-09-14T13:40:52,dgr6
https://npp.gov.in/public-reports/cea/daily/dgr/18-12-2018/dgr6-2018-12-18.xls,2018/2018-12-18_dgr6.xls,200,18944,d45012589cf7effeaf6ccb636aca1b70303e90cea51fe58e7a6436918d6069c6,2026-09-14T13:40:52,dgr6
https://npp.gov.in/public-reports/cea/daily/dgr/19-12-2018/dgr6-2018-12-19.xls,2018/2018-12-19_dgr6.xls,200,18944,9e2bb75c2cc0799f8f8dcb3e0a99536d0c11d5788e51c378868f4486649e557b,2026-09-14T13:40:53,dgr6
https://npp.gov.in/public-reports/cea/daily/dgr/20-12-2018/dgr6-2018-12-20.xls,2018/2018-12-20_dgr6.xls,200,18944,96792410254dee67cb0beaf87233064320c621d1ad6d31bf31f3d6b5e89181ef,2026-09-14T13:40:53,dgr6
https://npp.gov.in/public-reports/cea/daily/dgr/21-12-2018/dgr6-2018-12-21.xls,2018/2018-12-21_dgr6.xls,200,18944,6ccd564d877e9c88ee8fb81730259294f524b62dfe0d26e40d39a1b5f74dfca4,2026-09-14T13:40:53,dgr6
https://npp.gov.in/public-reports/cea/daily/dgr/22-12-2018/dgr6-2018-12-22.xls,2018/2018-12-22_dgr6.xls,200,18944,22977c2b71cdbdfdb30f8086d7c16b878c499f8c88ee139804a007b6fb232f4f,2026-09-14T13:40:54,dgr6
https://npp.gov.in/public-reports/cea/daily/dgr/23-12-2018/dgr6-2018-12-23.xls,2018/2018-12-23_dgr6.xls,200,18944,aeb14ff7c80359420aa729080b6b7c89c3ea32cd0ab194371ff2e5e33bb657a6,2026-09-14T13:40:54,dgr6
https://npp.gov.in/public-reports/cea/daily/dgr/24-12-2018/dgr6-2018-12-24.xls,2018/2018-12-24_dgr6.xls,200,18944,cbccb0a00e9c9e10894fd4ed0502c5321bc92693f8ad9fb06ca99724e0361652,2026-09-14T13:40:54,dgr6
https://npp.gov.in/public-reports/cea/daily/dgr/25-12-2018/dgr6-2018-12-25.xls,2018/2018-12-25_dgr6.xls,200,18944,79e2d748eb7aba4a4e6039d62b46efee128c239377a586f0a5229fc51b507b1d,2026-09-14T13:40:55,dgr6
https://npp.gov.in/public-reports/cea/daily/dgr/26-12-2018/dgr6-2018-12-26.xls,2018/2018-12-26_dgr6.xls,200,18944,414312bf2c56c7773ec1164ae91188d1a1e09f488582f6014b31ed24a5ce0314,2026-09-14T13:40:55,dgr6
https://npp.gov.in/public-reports/cea/daily/dgr/27-12-2018/dgr6-2018-12-27.xls,2018/2018-12-27_dgr6.xls,200,18944,e4fbb4d59974e0f819aa4c943619b425d37a17e22c3c7bae359a3b48312c6252,2026-09-14T13:40:55,dgr6
https://npp.gov.in/public-reports/cea/daily/dgr/28-12-2018/dgr6-2018-12-28.xls,2018/2018-12-28_dgr6.xls,200,18944,8ac63a1f1ef5a19b6a7943671275fd3a80dad86f2eb3f7f548230388ce2252bd,2026-09-14T13:40:56,dgr6
https://npp.gov.in/public-reports/cea/daily/dgr/29-12-2018/dgr6-2018-12-29.xls,2018/2018-12-29_dgr6.xls,200,18944,35731942dd6ed29c14c5bee7a676f4ee9586c68691c884366bd105c5e433d628,2026-09-14T13:40:56,dgr6
https://npp.gov.in/public-reports/cea/daily/dgr/30-12-2018/dgr6-2018-12-30.xls,2018/2018-12-30_dgr6.xls,404,0,,2026-09-14T13:40:57,dgr6
https://npp.gov.in/public-reports/cea/daily/dgr/31-12-2018/dgr6-2018-12-31.xls,2018/2018-12-31_dgr6.xls,404,0,,2026-09-14T13:40:57,dgr6
https://npp.gov.in/public-reports/cea/daily/dgr/01-01-2019/dgr6-2019-01-01.xls,2019/2019-01-01_dgr6.xls,200,18944,b8350792adc8c4549c08824b65fe360b5822a9dea60cb52a6d83f4e198f0c75a,2026-09-14T13:40:57,dgr6
https://npp.gov.in/public-reports/cea/daily/dgr/02-01-2019/dgr6-2019-01-02.xls,2019/2019-01-02_dgr6.xls,200,18944,d3b620b1ec300baada57db629d7a67ad689ae032acc5e7876e184b480c871699,2026-09-14T13:40:58,dgr6
https://npp.gov.in/public-reports/cea/daily/dgr/03-01-2019/dgr6-2019-01-03.xls,2019/2019-01-03_dgr6.xls,200,18944,12539878c610a4ab6d084d9cd5224ebf3c1683b6fe730989d40dd4208eb9a7f0,2026-09-14T13:40:58,dgr6
https://npp.gov.in/public-reports/cea/daily/dgr/04-01-2019/dgr6-2019-01-04.xls,2019/2019-01-04_dgr6.xls,200,18944,cc645053da8a3faab833c5698059777b84ebc1d89b8cecebc554526744a7d823,2026-09-14T13:40:58,dgr6
https://npp.gov.in/public-reports/cea/daily/dgr/05-01-2019/dgr6-2019-01-05.xls,2019/2019-01-05_dgr6.xls,200,18944,684871aa6a5705d330aec44eb11517c69f569467c2414d4e50dc647232f3bc4d,2026-09-14T13:40:59,dgr6
https://npp.gov.in/public-reports/cea/daily/dgr/06-01-2019/dgr6-2019-01-06.xls,2019/2019-01-06_dgr6.xls,200,18944,53672060a19045a49f87e0d8e9796c9e4633517d1affdb672ab3b627d8562d78,2026-09-14T13:40:59,dgr6
https://npp.gov.in/public-reports/cea/daily/dgr/07-01-2019/dgr6-2019-01-07.xls,2019/2019-01-07_dgr6.xls,200,18944,a559cf7283beee1f418c435659e117b82af830edd750a9213152cfd55c2343d1,2026-09-14T13:41:00,dgr6
https://npp.gov.in/public-reports/cea/daily/dgr/08-01-2019/dgr6-2019-01-08.xls,2019/2019-01-08_dgr6.xls,200,18944,4f20eeabdb5f3ec9009970763ce2f315ba4dfc5e47a2ef52b4ad6f8b3e1aca45,2026-09-14T13:41:00,dgr6
https://npp.gov.in/public-reports/cea/daily/dgr/09-01-2019/dgr6-2019-01-09.xls,2019/2019-01-09_dgr6.xls,200,18944,62eb7f899cfdff3f6436b48806dc94db91e4bd0ba07baf48652770c5f281eaa4,2026-09-14T13:41:00,dgr6
https://npp.gov.in/public-reports/cea/daily/dgr/10-01-2019/dgr6-2019-01-10.xls,2019/2019-01-10_dgr6.xls,200,18944,9c293e7125986cb6536e829c2b39c5ce9f95174554ec4ecb537d58b202044b8c,2026-09-14T13:41:01,dgr6
https://npp.gov.in/public-reports/cea/daily/dgr/11-01-2019/dgr6-2019-01-11.xls,2019/2019-01-11_dgr6.xls,200,18944,5fbfc2b38e9bd9b65c5afeb89f9a3ca943281c7f78a152afb8171096f925c077,2026-09-14T13:41:01,dgr6
https://npp.gov.in/public-reports/cea/daily/dgr/12-01-2019/dgr6-2019-01-12.xls,2019/2019-01-12_dgr6.xls,200,18944,d31ea86c38199f9bdae85c324fc705a50347ab53bcf87dfabf0b78647cea0c72,2026-09-14T13:41:01,dgr6
https://npp.gov.in/public-reports/cea/daily/dgr/13-01-2019/dgr6-2019-01-13.xls,2019/2019-01-13_dgr6.xls,200,18944,0da45a1494291e3647051411f983ecbe8961afaec70c00c3baab00bc1669464e,2026-09-14T13:41:02,dgr6
https://npp.gov.in/public-reports/cea/daily/dgr/14-01-2019/dgr6-2019-01-14.xls,2019/2019-01-14_dgr6.xls,200,18944,f759bb5e4c98606dbd4ae207e63f0abaf9419877e73a715acb5fd3eb65035371,2026-09-14T13:41:02,dgr6
https://npp.gov.in/public-reports/cea/daily/dgr/15-01-2019/dgr6-2019-01-15.xls,2019/2019-01-15_dgr6.xls,200,18944,85388021d6f288d6b8d4b61a67368cf8edb500a5bba7a9ed6d5bc4f41b397ab0,2026-09-14T13:41:03,dgr6
https://npp.gov.in/public-reports/cea/daily/dgr/16-01-2019/dgr6-2019-01-16.xls,2019/2019-01-16_dgr6.xls,200,18944,12b23ae984dd35062f63089bc4d73aa1cff8ba7e16616c4487d064e828d7dbcb,2026-09-14T13:41:04,dgr6
https://npp.gov.in/public-reports/cea/daily/dgr/17-01-2019/dgr6-2019-01-17.xls,2019/2019-01-17_dgr6.xls,200,18944,6ebe8819a866d3d0e0eae2f9bcc12a52483beed042627f2aff759980924da88e,2026-09-14T13:41:04,dgr6
https://npp.gov.in/public-reports/cea/daily/dgr/18-01-2019/dgr6-2019-01-18.xls,2019/2019-01-18_dgr6.xls,200,18944,fe84f19dbeb9797aa1fe0430c556c77ea6b2392cc3a4b6dc6f38033b59716935,2026-09-14T13:41:05,dgr6
https://npp.gov.in/public-reports/cea/daily/dgr/19-01-2019/dgr6-2019-01-19.xls,2019/2019-01-19_dgr6.xls,200,18944,90482a449dcea8974c2ec2cd4e529252bc5e50e0f7f791f49b0b56988e66c354,2026-09-14T13:41:05,dgr6
https://npp.gov.in/public-reports/cea/daily/dgr/20-01-2019/dgr6-2019-01-20.xls,2019/2019-01-20_dgr6.xls,200,18944,5cc9e4b17bdf470ed0c3abc6e77c33810b960754218855e96c12041388db4f1d,2026-09-14T13:41:05,dgr6
https://npp.gov.in/public-reports/cea/daily/dgr/21-01-2019/dgr6-2019-01-21.xls,2019/2019-01-21_dgr6.xls,200,18944,684684142d10adfcebb2e07a6addc7a1bee4371b7a3d2e17ec3b9e07acf38086,2026-09-14T13:41:06,dgr6
https://npp.gov.in/public-reports/cea/daily/dgr/22-01-2019/dgr6-2019-01-22.xls,2019/2019-01-22_dgr6.xls,200,18944,f19167931163facc91bcf35211f1fa92b94fc1d0501faf6cb0c636b120923d35,2026-09-14T13:41:06,dgr6
https://npp.gov.in/public-reports/cea/daily/dgr/23-01-2019/dgr6-2019-01-23.xls,2019/2019-01-23_dgr6.xls,200,18944,e8bdbf00d41341df7cffcbcb81a1e62612c85eb2eb14e1c6fc109df1d1a6a79e,2026-09-14T13:41:07,dgr6
https://npp.gov.in/public-reports/cea/daily/dgr/24-01-2019/dgr6-2019-01-24.xls,2019/2019-01-24_dgr6.xls,200,18944,642f83468219d05d96f556f55ae32014f14bcd35e29f39a8d2693fab8225302c,2026-09-14T13:41:07,dgr6
https://npp.gov.in/public-reports/cea/daily/dgr/25-01-2019/dgr6-2019-01-25.xls,2019/2019-01-25_dgr6.xls,200,18944,4a04d42446c547031db642c8863f69092b2e89e1ddac0e028536135c992f534e,2026-09-14T13:41:07,dgr6
https://npp.gov.in/public-reports/cea/daily/dgr/26-01-2019/dgr6-2019-01-26.xls,2019/2019-01-26_dgr6.xls,200,18944,f5dbd0063c057bb77b70d322845ba8c6c091f40ae35645499a7a07fdd719c4f7,2026-09-14T13:41:08,dgr6
https://npp.gov.in/public-reports/cea/daily/dgr/27-01-2019/dgr6-2019-01-27.xls,2019/2019-01-27_dgr6.xls,200,18944,2a1813a6dbe257506d2637261382a6223c8a2a799934f42eed5fc96c4eab46b0,2026-09-14T13:41:08,dgr6
https://npp.gov.in/public-reports/cea/daily/dgr/28-01-2019/dgr6-2019-01-28.xls,2019/2019-01-28_dgr6.xls,200,18944,1f55126ef196ccfba9b3de61a6952d19da82602bf81755973bcf6fa327d525fc,2026-09-14T13:41:09,dgr6
https://npp.gov.in/public-reports/cea/daily/dgr/29-01-2019/dgr6-2019-01-29.xls,2019/2019-01-29_dgr6.xls,200,18944,101a6fd77b91e083a112431aecbd1121c44077b3756a857694b331e47352e516,2026-09-14T13:41:09,dgr6
https://npp.gov.in/public-reports/cea/daily/dgr/30-01-2019/dgr6-2019-01-30.xls,2019/2019-01-30_dgr6.xls,200,18944,aa611575ea8d26ddceb7a5ce397146cc2b5c5753d099a6a8b1d5f204b7f8dc64,2026-09-14T13:41:09,dgr6
https://npp.gov.in/public-reports/cea/daily/dgr/31-01-2019/dgr6-2019-01-31.xls,2019/2019-01-31_dgr6.xls,200,18944,9980dbf183d081b3381d1e4a4ce4502ec50f943ec3e0a726a3160aa5be3021f6,2026-09-14T13:41:10,dgr6
https://npp.gov.in/public-reports/cea/daily/dgr/01-02-2019/dgr6-2019-02-01.xls,2019/2019-02-01_dgr6.xls,200,18944,46471a1a92494f259bbdc104339c64f33bcedd84fb79e28b713ea4bc63b46fde,2026-09-14T13:41:10,dgr6
https://npp.gov.in/public-reports/cea/daily/dgr/02-02-2019/dgr6-2019-02-02.xls,2019/2019-02-02_dgr6.xls,200,18944,18b56e41249b639d5600976773827d83772334b7a2f4d0f64d28b7af8e923f57,2026-09-14T13:41:10,dgr6
https://npp.gov.in/public-reports/cea/daily/dgr/03-02-2019/dgr6-2019-02-03.xls,2019/2019-02-03_dgr6.xls,200,18944,b937bbf7a5c29397f22e387ea80123a6fa72eba54ece608e4668308812a8c94a,2026-09-14T13:41:11,dgr6
https://npp.gov.in/public-reports/cea/daily/dgr/04-02-2019/dgr6-2019-02-04.xls,2019/2019-02-04_dgr6.xls,200,18944,9ce3a30a0d82bd2ffdb00ad8ef6dc04ddf5e64624673f7df1222fad6e8b26047,2026-09-14T13:41:11,dgr6
https://npp.gov.in/public-reports/cea/daily/dgr/05-02-2019/dgr6-2019-02-05.xls,2019/2019-02-05_dgr6.xls,200,18944,427cc5c75f493617718291ff6d82dc44d66f41f6c257e7964f6b108e10d9fb63,2026-09-14T13:41:12,dgr6
https://npp.gov.in/public-reports/cea/daily/dgr/06-02-2019/dgr6-2019-02-06.xls,2019/2019-02-06_dgr6.xls,200,18944,24d0a89b5d55217d6d963dd178ca0554bfa4c50b92ac7832c5c111124848aaf4,2026-09-14T13:41:12,dgr6
https://npp.gov.in/public-reports/cea/daily/dgr/07-02-2019/dgr6-2019-02-07.xls,2019/2019-02-07_dgr6.xls,200,18944,47d7aef0507565406f12bf1a498ba4cd59081962e0ddd743201cd26699a0405b,2026-09-14T13:41:12,dgr6
https://npp.gov.in/public-reports/cea/daily/dgr/08-02-2019/dgr6-2019-02-08.xls,2019/2019-02-08_dgr6.xls,200,18944,695892103571afe75ae2a90e8a796f844e93226742b27abf9f72fbb9aedd4913,2026-09-14T13:41:13,dgr6
https://npp.gov.in/public-reports/cea/daily/dgr/09-02-2019/dgr6-2019-02-09.xls,2019/2019-02-09_dgr6.xls,200,18944,eb3f44aab76ae8059716da59e8e94a83b74d9e0a4cee0976f777a12a01bbbc1a,2026-09-14T13:41:13,dgr6
https://npp.gov.in/public-reports/cea/daily/dgr/10-02-2019/dgr6-2019-02-10.xls,2019/2019-02-10_dgr6.xls,200,18944,d4fe6e17bc5559046d226ddfa6726b991bb5d4d96f59ce51094a50e681ced8d4,2026-09-14T13:41:13,dgr6
https://npp.gov.in/public-reports/cea/daily/dgr/11-02-2019/dgr6-2019-02-11.xls,2019/2019-02-11_dgr6.xls,200,18944,6b3665b160c476c8e25866ad0c81b478fc4247e1a39a97c8aa8b4ff478780b47,2026-09-14T13:41:14,dgr6
https://npp.gov.in/public-reports/cea/daily/dgr/12-02-2019/dgr6-2019-02-12.xls,2019/2019-02-12_dgr6.xls,200,18944,651c319bcdac890ba27b03c7147bf70fddb4cfa02619f6d1721d66d8982f3bfb,2026-09-14T13:41:14,dgr6
https://npp.gov.in/public-reports/cea/daily/dgr/13-02-2019/dgr6-2019-02-13.xls,2019/2019-02-13_dgr6.xls,200,18944,5237bb0cc763a53e560293f9625db67e33bce8349b480fab7c4609f7da42c64d,2026-09-14T13:41:15,dgr6
https://npp.gov.in/public-reports/cea/daily/dgr/14-02-2019/dgr6-2019-02-14.xls,2019/2019-02-14_dgr6.xls,200,18944,78f9cd6237368791585aa502ae0265f390b33e28e894f0c0698d1c432a8d0ac9,2026-09-14T13:41:15,dgr6
https://npp.gov.in/public-reports/cea/daily/dgr/15-02-2019/dgr6-2019-02-15.xls,2019/2019-02-15_dgr6.xls,200,18944,07007eaa37435df16d2c87db00334ea6d92e529732bb4edc256ed1c6d06cbe32,2026-09-14T13:41:15,dgr6
https://npp.gov.in/public-reports/cea/daily/dgr/16-02-2019/dgr6-2019-02-16.xls,2019/2019-02-16_dgr6.xls,200,18944,a32a7c712ce2043ec2b06ef91061c63d443c2d26cd9da13121bbbbb4035e3afa,2026-09-14T13:41:16,dgr6
https://npp.gov.in/public-reports/cea/daily/dgr/17-02-2019/dgr6-2019-02-17.xls,2019/2019-02-17_dgr6.xls,200,18944,7e2f4131ad262aec3c736b43250ddc623bca82bd292125ac624d5a9e0e7732f1,2026-09-14T13:41:16,dgr6
https://npp.gov.in/public-reports/cea/daily/dgr/18-02-2019/dgr6-2019-02-18.xls,2019/2019-02-18_dgr6.xls,200,18944,d84d5644cf5184a9507010858893887230aa131b3f660aa12833fcb8f2185108,2026-09-14T13:41:17,dgr6
https://npp.gov.in/public-reports/cea/daily/dgr/19-02-2019/dgr6-2019-02-19.xls,2019/2019-02-19_dgr6.xls,200,18944,d8e2af3f02be958a8227616a23f7e71abf2186d852943f63a30940e7c014357e,2026-09-14T13:41:17,dgr6
https://npp.gov.in/public-reports/cea/daily/dgr/20-02-2019/dgr6-2019-02-20.xls,2019/2019-02-20_dgr6.xls,200,18944,afd0996db90b79b370b0a2ed0adb351f457b5b0cde621d6dd446501b52af7477,2026-09-14T13:41:17,dgr6
https://npp.gov.in/public-reports/cea/daily/dgr/21-02-2019/dgr6-2019-02-21.xls,2019/2019-02-21_dgr6.xls,200,18944,93265bb0cc979f3ae1b506a54e3180aa2d36d947f7a0e2fcd1a4f1a7d71cd834,2026-09-14T13:41:18,dgr6
https://npp.gov.in/public-reports/cea/daily/dgr/22-02-2019/dgr6-2019-02-22.xls,2019/2019-02-22_dgr6.xls,200,18944,5082deed0d354eb30e271f9d61edded253f99a99ff25ee130ea0892780043cb6,2026-09-14T13:41:18,dgr6
https://npp.gov.in/public-reports/cea/daily/dgr/23-02-2019/dgr6-2019-02-23.xls,2019/2019-02-23_dgr6.xls,200,18944,220045045357eee0e1cdff0b7338d954833fb3095a6f7d8a06ea7fa59090b9e7,2026-09-14T13:41:19,dgr6
https://npp.gov.in/public-reports/cea/daily/dgr/24-02-2019/dgr6-2019-02-24.xls,2019/2019-02-24_dgr6.xls,200,18944,a26375ae184a55cbc1846035481cc5bc49127fc119405731c7909476964fed4d,2026-09-14T13:41:19,dgr6
https://npp.gov.in/public-reports/cea/daily/dgr/25-02-2019/dgr6-2019-02-25.xls,2019/2019-02-25_dgr6.xls,200,18944,7c7bd36c885e52d973ba0202a43103d27aab87c89b754c67126b46a0fa3bbe99,2026-09-14T13:41:19,dgr6
https://npp.gov.in/public-reports/cea/daily/dgr/26-02-2019/dgr6-2019-02-26.xls,2019/2019-02-26_dgr6.xls,200,18944,f83e9dcbc1ce36198199cda6e2bd7342ba9bedc14390cdb5682553f4e67dc1e6,2026-09-14T13:41:20,dgr6
https://npp.gov.in/public-reports/cea/daily/dgr/27-02-2019/dgr6-2019-02-27.xls,2019/2019-02-27_dgr6.xls,200,18944,f28e7289edaf2b49312d884c0c62f5e856419c1792170cbd136594db55e73ddd,2026-09-14T13:41:20,dgr6
https://npp.gov.in/public-reports/cea/daily/dgr/28-02-2019/dgr6-2019-02-28.xls,2019/2019-02-28_dgr6.xls,200,18944,37aac03be25da52c6060ce7e655420403babe86150723bf696a6d86c179712cf,2026-09-14T13:41:20,dgr6
https://npp.gov.in/public-reports/cea/daily/dgr/01-03-2019/dgr6-2019-03-01.xls,2019/2019-03-01_dgr6.xls,200,18944,0ec4f7e66f47404bb54bdd700bd1096ef2bc3cdbec058bc84057a3315543adb4,2026-09-14T13:41:21,dgr6
https://npp.gov.in/public-reports/cea/daily/dgr/02-03-2019/dgr6-2019-03-02.xls,2019/2019-03-02_dgr6.xls,200,18944,7c5a6cb8939c193297f71a4f419d964829a15513825dda88cd6a105c00ba4ba7,2026-09-14T13:41:21,dgr6
https://npp.gov.in/public-reports/cea/daily/dgr/03-03-2019/dgr6-2019-03-03.xls,2019/2019-03-03_dgr6.xls,200,18944,731adc26c8309bf6ca66736efd49006fa8d2fd0363dc5af4328010134533dd25,2026-09-14T13:41:22,dgr6
https://npp.gov.in/public-reports/cea/daily/dgr/04-03-2019/dgr6-2019-03-04.xls,2019/2019-03-04_dgr6.xls,200,18944,0c141e317cf1e0a14bf32fe6a2e27e19e3726f057c35f88b24b9a6a7b8001591,2026-09-14T13:41:22,dgr6
https://npp.gov.in/public-reports/cea/daily/dgr/05-03-2019/dgr6-2019-03-05.xls,2019/2019-03-05_dgr6.xls,200,18944,564fe6005c8f816f74f745ce69b45e70c7930586ae61bcdd157444529252341a,2026-09-14T13:41:22,dgr6
https://npp.gov.in/public-reports/cea/daily/dgr/06-03-2019/dgr6-2019-03-06.xls,2019/2019-03-06_dgr6.xls,200,18944,17845d4f489776cbaa006c9480f88ba1d2f7ee2195b1c920ab12c8ceb9c5209d,2026-09-14T13:41:23,dgr6
https://npp.gov.in/public-reports/cea/daily/dgr/07-03-2019/dgr6-2019-03-07.xls,2019/2019-03-07_dgr6.xls,200,18944,2269d6a76d0b04c9fd25dbb8571a7d55c02b2822a7f0a267aa4894b2705c340a,2026-09-14T13:41:23,dgr6
https://npp.gov.in/public-reports/cea/daily/dgr/08-03-2019/dgr6-2019-03-08.xls,2019/2019-03-08_dgr6.xls,200,18944,9ff2195d2d6447b2a8441c28e496cb18fe8147ad55f5646750f68b4eeca884db,2026-09-14T13:41:23,dgr6
https://npp.gov.in/public-reports/cea/daily/dgr/09-03-2019/dgr6-2019-03-09.xls,2019/2019-03-09_dgr6.xls,200,18944,52181fa9407df0976ab60c970360feb2151379ccbb6fe922cd059e8808612c31,2026-09-14T13:41:24,dgr6
https://npp.gov.in/public-reports/cea/daily/dgr/10-03-2019/dgr6-2019-03-10.xls,2019/2019-03-10_dgr6.xls,200,18944,4c02e7c223caa6df07eee28c3cbb1d63721ea4064c41ee5d8e5bc4df1479691f,2026-09-14T13:41:24,dgr6
https://npp.gov.in/public-reports/cea/daily/dgr/11-03-2019/dgr6-2019-03-11.xls,2019/2019-03-11_dgr6.xls,200,18944,2c3b4c5cb5d1963a172351264988b929b47966fd1333371f83eaa1711b2105bd,2026-09-14T13:41:24,dgr6
https://npp.gov.in/public-reports/cea/daily/dgr/12-03-2019/dgr6-2019-03-12.xls,2019/2019-03-12_dgr6.xls,200,18944,1d3d3e0d2dea4c8056738c8b4736e54d84f09f8132ae53bfd40c5b4058d34a35,2026-09-14T13:41:25,dgr6
https://npp.gov.in/public-reports/cea/daily/dgr/13-03-2019/dgr6-2019-03-13.xls,2019/2019-03-13_dgr6.xls,200,18944,6f17198257b6ce87353916bef6376649b9610413e07aba6370dd5d1688933502,2026-09-14T13:41:25,dgr6
https://npp.gov.in/public-reports/cea/daily/dgr/14-03-2019/dgr6-2019-03-14.xls,2019/2019-03-14_dgr6.xls,200,18944,50ffd963fc74b6f146b81a52116163e0eac6bef6006cc02b62d90ce00b57d656,2026-09-14T13:41:26,dgr6
https://npp.gov.in/public-reports/cea/daily/dgr/15-03-2019/dgr6-2019-03-15.xls,2019/2019-03-15_dgr6.xls,200,18944,150ada3af9c229b66e873dc14520ac984b59e1a70f0a5a59b72a3c57cbb22468,2026-09-14T13:41:26,dgr6
https://npp.gov.in/public-reports/cea/daily/dgr/16-03-2019/dgr6-2019-03-16.xls,2019/2019-03-16_dgr6.xls,200,18944,998e3c74e27d525182432866ab27ea7dc90b674637bd205d7346324f545c399c,2026-09-14T13:41:26,dgr6
https://npp.gov.in/public-reports/cea/daily/dgr/17-03-2019/dgr6-2019-03-17.xls,2019/2019-03-17_dgr6.xls,200,18944,86d02357f53bb05b16e7ff56fbc494d63770f7d8b87d52bff1c8b19bf797913b,2026-09-14T13:41:27,dgr6
https://npp.gov.in/public-reports/cea/daily/dgr/18-03-2019/dgr6-2019-03-18.xls,2019/2019-03-18_dgr6.xls,200,18944,6ac3fd91fdd495f7d2a8d7d36d5cef584e7a56af2a584b80dc9861fb981b47d5,2026-09-14T13:41:27,dgr6
https://npp.gov.in/public-reports/cea/daily/dgr/19-03-2019/dgr6-2019-03-19.xls,2019/2019-03-19_dgr6.xls,200,18944,9ea26d4656b0ac450e448ff81dd5cec55d11c6d23c02b3ff0f611fa5165e2b60,2026-09-14T13:41:28,dgr6
https://npp.gov.in/public-reports/cea/daily/dgr/20-03-2019/dgr6-2019-03-20.xls,2019/2019-03-20_dgr6.xls,200,18944,3947f32b90665187f9d77d0df7133304dd965c55daecbccd3b9e49e09f273af6,2026-09-14T13:41:28,dgr6
https://npp.gov.in/public-reports/cea/daily/dgr/21-03-2019/dgr6-2019-03-21.xls,2019/2019-03-21_dgr6.xls,200,18944,2ccd0d9e9024bcabde0a36eec3dbfc2e5a1d31d877cd55ed3e7789f2fb7f7abd,2026-09-14T13:41:28,dgr6
https://npp.gov.in/public-reports/cea/daily/dgr/22-03-2019/dgr6-2019-03-22.xls,2019/2019-03-22_dgr6.xls,200,18944,876643a27b12e6e4aae0a96d32c55c9b6bd9ea4f193d562801d5d1fae90ae6fa,2026-09-14T13:41:29,dgr6
https://npp.gov.in/public-reports/cea/daily/dgr/23-03-2019/dgr6-2019-03-23.xls,2019/2019-03-23_dgr6.xls,200,18944,e2590012115c4a74f189ed3e4fce7649ac03333aba47d6ff2dd95585dcfc007e,2026-09-14T13:41:29,dgr6
https://npp.gov.in/public-reports/cea/daily/dgr/24-03-2019/dgr6-2019-03-24.xls,2019/2019-03-24_dgr6.xls,200,18944,43c5ae2e6b104263bdd69984492732f6089370add15004619fe330629dc93e0a,2026-09-14T13:41:29,dgr6
https://npp.gov.in/public-reports/cea/daily/dgr/25-03-2019/dgr6-2019-03-25.xls,2019/2019-03-25_dgr6.xls,200,18944,9facf75d9bc6cb8d39650471a7f382827a0863d8f50328734390587940910665,2026-09-14T13:41:30,dgr6
https://npp.gov.in/public-reports/cea/daily/dgr/26-03-2019/dgr6-2019-03-26.xls,2019/2019-03-26_dgr6.xls,200,18944,59c9e94a955e66ad9d26bf44397f67b3b1bf94b85e15cf8b422c0048eae4ae10,2026-09-14T13:41:30,dgr6
https://npp.gov.in/public-reports/cea/daily/dgr/27-03-2019/dgr6-2019-03-27.xls,2019/2019-03-27_dgr6.xls,200,18944,65da8edcea39b18868cb6ab34e5f5c02caef6c1ea35614b4249119011b476054,2026-09-14T13:41:30,dgr6
https://npp.gov.in/public-reports/cea/daily/dgr/28-03-2019/dgr6-2019-03-28.xls,2019/2019-03-28_dgr6.xls,200,18944,6d46ad5c7d3808a478f3adc04335421153b4fb4e8c07ff78a9fac926571a1606,2026-09-14T13:41:31,dgr6
https://npp.gov.in/public-reports/cea/daily/dgr/29-03-2019/dgr6-2019-03-29.xls,2019/2019-03-29_dgr6.xls,200,18944,aa527025227867ca6e86b17c1713b8ee13b34703a45c39877ea03762687bea71,2026-09-14T13:41:31,dgr6
https://npp.gov.in/public-reports/cea/daily/dgr/30-03-2019/dgr6-2019-03-30.xls,2019/2019-03-30_dgr6.xls,200,18944,945d02f61053a56280ee02605405febcbe90c8d2bcab104d07a49c0ba3cdd2fe,2026-09-14T13:41:32,dgr6
https://npp.gov.in/public-reports/cea/daily/dgr/31-03-2019/dgr6-2019-03-31.xls,2019/2019-03-31_dgr6.xls,200,18944,8213021ba79bb4d71c19b1297f67a08bcfa1c490c210e0277745705b256a562a,2026-09-14T13:41:32,dgr6
https://npp.gov.in/public-reports/cea/daily/dgr/01-04-2019/dgr6-2019-04-01.xls,2019/2019-04-01_dgr6.xls,200,18944,839da0a0bf86f6bf98987dbc0b0729553a32cd802a0968a7e3c929fe376f2830,2026-09-14T13:41:32,dgr6
https://npp.gov.in/public-reports/cea/daily/dgr/02-04-2019/dgr6-2019-04-02.xls,2019/2019-04-02_dgr6.xls,200,18944,2c394b6984817f8af0ce94c677d120741eef563624d910e28cea24e6fc83f29d,2026-09-14T13:41:33,dgr6
https://npp.gov.in/public-reports/cea/daily/dgr/03-04-2019/dgr6-2019-04-03.xls,2019/2019-04-03_dgr6.xls,200,18944,ed5bdef6c74640eb4dba47ddc8792e5383fb9f6c8e042eeaf73e754d409d011d,2026-09-14T13:41:33,dgr6
https://npp.gov.in/public-reports/cea/daily/dgr/04-04-2019/dgr6-2019-04-04.xls,2019/2019-04-04_dgr6.xls,200,18944,a616a9e31cae18569c49e8279db800c393f11529b5d68d2603b2ea384f7f99d2,2026-09-14T13:41:33,dgr6
https://npp.gov.in/public-reports/cea/daily/dgr/05-04-2019/dgr6-2019-04-05.xls,2019/2019-04-05_dgr6.xls,200,18944,bf89bd1fc850c3f0af775c426264f4fe59285466e41a8b6b13f8f9fea48037a3,2026-09-14T13:41:34,dgr6
https://npp.gov.in/public-reports/cea/daily/dgr/06-04-2019/dgr6-2019-04-06.xls,2019/2019-04-06_dgr6.xls,200,18944,2f1770335f971988c9cb81e583d338ea188761f23cf69fbea1297db4d4b4ad60,2026-09-14T13:41:34,dgr6
https://npp.gov.in/public-reports/cea/daily/dgr/07-04-2019/dgr6-2019-04-07.xls,2019/2019-04-07_dgr6.xls,200,18944,d028fe199614597954dd1d11f508d61ba2a16bf5ab60ae46733a3ad5aeb36e09,2026-09-14T13:41:35,dgr6
https://npp.gov.in/public-reports/cea/daily/dgr/08-04-2019/dgr6-2019-04-08.xls,2019/2019-04-08_dgr6.xls,200,18944,51d07fb508d5f2652d3103e169d3be01f3fb337a4c679941cb21b3b493fae697,2026-09-14T13:41:35,dgr6
https://npp.gov.in/public-reports/cea/daily/dgr/09-04-2019/dgr6-2019-04-09.xls,2019/2019-04-09_dgr6.xls,200,18944,9bd516dbbf5694a3974c0708f576aa803f3860b9f5414cfe765b3c8017224684,2026-09-14T13:41:35,dgr6
https://npp.gov.in/public-reports/cea/daily/dgr/10-04-2019/dgr6-2019-04-10.xls,2019/2019-04-10_dgr6.xls,200,18944,a3ed570d7e48d1fdd39f9d6c5d088876af1a2a8ad16fa5461d00910ce21b368f,2026-09-14T13:41:36,dgr6
https://npp.gov.in/public-reports/cea/daily/dgr/11-04-2019/dgr6-2019-04-11.xls,2019/2019-04-11_dgr6.xls,200,18944,4228a239577c0ffdf1a9685ccd4ba412b6aba1cb49b2cafac175d4de30111ce2,2026-09-14T13:41:36,dgr6
https://npp.gov.in/public-reports/cea/daily/dgr/12-04-2019/dgr6-2019-04-12.xls,2019/2019-04-12_dgr6.xls,200,18944,fff73e527dec33f05a1e651ee51eaafa9828aa1b8fe0509fab94fdd182749859,2026-09-14T13:41:36,dgr6
https://npp.gov.in/public-reports/cea/daily/dgr/13-04-2019/dgr6-2019-04-13.xls,2019/2019-04-13_dgr6.xls,200,18944,4cfcf7c412005a91b40c5ec5d2a486a4813027617da902156dbeea2b772af342,2026-09-14T13:41:37,dgr6
https://npp.gov.in/public-reports/cea/daily/dgr/14-04-2019/dgr6-2019-04-14.xls,2019/2019-04-14_dgr6.xls,200,18944,c23b64d526ce41c56aeced08b0e66d174b4cb289a67a01f4f45522f9d3feaea1,2026-09-14T13:41:37,dgr6
https://npp.gov.in/public-reports/cea/daily/dgr/15-04-2019/dgr6-2019-04-15.xls,2019/2019-04-15_dgr6.xls,200,18944,cd395af03a3e2c854713c30046194b7b41d63a0a9563b0679cbd9755bf115c19,2026-09-14T13:41:38,dgr6
https://npp.gov.in/public-reports/cea/daily/dgr/16-04-2019/dgr6-2019-04-16.xls,2019/2019-04-16_dgr6.xls,200,18944,efcf0bb93a5ed1a5f3a212f9a2a234e55a10d325160afa35c45f1ea125b08a8c,2026-09-14T13:41:38,dgr6
https://npp.gov.in/public-reports/cea/daily/dgr/17-04-2019/dgr6-2019-04-17.xls,2019/2019-04-17_dgr6.xls,200,18944,90bbc37f9f8043f8cc8d3304627d6a38149ef4a31cacd6be078ded26704afb82,2026-09-14T13:41:38,dgr6
https://npp.gov.in/public-reports/cea/daily/dgr/18-04-2019/dgr6-2019-04-18.xls,2019/2019-04-18_dgr6.xls,200,18944,8ec8817f4f7fd14480faa61d32cf4b0e827e43681e7cc8ec11605192b5aacf7f,2026-09-14T13:41:39,dgr6
https://npp.gov.in/public-reports/cea/daily/dgr/19-04-2019/dgr6-2019-04-19.xls,2019/2019-04-19_dgr6.xls,200,18944,0914e672a9e3a8f71cd36adeb97bc8a96ed1ef2b8a138f800980584a2cb90dc1,2026-09-14T13:41:39,dgr6
https://npp.gov.in/public-reports/cea/daily/dgr/20-04-2019/dgr6-2019-04-20.xls,2019/2019-04-20_dgr6.xls,200,18944,d71f803c659ebdeff3294e8e9fc83e3c628f531b4c4a62b594a57e287f88c762,2026-09-14T13:41:39,dgr6
https://npp.gov.in/public-reports/cea/daily/dgr/21-04-2019/dgr6-2019-04-21.xls,2019/2019-04-21_dgr6.xls,200,18944,4830a13e96e245598db96831f5def96210432c23be1b72b75c8ec377783bd0e0,2026-09-14T13:41:40,dgr6
https://npp.gov.in/public-reports/cea/daily/dgr/22-04-2019/dgr6-2019-04-22.xls,2019/2019-04-22_dgr6.xls,200,18944,5768d6a2bd1f631059da8de7670130a1b4f9c1c7503835248561ee2ea9f2c302,2026-09-14T13:41:40,dgr6
https://npp.gov.in/public-reports/cea/daily/dgr/23-04-2019/dgr6-2019-04-23.xls,2019/2019-04-23_dgr6.xls,200,18944,01ed9c5a4dc289ecaed322d0f792813a73143ef29c60117adbd6bd4542723302,2026-09-14T13:41:41,dgr6
https://npp.gov.in/public-reports/cea/daily/dgr/24-04-2019/dgr6-2019-04-24.xls,2019/2019-04-24_dgr6.xls,200,18944,f13e4e54d2db650e2b45a85028f10667e67e908128a93598b3655315bf15f9b0,2026-09-14T13:41:41,dgr6
https://npp.gov.in/public-reports/cea/daily/dgr/25-04-2019/dgr6-2019-04-25.xls,2019/2019-04-25_dgr6.xls,200,18944,177c8ad3bc5065a71d3ceb957ce8bf4af919d771c05ee05eebb9c3ab77461cc5,2026-09-14T13:41:41,dgr6
https://npp.gov.in/public-reports/cea/daily/dgr/26-04-2019/dgr6-2019-04-26.xls,2019/2019-04-26_dgr6.xls,200,18944,56805ee7d273ab3d342f3a68991dc78072bc270b6a1e92937ba90e172b5ef1a2,2026-09-14T13:41:43,dgr6
https://npp.gov.in/public-reports/cea/daily/dgr/27-04-2019/dgr6-2019-04-27.xls,2019/2019-04-27_dgr6.xls,200,18944,67f81224c2ab834d43fa88db46986a3c24a29b41a65fcee34e0fef2c620506a3,2026-09-14T13:41:43,dgr6
https://npp.gov.in/public-reports/cea/daily/dgr/28-04-2019/dgr6-2019-04-28.xls,2019/2019-04-28_dgr6.xls,200,18944,6cbb9bce252e976d31f233c1172e6b13c9942caed3a104ed067777a1d32d77dd,2026-09-14T13:41:44,dgr6
https://npp.gov.in/public-reports/cea/daily/dgr/29-04-2019/dgr6-2019-04-29.xls,2019/2019-04-29_dgr6.xls,200,18944,50e60eb0d4a67525f654913057bf261427d8f7313d2b902dbc3ff216c14edca4,2026-09-14T13:41:44,dgr6
https://npp.gov.in/public-reports/cea/daily/dgr/30-04-2019/dgr6-2019-04-30.xls,2019/2019-04-30_dgr6.xls,200,18944,600054f266e68284fb1ea43f4954b6390ccaaeb9ddce508684fa2cc8a4995dd1,2026-09-14T13:41:45,dgr6
https://npp.gov.in/public-reports/cea/daily/dgr/01-05-2019/dgr6-2019-05-01.xls,2019/2019-05-01_dgr6.xls,200,18944,b91352b3724cf1d88fb79ef28a763982af54be589d505af2b4265974ad04bcf5,2026-09-14T13:41:45,dgr6
https://npp.gov.in/public-reports/cea/daily/dgr/02-05-2019/dgr6-2019-05-02.xls,2019/2019-05-02_dgr6.xls,200,18944,2f295cba8579d1d9858bc7cc3a6c69c66b0ddb8d3da06d8b0d582a6cae484421,2026-09-14T13:41:46,dgr6
https://npp.gov.in/public-reports/cea/daily/dgr/03-05-2019/dgr6-2019-05-03.xls,2019/2019-05-03_dgr6.xls,200,18944,31a37eac9eada7d5632711de3b446ab37fe46726dd133780796a20988e2e3706,2026-09-14T13:41:46,dgr6
https://npp.gov.in/public-reports/cea/daily/dgr/04-05-2019/dgr6-2019-05-04.xls,2019/2019-05-04_dgr6.xls,200,18944,d4ca94d0be69fc753ff4d8586edd82038d11dc3eba9ced62cc1725b7c81d0da5,2026-09-14T13:41:46,dgr6
https://npp.gov.in/public-reports/cea/daily/dgr/05-05-2019/dgr6-2019-05-05.xls,2019/2019-05-05_dgr6.xls,200,18944,0032b321e04e2f2058285105e855ca32e52d1b2d43aab81cec70968fec9fa2ba,2026-09-14T13:41:47,dgr6
https://npp.gov.in/public-reports/cea/daily/dgr/06-05-2019/dgr6-2019-05-06.xls,2019/2019-05-06_dgr6.xls,200,18944,a1202846d0bbbc0b59cacd12047c940ceddf3affa429e961fbf073a33ee49f68,2026-09-14T13:41:47,dgr6
https://npp.gov.in/public-reports/cea/daily/dgr/07-05-2019/dgr6-2019-05-07.xls,2019/2019-05-07_dgr6.xls,200,18944,2cc13038c564f4ea408d43f24ef1d82a7e35283a20b001f98401b18da14bcbaa,2026-09-14T13:41:47,dgr6
https://npp.gov.in/public-reports/cea/daily/dgr/08-05-2019/dgr6-2019-05-08.xls,2019/2019-05-08_dgr6.xls,200,18944,85c2c16be441c9de50a1ba7d84222356af0bcd2b3d9f2be76f073090f15ef978,2026-09-14T13:41:48,dgr6
https://npp.gov.in/public-reports/cea/daily/dgr/09-05-2019/dgr6-2019-05-09.xls,2019/2019-05-09_dgr6.xls,200,18944,f88de23f8901b86195d62a13713bef5b3aa1dc6813c29e8270dde04c56871de5,2026-09-14T13:41:48,dgr6
https://npp.gov.in/public-reports/cea/daily/dgr/10-05-2019/dgr6-2019-05-10.xls,2019/2019-05-10_dgr6.xls,200,18944,5a1fe0b241e3b99d65bb68f5c995b51c811d0730140d7475475ccf4c3eac063e,2026-09-14T13:41:49,dgr6
https://npp.gov.in/public-reports/cea/daily/dgr/11-05-2019/dgr6-2019-05-11.xls,2019/2019-05-11_dgr6.xls,200,18944,2d3028380cf1aefdc25572ce8d749596cd1df5e8f0ded4fca72468ebc9f3929a,2026-09-14T13:41:49,dgr6
https://npp.gov.in/public-reports/cea/daily/dgr/12-05-2019/dgr6-2019-05-12.xls,2019/2019-05-12_dgr6.xls,200,18944,54a2bced096bf55ec2687bd67ee2f55bc6c64ee66185c8e2bd654ec1b307ebab,2026-09-14T13:41:49,dgr6
https://npp.gov.in/public-reports/cea/daily/dgr/13-05-2019/dgr6-2019-05-13.xls,2019/2019-05-13_dgr6.xls,200,18944,8870953f05a52fdd69b8bbdaafc8a2ac7595a5d77a53e9df00d529e8a4c22b50,2026-09-14T13:41:50,dgr6
https://npp.gov.in/public-reports/cea/daily/dgr/14-05-2019/dgr6-2019-05-14.xls,2019/2019-05-14_dgr6.xls,200,18944,d0f925ef4abc59d448b18afc96913ea4c17b48e7101154b839843cea281360c2,2026-09-14T13:41:50,dgr6
https://npp.gov.in/public-reports/cea/daily/dgr/15-05-2019/dgr6-2019-05-15.xls,2019/2019-05-15_dgr6.xls,200,18944,02196da137dfe672a08819ac1d2b30c293aa754424967b7d5542e7247509fde0,2026-09-14T13:41:50,dgr6
https://npp.gov.in/public-reports/cea/daily/dgr/16-05-2019/dgr6-2019-05-16.xls,2019/2019-05-16_dgr6.xls,200,18944,ec2e83ce902d1fb64f50ce19a6a8034caf9f6424856f7205c219907b339fccd7,2026-09-14T13:41:51,dgr6
https://npp.gov.in/public-reports/cea/daily/dgr/17-05-2019/dgr6-2019-05-17.xls,2019/2019-05-17_dgr6.xls,200,18944,095b2c92ad2b59fdcf86f161329c78830060b1bc24df65559925825603cf60b8,2026-09-14T13:41:51,dgr6
https://npp.gov.in/public-reports/cea/daily/dgr/18-05-2019/dgr6-2019-05-18.xls,2019/2019-05-18_dgr6.xls,200,18944,8f9918cdf4f9351241a17ec690b67916fdb9cbe8cddd0abad461084413e020f1,2026-09-14T13:41:52,dgr6
https://npp.gov.in/public-reports/cea/daily/dgr/19-05-2019/dgr6-2019-05-19.xls,2019/2019-05-19_dgr6.xls,200,18944,5640eefa8ffc4240ed702e73bc0caf6d8cf8a26a1ab6ceb46e8780bdfadea721,2026-09-14T13:41:52,dgr6
https://npp.gov.in/public-reports/cea/daily/dgr/20-05-2019/dgr6-2019-05-20.xls,2019/2019-05-20_dgr6.xls,200,18944,7b2ba5d6e908ed90942b230217669f655aa68409b197ed550f12064310efab78,2026-09-14T13:41:52,dgr6
https://npp.gov.in/public-reports/cea/daily/dgr/21-05-2019/dgr6-2019-05-21.xls,2019/2019-05-21_dgr6.xls,200,18944,a9ba2e5271a1c1dbedc66b00dca123b5c3535152a6344f86978bcbc5cff13d3a,2026-09-14T13:41:53,dgr6
https://npp.gov.in/public-reports/cea/daily/dgr/22-05-2019/dgr6-2019-05-22.xls,2019/2019-05-22_dgr6.xls,200,18944,da6d1ed32c1396efd7fefa97c7d7a33ead5a068dbafc251da53034d8a3b6465a,2026-09-14T13:41:53,dgr6
https://npp.gov.in/public-reports/cea/daily/dgr/23-05-2019/dgr6-2019-05-23.xls,2019/2019-05-23_dgr6.xls,200,18944,7fc0f5a671fbc425705e2c7e383ecc600d23f6d8bbacd582d95ef01bb585c5c6,2026-09-14T13:41:53,dgr6
https://npp.gov.in/public-reports/cea/daily/dgr/24-05-2019/dgr6-2019-05-24.xls,2019/2019-05-24_dgr6.xls,200,18944,186dffb45b06222345254d6b2c70edb38ab7bb9cef61c5fdb309bed30ed483b6,2026-09-14T13:41:54,dgr6
https://npp.gov.in/public-reports/cea/daily/dgr/25-05-2019/dgr6-2019-05-25.xls,2019/2019-05-25_dgr6.xls,200,18944,4aab585e7e5fe25718abaca3b620d50b15ebad8ffc78454f8fb49c56c8a348d3,2026-09-14T13:41:54,dgr6
https://npp.gov.in/public-reports/cea/daily/dgr/26-05-2019/dgr6-2019-05-26.xls,2019/2019-05-26_dgr6.xls,200,18944,d351884de2720ab967c02e38763bd3fce2acc8c4c5ce650a4d7b627939e3cbf2,2026-09-14T13:41:54,dgr6
https://npp.gov.in/public-reports/cea/daily/dgr/27-05-2019/dgr6-2019-05-27.xls,2019/2019-05-27_dgr6.xls,200,18944,40dd5aeec84119abd368bd1a6023620c475905e0225038a67b206b8b9ce016d7,2026-09-14T13:41:55,dgr6
https://npp.gov.in/public-reports/cea/daily/dgr/28-05-2019/dgr6-2019-05-28.xls,2019/2019-05-28_dgr6.xls,200,18944,9aa2759f1eadd289028a5f9bc9712ba65f24a60b854a4537482a9c292c91fdad,2026-09-14T13:41:56,dgr6
https://npp.gov.in/public-reports/cea/daily/dgr/29-05-2019/dgr6-2019-05-29.xls,2019/2019-05-29_dgr6.xls,200,18944,eb34f29250eee910193df14a0c7cbef117db8775e1c77d7e2544f40c15681dd3,2026-09-14T13:41:56,dgr6
https://npp.gov.in/public-reports/cea/daily/dgr/30-05-2019/dgr6-2019-05-30.xls,2019/2019-05-30_dgr6.xls,200,18944,87dd8111bb9733f61c405beb5946eb72b13ce4f22c9f295fd3a4b5ab6c2a2e39,2026-09-14T13:41:56,dgr6
https://npp.gov.in/public-reports/cea/daily/dgr/31-05-2019/dgr6-2019-05-31.xls,2019/2019-05-31_dgr6.xls,200,18944,e011953644fdf816e20e37f23119a823c5617859a2f5119266f2b9b72eb26033,2026-09-14T13:41:57,dgr6
https://npp.gov.in/public-reports/cea/daily/dgr/01-06-2019/dgr6-2019-06-01.xls,2019/2019-06-01_dgr6.xls,200,18944,9ee7e1ddee738abc9b0a599323fbc9e0e94a636d537ad9d0b931bc3ab2f4c8de,2026-09-14T13:41:57,dgr6
https://npp.gov.in/public-reports/cea/daily/dgr/02-06-2019/dgr6-2019-06-02.xls,2019/2019-06-02_dgr6.xls,200,18944,160b0b125ec12ebd2691599b74072af24179d696a9224b0db7bbad0bb07fa6e9,2026-09-14T13:41:57,dgr6
https://npp.gov.in/public-reports/cea/daily/dgr/03-06-2019/dgr6-2019-06-03.xls,2019/2019-06-03_dgr6.xls,200,18944,6f6e7e4b401b6bfe4c345d262ccba51b51b96ff90a905d509e4e20c7b426fee4,2026-09-14T13:41:58,dgr6
https://npp.gov.in/public-reports/cea/daily/dgr/04-06-2019/dgr6-2019-06-04.xls,2019/2019-06-04_dgr6.xls,200,18944,36c64246c7d5505134d72719a64a9076ae0c544cae3dffdcc4710020647fb549,2026-09-14T13:41:58,dgr6
https://npp.gov.in/public-reports/cea/daily/dgr/05-06-2019/dgr6-2019-06-05.xls,2019/2019-06-05_dgr6.xls,200,18944,9296efba9e9fb84dc069abf6f8dcdb182512126b41391ff6e120fcd7ae2a7d50,2026-09-14T13:41:59,dgr6
https://npp.gov.in/public-reports/cea/daily/dgr/06-06-2019/dgr6-2019-06-06.xls,2019/2019-06-06_dgr6.xls,200,18944,99ba1762757da51fa995d9138d33ac18570d5685a295470aaac89ee40e215db2,2026-09-14T13:41:59,dgr6
https://npp.gov.in/public-reports/cea/daily/dgr/07-06-2019/dgr6-2019-06-07.xls,2019/2019-06-07_dgr6.xls,200,18944,d004162f5210c43cb6562ecf34c045181af3f4dca62168f1d4877c04a9c9eda0,2026-09-14T13:41:59,dgr6
https://npp.gov.in/public-reports/cea/daily/dgr/08-06-2019/dgr6-2019-06-08.xls,2019/2019-06-08_dgr6.xls,200,18944,50ec6b0901e3611b623031aee89a715af03d2a2745161ed72bf42a08e6bfd0ae,2026-09-14T13:42:00,dgr6
https://npp.gov.in/public-reports/cea/daily/dgr/09-06-2019/dgr6-2019-06-09.xls,2019/2019-06-09_dgr6.xls,200,18944,27199bdbce8d348816aa10240178e83f52c59c95e23bd392cb86ef46f363b169,2026-09-14T13:42:00,dgr6
https://npp.gov.in/public-reports/cea/daily/dgr/10-06-2019/dgr6-2019-06-10.xls,2019/2019-06-10_dgr6.xls,200,18944,db27bf60b916d70106d765c51d0b6188fb3267ab333fd9a669d1e1754494bfce,2026-09-14T13:42:00,dgr6
https://npp.gov.in/public-reports/cea/daily/dgr/11-06-2019/dgr6-2019-06-11.xls,2019/2019-06-11_dgr6.xls,200,18944,83606006d85c7130a0cf7fa3c0570c609a4f3eb5c8c72c06976e0624d6642f01,2026-09-14T13:42:01,dgr6
https://npp.gov.in/public-reports/cea/daily/dgr/12-06-2019/dgr6-2019-06-12.xls,2019/2019-06-12_dgr6.xls,200,18944,80a9b90b4706e27b532bb78ef4c92a51a1f27dd77e19740ab4cf0f2a27bf5e8f,2026-09-14T13:42:01,dgr6
https://npp.gov.in/public-reports/cea/daily/dgr/13-06-2019/dgr6-2019-06-13.xls,2019/2019-06-13_dgr6.xls,200,18944,eb7607fbaa27f4ac4e02241f1bca757e756efa3777e99a826f4d5d7ffd5453df,2026-09-14T13:42:02,dgr6
https://npp.gov.in/public-reports/cea/daily/dgr/14-06-2019/dgr6-2019-06-14.xls,2019/2019-06-14_dgr6.xls,200,18944,0ae89210130a3eec460e0ac3e7f91261f92619c2c985288456bfade896146446,2026-09-14T13:42:02,dgr6
https://npp.gov.in/public-reports/cea/daily/dgr/15-06-2019/dgr6-2019-06-15.xls,2019/2019-06-15_dgr6.xls,200,18944,552b9a4ff72377309ec29fbe72738206f4c3b52895ab970660ed4411851e0a74,2026-09-14T13:42:02,dgr6
https://npp.gov.in/public-reports/cea/daily/dgr/16-06-2019/dgr6-2019-06-16.xls,2019/2019-06-16_dgr6.xls,200,18944,cc7814bf283f9312412eedc970263801cdf5974960b12a21d4dcd217d744ee76,2026-09-14T13:42:03,dgr6
https://npp.gov.in/public-reports/cea/daily/dgr/17-06-2019/dgr6-2019-06-17.xls,2019/2019-06-17_dgr6.xls,404,0,,2026-09-14T13:42:03,dgr6
https://npp.gov.in/public-reports/cea/daily/dgr/18-06-2019/dgr6-2019-06-18.xls,2019/2019-06-18_dgr6.xls,200,18944,c97450b9980c0b1ac05b7dde3b88d83bdb8a38b7340475f4fc9f0446a9b72ab2,2026-09-14T13:42:03,dgr6
https://npp.gov.in/public-reports/cea/daily/dgr/19-06-2019/dgr6-2019-06-19.xls,2019/2019-06-19_dgr6.xls,200,18944,380df535ec344bf60840263ea00a7781d54dc0ee7ef1bba9dc86f5bbd0215c85,2026-09-14T13:42:04,dgr6
https://npp.gov.in/public-reports/cea/daily/dgr/20-06-2019/dgr6-2019-06-20.xls,2019/2019-06-20_dgr6.xls,200,18944,2295a4ec789fa83ed64d3167e25902af6356220aa2259031def386f60ffb9b1e,2026-09-14T13:42:04,dgr6
https://npp.gov.in/public-reports/cea/daily/dgr/21-06-2019/dgr6-2019-06-21.xls,2019/2019-06-21_dgr6.xls,200,18944,e0f67aa9fabaa1ab01d668b1642b212d0621e2c65491af771df61314afcc0fdb,2026-09-14T13:42:05,dgr6
https://npp.gov.in/public-reports/cea/daily/dgr/22-06-2019/dgr6-2019-06-22.xls,2019/2019-06-22_dgr6.xls,200,18944,af3638903e8c2fe5a3c02114d7db63006119538f713be465c1f937eb50ab79e4,2026-09-14T13:42:05,dgr6
https://npp.gov.in/public-reports/cea/daily/dgr/23-06-2019/dgr6-2019-06-23.xls,2019/2019-06-23_dgr6.xls,200,18944,e77254f434e96845d2cd445ee19430b2c0ed57d9c10728e8dda7665fb949aa3a,2026-09-14T13:42:05,dgr6
https://npp.gov.in/public-reports/cea/daily/dgr/24-06-2019/dgr6-2019-06-24.xls,2019/2019-06-24_dgr6.xls,200,18944,63bea7b3032a5eb6b0806724d19db076af0386975b604c58d6bce2255042d8f0,2026-09-14T13:42:06,dgr6
https://npp.gov.in/public-reports/cea/daily/dgr/25-06-2019/dgr6-2019-06-25.xls,2019/2019-06-25_dgr6.xls,200,18944,e425b527e751b0da8300e8233913f6883820381f55250923069faa14f0304363,2026-09-14T13:42:06,dgr6
https://npp.gov.in/public-reports/cea/daily/dgr/26-06-2019/dgr6-2019-06-26.xls,2019/2019-06-26_dgr6.xls,200,18944,df838aa26b5c02bef72f68d393801704f7b254322d9513139af4af0a4c644ea8,2026-09-14T13:42:06,dgr6
https://npp.gov.in/public-reports/cea/daily/dgr/27-06-2019/dgr6-2019-06-27.xls,2019/2019-06-27_dgr6.xls,200,18944,18ef426b9caddfd9c4b673268f65eefa0367b64bfd65cbc41dc3f0b4cf16bb82,2026-09-14T13:42:07,dgr6
https://npp.gov.in/public-reports/cea/daily/dgr/28-06-2019/dgr6-2019-06-28.xls,2019/2019-06-28_dgr6.xls,200,18944,6b1d19d7401709e4210dc035b99023c66756769978b3b0512eae5542fbbdc552,2026-09-14T13:42:07,dgr6
https://npp.gov.in/public-reports/cea/daily/dgr/29-06-2019/dgr6-2019-06-29.xls,2019/2019-06-29_dgr6.xls,200,18944,7593f723957702c1576f231ef9d53626998ef86610cfb707949000ea28ee11ee,2026-09-14T13:42:08,dgr6
https://npp.gov.in/public-reports/cea/daily/dgr/30-06-2019/dgr6-2019-06-30.xls,2019/2019-06-30_dgr6.xls,200,18944,a4e37c170685fbea2bcaad97782b6e504748eee9fe90f8347f86bf6382096bed,2026-09-14T13:42:08,dgr6
https://npp.gov.in/public-reports/cea/daily/dgr/01-07-2019/dgr6-2019-07-01.xls,2019/2019-07-01_dgr6.xls,200,18944,6a445e36da8295a972e2e61df31b85a4b0eda55d729b7eb6e306c5bf1e8644eb,2026-09-14T13:42:08,dgr6
https://npp.gov.in/public-reports/cea/daily/dgr/02-07-2019/dgr6-2019-07-02.xls,2019/2019-07-02_dgr6.xls,200,18944,511e1fb3503e290a567c46a985050952fea2c85b40e417f0381d766809fadd04,2026-09-14T13:42:09,dgr6
https://npp.gov.in/public-reports/cea/daily/dgr/03-07-2019/dgr6-2019-07-03.xls,2019/2019-07-03_dgr6.xls,200,18944,ff9b860e525fa313221e8d39452390b904250a80ae09adf27be1585bdf9c7800,2026-09-14T13:42:09,dgr6
https://npp.gov.in/public-reports/cea/daily/dgr/04-07-2019/dgr6-2019-07-04.xls,2019/2019-07-04_dgr6.xls,200,18944,3068740ba9869be1fb2c62f93f4c6fc10204fe9bdf050df7502775430ffa879d,2026-09-14T13:42:09,dgr6
https://npp.gov.in/public-reports/cea/daily/dgr/05-07-2019/dgr6-2019-07-05.xls,2019/2019-07-05_dgr6.xls,200,18944,b9115e14df57b5b78e7ce85caa819881a60fb27a9954ffa1dcf877981a4cd190,2026-09-14T13:42:10,dgr6
https://npp.gov.in/public-reports/cea/daily/dgr/06-07-2019/dgr6-2019-07-06.xls,2019/2019-07-06_dgr6.xls,200,18944,614a759ec5af349a0faba971ca9d1824fb0ea51dcbd2d01f05e416156a5f308a,2026-09-14T13:42:10,dgr6
https://npp.gov.in/public-reports/cea/daily/dgr/07-07-2019/dgr6-2019-07-07.xls,2019/2019-07-07_dgr6.xls,200,18944,65276108cd3c04bf38b8c5de10207f35fbd1c63a4df76807af987eecfe3a63f4,2026-09-14T13:42:10,dgr6
https://npp.gov.in/public-reports/cea/daily/dgr/08-07-2019/dgr6-2019-07-08.xls,2019/2019-07-08_dgr6.xls,200,18944,45b63dbcd58ed64967f34b42e20c890fb2d1beb418a9a6b33ba004087354b0d8,2026-09-14T13:42:11,dgr6
https://npp.gov.in/public-reports/cea/daily/dgr/09-07-2019/dgr6-2019-07-09.xls,2019/2019-07-09_dgr6.xls,200,18944,092fd2640134845a1ed4c08b3f417c3513a28cf937625453d396e840d8a49d68,2026-09-14T13:42:11,dgr6
https://npp.gov.in/public-reports/cea/daily/dgr/10-07-2019/dgr6-2019-07-10.xls,2019/2019-07-10_dgr6.xls,200,18944,67b3297c8e9a0e3d9b1667e35746d431b4201dbbae355109084b2abaf2eeb0d4,2026-09-14T13:42:12,dgr6
https://npp.gov.in/public-reports/cea/daily/dgr/11-07-2019/dgr6-2019-07-11.xls,2019/2019-07-11_dgr6.xls,200,18944,f5dbdc137443b7c8c8f40eee3ae18e73228cbde7a70d3c3d4d334c8a8f2d10e8,2026-09-14T13:42:12,dgr6
https://npp.gov.in/public-reports/cea/daily/dgr/12-07-2019/dgr6-2019-07-12.xls,2019/2019-07-12_dgr6.xls,200,18944,bb97c7d2a15cdc0041b23ead7d8f956b5b82a501e34885e9167c00104cc5d4b5,2026-09-14T13:42:12,dgr6
https://npp.gov.in/public-reports/cea/daily/dgr/13-07-2019/dgr6-2019-07-13.xls,2019/2019-07-13_dgr6.xls,200,18944,4cddd85ec17481602f691b9030baf1fdeeac243065dbf3242f82873c862a12e3,2026-09-14T13:42:13,dgr6
https://npp.gov.in/public-reports/cea/daily/dgr/14-07-2019/dgr6-2019-07-14.xls,2019/2019-07-14_dgr6.xls,200,18944,71c44e98c13be297733e9eb3f5f56bd72e4369673dd308a5e81d410b0a659e38,2026-09-14T13:42:13,dgr6
https://npp.gov.in/public-reports/cea/daily/dgr/15-07-2019/dgr6-2019-07-15.xls,2019/2019-07-15_dgr6.xls,200,18944,021dbd8522576fda269dec408be1dfb8b44e822b1c82085a1d96ea42cea75aae,2026-09-14T13:42:13,dgr6
https://npp.gov.in/public-reports/cea/daily/dgr/16-07-2019/dgr6-2019-07-16.xls,2019/2019-07-16_dgr6.xls,200,18944,4b8574368c093f0035a80497bda7a1af7d328efb83cefe4a9272115b8ec9de2b,2026-09-14T13:42:14,dgr6
https://npp.gov.in/public-reports/cea/daily/dgr/17-07-2019/dgr6-2019-07-17.xls,2019/2019-07-17_dgr6.xls,200,18944,bd7eb50b12876b9c842f61a6e0121ca52a12256b43c35977972cd21a50846a21,2026-09-14T13:42:14,dgr6
https://npp.gov.in/public-reports/cea/daily/dgr/18-07-2019/dgr6-2019-07-18.xls,2019/2019-07-18_dgr6.xls,200,18944,d51b0a513bc3f5cb8648d7e70f57aed12de6f1272ab6085b054963aab69ef693,2026-09-14T13:42:15,dgr6
https://npp.gov.in/public-reports/cea/daily/dgr/19-07-2019/dgr6-2019-07-19.xls,2019/2019-07-19_dgr6.xls,200,18944,ddb9617e2c34d806d12f2e574304615ddd99accffdb2c50b46c7e79881eea660,2026-09-14T13:42:15,dgr6
https://npp.gov.in/public-reports/cea/daily/dgr/20-07-2019/dgr6-2019-07-20.xls,2019/2019-07-20_dgr6.xls,200,18944,b0d703f674db47d190cb7a8a749ca5af4c8a148ad078a05751e849c54f836f3e,2026-09-14T13:42:15,dgr6
https://npp.gov.in/public-reports/cea/daily/dgr/21-07-2019/dgr6-2019-07-21.xls,2019/2019-07-21_dgr6.xls,200,18944,1fcc0065ff1268d37ced8ef846b65bda7f8e4b089c7651b7c02cc81f1c4e405f,2026-09-14T13:42:16,dgr6
https://npp.gov.in/public-reports/cea/daily/dgr/22-07-2019/dgr6-2019-07-22.xls,2019/2019-07-22_dgr6.xls,200,18944,b9544139ef9689ef4e9b320b338e26c102b175c3164adc727881c84f59be9681,2026-09-14T13:42:17,dgr6
https://npp.gov.in/public-reports/cea/daily/dgr/23-07-2019/dgr6-2019-07-23.xls,2019/2019-07-23_dgr6.xls,200,18944,a9f311aad36dec58c236df2cc1acb1f525da791a38a5547acb0a09e19e3f182f,2026-09-14T13:42:17,dgr6
https://npp.gov.in/public-reports/cea/daily/dgr/24-07-2019/dgr6-2019-07-24.xls,2019/2019-07-24_dgr6.xls,200,18944,91bde7fd46f27ce86c9db6516622354d592c9b56b1e59313872200576e24f14e,2026-09-14T13:42:17,dgr6
https://npp.gov.in/public-reports/cea/daily/dgr/25-07-2019/dgr6-2019-07-25.xls,2019/2019-07-25_dgr6.xls,200,18944,5f838d727a05b1a6a9398affdfa10a4f3916c9f917afbf89164cee7818831309,2026-09-14T13:42:18,dgr6
https://npp.gov.in/public-reports/cea/daily/dgr/26-07-2019/dgr6-2019-07-26.xls,2019/2019-07-26_dgr6.xls,200,18944,fe3a11d954cbff2a59951048e6de3b2f2c294746170b1ec9c703dc2d48800391,2026-09-14T13:42:18,dgr6
https://npp.gov.in/public-reports/cea/daily/dgr/27-07-2019/dgr6-2019-07-27.xls,2019/2019-07-27_dgr6.xls,200,18944,1116f75f6812485343f81bd50f1958d6001a594d58534dcee33206c4c4b4d9fa,2026-09-14T13:42:18,dgr6
https://npp.gov.in/public-reports/cea/daily/dgr/28-07-2019/dgr6-2019-07-28.xls,2019/2019-07-28_dgr6.xls,200,18944,9431ab2ad1072ae8a9d7f7d2853d92e021381749af1f8ddf6c7877f2216ccb1b,2026-09-14T13:42:19,dgr6
https://npp.gov.in/public-reports/cea/daily/dgr/29-07-2019/dgr6-2019-07-29.xls,2019/2019-07-29_dgr6.xls,200,18944,d978158cd977a28fa21ebf8099d5334dbacc47ae25d6bc9035e88fa67f67e67c,2026-09-14T13:42:19,dgr6
https://npp.gov.in/public-reports/cea/daily/dgr/30-07-2019/dgr6-2019-07-30.xls,2019/2019-07-30_dgr6.xls,200,18944,76390655a155dd814d8f14d389dd39b8a78ee148c580c2c5da03cb16d4cb9f0a,2026-09-14T13:42:20,dgr6
https://npp.gov.in/public-reports/cea/daily/dgr/31-07-2019/dgr6-2019-07-31.xls,2019/2019-07-31_dgr6.xls,200,18944,69e5436039d7f312f8b4d72e7ab4cb5e9af2ea4ab9c12578b1a7ebdafd945cd1,2026-09-14T13:42:20,dgr6
https://npp.gov.in/public-reports/cea/daily/dgr/01-08-2019/dgr6-2019-08-01.xls,2019/2019-08-01_dgr6.xls,200,18944,d57ced35af85aa2a9738e0ad65e4287ae4c98d6acaa3ffe75411b542c8b5b1ad,2026-09-14T13:42:20,dgr6
https://npp.gov.in/public-reports/cea/daily/dgr/02-08-2019/dgr6-2019-08-02.xls,2019/2019-08-02_dgr6.xls,200,18944,faa6052dce0547da6c0aa181e242625a5d6f321c0329c0e98821313f12ec192b,2026-09-14T13:42:21,dgr6
https://npp.gov.in/public-reports/cea/daily/dgr/03-08-2019/dgr6-2019-08-03.xls,2019/2019-08-03_dgr6.xls,200,18944,d877f351212c24968c50a6db26e63710ad1f98e20d3fd41d840153845c7a043b,2026-09-14T13:42:21,dgr6
https://npp.gov.in/public-reports/cea/daily/dgr/04-08-2019/dgr6-2019-08-04.xls,2019/2019-08-04_dgr6.xls,200,18944,f91f60f03375c29c53412f3b44fbb16062ca6de7049724a25bbe247a86bde49a,2026-09-14T13:42:24,dgr6
https://npp.gov.in/public-reports/cea/daily/dgr/05-08-2019/dgr6-2019-08-05.xls,2019/2019-08-05_dgr6.xls,200,18944,6f457638f58c789a5338dfd9806da1535760a47f5cc55bda1f3daf80d35b4756,2026-09-14T13:42:26,dgr6
https://npp.gov.in/public-reports/cea/daily/dgr/06-08-2019/dgr6-2019-08-06.xls,2019/2019-08-06_dgr6.xls,200,18944,73dff5bbb25db1bb2abb64fe8a42742c743e6c9833cee143572bc2476a51f787,2026-09-14T13:42:27,dgr6
https://npp.gov.in/public-reports/cea/daily/dgr/07-08-2019/dgr6-2019-08-07.xls,2019/2019-08-07_dgr6.xls,200,18944,6df5bfdc1c2a68a7e27380019a8252ee86ae2c28d6fe98aee3d60fdbcb3200d4,2026-09-14T13:42:29,dgr6
https://npp.gov.in/public-reports/cea/daily/dgr/08-08-2019/dgr6-2019-08-08.xls,2019/2019-08-08_dgr6.xls,200,18944,4ad4eadb7d640dfaceadd261124cb5e2955942578de94e352806d6e77383acb7,2026-09-14T13:42:30,dgr6
https://npp.gov.in/public-reports/cea/daily/dgr/09-08-2019/dgr6-2019-08-09.xls,2019/2019-08-09_dgr6.xls,200,18944,6a5588b2e999f9ece70d9965e691c83b908979adb4f364dc8330eab1c0c72774,2026-09-14T13:42:30,dgr6
https://npp.gov.in/public-reports/cea/daily/dgr/10-08-2019/dgr6-2019-08-10.xls,2019/2019-08-10_dgr6.xls,200,18944,25ff53fde8bd358393a659a5ae702e2e1ec5399ca311a9d55597a27ac4bd7ca5,2026-09-14T13:42:31,dgr6
https://npp.gov.in/public-reports/cea/daily/dgr/11-08-2019/dgr6-2019-08-11.xls,2019/2019-08-11_dgr6.xls,200,18944,8951e7dcdf3fc63da76669d2383a467706aeb6cfecebb7436e0f19e735bb1e64,2026-09-14T13:42:32,dgr6
https://npp.gov.in/public-reports/cea/daily/dgr/12-08-2019/dgr6-2019-08-12.xls,2019/2019-08-12_dgr6.xls,200,18944,c26b6b1f7468a0bae393c3dc2c75916ea3221e456449478f8d9259d5d9bb5704,2026-09-14T13:42:33,dgr6
https://npp.gov.in/public-reports/cea/daily/dgr/13-08-2019/dgr6-2019-08-13.xls,2019/2019-08-13_dgr6.xls,200,18944,b9c7d144df32e5c56858354bbdd75cf4c12b3df8e57a69744e7183a5559662d1,2026-09-14T13:42:34,dgr6
https://npp.gov.in/public-reports/cea/daily/dgr/14-08-2019/dgr6-2019-08-14.xls,2019/2019-08-14_dgr6.xls,200,18944,196303dc2239291f9fbbd796f4ea57b2b0e911222f38b10291369932a1dc7e39,2026-09-14T13:42:36,dgr6
https://npp.gov.in/public-reports/cea/daily/dgr/15-08-2019/dgr6-2019-08-15.xls,2019/2019-08-15_dgr6.xls,200,18944,68f6dbd973ce3ef7e54ae3a456276fe35ed0d07aec5d0f7ea1d803d550a0ccd7,2026-09-14T13:42:36,dgr6
https://npp.gov.in/public-reports/cea/daily/dgr/16-08-2019/dgr6-2019-08-16.xls,2019/2019-08-16_dgr6.xls,200,18944,d8376e5da2124f314fb84d8e3dd7ede557fea428e174565fa4ea03ffb6575a35,2026-09-14T13:42:38,dgr6
https://npp.gov.in/public-reports/cea/daily/dgr/17-08-2019/dgr6-2019-08-17.xls,2019/2019-08-17_dgr6.xls,200,18944,d712caa085ed1f3166ead7ae969e6deea25bd17073f17f2d128116ecf5c35534,2026-09-14T13:42:39,dgr6
https://npp.gov.in/public-reports/cea/daily/dgr/18-08-2019/dgr6-2019-08-18.xls,2019/2019-08-18_dgr6.xls,200,18944,c746316dcd1ac4c9802d08169dc895f85ba4b3ef835cc817c3ad8e403ab8a0d0,2026-09-14T13:42:40,dgr6
https://npp.gov.in/public-reports/cea/daily/dgr/19-08-2019/dgr6-2019-08-19.xls,2019/2019-08-19_dgr6.xls,200,18944,f166eb4add24184d71660c04567b4a730eaa844dc880e88a44f2fc10e6d93337,2026-09-14T13:42:41,dgr6
https://npp.gov.in/public-reports/cea/daily/dgr/20-08-2019/dgr6-2019-08-20.xls,2019/2019-08-20_dgr6.xls,200,18944,d0c090f313a985e99d93a611d55784029357daecde92e605e08e5eee4009f680,2026-09-14T13:42:42,dgr6
https://npp.gov.in/public-reports/cea/daily/dgr/21-08-2019/dgr6-2019-08-21.xls,2019/2019-08-21_dgr6.xls,200,18944,6917596a4337495f6686a42e967be7a930fa0130620885715e73a314bdfeea37,2026-09-14T13:42:43,dgr6
https://npp.gov.in/public-reports/cea/daily/dgr/22-08-2019/dgr6-2019-08-22.xls,2019/2019-08-22_dgr6.xls,200,18944,fa4b7e2d9eb451a90673050ff2da488fc695a849872ae3224f59d3a09a0540e0,2026-09-14T13:42:43,dgr6
https://npp.gov.in/public-reports/cea/daily/dgr/23-08-2019/dgr6-2019-08-23.xls,2019/2019-08-23_dgr6.xls,200,18944,b39bb453ffaa1ce14a9ff024e07b829e64ff4c5a573987a8b22d0e28b017eae7,2026-09-14T13:42:44,dgr6
https://npp.gov.in/public-reports/cea/daily/dgr/24-08-2019/dgr6-2019-08-24.xls,2019/2019-08-24_dgr6.xls,200,18944,4ebde21b4c5dff8e111574e5586b4e7239933bd1ab084c940a29228a27cf444c,2026-09-14T13:42:45,dgr6
https://npp.gov.in/public-reports/cea/daily/dgr/25-08-2019/dgr6-2019-08-25.xls,2019/2019-08-25_dgr6.xls,200,18944,ba8fedf9c89bd6c694b3b74bc9d19d7770a063a88eac294b3eb7db37929b01f4,2026-09-14T13:42:46,dgr6
https://npp.gov.in/public-reports/cea/daily/dgr/26-08-2019/dgr6-2019-08-26.xls,2019/2019-08-26_dgr6.xls,200,18944,2bbca9bbbeb8befbeb00f40967e7da40df6d5316a30a19fa84929115491e1464,2026-09-14T13:42:47,dgr6
https://npp.gov.in/public-reports/cea/daily/dgr/27-08-2019/dgr6-2019-08-27.xls,2019/2019-08-27_dgr6.xls,200,18944,4e27eae09e56e6cb0a6a0714469db5cbf50ad9c1f61e1dbb3705190c91f2cd78,2026-09-14T13:42:48,dgr6
https://npp.gov.in/public-reports/cea/daily/dgr/28-08-2019/dgr6-2019-08-28.xls,2019/2019-08-28_dgr6.xls,200,18944,f7308930fea1832757f6a5d66b4d90823d3772204219cf69e3a3a8b61bc37191,2026-09-14T13:42:49,dgr6
https://npp.gov.in/public-reports/cea/daily/dgr/29-08-2019/dgr6-2019-08-29.xls,2019/2019-08-29_dgr6.xls,200,18944,c9691744dc9b818245b28fc763a148c56507dc4021c0c6b9f0bd6daea4397e60,2026-09-14T13:42:50,dgr6
https://npp.gov.in/public-reports/cea/daily/dgr/30-08-2019/dgr6-2019-08-30.xls,2019/2019-08-30_dgr6.xls,200,18944,72ef0b83eaf5a502214ec2637b4efbc681c8871733945eb72948d9e111dab618,2026-09-14T13:42:51,dgr6
https://npp.gov.in/public-reports/cea/daily/dgr/31-08-2019/dgr6-2019-08-31.xls,2019/2019-08-31_dgr6.xls,200,18944,dff993173b5e7317c3bee54b8263be8741f3252bd3502ebe39fdee57d7bafb26,2026-09-14T13:42:53,dgr6
https://npp.gov.in/public-reports/cea/daily/dgr/01-09-2019/dgr6-2019-09-01.xls,2019/2019-09-01_dgr6.xls,200,18944,47fc56b71b89304538ba9e0b64419202813d3e5436e81efa6aa4a5434d56c5d9,2026-09-14T13:42:54,dgr6
https://npp.gov.in/public-reports/cea/daily/dgr/02-09-2019/dgr6-2019-09-02.xls,2019/2019-09-02_dgr6.xls,200,18944,ee74e8de797f89cd2bc450a869623b0b74c6e98d731c41896f09875b7aeaa2b1,2026-09-14T13:42:55,dgr6
https://npp.gov.in/public-reports/cea/daily/dgr/03-09-2019/dgr6-2019-09-03.xls,2019/2019-09-03_dgr6.xls,200,18944,15da9552fc24d4d7b2d2978ec90312fb2dc9fa56b97089013cfc14d12bfd9c3e,2026-09-14T13:42:56,dgr6
https://npp.gov.in/public-reports/cea/daily/dgr/04-09-2019/dgr6-2019-09-04.xls,2019/2019-09-04_dgr6.xls,200,18944,c2fba0177938c0f935657ea300c951c03f00c6c4f456a1cf7f45d56d1b5de1d8,2026-09-14T13:42:56,dgr6
https://npp.gov.in/public-reports/cea/daily/dgr/05-09-2019/dgr6-2019-09-05.xls,2019/2019-09-05_dgr6.xls,200,18944,c08550ebeaacb57b87000b79f7af11ff65b14dff285eb8951beced9fc4407822,2026-09-14T13:42:57,dgr6
https://npp.gov.in/public-reports/cea/daily/dgr/06-09-2019/dgr6-2019-09-06.xls,2019/2019-09-06_dgr6.xls,200,18944,332cce195c4214175ffdf6643ff373d8223f80adf86c53a73761ff3532f487f0,2026-09-14T13:42:58,dgr6
https://npp.gov.in/public-reports/cea/daily/dgr/07-09-2019/dgr6-2019-09-07.xls,2019/2019-09-07_dgr6.xls,200,18944,047a3983db940036dc1946cdf7df279821ef833e5c72da695bd91cdc15d383f7,2026-09-14T13:42:59,dgr6
https://npp.gov.in/public-reports/cea/daily/dgr/08-09-2019/dgr6-2019-09-08.xls,2019/2019-09-08_dgr6.xls,200,18944,f4adcffbc1aa0e4096ce452a6f7c307032a6fa5e760d1fffa177d69d4cf548d5,2026-09-14T13:43:00,dgr6
https://npp.gov.in/public-reports/cea/daily/dgr/09-09-2019/dgr6-2019-09-09.xls,2019/2019-09-09_dgr6.xls,200,18944,5d4e3ad3b8e44df1ed9ddce2af1005aa83e93c1baff7df467afaa6d1d849e5f7,2026-09-14T13:43:02,dgr6
https://npp.gov.in/public-reports/cea/daily/dgr/10-09-2019/dgr6-2019-09-10.xls,2019/2019-09-10_dgr6.xls,200,18944,e7f806250de131686c1077972661bdcd5b590a2e3bdc11ee33e81fe8346d59ef,2026-09-14T13:43:03,dgr6
https://npp.gov.in/public-reports/cea/daily/dgr/11-09-2019/dgr6-2019-09-11.xls,2019/2019-09-11_dgr6.xls,200,18944,ff7ee9efc04e2c092731daa3bca5818566a9513cdcf18c2e0f0c3335019756e8,2026-09-14T13:43:03,dgr6
https://npp.gov.in/public-reports/cea/daily/dgr/12-09-2019/dgr6-2019-09-12.xls,2019/2019-09-12_dgr6.xls,200,18944,6b10b31b45c9c13bc66c1b14d8903d2f11dbd18ab95ac118725a8e523b5119ea,2026-09-14T13:43:04,dgr6
https://npp.gov.in/public-reports/cea/daily/dgr/13-09-2019/dgr6-2019-09-13.xls,2019/2019-09-13_dgr6.xls,200,18944,e02f3c03439f877507595065743d1c103ff7c0e52e87e8ab0c8c12c67ecf98cf,2026-09-14T13:43:05,dgr6
https://npp.gov.in/public-reports/cea/daily/dgr/14-09-2019/dgr6-2019-09-14.xls,2019/2019-09-14_dgr6.xls,200,18944,e54c58035137678ccccdd024e7e9896f794c59fe4fd47f1d2375dccf1aff9ac1,2026-09-14T13:43:05,dgr6
https://npp.gov.in/public-reports/cea/daily/dgr/15-09-2019/dgr6-2019-09-15.xls,2019/2019-09-15_dgr6.xls,200,18944,0a34844eef014d2f40572c9081a3962fcd163e96e15b69c1033019b37b8a4648,2026-09-14T13:43:06,dgr6
https://npp.gov.in/public-reports/cea/daily/dgr/16-09-2019/dgr6-2019-09-16.xls,2019/2019-09-16_dgr6.xls,200,18944,c3e17fb3f44368b72d71e813799b797ad9d1a80c96655be717f6d1f7eb454299,2026-09-14T13:43:06,dgr6
https://npp.gov.in/public-reports/cea/daily/dgr/17-09-2019/dgr6-2019-09-17.xls,2019/2019-09-17_dgr6.xls,200,18944,3763bd6e5003408478ef364d18fe215dbecf41be59a599899970635c502bdc94,2026-09-14T13:43:07,dgr6
https://npp.gov.in/public-reports/cea/daily/dgr/18-09-2019/dgr6-2019-09-18.xls,2019/2019-09-18_dgr6.xls,200,18944,3ed2d838b9d819c7cc40860197b9b2b4703bea577fcb53e70c4b209321b55d7a,2026-09-14T13:43:07,dgr6
https://npp.gov.in/public-reports/cea/daily/dgr/19-09-2019/dgr6-2019-09-19.xls,2019/2019-09-19_dgr6.xls,200,4608,431c66c77d57f26c5beb9d818e836f636b8b6cf186f75dff3812b858cbc57bb2,2026-09-14T13:43:08,dgr6
https://npp.gov.in/public-reports/cea/daily/dgr/20-09-2019/dgr6-2019-09-20.xls,2019/2019-09-20_dgr6.xls,200,18944,4f284652057cba8eb4569fd31138fd1ab46e5893a2bf8d4c856afd6dddd95bc6,2026-09-14T13:43:08,dgr6
https://npp.gov.in/public-reports/cea/daily/dgr/21-09-2019/dgr6-2019-09-21.xls,2019/2019-09-21_dgr6.xls,200,18944,284929d0dee564e86d4cd0541855553152904c703677442d6af7ffb91db0be10,2026-09-14T13:43:09,dgr6
https://npp.gov.in/public-reports/cea/daily/dgr/22-09-2019/dgr6-2019-09-22.xls,2019/2019-09-22_dgr6.xls,200,18944,8d870debc5adc648345f33da5e1a4ff2ab1ef7680f73cc815f18d79cc78766f5,2026-09-14T13:43:11,dgr6
https://npp.gov.in/public-reports/cea/daily/dgr/23-09-2019/dgr6-2019-09-23.xls,2019/2019-09-23_dgr6.xls,200,18944,697b10976856010f0724ad5ea67b0e76dc8a292e3a1de416bfa702a2e0d2a67b,2026-09-14T13:43:12,dgr6
https://npp.gov.in/public-reports/cea/daily/dgr/24-09-2019/dgr6-2019-09-24.xls,2019/2019-09-24_dgr6.xls,200,18944,6a69a613de469e6f3bc7d5aa747024ed2ccdd54567044a8ef8d9cf5d3da533ef,2026-09-14T13:43:13,dgr6
https://npp.gov.in/public-reports/cea/daily/dgr/25-09-2019/dgr6-2019-09-25.xls,2019/2019-09-25_dgr6.xls,200,18944,a5cf08035141d1ca8fef9a23e70f615a25c7c27ee7c132089b0880eccff5cd0b,2026-09-14T13:43:14,dgr6
https://npp.gov.in/public-reports/cea/daily/dgr/26-09-2019/dgr6-2019-09-26.xls,2019/2019-09-26_dgr6.xls,200,18944,f99559bda05d1de4d04f0f685d04790ce824a0840fbd0898d8b3b8f46e297dea,2026-09-14T13:43:15,dgr6
https://npp.gov.in/public-reports/cea/daily/dgr/27-09-2019/dgr6-2019-09-27.xls,2019/2019-09-27_dgr6.xls,200,18944,7be8d68c27895633d67a93a24c0082a7be4f1d4e5409b146dfe66a37eb31a48f,2026-09-14T13:43:15,dgr6
https://npp.gov.in/public-reports/cea/daily/dgr/28-09-2019/dgr6-2019-09-28.xls,2019/2019-09-28_dgr6.xls,200,18944,bd08ac7fa98d331daa73d6287da80204fb55ac1573a4c9732affcc60ef38b05a,2026-09-14T13:43:16,dgr6
https://npp.gov.in/public-reports/cea/daily/dgr/29-09-2019/dgr6-2019-09-29.xls,2019/2019-09-29_dgr6.xls,200,4608,431c66c77d57f26c5beb9d818e836f636b8b6cf186f75dff3812b858cbc57bb2,2026-09-14T13:43:17,dgr6
https://npp.gov.in/public-reports/cea/daily/dgr/30-09-2019/dgr6-2019-09-30.xls,2019/2019-09-30_dgr6.xls,404,0,,2026-09-14T13:43:18,dgr6
https://npp.gov.in/public-reports/cea/daily/dgr/01-10-2019/dgr6-2019-10-01.xls,2019/2019-10-01_dgr6.xls,200,18944,e142cef2ec3a02837ee3e95de64c80325c9dfe45321f1fc766f877994b6eb371,2026-09-14T13:43:18,dgr6
https://npp.gov.in/public-reports/cea/daily/dgr/02-10-2019/dgr6-2019-10-02.xls,2019/2019-10-02_dgr6.xls,200,18944,5c20abd73380240ca2df0b8f505f376f26dc455b149ca8dc0cc8d67de6f017fe,2026-09-14T13:43:19,dgr6
https://npp.gov.in/public-reports/cea/daily/dgr/03-10-2019/dgr6-2019-10-03.xls,2019/2019-10-03_dgr6.xls,200,18944,df4d9f69e53490527cb6d9cac3e2b3151e4eda3d2562ccc447dbd3238e842183,2026-09-14T13:43:19,dgr6
https://npp.gov.in/public-reports/cea/daily/dgr/04-10-2019/dgr6-2019-10-04.xls,2019/2019-10-04_dgr6.xls,200,18944,50ab7b8a914c832a7c0d9525a74670bed0e99afb60e612e5233e296110f0e3d1,2026-09-14T13:43:20,dgr6
https://npp.gov.in/public-reports/cea/daily/dgr/05-10-2019/dgr6-2019-10-05.xls,2019/2019-10-05_dgr6.xls,200,18944,3d6fba817f0bd9f5add16295d29a5e834b6b24bbef53f87b7ef76065595320bd,2026-09-14T13:43:20,dgr6
https://npp.gov.in/public-reports/cea/daily/dgr/06-10-2019/dgr6-2019-10-06.xls,2019/2019-10-06_dgr6.xls,200,18944,03e0f0ad8cd01d46eaaa18efe15f15d10192e9faeafcdb30df2076e5bf49a648,2026-09-14T13:43:20,dgr6
https://npp.gov.in/public-reports/cea/daily/dgr/07-10-2019/dgr6-2019-10-07.xls,2019/2019-10-07_dgr6.xls,200,18944,90c7c3d20ebd00b81165791ece925861772865feb0b1e6107e7efa136c55b12c,2026-09-14T13:43:21,dgr6
https://npp.gov.in/public-reports/cea/daily/dgr/08-10-2019/dgr6-2019-10-08.xls,2019/2019-10-08_dgr6.xls,200,18944,c3d000684d1a8b2123d6f8b5b81cc383553425084e8a98311c1de9ea5702ac30,2026-09-14T13:43:22,dgr6
https://npp.gov.in/public-reports/cea/daily/dgr/09-10-2019/dgr6-2019-10-09.xls,2019/2019-10-09_dgr6.xls,200,18944,2d77e9fd7494994e9d5c47c222f66e60b18e9201febb386d7ff2ca789538207a,2026-09-14T13:43:22,dgr6
https://npp.gov.in/public-reports/cea/daily/dgr/10-10-2019/dgr6-2019-10-10.xls,2019/2019-10-10_dgr6.xls,200,18944,fdc0f771bd5991d8360ee6614b327eacc1c71a8b07670d41fd6322dc8ffddbf9,2026-09-14T13:43:22,dgr6
https://npp.gov.in/public-reports/cea/daily/dgr/11-10-2019/dgr6-2019-10-11.xls,2019/2019-10-11_dgr6.xls,200,18944,6bf45387e75df49052b61fd6e0f2a80503e66d6d4c74ceafbbfac7def6f3fee8,2026-09-14T13:43:23,dgr6
https://npp.gov.in/public-reports/cea/daily/dgr/12-10-2019/dgr6-2019-10-12.xls,2019/2019-10-12_dgr6.xls,200,18944,1be9d510dc1812e598b842689e3be1749768f56edb183a9e659f064dcfd0fdc3,2026-09-14T13:43:23,dgr6
https://npp.gov.in/public-reports/cea/daily/dgr/13-10-2019/dgr6-2019-10-13.xls,2019/2019-10-13_dgr6.xls,200,18944,2ad6052760da32b700c289cd8e689a0feba3a7927d134f1b51232a694187a757,2026-09-14T13:43:24,dgr6
https://npp.gov.in/public-reports/cea/daily/dgr/14-10-2019/dgr6-2019-10-14.xls,2019/2019-10-14_dgr6.xls,200,18944,101d1bb3529c3fb4b88519b98d8a45931fdfbc41ac9034dc1f48f5df2001da10,2026-09-14T13:43:24,dgr6
https://npp.gov.in/public-reports/cea/daily/dgr/15-10-2019/dgr6-2019-10-15.xls,2019/2019-10-15_dgr6.xls,200,18944,7f610202dacb78493f11258990b8dc6b1963a537fee949f37e4e9b10b218fb85,2026-09-14T13:43:24,dgr6
https://npp.gov.in/public-reports/cea/daily/dgr/16-10-2019/dgr6-2019-10-16.xls,2019/2019-10-16_dgr6.xls,200,18944,67edc2343df3bcf643d257942edbf71fa6af4554cfe70163d27e63410392057c,2026-09-14T13:43:25,dgr6
https://npp.gov.in/public-reports/cea/daily/dgr/17-10-2019/dgr6-2019-10-17.xls,2019/2019-10-17_dgr6.xls,200,18944,95efa281833302598fc13abb159d121e0979765ba4375fa7eb894ca74a5d996f,2026-09-14T13:43:25,dgr6
https://npp.gov.in/public-reports/cea/daily/dgr/18-10-2019/dgr6-2019-10-18.xls,2019/2019-10-18_dgr6.xls,200,18944,2abac0a920d88984cd99538910ab11fdc6b30373cfbb13275ab5cb09e7c16361,2026-09-14T13:43:26,dgr6
https://npp.gov.in/public-reports/cea/daily/dgr/19-10-2019/dgr6-2019-10-19.xls,2019/2019-10-19_dgr6.xls,200,18944,b9a8260a75191d21e8cc82237c49467be6388752661d08a6023755dab9d0bbc5,2026-09-14T13:43:26,dgr6
https://npp.gov.in/public-reports/cea/daily/dgr/20-10-2019/dgr6-2019-10-20.xls,2019/2019-10-20_dgr6.xls,200,18944,e5995f972cd79855e4eca4aeb340bfb01801f6b00a29cca3d6ca141cbccea2a4,2026-09-14T13:43:26,dgr6
https://npp.gov.in/public-reports/cea/daily/dgr/21-10-2019/dgr6-2019-10-21.xls,2019/2019-10-21_dgr6.xls,200,18944,2e69e72b10a3d38d7eb7ecd76757ea059bc04df046bc0bacbd67c7f9caaf0121,2026-09-14T13:43:27,dgr6
https://npp.gov.in/public-reports/cea/daily/dgr/22-10-2019/dgr6-2019-10-22.xls,2019/2019-10-22_dgr6.xls,200,18944,8294c308bbc91f5dcb6c16bddc3338b56bf26f6b0f085801fff5a7fe27ac2491,2026-09-14T13:43:27,dgr6
https://npp.gov.in/public-reports/cea/daily/dgr/23-10-2019/dgr6-2019-10-23.xls,2019/2019-10-23_dgr6.xls,200,18944,3b7381e9b5c8868f06be1bc7fc781b8196d5afa189b6b8e9876742c451a850a8,2026-09-14T13:43:27,dgr6
https://npp.gov.in/public-reports/cea/daily/dgr/24-10-2019/dgr6-2019-10-24.xls,2019/2019-10-24_dgr6.xls,200,18944,12fdf2fc85b5baf238b7d9492e5ba73c30062d06e3551bb87df6f1e0dbc1fa13,2026-09-14T13:43:28,dgr6
https://npp.gov.in/public-reports/cea/daily/dgr/25-10-2019/dgr6-2019-10-25.xls,2019/2019-10-25_dgr6.xls,200,18944,2b17189575ab460d200f19283d0a99d89e53a8800cb76265372ec85b8a81eed7,2026-09-14T13:43:28,dgr6
https://npp.gov.in/public-reports/cea/daily/dgr/26-10-2019/dgr6-2019-10-26.xls,2019/2019-10-26_dgr6.xls,200,18944,e66a54442f7937f03d29fcbde648e1a2e27eab3719061e4cdd70fb6c6cdab79f,2026-09-14T13:43:29,dgr6
https://npp.gov.in/public-reports/cea/daily/dgr/27-10-2019/dgr6-2019-10-27.xls,2019/2019-10-27_dgr6.xls,200,18944,4badfe9f32f5405cb4aa614235b5e67a790fc9f540e343c766148c07cadbef31,2026-09-14T13:43:29,dgr6
https://npp.gov.in/public-reports/cea/daily/dgr/28-10-2019/dgr6-2019-10-28.xls,2019/2019-10-28_dgr6.xls,200,18944,24c4e79538b8b04c8f29d589943064785843cea66fae565e30c778d283ec5feb,2026-09-14T13:43:29,dgr6
https://npp.gov.in/public-reports/cea/daily/dgr/29-10-2019/dgr6-2019-10-29.xls,2019/2019-10-29_dgr6.xls,200,18944,6f92cf514049c73bb69183543f8b847b44b2b6dab2b44c463ebdfc31010a9770,2026-09-14T13:43:30,dgr6
https://npp.gov.in/public-reports/cea/daily/dgr/30-10-2019/dgr6-2019-10-30.xls,2019/2019-10-30_dgr6.xls,200,18944,407888364e385438336625c9c9d5357bcc7c6eb320e58a773e4c1f3feae45675,2026-09-14T13:43:30,dgr6
https://npp.gov.in/public-reports/cea/daily/dgr/31-10-2019/dgr6-2019-10-31.xls,2019/2019-10-31_dgr6.xls,200,18944,f2c942d476667b825cfda02cefc01e6e91f998b8277a2cece98d609704a187ff,2026-09-14T13:43:30,dgr6
https://npp.gov.in/public-reports/cea/daily/dgr/01-11-2019/dgr6-2019-11-01.xls,2019/2019-11-01_dgr6.xls,200,18944,ca8a7c652f9b32931f84eb49888525ea5a41a83317227accb16d988b92e154ab,2026-09-14T13:43:31,dgr6
https://npp.gov.in/public-reports/cea/daily/dgr/02-11-2019/dgr6-2019-11-02.xls,2019/2019-11-02_dgr6.xls,200,18944,bb0cb76f39f44d5bbe5108601700fb5cb539519898645a215893846068e6f05f,2026-09-14T13:43:31,dgr6
https://npp.gov.in/public-reports/cea/daily/dgr/03-11-2019/dgr6-2019-11-03.xls,2019/2019-11-03_dgr6.xls,200,18944,8670af417adc0018fdfe435060506686617690cb502db592dcaadf3abc82bf34,2026-09-14T13:43:32,dgr6
https://npp.gov.in/public-reports/cea/daily/dgr/04-11-2019/dgr6-2019-11-04.xls,2019/2019-11-04_dgr6.xls,200,18944,ebbe4f1300ab04d4b7611b0cf6905b54f8616fc0418fd41cc6ba0c551b7b3783,2026-09-14T13:43:32,dgr6
https://npp.gov.in/public-reports/cea/daily/dgr/05-11-2019/dgr6-2019-11-05.xls,2019/2019-11-05_dgr6.xls,200,18944,1c257526f1f98a841cfd100d11859ceabc9238f54c6dfbbbbb5918eee7e859bf,2026-09-14T13:43:33,dgr6
https://npp.gov.in/public-reports/cea/daily/dgr/06-11-2019/dgr6-2019-11-06.xls,2019/2019-11-06_dgr6.xls,200,18944,cf1d12305888e6b583ebe0b8a2496efe9849526d88184f5172d6b75cd9a556bb,2026-09-14T13:43:33,dgr6
https://npp.gov.in/public-reports/cea/daily/dgr/07-11-2019/dgr6-2019-11-07.xls,2019/2019-11-07_dgr6.xls,200,18944,6c16a050d5454eedd6d53c8b64f8814dcca37606599f1c25e6587b01f1c2f193,2026-09-14T13:43:33,dgr6
https://npp.gov.in/public-reports/cea/daily/dgr/08-11-2019/dgr6-2019-11-08.xls,2019/2019-11-08_dgr6.xls,200,18944,cd64a8c94560d3e8af80386514f5dcb7eb1d66bab09565731aa434dfe854058f,2026-09-14T13:43:34,dgr6
https://npp.gov.in/public-reports/cea/daily/dgr/09-11-2019/dgr6-2019-11-09.xls,2019/2019-11-09_dgr6.xls,200,18944,847d7d8889c6378c302b81ef5f101d4646719eb1da2d44a6f857527f9f4673dc,2026-09-14T13:43:34,dgr6
https://npp.gov.in/public-reports/cea/daily/dgr/10-11-2019/dgr6-2019-11-10.xls,2019/2019-11-10_dgr6.xls,200,18944,925d453df341cf8b7a7df632434c468191e67644fd87070b72b13288ccdc63f5,2026-09-14T13:43:35,dgr6
https://npp.gov.in/public-reports/cea/daily/dgr/11-11-2019/dgr6-2019-11-11.xls,2019/2019-11-11_dgr6.xls,200,18944,f50f5af989d7931387cf698bcae8826a4a534d93bccec99d2be3c42339395536,2026-09-14T13:43:35,dgr6
https://npp.gov.in/public-reports/cea/daily/dgr/12-11-2019/dgr6-2019-11-12.xls,2019/2019-11-12_dgr6.xls,200,18944,e91613ff1716819cbfbf5b8c6b3325c9e85cbab86102a7b64ab508fa37a953f8,2026-09-14T13:43:36,dgr6
https://npp.gov.in/public-reports/cea/daily/dgr/13-11-2019/dgr6-2019-11-13.xls,2019/2019-11-13_dgr6.xls,200,18944,dff35818f4623b17f0d3597b1232dfdc982244e3056ac472fc54bd0eaa3724fe,2026-09-14T13:43:37,dgr6
https://npp.gov.in/public-reports/cea/daily/dgr/14-11-2019/dgr6-2019-11-14.xls,2019/2019-11-14_dgr6.xls,200,18944,18a21bfdff9ac4025fb5b8f9375f7d985372dd9fe2677ca7e056d33c3b09cac2,2026-09-14T13:43:37,dgr6
https://npp.gov.in/public-reports/cea/daily/dgr/15-11-2019/dgr6-2019-11-15.xls,2019/2019-11-15_dgr6.xls,200,18944,1a7b434f4bfdf2f616379c9687ff744b93069cf3647cba55a2a867d13a632859,2026-09-14T13:43:37,dgr6
https://npp.gov.in/public-reports/cea/daily/dgr/16-11-2019/dgr6-2019-11-16.xls,2019/2019-11-16_dgr6.xls,200,18944,8e59301a62ec85c7d2b8354dc250125c25d947ef88c55a075a6ea4679b25df95,2026-09-14T13:43:38,dgr6
https://npp.gov.in/public-reports/cea/daily/dgr/17-11-2019/dgr6-2019-11-17.xls,2019/2019-11-17_dgr6.xls,200,18944,f146a8710745faed19ae8a4fa6bbad812e076f912686aa3e46d17e62d6b3a9bf,2026-09-14T13:43:38,dgr6
https://npp.gov.in/public-reports/cea/daily/dgr/18-11-2019/dgr6-2019-11-18.xls,2019/2019-11-18_dgr6.xls,404,0,,2026-09-14T13:43:39,dgr6
https://npp.gov.in/public-reports/cea/daily/dgr/19-11-2019/dgr6-2019-11-19.xls,2019/2019-11-19_dgr6.xls,404,0,,2026-09-14T13:43:39,dgr6
https://npp.gov.in/public-reports/cea/daily/dgr/20-11-2019/dgr6-2019-11-20.xls,2019/2019-11-20_dgr6.xls,200,18944,1270e7885a8a375b371a4425592ab7981882485e5246e759f0a3ef6b408d2f9b,2026-09-14T13:43:39,dgr6
https://npp.gov.in/public-reports/cea/daily/dgr/21-11-2019/dgr6-2019-11-21.xls,2019/2019-11-21_dgr6.xls,200,18944,939cac6c97fabb3db324d78a01d839ab1e4809265c980db2c74e67efdd73f90a,2026-09-14T13:43:40,dgr6
https://npp.gov.in/public-reports/cea/daily/dgr/22-11-2019/dgr6-2019-11-22.xls,2019/2019-11-22_dgr6.xls,200,18944,88b920b59ee4aa65a73ad4538cdc04253bcef21286bceea16d9817b91765aa35,2026-09-14T13:43:40,dgr6
https://npp.gov.in/public-reports/cea/daily/dgr/23-11-2019/dgr6-2019-11-23.xls,2019/2019-11-23_dgr6.xls,200,18944,5f72bc3698f13424fa3ea53a2fd53ac039431d593e9009a5930c5bb5e8f97c01,2026-09-14T13:43:41,dgr6
https://npp.gov.in/public-reports/cea/daily/dgr/24-11-2019/dgr6-2019-11-24.xls,2019/2019-11-24_dgr6.xls,200,18944,941fe549b0f95ee53b5f6379f27b5dde19d06898fba29ae26670d379591b19d5,2026-09-14T13:43:41,dgr6
https://npp.gov.in/public-reports/cea/daily/dgr/25-11-2019/dgr6-2019-11-25.xls,2019/2019-11-25_dgr6.xls,200,18944,1fdf995150ecb96c2b0dcb9447bd42462194fcd9eb8a9ee1dc9ceaaa8258537a,2026-09-14T13:43:41,dgr6
https://npp.gov.in/public-reports/cea/daily/dgr/26-11-2019/dgr6-2019-11-26.xls,2019/2019-11-26_dgr6.xls,200,18944,ea57e0ca5ac4ced59e39493abd263f173234423cd88a316224b3a2b4c667d8f6,2026-09-14T13:43:42,dgr6
https://npp.gov.in/public-reports/cea/daily/dgr/27-11-2019/dgr6-2019-11-27.xls,2019/2019-11-27_dgr6.xls,200,18944,e63724304dff96a2d68ed5cea560d1aaf2353e54bfaf4635ecfc732fe3ed0b77,2026-09-14T13:43:42,dgr6
https://npp.gov.in/public-reports/cea/daily/dgr/28-11-2019/dgr6-2019-11-28.xls,2019/2019-11-28_dgr6.xls,200,18944,76ea99b1c9320b5900c33cdba38ae0ecd130ce931d83060b6561a093d1aa6104,2026-09-14T13:43:43,dgr6
https://npp.gov.in/public-reports/cea/daily/dgr/29-11-2019/dgr6-2019-11-29.xls,2019/2019-11-29_dgr6.xls,200,18944,1b312a30c7b1c2ed1ee3099c63e9491ba9ced76012adb530f9443204396cec77,2026-09-14T13:43:43,dgr6
https://npp.gov.in/public-reports/cea/daily/dgr/30-11-2019/dgr6-2019-11-30.xls,2019/2019-11-30_dgr6.xls,200,18944,bb2102463b09d179085ce3e83aa941455e591d6ddfb8646c50e48bb7945f0f50,2026-09-14T13:43:43,dgr6
https://npp.gov.in/public-reports/cea/daily/dgr/01-12-2019/dgr6-2019-12-01.xls,2019/2019-12-01_dgr6.xls,200,18944,2d770972fe042b6d37f654047ab6b9c0e34b9b008f08b89d05906343053cc340,2026-09-14T13:43:44,dgr6
https://npp.gov.in/public-reports/cea/daily/dgr/02-12-2019/dgr6-2019-12-02.xls,2019/2019-12-02_dgr6.xls,200,18944,c483dc15f734a4be6ebd5eaadf14146ea2bdf6ffafd92b070c23b6abc1953d5c,2026-09-14T13:43:44,dgr6
https://npp.gov.in/public-reports/cea/daily/dgr/03-12-2019/dgr6-2019-12-03.xls,2019/2019-12-03_dgr6.xls,200,18944,27123338ee8007d4b82ff480da8f1f3309edae47734f3d9c1b7677a2dcf5ab93,2026-09-14T13:43:45,dgr6
https://npp.gov.in/public-reports/cea/daily/dgr/04-12-2019/dgr6-2019-12-04.xls,2019/2019-12-04_dgr6.xls,200,18944,516714e634f6ffcdb1ec0348b5604bbe63a9e587bd105b82e5df09f5e86f7857,2026-09-14T13:43:45,dgr6
https://npp.gov.in/public-reports/cea/daily/dgr/05-12-2019/dgr6-2019-12-05.xls,2019/2019-12-05_dgr6.xls,404,0,,2026-09-14T13:43:45,dgr6
https://npp.gov.in/public-reports/cea/daily/dgr/06-12-2019/dgr6-2019-12-06.xls,2019/2019-12-06_dgr6.xls,404,0,,2026-09-14T13:43:46,dgr6
https://npp.gov.in/public-reports/cea/daily/dgr/07-12-2019/dgr6-2019-12-07.xls,2019/2019-12-07_dgr6.xls,200,18944,f0a844e5a89714bf3df7e651b8b0c5e0d8ff62cd1ec749605c7da1f610ee2409,2026-09-14T13:43:46,dgr6
https://npp.gov.in/public-reports/cea/daily/dgr/08-12-2019/dgr6-2019-12-08.xls,2019/2019-12-08_dgr6.xls,200,18944,5c02b299640b9d1d2cc93ee38c7bba8eeed1a2cb6f279de707cbbed94e07756d,2026-09-14T13:43:47,dgr6
https://npp.gov.in/public-reports/cea/daily/dgr/09-12-2019/dgr6-2019-12-09.xls,2019/2019-12-09_dgr6.xls,200,18944,acba4a7ca2875baf8e8ca3c9b022532a2474c7b882c533bae10fb1fdccb01c0e,2026-09-14T13:43:48,dgr6
https://npp.gov.in/public-reports/cea/daily/dgr/10-12-2019/dgr6-2019-12-10.xls,2019/2019-12-10_dgr6.xls,200,18944,f5961f2238791633e9532187f6af99d28bd0555809908c64d0d4b2485e1e232b,2026-09-14T13:43:49,dgr6
https://npp.gov.in/public-reports/cea/daily/dgr/11-12-2019/dgr6-2019-12-11.xls,2019/2019-12-11_dgr6.xls,200,18944,89e52cc34f33b7e1d75e8cd71dd02595e06dce7eb21dfa69d82b242894e953f1,2026-09-14T13:43:49,dgr6
https://npp.gov.in/public-reports/cea/daily/dgr/12-12-2019/dgr6-2019-12-12.xls,2019/2019-12-12_dgr6.xls,200,18944,51a211f225f1105b537a4c025207da8c2ca9534d3d4d1db8480ada2da7a7c480,2026-09-14T13:43:50,dgr6
https://npp.gov.in/public-reports/cea/daily/dgr/13-12-2019/dgr6-2019-12-13.xls,2019/2019-12-13_dgr6.xls,200,18944,8477e430b8d966b2cf0f107664216f1b0cc326c8b43c8b61c82d75a38c6752fd,2026-09-14T13:43:50,dgr6
https://npp.gov.in/public-reports/cea/daily/dgr/14-12-2019/dgr6-2019-12-14.xls,2019/2019-12-14_dgr6.xls,200,18944,cb6541a5850f70f31712a2c1b38aac7fafbc55cba3e2c87a24c7651719bfc903,2026-09-14T13:43:51,dgr6
https://npp.gov.in/public-reports/cea/daily/dgr/15-12-2019/dgr6-2019-12-15.xls,2019/2019-12-15_dgr6.xls,200,18944,dbddd6134ba52f47a67dc7f2c1cea454e894bec8449f0a459eed235054a0d397,2026-09-14T13:43:51,dgr6
https://npp.gov.in/public-reports/cea/daily/dgr/16-12-2019/dgr6-2019-12-16.xls,2019/2019-12-16_dgr6.xls,404,0,,2026-09-14T13:43:52,dgr6
https://npp.gov.in/public-reports/cea/daily/dgr/17-12-2019/dgr6-2019-12-17.xls,2019/2019-12-17_dgr6.xls,200,18944,e9d9326a3a3e865f7ea650a17f6f32134506c54bdf8ca6eebe38e59fa37cfaf3,2026-09-14T13:43:52,dgr6
https://npp.gov.in/public-reports/cea/daily/dgr/18-12-2019/dgr6-2019-12-18.xls,2019/2019-12-18_dgr6.xls,404,0,,2026-09-14T13:43:52,dgr6
https://npp.gov.in/public-reports/cea/daily/dgr/19-12-2019/dgr6-2019-12-19.xls,2019/2019-12-19_dgr6.xls,200,18944,87e6b27746bb14186b537b28c8ecc1356706201937ae3054c18ad45c88e258e9,2026-09-14T13:43:53,dgr6
https://npp.gov.in/public-reports/cea/daily/dgr/20-12-2019/dgr6-2019-12-20.xls,2019/2019-12-20_dgr6.xls,200,18944,80bccd340ada10eb51a564bbd667cf0a9030ecc3190b9fae7fd3e0a84a517e7d,2026-09-14T13:43:53,dgr6
https://npp.gov.in/public-reports/cea/daily/dgr/21-12-2019/dgr6-2019-12-21.xls,2019/2019-12-21_dgr6.xls,200,18944,9a597db2a99c0b8d6897dcdd31100f67558f4994a1a7014d725d717f78f36c73,2026-09-14T13:43:54,dgr6
https://npp.gov.in/public-reports/cea/daily/dgr/22-12-2019/dgr6-2019-12-22.xls,2019/2019-12-22_dgr6.xls,200,18944,02489a5478de5f412fe95d752b681128f97b4001041c56aa5090a8efedfc98e6,2026-09-14T13:43:54,dgr6
https://npp.gov.in/public-reports/cea/daily/dgr/23-12-2019/dgr6-2019-12-23.xls,2019/2019-12-23_dgr6.xls,200,18944,2698f97b6ce069dece00ccba8fa5d64382544dbb8f1d003cfed753b67f91cb71,2026-09-14T13:43:55,dgr6
https://npp.gov.in/public-reports/cea/daily/dgr/24-12-2019/dgr6-2019-12-24.xls,2019/2019-12-24_dgr6.xls,200,18944,7deb9f2135b23c5dc1c8e69d296d28fb7cb97722b9cc2d55020503de3aee2491,2026-09-14T13:43:55,dgr6
https://npp.gov.in/public-reports/cea/daily/dgr/25-12-2019/dgr6-2019-12-25.xls,2019/2019-12-25_dgr6.xls,200,18944,5a2bd5499c3152cff81a178575c2882c1e6d5c62ac86688f4b716cf3f5d0a6d3,2026-09-14T13:43:55,dgr6
https://npp.gov.in/public-reports/cea/daily/dgr/26-12-2019/dgr6-2019-12-26.xls,2019/2019-12-26_dgr6.xls,200,18944,481dd2a3a67104cc62a5ca1d14e5716b793f7968ae83e4c32914f87b599fff57,2026-09-14T13:43:56,dgr6
https://npp.gov.in/public-reports/cea/daily/dgr/27-12-2019/dgr6-2019-12-27.xls,2019/2019-12-27_dgr6.xls,404,0,,2026-09-14T13:43:56,dgr6
https://npp.gov.in/public-reports/cea/daily/dgr/28-12-2019/dgr6-2019-12-28.xls,2019/2019-12-28_dgr6.xls,200,18944,70b5f1f877169d4dcbcf62a4c2f2d34b5e8f66de8a1706c2fc5455f7cc28099f,2026-09-14T13:43:57,dgr6
https://npp.gov.in/public-reports/cea/daily/dgr/29-12-2019/dgr6-2019-12-29.xls,2019/2019-12-29_dgr6.xls,200,18944,629179916b20fcac04b70430c7e37927d059f457e79a65aebf843c140bfa0def,2026-09-14T13:43:57,dgr6
https://npp.gov.in/public-reports/cea/daily/dgr/30-12-2019/dgr6-2019-12-30.xls,2019/2019-12-30_dgr6.xls,200,18944,baa3dc8ef6b976e08ca527d658a3b4f4af506b7472af7bd348d5d8af26cd8acf,2026-09-14T13:43:57,dgr6
https://npp.gov.in/public-reports/cea/daily/dgr/31-12-2019/dgr6-2019-12-31.xls,2019/2019-12-31_dgr6.xls,200,18944,c453ff651c082ce1a70c8f9c46afffa5f0108dcecd8346987edefbea53bd9839,2026-09-14T13:43:58,dgr6
https://npp.gov.in/public-reports/cea/daily/dgr/01-01-2020/dgr6-2020-01-01.xls,2020/2020-01-01_dgr6.xls,200,18944,8689828895e7c1d4340a90c9659b930bd6a49f7ad34e239cfe4827a8a32f76c3,2026-09-14T13:43:58,dgr6
https://npp.gov.in/public-reports/cea/daily/dgr/02-01-2020/dgr6-2020-01-02.xls,2020/2020-01-02_dgr6.xls,200,18944,881efd674da1f6de46ca3648275e0292d60bb6037528faae63586ca7c46fc644,2026-09-14T13:43:59,dgr6
https://npp.gov.in/public-reports/cea/daily/dgr/03-01-2020/dgr6-2020-01-03.xls,2020/2020-01-03_dgr6.xls,200,18944,800240249182d0232bc377fc320a8640e77c38d886914247c5a7d1b6c3d3cf60,2026-09-14T13:43:59,dgr6
https://npp.gov.in/public-reports/cea/daily/dgr/04-01-2020/dgr6-2020-01-04.xls,2020/2020-01-04_dgr6.xls,200,18944,5411c6acf08dbf764c0bdc0e4c46be545cfd62279c0c59ca59c7bfd5978bc415,2026-09-14T13:43:59,dgr6
https://npp.gov.in/public-reports/cea/daily/dgr/05-01-2020/dgr6-2020-01-05.xls,2020/2020-01-05_dgr6.xls,200,18944,5038ed992587ec2e3fa79aa09eafbf583cc3549ab81542e091b4fe549e34b5e0,2026-09-14T13:44:00,dgr6
https://npp.gov.in/public-reports/cea/daily/dgr/06-01-2020/dgr6-2020-01-06.xls,2020/2020-01-06_dgr6.xls,200,18944,ee155b2e51eead0244ce922e87041582f3cf8c3990bd20e5dcf59530fff90c99,2026-09-14T13:44:00,dgr6
https://npp.gov.in/public-reports/cea/daily/dgr/07-01-2020/dgr6-2020-01-07.xls,2020/2020-01-07_dgr6.xls,404,0,,2026-09-14T13:44:01,dgr6
https://npp.gov.in/public-reports/cea/daily/dgr/08-01-2020/dgr6-2020-01-08.xls,2020/2020-01-08_dgr6.xls,200,18944,2a7d0ecfbffefa9b994059d21a28fd1aa43f23ab625764d947ee28d6d128c741,2026-09-14T13:44:01,dgr6
https://npp.gov.in/public-reports/cea/daily/dgr/09-01-2020/dgr6-2020-01-09.xls,2020/2020-01-09_dgr6.xls,200,18944,0e5d910f5c73bfeb91a3c039f0f4d12588c9925021eba60278ad3c80de207db4,2026-09-14T13:44:02,dgr6
https://npp.gov.in/public-reports/cea/daily/dgr/10-01-2020/dgr6-2020-01-10.xls,2020/2020-01-10_dgr6.xls,200,18944,708528c1f95cc2f649bb7ae8d13219baa4c47e5dc704a5e51dfad3505b62512e,2026-09-14T13:44:02,dgr6
https://npp.gov.in/public-reports/cea/daily/dgr/11-01-2020/dgr6-2020-01-11.xls,2020/2020-01-11_dgr6.xls,200,18944,986e43153da7c0dee10176411f4287c41186398f43de2a1539bd220cd94662c5,2026-09-14T13:44:02,dgr6
https://npp.gov.in/public-reports/cea/daily/dgr/12-01-2020/dgr6-2020-01-12.xls,2020/2020-01-12_dgr6.xls,200,18944,1670ec9d40ba0240f1566f0624f3ccbb4ca5554631e303c3473f52fa135b042d,2026-09-14T13:44:03,dgr6
https://npp.gov.in/public-reports/cea/daily/dgr/13-01-2020/dgr6-2020-01-13.xls,2020/2020-01-13_dgr6.xls,200,18944,226ceccbcf925f2e4ed6cd0376f71f97b9087806457d1a65ff025c36964146dd,2026-09-14T13:44:03,dgr6
https://npp.gov.in/public-reports/cea/daily/dgr/14-01-2020/dgr6-2020-01-14.xls,2020/2020-01-14_dgr6.xls,200,18944,1face665d58ad213abfc4f4a283746db447a2a1f8f6b34c681b58a229dabee02,2026-09-14T13:44:04,dgr6
https://npp.gov.in/public-reports/cea/daily/dgr/15-01-2020/dgr6-2020-01-15.xls,2020/2020-01-15_dgr6.xls,200,18944,fb8a1bcee8e69e0505d6a2cdaf5b545f7456c4869f096f210c6a5760ec792071,2026-09-14T13:44:04,dgr6
https://npp.gov.in/public-reports/cea/daily/dgr/16-01-2020/dgr6-2020-01-16.xls,2020/2020-01-16_dgr6.xls,200,18944,b49a8b62851f074d8d0497855b1682bfaff7a276e377ff1f74f1a0e55fabbd36,2026-09-14T13:44:04,dgr6
https://npp.gov.in/public-reports/cea/daily/dgr/17-01-2020/dgr6-2020-01-17.xls,2020/2020-01-17_dgr6.xls,200,18944,7a2a95dd9fe6f2f5374f0001140d7207f714ee2b731574eb4d658b950bb53803,2026-09-14T13:44:05,dgr6
https://npp.gov.in/public-reports/cea/daily/dgr/18-01-2020/dgr6-2020-01-18.xls,2020/2020-01-18_dgr6.xls,200,18944,65522aea09b7367a0bf27c2235903b79c7283d5c7ca7ccf87e33eaa5383228f4,2026-09-14T13:44:05,dgr6
https://npp.gov.in/public-reports/cea/daily/dgr/19-01-2020/dgr6-2020-01-19.xls,2020/2020-01-19_dgr6.xls,200,18944,5e3893cf4beef216fcb3e9dab2493b09f867dc7cced7d0ff37ce12ea703055e2,2026-09-14T13:44:06,dgr6
https://npp.gov.in/public-reports/cea/daily/dgr/20-01-2020/dgr6-2020-01-20.xls,2020/2020-01-20_dgr6.xls,200,18944,bc13977392ed029918d3a1a5558c660a1cecea5d0ef0a39d30fe977023b84f4b,2026-09-14T13:44:06,dgr6
https://npp.gov.in/public-reports/cea/daily/dgr/21-01-2020/dgr6-2020-01-21.xls,2020/2020-01-21_dgr6.xls,200,18944,ac8175b89537923fbf5d2625cb40b53322bece5eeed7efcb4a9411b1d3cffc88,2026-09-14T13:44:06,dgr6
https://npp.gov.in/public-reports/cea/daily/dgr/22-01-2020/dgr6-2020-01-22.xls,2020/2020-01-22_dgr6.xls,200,18944,6644398932378486480d8fb1c274c7dd0745f4ad26efcf501da0489c2b53a6d1,2026-09-14T13:44:07,dgr6
https://npp.gov.in/public-reports/cea/daily/dgr/23-01-2020/dgr6-2020-01-23.xls,2020/2020-01-23_dgr6.xls,200,18944,9464726353ddc9fb3009c47a526addee4a7ea192aa26a68c722f079ebed9da04,2026-09-14T13:44:07,dgr6
https://npp.gov.in/public-reports/cea/daily/dgr/24-01-2020/dgr6-2020-01-24.xls,2020/2020-01-24_dgr6.xls,200,18944,1ba0a4ed4a2f5220b22df0801cd7fae93e34d930cfb8d7d76b45c2b9217f7be3,2026-09-14T13:44:08,dgr6
https://npp.gov.in/public-reports/cea/daily/dgr/25-01-2020/dgr6-2020-01-25.xls,2020/2020-01-25_dgr6.xls,200,18944,3ccdbcc5682e846b70cda383b0ae48f8b9494d35a19cdf075534bff00748d37f,2026-09-14T13:44:08,dgr6
https://npp.gov.in/public-reports/cea/daily/dgr/26-01-2020/dgr6-2020-01-26.xls,2020/2020-01-26_dgr6.xls,200,18944,94abf559f555b9b38fd9ecf58cd75b2bdc201a72ef6637b1eb0c4b87f06bbea8,2026-09-14T13:44:09,dgr6
https://npp.gov.in/public-reports/cea/daily/dgr/27-01-2020/dgr6-2020-01-27.xls,2020/2020-01-27_dgr6.xls,200,18944,806039cf4c24986195a1d6a831e55f842cdf09577280e3bf1f79c093abb1af90,2026-09-14T13:44:09,dgr6
https://npp.gov.in/public-reports/cea/daily/dgr/28-01-2020/dgr6-2020-01-28.xls,2020/2020-01-28_dgr6.xls,200,18944,ec0afbd73e0bc5309861b18ce2c31217676651607f4d48c16f4468aadc94494f,2026-09-14T13:44:10,dgr6
https://npp.gov.in/public-reports/cea/daily/dgr/29-01-2020/dgr6-2020-01-29.xls,2020/2020-01-29_dgr6.xls,200,18944,d560dd2242842d5a1cb1d7110809deed32dd7e565afdbce33acf5321344e16a1,2026-09-14T13:44:10,dgr6
https://npp.gov.in/public-reports/cea/daily/dgr/30-01-2020/dgr6-2020-01-30.xls,2020/2020-01-30_dgr6.xls,200,18944,9d18d6eebb3ca49c6d9e595170556f11e5f38d1b0e0e6cc8b0fe31ef91cb313b,2026-09-14T13:44:11,dgr6
https://npp.gov.in/public-reports/cea/daily/dgr/31-01-2020/dgr6-2020-01-31.xls,2020/2020-01-31_dgr6.xls,200,18944,ff4963fe4a7508d7fec9412dcd3a881905144eac8ed5ea6a94fab9fc652e6636,2026-09-14T13:44:12,dgr6
https://npp.gov.in/public-reports/cea/daily/dgr/01-02-2020/dgr6-2020-02-01.xls,2020/2020-02-01_dgr6.xls,200,18944,ae866edf6eb48e60f069f3fc4fe32b2e678b242ed645795d89d0199c8c67256d,2026-09-14T13:44:13,dgr6
https://npp.gov.in/public-reports/cea/daily/dgr/02-02-2020/dgr6-2020-02-02.xls,2020/2020-02-02_dgr6.xls,200,18944,4f69d6ede903e3e1e8d74e0184391b9fbc1eb96b3f640ce5c1b25603dd425354,2026-09-14T13:44:14,dgr6
https://npp.gov.in/public-reports/cea/daily/dgr/03-02-2020/dgr6-2020-02-03.xls,2020/2020-02-03_dgr6.xls,200,18944,8a431291d0a83dabf6a541b2021d581b806af30d3865f85a5bd9c4c6bac4345c,2026-09-14T13:44:15,dgr6
https://npp.gov.in/public-reports/cea/daily/dgr/04-02-2020/dgr6-2020-02-04.xls,2020/2020-02-04_dgr6.xls,200,18944,638f4e97d07de01afd79c838540b39c39b42364ff02613dd81cf62ce84f5167b,2026-09-14T13:44:16,dgr6
https://npp.gov.in/public-reports/cea/daily/dgr/05-02-2020/dgr6-2020-02-05.xls,2020/2020-02-05_dgr6.xls,404,0,,2026-09-14T13:44:16,dgr6
https://npp.gov.in/public-reports/cea/daily/dgr/06-02-2020/dgr6-2020-02-06.xls,2020/2020-02-06_dgr6.xls,404,0,,2026-09-14T13:44:17,dgr6
https://npp.gov.in/public-reports/cea/daily/dgr/07-02-2020/dgr6-2020-02-07.xls,2020/2020-02-07_dgr6.xls,200,18944,4a2a21cd4b9e898b8dea6eba9496a6668aa3b337f750cc574d12768a8e1f5027,2026-09-14T13:44:18,dgr6
https://npp.gov.in/public-reports/cea/daily/dgr/08-02-2020/dgr6-2020-02-08.xls,2020/2020-02-08_dgr6.xls,200,18944,ff6ad02a427e38ef06bc74f0c47e9ae8d5070e6a6147f5aacd57ae55f6147488,2026-09-14T13:44:18,dgr6
https://npp.gov.in/public-reports/cea/daily/dgr/09-02-2020/dgr6-2020-02-09.xls,2020/2020-02-09_dgr6.xls,200,18944,6e2a61e75d0ef57da205b4ffd71326701d26b88f8996e30f622e9666b2f78628,2026-09-14T13:44:19,dgr6
https://npp.gov.in/public-reports/cea/daily/dgr/10-02-2020/dgr6-2020-02-10.xls,2020/2020-02-10_dgr6.xls,200,18944,65d882d1968db479ba60a36076cbffce81bb067639cd516506e039d470c29b29,2026-09-14T13:44:20,dgr6
https://npp.gov.in/public-reports/cea/daily/dgr/11-02-2020/dgr6-2020-02-11.xls,2020/2020-02-11_dgr6.xls,200,18944,4493fd0fc897821ffbcdb4f352a2b0aa1119ba66645d4e6ec8a93350b96db86f,2026-09-14T13:44:21,dgr6
https://npp.gov.in/public-reports/cea/daily/dgr/12-02-2020/dgr6-2020-02-12.xls,2020/2020-02-12_dgr6.xls,200,18944,0755b09065dfd69f9294ac9278c1055724621bd022bc2bd292c9e39c492b25fe,2026-09-14T13:44:21,dgr6
https://npp.gov.in/public-reports/cea/daily/dgr/13-02-2020/dgr6-2020-02-13.xls,2020/2020-02-13_dgr6.xls,200,18944,cf5db72f8db2bd8ff38390d5006b604c362e5dbe5e43f5e7fd5ff3bc85ace38a,2026-09-14T13:44:22,dgr6
https://npp.gov.in/public-reports/cea/daily/dgr/14-02-2020/dgr6-2020-02-14.xls,2020/2020-02-14_dgr6.xls,200,18944,636f2be2d6ed393575a2eadc287f44b8809eaca9e64b63d07e0f4eca8a257792,2026-09-14T13:44:22,dgr6
https://npp.gov.in/public-reports/cea/daily/dgr/15-02-2020/dgr6-2020-02-15.xls,2020/2020-02-15_dgr6.xls,200,18944,74a74b5290207461b27f66e29537ae91b8ea3cb4218eb39f1a036c5b8fbd0987,2026-09-14T13:44:23,dgr6
https://npp.gov.in/public-reports/cea/daily/dgr/16-02-2020/dgr6-2020-02-16.xls,2020/2020-02-16_dgr6.xls,200,18944,f7c4306604f33669293ed3792a5bea0132ccf5c05e689af20d34ffbd64e0daef,2026-09-14T13:44:23,dgr6
https://npp.gov.in/public-reports/cea/daily/dgr/17-02-2020/dgr6-2020-02-17.xls,2020/2020-02-17_dgr6.xls,200,18944,d554b50c743d02e16f80d069de308ffd17e28e4c06ee58ffacaa7d4e72ab1924,2026-09-14T13:44:24,dgr6
https://npp.gov.in/public-reports/cea/daily/dgr/18-02-2020/dgr6-2020-02-18.xls,2020/2020-02-18_dgr6.xls,200,18944,ffcdf5c4aca4dc5f296ce90828032135eaa66a34080358b34838e215e59dd393,2026-09-14T13:44:25,dgr6
https://npp.gov.in/public-reports/cea/daily/dgr/19-02-2020/dgr6-2020-02-19.xls,2020/2020-02-19_dgr6.xls,200,18944,3c4c65f59292184c5f51e54701a8a14d33b74de2bf4e2376c798db2cacb1d888,2026-09-14T13:44:25,dgr6
https://npp.gov.in/public-reports/cea/daily/dgr/20-02-2020/dgr6-2020-02-20.xls,2020/2020-02-20_dgr6.xls,200,18944,6aae8a4da57f108d3513eabfc2504234dd32f9890e72834899a2a9fdd95b27a4,2026-09-14T13:44:27,dgr6
https://npp.gov.in/public-reports/cea/daily/dgr/21-02-2020/dgr6-2020-02-21.xls,2020/2020-02-21_dgr6.xls,200,18944,77edd71675db293ba959f540b90800eb79e94bb7e73cc765ec623844e7dd1e66,2026-09-14T13:44:27,dgr6
https://npp.gov.in/public-reports/cea/daily/dgr/22-02-2020/dgr6-2020-02-22.xls,2020/2020-02-22_dgr6.xls,200,18944,f24ef920e3bb44f69b2aafb49b8e119bbe8630ee1b78f8c595934d6d427e8720,2026-09-14T13:44:28,dgr6
https://npp.gov.in/public-reports/cea/daily/dgr/23-02-2020/dgr6-2020-02-23.xls,2020/2020-02-23_dgr6.xls,200,18944,b586456eb9cce3bf217ac21c961cc1920d7cae09cf511d7854bd38abef5f8394,2026-09-14T13:44:28,dgr6
https://npp.gov.in/public-reports/cea/daily/dgr/24-02-2020/dgr6-2020-02-24.xls,2020/2020-02-24_dgr6.xls,200,18944,b815ec67e6bbb6f59cae0ab6b88215739924c7b4c673784c9663733b8b3ebc35,2026-09-14T13:44:29,dgr6
https://npp.gov.in/public-reports/cea/daily/dgr/25-02-2020/dgr6-2020-02-25.xls,2020/2020-02-25_dgr6.xls,200,18944,3b75eb7b55e33d2dd912dffc83978e070170a41202f9d803ac4822972a72dbc0,2026-09-14T13:44:29,dgr6
https://npp.gov.in/public-reports/cea/daily/dgr/26-02-2020/dgr6-2020-02-26.xls,2020/2020-02-26_dgr6.xls,200,18944,fd65d74c9ce54c18203f8d8a21c117580b4f9cb70bf1f8d30b805a7e4e594fa3,2026-09-14T13:44:29,dgr6
https://npp.gov.in/public-reports/cea/daily/dgr/27-02-2020/dgr6-2020-02-27.xls,2020/2020-02-27_dgr6.xls,404,0,,2026-09-14T13:44:30,dgr6
https://npp.gov.in/public-reports/cea/daily/dgr/28-02-2020/dgr6-2020-02-28.xls,2020/2020-02-28_dgr6.xls,404,0,,2026-09-14T13:44:30,dgr6
https://npp.gov.in/public-reports/cea/daily/dgr/29-02-2020/dgr6-2020-02-29.xls,2020/2020-02-29_dgr6.xls,404,0,,2026-09-14T13:44:30,dgr6
https://npp.gov.in/public-reports/cea/daily/dgr/01-03-2020/dgr6-2020-03-01.xls,2020/2020-03-01_dgr6.xls,404,0,,2026-09-14T13:44:31,dgr6
https://npp.gov.in/public-reports/cea/daily/dgr/02-03-2020/dgr6-2020-03-02.xls,2020/2020-03-02_dgr6.xls,404,0,,2026-09-14T13:44:31,dgr6
https://npp.gov.in/public-reports/cea/daily/dgr/03-03-2020/dgr6-2020-03-03.xls,2020/2020-03-03_dgr6.xls,404,0,,2026-09-14T13:44:31,dgr6
https://npp.gov.in/public-reports/cea/daily/dgr/04-03-2020/dgr6-2020-03-04.xls,2020/2020-03-04_dgr6.xls,200,18944,a948026258c3d0048cd41ebe3c3b886501441af91aa726b553ea91a6937e0ddc,2026-09-14T13:44:32,dgr6
https://npp.gov.in/public-reports/cea/daily/dgr/05-03-2020/dgr6-2020-03-05.xls,2020/2020-03-05_dgr6.xls,200,18944,3ed697204852a0deae94f4cd9a85371efc1287dfa362701264c3855c89cdcc55,2026-09-14T13:44:32,dgr6
https://npp.gov.in/public-reports/cea/daily/dgr/06-03-2020/dgr6-2020-03-06.xls,2020/2020-03-06_dgr6.xls,200,18944,6f0db52f9e85bdffef0433667380fb8392484f21bd13dd159355158e52919dd7,2026-09-14T13:44:33,dgr6
https://npp.gov.in/public-reports/cea/daily/dgr/07-03-2020/dgr6-2020-03-07.xls,2020/2020-03-07_dgr6.xls,200,18944,41f12376094831df3b6beca451f93913fc1779143e2e9659c6e79f47e4de2203,2026-09-14T13:44:33,dgr6
https://npp.gov.in/public-reports/cea/daily/dgr/08-03-2020/dgr6-2020-03-08.xls,2020/2020-03-08_dgr6.xls,200,18944,1b51883f45705d045f2e404e4bfa3f81c7a7246fa407410a3d20c9d3af19c19d,2026-09-14T13:44:33,dgr6
https://npp.gov.in/public-reports/cea/daily/dgr/09-03-2020/dgr6-2020-03-09.xls,2020/2020-03-09_dgr6.xls,200,18944,ac95df1052908dd4efab664bcba153f205e85dbaaa762100f53151a0c551f3ed,2026-09-14T13:44:34,dgr6
https://npp.gov.in/public-reports/cea/daily/dgr/10-03-2020/dgr6-2020-03-10.xls,2020/2020-03-10_dgr6.xls,200,18944,3f7deeede301d3d41b814289e5cc2958f64456b29fb7316a733435c40224e3f2,2026-09-14T13:44:34,dgr6
https://npp.gov.in/public-reports/cea/daily/dgr/11-03-2020/dgr6-2020-03-11.xls,2020/2020-03-11_dgr6.xls,200,18944,0018ad89b01de9ed170429bc28eefc8fc7a1c23485faf251193542a3cfdf431d,2026-09-14T13:44:35,dgr6
https://npp.gov.in/public-reports/cea/daily/dgr/12-03-2020/dgr6-2020-03-12.xls,2020/2020-03-12_dgr6.xls,200,18944,fa881c15c2c7ddf9b8c21d569dd8a3c621cf44bfd2f88d39a5d6f5f7f3795b4b,2026-09-14T13:44:35,dgr6
https://npp.gov.in/public-reports/cea/daily/dgr/13-03-2020/dgr6-2020-03-13.xls,2020/2020-03-13_dgr6.xls,200,18944,5ff0aaa759e6c5fadd5382f7613898e728869c9ef340186e5865a58533bfcb6c,2026-09-14T13:44:35,dgr6
https://npp.gov.in/public-reports/cea/daily/dgr/14-03-2020/dgr6-2020-03-14.xls,2020/2020-03-14_dgr6.xls,200,18944,78ae5323c51d2872481d1b4409be2c6b32185304fe431ffb176e37e48f7f6f0f,2026-09-14T13:44:36,dgr6
https://npp.gov.in/public-reports/cea/daily/dgr/15-03-2020/dgr6-2020-03-15.xls,2020/2020-03-15_dgr6.xls,200,18944,31671958aca493ea145b3fb1890d6796e9503a506998f09b00a1e4727df90279,2026-09-14T13:44:36,dgr6
https://npp.gov.in/public-reports/cea/daily/dgr/16-03-2020/dgr6-2020-03-16.xls,2020/2020-03-16_dgr6.xls,404,0,,2026-09-14T13:44:37,dgr6
https://npp.gov.in/public-reports/cea/daily/dgr/17-03-2020/dgr6-2020-03-17.xls,2020/2020-03-17_dgr6.xls,404,0,,2026-09-14T13:44:37,dgr6
https://npp.gov.in/public-reports/cea/daily/dgr/18-03-2020/dgr6-2020-03-18.xls,2020/2020-03-18_dgr6.xls,404,0,,2026-09-14T13:44:37,dgr6
https://npp.gov.in/public-reports/cea/daily/dgr/19-03-2020/dgr6-2020-03-19.xls,2020/2020-03-19_dgr6.xls,404,0,,2026-09-14T13:44:38,dgr6
https://npp.gov.in/public-reports/cea/daily/dgr/20-03-2020/dgr6-2020-03-20.xls,2020/2020-03-20_dgr6.xls,404,0,,2026-09-14T13:44:38,dgr6
https://npp.gov.in/public-reports/cea/daily/dgr/21-03-2020/dgr6-2020-03-21.xls,2020/2020-03-21_dgr6.xls,404,0,,2026-09-14T13:44:38,dgr6
https://npp.gov.in/public-reports/cea/daily/dgr/22-03-2020/dgr6-2020-03-22.xls,2020/2020-03-22_dgr6.xls,404,0,,2026-09-14T13:44:39,dgr6
https://npp.gov.in/public-reports/cea/daily/dgr/23-03-2020/dgr6-2020-03-23.xls,2020/2020-03-23_dgr6.xls,404,0,,2026-09-14T13:44:39,dgr6
https://npp.gov.in/public-reports/cea/daily/dgr/24-03-2020/dgr6-2020-03-24.xls,2020/2020-03-24_dgr6.xls,404,0,,2026-09-14T13:44:39,dgr6
https://npp.gov.in/public-reports/cea/daily/dgr/25-03-2020/dgr6-2020-03-25.xls,2020/2020-03-25_dgr6.xls,404,0,,2026-09-14T13:44:40,dgr6
https://npp.gov.in/public-reports/cea/daily/dgr/26-03-2020/dgr6-2020-03-26.xls,2020/2020-03-26_dgr6.xls,404,0,,2026-09-14T13:44:40,dgr6
https://npp.gov.in/public-reports/cea/daily/dgr/27-03-2020/dgr6-2020-03-27.xls,2020/2020-03-27_dgr6.xls,404,0,,2026-09-14T13:44:40,dgr6
https://npp.gov.in/public-reports/cea/daily/dgr/28-03-2020/dgr6-2020-03-28.xls,2020/2020-03-28_dgr6.xls,404,0,,2026-09-14T13:44:41,dgr6
https://npp.gov.in/public-reports/cea/daily/dgr/29-03-2020/dgr6-2020-03-29.xls,2020/2020-03-29_dgr6.xls,404,0,,2026-09-14T13:44:41,dgr6
https://npp.gov.in/public-reports/cea/daily/dgr/30-03-2020/dgr6-2020-03-30.xls,2020/2020-03-30_dgr6.xls,404,0,,2026-09-14T13:44:42,dgr6
https://npp.gov.in/public-reports/cea/daily/dgr/31-03-2020/dgr6-2020-03-31.xls,2020/2020-03-31_dgr6.xls,404,0,,2026-09-14T13:44:42,dgr6
https://npp.gov.in/public-reports/cea/daily/dgr/01-04-2020/dgr6-2020-04-01.xls,2020/2020-04-01_dgr6.xls,404,0,,2026-09-14T13:44:42,dgr6
https://npp.gov.in/public-reports/cea/daily/dgr/02-04-2020/dgr6-2020-04-02.xls,2020/2020-04-02_dgr6.xls,404,0,,2026-09-14T13:44:43,dgr6
https://npp.gov.in/public-reports/cea/daily/dgr/03-04-2020/dgr6-2020-04-03.xls,2020/2020-04-03_dgr6.xls,404,0,,2026-09-14T13:44:43,dgr6
https://npp.gov.in/public-reports/cea/daily/dgr/04-04-2020/dgr6-2020-04-04.xls,2020/2020-04-04_dgr6.xls,404,0,,2026-09-14T13:44:44,dgr6
https://npp.gov.in/public-reports/cea/daily/dgr/05-04-2020/dgr6-2020-04-05.xls,2020/2020-04-05_dgr6.xls,404,0,,2026-09-14T13:44:44,dgr6
https://npp.gov.in/public-reports/cea/daily/dgr/06-04-2020/dgr6-2020-04-06.xls,2020/2020-04-06_dgr6.xls,404,0,,2026-09-14T13:44:44,dgr6
https://npp.gov.in/public-reports/cea/daily/dgr/07-04-2020/dgr6-2020-04-07.xls,2020/2020-04-07_dgr6.xls,404,0,,2026-09-14T13:44:45,dgr6
https://npp.gov.in/public-reports/cea/daily/dgr/08-04-2020/dgr6-2020-04-08.xls,2020/2020-04-08_dgr6.xls,404,0,,2026-09-14T13:44:45,dgr6
https://npp.gov.in/public-reports/cea/daily/dgr/09-04-2020/dgr6-2020-04-09.xls,2020/2020-04-09_dgr6.xls,404,0,,2026-09-14T13:44:45,dgr6
https://npp.gov.in/public-reports/cea/daily/dgr/10-04-2020/dgr6-2020-04-10.xls,2020/2020-04-10_dgr6.xls,404,0,,2026-09-14T13:44:46,dgr6
https://npp.gov.in/public-reports/cea/daily/dgr/11-04-2020/dgr6-2020-04-11.xls,2020/2020-04-11_dgr6.xls,404,0,,2026-09-14T13:44:46,dgr6
https://npp.gov.in/public-reports/cea/daily/dgr/12-04-2020/dgr6-2020-04-12.xls,2020/2020-04-12_dgr6.xls,404,0,,2026-09-14T13:44:46,dgr6
https://npp.gov.in/public-reports/cea/daily/dgr/13-04-2020/dgr6-2020-04-13.xls,2020/2020-04-13_dgr6.xls,404,0,,2026-09-14T13:44:47,dgr6
https://npp.gov.in/public-reports/cea/daily/dgr/14-04-2020/dgr6-2020-04-14.xls,2020/2020-04-14_dgr6.xls,404,0,,2026-09-14T13:44:47,dgr6
https://npp.gov.in/public-reports/cea/daily/dgr/15-04-2020/dgr6-2020-04-15.xls,2020/2020-04-15_dgr6.xls,404,0,,2026-09-14T13:44:47,dgr6
https://npp.gov.in/public-reports/cea/daily/dgr/16-04-2020/dgr6-2020-04-16.xls,2020/2020-04-16_dgr6.xls,404,0,,2026-09-14T13:44:48,dgr6
https://npp.gov.in/public-reports/cea/daily/dgr/17-04-2020/dgr6-2020-04-17.xls,2020/2020-04-17_dgr6.xls,404,0,,2026-09-14T13:44:48,dgr6
https://npp.gov.in/public-reports/cea/daily/dgr/18-04-2020/dgr6-2020-04-18.xls,2020/2020-04-18_dgr6.xls,404,0,,2026-09-14T13:44:49,dgr6
https://npp.gov.in/public-reports/cea/daily/dgr/19-04-2020/dgr6-2020-04-19.xls,2020/2020-04-19_dgr6.xls,404,0,,2026-09-14T13:44:49,dgr6
https://npp.gov.in/public-reports/cea/daily/dgr/20-04-2020/dgr6-2020-04-20.xls,2020/2020-04-20_dgr6.xls,404,0,,2026-09-14T13:44:49,dgr6
https://npp.gov.in/public-reports/cea/daily/dgr/21-04-2020/dgr6-2020-04-21.xls,2020/2020-04-21_dgr6.xls,404,0,,2026-09-14T13:44:50,dgr6
https://npp.gov.in/public-reports/cea/daily/dgr/22-04-2020/dgr6-2020-04-22.xls,2020/2020-04-22_dgr6.xls,404,0,,2026-09-14T13:44:50,dgr6
https://npp.gov.in/public-reports/cea/daily/dgr/23-04-2020/dgr6-2020-04-23.xls,2020/2020-04-23_dgr6.xls,404,0,,2026-09-14T13:44:50,dgr6
https://npp.gov.in/public-reports/cea/daily/dgr/24-04-2020/dgr6-2020-04-24.xls,2020/2020-04-24_dgr6.xls,404,0,,2026-09-14T13:44:51,dgr6
https://npp.gov.in/public-reports/cea/daily/dgr/25-04-2020/dgr6-2020-04-25.xls,2020/2020-04-25_dgr6.xls,404,0,,2026-09-14T13:44:51,dgr6
https://npp.gov.in/public-reports/cea/daily/dgr/26-04-2020/dgr6-2020-04-26.xls,2020/2020-04-26_dgr6.xls,404,0,,2026-09-14T13:44:51,dgr6
https://npp.gov.in/public-reports/cea/daily/dgr/27-04-2020/dgr6-2020-04-27.xls,2020/2020-04-27_dgr6.xls,404,0,,2026-09-14T13:44:52,dgr6
https://npp.gov.in/public-reports/cea/daily/dgr/28-04-2020/dgr6-2020-04-28.xls,2020/2020-04-28_dgr6.xls,404,0,,2026-09-14T13:44:52,dgr6
https://npp.gov.in/public-reports/cea/daily/dgr/29-04-2020/dgr6-2020-04-29.xls,2020/2020-04-29_dgr6.xls,404,0,,2026-09-14T13:44:52,dgr6
https://npp.gov.in/public-reports/cea/daily/dgr/30-04-2020/dgr6-2020-04-30.xls,2020/2020-04-30_dgr6.xls,404,0,,2026-09-14T13:44:53,dgr6
https://npp.gov.in/public-reports/cea/daily/dgr/01-05-2020/dgr6-2020-05-01.xls,2020/2020-05-01_dgr6.xls,404,0,,2026-09-14T13:44:53,dgr6
https://npp.gov.in/public-reports/cea/daily/dgr/02-05-2020/dgr6-2020-05-02.xls,2020/2020-05-02_dgr6.xls,404,0,,2026-09-14T13:44:54,dgr6
https://npp.gov.in/public-reports/cea/daily/dgr/03-05-2020/dgr6-2020-05-03.xls,2020/2020-05-03_dgr6.xls,404,0,,2026-09-14T13:44:54,dgr6
https://npp.gov.in/public-reports/cea/daily/dgr/04-05-2020/dgr6-2020-05-04.xls,2020/2020-05-04_dgr6.xls,404,0,,2026-09-14T13:44:54,dgr6
https://npp.gov.in/public-reports/cea/daily/dgr/05-05-2020/dgr6-2020-05-05.xls,2020/2020-05-05_dgr6.xls,404,0,,2026-09-14T13:44:55,dgr6
https://npp.gov.in/public-reports/cea/daily/dgr/06-05-2020/dgr6-2020-05-06.xls,2020/2020-05-06_dgr6.xls,404,0,,2026-09-14T13:44:55,dgr6
https://npp.gov.in/public-reports/cea/daily/dgr/07-05-2020/dgr6-2020-05-07.xls,2020/2020-05-07_dgr6.xls,404,0,,2026-09-14T13:44:55,dgr6
https://npp.gov.in/public-reports/cea/daily/dgr/08-05-2020/dgr6-2020-05-08.xls,2020/2020-05-08_dgr6.xls,404,0,,2026-09-14T13:44:56,dgr6
https://npp.gov.in/public-reports/cea/daily/dgr/09-05-2020/dgr6-2020-05-09.xls,2020/2020-05-09_dgr6.xls,404,0,,2026-09-14T13:44:56,dgr6
https://npp.gov.in/public-reports/cea/daily/dgr/10-05-2020/dgr6-2020-05-10.xls,2020/2020-05-10_dgr6.xls,404,0,,2026-09-14T13:44:57,dgr6
https://npp.gov.in/public-reports/cea/daily/dgr/11-05-2020/dgr6-2020-05-11.xls,2020/2020-05-11_dgr6.xls,404,0,,2026-09-14T13:44:57,dgr6
https://npp.gov.in/public-reports/cea/daily/dgr/12-05-2020/dgr6-2020-05-12.xls,2020/2020-05-12_dgr6.xls,404,0,,2026-09-14T13:44:57,dgr6
https://npp.gov.in/public-reports/cea/daily/dgr/13-05-2020/dgr6-2020-05-13.xls,2020/2020-05-13_dgr6.xls,404,0,,2026-09-14T13:44:58,dgr6
https://npp.gov.in/public-reports/cea/daily/dgr/14-05-2020/dgr6-2020-05-14.xls,2020/2020-05-14_dgr6.xls,404,0,,2026-09-14T13:44:58,dgr6
https://npp.gov.in/public-reports/cea/daily/dgr/15-05-2020/dgr6-2020-05-15.xls,2020/2020-05-15_dgr6.xls,404,0,,2026-09-14T13:44:58,dgr6
https://npp.gov.in/public-reports/cea/daily/dgr/16-05-2020/dgr6-2020-05-16.xls,2020/2020-05-16_dgr6.xls,404,0,,2026-09-14T13:44:59,dgr6
https://npp.gov.in/public-reports/cea/daily/dgr/17-05-2020/dgr6-2020-05-17.xls,2020/2020-05-17_dgr6.xls,404,0,,2026-09-14T13:44:59,dgr6
https://npp.gov.in/public-reports/cea/daily/dgr/18-05-2020/dgr6-2020-05-18.xls,2020/2020-05-18_dgr6.xls,404,0,,2026-09-14T13:44:59,dgr6
https://npp.gov.in/public-reports/cea/daily/dgr/19-05-2020/dgr6-2020-05-19.xls,2020/2020-05-19_dgr6.xls,404,0,,2026-09-14T13:45:00,dgr6
https://npp.gov.in/public-reports/cea/daily/dgr/20-05-2020/dgr6-2020-05-20.xls,2020/2020-05-20_dgr6.xls,404,0,,2026-09-14T13:45:00,dgr6
https://npp.gov.in/public-reports/cea/daily/dgr/21-05-2020/dgr6-2020-05-21.xls,2020/2020-05-21_dgr6.xls,404,0,,2026-09-14T13:45:01,dgr6
https://npp.gov.in/public-reports/cea/daily/dgr/22-05-2020/dgr6-2020-05-22.xls,2020/2020-05-22_dgr6.xls,404,0,,2026-09-14T13:45:01,dgr6
https://npp.gov.in/public-reports/cea/daily/dgr/23-05-2020/dgr6-2020-05-23.xls,2020/2020-05-23_dgr6.xls,404,0,,2026-09-14T13:45:01,dgr6
https://npp.gov.in/public-reports/cea/daily/dgr/24-05-2020/dgr6-2020-05-24.xls,2020/2020-05-24_dgr6.xls,404,0,,2026-09-14T13:45:02,dgr6
https://npp.gov.in/public-reports/cea/daily/dgr/25-05-2020/dgr6-2020-05-25.xls,2020/2020-05-25_dgr6.xls,404,0,,2026-09-14T13:45:02,dgr6
https://npp.gov.in/public-reports/cea/daily/dgr/26-05-2020/dgr6-2020-05-26.xls,2020/2020-05-26_dgr6.xls,404,0,,2026-09-14T13:45:03,dgr6
https://npp.gov.in/public-reports/cea/daily/dgr/27-05-2020/dgr6-2020-05-27.xls,2020/2020-05-27_dgr6.xls,404,0,,2026-09-14T13:45:03,dgr6
https://npp.gov.in/public-reports/cea/daily/dgr/28-05-2020/dgr6-2020-05-28.xls,2020/2020-05-28_dgr6.xls,404,0,,2026-09-14T13:45:03,dgr6
https://npp.gov.in/public-reports/cea/daily/dgr/29-05-2020/dgr6-2020-05-29.xls,2020/2020-05-29_dgr6.xls,404,0,,2026-09-14T13:45:04,dgr6
https://npp.gov.in/public-reports/cea/daily/dgr/30-05-2020/dgr6-2020-05-30.xls,2020/2020-05-30_dgr6.xls,404,0,,2026-09-14T13:45:05,dgr6
https://npp.gov.in/public-reports/cea/daily/dgr/31-05-2020/dgr6-2020-05-31.xls,2020/2020-05-31_dgr6.xls,404,0,,2026-09-14T13:45:05,dgr6
https://npp.gov.in/public-reports/cea/daily/dgr/01-06-2020/dgr6-2020-06-01.xls,2020/2020-06-01_dgr6.xls,200,18944,4e3de920ec72359019cf387a86e8fc869721147e340c6d11aa825ca05589eb97,2026-09-14T13:45:06,dgr6
https://npp.gov.in/public-reports/cea/daily/dgr/02-06-2020/dgr6-2020-06-02.xls,2020/2020-06-02_dgr6.xls,200,18944,9699c6fd55d612f209e14e50e581fba338715c5bd5e7ea3a64d12e6ebb8f6dd6,2026-09-14T13:45:06,dgr6
https://npp.gov.in/public-reports/cea/daily/dgr/03-06-2020/dgr6-2020-06-03.xls,2020/2020-06-03_dgr6.xls,200,18944,320435e52be410918261d82339b0b02a6eaab751e1991edca1db0ee956d2481f,2026-09-14T13:45:06,dgr6
https://npp.gov.in/public-reports/cea/daily/dgr/04-06-2020/dgr6-2020-06-04.xls,2020/2020-06-04_dgr6.xls,200,18944,532da2b35f8b5bc52c13116e5b413391179026e99ea46d288c986b4c39b13157,2026-09-14T13:45:07,dgr6
https://npp.gov.in/public-reports/cea/daily/dgr/05-06-2020/dgr6-2020-06-05.xls,2020/2020-06-05_dgr6.xls,200,18944,b1e15e4c5a29a866490a5c460a3c6cdb392bcb5cddee958a051eb2a147f8907c,2026-09-14T13:45:07,dgr6
https://npp.gov.in/public-reports/cea/daily/dgr/06-06-2020/dgr6-2020-06-06.xls,2020/2020-06-06_dgr6.xls,200,18944,ec12b1984adade71030467befb14453504411b696cb29565ddc81623ab5b72ba,2026-09-14T13:45:08,dgr6
https://npp.gov.in/public-reports/cea/daily/dgr/07-06-2020/dgr6-2020-06-07.xls,2020/2020-06-07_dgr6.xls,200,18944,16d6a70fecedc3f1c4de0543e86c46a1496340c86335b212060b0051c811c1f4,2026-09-14T13:45:08,dgr6
https://npp.gov.in/public-reports/cea/daily/dgr/08-06-2020/dgr6-2020-06-08.xls,2020/2020-06-08_dgr6.xls,200,18944,d0a4a25a2619238e1ac06570f9e77ef9eb9ee253ddc77d9a15c77e15f126ac3f,2026-09-14T13:45:09,dgr6
https://npp.gov.in/public-reports/cea/daily/dgr/09-06-2020/dgr6-2020-06-09.xls,2020/2020-06-09_dgr6.xls,200,18944,4f1136e6983505a6cbb21db6aee5b23d717d9d645482dc9a7aeb885afb7b9f6b,2026-09-14T13:45:09,dgr6
https://npp.gov.in/public-reports/cea/daily/dgr/10-06-2020/dgr6-2020-06-10.xls,2020/2020-06-10_dgr6.xls,200,18944,b5569a2e986deb2603c4ec6186962da9eb101c2580e31ed9ee621a8423f5b025,2026-09-14T13:45:09,dgr6
https://npp.gov.in/public-reports/cea/daily/dgr/11-06-2020/dgr6-2020-06-11.xls,2020/2020-06-11_dgr6.xls,200,18944,f24f4704b22646ac1388a649c96dfecd381e09d1c52b0397ab0e6de7ce9a03c2,2026-09-14T13:45:10,dgr6
https://npp.gov.in/public-reports/cea/daily/dgr/12-06-2020/dgr6-2020-06-12.xls,2020/2020-06-12_dgr6.xls,200,18944,987f2ed6eb7f4b933913854f0e94d3f61cf69fe31a4eee50663fa723a6d8c12a,2026-09-14T13:45:10,dgr6
https://npp.gov.in/public-reports/cea/daily/dgr/13-06-2020/dgr6-2020-06-13.xls,2020/2020-06-13_dgr6.xls,200,18944,29e7d84b851f43971bef3bcab4a4c8b984ddb98042f3c0a6d89dd67052d60f29,2026-09-14T13:45:11,dgr6
https://npp.gov.in/public-reports/cea/daily/dgr/14-06-2020/dgr6-2020-06-14.xls,2020/2020-06-14_dgr6.xls,200,18944,619764e6512daf2cf2af07a573e49b4e9c9e4cc1fdb360ae06fab2fc3782977e,2026-09-14T13:45:11,dgr6
https://npp.gov.in/public-reports/cea/daily/dgr/15-06-2020/dgr6-2020-06-15.xls,2020/2020-06-15_dgr6.xls,200,18944,810147d5d21d77c412cdbaf31faccc09db35007e50902c3a56f0d63933db2867,2026-09-14T13:45:11,dgr6
https://npp.gov.in/public-reports/cea/daily/dgr/16-06-2020/dgr6-2020-06-16.xls,2020/2020-06-16_dgr6.xls,200,18944,93ab45d41afbcc26fe5a53a8949d367b3bc77da7a3310aaaddb4b09d9c0a71d5,2026-09-14T13:45:12,dgr6
https://npp.gov.in/public-reports/cea/daily/dgr/17-06-2020/dgr6-2020-06-17.xls,2020/2020-06-17_dgr6.xls,200,18944,8bcb2d5c2176ad6e792a05c24e413a29f77836e6a5ab57e55e6e8c50c6a2808a,2026-09-14T13:45:12,dgr6
https://npp.gov.in/public-reports/cea/daily/dgr/18-06-2020/dgr6-2020-06-18.xls,2020/2020-06-18_dgr6.xls,200,18944,fdbedef8d110d611cbd9cc7cb4bb4531bd033e23dccce9a8a29a8cd976f464ec,2026-09-14T13:45:13,dgr6
https://npp.gov.in/public-reports/cea/daily/dgr/19-06-2020/dgr6-2020-06-19.xls,2020/2020-06-19_dgr6.xls,200,18944,a99faf36b6b41eee97e657c58a5469d69d0eb94e697a1ed4a262e2106a9d264d,2026-09-14T13:45:14,dgr6
https://npp.gov.in/public-reports/cea/daily/dgr/20-06-2020/dgr6-2020-06-20.xls,2020/2020-06-20_dgr6.xls,200,18944,ab3ac92ce7c1a1d80ee655ecbcf79f0904cff8d20630fc1596a58c3e2e4d02f6,2026-09-14T13:45:14,dgr6
https://npp.gov.in/public-reports/cea/daily/dgr/21-06-2020/dgr6-2020-06-21.xls,2020/2020-06-21_dgr6.xls,200,18944,c36a7a42134ddb1cdcc9cc9f018b0f677e7503c8b2b16f849838eb899afb010a,2026-09-14T13:45:14,dgr6
https://npp.gov.in/public-reports/cea/daily/dgr/22-06-2020/dgr6-2020-06-22.xls,2020/2020-06-22_dgr6.xls,200,18944,2ca6465c21c676a5d025c2f254003a4e1bac4553ff5d20b95c29aff37d102f55,2026-09-14T13:45:15,dgr6
https://npp.gov.in/public-reports/cea/daily/dgr/23-06-2020/dgr6-2020-06-23.xls,2020/2020-06-23_dgr6.xls,200,18944,c246df74dad097eb5ea6a9b15f97f63e9446a7f8d275f032b25f2de272f5fd07,2026-09-14T13:45:15,dgr6
https://npp.gov.in/public-reports/cea/daily/dgr/24-06-2020/dgr6-2020-06-24.xls,2020/2020-06-24_dgr6.xls,200,18944,91d6e59f5be7e5136bb3cc0b7882d301eaa1098f52dc2f256fea436f855afd27,2026-09-14T13:45:15,dgr6
https://npp.gov.in/public-reports/cea/daily/dgr/25-06-2020/dgr6-2020-06-25.xls,2020/2020-06-25_dgr6.xls,200,18944,c7e9c6aeea572418d6a5bf62c595d58b5743b44f658b851f1af73a739b60b6c9,2026-09-14T13:45:16,dgr6
https://npp.gov.in/public-reports/cea/daily/dgr/26-06-2020/dgr6-2020-06-26.xls,2020/2020-06-26_dgr6.xls,200,18944,f38f9e1ef27b04fb1bb64afa71d35fe5454900f313e56953043b61c8a73e9e02,2026-09-14T13:45:16,dgr6
https://npp.gov.in/public-reports/cea/daily/dgr/27-06-2020/dgr6-2020-06-27.xls,2020/2020-06-27_dgr6.xls,404,0,,2026-09-14T13:45:17,dgr6
https://npp.gov.in/public-reports/cea/daily/dgr/28-06-2020/dgr6-2020-06-28.xls,2020/2020-06-28_dgr6.xls,200,18944,233ff627c7035f36b4e585e306149687e19b7dd4ce2b5d4777562a3089ed376c,2026-09-14T13:45:17,dgr6
https://npp.gov.in/public-reports/cea/daily/dgr/29-06-2020/dgr6-2020-06-29.xls,2020/2020-06-29_dgr6.xls,200,18944,dce85ca19dac6aa3ec5068623109a718394f76b98e4e6d3ca2098c5f3c8d4cdb,2026-09-14T13:45:18,dgr6
https://npp.gov.in/public-reports/cea/daily/dgr/30-06-2020/dgr6-2020-06-30.xls,2020/2020-06-30_dgr6.xls,200,18944,2e3d6195801347c7384dbd31d157bbc01937b80499309b2dd41a7b6b873af6de,2026-09-14T13:45:18,dgr6
https://npp.gov.in/public-reports/cea/daily/dgr/01-07-2020/dgr6-2020-07-01.xls,2020/2020-07-01_dgr6.xls,200,18944,86551cb5eaae9e5af481f558f9d87458d11ac79ce55f04c317eef6deb97f065a,2026-09-14T13:45:18,dgr6
https://npp.gov.in/public-reports/cea/daily/dgr/02-07-2020/dgr6-2020-07-02.xls,2020/2020-07-02_dgr6.xls,200,18944,7ec4dc6810847177447488521115d263d86d4793004fb03444dfbb58569a8d58,2026-09-14T13:45:19,dgr6
https://npp.gov.in/public-reports/cea/daily/dgr/03-07-2020/dgr6-2020-07-03.xls,2020/2020-07-03_dgr6.xls,200,18944,5ab9f3704f8dcc79e99aaf232d7a40fcdd3a882a5d87d728408fd62d40969873,2026-09-14T13:45:19,dgr6
https://npp.gov.in/public-reports/cea/daily/dgr/04-07-2020/dgr6-2020-07-04.xls,2020/2020-07-04_dgr6.xls,200,18944,667db9794cd791e69238ebaf44d99a6048ad03d91c5b733aa16cd28e5644caf5,2026-09-14T13:45:20,dgr6
https://npp.gov.in/public-reports/cea/daily/dgr/05-07-2020/dgr6-2020-07-05.xls,2020/2020-07-05_dgr6.xls,200,18944,4da888c19ab8db288c51717359512b0665091e0d7115d132090ff930d8e1ddbb,2026-09-14T13:45:20,dgr6
https://npp.gov.in/public-reports/cea/daily/dgr/06-07-2020/dgr6-2020-07-06.xls,2020/2020-07-06_dgr6.xls,200,18944,7003799316dc5c158654477c662086e4ff0abe47e759891d5613009a9d238a6a,2026-09-14T13:45:21,dgr6
https://npp.gov.in/public-reports/cea/daily/dgr/07-07-2020/dgr6-2020-07-07.xls,2020/2020-07-07_dgr6.xls,200,18944,0e06fc5057d1c0976497ad104b8694454db40f16751b037192d7dde72b160981,2026-09-14T13:45:21,dgr6
https://npp.gov.in/public-reports/cea/daily/dgr/08-07-2020/dgr6-2020-07-08.xls,2020/2020-07-08_dgr6.xls,200,18944,819b5c40dfe8c71b9dbc2a12cfae6d3d24119c7a722379bcd70d429729e754f9,2026-09-14T13:45:22,dgr6
https://npp.gov.in/public-reports/cea/daily/dgr/09-07-2020/dgr6-2020-07-09.xls,2020/2020-07-09_dgr6.xls,200,18944,fdf987e59278d266034df985cd607ba8b47c1e1722ff0af21de161315ef4143c,2026-09-14T13:45:22,dgr6
https://npp.gov.in/public-reports/cea/daily/dgr/10-07-2020/dgr6-2020-07-10.xls,2020/2020-07-10_dgr6.xls,200,18944,f5c930cb8b6b5a3d133233c00802ee803018c169af752e58a0b83b7365f68911,2026-09-14T13:45:23,dgr6
https://npp.gov.in/public-reports/cea/daily/dgr/11-07-2020/dgr6-2020-07-11.xls,2020/2020-07-11_dgr6.xls,200,18944,5ac92c5a5a1a8ab047b2646e0bc45d0c07681f07774babc9021ed3ea45c950d7,2026-09-14T13:45:23,dgr6
https://npp.gov.in/public-reports/cea/daily/dgr/12-07-2020/dgr6-2020-07-12.xls,2020/2020-07-12_dgr6.xls,200,18944,639f8e82489346f796b6f304101373cdf1ca249ac7e66273e3b3c948a2aec612,2026-09-14T13:45:24,dgr6
https://npp.gov.in/public-reports/cea/daily/dgr/13-07-2020/dgr6-2020-07-13.xls,2020/2020-07-13_dgr6.xls,200,18944,24e88cb24416c1ae902c4b32bbfb5120b9c3f9c4bd55b1d929b62e98f740653e,2026-09-14T13:45:24,dgr6
https://npp.gov.in/public-reports/cea/daily/dgr/14-07-2020/dgr6-2020-07-14.xls,2020/2020-07-14_dgr6.xls,200,18944,ce7d964960137fe3188102696a16b4f7cd4c32bbc64b11eef573f5c04b741a25,2026-09-14T13:45:24,dgr6
https://npp.gov.in/public-reports/cea/daily/dgr/15-07-2020/dgr6-2020-07-15.xls,2020/2020-07-15_dgr6.xls,200,18944,444124571d65ccb721a31b6e12841e86cebd863caab20e859c86a52ff4d638d8,2026-09-14T13:45:25,dgr6
https://npp.gov.in/public-reports/cea/daily/dgr/16-07-2020/dgr6-2020-07-16.xls,2020/2020-07-16_dgr6.xls,200,18944,46681c339da7f8227aa5bfc4936ee9c5d3ae6fa1afefa0409309ecbc00886e82,2026-09-14T13:45:25,dgr6
https://npp.gov.in/public-reports/cea/daily/dgr/17-07-2020/dgr6-2020-07-17.xls,2020/2020-07-17_dgr6.xls,200,18944,abb42ccfe42de2b32ebe1cb64bf6d44e11b3b1a7d304661b30edfdc29a88d110,2026-09-14T13:45:26,dgr6
https://npp.gov.in/public-reports/cea/daily/dgr/18-07-2020/dgr6-2020-07-18.xls,2020/2020-07-18_dgr6.xls,200,18944,271d88c7ddeeba99706ebce0d5884a02611870bab897ee710c31c9cbeb66a9b8,2026-09-14T13:45:26,dgr6
https://npp.gov.in/public-reports/cea/daily/dgr/19-07-2020/dgr6-2020-07-19.xls,2020/2020-07-19_dgr6.xls,200,18944,5e29392caf6619a614b0b24ff82f6166921e8f5c5df00329388979535f8cba12,2026-09-14T13:45:27,dgr6
https://npp.gov.in/public-reports/cea/daily/dgr/20-07-2020/dgr6-2020-07-20.xls,2020/2020-07-20_dgr6.xls,200,18944,5e71d5ab7cfdf65cb1ab152959d7bfbbdadee2617b263f52db38fc28346debac,2026-09-14T13:45:27,dgr6
https://npp.gov.in/public-reports/cea/daily/dgr/21-07-2020/dgr6-2020-07-21.xls,2020/2020-07-21_dgr6.xls,200,18944,85757169434c924565090f5f9ccacdc32766ecee65ea8e9cc96ce0efe93ef7e3,2026-09-14T13:45:27,dgr6
https://npp.gov.in/public-reports/cea/daily/dgr/22-07-2020/dgr6-2020-07-22.xls,2020/2020-07-22_dgr6.xls,200,18944,3a9fa9ac8a86976ac2b32a22cd9902a356d1cef0363332fb7ea82a01ec01a5e0,2026-09-14T13:45:28,dgr6
https://npp.gov.in/public-reports/cea/daily/dgr/23-07-2020/dgr6-2020-07-23.xls,2020/2020-07-23_dgr6.xls,200,18944,f6ef2c884eb05b32c51f436e60623e03dd46787ecd8c6a20006a2d14bd41208f,2026-09-14T13:45:28,dgr6
https://npp.gov.in/public-reports/cea/daily/dgr/24-07-2020/dgr6-2020-07-24.xls,2020/2020-07-24_dgr6.xls,200,18944,acccacf4531add1b750385b0a053ed35d7da6787d0c8c6355f4b01367196b841,2026-09-14T13:45:29,dgr6
https://npp.gov.in/public-reports/cea/daily/dgr/25-07-2020/dgr6-2020-07-25.xls,2020/2020-07-25_dgr6.xls,200,18944,1abb2e613c7720619613cbe93ea96d70c94582d9b6a79250636a6fe65eff0c91,2026-09-14T13:45:29,dgr6
https://npp.gov.in/public-reports/cea/daily/dgr/26-07-2020/dgr6-2020-07-26.xls,2020/2020-07-26_dgr6.xls,200,18944,613f66a4d30a32f3867061be821281f0ae94b1ff90bb65ed6455824b487bdebb,2026-09-14T13:45:29,dgr6
https://npp.gov.in/public-reports/cea/daily/dgr/27-07-2020/dgr6-2020-07-27.xls,2020/2020-07-27_dgr6.xls,200,18944,6c5935c911bd2ea549c4ad68fab0fde7ca08eec8fecb03d3b2ae26bccfa17e55,2026-09-14T13:45:30,dgr6
https://npp.gov.in/public-reports/cea/daily/dgr/28-07-2020/dgr6-2020-07-28.xls,2020/2020-07-28_dgr6.xls,200,18944,73e1910fefa3ec0b352c92018400858a1c79c7b3a41daa4d6ff27fcdc0aa5b37,2026-09-14T13:45:30,dgr6
https://npp.gov.in/public-reports/cea/daily/dgr/29-07-2020/dgr6-2020-07-29.xls,2020/2020-07-29_dgr6.xls,200,18944,37013d0fa97376eed8d56e886669b289ae3459e61500155d75a1f1a4d8a47c94,2026-09-14T13:45:31,dgr6
https://npp.gov.in/public-reports/cea/daily/dgr/30-07-2020/dgr6-2020-07-30.xls,2020/2020-07-30_dgr6.xls,200,18944,b391bf96f8d24ddf718bbdc0b6469306989934a23ed8a8432813a4c5739aecfa,2026-09-14T13:45:31,dgr6
https://npp.gov.in/public-reports/cea/daily/dgr/31-07-2020/dgr6-2020-07-31.xls,2020/2020-07-31_dgr6.xls,200,18944,50cc8e659bb8f313afd92cb04d2cda4dc75eeca9590a6cb0d081a4433e2f6486,2026-09-14T13:45:31,dgr6
https://npp.gov.in/public-reports/cea/daily/dgr/01-08-2020/dgr6-2020-08-01.xls,2020/2020-08-01_dgr6.xls,200,18944,b445e9548226cdc4c57c93cf0f820a824e5742d93370be1821495dd3e0e69cdd,2026-09-14T13:45:32,dgr6
https://npp.gov.in/public-reports/cea/daily/dgr/02-08-2020/dgr6-2020-08-02.xls,2020/2020-08-02_dgr6.xls,200,18944,772ec8da02a41c416d3b8d7ef40ebdb8b958d4e0ad98695108e97edfd8ac3149,2026-09-14T13:45:32,dgr6
https://npp.gov.in/public-reports/cea/daily/dgr/03-08-2020/dgr6-2020-08-03.xls,2020/2020-08-03_dgr6.xls,200,18944,edd194140643c263588b43f8a0c99ada43628ca0e157d058a7527500d66762d6,2026-09-14T13:45:33,dgr6
https://npp.gov.in/public-reports/cea/daily/dgr/04-08-2020/dgr6-2020-08-04.xls,2020/2020-08-04_dgr6.xls,200,18944,d18f6efda58545c8e40887db4666a0fa5e4bc3ecb6cdf80de041a5fdebfb5a5d,2026-09-14T13:45:33,dgr6
https://npp.gov.in/public-reports/cea/daily/dgr/05-08-2020/dgr6-2020-08-05.xls,2020/2020-08-05_dgr6.xls,200,18944,b1d2a87ae5424948b32f3f346544b85450f8c393dea97fbe73b335f4a5b664a6,2026-09-14T13:45:33,dgr6
https://npp.gov.in/public-reports/cea/daily/dgr/06-08-2020/dgr6-2020-08-06.xls,2020/2020-08-06_dgr6.xls,200,18944,769e7251bee13448801105b5d6716e8fdbb47d91091f0bf03460f91647cb577e,2026-09-14T13:45:34,dgr6
https://npp.gov.in/public-reports/cea/daily/dgr/07-08-2020/dgr6-2020-08-07.xls,2020/2020-08-07_dgr6.xls,404,0,,2026-09-14T13:45:34,dgr6
https://npp.gov.in/public-reports/cea/daily/dgr/08-08-2020/dgr6-2020-08-08.xls,2020/2020-08-08_dgr6.xls,200,18944,3f41ad32fa5ed9a702bd007e46a19af6126869654099815aa1a9f9604679e9c2,2026-09-14T13:45:34,dgr6
https://npp.gov.in/public-reports/cea/daily/dgr/09-08-2020/dgr6-2020-08-09.xls,2020/2020-08-09_dgr6.xls,200,18944,7881c91ddb99bc87de52b8c70f4a5eeb8e7aca576e0db4572168b015dcc8a106,2026-09-14T13:45:35,dgr6
https://npp.gov.in/public-reports/cea/daily/dgr/10-08-2020/dgr6-2020-08-10.xls,2020/2020-08-10_dgr6.xls,200,18944,b866994eda7016446145a5601c1eebf4c1ec2aadb761b47f1501a98c4eba150d,2026-09-14T13:45:35,dgr6
https://npp.gov.in/public-reports/cea/daily/dgr/11-08-2020/dgr6-2020-08-11.xls,2020/2020-08-11_dgr6.xls,200,18944,033821f8e4fbed1cbe4547c785f8746e9a02ad8acf63ad0202f8fa8562a2af47,2026-09-14T13:45:36,dgr6
https://npp.gov.in/public-reports/cea/daily/dgr/12-08-2020/dgr6-2020-08-12.xls,2020/2020-08-12_dgr6.xls,200,18944,f260a37d597e070447431faf046a5d0d05dd02671412d1364f089a9db45159bf,2026-09-14T13:45:36,dgr6
https://npp.gov.in/public-reports/cea/daily/dgr/13-08-2020/dgr6-2020-08-13.xls,2020/2020-08-13_dgr6.xls,200,18944,2f4908f0989318b12bf79a74c077b21208d160532b766e50185aceb5ac80dece,2026-09-14T13:45:37,dgr6
https://npp.gov.in/public-reports/cea/daily/dgr/14-08-2020/dgr6-2020-08-14.xls,2020/2020-08-14_dgr6.xls,200,18944,e01a6798207d7b02179b7f217ce6d73a9467a8697f266883b83fae3926847462,2026-09-14T13:45:37,dgr6
https://npp.gov.in/public-reports/cea/daily/dgr/15-08-2020/dgr6-2020-08-15.xls,2020/2020-08-15_dgr6.xls,200,18944,7d1aa357215a85f4b07c149cdaac09a29bf004cabf3c7a10f3ab49ce26c72328,2026-09-14T13:45:37,dgr6
https://npp.gov.in/public-reports/cea/daily/dgr/16-08-2020/dgr6-2020-08-16.xls,2020/2020-08-16_dgr6.xls,200,18944,8a43db439365ddba547b6b3ea2fdfd321b5288eec7a5f56e3bee591d107ee683,2026-09-14T13:45:38,dgr6
https://npp.gov.in/public-reports/cea/daily/dgr/17-08-2020/dgr6-2020-08-17.xls,2020/2020-08-17_dgr6.xls,200,18944,8769d673fd568635527b3e3646061d22f19a8f940e7834e3fd14218f7d8fa6a9,2026-09-14T13:45:38,dgr6
https://npp.gov.in/public-reports/cea/daily/dgr/18-08-2020/dgr6-2020-08-18.xls,2020/2020-08-18_dgr6.xls,200,18944,61fd98c6a11ffefd9320bf70d7a509eefd0266c100d22305177e31176e08b0af,2026-09-14T13:45:39,dgr6
https://npp.gov.in/public-reports/cea/daily/dgr/19-08-2020/dgr6-2020-08-19.xls,2020/2020-08-19_dgr6.xls,200,18944,ac13505d2588ad053fe1a8f31bc5a40034ede39ec2f9d62b03996e59b42c2a6d,2026-09-14T13:45:39,dgr6
https://npp.gov.in/public-reports/cea/daily/dgr/20-08-2020/dgr6-2020-08-20.xls,2020/2020-08-20_dgr6.xls,200,18944,d1516e56f3340f787b10bbc5eda74732b5951007a315e6e2a18dfad43f411c52,2026-09-14T13:45:39,dgr6
https://npp.gov.in/public-reports/cea/daily/dgr/21-08-2020/dgr6-2020-08-21.xls,2020/2020-08-21_dgr6.xls,200,18944,997d624fb2dc4d559d7edec96c8f96b156eb76351fae346e28a2ef325a85021c,2026-09-14T13:45:40,dgr6
https://npp.gov.in/public-reports/cea/daily/dgr/22-08-2020/dgr6-2020-08-22.xls,2020/2020-08-22_dgr6.xls,200,18944,858057003e4ca86c1b1dd49dc2f3fbc57530da56a04bc9371e11a81ee5c17d76,2026-09-14T13:45:40,dgr6
https://npp.gov.in/public-reports/cea/daily/dgr/23-08-2020/dgr6-2020-08-23.xls,2020/2020-08-23_dgr6.xls,404,0,,2026-09-14T13:45:41,dgr6
https://npp.gov.in/public-reports/cea/daily/dgr/24-08-2020/dgr6-2020-08-24.xls,2020/2020-08-24_dgr6.xls,404,0,,2026-09-14T13:45:41,dgr6
https://npp.gov.in/public-reports/cea/daily/dgr/25-08-2020/dgr6-2020-08-25.xls,2020/2020-08-25_dgr6.xls,200,18944,a60aef98d4a39419f9ced71b9ff130a4b8aa2eddc80b775d90e9d7a3cb7c8cf6,2026-09-14T13:45:41,dgr6
https://npp.gov.in/public-reports/cea/daily/dgr/26-08-2020/dgr6-2020-08-26.xls,2020/2020-08-26_dgr6.xls,200,18944,f91f1dc3da2817f3498c1c38bab0b4e47a4cdf9d62aec8b8f1598b7cb047893a,2026-09-14T13:45:42,dgr6
https://npp.gov.in/public-reports/cea/daily/dgr/27-08-2020/dgr6-2020-08-27.xls,2020/2020-08-27_dgr6.xls,200,18944,42d257a3e1e2c6fc6c4b1fb8b1e06ba5ffb91a6ea48cedab90adeda9a67dbc4f,2026-09-14T13:45:42,dgr6
https://npp.gov.in/public-reports/cea/daily/dgr/28-08-2020/dgr6-2020-08-28.xls,2020/2020-08-28_dgr6.xls,200,18944,410f58d82c87994c2578192b9793540116a841dd3e09529dbe898377e776c0f3,2026-09-14T13:45:42,dgr6
https://npp.gov.in/public-reports/cea/daily/dgr/29-08-2020/dgr6-2020-08-29.xls,2020/2020-08-29_dgr6.xls,200,18944,9883b40ec6f06f0cc41ada639998ae5ded1f457fa3a8602809a48a80a4d0450f,2026-09-14T13:45:43,dgr6
https://npp.gov.in/public-reports/cea/daily/dgr/30-08-2020/dgr6-2020-08-30.xls,2020/2020-08-30_dgr6.xls,200,18944,a6f8bec817831fca143536477f24edeb04e4f782fa0878f69deb409c5ce45d51,2026-09-14T13:45:43,dgr6
https://npp.gov.in/public-reports/cea/daily/dgr/31-08-2020/dgr6-2020-08-31.xls,2020/2020-08-31_dgr6.xls,200,18944,ae0e9c7b01e0210c4e606af8e3d8c1d00277007377eab8919e34b94e02d7b2ea,2026-09-14T13:45:43,dgr6
https://npp.gov.in/public-reports/cea/daily/dgr/01-09-2020/dgr6-2020-09-01.xls,2020/2020-09-01_dgr6.xls,200,18944,dbacbbeadbe9759293ebc9264395484843815311d6de90f013597a824ad791d1,2026-09-14T13:45:44,dgr6
https://npp.gov.in/public-reports/cea/daily/dgr/02-09-2020/dgr6-2020-09-02.xls,2020/2020-09-02_dgr6.xls,200,18944,145f9842119f888f597740417f9438ab85771912c61a691174d105d33dca100b,2026-09-14T13:45:44,dgr6
https://npp.gov.in/public-reports/cea/daily/dgr/03-09-2020/dgr6-2020-09-03.xls,2020/2020-09-03_dgr6.xls,200,18944,1be35994860996f3e05aacdf6603e3cbfbfe5c35ceeb6cb6aebb18b3586ff55f,2026-09-14T13:45:45,dgr6
https://npp.gov.in/public-reports/cea/daily/dgr/04-09-2020/dgr6-2020-09-04.xls,2020/2020-09-04_dgr6.xls,200,18944,7aec37c4e58305d0abcd3230027599e66ef007a883e69a82ab4661284acc552d,2026-09-14T13:45:45,dgr6
https://npp.gov.in/public-reports/cea/daily/dgr/05-09-2020/dgr6-2020-09-05.xls,2020/2020-09-05_dgr6.xls,200,18944,39c3e0acddd8697c38f1967ec9c038b08542293a759ade6ddd1f89dd6fb71221,2026-09-14T13:45:45,dgr6
https://npp.gov.in/public-reports/cea/daily/dgr/06-09-2020/dgr6-2020-09-06.xls,2020/2020-09-06_dgr6.xls,404,0,,2026-09-14T13:45:46,dgr6
https://npp.gov.in/public-reports/cea/daily/dgr/07-09-2020/dgr6-2020-09-07.xls,2020/2020-09-07_dgr6.xls,404,0,,2026-09-14T13:45:48,dgr6
https://npp.gov.in/public-reports/cea/daily/dgr/08-09-2020/dgr6-2020-09-08.xls,2020/2020-09-08_dgr6.xls,404,0,,2026-09-14T13:45:48,dgr6
https://npp.gov.in/public-reports/cea/daily/dgr/09-09-2020/dgr6-2020-09-09.xls,2020/2020-09-09_dgr6.xls,404,0,,2026-09-14T13:45:49,dgr6
https://npp.gov.in/public-reports/cea/daily/dgr/10-09-2020/dgr6-2020-09-10.xls,2020/2020-09-10_dgr6.xls,404,0,,2026-09-14T13:45:49,dgr6
https://npp.gov.in/public-reports/cea/daily/dgr/11-09-2020/dgr6-2020-09-11.xls,2020/2020-09-11_dgr6.xls,200,18944,c5dfb36a3ab3f0f46cc8a1466d35069eb80c7036f0972cb0d7e43e28fa959cfa,2026-09-14T13:45:49,dgr6
https://npp.gov.in/public-reports/cea/daily/dgr/12-09-2020/dgr6-2020-09-12.xls,2020/2020-09-12_dgr6.xls,200,18944,224faec684f0eeded901ca9fa0f66b0b6f6a01cfac38404e8059ed61222defe6,2026-09-14T13:45:50,dgr6
https://npp.gov.in/public-reports/cea/daily/dgr/13-09-2020/dgr6-2020-09-13.xls,2020/2020-09-13_dgr6.xls,200,18944,cc0fa7204a68c486033beae69167814c6c67eea1e321ef6c5879e26f56daa9d5,2026-09-14T13:45:50,dgr6
https://npp.gov.in/public-reports/cea/daily/dgr/14-09-2020/dgr6-2020-09-14.xls,2020/2020-09-14_dgr6.xls,200,18944,ac00a33e8141128d9af0c09a10d91b14f34d9a24c9846393f5cd533bc85b7465,2026-09-14T13:45:51,dgr6
https://npp.gov.in/public-reports/cea/daily/dgr/15-09-2020/dgr6-2020-09-15.xls,2020/2020-09-15_dgr6.xls,200,18944,254d8fef4b75c4bc2700627c0e450e7e8aecff6f70466d56dd6381f59b9e30df,2026-09-14T13:45:51,dgr6
https://npp.gov.in/public-reports/cea/daily/dgr/16-09-2020/dgr6-2020-09-16.xls,2020/2020-09-16_dgr6.xls,200,18944,dbd8f7a5b75980feb5fd98d704f2b2cbf5a96899b79c3d639448a91f30e3ec42,2026-09-14T13:45:51,dgr6
https://npp.gov.in/public-reports/cea/daily/dgr/17-09-2020/dgr6-2020-09-17.xls,2020/2020-09-17_dgr6.xls,200,18944,030d8640e34968c2a9274bc44faad20ac5f146da55b6a6884b4b6fe476b77519,2026-09-14T13:45:52,dgr6
https://npp.gov.in/public-reports/cea/daily/dgr/18-09-2020/dgr6-2020-09-18.xls,2020/2020-09-18_dgr6.xls,200,18944,1fbd4d8d7ded51737a56d026e5d847055a9b80419562b4fe335cb5ac7c01d004,2026-09-14T13:45:52,dgr6
https://npp.gov.in/public-reports/cea/daily/dgr/19-09-2020/dgr6-2020-09-19.xls,2020/2020-09-19_dgr6.xls,200,18944,299f9b397a46007a03357f73f5243e36ca18476a4fba42415d389793b1a47566,2026-09-14T13:45:53,dgr6
https://npp.gov.in/public-reports/cea/daily/dgr/20-09-2020/dgr6-2020-09-20.xls,2020/2020-09-20_dgr6.xls,200,18944,ea24a96b62368eaa2abd523ec58df5650c83ccf2686aa0a309c4746bf1e3bec7,2026-09-14T13:45:53,dgr6
https://npp.gov.in/public-reports/cea/daily/dgr/21-09-2020/dgr6-2020-09-21.xls,2020/2020-09-21_dgr6.xls,200,18944,b79f2cedaef0582e6909217c5b7d8a8c8fae8ba1781a240ea72d557d65af0364,2026-09-14T13:45:54,dgr6
https://npp.gov.in/public-reports/cea/daily/dgr/22-09-2020/dgr6-2020-09-22.xls,2020/2020-09-22_dgr6.xls,200,18944,dccbe43ed3df724fa9c4924e990989c24dfc9753cfa0a9677a788f321ee82365,2026-09-14T13:45:54,dgr6
https://npp.gov.in/public-reports/cea/daily/dgr/23-09-2020/dgr6-2020-09-23.xls,2020/2020-09-23_dgr6.xls,200,18944,d270f4ef4f196104bbae35f340b2703ef7a6250b56ff30ba281b2bbc55df3159,2026-09-14T13:45:54,dgr6
https://npp.gov.in/public-reports/cea/daily/dgr/24-09-2020/dgr6-2020-09-24.xls,2020/2020-09-24_dgr6.xls,200,18944,994e3e62967aa8d577c783672d08b54679772a5a51dec5228589e02c69b9fc99,2026-09-14T13:45:55,dgr6
https://npp.gov.in/public-reports/cea/daily/dgr/25-09-2020/dgr6-2020-09-25.xls,2020/2020-09-25_dgr6.xls,200,18944,ebb777c67306c612dec91d0014c819bea90843eb7e1e7c44b4410b6c8ebcf136,2026-09-14T13:45:55,dgr6
https://npp.gov.in/public-reports/cea/daily/dgr/26-09-2020/dgr6-2020-09-26.xls,2020/2020-09-26_dgr6.xls,200,18944,3bed9fe736440e62dbe016413cfbdcf5e952469ce9da9379b60e644b5dfb5846,2026-09-14T13:45:55,dgr6
https://npp.gov.in/public-reports/cea/daily/dgr/27-09-2020/dgr6-2020-09-27.xls,2020/2020-09-27_dgr6.xls,200,18944,e6ed9f17bd67e1b27e85814ed1a68727318528ce577faa51e1cb3d6e0d03971e,2026-09-14T13:45:56,dgr6
https://npp.gov.in/public-reports/cea/daily/dgr/28-09-2020/dgr6-2020-09-28.xls,2020/2020-09-28_dgr6.xls,200,18944,713e5e341f4a55d8fc9c932298f9fce3a19bfe189493b9dfb74f850638461c5a,2026-09-14T13:45:56,dgr6
https://npp.gov.in/public-reports/cea/daily/dgr/29-09-2020/dgr6-2020-09-29.xls,2020/2020-09-29_dgr6.xls,200,18944,938b68bc2dfd7792480af388620221fb6028e83d79311fd5c9076fa1540f332a,2026-09-14T13:45:57,dgr6
https://npp.gov.in/public-reports/cea/daily/dgr/30-09-2020/dgr6-2020-09-30.xls,2020/2020-09-30_dgr6.xls,404,0,,2026-09-14T13:45:57,dgr6
https://npp.gov.in/public-reports/cea/daily/dgr/01-10-2020/dgr6-2020-10-01.xls,2020/2020-10-01_dgr6.xls,404,0,,2026-09-14T13:45:57,dgr6
https://npp.gov.in/public-reports/cea/daily/dgr/02-10-2020/dgr6-2020-10-02.xls,2020/2020-10-02_dgr6.xls,404,0,,2026-09-14T13:45:58,dgr6
https://npp.gov.in/public-reports/cea/daily/dgr/03-10-2020/dgr6-2020-10-03.xls,2020/2020-10-03_dgr6.xls,404,0,,2026-09-14T13:45:58,dgr6
https://npp.gov.in/public-reports/cea/daily/dgr/04-10-2020/dgr6-2020-10-04.xls,2020/2020-10-04_dgr6.xls,404,0,,2026-09-14T13:45:59,dgr6
https://npp.gov.in/public-reports/cea/daily/dgr/05-10-2020/dgr6-2020-10-05.xls,2020/2020-10-05_dgr6.xls,404,0,,2026-09-14T13:45:59,dgr6
https://npp.gov.in/public-reports/cea/daily/dgr/06-10-2020/dgr6-2020-10-06.xls,2020/2020-10-06_dgr6.xls,404,0,,2026-09-14T13:45:59,dgr6
https://npp.gov.in/public-reports/cea/daily/dgr/07-10-2020/dgr6-2020-10-07.xls,2020/2020-10-07_dgr6.xls,404,0,,2026-09-14T13:46:00,dgr6
https://npp.gov.in/public-reports/cea/daily/dgr/08-10-2020/dgr6-2020-10-08.xls,2020/2020-10-08_dgr6.xls,404,0,,2026-09-14T13:46:00,dgr6
https://npp.gov.in/public-reports/cea/daily/dgr/09-10-2020/dgr6-2020-10-09.xls,2020/2020-10-09_dgr6.xls,404,0,,2026-09-14T13:46:01,dgr6
https://npp.gov.in/public-reports/cea/daily/dgr/10-10-2020/dgr6-2020-10-10.xls,2020/2020-10-10_dgr6.xls,404,0,,2026-09-14T13:46:01,dgr6
https://npp.gov.in/public-reports/cea/daily/dgr/11-10-2020/dgr6-2020-10-11.xls,2020/2020-10-11_dgr6.xls,404,0,,2026-09-14T13:46:01,dgr6
https://npp.gov.in/public-reports/cea/daily/dgr/12-10-2020/dgr6-2020-10-12.xls,2020/2020-10-12_dgr6.xls,404,0,,2026-09-14T13:46:02,dgr6
https://npp.gov.in/public-reports/cea/daily/dgr/13-10-2020/dgr6-2020-10-13.xls,2020/2020-10-13_dgr6.xls,404,0,,2026-09-14T13:46:02,dgr6
https://npp.gov.in/public-reports/cea/daily/dgr/14-10-2020/dgr6-2020-10-14.xls,2020/2020-10-14_dgr6.xls,404,0,,2026-09-14T13:46:03,dgr6
https://npp.gov.in/public-reports/cea/daily/dgr/15-10-2020/dgr6-2020-10-15.xls,2020/2020-10-15_dgr6.xls,404,0,,2026-09-14T13:46:03,dgr6
https://npp.gov.in/public-reports/cea/daily/dgr/16-10-2020/dgr6-2020-10-16.xls,2020/2020-10-16_dgr6.xls,404,0,,2026-09-14T13:46:03,dgr6
https://npp.gov.in/public-reports/cea/daily/dgr/17-10-2020/dgr6-2020-10-17.xls,2020/2020-10-17_dgr6.xls,404,0,,2026-09-14T13:46:04,dgr6
https://npp.gov.in/public-reports/cea/daily/dgr/18-10-2020/dgr6-2020-10-18.xls,2020/2020-10-18_dgr6.xls,404,0,,2026-09-14T13:46:04,dgr6
https://npp.gov.in/public-reports/cea/daily/dgr/19-10-2020/dgr6-2020-10-19.xls,2020/2020-10-19_dgr6.xls,404,0,,2026-09-14T13:46:04,dgr6
https://npp.gov.in/public-reports/cea/daily/dgr/20-10-2020/dgr6-2020-10-20.xls,2020/2020-10-20_dgr6.xls,404,0,,2026-09-14T13:46:05,dgr6
https://npp.gov.in/public-reports/cea/daily/dgr/21-10-2020/dgr6-2020-10-21.xls,2020/2020-10-21_dgr6.xls,200,18944,f4a9f43a8bf3070df4de4c4c523aa61032e733a233d07e0e162ea69902f2092e,2026-09-14T13:46:05,dgr6
https://npp.gov.in/public-reports/cea/daily/dgr/22-10-2020/dgr6-2020-10-22.xls,2020/2020-10-22_dgr6.xls,200,18944,4d5e6c6677d51fb318717ea6ef3d49290d4eb5cd125bc91e20f48e302f615080,2026-09-14T13:46:06,dgr6
https://npp.gov.in/public-reports/cea/daily/dgr/23-10-2020/dgr6-2020-10-23.xls,2020/2020-10-23_dgr6.xls,200,18944,da7bc4754a22b3af08f7afd33dc6194022ff24cd701fd5ef23e99b69e24cc2a7,2026-09-14T13:46:06,dgr6
https://npp.gov.in/public-reports/cea/daily/dgr/24-10-2020/dgr6-2020-10-24.xls,2020/2020-10-24_dgr6.xls,200,18944,35d3fd1ece1c14306b04f297dbb97a5334ac714ac5ccb017478c4475d4b6406b,2026-09-14T13:46:06,dgr6
https://npp.gov.in/public-reports/cea/daily/dgr/25-10-2020/dgr6-2020-10-25.xls,2020/2020-10-25_dgr6.xls,200,18944,0a9f266753e736083f988a9025d9161d01692f43697b9f3c63334f43d479b8b6,2026-09-14T13:46:07,dgr6
https://npp.gov.in/public-reports/cea/daily/dgr/26-10-2020/dgr6-2020-10-26.xls,2020/2020-10-26_dgr6.xls,200,18944,57ab25d65957e87e9e7a594a54f72009765b6785fe0cc197f2b1c0033b12bf75,2026-09-14T13:46:07,dgr6
https://npp.gov.in/public-reports/cea/daily/dgr/27-10-2020/dgr6-2020-10-27.xls,2020/2020-10-27_dgr6.xls,200,18944,bf38f3d3552d071225716fa2c5a314a922a6bcae4164b35caf585da1e333b8a7,2026-09-14T13:46:08,dgr6
https://npp.gov.in/public-reports/cea/daily/dgr/28-10-2020/dgr6-2020-10-28.xls,2020/2020-10-28_dgr6.xls,200,18944,cdf8d72ae25960f1fdc63dbe6e3fbd04e3c3f7adc0d1fef5d5d7fa29397f1cd6,2026-09-14T13:46:08,dgr6
https://npp.gov.in/public-reports/cea/daily/dgr/29-10-2020/dgr6-2020-10-29.xls,2020/2020-10-29_dgr6.xls,200,18944,22fc4aac932267cf3f0b1c3f65198e30bcac8efdaf16639f7a679b7d1daa2414,2026-09-14T13:46:08,dgr6
https://npp.gov.in/public-reports/cea/daily/dgr/30-10-2020/dgr6-2020-10-30.xls,2020/2020-10-30_dgr6.xls,200,18944,9aa3eff7e1f5b947bff84ee3de8ca27c3703b00facac33ab939fadc2dad4f2ca,2026-09-14T13:46:09,dgr6
https://npp.gov.in/public-reports/cea/daily/dgr/31-10-2020/dgr6-2020-10-31.xls,2020/2020-10-31_dgr6.xls,200,18944,c0384417428c1821df3554e8faff8ece283ee66e14cf3c9215440d13044801b1,2026-09-14T13:46:09,dgr6
https://npp.gov.in/public-reports/cea/daily/dgr/01-11-2020/dgr6-2020-11-01.xls,2020/2020-11-01_dgr6.xls,404,0,,2026-09-14T13:46:10,dgr6
https://npp.gov.in/public-reports/cea/daily/dgr/02-11-2020/dgr6-2020-11-02.xls,2020/2020-11-02_dgr6.xls,404,0,,2026-09-14T13:46:10,dgr6
https://npp.gov.in/public-reports/cea/daily/dgr/03-11-2020/dgr6-2020-11-03.xls,2020/2020-11-03_dgr6.xls,404,0,,2026-09-14T13:46:11,dgr6
https://npp.gov.in/public-reports/cea/daily/dgr/04-11-2020/dgr6-2020-11-04.xls,2020/2020-11-04_dgr6.xls,404,0,,2026-09-14T13:46:11,dgr6
https://npp.gov.in/public-reports/cea/daily/dgr/05-11-2020/dgr6-2020-11-05.xls,2020/2020-11-05_dgr6.xls,200,18944,43ddb6b872ad83b45bba3b061c0c681b54c66d1658202ac8fe112caaff9ab3c7,2026-09-14T13:46:11,dgr6
https://npp.gov.in/public-reports/cea/daily/dgr/06-11-2020/dgr6-2020-11-06.xls,2020/2020-11-06_dgr6.xls,200,18944,d6f1951eabad6be63ad3a4b5491ef14850437fa0e9ffb45bd73e4ab02897b6a6,2026-09-14T13:46:12,dgr6
https://npp.gov.in/public-reports/cea/daily/dgr/07-11-2020/dgr6-2020-11-07.xls,2020/2020-11-07_dgr6.xls,200,18944,fe2ef21f39d5622cfa3215c5cd9a5f1ccdb3617a16227ed87b5652c8b55816fb,2026-09-14T13:46:12,dgr6
https://npp.gov.in/public-reports/cea/daily/dgr/08-11-2020/dgr6-2020-11-08.xls,2020/2020-11-08_dgr6.xls,200,18944,e88ac1cec9dbe83ff651a255ba99d03ae2da5ba3f651d974bc7383cb409fdaaf,2026-09-14T13:46:13,dgr6
https://npp.gov.in/public-reports/cea/daily/dgr/09-11-2020/dgr6-2020-11-09.xls,2020/2020-11-09_dgr6.xls,200,18944,ec1238db598f5c98fd3ee039e832f1e65ace461843da25544ca61b5d8356466c,2026-09-14T13:46:13,dgr6
https://npp.gov.in/public-reports/cea/daily/dgr/10-11-2020/dgr6-2020-11-10.xls,2020/2020-11-10_dgr6.xls,200,18944,2331b2451ddb3efe04a79db0b1d2f8227af9a645f00021e94776bcac71b56c9b,2026-09-14T13:46:13,dgr6
https://npp.gov.in/public-reports/cea/daily/dgr/11-11-2020/dgr6-2020-11-11.xls,2020/2020-11-11_dgr6.xls,404,0,,2026-09-14T13:46:14,dgr6
https://npp.gov.in/public-reports/cea/daily/dgr/12-11-2020/dgr6-2020-11-12.xls,2020/2020-11-12_dgr6.xls,404,0,,2026-09-14T13:46:14,dgr6
https://npp.gov.in/public-reports/cea/daily/dgr/13-11-2020/dgr6-2020-11-13.xls,2020/2020-11-13_dgr6.xls,404,0,,2026-09-14T13:46:15,dgr6
https://npp.gov.in/public-reports/cea/daily/dgr/14-11-2020/dgr6-2020-11-14.xls,2020/2020-11-14_dgr6.xls,404,0,,2026-09-14T13:46:15,dgr6
https://npp.gov.in/public-reports/cea/daily/dgr/15-11-2020/dgr6-2020-11-15.xls,2020/2020-11-15_dgr6.xls,404,0,,2026-09-14T13:46:15,dgr6
https://npp.gov.in/public-reports/cea/daily/dgr/16-11-2020/dgr6-2020-11-16.xls,2020/2020-11-16_dgr6.xls,404,0,,2026-09-14T13:46:16,dgr6
https://npp.gov.in/public-reports/cea/daily/dgr/17-11-2020/dgr6-2020-11-17.xls,2020/2020-11-17_dgr6.xls,404,0,,2026-09-14T13:46:16,dgr6
https://npp.gov.in/public-reports/cea/daily/dgr/18-11-2020/dgr6-2020-11-18.xls,2020/2020-11-18_dgr6.xls,404,0,,2026-09-14T13:46:17,dgr6
https://npp.gov.in/public-reports/cea/daily/dgr/19-11-2020/dgr6-2020-11-19.xls,2020/2020-11-19_dgr6.xls,404,0,,2026-09-14T13:46:17,dgr6
https://npp.gov.in/public-reports/cea/daily/dgr/20-11-2020/dgr6-2020-11-20.xls,2020/2020-11-20_dgr6.xls,404,0,,2026-09-14T13:46:17,dgr6
https://npp.gov.in/public-reports/cea/daily/dgr/21-11-2020/dgr6-2020-11-21.xls,2020/2020-11-21_dgr6.xls,200,18944,42a3946a19eae83ca5c8d08464c0ee18d675087bf84bea26cba600d0bfed60ab,2026-09-14T13:46:18,dgr6
https://npp.gov.in/public-reports/cea/daily/dgr/22-11-2020/dgr6-2020-11-22.xls,2020/2020-11-22_dgr6.xls,200,18944,68005a5017bb8a8e0577ec9284ce19a5b999926927079963057b3da3dc419fc9,2026-09-14T13:46:18,dgr6
https://npp.gov.in/public-reports/cea/daily/dgr/23-11-2020/dgr6-2020-11-23.xls,2020/2020-11-23_dgr6.xls,200,18944,e7430d55a71f1d039e4f26c4a5a3d36a65545464746b8f14f049bb66021e718b,2026-09-14T13:46:19,dgr6
https://npp.gov.in/public-reports/cea/daily/dgr/24-11-2020/dgr6-2020-11-24.xls,2020/2020-11-24_dgr6.xls,200,4608,431c66c77d57f26c5beb9d818e836f636b8b6cf186f75dff3812b858cbc57bb2,2026-09-14T13:46:19,dgr6
https://npp.gov.in/public-reports/cea/daily/dgr/25-11-2020/dgr6-2020-11-25.xls,2020/2020-11-25_dgr6.xls,200,4608,431c66c77d57f26c5beb9d818e836f636b8b6cf186f75dff3812b858cbc57bb2,2026-09-14T13:46:20,dgr6
https://npp.gov.in/public-reports/cea/daily/dgr/26-11-2020/dgr6-2020-11-26.xls,2020/2020-11-26_dgr6.xls,200,4608,431c66c77d57f26c5beb9d818e836f636b8b6cf186f75dff3812b858cbc57bb2,2026-09-14T13:46:20,dgr6
https://npp.gov.in/public-reports/cea/daily/dgr/27-11-2020/dgr6-2020-11-27.xls,2020/2020-11-27_dgr6.xls,200,4608,431c66c77d57f26c5beb9d818e836f636b8b6cf186f75dff3812b858cbc57bb2,2026-09-14T13:46:20,dgr6
https://npp.gov.in/public-reports/cea/daily/dgr/28-11-2020/dgr6-2020-11-28.xls,2020/2020-11-28_dgr6.xls,200,4608,431c66c77d57f26c5beb9d818e836f636b8b6cf186f75dff3812b858cbc57bb2,2026-09-14T13:46:21,dgr6
https://npp.gov.in/public-reports/cea/daily/dgr/29-11-2020/dgr6-2020-11-29.xls,2020/2020-11-29_dgr6.xls,200,4608,431c66c77d57f26c5beb9d818e836f636b8b6cf186f75dff3812b858cbc57bb2,2026-09-14T13:46:21,dgr6
https://npp.gov.in/public-reports/cea/daily/dgr/30-11-2020/dgr6-2020-11-30.xls,2020/2020-11-30_dgr6.xls,200,18944,ab3df5bac94a681632c2062378fd7bf6308bed935bcc8394fa70a76dccdc6732,2026-09-14T13:46:22,dgr6
https://npp.gov.in/public-reports/cea/daily/dgr/01-12-2020/dgr6-2020-12-01.xls,2020/2020-12-01_dgr6.xls,200,18944,6870de82bca22a6b880be2f235263a31caa70874e512f5ba7ce75de23d236b44,2026-09-14T13:46:22,dgr6
https://npp.gov.in/public-reports/cea/daily/dgr/02-12-2020/dgr6-2020-12-02.xls,2020/2020-12-02_dgr6.xls,200,18944,ff019523cca18237a82f6e95c9ecebee2bd840cd3fa831db291b6445bcf9b345,2026-09-14T13:46:22,dgr6
https://npp.gov.in/public-reports/cea/daily/dgr/03-12-2020/dgr6-2020-12-03.xls,2020/2020-12-03_dgr6.xls,200,18944,40e7dd4993ce6e5bf9a65565b7436595236368bf4aa0f02058d571971bc50ba8,2026-09-14T13:46:23,dgr6
https://npp.gov.in/public-reports/cea/daily/dgr/04-12-2020/dgr6-2020-12-04.xls,2020/2020-12-04_dgr6.xls,200,18944,8104cd149135c45f055385356d6ca9ca64ce4c6e8e0c0f7dbac11bb4a2ec0c7f,2026-09-14T13:46:23,dgr6
https://npp.gov.in/public-reports/cea/daily/dgr/05-12-2020/dgr6-2020-12-05.xls,2020/2020-12-05_dgr6.xls,200,18944,78e26c34f935d66e82a17caf3895ae2d473eb7a98dca3f60e2cc5e391ab857a9,2026-09-14T13:46:24,dgr6
https://npp.gov.in/public-reports/cea/daily/dgr/06-12-2020/dgr6-2020-12-06.xls,2020/2020-12-06_dgr6.xls,200,18944,0a3eb6b45a34acda36f56b9f9c17856cd19f5da9ccdc3d9028cb0733ca480cf2,2026-09-14T13:46:24,dgr6
https://npp.gov.in/public-reports/cea/daily/dgr/07-12-2020/dgr6-2020-12-07.xls,2020/2020-12-07_dgr6.xls,200,18944,87d0f0af51c29fef0d3c87f4fd2e9bf7669b59b1f437f70527eb2355cd12a266,2026-09-14T13:46:24,dgr6
https://npp.gov.in/public-reports/cea/daily/dgr/08-12-2020/dgr6-2020-12-08.xls,2020/2020-12-08_dgr6.xls,200,18944,6c020994d8534ea342898b4a3bff724a27e8e6ac3c7cfcd0f9b62a1d28dc9bde,2026-09-14T13:46:25,dgr6
https://npp.gov.in/public-reports/cea/daily/dgr/09-12-2020/dgr6-2020-12-09.xls,2020/2020-12-09_dgr6.xls,200,18944,0976d33d4140b4a39cf346cb1bffd2e6de5d87b02ee1ffba8cbcd118c730a54d,2026-09-14T13:46:25,dgr6
https://npp.gov.in/public-reports/cea/daily/dgr/10-12-2020/dgr6-2020-12-10.xls,2020/2020-12-10_dgr6.xls,200,18944,930fb0014c0201598253d176ebe30cd2ea9a62c740738bef71e284cd9c0f9dc7,2026-09-14T13:46:25,dgr6
https://npp.gov.in/public-reports/cea/daily/dgr/11-12-2020/dgr6-2020-12-11.xls,2020/2020-12-11_dgr6.xls,200,18944,5ae827ae8897d3e0340128bd6d5f1e7c0339c6cfb398ec7521a64a32a525093e,2026-09-14T13:46:26,dgr6
https://npp.gov.in/public-reports/cea/daily/dgr/12-12-2020/dgr6-2020-12-12.xls,2020/2020-12-12_dgr6.xls,200,18944,adf0fac6f14221535f2e6387ed356e674e0a51e7707649120fd7f4b168dc7048,2026-09-14T13:46:26,dgr6
https://npp.gov.in/public-reports/cea/daily/dgr/13-12-2020/dgr6-2020-12-13.xls,2020/2020-12-13_dgr6.xls,200,18944,80de58775eaeaf3ad7fdb4b24ef2d9f7c4e8e0407cb5325ddc6e3050a0acb7dc,2026-09-14T13:46:27,dgr6
https://npp.gov.in/public-reports/cea/daily/dgr/14-12-2020/dgr6-2020-12-14.xls,2020/2020-12-14_dgr6.xls,200,18944,fd1ee0eeb91edff87087382172e6d4798cfb222dbd01f6eeb120f2d699b9ab71,2026-09-14T13:46:27,dgr6
https://npp.gov.in/public-reports/cea/daily/dgr/15-12-2020/dgr6-2020-12-15.xls,2020/2020-12-15_dgr6.xls,200,18944,68cc50b4f0ba1c2e0279a376ca0306398cd2c1151eabb2603f5c8a348d9323ef,2026-09-14T13:46:28,dgr6
https://npp.gov.in/public-reports/cea/daily/dgr/16-12-2020/dgr6-2020-12-16.xls,2020/2020-12-16_dgr6.xls,200,18944,d3ef59c982b897fd2e3519d68e062ef276667a5ebae8ae5b7bc1270fd7cfc1c7,2026-09-14T13:46:29,dgr6
https://npp.gov.in/public-reports/cea/daily/dgr/17-12-2020/dgr6-2020-12-17.xls,2020/2020-12-17_dgr6.xls,200,18944,0cc128145cf00f369b81881fa3c145063645a719e2a8f3fdf4c220014a602132,2026-09-14T13:46:29,dgr6
https://npp.gov.in/public-reports/cea/daily/dgr/18-12-2020/dgr6-2020-12-18.xls,2020/2020-12-18_dgr6.xls,200,18944,18de9e05fe3c0a6f6f506f001988620d78709685ac1b093ec6f8e299a9c30b8b,2026-09-14T13:46:29,dgr6
https://npp.gov.in/public-reports/cea/daily/dgr/19-12-2020/dgr6-2020-12-19.xls,2020/2020-12-19_dgr6.xls,404,0,,2026-09-14T13:46:30,dgr6
https://npp.gov.in/public-reports/cea/daily/dgr/20-12-2020/dgr6-2020-12-20.xls,2020/2020-12-20_dgr6.xls,404,0,,2026-09-14T13:46:31,dgr6
https://npp.gov.in/public-reports/cea/daily/dgr/21-12-2020/dgr6-2020-12-21.xls,2020/2020-12-21_dgr6.xls,404,0,,2026-09-14T13:46:31,dgr6
https://npp.gov.in/public-reports/cea/daily/dgr/22-12-2020/dgr6-2020-12-22.xls,2020/2020-12-22_dgr6.xls,200,18944,f575340de7af87bcca6b625d1e6c22e65197e4ee4e1a0db025e3440e8089950f,2026-09-14T13:46:31,dgr6
https://npp.gov.in/public-reports/cea/daily/dgr/23-12-2020/dgr6-2020-12-23.xls,2020/2020-12-23_dgr6.xls,200,18944,098ebebaa08fb6b9f0c55844a55251aacf65d28ea66480579c62c0e91dc0a80a,2026-09-14T13:46:32,dgr6
https://npp.gov.in/public-reports/cea/daily/dgr/24-12-2020/dgr6-2020-12-24.xls,2020/2020-12-24_dgr6.xls,200,18944,3dcf0f33ad09383a9c5da5f6ab568ab24a58665bc5f8ef364ee89119b88af603,2026-09-14T13:46:32,dgr6
https://npp.gov.in/public-reports/cea/daily/dgr/25-12-2020/dgr6-2020-12-25.xls,2020/2020-12-25_dgr6.xls,200,18944,c7ad79ab3147c63359017c318ac7583a548d29a1c5512418c2475cb07f806656,2026-09-14T13:46:32,dgr6
https://npp.gov.in/public-reports/cea/daily/dgr/26-12-2020/dgr6-2020-12-26.xls,2020/2020-12-26_dgr6.xls,200,18944,2ffc5ae6a6114cb4b9fbe32136cdf043a8bf71684be1d527daba6554815ab46f,2026-09-14T13:46:33,dgr6
https://npp.gov.in/public-reports/cea/daily/dgr/27-12-2020/dgr6-2020-12-27.xls,2020/2020-12-27_dgr6.xls,200,18944,49184ba21124b1dcb4766bf255842e8d844bef72cbe0e81b794957c3106d413a,2026-09-14T13:46:33,dgr6
https://npp.gov.in/public-reports/cea/daily/dgr/28-12-2020/dgr6-2020-12-28.xls,2020/2020-12-28_dgr6.xls,200,18944,e1ff1f877dd26cf6c8d95483ada60a2a96688a470eb35a85ab75326a2734473c,2026-09-14T13:46:34,dgr6
https://npp.gov.in/public-reports/cea/daily/dgr/29-12-2020/dgr6-2020-12-29.xls,2020/2020-12-29_dgr6.xls,200,18944,97bdbc51330da3e50f187020f3c5e017719a5f393643f3319b16bbd95b017c93,2026-09-14T13:46:34,dgr6
https://npp.gov.in/public-reports/cea/daily/dgr/30-12-2020/dgr6-2020-12-30.xls,2020/2020-12-30_dgr6.xls,200,18944,62a2d1ea4b1646e3b7b97ac0a1c715b8671671bd91c8f0be9c8d4a27398b42dc,2026-09-14T13:46:34,dgr6
https://npp.gov.in/public-reports/cea/daily/dgr/31-12-2020/dgr6-2020-12-31.xls,2020/2020-12-31_dgr6.xls,200,18944,bb403329f8212dffaefb4aad067dcdbf26d4f9edd1896ed570df0a7f81c47300,2026-09-14T13:46:35,dgr6
https://npp.gov.in/public-reports/cea/daily/dgr/01-01-2021/dgr6-2021-01-01.xls,2021/2021-01-01_dgr6.xls,200,18944,0ad8981d0ee4abca357b617d7bc4af9f330a7afaa44472c4abab0ed5d224361b,2026-09-14T13:46:35,dgr6
https://npp.gov.in/public-reports/cea/daily/dgr/02-01-2021/dgr6-2021-01-02.xls,2021/2021-01-02_dgr6.xls,200,18944,e567f0967741bcdb60abad0a6ef4b50661e705aca0c8fe3b469d5ae88c44e057,2026-09-14T13:46:36,dgr6
https://npp.gov.in/public-reports/cea/daily/dgr/03-01-2021/dgr6-2021-01-03.xls,2021/2021-01-03_dgr6.xls,200,18944,d54d314031f3246bc0b2e5fe5ce407201e9663022bc641d414cb9884801e85af,2026-09-14T13:46:36,dgr6
https://npp.gov.in/public-reports/cea/daily/dgr/04-01-2021/dgr6-2021-01-04.xls,2021/2021-01-04_dgr6.xls,200,18944,da711a2c4acb1fcad319c15ad7e4cb9c456ec6e4c9133945e76b2a4c941f782b,2026-09-14T13:46:36,dgr6
https://npp.gov.in/public-reports/cea/daily/dgr/05-01-2021/dgr6-2021-01-05.xls,2021/2021-01-05_dgr6.xls,200,18944,706ab91bb21b2e967b526127475f18156bc48e0bc6a7736aa212b2b7a7adc748,2026-09-14T13:46:37,dgr6
https://npp.gov.in/public-reports/cea/daily/dgr/06-01-2021/dgr6-2021-01-06.xls,2021/2021-01-06_dgr6.xls,200,18944,6f8224ff10131a555f2d17cdcd2c08a1175b0269fe8e6db83ac83adbc31c0354,2026-09-14T13:46:37,dgr6
https://npp.gov.in/public-reports/cea/daily/dgr/07-01-2021/dgr6-2021-01-07.xls,2021/2021-01-07_dgr6.xls,200,4608,431c66c77d57f26c5beb9d818e836f636b8b6cf186f75dff3812b858cbc57bb2,2026-09-14T13:46:38,dgr6
https://npp.gov.in/public-reports/cea/daily/dgr/08-01-2021/dgr6-2021-01-08.xls,2021/2021-01-08_dgr6.xls,200,4608,431c66c77d57f26c5beb9d818e836f636b8b6cf186f75dff3812b858cbc57bb2,2026-09-14T13:46:38,dgr6
https://npp.gov.in/public-reports/cea/daily/dgr/09-01-2021/dgr6-2021-01-09.xls,2021/2021-01-09_dgr6.xls,200,4608,431c66c77d57f26c5beb9d818e836f636b8b6cf186f75dff3812b858cbc57bb2,2026-09-14T13:46:38,dgr6
https://npp.gov.in/public-reports/cea/daily/dgr/10-01-2021/dgr6-2021-01-10.xls,2021/2021-01-10_dgr6.xls,200,18944,3a2bd4b1453742610b97a549bd7b8e987bf6c6c3967f4c572a1098a1900cf167,2026-09-14T13:46:39,dgr6
https://npp.gov.in/public-reports/cea/daily/dgr/11-01-2021/dgr6-2021-01-11.xls,2021/2021-01-11_dgr6.xls,200,18944,0b5a940513052d429690c1faa33e33bf661af1581fb8a7f1ac33b4261d99a8ea,2026-09-14T13:46:39,dgr6
https://npp.gov.in/public-reports/cea/daily/dgr/12-01-2021/dgr6-2021-01-12.xls,2021/2021-01-12_dgr6.xls,404,0,,2026-09-14T13:46:40,dgr6
https://npp.gov.in/public-reports/cea/daily/dgr/13-01-2021/dgr6-2021-01-13.xls,2021/2021-01-13_dgr6.xls,200,18944,f1c35f596be3704e51b29cda94ab2b074ce7678bdad0c66120b6e48741437648,2026-09-14T13:46:40,dgr6
https://npp.gov.in/public-reports/cea/daily/dgr/14-01-2021/dgr6-2021-01-14.xls,2021/2021-01-14_dgr6.xls,200,18944,47df372e267a4f193bc953dd5cfd24af5251357d631c0a88afe67b95bed2622b,2026-09-14T13:46:40,dgr6
https://npp.gov.in/public-reports/cea/daily/dgr/15-01-2021/dgr6-2021-01-15.xls,2021/2021-01-15_dgr6.xls,200,18944,21a121eb85b59ecc5f621ed74a3c459f9992839682dedb5093cf87e431214c9e,2026-09-14T13:46:41,dgr6
https://npp.gov.in/public-reports/cea/daily/dgr/16-01-2021/dgr6-2021-01-16.xls,2021/2021-01-16_dgr6.xls,200,18944,a4b2710a09f99013d501976ba345813c434f1a2786b6da82cbb1b3b2c6e0f213,2026-09-14T13:46:41,dgr6
https://npp.gov.in/public-reports/cea/daily/dgr/17-01-2021/dgr6-2021-01-17.xls,2021/2021-01-17_dgr6.xls,200,18944,6fd8b67521d0e037154268f429ffa7793d10a87a5263aad765321164bf2ee09c,2026-09-14T13:46:42,dgr6
https://npp.gov.in/public-reports/cea/daily/dgr/18-01-2021/dgr6-2021-01-18.xls,2021/2021-01-18_dgr6.xls,200,18944,88caa60bd7d53e528afdc6e4b850dfe311ab62d1c504f4239d87bd85c6d8454e,2026-09-14T13:46:42,dgr6
https://npp.gov.in/public-reports/cea/daily/dgr/19-01-2021/dgr6-2021-01-19.xls,2021/2021-01-19_dgr6.xls,200,18944,e9b7b085fb5eaf8924ce27f3bbca6340982fcf1caf2d08e1e479a795b6ebea9b,2026-09-14T13:46:43,dgr6
https://npp.gov.in/public-reports/cea/daily/dgr/20-01-2021/dgr6-2021-01-20.xls,2021/2021-01-20_dgr6.xls,200,18944,611b88935489f1c0e2a3df9d1fe18a520490fd56d76ff7e1c328beca102ea1e9,2026-09-14T13:46:43,dgr6
https://npp.gov.in/public-reports/cea/daily/dgr/21-01-2021/dgr6-2021-01-21.xls,2021/2021-01-21_dgr6.xls,200,18944,e0566bb534bc6f87feb9860eba16f1a6c719f75f67676cf5785e75ff9739aa4d,2026-09-14T13:46:43,dgr6
https://npp.gov.in/public-reports/cea/daily/dgr/22-01-2021/dgr6-2021-01-22.xls,2021/2021-01-22_dgr6.xls,404,0,,2026-09-14T13:46:44,dgr6
https://npp.gov.in/public-reports/cea/daily/dgr/23-01-2021/dgr6-2021-01-23.xls,2021/2021-01-23_dgr6.xls,200,18944,7703e466721d96bd15b24cd20a21bf00905d42b6773500f120361ddfb0be6be9,2026-09-14T13:46:44,dgr6
https://npp.gov.in/public-reports/cea/daily/dgr/24-01-2021/dgr6-2021-01-24.xls,2021/2021-01-24_dgr6.xls,200,18944,b54082ff4233fb1a9e2d0e6e05faf610eca4a2736013f1dba2be2ac8fe5623a0,2026-09-14T13:46:45,dgr6
https://npp.gov.in/public-reports/cea/daily/dgr/25-01-2021/dgr6-2021-01-25.xls,2021/2021-01-25_dgr6.xls,200,18944,809f390a35dbd3090cf525c0bfe4add992f1f21f9d0074c056536d8fe45c913e,2026-09-14T13:46:45,dgr6
https://npp.gov.in/public-reports/cea/daily/dgr/26-01-2021/dgr6-2021-01-26.xls,2021/2021-01-26_dgr6.xls,200,18944,5dc94dfe3df4997b5505d82709dacbaef4661d08661f778639158b1ee973a90f,2026-09-14T13:46:45,dgr6
https://npp.gov.in/public-reports/cea/daily/dgr/27-01-2021/dgr6-2021-01-27.xls,2021/2021-01-27_dgr6.xls,200,18944,c6ea037028174fea4431797c8369ebc6ef20dcc90abced7c1e64089742bfb197,2026-09-14T13:46:46,dgr6
https://npp.gov.in/public-reports/cea/daily/dgr/28-01-2021/dgr6-2021-01-28.xls,2021/2021-01-28_dgr6.xls,200,18944,2e4ffee489bae240d365675a020c59522cd242532656363a6b914b8486950539,2026-09-14T13:46:46,dgr6
https://npp.gov.in/public-reports/cea/daily/dgr/29-01-2021/dgr6-2021-01-29.xls,2021/2021-01-29_dgr6.xls,200,18944,c7c75e7193e7d89ce0d8f192e49e8e78a037bd98be89053700dae0023da58db7,2026-09-14T13:46:46,dgr6
https://npp.gov.in/public-reports/cea/daily/dgr/30-01-2021/dgr6-2021-01-30.xls,2021/2021-01-30_dgr6.xls,200,18944,102c6bab415367cb21201c548b06d68e8410fc02abc8c553f49f1cf5a473a969,2026-09-14T13:46:47,dgr6
https://npp.gov.in/public-reports/cea/daily/dgr/31-01-2021/dgr6-2021-01-31.xls,2021/2021-01-31_dgr6.xls,200,18944,de8bd975d91af9179d2edd699021795e99534581b99ce675406c9739967dd173,2026-09-14T13:46:47,dgr6
https://npp.gov.in/public-reports/cea/daily/dgr/01-02-2021/dgr6-2021-02-01.xls,2021/2021-02-01_dgr6.xls,200,18944,b1a83310760ec949b89ce12dcd8f556db038db4758e8bfc3473b882937330eff,2026-09-14T13:46:48,dgr6
https://npp.gov.in/public-reports/cea/daily/dgr/02-02-2021/dgr6-2021-02-02.xls,2021/2021-02-02_dgr6.xls,200,18944,04617af56ac9e328a10eb147afca6e33566da70d1241fc13ca34245d5bb35241,2026-09-14T13:46:48,dgr6
https://npp.gov.in/public-reports/cea/daily/dgr/03-02-2021/dgr6-2021-02-03.xls,2021/2021-02-03_dgr6.xls,200,18944,5a1647f3625acbf750bdf6cc49e4959f518d6dae86653d1193811f8f60437159,2026-09-14T13:46:48,dgr6
https://npp.gov.in/public-reports/cea/daily/dgr/04-02-2021/dgr6-2021-02-04.xls,2021/2021-02-04_dgr6.xls,200,18944,03c7f78c452f6b9fd6b52ca3b6145a67b8085d53001c4fc1d25f660caae414d2,2026-09-14T13:46:49,dgr6
https://npp.gov.in/public-reports/cea/daily/dgr/05-02-2021/dgr6-2021-02-05.xls,2021/2021-02-05_dgr6.xls,200,18944,40c2515af12c5d6812eb9db523c2f12f63c2cf6c727bd72ba423514493ad0915,2026-09-14T13:46:49,dgr6
https://npp.gov.in/public-reports/cea/daily/dgr/06-02-2021/dgr6-2021-02-06.xls,2021/2021-02-06_dgr6.xls,200,18944,af6ad8115437099f38771672b7fca6375b8f1e54971be8075a1cdb59d7607214,2026-09-14T13:46:50,dgr6
https://npp.gov.in/public-reports/cea/daily/dgr/07-02-2021/dgr6-2021-02-07.xls,2021/2021-02-07_dgr6.xls,200,18944,66dd6523790227b1604fa2111d5f008825fac5d10ebf7bea2a6aa9c8f3748084,2026-09-14T13:46:50,dgr6
https://npp.gov.in/public-reports/cea/daily/dgr/08-02-2021/dgr6-2021-02-08.xls,2021/2021-02-08_dgr6.xls,200,18944,935ef946fef1acb42301b9f7d282fa797e88df7dac985de7037e3ca57e94750b,2026-09-14T13:46:50,dgr6
https://npp.gov.in/public-reports/cea/daily/dgr/09-02-2021/dgr6-2021-02-09.xls,2021/2021-02-09_dgr6.xls,200,18944,432c96d466658f19cabdf8ee69559f02cf99aca51d3b4130350a35900be9ae59,2026-09-14T13:46:51,dgr6
https://npp.gov.in/public-reports/cea/daily/dgr/10-02-2021/dgr6-2021-02-10.xls,2021/2021-02-10_dgr6.xls,200,18944,39eeeb97a32297537de7dfeda6d12c8bffeec66fd97aedf86e9e6fb9b4d5aa18,2026-09-14T13:46:51,dgr6
https://npp.gov.in/public-reports/cea/daily/dgr/11-02-2021/dgr6-2021-02-11.xls,2021/2021-02-11_dgr6.xls,200,18944,59b66d7ca95973fa5a2dd4db1d381d9e9058562fbdd0d70192f2436c2d7519ad,2026-09-14T13:46:52,dgr6
https://npp.gov.in/public-reports/cea/daily/dgr/12-02-2021/dgr6-2021-02-12.xls,2021/2021-02-12_dgr6.xls,200,18944,ada68bd23ace1774e3bf9c5af579b5e28a27ca183f5041471ee6fab7c7c2a661,2026-09-14T13:46:52,dgr6
https://npp.gov.in/public-reports/cea/daily/dgr/13-02-2021/dgr6-2021-02-13.xls,2021/2021-02-13_dgr6.xls,200,18944,1858ca6e256d70f186f1487eb9f9ae25b5037e81aa5a9c604815a05c81e81886,2026-09-14T13:46:53,dgr6
https://npp.gov.in/public-reports/cea/daily/dgr/14-02-2021/dgr6-2021-02-14.xls,2021/2021-02-14_dgr6.xls,200,18944,054d99dbf5c46a380d541636cffaabc2167e5338753bb0886f96f75ef33713ce,2026-09-14T13:46:53,dgr6
https://npp.gov.in/public-reports/cea/daily/dgr/15-02-2021/dgr6-2021-02-15.xls,2021/2021-02-15_dgr6.xls,200,18944,9f5a2e6577b45352384bfb93398645c2f5b5ea4e397a97f8eb0686a34ca2e1f2,2026-09-14T13:46:53,dgr6
https://npp.gov.in/public-reports/cea/daily/dgr/16-02-2021/dgr6-2021-02-16.xls,2021/2021-02-16_dgr6.xls,200,18944,a0ecc5ab8d0cfc4a89eda1b59ece46b4df5407a4279a9448dc8f96f11c809242,2026-09-14T13:46:54,dgr6
https://npp.gov.in/public-reports/cea/daily/dgr/17-02-2021/dgr6-2021-02-17.xls,2021/2021-02-17_dgr6.xls,200,18944,d7c3af4cfc2d53c75fbff1305817ca638cebac78b83388c4bec58d907adfda54,2026-09-14T13:46:54,dgr6
https://npp.gov.in/public-reports/cea/daily/dgr/18-02-2021/dgr6-2021-02-18.xls,2021/2021-02-18_dgr6.xls,200,18944,61a5122e899a3c5b226362c3ee649cab0a09ec64e2c39c61500640e93bfceb00,2026-09-14T13:46:54,dgr6
https://npp.gov.in/public-reports/cea/daily/dgr/19-02-2021/dgr6-2021-02-19.xls,2021/2021-02-19_dgr6.xls,200,18944,49f1f4e3a0cdbba4f8463db0865485b75a85690b3a006496ff61a03ba8a781e0,2026-09-14T13:46:55,dgr6
https://npp.gov.in/public-reports/cea/daily/dgr/20-02-2021/dgr6-2021-02-20.xls,2021/2021-02-20_dgr6.xls,200,18944,cfc155072a31b4f25bf15957777cf91522825d36d873e266ce635dd064e28c4a,2026-09-14T13:46:55,dgr6
https://npp.gov.in/public-reports/cea/daily/dgr/21-02-2021/dgr6-2021-02-21.xls,2021/2021-02-21_dgr6.xls,200,18944,1a4d5700dabfeec68306ca1738dbdd2ffcfe5803ea30fcc71d9c4896e57c1a9a,2026-09-14T13:46:56,dgr6
https://npp.gov.in/public-reports/cea/daily/dgr/22-02-2021/dgr6-2021-02-22.xls,2021/2021-02-22_dgr6.xls,200,18944,ce3e44422d9b1ff0fac553c72f444e67581ea1dbe3bf1f46a2ff69ba7375a1c8,2026-09-14T13:46:56,dgr6
https://npp.gov.in/public-reports/cea/daily/dgr/23-02-2021/dgr6-2021-02-23.xls,2021/2021-02-23_dgr6.xls,200,18944,7acc4b539f1c16e15f404c995298bf0f45d42260deead5dc455e917eed3819ce,2026-09-14T13:46:56,dgr6
https://npp.gov.in/public-reports/cea/daily/dgr/24-02-2021/dgr6-2021-02-24.xls,2021/2021-02-24_dgr6.xls,200,18944,9843eadbe75aac9996b8d8a88617466d417a2fd8aecb2c0bf8ff2a8e431fe235,2026-09-14T13:46:58,dgr6
https://npp.gov.in/public-reports/cea/daily/dgr/25-02-2021/dgr6-2021-02-25.xls,2021/2021-02-25_dgr6.xls,200,18944,fdf1d22ba341e701769d80a35c46be9662339159620c1a463657bc401b2aacdd,2026-09-14T13:46:59,dgr6
https://npp.gov.in/public-reports/cea/daily/dgr/26-02-2021/dgr6-2021-02-26.xls,2021/2021-02-26_dgr6.xls,200,18944,f0212460286cbc08989986e9cc8ed12a817142b647aabf99ed12f11d1daa142c,2026-09-14T13:46:59,dgr6
https://npp.gov.in/public-reports/cea/daily/dgr/27-02-2021/dgr6-2021-02-27.xls,2021/2021-02-27_dgr6.xls,200,18944,ec8bd9fdd9118573606ea4b284c0f05dcf74770a6bb48d5c219f42265ab13777,2026-09-14T13:47:00,dgr6
https://npp.gov.in/public-reports/cea/daily/dgr/28-02-2021/dgr6-2021-02-28.xls,2021/2021-02-28_dgr6.xls,200,18944,28c141b1d92b5b5da963f6bd3f1b1be73f334bb06583c7d20d453bc23b093925,2026-09-14T13:47:00,dgr6
https://npp.gov.in/public-reports/cea/daily/dgr/01-03-2021/dgr6-2021-03-01.xls,2021/2021-03-01_dgr6.xls,200,18944,f7cde263024ac08926192c6855f5ad3738ebe39f8581dac6fd1b8385a945c85b,2026-09-14T13:47:01,dgr6
https://npp.gov.in/public-reports/cea/daily/dgr/02-03-2021/dgr6-2021-03-02.xls,2021/2021-03-02_dgr6.xls,200,18944,984fe964f908890b3c006f7ac97c091b45cbc3d731745f0db0fc063ccc7b36a8,2026-09-14T13:47:01,dgr6
https://npp.gov.in/public-reports/cea/daily/dgr/03-03-2021/dgr6-2021-03-03.xls,2021/2021-03-03_dgr6.xls,200,18944,b060a40ed62bc2de9474253cba7f99b1fb259ff75237bc984fbf7b92b24b203f,2026-09-14T13:47:02,dgr6
https://npp.gov.in/public-reports/cea/daily/dgr/04-03-2021/dgr6-2021-03-04.xls,2021/2021-03-04_dgr6.xls,200,18944,75b61b555a7f82e8336dcd6e6d2141aae589af89bc44bfe1a694135a9faf7aea,2026-09-14T13:47:02,dgr6
https://npp.gov.in/public-reports/cea/daily/dgr/05-03-2021/dgr6-2021-03-05.xls,2021/2021-03-05_dgr6.xls,200,18944,f0ea2eaea46745f2d8a70c495d17701c2d60707ff632e93f5d4eff38cc40c4b0,2026-09-14T13:47:02,dgr6
https://npp.gov.in/public-reports/cea/daily/dgr/06-03-2021/dgr6-2021-03-06.xls,2021/2021-03-06_dgr6.xls,200,18944,92889357689e8ca1f8cf68e2adf48c79f75a9908c86d1c4e9729537d647c8444,2026-09-14T13:47:03,dgr6
https://npp.gov.in/public-reports/cea/daily/dgr/07-03-2021/dgr6-2021-03-07.xls,2021/2021-03-07_dgr6.xls,200,18944,536c65a87d625d114d3d7601c9bcd8247b896ffb3d38f96810b4008db7760729,2026-09-14T13:47:03,dgr6
https://npp.gov.in/public-reports/cea/daily/dgr/08-03-2021/dgr6-2021-03-08.xls,2021/2021-03-08_dgr6.xls,200,18944,829cdf81e28ed5759caa26231a12760bad6310743282e7259c1da21d59b0c1f0,2026-09-14T13:47:03,dgr6
https://npp.gov.in/public-reports/cea/daily/dgr/09-03-2021/dgr6-2021-03-09.xls,2021/2021-03-09_dgr6.xls,200,18944,217f00d2bcc812b075282c311799a1018533397390a231489c6771e1a8904b65,2026-09-14T13:47:04,dgr6
https://npp.gov.in/public-reports/cea/daily/dgr/10-03-2021/dgr6-2021-03-10.xls,2021/2021-03-10_dgr6.xls,200,18944,5fa527716db8280c38313d69d1348e540af7310f7ae88617dd1dcf3de61b3d77,2026-09-14T13:47:05,dgr6
https://npp.gov.in/public-reports/cea/daily/dgr/11-03-2021/dgr6-2021-03-11.xls,2021/2021-03-11_dgr6.xls,200,18944,1707ab602900674e3ae24f20d10a6013522527456a04a846e82b95898520a07b,2026-09-14T13:47:06,dgr6
https://npp.gov.in/public-reports/cea/daily/dgr/12-03-2021/dgr6-2021-03-12.xls,2021/2021-03-12_dgr6.xls,200,18944,a12a88a68057494f7e2b2c3d628f8e50193f7a8c152f08200e62948faac1f600,2026-09-14T13:47:07,dgr6
https://npp.gov.in/public-reports/cea/daily/dgr/13-03-2021/dgr6-2021-03-13.xls,2021/2021-03-13_dgr6.xls,200,18944,b30c829901d1752cb1386ca72cc0d441d87bb9c945114b552149c93ac30cec70,2026-09-14T13:47:07,dgr6
https://npp.gov.in/public-reports/cea/daily/dgr/14-03-2021/dgr6-2021-03-14.xls,2021/2021-03-14_dgr6.xls,200,18944,08ece37c224788436b41e96514f89d1c25d960971d319c4dfeb6d482cfad3030,2026-09-14T13:47:08,dgr6
https://npp.gov.in/public-reports/cea/daily/dgr/15-03-2021/dgr6-2021-03-15.xls,2021/2021-03-15_dgr6.xls,200,18944,a621d24f420a65df35b453073edbac26222afac83d7dfb96cc759366f1c06b3a,2026-09-14T13:47:08,dgr6
https://npp.gov.in/public-reports/cea/daily/dgr/16-03-2021/dgr6-2021-03-16.xls,2021/2021-03-16_dgr6.xls,404,0,,2026-09-14T13:47:09,dgr6
https://npp.gov.in/public-reports/cea/daily/dgr/17-03-2021/dgr6-2021-03-17.xls,2021/2021-03-17_dgr6.xls,404,0,,2026-09-14T13:47:10,dgr6
https://npp.gov.in/public-reports/cea/daily/dgr/18-03-2021/dgr6-2021-03-18.xls,2021/2021-03-18_dgr6.xls,404,0,,2026-09-14T13:47:11,dgr6
https://npp.gov.in/public-reports/cea/daily/dgr/19-03-2021/dgr6-2021-03-19.xls,2021/2021-03-19_dgr6.xls,404,0,,2026-09-14T13:47:11,dgr6
https://npp.gov.in/public-reports/cea/daily/dgr/20-03-2021/dgr6-2021-03-20.xls,2021/2021-03-20_dgr6.xls,404,0,,2026-09-14T13:47:12,dgr6
https://npp.gov.in/public-reports/cea/daily/dgr/21-03-2021/dgr6-2021-03-21.xls,2021/2021-03-21_dgr6.xls,404,0,,2026-09-14T13:47:12,dgr6
https://npp.gov.in/public-reports/cea/daily/dgr/22-03-2021/dgr6-2021-03-22.xls,2021/2021-03-22_dgr6.xls,404,0,,2026-09-14T13:47:13,dgr6
https://npp.gov.in/public-reports/cea/daily/dgr/23-03-2021/dgr6-2021-03-23.xls,2021/2021-03-23_dgr6.xls,404,0,,2026-09-14T13:47:14,dgr6
https://npp.gov.in/public-reports/cea/daily/dgr/24-03-2021/dgr6-2021-03-24.xls,2021/2021-03-24_dgr6.xls,404,0,,2026-09-14T13:47:14,dgr6
https://npp.gov.in/public-reports/cea/daily/dgr/25-03-2021/dgr6-2021-03-25.xls,2021/2021-03-25_dgr6.xls,404,0,,2026-09-14T13:47:15,dgr6
https://npp.gov.in/public-reports/cea/daily/dgr/26-03-2021/dgr6-2021-03-26.xls,2021/2021-03-26_dgr6.xls,404,0,,2026-09-14T13:47:17,dgr6
https://npp.gov.in/public-reports/cea/daily/dgr/27-03-2021/dgr6-2021-03-27.xls,2021/2021-03-27_dgr6.xls,404,0,,2026-09-14T13:47:18,dgr6
https://npp.gov.in/public-reports/cea/daily/dgr/28-03-2021/dgr6-2021-03-28.xls,2021/2021-03-28_dgr6.xls,404,0,,2026-09-14T13:47:18,dgr6
https://npp.gov.in/public-reports/cea/daily/dgr/29-03-2021/dgr6-2021-03-29.xls,2021/2021-03-29_dgr6.xls,404,0,,2026-09-14T13:47:19,dgr6
https://npp.gov.in/public-reports/cea/daily/dgr/30-03-2021/dgr6-2021-03-30.xls,2021/2021-03-30_dgr6.xls,404,0,,2026-09-14T13:47:19,dgr6
https://npp.gov.in/public-reports/cea/daily/dgr/31-03-2021/dgr6-2021-03-31.xls,2021/2021-03-31_dgr6.xls,404,0,,2026-09-14T13:47:20,dgr6
https://npp.gov.in/public-reports/cea/daily/dgr/01-04-2021/dgr6-2021-04-01.xls,2021/2021-04-01_dgr6.xls,404,0,,2026-09-14T13:47:20,dgr6
https://npp.gov.in/public-reports/cea/daily/dgr/02-04-2021/dgr6-2021-04-02.xls,2021/2021-04-02_dgr6.xls,404,0,,2026-09-14T13:47:21,dgr6
https://npp.gov.in/public-reports/cea/daily/dgr/03-04-2021/dgr6-2021-04-03.xls,2021/2021-04-03_dgr6.xls,404,0,,2026-09-14T13:47:21,dgr6
https://npp.gov.in/public-reports/cea/daily/dgr/04-04-2021/dgr6-2021-04-04.xls,2021/2021-04-04_dgr6.xls,404,0,,2026-09-14T13:47:21,dgr6
https://npp.gov.in/public-reports/cea/daily/dgr/05-04-2021/dgr6-2021-04-05.xls,2021/2021-04-05_dgr6.xls,404,0,,2026-09-14T13:47:22,dgr6
https://npp.gov.in/public-reports/cea/daily/dgr/06-04-2021/dgr6-2021-04-06.xls,2021/2021-04-06_dgr6.xls,404,0,,2026-09-14T13:47:22,dgr6
https://npp.gov.in/public-reports/cea/daily/dgr/07-04-2021/dgr6-2021-04-07.xls,2021/2021-04-07_dgr6.xls,404,0,,2026-09-14T13:47:23,dgr6
https://npp.gov.in/public-reports/cea/daily/dgr/08-04-2021/dgr6-2021-04-08.xls,2021/2021-04-08_dgr6.xls,404,0,,2026-09-14T13:47:23,dgr6
https://npp.gov.in/public-reports/cea/daily/dgr/09-04-2021/dgr6-2021-04-09.xls,2021/2021-04-09_dgr6.xls,404,0,,2026-09-14T13:47:23,dgr6
https://npp.gov.in/public-reports/cea/daily/dgr/10-04-2021/dgr6-2021-04-10.xls,2021/2021-04-10_dgr6.xls,404,0,,2026-09-14T13:47:24,dgr6
https://npp.gov.in/public-reports/cea/daily/dgr/11-04-2021/dgr6-2021-04-11.xls,2021/2021-04-11_dgr6.xls,404,0,,2026-09-14T13:47:24,dgr6
https://npp.gov.in/public-reports/cea/daily/dgr/12-04-2021/dgr6-2021-04-12.xls,2021/2021-04-12_dgr6.xls,404,0,,2026-09-14T13:47:25,dgr6
https://npp.gov.in/public-reports/cea/daily/dgr/13-04-2021/dgr6-2021-04-13.xls,2021/2021-04-13_dgr6.xls,404,0,,2026-09-14T13:47:25,dgr6
https://npp.gov.in/public-reports/cea/daily/dgr/14-04-2021/dgr6-2021-04-14.xls,2021/2021-04-14_dgr6.xls,404,0,,2026-09-14T13:47:26,dgr6
https://npp.gov.in/public-reports/cea/daily/dgr/15-04-2021/dgr6-2021-04-15.xls,2021/2021-04-15_dgr6.xls,404,0,,2026-09-14T13:47:26,dgr6
https://npp.gov.in/public-reports/cea/daily/dgr/16-04-2021/dgr6-2021-04-16.xls,2021/2021-04-16_dgr6.xls,404,0,,2026-09-14T13:47:26,dgr6
https://npp.gov.in/public-reports/cea/daily/dgr/17-04-2021/dgr6-2021-04-17.xls,2021/2021-04-17_dgr6.xls,404,0,,2026-09-14T13:47:27,dgr6
https://npp.gov.in/public-reports/cea/daily/dgr/18-04-2021/dgr6-2021-04-18.xls,2021/2021-04-18_dgr6.xls,404,0,,2026-09-14T13:47:27,dgr6
https://npp.gov.in/public-reports/cea/daily/dgr/19-04-2021/dgr6-2021-04-19.xls,2021/2021-04-19_dgr6.xls,404,0,,2026-09-14T13:47:28,dgr6
https://npp.gov.in/public-reports/cea/daily/dgr/20-04-2021/dgr6-2021-04-20.xls,2021/2021-04-20_dgr6.xls,404,0,,2026-09-14T13:47:28,dgr6
https://npp.gov.in/public-reports/cea/daily/dgr/21-04-2021/dgr6-2021-04-21.xls,2021/2021-04-21_dgr6.xls,404,0,,2026-09-14T13:47:29,dgr6
https://npp.gov.in/public-reports/cea/daily/dgr/22-04-2021/dgr6-2021-04-22.xls,2021/2021-04-22_dgr6.xls,404,0,,2026-09-14T13:47:29,dgr6
https://npp.gov.in/public-reports/cea/daily/dgr/23-04-2021/dgr6-2021-04-23.xls,2021/2021-04-23_dgr6.xls,404,0,,2026-09-14T13:47:29,dgr6
https://npp.gov.in/public-reports/cea/daily/dgr/24-04-2021/dgr6-2021-04-24.xls,2021/2021-04-24_dgr6.xls,404,0,,2026-09-14T13:47:30,dgr6
https://npp.gov.in/public-reports/cea/daily/dgr/25-04-2021/dgr6-2021-04-25.xls,2021/2021-04-25_dgr6.xls,404,0,,2026-09-14T13:47:30,dgr6
https://npp.gov.in/public-reports/cea/daily/dgr/26-04-2021/dgr6-2021-04-26.xls,2021/2021-04-26_dgr6.xls,404,0,,2026-09-14T13:47:31,dgr6
https://npp.gov.in/public-reports/cea/daily/dgr/27-04-2021/dgr6-2021-04-27.xls,2021/2021-04-27_dgr6.xls,404,0,,2026-09-14T13:47:31,dgr6
https://npp.gov.in/public-reports/cea/daily/dgr/28-04-2021/dgr6-2021-04-28.xls,2021/2021-04-28_dgr6.xls,404,0,,2026-09-14T13:47:32,dgr6
https://npp.gov.in/public-reports/cea/daily/dgr/29-04-2021/dgr6-2021-04-29.xls,2021/2021-04-29_dgr6.xls,404,0,,2026-09-14T13:47:32,dgr6
https://npp.gov.in/public-reports/cea/daily/dgr/30-04-2021/dgr6-2021-04-30.xls,2021/2021-04-30_dgr6.xls,404,0,,2026-09-14T13:47:33,dgr6
https://npp.gov.in/public-reports/cea/daily/dgr/01-05-2021/dgr6-2021-05-01.xls,2021/2021-05-01_dgr6.xls,404,0,,2026-09-14T13:47:33,dgr6
https://npp.gov.in/public-reports/cea/daily/dgr/02-05-2021/dgr6-2021-05-02.xls,2021/2021-05-02_dgr6.xls,404,0,,2026-09-14T13:47:33,dgr6
https://npp.gov.in/public-reports/cea/daily/dgr/03-05-2021/dgr6-2021-05-03.xls,2021/2021-05-03_dgr6.xls,404,0,,2026-09-14T13:47:34,dgr6
https://npp.gov.in/public-reports/cea/daily/dgr/04-05-2021/dgr6-2021-05-04.xls,2021/2021-05-04_dgr6.xls,404,0,,2026-09-14T13:47:34,dgr6
https://npp.gov.in/public-reports/cea/daily/dgr/05-05-2021/dgr6-2021-05-05.xls,2021/2021-05-05_dgr6.xls,404,0,,2026-09-14T13:47:35,dgr6
https://npp.gov.in/public-reports/cea/daily/dgr/06-05-2021/dgr6-2021-05-06.xls,2021/2021-05-06_dgr6.xls,404,0,,2026-09-14T13:47:35,dgr6
https://npp.gov.in/public-reports/cea/daily/dgr/07-05-2021/dgr6-2021-05-07.xls,2021/2021-05-07_dgr6.xls,404,0,,2026-09-14T13:47:36,dgr6
https://npp.gov.in/public-reports/cea/daily/dgr/08-05-2021/dgr6-2021-05-08.xls,2021/2021-05-08_dgr6.xls,404,0,,2026-09-14T13:47:36,dgr6
https://npp.gov.in/public-reports/cea/daily/dgr/09-05-2021/dgr6-2021-05-09.xls,2021/2021-05-09_dgr6.xls,404,0,,2026-09-14T13:47:36,dgr6
https://npp.gov.in/public-reports/cea/daily/dgr/10-05-2021/dgr6-2021-05-10.xls,2021/2021-05-10_dgr6.xls,404,0,,2026-09-14T13:47:37,dgr6
https://npp.gov.in/public-reports/cea/daily/dgr/11-05-2021/dgr6-2021-05-11.xls,2021/2021-05-11_dgr6.xls,404,0,,2026-09-14T13:47:37,dgr6
https://npp.gov.in/public-reports/cea/daily/dgr/12-05-2021/dgr6-2021-05-12.xls,2021/2021-05-12_dgr6.xls,404,0,,2026-09-14T13:47:38,dgr6
https://npp.gov.in/public-reports/cea/daily/dgr/13-05-2021/dgr6-2021-05-13.xls,2021/2021-05-13_dgr6.xls,404,0,,2026-09-14T13:47:38,dgr6
https://npp.gov.in/public-reports/cea/daily/dgr/14-05-2021/dgr6-2021-05-14.xls,2021/2021-05-14_dgr6.xls,404,0,,2026-09-14T13:47:40,dgr6
https://npp.gov.in/public-reports/cea/daily/dgr/15-05-2021/dgr6-2021-05-15.xls,2021/2021-05-15_dgr6.xls,404,0,,2026-09-14T13:47:40,dgr6
https://npp.gov.in/public-reports/cea/daily/dgr/16-05-2021/dgr6-2021-05-16.xls,2021/2021-05-16_dgr6.xls,404,0,,2026-09-14T13:47:41,dgr6
https://npp.gov.in/public-reports/cea/daily/dgr/17-05-2021/dgr6-2021-05-17.xls,2021/2021-05-17_dgr6.xls,404,0,,2026-09-14T13:47:42,dgr6
https://npp.gov.in/public-reports/cea/daily/dgr/18-05-2021/dgr6-2021-05-18.xls,2021/2021-05-18_dgr6.xls,404,0,,2026-09-14T13:47:43,dgr6
https://npp.gov.in/public-reports/cea/daily/dgr/19-05-2021/dgr6-2021-05-19.xls,2021/2021-05-19_dgr6.xls,404,0,,2026-09-14T13:47:44,dgr6
https://npp.gov.in/public-reports/cea/daily/dgr/20-05-2021/dgr6-2021-05-20.xls,2021/2021-05-20_dgr6.xls,404,0,,2026-09-14T13:47:45,dgr6
https://npp.gov.in/public-reports/cea/daily/dgr/21-05-2021/dgr6-2021-05-21.xls,2021/2021-05-21_dgr6.xls,404,0,,2026-09-14T13:47:46,dgr6
https://npp.gov.in/public-reports/cea/daily/dgr/22-05-2021/dgr6-2021-05-22.xls,2021/2021-05-22_dgr6.xls,404,0,,2026-09-14T13:47:47,dgr6
https://npp.gov.in/public-reports/cea/daily/dgr/23-05-2021/dgr6-2021-05-23.xls,2021/2021-05-23_dgr6.xls,404,0,,2026-09-14T13:47:49,dgr6
https://npp.gov.in/public-reports/cea/daily/dgr/24-05-2021/dgr6-2021-05-24.xls,2021/2021-05-24_dgr6.xls,404,0,,2026-09-14T13:47:50,dgr6
https://npp.gov.in/public-reports/cea/daily/dgr/25-05-2021/dgr6-2021-05-25.xls,2021/2021-05-25_dgr6.xls,404,0,,2026-09-14T13:47:51,dgr6
https://npp.gov.in/public-reports/cea/daily/dgr/26-05-2021/dgr6-2021-05-26.xls,2021/2021-05-26_dgr6.xls,404,0,,2026-09-14T13:47:52,dgr6
https://npp.gov.in/public-reports/cea/daily/dgr/27-05-2021/dgr6-2021-05-27.xls,2021/2021-05-27_dgr6.xls,404,0,,2026-09-14T13:47:53,dgr6
https://npp.gov.in/public-reports/cea/daily/dgr/28-05-2021/dgr6-2021-05-28.xls,2021/2021-05-28_dgr6.xls,404,0,,2026-09-14T13:47:53,dgr6
https://npp.gov.in/public-reports/cea/daily/dgr/29-05-2021/dgr6-2021-05-29.xls,2021/2021-05-29_dgr6.xls,404,0,,2026-09-14T13:47:54,dgr6
https://npp.gov.in/public-reports/cea/daily/dgr/30-05-2021/dgr6-2021-05-30.xls,2021/2021-05-30_dgr6.xls,404,0,,2026-09-14T13:47:55,dgr6
https://npp.gov.in/public-reports/cea/daily/dgr/31-05-2021/dgr6-2021-05-31.xls,2021/2021-05-31_dgr6.xls,404,0,,2026-09-14T13:47:55,dgr6
https://npp.gov.in/public-reports/cea/daily/dgr/01-06-2021/dgr6-2021-06-01.xls,2021/2021-06-01_dgr6.xls,200,18944,2b5dc7a1df0eabc4f7c3e83d5212945ec9f057b7eeb2bef16d8106a4c17f231b,2026-09-14T13:47:56,dgr6
https://npp.gov.in/public-reports/cea/daily/dgr/02-06-2021/dgr6-2021-06-02.xls,2021/2021-06-02_dgr6.xls,200,18944,fe9fe1e22fc61129cb5e6d2d63f8fa0cd5c7ab0c34ef095ea40f432f1b938529,2026-09-14T13:47:57,dgr6
https://npp.gov.in/public-reports/cea/daily/dgr/03-06-2021/dgr6-2021-06-03.xls,2021/2021-06-03_dgr6.xls,200,18944,2c14db8baaa04c013cd4bfb99ca9f2ca398f03f5b40ca38d167b4f64155bec9e,2026-09-14T13:47:57,dgr6
https://npp.gov.in/public-reports/cea/daily/dgr/04-06-2021/dgr6-2021-06-04.xls,2021/2021-06-04_dgr6.xls,200,18944,173a555e5e90a221e1d251f7e7922210a85459742592dba426c7534d76baabee,2026-09-14T13:47:58,dgr6
https://npp.gov.in/public-reports/cea/daily/dgr/05-06-2021/dgr6-2021-06-05.xls,2021/2021-06-05_dgr6.xls,200,18944,4aee1034a8c46e23e2a36e66468bd3c6063abcd6d4e0cc804c0f69ab1dba0d63,2026-09-14T13:47:58,dgr6
https://npp.gov.in/public-reports/cea/daily/dgr/06-06-2021/dgr6-2021-06-06.xls,2021/2021-06-06_dgr6.xls,200,18944,b96965413da7d51e6d50d7c55008befdd9e98ff755bdb27a4e21bd258e4c0646,2026-09-14T13:47:59,dgr6
https://npp.gov.in/public-reports/cea/daily/dgr/07-06-2021/dgr6-2021-06-07.xls,2021/2021-06-07_dgr6.xls,200,18944,3e9c754afcdb66460af80874b9c68f19f81e53d1f74fa13775a247fd091ef650,2026-09-14T13:48:00,dgr6
https://npp.gov.in/public-reports/cea/daily/dgr/08-06-2021/dgr6-2021-06-08.xls,2021/2021-06-08_dgr6.xls,200,18944,27c045e09bf1100447e6ffab2e7e8de04b245d6e8af3132dfc5ce0a588ce280e,2026-09-14T13:48:02,dgr6
https://npp.gov.in/public-reports/cea/daily/dgr/09-06-2021/dgr6-2021-06-09.xls,2021/2021-06-09_dgr6.xls,200,18944,f7c39d83b8729e6c08dc00aefa9b45b13e418cf01a8c816a1983b5950c29d94e,2026-09-14T13:48:02,dgr6
https://npp.gov.in/public-reports/cea/daily/dgr/10-06-2021/dgr6-2021-06-10.xls,2021/2021-06-10_dgr6.xls,200,18944,ab1082f09392d4e67e55d9463ae2f4059f2cab4bf8854033a0b6694bef216603,2026-09-14T13:48:03,dgr6
https://npp.gov.in/public-reports/cea/daily/dgr/11-06-2021/dgr6-2021-06-11.xls,2021/2021-06-11_dgr6.xls,200,18944,42ba38a7f1638f44960c8bb4462270b5933e4a07c918667f1efd8c93a0662c58,2026-09-14T13:48:04,dgr6
https://npp.gov.in/public-reports/cea/daily/dgr/12-06-2021/dgr6-2021-06-12.xls,2021/2021-06-12_dgr6.xls,200,18944,a9820a9a686a3ee498352847626e7b9559019c475e8a16cb1eb0c44dac603c81,2026-09-14T13:48:05,dgr6
https://npp.gov.in/public-reports/cea/daily/dgr/13-06-2021/dgr6-2021-06-13.xls,2021/2021-06-13_dgr6.xls,200,18944,11209eb469e2c3d8ab60183c80075dbb486123d6f3d1e8a1281c0f5e547c01f2,2026-09-14T13:48:06,dgr6
https://npp.gov.in/public-reports/cea/daily/dgr/14-06-2021/dgr6-2021-06-14.xls,2021/2021-06-14_dgr6.xls,200,18944,05aa74c0fa34fd14d1ce3f0803c73dcb7cc894bdaf12170507ad96ae6c0fd169,2026-09-14T13:48:07,dgr6
https://npp.gov.in/public-reports/cea/daily/dgr/15-06-2021/dgr6-2021-06-15.xls,2021/2021-06-15_dgr6.xls,200,18944,2386ef98f99bdbc9b38892c27fc8bc2b7f62d1f79e77aab8ae6d3e63fe75b282,2026-09-14T13:48:08,dgr6
https://npp.gov.in/public-reports/cea/daily/dgr/16-06-2021/dgr6-2021-06-16.xls,2021/2021-06-16_dgr6.xls,200,18944,d88f1a122756c8ea6ceda143b112036a04b128b7fa86903db54e2bb045823313,2026-09-14T13:48:08,dgr6
https://npp.gov.in/public-reports/cea/daily/dgr/17-06-2021/dgr6-2021-06-17.xls,2021/2021-06-17_dgr6.xls,200,18944,bc1fe5f5ba4566fc331d186f7f051ce6a370027949f9a0bb6001afd6f1dcd840,2026-09-14T13:48:09,dgr6
https://npp.gov.in/public-reports/cea/daily/dgr/18-06-2021/dgr6-2021-06-18.xls,2021/2021-06-18_dgr6.xls,200,18944,e7fefef617a3bc90c1e34385b2d55c68206bb4156ab263733d7d139b4c934846,2026-09-14T13:48:10,dgr6
https://npp.gov.in/public-reports/cea/daily/dgr/19-06-2021/dgr6-2021-06-19.xls,2021/2021-06-19_dgr6.xls,200,18944,d9eed3565f8c752a80ea72035e325bd3d4e1a122887408ece7d20bc44b8471fd,2026-09-14T13:48:10,dgr6
https://npp.gov.in/public-reports/cea/daily/dgr/20-06-2021/dgr6-2021-06-20.xls,2021/2021-06-20_dgr6.xls,200,18944,f08c55f61e210864325cebe0187a38c5dad6aa7824ffb022e90885e38c5bbecc,2026-09-14T13:48:11,dgr6
https://npp.gov.in/public-reports/cea/daily/dgr/21-06-2021/dgr6-2021-06-21.xls,2021/2021-06-21_dgr6.xls,200,18944,fc667ee130bc2899a7494404ba61590483c69e50aa1a847d85b7e69ad4aaca3a,2026-09-14T13:48:11,dgr6
https://npp.gov.in/public-reports/cea/daily/dgr/22-06-2021/dgr6-2021-06-22.xls,2021/2021-06-22_dgr6.xls,200,18944,fe4c3fd862cc67148c1e6d6f37e2cde6ab54a17797bab2c230c5b9c06c4bd999,2026-09-14T13:48:12,dgr6
https://npp.gov.in/public-reports/cea/daily/dgr/23-06-2021/dgr6-2021-06-23.xls,2021/2021-06-23_dgr6.xls,200,18944,8cd7d4d0b735fc744326c9671e8edd17873313942d3d1745bdf4cd5def633988,2026-09-14T13:48:12,dgr6
https://npp.gov.in/public-reports/cea/daily/dgr/24-06-2021/dgr6-2021-06-24.xls,2021/2021-06-24_dgr6.xls,200,18944,fd4b7290fba1d84b55a37e48d0747af4c76aa9b0dd542051e0162544533579f3,2026-09-14T13:48:13,dgr6
https://npp.gov.in/public-reports/cea/daily/dgr/25-06-2021/dgr6-2021-06-25.xls,2021/2021-06-25_dgr6.xls,200,18944,39366e9c18c2522080fd1e733de0bc1683680bdf4fe888c5c910ce67dd8f7696,2026-09-14T13:48:14,dgr6
https://npp.gov.in/public-reports/cea/daily/dgr/26-06-2021/dgr6-2021-06-26.xls,2021/2021-06-26_dgr6.xls,200,18944,d2880ffff0d05d55d0b26b195ee4a80fe13871bbc599e46e9d75e9c267442d17,2026-09-14T13:48:14,dgr6
https://npp.gov.in/public-reports/cea/daily/dgr/27-06-2021/dgr6-2021-06-27.xls,2021/2021-06-27_dgr6.xls,200,18944,a186824d3146b917e72ea500ecb32c7c1c7ae80bcac1199a180a434c428a690f,2026-09-14T13:48:15,dgr6
https://npp.gov.in/public-reports/cea/daily/dgr/28-06-2021/dgr6-2021-06-28.xls,2021/2021-06-28_dgr6.xls,200,18944,4298f5cb2558fe2dd801606d31aa0958f2e2c239201fee1d06790c1ae84ad66e,2026-09-14T13:48:17,dgr6
https://npp.gov.in/public-reports/cea/daily/dgr/29-06-2021/dgr6-2021-06-29.xls,2021/2021-06-29_dgr6.xls,200,18944,d507905155108af8a5e28851ab501533bf4473677e70c8c7434f09d86eacbbf1,2026-09-14T13:48:18,dgr6
https://npp.gov.in/public-reports/cea/daily/dgr/30-06-2021/dgr6-2021-06-30.xls,2021/2021-06-30_dgr6.xls,200,18944,0a3a763c1a2011a0bccb552dfe872a0b1e18c06c1eeb815e6c8813b0e0032435,2026-09-14T13:48:19,dgr6
https://npp.gov.in/public-reports/cea/daily/dgr/01-07-2021/dgr6-2021-07-01.xls,2021/2021-07-01_dgr6.xls,200,18944,d88ff81041b5e0819ca6d82f1dc599d88970b4d25440baa802103d50ce7e00dc,2026-09-14T13:48:19,dgr6
https://npp.gov.in/public-reports/cea/daily/dgr/02-07-2021/dgr6-2021-07-02.xls,2021/2021-07-02_dgr6.xls,200,18944,b85695b33b83fdaa5ae93384e7000de2a1487abdcd3326442822491c1bdddccb,2026-09-14T13:48:20,dgr6
https://npp.gov.in/public-reports/cea/daily/dgr/03-07-2021/dgr6-2021-07-03.xls,2021/2021-07-03_dgr6.xls,200,18944,796510790a952078d85a63f4bf4101fcc7a2579efac0fae92efdec995d538b08,2026-09-14T13:48:20,dgr6
https://npp.gov.in/public-reports/cea/daily/dgr/04-07-2021/dgr6-2021-07-04.xls,2021/2021-07-04_dgr6.xls,200,18944,38c93e1c9321befd7b802341475dfda0a791283f7ec4cc2e46a1bc415ebb5b6f,2026-09-14T13:48:21,dgr6
https://npp.gov.in/public-reports/cea/daily/dgr/05-07-2021/dgr6-2021-07-05.xls,2021/2021-07-05_dgr6.xls,200,18944,8c4c1fd76d1bf5ddeddf5f305b18f3ce7b8f353fe517d96decf9f97ad90e6da3,2026-09-14T13:48:22,dgr6
https://npp.gov.in/public-reports/cea/daily/dgr/06-07-2021/dgr6-2021-07-06.xls,2021/2021-07-06_dgr6.xls,200,18944,18893a3c609ad84c7b0beae64895658024cc2143879fc83e499d6d7a98b6c20d,2026-09-14T13:48:22,dgr6
https://npp.gov.in/public-reports/cea/daily/dgr/07-07-2021/dgr6-2021-07-07.xls,2021/2021-07-07_dgr6.xls,200,18944,5acec7f1f8e89ce840801c9bfe59c6c00924965a6cd681812bc8c097eb2857c3,2026-09-14T13:48:22,dgr6
https://npp.gov.in/public-reports/cea/daily/dgr/08-07-2021/dgr6-2021-07-08.xls,2021/2021-07-08_dgr6.xls,200,18944,dc0d2260ee0dd5723851b81914f82933e1b52e486a5e80e6f3d2fac1ec97fada,2026-09-14T13:48:23,dgr6
https://npp.gov.in/public-reports/cea/daily/dgr/09-07-2021/dgr6-2021-07-09.xls,2021/2021-07-09_dgr6.xls,200,18944,a25343ecf8d3ace00b3bc2340091447ccd07a28201a45395e9c0c46bd8d66102,2026-09-14T13:48:24,dgr6
https://npp.gov.in/public-reports/cea/daily/dgr/10-07-2021/dgr6-2021-07-10.xls,2021/2021-07-10_dgr6.xls,200,18944,c8c1132fe9c478a33c5b24ba257df19a585fe50fefe50fec58319dd1243e9cb9,2026-09-14T13:48:24,dgr6
https://npp.gov.in/public-reports/cea/daily/dgr/11-07-2021/dgr6-2021-07-11.xls,2021/2021-07-11_dgr6.xls,200,18944,4305567da34016e3343bc1ba6910f2237e05b5bd3070a8222121b28be932e1b4,2026-09-14T13:48:25,dgr6
https://npp.gov.in/public-reports/cea/daily/dgr/12-07-2021/dgr6-2021-07-12.xls,2021/2021-07-12_dgr6.xls,200,18944,a1e180f3b9cb6facdfc9bae56e0a047b2adbd689f558b95807a09ee591365272,2026-09-14T13:48:25,dgr6
https://npp.gov.in/public-reports/cea/daily/dgr/13-07-2021/dgr6-2021-07-13.xls,2021/2021-07-13_dgr6.xls,200,18944,5e2a562dc0a831d83098e3e6c4aa81cd046feef7ce346e2aca5f69dec15d9f10,2026-09-14T13:48:26,dgr6
https://npp.gov.in/public-reports/cea/daily/dgr/14-07-2021/dgr6-2021-07-14.xls,2021/2021-07-14_dgr6.xls,200,18944,dcfb7d188f520862d2b6edab64fd099f89263911ddacb0088520828692c9c357,2026-09-14T13:48:26,dgr6
https://npp.gov.in/public-reports/cea/daily/dgr/15-07-2021/dgr6-2021-07-15.xls,2021/2021-07-15_dgr6.xls,200,18944,1c6efacfdb39f7c2ce9654729c32bbd61d5563cf834478e73e8f94995185d3e9,2026-09-14T13:48:27,dgr6
https://npp.gov.in/public-reports/cea/daily/dgr/16-07-2021/dgr6-2021-07-16.xls,2021/2021-07-16_dgr6.xls,404,0,,2026-09-14T13:48:27,dgr6
https://npp.gov.in/public-reports/cea/daily/dgr/17-07-2021/dgr6-2021-07-17.xls,2021/2021-07-17_dgr6.xls,200,18944,b02a61283513c89484009366807798a37c2fdb039473f26a1ceb49171f2256ad,2026-09-14T13:48:27,dgr6
https://npp.gov.in/public-reports/cea/daily/dgr/18-07-2021/dgr6-2021-07-18.xls,2021/2021-07-18_dgr6.xls,200,18944,d64742cd54f2dbc1d55fe9002f597fcd75f1c7da896b2f9ae67cb25bdc6448ca,2026-09-14T13:48:28,dgr6
https://npp.gov.in/public-reports/cea/daily/dgr/19-07-2021/dgr6-2021-07-19.xls,2021/2021-07-19_dgr6.xls,200,18944,fe15c6af0ea0ba069ee5ced42e23acaf68dc592a4fdcfd7abcfe0a71850a8175,2026-09-14T13:48:28,dgr6
https://npp.gov.in/public-reports/cea/daily/dgr/20-07-2021/dgr6-2021-07-20.xls,2021/2021-07-20_dgr6.xls,200,18944,405bcbaba4bc7b52e113d7ce51e35a250dd1ecd304270138d375f02adab431fe,2026-09-14T13:48:28,dgr6
https://npp.gov.in/public-reports/cea/daily/dgr/21-07-2021/dgr6-2021-07-21.xls,2021/2021-07-21_dgr6.xls,200,18944,02b52e48e31c3ec3d4d952c5848c5755b915110cfb8f72eafbaee4f6bf7b7793,2026-09-14T13:48:29,dgr6
https://npp.gov.in/public-reports/cea/daily/dgr/22-07-2021/dgr6-2021-07-22.xls,2021/2021-07-22_dgr6.xls,200,18944,cdf5d8f79ea17632a4c11254baad53e8ab6918d69bf2616cd453c1c9c680b198,2026-09-14T13:48:29,dgr6
https://npp.gov.in/public-reports/cea/daily/dgr/23-07-2021/dgr6-2021-07-23.xls,2021/2021-07-23_dgr6.xls,200,18944,b6be4fa2560d107a4c544ab344091d181a07e3daeee93c2f76abb7fea3302f0d,2026-09-14T13:48:30,dgr6
https://npp.gov.in/public-reports/cea/daily/dgr/24-07-2021/dgr6-2021-07-24.xls,2021/2021-07-24_dgr6.xls,200,18944,77e87234ca5029f2572563a41e8e6d7bab829248c00dccfb9f919aec811c785b,2026-09-14T13:48:30,dgr6
https://npp.gov.in/public-reports/cea/daily/dgr/25-07-2021/dgr6-2021-07-25.xls,2021/2021-07-25_dgr6.xls,200,18944,cfd22df115c40ae782d2cddda523f5259eca34fe390178d420534fbd4c20aea7,2026-09-14T13:48:31,dgr6
https://npp.gov.in/public-reports/cea/daily/dgr/26-07-2021/dgr6-2021-07-26.xls,2021/2021-07-26_dgr6.xls,200,18944,d11b3965516d21b32692ec0a0bd30e5213e8ac66e97b53be0d84850c3c7f63a1,2026-09-14T13:48:31,dgr6
https://npp.gov.in/public-reports/cea/daily/dgr/27-07-2021/dgr6-2021-07-27.xls,2021/2021-07-27_dgr6.xls,200,18944,08a424dbb6e49b1aa9b5c9f5e4519d696f78a9a67160ea15abec6c5782537b30,2026-09-14T13:48:31,dgr6
https://npp.gov.in/public-reports/cea/daily/dgr/28-07-2021/dgr6-2021-07-28.xls,2021/2021-07-28_dgr6.xls,200,18944,87f4b892e984d0d59a3c0028c30cc374b322c108f73240e0c8d32b5ca8d2afce,2026-09-14T13:48:32,dgr6
https://npp.gov.in/public-reports/cea/daily/dgr/29-07-2021/dgr6-2021-07-29.xls,2021/2021-07-29_dgr6.xls,200,18944,9844f4b9141b758d46fbf53a95129771142285dcc0481f549499e2fbfaaa13ab,2026-09-14T13:48:33,dgr6
https://npp.gov.in/public-reports/cea/daily/dgr/30-07-2021/dgr6-2021-07-30.xls,2021/2021-07-30_dgr6.xls,200,18944,8d086a8527a230e20fd8b4d8534c640245e178465615905e3f238d2d99b78d19,2026-09-14T13:48:33,dgr6
https://npp.gov.in/public-reports/cea/daily/dgr/31-07-2021/dgr6-2021-07-31.xls,2021/2021-07-31_dgr6.xls,200,18944,9a6340f96b50a521fd73572fb1df91e9df052c37b865f99b0abe4ec38333ad7e,2026-09-14T13:48:34,dgr6
https://npp.gov.in/public-reports/cea/daily/dgr/01-08-2021/dgr6-2021-08-01.xls,2021/2021-08-01_dgr6.xls,200,18944,2b1894b26378dcef0298dc3b1c3e07701c85a127d090860394989892ba63a8d6,2026-09-14T13:48:34,dgr6
https://npp.gov.in/public-reports/cea/daily/dgr/02-08-2021/dgr6-2021-08-02.xls,2021/2021-08-02_dgr6.xls,200,18944,d39751acb8e220712d770e27711b473ed9061cec619ebb1ce1730c63a5aee8ad,2026-09-14T13:48:36,dgr6
https://npp.gov.in/public-reports/cea/daily/dgr/03-08-2021/dgr6-2021-08-03.xls,2021/2021-08-03_dgr6.xls,200,18944,428e393409d22d0705216e6f685d154b4a2863f5e73bc75862794f6e0e29dea2,2026-09-14T13:48:36,dgr6
https://npp.gov.in/public-reports/cea/daily/dgr/04-08-2021/dgr6-2021-08-04.xls,2021/2021-08-04_dgr6.xls,200,18944,67881d892793641c64ab4391204f1aea76ac4589dc1a79609e4be4603d34ccd6,2026-09-14T13:48:37,dgr6
https://npp.gov.in/public-reports/cea/daily/dgr/05-08-2021/dgr6-2021-08-05.xls,2021/2021-08-05_dgr6.xls,200,18944,5eef941a14b25f23481749d85de51ccf70fd70817d62d86da31274042cf079fd,2026-09-14T13:48:37,dgr6
https://npp.gov.in/public-reports/cea/daily/dgr/06-08-2021/dgr6-2021-08-06.xls,2021/2021-08-06_dgr6.xls,200,18944,00509599ea32e758ff6f136c013a2ce71d51ca287a93aa76342cff5c3e56c72c,2026-09-14T13:48:38,dgr6
https://npp.gov.in/public-reports/cea/daily/dgr/07-08-2021/dgr6-2021-08-07.xls,2021/2021-08-07_dgr6.xls,200,18944,6d933a664c23789924a1fb4d6d58bc1be4cc9ad7f09c3a993cf6ffae2d8ee417,2026-09-14T13:48:38,dgr6
https://npp.gov.in/public-reports/cea/daily/dgr/08-08-2021/dgr6-2021-08-08.xls,2021/2021-08-08_dgr6.xls,200,18944,af7836863e1e2a93bf86be8becd60eaa257a621c6dbafe95e35f15f283bde112,2026-09-14T13:48:39,dgr6
https://npp.gov.in/public-reports/cea/daily/dgr/09-08-2021/dgr6-2021-08-09.xls,2021/2021-08-09_dgr6.xls,200,18944,20af400c549f39979d7a784e4145988812e8a5169b6319f7ba7e30010037c7ab,2026-09-14T13:48:39,dgr6
https://npp.gov.in/public-reports/cea/daily/dgr/10-08-2021/dgr6-2021-08-10.xls,2021/2021-08-10_dgr6.xls,200,18944,6401a6a0d9bfb6159abf462bf4a04258122f3cbb935328084f6e4c60e26f8ffc,2026-09-14T13:48:40,dgr6
https://npp.gov.in/public-reports/cea/daily/dgr/11-08-2021/dgr6-2021-08-11.xls,2021/2021-08-11_dgr6.xls,200,18944,60c5732736b97b5b233186af60b5ddd23603b9ec4a020cce2e81f7523f3a8aad,2026-09-14T13:48:40,dgr6
https://npp.gov.in/public-reports/cea/daily/dgr/12-08-2021/dgr6-2021-08-12.xls,2021/2021-08-12_dgr6.xls,200,18944,306788255193096ca7ef89ef88678d6d34da8cd1ac099d083dd8cef9584e473b,2026-09-14T13:48:41,dgr6
https://npp.gov.in/public-reports/cea/daily/dgr/13-08-2021/dgr6-2021-08-13.xls,2021/2021-08-13_dgr6.xls,200,18944,8baa33252092cfea3f9d5fed4204fe91ee9df735c6e5ec5c7dfdd43a34ca5210,2026-09-14T13:48:41,dgr6
https://npp.gov.in/public-reports/cea/daily/dgr/14-08-2021/dgr6-2021-08-14.xls,2021/2021-08-14_dgr6.xls,200,18944,810a2460552ccfe3f1a35f911586869d8e202c255015a034150e6d13559cb847,2026-09-14T13:48:41,dgr6
https://npp.gov.in/public-reports/cea/daily/dgr/15-08-2021/dgr6-2021-08-15.xls,2021/2021-08-15_dgr6.xls,200,18944,02253bc693d7807a5a0d45ba79f60d0295106097c650dd68c675329bc707c244,2026-09-14T13:48:42,dgr6
https://npp.gov.in/public-reports/cea/daily/dgr/16-08-2021/dgr6-2021-08-16.xls,2021/2021-08-16_dgr6.xls,200,18944,6b77c91e056941f051251e266a19e4da26e436e3905c0eb11b2ce13a02865df5,2026-09-14T13:48:42,dgr6
https://npp.gov.in/public-reports/cea/daily/dgr/17-08-2021/dgr6-2021-08-17.xls,2021/2021-08-17_dgr6.xls,200,18944,f13ebce2b77f3a8340363d358016af28f618f8318c161d56a7c675b01ecaaae1,2026-09-14T13:48:42,dgr6
https://npp.gov.in/public-reports/cea/daily/dgr/18-08-2021/dgr6-2021-08-18.xls,2021/2021-08-18_dgr6.xls,200,18944,123c04bdb9530090f08e0f204a8f63f511afac700d4c690fe50472270a4b22bb,2026-09-14T13:48:43,dgr6
https://npp.gov.in/public-reports/cea/daily/dgr/19-08-2021/dgr6-2021-08-19.xls,2021/2021-08-19_dgr6.xls,200,18944,4f64199c5b97c148bc4919ffe16b8d83e41d1acc0c141ed0f7ebb7211e7a50ba,2026-09-14T13:48:43,dgr6
https://npp.gov.in/public-reports/cea/daily/dgr/20-08-2021/dgr6-2021-08-20.xls,2021/2021-08-20_dgr6.xls,200,18944,16469c6b8227d9ca7aa4e04d474936ffc843fa7c66af089df73d2c179c4b6b99,2026-09-14T13:48:43,dgr6
https://npp.gov.in/public-reports/cea/daily/dgr/21-08-2021/dgr6-2021-08-21.xls,2021/2021-08-21_dgr6.xls,200,18944,3d53edb30ed4223e6971ef7d2aefdcdb309af29ec5d85637ca5e6ed5d1da3fb8,2026-09-14T13:48:45,dgr6
https://npp.gov.in/public-reports/cea/daily/dgr/22-08-2021/dgr6-2021-08-22.xls,2021/2021-08-22_dgr6.xls,200,18944,1b4e22d0854ce3b0c875976c62604daced993b3e2f7e1fd4a1aa0bddc2e648d6,2026-09-14T13:48:46,dgr6
https://npp.gov.in/public-reports/cea/daily/dgr/23-08-2021/dgr6-2021-08-23.xls,2021/2021-08-23_dgr6.xls,404,0,,2026-09-14T13:48:46,dgr6
https://npp.gov.in/public-reports/cea/daily/dgr/24-08-2021/dgr6-2021-08-24.xls,2021/2021-08-24_dgr6.xls,200,18944,7584da17e39cb4b9cc39e04b32a58c47aff5ac1e794c38b2bd841e5381a88edf,2026-09-14T13:48:46,dgr6
https://npp.gov.in/public-reports/cea/daily/dgr/25-08-2021/dgr6-2021-08-25.xls,2021/2021-08-25_dgr6.xls,200,18944,08e40d76e27797796a38f574a37f5053f4570326092fdbc8febf43f504417f81,2026-09-14T13:48:47,dgr6
https://npp.gov.in/public-reports/cea/daily/dgr/26-08-2021/dgr6-2021-08-26.xls,2021/2021-08-26_dgr6.xls,200,18944,ebf6c10e380ba5de147dfe17992c0e3f2ce15af34075778be004ba0c803d7624,2026-09-14T13:48:48,dgr6
https://npp.gov.in/public-reports/cea/daily/dgr/27-08-2021/dgr6-2021-08-27.xls,2021/2021-08-27_dgr6.xls,200,18944,ad5ad7cc04145489d1141af985ad8d7f82f5ff44a695a8ab87d194586f701db3,2026-09-14T13:48:48,dgr6
https://npp.gov.in/public-reports/cea/daily/dgr/28-08-2021/dgr6-2021-08-28.xls,2021/2021-08-28_dgr6.xls,200,18944,c0b0c9c894a6094b7503fbd34893eedac44914e624c43617198be42adb6c9621,2026-09-14T13:48:49,dgr6
https://npp.gov.in/public-reports/cea/daily/dgr/29-08-2021/dgr6-2021-08-29.xls,2021/2021-08-29_dgr6.xls,200,18944,9c1d7896e26f81052123f234394d5e28964189cae9925e13c9a395037bc5709e,2026-09-14T13:48:49,dgr6
https://npp.gov.in/public-reports/cea/daily/dgr/30-08-2021/dgr6-2021-08-30.xls,2021/2021-08-30_dgr6.xls,200,18944,98f466ce0edf9364900c68fc83a46c5aaba3d610c38678fe95fd74dbd11ac135,2026-09-14T13:48:49,dgr6
https://npp.gov.in/public-reports/cea/daily/dgr/31-08-2021/dgr6-2021-08-31.xls,2021/2021-08-31_dgr6.xls,200,18944,b01f83ae6ed7266d213eb13d65439024d2b8dce4cd924a526c2892e3d962f532,2026-09-14T13:48:50,dgr6
https://npp.gov.in/public-reports/cea/daily/dgr/01-09-2021/dgr6-2021-09-01.xls,2021/2021-09-01_dgr6.xls,200,18944,c577c075d30997a8e4183f2e64ab898006846f48a3810c957d517127ac187907,2026-09-14T13:48:50,dgr6
https://npp.gov.in/public-reports/cea/daily/dgr/02-09-2021/dgr6-2021-09-02.xls,2021/2021-09-02_dgr6.xls,200,18944,786754e8717d76a002e7a10d9f552241025b02ea4253bd49dc57ae3fb634bb1f,2026-09-14T13:48:50,dgr6
https://npp.gov.in/public-reports/cea/daily/dgr/03-09-2021/dgr6-2021-09-03.xls,2021/2021-09-03_dgr6.xls,200,18944,585ac665620efba44d9ed82fbc5e0ff690db11370d1fae088b075ac42e297d85,2026-09-14T13:48:51,dgr6
https://npp.gov.in/public-reports/cea/daily/dgr/04-09-2021/dgr6-2021-09-04.xls,2021/2021-09-04_dgr6.xls,200,18944,e379112aac30900a58669704eb67d88b583440bf04142e8e3570ed91ad31226a,2026-09-14T13:48:51,dgr6
https://npp.gov.in/public-reports/cea/daily/dgr/05-09-2021/dgr6-2021-09-05.xls,2021/2021-09-05_dgr6.xls,200,18944,4cfd812d574067d2104b23bc7f92d5204a94b284ab00dea6a97c71cd691124b4,2026-09-14T13:48:51,dgr6
https://npp.gov.in/public-reports/cea/daily/dgr/06-09-2021/dgr6-2021-09-06.xls,2021/2021-09-06_dgr6.xls,200,18944,67966f361881cfc853c3dd97f1135c4effe51c4d4d48d9d4f067e0bcdf24a2a0,2026-09-14T13:48:52,dgr6
https://npp.gov.in/public-reports/cea/daily/dgr/07-09-2021/dgr6-2021-09-07.xls,2021/2021-09-07_dgr6.xls,200,18944,8d28adf3e20bdc303568cc740a603f2594611f5b2135dd138498b76bca0ccb72,2026-09-14T13:48:53,dgr6
https://npp.gov.in/public-reports/cea/daily/dgr/08-09-2021/dgr6-2021-09-08.xls,2021/2021-09-08_dgr6.xls,200,18944,a6521314c91f7fc2b8eefc46ed6c5d49c89ed5b0a5ea7032ab3cf3f455431f5c,2026-09-14T13:48:53,dgr6
https://npp.gov.in/public-reports/cea/daily/dgr/09-09-2021/dgr6-2021-09-09.xls,2021/2021-09-09_dgr6.xls,200,18944,1935a5eabb571c7f401433c4dfdcdfd820f39d0d8170b245a13b4b96de3ecfe1,2026-09-14T13:48:54,dgr6
https://npp.gov.in/public-reports/cea/daily/dgr/10-09-2021/dgr6-2021-09-10.xls,2021/2021-09-10_dgr6.xls,200,18944,0ffa481ef9f5894133d47128b808ee966a5b75b9b19929cee73fd76bcf64bf6b,2026-09-14T13:48:54,dgr6
https://npp.gov.in/public-reports/cea/daily/dgr/11-09-2021/dgr6-2021-09-11.xls,2021/2021-09-11_dgr6.xls,200,18944,1843fd618406cf28664cc4560d5aaaddbd3544ab7a8c855218feba568e071a7f,2026-09-14T13:48:55,dgr6
https://npp.gov.in/public-reports/cea/daily/dgr/12-09-2021/dgr6-2021-09-12.xls,2021/2021-09-12_dgr6.xls,200,18944,7bdea810cbab4f5607e84208e9f88c20e05e3b6da915d621491293cefbc34ad9,2026-09-14T13:48:55,dgr6
https://npp.gov.in/public-reports/cea/daily/dgr/13-09-2021/dgr6-2021-09-13.xls,2021/2021-09-13_dgr6.xls,200,18944,c9e2fca9b044275ba0ea0e950215f70a1c999b2ddf181d1a4b7ce584e6758dad,2026-09-14T13:48:55,dgr6
https://npp.gov.in/public-reports/cea/daily/dgr/14-09-2021/dgr6-2021-09-14.xls,2021/2021-09-14_dgr6.xls,404,0,,2026-09-14T13:48:56,dgr6
https://npp.gov.in/public-reports/cea/daily/dgr/15-09-2021/dgr6-2021-09-15.xls,2021/2021-09-15_dgr6.xls,200,18944,43010474f568d3f4691b048615cd45206a809c460c203788e750f49045e7b2bb,2026-09-14T13:48:56,dgr6
https://npp.gov.in/public-reports/cea/daily/dgr/16-09-2021/dgr6-2021-09-16.xls,2021/2021-09-16_dgr6.xls,200,18944,45a7ad4f48e264d59c2612fdd2d3e6cf7ed0164ab31ef0a3a2d5dedc9195b5d7,2026-09-14T13:48:57,dgr6
https://npp.gov.in/public-reports/cea/daily/dgr/17-09-2021/dgr6-2021-09-17.xls,2021/2021-09-17_dgr6.xls,200,18944,61940fc228d32775fad3e400908a5296de9cf3d88bbdc7405bc65da3f30c2a93,2026-09-14T13:48:57,dgr6
https://npp.gov.in/public-reports/cea/daily/dgr/18-09-2021/dgr6-2021-09-18.xls,2021/2021-09-18_dgr6.xls,200,18944,c43068de63b83ffd598304eb18f118c5fb9e9590bb27494e797a12570deb46d6,2026-09-14T13:48:57,dgr6
https://npp.gov.in/public-reports/cea/daily/dgr/19-09-2021/dgr6-2021-09-19.xls,2021/2021-09-19_dgr6.xls,200,18944,c1c4095568df4907947e6867da998a0ee9b54958c2ab20e1068d6dfc4586fd1a,2026-09-14T13:48:58,dgr6
https://npp.gov.in/public-reports/cea/daily/dgr/20-09-2021/dgr6-2021-09-20.xls,2021/2021-09-20_dgr6.xls,200,18944,fabfcc634a2b5fd6af553d5985162d84ce3aadc29c4400970d9c1a6017537958,2026-09-14T13:48:58,dgr6
https://npp.gov.in/public-reports/cea/daily/dgr/21-09-2021/dgr6-2021-09-21.xls,2021/2021-09-21_dgr6.xls,200,18944,dd01f6c593bc710dd369fb9259058666f0edc214f71a98695cf320bf2c9324cb,2026-09-14T13:48:59,dgr6
https://npp.gov.in/public-reports/cea/daily/dgr/22-09-2021/dgr6-2021-09-22.xls,2021/2021-09-22_dgr6.xls,200,18944,7a23b066088a230c5f8b967f070bb7f3eb5b3f35c3197964d9e8f1173cfa75b0,2026-09-14T13:48:59,dgr6
https://npp.gov.in/public-reports/cea/daily/dgr/23-09-2021/dgr6-2021-09-23.xls,2021/2021-09-23_dgr6.xls,200,18944,0ea86afb596c70818a6eb987baabe4b0498e2d78cda7a9c99fbf8ee806d794e6,2026-09-14T13:49:00,dgr6
https://npp.gov.in/public-reports/cea/daily/dgr/24-09-2021/dgr6-2021-09-24.xls,2021/2021-09-24_dgr6.xls,200,18944,7b5531d598d60677cc6e953d033857a17eb8986651194e0e7e986840f8d442c9,2026-09-14T13:49:00,dgr6
https://npp.gov.in/public-reports/cea/daily/dgr/25-09-2021/dgr6-2021-09-25.xls,2021/2021-09-25_dgr6.xls,200,18944,eff50fac51082496a724ac1e7809cb6c693c61f3c12e3512a38a45002e9b24d7,2026-09-14T13:49:01,dgr6
https://npp.gov.in/public-reports/cea/daily/dgr/26-09-2021/dgr6-2021-09-26.xls,2021/2021-09-26_dgr6.xls,200,18944,d8d149361a1365659f92a0d53431dc6fab0e1fc16462928cdf52dced9f278808,2026-09-14T13:49:01,dgr6
https://npp.gov.in/public-reports/cea/daily/dgr/27-09-2021/dgr6-2021-09-27.xls,2021/2021-09-27_dgr6.xls,200,18944,5bdf82f1dec0dd2f96f069c8ac0f235d8be684587539c498f6198a1123413c93,2026-09-14T13:49:02,dgr6
https://npp.gov.in/public-reports/cea/daily/dgr/28-09-2021/dgr6-2021-09-28.xls,2021/2021-09-28_dgr6.xls,200,18944,890cdf7ed14cd7543f02f5da287f69061ad8f20b48b762d77e764aa1eb0a0b59,2026-09-14T13:49:02,dgr6
https://npp.gov.in/public-reports/cea/daily/dgr/29-09-2021/dgr6-2021-09-29.xls,2021/2021-09-29_dgr6.xls,200,18944,aaf1e89f552325fdbcb4361e2359fc2314359e745d3645699f88c33a2a98462b,2026-09-14T13:49:04,dgr6
https://npp.gov.in/public-reports/cea/daily/dgr/30-09-2021/dgr6-2021-09-30.xls,2021/2021-09-30_dgr6.xls,200,18944,78af5c96579809613f78a93c0e5ad46520c03156291613d79be6391d3c182afb,2026-09-14T13:49:05,dgr6
https://npp.gov.in/public-reports/cea/daily/dgr/01-10-2021/dgr6-2021-10-01.xls,2021/2021-10-01_dgr6.xls,200,18944,39840d74383461e977bd8512e26728acd30e0176e7646f67e1d16cc909d2941c,2026-09-14T13:49:05,dgr6
https://npp.gov.in/public-reports/cea/daily/dgr/02-10-2021/dgr6-2021-10-02.xls,2021/2021-10-02_dgr6.xls,200,18944,1fe90779f4ee03f16ccfe32d78cec4e5f66531742b5e7bbc35f51009cbf9d199,2026-09-14T13:49:06,dgr6
https://npp.gov.in/public-reports/cea/daily/dgr/03-10-2021/dgr6-2021-10-03.xls,2021/2021-10-03_dgr6.xls,200,18944,77cf1b8245a61aa53584b19736a08b080456cfb798324708b492a342da7df7e1,2026-09-14T13:49:06,dgr6
https://npp.gov.in/public-reports/cea/daily/dgr/04-10-2021/dgr6-2021-10-04.xls,2021/2021-10-04_dgr6.xls,200,18944,dc9eb4e823f4416323b640a49d9e13813baed829077cff164fe49b19fb5e0170,2026-09-14T13:49:07,dgr6
https://npp.gov.in/public-reports/cea/daily/dgr/05-10-2021/dgr6-2021-10-05.xls,2021/2021-10-05_dgr6.xls,200,18944,a0bcd6e83810c306d9a4a23505fb5581b47fb2212172fb84c756f210dee6085a,2026-09-14T13:49:07,dgr6
https://npp.gov.in/public-reports/cea/daily/dgr/06-10-2021/dgr6-2021-10-06.xls,2021/2021-10-06_dgr6.xls,200,18944,7f0b210edf16bb677d85faafc58afa34b230addc4d06625daea8b88c1b09e4f0,2026-09-14T13:49:08,dgr6
https://npp.gov.in/public-reports/cea/daily/dgr/07-10-2021/dgr6-2021-10-07.xls,2021/2021-10-07_dgr6.xls,200,18944,da40fe5d8b10c640bbeeaeac881ed19c5976fc00374389c66c06fc732aba4589,2026-09-14T13:49:08,dgr6
https://npp.gov.in/public-reports/cea/daily/dgr/08-10-2021/dgr6-2021-10-08.xls,2021/2021-10-08_dgr6.xls,200,18944,30cdc56095722a83c40c3e7c4587d8e1b3463f4412b7a77c8c80127ffad6919b,2026-09-14T13:49:08,dgr6
https://npp.gov.in/public-reports/cea/daily/dgr/09-10-2021/dgr6-2021-10-09.xls,2021/2021-10-09_dgr6.xls,200,18944,6e6fce1568c7ec4c1e8c66e9a74f8e3b86dd036125267f61c91a158abb3fa594,2026-09-14T13:49:09,dgr6
https://npp.gov.in/public-reports/cea/daily/dgr/10-10-2021/dgr6-2021-10-10.xls,2021/2021-10-10_dgr6.xls,200,18944,9dbd743a7f509024a9375bd69852535ee711a7417bdd6084d0d21c9bf34a1869,2026-09-14T13:49:09,dgr6
https://npp.gov.in/public-reports/cea/daily/dgr/11-10-2021/dgr6-2021-10-11.xls,2021/2021-10-11_dgr6.xls,200,18944,c59cca3867e8ad63f6902df74c1b1e58dcde1a072472cc22b955a6427231d580,2026-09-14T13:49:10,dgr6
https://npp.gov.in/public-reports/cea/daily/dgr/12-10-2021/dgr6-2021-10-12.xls,2021/2021-10-12_dgr6.xls,200,18944,d958a4115292164ac67d34d7f2322e012bd724f942651db469556b36dc422bdb,2026-09-14T13:49:11,dgr6
https://npp.gov.in/public-reports/cea/daily/dgr/13-10-2021/dgr6-2021-10-13.xls,2021/2021-10-13_dgr6.xls,200,18944,5610cadbed62946395fa4806d3fe9c88f8b299499a1ffc3913fd4947b9552453,2026-09-14T13:49:12,dgr6
https://npp.gov.in/public-reports/cea/daily/dgr/14-10-2021/dgr6-2021-10-14.xls,2021/2021-10-14_dgr6.xls,200,18944,a3ced19f44ccdc80054908f5fd5590f83f1ede541097db140355ad23cd4c979b,2026-09-14T13:49:12,dgr6
https://npp.gov.in/public-reports/cea/daily/dgr/15-10-2021/dgr6-2021-10-15.xls,2021/2021-10-15_dgr6.xls,200,18944,aa5fb98ac7783d3d408f3f85da064aa09ed5a509efdca4e1c997715034cad1df,2026-09-14T13:49:13,dgr6
https://npp.gov.in/public-reports/cea/daily/dgr/16-10-2021/dgr6-2021-10-16.xls,2021/2021-10-16_dgr6.xls,200,18944,7134691c5aafcc4e564ee240fced8c8039ce31d5c8eb339ba02ea7c3c84e0f36,2026-09-14T13:49:14,dgr6
https://npp.gov.in/public-reports/cea/daily/dgr/17-10-2021/dgr6-2021-10-17.xls,2021/2021-10-17_dgr6.xls,200,18944,c3d3eb8be7f4ed2bdc0581fc91d3b4acb7a7b2c5dba33e2fe8951d7efec9221f,2026-09-14T13:49:14,dgr6
https://npp.gov.in/public-reports/cea/daily/dgr/18-10-2021/dgr6-2021-10-18.xls,2021/2021-10-18_dgr6.xls,200,18944,f28399d60eb0dea0a9506bee696608f6dae8804784b47ec2dc302360b74f4efc,2026-09-14T13:49:15,dgr6
https://npp.gov.in/public-reports/cea/daily/dgr/19-10-2021/dgr6-2021-10-19.xls,2021/2021-10-19_dgr6.xls,200,18944,7d12310a0660de93a90bbefb39dbff79a1857ef7f2c1c3da8495696f6c8cbf82,2026-09-14T13:49:15,dgr6
https://npp.gov.in/public-reports/cea/daily/dgr/20-10-2021/dgr6-2021-10-20.xls,2021/2021-10-20_dgr6.xls,200,18944,c1c8513a1252b5fb5897ca92b64b8506d0271d9735c017cb07b06302088d7453,2026-09-14T13:49:16,dgr6
https://npp.gov.in/public-reports/cea/daily/dgr/21-10-2021/dgr6-2021-10-21.xls,2021/2021-10-21_dgr6.xls,200,18944,b92d05ed9c2e0b9351557c313f6fd5e482da739cbef3b0aee34644227a9ee484,2026-09-14T13:49:16,dgr6
https://npp.gov.in/public-reports/cea/daily/dgr/22-10-2021/dgr6-2021-10-22.xls,2021/2021-10-22_dgr6.xls,200,18944,a2070c7093c47e92ca948e2cb882835b93c0fc3cab858dddf830e151fd1ddbb8,2026-09-14T13:49:17,dgr6
https://npp.gov.in/public-reports/cea/daily/dgr/23-10-2021/dgr6-2021-10-23.xls,2021/2021-10-23_dgr6.xls,200,18944,ff28921033e57f75542136eb3caee4c93bfa1b40b7d3cfebdd50969769516aca,2026-09-14T13:49:17,dgr6
https://npp.gov.in/public-reports/cea/daily/dgr/24-10-2021/dgr6-2021-10-24.xls,2021/2021-10-24_dgr6.xls,200,18944,4b0306d8ba25ebf52763f1331d98020c010e293939e7eedf5392220eb2b095c8,2026-09-14T13:49:18,dgr6
https://npp.gov.in/public-reports/cea/daily/dgr/25-10-2021/dgr6-2021-10-25.xls,2021/2021-10-25_dgr6.xls,200,18944,f45d82b47e66feb090453e500526f30bea209b6fd26877cacc38df57a1e34074,2026-09-14T13:49:18,dgr6
https://npp.gov.in/public-reports/cea/daily/dgr/26-10-2021/dgr6-2021-10-26.xls,2021/2021-10-26_dgr6.xls,200,18944,3a546003934f4d5f0dbe43f4ef207ebdd212f20dd227a430ff16b5962fe279e8,2026-09-14T13:49:19,dgr6
https://npp.gov.in/public-reports/cea/daily/dgr/27-10-2021/dgr6-2021-10-27.xls,2021/2021-10-27_dgr6.xls,200,18944,cd91c5330d707dd3aab83f3b360095014bc09e86bf82ee324654501a4c607a50,2026-09-14T13:49:19,dgr6
https://npp.gov.in/public-reports/cea/daily/dgr/28-10-2021/dgr6-2021-10-28.xls,2021/2021-10-28_dgr6.xls,200,18944,9c23b24c4c1a777abd1216497bd0fbf8afd0fc2db202468cf0cba4db7bf0eb95,2026-09-14T13:49:20,dgr6
https://npp.gov.in/public-reports/cea/daily/dgr/29-10-2021/dgr6-2021-10-29.xls,2021/2021-10-29_dgr6.xls,200,18944,fa9aa4d6341dada2821398b26117d27979522c1df3e7bad0ff1f0af361ae73b9,2026-09-14T13:49:20,dgr6
https://npp.gov.in/public-reports/cea/daily/dgr/30-10-2021/dgr6-2021-10-30.xls,2021/2021-10-30_dgr6.xls,200,18944,13b3f69176ef57becf9159270c67b88a2e59e75ff88c697ec7380c39b36aacd9,2026-09-14T13:49:21,dgr6
https://npp.gov.in/public-reports/cea/daily/dgr/31-10-2021/dgr6-2021-10-31.xls,2021/2021-10-31_dgr6.xls,200,18944,34d538723b399c1812eb67e59b4acf4cd20fed85df73c8e180ac2010fea219d4,2026-09-14T13:49:21,dgr6
https://npp.gov.in/public-reports/cea/daily/dgr/01-11-2021/dgr6-2021-11-01.xls,2021/2021-11-01_dgr6.xls,200,18944,cc3d4df0f56316dd185cb88dca219303ac156275cd52bc01df2a103a998c1e31,2026-09-14T13:49:23,dgr6
https://npp.gov.in/public-reports/cea/daily/dgr/02-11-2021/dgr6-2021-11-02.xls,2021/2021-11-02_dgr6.xls,200,18944,deca2fde1d541ac245dd5afd7f09d6a955399658b8df6d8a77120757114ac55c,2026-09-14T13:49:23,dgr6
https://npp.gov.in/public-reports/cea/daily/dgr/03-11-2021/dgr6-2021-11-03.xls,2021/2021-11-03_dgr6.xls,200,18944,98d265bebf2c71cb57c6ae4d1a4276063b923ba904d85fda04c62dc88b10a722,2026-09-14T13:49:24,dgr6
https://npp.gov.in/public-reports/cea/daily/dgr/04-11-2021/dgr6-2021-11-04.xls,2021/2021-11-04_dgr6.xls,200,18944,4a49211ae8f9b0b1b585cc3007b764566a2fa0698e01de53b2e1c2faa3900134,2026-09-14T13:49:24,dgr6
https://npp.gov.in/public-reports/cea/daily/dgr/05-11-2021/dgr6-2021-11-05.xls,2021/2021-11-05_dgr6.xls,200,18944,549bc3ee751faf81c388db13e3b71bc0cdaffc5fe398c04760b6b4aec3c1e188,2026-09-14T13:49:25,dgr6
https://npp.gov.in/public-reports/cea/daily/dgr/06-11-2021/dgr6-2021-11-06.xls,2021/2021-11-06_dgr6.xls,200,18944,26c06c58f693d550514847318d0558722f523e36f4548c96d9ab2ead4759be13,2026-09-14T13:49:26,dgr6
https://npp.gov.in/public-reports/cea/daily/dgr/07-11-2021/dgr6-2021-11-07.xls,2021/2021-11-07_dgr6.xls,200,18944,a9960449baa12c9d528ed560164e442c3a3fa4ec8613519c414c2cca3ab96ca0,2026-09-14T13:49:26,dgr6
https://npp.gov.in/public-reports/cea/daily/dgr/08-11-2021/dgr6-2021-11-08.xls,2021/2021-11-08_dgr6.xls,200,18944,1254cbb050ad61ab8e15879d9596662649d7c9eba389b222f5f11550aca730ad,2026-09-14T13:49:27,dgr6
https://npp.gov.in/public-reports/cea/daily/dgr/09-11-2021/dgr6-2021-11-09.xls,2021/2021-11-09_dgr6.xls,200,18944,43c3c32a6a4ed46b6a87281b71f039efb3cb1f430c0ded5c3d51330d27cfee54,2026-09-14T13:49:28,dgr6
https://npp.gov.in/public-reports/cea/daily/dgr/10-11-2021/dgr6-2021-11-10.xls,2021/2021-11-10_dgr6.xls,200,18944,809be39f36d27be2b9e94fab70ab70382f08eceba8752b539c0cae8eb60cb9b3,2026-09-14T13:49:29,dgr6
https://npp.gov.in/public-reports/cea/daily/dgr/11-11-2021/dgr6-2021-11-11.xls,2021/2021-11-11_dgr6.xls,200,18944,a95d39fbcd550defac64ed7f254548b9645eabb5b2621b3a099be774f6a727ff,2026-09-14T13:49:29,dgr6
https://npp.gov.in/public-reports/cea/daily/dgr/12-11-2021/dgr6-2021-11-12.xls,2021/2021-11-12_dgr6.xls,200,18944,182a76ddd41410be00c94624bd552a29ee830f7eb9f44c0e3ef841d452caeb7a,2026-09-14T13:49:30,dgr6
https://npp.gov.in/public-reports/cea/daily/dgr/13-11-2021/dgr6-2021-11-13.xls,2021/2021-11-13_dgr6.xls,200,18944,4605931b9c56eb3d5755265131b6c2c62004f101b55d5e7946f2fda8c9825cef,2026-09-14T13:49:30,dgr6
https://npp.gov.in/public-reports/cea/daily/dgr/14-11-2021/dgr6-2021-11-14.xls,2021/2021-11-14_dgr6.xls,200,18944,e914358a072dfbd841ef48c8f4fbc3ac94c1453d4a14d12fa1b6d6d35acf0674,2026-09-14T13:49:31,dgr6
https://npp.gov.in/public-reports/cea/daily/dgr/15-11-2021/dgr6-2021-11-15.xls,2021/2021-11-15_dgr6.xls,200,18944,abc1506664c705f66ee26cf4bbcb926a2a4629aac0c62859659cd070774dbb77,2026-09-14T13:49:31,dgr6
https://npp.gov.in/public-reports/cea/daily/dgr/16-11-2021/dgr6-2021-11-16.xls,2021/2021-11-16_dgr6.xls,200,18944,ec25c27ed66696371763853f01473e940dba5961a3ce26bf5a5bf9102979f639,2026-09-14T13:49:32,dgr6
https://npp.gov.in/public-reports/cea/daily/dgr/17-11-2021/dgr6-2021-11-17.xls,2021/2021-11-17_dgr6.xls,200,18944,e933dd601fec641a625204ff3bed85ca5777d35985988089d4ed8062bfb5527f,2026-09-14T13:49:32,dgr6
https://npp.gov.in/public-reports/cea/daily/dgr/18-11-2021/dgr6-2021-11-18.xls,2021/2021-11-18_dgr6.xls,200,18944,05249afa61dd99b4a1d7a4e95d783622c9ba7e53ac1cccb591292388287c376a,2026-09-14T13:49:33,dgr6
https://npp.gov.in/public-reports/cea/daily/dgr/19-11-2021/dgr6-2021-11-19.xls,2021/2021-11-19_dgr6.xls,200,18944,c4fc94ab9c31f0c14ee0a73347441dd128d137ed1e3da83f9c72e5d9cd367b9b,2026-09-14T13:49:33,dgr6
https://npp.gov.in/public-reports/cea/daily/dgr/20-11-2021/dgr6-2021-11-20.xls,2021/2021-11-20_dgr6.xls,200,18944,46fa8bd0ee874a5ff9c71b50ea856899b07a9bae34333857e2e0e437c26a9bf3,2026-09-14T13:49:34,dgr6
https://npp.gov.in/public-reports/cea/daily/dgr/21-11-2021/dgr6-2021-11-21.xls,2021/2021-11-21_dgr6.xls,200,18944,8430709bda7757cb3ababdccfa93ee468b957154ec535638c84443185f997646,2026-09-14T13:49:34,dgr6
https://npp.gov.in/public-reports/cea/daily/dgr/22-11-2021/dgr6-2021-11-22.xls,2021/2021-11-22_dgr6.xls,200,18944,7c96d4a3e06e40ac328926d796940a0aa858d6cd461a09fb0d273bb8f4508cb5,2026-09-14T13:49:35,dgr6
https://npp.gov.in/public-reports/cea/daily/dgr/23-11-2021/dgr6-2021-11-23.xls,2021/2021-11-23_dgr6.xls,200,18944,187eb1bc335c9d5c79efaaf199711a279a1c52e51565c8936042008bb1f759c6,2026-09-14T13:49:35,dgr6
https://npp.gov.in/public-reports/cea/daily/dgr/24-11-2021/dgr6-2021-11-24.xls,2021/2021-11-24_dgr6.xls,200,18944,52ea6ebe44faacb5bd241b34018f92813b439a784dc6d701be0119529b6927aa,2026-09-14T13:49:36,dgr6
https://npp.gov.in/public-reports/cea/daily/dgr/25-11-2021/dgr6-2021-11-25.xls,2021/2021-11-25_dgr6.xls,200,18944,a6bd6936077f4f201a6fe228b787904d95326e1c388adc60dbc7c650ec8cbe80,2026-09-14T13:49:36,dgr6
https://npp.gov.in/public-reports/cea/daily/dgr/26-11-2021/dgr6-2021-11-26.xls,2021/2021-11-26_dgr6.xls,200,18944,9c697b8812f5fe331514464bf84d2475656b68745f21791b005a9bcd3f13c971,2026-09-14T13:49:37,dgr6
https://npp.gov.in/public-reports/cea/daily/dgr/27-11-2021/dgr6-2021-11-27.xls,2021/2021-11-27_dgr6.xls,200,18944,e383a5e499310a1c2c32d2269caa12ee8e413cd8eac2c2946a8623768288e2c9,2026-09-14T13:49:37,dgr6
https://npp.gov.in/public-reports/cea/daily/dgr/28-11-2021/dgr6-2021-11-28.xls,2021/2021-11-28_dgr6.xls,200,18944,cc43cb44266cad3d6c0905f0f32e4f341fac55c5104a19e98286b27abec5cf7f,2026-09-14T13:49:39,dgr6
https://npp.gov.in/public-reports/cea/daily/dgr/29-11-2021/dgr6-2021-11-29.xls,2021/2021-11-29_dgr6.xls,404,0,,2026-09-14T13:49:40,dgr6
https://npp.gov.in/public-reports/cea/daily/dgr/30-11-2021/dgr6-2021-11-30.xls,2021/2021-11-30_dgr6.xls,200,18944,8ee7a168e46166228535ba58c8fd906e1ebb392132222a23d94e753583ec749c,2026-09-14T13:49:40,dgr6
https://npp.gov.in/public-reports/cea/daily/dgr/01-12-2021/dgr6-2021-12-01.xls,2021/2021-12-01_dgr6.xls,200,18944,b990456ea3ac6f0adf3a6410b8dae7947304a1ebf1cdbee8cdb9e8046168e553,2026-09-14T13:49:40,dgr6
https://npp.gov.in/public-reports/cea/daily/dgr/02-12-2021/dgr6-2021-12-02.xls,2021/2021-12-02_dgr6.xls,200,18944,646a1f46e242d1caff79f5fe173175f1ede34bd69a2d5a7a87f010a052640526,2026-09-14T13:49:41,dgr6
https://npp.gov.in/public-reports/cea/daily/dgr/03-12-2021/dgr6-2021-12-03.xls,2021/2021-12-03_dgr6.xls,200,18944,5f37c073c83744b9b9065279b6c14d7762f5aea60089c19edfad72e73c6ce616,2026-09-14T13:49:41,dgr6
https://npp.gov.in/public-reports/cea/daily/dgr/04-12-2021/dgr6-2021-12-04.xls,2021/2021-12-04_dgr6.xls,200,18944,7fcc7d0d271dc891665dcd3c791d308b8f80cec48a78033768e4c269f7b8d42c,2026-09-14T13:49:42,dgr6
https://npp.gov.in/public-reports/cea/daily/dgr/05-12-2021/dgr6-2021-12-05.xls,2021/2021-12-05_dgr6.xls,200,18944,578ba1fbe754144a218f2f278c968370626dc6fa525b27086280da193984f9b7,2026-09-14T13:49:42,dgr6
https://npp.gov.in/public-reports/cea/daily/dgr/06-12-2021/dgr6-2021-12-06.xls,2021/2021-12-06_dgr6.xls,200,18944,354349c30e32ff340f399ed9003b1227404b1c516560facc4f20b093caf1d83a,2026-09-14T13:49:43,dgr6
https://npp.gov.in/public-reports/cea/daily/dgr/07-12-2021/dgr6-2021-12-07.xls,2021/2021-12-07_dgr6.xls,200,18944,97e8a15ab37c6cf2f1f91b8fe701886b36e116af69a82409fad2b77586d9e252,2026-09-14T13:49:43,dgr6
https://npp.gov.in/public-reports/cea/daily/dgr/08-12-2021/dgr6-2021-12-08.xls,2021/2021-12-08_dgr6.xls,200,18944,9a0ae1111c374bb5c9b2daecd0c53347b14a376007c1d40b035e5b6d9bd9caed,2026-09-14T13:49:44,dgr6
https://npp.gov.in/public-reports/cea/daily/dgr/09-12-2021/dgr6-2021-12-09.xls,2021/2021-12-09_dgr6.xls,200,18944,a9f74eb0a39d1c8f61b4e8c7854b185ed52e6b2d35d6de6b0d666964929dbfa9,2026-09-14T13:49:45,dgr6
https://npp.gov.in/public-reports/cea/daily/dgr/10-12-2021/dgr6-2021-12-10.xls,2021/2021-12-10_dgr6.xls,200,18944,e6fd48d6a229fe68e352390fc136d1aa796040350e718f332c027312116dfc94,2026-09-14T13:49:46,dgr6
https://npp.gov.in/public-reports/cea/daily/dgr/11-12-2021/dgr6-2021-12-11.xls,2021/2021-12-11_dgr6.xls,200,18944,8f5d23566ec21be693b4be1c83f0988a7f5ee01a30ef8019c5a3f1bc408d8b75,2026-09-14T13:49:46,dgr6
https://npp.gov.in/public-reports/cea/daily/dgr/12-12-2021/dgr6-2021-12-12.xls,2021/2021-12-12_dgr6.xls,200,18944,ec52b00e47dc8fe4c9c3aeacd56f7f9d1a184c8169713b30013719485015ce29,2026-09-14T13:49:47,dgr6
https://npp.gov.in/public-reports/cea/daily/dgr/13-12-2021/dgr6-2021-12-13.xls,2021/2021-12-13_dgr6.xls,200,18944,36521e2cb4db193c5e736c3720bde8ce1d72b4aaa903e94805a022219cf753b9,2026-09-14T13:49:48,dgr6
https://npp.gov.in/public-reports/cea/daily/dgr/14-12-2021/dgr6-2021-12-14.xls,2021/2021-12-14_dgr6.xls,200,18944,fda25a64d886367a9e4f029feedecf90693347444525219147e2eca7689c0708,2026-09-14T13:49:49,dgr6
https://npp.gov.in/public-reports/cea/daily/dgr/15-12-2021/dgr6-2021-12-15.xls,2021/2021-12-15_dgr6.xls,200,18944,bf16e6aa64fac4d38bcd8a212983e11a21c2ae86038a06a01e26cf95738df295,2026-09-14T13:49:49,dgr6
https://npp.gov.in/public-reports/cea/daily/dgr/16-12-2021/dgr6-2021-12-16.xls,2021/2021-12-16_dgr6.xls,404,0,,2026-09-14T13:49:50,dgr6
https://npp.gov.in/public-reports/cea/daily/dgr/17-12-2021/dgr6-2021-12-17.xls,2021/2021-12-17_dgr6.xls,200,18944,17c1b695be91f44a2cefd7301fb915bf7ef83d000a8a74110bfdb3c2e6168c8f,2026-09-14T13:49:51,dgr6
https://npp.gov.in/public-reports/cea/daily/dgr/18-12-2021/dgr6-2021-12-18.xls,2021/2021-12-18_dgr6.xls,200,18944,33a92f92b58ecc7479d09495bdde22b45d16fac808dafebd852b9e4f7be8e6a1,2026-09-14T13:49:51,dgr6
https://npp.gov.in/public-reports/cea/daily/dgr/19-12-2021/dgr6-2021-12-19.xls,2021/2021-12-19_dgr6.xls,200,18944,00ce2cbe29cfce031cf4be4bc4681f5584dea259c524ea70bb4f2a34d72f6601,2026-09-14T13:49:52,dgr6
https://npp.gov.in/public-reports/cea/daily/dgr/20-12-2021/dgr6-2021-12-20.xls,2021/2021-12-20_dgr6.xls,200,18944,474550d11651c51acf42deefeb186285087da07b49cae51302bcb57bde67e9df,2026-09-14T13:49:53,dgr6
https://npp.gov.in/public-reports/cea/daily/dgr/21-12-2021/dgr6-2021-12-21.xls,2021/2021-12-21_dgr6.xls,200,18944,fdf2c0dfe01e11c1b85b7697714a64c32c6f933513ce323fbc35e5c27f71ff3a,2026-09-14T13:49:53,dgr6
https://npp.gov.in/public-reports/cea/daily/dgr/22-12-2021/dgr6-2021-12-22.xls,2021/2021-12-22_dgr6.xls,200,18944,bfeab3315918db144266156d15a3c1adbb7f7cbc8bbb0116d3bf2fb24be92578,2026-09-14T13:49:55,dgr6
https://npp.gov.in/public-reports/cea/daily/dgr/23-12-2021/dgr6-2021-12-23.xls,2021/2021-12-23_dgr6.xls,200,18944,73183f572ab66723e5bf66e3ae68fbbe0266b1afb48b08eb113de6f17c0fa077,2026-09-14T13:49:58,dgr6
https://npp.gov.in/public-reports/cea/daily/dgr/24-12-2021/dgr6-2021-12-24.xls,2021/2021-12-24_dgr6.xls,200,18944,dd28131eb3b33ee212dfedef300c2302079cb32c8c2e2d4ac57f03501ed5d4b1,2026-09-14T13:49:58,dgr6
https://npp.gov.in/public-reports/cea/daily/dgr/25-12-2021/dgr6-2021-12-25.xls,2021/2021-12-25_dgr6.xls,200,18944,9be3b7051c3e221e0200e2d75f0c4ef17cc7f048f0d041d1bd7919644441f339,2026-09-14T13:49:59,dgr6
https://npp.gov.in/public-reports/cea/daily/dgr/26-12-2021/dgr6-2021-12-26.xls,2021/2021-12-26_dgr6.xls,200,18944,c0880c6f2cbc65def930e281c04a92fa764a8eca79110a0bbeb4a295a1cbc0fc,2026-09-14T13:50:00,dgr6
https://npp.gov.in/public-reports/cea/daily/dgr/27-12-2021/dgr6-2021-12-27.xls,2021/2021-12-27_dgr6.xls,200,18944,40bfbdf69c9f4372efcc30c8ae075a9f11a128396001513c111437fd66784a19,2026-09-14T13:50:01,dgr6
https://npp.gov.in/public-reports/cea/daily/dgr/28-12-2021/dgr6-2021-12-28.xls,2021/2021-12-28_dgr6.xls,200,18944,2d4f1022ad5db488a66cf22dad694e38f3907eeb60f095bc5fcccecc5b604656,2026-09-14T13:50:02,dgr6
https://npp.gov.in/public-reports/cea/daily/dgr/29-12-2021/dgr6-2021-12-29.xls,2021/2021-12-29_dgr6.xls,200,18944,d895e7709365639cd779a1448aecbd22ddeca1d4f40dfa8f70df3b19d76bc306,2026-09-14T13:50:03,dgr6
https://npp.gov.in/public-reports/cea/daily/dgr/30-12-2021/dgr6-2021-12-30.xls,2021/2021-12-30_dgr6.xls,200,18944,470784ca054cebd31a9f99e179cc559c05ac2a187212494368191fb7c474f0b5,2026-09-14T13:50:04,dgr6
https://npp.gov.in/public-reports/cea/daily/dgr/31-12-2021/dgr6-2021-12-31.xls,2021/2021-12-31_dgr6.xls,200,18944,ba373dc12d80e9bcfa52801eef63b0ae02657cc9870e50582d2638cbbc79bbc1,2026-09-14T13:50:05,dgr6
https://npp.gov.in/public-reports/cea/daily/dgr/01-01-2022/dgr6-2022-01-01.xls,2022/2022-01-01_dgr6.xls,200,18944,26b922ac45070fc00c283e14fe819a30fd89a084de16ccd3acb21f176d0580a1,2026-09-14T13:50:06,dgr6
https://npp.gov.in/public-reports/cea/daily/dgr/02-01-2022/dgr6-2022-01-02.xls,2022/2022-01-02_dgr6.xls,200,18944,e7e7b7f5a90f35fddb0e944f28bf477cd8b7edcee5850da1c764260ad7a931af,2026-09-14T13:50:07,dgr6
https://npp.gov.in/public-reports/cea/daily/dgr/03-01-2022/dgr6-2022-01-03.xls,2022/2022-01-03_dgr6.xls,200,18944,7759b6560998f72a6b3dec455843c7d0c616cfeaa1ed6dbaaf022aca1f704e4b,2026-09-14T13:50:07,dgr6
https://npp.gov.in/public-reports/cea/daily/dgr/04-01-2022/dgr6-2022-01-04.xls,2022/2022-01-04_dgr6.xls,200,18944,6bd79361507988b04339821fc96dae70b6422688bf489d623ff4493dcba39595,2026-09-14T13:50:08,dgr6
https://npp.gov.in/public-reports/cea/daily/dgr/05-01-2022/dgr6-2022-01-05.xls,2022/2022-01-05_dgr6.xls,200,18944,41f94ed21bbc65b24a0ec51c84447826f7373ae381ca4f39d2a7c9e07374c4d0,2026-09-14T13:50:09,dgr6
https://npp.gov.in/public-reports/cea/daily/dgr/06-01-2022/dgr6-2022-01-06.xls,2022/2022-01-06_dgr6.xls,200,18944,f2ad2480673f16ed51ba2eb46f1c9271f78185116d1e43d0ae8752c958bf82d4,2026-09-14T13:50:10,dgr6
https://npp.gov.in/public-reports/cea/daily/dgr/07-01-2022/dgr6-2022-01-07.xls,2022/2022-01-07_dgr6.xls,200,18944,39d62f730f3f5a4b2288694ead7b8b3a4f59d85d14c9b3da0eea0b1ab3679e14,2026-09-14T13:50:11,dgr6
https://npp.gov.in/public-reports/cea/daily/dgr/08-01-2022/dgr6-2022-01-08.xls,2022/2022-01-08_dgr6.xls,200,18944,2c2b08b71fadb229327702bd5fb245080391d453cb456888d0a2d5f5e6380560,2026-09-14T13:50:12,dgr6
https://npp.gov.in/public-reports/cea/daily/dgr/09-01-2022/dgr6-2022-01-09.xls,2022/2022-01-09_dgr6.xls,200,18944,7ad712285a699c2a9c7c7f163131674b8a03413cdc63723df7219a3e3904cf9a,2026-09-14T13:50:13,dgr6
https://npp.gov.in/public-reports/cea/daily/dgr/10-01-2022/dgr6-2022-01-10.xls,2022/2022-01-10_dgr6.xls,200,18944,8c701c3d9370e8c5cb634d312a7aa3bd8052233f5e27c33b16d654645b9c4b7b,2026-09-14T13:50:13,dgr6
https://npp.gov.in/public-reports/cea/daily/dgr/11-01-2022/dgr6-2022-01-11.xls,2022/2022-01-11_dgr6.xls,200,18944,696f19f7c084b1c616193a34b3a923a3f21f7a5420c2bc41b1fe7d95b2ae623e,2026-09-14T13:50:14,dgr6
https://npp.gov.in/public-reports/cea/daily/dgr/12-01-2022/dgr6-2022-01-12.xls,2022/2022-01-12_dgr6.xls,200,18944,d9181edc5990d7fb414e0b83134766634ed1360e573f06e394298f7ec38b0fff,2026-09-14T13:50:15,dgr6
https://npp.gov.in/public-reports/cea/daily/dgr/13-01-2022/dgr6-2022-01-13.xls,2022/2022-01-13_dgr6.xls,200,18944,10c5c6a093a9d1a4c891bc591123c2f08f1fd77e97543d1364222fbd01d1650d,2026-09-14T13:50:16,dgr6
https://npp.gov.in/public-reports/cea/daily/dgr/14-01-2022/dgr6-2022-01-14.xls,2022/2022-01-14_dgr6.xls,200,18944,e2b215023ff83bdc7344bb6a2c6c30c4c0b57d7237fc3ba03018e127002a2b02,2026-09-14T13:50:17,dgr6
https://npp.gov.in/public-reports/cea/daily/dgr/15-01-2022/dgr6-2022-01-15.xls,2022/2022-01-15_dgr6.xls,200,18944,c7775f200d489d48eccf13c00b67d3233f8d2d2425718fb730ffda7b7dd22534,2026-09-14T13:50:18,dgr6
https://npp.gov.in/public-reports/cea/daily/dgr/16-01-2022/dgr6-2022-01-16.xls,2022/2022-01-16_dgr6.xls,200,18944,69e266e0da93ab3598bc4173f0282090c2aa57839453b9c7626b61cd6b49edb8,2026-09-14T13:50:18,dgr6
https://npp.gov.in/public-reports/cea/daily/dgr/17-01-2022/dgr6-2022-01-17.xls,2022/2022-01-17_dgr6.xls,200,18944,62cd7e5cfd7719a34210640cf5a369f8eff4a8dba041410a876e802e33fe4819,2026-09-14T13:50:19,dgr6
https://npp.gov.in/public-reports/cea/daily/dgr/18-01-2022/dgr6-2022-01-18.xls,2022/2022-01-18_dgr6.xls,200,18944,adfa155a19b3c9ac46bf3e7fa78ec3cc0e10fbf235c05f600adef34f3a72ac4a,2026-09-14T13:50:20,dgr6
https://npp.gov.in/public-reports/cea/daily/dgr/19-01-2022/dgr6-2022-01-19.xls,2022/2022-01-19_dgr6.xls,200,18944,70037f29761c30ca1a196a4a0cef85bef24b932086ada194dbff8b486077f916,2026-09-14T13:50:20,dgr6
https://npp.gov.in/public-reports/cea/daily/dgr/20-01-2022/dgr6-2022-01-20.xls,2022/2022-01-20_dgr6.xls,200,18944,82ca1458981fa2dc3ef4897e05b571fa2866eeb47fda21014d2fb00c4f527618,2026-09-14T13:50:22,dgr6
https://npp.gov.in/public-reports/cea/daily/dgr/21-01-2022/dgr6-2022-01-21.xls,2022/2022-01-21_dgr6.xls,200,18944,f8eda5288475a4a6659615b7e52ab43bbbb512fbba250f4c203816a396f62064,2026-09-14T13:50:23,dgr6
https://npp.gov.in/public-reports/cea/daily/dgr/22-01-2022/dgr6-2022-01-22.xls,2022/2022-01-22_dgr6.xls,200,18944,73028d0468fb688ded75b3c9e3be18b93dad18434f9993d5cf90d08e78be743c,2026-09-14T13:50:23,dgr6
https://npp.gov.in/public-reports/cea/daily/dgr/23-01-2022/dgr6-2022-01-23.xls,2022/2022-01-23_dgr6.xls,200,18944,7c28cbc8c4e49fe9ff475c230879683d174478ec82a259df334eb178afe69dd6,2026-09-14T13:50:24,dgr6
https://npp.gov.in/public-reports/cea/daily/dgr/24-01-2022/dgr6-2022-01-24.xls,2022/2022-01-24_dgr6.xls,200,18944,ad97f02887a1ece2c7963e4c1e76db12d01e11938c51962cc1894f1890fdcf13,2026-09-14T13:50:25,dgr6
https://npp.gov.in/public-reports/cea/daily/dgr/25-01-2022/dgr6-2022-01-25.xls,2022/2022-01-25_dgr6.xls,200,18944,7c78fd7858cc67689eb2c9182480a801ec11991fce326e03be5c7feafdf77b45,2026-09-14T13:50:26,dgr6
https://npp.gov.in/public-reports/cea/daily/dgr/26-01-2022/dgr6-2022-01-26.xls,2022/2022-01-26_dgr6.xls,200,18944,a0d95e879ec4991e3b3ab9ecc52749bb586d948e81616e7cafead2a914824403,2026-09-14T13:50:27,dgr6
https://npp.gov.in/public-reports/cea/daily/dgr/27-01-2022/dgr6-2022-01-27.xls,2022/2022-01-27_dgr6.xls,200,18944,4485b20263f5813bd0e035139ce3f93f29b5f6f6fef57145063bea6b4d3e9e95,2026-09-14T13:50:27,dgr6
https://npp.gov.in/public-reports/cea/daily/dgr/28-01-2022/dgr6-2022-01-28.xls,2022/2022-01-28_dgr6.xls,200,18944,5ba76a24aa3b5b877b98099631d9ac89995bbc78ffd76f9cc5a6a29a0a4bd2e9,2026-09-14T13:50:28,dgr6
https://npp.gov.in/public-reports/cea/daily/dgr/29-01-2022/dgr6-2022-01-29.xls,2022/2022-01-29_dgr6.xls,200,18944,15b9ea5161c5fbf12b61114b929a3e3ae1a823a97d45bbab116c51b179ebd844,2026-09-14T13:50:29,dgr6
https://npp.gov.in/public-reports/cea/daily/dgr/30-01-2022/dgr6-2022-01-30.xls,2022/2022-01-30_dgr6.xls,200,18944,dc78a6e5ceca9e6389545a6dcf3f1840972f5edecf720cffe390b12f374626fc,2026-09-14T13:50:30,dgr6
https://npp.gov.in/public-reports/cea/daily/dgr/31-01-2022/dgr6-2022-01-31.xls,2022/2022-01-31_dgr6.xls,200,18944,41a0be9359784bb62d2e7d51707e4269c7223ff50dc11d4d2e53d0c736b9fb47,2026-09-14T13:50:30,dgr6
https://npp.gov.in/public-reports/cea/daily/dgr/01-02-2022/dgr6-2022-02-01.xls,2022/2022-02-01_dgr6.xls,200,18944,c8193ed4c4efb2e22589127d40edfdc378c43967e2187d49cdb2da28d6ca9667,2026-09-14T13:50:31,dgr6
https://npp.gov.in/public-reports/cea/daily/dgr/02-02-2022/dgr6-2022-02-02.xls,2022/2022-02-02_dgr6.xls,200,18944,e7fbfb403b4c1ed131039cc49881aede918703f1256ba5ba830323acda9752ad,2026-09-14T13:50:32,dgr6
https://npp.gov.in/public-reports/cea/daily/dgr/03-02-2022/dgr6-2022-02-03.xls,2022/2022-02-03_dgr6.xls,200,18944,86d450cd609dd1490c8065333b724da2999f4f828ee677972745de71c69bf0e4,2026-09-14T13:50:32,dgr6
https://npp.gov.in/public-reports/cea/daily/dgr/04-02-2022/dgr6-2022-02-04.xls,2022/2022-02-04_dgr6.xls,200,18944,0b89dc5d8f6736a327753b9698f2bb87e0cf703ea9a297abc1933b848d516532,2026-09-14T13:50:33,dgr6
https://npp.gov.in/public-reports/cea/daily/dgr/05-02-2022/dgr6-2022-02-05.xls,2022/2022-02-05_dgr6.xls,200,18944,39eff2390e6ab8de19b18bf4a30a23613408c5c07cb1b3d14755d4d27d3a6e8a,2026-09-14T13:50:34,dgr6
https://npp.gov.in/public-reports/cea/daily/dgr/06-02-2022/dgr6-2022-02-06.xls,2022/2022-02-06_dgr6.xls,200,18944,3d6f6775f040a9378f49b56a64c6701b1b1f731035a95903d219881b01c4ee06,2026-09-14T13:50:34,dgr6
https://npp.gov.in/public-reports/cea/daily/dgr/07-02-2022/dgr6-2022-02-07.xls,2022/2022-02-07_dgr6.xls,200,18944,1cd43fbadcb731842125798de0443f29bd56c3d9de149d7051257aa2d8591a60,2026-09-14T13:50:35,dgr6
https://npp.gov.in/public-reports/cea/daily/dgr/08-02-2022/dgr6-2022-02-08.xls,2022/2022-02-08_dgr6.xls,200,18944,0a342f7c959d2679ae308f6149635b84403843fcd7a1bed39350f1743a406fba,2026-09-14T13:50:35,dgr6
https://npp.gov.in/public-reports/cea/daily/dgr/09-02-2022/dgr6-2022-02-09.xls,2022/2022-02-09_dgr6.xls,200,18944,0448f3ebf34fc27ec34c43b0a4f9b24aee401719896cb6aa88410d83c3238d90,2026-09-14T13:50:36,dgr6
https://npp.gov.in/public-reports/cea/daily/dgr/10-02-2022/dgr6-2022-02-10.xls,2022/2022-02-10_dgr6.xls,200,18944,ae895a49d9f95b6e33a94d2d4e3889a96c686f91f1e741ffb512100a1b1ad574,2026-09-14T13:50:37,dgr6
https://npp.gov.in/public-reports/cea/daily/dgr/11-02-2022/dgr6-2022-02-11.xls,2022/2022-02-11_dgr6.xls,200,18944,3b82700afe9b914e3455382da3ef076a5f8babcc412b371dbc863db2f5b9883c,2026-09-14T13:50:37,dgr6
https://npp.gov.in/public-reports/cea/daily/dgr/12-02-2022/dgr6-2022-02-12.xls,2022/2022-02-12_dgr6.xls,200,18944,e228a1df51730c087ac80743ed026201ce83b38562671291af0f3a03d38696db,2026-09-14T13:50:38,dgr6
https://npp.gov.in/public-reports/cea/daily/dgr/13-02-2022/dgr6-2022-02-13.xls,2022/2022-02-13_dgr6.xls,200,18944,279ff1a25bf952fc85ce2a4b790625bb1268d98fdbf8179c87d035282f75e5b1,2026-09-14T13:50:39,dgr6
https://npp.gov.in/public-reports/cea/daily/dgr/14-02-2022/dgr6-2022-02-14.xls,2022/2022-02-14_dgr6.xls,200,18944,b6e16da9f93f034c3d071bb820d1a24ffa159a52b97bee98f4dcbb48860cd58b,2026-09-14T13:50:40,dgr6
https://npp.gov.in/public-reports/cea/daily/dgr/15-02-2022/dgr6-2022-02-15.xls,2022/2022-02-15_dgr6.xls,200,18944,5ed7587a5e38cc62dcf1e32a4196b8f5fd2ae545e8bf06f7b01a8d6df0bcc4a5,2026-09-14T13:50:40,dgr6
https://npp.gov.in/public-reports/cea/daily/dgr/16-02-2022/dgr6-2022-02-16.xls,2022/2022-02-16_dgr6.xls,200,18944,4404243617f3eb686d8b1264e6783065d93be6ad10da3b88b6df23296aaf81ee,2026-09-14T13:50:41,dgr6
https://npp.gov.in/public-reports/cea/daily/dgr/17-02-2022/dgr6-2022-02-17.xls,2022/2022-02-17_dgr6.xls,200,18944,826773d464513ebc925607068c63121bf10181f890129c27da32e70798546630,2026-09-14T13:50:42,dgr6
https://npp.gov.in/public-reports/cea/daily/dgr/18-02-2022/dgr6-2022-02-18.xls,2022/2022-02-18_dgr6.xls,200,18944,4ced3f93b61325fc15d3b7a5bb7fead0e2635458112a9596b9cfebb59b90e587,2026-09-14T13:50:42,dgr6
https://npp.gov.in/public-reports/cea/daily/dgr/19-02-2022/dgr6-2022-02-19.xls,2022/2022-02-19_dgr6.xls,200,18944,88511dca07bd16cb69043a5e57ae51233a812d9552969855d182df173dddd683,2026-09-14T13:50:43,dgr6
https://npp.gov.in/public-reports/cea/daily/dgr/20-02-2022/dgr6-2022-02-20.xls,2022/2022-02-20_dgr6.xls,200,18944,3d0c311944ae043931cf39956ef94e01c08e1bd9a90d0a06bea365aa65a5c5a7,2026-09-14T13:50:43,dgr6
https://npp.gov.in/public-reports/cea/daily/dgr/21-02-2022/dgr6-2022-02-21.xls,2022/2022-02-21_dgr6.xls,200,18944,9dff8aae219496bc13d5f11ce07d0720f526341a986657c530bca768896989af,2026-09-14T13:50:44,dgr6
https://npp.gov.in/public-reports/cea/daily/dgr/22-02-2022/dgr6-2022-02-22.xls,2022/2022-02-22_dgr6.xls,200,18944,a54a53289c2d8ee3f12ee84cf045bdd5c815f36f655bd71c7c49be922783efc5,2026-09-14T13:50:45,dgr6
https://npp.gov.in/public-reports/cea/daily/dgr/23-02-2022/dgr6-2022-02-23.xls,2022/2022-02-23_dgr6.xls,200,18944,798c25627f5ac097e139a40e6159316076de8616fc11fb298319d13c6fa996a3,2026-09-14T13:50:45,dgr6
https://npp.gov.in/public-reports/cea/daily/dgr/24-02-2022/dgr6-2022-02-24.xls,2022/2022-02-24_dgr6.xls,200,18944,e0d506830b6e823cc5ffbc200bd00701e3c828e95f76c0a3987ff7221f008de2,2026-09-14T13:50:46,dgr6
https://npp.gov.in/public-reports/cea/daily/dgr/25-02-2022/dgr6-2022-02-25.xls,2022/2022-02-25_dgr6.xls,200,18944,4ddb56c9d06ae36e63148cdaaaafd02b10fef34231c7ca8e22d8f251ffcb11cc,2026-09-14T13:50:46,dgr6
https://npp.gov.in/public-reports/cea/daily/dgr/26-02-2022/dgr6-2022-02-26.xls,2022/2022-02-26_dgr6.xls,200,18944,cd95a1ea399c1f2268c4a19122ac4095a4cde1f2bda348e3ff2e94d7c6a79f05,2026-09-14T13:50:47,dgr6
https://npp.gov.in/public-reports/cea/daily/dgr/27-02-2022/dgr6-2022-02-27.xls,2022/2022-02-27_dgr6.xls,200,18944,be3689069820ac2d22864999b492050065cee2783a465b546794dc15d1c1940a,2026-09-14T13:50:47,dgr6
https://npp.gov.in/public-reports/cea/daily/dgr/28-02-2022/dgr6-2022-02-28.xls,2022/2022-02-28_dgr6.xls,200,18944,a85dae52fd2c22d757ea66a7005a7a0607924b5f74e82f3067a83e46c092074d,2026-09-14T13:50:48,dgr6
https://npp.gov.in/public-reports/cea/daily/dgr/01-03-2022/dgr6-2022-03-01.xls,2022/2022-03-01_dgr6.xls,200,18944,4fd9945ef937faeb0940fd1c40ec8c15d2c647c284579bf8585835bda6007a28,2026-09-14T13:50:48,dgr6
https://npp.gov.in/public-reports/cea/daily/dgr/02-03-2022/dgr6-2022-03-02.xls,2022/2022-03-02_dgr6.xls,200,18944,beb019e1cd15a9c300e1b19bbb607f61a68ecaf96c32951de44a5d2063212226,2026-09-14T13:50:49,dgr6
https://npp.gov.in/public-reports/cea/daily/dgr/03-03-2022/dgr6-2022-03-03.xls,2022/2022-03-03_dgr6.xls,200,18944,f282c9bc64b568df6d47520a9e7989c0dbef4238877645f468a4c153e8d4ebab,2026-09-14T13:50:49,dgr6
https://npp.gov.in/public-reports/cea/daily/dgr/04-03-2022/dgr6-2022-03-04.xls,2022/2022-03-04_dgr6.xls,200,18944,8d18a3a5ab99618fb3c5884edf7b89a68ad97ef2268c35e4da54bf2378af434a,2026-09-14T13:50:50,dgr6
https://npp.gov.in/public-reports/cea/daily/dgr/05-03-2022/dgr6-2022-03-05.xls,2022/2022-03-05_dgr6.xls,200,18944,8c9359a7ac4ab7c5e70f64193c6939dc00554e5245749155328a436e936f9b66,2026-09-14T13:50:51,dgr6
https://npp.gov.in/public-reports/cea/daily/dgr/06-03-2022/dgr6-2022-03-06.xls,2022/2022-03-06_dgr6.xls,200,18944,1065cdd5c41b9f991f53b6b3f450519765790739a5085f8b1da07335316770fd,2026-09-14T13:50:51,dgr6
https://npp.gov.in/public-reports/cea/daily/dgr/07-03-2022/dgr6-2022-03-07.xls,2022/2022-03-07_dgr6.xls,200,18944,8924dd8e80912dab0e3631adfeeeb0fd9d7bf3d190fd14435877cda12c8161ee,2026-09-14T13:50:52,dgr6
https://npp.gov.in/public-reports/cea/daily/dgr/08-03-2022/dgr6-2022-03-08.xls,2022/2022-03-08_dgr6.xls,200,18944,febf1efe98f3d98213498ce764558adc025a48587c4dec309f02ec8e35a10f80,2026-09-14T13:50:52,dgr6
https://npp.gov.in/public-reports/cea/daily/dgr/09-03-2022/dgr6-2022-03-09.xls,2022/2022-03-09_dgr6.xls,200,18944,46552cfcc401a15791cd375c72a1d5e4042e54fc7b671d92d1fb1315bc8ceebd,2026-09-14T13:50:53,dgr6
https://npp.gov.in/public-reports/cea/daily/dgr/10-03-2022/dgr6-2022-03-10.xls,2022/2022-03-10_dgr6.xls,200,18944,2ef616acf7af5428d163e0286a28cc6e04148b229532a9d49075348eb6bfd9e4,2026-09-14T13:50:53,dgr6
https://npp.gov.in/public-reports/cea/daily/dgr/11-03-2022/dgr6-2022-03-11.xls,2022/2022-03-11_dgr6.xls,200,18944,a9e9bb7600126f08bea679a50399e6cb00c614f6736c4ecf758eb5f2ffa86db1,2026-09-14T13:50:54,dgr6
https://npp.gov.in/public-reports/cea/daily/dgr/12-03-2022/dgr6-2022-03-12.xls,2022/2022-03-12_dgr6.xls,200,18944,a93d98793205c1a38530ba121f4c4f353e1facdb93b55e53dd447b03357b7212,2026-09-14T13:50:54,dgr6
https://npp.gov.in/public-reports/cea/daily/dgr/13-03-2022/dgr6-2022-03-13.xls,2022/2022-03-13_dgr6.xls,200,18944,c156dedb65068c7630d48e070c09ddb86d827c6ebf582ee689b9be1983a593f1,2026-09-14T13:50:55,dgr6
https://npp.gov.in/public-reports/cea/daily/dgr/14-03-2022/dgr6-2022-03-14.xls,2022/2022-03-14_dgr6.xls,200,18944,101bd733a2372fc6c625bbb09dd6b40ca81ebefa9e524c2e12b3c723201da778,2026-09-14T13:50:55,dgr6
https://npp.gov.in/public-reports/cea/daily/dgr/15-03-2022/dgr6-2022-03-15.xls,2022/2022-03-15_dgr6.xls,200,18944,f6019480ea122c49af8ce8775cb156d610484492d7b9dbdaa0cb0c522302f454,2026-09-14T13:50:56,dgr6
https://npp.gov.in/public-reports/cea/daily/dgr/16-03-2022/dgr6-2022-03-16.xls,2022/2022-03-16_dgr6.xls,200,18944,b25af16bd51a340281b81552477ec5d65d156c7bf64f8cdb7b3b7e4368d74098,2026-09-14T13:50:56,dgr6
https://npp.gov.in/public-reports/cea/daily/dgr/17-03-2022/dgr6-2022-03-17.xls,2022/2022-03-17_dgr6.xls,404,0,,2026-09-14T13:50:57,dgr6
https://npp.gov.in/public-reports/cea/daily/dgr/18-03-2022/dgr6-2022-03-18.xls,2022/2022-03-18_dgr6.xls,200,18944,11058a44b8b42a05b5f6ab2a9edd020b399afa54c6e0262d51465fcc261d189e,2026-09-14T13:50:57,dgr6
https://npp.gov.in/public-reports/cea/daily/dgr/19-03-2022/dgr6-2022-03-19.xls,2022/2022-03-19_dgr6.xls,200,18944,9d5402e824aa2b901a24b426417e332523c28345d973dd07cbfd8020d9f83484,2026-09-14T13:50:58,dgr6
https://npp.gov.in/public-reports/cea/daily/dgr/20-03-2022/dgr6-2022-03-20.xls,2022/2022-03-20_dgr6.xls,200,18944,755f78f5f85e1359a378a9c72ae14e0768489c85d868b4b7b49dc58dd8c837c1,2026-09-14T13:50:58,dgr6
https://npp.gov.in/public-reports/cea/daily/dgr/21-03-2022/dgr6-2022-03-21.xls,2022/2022-03-21_dgr6.xls,200,18944,0a73d7f2589298fb8ce39909974c0d02ef5134820d85c210e25d17dfcbb7eb14,2026-09-14T13:50:59,dgr6
https://npp.gov.in/public-reports/cea/daily/dgr/22-03-2022/dgr6-2022-03-22.xls,2022/2022-03-22_dgr6.xls,404,0,,2026-09-14T13:50:59,dgr6
https://npp.gov.in/public-reports/cea/daily/dgr/23-03-2022/dgr6-2022-03-23.xls,2022/2022-03-23_dgr6.xls,200,18944,f48141982dcc13d1a8a34526cbbc96ca1d0581cf1ccd448b1e4fa27ed83f8ad8,2026-09-14T13:51:00,dgr6
https://npp.gov.in/public-reports/cea/daily/dgr/24-03-2022/dgr6-2022-03-24.xls,2022/2022-03-24_dgr6.xls,200,18944,c233a6116cd4a4baf31fba3401efa8baf14fed6c1dfc20d5bd5731aec9d9f4c7,2026-09-14T13:51:00,dgr6
https://npp.gov.in/public-reports/cea/daily/dgr/25-03-2022/dgr6-2022-03-25.xls,2022/2022-03-25_dgr6.xls,200,18944,731b762e3a9ff26f1707af3dbd94ce76fdedead3577cfa38cd4a2fdf43e19070,2026-09-14T13:51:01,dgr6
https://npp.gov.in/public-reports/cea/daily/dgr/26-03-2022/dgr6-2022-03-26.xls,2022/2022-03-26_dgr6.xls,200,18944,0454bfe2979ba6431497a7970d90db847ad7b611ae703fa09653ece72980891d,2026-09-14T13:51:01,dgr6
https://npp.gov.in/public-reports/cea/daily/dgr/27-03-2022/dgr6-2022-03-27.xls,2022/2022-03-27_dgr6.xls,200,18944,6094372ac84efc47b18fc89619a4fe5c8a3ac4c894b4cfd6c76a73500244b501,2026-09-14T13:51:02,dgr6
https://npp.gov.in/public-reports/cea/daily/dgr/28-03-2022/dgr6-2022-03-28.xls,2022/2022-03-28_dgr6.xls,404,0,,2026-09-14T13:51:02,dgr6
https://npp.gov.in/public-reports/cea/daily/dgr/29-03-2022/dgr6-2022-03-29.xls,2022/2022-03-29_dgr6.xls,200,18944,dbed61a04a9855c373e739b7d516023d65bac6a3248958aeb2118e206355d500,2026-09-14T13:51:03,dgr6
https://npp.gov.in/public-reports/cea/daily/dgr/30-03-2022/dgr6-2022-03-30.xls,2022/2022-03-30_dgr6.xls,200,18944,435e069567f5467f9c396e8172e3ab7b8415f6c7aad250581564cb98e2a1f796,2026-09-14T13:51:03,dgr6
https://npp.gov.in/public-reports/cea/daily/dgr/31-03-2022/dgr6-2022-03-31.xls,2022/2022-03-31_dgr6.xls,200,18944,c4ece909d88f046ee957cdb141f7b3e0bda161eaa7aa8ebba4e910571a096c47,2026-09-14T13:51:04,dgr6
https://npp.gov.in/public-reports/cea/daily/dgr/01-04-2022/dgr6-2022-04-01.xls,2022/2022-04-01_dgr6.xls,200,18944,fec9d4e7588a99f581736a8c303bdbcb1b884df5b2fe7b48180bdd50baf72ddc,2026-09-14T13:51:04,dgr6
https://npp.gov.in/public-reports/cea/daily/dgr/02-04-2022/dgr6-2022-04-02.xls,2022/2022-04-02_dgr6.xls,200,18944,a460db8390488abed48796513c0482795b2df468900ef704f82826ec6ec0234a,2026-09-14T13:51:04,dgr6
https://npp.gov.in/public-reports/cea/daily/dgr/03-04-2022/dgr6-2022-04-03.xls,2022/2022-04-03_dgr6.xls,200,18944,c0309544d80ff47658bed54151a3723a05bf88ab724a923aef6eb974f8bf8f0c,2026-09-14T13:51:05,dgr6
https://npp.gov.in/public-reports/cea/daily/dgr/04-04-2022/dgr6-2022-04-04.xls,2022/2022-04-04_dgr6.xls,200,18944,1d15743e383ac63bd65929fa004b47a11cd77f6221ef32f6010a6d2537e08c09,2026-09-14T13:51:05,dgr6
https://npp.gov.in/public-reports/cea/daily/dgr/05-04-2022/dgr6-2022-04-05.xls,2022/2022-04-05_dgr6.xls,200,18944,fcf38311080d6c9d94fd0185d7732a41bc635c06b7f696e4d432307d9baf4004,2026-09-14T13:51:06,dgr6
https://npp.gov.in/public-reports/cea/daily/dgr/06-04-2022/dgr6-2022-04-06.xls,2022/2022-04-06_dgr6.xls,200,18944,dc7f1512515ab55e956ec6627999f26d0af2423901327bf6ddb573140430f43b,2026-09-14T13:51:06,dgr6
https://npp.gov.in/public-reports/cea/daily/dgr/07-04-2022/dgr6-2022-04-07.xls,2022/2022-04-07_dgr6.xls,200,18944,828140f7c1a70ba25d23fbab3800a4f93d30ba46060ebee3802073b4d43a676b,2026-09-14T13:51:07,dgr6
https://npp.gov.in/public-reports/cea/daily/dgr/08-04-2022/dgr6-2022-04-08.xls,2022/2022-04-08_dgr6.xls,200,18944,c9b928be2c5c9e12d92f7cc5e8f7dec8033b5d38cf91e75d36ff5d75abf57dc4,2026-09-14T13:51:07,dgr6
https://npp.gov.in/public-reports/cea/daily/dgr/09-04-2022/dgr6-2022-04-09.xls,2022/2022-04-09_dgr6.xls,200,18944,3c06389886094a380a68147c1b000cc7df24e27d15bb6f95ef42b660942b1891,2026-09-14T13:51:08,dgr6
https://npp.gov.in/public-reports/cea/daily/dgr/10-04-2022/dgr6-2022-04-10.xls,2022/2022-04-10_dgr6.xls,404,0,,2026-09-14T13:51:08,dgr6
https://npp.gov.in/public-reports/cea/daily/dgr/11-04-2022/dgr6-2022-04-11.xls,2022/2022-04-11_dgr6.xls,200,18944,e3a5e6e104d524fe1c3db21f3fb0c84f95f90d37c96d402f1fba7ec64805073c,2026-09-14T13:51:09,dgr6
https://npp.gov.in/public-reports/cea/daily/dgr/12-04-2022/dgr6-2022-04-12.xls,2022/2022-04-12_dgr6.xls,200,18944,b1afa93e195b9669f33358fb03df378f3e78baaba594d25e50ddc6c087e5269b,2026-09-14T13:51:09,dgr6
https://npp.gov.in/public-reports/cea/daily/dgr/13-04-2022/dgr6-2022-04-13.xls,2022/2022-04-13_dgr6.xls,200,18944,c182f558d7256a9f482b515e943267aeff6bff022ab86acde0c5f2ccbc119c96,2026-09-14T13:51:09,dgr6
https://npp.gov.in/public-reports/cea/daily/dgr/14-04-2022/dgr6-2022-04-14.xls,2022/2022-04-14_dgr6.xls,200,18944,3a58b6330c4e570b0181df838d710b22d07bb7e11a5b650c6c228e42e48c627a,2026-09-14T13:51:10,dgr6
https://npp.gov.in/public-reports/cea/daily/dgr/15-04-2022/dgr6-2022-04-15.xls,2022/2022-04-15_dgr6.xls,200,4608,431c66c77d57f26c5beb9d818e836f636b8b6cf186f75dff3812b858cbc57bb2,2026-09-14T13:51:10,dgr6
https://npp.gov.in/public-reports/cea/daily/dgr/16-04-2022/dgr6-2022-04-16.xls,2022/2022-04-16_dgr6.xls,200,18944,706364db4809351772a44b91b69f7c33102152ba8d471eecae8ad74946f3aa5d,2026-09-14T13:51:11,dgr6
https://npp.gov.in/public-reports/cea/daily/dgr/17-04-2022/dgr6-2022-04-17.xls,2022/2022-04-17_dgr6.xls,200,18944,c24e406bf6314d93b08ae7d79cb7a068ed50cd416a6314c8b8e3785e28ed822b,2026-09-14T13:51:11,dgr6
https://npp.gov.in/public-reports/cea/daily/dgr/18-04-2022/dgr6-2022-04-18.xls,2022/2022-04-18_dgr6.xls,200,18944,c5722ca983254b81642da19bc54cd9685f67d845bcf7fc3adadeba4d1fe26437,2026-09-14T13:51:12,dgr6
https://npp.gov.in/public-reports/cea/daily/dgr/19-04-2022/dgr6-2022-04-19.xls,2022/2022-04-19_dgr6.xls,200,18944,95f9415948efdb37af0ec8d7f7b3c9ba23c2d0c7ddad5926998b0d199ea57a1e,2026-09-14T13:51:12,dgr6
https://npp.gov.in/public-reports/cea/daily/dgr/20-04-2022/dgr6-2022-04-20.xls,2022/2022-04-20_dgr6.xls,200,18944,3b5078c10641a2257ce6e484264e5d19bd54c2108d37746eb2ea4dee6ebd7d72,2026-09-14T13:51:12,dgr6
https://npp.gov.in/public-reports/cea/daily/dgr/21-04-2022/dgr6-2022-04-21.xls,2022/2022-04-21_dgr6.xls,200,18944,05c57c39ef9dc0f57e94ff0305efd3a05a6a6506bdd564eec158e9a7e29cbb23,2026-09-14T13:51:13,dgr6
https://npp.gov.in/public-reports/cea/daily/dgr/22-04-2022/dgr6-2022-04-22.xls,2022/2022-04-22_dgr6.xls,200,18944,0e028d0a69395de2bbd979eabedc7edcfa512808dfdf44fa59ce1219776ca43e,2026-09-14T13:51:13,dgr6
https://npp.gov.in/public-reports/cea/daily/dgr/23-04-2022/dgr6-2022-04-23.xls,2022/2022-04-23_dgr6.xls,200,18944,c3605088ba8a1e670727dc50efdfb251dfe7ffc2bbd5696a8deafeb62198f445,2026-09-14T13:51:14,dgr6
https://npp.gov.in/public-reports/cea/daily/dgr/24-04-2022/dgr6-2022-04-24.xls,2022/2022-04-24_dgr6.xls,200,18944,4ce08bbdada189cae9be0f8cc21aa58cf743a0aba53474291ae23da5e188713f,2026-09-14T13:51:14,dgr6
https://npp.gov.in/public-reports/cea/daily/dgr/25-04-2022/dgr6-2022-04-25.xls,2022/2022-04-25_dgr6.xls,200,18944,09e5d53f4165b1e88b617a390c58bc4846b9f01846d08744f541812ffe4baec9,2026-09-14T13:51:14,dgr6
https://npp.gov.in/public-reports/cea/daily/dgr/26-04-2022/dgr6-2022-04-26.xls,2022/2022-04-26_dgr6.xls,200,18944,cc93210134d3df6f450fa55185fedb5b4e0904e4d4f794a075151e785c2f408f,2026-09-14T13:51:15,dgr6
https://npp.gov.in/public-reports/cea/daily/dgr/27-04-2022/dgr6-2022-04-27.xls,2022/2022-04-27_dgr6.xls,200,18944,7d18d4fb7b4bcb92b97208e5baf4af77aac2973cfaa31e2b9ed44b19784db4c1,2026-09-14T13:51:15,dgr6
https://npp.gov.in/public-reports/cea/daily/dgr/28-04-2022/dgr6-2022-04-28.xls,2022/2022-04-28_dgr6.xls,200,18944,5631f5fd43364f36244af45a8829847aac2e7b1af1b46e7db7abf55edfd1fa5e,2026-09-14T13:51:16,dgr6
https://npp.gov.in/public-reports/cea/daily/dgr/29-04-2022/dgr6-2022-04-29.xls,2022/2022-04-29_dgr6.xls,200,18944,aa25e5e6aae6105134b8516d0c9d4f27f0ff4b1908d16481d934f3671da2a0bb,2026-09-14T13:51:16,dgr6
https://npp.gov.in/public-reports/cea/daily/dgr/30-04-2022/dgr6-2022-04-30.xls,2022/2022-04-30_dgr6.xls,200,18944,5925bafda17efe5c12cb5b95e22c442a00cd9a5592241e8b4f9504421fac4437,2026-09-14T13:51:17,dgr6
https://npp.gov.in/public-reports/cea/daily/dgr/01-05-2022/dgr6-2022-05-01.xls,2022/2022-05-01_dgr6.xls,200,18944,69ac525bd7b74d7c53d2704f3842644965d7a776a31deec1e5eeb404a9ab5681,2026-09-14T13:51:18,dgr6
https://npp.gov.in/public-reports/cea/daily/dgr/02-05-2022/dgr6-2022-05-02.xls,2022/2022-05-02_dgr6.xls,200,18944,e60d6e175ef276d8afad3a7a0a236e9b4c5bf7746172bf585733f85452fa2a5a,2026-09-14T13:51:18,dgr6
https://npp.gov.in/public-reports/cea/daily/dgr/03-05-2022/dgr6-2022-05-03.xls,2022/2022-05-03_dgr6.xls,200,18944,3ca593880865f9f3d47558ae32380ec2120d819e4eed89745832e0072832375f,2026-09-14T13:51:18,dgr6
https://npp.gov.in/public-reports/cea/daily/dgr/04-05-2022/dgr6-2022-05-04.xls,2022/2022-05-04_dgr6.xls,200,18944,ac3d3ef3952faec989e5698d34c5cdd2848860ed28c37aa5dc84b3d226e92cb4,2026-09-14T13:51:19,dgr6
https://npp.gov.in/public-reports/cea/daily/dgr/05-05-2022/dgr6-2022-05-05.xls,2022/2022-05-05_dgr6.xls,200,18944,fadd86ba816150660f092cf6919e7b2b74c0018d5a8ce1a9a2a9176aac5b8ad7,2026-09-14T13:51:19,dgr6
https://npp.gov.in/public-reports/cea/daily/dgr/06-05-2022/dgr6-2022-05-06.xls,2022/2022-05-06_dgr6.xls,200,18944,823756d99f7ac71232f0f5c75ddb4e0424ba63c16157c564ee0e405ed8d722f1,2026-09-14T13:51:20,dgr6
https://npp.gov.in/public-reports/cea/daily/dgr/07-05-2022/dgr6-2022-05-07.xls,2022/2022-05-07_dgr6.xls,200,18944,40a8366263905d2e384ec062e168f247aa9d64555dd44297e03821d0862f4c0c,2026-09-14T13:51:20,dgr6
https://npp.gov.in/public-reports/cea/daily/dgr/08-05-2022/dgr6-2022-05-08.xls,2022/2022-05-08_dgr6.xls,200,18944,ee7487d77c86d7e966342c122af336d4010a0c3055ff397a1ab544e47a7abf3c,2026-09-14T13:51:20,dgr6
https://npp.gov.in/public-reports/cea/daily/dgr/09-05-2022/dgr6-2022-05-09.xls,2022/2022-05-09_dgr6.xls,200,18944,afa8de765566967fea2206994ea99b95553f2c26b6656202d3615c63193c3155,2026-09-14T13:51:21,dgr6
https://npp.gov.in/public-reports/cea/daily/dgr/10-05-2022/dgr6-2022-05-10.xls,2022/2022-05-10_dgr6.xls,200,18944,25618ed4b3e0d49131566096e6786eda7ed7a09da89f88012b36969c82d74066,2026-09-14T13:51:21,dgr6
https://npp.gov.in/public-reports/cea/daily/dgr/11-05-2022/dgr6-2022-05-11.xls,2022/2022-05-11_dgr6.xls,200,18944,670d3c1ffa77996eb957ea5b014dcbfe78edb9ddc65fa4f896679b462d45e92a,2026-09-14T13:51:22,dgr6
https://npp.gov.in/public-reports/cea/daily/dgr/12-05-2022/dgr6-2022-05-12.xls,2022/2022-05-12_dgr6.xls,200,18944,7d24d2a8e325cd9a7b71903d208509284042a8fe1954ef651881ab67332b0cdb,2026-09-14T13:51:22,dgr6
https://npp.gov.in/public-reports/cea/daily/dgr/13-05-2022/dgr6-2022-05-13.xls,2022/2022-05-13_dgr6.xls,200,18944,29e43461ae9730791680c0147f921cc73e78c567d9527e3fc9ed99f87e6f5a73,2026-09-14T13:51:22,dgr6
https://npp.gov.in/public-reports/cea/daily/dgr/14-05-2022/dgr6-2022-05-14.xls,2022/2022-05-14_dgr6.xls,200,18944,1aa35db5e96445d4c645572f291231414e9be3db8826524d961d25a192ae3493,2026-09-14T13:51:23,dgr6
https://npp.gov.in/public-reports/cea/daily/dgr/15-05-2022/dgr6-2022-05-15.xls,2022/2022-05-15_dgr6.xls,200,18944,52d6812ff2638a16728123d60513e511fa33d1aea4a7511bcd76e2f80d4465ae,2026-09-14T13:51:23,dgr6
https://npp.gov.in/public-reports/cea/daily/dgr/16-05-2022/dgr6-2022-05-16.xls,2022/2022-05-16_dgr6.xls,200,18944,ee99ae298a413dd0666c6a017607a8c82f44182e9ecd8c1473253bf19ab09da1,2026-09-14T13:51:23,dgr6
https://npp.gov.in/public-reports/cea/daily/dgr/17-05-2022/dgr6-2022-05-17.xls,2022/2022-05-17_dgr6.xls,200,18944,3674461b4e75202e70e6abb257eaba51ca4fc83c5cada2f78c2bbf82ac5570f4,2026-09-14T13:51:24,dgr6
https://npp.gov.in/public-reports/cea/daily/dgr/18-05-2022/dgr6-2022-05-18.xls,2022/2022-05-18_dgr6.xls,200,18944,2bc46704d2a905f5335dbcdb177ab1c2d09db9ebd2bdcfed3377fa124955e08c,2026-09-14T13:51:24,dgr6
https://npp.gov.in/public-reports/cea/daily/dgr/19-05-2022/dgr6-2022-05-19.xls,2022/2022-05-19_dgr6.xls,200,18944,c935a7876d5fdba725e87ee752fce2abd227c373976a794ea77ae114a30bce95,2026-09-14T13:51:25,dgr6
https://npp.gov.in/public-reports/cea/daily/dgr/20-05-2022/dgr6-2022-05-20.xls,2022/2022-05-20_dgr6.xls,200,18944,29bbbe7c97cc1db9c06c19eef9dab2c29d1aa3688720a98dff38d9b6d4beda5d,2026-09-14T13:51:25,dgr6
https://npp.gov.in/public-reports/cea/daily/dgr/21-05-2022/dgr6-2022-05-21.xls,2022/2022-05-21_dgr6.xls,200,18944,0ffebeb03f3811a578edda14024a547268bbae517e16652cb6967295f96e3b82,2026-09-14T13:51:26,dgr6
https://npp.gov.in/public-reports/cea/daily/dgr/22-05-2022/dgr6-2022-05-22.xls,2022/2022-05-22_dgr6.xls,200,18944,61ef22e41f9a5ff6f9ebfd3a7df2d804e8164dba97b4e70b1f59eb7224835fa4,2026-09-14T13:51:26,dgr6
https://npp.gov.in/public-reports/cea/daily/dgr/23-05-2022/dgr6-2022-05-23.xls,2022/2022-05-23_dgr6.xls,200,18944,52dd88c53abd99e2f0fb2840af0fbcbf7451c57fa981769e14168806d76c9b5a,2026-09-14T13:51:26,dgr6
https://npp.gov.in/public-reports/cea/daily/dgr/24-05-2022/dgr6-2022-05-24.xls,2022/2022-05-24_dgr6.xls,200,18944,07c803bc3f54b07b1f2dc81be0c6e77e38bd0e13e71ae54f883cbb3ee0ccf7ef,2026-09-14T13:51:27,dgr6
https://npp.gov.in/public-reports/cea/daily/dgr/25-05-2022/dgr6-2022-05-25.xls,2022/2022-05-25_dgr6.xls,200,18944,7da33045caca264efe9aedd42944d3b961781e3c78e83e6dad8de7dbfe33a1e3,2026-09-14T13:51:27,dgr6
https://npp.gov.in/public-reports/cea/daily/dgr/26-05-2022/dgr6-2022-05-26.xls,2022/2022-05-26_dgr6.xls,200,18944,e7208c9699e472ce308041c765a41de0db2011ed579404119ccc176e0ee3cdd4,2026-09-14T13:51:27,dgr6
https://npp.gov.in/public-reports/cea/daily/dgr/27-05-2022/dgr6-2022-05-27.xls,2022/2022-05-27_dgr6.xls,200,18944,ece49acbf3466609b1538ca6e84a50c1c04837455eb0d4f90423f1a4108661c9,2026-09-14T13:51:28,dgr6
https://npp.gov.in/public-reports/cea/daily/dgr/28-05-2022/dgr6-2022-05-28.xls,2022/2022-05-28_dgr6.xls,200,18944,44b5052fccbf7d63304577db915f5c09b1c887e3c8ba2fe9970d0d2daab4dbc1,2026-09-14T13:51:28,dgr6
https://npp.gov.in/public-reports/cea/daily/dgr/29-05-2022/dgr6-2022-05-29.xls,2022/2022-05-29_dgr6.xls,200,18944,b38a20faeeac87cada31b41f368e5b1c391c56095c124d3f01aa4b8d2e20ef03,2026-09-14T13:51:28,dgr6
https://npp.gov.in/public-reports/cea/daily/dgr/30-05-2022/dgr6-2022-05-30.xls,2022/2022-05-30_dgr6.xls,200,18944,ed5ac9e80e1be7910f858bfd85a7bb30741435a47873b6e6c5e21f7eeaf3cf2a,2026-09-14T13:51:29,dgr6
https://npp.gov.in/public-reports/cea/daily/dgr/31-05-2022/dgr6-2022-05-31.xls,2022/2022-05-31_dgr6.xls,200,18944,90ef1766503628890ccfc3ace5e159401b67343809e160b573fd7462084ee772,2026-09-14T13:51:29,dgr6
https://npp.gov.in/public-reports/cea/daily/dgr/01-06-2022/dgr6-2022-06-01.xls,2022/2022-06-01_dgr6.xls,404,0,,2026-09-14T13:51:30,dgr6
https://npp.gov.in/public-reports/cea/daily/dgr/02-06-2022/dgr6-2022-06-02.xls,2022/2022-06-02_dgr6.xls,200,18944,3a6cce87add47577721fedc55829f0756404d2261ef541836b3590a34c8bf848,2026-09-14T13:51:30,dgr6
https://npp.gov.in/public-reports/cea/daily/dgr/03-06-2022/dgr6-2022-06-03.xls,2022/2022-06-03_dgr6.xls,200,18944,7cacf127602168ce93091f7f5d706007620da80ecf6175521d2cf05315267797,2026-09-14T13:51:30,dgr6
https://npp.gov.in/public-reports/cea/daily/dgr/04-06-2022/dgr6-2022-06-04.xls,2022/2022-06-04_dgr6.xls,404,0,,2026-09-14T13:51:31,dgr6
https://npp.gov.in/public-reports/cea/daily/dgr/05-06-2022/dgr6-2022-06-05.xls,2022/2022-06-05_dgr6.xls,200,18944,4cc5668d33ba586605485d29b04c1fa82dc24f1a27172fcbfef46e6ad746fb87,2026-09-14T13:51:32,dgr6
https://npp.gov.in/public-reports/cea/daily/dgr/06-06-2022/dgr6-2022-06-06.xls,2022/2022-06-06_dgr6.xls,200,18944,fd081e1c93fced55de163c46eeda19f751eb6a6ad7606261bfe9582f8ce08dde,2026-09-14T13:51:32,dgr6
https://npp.gov.in/public-reports/cea/daily/dgr/07-06-2022/dgr6-2022-06-07.xls,2022/2022-06-07_dgr6.xls,200,18944,0cb400f7e69256b480f3f3c2c167a0892b0d571b991b6ea8fedbe5b839a26b9e,2026-09-14T13:51:32,dgr6
https://npp.gov.in/public-reports/cea/daily/dgr/08-06-2022/dgr6-2022-06-08.xls,2022/2022-06-08_dgr6.xls,200,18944,139b67e4291a0210835a50d93d7874c3ee1ad73b5d46577ce0fadbf5659a1b0f,2026-09-14T13:51:33,dgr6
https://npp.gov.in/public-reports/cea/daily/dgr/09-06-2022/dgr6-2022-06-09.xls,2022/2022-06-09_dgr6.xls,200,18944,487aee88a79c6e9d40766b69d86ba93a998a0d133fe02c3634d974efc6db4eca,2026-09-14T13:51:33,dgr6
https://npp.gov.in/public-reports/cea/daily/dgr/10-06-2022/dgr6-2022-06-10.xls,2022/2022-06-10_dgr6.xls,404,0,,2026-09-14T13:51:34,dgr6
https://npp.gov.in/public-reports/cea/daily/dgr/11-06-2022/dgr6-2022-06-11.xls,2022/2022-06-11_dgr6.xls,200,18944,99bf2502dfa411fe1313437773484dd34fac5b1198de368b4a8c1f784cb8773e,2026-09-14T13:51:34,dgr6
https://npp.gov.in/public-reports/cea/daily/dgr/12-06-2022/dgr6-2022-06-12.xls,2022/2022-06-12_dgr6.xls,200,18944,87cbbb8f18333a5fb720aca9b49a806905a5eb8415341f923320f4c4348e35a6,2026-09-14T13:51:34,dgr6
https://npp.gov.in/public-reports/cea/daily/dgr/13-06-2022/dgr6-2022-06-13.xls,2022/2022-06-13_dgr6.xls,404,0,,2026-09-14T13:51:35,dgr6
https://npp.gov.in/public-reports/cea/daily/dgr/14-06-2022/dgr6-2022-06-14.xls,2022/2022-06-14_dgr6.xls,200,18944,d3310dd49d0c59833bd65e4ed11ab743ad0a993bf628afe361c90f96485164b5,2026-09-14T13:51:35,dgr6
https://npp.gov.in/public-reports/cea/daily/dgr/15-06-2022/dgr6-2022-06-15.xls,2022/2022-06-15_dgr6.xls,200,18944,fe07d91aea4b0dc29f88184d6ef0128aa38e37809969743ce424ebe0dab28b60,2026-09-14T13:51:36,dgr6
https://npp.gov.in/public-reports/cea/daily/dgr/16-06-2022/dgr6-2022-06-16.xls,2022/2022-06-16_dgr6.xls,200,18944,9f1c39c038239b356c90f65b9985da1c6526d9fe9bd708b5cab03c38a119bd14,2026-09-14T13:51:36,dgr6
https://npp.gov.in/public-reports/cea/daily/dgr/17-06-2022/dgr6-2022-06-17.xls,2022/2022-06-17_dgr6.xls,200,18944,ec54b2b6f13faa8a667f0bb2013f2346fa96e2f3bcde22af147433a8a54f82ca,2026-09-14T13:51:36,dgr6
https://npp.gov.in/public-reports/cea/daily/dgr/18-06-2022/dgr6-2022-06-18.xls,2022/2022-06-18_dgr6.xls,200,18944,4e3220d5c7f344c0383ec87aa8c58eed052c7a2ac811593bd00351cca8ae632f,2026-09-14T13:51:37,dgr6
https://npp.gov.in/public-reports/cea/daily/dgr/19-06-2022/dgr6-2022-06-19.xls,2022/2022-06-19_dgr6.xls,200,18944,361ef28649aefc876ed87e4e4623a51366bd5db7a7ba5740728d1ebcd711a6e5,2026-09-14T13:51:37,dgr6
https://npp.gov.in/public-reports/cea/daily/dgr/20-06-2022/dgr6-2022-06-20.xls,2022/2022-06-20_dgr6.xls,200,18944,0d3a8fba2573d5c7c6eb41fe20d1bf7bdd8cf7d0d24a5a06d9541eabd700dcb4,2026-09-14T13:51:37,dgr6
https://npp.gov.in/public-reports/cea/daily/dgr/21-06-2022/dgr6-2022-06-21.xls,2022/2022-06-21_dgr6.xls,200,18944,e07ac1030de6640d52cb1dadc7001c05a0f8e068a5816b0b8dbceee12176cf12,2026-09-14T13:51:38,dgr6
https://npp.gov.in/public-reports/cea/daily/dgr/22-06-2022/dgr6-2022-06-22.xls,2022/2022-06-22_dgr6.xls,200,18944,06f7fc7d04558f959db4c4c5eaef55cda27ab8d5d29df9339e2d5458461bfeb9,2026-09-14T13:51:38,dgr6
https://npp.gov.in/public-reports/cea/daily/dgr/23-06-2022/dgr6-2022-06-23.xls,2022/2022-06-23_dgr6.xls,200,18944,22498f56ebc622ad260bb6c1e183e77325f65f4cea30e516f8bbafeee814a698,2026-09-14T13:51:39,dgr6
https://npp.gov.in/public-reports/cea/daily/dgr/24-06-2022/dgr6-2022-06-24.xls,2022/2022-06-24_dgr6.xls,200,18944,0b618bc3a0e3b7d0adc1bd7f5ea345a644ec82cfff0422f119c535b07126f7d4,2026-09-14T13:51:39,dgr6
https://npp.gov.in/public-reports/cea/daily/dgr/25-06-2022/dgr6-2022-06-25.xls,2022/2022-06-25_dgr6.xls,404,0,,2026-09-14T13:51:40,dgr6
https://npp.gov.in/public-reports/cea/daily/dgr/26-06-2022/dgr6-2022-06-26.xls,2022/2022-06-26_dgr6.xls,404,0,,2026-09-14T13:51:40,dgr6
https://npp.gov.in/public-reports/cea/daily/dgr/27-06-2022/dgr6-2022-06-27.xls,2022/2022-06-27_dgr6.xls,200,18944,d03de56215f625b57b0accd30aa5c9632f479113da8bc016f8340d1882ada0a3,2026-09-14T13:51:40,dgr6
https://npp.gov.in/public-reports/cea/daily/dgr/28-06-2022/dgr6-2022-06-28.xls,2022/2022-06-28_dgr6.xls,200,18944,f056eb4ce927ae83cf451735eecc946f1d612a4ab53e540147b7ec1d18f4b14d,2026-09-14T13:51:41,dgr6
https://npp.gov.in/public-reports/cea/daily/dgr/29-06-2022/dgr6-2022-06-29.xls,2022/2022-06-29_dgr6.xls,200,18944,7ebff1c266d6d086ce1f8452199b2ab2d9976b20d1420c0e5ecc1c3ac9335b5f,2026-09-14T13:51:41,dgr6
https://npp.gov.in/public-reports/cea/daily/dgr/30-06-2022/dgr6-2022-06-30.xls,2022/2022-06-30_dgr6.xls,200,18944,c286ff93671e2b56a0140485cc27377948f90a9e6b848e70c3860030b1f48521,2026-09-14T13:51:41,dgr6
https://npp.gov.in/public-reports/cea/daily/dgr/01-07-2022/dgr6-2022-07-01.xls,2022/2022-07-01_dgr6.xls,200,4608,431c66c77d57f26c5beb9d818e836f636b8b6cf186f75dff3812b858cbc57bb2,2026-09-14T13:51:42,dgr6
https://npp.gov.in/public-reports/cea/daily/dgr/02-07-2022/dgr6-2022-07-02.xls,2022/2022-07-02_dgr6.xls,200,18944,467e3bb863b7c678357c18a85cd508c9a469ad065c845ab941c623eb0c7f0f94,2026-09-14T13:51:42,dgr6
https://npp.gov.in/public-reports/cea/daily/dgr/03-07-2022/dgr6-2022-07-03.xls,2022/2022-07-03_dgr6.xls,200,18944,07d6dad4d5b91828b2e964218bf85f9c46159bf7b66e4aa75b90e47592eddd8b,2026-09-14T13:51:43,dgr6
https://npp.gov.in/public-reports/cea/daily/dgr/04-07-2022/dgr6-2022-07-04.xls,2022/2022-07-04_dgr6.xls,200,18944,019456a08e70972fb00edf6a4ff430c5c9b82a51e8b4bc7019ce10e96b1863fc,2026-09-14T13:51:43,dgr6
https://npp.gov.in/public-reports/cea/daily/dgr/05-07-2022/dgr6-2022-07-05.xls,2022/2022-07-05_dgr6.xls,200,18944,ac69f71b61f66766aee3def839690fcee52a439ecee8554dbf44537de439a290,2026-09-14T13:51:43,dgr6
https://npp.gov.in/public-reports/cea/daily/dgr/06-07-2022/dgr6-2022-07-06.xls,2022/2022-07-06_dgr6.xls,200,18944,d99acea16d838f14182aaf37befce3be74f936740d31989732885c7d327f2efc,2026-09-14T13:51:44,dgr6
https://npp.gov.in/public-reports/cea/daily/dgr/07-07-2022/dgr6-2022-07-07.xls,2022/2022-07-07_dgr6.xls,200,18944,41a3b96be8a0adbbaa3c292a579920b46e3e3248700d9414ef4dc4972484c13e,2026-09-14T13:51:44,dgr6
https://npp.gov.in/public-reports/cea/daily/dgr/08-07-2022/dgr6-2022-07-08.xls,2022/2022-07-08_dgr6.xls,200,18944,0adfab9e271302c22e77c8402eebc252358d77d4e21a8fc3ad51cf20982bdf48,2026-09-14T13:51:45,dgr6
https://npp.gov.in/public-reports/cea/daily/dgr/09-07-2022/dgr6-2022-07-09.xls,2022/2022-07-09_dgr6.xls,200,18944,51f7c5b4eb1c313a6fcfd8601817d45e20696001e48653a2fe003cff3c82f71b,2026-09-14T13:51:45,dgr6
https://npp.gov.in/public-reports/cea/daily/dgr/10-07-2022/dgr6-2022-07-10.xls,2022/2022-07-10_dgr6.xls,200,18944,4d94539666848b373d24f2a82060e9cc53dd7fd13e146178c470ec0af1efbae0,2026-09-14T13:51:45,dgr6
https://npp.gov.in/public-reports/cea/daily/dgr/11-07-2022/dgr6-2022-07-11.xls,2022/2022-07-11_dgr6.xls,200,18944,863382d21f46fe347d3f6fc86eadfb33bc3cc5d9f42760d55e5a922c24ee8a5f,2026-09-14T13:51:46,dgr6
https://npp.gov.in/public-reports/cea/daily/dgr/12-07-2022/dgr6-2022-07-12.xls,2022/2022-07-12_dgr6.xls,200,18944,b0d212456338e2c1bcf1fb2869eaa9e12f8f619f8fee8cd66184dc90567b2813,2026-09-14T13:51:46,dgr6
https://npp.gov.in/public-reports/cea/daily/dgr/13-07-2022/dgr6-2022-07-13.xls,2022/2022-07-13_dgr6.xls,200,18944,0b48ad5a8a366c9dbbc13921eb5fdf7f31babd80f10878b5764a9867a4553755,2026-09-14T13:51:46,dgr6
https://npp.gov.in/public-reports/cea/daily/dgr/14-07-2022/dgr6-2022-07-14.xls,2022/2022-07-14_dgr6.xls,200,18944,1f7a57ab7cc0dfeec285898b6436a0319f5bc2cf11a91d6ba6de0a3635c709d9,2026-09-14T13:51:47,dgr6
https://npp.gov.in/public-reports/cea/daily/dgr/15-07-2022/dgr6-2022-07-15.xls,2022/2022-07-15_dgr6.xls,200,18944,1d8254addb30a1ecbca39fad72e67472a1c037bea6ff4794653df159b8705af1,2026-09-14T13:51:47,dgr6
https://npp.gov.in/public-reports/cea/daily/dgr/16-07-2022/dgr6-2022-07-16.xls,2022/2022-07-16_dgr6.xls,200,18944,ad5a4776130bf51340852979665800d5fc42e4ce025262426a86a1e71fd59d73,2026-09-14T13:51:48,dgr6
https://npp.gov.in/public-reports/cea/daily/dgr/17-07-2022/dgr6-2022-07-17.xls,2022/2022-07-17_dgr6.xls,200,18944,83c3159246da0617f2383585e503d8fb2fb8cbc19e74fc66e1cc521806620e6f,2026-09-14T13:51:48,dgr6
https://npp.gov.in/public-reports/cea/daily/dgr/18-07-2022/dgr6-2022-07-18.xls,2022/2022-07-18_dgr6.xls,200,18944,5df41c0d36d1cf84a17d613cd0a5d79a8f0f049bf08f7c5ccf5597325c23ed9c,2026-09-14T13:51:48,dgr6
https://npp.gov.in/public-reports/cea/daily/dgr/19-07-2022/dgr6-2022-07-19.xls,2022/2022-07-19_dgr6.xls,200,18944,914bb434d5035e0d0626289c345608b2e91451890f23578993c758dac1a0fd6b,2026-09-14T13:51:49,dgr6
https://npp.gov.in/public-reports/cea/daily/dgr/20-07-2022/dgr6-2022-07-20.xls,2022/2022-07-20_dgr6.xls,200,18944,ff95ae83942ff879c7b56759936b00fbe27b4fd61544e6c3be9a1a51b4e3cc3a,2026-09-14T13:51:49,dgr6
https://npp.gov.in/public-reports/cea/daily/dgr/21-07-2022/dgr6-2022-07-21.xls,2022/2022-07-21_dgr6.xls,200,18944,7e942537ca05d930cf3d327f2cbeb2098f5c2d240867902c72ffe512317ff4a5,2026-09-14T13:51:49,dgr6
https://npp.gov.in/public-reports/cea/daily/dgr/22-07-2022/dgr6-2022-07-22.xls,2022/2022-07-22_dgr6.xls,200,18944,3c169acab707e81d2076e87e9b72dcb0315096069b92cfe01708a62d2c773947,2026-09-14T13:51:50,dgr6
https://npp.gov.in/public-reports/cea/daily/dgr/23-07-2022/dgr6-2022-07-23.xls,2022/2022-07-23_dgr6.xls,404,0,,2026-09-14T13:51:51,dgr6
https://npp.gov.in/public-reports/cea/daily/dgr/24-07-2022/dgr6-2022-07-24.xls,2022/2022-07-24_dgr6.xls,404,0,,2026-09-14T13:51:51,dgr6
https://npp.gov.in/public-reports/cea/daily/dgr/25-07-2022/dgr6-2022-07-25.xls,2022/2022-07-25_dgr6.xls,404,0,,2026-09-14T13:51:51,dgr6
https://npp.gov.in/public-reports/cea/daily/dgr/26-07-2022/dgr6-2022-07-26.xls,2022/2022-07-26_dgr6.xls,200,18944,3f042175b9bc931560c83b8e25d77db1c563e8aa56e844a448507161ee7f97c4,2026-09-14T13:51:52,dgr6
https://npp.gov.in/public-reports/cea/daily/dgr/27-07-2022/dgr6-2022-07-27.xls,2022/2022-07-27_dgr6.xls,200,18944,e79c3fec091d3532f34701f26d0230716be0d5ed62ff1011a164883c0e9ffe29,2026-09-14T13:51:52,dgr6
https://npp.gov.in/public-reports/cea/daily/dgr/28-07-2022/dgr6-2022-07-28.xls,2022/2022-07-28_dgr6.xls,200,18944,edda715318a97db318461fe7f4ddbc9f38e23874f38daa124326b7cbeb26c9c7,2026-09-14T13:51:53,dgr6
https://npp.gov.in/public-reports/cea/daily/dgr/29-07-2022/dgr6-2022-07-29.xls,2022/2022-07-29_dgr6.xls,200,18944,a09bac4ecfabdbaf997cb4d99c512bd754c7bfd46beefdff4b9d1f30b3d6c2ac,2026-09-14T13:51:53,dgr6
https://npp.gov.in/public-reports/cea/daily/dgr/30-07-2022/dgr6-2022-07-30.xls,2022/2022-07-30_dgr6.xls,200,18944,300cd3d946996d88f5eae2533d6a3881bf59847a1536a2df382ab793d84add51,2026-09-14T13:51:53,dgr6
https://npp.gov.in/public-reports/cea/daily/dgr/31-07-2022/dgr6-2022-07-31.xls,2022/2022-07-31_dgr6.xls,200,18944,7ddd223b2a2934bcf03947b4ab0d0cddc67c06613f939a81b1bf766187b35571,2026-09-14T13:51:54,dgr6
https://npp.gov.in/public-reports/cea/daily/dgr/01-08-2022/dgr6-2022-08-01.xls,2022/2022-08-01_dgr6.xls,200,18944,71fd483c3d803f8cb8e2d71d38ca2f83cd16bf1dba1eba0bf24f6c7a14b5013f,2026-09-14T13:51:54,dgr6
https://npp.gov.in/public-reports/cea/daily/dgr/02-08-2022/dgr6-2022-08-02.xls,2022/2022-08-02_dgr6.xls,200,18944,c8846fa69e5b970ca0cb58758f377bbc2d951f345f096cf85914c799615007c5,2026-09-14T13:51:54,dgr6
https://npp.gov.in/public-reports/cea/daily/dgr/03-08-2022/dgr6-2022-08-03.xls,2022/2022-08-03_dgr6.xls,200,18944,1eae0c6af86cafcd4e42e572e662d29dfba78439e999e6ab22c15563dd2be673,2026-09-14T13:51:55,dgr6
https://npp.gov.in/public-reports/cea/daily/dgr/04-08-2022/dgr6-2022-08-04.xls,2022/2022-08-04_dgr6.xls,200,18944,4a1b2791d40abe55fb0ebe1d3b7e1d012805efb1e588d80ac54cbee49cecd757,2026-09-14T13:51:55,dgr6
https://npp.gov.in/public-reports/cea/daily/dgr/05-08-2022/dgr6-2022-08-05.xls,2022/2022-08-05_dgr6.xls,200,18944,40c5f5cc2670bcd7dd0b27d25f9b3ad6c432de0c063c2987600bba417bf994ee,2026-09-14T13:51:56,dgr6
https://npp.gov.in/public-reports/cea/daily/dgr/06-08-2022/dgr6-2022-08-06.xls,2022/2022-08-06_dgr6.xls,200,18944,96542511e7e82d544ac683262bb89be92e8645b367d701b152600caf32f033ff,2026-09-14T13:51:56,dgr6
https://npp.gov.in/public-reports/cea/daily/dgr/07-08-2022/dgr6-2022-08-07.xls,2022/2022-08-07_dgr6.xls,200,18944,515005d26037fd641bb0d3ebcbb6fcceedee0602ab4e4bb0d67086527ade126a,2026-09-14T13:51:56,dgr6
https://npp.gov.in/public-reports/cea/daily/dgr/08-08-2022/dgr6-2022-08-08.xls,2022/2022-08-08_dgr6.xls,200,18944,43660e8c2009960bc76b5c18a14f5286dfacfcad250c45b4dcd91390b2301d6b,2026-09-14T13:51:57,dgr6
https://npp.gov.in/public-reports/cea/daily/dgr/09-08-2022/dgr6-2022-08-09.xls,2022/2022-08-09_dgr6.xls,200,18944,1923138998ee5af817cf35a3589f01c3bb514f7f096d7d945f3d9afb9132ceaf,2026-09-14T13:51:58,dgr6
https://npp.gov.in/public-reports/cea/daily/dgr/10-08-2022/dgr6-2022-08-10.xls,2022/2022-08-10_dgr6.xls,200,18944,23cfbd5d9685680ddd69abf634ba1cde13f3003cc8cb0087b6e7356664fe8786,2026-09-14T13:51:58,dgr6
https://npp.gov.in/public-reports/cea/daily/dgr/11-08-2022/dgr6-2022-08-11.xls,2022/2022-08-11_dgr6.xls,200,18944,684ad65da942061be126c5d5b29d64709486e9dc8a9fe3006b90924ea2ec747a,2026-09-14T13:51:59,dgr6
https://npp.gov.in/public-reports/cea/daily/dgr/12-08-2022/dgr6-2022-08-12.xls,2022/2022-08-12_dgr6.xls,200,18944,bf3e0502d51f400f907e412cbcdca0945a6180768abcb187b140bc8690955033,2026-09-14T13:51:59,dgr6
https://npp.gov.in/public-reports/cea/daily/dgr/13-08-2022/dgr6-2022-08-13.xls,2022/2022-08-13_dgr6.xls,200,18944,080c2212bb6bcf85958bded22235758feabd78d3e8d4c3e2561408245e3b498a,2026-09-14T13:52:00,dgr6
https://npp.gov.in/public-reports/cea/daily/dgr/14-08-2022/dgr6-2022-08-14.xls,2022/2022-08-14_dgr6.xls,200,18944,02511d210331f97ea0f90e1e9d1cc7e7763dbe69aade1ce08c6f630d4323d5f7,2026-09-14T13:52:00,dgr6
https://npp.gov.in/public-reports/cea/daily/dgr/15-08-2022/dgr6-2022-08-15.xls,2022/2022-08-15_dgr6.xls,200,18944,4891e25bd88441868ca3cc8bc76982cb576e52d383b4a87b5a8aa33e01dc17e8,2026-09-14T13:52:01,dgr6
https://npp.gov.in/public-reports/cea/daily/dgr/16-08-2022/dgr6-2022-08-16.xls,2022/2022-08-16_dgr6.xls,200,18944,04c475641f891d2925090f8f9f0af7203097a539fe0ff85a5294b8e45f270fb1,2026-09-14T13:52:01,dgr6
https://npp.gov.in/public-reports/cea/daily/dgr/17-08-2022/dgr6-2022-08-17.xls,2022/2022-08-17_dgr6.xls,200,18944,5db7d7fe534c04f15ebea1163efeddf1d6ff8ecc4bb11a009cfeec8a815347e5,2026-09-14T13:52:01,dgr6
https://npp.gov.in/public-reports/cea/daily/dgr/18-08-2022/dgr6-2022-08-18.xls,2022/2022-08-18_dgr6.xls,200,18944,9bdc256bcb360e552a5c1008c68e5c263950bc053eb8102739edc879615bc79b,2026-09-14T13:52:02,dgr6
https://npp.gov.in/public-reports/cea/daily/dgr/19-08-2022/dgr6-2022-08-19.xls,2022/2022-08-19_dgr6.xls,200,18944,2519e996c5a8bbf4d66818ce36ddbb668f33e5f12aaa84c927b919ea948f568e,2026-09-14T13:52:02,dgr6
https://npp.gov.in/public-reports/cea/daily/dgr/20-08-2022/dgr6-2022-08-20.xls,2022/2022-08-20_dgr6.xls,200,18944,263bc98b004e385c41adb2dff19ec2ea1dd52cb5edc08a6d3b7504117f7e4ff4,2026-09-14T13:52:03,dgr6
https://npp.gov.in/public-reports/cea/daily/dgr/21-08-2022/dgr6-2022-08-21.xls,2022/2022-08-21_dgr6.xls,200,18944,a11e7bebef8be4611dd75e66b1f0a30fb2fb526cf264e7cde9c8a2eee914e079,2026-09-14T13:52:03,dgr6
https://npp.gov.in/public-reports/cea/daily/dgr/22-08-2022/dgr6-2022-08-22.xls,2022/2022-08-22_dgr6.xls,200,18944,fa64d05bdccee9b22a94dead82adac7d504db1de8fbee6684cb930c6ddc0266c,2026-09-14T13:52:03,dgr6
https://npp.gov.in/public-reports/cea/daily/dgr/23-08-2022/dgr6-2022-08-23.xls,2022/2022-08-23_dgr6.xls,200,18944,53d1915f2e669eb8c09300852fa3da972fc76cdfaf9b420be1ce66b9b246a818,2026-09-14T13:52:04,dgr6
https://npp.gov.in/public-reports/cea/daily/dgr/24-08-2022/dgr6-2022-08-24.xls,2022/2022-08-24_dgr6.xls,200,18944,8d258b4bc3160fdbabb3c4a366938d6ec4446f23465157d6ec0cd870c4e1301c,2026-09-14T13:52:04,dgr6
https://npp.gov.in/public-reports/cea/daily/dgr/25-08-2022/dgr6-2022-08-25.xls,2022/2022-08-25_dgr6.xls,200,18944,d462edf391c224bf9fd0dcf35d7c1149b8a334af7c2b891987191a38d1ef4b7b,2026-09-14T13:52:05,dgr6
https://npp.gov.in/public-reports/cea/daily/dgr/26-08-2022/dgr6-2022-08-26.xls,2022/2022-08-26_dgr6.xls,200,18944,f04bdd59d7e02eed48e4b1779aa77ff09f24da6478295255305d3c65d270acfc,2026-09-14T13:52:05,dgr6
https://npp.gov.in/public-reports/cea/daily/dgr/27-08-2022/dgr6-2022-08-27.xls,2022/2022-08-27_dgr6.xls,200,18944,cde0a98b4abeb2e4af4dbdc0c321a789c3fec419a866d6010aad22cd80df8621,2026-09-14T13:52:05,dgr6
https://npp.gov.in/public-reports/cea/daily/dgr/28-08-2022/dgr6-2022-08-28.xls,2022/2022-08-28_dgr6.xls,200,18944,0c894d04f8627d0122f3bb29aa4046249abf0280ed4398ad02d44b1a9d90375d,2026-09-14T13:52:06,dgr6
https://npp.gov.in/public-reports/cea/daily/dgr/29-08-2022/dgr6-2022-08-29.xls,2022/2022-08-29_dgr6.xls,200,18944,c778fc4b79a2c7dd89a16b045c60bcf698ab3d7d19f3bbcd840ac3a4431ffa19,2026-09-14T13:52:06,dgr6
https://npp.gov.in/public-reports/cea/daily/dgr/30-08-2022/dgr6-2022-08-30.xls,2022/2022-08-30_dgr6.xls,200,18944,853427b345cae9da48760fe7cc678c5d8da9dba0b26990fe2eb0582603c43b17,2026-09-14T13:52:07,dgr6
https://npp.gov.in/public-reports/cea/daily/dgr/31-08-2022/dgr6-2022-08-31.xls,2022/2022-08-31_dgr6.xls,200,18944,f8ef4ea45a9d7a85130f61ab686af8033c29e7b01e5a02d5c843e67cad8a1b7b,2026-09-14T13:52:07,dgr6
https://npp.gov.in/public-reports/cea/daily/dgr/01-09-2022/dgr6-2022-09-01.xls,2022/2022-09-01_dgr6.xls,200,18944,3a9db15746c5b9496905403549f5194052c55079f80c5abe48cfc924867e8b1a,2026-09-14T13:52:08,dgr6
https://npp.gov.in/public-reports/cea/daily/dgr/02-09-2022/dgr6-2022-09-02.xls,2022/2022-09-02_dgr6.xls,200,18944,fb9c61f983d7baa414bf95cb13e54307b0ce5d73826ce2be8bbee62b258feedc,2026-09-14T13:52:08,dgr6
https://npp.gov.in/public-reports/cea/daily/dgr/03-09-2022/dgr6-2022-09-03.xls,2022/2022-09-03_dgr6.xls,404,0,,2026-09-14T13:52:09,dgr6
https://npp.gov.in/public-reports/cea/daily/dgr/04-09-2022/dgr6-2022-09-04.xls,2022/2022-09-04_dgr6.xls,200,18944,4d3e9aea0f7567645f6140e267488bd9ff9c658776628bf09a10239a7260047d,2026-09-14T13:52:09,dgr6
https://npp.gov.in/public-reports/cea/daily/dgr/05-09-2022/dgr6-2022-09-05.xls,2022/2022-09-05_dgr6.xls,200,18944,a7cad5c073d663e02fe2d2d96cfc3c1a7821b32eed119a46328f3f00dd73e074,2026-09-14T13:52:09,dgr6
https://npp.gov.in/public-reports/cea/daily/dgr/06-09-2022/dgr6-2022-09-06.xls,2022/2022-09-06_dgr6.xls,200,18944,206a1ae4249c593a6ef301eb573e42848562005834641b84c03f435982398017,2026-09-14T13:52:10,dgr6
https://npp.gov.in/public-reports/cea/daily/dgr/07-09-2022/dgr6-2022-09-07.xls,2022/2022-09-07_dgr6.xls,200,18944,0631cba1bb21e3f9060888342ab2eac8cf66ce62877221005f4d19ccbb36e43f,2026-09-14T13:52:10,dgr6
https://npp.gov.in/public-reports/cea/daily/dgr/08-09-2022/dgr6-2022-09-08.xls,2022/2022-09-08_dgr6.xls,200,18944,e0992d9fbfb8522f92084627f8d236e40f35db98fc1f9da473f4385329f5fe84,2026-09-14T13:52:10,dgr6
https://npp.gov.in/public-reports/cea/daily/dgr/09-09-2022/dgr6-2022-09-09.xls,2022/2022-09-09_dgr6.xls,200,18944,85464c49daacf87678c754a900f496c987c45e4ca7c3e31985c65ddd091ef64a,2026-09-14T13:52:11,dgr6
https://npp.gov.in/public-reports/cea/daily/dgr/10-09-2022/dgr6-2022-09-10.xls,2022/2022-09-10_dgr6.xls,200,18944,9919c22a119a90d12c68b6cc4325729fd1b0905ce2ac67abee893e576ef05bed,2026-09-14T13:52:11,dgr6
https://npp.gov.in/public-reports/cea/daily/dgr/11-09-2022/dgr6-2022-09-11.xls,2022/2022-09-11_dgr6.xls,200,18944,f993c6858aa088e907ffc4d7a149ff49fe253d758823a0afd59fa1d1009fb51a,2026-09-14T13:52:11,dgr6
https://npp.gov.in/public-reports/cea/daily/dgr/12-09-2022/dgr6-2022-09-12.xls,2022/2022-09-12_dgr6.xls,200,18944,f7e08fc29fcc87e251c78f957d96df04b2cd2492ab073e2bd1d0138e715286fb,2026-09-14T13:52:12,dgr6
https://npp.gov.in/public-reports/cea/daily/dgr/13-09-2022/dgr6-2022-09-13.xls,2022/2022-09-13_dgr6.xls,200,18944,c5f55de0940326d596ab910a0fb65ba7a27cfc0c1f65204009f2a009107ef140,2026-09-14T13:52:12,dgr6
https://npp.gov.in/public-reports/cea/daily/dgr/14-09-2022/dgr6-2022-09-14.xls,2022/2022-09-14_dgr6.xls,200,18944,5ff3e0acfcb94e98a1642ef374873e4cb05ed39431c48e995d18acde0bc70387,2026-09-14T13:52:13,dgr6
https://npp.gov.in/public-reports/cea/daily/dgr/15-09-2022/dgr6-2022-09-15.xls,2022/2022-09-15_dgr6.xls,200,18944,01e70e31e5d635c0f80c58cb47e49cf1be4c6251d115253a0def5b7585a25037,2026-09-14T13:52:13,dgr6
https://npp.gov.in/public-reports/cea/daily/dgr/16-09-2022/dgr6-2022-09-16.xls,2022/2022-09-16_dgr6.xls,200,18944,8919744ee6eac02246a13a24895c65a41a4a04cb2b1b309c3316b0fc19c34d44,2026-09-14T13:52:13,dgr6
https://npp.gov.in/public-reports/cea/daily/dgr/17-09-2022/dgr6-2022-09-17.xls,2022/2022-09-17_dgr6.xls,200,18944,8c530392938943c67dd004f5c40cb7dd2a2386c3e923f33f0228cde9b29b366a,2026-09-14T13:52:14,dgr6
https://npp.gov.in/public-reports/cea/daily/dgr/18-09-2022/dgr6-2022-09-18.xls,2022/2022-09-18_dgr6.xls,404,0,,2026-09-14T13:52:14,dgr6
https://npp.gov.in/public-reports/cea/daily/dgr/19-09-2022/dgr6-2022-09-19.xls,2022/2022-09-19_dgr6.xls,200,18944,2cee12e4c54d6874ea505e75dd91cb270ff62a8052ca8f5281515383a58eac2b,2026-09-14T13:52:15,dgr6
https://npp.gov.in/public-reports/cea/daily/dgr/20-09-2022/dgr6-2022-09-20.xls,2022/2022-09-20_dgr6.xls,200,18944,2c6039b3f9376d0c0cbb64396b9a7852aecf219adec88fa49cf9f70bd3490080,2026-09-14T13:52:15,dgr6
https://npp.gov.in/public-reports/cea/daily/dgr/21-09-2022/dgr6-2022-09-21.xls,2022/2022-09-21_dgr6.xls,200,18944,da8b19a1845f807bbadc80ff2a2fb728acc7870e509eb11f206eed3985029b54,2026-09-14T13:52:15,dgr6
https://npp.gov.in/public-reports/cea/daily/dgr/22-09-2022/dgr6-2022-09-22.xls,2022/2022-09-22_dgr6.xls,200,18944,5b58dda44fb2b266f3bb4798073700ebd3c36fe4ea901787cac8f35294f81799,2026-09-14T13:52:16,dgr6
https://npp.gov.in/public-reports/cea/daily/dgr/23-09-2022/dgr6-2022-09-23.xls,2022/2022-09-23_dgr6.xls,200,18944,c67e4c09207e792158dc359924e0bb6a356f45e9461ca13bba921984065b5716,2026-09-14T13:52:16,dgr6
https://npp.gov.in/public-reports/cea/daily/dgr/24-09-2022/dgr6-2022-09-24.xls,2022/2022-09-24_dgr6.xls,200,18944,a5d6577fe1b64159cf97752f9b07826358a189e8db803902f35165f0663fea8c,2026-09-14T13:52:17,dgr6
https://npp.gov.in/public-reports/cea/daily/dgr/25-09-2022/dgr6-2022-09-25.xls,2022/2022-09-25_dgr6.xls,404,0,,2026-09-14T13:52:17,dgr6
https://npp.gov.in/public-reports/cea/daily/dgr/26-09-2022/dgr6-2022-09-26.xls,2022/2022-09-26_dgr6.xls,200,18944,0a215a8603ab5884c54432247de19858227277c2fc6d9f99adc8ecbeae125414,2026-09-14T13:52:17,dgr6
https://npp.gov.in/public-reports/cea/daily/dgr/27-09-2022/dgr6-2022-09-27.xls,2022/2022-09-27_dgr6.xls,200,18944,218ac9547a3657a33e547a9f6f582134028477ba4dfe8573641ef941f4fe5a1a,2026-09-14T13:52:18,dgr6
https://npp.gov.in/public-reports/cea/daily/dgr/28-09-2022/dgr6-2022-09-28.xls,2022/2022-09-28_dgr6.xls,200,18944,1ee3af6df42d241cb6e787c3cabe38e740d6c570c871408dc8cea85a0992b4ea,2026-09-14T13:52:18,dgr6
https://npp.gov.in/public-reports/cea/daily/dgr/29-09-2022/dgr6-2022-09-29.xls,2022/2022-09-29_dgr6.xls,200,18944,1faee61c79eb62346a158324a48149bb52f446c8617a139eb2e8578fed266437,2026-09-14T13:52:19,dgr6
https://npp.gov.in/public-reports/cea/daily/dgr/30-09-2022/dgr6-2022-09-30.xls,2022/2022-09-30_dgr6.xls,200,18944,db09e05b2a7e33533931dabd4c4123b5a805610b0d00fa7065eff1083c238bed,2026-09-14T13:52:19,dgr6
https://npp.gov.in/public-reports/cea/daily/dgr/01-10-2022/dgr6-2022-10-01.xls,2022/2022-10-01_dgr6.xls,200,18944,edf485eff1d2d2fb8c731f0fcb22020563f4aeb99c59162f90fc49ce09069147,2026-09-14T13:52:19,dgr6
https://npp.gov.in/public-reports/cea/daily/dgr/02-10-2022/dgr6-2022-10-02.xls,2022/2022-10-02_dgr6.xls,200,18944,c3422e2e74f8806a81a12602c7a7a55d009595bf5a745a14647f0158236e5e16,2026-09-14T13:52:20,dgr6
https://npp.gov.in/public-reports/cea/daily/dgr/03-10-2022/dgr6-2022-10-03.xls,2022/2022-10-03_dgr6.xls,200,18944,a0bfc4a6df31c46306bcd7f5292ef747e6a752607ea95ff19176d0d70c4c34a6,2026-09-14T13:52:20,dgr6
https://npp.gov.in/public-reports/cea/daily/dgr/04-10-2022/dgr6-2022-10-04.xls,2022/2022-10-04_dgr6.xls,200,18944,55d592c1ba15ae7dcb63b295c8df8b60844aa62098a31c5ddb9135eb91eadbbf,2026-09-14T13:52:20,dgr6
https://npp.gov.in/public-reports/cea/daily/dgr/05-10-2022/dgr6-2022-10-05.xls,2022/2022-10-05_dgr6.xls,200,18944,6637417ff9437714f92987c98364f14433f1d3bd31b4fb7611c7e5427e792d45,2026-09-14T13:52:21,dgr6
https://npp.gov.in/public-reports/cea/daily/dgr/06-10-2022/dgr6-2022-10-06.xls,2022/2022-10-06_dgr6.xls,200,18944,2a8699765a98aa7a6afdbeb75f8862a690fe75c98a4e046e34c4eb1648fac695,2026-09-14T13:52:21,dgr6
https://npp.gov.in/public-reports/cea/daily/dgr/07-10-2022/dgr6-2022-10-07.xls,2022/2022-10-07_dgr6.xls,200,18944,1df124ca67f8abc22585f0d7818616b86e2e3bf59339c0091886d2cb2b19fded,2026-09-14T13:52:22,dgr6
https://npp.gov.in/public-reports/cea/daily/dgr/08-10-2022/dgr6-2022-10-08.xls,2022/2022-10-08_dgr6.xls,200,18944,53012ed25753d4dd5b3551eafea2a7d0554b32117b8d19dd05e6f44ab1abcd41,2026-09-14T13:52:22,dgr6
https://npp.gov.in/public-reports/cea/daily/dgr/09-10-2022/dgr6-2022-10-09.xls,2022/2022-10-09_dgr6.xls,200,18944,6a13c7436c0beb7c4f21ea0a343d4f932b958535f9bf3c472a1fdb2a914ad861,2026-09-14T13:52:22,dgr6
https://npp.gov.in/public-reports/cea/daily/dgr/10-10-2022/dgr6-2022-10-10.xls,2022/2022-10-10_dgr6.xls,200,18944,7c69ee662ce26cc0d5cd2a1b356daf7a2e849469c4eaedcd27a52e4b82e9903b,2026-09-14T13:52:23,dgr6
https://npp.gov.in/public-reports/cea/daily/dgr/11-10-2022/dgr6-2022-10-11.xls,2022/2022-10-11_dgr6.xls,200,4608,431c66c77d57f26c5beb9d818e836f636b8b6cf186f75dff3812b858cbc57bb2,2026-09-14T13:52:23,dgr6
https://npp.gov.in/public-reports/cea/daily/dgr/12-10-2022/dgr6-2022-10-12.xls,2022/2022-10-12_dgr6.xls,200,4608,431c66c77d57f26c5beb9d818e836f636b8b6cf186f75dff3812b858cbc57bb2,2026-09-14T13:52:23,dgr6
https://npp.gov.in/public-reports/cea/daily/dgr/13-10-2022/dgr6-2022-10-13.xls,2022/2022-10-13_dgr6.xls,200,18944,6dda36cb80e23b5ba3fc5bed2a4d846ddcf1c4c49360db3c826f8c4e6f9faddc,2026-09-14T13:52:24,dgr6
https://npp.gov.in/public-reports/cea/daily/dgr/14-10-2022/dgr6-2022-10-14.xls,2022/2022-10-14_dgr6.xls,200,18944,c2a9c0e764a33e1ed7ac08e0ca1c2fd0b6fba70bdebbcd815c04a17fa4cf9f84,2026-09-14T13:52:24,dgr6
https://npp.gov.in/public-reports/cea/daily/dgr/15-10-2022/dgr6-2022-10-15.xls,2022/2022-10-15_dgr6.xls,200,18944,90190c671e779d562bc00b5798712c0e3f79caffa59848c3df4443de4acd4639,2026-09-14T13:52:25,dgr6
https://npp.gov.in/public-reports/cea/daily/dgr/16-10-2022/dgr6-2022-10-16.xls,2022/2022-10-16_dgr6.xls,404,0,,2026-09-14T13:52:25,dgr6
https://npp.gov.in/public-reports/cea/daily/dgr/17-10-2022/dgr6-2022-10-17.xls,2022/2022-10-17_dgr6.xls,200,18944,68b0dc1d67b9bf7e3cfa38543e2182f559329854c72c54f44bc795072959527d,2026-09-14T13:52:26,dgr6
https://npp.gov.in/public-reports/cea/daily/dgr/18-10-2022/dgr6-2022-10-18.xls,2022/2022-10-18_dgr6.xls,200,18944,6fd60802afc822dfa50e8575d2cfd973bd19ed68eff80a1b653a3e8980e96f3c,2026-09-14T13:52:26,dgr6
https://npp.gov.in/public-reports/cea/daily/dgr/19-10-2022/dgr6-2022-10-19.xls,2022/2022-10-19_dgr6.xls,200,18944,6f436dced387080cb9c7090e14f4f4f7d3fa69c4470aef10c55d3e262ed31c80,2026-09-14T13:52:26,dgr6
https://npp.gov.in/public-reports/cea/daily/dgr/20-10-2022/dgr6-2022-10-20.xls,2022/2022-10-20_dgr6.xls,200,18944,b8acc2c6dc9ea5800befed0e88b7243fc601ceb3bd96205ab8e1c21c1dcfdbeb,2026-09-14T13:52:27,dgr6
https://npp.gov.in/public-reports/cea/daily/dgr/21-10-2022/dgr6-2022-10-21.xls,2022/2022-10-21_dgr6.xls,200,4608,431c66c77d57f26c5beb9d818e836f636b8b6cf186f75dff3812b858cbc57bb2,2026-09-14T13:52:27,dgr6
https://npp.gov.in/public-reports/cea/daily/dgr/22-10-2022/dgr6-2022-10-22.xls,2022/2022-10-22_dgr6.xls,200,18944,120038d4e04547c9be21d8b7e989f973f39d59fe6985daa107f16ba29d19dd71,2026-09-14T13:52:27,dgr6
https://npp.gov.in/public-reports/cea/daily/dgr/23-10-2022/dgr6-2022-10-23.xls,2022/2022-10-23_dgr6.xls,200,18944,41157177251a193758e39dfcf469bb052c508e8b6135e55e2acb06ba53f4ed45,2026-09-14T13:52:28,dgr6
https://npp.gov.in/public-reports/cea/daily/dgr/24-10-2022/dgr6-2022-10-24.xls,2022/2022-10-24_dgr6.xls,200,18944,59591f91fc3ef70733fbc9e9897411ee6e25496ce972f96ca4181d18c2f4bbc0,2026-09-14T13:52:29,dgr6
https://npp.gov.in/public-reports/cea/daily/dgr/25-10-2022/dgr6-2022-10-25.xls,2022/2022-10-25_dgr6.xls,200,18944,f5d5d45503bd63944fa795f01209285c0bbeca9f4ed38f3264699810402626ad,2026-09-14T13:52:29,dgr6
https://npp.gov.in/public-reports/cea/daily/dgr/26-10-2022/dgr6-2022-10-26.xls,2022/2022-10-26_dgr6.xls,200,18944,45036884188e1a89864de604f0d22fa7e6557c156abab21dbbf4d0a932079f73,2026-09-14T13:52:30,dgr6
https://npp.gov.in/public-reports/cea/daily/dgr/27-10-2022/dgr6-2022-10-27.xls,2022/2022-10-27_dgr6.xls,404,0,,2026-09-14T13:52:30,dgr6
https://npp.gov.in/public-reports/cea/daily/dgr/28-10-2022/dgr6-2022-10-28.xls,2022/2022-10-28_dgr6.xls,404,0,,2026-09-14T13:52:30,dgr6
https://npp.gov.in/public-reports/cea/daily/dgr/29-10-2022/dgr6-2022-10-29.xls,2022/2022-10-29_dgr6.xls,200,18944,ee9d922e0aea1a7640a89a664895c672278d83fa35ae541676b096855b7cba5f,2026-09-14T13:52:31,dgr6
https://npp.gov.in/public-reports/cea/daily/dgr/30-10-2022/dgr6-2022-10-30.xls,2022/2022-10-30_dgr6.xls,200,18944,6d8d64e13001fe9266bd619db3dc13056d9e8b543a036fadef313080b0afff3b,2026-09-14T13:52:31,dgr6
https://npp.gov.in/public-reports/cea/daily/dgr/31-10-2022/dgr6-2022-10-31.xls,2022/2022-10-31_dgr6.xls,200,18944,c364c7d13cf66e0f66e2e620e94b4334c3b7b2dc1359c461effac67555a2ce00,2026-09-14T13:52:31,dgr6
https://npp.gov.in/public-reports/cea/daily/dgr/01-11-2022/dgr6-2022-11-01.xls,2022/2022-11-01_dgr6.xls,404,0,,2026-09-14T13:52:32,dgr6
https://npp.gov.in/public-reports/cea/daily/dgr/02-11-2022/dgr6-2022-11-02.xls,2022/2022-11-02_dgr6.xls,200,18944,ce2905eebd6fe3805d9c3215089cb68fb782e6c932b29cbc1dc4296a0fbeac22,2026-09-14T13:52:32,dgr6
https://npp.gov.in/public-reports/cea/daily/dgr/03-11-2022/dgr6-2022-11-03.xls,2022/2022-11-03_dgr6.xls,404,0,,2026-09-14T13:52:33,dgr6
https://npp.gov.in/public-reports/cea/daily/dgr/04-11-2022/dgr6-2022-11-04.xls,2022/2022-11-04_dgr6.xls,200,18944,eb2aaa3c2c183da40f88d52f8676a0ff9452ca858ccad20d25195e646e6ad5d1,2026-09-14T13:52:33,dgr6
https://npp.gov.in/public-reports/cea/daily/dgr/05-11-2022/dgr6-2022-11-05.xls,2022/2022-11-05_dgr6.xls,200,18944,b391bd0144eec7f24d0dd5d9d9d5f9e94cc026e7e0910124314587311a6ed648,2026-09-14T13:52:33,dgr6
https://npp.gov.in/public-reports/cea/daily/dgr/06-11-2022/dgr6-2022-11-06.xls,2022/2022-11-06_dgr6.xls,200,18944,6975f3a89396e1e316489f54841bdcf507db8fb17f13d9b12592a484d1ecf9ae,2026-09-14T13:52:34,dgr6
https://npp.gov.in/public-reports/cea/daily/dgr/07-11-2022/dgr6-2022-11-07.xls,2022/2022-11-07_dgr6.xls,200,18944,f75d441ebf4c41cc2db47951cdc8bff312f8abf88877f3ca74a99f28884437e9,2026-09-14T13:52:34,dgr6
https://npp.gov.in/public-reports/cea/daily/dgr/08-11-2022/dgr6-2022-11-08.xls,2022/2022-11-08_dgr6.xls,200,4608,431c66c77d57f26c5beb9d818e836f636b8b6cf186f75dff3812b858cbc57bb2,2026-09-14T13:52:34,dgr6
https://npp.gov.in/public-reports/cea/daily/dgr/09-11-2022/dgr6-2022-11-09.xls,2022/2022-11-09_dgr6.xls,200,18944,10c80cc0fd5e5dfd31f015815489ade53015c4916660f3ebd77ecd9c51286d00,2026-09-14T13:52:35,dgr6
https://npp.gov.in/public-reports/cea/daily/dgr/10-11-2022/dgr6-2022-11-10.xls,2022/2022-11-10_dgr6.xls,200,18944,60eb8be1259efeab39099f7506c119f93b96de26a8df307b45ea37dc54e24f85,2026-09-14T13:52:35,dgr6
https://npp.gov.in/public-reports/cea/daily/dgr/11-11-2022/dgr6-2022-11-11.xls,2022/2022-11-11_dgr6.xls,200,18944,9c65366ad5ec4c249feb216e4cf341db2153caffa6f3c3b4e0ba03d46998e0cc,2026-09-14T13:52:36,dgr6
https://npp.gov.in/public-reports/cea/daily/dgr/12-11-2022/dgr6-2022-11-12.xls,2022/2022-11-12_dgr6.xls,200,18944,dffe9c30344430f4da853297f04dbdb38f927aea1d09ed0b86647847b10bed1e,2026-09-14T13:52:36,dgr6
https://npp.gov.in/public-reports/cea/daily/dgr/13-11-2022/dgr6-2022-11-13.xls,2022/2022-11-13_dgr6.xls,200,18944,7bdcc36054cf9b7f6ed217ab3a05571395566a766fe2ad057438cb3636b6b32f,2026-09-14T13:52:36,dgr6
https://npp.gov.in/public-reports/cea/daily/dgr/14-11-2022/dgr6-2022-11-14.xls,2022/2022-11-14_dgr6.xls,200,18944,7e114c042eea0440e499de0e696462b52efafc5fe4a117c18584c1e2ca850d61,2026-09-14T13:52:37,dgr6
https://npp.gov.in/public-reports/cea/daily/dgr/15-11-2022/dgr6-2022-11-15.xls,2022/2022-11-15_dgr6.xls,200,18944,bd016498e165a2b89860936ffc1bf450218ba216e2c5fa2e3d4aa422f27903d0,2026-09-14T13:52:37,dgr6
https://npp.gov.in/public-reports/cea/daily/dgr/16-11-2022/dgr6-2022-11-16.xls,2022/2022-11-16_dgr6.xls,200,18944,7ef8f9f839b0bf6dd428c72f2d1ef0049bef8b2efed256551fad787d92422461,2026-09-14T13:52:38,dgr6
https://npp.gov.in/public-reports/cea/daily/dgr/17-11-2022/dgr6-2022-11-17.xls,2022/2022-11-17_dgr6.xls,200,18944,c6817c43f0a0d33036a25666cbaa9ef5a3c731d76e5f95961974d14d938b80ff,2026-09-14T13:52:39,dgr6
https://npp.gov.in/public-reports/cea/daily/dgr/18-11-2022/dgr6-2022-11-18.xls,2022/2022-11-18_dgr6.xls,404,0,,2026-09-14T13:52:39,dgr6
https://npp.gov.in/public-reports/cea/daily/dgr/19-11-2022/dgr6-2022-11-19.xls,2022/2022-11-19_dgr6.xls,404,0,,2026-09-14T13:52:40,dgr6
https://npp.gov.in/public-reports/cea/daily/dgr/20-11-2022/dgr6-2022-11-20.xls,2022/2022-11-20_dgr6.xls,200,18944,010ba0533b6d984830c844ae8c94634e214fa8050797393a10a2fa3283cd53a9,2026-09-14T13:52:40,dgr6
https://npp.gov.in/public-reports/cea/daily/dgr/21-11-2022/dgr6-2022-11-21.xls,2022/2022-11-21_dgr6.xls,200,18944,fdfe5f2a3a8db295bf0ff4c9e6516f6e9e04976630940d8970d8991fa47ac2cd,2026-09-14T13:52:40,dgr6
https://npp.gov.in/public-reports/cea/daily/dgr/22-11-2022/dgr6-2022-11-22.xls,2022/2022-11-22_dgr6.xls,200,18944,4a6f70f45bd4006acbde613805d0f8795be07d6d96cc552ceb6f94ffb97d49d3,2026-09-14T13:52:41,dgr6
https://npp.gov.in/public-reports/cea/daily/dgr/23-11-2022/dgr6-2022-11-23.xls,2022/2022-11-23_dgr6.xls,200,18944,2b8554a6ce9b2af6fc2871daaa2c4d83aa7ce6d104fdc909bee5e0ed9f457e01,2026-09-14T13:52:41,dgr6
https://npp.gov.in/public-reports/cea/daily/dgr/24-11-2022/dgr6-2022-11-24.xls,2022/2022-11-24_dgr6.xls,200,18944,53385f9a4ca8c51e7dc236b0d1dd17754c1d736dfa439cf280f83875864aad1b,2026-09-14T13:52:41,dgr6
https://npp.gov.in/public-reports/cea/daily/dgr/25-11-2022/dgr6-2022-11-25.xls,2022/2022-11-25_dgr6.xls,200,18944,3d20f41e50e992943d0a00a3649c82b700a070e0e33b506ce1590f092c8a9ab6,2026-09-14T13:52:42,dgr6
https://npp.gov.in/public-reports/cea/daily/dgr/26-11-2022/dgr6-2022-11-26.xls,2022/2022-11-26_dgr6.xls,200,18944,3787aca1e1639c6c5572dcf9b3eae7f048a60671002a585b482a12d333244ff9,2026-09-14T13:52:42,dgr6
https://npp.gov.in/public-reports/cea/daily/dgr/27-11-2022/dgr6-2022-11-27.xls,2022/2022-11-27_dgr6.xls,200,18944,7e80d794552f0ed8b21b90b7c471e9e95b2f79a8c5bfed63c2fa464975e007e6,2026-09-14T13:52:43,dgr6
https://npp.gov.in/public-reports/cea/daily/dgr/28-11-2022/dgr6-2022-11-28.xls,2022/2022-11-28_dgr6.xls,200,18944,38e1d0ee7abb30abab4eaec15037872a852aea7872fd3133befa6bbf7a88738c,2026-09-14T13:52:43,dgr6
https://npp.gov.in/public-reports/cea/daily/dgr/29-11-2022/dgr6-2022-11-29.xls,2022/2022-11-29_dgr6.xls,200,18944,669227526a73513a7d3a3172dc70ab831264fdf1532a32c026485f97fc91c617,2026-09-14T13:52:43,dgr6
https://npp.gov.in/public-reports/cea/daily/dgr/30-11-2022/dgr6-2022-11-30.xls,2022/2022-11-30_dgr6.xls,200,18944,7f05ab2529d1f391b97afd0bde4b8210ce8da6defd2ce7a08db812426a68ddb6,2026-09-14T13:52:44,dgr6
https://npp.gov.in/public-reports/cea/daily/dgr/01-12-2022/dgr6-2022-12-01.xls,2022/2022-12-01_dgr6.xls,200,18944,960d9fd1275d56cdac0d3c494107029d2f031e4c585cf7bebc9b3d57296d3431,2026-09-14T13:52:44,dgr6
https://npp.gov.in/public-reports/cea/daily/dgr/02-12-2022/dgr6-2022-12-02.xls,2022/2022-12-02_dgr6.xls,200,18944,51b647e076666f1ec8d71827a4675163af062a6ef75b57d0d41ac8b48cead9f9,2026-09-14T13:52:44,dgr6
https://npp.gov.in/public-reports/cea/daily/dgr/03-12-2022/dgr6-2022-12-03.xls,2022/2022-12-03_dgr6.xls,200,18944,099c6b04804726f31acbd46aa69d4f30c66bed05a4639043c5dc254a33e1957c,2026-09-14T13:52:45,dgr6
https://npp.gov.in/public-reports/cea/daily/dgr/04-12-2022/dgr6-2022-12-04.xls,2022/2022-12-04_dgr6.xls,200,18944,6de93f11607aef9ad004b08a72a0e8a42046a353746121326fbbee24163d46d4,2026-09-14T13:52:45,dgr6
https://npp.gov.in/public-reports/cea/daily/dgr/05-12-2022/dgr6-2022-12-05.xls,2022/2022-12-05_dgr6.xls,200,18944,4c0789ac4e320b78db8c5cfca72f30363931fd7e582f5323594cd6789658f625,2026-09-14T13:52:46,dgr6
https://npp.gov.in/public-reports/cea/daily/dgr/06-12-2022/dgr6-2022-12-06.xls,2022/2022-12-06_dgr6.xls,200,18944,02adaf26d937324b638a00b7fce0644e7f21eb90080c724b807f4bd5902dfe8a,2026-09-14T13:52:46,dgr6
https://npp.gov.in/public-reports/cea/daily/dgr/07-12-2022/dgr6-2022-12-07.xls,2022/2022-12-07_dgr6.xls,200,18944,9335e9256b4349866aa5468f16d57f3fecd94c98c3d24b40f08bd6dae5ab3bf0,2026-09-14T13:52:46,dgr6
https://npp.gov.in/public-reports/cea/daily/dgr/08-12-2022/dgr6-2022-12-08.xls,2022/2022-12-08_dgr6.xls,200,18944,ca860156a1cdf3f16f4361de34ad34be2d7642f4f5c188b7b91f0bc54aa09d16,2026-09-14T13:52:47,dgr6
https://npp.gov.in/public-reports/cea/daily/dgr/09-12-2022/dgr6-2022-12-09.xls,2022/2022-12-09_dgr6.xls,200,18944,a9be8f652c4597bab5f98865f729411e0ffdd5c222676813f72390ba38786319,2026-09-14T13:52:47,dgr6
https://npp.gov.in/public-reports/cea/daily/dgr/10-12-2022/dgr6-2022-12-10.xls,2022/2022-12-10_dgr6.xls,200,18944,8670518add7b256fe2b01773c7dbcf8fa08594e985d35da3930a2f9056effd07,2026-09-14T13:52:48,dgr6
https://npp.gov.in/public-reports/cea/daily/dgr/11-12-2022/dgr6-2022-12-11.xls,2022/2022-12-11_dgr6.xls,200,18944,be7082e07a718b81385d2e7a36ab5179f12a6fe55a97a751fbe5cd5b3cbb34f5,2026-09-14T13:52:48,dgr6
https://npp.gov.in/public-reports/cea/daily/dgr/12-12-2022/dgr6-2022-12-12.xls,2022/2022-12-12_dgr6.xls,200,18944,a6b659a4c38d03fcfe50af32c85d8bd9f3b027d65afaad31b7118ef12f0f06b3,2026-09-14T13:52:48,dgr6
https://npp.gov.in/public-reports/cea/daily/dgr/13-12-2022/dgr6-2022-12-13.xls,2022/2022-12-13_dgr6.xls,200,18944,dcb912acee8f9e4f89da9e2ccef726b8aafd927ccb9661ba511da25a2bd142d2,2026-09-14T13:52:49,dgr6
https://npp.gov.in/public-reports/cea/daily/dgr/14-12-2022/dgr6-2022-12-14.xls,2022/2022-12-14_dgr6.xls,200,18944,aa852943192c407fd6ab6bc28debb8af8e198c59c0fded32fbd60fd4668ae1f8,2026-09-14T13:52:49,dgr6
https://npp.gov.in/public-reports/cea/daily/dgr/15-12-2022/dgr6-2022-12-15.xls,2022/2022-12-15_dgr6.xls,200,18944,c99deb2b455ffe4c40b24455325533dd17cf0d713d9e32de0f7fbc0510bce9c5,2026-09-14T13:52:49,dgr6
https://npp.gov.in/public-reports/cea/daily/dgr/16-12-2022/dgr6-2022-12-16.xls,2022/2022-12-16_dgr6.xls,200,18944,cf5ade1d5c0779258c7486a26d37929073f3cb0169901e216f0a3fda54c0e33c,2026-09-14T13:52:50,dgr6
https://npp.gov.in/public-reports/cea/daily/dgr/17-12-2022/dgr6-2022-12-17.xls,2022/2022-12-17_dgr6.xls,200,18944,1b946165af98db0c8026dc36cd7fdfbdfb83a64f7d20a86e34c13f38046aacb2,2026-09-14T13:52:50,dgr6
https://npp.gov.in/public-reports/cea/daily/dgr/18-12-2022/dgr6-2022-12-18.xls,2022/2022-12-18_dgr6.xls,404,0,,2026-09-14T13:52:51,dgr6
https://npp.gov.in/public-reports/cea/daily/dgr/19-12-2022/dgr6-2022-12-19.xls,2022/2022-12-19_dgr6.xls,200,18944,a91fdd71947124fb803e8468ff84d825fbf4e9c8e8c8423d4dffa31ad5fcb5ae,2026-09-14T13:52:51,dgr6
https://npp.gov.in/public-reports/cea/daily/dgr/20-12-2022/dgr6-2022-12-20.xls,2022/2022-12-20_dgr6.xls,200,18944,aaaf363bf621aa1678311040210b40f32f1effe48e164be2992a3542509add8a,2026-09-14T13:52:51,dgr6
https://npp.gov.in/public-reports/cea/daily/dgr/21-12-2022/dgr6-2022-12-21.xls,2022/2022-12-21_dgr6.xls,200,18944,4617cc07ab1414bfce5e4917b92bf0d2e9cab013d2d3e5516a7c09a8fa91b4a8,2026-09-14T13:52:52,dgr6
https://npp.gov.in/public-reports/cea/daily/dgr/22-12-2022/dgr6-2022-12-22.xls,2022/2022-12-22_dgr6.xls,200,18944,6cd0a418e4d0a7deca4574d5124ac4ed599fc4a3794440b601bb45b4e05a6433,2026-09-14T13:52:52,dgr6
https://npp.gov.in/public-reports/cea/daily/dgr/23-12-2022/dgr6-2022-12-23.xls,2022/2022-12-23_dgr6.xls,200,18944,df62b3a2f1c7e42258f5eab832d4f82452357955fdc3cd0c0a351c2c574f7104,2026-09-14T13:52:52,dgr6
https://npp.gov.in/public-reports/cea/daily/dgr/24-12-2022/dgr6-2022-12-24.xls,2022/2022-12-24_dgr6.xls,200,18944,a2df801b439264f13cbc4e56dc2060cb01bbec428652e272164de8ec29e96cf0,2026-09-14T13:52:53,dgr6
https://npp.gov.in/public-reports/cea/daily/dgr/25-12-2022/dgr6-2022-12-25.xls,2022/2022-12-25_dgr6.xls,200,18944,d09863238eda74cb1006ce3180895a09cbc78b303b46f6e04c3d92956e573176,2026-09-14T13:52:53,dgr6
https://npp.gov.in/public-reports/cea/daily/dgr/26-12-2022/dgr6-2022-12-26.xls,2022/2022-12-26_dgr6.xls,200,18944,97ed0fa336427d0624802467b82bb12c16ebba281ac691b525cc19da129932d0,2026-09-14T13:52:54,dgr6
https://npp.gov.in/public-reports/cea/daily/dgr/27-12-2022/dgr6-2022-12-27.xls,2022/2022-12-27_dgr6.xls,200,18944,cb8f00380b5f04bb7d1df2b7ad8a818479ab87c6632e0c50d0bb131b5c8cfb4d,2026-09-14T13:52:54,dgr6
https://npp.gov.in/public-reports/cea/daily/dgr/28-12-2022/dgr6-2022-12-28.xls,2022/2022-12-28_dgr6.xls,200,18944,5d613277ce88783526814210bea0788839f95b94dbdcda420083932885baaa50,2026-09-14T13:52:54,dgr6
https://npp.gov.in/public-reports/cea/daily/dgr/29-12-2022/dgr6-2022-12-29.xls,2022/2022-12-29_dgr6.xls,404,0,,2026-09-14T13:52:55,dgr6
https://npp.gov.in/public-reports/cea/daily/dgr/30-12-2022/dgr6-2022-12-30.xls,2022/2022-12-30_dgr6.xls,404,0,,2026-09-14T13:52:55,dgr6
https://npp.gov.in/public-reports/cea/daily/dgr/31-12-2022/dgr6-2022-12-31.xls,2022/2022-12-31_dgr6.xls,200,18944,e7684d0ce4f15a36fbd4b22725bf8ad8c8ccb9f7f0acf81fc95d4098fc5b6110,2026-09-14T13:52:55,dgr6
https://npp.gov.in/public-reports/cea/daily/dgr/01-01-2023/dgr6-2023-01-01.xls,2023/2023-01-01_dgr6.xls,200,18944,5910c4e77a255cedc74920728af3d9c7c741eb001ef2ce954f367e527c5f3770,2026-09-14T13:52:56,dgr6
https://npp.gov.in/public-reports/cea/daily/dgr/02-01-2023/dgr6-2023-01-02.xls,2023/2023-01-02_dgr6.xls,200,18944,2abd172978bb3ec152bc6f618035f1272b883965888ef9efb1b10d55a56a7535,2026-09-14T13:52:56,dgr6
https://npp.gov.in/public-reports/cea/daily/dgr/03-01-2023/dgr6-2023-01-03.xls,2023/2023-01-03_dgr6.xls,200,18944,9eb966527bd9a436bda351ad23ad6d5a73b59f45a98afeed0124c20b00b92f92,2026-09-14T13:52:57,dgr6
https://npp.gov.in/public-reports/cea/daily/dgr/04-01-2023/dgr6-2023-01-04.xls,2023/2023-01-04_dgr6.xls,404,0,,2026-09-14T13:52:57,dgr6
https://npp.gov.in/public-reports/cea/daily/dgr/05-01-2023/dgr6-2023-01-05.xls,2023/2023-01-05_dgr6.xls,200,18944,ebcad738dc5983a7e89130767dbf367f29ef9c544a66b11080f93b9ee7487875,2026-09-14T13:52:57,dgr6
https://npp.gov.in/public-reports/cea/daily/dgr/06-01-2023/dgr6-2023-01-06.xls,2023/2023-01-06_dgr6.xls,200,18944,09ebf834187af426d3f4582acc7b5ccd6dc426837351cebee4ac6fd29abb84df,2026-09-14T13:52:58,dgr6
https://npp.gov.in/public-reports/cea/daily/dgr/07-01-2023/dgr6-2023-01-07.xls,2023/2023-01-07_dgr6.xls,200,18944,9199f288205615a5805ec95a986a026cd0357b17a8591c2c4a0342c7e7b208b9,2026-09-14T13:52:58,dgr6
https://npp.gov.in/public-reports/cea/daily/dgr/08-01-2023/dgr6-2023-01-08.xls,2023/2023-01-08_dgr6.xls,200,18944,905a4cfbf23ac9f0b7ae56a46ba90ee3ae5e992edc3c7b790d41e4eb00e41a13,2026-09-14T13:52:59,dgr6
https://npp.gov.in/public-reports/cea/daily/dgr/09-01-2023/dgr6-2023-01-09.xls,2023/2023-01-09_dgr6.xls,200,18944,8171001bfaf31058a7d01cdec6a9f0f3c8343351cea342f54957daa38c88acdb,2026-09-14T13:52:59,dgr6
https://npp.gov.in/public-reports/cea/daily/dgr/10-01-2023/dgr6-2023-01-10.xls,2023/2023-01-10_dgr6.xls,200,18944,1f075081a3a57b8a75083122942405ba9912657349dbbea85e046d157df1a084,2026-09-14T13:52:59,dgr6
https://npp.gov.in/public-reports/cea/daily/dgr/11-01-2023/dgr6-2023-01-11.xls,2023/2023-01-11_dgr6.xls,200,18944,2f3499e3a5aa95fb91e8d297940815fabbea49e544c3deb7f6679c893995d7f8,2026-09-14T13:53:00,dgr6
https://npp.gov.in/public-reports/cea/daily/dgr/12-01-2023/dgr6-2023-01-12.xls,2023/2023-01-12_dgr6.xls,404,0,,2026-09-14T13:53:00,dgr6
https://npp.gov.in/public-reports/cea/daily/dgr/13-01-2023/dgr6-2023-01-13.xls,2023/2023-01-13_dgr6.xls,200,18944,03c5d477925eba0b62385aaef46e9cba501bd7ed6ed34907038bb155db3b09e0,2026-09-14T13:53:00,dgr6
https://npp.gov.in/public-reports/cea/daily/dgr/14-01-2023/dgr6-2023-01-14.xls,2023/2023-01-14_dgr6.xls,200,18944,36dd307e47076d815c5ab0e1f7b555c2aac8edeeebc4c83bd7311fa35ec5fba6,2026-09-14T13:53:01,dgr6
https://npp.gov.in/public-reports/cea/daily/dgr/15-01-2023/dgr6-2023-01-15.xls,2023/2023-01-15_dgr6.xls,200,18944,ae43ec62e23ff2642b41fbadde4512d74f2103d494b9b933033a0c0269a68c08,2026-09-14T13:53:01,dgr6
https://npp.gov.in/public-reports/cea/daily/dgr/16-01-2023/dgr6-2023-01-16.xls,2023/2023-01-16_dgr6.xls,200,18944,54aff5ed05778dee2c0c2bbe0ad8e02b84adcaf1ccc985e99632a4f2fbdfdc48,2026-09-14T13:53:02,dgr6
https://npp.gov.in/public-reports/cea/daily/dgr/17-01-2023/dgr6-2023-01-17.xls,2023/2023-01-17_dgr6.xls,200,18944,6c92c7fb9923b74c88973b00673647a7c9cadd83532d10030f31c44935b9ebf6,2026-09-14T13:53:02,dgr6
https://npp.gov.in/public-reports/cea/daily/dgr/18-01-2023/dgr6-2023-01-18.xls,2023/2023-01-18_dgr6.xls,200,18944,4477cac85bf4343c6aab5d75287e60557bba4171f797fce8b7237f011bafb844,2026-09-14T13:53:02,dgr6
https://npp.gov.in/public-reports/cea/daily/dgr/19-01-2023/dgr6-2023-01-19.xls,2023/2023-01-19_dgr6.xls,200,18944,522582722eaa161faa7b773eeb63fcef1c37d605a7d5f04e2719930ae7617651,2026-09-14T13:53:03,dgr6
https://npp.gov.in/public-reports/cea/daily/dgr/20-01-2023/dgr6-2023-01-20.xls,2023/2023-01-20_dgr6.xls,200,18944,3c97231ec8750eb67e1bf70357a3a630c7d4c75736530253777de2375dc3f180,2026-09-14T13:53:03,dgr6
https://npp.gov.in/public-reports/cea/daily/dgr/21-01-2023/dgr6-2023-01-21.xls,2023/2023-01-21_dgr6.xls,404,0,,2026-09-14T13:53:03,dgr6
https://npp.gov.in/public-reports/cea/daily/dgr/22-01-2023/dgr6-2023-01-22.xls,2023/2023-01-22_dgr6.xls,200,18944,2528923f5d5140059bc1153b3a39f9d31f812744e2ff200f67ff46f1948f970e,2026-09-14T13:53:04,dgr6
https://npp.gov.in/public-reports/cea/daily/dgr/23-01-2023/dgr6-2023-01-23.xls,2023/2023-01-23_dgr6.xls,200,18944,6e6451f2a37bb2592b0cb4fd11ed575b3b9169995b18cbc2658dde5416016df7,2026-09-14T13:53:04,dgr6
https://npp.gov.in/public-reports/cea/daily/dgr/24-01-2023/dgr6-2023-01-24.xls,2023/2023-01-24_dgr6.xls,200,18944,90486557edf9c7fe0df436142cb01359862471148690746717b412cd12ac1c47,2026-09-14T13:53:05,dgr6
https://npp.gov.in/public-reports/cea/daily/dgr/25-01-2023/dgr6-2023-01-25.xls,2023/2023-01-25_dgr6.xls,200,18944,ccec974ea3592c4a7d39bf34713941b4410fcd0a7fa452fdd3886ca25da1c0b0,2026-09-14T13:53:05,dgr6
https://npp.gov.in/public-reports/cea/daily/dgr/26-01-2023/dgr6-2023-01-26.xls,2023/2023-01-26_dgr6.xls,404,0,,2026-09-14T13:53:05,dgr6
https://npp.gov.in/public-reports/cea/daily/dgr/27-01-2023/dgr6-2023-01-27.xls,2023/2023-01-27_dgr6.xls,200,18944,88d3f5e6f166bb76c3b450d6ff8cfd0e0b3fdb959aff3413ba80dd47bedc0b13,2026-09-14T13:53:06,dgr6
https://npp.gov.in/public-reports/cea/daily/dgr/28-01-2023/dgr6-2023-01-28.xls,2023/2023-01-28_dgr6.xls,200,18944,17f7980f2aaf26145445e8eabcf3e2b01593070021df538679cddff0b8e5d5d4,2026-09-14T13:53:06,dgr6
https://npp.gov.in/public-reports/cea/daily/dgr/29-01-2023/dgr6-2023-01-29.xls,2023/2023-01-29_dgr6.xls,200,18944,33f40650fecadf744960a6aa10fae3d7abea697acc33c6469b9865521f0a3cd8,2026-09-14T13:53:06,dgr6
https://npp.gov.in/public-reports/cea/daily/dgr/30-01-2023/dgr6-2023-01-30.xls,2023/2023-01-30_dgr6.xls,200,18944,cfb11380364f0e618f17a342b715b038202a65427ea9af264793f8edc5a32671,2026-09-14T13:53:07,dgr6
https://npp.gov.in/public-reports/cea/daily/dgr/31-01-2023/dgr6-2023-01-31.xls,2023/2023-01-31_dgr6.xls,200,18944,80b17b2632f37124fc537de80f23aeb57fa4075347dee17785068ddf1e6f29d5,2026-09-14T13:53:07,dgr6
https://npp.gov.in/public-reports/cea/daily/dgr/01-02-2023/dgr6-2023-02-01.xls,2023/2023-02-01_dgr6.xls,200,18944,0f1ea39c36a0daf52616fb9c09772dff35de5772f1c61b7160722074857b9fa9,2026-09-14T13:53:08,dgr6
https://npp.gov.in/public-reports/cea/daily/dgr/02-02-2023/dgr6-2023-02-02.xls,2023/2023-02-02_dgr6.xls,200,18944,6928d25b87ba115e317ca970c2f61ec2e2c5e6d0ff58dc93c73b0d63dedee6b5,2026-09-14T13:53:08,dgr6
https://npp.gov.in/public-reports/cea/daily/dgr/03-02-2023/dgr6-2023-02-03.xls,2023/2023-02-03_dgr6.xls,200,18944,b603e1b3e731a28f809a9482147a94f114ec419e813fb01747eeef930f3de0e6,2026-09-14T13:53:09,dgr6
https://npp.gov.in/public-reports/cea/daily/dgr/04-02-2023/dgr6-2023-02-04.xls,2023/2023-02-04_dgr6.xls,200,18944,5f12ec4aa16eea689e595221476e289ec1ab2a9b5f928209a9b934d0bbdadc0f,2026-09-14T13:53:09,dgr6
https://npp.gov.in/public-reports/cea/daily/dgr/05-02-2023/dgr6-2023-02-05.xls,2023/2023-02-05_dgr6.xls,200,18944,f1e18b202e876ff4d2cdcafbb960a7f28a54a1b05fc0e8a918dd07c5179829bd,2026-09-14T13:53:09,dgr6
https://npp.gov.in/public-reports/cea/daily/dgr/06-02-2023/dgr6-2023-02-06.xls,2023/2023-02-06_dgr6.xls,200,18944,788f49d1dbf88a146cc04684e09394876db3a2e062862e1d3c1d35bed31e3054,2026-09-14T13:53:10,dgr6
https://npp.gov.in/public-reports/cea/daily/dgr/07-02-2023/dgr6-2023-02-07.xls,2023/2023-02-07_dgr6.xls,200,18944,d62053bcb6036563966102f7deb98ebb21567224d1a42933553171724b787d78,2026-09-14T13:53:10,dgr6
https://npp.gov.in/public-reports/cea/daily/dgr/08-02-2023/dgr6-2023-02-08.xls,2023/2023-02-08_dgr6.xls,200,18944,7be942937c6d16fcc96aaa3b3109c210367da26026f9e909d75f0a5be92a25cd,2026-09-14T13:53:11,dgr6
https://npp.gov.in/public-reports/cea/daily/dgr/09-02-2023/dgr6-2023-02-09.xls,2023/2023-02-09_dgr6.xls,404,0,,2026-09-14T13:53:11,dgr6
https://npp.gov.in/public-reports/cea/daily/dgr/10-02-2023/dgr6-2023-02-10.xls,2023/2023-02-10_dgr6.xls,200,18944,3763c690a3b715072e2ab04837944aea1ac3b642804cb7c6560bc7c17f1b3df2,2026-09-14T13:53:13,dgr6
https://npp.gov.in/public-reports/cea/daily/dgr/11-02-2023/dgr6-2023-02-11.xls,2023/2023-02-11_dgr6.xls,200,18944,a02a4af44810228652a705acfc17190c46a1492a0a5a8e1055922e1c66468501,2026-09-14T13:53:13,dgr6
https://npp.gov.in/public-reports/cea/daily/dgr/12-02-2023/dgr6-2023-02-12.xls,2023/2023-02-12_dgr6.xls,200,18944,6ab0390594fd161e5b9a59339f643363d04a03d2185aea241db2d2a214a7b5ee,2026-09-14T13:53:14,dgr6
https://npp.gov.in/public-reports/cea/daily/dgr/13-02-2023/dgr6-2023-02-13.xls,2023/2023-02-13_dgr6.xls,404,0,,2026-09-14T13:53:14,dgr6
https://npp.gov.in/public-reports/cea/daily/dgr/14-02-2023/dgr6-2023-02-14.xls,2023/2023-02-14_dgr6.xls,404,0,,2026-09-14T13:53:14,dgr6
https://npp.gov.in/public-reports/cea/daily/dgr/15-02-2023/dgr6-2023-02-15.xls,2023/2023-02-15_dgr6.xls,200,18944,9d9ec8b8cfc176a1422f6beb6f8f3fb8c4c02844c3c5cf6b035064b03b3c3cd3,2026-09-14T13:53:15,dgr6
https://npp.gov.in/public-reports/cea/daily/dgr/16-02-2023/dgr6-2023-02-16.xls,2023/2023-02-16_dgr6.xls,200,18944,c0036461d84fc0a483c30b2c27a55467023a4384f558784bff1a547b336d3555,2026-09-14T13:53:17,dgr6
https://npp.gov.in/public-reports/cea/daily/dgr/17-02-2023/dgr6-2023-02-17.xls,2023/2023-02-17_dgr6.xls,200,18944,a2589305893176529ad08c89630463fcc33fdc589b50dd243249cedeea2f8b16,2026-09-14T13:53:19,dgr6
https://npp.gov.in/public-reports/cea/daily/dgr/18-02-2023/dgr6-2023-02-18.xls,2023/2023-02-18_dgr6.xls,200,18944,3d6c23155cbcb1a7a83e2f0b778005708320eb46b2d78ada6e9782586fc8835d,2026-09-14T13:53:19,dgr6
https://npp.gov.in/public-reports/cea/daily/dgr/19-02-2023/dgr6-2023-02-19.xls,2023/2023-02-19_dgr6.xls,200,18944,61cf8b157d16ffbe2fa7ebe81444423ed8e0330b48b6d00c213c2917b5010cb7,2026-09-14T13:53:20,dgr6
https://npp.gov.in/public-reports/cea/daily/dgr/20-02-2023/dgr6-2023-02-20.xls,2023/2023-02-20_dgr6.xls,200,18944,3e1ee177d5c0f6088718867fcbb7942517abb6f66c87417bc4458e6406bdb749,2026-09-14T13:53:20,dgr6
https://npp.gov.in/public-reports/cea/daily/dgr/21-02-2023/dgr6-2023-02-21.xls,2023/2023-02-21_dgr6.xls,200,18944,3e1b1cf309bd41cd2313c53b6d5271d902f036cfda2d3d93e4184e4dc056a86f,2026-09-14T13:53:21,dgr6
https://npp.gov.in/public-reports/cea/daily/dgr/22-02-2023/dgr6-2023-02-22.xls,2023/2023-02-22_dgr6.xls,200,18944,b4c0cabff0243e4ddc44bb195f5fc55c52a6a830eaab8d350bfdbead1c056e87,2026-09-14T13:53:21,dgr6
https://npp.gov.in/public-reports/cea/daily/dgr/23-02-2023/dgr6-2023-02-23.xls,2023/2023-02-23_dgr6.xls,200,18944,2d69076f253ac78301ff35e5be009ec4ceb49b18eb073d08053d75cd0ca5f3e5,2026-09-14T13:53:22,dgr6
https://npp.gov.in/public-reports/cea/daily/dgr/24-02-2023/dgr6-2023-02-24.xls,2023/2023-02-24_dgr6.xls,200,18944,9e1d0d152add1834d10c039923bef9cdaa0ae1c5b672ff1c2c4162eb97a563df,2026-09-14T13:53:23,dgr6
https://npp.gov.in/public-reports/cea/daily/dgr/25-02-2023/dgr6-2023-02-25.xls,2023/2023-02-25_dgr6.xls,200,18944,f4abc17b0bc767918d4e0ed75617c898de83f7b69a7683e2c169ce569edb5574,2026-09-14T13:53:23,dgr6
https://npp.gov.in/public-reports/cea/daily/dgr/26-02-2023/dgr6-2023-02-26.xls,2023/2023-02-26_dgr6.xls,404,0,,2026-09-14T13:53:24,dgr6
https://npp.gov.in/public-reports/cea/daily/dgr/27-02-2023/dgr6-2023-02-27.xls,2023/2023-02-27_dgr6.xls,200,18944,dba83ebf6dd4c9f0f1e03a823ec99424bc1edf4c562eec9761cf63fa554cb3cf,2026-09-14T13:53:24,dgr6
https://npp.gov.in/public-reports/cea/daily/dgr/28-02-2023/dgr6-2023-02-28.xls,2023/2023-02-28_dgr6.xls,200,18944,537792dd13a61d5a0918add9e1c4163c8b75634fbe4fb9c87757029c957c3f8c,2026-09-14T13:53:24,dgr6
https://npp.gov.in/public-reports/cea/daily/dgr/01-03-2023/dgr6-2023-03-01.xls,2023/2023-03-01_dgr6.xls,200,18944,d02233492b3fcc3c1319301dd13fed60a6992012a1c95f3f1da680b5e2c212f2,2026-09-14T13:53:26,dgr6
https://npp.gov.in/public-reports/cea/daily/dgr/02-03-2023/dgr6-2023-03-02.xls,2023/2023-03-02_dgr6.xls,200,18944,1614f4e70428ef426c193f4d86210a0d4b5a2ded2c783a52f56efd8664b40034,2026-09-14T13:53:26,dgr6
https://npp.gov.in/public-reports/cea/daily/dgr/03-03-2023/dgr6-2023-03-03.xls,2023/2023-03-03_dgr6.xls,200,18944,e0647ede5353c647218da4f540370f46f966c4b11168a8cc188254a80e626e4e,2026-09-14T13:53:27,dgr6
https://npp.gov.in/public-reports/cea/daily/dgr/04-03-2023/dgr6-2023-03-04.xls,2023/2023-03-04_dgr6.xls,200,18944,a9b216ed8636cbdb0294dae4d313f5af09b96b82966684de8cb5494d4b7786e1,2026-09-14T13:53:27,dgr6
https://npp.gov.in/public-reports/cea/daily/dgr/05-03-2023/dgr6-2023-03-05.xls,2023/2023-03-05_dgr6.xls,200,18944,24c9c286b8b38fe4c5a1d418529aef54ac3603a24345b885f24fd91fefdd3f5b,2026-09-14T13:53:27,dgr6
https://npp.gov.in/public-reports/cea/daily/dgr/06-03-2023/dgr6-2023-03-06.xls,2023/2023-03-06_dgr6.xls,200,18944,203db1eab9f4113f3aadd2eea7de3e3fe89072fd86d7a98e149d13cab11bdd1f,2026-09-14T13:53:28,dgr6
https://npp.gov.in/public-reports/cea/daily/dgr/07-03-2023/dgr6-2023-03-07.xls,2023/2023-03-07_dgr6.xls,200,18944,722fce10728b41e83baf9c83fa6e7202ab5d37d388b04feebeaf5859af91cd27,2026-09-14T13:53:28,dgr6
https://npp.gov.in/public-reports/cea/daily/dgr/08-03-2023/dgr6-2023-03-08.xls,2023/2023-03-08_dgr6.xls,200,18944,e990588b9f2aa5fb3433902f65f98dadba42cf38ed145b85048c77f416e20154,2026-09-14T13:53:29,dgr6
https://npp.gov.in/public-reports/cea/daily/dgr/09-03-2023/dgr6-2023-03-09.xls,2023/2023-03-09_dgr6.xls,404,0,,2026-09-14T13:53:29,dgr6
https://npp.gov.in/public-reports/cea/daily/dgr/10-03-2023/dgr6-2023-03-10.xls,2023/2023-03-10_dgr6.xls,404,0,,2026-09-14T13:53:29,dgr6
https://npp.gov.in/public-reports/cea/daily/dgr/11-03-2023/dgr6-2023-03-11.xls,2023/2023-03-11_dgr6.xls,404,0,,2026-09-14T13:53:30,dgr6
https://npp.gov.in/public-reports/cea/daily/dgr/12-03-2023/dgr6-2023-03-12.xls,2023/2023-03-12_dgr6.xls,404,0,,2026-09-14T13:53:30,dgr6
https://npp.gov.in/public-reports/cea/daily/dgr/13-03-2023/dgr6-2023-03-13.xls,2023/2023-03-13_dgr6.xls,404,0,,2026-09-14T13:53:32,dgr6
https://npp.gov.in/public-reports/cea/daily/dgr/14-03-2023/dgr6-2023-03-14.xls,2023/2023-03-14_dgr6.xls,404,0,,2026-09-14T13:53:32,dgr6
https://npp.gov.in/public-reports/cea/daily/dgr/15-03-2023/dgr6-2023-03-15.xls,2023/2023-03-15_dgr6.xls,404,0,,2026-09-14T13:53:32,dgr6
https://npp.gov.in/public-reports/cea/daily/dgr/16-03-2023/dgr6-2023-03-16.xls,2023/2023-03-16_dgr6.xls,404,0,,2026-09-14T13:53:33,dgr6
https://npp.gov.in/public-reports/cea/daily/dgr/17-03-2023/dgr6-2023-03-17.xls,2023/2023-03-17_dgr6.xls,404,0,,2026-09-14T13:53:33,dgr6
https://npp.gov.in/public-reports/cea/daily/dgr/18-03-2023/dgr6-2023-03-18.xls,2023/2023-03-18_dgr6.xls,404,0,,2026-09-14T13:53:33,dgr6
https://npp.gov.in/public-reports/cea/daily/dgr/19-03-2023/dgr6-2023-03-19.xls,2023/2023-03-19_dgr6.xls,404,0,,2026-09-14T13:53:35,dgr6
https://npp.gov.in/public-reports/cea/daily/dgr/20-03-2023/dgr6-2023-03-20.xls,2023/2023-03-20_dgr6.xls,404,0,,2026-09-14T13:53:35,dgr6
https://npp.gov.in/public-reports/cea/daily/dgr/21-03-2023/dgr6-2023-03-21.xls,2023/2023-03-21_dgr6.xls,404,0,,2026-09-14T13:53:36,dgr6
https://npp.gov.in/public-reports/cea/daily/dgr/22-03-2023/dgr6-2023-03-22.xls,2023/2023-03-22_dgr6.xls,404,0,,2026-09-14T13:53:36,dgr6
https://npp.gov.in/public-reports/cea/daily/dgr/23-03-2023/dgr6-2023-03-23.xls,2023/2023-03-23_dgr6.xls,404,0,,2026-09-14T13:53:37,dgr6
https://npp.gov.in/public-reports/cea/daily/dgr/24-03-2023/dgr6-2023-03-24.xls,2023/2023-03-24_dgr6.xls,404,0,,2026-09-14T13:53:37,dgr6
https://npp.gov.in/public-reports/cea/daily/dgr/25-03-2023/dgr6-2023-03-25.xls,2023/2023-03-25_dgr6.xls,404,0,,2026-09-14T13:53:37,dgr6
https://npp.gov.in/public-reports/cea/daily/dgr/26-03-2023/dgr6-2023-03-26.xls,2023/2023-03-26_dgr6.xls,404,0,,2026-09-14T13:53:38,dgr6
https://npp.gov.in/public-reports/cea/daily/dgr/27-03-2023/dgr6-2023-03-27.xls,2023/2023-03-27_dgr6.xls,404,0,,2026-09-14T13:53:40,dgr6
https://npp.gov.in/public-reports/cea/daily/dgr/28-03-2023/dgr6-2023-03-28.xls,2023/2023-03-28_dgr6.xls,404,0,,2026-09-14T13:53:40,dgr6
https://npp.gov.in/public-reports/cea/daily/dgr/29-03-2023/dgr6-2023-03-29.xls,2023/2023-03-29_dgr6.xls,404,0,,2026-09-14T13:53:41,dgr6
https://npp.gov.in/public-reports/cea/daily/dgr/30-03-2023/dgr6-2023-03-30.xls,2023/2023-03-30_dgr6.xls,404,0,,2026-09-14T13:53:41,dgr6
https://npp.gov.in/public-reports/cea/daily/dgr/31-03-2023/dgr6-2023-03-31.xls,2023/2023-03-31_dgr6.xls,404,0,,2026-09-14T13:53:42,dgr6
https://npp.gov.in/public-reports/cea/daily/dgr/01-04-2023/dgr6-2023-04-01.xls,2023/2023-04-01_dgr6.xls,404,0,,2026-09-14T13:53:42,dgr6
https://npp.gov.in/public-reports/cea/daily/dgr/02-04-2023/dgr6-2023-04-02.xls,2023/2023-04-02_dgr6.xls,404,0,,2026-09-14T13:53:42,dgr6
https://npp.gov.in/public-reports/cea/daily/dgr/03-04-2023/dgr6-2023-04-03.xls,2023/2023-04-03_dgr6.xls,404,0,,2026-09-14T13:53:43,dgr6
https://npp.gov.in/public-reports/cea/daily/dgr/04-04-2023/dgr6-2023-04-04.xls,2023/2023-04-04_dgr6.xls,404,0,,2026-09-14T13:53:43,dgr6
https://npp.gov.in/public-reports/cea/daily/dgr/05-04-2023/dgr6-2023-04-05.xls,2023/2023-04-05_dgr6.xls,404,0,,2026-09-14T13:53:44,dgr6
https://npp.gov.in/public-reports/cea/daily/dgr/06-04-2023/dgr6-2023-04-06.xls,2023/2023-04-06_dgr6.xls,404,0,,2026-09-14T13:53:44,dgr6
https://npp.gov.in/public-reports/cea/daily/dgr/07-04-2023/dgr6-2023-04-07.xls,2023/2023-04-07_dgr6.xls,404,0,,2026-09-14T13:53:45,dgr6
https://npp.gov.in/public-reports/cea/daily/dgr/08-04-2023/dgr6-2023-04-08.xls,2023/2023-04-08_dgr6.xls,404,0,,2026-09-14T13:53:45,dgr6
https://npp.gov.in/public-reports/cea/daily/dgr/09-04-2023/dgr6-2023-04-09.xls,2023/2023-04-09_dgr6.xls,404,0,,2026-09-14T13:53:46,dgr6
https://npp.gov.in/public-reports/cea/daily/dgr/10-04-2023/dgr6-2023-04-10.xls,2023/2023-04-10_dgr6.xls,404,0,,2026-09-14T13:53:46,dgr6
https://npp.gov.in/public-reports/cea/daily/dgr/11-04-2023/dgr6-2023-04-11.xls,2023/2023-04-11_dgr6.xls,404,0,,2026-09-14T13:53:47,dgr6
https://npp.gov.in/public-reports/cea/daily/dgr/12-04-2023/dgr6-2023-04-12.xls,2023/2023-04-12_dgr6.xls,404,0,,2026-09-14T13:53:48,dgr6
https://npp.gov.in/public-reports/cea/daily/dgr/13-04-2023/dgr6-2023-04-13.xls,2023/2023-04-13_dgr6.xls,404,0,,2026-09-14T13:53:48,dgr6
https://npp.gov.in/public-reports/cea/daily/dgr/14-04-2023/dgr6-2023-04-14.xls,2023/2023-04-14_dgr6.xls,404,0,,2026-09-14T13:53:49,dgr6
https://npp.gov.in/public-reports/cea/daily/dgr/15-04-2023/dgr6-2023-04-15.xls,2023/2023-04-15_dgr6.xls,404,0,,2026-09-14T13:53:49,dgr6
https://npp.gov.in/public-reports/cea/daily/dgr/16-04-2023/dgr6-2023-04-16.xls,2023/2023-04-16_dgr6.xls,404,0,,2026-09-14T13:53:50,dgr6
https://npp.gov.in/public-reports/cea/daily/dgr/17-04-2023/dgr6-2023-04-17.xls,2023/2023-04-17_dgr6.xls,404,0,,2026-09-14T13:53:50,dgr6
https://npp.gov.in/public-reports/cea/daily/dgr/18-04-2023/dgr6-2023-04-18.xls,2023/2023-04-18_dgr6.xls,404,0,,2026-09-14T13:53:51,dgr6
https://npp.gov.in/public-reports/cea/daily/dgr/19-04-2023/dgr6-2023-04-19.xls,2023/2023-04-19_dgr6.xls,404,0,,2026-09-14T13:53:51,dgr6
https://npp.gov.in/public-reports/cea/daily/dgr/20-04-2023/dgr6-2023-04-20.xls,2023/2023-04-20_dgr6.xls,404,0,,2026-09-14T13:53:52,dgr6
https://npp.gov.in/public-reports/cea/daily/dgr/21-04-2023/dgr6-2023-04-21.xls,2023/2023-04-21_dgr6.xls,404,0,,2026-09-14T13:53:53,dgr6
https://npp.gov.in/public-reports/cea/daily/dgr/22-04-2023/dgr6-2023-04-22.xls,2023/2023-04-22_dgr6.xls,404,0,,2026-09-14T13:53:54,dgr6
https://npp.gov.in/public-reports/cea/daily/dgr/23-04-2023/dgr6-2023-04-23.xls,2023/2023-04-23_dgr6.xls,404,0,,2026-09-14T13:53:55,dgr6
https://npp.gov.in/public-reports/cea/daily/dgr/24-04-2023/dgr6-2023-04-24.xls,2023/2023-04-24_dgr6.xls,404,0,,2026-09-14T13:53:55,dgr6
https://npp.gov.in/public-reports/cea/daily/dgr/25-04-2023/dgr6-2023-04-25.xls,2023/2023-04-25_dgr6.xls,404,0,,2026-09-14T13:53:56,dgr6
https://npp.gov.in/public-reports/cea/daily/dgr/26-04-2023/dgr6-2023-04-26.xls,2023/2023-04-26_dgr6.xls,404,0,,2026-09-14T13:53:57,dgr6
https://npp.gov.in/public-reports/cea/daily/dgr/27-04-2023/dgr6-2023-04-27.xls,2023/2023-04-27_dgr6.xls,404,0,,2026-09-14T13:53:57,dgr6
https://npp.gov.in/public-reports/cea/daily/dgr/28-04-2023/dgr6-2023-04-28.xls,2023/2023-04-28_dgr6.xls,404,0,,2026-09-14T13:53:58,dgr6
https://npp.gov.in/public-reports/cea/daily/dgr/29-04-2023/dgr6-2023-04-29.xls,2023/2023-04-29_dgr6.xls,404,0,,2026-09-14T13:53:58,dgr6
https://npp.gov.in/public-reports/cea/daily/dgr/30-04-2023/dgr6-2023-04-30.xls,2023/2023-04-30_dgr6.xls,404,0,,2026-09-14T13:53:59,dgr6
https://npp.gov.in/public-reports/cea/daily/dgr/01-05-2023/dgr6-2023-05-01.xls,2023/2023-05-01_dgr6.xls,404,0,,2026-09-14T13:53:59,dgr6
https://npp.gov.in/public-reports/cea/daily/dgr/02-05-2023/dgr6-2023-05-02.xls,2023/2023-05-02_dgr6.xls,404,0,,2026-09-14T13:54:00,dgr6
https://npp.gov.in/public-reports/cea/daily/dgr/03-05-2023/dgr6-2023-05-03.xls,2023/2023-05-03_dgr6.xls,404,0,,2026-09-14T13:54:00,dgr6
https://npp.gov.in/public-reports/cea/daily/dgr/04-05-2023/dgr6-2023-05-04.xls,2023/2023-05-04_dgr6.xls,404,0,,2026-09-14T13:54:01,dgr6
https://npp.gov.in/public-reports/cea/daily/dgr/05-05-2023/dgr6-2023-05-05.xls,2023/2023-05-05_dgr6.xls,404,0,,2026-09-14T13:54:01,dgr6
https://npp.gov.in/public-reports/cea/daily/dgr/06-05-2023/dgr6-2023-05-06.xls,2023/2023-05-06_dgr6.xls,404,0,,2026-09-14T13:54:02,dgr6
https://npp.gov.in/public-reports/cea/daily/dgr/07-05-2023/dgr6-2023-05-07.xls,2023/2023-05-07_dgr6.xls,404,0,,2026-09-14T13:54:02,dgr6
https://npp.gov.in/public-reports/cea/daily/dgr/08-05-2023/dgr6-2023-05-08.xls,2023/2023-05-08_dgr6.xls,200,18944,bfdcff837a3a952c2ee1cdfdae2573fa94081cddab5eeb750b83dc44fb2c2272,2026-09-14T13:54:02,dgr6
https://npp.gov.in/public-reports/cea/daily/dgr/09-05-2023/dgr6-2023-05-09.xls,2023/2023-05-09_dgr6.xls,200,18944,9735927c7ab827c6f7c84276171c415411082c36e19e85763b136cc112511835,2026-09-14T13:54:03,dgr6
https://npp.gov.in/public-reports/cea/daily/dgr/10-05-2023/dgr6-2023-05-10.xls,2023/2023-05-10_dgr6.xls,200,18944,77ab126ab9caa9f0b28efc6d4e03dd5216e11b16dfa6b260527a6c39ba51d194,2026-09-14T13:54:03,dgr6
https://npp.gov.in/public-reports/cea/daily/dgr/11-05-2023/dgr6-2023-05-11.xls,2023/2023-05-11_dgr6.xls,200,18944,410bd169e191d2246097640a3baa35bbde68d7a224fc6946f61af3107b239881,2026-09-14T13:54:04,dgr6
https://npp.gov.in/public-reports/cea/daily/dgr/12-05-2023/dgr6-2023-05-12.xls,2023/2023-05-12_dgr6.xls,200,18944,6bfd04c635ee57e57923a6545887b291224e90a601f1b78525c50968f702b9c3,2026-09-14T13:54:04,dgr6
https://npp.gov.in/public-reports/cea/daily/dgr/13-05-2023/dgr6-2023-05-13.xls,2023/2023-05-13_dgr6.xls,200,18944,97e23bf961b4f9a9f2067154ed2e7d7b5054bd9c0b2cd5c6a315828b4a5de4c5,2026-09-14T13:54:05,dgr6
https://npp.gov.in/public-reports/cea/daily/dgr/14-05-2023/dgr6-2023-05-14.xls,2023/2023-05-14_dgr6.xls,200,18944,e1012dfdf97e97a3a9d5045f3df50db5a91cdc8eac8b59031fa29ef6694638c5,2026-09-14T13:54:05,dgr6
https://npp.gov.in/public-reports/cea/daily/dgr/15-05-2023/dgr6-2023-05-15.xls,2023/2023-05-15_dgr6.xls,200,18944,dcfe821713ac788b6a4d99e8019f84370a17be201251d1ba514959090de24e45,2026-09-14T13:54:05,dgr6
https://npp.gov.in/public-reports/cea/daily/dgr/16-05-2023/dgr6-2023-05-16.xls,2023/2023-05-16_dgr6.xls,200,18944,7fb47e79c21848874fe12c0627d5162fcbef0e7c2bb8263f3402f551eef0b890,2026-09-14T13:54:06,dgr6
https://npp.gov.in/public-reports/cea/daily/dgr/17-05-2023/dgr6-2023-05-17.xls,2023/2023-05-17_dgr6.xls,200,18944,6330e272f323a910e96055a9ccea94d39c1fe577f1aa19aa415c3f663b38a917,2026-09-14T13:54:06,dgr6
https://npp.gov.in/public-reports/cea/daily/dgr/18-05-2023/dgr6-2023-05-18.xls,2023/2023-05-18_dgr6.xls,200,18944,209b1b42f21191ef3bb886bbe4d91538f0bd8a08b747efaa9b56c8fa1ac84a52,2026-09-14T13:54:07,dgr6
https://npp.gov.in/public-reports/cea/daily/dgr/19-05-2023/dgr6-2023-05-19.xls,2023/2023-05-19_dgr6.xls,200,18944,762f37aba77199892167a8fdcf95b0c0bdca7a6bb419ac2ac472393e4991d7de,2026-09-14T13:54:07,dgr6
https://npp.gov.in/public-reports/cea/daily/dgr/20-05-2023/dgr6-2023-05-20.xls,2023/2023-05-20_dgr6.xls,200,18944,300ea69a005c424f9a9d424240bcd9e47bedd44d394b3b68081dcd2f676f2d4a,2026-09-14T13:54:08,dgr6
https://npp.gov.in/public-reports/cea/daily/dgr/21-05-2023/dgr6-2023-05-21.xls,2023/2023-05-21_dgr6.xls,200,18944,a460ef196ec27b73c394ced95709351eeb9db9febb46d2bf6eaa78587d31de04,2026-09-14T13:54:08,dgr6
https://npp.gov.in/public-reports/cea/daily/dgr/22-05-2023/dgr6-2023-05-22.xls,2023/2023-05-22_dgr6.xls,200,18944,829fee61982d5a87273062a3f8c7fc48025664013606add674c2375a452c293c,2026-09-14T13:54:09,dgr6
https://npp.gov.in/public-reports/cea/daily/dgr/23-05-2023/dgr6-2023-05-23.xls,2023/2023-05-23_dgr6.xls,200,18944,7a43ea9e8ada22808e0ea6d3e46254bdc533c96e09c51c64dbc9c6f08a254748,2026-09-14T13:54:09,dgr6
https://npp.gov.in/public-reports/cea/daily/dgr/24-05-2023/dgr6-2023-05-24.xls,2023/2023-05-24_dgr6.xls,200,18944,ca4c0b856b792d0328759863b2f950e5ee7d9635a7f8c035aa15ad916a76421a,2026-09-14T13:54:09,dgr6
https://npp.gov.in/public-reports/cea/daily/dgr/25-05-2023/dgr6-2023-05-25.xls,2023/2023-05-25_dgr6.xls,200,18944,6cdcc84fc60293380992a5ef6404abc1ce9d5c3c21978c61cb51cda9f7d2e515,2026-09-14T13:54:10,dgr6
https://npp.gov.in/public-reports/cea/daily/dgr/26-05-2023/dgr6-2023-05-26.xls,2023/2023-05-26_dgr6.xls,200,18944,04639efef805f104839aa9a620d68e68c51a84722c8878e9f7b84fe224b7643e,2026-09-14T13:54:10,dgr6
https://npp.gov.in/public-reports/cea/daily/dgr/27-05-2023/dgr6-2023-05-27.xls,2023/2023-05-27_dgr6.xls,200,18944,4cacc0f81153ec8b606def66bb537844c004ac548b884a9f7697e3991927544b,2026-09-14T13:54:11,dgr6
https://npp.gov.in/public-reports/cea/daily/dgr/28-05-2023/dgr6-2023-05-28.xls,2023/2023-05-28_dgr6.xls,200,18944,ab48bf9b49e2a50dff013a25f3c6c33d81a787e7f635878a63eadb116026ff9c,2026-09-14T13:54:11,dgr6
https://npp.gov.in/public-reports/cea/daily/dgr/29-05-2023/dgr6-2023-05-29.xls,2023/2023-05-29_dgr6.xls,200,18944,2b5d015321485897b4261dcc3ea83e9aa9f122e7f5288125479d9abbaad89ba1,2026-09-14T13:54:12,dgr6
https://npp.gov.in/public-reports/cea/daily/dgr/30-05-2023/dgr6-2023-05-30.xls,2023/2023-05-30_dgr6.xls,200,18944,fd4e138dcb4bf256353c1d5ed5602ad3abb28fe505c9d6f1421d239c670872e4,2026-09-14T13:54:12,dgr6
https://npp.gov.in/public-reports/cea/daily/dgr/31-05-2023/dgr6-2023-05-31.xls,2023/2023-05-31_dgr6.xls,200,18944,53257fb7cb3d0c2e78bbf6767441218d3f2666ac841ad3e280da6b7b1569abe7,2026-09-14T13:54:13,dgr6
https://npp.gov.in/public-reports/cea/daily/dgr/01-06-2023/dgr6-2023-06-01.xls,2023/2023-06-01_dgr6.xls,200,18944,aebd47f3cd9d73b52bca6f9617f800e022e81dc36092cc36df9609044fc5214a,2026-09-14T13:54:13,dgr6
https://npp.gov.in/public-reports/cea/daily/dgr/02-06-2023/dgr6-2023-06-02.xls,2023/2023-06-02_dgr6.xls,200,18944,0d6b51de09da1167254e1ab6c46b348f17c3842cde3619fa11df7c58b9753390,2026-09-14T13:54:13,dgr6
https://npp.gov.in/public-reports/cea/daily/dgr/03-06-2023/dgr6-2023-06-03.xls,2023/2023-06-03_dgr6.xls,200,18944,2db895be19c8d133206e4724baeb0a9a553b77b53bc095eba391499ad909b61d,2026-09-14T13:54:14,dgr6
https://npp.gov.in/public-reports/cea/daily/dgr/04-06-2023/dgr6-2023-06-04.xls,2023/2023-06-04_dgr6.xls,200,18944,5aed0e97e542b2b4e61f8d94d19e84dab95a26a07786e6f40233952653ac41b7,2026-09-14T13:54:15,dgr6
https://npp.gov.in/public-reports/cea/daily/dgr/05-06-2023/dgr6-2023-06-05.xls,2023/2023-06-05_dgr6.xls,200,18944,3bbbe0d4c036209bd18d5514e9152af66255cb37512c25eea116a8f65a202667,2026-09-14T13:54:15,dgr6
https://npp.gov.in/public-reports/cea/daily/dgr/06-06-2023/dgr6-2023-06-06.xls,2023/2023-06-06_dgr6.xls,200,18944,88023426a81c9136552597d0d758680b4e7fc72b805036ac7f21a473f19ea977,2026-09-14T13:54:16,dgr6
https://npp.gov.in/public-reports/cea/daily/dgr/07-06-2023/dgr6-2023-06-07.xls,2023/2023-06-07_dgr6.xls,200,18944,7f03cef2a386809223508694d158c3d9db333c4047087899ee3f18c8c8d6fcf7,2026-09-14T13:54:16,dgr6
https://npp.gov.in/public-reports/cea/daily/dgr/08-06-2023/dgr6-2023-06-08.xls,2023/2023-06-08_dgr6.xls,200,18944,bc948e35d888f947842a2bdfc64c05443871ed66142e0d7fbf9859b69cba949f,2026-09-14T13:54:16,dgr6
https://npp.gov.in/public-reports/cea/daily/dgr/09-06-2023/dgr6-2023-06-09.xls,2023/2023-06-09_dgr6.xls,200,18944,578152f1a6a9acb136837c7e2ed83960d5efaea35fa722bd350f51119a54e540,2026-09-14T13:54:17,dgr6
https://npp.gov.in/public-reports/cea/daily/dgr/10-06-2023/dgr6-2023-06-10.xls,2023/2023-06-10_dgr6.xls,200,18944,c26fdf7d116ff09ab5224d9ebc2cb0bc6542e6fb4be605b009dceb588d2db2a5,2026-09-14T13:54:17,dgr6
https://npp.gov.in/public-reports/cea/daily/dgr/11-06-2023/dgr6-2023-06-11.xls,2023/2023-06-11_dgr6.xls,200,18944,19cc38b3e92a5149addbfb976f24c96fe854943e884143dd14a9f861f45f1fa0,2026-09-14T13:54:17,dgr6
https://npp.gov.in/public-reports/cea/daily/dgr/12-06-2023/dgr6-2023-06-12.xls,2023/2023-06-12_dgr6.xls,200,18944,af9da7dea176adda64c861702264e26e45694e12cd87222b729961c66c21b7e8,2026-09-14T13:54:18,dgr6
https://npp.gov.in/public-reports/cea/daily/dgr/13-06-2023/dgr6-2023-06-13.xls,2023/2023-06-13_dgr6.xls,200,18944,df48f69863748bbe8757f9d41a2d15e35e647f3618118bf2f0377c206c2c946e,2026-09-14T13:54:18,dgr6
https://npp.gov.in/public-reports/cea/daily/dgr/14-06-2023/dgr6-2023-06-14.xls,2023/2023-06-14_dgr6.xls,200,4608,431c66c77d57f26c5beb9d818e836f636b8b6cf186f75dff3812b858cbc57bb2,2026-09-14T13:54:18,dgr6
https://npp.gov.in/public-reports/cea/daily/dgr/15-06-2023/dgr6-2023-06-15.xls,2023/2023-06-15_dgr6.xls,200,18944,696c12362aa68b01f575f9b05b8c9f9e0d1922a414aaa78df618ea5bcfa05baf,2026-09-14T13:54:19,dgr6
https://npp.gov.in/public-reports/cea/daily/dgr/16-06-2023/dgr6-2023-06-16.xls,2023/2023-06-16_dgr6.xls,200,18944,82c144744f46e97bb4173a6dbbd1db65ebbf48cea7585c6a7781016c48c78847,2026-09-14T13:54:19,dgr6
https://npp.gov.in/public-reports/cea/daily/dgr/17-06-2023/dgr6-2023-06-17.xls,2023/2023-06-17_dgr6.xls,200,18944,4d246c4eb5df4219b00ff4b92bccc525200f734866d1549deefc1f1a74d7dcd7,2026-09-14T13:54:20,dgr6
https://npp.gov.in/public-reports/cea/daily/dgr/18-06-2023/dgr6-2023-06-18.xls,2023/2023-06-18_dgr6.xls,200,18944,4bda1cc03b39c44fb86053d7162b7d79a0772f340121b45ae014eb609bebb6ce,2026-09-14T13:54:20,dgr6
https://npp.gov.in/public-reports/cea/daily/dgr/19-06-2023/dgr6-2023-06-19.xls,2023/2023-06-19_dgr6.xls,200,18944,2b9585e49229d9610aad96081666d0308799eab62f89438c192cd30986e5efe3,2026-09-14T13:54:20,dgr6
https://npp.gov.in/public-reports/cea/daily/dgr/20-06-2023/dgr6-2023-06-20.xls,2023/2023-06-20_dgr6.xls,200,18944,840825f48d045b20a881dc49536b9c81d5f4b53641832150aa06cd5ea251679e,2026-09-14T13:54:21,dgr6
https://npp.gov.in/public-reports/cea/daily/dgr/21-06-2023/dgr6-2023-06-21.xls,2023/2023-06-21_dgr6.xls,200,18944,bcd8fe7bffd7e0b064957e844785a968dc517bce998fe36c5b7c500a2d842457,2026-09-14T13:54:21,dgr6
https://npp.gov.in/public-reports/cea/daily/dgr/22-06-2023/dgr6-2023-06-22.xls,2023/2023-06-22_dgr6.xls,200,18944,e94b678685968fcd79723d661a72bc4f88cbd61f2058a5ffc5a0ffd87a40c053,2026-09-14T13:54:21,dgr6
https://npp.gov.in/public-reports/cea/daily/dgr/23-06-2023/dgr6-2023-06-23.xls,2023/2023-06-23_dgr6.xls,200,18944,c271f18c4644a75fdfea7c2469ff73b244cd64322869134dd7215c76ec711358,2026-09-14T13:54:22,dgr6
https://npp.gov.in/public-reports/cea/daily/dgr/24-06-2023/dgr6-2023-06-24.xls,2023/2023-06-24_dgr6.xls,200,18944,e309776cadbf8fd601eaf9581aab77dc1bf5d756082ae9dc12e54a4a583c0822,2026-09-14T13:54:22,dgr6
https://npp.gov.in/public-reports/cea/daily/dgr/25-06-2023/dgr6-2023-06-25.xls,2023/2023-06-25_dgr6.xls,200,18944,a3bf43b61cf8918a0f83eca2f2eae23174084d301238bb62bdbff06ec01a0295,2026-09-14T13:54:23,dgr6
https://npp.gov.in/public-reports/cea/daily/dgr/26-06-2023/dgr6-2023-06-26.xls,2023/2023-06-26_dgr6.xls,200,18944,b3add922a9df86a6c6e8e9ea686476ad07b0ea29209b22bf9f7ac2942f05ab8d,2026-09-14T13:54:23,dgr6
https://npp.gov.in/public-reports/cea/daily/dgr/27-06-2023/dgr6-2023-06-27.xls,2023/2023-06-27_dgr6.xls,200,18944,9df4e453cc55578da5af996de4d8536a599790e7d2c61f7882017a9fc36fdd04,2026-09-14T13:54:24,dgr6
https://npp.gov.in/public-reports/cea/daily/dgr/28-06-2023/dgr6-2023-06-28.xls,2023/2023-06-28_dgr6.xls,200,18944,693d6ec9a6cae835b7e1c7a32cf62317a4ee3bf2d9515b8aa1fa3154e164d4f5,2026-09-14T13:54:24,dgr6
https://npp.gov.in/public-reports/cea/daily/dgr/29-06-2023/dgr6-2023-06-29.xls,2023/2023-06-29_dgr6.xls,200,18944,b562a486723ac6c88c6f5f093b7b7c74cd77c0ab5ca386b19e95f02ad5a3d200,2026-09-14T13:54:24,dgr6
https://npp.gov.in/public-reports/cea/daily/dgr/30-06-2023/dgr6-2023-06-30.xls,2023/2023-06-30_dgr6.xls,200,18944,7ff5daaa9b4c3be6f366c4c1eb2cc54f98090c76263dae99a26e139f34c17493,2026-09-14T13:54:25,dgr6
https://npp.gov.in/public-reports/cea/daily/dgr/01-07-2023/dgr6-2023-07-01.xls,2023/2023-07-01_dgr6.xls,200,18944,c84fb75904e2fc049e2a13870dd2630fa7bf48ddcff99da0208ee5a0f7e6fb36,2026-09-14T13:54:25,dgr6
https://npp.gov.in/public-reports/cea/daily/dgr/02-07-2023/dgr6-2023-07-02.xls,2023/2023-07-02_dgr6.xls,200,18944,215de587abb3c0702d12da08d390f8f9f9097408120e2d411fd5ae35e7b0b3d0,2026-09-14T13:54:25,dgr6
https://npp.gov.in/public-reports/cea/daily/dgr/03-07-2023/dgr6-2023-07-03.xls,2023/2023-07-03_dgr6.xls,200,18944,a06b99c4dabb9252eece45f0acb1a123db53faeda2f9c4844ffdb429a5a658b1,2026-09-14T13:54:26,dgr6
https://npp.gov.in/public-reports/cea/daily/dgr/04-07-2023/dgr6-2023-07-04.xls,2023/2023-07-04_dgr6.xls,200,18944,6431fc29dceaa8e13820ed238c93a7f47c83b4ef043b6732ea4fdcbc73b853ae,2026-09-14T13:54:26,dgr6
https://npp.gov.in/public-reports/cea/daily/dgr/05-07-2023/dgr6-2023-07-05.xls,2023/2023-07-05_dgr6.xls,200,18944,4ac703165f86d4fadb0586fe0916d13ed1db6c7ff416479a9318fb28333cd69a,2026-09-14T13:54:26,dgr6
https://npp.gov.in/public-reports/cea/daily/dgr/06-07-2023/dgr6-2023-07-06.xls,2023/2023-07-06_dgr6.xls,200,18944,961e10e8ebf86523dd3b843215ae207ed27bdd1d9fad0f08ebe098cf68d140cd,2026-09-14T13:54:27,dgr6
https://npp.gov.in/public-reports/cea/daily/dgr/07-07-2023/dgr6-2023-07-07.xls,2023/2023-07-07_dgr6.xls,200,18944,679c2b29bc31f520360c8bf5a887ca17d14e04cbe93e3e65ad8f8729c102840a,2026-09-14T13:54:27,dgr6
https://npp.gov.in/public-reports/cea/daily/dgr/08-07-2023/dgr6-2023-07-08.xls,2023/2023-07-08_dgr6.xls,200,18944,e0327e2ac279eaf3f722b7ea42eb042448778bae37795c52d79b781323ca5bd0,2026-09-14T13:54:28,dgr6
https://npp.gov.in/public-reports/cea/daily/dgr/09-07-2023/dgr6-2023-07-09.xls,2023/2023-07-09_dgr6.xls,200,18944,7c1caadd40c0160b40df9e603bc05c802b4003c644be438d71c2ca608d49147d,2026-09-14T13:54:28,dgr6
https://npp.gov.in/public-reports/cea/daily/dgr/10-07-2023/dgr6-2023-07-10.xls,2023/2023-07-10_dgr6.xls,200,18944,384b43bfc7265a308fe783f31cd833342a576393577aeb4a2021203cee546c15,2026-09-14T13:54:28,dgr6
https://npp.gov.in/public-reports/cea/daily/dgr/11-07-2023/dgr6-2023-07-11.xls,2023/2023-07-11_dgr6.xls,200,18944,89264b2c60525834f12089dd84557583569fa353aa18f6566418c2e97a6bb4e9,2026-09-14T13:54:29,dgr6
https://npp.gov.in/public-reports/cea/daily/dgr/12-07-2023/dgr6-2023-07-12.xls,2023/2023-07-12_dgr6.xls,200,18944,af52b0e609698927724de951566b63b60a4a4c793504706eaeb08f51278058e3,2026-09-14T13:54:29,dgr6
https://npp.gov.in/public-reports/cea/daily/dgr/13-07-2023/dgr6-2023-07-13.xls,2023/2023-07-13_dgr6.xls,200,18944,85de59123aa0ed2c67290ce9a26f57094fa6837a446707469ee2ed84ec564eb3,2026-09-14T13:54:29,dgr6
https://npp.gov.in/public-reports/cea/daily/dgr/14-07-2023/dgr6-2023-07-14.xls,2023/2023-07-14_dgr6.xls,200,18944,e460b43fc3db7ebf7741527579aad3ed9195a070e800c5d967141470bc6865f0,2026-09-14T13:54:30,dgr6
https://npp.gov.in/public-reports/cea/daily/dgr/15-07-2023/dgr6-2023-07-15.xls,2023/2023-07-15_dgr6.xls,200,18944,10018e8147450fc0d2734b1b636f85f95c3121103f738126ec27846e2c00179d,2026-09-14T13:54:30,dgr6
https://npp.gov.in/public-reports/cea/daily/dgr/16-07-2023/dgr6-2023-07-16.xls,2023/2023-07-16_dgr6.xls,200,18944,b75e249eec23a63924a8b074189a1334ee20eff0bc048f237c3a90faa59a77d9,2026-09-14T13:54:31,dgr6
https://npp.gov.in/public-reports/cea/daily/dgr/17-07-2023/dgr6-2023-07-17.xls,2023/2023-07-17_dgr6.xls,200,18944,3544627f7ced6b2eaa3082544c3b5cd93f3fd12d586ed12a42a3998ffda00979,2026-09-14T13:54:31,dgr6
https://npp.gov.in/public-reports/cea/daily/dgr/18-07-2023/dgr6-2023-07-18.xls,2023/2023-07-18_dgr6.xls,200,18944,7ba37ec098421f9d59f88c2262d94bfb9220999518e17075053417f242a341ec,2026-09-14T13:54:31,dgr6
https://npp.gov.in/public-reports/cea/daily/dgr/19-07-2023/dgr6-2023-07-19.xls,2023/2023-07-19_dgr6.xls,200,18944,fa1a7f9023cf8681eb185c335b5deb6002d7e25ec5e9ee28506f764ea8817ad5,2026-09-14T13:54:32,dgr6
https://npp.gov.in/public-reports/cea/daily/dgr/20-07-2023/dgr6-2023-07-20.xls,2023/2023-07-20_dgr6.xls,200,18944,fd1e57aa67c4004cd63cbbf93559183701820af5871166c51a72cbe3dd0e2ed9,2026-09-14T13:54:32,dgr6
https://npp.gov.in/public-reports/cea/daily/dgr/21-07-2023/dgr6-2023-07-21.xls,2023/2023-07-21_dgr6.xls,200,18944,8173bc0bca3efc2e37048a53a5b806986639b776a328661bf7fca3fb9b6a00f1,2026-09-14T13:54:33,dgr6
https://npp.gov.in/public-reports/cea/daily/dgr/22-07-2023/dgr6-2023-07-22.xls,2023/2023-07-22_dgr6.xls,200,18944,05bf18d91f4ac1f57429d0b50bf9b2ead4a800151bfe70d7ab67b4557ee29d35,2026-09-14T13:54:33,dgr6
https://npp.gov.in/public-reports/cea/daily/dgr/23-07-2023/dgr6-2023-07-23.xls,2023/2023-07-23_dgr6.xls,200,18944,ad3895a93c02af15e183433ee8054a4da1f9a364c10a7a2b869267cf93da4679,2026-09-14T13:54:33,dgr6
https://npp.gov.in/public-reports/cea/daily/dgr/24-07-2023/dgr6-2023-07-24.xls,2023/2023-07-24_dgr6.xls,200,18944,b13f8ace35d97627dc3797f3cb8aeaf2381acf7be5c1f5e826e2e220f626a184,2026-09-14T13:54:34,dgr6
https://npp.gov.in/public-reports/cea/daily/dgr/25-07-2023/dgr6-2023-07-25.xls,2023/2023-07-25_dgr6.xls,200,18944,27ccbba72a34abee4982c2b67d8d889d038242483767157fa1d62241dc0ae48e,2026-09-14T13:54:34,dgr6
https://npp.gov.in/public-reports/cea/daily/dgr/26-07-2023/dgr6-2023-07-26.xls,2023/2023-07-26_dgr6.xls,200,18944,059b0d062b5fa14a634c359f27375d37777319c79371fa6ebc6ef3f6a2d3eb06,2026-09-14T13:54:34,dgr6
https://npp.gov.in/public-reports/cea/daily/dgr/27-07-2023/dgr6-2023-07-27.xls,2023/2023-07-27_dgr6.xls,200,18944,5d4b3183b73a81880af728c374518653598c5784a25af2de6c6a79456972d41b,2026-09-14T13:54:35,dgr6
https://npp.gov.in/public-reports/cea/daily/dgr/28-07-2023/dgr6-2023-07-28.xls,2023/2023-07-28_dgr6.xls,200,18944,74ffa474432f57c6bc745b6012b2789ad3f9f20607a5bb5d3e3a5c897282b975,2026-09-14T13:54:35,dgr6
https://npp.gov.in/public-reports/cea/daily/dgr/29-07-2023/dgr6-2023-07-29.xls,2023/2023-07-29_dgr6.xls,200,18944,46bb2fe9e229e0c0999b1713e1d719d24c878f867a833f7945d6c99987e0fd10,2026-09-14T13:54:36,dgr6
https://npp.gov.in/public-reports/cea/daily/dgr/30-07-2023/dgr6-2023-07-30.xls,2023/2023-07-30_dgr6.xls,200,18944,ee06789a49e929f0bf14a4a1f008fbe54d6ceca457392326dd65894327b99d95,2026-09-14T13:54:36,dgr6
https://npp.gov.in/public-reports/cea/daily/dgr/31-07-2023/dgr6-2023-07-31.xls,2023/2023-07-31_dgr6.xls,200,18944,5b86cd058d8424441d2bf40137c9d4e27d2210daad47faddd40e34fb9d7d1a93,2026-09-14T13:54:37,dgr6
https://npp.gov.in/public-reports/cea/daily/dgr/01-08-2023/dgr6-2023-08-01.xls,2023/2023-08-01_dgr6.xls,200,18944,d5c151de29557ce9516f1b3ed62a64baa8c74bef004fd682356846a2089c5834,2026-09-14T13:54:37,dgr6
https://npp.gov.in/public-reports/cea/daily/dgr/02-08-2023/dgr6-2023-08-02.xls,2023/2023-08-02_dgr6.xls,200,18944,3976a77baa53f0f4f891270e1253ed3e4eeaa624a91a1594d78112f4a4d2350f,2026-09-14T13:54:37,dgr6
https://npp.gov.in/public-reports/cea/daily/dgr/03-08-2023/dgr6-2023-08-03.xls,2023/2023-08-03_dgr6.xls,200,18944,1329be4617d590e4a2beb42086a361ab9f6d0dc06c725fc5133297dc1881b098,2026-09-14T13:54:38,dgr6
https://npp.gov.in/public-reports/cea/daily/dgr/04-08-2023/dgr6-2023-08-04.xls,2023/2023-08-04_dgr6.xls,200,18944,bf4dbde930ffcdd47e4e50741e33bea708e61c9f62e4914290417efa8199262a,2026-09-14T13:54:38,dgr6
https://npp.gov.in/public-reports/cea/daily/dgr/05-08-2023/dgr6-2023-08-05.xls,2023/2023-08-05_dgr6.xls,200,18944,34c582d44e34f708d16fc982c3a557a7e18f951eca80cd30b9194bd4df19baef,2026-09-14T13:54:38,dgr6
https://npp.gov.in/public-reports/cea/daily/dgr/06-08-2023/dgr6-2023-08-06.xls,2023/2023-08-06_dgr6.xls,200,18944,80ea89e98ab4c2291c4f16a7b2773555c1ddc61e21d88183c8667b496059b92f,2026-09-14T13:54:39,dgr6
https://npp.gov.in/public-reports/cea/daily/dgr/07-08-2023/dgr6-2023-08-07.xls,2023/2023-08-07_dgr6.xls,200,18944,6c42b17af3c299f2e9d74975c9a2fba805d6061568aad5d6debb700434c062d8,2026-09-14T13:54:39,dgr6
https://npp.gov.in/public-reports/cea/daily/dgr/08-08-2023/dgr6-2023-08-08.xls,2023/2023-08-08_dgr6.xls,200,18944,289b2da63f2fac8886cb1b428dd7b93c57c85ef481a3a6e36d09b4e46d8df792,2026-09-14T13:54:40,dgr6
https://npp.gov.in/public-reports/cea/daily/dgr/09-08-2023/dgr6-2023-08-09.xls,2023/2023-08-09_dgr6.xls,200,18944,a5755fc04939c5a9f07c8f40b4db948a16a87e67f17f7eb446d933a5cc7d3e31,2026-09-14T13:54:40,dgr6
https://npp.gov.in/public-reports/cea/daily/dgr/10-08-2023/dgr6-2023-08-10.xls,2023/2023-08-10_dgr6.xls,200,18944,03eb89db0c233a69e1746e74e5fcbd8db61e8926b341cd962fc9cce6df5370af,2026-09-14T13:54:40,dgr6
https://npp.gov.in/public-reports/cea/daily/dgr/11-08-2023/dgr6-2023-08-11.xls,2023/2023-08-11_dgr6.xls,200,18944,be5dc604eae6a661e2372131e56d6b03da297f9250310811fbbf39b87e387ae8,2026-09-14T13:54:41,dgr6
https://npp.gov.in/public-reports/cea/daily/dgr/12-08-2023/dgr6-2023-08-12.xls,2023/2023-08-12_dgr6.xls,200,18944,4aea83890c3cca3fc418b4f1cd6d648ef189d7895b730a140f82de8df3de3a0d,2026-09-14T13:54:41,dgr6
https://npp.gov.in/public-reports/cea/daily/dgr/13-08-2023/dgr6-2023-08-13.xls,2023/2023-08-13_dgr6.xls,200,18944,6ba8f9f8b916398672300d6e820601554fc8fac80d0e97d77da316b2a99e00df,2026-09-14T13:54:41,dgr6
https://npp.gov.in/public-reports/cea/daily/dgr/14-08-2023/dgr6-2023-08-14.xls,2023/2023-08-14_dgr6.xls,200,18944,345c0f394fd384c8afd7598e46bbe9ccd1119805493c876650afef1dfeca62ae,2026-09-14T13:54:42,dgr6
https://npp.gov.in/public-reports/cea/daily/dgr/15-08-2023/dgr6-2023-08-15.xls,2023/2023-08-15_dgr6.xls,200,18944,4fed0802b1c105c6a7e83c3a7dc140fe4959aaac9bb07388a0e8d202953cf0ca,2026-09-14T13:54:42,dgr6
https://npp.gov.in/public-reports/cea/daily/dgr/16-08-2023/dgr6-2023-08-16.xls,2023/2023-08-16_dgr6.xls,200,18944,f0c6de448fa6ebc20010546138e28752a0c1fa202a15427df1dccc8e88ebab2d,2026-09-14T13:54:42,dgr6
https://npp.gov.in/public-reports/cea/daily/dgr/17-08-2023/dgr6-2023-08-17.xls,2023/2023-08-17_dgr6.xls,200,18944,c7cd2e1ee242d6602fc2acd298e935fb45da5a3438b249a94830365db3adab08,2026-09-14T13:54:43,dgr6
https://npp.gov.in/public-reports/cea/daily/dgr/18-08-2023/dgr6-2023-08-18.xls,2023/2023-08-18_dgr6.xls,200,18944,470bcf0663ebac9930b06fc5a0bd5a01f5693a629874a30683e30c79029006bb,2026-09-14T13:54:43,dgr6
https://npp.gov.in/public-reports/cea/daily/dgr/19-08-2023/dgr6-2023-08-19.xls,2023/2023-08-19_dgr6.xls,200,18944,091cd443f5e68150277ff3d890d58a5027ab9c4ef5a4b9aaefd161f07bd56efc,2026-09-14T13:54:44,dgr6
https://npp.gov.in/public-reports/cea/daily/dgr/20-08-2023/dgr6-2023-08-20.xls,2023/2023-08-20_dgr6.xls,404,0,,2026-09-14T13:54:44,dgr6
https://npp.gov.in/public-reports/cea/daily/dgr/21-08-2023/dgr6-2023-08-21.xls,2023/2023-08-21_dgr6.xls,200,18944,9c293cbdb41823c85202dd37ed77a6ab45ae76c0d25aa25fe4606acaf60d2c6a,2026-09-14T13:54:44,dgr6
https://npp.gov.in/public-reports/cea/daily/dgr/22-08-2023/dgr6-2023-08-22.xls,2023/2023-08-22_dgr6.xls,200,18944,babdf8cabb47eb0fe6e94b99a0e65efa35a67eae32c19aa49be3fc983b02459c,2026-09-14T13:54:45,dgr6
https://npp.gov.in/public-reports/cea/daily/dgr/23-08-2023/dgr6-2023-08-23.xls,2023/2023-08-23_dgr6.xls,200,18944,6333a71b96fd266120b107bcdf59d85b3dd0596fd8bb9f09314248c006d865ba,2026-09-14T13:54:45,dgr6
https://npp.gov.in/public-reports/cea/daily/dgr/24-08-2023/dgr6-2023-08-24.xls,2023/2023-08-24_dgr6.xls,200,18944,c07e81267de6a4f3a1c06c60791135ffe126f9f640e6040bf2d86f8f47164ae5,2026-09-14T13:54:45,dgr6
https://npp.gov.in/public-reports/cea/daily/dgr/25-08-2023/dgr6-2023-08-25.xls,2023/2023-08-25_dgr6.xls,200,18944,6601e9aed6446a96cb9667485feb6bb1a964041acf71f6ba1bb8c251ca76f62c,2026-09-14T13:54:46,dgr6
https://npp.gov.in/public-reports/cea/daily/dgr/26-08-2023/dgr6-2023-08-26.xls,2023/2023-08-26_dgr6.xls,200,18944,69216d93d0b618e0f9d4b46e80966b0d3eb892c515b4af909aae92b182aac876,2026-09-14T13:54:46,dgr6
https://npp.gov.in/public-reports/cea/daily/dgr/27-08-2023/dgr6-2023-08-27.xls,2023/2023-08-27_dgr6.xls,200,18944,94ee02263071d8b02736e7c3820e0507fa8fdf4f00e1abefc38580a2e0996498,2026-09-14T13:54:47,dgr6
https://npp.gov.in/public-reports/cea/daily/dgr/28-08-2023/dgr6-2023-08-28.xls,2023/2023-08-28_dgr6.xls,200,18944,51b545a20367bdf4b2a4da4971f9650432691f783fc055adbc5fad8ba3888560,2026-09-14T13:54:47,dgr6
https://npp.gov.in/public-reports/cea/daily/dgr/29-08-2023/dgr6-2023-08-29.xls,2023/2023-08-29_dgr6.xls,200,18944,4313673439ad787bf108ff5ccfbde9820888691f5c6e197eb33da935f99ee60d,2026-09-14T13:54:47,dgr6
https://npp.gov.in/public-reports/cea/daily/dgr/30-08-2023/dgr6-2023-08-30.xls,2023/2023-08-30_dgr6.xls,200,18944,ce12c2efd1499cecb868873fe20854fd07303e455793349f24e1fc07944fe36a,2026-09-14T13:54:48,dgr6
https://npp.gov.in/public-reports/cea/daily/dgr/31-08-2023/dgr6-2023-08-31.xls,2023/2023-08-31_dgr6.xls,200,18944,75a4b5586fff22dec6c2cae08af040ee78ac595533599fd05c83e0306e36523c,2026-09-14T13:54:48,dgr6
https://npp.gov.in/public-reports/cea/daily/dgr/01-09-2023/dgr6-2023-09-01.xls,2023/2023-09-01_dgr6.xls,200,18944,a7da17f966ffa72e46967713eb48499a9698e56541fe2f7c8b951bf822d6ad6d,2026-09-14T13:54:48,dgr6
https://npp.gov.in/public-reports/cea/daily/dgr/02-09-2023/dgr6-2023-09-02.xls,2023/2023-09-02_dgr6.xls,200,18944,cd10aa52585b6c08da0a6506c4cd7a9278e96d9c2457fa59dc0cc34fe573321f,2026-09-14T13:54:49,dgr6
https://npp.gov.in/public-reports/cea/daily/dgr/03-09-2023/dgr6-2023-09-03.xls,2023/2023-09-03_dgr6.xls,200,18944,7bebffb74fce008d4095373d2d45a86814b1f8303cebeb36ae8621cadfcc1098,2026-09-14T13:54:49,dgr6
https://npp.gov.in/public-reports/cea/daily/dgr/04-09-2023/dgr6-2023-09-04.xls,2023/2023-09-04_dgr6.xls,200,18944,927eb426b18acdeb20b848f5227c2f6983ba48254833777f886f84b72effdd1f,2026-09-14T13:54:50,dgr6
https://npp.gov.in/public-reports/cea/daily/dgr/05-09-2023/dgr6-2023-09-05.xls,2023/2023-09-05_dgr6.xls,200,18944,9d8f4aa8ee3839d701235428c68c9cb74fd9942cabb36ab4ee89aeed02c7980c,2026-09-14T13:54:50,dgr6
https://npp.gov.in/public-reports/cea/daily/dgr/06-09-2023/dgr6-2023-09-06.xls,2023/2023-09-06_dgr6.xls,200,18944,f6d998fd3ec13438d28258006ad4934b793a22eba2123eeb5ca94d60db791ff9,2026-09-14T13:54:50,dgr6
https://npp.gov.in/public-reports/cea/daily/dgr/07-09-2023/dgr6-2023-09-07.xls,2023/2023-09-07_dgr6.xls,200,18944,4364ebcaa6e4306f5980654f99eea1d8081c633ee78c7779c8c58bcafcd1b63c,2026-09-14T13:54:51,dgr6
https://npp.gov.in/public-reports/cea/daily/dgr/08-09-2023/dgr6-2023-09-08.xls,2023/2023-09-08_dgr6.xls,200,18944,1ef6b51c0c1b086f54d0ce1788033fc76e71e2c9ab098319bce7e5d263a41276,2026-09-14T13:54:51,dgr6
https://npp.gov.in/public-reports/cea/daily/dgr/09-09-2023/dgr6-2023-09-09.xls,2023/2023-09-09_dgr6.xls,200,18944,84d5d9bf0ceb8f0bedc99bd95ce3551168e8f867988b92761da6f77084a645a0,2026-09-14T13:54:51,dgr6
https://npp.gov.in/public-reports/cea/daily/dgr/10-09-2023/dgr6-2023-09-10.xls,2023/2023-09-10_dgr6.xls,200,18944,8ffca87df064706d09b7fedea53b948fbecbca043c01074b886fef36f28d5180,2026-09-14T13:54:52,dgr6
https://npp.gov.in/public-reports/cea/daily/dgr/11-09-2023/dgr6-2023-09-11.xls,2023/2023-09-11_dgr6.xls,200,18944,37a2f766773e816e2ffb18179d524919f72384771067c3f4269fd61ff834a9bd,2026-09-14T13:54:52,dgr6
https://npp.gov.in/public-reports/cea/daily/dgr/12-09-2023/dgr6-2023-09-12.xls,2023/2023-09-12_dgr6.xls,200,18944,c6f73a25ad7c865dc8b0108f6c8df014e1ad2a78b382609f7975ca779cd05fa9,2026-09-14T13:54:53,dgr6
https://npp.gov.in/public-reports/cea/daily/dgr/13-09-2023/dgr6-2023-09-13.xls,2023/2023-09-13_dgr6.xls,200,18944,b16ff57290ac3a3be786a758c079cc99021cf91390578660b1fe10495d0f0adc,2026-09-14T13:54:54,dgr6
https://npp.gov.in/public-reports/cea/daily/dgr/14-09-2023/dgr6-2023-09-14.xls,2023/2023-09-14_dgr6.xls,200,18944,7f93e5c3d2133d62bd2f454593178ea318d8027f727d4af2b71b8fec4b43f4ac,2026-09-14T13:54:54,dgr6
https://npp.gov.in/public-reports/cea/daily/dgr/15-09-2023/dgr6-2023-09-15.xls,2023/2023-09-15_dgr6.xls,200,18944,bab7f0b413afa8f021eb0d18ff4799261c94b052a854ddaa873b25a405417149,2026-09-14T13:54:54,dgr6
https://npp.gov.in/public-reports/cea/daily/dgr/16-09-2023/dgr6-2023-09-16.xls,2023/2023-09-16_dgr6.xls,200,18944,0d8628b63a765f8e2ba1289706f2415f6f547e807539b01a89f8f0c0593667ae,2026-09-14T13:54:55,dgr6
https://npp.gov.in/public-reports/cea/daily/dgr/17-09-2023/dgr6-2023-09-17.xls,2023/2023-09-17_dgr6.xls,200,18944,32139522bde2b976cd6e936eef3706a6b09dc69cf3053c260d781659f4317f91,2026-09-14T13:54:56,dgr6
https://npp.gov.in/public-reports/cea/daily/dgr/18-09-2023/dgr6-2023-09-18.xls,2023/2023-09-18_dgr6.xls,200,18944,e4167a5158fcacb6dbeba6df440bc09f51eb693ee1a042941486fbab0837d271,2026-09-14T13:54:56,dgr6
https://npp.gov.in/public-reports/cea/daily/dgr/19-09-2023/dgr6-2023-09-19.xls,2023/2023-09-19_dgr6.xls,200,18944,a4035e90c854f4bd15f52bb1be6653110e115a55f817f6e68a2d3876b6887118,2026-09-14T13:54:56,dgr6
https://npp.gov.in/public-reports/cea/daily/dgr/20-09-2023/dgr6-2023-09-20.xls,2023/2023-09-20_dgr6.xls,200,18944,fe636b58f92e1fb3ac4c97464553be1bd289e3ef802796520c7abbd94bb4f362,2026-09-14T13:54:57,dgr6
https://npp.gov.in/public-reports/cea/daily/dgr/21-09-2023/dgr6-2023-09-21.xls,2023/2023-09-21_dgr6.xls,200,18944,eeee8c6e1fff616f2b4998dfb9e046bd4d21b2638bee5424261ada94176b72db,2026-09-14T13:54:57,dgr6
https://npp.gov.in/public-reports/cea/daily/dgr/22-09-2023/dgr6-2023-09-22.xls,2023/2023-09-22_dgr6.xls,200,18944,89537afbab60e38618a0910f689e9c20697f2fb612f948386c5a4f5334bcefd1,2026-09-14T13:54:57,dgr6
https://npp.gov.in/public-reports/cea/daily/dgr/23-09-2023/dgr6-2023-09-23.xls,2023/2023-09-23_dgr6.xls,200,18944,61685e3c56decf2976823ee77df8f60ccd35ab5af59ac9309dde6e914362cebd,2026-09-14T13:54:58,dgr6
https://npp.gov.in/public-reports/cea/daily/dgr/24-09-2023/dgr6-2023-09-24.xls,2023/2023-09-24_dgr6.xls,200,18944,dda3773b6d81b33c560dd8471b4d45c3b3714917e33c0e19e08531a3974c354c,2026-09-14T13:54:58,dgr6
https://npp.gov.in/public-reports/cea/daily/dgr/25-09-2023/dgr6-2023-09-25.xls,2023/2023-09-25_dgr6.xls,200,18944,82b95d857acb9b69e3ca8943c50b31cafc90a8cf8b24e3b0912a4f19443e67d0,2026-09-14T13:54:59,dgr6
https://npp.gov.in/public-reports/cea/daily/dgr/26-09-2023/dgr6-2023-09-26.xls,2023/2023-09-26_dgr6.xls,200,18944,56cea9ca1fd6b918cc94529b241034eab0021f1f702e323063d9b2bd50efbdc9,2026-09-14T13:54:59,dgr6
https://npp.gov.in/public-reports/cea/daily/dgr/27-09-2023/dgr6-2023-09-27.xls,2023/2023-09-27_dgr6.xls,404,0,,2026-09-14T13:54:59,dgr6
https://npp.gov.in/public-reports/cea/daily/dgr/28-09-2023/dgr6-2023-09-28.xls,2023/2023-09-28_dgr6.xls,200,18944,8bd05c061432f7d097cf54c41418ee03bed722a1f5cfbf9e39b28dd8ad8333c9,2026-09-14T13:55:00,dgr6
https://npp.gov.in/public-reports/cea/daily/dgr/29-09-2023/dgr6-2023-09-29.xls,2023/2023-09-29_dgr6.xls,200,18944,19f6796e2b02c4608463c179fccdfe632b8912309d5bfd942b3c8d1dd463effe,2026-09-14T13:55:00,dgr6
https://npp.gov.in/public-reports/cea/daily/dgr/30-09-2023/dgr6-2023-09-30.xls,2023/2023-09-30_dgr6.xls,200,18944,3715c06ad0ed853138208fa5c4f4aab333f6f53438e684f6b696d24e9df962d7,2026-09-14T13:55:00,dgr6
https://npp.gov.in/public-reports/cea/daily/dgr/01-10-2023/dgr6-2023-10-01.xls,2023/2023-10-01_dgr6.xls,200,18944,ecd11965050979736659eab6dddbfa4edb16d8acc3e74239e2c869d1bb3af50c,2026-09-14T13:55:01,dgr6
https://npp.gov.in/public-reports/cea/daily/dgr/02-10-2023/dgr6-2023-10-02.xls,2023/2023-10-02_dgr6.xls,200,18944,6479d88577038cc83ff648fe66b2fd7782c8b49977967e1b67dfa6acf8bce236,2026-09-14T13:55:01,dgr6
https://npp.gov.in/public-reports/cea/daily/dgr/03-10-2023/dgr6-2023-10-03.xls,2023/2023-10-03_dgr6.xls,200,18944,ff8d7246f2c9784481be231fdcc523f13ecaa8ff73ae054dff3e1e644ea7ec54,2026-09-14T13:55:01,dgr6
https://npp.gov.in/public-reports/cea/daily/dgr/04-10-2023/dgr6-2023-10-04.xls,2023/2023-10-04_dgr6.xls,200,18944,fef0c5868c02a302301140d390e528b59d895714ef3b06be87b14d43f423c6fb,2026-09-14T13:55:02,dgr6
https://npp.gov.in/public-reports/cea/daily/dgr/05-10-2023/dgr6-2023-10-05.xls,2023/2023-10-05_dgr6.xls,200,18944,1e2b361c55f7cf462e31938a16e83485e856d55cbba23ca41b1bcaff1fc26219,2026-09-14T13:55:02,dgr6
https://npp.gov.in/public-reports/cea/daily/dgr/06-10-2023/dgr6-2023-10-06.xls,2023/2023-10-06_dgr6.xls,200,18944,8dea259befcf4960cb273d222204b5bf9f1776fb0ec29bb1e78d7c462a0fbd52,2026-09-14T13:55:02,dgr6
https://npp.gov.in/public-reports/cea/daily/dgr/07-10-2023/dgr6-2023-10-07.xls,2023/2023-10-07_dgr6.xls,200,18944,5902bc1021af2aef8d553346c635f7804756e28b083e7d6ae26e918698263558,2026-09-14T13:55:03,dgr6
https://npp.gov.in/public-reports/cea/daily/dgr/08-10-2023/dgr6-2023-10-08.xls,2023/2023-10-08_dgr6.xls,200,18944,286bd673d44f1f98f1ae45988a488cf1aede11da678a410165ad33bb2e8555f0,2026-09-14T13:55:03,dgr6
https://npp.gov.in/public-reports/cea/daily/dgr/09-10-2023/dgr6-2023-10-09.xls,2023/2023-10-09_dgr6.xls,200,18944,50bb808f4b782d2dab7acd06406e798b3dbbb0cef3ee24dfd3463a1bc377402f,2026-09-14T13:55:04,dgr6
https://npp.gov.in/public-reports/cea/daily/dgr/10-10-2023/dgr6-2023-10-10.xls,2023/2023-10-10_dgr6.xls,200,18944,4d78b2aec9e23640a19ccfef8cc5addef7c3510a625bf77fc78840441d6852e1,2026-09-14T13:55:04,dgr6
https://npp.gov.in/public-reports/cea/daily/dgr/11-10-2023/dgr6-2023-10-11.xls,2023/2023-10-11_dgr6.xls,200,18944,e14a646281e6eb22c9691ccc1fb5ad5fe8b6aa474410ce583babb5648a70e67d,2026-09-14T13:55:04,dgr6
https://npp.gov.in/public-reports/cea/daily/dgr/12-10-2023/dgr6-2023-10-12.xls,2023/2023-10-12_dgr6.xls,200,18944,f91411dd710c4de09fdf5f1bca8d6a70843e2639b45e81722cfbd04e415ad9e7,2026-09-14T13:55:05,dgr6
https://npp.gov.in/public-reports/cea/daily/dgr/13-10-2023/dgr6-2023-10-13.xls,2023/2023-10-13_dgr6.xls,200,18944,9b19539e29440bb41ffe843a114f59ff4a227856e9179b83782ad143e8f8f6e9,2026-09-14T13:55:05,dgr6
https://npp.gov.in/public-reports/cea/daily/dgr/14-10-2023/dgr6-2023-10-14.xls,2023/2023-10-14_dgr6.xls,200,18944,a195c48b20c156027f7f16a5f7463cd1c633df0407a61351b7d64b325258c740,2026-09-14T13:55:05,dgr6
https://npp.gov.in/public-reports/cea/daily/dgr/15-10-2023/dgr6-2023-10-15.xls,2023/2023-10-15_dgr6.xls,200,18944,230aa2c41d928e376e5e854659b381128062395f6f2b9b53be48e91436a0083d,2026-09-14T13:55:06,dgr6
https://npp.gov.in/public-reports/cea/daily/dgr/16-10-2023/dgr6-2023-10-16.xls,2023/2023-10-16_dgr6.xls,200,18944,9f6f6ed414845fcf97d70a06f1c394ffca644169393f7a26cb7758441e5a0642,2026-09-14T13:55:06,dgr6
https://npp.gov.in/public-reports/cea/daily/dgr/17-10-2023/dgr6-2023-10-17.xls,2023/2023-10-17_dgr6.xls,200,18944,21eadc2be7ead5594813b1d7e13e67f63c6a32b760cd97b8a9f9caa08c99988c,2026-09-14T13:55:07,dgr6
https://npp.gov.in/public-reports/cea/daily/dgr/18-10-2023/dgr6-2023-10-18.xls,2023/2023-10-18_dgr6.xls,200,18944,f061d311378df33b25a117ae6406210f4441702a35e0724c699aec4d2a684f58,2026-09-14T13:55:07,dgr6
https://npp.gov.in/public-reports/cea/daily/dgr/19-10-2023/dgr6-2023-10-19.xls,2023/2023-10-19_dgr6.xls,200,18944,697fbe7d92c226ca76a60ea86e4c8b1ee2a87472b92b233c9ce7b630ab22068d,2026-09-14T13:55:07,dgr6
https://npp.gov.in/public-reports/cea/daily/dgr/20-10-2023/dgr6-2023-10-20.xls,2023/2023-10-20_dgr6.xls,200,18944,199c2fc3892a1914f151cfaf9cc0dc3464790c791e18cec31b1c6b4b4758392b,2026-09-14T13:55:08,dgr6
https://npp.gov.in/public-reports/cea/daily/dgr/21-10-2023/dgr6-2023-10-21.xls,2023/2023-10-21_dgr6.xls,200,18944,fe654a51841eaf1df08b9317ce78020568aba54edf1a7d6eb9fc4e288c93a680,2026-09-14T13:55:08,dgr6
https://npp.gov.in/public-reports/cea/daily/dgr/22-10-2023/dgr6-2023-10-22.xls,2023/2023-10-22_dgr6.xls,200,18944,81e3236faa3dd008bc748fc4c5ec3c92065030b4e5dd4e7e20de49691e7864e7,2026-09-14T13:55:08,dgr6
https://npp.gov.in/public-reports/cea/daily/dgr/23-10-2023/dgr6-2023-10-23.xls,2023/2023-10-23_dgr6.xls,200,18944,a1678e575d6d9325accda2525b482ebeb8c537edaad4d7198d3a94ff009906a0,2026-09-14T13:55:09,dgr6
https://npp.gov.in/public-reports/cea/daily/dgr/24-10-2023/dgr6-2023-10-24.xls,2023/2023-10-24_dgr6.xls,200,18944,c221704be12ba1766a280ba2b4f4cd89f5c96df3854dd029ef7c6bce9509e285,2026-09-14T13:55:09,dgr6
https://npp.gov.in/public-reports/cea/daily/dgr/25-10-2023/dgr6-2023-10-25.xls,2023/2023-10-25_dgr6.xls,200,18944,5ce8375415bd98323ae9b0fd0c184651403cd71d36937dd06a339693de7a2d67,2026-09-14T13:55:10,dgr6
https://npp.gov.in/public-reports/cea/daily/dgr/26-10-2023/dgr6-2023-10-26.xls,2023/2023-10-26_dgr6.xls,404,0,,2026-09-14T13:55:10,dgr6
https://npp.gov.in/public-reports/cea/daily/dgr/27-10-2023/dgr6-2023-10-27.xls,2023/2023-10-27_dgr6.xls,200,18944,af32bf596d4979211782b618c4389bf24c78bae07c3d46a05e7958f266f18370,2026-09-14T13:55:10,dgr6
https://npp.gov.in/public-reports/cea/daily/dgr/28-10-2023/dgr6-2023-10-28.xls,2023/2023-10-28_dgr6.xls,200,18944,a684ae339c69117f8f1e355dc8f81d51158365b897674121973367d07893445b,2026-09-14T13:55:11,dgr6
https://npp.gov.in/public-reports/cea/daily/dgr/29-10-2023/dgr6-2023-10-29.xls,2023/2023-10-29_dgr6.xls,200,18944,1adc93c592c5872d5728c6f169c18d4db14193cf595e81e5f5697801a5738e3e,2026-09-14T13:55:11,dgr6
https://npp.gov.in/public-reports/cea/daily/dgr/30-10-2023/dgr6-2023-10-30.xls,2023/2023-10-30_dgr6.xls,200,18944,ebb07f280cdfb00b531896adb37ae5f726d3425de2acfd59e5ac11423187128c,2026-09-14T13:55:11,dgr6
https://npp.gov.in/public-reports/cea/daily/dgr/31-10-2023/dgr6-2023-10-31.xls,2023/2023-10-31_dgr6.xls,200,18944,da0e1dcf207d800b33eaaaab2b7ba900c519b6d5a841f40b9b4e6f7959c31f15,2026-09-14T13:55:12,dgr6
https://npp.gov.in/public-reports/cea/daily/dgr/01-11-2023/dgr6-2023-11-01.xls,2023/2023-11-01_dgr6.xls,200,18944,a6d0b71871ff05b128cc62a5ece562143db8773bed7c7f2a80c4be93433f1b98,2026-09-14T13:55:12,dgr6
https://npp.gov.in/public-reports/cea/daily/dgr/02-11-2023/dgr6-2023-11-02.xls,2023/2023-11-02_dgr6.xls,200,18944,29e77cbd9877944e8bfce64e11ab47afe8700a56fe339f3b136d5068a9b6efd2,2026-09-14T13:55:12,dgr6
https://npp.gov.in/public-reports/cea/daily/dgr/03-11-2023/dgr6-2023-11-03.xls,2023/2023-11-03_dgr6.xls,200,18944,a57e90f7545d285708c96c703789cbc7b47fcd8ef08c224ef4d44f3c0ed85d97,2026-09-14T13:55:13,dgr6
https://npp.gov.in/public-reports/cea/daily/dgr/04-11-2023/dgr6-2023-11-04.xls,2023/2023-11-04_dgr6.xls,200,18944,8350d1ab370a004c07e4d03b87ad12834709235c10ea4618b435ebb51dffe3ce,2026-09-14T13:55:13,dgr6
https://npp.gov.in/public-reports/cea/daily/dgr/05-11-2023/dgr6-2023-11-05.xls,2023/2023-11-05_dgr6.xls,200,18944,3692c1c60e5d1b04e9ba588d16e8ee697a86e201ba08bea25b16fc12bb4610fa,2026-09-14T13:55:14,dgr6
https://npp.gov.in/public-reports/cea/daily/dgr/06-11-2023/dgr6-2023-11-06.xls,2023/2023-11-06_dgr6.xls,200,18944,c0f48e8002b26ff4b81f9f4a43ad771b0154d4fe6ef289fad11b44ef98443a9a,2026-09-14T13:55:14,dgr6
https://npp.gov.in/public-reports/cea/daily/dgr/07-11-2023/dgr6-2023-11-07.xls,2023/2023-11-07_dgr6.xls,200,18944,06f049b96c73b56e1e4679a437593bc2beea12915d52c394fce7c33ef1fd56a0,2026-09-14T13:55:14,dgr6
https://npp.gov.in/public-reports/cea/daily/dgr/08-11-2023/dgr6-2023-11-08.xls,2023/2023-11-08_dgr6.xls,200,18944,cd28929ad3c38aab3879aec188befb21bb4cc7b2c99db654eb8a311f026dfa92,2026-09-14T13:55:15,dgr6
https://npp.gov.in/public-reports/cea/daily/dgr/09-11-2023/dgr6-2023-11-09.xls,2023/2023-11-09_dgr6.xls,200,18944,0a09e83a74401b96c1125498c6510229149afab7a927a570c8a7794f7a0837fd,2026-09-14T13:55:15,dgr6
https://npp.gov.in/public-reports/cea/daily/dgr/10-11-2023/dgr6-2023-11-10.xls,2023/2023-11-10_dgr6.xls,200,18944,20f948186ec12cc277d56af705709f97109758b4ea64e0cccf60ac040594a17e,2026-09-14T13:55:15,dgr6
https://npp.gov.in/public-reports/cea/daily/dgr/11-11-2023/dgr6-2023-11-11.xls,2023/2023-11-11_dgr6.xls,200,18944,08245691b189d8fb33c6c12a4298cb94c4b17df943affa28559e9e758ff3afdd,2026-09-14T13:55:16,dgr6
https://npp.gov.in/public-reports/cea/daily/dgr/12-11-2023/dgr6-2023-11-12.xls,2023/2023-11-12_dgr6.xls,200,18944,0ff70ce4b38f1b0070da0abbcfc7368ce6c02f290517399dccc7a0710d856558,2026-09-14T13:55:16,dgr6
https://npp.gov.in/public-reports/cea/daily/dgr/13-11-2023/dgr6-2023-11-13.xls,2023/2023-11-13_dgr6.xls,200,18944,02ab46cad5d981626f0ebd1e937dcdfff434f5a36f934bbf7e1aefb9f2a2d669,2026-09-14T13:55:17,dgr6
https://npp.gov.in/public-reports/cea/daily/dgr/14-11-2023/dgr6-2023-11-14.xls,2023/2023-11-14_dgr6.xls,200,18944,999d369480c63cb88b4186722af05c5e00d023af5d5c68266e9c7de250ae5c66,2026-09-14T13:55:17,dgr6
https://npp.gov.in/public-reports/cea/daily/dgr/15-11-2023/dgr6-2023-11-15.xls,2023/2023-11-15_dgr6.xls,200,18944,e58430395822d2f63310fe1a5c7b88ccf08d260ce3edb612b555e964e4e44887,2026-09-14T13:55:17,dgr6
https://npp.gov.in/public-reports/cea/daily/dgr/16-11-2023/dgr6-2023-11-16.xls,2023/2023-11-16_dgr6.xls,200,18944,ba41c2451a662b21bd123e0ea4086461f9c70577de8422d2714e110392deed14,2026-09-14T13:55:18,dgr6
https://npp.gov.in/public-reports/cea/daily/dgr/17-11-2023/dgr6-2023-11-17.xls,2023/2023-11-17_dgr6.xls,404,0,,2026-09-14T13:55:18,dgr6
https://npp.gov.in/public-reports/cea/daily/dgr/18-11-2023/dgr6-2023-11-18.xls,2023/2023-11-18_dgr6.xls,200,18944,9755dc5392d9e0aac347ed2fcb31495582d6154f3689f3b9a4629c4f73992b8e,2026-09-14T13:55:18,dgr6
https://npp.gov.in/public-reports/cea/daily/dgr/19-11-2023/dgr6-2023-11-19.xls,2023/2023-11-19_dgr6.xls,200,18944,3ee78bc97d23cfe53a9bbc95c4f9d6436c918bb6457f686455b418959433a1cc,2026-09-14T13:55:19,dgr6
https://npp.gov.in/public-reports/cea/daily/dgr/20-11-2023/dgr6-2023-11-20.xls,2023/2023-11-20_dgr6.xls,200,18944,0dc6499dcb6a4b6a7d08bf98f5b1a4297dda3a8f5f518e32f3d177e636ba5863,2026-09-14T13:55:19,dgr6
https://npp.gov.in/public-reports/cea/daily/dgr/21-11-2023/dgr6-2023-11-21.xls,2023/2023-11-21_dgr6.xls,200,18944,cc297c3dcc7894e52b79a8cbcd9d93d0b5ae9d6e3a964b9d373881b119ddf51a,2026-09-14T13:55:19,dgr6
https://npp.gov.in/public-reports/cea/daily/dgr/22-11-2023/dgr6-2023-11-22.xls,2023/2023-11-22_dgr6.xls,200,18944,e5b82e1d365005f53154b0177221f31a0d05bbd20ee04ef515392e14621a0fe6,2026-09-14T13:55:20,dgr6
https://npp.gov.in/public-reports/cea/daily/dgr/23-11-2023/dgr6-2023-11-23.xls,2023/2023-11-23_dgr6.xls,200,18944,d4d7244bbf347730cf9f346a8f2d28189fa5187bfa1f6dc41ee2fad72c1e156c,2026-09-14T13:55:20,dgr6
https://npp.gov.in/public-reports/cea/daily/dgr/24-11-2023/dgr6-2023-11-24.xls,2023/2023-11-24_dgr6.xls,200,18944,d23b8464337e47622fe00bf2979c1857582c6fd4ae2065b25f001ad8dde12ba9,2026-09-14T13:55:21,dgr6
https://npp.gov.in/public-reports/cea/daily/dgr/25-11-2023/dgr6-2023-11-25.xls,2023/2023-11-25_dgr6.xls,200,18944,c643c4c39af3e6511e8a5068cfa9e1ed43564260c6b45a871244aadb04d66e47,2026-09-14T13:55:21,dgr6
https://npp.gov.in/public-reports/cea/daily/dgr/26-11-2023/dgr6-2023-11-26.xls,2023/2023-11-26_dgr6.xls,200,18944,81e262378e2fc3e7ed401abf81738da9a0ac575024836c5e3ce9a32463aadcf6,2026-09-14T13:55:21,dgr6
https://npp.gov.in/public-reports/cea/daily/dgr/27-11-2023/dgr6-2023-11-27.xls,2023/2023-11-27_dgr6.xls,200,18944,77d2c8f6c6f5fdf902cc61b842b22622091230013452c976299b32c7d644bcb9,2026-09-14T13:55:22,dgr6
https://npp.gov.in/public-reports/cea/daily/dgr/28-11-2023/dgr6-2023-11-28.xls,2023/2023-11-28_dgr6.xls,200,18944,b4838050f4622df6135826705baddde0271f5f8517d4eccff5304c6fa758604f,2026-09-14T13:55:22,dgr6
https://npp.gov.in/public-reports/cea/daily/dgr/29-11-2023/dgr6-2023-11-29.xls,2023/2023-11-29_dgr6.xls,200,18944,2a797b451433a587a47d0eaa3765a96f969fd01098232b3fe0451dd52ed23993,2026-09-14T13:55:22,dgr6
https://npp.gov.in/public-reports/cea/daily/dgr/30-11-2023/dgr6-2023-11-30.xls,2023/2023-11-30_dgr6.xls,200,18944,67d407eb7b504647dbe41e01e595fdc2b20ed2408785c57ecdaa524e3aa584b0,2026-09-14T13:55:23,dgr6
https://npp.gov.in/public-reports/cea/daily/dgr/01-12-2023/dgr6-2023-12-01.xls,2023/2023-12-01_dgr6.xls,200,18944,c83f8ea39c43cb58c98df75838b54d70b92944d6d416c27cf2fa705e0f57fe69,2026-09-14T13:55:23,dgr6
https://npp.gov.in/public-reports/cea/daily/dgr/02-12-2023/dgr6-2023-12-02.xls,2023/2023-12-02_dgr6.xls,200,18944,168c0efd55130fa8f9653543c905944fc2f4280a5038df2abf617e3128c8c805,2026-09-14T13:55:23,dgr6
https://npp.gov.in/public-reports/cea/daily/dgr/03-12-2023/dgr6-2023-12-03.xls,2023/2023-12-03_dgr6.xls,200,18944,8a8b1d1e46465365238decf39e1cb2c413da93a9de551fe9d2b27061a72fcc9c,2026-09-14T13:55:24,dgr6
https://npp.gov.in/public-reports/cea/daily/dgr/04-12-2023/dgr6-2023-12-04.xls,2023/2023-12-04_dgr6.xls,200,18944,634d7ab6566c8a68b13d27d47a339c8063eb09503c98dfc09cdd19b9b54e0070,2026-09-14T13:55:24,dgr6
https://npp.gov.in/public-reports/cea/daily/dgr/05-12-2023/dgr6-2023-12-05.xls,2023/2023-12-05_dgr6.xls,200,18944,da90ec54b762c917c25c6465de480c6982f203e9398b7014760b830f445fe118,2026-09-14T13:55:25,dgr6
https://npp.gov.in/public-reports/cea/daily/dgr/06-12-2023/dgr6-2023-12-06.xls,2023/2023-12-06_dgr6.xls,200,18944,c282cc8ea4aada570b4a5bb6b59252362abc7657dd86d057e29eb59e83e7d984,2026-09-14T13:55:25,dgr6
https://npp.gov.in/public-reports/cea/daily/dgr/07-12-2023/dgr6-2023-12-07.xls,2023/2023-12-07_dgr6.xls,200,18944,7c71ce20f72814eb5f6fd1c07ecfd3ad087f9ec54916a4b7a46da060185b9941,2026-09-14T13:55:25,dgr6
https://npp.gov.in/public-reports/cea/daily/dgr/08-12-2023/dgr6-2023-12-08.xls,2023/2023-12-08_dgr6.xls,200,18944,4950de182b45e2c65b62492ebc658879902eb113ba6cbd820685a768d8a9aeef,2026-09-14T13:55:26,dgr6
https://npp.gov.in/public-reports/cea/daily/dgr/09-12-2023/dgr6-2023-12-09.xls,2023/2023-12-09_dgr6.xls,200,18944,50d420c98aec8858d7c1f45167b4c376a12172f3497b958d1dca38e8fc08a877,2026-09-14T13:55:26,dgr6
https://npp.gov.in/public-reports/cea/daily/dgr/10-12-2023/dgr6-2023-12-10.xls,2023/2023-12-10_dgr6.xls,200,18944,384050b3251fa75d6ae6d7479e0a09329120a2619c03c74c47c531d7a54cdea7,2026-09-14T13:55:26,dgr6
https://npp.gov.in/public-reports/cea/daily/dgr/11-12-2023/dgr6-2023-12-11.xls,2023/2023-12-11_dgr6.xls,200,18944,70e44166fb87f59c1ae4474d092d97ca8112ab0789c80d09b6451b05cc95bb57,2026-09-14T13:55:27,dgr6
https://npp.gov.in/public-reports/cea/daily/dgr/12-12-2023/dgr6-2023-12-12.xls,2023/2023-12-12_dgr6.xls,200,18944,a4de3b0c2afd1f25f62593a81172af85d329491481d1b741277bb3270ae7a77e,2026-09-14T13:55:27,dgr6
https://npp.gov.in/public-reports/cea/daily/dgr/13-12-2023/dgr6-2023-12-13.xls,2023/2023-12-13_dgr6.xls,200,18944,f22a4ee670ec7b6b05875fd6f0076c654c6c7a41155b05742c720dc03c688dd2,2026-09-14T13:55:27,dgr6
https://npp.gov.in/public-reports/cea/daily/dgr/14-12-2023/dgr6-2023-12-14.xls,2023/2023-12-14_dgr6.xls,200,18944,318881374465da5d5490eb6b86d27725b05ae16b9a2287d2acbb02771e5b4d7f,2026-09-14T13:55:29,dgr6
https://npp.gov.in/public-reports/cea/daily/dgr/15-12-2023/dgr6-2023-12-15.xls,2023/2023-12-15_dgr6.xls,200,18944,73c8d634fd7e2fe14b50b8e69339ca50407d865c8a512f4ab8fcccb4149a3b2d,2026-09-14T13:55:29,dgr6
https://npp.gov.in/public-reports/cea/daily/dgr/16-12-2023/dgr6-2023-12-16.xls,2023/2023-12-16_dgr6.xls,200,18944,447c4b865ce7a4325361d622c2cd8475ae5e0b375fd097a7d07d7bf915d5498c,2026-09-14T13:55:30,dgr6
https://npp.gov.in/public-reports/cea/daily/dgr/17-12-2023/dgr6-2023-12-17.xls,2023/2023-12-17_dgr6.xls,200,18944,552253925ea164eab3e14f04b66eede255bfbaeaa62a8ce4f918999c889f7667,2026-09-14T13:55:30,dgr6
https://npp.gov.in/public-reports/cea/daily/dgr/18-12-2023/dgr6-2023-12-18.xls,2023/2023-12-18_dgr6.xls,200,18944,6d5ee05b33d216b40e0770223a1b91e4e597ee6ca04f7f29b5e57cdb61b3a63b,2026-09-14T13:55:30,dgr6
https://npp.gov.in/public-reports/cea/daily/dgr/19-12-2023/dgr6-2023-12-19.xls,2023/2023-12-19_dgr6.xls,200,18944,4811addb0ec306ccdc6bd5caaf20494369b340de372580e31a11f95d36ae0406,2026-09-14T13:55:31,dgr6
https://npp.gov.in/public-reports/cea/daily/dgr/20-12-2023/dgr6-2023-12-20.xls,2023/2023-12-20_dgr6.xls,200,18944,b21e077beaaa9f95bec62352124d8afd217e062c5465bdffd017aeb218febe86,2026-09-14T13:55:31,dgr6
https://npp.gov.in/public-reports/cea/daily/dgr/21-12-2023/dgr6-2023-12-21.xls,2023/2023-12-21_dgr6.xls,200,18944,d9d3217086142ae337408f37b5fc18f298d7b4999ab2c043195c36c628687b46,2026-09-14T13:55:32,dgr6
https://npp.gov.in/public-reports/cea/daily/dgr/22-12-2023/dgr6-2023-12-22.xls,2023/2023-12-22_dgr6.xls,200,18944,a30f37be029b968068767aec2dd0d9080ebe4e74fcb59c584b723a7fc57fb2d5,2026-09-14T13:55:33,dgr6
https://npp.gov.in/public-reports/cea/daily/dgr/23-12-2023/dgr6-2023-12-23.xls,2023/2023-12-23_dgr6.xls,200,18944,bf104aa1d708836558efed5ff4693bd5218215f30f8ef07b8743c89cd48bab5e,2026-09-14T13:55:33,dgr6
https://npp.gov.in/public-reports/cea/daily/dgr/24-12-2023/dgr6-2023-12-24.xls,2023/2023-12-24_dgr6.xls,200,18944,427b9a7b75b036096cc1432b817647337d2eb9ed9e3bf5f3cd6754be076829f1,2026-09-14T13:55:33,dgr6
https://npp.gov.in/public-reports/cea/daily/dgr/25-12-2023/dgr6-2023-12-25.xls,2023/2023-12-25_dgr6.xls,200,18944,95ce29a022602112e5cb077baeeefff1203eab3ef545e872c0a188b321493286,2026-09-14T13:55:34,dgr6
https://npp.gov.in/public-reports/cea/daily/dgr/26-12-2023/dgr6-2023-12-26.xls,2023/2023-12-26_dgr6.xls,200,18944,4d6b63c70abca13853ed330f7726849466887a9c6c3b73dec4e4dfdaf731d105,2026-09-14T13:55:34,dgr6
https://npp.gov.in/public-reports/cea/daily/dgr/27-12-2023/dgr6-2023-12-27.xls,2023/2023-12-27_dgr6.xls,200,18944,c07224d3eee8f677b00b6ae68a96dfb207ac9c6433af4154df589680c8f230cd,2026-09-14T13:55:34,dgr6
https://npp.gov.in/public-reports/cea/daily/dgr/28-12-2023/dgr6-2023-12-28.xls,2023/2023-12-28_dgr6.xls,200,18944,3ebb9fc807595a69a7956fd71ba1f8e4489e132a5f28d1f1964873e523c566bb,2026-09-14T13:55:35,dgr6
https://npp.gov.in/public-reports/cea/daily/dgr/29-12-2023/dgr6-2023-12-29.xls,2023/2023-12-29_dgr6.xls,200,18944,cde0fa56dfaa6f634bbcc3c444cd633367668f0d086d7434045a3d6190410d33,2026-09-14T13:55:35,dgr6
https://npp.gov.in/public-reports/cea/daily/dgr/30-12-2023/dgr6-2023-12-30.xls,2023/2023-12-30_dgr6.xls,200,18944,859b9932f1f1a804b80cab5e1e0e07efaf953d1db47a1a19771a98b765c022c5,2026-09-14T13:55:35,dgr6
https://npp.gov.in/public-reports/cea/daily/dgr/31-12-2023/dgr6-2023-12-31.xls,2023/2023-12-31_dgr6.xls,200,18944,1a0948ef2c13a0a9e4896b41207a4edbce07ff4455253f3bcc067e8783eba926,2026-09-14T13:55:36,dgr6
https://npp.gov.in/public-reports/cea/daily/dgr/01-01-2024/dgr6-2024-01-01.xls,2024/2024-01-01_dgr6.xls,200,18944,83d6b5a0ded107e7d1e80b695e3ae7a8c6d645702c76902e3ed9955691dd47cd,2026-09-14T13:55:36,dgr6
https://npp.gov.in/public-reports/cea/daily/dgr/02-01-2024/dgr6-2024-01-02.xls,2024/2024-01-02_dgr6.xls,200,18944,7db1c54f6ce9ccec25860bf02d1751d9bde1fc316bb58622bb035f44725ec506,2026-09-14T13:55:37,dgr6
https://npp.gov.in/public-reports/cea/daily/dgr/03-01-2024/dgr6-2024-01-03.xls,2024/2024-01-03_dgr6.xls,200,18944,ca2503485d755c2bbaa57ffa90f0182b0b729a462bcdc3dc2c652e253b3b5cfb,2026-09-14T13:55:37,dgr6
https://npp.gov.in/public-reports/cea/daily/dgr/04-01-2024/dgr6-2024-01-04.xls,2024/2024-01-04_dgr6.xls,200,18944,136e06c7ed15fa873b0948015cc70e06f00fece60f14b6756aa2dfb01bcc875e,2026-09-14T13:55:37,dgr6
https://npp.gov.in/public-reports/cea/daily/dgr/05-01-2024/dgr6-2024-01-05.xls,2024/2024-01-05_dgr6.xls,404,0,,2026-09-14T13:55:38,dgr6
https://npp.gov.in/public-reports/cea/daily/dgr/06-01-2024/dgr6-2024-01-06.xls,2024/2024-01-06_dgr6.xls,200,18944,4a8db93b1513f058d3c688634129c98b73a23754bc53659724f2e929a49669c7,2026-09-14T13:55:39,dgr6
https://npp.gov.in/public-reports/cea/daily/dgr/07-01-2024/dgr6-2024-01-07.xls,2024/2024-01-07_dgr6.xls,200,18944,64363426a9671ef0864c2cbdd7be191fb2cbb56209dcace7b4dbbb80c66e94f0,2026-09-14T13:55:39,dgr6
https://npp.gov.in/public-reports/cea/daily/dgr/08-01-2024/dgr6-2024-01-08.xls,2024/2024-01-08_dgr6.xls,200,18944,2b0618c707ff1dca74ca9623dbd8f444c35f82c324cb631512d312a347d3ff4e,2026-09-14T13:55:39,dgr6
https://npp.gov.in/public-reports/cea/daily/dgr/09-01-2024/dgr6-2024-01-09.xls,2024/2024-01-09_dgr6.xls,200,18944,37f7f3009da5fea3e3d8af4786f350f2f9e92e7152f95063479d2d9b24eca8fa,2026-09-14T13:55:40,dgr6
https://npp.gov.in/public-reports/cea/daily/dgr/10-01-2024/dgr6-2024-01-10.xls,2024/2024-01-10_dgr6.xls,200,18944,5b7768412195df8b700b7d4db2fec62a570df4a6880a32967db2dded581ca448,2026-09-14T13:55:40,dgr6
https://npp.gov.in/public-reports/cea/daily/dgr/11-01-2024/dgr6-2024-01-11.xls,2024/2024-01-11_dgr6.xls,200,18944,622b0bdcdb41b1a08748e6be40c2d64613926cb0d19848b68c9e7908bc0746bb,2026-09-14T13:55:41,dgr6
https://npp.gov.in/public-reports/cea/daily/dgr/12-01-2024/dgr6-2024-01-12.xls,2024/2024-01-12_dgr6.xls,200,18944,17dd0c597cbe2e5b3d8dd39ac04f34ca2f11e083abf4c5053a2d1eb177a06df6,2026-09-14T13:55:41,dgr6
https://npp.gov.in/public-reports/cea/daily/dgr/13-01-2024/dgr6-2024-01-13.xls,2024/2024-01-13_dgr6.xls,200,18944,ddc9bf06ae4ff7a6c6af7a31b774cbaf2fbcb4a77ea97cfa490bf5754927d2c6,2026-09-14T13:55:41,dgr6
https://npp.gov.in/public-reports/cea/daily/dgr/14-01-2024/dgr6-2024-01-14.xls,2024/2024-01-14_dgr6.xls,404,0,,2026-09-14T13:55:42,dgr6
https://npp.gov.in/public-reports/cea/daily/dgr/15-01-2024/dgr6-2024-01-15.xls,2024/2024-01-15_dgr6.xls,200,18944,6197987ab6fe52cfb6e89fb196f40f09ab0dad31fb3db58d9e0b48312f9faff5,2026-09-14T13:55:42,dgr6
https://npp.gov.in/public-reports/cea/daily/dgr/16-01-2024/dgr6-2024-01-16.xls,2024/2024-01-16_dgr6.xls,200,18944,7daca349f595c29653d4e98dcb09cc92f0df9971e8f967bce74080a1d946935d,2026-09-14T13:55:42,dgr6
https://npp.gov.in/public-reports/cea/daily/dgr/17-01-2024/dgr6-2024-01-17.xls,2024/2024-01-17_dgr6.xls,200,18944,e65567c2632e66b027b0c7c7d203b9a5a35588d2b28b3bf8ff2b262d1603bf53,2026-09-14T13:55:43,dgr6
https://npp.gov.in/public-reports/cea/daily/dgr/18-01-2024/dgr6-2024-01-18.xls,2024/2024-01-18_dgr6.xls,200,18944,c5b0a38b100ac6fe0428e42ba34a44a1a32d3e27a589d21f990ba1444083baea,2026-09-14T13:55:43,dgr6
https://npp.gov.in/public-reports/cea/daily/dgr/19-01-2024/dgr6-2024-01-19.xls,2024/2024-01-19_dgr6.xls,200,18944,dba4648ba45fe0abf678f0630461dac607e2e1200bee100215b239f8281ae6e4,2026-09-14T13:55:44,dgr6
https://npp.gov.in/public-reports/cea/daily/dgr/20-01-2024/dgr6-2024-01-20.xls,2024/2024-01-20_dgr6.xls,200,18944,f5d86e6adf9c13c2181600ace2258f3fd2bcfa72bb2ea968c1fd5a5433fb3ece,2026-09-14T13:55:44,dgr6
https://npp.gov.in/public-reports/cea/daily/dgr/21-01-2024/dgr6-2024-01-21.xls,2024/2024-01-21_dgr6.xls,200,18944,6e661687e8b1f982d7cf602ca6f33300140699f307932b72ead970d4cd09d4a3,2026-09-14T13:55:44,dgr6
https://npp.gov.in/public-reports/cea/daily/dgr/22-01-2024/dgr6-2024-01-22.xls,2024/2024-01-22_dgr6.xls,200,18944,0f00e11e5faa7bcd63f865b4ae405e7c84101651e4773cd590f473f5679f5f7c,2026-09-14T13:55:45,dgr6
https://npp.gov.in/public-reports/cea/daily/dgr/23-01-2024/dgr6-2024-01-23.xls,2024/2024-01-23_dgr6.xls,200,18944,d104bcf52f0116ca3200464ead55d5b63f1e94693b519b6879b554af6a191688,2026-09-14T13:55:45,dgr6
https://npp.gov.in/public-reports/cea/daily/dgr/24-01-2024/dgr6-2024-01-24.xls,2024/2024-01-24_dgr6.xls,200,18944,e904d56aca4c62c12cb345de34b7385ecb508f4cad77aa2f4628b22418a0b67c,2026-09-14T13:55:45,dgr6
https://npp.gov.in/public-reports/cea/daily/dgr/25-01-2024/dgr6-2024-01-25.xls,2024/2024-01-25_dgr6.xls,200,18944,a57f835c4bfa0b468cdbda3cb90b6d905c089aa8995aae020322dd3e973ca067,2026-09-14T13:55:46,dgr6
https://npp.gov.in/public-reports/cea/daily/dgr/26-01-2024/dgr6-2024-01-26.xls,2024/2024-01-26_dgr6.xls,200,18944,9a6662081e67083031cd9b68d4ac55b3a1650cf9df1eb24188e01d7e51808c64,2026-09-14T13:55:46,dgr6
https://npp.gov.in/public-reports/cea/daily/dgr/27-01-2024/dgr6-2024-01-27.xls,2024/2024-01-27_dgr6.xls,200,18944,302754b26f0e347d1101873ba2aa948b9a9a5c0170d46eedf043c42b0c97d248,2026-09-14T13:55:47,dgr6
https://npp.gov.in/public-reports/cea/daily/dgr/28-01-2024/dgr6-2024-01-28.xls,2024/2024-01-28_dgr6.xls,200,18944,472b21bd112ef758b08925ec57a4dc8f4c17e2d0ad0ca60f75e29b7ae687eb4a,2026-09-14T13:55:48,dgr6
https://npp.gov.in/public-reports/cea/daily/dgr/29-01-2024/dgr6-2024-01-29.xls,2024/2024-01-29_dgr6.xls,200,18944,21fccd95c45d29604bed2809114cbf66180d9659387ebff7cbf42f09b375fe68,2026-09-14T13:55:48,dgr6
https://npp.gov.in/public-reports/cea/daily/dgr/30-01-2024/dgr6-2024-01-30.xls,2024/2024-01-30_dgr6.xls,200,18944,1be0eaed8a4e5f831f2905e83dd34eef139d9252091d88d427ce6c445954eaf1,2026-09-14T13:55:48,dgr6
https://npp.gov.in/public-reports/cea/daily/dgr/31-01-2024/dgr6-2024-01-31.xls,2024/2024-01-31_dgr6.xls,200,18944,c1765863f9651986d084de92315c2269dded0ce7da60dc9e17aa8a769a36fa87,2026-09-14T13:55:49,dgr6
https://npp.gov.in/public-reports/cea/daily/dgr/01-02-2024/dgr6-2024-02-01.xls,2024/2024-02-01_dgr6.xls,200,18944,7f3e67c9be73a7f511d4c7de51dbdf6592f85ffb6b2891f05e0fd3f596bbe427,2026-09-14T13:55:49,dgr6
https://npp.gov.in/public-reports/cea/daily/dgr/02-02-2024/dgr6-2024-02-02.xls,2024/2024-02-02_dgr6.xls,200,18944,fd35804460373f5a1a81fa7139d6b369d51c611d9efb648385fb29378bd8d0d2,2026-09-14T13:55:50,dgr6
https://npp.gov.in/public-reports/cea/daily/dgr/03-02-2024/dgr6-2024-02-03.xls,2024/2024-02-03_dgr6.xls,200,18944,002990866a33043e0adc852ef7b975e7a494e76fd1e64769d77979acf25cc2c0,2026-09-14T13:55:50,dgr6
https://npp.gov.in/public-reports/cea/daily/dgr/04-02-2024/dgr6-2024-02-04.xls,2024/2024-02-04_dgr6.xls,200,18944,700a732eae2dc8290987a3ebca32b6b607fe6e7c4335c09b383cef9478948613,2026-09-14T13:55:50,dgr6
https://npp.gov.in/public-reports/cea/daily/dgr/05-02-2024/dgr6-2024-02-05.xls,2024/2024-02-05_dgr6.xls,200,18944,6a403f9b90ccc6d62b1fa1c71f2f52f98c32443ee1997928baaba04d906ffc1a,2026-09-14T13:55:51,dgr6
https://npp.gov.in/public-reports/cea/daily/dgr/06-02-2024/dgr6-2024-02-06.xls,2024/2024-02-06_dgr6.xls,200,18944,2f99ae240c2e1cb64b2a7f3ab5ace58dce279128e1e79248a21805edb803eec2,2026-09-14T13:55:51,dgr6
https://npp.gov.in/public-reports/cea/daily/dgr/07-02-2024/dgr6-2024-02-07.xls,2024/2024-02-07_dgr6.xls,200,18944,4cc2e49bb6288a81bb3f6f1b43455e2e9218efb23b9c4c6b6f6c8ff88b0c77c8,2026-09-14T13:55:51,dgr6
https://npp.gov.in/public-reports/cea/daily/dgr/08-02-2024/dgr6-2024-02-08.xls,2024/2024-02-08_dgr6.xls,200,18944,36c65ab4fb2cb63e2fccf69eb54d67de38c4dbdd04e919729c3a209787357972,2026-09-14T13:55:52,dgr6
https://npp.gov.in/public-reports/cea/daily/dgr/09-02-2024/dgr6-2024-02-09.xls,2024/2024-02-09_dgr6.xls,200,18944,4042c749e53b0115181ad532b44a8950b3d61c0c141e519698a1b1d26d7bf97b,2026-09-14T13:55:52,dgr6
https://npp.gov.in/public-reports/cea/daily/dgr/10-02-2024/dgr6-2024-02-10.xls,2024/2024-02-10_dgr6.xls,200,18944,35d560ef36f066926b9a861448e0cb01fe7e02e45642efa4e5001f6c9e27ff15,2026-09-14T13:55:53,dgr6
https://npp.gov.in/public-reports/cea/daily/dgr/11-02-2024/dgr6-2024-02-11.xls,2024/2024-02-11_dgr6.xls,200,18944,0ad34cf6004a5d8cc6f495aa7856c88780d9145f87397d74e49bcf0dfbce7806,2026-09-14T13:55:53,dgr6
https://npp.gov.in/public-reports/cea/daily/dgr/12-02-2024/dgr6-2024-02-12.xls,2024/2024-02-12_dgr6.xls,200,18944,f5edffc42f0c7e58bf3ba2ff4bee17f854e4c2624f795250f2b35c43fcd37a7d,2026-09-14T13:55:53,dgr6
https://npp.gov.in/public-reports/cea/daily/dgr/13-02-2024/dgr6-2024-02-13.xls,2024/2024-02-13_dgr6.xls,200,18944,bd15ef3651668a7f8f2ec4cd8ba870c5e048b6a389c4d2d1e4536065c51a3c38,2026-09-14T13:55:54,dgr6
https://npp.gov.in/public-reports/cea/daily/dgr/14-02-2024/dgr6-2024-02-14.xls,2024/2024-02-14_dgr6.xls,200,18944,10f52b0017a225ed631038e2ef6da25d4407df6099fbc0b86c06196bb60f543c,2026-09-14T13:55:54,dgr6
https://npp.gov.in/public-reports/cea/daily/dgr/15-02-2024/dgr6-2024-02-15.xls,2024/2024-02-15_dgr6.xls,200,18944,3aab5e617a5ff3066b99beff00799636e578b0baf1c881a778aa3077a512c866,2026-09-14T13:55:55,dgr6
https://npp.gov.in/public-reports/cea/daily/dgr/16-02-2024/dgr6-2024-02-16.xls,2024/2024-02-16_dgr6.xls,200,18944,5a46da21430cfae53ff493aff269ae8791e56fa6d039900100afd1836fc146bf,2026-09-14T13:55:55,dgr6
https://npp.gov.in/public-reports/cea/daily/dgr/17-02-2024/dgr6-2024-02-17.xls,2024/2024-02-17_dgr6.xls,200,18944,27d3720267902cfe910a6106bf36cfb0d4784b765b956692f4d1a66ffee59dff,2026-09-14T13:55:55,dgr6
https://npp.gov.in/public-reports/cea/daily/dgr/18-02-2024/dgr6-2024-02-18.xls,2024/2024-02-18_dgr6.xls,200,18944,a3c1e937eb7610ca1d722b7cbb721e088d20317dfc8c531d48917b5b8f8057f0,2026-09-14T13:55:56,dgr6
https://npp.gov.in/public-reports/cea/daily/dgr/19-02-2024/dgr6-2024-02-19.xls,2024/2024-02-19_dgr6.xls,200,18944,62070f432a6a53281f9c4760e668fe81e733f1dbe624ae001368c4e137560db9,2026-09-14T13:55:56,dgr6
https://npp.gov.in/public-reports/cea/daily/dgr/20-02-2024/dgr6-2024-02-20.xls,2024/2024-02-20_dgr6.xls,200,18944,8c1c5c18b0670b44b2a3901b4d4a93c1fac11cf1042de60fdf75d252b8249e7f,2026-09-14T13:55:57,dgr6
https://npp.gov.in/public-reports/cea/daily/dgr/21-02-2024/dgr6-2024-02-21.xls,2024/2024-02-21_dgr6.xls,200,18944,73fd611d20c0c81d4e6f1a2131ffedd9f671ef4a4e3debdcd0168eb000e84193,2026-09-14T13:55:57,dgr6
https://npp.gov.in/public-reports/cea/daily/dgr/22-02-2024/dgr6-2024-02-22.xls,2024/2024-02-22_dgr6.xls,200,18944,b4ed42e8bf5ff73158624329021ec1cc239f868a87e75f95b9e3347715a7b18c,2026-09-14T13:55:57,dgr6
https://npp.gov.in/public-reports/cea/daily/dgr/23-02-2024/dgr6-2024-02-23.xls,2024/2024-02-23_dgr6.xls,200,18944,bcc26567ec781d3a752031ad09450447ab9af9cda2dfc1c46b269fa7307f66d4,2026-09-14T13:55:58,dgr6
https://npp.gov.in/public-reports/cea/daily/dgr/24-02-2024/dgr6-2024-02-24.xls,2024/2024-02-24_dgr6.xls,200,18944,96763c4e053aa79c42a0cda9df1cb38942bbc861bb5ab9f97df46c02c9d05fc9,2026-09-14T13:55:58,dgr6
https://npp.gov.in/public-reports/cea/daily/dgr/25-02-2024/dgr6-2024-02-25.xls,2024/2024-02-25_dgr6.xls,200,18944,d3ea5692f6f41657268b97aab4f54d7a252bc56f325720e63f44f4c6a0f53629,2026-09-14T13:55:58,dgr6
https://npp.gov.in/public-reports/cea/daily/dgr/26-02-2024/dgr6-2024-02-26.xls,2024/2024-02-26_dgr6.xls,200,18944,8358d0371e23f22ca6ca8cf4a353d92ce2ba8afe35b83a76406b1fd2adef0215,2026-09-14T13:55:59,dgr6
https://npp.gov.in/public-reports/cea/daily/dgr/27-02-2024/dgr6-2024-02-27.xls,2024/2024-02-27_dgr6.xls,200,18944,45bcc91626654fef94f1a60c41a29abf9945653bee7d518b0349dfd18087f0db,2026-09-14T13:55:59,dgr6
https://npp.gov.in/public-reports/cea/daily/dgr/28-02-2024/dgr6-2024-02-28.xls,2024/2024-02-28_dgr6.xls,200,18944,eaeaf11a6091dad3fa4b684850f9612533b1bde0bee1e14ce8cf75b5a505a981,2026-09-14T13:55:59,dgr6
https://npp.gov.in/public-reports/cea/daily/dgr/29-02-2024/dgr6-2024-02-29.xls,2024/2024-02-29_dgr6.xls,200,18944,edf353055eb95dc3e28598a2d21c27d8af9abd467d608d510f88feff73c45b27,2026-09-14T13:56:00,dgr6
https://npp.gov.in/public-reports/cea/daily/dgr/01-03-2024/dgr6-2024-03-01.xls,2024/2024-03-01_dgr6.xls,200,18944,e1f0fc7ca1d9f4dbe338fad9213389236420d1ce54f1cd137294012e495813fe,2026-09-14T13:56:00,dgr6
https://npp.gov.in/public-reports/cea/daily/dgr/02-03-2024/dgr6-2024-03-02.xls,2024/2024-03-02_dgr6.xls,200,18944,e3ad87433e0e604a8b164e12cce5ce38e6ed8664a81b122575f683f2a5999f6c,2026-09-14T13:56:01,dgr6
https://npp.gov.in/public-reports/cea/daily/dgr/03-03-2024/dgr6-2024-03-03.xls,2024/2024-03-03_dgr6.xls,200,18944,f1c1d0a55ba335650f3958824946bf1e9be3350dda076c404226d4700b76e979,2026-09-14T13:56:01,dgr6
https://npp.gov.in/public-reports/cea/daily/dgr/04-03-2024/dgr6-2024-03-04.xls,2024/2024-03-04_dgr6.xls,200,18944,89bb92b015886fe31e1a835ee5f61351a305585ccda8e90f010a426014d853d1,2026-09-14T13:56:01,dgr6
https://npp.gov.in/public-reports/cea/daily/dgr/05-03-2024/dgr6-2024-03-05.xls,2024/2024-03-05_dgr6.xls,200,18944,4f8bd15c034404b58233456276602a0adc0463ec66a113ad87ddcb33ec875d23,2026-09-14T13:56:02,dgr6
https://npp.gov.in/public-reports/cea/daily/dgr/06-03-2024/dgr6-2024-03-06.xls,2024/2024-03-06_dgr6.xls,200,18944,883e8048931704678b1eaa2c84d0904206ada2406538c522b62e7fd314d317f2,2026-09-14T13:56:02,dgr6
https://npp.gov.in/public-reports/cea/daily/dgr/07-03-2024/dgr6-2024-03-07.xls,2024/2024-03-07_dgr6.xls,200,18944,044961e306841f028e2f932e9ce9b084e4f5850eabe30463d445c641b9ec6098,2026-09-14T13:56:03,dgr6
https://npp.gov.in/public-reports/cea/daily/dgr/08-03-2024/dgr6-2024-03-08.xls,2024/2024-03-08_dgr6.xls,404,0,,2026-09-14T13:56:03,dgr6
https://npp.gov.in/public-reports/cea/daily/dgr/09-03-2024/dgr6-2024-03-09.xls,2024/2024-03-09_dgr6.xls,200,18944,435c7c026296b0605f78d9aa477551234d14aca78299efe2ce693b259095616e,2026-09-14T13:56:04,dgr6
https://npp.gov.in/public-reports/cea/daily/dgr/10-03-2024/dgr6-2024-03-10.xls,2024/2024-03-10_dgr6.xls,200,18944,900d4731ba1eae57576a4bea4fe6da3ce499e3e01165a99f78deaec7e5f141c1,2026-09-14T13:56:04,dgr6
https://npp.gov.in/public-reports/cea/daily/dgr/11-03-2024/dgr6-2024-03-11.xls,2024/2024-03-11_dgr6.xls,200,18944,3f77bd432d59e54d1212922404510727d513896203c231b199c17688355b1dc7,2026-09-14T13:56:05,dgr6
https://npp.gov.in/public-reports/cea/daily/dgr/12-03-2024/dgr6-2024-03-12.xls,2024/2024-03-12_dgr6.xls,200,18944,0072e1d9a3af1380a797332ea25ba19502c00dcc402774d4d3b731bf374f77a7,2026-09-14T13:56:05,dgr6
https://npp.gov.in/public-reports/cea/daily/dgr/13-03-2024/dgr6-2024-03-13.xls,2024/2024-03-13_dgr6.xls,200,18944,04cc2303135d455352fc37f704152a51f1cf498ec93519fd614c90af7adfda6f,2026-09-14T13:56:06,dgr6
https://npp.gov.in/public-reports/cea/daily/dgr/14-03-2024/dgr6-2024-03-14.xls,2024/2024-03-14_dgr6.xls,200,18944,e2d4428f5ae2051c54e8cd7671198680da6cc97948d5ebda01b49408046d9691,2026-09-14T13:56:06,dgr6
https://npp.gov.in/public-reports/cea/daily/dgr/15-03-2024/dgr6-2024-03-15.xls,2024/2024-03-15_dgr6.xls,200,18944,9dadc8f7e2322312c1b55140df1df36d7d817367d2dba23bbd436183f280c8b6,2026-09-14T13:56:06,dgr6
https://npp.gov.in/public-reports/cea/daily/dgr/16-03-2024/dgr6-2024-03-16.xls,2024/2024-03-16_dgr6.xls,200,18944,139dede60e5bf9d1fa91e0608d21ceb73effeb1a267839b9e3fb5c7a82fca3f8,2026-09-14T13:56:07,dgr6
https://npp.gov.in/public-reports/cea/daily/dgr/17-03-2024/dgr6-2024-03-17.xls,2024/2024-03-17_dgr6.xls,200,18944,f9535ada721be1171739fbdcefbd7427905914f2745b8a0b558d213eca77e30c,2026-09-14T13:56:07,dgr6
https://npp.gov.in/public-reports/cea/daily/dgr/18-03-2024/dgr6-2024-03-18.xls,2024/2024-03-18_dgr6.xls,200,18944,e68e42c30e515fdeee5e07101bf9df27fae22c37293c5fa610d454f5237da868,2026-09-14T13:56:07,dgr6
https://npp.gov.in/public-reports/cea/daily/dgr/19-03-2024/dgr6-2024-03-19.xls,2024/2024-03-19_dgr6.xls,200,18944,89f3f8ebad07383c35169703af08886d0ae7304fc192198421ba7dcf70334d5b,2026-09-14T13:56:08,dgr6
https://npp.gov.in/public-reports/cea/daily/dgr/20-03-2024/dgr6-2024-03-20.xls,2024/2024-03-20_dgr6.xls,200,18944,14d9dc7f05abbfca313ec4c7fc9051fc6e71282bb30c1769c03aaf4539d796fc,2026-09-14T13:56:08,dgr6
https://npp.gov.in/public-reports/cea/daily/dgr/21-03-2024/dgr6-2024-03-21.xls,2024/2024-03-21_dgr6.xls,200,18944,ed69405deb621d441ff0bb8372e138ffe87580bb2c3c932774d8e2f7067e57ed,2026-09-14T13:56:08,dgr6
https://npp.gov.in/public-reports/cea/daily/dgr/22-03-2024/dgr6-2024-03-22.xls,2024/2024-03-22_dgr6.xls,200,18944,6e14610fd52ada5949f5e40fe62efc381056640ec9cc09fe3be879fbf09d464b,2026-09-14T13:56:09,dgr6
https://npp.gov.in/public-reports/cea/daily/dgr/23-03-2024/dgr6-2024-03-23.xls,2024/2024-03-23_dgr6.xls,200,18944,311e2505dd01b16ac06594f796fb9a7a629d0ba44d7e8f4f7e1f472aa070dc86,2026-09-14T13:56:09,dgr6
https://npp.gov.in/public-reports/cea/daily/dgr/24-03-2024/dgr6-2024-03-24.xls,2024/2024-03-24_dgr6.xls,200,18944,d1d6b144c9a2487bd3634055efe7ff6cbc65cdf161ac0144326256e32ed90f35,2026-09-14T13:56:10,dgr6
https://npp.gov.in/public-reports/cea/daily/dgr/25-03-2024/dgr6-2024-03-25.xls,2024/2024-03-25_dgr6.xls,200,18944,5f2aca68c0f831d717de915082c02786b22cc729aee8f593200b5eee1366b807,2026-09-14T13:56:10,dgr6
https://npp.gov.in/public-reports/cea/daily/dgr/26-03-2024/dgr6-2024-03-26.xls,2024/2024-03-26_dgr6.xls,404,0,,2026-09-14T13:56:10,dgr6
https://npp.gov.in/public-reports/cea/daily/dgr/27-03-2024/dgr6-2024-03-27.xls,2024/2024-03-27_dgr6.xls,200,18944,7fb695fcc242ace6b16c2742accb3341b323f874e0d03f230a669467e57a3f2f,2026-09-14T13:56:11,dgr6
https://npp.gov.in/public-reports/cea/daily/dgr/28-03-2024/dgr6-2024-03-28.xls,2024/2024-03-28_dgr6.xls,200,18944,2be1376a65a07875b0490e167905894529ecc8a2c9651acb9cc8fbd97268ab7b,2026-09-14T13:56:11,dgr6
https://npp.gov.in/public-reports/cea/daily/dgr/29-03-2024/dgr6-2024-03-29.xls,2024/2024-03-29_dgr6.xls,200,18944,0057cd7631ac509a515bb01769ad99c0473efdda6c7913cf5a436ecdcc507fbb,2026-09-14T13:56:12,dgr6
https://npp.gov.in/public-reports/cea/daily/dgr/30-03-2024/dgr6-2024-03-30.xls,2024/2024-03-30_dgr6.xls,200,18944,4c36c3c35d61d9734b5f94d32be0cc38f70dd4db27025bf52a256100fb3103f7,2026-09-14T13:56:13,dgr6
https://npp.gov.in/public-reports/cea/daily/dgr/31-03-2024/dgr6-2024-03-31.xls,2024/2024-03-31_dgr6.xls,200,18944,ce136f6fda1c94ee316cc75206c2977b3f7949526226a7dcb3cae809e042c68f,2026-09-14T13:56:13,dgr6
https://npp.gov.in/public-reports/cea/daily/dgr/01-04-2024/dgr6-2024-04-01.xls,2024/2024-04-01_dgr6.xls,200,18944,646fd4e8434ba39d0213abbced20c26765b5b4a9a378855347970c9fe8d5e50e,2026-09-14T13:56:14,dgr6
https://npp.gov.in/public-reports/cea/daily/dgr/02-04-2024/dgr6-2024-04-02.xls,2024/2024-04-02_dgr6.xls,200,18944,87ba590b7b1ee38bbd3592662c9d86e904c103f52ce830d6dc4645f3eb810e81,2026-09-14T13:56:14,dgr6
https://npp.gov.in/public-reports/cea/daily/dgr/03-04-2024/dgr6-2024-04-03.xls,2024/2024-04-03_dgr6.xls,200,18944,7af63bc651ecbeecaed68c3ea96fee2b97fdb4b9f13b1f160d87c8b4ecd02821,2026-09-14T13:56:14,dgr6
https://npp.gov.in/public-reports/cea/daily/dgr/04-04-2024/dgr6-2024-04-04.xls,2024/2024-04-04_dgr6.xls,200,18944,a60afc9fd3b577191c37480d513a3ac4f4b02ce2da012d932329d8bae2f9f20f,2026-09-14T13:56:15,dgr6
https://npp.gov.in/public-reports/cea/daily/dgr/05-04-2024/dgr6-2024-04-05.xls,2024/2024-04-05_dgr6.xls,200,18944,98e2e21a577396f4d92925811f2662950c301051b1d863cca848459b948d41cc,2026-09-14T13:56:15,dgr6
https://npp.gov.in/public-reports/cea/daily/dgr/06-04-2024/dgr6-2024-04-06.xls,2024/2024-04-06_dgr6.xls,200,18944,733791e911c6d79bc19a45a02106fd4cc1aea6534a3004499e3b8d4ced42f0e3,2026-09-14T13:56:16,dgr6
https://npp.gov.in/public-reports/cea/daily/dgr/07-04-2024/dgr6-2024-04-07.xls,2024/2024-04-07_dgr6.xls,200,18944,5860e1e83d24a465f25f080f72918508148271375e3c45d33909180f65332331,2026-09-14T13:56:16,dgr6
https://npp.gov.in/public-reports/cea/daily/dgr/08-04-2024/dgr6-2024-04-08.xls,2024/2024-04-08_dgr6.xls,200,18944,08a370657ca87fdc631848d5069110d6c5a06b937fe297c3f739555da5c3dbb2,2026-09-14T13:56:16,dgr6
https://npp.gov.in/public-reports/cea/daily/dgr/09-04-2024/dgr6-2024-04-09.xls,2024/2024-04-09_dgr6.xls,200,18944,b19e3bc85612c54f9fe6bfd3d5fc941c31809455948bb42116fb870a2bd3be78,2026-09-14T13:56:17,dgr6
https://npp.gov.in/public-reports/cea/daily/dgr/10-04-2024/dgr6-2024-04-10.xls,2024/2024-04-10_dgr6.xls,200,18944,dbe2c6de0012bf7ead8748279c9588c279fc9f37a7673f7715219fedef22c136,2026-09-14T13:56:17,dgr6
https://npp.gov.in/public-reports/cea/daily/dgr/11-04-2024/dgr6-2024-04-11.xls,2024/2024-04-11_dgr6.xls,200,18944,cae0234a76e4199ad9a5b5fdd63500d38e3d1300928dd48a406b7830db64b47d,2026-09-14T13:56:18,dgr6
https://npp.gov.in/public-reports/cea/daily/dgr/12-04-2024/dgr6-2024-04-12.xls,2024/2024-04-12_dgr6.xls,200,18944,9ba82f695f1da26da521e70da366d223985f60be829631c339fccb65408d797e,2026-09-14T13:56:18,dgr6
https://npp.gov.in/public-reports/cea/daily/dgr/13-04-2024/dgr6-2024-04-13.xls,2024/2024-04-13_dgr6.xls,200,18944,62ffbaa98689a646291b7ab6bc80630d248c3e1fac3fedc7d58932540a172cb7,2026-09-14T13:56:18,dgr6
https://npp.gov.in/public-reports/cea/daily/dgr/14-04-2024/dgr6-2024-04-14.xls,2024/2024-04-14_dgr6.xls,200,18944,2c19f61ae0013043e86815226b4fefb2d85b0e1a3d4ef3af0844c29cd019d4e0,2026-09-14T13:56:19,dgr6
https://npp.gov.in/public-reports/cea/daily/dgr/15-04-2024/dgr6-2024-04-15.xls,2024/2024-04-15_dgr6.xls,200,18944,4eaf75fe7348b669e286f051d167b4ce6628bca264893de83359201672b0d10b,2026-09-14T13:56:19,dgr6
https://npp.gov.in/public-reports/cea/daily/dgr/16-04-2024/dgr6-2024-04-16.xls,2024/2024-04-16_dgr6.xls,200,18944,f98c36e564a347c23201098e73f39534ef0e841b56a201a7c39e8cbe90ad0a9c,2026-09-14T13:56:20,dgr6
https://npp.gov.in/public-reports/cea/daily/dgr/17-04-2024/dgr6-2024-04-17.xls,2024/2024-04-17_dgr6.xls,200,18944,6cbaab9a64569a315bccaedd87740fa29dcf639b64287b78066353072cf4901c,2026-09-14T13:56:20,dgr6
https://npp.gov.in/public-reports/cea/daily/dgr/18-04-2024/dgr6-2024-04-18.xls,2024/2024-04-18_dgr6.xls,200,18944,910fbef9dd602157503c89cd45d915631b4bb7e92cda1d3c484678706cddaf65,2026-09-14T13:56:20,dgr6
https://npp.gov.in/public-reports/cea/daily/dgr/19-04-2024/dgr6-2024-04-19.xls,2024/2024-04-19_dgr6.xls,200,18944,3d1539bc767dd6f3179a445e9efbf5570a2dedbe4f50cfb0f412736f41073c08,2026-09-14T13:56:21,dgr6
https://npp.gov.in/public-reports/cea/daily/dgr/20-04-2024/dgr6-2024-04-20.xls,2024/2024-04-20_dgr6.xls,200,18944,117d337c1c8c022f4f27145392eea1acb422c519cc2dec99b567f6373761d5b0,2026-09-14T13:56:21,dgr6
https://npp.gov.in/public-reports/cea/daily/dgr/21-04-2024/dgr6-2024-04-21.xls,2024/2024-04-21_dgr6.xls,200,18944,1b24d9fbb8313ecb4e4db57fcf4ec3bef33a22a7381239b8fa7139422f650cfb,2026-09-14T13:56:22,dgr6
https://npp.gov.in/public-reports/cea/daily/dgr/22-04-2024/dgr6-2024-04-22.xls,2024/2024-04-22_dgr6.xls,200,18944,3daf064dee85499046186a6c7b79fa1ae6f96b2099b41ea67b50396c9737e298,2026-09-14T13:56:22,dgr6
https://npp.gov.in/public-reports/cea/daily/dgr/23-04-2024/dgr6-2024-04-23.xls,2024/2024-04-23_dgr6.xls,200,18944,6ee54f9e7681d1e7ca490ff6da1f9de547b2ca4c949146f0aba48fd96aaf748f,2026-09-14T13:56:22,dgr6
https://npp.gov.in/public-reports/cea/daily/dgr/24-04-2024/dgr6-2024-04-24.xls,2024/2024-04-24_dgr6.xls,200,18944,1315eb75fbd8bc15c68d346d276a2d0597e0a4440a1cf500f052b30ca971e13e,2026-09-14T13:56:23,dgr6
https://npp.gov.in/public-reports/cea/daily/dgr/25-04-2024/dgr6-2024-04-25.xls,2024/2024-04-25_dgr6.xls,200,18944,39c528cbd9d59792d270bf560d0e2deafb196d78143e5f2459a490fb068cca9e,2026-09-14T13:56:23,dgr6
https://npp.gov.in/public-reports/cea/daily/dgr/26-04-2024/dgr6-2024-04-26.xls,2024/2024-04-26_dgr6.xls,200,18944,acfb4c8537d2a67106abf6d72bcc1a2f4486e995e1fae1066ed3333d69d542ff,2026-09-14T13:56:23,dgr6
https://npp.gov.in/public-reports/cea/daily/dgr/27-04-2024/dgr6-2024-04-27.xls,2024/2024-04-27_dgr6.xls,200,18944,7e90f6226ab09274e0a83dff234d9b8990d42cd7ab6ab0900f6d8d06603fa691,2026-09-14T13:56:24,dgr6
https://npp.gov.in/public-reports/cea/daily/dgr/28-04-2024/dgr6-2024-04-28.xls,2024/2024-04-28_dgr6.xls,200,18944,6e394057573c8144115e0878270dcdce2e87d7be3259fd39453dc67d4415292a,2026-09-14T13:56:24,dgr6
https://npp.gov.in/public-reports/cea/daily/dgr/29-04-2024/dgr6-2024-04-29.xls,2024/2024-04-29_dgr6.xls,200,18944,decc720aaef2c930f98680fac42b487e27a5966b317af32b9286855e1f578be6,2026-09-14T13:56:25,dgr6
https://npp.gov.in/public-reports/cea/daily/dgr/30-04-2024/dgr6-2024-04-30.xls,2024/2024-04-30_dgr6.xls,200,18944,a7642871af5d385b73ab42d94cec2c9099e7c0f66808e6e04bce2b2043be1902,2026-09-14T13:56:25,dgr6
https://npp.gov.in/public-reports/cea/daily/dgr/01-05-2024/dgr6-2024-05-01.xls,2024/2024-05-01_dgr6.xls,200,18944,28a60cdf1bf98f24dae5c28ef6a08fc98887de4d0da83fbd474bc8c1220ffae0,2026-09-14T13:56:25,dgr6
https://npp.gov.in/public-reports/cea/daily/dgr/02-05-2024/dgr6-2024-05-02.xls,2024/2024-05-02_dgr6.xls,200,18944,52d257e48dca892502019d52c8a0f6aa31ffc18e246ec36bf1775728a7b2b22e,2026-09-14T13:56:26,dgr6
https://npp.gov.in/public-reports/cea/daily/dgr/03-05-2024/dgr6-2024-05-03.xls,2024/2024-05-03_dgr6.xls,200,18944,91b6020a25e464cb486eafdf8e8dd2b41061eebc4a77256c828fba20f3a33ae9,2026-09-14T13:56:26,dgr6
https://npp.gov.in/public-reports/cea/daily/dgr/04-05-2024/dgr6-2024-05-04.xls,2024/2024-05-04_dgr6.xls,200,18944,ada92fcebcda1ea6d335676c702d2cdc91bbff0ba40e365fee0db52adf6f08d9,2026-09-14T13:56:26,dgr6
https://npp.gov.in/public-reports/cea/daily/dgr/05-05-2024/dgr6-2024-05-05.xls,2024/2024-05-05_dgr6.xls,200,18944,f43d9879b721e9be454efbbc5c9a0ebe6fa98813fc7c65a31fd44001d5c0f690,2026-09-14T13:56:27,dgr6
https://npp.gov.in/public-reports/cea/daily/dgr/06-05-2024/dgr6-2024-05-06.xls,2024/2024-05-06_dgr6.xls,200,18944,23584217430019d364c581496350ae97c3a1b459be9ace29d4209638d38ca945,2026-09-14T13:56:27,dgr6
https://npp.gov.in/public-reports/cea/daily/dgr/07-05-2024/dgr6-2024-05-07.xls,2024/2024-05-07_dgr6.xls,200,18944,5f85e5901dffc7686929559a8f42188dec9720129cdc571d01729f07adf44d3d,2026-09-14T13:56:27,dgr6
https://npp.gov.in/public-reports/cea/daily/dgr/08-05-2024/dgr6-2024-05-08.xls,2024/2024-05-08_dgr6.xls,200,18944,742f0a48a74eef27fbe0bead1bd663e9296e574d6837858ec0e0b02ac077be29,2026-09-14T13:56:28,dgr6
https://npp.gov.in/public-reports/cea/daily/dgr/09-05-2024/dgr6-2024-05-09.xls,2024/2024-05-09_dgr6.xls,200,18944,94e9c27280a933706c977617033f3e782fa87cd913a22ce08614b927083460bb,2026-09-14T13:56:28,dgr6
https://npp.gov.in/public-reports/cea/daily/dgr/10-05-2024/dgr6-2024-05-10.xls,2024/2024-05-10_dgr6.xls,200,18944,9b1d7fb482c02130320dbb975df39b522f1fc450b6ab66e134cca64076398190,2026-09-14T13:56:29,dgr6
https://npp.gov.in/public-reports/cea/daily/dgr/11-05-2024/dgr6-2024-05-11.xls,2024/2024-05-11_dgr6.xls,200,18944,b8f1e71b6865b34ff90669b85551f3fa0fdb453dd006c547394c5d72446a277f,2026-09-14T13:56:30,dgr6
https://npp.gov.in/public-reports/cea/daily/dgr/12-05-2024/dgr6-2024-05-12.xls,2024/2024-05-12_dgr6.xls,200,18944,c97472adf34a05bb92ee1aa8cabcd024f77c835fc15cfe0ac069335e5e001fc0,2026-09-14T13:56:31,dgr6
https://npp.gov.in/public-reports/cea/daily/dgr/13-05-2024/dgr6-2024-05-13.xls,2024/2024-05-13_dgr6.xls,200,18944,1041fcaf4430b11d3343e792768a701c1f8be69dfceebc8e10986f31a87761e8,2026-09-14T13:56:31,dgr6
https://npp.gov.in/public-reports/cea/daily/dgr/14-05-2024/dgr6-2024-05-14.xls,2024/2024-05-14_dgr6.xls,200,18944,10af5a3fc1aa46c0a0c60c03ff2c3fd3e66701fe8d9276491f9da0fb34208269,2026-09-14T13:56:32,dgr6
https://npp.gov.in/public-reports/cea/daily/dgr/15-05-2024/dgr6-2024-05-15.xls,2024/2024-05-15_dgr6.xls,200,18944,4ad9bcbea4d798955373ce280fb28447873c7651ee8bc49887c6b041027f86b7,2026-09-14T13:56:32,dgr6
https://npp.gov.in/public-reports/cea/daily/dgr/16-05-2024/dgr6-2024-05-16.xls,2024/2024-05-16_dgr6.xls,200,18944,fdd28f6fb97972f947b930e61baa87dd63dbe94e87d794eb6c5d9ec7d65dc426,2026-09-14T13:56:34,dgr6
https://npp.gov.in/public-reports/cea/daily/dgr/17-05-2024/dgr6-2024-05-17.xls,2024/2024-05-17_dgr6.xls,200,18944,834c2f2bbcd95d12a442c58d6e1d3fefc260f2a4ae044a65e5ce540177451943,2026-09-14T13:56:34,dgr6
https://npp.gov.in/public-reports/cea/daily/dgr/18-05-2024/dgr6-2024-05-18.xls,2024/2024-05-18_dgr6.xls,200,18944,d1ac0f496089966e3cedc4c77006f7ba240710a90aa5914785173f76c93148e2,2026-09-14T13:56:35,dgr6
https://npp.gov.in/public-reports/cea/daily/dgr/19-05-2024/dgr6-2024-05-19.xls,2024/2024-05-19_dgr6.xls,200,18944,838794318af68b9d3ed52da753262489120ebb619ed37954c43d1c0db4173a9a,2026-09-14T13:56:36,dgr6
https://npp.gov.in/public-reports/cea/daily/dgr/20-05-2024/dgr6-2024-05-20.xls,2024/2024-05-20_dgr6.xls,200,18944,04a3e701e8ef1c9353d2b8337ab3953217e30b8799876bcea2aeaf26453f3344,2026-09-14T13:56:37,dgr6
https://npp.gov.in/public-reports/cea/daily/dgr/21-05-2024/dgr6-2024-05-21.xls,2024/2024-05-21_dgr6.xls,200,18944,4e16330ca3daacf9627f3c91045917598c0f84869b3a0affbbaf00d3d5a7e984,2026-09-14T13:56:38,dgr6
https://npp.gov.in/public-reports/cea/daily/dgr/22-05-2024/dgr6-2024-05-22.xls,2024/2024-05-22_dgr6.xls,200,18944,da67be8fffb7160ed7d69d57db52799723c6ee7499e8ab8e6306ed3b28810d34,2026-09-14T13:56:39,dgr6
https://npp.gov.in/public-reports/cea/daily/dgr/23-05-2024/dgr6-2024-05-23.xls,2024/2024-05-23_dgr6.xls,200,18944,dc25d7fbfbeb380b036007433aad410342c0daa8f14726074663b26f5440827e,2026-09-14T13:56:40,dgr6
https://npp.gov.in/public-reports/cea/daily/dgr/24-05-2024/dgr6-2024-05-24.xls,2024/2024-05-24_dgr6.xls,200,18944,910d156024b6f4a3777ba462c3fb7a6f1a0b025fba60c6e3fb3f998e033a9ecc,2026-09-14T13:56:41,dgr6
https://npp.gov.in/public-reports/cea/daily/dgr/25-05-2024/dgr6-2024-05-25.xls,2024/2024-05-25_dgr6.xls,200,18944,963440c0eb2d57cbc0ca217f023b8839be883f36fa5664a3bc2a1cc65affe591,2026-09-14T13:56:42,dgr6
https://npp.gov.in/public-reports/cea/daily/dgr/26-05-2024/dgr6-2024-05-26.xls,2024/2024-05-26_dgr6.xls,200,18944,2e6c74b4dc65446bbf73097f29205af94e48f8a16ce30456542469d11a013392,2026-09-14T13:56:43,dgr6
https://npp.gov.in/public-reports/cea/daily/dgr/27-05-2024/dgr6-2024-05-27.xls,2024/2024-05-27_dgr6.xls,200,18944,0f657dc694215c9664b8e771a252920cc8081d10ad9ecce55a25d4c1dd5c83ff,2026-09-14T13:56:43,dgr6
https://npp.gov.in/public-reports/cea/daily/dgr/28-05-2024/dgr6-2024-05-28.xls,2024/2024-05-28_dgr6.xls,200,18944,e5e55bd7b4c60514a2002890ed80205d48cce016e0e791727d0cf2f8d4f9ede5,2026-09-14T13:56:44,dgr6
https://npp.gov.in/public-reports/cea/daily/dgr/29-05-2024/dgr6-2024-05-29.xls,2024/2024-05-29_dgr6.xls,200,18944,980419ce9e09febd14d4892dc512f98f5a844a4884272f8f5f63fb645830704d,2026-09-14T13:56:44,dgr6
https://npp.gov.in/public-reports/cea/daily/dgr/30-05-2024/dgr6-2024-05-30.xls,2024/2024-05-30_dgr6.xls,200,18944,7be8ee5951409a96a9ffb71050e8582447f972f9d004ddc8fda97234403225f0,2026-09-14T13:56:45,dgr6
https://npp.gov.in/public-reports/cea/daily/dgr/31-05-2024/dgr6-2024-05-31.xls,2024/2024-05-31_dgr6.xls,200,18944,b6c6ffa06fca4eb1143c86fa315744fe720ee0978f52894ee4bd1d12b4b9e9b8,2026-09-14T13:56:46,dgr6
https://npp.gov.in/public-reports/cea/daily/dgr/01-06-2024/dgr6-2024-06-01.xls,2024/2024-06-01_dgr6.xls,200,18944,0faf2c0d3bf94bd42f60444c25932f544b0e05942af1674ff8252571e3ae9207,2026-09-14T13:56:47,dgr6
https://npp.gov.in/public-reports/cea/daily/dgr/02-06-2024/dgr6-2024-06-02.xls,2024/2024-06-02_dgr6.xls,200,18944,db4665b0202767e540e4efb0c441095fdbec61b7e40635e2dee101416d232be5,2026-09-14T13:56:48,dgr6
https://npp.gov.in/public-reports/cea/daily/dgr/03-06-2024/dgr6-2024-06-03.xls,2024/2024-06-03_dgr6.xls,200,18944,f5b19f86227832ec0aba7f0e730fc3daaaafdbcff10ee0747576af7b31e63b97,2026-09-14T13:56:49,dgr6
https://npp.gov.in/public-reports/cea/daily/dgr/04-06-2024/dgr6-2024-06-04.xls,2024/2024-06-04_dgr6.xls,200,18944,a04969c20cc64d494f16de49af17f8dd61871786d3ae2ab0d10c082d4f145527,2026-09-14T13:56:50,dgr6
https://npp.gov.in/public-reports/cea/daily/dgr/05-06-2024/dgr6-2024-06-05.xls,2024/2024-06-05_dgr6.xls,200,18944,5a8f976992fcd9ac45e82d89697199b6b8f5e775dd191dc924a5b0e3c05d4627,2026-09-14T13:56:51,dgr6
https://npp.gov.in/public-reports/cea/daily/dgr/06-06-2024/dgr6-2024-06-06.xls,2024/2024-06-06_dgr6.xls,200,18944,71dc440cc38b18ee9d1e59278e1620ac961c954bb101501fa54dc791c2d6b088,2026-09-14T13:56:51,dgr6
https://npp.gov.in/public-reports/cea/daily/dgr/07-06-2024/dgr6-2024-06-07.xls,2024/2024-06-07_dgr6.xls,200,18944,09b80ee59264c7f5c3d0ea82815059c1838a3dba450c4b7fb247f9861b1dc56e,2026-09-14T13:56:52,dgr6
https://npp.gov.in/public-reports/cea/daily/dgr/08-06-2024/dgr6-2024-06-08.xls,2024/2024-06-08_dgr6.xls,200,18944,759fa6c6ed660910a77fccf2eb1d29694d7802ddea862d4aac2241341e96ea27,2026-09-14T13:56:53,dgr6
https://npp.gov.in/public-reports/cea/daily/dgr/09-06-2024/dgr6-2024-06-09.xls,2024/2024-06-09_dgr6.xls,200,18944,2e0ca9db5ddea4a98937cc83d54e26b3da96355dac943c004e27efe6f8273b2f,2026-09-14T13:56:54,dgr6
https://npp.gov.in/public-reports/cea/daily/dgr/10-06-2024/dgr6-2024-06-10.xls,2024/2024-06-10_dgr6.xls,200,18944,ac4f2d4d2efd990f7ecc8f82239c0181c49d08c95ad76f92f86257b6469f5ce0,2026-09-14T13:56:55,dgr6
https://npp.gov.in/public-reports/cea/daily/dgr/11-06-2024/dgr6-2024-06-11.xls,2024/2024-06-11_dgr6.xls,200,18944,e894c7ef19fbdcad88e46d070d9c2c3e3cc74a73cdb2dff4ceb9c624aa8c4056,2026-09-14T13:56:56,dgr6
https://npp.gov.in/public-reports/cea/daily/dgr/12-06-2024/dgr6-2024-06-12.xls,2024/2024-06-12_dgr6.xls,200,18944,c8b90e2402077de0313ed3fb52630f42425aa442158b96f3e8f1d2689b2bb383,2026-09-14T13:56:56,dgr6
https://npp.gov.in/public-reports/cea/daily/dgr/13-06-2024/dgr6-2024-06-13.xls,2024/2024-06-13_dgr6.xls,200,18944,c4b42b1a6f777389fccd940d0f0b7d82198b45e6d89601abdab4e19b40ddb494,2026-09-14T13:56:57,dgr6
https://npp.gov.in/public-reports/cea/daily/dgr/14-06-2024/dgr6-2024-06-14.xls,2024/2024-06-14_dgr6.xls,200,18944,f95fd9484abf1e825f11408545136663756fd8cff6d68ea395ff9ac37601aad8,2026-09-14T13:56:58,dgr6
https://npp.gov.in/public-reports/cea/daily/dgr/15-06-2024/dgr6-2024-06-15.xls,2024/2024-06-15_dgr6.xls,200,18944,e7bcfd319e1698e7744beb31086449710ba2006fb7f2c561a29d46b9f0b86d01,2026-09-14T13:56:58,dgr6
https://npp.gov.in/public-reports/cea/daily/dgr/16-06-2024/dgr6-2024-06-16.xls,2024/2024-06-16_dgr6.xls,200,18944,14389ba70edaac8a1921787272f2ad065596f24e06113ac7ae5dd2a9d3519e94,2026-09-14T13:56:59,dgr6
https://npp.gov.in/public-reports/cea/daily/dgr/17-06-2024/dgr6-2024-06-17.xls,2024/2024-06-17_dgr6.xls,200,18944,11103840bb0977216e080c4208eaf8022ef4424caa9f40dae102e6a9cbbcfb84,2026-09-14T13:56:59,dgr6
https://npp.gov.in/public-reports/cea/daily/dgr/18-06-2024/dgr6-2024-06-18.xls,2024/2024-06-18_dgr6.xls,200,18944,f59ac0094e676737c2cb46f35f75e8824d47c4b2cb0eadda536a9f78e5ea159f,2026-09-14T13:57:00,dgr6
https://npp.gov.in/public-reports/cea/daily/dgr/19-06-2024/dgr6-2024-06-19.xls,2024/2024-06-19_dgr6.xls,200,18944,d631b431f47c7d3c68050eb7f9dd44a4aec03584f7eec0944d2b8d582457cd71,2026-09-14T13:57:01,dgr6
https://npp.gov.in/public-reports/cea/daily/dgr/20-06-2024/dgr6-2024-06-20.xls,2024/2024-06-20_dgr6.xls,200,18944,3333160b4d83f932213645cc1b16a5bae099d7b5f42e558d3a6d20501d79b698,2026-09-14T13:57:02,dgr6
https://npp.gov.in/public-reports/cea/daily/dgr/21-06-2024/dgr6-2024-06-21.xls,2024/2024-06-21_dgr6.xls,200,18944,4c76c29f45e26d4b4738de633783471206af81eec0699d08fe6233a52fada02e,2026-09-14T13:57:02,dgr6
https://npp.gov.in/public-reports/cea/daily/dgr/22-06-2024/dgr6-2024-06-22.xls,2024/2024-06-22_dgr6.xls,200,18944,bfea75d0a4536c4ed9fb32ff6bb6169741234cb4c90aba6a94c2dae5919d3ea1,2026-09-14T13:57:03,dgr6
https://npp.gov.in/public-reports/cea/daily/dgr/23-06-2024/dgr6-2024-06-23.xls,2024/2024-06-23_dgr6.xls,200,18944,9856216094e2d5e7ae90d6111bd206e547d0032d9a9f74d78357ce93e2cc72b9,2026-09-14T13:57:04,dgr6
https://npp.gov.in/public-reports/cea/daily/dgr/24-06-2024/dgr6-2024-06-24.xls,2024/2024-06-24_dgr6.xls,200,18944,d280230f825a48372ffa86d7b19d3d0304158bdb8b82f7036e90f13e63a21b01,2026-09-14T13:57:05,dgr6
https://npp.gov.in/public-reports/cea/daily/dgr/25-06-2024/dgr6-2024-06-25.xls,2024/2024-06-25_dgr6.xls,200,18944,f796005144baef73371f8437279f7bd7d239020669252e958a4a8a9d1f028c7a,2026-09-14T13:57:06,dgr6
https://npp.gov.in/public-reports/cea/daily/dgr/26-06-2024/dgr6-2024-06-26.xls,2024/2024-06-26_dgr6.xls,200,18944,caed11b0169814ddaf594a2ac4ff093abf2b7f441abc231676bb2297a1db60a6,2026-09-14T13:57:07,dgr6
https://npp.gov.in/public-reports/cea/daily/dgr/27-06-2024/dgr6-2024-06-27.xls,2024/2024-06-27_dgr6.xls,200,18944,a3defbabb01170078413755bd9b0d39262e1bd94f4b1e5f10fa40a97e9202a79,2026-09-14T13:57:08,dgr6
https://npp.gov.in/public-reports/cea/daily/dgr/28-06-2024/dgr6-2024-06-28.xls,2024/2024-06-28_dgr6.xls,200,18944,b84eec433e7ea4141f5a0ee629d7fa268d6bd488b2f61166ba91ca595dc28051,2026-09-14T13:57:09,dgr6
https://npp.gov.in/public-reports/cea/daily/dgr/29-06-2024/dgr6-2024-06-29.xls,2024/2024-06-29_dgr6.xls,200,18944,17f4182e237ca84237e07d3bf613fe81df9c90c72f58e778c1c0dce8c7bcc83d,2026-09-14T13:57:10,dgr6
https://npp.gov.in/public-reports/cea/daily/dgr/30-06-2024/dgr6-2024-06-30.xls,2024/2024-06-30_dgr6.xls,200,18944,bca0f693516ccc9f06f9fea232535bebeba9341bf2684f71934bd4946a422bd6,2026-09-14T13:57:11,dgr6
https://npp.gov.in/public-reports/cea/daily/dgr/01-07-2024/dgr6-2024-07-01.xls,2024/2024-07-01_dgr6.xls,200,18944,5c296485fe03a5aab8fc882b4e4ebf903fed15465fa4729c431c5618e130bfef,2026-09-14T13:57:12,dgr6
https://npp.gov.in/public-reports/cea/daily/dgr/02-07-2024/dgr6-2024-07-02.xls,2024/2024-07-02_dgr6.xls,200,18944,d3434b874713cadfc9aa6044df1b91892b9095afd9da1e881b9c8a1a35f9e761,2026-09-14T13:57:13,dgr6
https://npp.gov.in/public-reports/cea/daily/dgr/03-07-2024/dgr6-2024-07-03.xls,2024/2024-07-03_dgr6.xls,200,18944,759b7b85f28966143e4506d86687695a6ef422a434a4eaa1d92e676175730b69,2026-09-14T13:57:16,dgr6
https://npp.gov.in/public-reports/cea/daily/dgr/04-07-2024/dgr6-2024-07-04.xls,2024/2024-07-04_dgr6.xls,200,18944,d1a4101a5dad15c855b6a01a6577c53b5dba2af468e2355e62c345eb6f4bb9cf,2026-09-14T13:57:17,dgr6
https://npp.gov.in/public-reports/cea/daily/dgr/05-07-2024/dgr6-2024-07-05.xls,2024/2024-07-05_dgr6.xls,200,18944,608b758b5a86338f9e5b525ac2a701e9624f2ad6a6f81b1794c4b43a7547230d,2026-09-14T13:57:18,dgr6
https://npp.gov.in/public-reports/cea/daily/dgr/06-07-2024/dgr6-2024-07-06.xls,2024/2024-07-06_dgr6.xls,200,18944,49f166fdc48a37c6320929f1ba3b6000d13408f6ebac0f4e2568b56868153e3d,2026-09-14T13:57:19,dgr6
https://npp.gov.in/public-reports/cea/daily/dgr/07-07-2024/dgr6-2024-07-07.xls,2024/2024-07-07_dgr6.xls,200,18944,74b8a0d2462927654cb629a34c5fac2374f4ad83023e63500d998069c40655c2,2026-09-14T13:57:20,dgr6
https://npp.gov.in/public-reports/cea/daily/dgr/08-07-2024/dgr6-2024-07-08.xls,2024/2024-07-08_dgr6.xls,200,18944,553a8db2076d75acb476e38013ce1b49a58c5a95967bbe056c27e947bcdbba66,2026-09-14T13:57:21,dgr6
https://npp.gov.in/public-reports/cea/daily/dgr/09-07-2024/dgr6-2024-07-09.xls,2024/2024-07-09_dgr6.xls,200,18944,9a0b0f745bb0ba422e9946ef8982d2129083b520e1477d0362fd08ab7b7894d6,2026-09-14T13:57:22,dgr6
https://npp.gov.in/public-reports/cea/daily/dgr/10-07-2024/dgr6-2024-07-10.xls,2024/2024-07-10_dgr6.xls,200,18944,ecff6ba038108ab4da3a068e6ef45336a3c1d74662f74f5bacee0af82f326f0e,2026-09-14T13:57:22,dgr6
https://npp.gov.in/public-reports/cea/daily/dgr/11-07-2024/dgr6-2024-07-11.xls,2024/2024-07-11_dgr6.xls,200,18944,776eb06c621d8d4c4e4a2b4db9605f0c5d8893e58fd773001bed851004f5c306,2026-09-14T13:57:22,dgr6
https://npp.gov.in/public-reports/cea/daily/dgr/12-07-2024/dgr6-2024-07-12.xls,2024/2024-07-12_dgr6.xls,200,18944,9a90d93d967475fe61e7cde82a9ae1696d8b737220c58a3151fcb406c1b5326f,2026-09-14T13:57:23,dgr6
https://npp.gov.in/public-reports/cea/daily/dgr/13-07-2024/dgr6-2024-07-13.xls,2024/2024-07-13_dgr6.xls,200,18944,4bfa4d81a232a1f0a68c478355d8e5b57e61653bf5d3feca820bd5e2c88addcb,2026-09-14T13:57:23,dgr6
https://npp.gov.in/public-reports/cea/daily/dgr/14-07-2024/dgr6-2024-07-14.xls,2024/2024-07-14_dgr6.xls,200,18944,c3f587203bb5cf1dfcd080a2a1adfd882e5e5d47cd77782b9922048f11b3d5df,2026-09-14T13:57:23,dgr6
https://npp.gov.in/public-reports/cea/daily/dgr/15-07-2024/dgr6-2024-07-15.xls,2024/2024-07-15_dgr6.xls,200,18944,4c34983f06693b9de87af70c36db107bc5e337b1d6b0a9b82393c8d5d6c7b651,2026-09-14T13:57:24,dgr6
https://npp.gov.in/public-reports/cea/daily/dgr/16-07-2024/dgr6-2024-07-16.xls,2024/2024-07-16_dgr6.xls,200,18944,e429a80e3769f391d5e7a19f6d22ea9fdbfa0ddd0ecf0ed3ef49b4befa1632d7,2026-09-14T13:57:24,dgr6
https://npp.gov.in/public-reports/cea/daily/dgr/17-07-2024/dgr6-2024-07-17.xls,2024/2024-07-17_dgr6.xls,200,18944,2f73f44b6524a9d7f06fdccab3673d527a57c19db5892f1155488d5f77c6bc62,2026-09-14T13:57:25,dgr6
https://npp.gov.in/public-reports/cea/daily/dgr/18-07-2024/dgr6-2024-07-18.xls,2024/2024-07-18_dgr6.xls,200,18944,c796f0e5f6674c92913518f199edb238a188da9eaa6b587b1563fcaaf68aabc2,2026-09-14T13:57:25,dgr6
https://npp.gov.in/public-reports/cea/daily/dgr/19-07-2024/dgr6-2024-07-19.xls,2024/2024-07-19_dgr6.xls,200,18944,467f3cd64bc72ea853bf128967a2f6f19c0ff8629e3a8270f87d8e31b409ed4d,2026-09-14T13:57:25,dgr6
https://npp.gov.in/public-reports/cea/daily/dgr/20-07-2024/dgr6-2024-07-20.xls,2024/2024-07-20_dgr6.xls,200,18944,04fee26e64357a4d467a43bb2d7d5a98e933bf74aaacbf20ea138f80911bd458,2026-09-14T13:57:26,dgr6
https://npp.gov.in/public-reports/cea/daily/dgr/21-07-2024/dgr6-2024-07-21.xls,2024/2024-07-21_dgr6.xls,200,18944,5e1eb5dd660ed2f171192ac1bd608df895063ba2a30b2b123c975741829b01e0,2026-09-14T13:57:26,dgr6
https://npp.gov.in/public-reports/cea/daily/dgr/22-07-2024/dgr6-2024-07-22.xls,2024/2024-07-22_dgr6.xls,200,18944,323ba16c261c3bc0ab5436cfe0dcb66ce75f81c0c3060ffafe0b6ec531bdd2e1,2026-09-14T13:57:27,dgr6
https://npp.gov.in/public-reports/cea/daily/dgr/23-07-2024/dgr6-2024-07-23.xls,2024/2024-07-23_dgr6.xls,200,18944,d4201bf089d2442d708d308ef63bf163852134f2463514a1178a9ad2aa3bf4f1,2026-09-14T13:57:28,dgr6
https://npp.gov.in/public-reports/cea/daily/dgr/24-07-2024/dgr6-2024-07-24.xls,2024/2024-07-24_dgr6.xls,200,18944,5a19471db83add666b83813c0f6f48cb430dbf026e649c16a321cd9b12741d93,2026-09-14T13:57:28,dgr6
https://npp.gov.in/public-reports/cea/daily/dgr/25-07-2024/dgr6-2024-07-25.xls,2024/2024-07-25_dgr6.xls,200,18944,685398ea823545e9a8a52b1e502c5e59a8b38d0f89d0a2868e6518a076d9840c,2026-09-14T13:57:29,dgr6
https://npp.gov.in/public-reports/cea/daily/dgr/26-07-2024/dgr6-2024-07-26.xls,2024/2024-07-26_dgr6.xls,200,18944,817f6c7428d91c04ed47bbdc5f3ba8b0231c0b38f43af6b8fdaa1bf788dfb559,2026-09-14T13:57:29,dgr6
https://npp.gov.in/public-reports/cea/daily/dgr/27-07-2024/dgr6-2024-07-27.xls,2024/2024-07-27_dgr6.xls,200,18944,6b62ab0f47d9f611c47ea3945ff40e190408ba7e2a97f8d3055ad8f9b47e9a2a,2026-09-14T13:57:30,dgr6
https://npp.gov.in/public-reports/cea/daily/dgr/28-07-2024/dgr6-2024-07-28.xls,2024/2024-07-28_dgr6.xls,200,18944,41da4e17123bdc94a9723a98f627570c9000dc3c1d6ba649e550db496925cd73,2026-09-14T13:57:30,dgr6
https://npp.gov.in/public-reports/cea/daily/dgr/29-07-2024/dgr6-2024-07-29.xls,2024/2024-07-29_dgr6.xls,200,18944,a8ab1b1323a063fb258e94e952571fced3f17da442bbb6a2352c3bdf2c2ea2b6,2026-09-14T13:57:31,dgr6
https://npp.gov.in/public-reports/cea/daily/dgr/30-07-2024/dgr6-2024-07-30.xls,2024/2024-07-30_dgr6.xls,200,18944,98fd84a2f5037ca4b4668ead523e2c30be856789f19f2549f7740291fa0c014a,2026-09-14T13:57:31,dgr6
https://npp.gov.in/public-reports/cea/daily/dgr/31-07-2024/dgr6-2024-07-31.xls,2024/2024-07-31_dgr6.xls,200,18944,4cb396cc4c910db274b80284a050d77adf02ace6f5567144e7eeebb5eace311c,2026-09-14T13:57:31,dgr6
https://npp.gov.in/public-reports/cea/daily/dgr/01-08-2024/dgr6-2024-08-01.xls,2024/2024-08-01_dgr6.xls,200,18944,8f91026ec88089fafa67209bb2b0197cd62419a8f720397f3cf92e6cbe1d7e6b,2026-09-14T13:57:32,dgr6
https://npp.gov.in/public-reports/cea/daily/dgr/02-08-2024/dgr6-2024-08-02.xls,2024/2024-08-02_dgr6.xls,200,18944,58b54f06688cbacdc763723756ad1226777e36d43ea290884597a419366692fa,2026-09-14T13:57:32,dgr6
https://npp.gov.in/public-reports/cea/daily/dgr/03-08-2024/dgr6-2024-08-03.xls,2024/2024-08-03_dgr6.xls,200,18944,8a83a32646d0ddc3706008c0f739b5fdc847a8652e0890d17ebbb81302ca2ec3,2026-09-14T13:57:32,dgr6
https://npp.gov.in/public-reports/cea/daily/dgr/04-08-2024/dgr6-2024-08-04.xls,2024/2024-08-04_dgr6.xls,200,18944,3bc736c42c776ab2bbeef5e1952430f7a97652da4be80ed089a55cdf0dee4d36,2026-09-14T13:57:33,dgr6
https://npp.gov.in/public-reports/cea/daily/dgr/05-08-2024/dgr6-2024-08-05.xls,2024/2024-08-05_dgr6.xls,200,18944,b70021306314efdebf56af7526b819b797727f144268a88027487d1a0dc65f89,2026-09-14T13:57:33,dgr6
https://npp.gov.in/public-reports/cea/daily/dgr/06-08-2024/dgr6-2024-08-06.xls,2024/2024-08-06_dgr6.xls,200,18944,79f64e4f0cb95e0dfd40a61557acbeec64b1fd968e6613ec5b7ef388c04a83a0,2026-09-14T13:57:34,dgr6
https://npp.gov.in/public-reports/cea/daily/dgr/07-08-2024/dgr6-2024-08-07.xls,2024/2024-08-07_dgr6.xls,200,18944,adfb0aa2dcbb2b281cf821c77f60c14d6968da4aef2a55cd752f0c5e9329b741,2026-09-14T13:57:34,dgr6
https://npp.gov.in/public-reports/cea/daily/dgr/08-08-2024/dgr6-2024-08-08.xls,2024/2024-08-08_dgr6.xls,200,18944,743a77fcbe3c2b093128271a70f4e35593c727610d341d2c4dd84b71772dbdec,2026-09-14T13:57:34,dgr6
https://npp.gov.in/public-reports/cea/daily/dgr/09-08-2024/dgr6-2024-08-09.xls,2024/2024-08-09_dgr6.xls,200,18944,960e38c86ddc646b16006384dc489b21a0c78ac3695520096040fa74073f2204,2026-09-14T13:57:35,dgr6
https://npp.gov.in/public-reports/cea/daily/dgr/10-08-2024/dgr6-2024-08-10.xls,2024/2024-08-10_dgr6.xls,200,18944,05226259e8e4f5179877a9ba27f34b86fdb04bb3fc55af30e86e4f5e566baf04,2026-09-14T13:57:35,dgr6
https://npp.gov.in/public-reports/cea/daily/dgr/11-08-2024/dgr6-2024-08-11.xls,2024/2024-08-11_dgr6.xls,200,18944,25167bcfb082b5ee2982634b52959d2c967643857e249da9d366759e13a6bf6e,2026-09-14T13:57:36,dgr6
https://npp.gov.in/public-reports/cea/daily/dgr/12-08-2024/dgr6-2024-08-12.xls,2024/2024-08-12_dgr6.xls,200,18944,110ab7d7def85f4ec7d9ab15f119b4981554e4258d79012f235a0cac0f1d7f2f,2026-09-14T13:57:36,dgr6
https://npp.gov.in/public-reports/cea/daily/dgr/13-08-2024/dgr6-2024-08-13.xls,2024/2024-08-13_dgr6.xls,200,18944,03e8507d033b40b3d8ea5ae06b74fd9045cb93cd276897e8829c49ebcf901a76,2026-09-14T13:57:37,dgr6
https://npp.gov.in/public-reports/cea/daily/dgr/14-08-2024/dgr6-2024-08-14.xls,2024/2024-08-14_dgr6.xls,200,18944,cf60d7478371a5f24944737aad841d070447c7776dfb26187ddeb0dd4a1cb2bd,2026-09-14T13:57:37,dgr6
https://npp.gov.in/public-reports/cea/daily/dgr/15-08-2024/dgr6-2024-08-15.xls,2024/2024-08-15_dgr6.xls,200,18944,e3dd66f99a77f6301f34d3358af92364d16470a34d17851a092a722fd49b5357,2026-09-14T13:57:37,dgr6
https://npp.gov.in/public-reports/cea/daily/dgr/16-08-2024/dgr6-2024-08-16.xls,2024/2024-08-16_dgr6.xls,200,18944,67dce5151add1d2ae0b2f78d18e0fc07254e97c11dfa5bc3c1639921ef2affde,2026-09-14T13:57:38,dgr6
https://npp.gov.in/public-reports/cea/daily/dgr/17-08-2024/dgr6-2024-08-17.xls,2024/2024-08-17_dgr6.xls,200,18944,ed5d801fd7198e74a29ea7172d91aeca5b7811f190887d2830b04fa97d5dacbf,2026-09-14T13:57:38,dgr6
https://npp.gov.in/public-reports/cea/daily/dgr/18-08-2024/dgr6-2024-08-18.xls,2024/2024-08-18_dgr6.xls,200,18944,9b5f7fb069873fbbad8d28b07f33836c17450798093337155a7861b0157ca79f,2026-09-14T13:57:39,dgr6
https://npp.gov.in/public-reports/cea/daily/dgr/19-08-2024/dgr6-2024-08-19.xls,2024/2024-08-19_dgr6.xls,200,18944,066b1e55cbeef7f233770b2fc49a0eba504bdd164d4e0b745fe0ccc22d7d110f,2026-09-14T13:57:39,dgr6
https://npp.gov.in/public-reports/cea/daily/dgr/20-08-2024/dgr6-2024-08-20.xls,2024/2024-08-20_dgr6.xls,200,18944,80ac58fec603f5e09ccc570168f30af3408d1553670a9f81dc968ceaa24ef3ac,2026-09-14T13:57:40,dgr6
https://npp.gov.in/public-reports/cea/daily/dgr/21-08-2024/dgr6-2024-08-21.xls,2024/2024-08-21_dgr6.xls,200,18944,17de7ea8de6b4c1cf634a16157896aa35235a045930a222085153cb9c239880b,2026-09-14T13:57:40,dgr6
https://npp.gov.in/public-reports/cea/daily/dgr/22-08-2024/dgr6-2024-08-22.xls,2024/2024-08-22_dgr6.xls,200,18944,7a65af795139bf7780fb15d6a316e4bd1cef1ef1ce1018fff6bcf7aab9e7fc1c,2026-09-14T13:57:40,dgr6
https://npp.gov.in/public-reports/cea/daily/dgr/23-08-2024/dgr6-2024-08-23.xls,2024/2024-08-23_dgr6.xls,200,18944,f7a46d57c358279296f918067803b6832798850738cb1b263d4e90e99ba0003e,2026-09-14T13:57:41,dgr6
https://npp.gov.in/public-reports/cea/daily/dgr/24-08-2024/dgr6-2024-08-24.xls,2024/2024-08-24_dgr6.xls,200,18944,456d4224f308c084f0aaf1ae12fca797f5daafeb79b702fc5e0d823ab71b123e,2026-09-14T13:57:41,dgr6
https://npp.gov.in/public-reports/cea/daily/dgr/25-08-2024/dgr6-2024-08-25.xls,2024/2024-08-25_dgr6.xls,200,18944,21ddf810366bc675803406385deb88e8afafca77a57489289b98b52a956b0c94,2026-09-14T13:57:42,dgr6
https://npp.gov.in/public-reports/cea/daily/dgr/26-08-2024/dgr6-2024-08-26.xls,2024/2024-08-26_dgr6.xls,200,18944,52707be0a6c401fe90da0b06bda03003a2421fad6e879075e0edd4ffc67ac699,2026-09-14T13:57:42,dgr6
https://npp.gov.in/public-reports/cea/daily/dgr/27-08-2024/dgr6-2024-08-27.xls,2024/2024-08-27_dgr6.xls,200,18944,71662edfe8940eb41bd0e87098527b379f7b59d0b8ba00ad26f30827669dd6ac,2026-09-14T13:57:43,dgr6
https://npp.gov.in/public-reports/cea/daily/dgr/28-08-2024/dgr6-2024-08-28.xls,2024/2024-08-28_dgr6.xls,200,18944,4c985404bf3e6549303a8066ae5809d9cc53dc44d91e55542fd9c7bae9a5cef0,2026-09-14T13:57:43,dgr6
https://npp.gov.in/public-reports/cea/daily/dgr/29-08-2024/dgr6-2024-08-29.xls,2024/2024-08-29_dgr6.xls,200,18944,e077a8999c8b96fc923c27fb65c838abad1552c729de04ae7102d3743a691987,2026-09-14T13:57:44,dgr6
https://npp.gov.in/public-reports/cea/daily/dgr/30-08-2024/dgr6-2024-08-30.xls,2024/2024-08-30_dgr6.xls,200,18944,812e675b96d43956f0ffa8ee9dce2c8d00dc938022427e3aae48ed7134ab89c8,2026-09-14T13:57:44,dgr6
https://npp.gov.in/public-reports/cea/daily/dgr/31-08-2024/dgr6-2024-08-31.xls,2024/2024-08-31_dgr6.xls,200,18944,17955b3e23eca6a5f8a81ca85aa9d0927e9c9de8613c2cba1aef4536c27633a5,2026-09-14T13:57:44,dgr6
https://npp.gov.in/public-reports/cea/daily/dgr/01-09-2024/dgr6-2024-09-01.xls,2024/2024-09-01_dgr6.xls,200,18944,20dd8acd15393bc32183bb7333b4d8c4b77c815b6122bf25ed5091c9d57bf926,2026-09-14T13:57:45,dgr6
https://npp.gov.in/public-reports/cea/daily/dgr/02-09-2024/dgr6-2024-09-02.xls,2024/2024-09-02_dgr6.xls,200,18944,4a41fc658c8635fa58e8bfb074faa0ce05755e7028d43c8c6993d6b66faf9612,2026-09-14T13:57:45,dgr6
https://npp.gov.in/public-reports/cea/daily/dgr/03-09-2024/dgr6-2024-09-03.xls,2024/2024-09-03_dgr6.xls,200,18944,babc6695094339f723b44b051de64227e3ad40eb43d08d8a6fb25ed25aab3b7b,2026-09-14T13:57:46,dgr6
https://npp.gov.in/public-reports/cea/daily/dgr/04-09-2024/dgr6-2024-09-04.xls,2024/2024-09-04_dgr6.xls,200,18944,46fb4ab8d999f5c5d3d0145e6f3e87ad90aa2a4d371dd0a7e407ff81c913a7f9,2026-09-14T13:57:47,dgr6
https://npp.gov.in/public-reports/cea/daily/dgr/05-09-2024/dgr6-2024-09-05.xls,2024/2024-09-05_dgr6.xls,200,18944,7712791e32c627c6979493ad45a8d252dd994b02a1e04ea5cc7f5d24d5fc562c,2026-09-14T13:57:48,dgr6
https://npp.gov.in/public-reports/cea/daily/dgr/06-09-2024/dgr6-2024-09-06.xls,2024/2024-09-06_dgr6.xls,200,18944,dc332afbfa7242ba2c00993ec57542a507bcf57532540445bbbdf941e982c1bc,2026-09-14T13:57:48,dgr6
https://npp.gov.in/public-reports/cea/daily/dgr/07-09-2024/dgr6-2024-09-07.xls,2024/2024-09-07_dgr6.xls,200,18944,749ee65c07ac50d4396cd4c9d1200184dabf66d3ba3624e2c0382932b567aba3,2026-09-14T13:57:48,dgr6
https://npp.gov.in/public-reports/cea/daily/dgr/08-09-2024/dgr6-2024-09-08.xls,2024/2024-09-08_dgr6.xls,200,18944,640a4b8f17acd2178bd89402a7755a9f62ccdec88546dc7cc130ca20c03ca369,2026-09-14T13:57:49,dgr6
https://npp.gov.in/public-reports/cea/daily/dgr/09-09-2024/dgr6-2024-09-09.xls,2024/2024-09-09_dgr6.xls,200,18944,28094ab29dc54981bbca1620da2db95609ce07dacfc448d69c06f0150624eeec,2026-09-14T13:57:49,dgr6
https://npp.gov.in/public-reports/cea/daily/dgr/10-09-2024/dgr6-2024-09-10.xls,2024/2024-09-10_dgr6.xls,200,18944,6fd60ee4acea747b86cee506f9577d09def0f9e686bfe3cc1afdef008ae2a27b,2026-09-14T13:57:50,dgr6
https://npp.gov.in/public-reports/cea/daily/dgr/11-09-2024/dgr6-2024-09-11.xls,2024/2024-09-11_dgr6.xls,200,18944,b4488351727062ca456b1501033cb7663e475986290e8625ebd370fa7bed603b,2026-09-14T13:57:50,dgr6
https://npp.gov.in/public-reports/cea/daily/dgr/12-09-2024/dgr6-2024-09-12.xls,2024/2024-09-12_dgr6.xls,200,18944,4edad61ce4c6b370327f3bd6ac1c9a6bf6b725aa1978b025faeb553fc041620f,2026-09-14T13:57:50,dgr6
https://npp.gov.in/public-reports/cea/daily/dgr/13-09-2024/dgr6-2024-09-13.xls,2024/2024-09-13_dgr6.xls,200,18944,9ffbba1264a09aef11265fb8de4aeaac9fd2e60bbbf93487b173ab0b9ec6afe8,2026-09-14T13:57:51,dgr6
https://npp.gov.in/public-reports/cea/daily/dgr/14-09-2024/dgr6-2024-09-14.xls,2024/2024-09-14_dgr6.xls,200,18944,1d5343bed46da0994938945fe24a1755a0ea47664fcc397aefad4cf6e6814c90,2026-09-14T13:57:51,dgr6
https://npp.gov.in/public-reports/cea/daily/dgr/15-09-2024/dgr6-2024-09-15.xls,2024/2024-09-15_dgr6.xls,200,18944,a51a3471f77a0d0fbc5db907cef3d4b8aabba35430c3f129d5a981de9882198f,2026-09-14T13:57:51,dgr6
https://npp.gov.in/public-reports/cea/daily/dgr/16-09-2024/dgr6-2024-09-16.xls,2024/2024-09-16_dgr6.xls,200,18944,17a4a062374b5542a3e24ac0b4cb49923e53fd2bd28098c9e6a7b2ce9f0bec01,2026-09-14T13:57:52,dgr6
https://npp.gov.in/public-reports/cea/daily/dgr/17-09-2024/dgr6-2024-09-17.xls,2024/2024-09-17_dgr6.xls,200,18944,a13ef3bd92779a0363a13bb52405cad491859328672bc3c63dcd8ed0cd323f89,2026-09-14T13:57:52,dgr6
https://npp.gov.in/public-reports/cea/daily/dgr/18-09-2024/dgr6-2024-09-18.xls,2024/2024-09-18_dgr6.xls,200,18944,0fde39e7b4ed1dc70baae755129acd87462d303f38e34bea2afc6dbdf93334c0,2026-09-14T13:57:53,dgr6
https://npp.gov.in/public-reports/cea/daily/dgr/19-09-2024/dgr6-2024-09-19.xls,2024/2024-09-19_dgr6.xls,200,18944,7003bc0a4e31c96836dfc38242a4e8377592b5e1a204657e0b1312e9359580f0,2026-09-14T13:57:53,dgr6
https://npp.gov.in/public-reports/cea/daily/dgr/20-09-2024/dgr6-2024-09-20.xls,2024/2024-09-20_dgr6.xls,200,18944,bcd9d9ddcaef1a4cb07ca885fe63f5ab12918a49f15d47ccdefba2afae4edfea,2026-09-14T13:57:53,dgr6
https://npp.gov.in/public-reports/cea/daily/dgr/21-09-2024/dgr6-2024-09-21.xls,2024/2024-09-21_dgr6.xls,200,18944,99b7afd9b955e3c73125f63ab91a12f54dc642337f99b8f68bbd7752533c532e,2026-09-14T13:57:54,dgr6
https://npp.gov.in/public-reports/cea/daily/dgr/22-09-2024/dgr6-2024-09-22.xls,2024/2024-09-22_dgr6.xls,200,18944,dcd9852631954bceed33ed3a55b95daedc3a53ff0a03d2bb16e6d8d09514055d,2026-09-14T13:57:54,dgr6
https://npp.gov.in/public-reports/cea/daily/dgr/23-09-2024/dgr6-2024-09-23.xls,2024/2024-09-23_dgr6.xls,200,18944,e60f57ff50205648759fd739c75151ed815a54a71ab662f72b38d9c75044eb96,2026-09-14T13:57:55,dgr6
https://npp.gov.in/public-reports/cea/daily/dgr/24-09-2024/dgr6-2024-09-24.xls,2024/2024-09-24_dgr6.xls,200,18944,13e452d766ab1719ec6589befbc4dc7abde5f8ee197c3746fd87e8e828d57ed5,2026-09-14T13:57:55,dgr6
https://npp.gov.in/public-reports/cea/daily/dgr/25-09-2024/dgr6-2024-09-25.xls,2024/2024-09-25_dgr6.xls,200,18944,645bf589ad8bbcdd182e3bf72d86ff59c91c5a311956375402b8e2c84ef3adde,2026-09-14T13:57:55,dgr6
https://npp.gov.in/public-reports/cea/daily/dgr/26-09-2024/dgr6-2024-09-26.xls,2024/2024-09-26_dgr6.xls,200,18944,ac7ed0cbbe5665b63e37a79c87cfe00d187e795295c42bf2cd2e872cc78ebab8,2026-09-14T13:57:56,dgr6
https://npp.gov.in/public-reports/cea/daily/dgr/27-09-2024/dgr6-2024-09-27.xls,2024/2024-09-27_dgr6.xls,200,18944,151102d2f140e274c659a6866b2b5b46f4e897b33aa5dcf329102d4a80919fb9,2026-09-14T13:57:56,dgr6
https://npp.gov.in/public-reports/cea/daily/dgr/28-09-2024/dgr6-2024-09-28.xls,2024/2024-09-28_dgr6.xls,200,18944,19b1e8e2c280592cece4a61e93c2c93adae3edc4dac18e8302a523dbdc4a76c5,2026-09-14T13:57:57,dgr6
https://npp.gov.in/public-reports/cea/daily/dgr/29-09-2024/dgr6-2024-09-29.xls,2024/2024-09-29_dgr6.xls,200,18944,c3614b5a90353e0977984f1a9e934ad65a60da41c9d270781dd1cd4fa37d9342,2026-09-14T13:57:57,dgr6
https://npp.gov.in/public-reports/cea/daily/dgr/30-09-2024/dgr6-2024-09-30.xls,2024/2024-09-30_dgr6.xls,200,18944,fb92b1d224199928d95ffa6d2de5195239c3c999ed074c8381de1b02367597a6,2026-09-14T13:57:57,dgr6
https://npp.gov.in/public-reports/cea/daily/dgr/01-10-2024/dgr6-2024-10-01.xls,2024/2024-10-01_dgr6.xls,200,18944,a0dcbd846e65ff6648c37a1a38fbe0848c518dbdbed2cdc1a4c68fcacd70ba6e,2026-09-14T13:57:58,dgr6
https://npp.gov.in/public-reports/cea/daily/dgr/02-10-2024/dgr6-2024-10-02.xls,2024/2024-10-02_dgr6.xls,200,18944,f09f08b14c3d4b38628b900e248add3bcaa39f4dcc73dd7a06037bdca7f14f98,2026-09-14T13:57:58,dgr6
https://npp.gov.in/public-reports/cea/daily/dgr/03-10-2024/dgr6-2024-10-03.xls,2024/2024-10-03_dgr6.xls,200,18944,031d337f8da687cc12654e6a5f363269c5dc7036a061a0452a239f50286519e9,2026-09-14T13:57:58,dgr6
https://npp.gov.in/public-reports/cea/daily/dgr/04-10-2024/dgr6-2024-10-04.xls,2024/2024-10-04_dgr6.xls,200,18944,2d2d0a70a36a5b9e22ad198e4f61efa3cdfd029e9367449322aa4b650901bae3,2026-09-14T13:57:59,dgr6
https://npp.gov.in/public-reports/cea/daily/dgr/05-10-2024/dgr6-2024-10-05.xls,2024/2024-10-05_dgr6.xls,200,18944,09f43c10747f720ab9f7e42a14b375864c70b14e4539e466578bf9eee5a9a732,2026-09-14T13:57:59,dgr6
https://npp.gov.in/public-reports/cea/daily/dgr/06-10-2024/dgr6-2024-10-06.xls,2024/2024-10-06_dgr6.xls,200,18944,01a4bc790002a6e3cb928cd577ce9fe2699b8c307c0cf8d506f1b0660d702b8e,2026-09-14T13:58:00,dgr6
https://npp.gov.in/public-reports/cea/daily/dgr/07-10-2024/dgr6-2024-10-07.xls,2024/2024-10-07_dgr6.xls,200,18944,40adeaf13da13e21d772387df49279d257542cab116032fa35088394fe57e185,2026-09-14T13:58:00,dgr6
https://npp.gov.in/public-reports/cea/daily/dgr/08-10-2024/dgr6-2024-10-08.xls,2024/2024-10-08_dgr6.xls,200,18944,f8c828e03d43126c9937759ed17174f1a8e6c1c646ca149ffd988d7951b195c7,2026-09-14T13:58:01,dgr6
https://npp.gov.in/public-reports/cea/daily/dgr/09-10-2024/dgr6-2024-10-09.xls,2024/2024-10-09_dgr6.xls,200,18944,a986e5b27113a73d26cd8b33e261a497b5d286cce9ef5022c0476b0b25326c72,2026-09-14T13:58:01,dgr6
https://npp.gov.in/public-reports/cea/daily/dgr/10-10-2024/dgr6-2024-10-10.xls,2024/2024-10-10_dgr6.xls,200,18944,2bde0889f696fd701cc3066d1ef2a55797a2d345b63872f7c25b35c2dc64cbee,2026-09-14T13:58:02,dgr6
https://npp.gov.in/public-reports/cea/daily/dgr/11-10-2024/dgr6-2024-10-11.xls,2024/2024-10-11_dgr6.xls,200,18944,bbd0b243b93afdf1203d1470ad8ac1e6de5f6cbd130c7afa872097033c9f1ba8,2026-09-14T13:58:02,dgr6
https://npp.gov.in/public-reports/cea/daily/dgr/12-10-2024/dgr6-2024-10-12.xls,2024/2024-10-12_dgr6.xls,200,18944,111630bd35deb798f8b2efa3120aeaad543452c3a9b850aba6ce1693b738ce8e,2026-09-14T13:58:03,dgr6
https://npp.gov.in/public-reports/cea/daily/dgr/13-10-2024/dgr6-2024-10-13.xls,2024/2024-10-13_dgr6.xls,200,18944,39271013c16503cf0b5abf638a9358e60d86f3eb9f2b7e7a2abe1c98bd235e9b,2026-09-14T13:58:03,dgr6
https://npp.gov.in/public-reports/cea/daily/dgr/14-10-2024/dgr6-2024-10-14.xls,2024/2024-10-14_dgr6.xls,200,18944,d17c3c958ff8a2d03715e185746e2553929ec5754bd3fa34182d807c45793d7e,2026-09-14T13:58:03,dgr6
https://npp.gov.in/public-reports/cea/daily/dgr/15-10-2024/dgr6-2024-10-15.xls,2024/2024-10-15_dgr6.xls,200,18944,ef927b9285b1b57786a61c769695c7a49fe41ef28d7af3d8a5e6e74c8a31f698,2026-09-14T13:58:04,dgr6
https://npp.gov.in/public-reports/cea/daily/dgr/16-10-2024/dgr6-2024-10-16.xls,2024/2024-10-16_dgr6.xls,200,18944,4bc6b85b98fb1ed00b7cc17de4a25a6cedfe97df8aac648bdc7650417443ce8b,2026-09-14T13:58:05,dgr6
https://npp.gov.in/public-reports/cea/daily/dgr/17-10-2024/dgr6-2024-10-17.xls,2024/2024-10-17_dgr6.xls,200,18944,3e386a08d54d0a5d33691e915299fdbe5bbc70919e214fd27045737bb1808b63,2026-09-14T13:58:05,dgr6
https://npp.gov.in/public-reports/cea/daily/dgr/18-10-2024/dgr6-2024-10-18.xls,2024/2024-10-18_dgr6.xls,200,18944,5245ab50d623591f5485b6b2a32427d1222910a3aa3643c84ca7ba2947cbf799,2026-09-14T13:58:06,dgr6
https://npp.gov.in/public-reports/cea/daily/dgr/19-10-2024/dgr6-2024-10-19.xls,2024/2024-10-19_dgr6.xls,200,18944,c8c3ef060dd33b850195cebefbac28edf62250cceab05c13b1f7d83e05d0e2c7,2026-09-14T13:58:06,dgr6
https://npp.gov.in/public-reports/cea/daily/dgr/20-10-2024/dgr6-2024-10-20.xls,2024/2024-10-20_dgr6.xls,200,18944,6ba38a5673b42e40b118d86320ccd3dd645244e08bfa6c0c3be86361a88b922d,2026-09-14T13:58:07,dgr6
https://npp.gov.in/public-reports/cea/daily/dgr/21-10-2024/dgr6-2024-10-21.xls,2024/2024-10-21_dgr6.xls,200,18944,c46272ee8eb9caa0dd5f1b03e703ed700559a47b7f2d963497decfb54f5c63d1,2026-09-14T13:58:07,dgr6
https://npp.gov.in/public-reports/cea/daily/dgr/22-10-2024/dgr6-2024-10-22.xls,2024/2024-10-22_dgr6.xls,200,18944,074e95375893a26742439cac92afc153152f8b1314de8f5e8c68b3702a678688,2026-09-14T13:58:07,dgr6
https://npp.gov.in/public-reports/cea/daily/dgr/23-10-2024/dgr6-2024-10-23.xls,2024/2024-10-23_dgr6.xls,200,18944,974c9da5e07e7b0e1785186ca4cca6541de8b4155bc0ec2218ee3931eb5b5426,2026-09-14T13:58:08,dgr6
https://npp.gov.in/public-reports/cea/daily/dgr/24-10-2024/dgr6-2024-10-24.xls,2024/2024-10-24_dgr6.xls,200,18944,750d12b5305783d9c297bae7f34aba8f8391a9828568b7bfd7e2b9ea40cb2814,2026-09-14T13:58:08,dgr6
https://npp.gov.in/public-reports/cea/daily/dgr/25-10-2024/dgr6-2024-10-25.xls,2024/2024-10-25_dgr6.xls,200,18944,aaa56291c72702e0b2642f8defd557659fb1ff0dcd75f72fa855c9a7a9381ac7,2026-09-14T13:58:09,dgr6
https://npp.gov.in/public-reports/cea/daily/dgr/26-10-2024/dgr6-2024-10-26.xls,2024/2024-10-26_dgr6.xls,200,18944,ede5cd06dd2647e8014583bccf2d53ad81c75576bfe904abd23ea42926f57789,2026-09-14T13:58:09,dgr6
https://npp.gov.in/public-reports/cea/daily/dgr/27-10-2024/dgr6-2024-10-27.xls,2024/2024-10-27_dgr6.xls,200,18944,7400fd878edf53d142ffc4d31da456d28ae08c4ccac08a2ebdb89d274d643c88,2026-09-14T13:58:09,dgr6
https://npp.gov.in/public-reports/cea/daily/dgr/28-10-2024/dgr6-2024-10-28.xls,2024/2024-10-28_dgr6.xls,200,18944,15a3c1c0d3e9e21cd5bad03aa923123f72f6ea85c436a390efc87e1707082a56,2026-09-14T13:58:10,dgr6
https://npp.gov.in/public-reports/cea/daily/dgr/29-10-2024/dgr6-2024-10-29.xls,2024/2024-10-29_dgr6.xls,200,18944,40b1425fb04c7b09b8d5d4eb1e334cf69e8e1081f8f4f330e878eb29d52a49df,2026-09-14T13:58:10,dgr6
https://npp.gov.in/public-reports/cea/daily/dgr/30-10-2024/dgr6-2024-10-30.xls,2024/2024-10-30_dgr6.xls,200,18944,5fc4ec23aa2f3940d22c06e5eb394173ea09c971fe8311bf78edb1d9a0c4153d,2026-09-14T13:58:11,dgr6
https://npp.gov.in/public-reports/cea/daily/dgr/31-10-2024/dgr6-2024-10-31.xls,2024/2024-10-31_dgr6.xls,200,18944,4dd71e4ee4b4fa88483f10f9784bab6aea1d8e59a9085107e5d1d89728d4e0af,2026-09-14T13:58:11,dgr6
https://npp.gov.in/public-reports/cea/daily/dgr/01-11-2024/dgr6-2024-11-01.xls,2024/2024-11-01_dgr6.xls,200,18944,177b224c1e361a8ee18df87d2bf7e29d1fb8b07739efa447b8c7949908d80324,2026-09-14T13:58:11,dgr6
https://npp.gov.in/public-reports/cea/daily/dgr/02-11-2024/dgr6-2024-11-02.xls,2024/2024-11-02_dgr6.xls,200,18944,ad9f3c36e7c5dd60ced3a52c3185a7e8ae0f72f2fd3f39ff21224284b454f1a2,2026-09-14T13:58:12,dgr6
https://npp.gov.in/public-reports/cea/daily/dgr/03-11-2024/dgr6-2024-11-03.xls,2024/2024-11-03_dgr6.xls,200,18944,9e2d32a42eeaa796bd503343c6b8b9b51a9f8ded13959efd79c462254f177fe8,2026-09-14T13:58:12,dgr6
https://npp.gov.in/public-reports/cea/daily/dgr/04-11-2024/dgr6-2024-11-04.xls,2024/2024-11-04_dgr6.xls,200,18944,57b8d3fcaaa517685cb566330aec7f981f94371b8a474d79ac0e45979c5fa814,2026-09-14T13:58:13,dgr6
https://npp.gov.in/public-reports/cea/daily/dgr/05-11-2024/dgr6-2024-11-05.xls,2024/2024-11-05_dgr6.xls,200,18944,554f2c44b115c601afb88416d8f10bee5dfaca2c91e6bb09d25b039e68d4092e,2026-09-14T13:58:13,dgr6
https://npp.gov.in/public-reports/cea/daily/dgr/06-11-2024/dgr6-2024-11-06.xls,2024/2024-11-06_dgr6.xls,200,18944,0bf6b04ce4b59e958d08aac563aded5ddccacced076e16defeb985346d771e65,2026-09-14T13:58:13,dgr6
https://npp.gov.in/public-reports/cea/daily/dgr/07-11-2024/dgr6-2024-11-07.xls,2024/2024-11-07_dgr6.xls,200,18944,1e80a98d2a4083835beeb2b93fefbc063fbebe381e0e4cee57874e4f2dd26219,2026-09-14T13:58:14,dgr6
https://npp.gov.in/public-reports/cea/daily/dgr/08-11-2024/dgr6-2024-11-08.xls,2024/2024-11-08_dgr6.xls,200,18944,1a81c6a5d1221a92de9a8543a25ff8ec45ba48d09c0b98c8fbd1885331e67a33,2026-09-14T13:58:14,dgr6
https://npp.gov.in/public-reports/cea/daily/dgr/09-11-2024/dgr6-2024-11-09.xls,2024/2024-11-09_dgr6.xls,200,18944,e06ce84cec92b2e54b72f0762dd23e94edaa866efbfbff6406b15f51bbac8219,2026-09-14T13:58:15,dgr6
https://npp.gov.in/public-reports/cea/daily/dgr/10-11-2024/dgr6-2024-11-10.xls,2024/2024-11-10_dgr6.xls,200,18944,8fc227bae4cfa657e988bcfc63ed03d185a1e06dd05a38ce6f492b581a2a383d,2026-09-14T13:58:15,dgr6
https://npp.gov.in/public-reports/cea/daily/dgr/11-11-2024/dgr6-2024-11-11.xls,2024/2024-11-11_dgr6.xls,200,18944,892ba225cd475dd6a7e30776e37ed64624cfd7526ddff5d67d48d6c0470a4437,2026-09-14T13:58:15,dgr6
https://npp.gov.in/public-reports/cea/daily/dgr/12-11-2024/dgr6-2024-11-12.xls,2024/2024-11-12_dgr6.xls,200,18944,56e9f15ee8b8e9dab0c5600d9b669d3ae19418181463023e4ec56012eb7eaf8e,2026-09-14T13:58:16,dgr6
https://npp.gov.in/public-reports/cea/daily/dgr/13-11-2024/dgr6-2024-11-13.xls,2024/2024-11-13_dgr6.xls,200,18944,a6b51f2c38c238acdfe02a062e5eae32c770f02576d0b2630304ff569e0f71e7,2026-09-14T13:58:16,dgr6
https://npp.gov.in/public-reports/cea/daily/dgr/14-11-2024/dgr6-2024-11-14.xls,2024/2024-11-14_dgr6.xls,200,18944,c82c55e9d87825f2bc19d3ddce8bc4e2583a950d69e93d79f98b663f70a56b13,2026-09-14T13:58:17,dgr6
https://npp.gov.in/public-reports/cea/daily/dgr/15-11-2024/dgr6-2024-11-15.xls,2024/2024-11-15_dgr6.xls,200,18944,bc86894d61bb10ba81d62cfa1b73a662245181c24d3faf74e894b2121972e4d8,2026-09-14T13:58:17,dgr6
https://npp.gov.in/public-reports/cea/daily/dgr/16-11-2024/dgr6-2024-11-16.xls,2024/2024-11-16_dgr6.xls,200,18944,d0ae40622c2231211ec10bb3ea44783af87aef4f244903165f6c21989179ddb6,2026-09-14T13:58:17,dgr6
https://npp.gov.in/public-reports/cea/daily/dgr/17-11-2024/dgr6-2024-11-17.xls,2024/2024-11-17_dgr6.xls,200,18944,6a761df43e2da36a8678d422b73109f8fa76fdd760768585a1e01e587369a0cf,2026-09-14T13:58:18,dgr6
https://npp.gov.in/public-reports/cea/daily/dgr/18-11-2024/dgr6-2024-11-18.xls,2024/2024-11-18_dgr6.xls,200,18944,27cfbe3fb0f09613cb8e1630ff2915b4fa46ed1999e89cc0d624aaccd1cedf69,2026-09-14T13:58:18,dgr6
https://npp.gov.in/public-reports/cea/daily/dgr/19-11-2024/dgr6-2024-11-19.xls,2024/2024-11-19_dgr6.xls,200,18944,0e9fd3a47f80a01db72d0189d01622ea43edc66f177041454aed8edca273a372,2026-09-14T13:58:19,dgr6
https://npp.gov.in/public-reports/cea/daily/dgr/20-11-2024/dgr6-2024-11-20.xls,2024/2024-11-20_dgr6.xls,200,18944,745b1747bd21a20481c9e09c9d0e27a7adeeaaffb5a4c943093e933b10a1020c,2026-09-14T13:58:19,dgr6
https://npp.gov.in/public-reports/cea/daily/dgr/21-11-2024/dgr6-2024-11-21.xls,2024/2024-11-21_dgr6.xls,200,18944,6ceb2093af9e627ccdfe49958a51b83aba0e5dca53af5d906b06eb9d286511c4,2026-09-14T13:58:20,dgr6
https://npp.gov.in/public-reports/cea/daily/dgr/22-11-2024/dgr6-2024-11-22.xls,2024/2024-11-22_dgr6.xls,200,18944,d7e3952aa765361550ea2ce93f110bab231bb00343b3fb9c1f54b31d570babe6,2026-09-14T13:58:20,dgr6
https://npp.gov.in/public-reports/cea/daily/dgr/23-11-2024/dgr6-2024-11-23.xls,2024/2024-11-23_dgr6.xls,200,18944,cd966b63d77e1e706ed98c67145f86db1fd731a466ca8d14ea4ec5eb80d87e1c,2026-09-14T13:58:21,dgr6
https://npp.gov.in/public-reports/cea/daily/dgr/24-11-2024/dgr6-2024-11-24.xls,2024/2024-11-24_dgr6.xls,200,18944,b623a36589524bab9961689aedf45589b6f41b3027566f47945907bbe912a0c8,2026-09-14T13:58:21,dgr6
https://npp.gov.in/public-reports/cea/daily/dgr/25-11-2024/dgr6-2024-11-25.xls,2024/2024-11-25_dgr6.xls,200,18944,8ef98413b60e8c90f623b3f17a5cf3a27060dd54b6c555110272a496c6c0cebb,2026-09-14T13:58:22,dgr6
https://npp.gov.in/public-reports/cea/daily/dgr/26-11-2024/dgr6-2024-11-26.xls,2024/2024-11-26_dgr6.xls,200,18944,b16b72faf1d818c188412005ca99fc33bcb9e2c8b875faa15ee0cf5a276f36e9,2026-09-14T13:58:22,dgr6
https://npp.gov.in/public-reports/cea/daily/dgr/27-11-2024/dgr6-2024-11-27.xls,2024/2024-11-27_dgr6.xls,200,18944,59550fdc77be94c4a3b29350d41ea24049b01db2df4d14e340767dbdbd32da95,2026-09-14T13:58:22,dgr6
https://npp.gov.in/public-reports/cea/daily/dgr/28-11-2024/dgr6-2024-11-28.xls,2024/2024-11-28_dgr6.xls,200,18944,d1d2b1d06af83c71b8038233c8de1d959bbb7005066cccd8e8727715020bcfc5,2026-09-14T13:58:23,dgr6
https://npp.gov.in/public-reports/cea/daily/dgr/29-11-2024/dgr6-2024-11-29.xls,2024/2024-11-29_dgr6.xls,200,18944,caed21ec1a94d11ec0ca1739bbaf4146c1e3878fd9fc8136f5d0e80ca002dc59,2026-09-14T13:58:23,dgr6
https://npp.gov.in/public-reports/cea/daily/dgr/30-11-2024/dgr6-2024-11-30.xls,2024/2024-11-30_dgr6.xls,200,18944,5138d47eea5e2b780af5c24ce6f945cae268b14f342f28d9facee441dc7e28f3,2026-09-14T13:58:24,dgr6
https://npp.gov.in/public-reports/cea/daily/dgr/01-12-2024/dgr6-2024-12-01.xls,2024/2024-12-01_dgr6.xls,200,18944,8657951549d19bab6f5146155197e52b4d30c92fe7182a943366b3ce61b9c74d,2026-09-14T13:58:24,dgr6
https://npp.gov.in/public-reports/cea/daily/dgr/02-12-2024/dgr6-2024-12-02.xls,2024/2024-12-02_dgr6.xls,200,18944,001e9959c9df76623a19c6d6e6ceb647e11fddeda71fc784b4d7d5c2199371d3,2026-09-14T13:58:24,dgr6
https://npp.gov.in/public-reports/cea/daily/dgr/03-12-2024/dgr6-2024-12-03.xls,2024/2024-12-03_dgr6.xls,200,18944,bf68bcac64206eaf33069e7152915581c36dd8bf9009812114d5a2f1299a84d3,2026-09-14T13:58:25,dgr6
https://npp.gov.in/public-reports/cea/daily/dgr/04-12-2024/dgr6-2024-12-04.xls,2024/2024-12-04_dgr6.xls,200,18944,3230d1ba879ea4567e27cbc7a80b9b6bb16a353a56efc4899e26d9ad675dcebc,2026-09-14T13:58:25,dgr6
https://npp.gov.in/public-reports/cea/daily/dgr/05-12-2024/dgr6-2024-12-05.xls,2024/2024-12-05_dgr6.xls,200,18944,c1918c18c4ac1b8799c864747708b28fbc4d981d083652a1a99d7d98f6dfb9a3,2026-09-14T13:58:26,dgr6
https://npp.gov.in/public-reports/cea/daily/dgr/06-12-2024/dgr6-2024-12-06.xls,2024/2024-12-06_dgr6.xls,200,18944,a26a93f94222563e230ca30004b7bf70665a1ae41ab4ec14ef1305de3e8f8816,2026-09-14T13:58:26,dgr6
https://npp.gov.in/public-reports/cea/daily/dgr/07-12-2024/dgr6-2024-12-07.xls,2024/2024-12-07_dgr6.xls,200,18944,dc63562f1177556859f6cec91569f88697851563c628f59669702850d92f8d9a,2026-09-14T13:58:26,dgr6
https://npp.gov.in/public-reports/cea/daily/dgr/08-12-2024/dgr6-2024-12-08.xls,2024/2024-12-08_dgr6.xls,200,18944,59cfaee53f1a46709f6a6ad381a2f3b42c43fb58e0ce86dfa3363f66ad3ad896,2026-09-14T13:58:27,dgr6
https://npp.gov.in/public-reports/cea/daily/dgr/09-12-2024/dgr6-2024-12-09.xls,2024/2024-12-09_dgr6.xls,200,18944,bff3d636cfdbc116659de1924e18051aa4c6bc053152d48156c31aa52d091451,2026-09-14T13:58:27,dgr6
https://npp.gov.in/public-reports/cea/daily/dgr/10-12-2024/dgr6-2024-12-10.xls,2024/2024-12-10_dgr6.xls,200,18944,16a3b02d3390223cdb4b203460287cf1ae267330952a838270770ced6697b584,2026-09-14T13:58:28,dgr6
https://npp.gov.in/public-reports/cea/daily/dgr/11-12-2024/dgr6-2024-12-11.xls,2024/2024-12-11_dgr6.xls,200,18944,2219ac23338211ade2366c590795c2e80cd1fae56ea2fc3390ed9c8445b40415,2026-09-14T13:58:28,dgr6
https://npp.gov.in/public-reports/cea/daily/dgr/12-12-2024/dgr6-2024-12-12.xls,2024/2024-12-12_dgr6.xls,200,18944,0b4c75111aeb99ee41d3ef33a31930028b7845a197188a7e72bf9c35bb9c4f9a,2026-09-14T13:58:29,dgr6
https://npp.gov.in/public-reports/cea/daily/dgr/13-12-2024/dgr6-2024-12-13.xls,2024/2024-12-13_dgr6.xls,200,18944,ef2e3cd3822618707d1d72641d66d617497ac1b23f5e93faa03a70c10dbf497d,2026-09-14T13:58:29,dgr6
https://npp.gov.in/public-reports/cea/daily/dgr/14-12-2024/dgr6-2024-12-14.xls,2024/2024-12-14_dgr6.xls,200,18944,2a8eabbd308754de6a30d0ef9d1b2ff721a2cb17b95df5eb94200ebd289ee34e,2026-09-14T13:58:30,dgr6
https://npp.gov.in/public-reports/cea/daily/dgr/15-12-2024/dgr6-2024-12-15.xls,2024/2024-12-15_dgr6.xls,200,18944,d8208989815f5a94a721e37ae18e60fe268e9d5b0e1e244320818ba5f36e6030,2026-09-14T13:58:30,dgr6
https://npp.gov.in/public-reports/cea/daily/dgr/16-12-2024/dgr6-2024-12-16.xls,2024/2024-12-16_dgr6.xls,200,18944,9053b54574f914dcebcec001dacd1ff95d7f02763b039979cafb91847537c482,2026-09-14T13:58:31,dgr6
https://npp.gov.in/public-reports/cea/daily/dgr/17-12-2024/dgr6-2024-12-17.xls,2024/2024-12-17_dgr6.xls,200,18944,4c50e919a2ecd1edb4d3c5174058c5a44f1e60427ad8e998c31f0440852d5cec,2026-09-14T13:58:31,dgr6
https://npp.gov.in/public-reports/cea/daily/dgr/18-12-2024/dgr6-2024-12-18.xls,2024/2024-12-18_dgr6.xls,200,18944,76f9af07e7c577a7a97e830ab235077ea729c84d12713a188aee92364328c028,2026-09-14T13:58:32,dgr6
https://npp.gov.in/public-reports/cea/daily/dgr/19-12-2024/dgr6-2024-12-19.xls,2024/2024-12-19_dgr6.xls,200,18944,25d3d6b478c21fd4f55c4218ab0a8f59be6d7504ba5774d3d87c8e0017b674de,2026-09-14T13:58:32,dgr6
https://npp.gov.in/public-reports/cea/daily/dgr/20-12-2024/dgr6-2024-12-20.xls,2024/2024-12-20_dgr6.xls,200,18944,0b7e602aa04fc2957d744d88e18502980a25d75b3e3fc76749ab851daf0c425c,2026-09-14T13:58:33,dgr6
https://npp.gov.in/public-reports/cea/daily/dgr/21-12-2024/dgr6-2024-12-21.xls,2024/2024-12-21_dgr6.xls,200,18944,f9cbd4c22f0c1f3aa4e5aea37e7c44e3e196eaae45fbb65408512fe154e3aef7,2026-09-14T13:58:33,dgr6
https://npp.gov.in/public-reports/cea/daily/dgr/22-12-2024/dgr6-2024-12-22.xls,2024/2024-12-22_dgr6.xls,200,18944,ce0e04d68902fcb40230536fb7ee8504b8ce477d556cf7b8f8ee69f842210059,2026-09-14T13:58:33,dgr6
https://npp.gov.in/public-reports/cea/daily/dgr/23-12-2024/dgr6-2024-12-23.xls,2024/2024-12-23_dgr6.xls,200,18944,99200058ebf7ef6be59f0a13a93017fde368a762450b118bf2a6d100af05f381,2026-09-14T13:58:34,dgr6
https://npp.gov.in/public-reports/cea/daily/dgr/24-12-2024/dgr6-2024-12-24.xls,2024/2024-12-24_dgr6.xls,200,18944,f419318b91c39d235669be6916082cf599be8eefdcd273c73bd322729e1117e3,2026-09-14T13:58:34,dgr6
https://npp.gov.in/public-reports/cea/daily/dgr/25-12-2024/dgr6-2024-12-25.xls,2024/2024-12-25_dgr6.xls,200,18944,ec79501b14b50797ccd6061c5384692cd7a1819efc51091a3373f3cb3298a98b,2026-09-14T13:58:35,dgr6
https://npp.gov.in/public-reports/cea/daily/dgr/26-12-2024/dgr6-2024-12-26.xls,2024/2024-12-26_dgr6.xls,200,18944,451b5b0d1c9acb5a256cd9c8506eb0d45f367543fb759709b0ce28e4cd5fc993,2026-09-14T13:58:35,dgr6
https://npp.gov.in/public-reports/cea/daily/dgr/27-12-2024/dgr6-2024-12-27.xls,2024/2024-12-27_dgr6.xls,200,18944,6b8c84b69adc47b6e370c333e34d9b497fee54f0296eda98cb10d927f3559acc,2026-09-14T13:58:36,dgr6
https://npp.gov.in/public-reports/cea/daily/dgr/28-12-2024/dgr6-2024-12-28.xls,2024/2024-12-28_dgr6.xls,200,18944,67c47b8c6c320fbc67eec4b7c210ac2a9f457c27aa446172bef42cc30a953176,2026-09-14T13:58:36,dgr6
https://npp.gov.in/public-reports/cea/daily/dgr/29-12-2024/dgr6-2024-12-29.xls,2024/2024-12-29_dgr6.xls,200,18944,370ada53fe44526da36e1ebf398dde4d103f978327fcaaeff4a46abf61445dde,2026-09-14T13:58:36,dgr6
https://npp.gov.in/public-reports/cea/daily/dgr/30-12-2024/dgr6-2024-12-30.xls,2024/2024-12-30_dgr6.xls,200,18944,a13bf0219aca32822ccceea382f6b626f5b54ee9f8df51dfb16974bee6310e44,2026-09-14T13:58:37,dgr6
https://npp.gov.in/public-reports/cea/daily/dgr/31-12-2024/dgr6-2024-12-31.xls,2024/2024-12-31_dgr6.xls,200,18944,df4547b7f909da911d4698c8200c15851678b96309710d76de154c996447be88,2026-09-14T13:58:37,dgr6
https://npp.gov.in/public-reports/cea/daily/dgr/01-01-2025/dgr6-2025-01-01.xls,2025/2025-01-01_dgr6.xls,200,18944,8e502086f066114561fa6565d1a132d2526460ee3124f2b9c9f9e43f509d065e,2026-09-14T13:58:37,dgr6
https://npp.gov.in/public-reports/cea/daily/dgr/02-01-2025/dgr6-2025-01-02.xls,2025/2025-01-02_dgr6.xls,200,18944,ccc618eb4387fbfbf9e0ac17f3b23f0cbdcf56adb948aed14bbfb0d1a9b12a6a,2026-09-14T13:58:38,dgr6
https://npp.gov.in/public-reports/cea/daily/dgr/03-01-2025/dgr6-2025-01-03.xls,2025/2025-01-03_dgr6.xls,200,18944,1d2ff2e9a372e1c2d970205ba7a3b4a683d366d679e7a61b05b6ed35b15e32ad,2026-09-14T13:58:38,dgr6
https://npp.gov.in/public-reports/cea/daily/dgr/04-01-2025/dgr6-2025-01-04.xls,2025/2025-01-04_dgr6.xls,200,18944,f1747f84c8e0339494266e5aa639e08f9cd9b9f9c7e63463c63758532752bc80,2026-09-14T13:58:39,dgr6
https://npp.gov.in/public-reports/cea/daily/dgr/05-01-2025/dgr6-2025-01-05.xls,2025/2025-01-05_dgr6.xls,200,18944,8e1df00fab36e93009ab0dbc6d7d8f441f1c128c7eeaaed1a378cc10f6db7cb7,2026-09-14T13:58:39,dgr6
https://npp.gov.in/public-reports/cea/daily/dgr/06-01-2025/dgr6-2025-01-06.xls,2025/2025-01-06_dgr6.xls,200,18944,1b57cf9de2aeb3a1322b79b971cd2fba222e800f6de0d93a87705d9823104b3d,2026-09-14T13:58:39,dgr6
https://npp.gov.in/public-reports/cea/daily/dgr/07-01-2025/dgr6-2025-01-07.xls,2025/2025-01-07_dgr6.xls,200,18944,a8146d933dceed4d766dc6e7f4f5c7cef1121cac530a6c8fb3e897a12eed9033,2026-09-14T13:58:40,dgr6
https://npp.gov.in/public-reports/cea/daily/dgr/08-01-2025/dgr6-2025-01-08.xls,2025/2025-01-08_dgr6.xls,200,18944,97a365003e5a9dab4ac1f346002b35fcccf8d787f6f610a31d83a08cf12a8cb1,2026-09-14T13:58:40,dgr6
https://npp.gov.in/public-reports/cea/daily/dgr/09-01-2025/dgr6-2025-01-09.xls,2025/2025-01-09_dgr6.xls,200,18944,5ae95867b2d0b328e1e873f2a006354b30a82496ed37cd59cf6411d1ae046b6c,2026-09-14T13:58:41,dgr6
https://npp.gov.in/public-reports/cea/daily/dgr/10-01-2025/dgr6-2025-01-10.xls,2025/2025-01-10_dgr6.xls,200,18944,dfcb5785731d8c9cb9ea3a995aad9ec60862218ce197b59ef9f5e7387bae13f7,2026-09-14T13:58:41,dgr6
https://npp.gov.in/public-reports/cea/daily/dgr/11-01-2025/dgr6-2025-01-11.xls,2025/2025-01-11_dgr6.xls,200,18944,50e4a53b8dcf3c93ac5e29c35407e81f2a0f4c6afbdb23486874d0137be480b2,2026-09-14T13:58:41,dgr6
https://npp.gov.in/public-reports/cea/daily/dgr/12-01-2025/dgr6-2025-01-12.xls,2025/2025-01-12_dgr6.xls,404,0,,2026-09-14T13:58:42,dgr6
https://npp.gov.in/public-reports/cea/daily/dgr/13-01-2025/dgr6-2025-01-13.xls,2025/2025-01-13_dgr6.xls,200,18944,1f12536a29764aea1fa8bb3216ebd0ee1009e736b9aae3afd79439c9415a1402,2026-09-14T13:58:43,dgr6
https://npp.gov.in/public-reports/cea/daily/dgr/14-01-2025/dgr6-2025-01-14.xls,2025/2025-01-14_dgr6.xls,200,18944,bfc798c40b0571383216da1519786570fffeefdad8777c4cbb94ba1c6d8915be,2026-09-14T13:58:44,dgr6
https://npp.gov.in/public-reports/cea/daily/dgr/15-01-2025/dgr6-2025-01-15.xls,2025/2025-01-15_dgr6.xls,200,18944,61cbb955a943a260c4a29b5535c02c5a2c49c3f02eb02e914541fb693fb25859,2026-09-14T13:58:44,dgr6
https://npp.gov.in/public-reports/cea/daily/dgr/16-01-2025/dgr6-2025-01-16.xls,2025/2025-01-16_dgr6.xls,200,18944,0f82ee075b75580e2473984d042f7fecbd39c307737fcdeb5ab4c68d6c47c80c,2026-09-14T13:58:45,dgr6
https://npp.gov.in/public-reports/cea/daily/dgr/17-01-2025/dgr6-2025-01-17.xls,2025/2025-01-17_dgr6.xls,404,0,,2026-09-14T13:58:45,dgr6
https://npp.gov.in/public-reports/cea/daily/dgr/18-01-2025/dgr6-2025-01-18.xls,2025/2025-01-18_dgr6.xls,200,18944,7416f568d1dfdd0c541d24bbf7657001af4e4d7346e4e92746e39ee8dfd7d8c4,2026-09-14T13:58:45,dgr6
https://npp.gov.in/public-reports/cea/daily/dgr/19-01-2025/dgr6-2025-01-19.xls,2025/2025-01-19_dgr6.xls,200,18944,7583ce71a3531b0ffb58f0d587ab7dbef850ceefe083502a6644489239cb28b7,2026-09-14T13:58:46,dgr6
https://npp.gov.in/public-reports/cea/daily/dgr/20-01-2025/dgr6-2025-01-20.xls,2025/2025-01-20_dgr6.xls,200,18944,b9d4719c60aaced060b7308969ef67fc968024f4352561537c296077cadd9bec,2026-09-14T13:58:46,dgr6
https://npp.gov.in/public-reports/cea/daily/dgr/21-01-2025/dgr6-2025-01-21.xls,2025/2025-01-21_dgr6.xls,200,18944,870c9d8292c3837e7f5254cf34f871f56b2211fdc277927364703814b819ff53,2026-09-14T13:58:47,dgr6
https://npp.gov.in/public-reports/cea/daily/dgr/22-01-2025/dgr6-2025-01-22.xls,2025/2025-01-22_dgr6.xls,200,18944,bab447eb8a15c5931196631c3eb0739f3c1de13b55d5cc893a761fc5975f6dd5,2026-09-14T13:58:47,dgr6
https://npp.gov.in/public-reports/cea/daily/dgr/23-01-2025/dgr6-2025-01-23.xls,2025/2025-01-23_dgr6.xls,200,18944,e9e326061dfe8ebf66745a17ac408a4c50e00196afe4fad5ea8e8d2f6ef3a0ad,2026-09-14T13:58:48,dgr6
https://npp.gov.in/public-reports/cea/daily/dgr/24-01-2025/dgr6-2025-01-24.xls,2025/2025-01-24_dgr6.xls,200,18944,57cf3b87d215b65114c7bf2ba8e67a6fab18204b581368c25eaafb6624a82697,2026-09-14T13:58:49,dgr6
https://npp.gov.in/public-reports/cea/daily/dgr/25-01-2025/dgr6-2025-01-25.xls,2025/2025-01-25_dgr6.xls,200,18944,ab7abe0ffb00414027b6c0974cb238b0d727fa329957ae91215252654b4f37d0,2026-09-14T13:58:50,dgr6
https://npp.gov.in/public-reports/cea/daily/dgr/26-01-2025/dgr6-2025-01-26.xls,2025/2025-01-26_dgr6.xls,200,18944,29291895e2f1b8e591c3dc52c66a349757df57864567f5521df21dde89b68ce6,2026-09-14T13:58:50,dgr6
https://npp.gov.in/public-reports/cea/daily/dgr/27-01-2025/dgr6-2025-01-27.xls,2025/2025-01-27_dgr6.xls,200,18944,cb47e445f5ae4c51c55da805834e9c85656fbda4d9ba46ae1532e5852974ecbb,2026-09-14T13:58:50,dgr6
https://npp.gov.in/public-reports/cea/daily/dgr/28-01-2025/dgr6-2025-01-28.xls,2025/2025-01-28_dgr6.xls,200,18944,ffa31b13ee22049abefa5207f41e82c1fec1fd640fb2a2bbed9a7fcaa67331a5,2026-09-14T13:58:51,dgr6
https://npp.gov.in/public-reports/cea/daily/dgr/29-01-2025/dgr6-2025-01-29.xls,2025/2025-01-29_dgr6.xls,200,18944,c9e85dcab06363e1c2c121c08682830e2383582517d616ccfe78633e89b871d1,2026-09-14T13:58:51,dgr6
https://npp.gov.in/public-reports/cea/daily/dgr/30-01-2025/dgr6-2025-01-30.xls,2025/2025-01-30_dgr6.xls,200,18944,3538eb61a4840f427235aba0badc5050cfb0508d0e4072f2539dfb319cebab3f,2026-09-14T13:58:52,dgr6
https://npp.gov.in/public-reports/cea/daily/dgr/31-01-2025/dgr6-2025-01-31.xls,2025/2025-01-31_dgr6.xls,200,18944,ddfd271986a6af5849a9c8294b472a0fcce96a9e67fe9b4c21c8e97a3cdc8471,2026-09-14T13:58:52,dgr6
https://npp.gov.in/public-reports/cea/daily/dgr/01-02-2025/dgr6-2025-02-01.xls,2025/2025-02-01_dgr6.xls,200,18944,87e8fad9bcf70d80c26592f416a995249a90ad8b7beec28430dd71241aafc3dd,2026-09-14T13:58:55,dgr6
https://npp.gov.in/public-reports/cea/daily/dgr/02-02-2025/dgr6-2025-02-02.xls,2025/2025-02-02_dgr6.xls,200,18944,d7b534b3d732600a95ac5e1ced805bfa46dad2fc3cc87dc2a3da7162fd320f9b,2026-09-14T13:58:56,dgr6
https://npp.gov.in/public-reports/cea/daily/dgr/03-02-2025/dgr6-2025-02-03.xls,2025/2025-02-03_dgr6.xls,200,18944,27d267f1c0e5552e76948bd9af4a90d72da04d27d0673d4d55b0a5681c1a8931,2026-09-14T13:58:57,dgr6
https://npp.gov.in/public-reports/cea/daily/dgr/04-02-2025/dgr6-2025-02-04.xls,2025/2025-02-04_dgr6.xls,200,18944,013e05208c9ffd75e8512dfcf04d746a0d97ba57f94ef406b5e23c6a31fa10cd,2026-09-14T13:58:58,dgr6
https://npp.gov.in/public-reports/cea/daily/dgr/05-02-2025/dgr6-2025-02-05.xls,2025/2025-02-05_dgr6.xls,200,18944,1b67013ea6b32cce35a42e8da9779d21b05a9e8ee3d1a0d2fe808eba6ec836ca,2026-09-14T13:58:59,dgr6
https://npp.gov.in/public-reports/cea/daily/dgr/06-02-2025/dgr6-2025-02-06.xls,2025/2025-02-06_dgr6.xls,200,18944,8aece09b2e986814e25a90a72af4509864c5f8c4475c4dc6ddcdd84ea5a0bce1,2026-09-14T13:58:59,dgr6
https://npp.gov.in/public-reports/cea/daily/dgr/07-02-2025/dgr6-2025-02-07.xls,2025/2025-02-07_dgr6.xls,200,18944,d72cc1d5e8ab429daf5c63c1a802b0875b20c53edfac3bceed84968233c5dd1f,2026-09-14T13:59:00,dgr6
https://npp.gov.in/public-reports/cea/daily/dgr/08-02-2025/dgr6-2025-02-08.xls,2025/2025-02-08_dgr6.xls,200,18944,b51c58a5c72e9a37c5198add87a27c56d5b2521a2439149c147890b765447bf8,2026-09-14T13:59:00,dgr6
https://npp.gov.in/public-reports/cea/daily/dgr/09-02-2025/dgr6-2025-02-09.xls,2025/2025-02-09_dgr6.xls,200,18944,fe4fe3347f064f1af6ba38d9cea80d4f636d0e00bd2ac96629bd2c9ba46037f7,2026-09-14T13:59:01,dgr6
https://npp.gov.in/public-reports/cea/daily/dgr/10-02-2025/dgr6-2025-02-10.xls,2025/2025-02-10_dgr6.xls,200,18944,3f843fd766f74e6622b14f090e251c034c0696218b90dc5c3a1aa96971f15710,2026-09-14T13:59:02,dgr6
https://npp.gov.in/public-reports/cea/daily/dgr/11-02-2025/dgr6-2025-02-11.xls,2025/2025-02-11_dgr6.xls,200,18944,ea9a9752f1a8e528d017d4656ed45e2945dbfbcc35bb0eb34b8eefcfda250ef8,2026-09-14T13:59:02,dgr6
https://npp.gov.in/public-reports/cea/daily/dgr/12-02-2025/dgr6-2025-02-12.xls,2025/2025-02-12_dgr6.xls,200,18944,c3b4452480ca3017f4edd775f56e21bd1009e0b62ed17aba73bd187620f6c309,2026-09-14T13:59:03,dgr6
https://npp.gov.in/public-reports/cea/daily/dgr/13-02-2025/dgr6-2025-02-13.xls,2025/2025-02-13_dgr6.xls,200,18944,e14de5bc4a298be247a02eb6d0d2f0ddc81c08a808dc14aae86ddb71d1125b82,2026-09-14T13:59:04,dgr6
https://npp.gov.in/public-reports/cea/daily/dgr/14-02-2025/dgr6-2025-02-14.xls,2025/2025-02-14_dgr6.xls,200,18944,8a9e833fe4980faa456276af42fcc6fa18a77545e350a9249aa05e6213237fa6,2026-09-14T13:59:04,dgr6
https://npp.gov.in/public-reports/cea/daily/dgr/15-02-2025/dgr6-2025-02-15.xls,2025/2025-02-15_dgr6.xls,200,18944,8c17544e419eae23a37f85bcac2660cb21fec8f9382a8b944ac2dfc2e58a709a,2026-09-14T13:59:05,dgr6
https://npp.gov.in/public-reports/cea/daily/dgr/16-02-2025/dgr6-2025-02-16.xls,2025/2025-02-16_dgr6.xls,200,18944,730f7e83fde3e6fa7cb9a286e682e2b76935c0a6ac4c4acd38bfac013422816c,2026-09-14T13:59:05,dgr6
https://npp.gov.in/public-reports/cea/daily/dgr/17-02-2025/dgr6-2025-02-17.xls,2025/2025-02-17_dgr6.xls,200,18944,fc2c09f7f5d82da5a0fb93e99c83c1b991f2d545dd15279e5a98aa55e8430a18,2026-09-14T13:59:06,dgr6
https://npp.gov.in/public-reports/cea/daily/dgr/18-02-2025/dgr6-2025-02-18.xls,2025/2025-02-18_dgr6.xls,200,18944,b0a5aebbf8c2096436a2e6c42f3b4b842ad5a7a73ee9b6c0c77d59a9dd384995,2026-09-14T13:59:07,dgr6
https://npp.gov.in/public-reports/cea/daily/dgr/19-02-2025/dgr6-2025-02-19.xls,2025/2025-02-19_dgr6.xls,200,18944,2866c2f3bde45ef5d53e26ffc21f1c91e65c6f2d1fdc818c03b27900f5e272d5,2026-09-14T13:59:07,dgr6
https://npp.gov.in/public-reports/cea/daily/dgr/20-02-2025/dgr6-2025-02-20.xls,2025/2025-02-20_dgr6.xls,200,18944,ebb4d795787cdefa51921eff48016af67a1bd680daa0ba54c6cd027c5fc353a7,2026-09-14T13:59:08,dgr6
https://npp.gov.in/public-reports/cea/daily/dgr/21-02-2025/dgr6-2025-02-21.xls,2025/2025-02-21_dgr6.xls,200,18944,9e0e378e7013e635c2f1e0bf9352c0e081a057c78ebf466aebac14a417b084c2,2026-09-14T13:59:08,dgr6
https://npp.gov.in/public-reports/cea/daily/dgr/22-02-2025/dgr6-2025-02-22.xls,2025/2025-02-22_dgr6.xls,200,18944,7b548835601495658350e5587fb5baa2a3fd1cb27386404ba22e6d9cd857abb7,2026-09-14T13:59:09,dgr6
https://npp.gov.in/public-reports/cea/daily/dgr/23-02-2025/dgr6-2025-02-23.xls,2025/2025-02-23_dgr6.xls,200,18944,3eef7745b9cb28976ead4ceb75e2226262cd5935e8a0b6095f4801268c52dcb0,2026-09-14T13:59:10,dgr6
https://npp.gov.in/public-reports/cea/daily/dgr/24-02-2025/dgr6-2025-02-24.xls,2025/2025-02-24_dgr6.xls,200,18944,fa99c63d387f9d0d91d288aefa1d854aeb1fa431dc1b75ad7714d72bc5860922,2026-09-14T13:59:10,dgr6
https://npp.gov.in/public-reports/cea/daily/dgr/25-02-2025/dgr6-2025-02-25.xls,2025/2025-02-25_dgr6.xls,200,18944,bbccc741adc74c300008cc61cf2274cfe6aac9aa2ae68925b41262f8163fb4d6,2026-09-14T13:59:11,dgr6
https://npp.gov.in/public-reports/cea/daily/dgr/26-02-2025/dgr6-2025-02-26.xls,2025/2025-02-26_dgr6.xls,200,18944,6f569e4ba67017af951d4f033cf76d4dc6eaa7e76c2c896c3db8fbda214997d6,2026-09-14T13:59:11,dgr6
https://npp.gov.in/public-reports/cea/daily/dgr/27-02-2025/dgr6-2025-02-27.xls,2025/2025-02-27_dgr6.xls,200,18944,af67bd58379f62083e4816cd3d1471f2fb66758447bb3ba6b2f14e748f9240a7,2026-09-14T13:59:12,dgr6
https://npp.gov.in/public-reports/cea/daily/dgr/28-02-2025/dgr6-2025-02-28.xls,2025/2025-02-28_dgr6.xls,200,18944,929e7be483f11f47012a3b573b9dcf34397f2bbabeb6d3e74d41bb0ca8b06506,2026-09-14T13:59:12,dgr6
https://npp.gov.in/public-reports/cea/daily/dgr/01-03-2025/dgr6-2025-03-01.xls,2025/2025-03-01_dgr6.xls,200,18944,783685e01926a3e1b9a48eee03879bed0f7c5cfefc5139349e04860ac287c52a,2026-09-14T13:59:13,dgr6
https://npp.gov.in/public-reports/cea/daily/dgr/02-03-2025/dgr6-2025-03-02.xls,2025/2025-03-02_dgr6.xls,200,18944,9ed02fd62d9231f69099b6b74ee9907e2f2a0ae31dc181e41fbfbe12b13e3888,2026-09-14T13:59:13,dgr6
https://npp.gov.in/public-reports/cea/daily/dgr/03-03-2025/dgr6-2025-03-03.xls,2025/2025-03-03_dgr6.xls,200,18944,14ac887c5f2b97c19b8f3afecff813e002366e4063d642121ca6a7dcf50d157a,2026-09-14T13:59:14,dgr6
https://npp.gov.in/public-reports/cea/daily/dgr/04-03-2025/dgr6-2025-03-04.xls,2025/2025-03-04_dgr6.xls,200,18944,05df8db2f2bf630558af8358593d8e88bb86efc498f74181471fe762434c3e7d,2026-09-14T13:59:14,dgr6
https://npp.gov.in/public-reports/cea/daily/dgr/05-03-2025/dgr6-2025-03-05.xls,2025/2025-03-05_dgr6.xls,200,18944,48774e660e3163d6adf7cb256ce82df9038ce30ace26ca8ed7a4158030aa0ec3,2026-09-14T13:59:15,dgr6
https://npp.gov.in/public-reports/cea/daily/dgr/06-03-2025/dgr6-2025-03-06.xls,2025/2025-03-06_dgr6.xls,200,18944,7331eb7084dbe0aa241bbbd42dda88d64a77f5b3b738a56f66f8277e562c6cad,2026-09-14T13:59:16,dgr6
https://npp.gov.in/public-reports/cea/daily/dgr/07-03-2025/dgr6-2025-03-07.xls,2025/2025-03-07_dgr6.xls,200,18944,462795677c5569666a2d828187abadab33b1331860f201018aa800bbe7b90c25,2026-09-14T13:59:16,dgr6
https://npp.gov.in/public-reports/cea/daily/dgr/08-03-2025/dgr6-2025-03-08.xls,2025/2025-03-08_dgr6.xls,200,18944,a0894e58980677c0d048bd1b119860e7a3feb20a28eb8ac69152a692a8deaea7,2026-09-14T13:59:17,dgr6
https://npp.gov.in/public-reports/cea/daily/dgr/09-03-2025/dgr6-2025-03-09.xls,2025/2025-03-09_dgr6.xls,200,18944,ca492623e9bd43938f9c733491b3ae52161a5c09d26c49c8b5ce9aef1430716d,2026-09-14T13:59:17,dgr6
https://npp.gov.in/public-reports/cea/daily/dgr/10-03-2025/dgr6-2025-03-10.xls,2025/2025-03-10_dgr6.xls,200,18944,ed5356d0ed0cb86500a991a2ace9818a054628af638013a8e42d61cbadca491e,2026-09-14T13:59:18,dgr6
https://npp.gov.in/public-reports/cea/daily/dgr/11-03-2025/dgr6-2025-03-11.xls,2025/2025-03-11_dgr6.xls,200,18944,59c2cdcaa294a45cb25fda242a9b881bc3b45cec01439f5459834bb98ee37976,2026-09-14T13:59:18,dgr6
https://npp.gov.in/public-reports/cea/daily/dgr/12-03-2025/dgr6-2025-03-12.xls,2025/2025-03-12_dgr6.xls,200,18944,77dc3cb75c27bd00618024371f6b0f9f462ee336a05d709fceeea466066cf4dd,2026-09-14T13:59:19,dgr6
https://npp.gov.in/public-reports/cea/daily/dgr/13-03-2025/dgr6-2025-03-13.xls,2025/2025-03-13_dgr6.xls,200,18944,3956fbc1c506cd01fd218dfae1ad05a1b170a5b3c3fb2eb48026b2160df6fbce,2026-09-14T13:59:19,dgr6
https://npp.gov.in/public-reports/cea/daily/dgr/14-03-2025/dgr6-2025-03-14.xls,2025/2025-03-14_dgr6.xls,200,18944,e7cfea035a68645519b0714214be43185a29d6dec0693a75a32fb469ebaa9ec1,2026-09-14T13:59:20,dgr6
https://npp.gov.in/public-reports/cea/daily/dgr/15-03-2025/dgr6-2025-03-15.xls,2025/2025-03-15_dgr6.xls,200,18944,5045dbc64fe1530ccfc49016a68a609784717008aa102d4b804c8baa962510e1,2026-09-14T13:59:20,dgr6
https://npp.gov.in/public-reports/cea/daily/dgr/16-03-2025/dgr6-2025-03-16.xls,2025/2025-03-16_dgr6.xls,200,18944,d317e16ab025bd43d4b72fd8af459ac6bdab8e04e427c8b1466e07e2c37d7858,2026-09-14T13:59:21,dgr6
https://npp.gov.in/public-reports/cea/daily/dgr/17-03-2025/dgr6-2025-03-17.xls,2025/2025-03-17_dgr6.xls,200,18944,bef79e1eccb89e7b8ba2b665fe70a0851b1a01c2f308050c60bed57608fb6fc6,2026-09-14T13:59:21,dgr6
https://npp.gov.in/public-reports/cea/daily/dgr/18-03-2025/dgr6-2025-03-18.xls,2025/2025-03-18_dgr6.xls,200,18944,4225b2a58d70a624b3bea8d780398ab3a91277f00ca760938f37980c7d5d26b1,2026-09-14T13:59:22,dgr6
https://npp.gov.in/public-reports/cea/daily/dgr/19-03-2025/dgr6-2025-03-19.xls,2025/2025-03-19_dgr6.xls,200,18944,7233a0ba05f93a3654beb4e82d8e62a7023300a037b82d6649eef67b44c64de0,2026-09-14T13:59:22,dgr6
https://npp.gov.in/public-reports/cea/daily/dgr/20-03-2025/dgr6-2025-03-20.xls,2025/2025-03-20_dgr6.xls,200,18944,05d3ebce23675ae7ba5ea3f7f5f06ffdeed300c6fe62fa5c70bb616ceb018f2a,2026-09-14T13:59:23,dgr6
https://npp.gov.in/public-reports/cea/daily/dgr/21-03-2025/dgr6-2025-03-21.xls,2025/2025-03-21_dgr6.xls,200,18944,6bdbed90dbd35e2483f68c4dd9e55f491156a991ee0fc31d20d82bf84e58aa4a,2026-09-14T13:59:23,dgr6
https://npp.gov.in/public-reports/cea/daily/dgr/22-03-2025/dgr6-2025-03-22.xls,2025/2025-03-22_dgr6.xls,200,18944,28fd5ec51f919ca8069ffa3570ef4c6fc41321f4c697ff72f180584a68ff2c67,2026-09-14T13:59:24,dgr6
https://npp.gov.in/public-reports/cea/daily/dgr/23-03-2025/dgr6-2025-03-23.xls,2025/2025-03-23_dgr6.xls,200,18944,1548f0992baad94e903fd18cd47e5f9f77ee7bb2c5ef7bb98b8bac0825ca3968,2026-09-14T13:59:24,dgr6
https://npp.gov.in/public-reports/cea/daily/dgr/24-03-2025/dgr6-2025-03-24.xls,2025/2025-03-24_dgr6.xls,200,18944,ca22c4264756ab6bc81549a423816b7882678c4b481c04937ae79591c68dbdce,2026-09-14T13:59:25,dgr6
https://npp.gov.in/public-reports/cea/daily/dgr/25-03-2025/dgr6-2025-03-25.xls,2025/2025-03-25_dgr6.xls,200,18944,c4438eb10b5191b92b79d3275f3cc59e62671aa3b08c8541dd1d3250069bb2f6,2026-09-14T13:59:25,dgr6
https://npp.gov.in/public-reports/cea/daily/dgr/26-03-2025/dgr6-2025-03-26.xls,2025/2025-03-26_dgr6.xls,200,18944,786d103e0fd7c4af65d94095ce32389cda5d1f2b95b014ed947ecf848b004236,2026-09-14T13:59:25,dgr6
https://npp.gov.in/public-reports/cea/daily/dgr/27-03-2025/dgr6-2025-03-27.xls,2025/2025-03-27_dgr6.xls,200,18944,f1e8ca9158db57b4d2c9c2684e20a95c17ab09ff77044268127d664a1f88ed4e,2026-09-14T13:59:26,dgr6
https://npp.gov.in/public-reports/cea/daily/dgr/28-03-2025/dgr6-2025-03-28.xls,2025/2025-03-28_dgr6.xls,200,18944,ce878ae24c64cc76a7903ec418a9a12c036a5b599b744d7b34436bd3de197555,2026-09-14T13:59:26,dgr6
https://npp.gov.in/public-reports/cea/daily/dgr/29-03-2025/dgr6-2025-03-29.xls,2025/2025-03-29_dgr6.xls,200,18944,adfeecffb4173d2a9b61c9c9b5dd27a3ab1d7c4f13a83c4a5cc1bb01163d2de9,2026-09-14T13:59:27,dgr6
https://npp.gov.in/public-reports/cea/daily/dgr/30-03-2025/dgr6-2025-03-30.xls,2025/2025-03-30_dgr6.xls,200,18944,4849b4d30b2988d4c7afe06e99079fdc13ea16f2d82782992557288f88075bb8,2026-09-14T13:59:28,dgr6
https://npp.gov.in/public-reports/cea/daily/dgr/31-03-2025/dgr6-2025-03-31.xls,2025/2025-03-31_dgr6.xls,200,18944,a40aa030a629fa2db1717adfc386eca03ba9c2d1fedfe2c369cf96136f842276,2026-09-14T13:59:29,dgr6
https://npp.gov.in/public-reports/cea/daily/dgr/01-04-2025/dgr6-2025-04-01.xls,2025/2025-04-01_dgr6.xls,200,18944,85c656ca555d8fc290e8c7157bc04ef8121c038323b9f08b15084281bcc257dd,2026-09-14T13:59:30,dgr6
https://npp.gov.in/public-reports/cea/daily/dgr/02-04-2025/dgr6-2025-04-02.xls,2025/2025-04-02_dgr6.xls,200,18944,c7098f5081201043e0bfc6761119840184db3967d34f12ab69ba645bf2fa2943,2026-09-14T13:59:31,dgr6
https://npp.gov.in/public-reports/cea/daily/dgr/03-04-2025/dgr6-2025-04-03.xls,2025/2025-04-03_dgr6.xls,200,18944,9280f854312cdffca5a596840df98686666a678ac1d7e7da07b80d6beaf24ce9,2026-09-14T13:59:32,dgr6
https://npp.gov.in/public-reports/cea/daily/dgr/04-04-2025/dgr6-2025-04-04.xls,2025/2025-04-04_dgr6.xls,200,18944,f3f99bbeb4f9bd37d6d85f3275e7d138a9ccc1b665e8505cf45ee55a9f4a7c34,2026-09-14T13:59:33,dgr6
https://npp.gov.in/public-reports/cea/daily/dgr/05-04-2025/dgr6-2025-04-05.xls,2025/2025-04-05_dgr6.xls,200,18944,d52cfe043b34486c5aa628589684df8ea782038b9a0f5a6084803cdbbd0d9a53,2026-09-14T13:59:33,dgr6
https://npp.gov.in/public-reports/cea/daily/dgr/06-04-2025/dgr6-2025-04-06.xls,2025/2025-04-06_dgr6.xls,200,18944,210efcf4ecf426695eb2257bca96db49012db0fed890a16bd8ef7d371feda3d8,2026-09-14T13:59:34,dgr6
https://npp.gov.in/public-reports/cea/daily/dgr/07-04-2025/dgr6-2025-04-07.xls,2025/2025-04-07_dgr6.xls,200,18944,eead29cec3f661c7a705d53dcf5d32d0b2b2337d9443102da5a63dbb1bc3d88c,2026-09-14T13:59:35,dgr6
https://npp.gov.in/public-reports/cea/daily/dgr/08-04-2025/dgr6-2025-04-08.xls,2025/2025-04-08_dgr6.xls,200,18944,33f7d7a81fb655e742d25960c64467c2d162c903c4929de31e8c50af4cf10e37,2026-09-14T13:59:35,dgr6
https://npp.gov.in/public-reports/cea/daily/dgr/09-04-2025/dgr6-2025-04-09.xls,2025/2025-04-09_dgr6.xls,200,18944,fba2fee2fe413a73dc3de952e64451f4f8a23fa3b6edafa33d2e7a89fd34e41c,2026-09-14T13:59:36,dgr6
https://npp.gov.in/public-reports/cea/daily/dgr/10-04-2025/dgr6-2025-04-10.xls,2025/2025-04-10_dgr6.xls,200,18944,fe6f7ee6ae56e2e72b3d40a6fb9244b462f55b7585b7892cf258cb2987eb6e8a,2026-09-14T13:59:37,dgr6
https://npp.gov.in/public-reports/cea/daily/dgr/11-04-2025/dgr6-2025-04-11.xls,2025/2025-04-11_dgr6.xls,200,18944,b0f2e2f27e2aaf7aa23f04461b56c8cbdc9c2aa3b94ccb7e93ae90ef8be3ab71,2026-09-14T13:59:37,dgr6
https://npp.gov.in/public-reports/cea/daily/dgr/12-04-2025/dgr6-2025-04-12.xls,2025/2025-04-12_dgr6.xls,200,18944,b8e08e518920757d3401d0b23d04469214ad8ffe3492367bfe6873fe20499ce8,2026-09-14T13:59:38,dgr6
https://npp.gov.in/public-reports/cea/daily/dgr/13-04-2025/dgr6-2025-04-13.xls,2025/2025-04-13_dgr6.xls,200,18944,684995c69673cac8cf18edfa9bbd4fc1f50bf9d42ad912d4c3b2db287a9c591d,2026-09-14T13:59:39,dgr6
https://npp.gov.in/public-reports/cea/daily/dgr/14-04-2025/dgr6-2025-04-14.xls,2025/2025-04-14_dgr6.xls,200,18944,a1e973704d65dd336866866bf3cd40c809263b35af0a1b4be2d2076f00d30cc0,2026-09-14T13:59:39,dgr6
https://npp.gov.in/public-reports/cea/daily/dgr/15-04-2025/dgr6-2025-04-15.xls,2025/2025-04-15_dgr6.xls,200,20480,3ce0f7b9d026417fb3b32f61d72ac13f41a887025bf21d7681b4301b4a53b959,2026-09-14T13:59:40,dgr6
https://npp.gov.in/public-reports/cea/daily/dgr/16-04-2025/dgr6-2025-04-16.xls,2025/2025-04-16_dgr6.xls,200,20480,4aa9d0b761e05d8a94a555eb039cd7b9dd69cd2d049f94f87dd2c1395c6d1bc4,2026-09-14T13:59:41,dgr6
https://npp.gov.in/public-reports/cea/daily/dgr/17-04-2025/dgr6-2025-04-17.xls,2025/2025-04-17_dgr6.xls,200,20480,9e2a93a2b133ecde46a5ed6f0bf3d4b47fc03fdd653a4da21c65ce9bc407c576,2026-09-14T13:59:41,dgr6
https://npp.gov.in/public-reports/cea/daily/dgr/18-04-2025/dgr6-2025-04-18.xls,2025/2025-04-18_dgr6.xls,200,20480,e79e5b5539c70641a64aba7eb4fdbf6a229a96dc4ca0221737670f8317ebf866,2026-09-14T13:59:42,dgr6
https://npp.gov.in/public-reports/cea/daily/dgr/19-04-2025/dgr6-2025-04-19.xls,2025/2025-04-19_dgr6.xls,200,20480,2d4846e92da82041d1a7bb874fa8c473977edc4d93b242579b48e492528f85a1,2026-09-14T13:59:43,dgr6
https://npp.gov.in/public-reports/cea/daily/dgr/20-04-2025/dgr6-2025-04-20.xls,2025/2025-04-20_dgr6.xls,200,20480,a5d21add0ac43532fc93570db90633f2b8d46194a5af924ec20caac7e0888acd,2026-09-14T13:59:43,dgr6
https://npp.gov.in/public-reports/cea/daily/dgr/21-04-2025/dgr6-2025-04-21.xls,2025/2025-04-21_dgr6.xls,200,20480,2324b38575320cbea1da64ff926d78f962568c83aedd21dc756f05a25e4bd022,2026-09-14T13:59:44,dgr6
https://npp.gov.in/public-reports/cea/daily/dgr/22-04-2025/dgr6-2025-04-22.xls,2025/2025-04-22_dgr6.xls,200,20480,a8d77f4827f4246cf7c064bede1a1bf91ebcb99f3a8608f5069597c1a906fa74,2026-09-14T13:59:44,dgr6
https://npp.gov.in/public-reports/cea/daily/dgr/23-04-2025/dgr6-2025-04-23.xls,2025/2025-04-23_dgr6.xls,200,20480,b3f013dbe7f02a55a00988ccce8fe170cb74a596248a6ba4d67253d8067a9de1,2026-09-14T13:59:45,dgr6
https://npp.gov.in/public-reports/cea/daily/dgr/24-04-2025/dgr6-2025-04-24.xls,2025/2025-04-24_dgr6.xls,200,20480,49e2a3f4658d99f601a6427c729c45b1ec70c5573c2ab06c7e7b36ca44ddedd3,2026-09-14T13:59:46,dgr6
https://npp.gov.in/public-reports/cea/daily/dgr/25-04-2025/dgr6-2025-04-25.xls,2025/2025-04-25_dgr6.xls,200,20480,160b79d2b59f6bc64385c2e3adba32b66d70e1e478f9de984807289801dd8bb6,2026-09-14T13:59:46,dgr6
https://npp.gov.in/public-reports/cea/daily/dgr/26-04-2025/dgr6-2025-04-26.xls,2025/2025-04-26_dgr6.xls,200,20480,3520397b711dd394d90385e0e03ba2e56760722fc76bdea6507fc88e1da9b1d1,2026-09-14T13:59:47,dgr6
https://npp.gov.in/public-reports/cea/daily/dgr/27-04-2025/dgr6-2025-04-27.xls,2025/2025-04-27_dgr6.xls,200,20480,80a0acb5c6f4faf16010134b8ffed4b187df9817894857fb17c80a9dba4cb87b,2026-09-14T13:59:47,dgr6
https://npp.gov.in/public-reports/cea/daily/dgr/28-04-2025/dgr6-2025-04-28.xls,2025/2025-04-28_dgr6.xls,200,20480,4230848e61633d579a01806d462fc308bd5390e7cff87461e187ad13d52e3e1a,2026-09-14T13:59:48,dgr6
https://npp.gov.in/public-reports/cea/daily/dgr/29-04-2025/dgr6-2025-04-29.xls,2025/2025-04-29_dgr6.xls,200,20480,4e134c564c86e12f922a6eb5590dd93ed31648cb2f56445b38c7a2731a56fa46,2026-09-14T13:59:48,dgr6
https://npp.gov.in/public-reports/cea/daily/dgr/30-04-2025/dgr6-2025-04-30.xls,2025/2025-04-30_dgr6.xls,200,20480,b208b02b11278525b69d41951715ed984401f20cc097b31c750186d012d6d22c,2026-09-14T13:59:49,dgr6
https://npp.gov.in/public-reports/cea/daily/dgr/01-05-2025/dgr6-2025-05-01.xls,2025/2025-05-01_dgr6.xls,200,20480,d1f1fb31441376bff768276ff92815725a72a05ef678a7bffaca06fa168cd87a,2026-09-14T13:59:49,dgr6
https://npp.gov.in/public-reports/cea/daily/dgr/02-05-2025/dgr6-2025-05-02.xls,2025/2025-05-02_dgr6.xls,200,20480,0ddd62587b7db8af05a7d3bb4daa9334b1c114f785d1d0c193319be4ee5363a8,2026-09-14T13:59:50,dgr6
https://npp.gov.in/public-reports/cea/daily/dgr/03-05-2025/dgr6-2025-05-03.xls,2025/2025-05-03_dgr6.xls,200,20480,31f6ed20c17d8d67bb4ac4e6ec7d28dc6318b4579960c5d32fb3ca713e993a0d,2026-09-14T13:59:50,dgr6
https://npp.gov.in/public-reports/cea/daily/dgr/04-05-2025/dgr6-2025-05-04.xls,2025/2025-05-04_dgr6.xls,200,20480,16e2918eb2f2ae794cdc2cf54a4f3105bc006a6f2a756aa8b55fa0c5217b02a4,2026-09-14T13:59:52,dgr6
https://npp.gov.in/public-reports/cea/daily/dgr/05-05-2025/dgr6-2025-05-05.xls,2025/2025-05-05_dgr6.xls,200,20480,16fb4513aa7c7a9d4c5a3add2c07ac85aec42976b6a316178101ce3a00724e84,2026-09-14T13:59:52,dgr6
https://npp.gov.in/public-reports/cea/daily/dgr/06-05-2025/dgr6-2025-05-06.xls,2025/2025-05-06_dgr6.xls,200,20480,fc3ac867c1a879eed32243d017ae698285e89ed06635df5e94beea64007ad72b,2026-09-14T13:59:53,dgr6
https://npp.gov.in/public-reports/cea/daily/dgr/07-05-2025/dgr6-2025-05-07.xls,2025/2025-05-07_dgr6.xls,200,20480,7d0750dcb08435b796aac227d8c912fdb67ea8f39c1c206df10ef3fb8edf4e0b,2026-09-14T13:59:53,dgr6
https://npp.gov.in/public-reports/cea/daily/dgr/08-05-2025/dgr6-2025-05-08.xls,2025/2025-05-08_dgr6.xls,200,20480,6e768b4d53f8fa9c439f6c6f28829f6c3293976b739528a9c16cf8c6f7c12feb,2026-09-14T13:59:54,dgr6
https://npp.gov.in/public-reports/cea/daily/dgr/09-05-2025/dgr6-2025-05-09.xls,2025/2025-05-09_dgr6.xls,200,20480,7c1398a2a580124fca49e02a61c0459898b506641b396d845fe33d8ebf16a512,2026-09-14T13:59:54,dgr6
https://npp.gov.in/public-reports/cea/daily/dgr/10-05-2025/dgr6-2025-05-10.xls,2025/2025-05-10_dgr6.xls,200,20480,6f91a8f2a1511e6681fb586161e644d7ba60058fe5510956e710ae92cdd4f225,2026-09-14T13:59:55,dgr6
https://npp.gov.in/public-reports/cea/daily/dgr/11-05-2025/dgr6-2025-05-11.xls,2025/2025-05-11_dgr6.xls,200,20480,794a56915278a45b5873a23e10af37d75da885e35263b122a2730f2bf4f72658,2026-09-14T13:59:55,dgr6
https://npp.gov.in/public-reports/cea/daily/dgr/12-05-2025/dgr6-2025-05-12.xls,2025/2025-05-12_dgr6.xls,200,20480,6a39636b6b5118c0da8d366075728678b2037b9b4aa185ec7c9079df8a5732f5,2026-09-14T13:59:55,dgr6
https://npp.gov.in/public-reports/cea/daily/dgr/13-05-2025/dgr6-2025-05-13.xls,2025/2025-05-13_dgr6.xls,200,20480,832746847e215e2f6f01d03839e5d37d58e8616fb5411a5660d2030f3cbf55d7,2026-09-14T13:59:56,dgr6
https://npp.gov.in/public-reports/cea/daily/dgr/14-05-2025/dgr6-2025-05-14.xls,2025/2025-05-14_dgr6.xls,200,20480,ebb04dc14cd0537a19ddcac6f966850135898c947a166a2ad1648c44a71b66fd,2026-09-14T13:59:56,dgr6
https://npp.gov.in/public-reports/cea/daily/dgr/15-05-2025/dgr6-2025-05-15.xls,2025/2025-05-15_dgr6.xls,200,20480,a0d0c98bff07eb50d2561bc84c54a94cdebd47cdac7d661bce93fec270a245cc,2026-09-14T13:59:57,dgr6
https://npp.gov.in/public-reports/cea/daily/dgr/16-05-2025/dgr6-2025-05-16.xls,2025/2025-05-16_dgr6.xls,200,20480,b1877ce4ddda380d1facfea01b83d477b049a2e68a91fe73b6bc853bd62881a0,2026-09-14T13:59:57,dgr6
https://npp.gov.in/public-reports/cea/daily/dgr/17-05-2025/dgr6-2025-05-17.xls,2025/2025-05-17_dgr6.xls,200,20480,83680c607e3a403f46cfd1dc84730705590d49f53f88a3d9fda6e0350a7eb401,2026-09-14T13:59:57,dgr6
https://npp.gov.in/public-reports/cea/daily/dgr/18-05-2025/dgr6-2025-05-18.xls,2025/2025-05-18_dgr6.xls,200,20480,53aafbf3beb26e119bffb24259371e07934515c5df2366b8f86eb67036d2b50d,2026-09-14T13:59:58,dgr6
https://npp.gov.in/public-reports/cea/daily/dgr/19-05-2025/dgr6-2025-05-19.xls,2025/2025-05-19_dgr6.xls,200,20480,a650878ecb17b92dbb7d4e916e54e9cbd3ba8ccd3a8b3084c341a3b2ef1ff7aa,2026-09-14T13:59:58,dgr6
https://npp.gov.in/public-reports/cea/daily/dgr/20-05-2025/dgr6-2025-05-20.xls,2025/2025-05-20_dgr6.xls,200,20480,5f94fb0288591dd70d89bfd0066ce97f588c85166aae6fd0cb678eadad87b88f,2026-09-14T13:59:59,dgr6
https://npp.gov.in/public-reports/cea/daily/dgr/21-05-2025/dgr6-2025-05-21.xls,2025/2025-05-21_dgr6.xls,200,20480,a5a89e04430fa46ef08170becb563833563d71067eec3eec4c9294fb68df87d1,2026-09-14T13:59:59,dgr6
https://npp.gov.in/public-reports/cea/daily/dgr/22-05-2025/dgr6-2025-05-22.xls,2025/2025-05-22_dgr6.xls,200,20480,f199df4cda0e5b9d9c6491dfa705c8ef96ef7f79cad7367f9fcf39b14cad1445,2026-09-14T13:59:59,dgr6
https://npp.gov.in/public-reports/cea/daily/dgr/23-05-2025/dgr6-2025-05-23.xls,2025/2025-05-23_dgr6.xls,200,20480,472782a22905dd77f6d6dc8583c1c453a653fb359d7bfcc2cc99b496386ac93c,2026-09-14T14:00:00,dgr6
https://npp.gov.in/public-reports/cea/daily/dgr/24-05-2025/dgr6-2025-05-24.xls,2025/2025-05-24_dgr6.xls,200,20480,69a24487c8c1e643575410ef504a33190ed455a6fb4fcd4a670bf060f01e3fca,2026-09-14T14:00:00,dgr6
https://npp.gov.in/public-reports/cea/daily/dgr/25-05-2025/dgr6-2025-05-25.xls,2025/2025-05-25_dgr6.xls,200,20480,8e6d6c18e40b024ad5d2b97fa1770bf2795e777dda677f5a9802938a2c9a10ed,2026-09-14T14:00:01,dgr6
https://npp.gov.in/public-reports/cea/daily/dgr/26-05-2025/dgr6-2025-05-26.xls,2025/2025-05-26_dgr6.xls,200,20480,5c891bd16ac5dd3d999c25b7658dae9a8cfd7a978a55a48ff115571b31280827,2026-09-14T14:00:01,dgr6
https://npp.gov.in/public-reports/cea/daily/dgr/27-05-2025/dgr6-2025-05-27.xls,2025/2025-05-27_dgr6.xls,200,20480,ddb8fee6e4a4730d92c4d4a547c0dd4908481bd96e8204ac4baf17ff31c740c2,2026-09-14T14:00:01,dgr6
https://npp.gov.in/public-reports/cea/daily/dgr/28-05-2025/dgr6-2025-05-28.xls,2025/2025-05-28_dgr6.xls,200,20480,36ab9a8f9f80a4323fd890365564aeb20e692db250e99b1899afe5f0321e68fe,2026-09-14T14:00:02,dgr6
https://npp.gov.in/public-reports/cea/daily/dgr/29-05-2025/dgr6-2025-05-29.xls,2025/2025-05-29_dgr6.xls,200,20480,c3421246f7f7b2b68a01d652ea52cec01347ed0b2e864e2423a843443f05cc7f,2026-09-14T14:00:03,dgr6
https://npp.gov.in/public-reports/cea/daily/dgr/30-05-2025/dgr6-2025-05-30.xls,2025/2025-05-30_dgr6.xls,200,20480,0176c5bf0a6f2f7b13013eb4b150cf17634edbd28f338672493fa662cbd12076,2026-09-14T14:00:04,dgr6
https://npp.gov.in/public-reports/cea/daily/dgr/31-05-2025/dgr6-2025-05-31.xls,2025/2025-05-31_dgr6.xls,200,20480,c40e591261e991dc0fb12d3e973a12b681568e0fe67a0406b0de60554d40376e,2026-09-14T14:00:04,dgr6
https://npp.gov.in/public-reports/cea/daily/dgr/01-06-2025/dgr6-2025-06-01.xls,2025/2025-06-01_dgr6.xls,200,20480,c99db993bcac24340f977fe95328373e673d7cde04807bb4e3109517d51ca3c3,2026-09-14T14:00:04,dgr6
https://npp.gov.in/public-reports/cea/daily/dgr/02-06-2025/dgr6-2025-06-02.xls,2025/2025-06-02_dgr6.xls,200,20480,f04be002dd9793866a2a21fad83107e0b9a6d0fc4087b6638ffa5d2cfd45df79,2026-09-14T14:00:05,dgr6
https://npp.gov.in/public-reports/cea/daily/dgr/03-06-2025/dgr6-2025-06-03.xls,2025/2025-06-03_dgr6.xls,200,20480,4f7a46669e7262f906a6b447bac2be321179089fd2dd86a061ee8a7d86f734e2,2026-09-14T14:00:06,dgr6
https://npp.gov.in/public-reports/cea/daily/dgr/04-06-2025/dgr6-2025-06-04.xls,2025/2025-06-04_dgr6.xls,200,20480,572d7a86eef87d9f37a0e92e7668e3bd50f251366074daaa098269ea74874df5,2026-09-14T14:00:06,dgr6
https://npp.gov.in/public-reports/cea/daily/dgr/05-06-2025/dgr6-2025-06-05.xls,2025/2025-06-05_dgr6.xls,200,20480,4d32452f648bdc2a90de2044d44b67e3787b9019fcafc7420928f336e193ed4b,2026-09-14T14:00:06,dgr6
https://npp.gov.in/public-reports/cea/daily/dgr/06-06-2025/dgr6-2025-06-06.xls,2025/2025-06-06_dgr6.xls,200,20480,b808a6ce8d5e44c7c8c2d8a5e77853a66b39f7c82e4235bd63db8afe9cdf0b0c,2026-09-14T14:00:07,dgr6
https://npp.gov.in/public-reports/cea/daily/dgr/07-06-2025/dgr6-2025-06-07.xls,2025/2025-06-07_dgr6.xls,200,20480,298d5f9a93d798604d90c92be7515fd69fba01099f39d3e12a887831b755958a,2026-09-14T14:00:07,dgr6
https://npp.gov.in/public-reports/cea/daily/dgr/08-06-2025/dgr6-2025-06-08.xls,2025/2025-06-08_dgr6.xls,200,20480,d1da95a2bdf8337f615b38b6114d49328880329aca6d73d0fd2c3f51ce635e5f,2026-09-14T14:00:08,dgr6
https://npp.gov.in/public-reports/cea/daily/dgr/09-06-2025/dgr6-2025-06-09.xls,2025/2025-06-09_dgr6.xls,200,20480,50fe6a613097d46a851b45e786366e98be58fc1e12373d53b7d7e544729fc7d0,2026-09-14T14:00:08,dgr6
https://npp.gov.in/public-reports/cea/daily/dgr/10-06-2025/dgr6-2025-06-10.xls,2025/2025-06-10_dgr6.xls,200,20480,f1e37ad82521981ef1f3990724d1664c85a46183e42d9d960784587dcb2a33b5,2026-09-14T14:00:08,dgr6
https://npp.gov.in/public-reports/cea/daily/dgr/11-06-2025/dgr6-2025-06-11.xls,2025/2025-06-11_dgr6.xls,200,20480,11da2096fcbc7e479126b351f76fa7a8d152c90893957d8b552648f10c466c39,2026-09-14T14:00:09,dgr6
https://npp.gov.in/public-reports/cea/daily/dgr/12-06-2025/dgr6-2025-06-12.xls,2025/2025-06-12_dgr6.xls,200,20480,29437758f87ffe38b0c2ac68ec5ed7dc6a8b11496f2bf36b9fd3214d4875dac1,2026-09-14T14:00:09,dgr6
https://npp.gov.in/public-reports/cea/daily/dgr/13-06-2025/dgr6-2025-06-13.xls,2025/2025-06-13_dgr6.xls,200,20480,a6a7afa324e06fec04e7bfc8ce9192b8d66449936d25ee0f8d7b55550b3a568d,2026-09-14T14:00:10,dgr6
https://npp.gov.in/public-reports/cea/daily/dgr/14-06-2025/dgr6-2025-06-14.xls,2025/2025-06-14_dgr6.xls,200,20480,640f1f83f52add32463662285b7c68e5488e3ead8246e8e29de54b0d60f82d98,2026-09-14T14:00:10,dgr6
https://npp.gov.in/public-reports/cea/daily/dgr/15-06-2025/dgr6-2025-06-15.xls,2025/2025-06-15_dgr6.xls,200,20480,5b6ced06488ee7757be1b9e3ce7d9849d7e5b1d63051bcb105cdf714b60c72fd,2026-09-14T14:00:10,dgr6
https://npp.gov.in/public-reports/cea/daily/dgr/16-06-2025/dgr6-2025-06-16.xls,2025/2025-06-16_dgr6.xls,200,20480,4ccb4528fb0d23937e4e7c009cb958d6c2b9201c34320b6925e0a88efbc7a545,2026-09-14T14:00:11,dgr6
https://npp.gov.in/public-reports/cea/daily/dgr/17-06-2025/dgr6-2025-06-17.xls,2025/2025-06-17_dgr6.xls,200,20480,b8396371f7f10264fe3ba8617f89834debb3c356d25bde1278b8932c9d514d05,2026-09-14T14:00:11,dgr6
https://npp.gov.in/public-reports/cea/daily/dgr/18-06-2025/dgr6-2025-06-18.xls,2025/2025-06-18_dgr6.xls,200,20480,c12d625dee59802911147afb6e9ef9d07dfdad9c58656e7a6c983cc10cc52cf1,2026-09-14T14:00:12,dgr6
https://npp.gov.in/public-reports/cea/daily/dgr/19-06-2025/dgr6-2025-06-19.xls,2025/2025-06-19_dgr6.xls,200,20480,42b269095666e47e03a119eb6e341e040e95af4a35b4021b6fcff23e32889cc8,2026-09-14T14:00:12,dgr6
https://npp.gov.in/public-reports/cea/daily/dgr/20-06-2025/dgr6-2025-06-20.xls,2025/2025-06-20_dgr6.xls,200,20480,a3130ab20e87d4cdfdd70ddd01ec764461f0fd2ed976df95f50e39da623e3bb0,2026-09-14T14:00:13,dgr6
https://npp.gov.in/public-reports/cea/daily/dgr/21-06-2025/dgr6-2025-06-21.xls,2025/2025-06-21_dgr6.xls,200,20480,7a76593ded511e77406b347b500f90bb94f9646bbff6f8052b83d1fe06fbe036,2026-09-14T14:00:13,dgr6
https://npp.gov.in/public-reports/cea/daily/dgr/22-06-2025/dgr6-2025-06-22.xls,2025/2025-06-22_dgr6.xls,200,20480,579d60ff38fed3b135e0256bd94abc2bd676c36af7d04fd9ca02104da0a59ead,2026-09-14T14:00:13,dgr6
https://npp.gov.in/public-reports/cea/daily/dgr/23-06-2025/dgr6-2025-06-23.xls,2025/2025-06-23_dgr6.xls,200,20480,43fba74e3a6bfb039d39aa47cf11766fa4245c1a7a0951080767cb4b2471da94,2026-09-14T14:00:14,dgr6
https://npp.gov.in/public-reports/cea/daily/dgr/24-06-2025/dgr6-2025-06-24.xls,2025/2025-06-24_dgr6.xls,200,20480,cfa1a03fcd273059e63a79847287a1d803c9543df7042edb1789a4e2c3b3c632,2026-09-14T14:00:14,dgr6
https://npp.gov.in/public-reports/cea/daily/dgr/25-06-2025/dgr6-2025-06-25.xls,2025/2025-06-25_dgr6.xls,200,20480,6a1fb168830ce09864d6461cb2f8b8ee7cfa9019709eadd815f66d3832871e9c,2026-09-14T14:00:15,dgr6
https://npp.gov.in/public-reports/cea/daily/dgr/26-06-2025/dgr6-2025-06-26.xls,2025/2025-06-26_dgr6.xls,200,20480,db1d6d058c8996d7356f481f79cd7986c9eb8201a2e19800d22cf3bc715b8326,2026-09-14T14:00:15,dgr6
https://npp.gov.in/public-reports/cea/daily/dgr/27-06-2025/dgr6-2025-06-27.xls,2025/2025-06-27_dgr6.xls,200,20480,51df7c69d550a64c26cee4877ee0dbce49c4d552abd0bb95c106736edcc8a49e,2026-09-14T14:00:15,dgr6
https://npp.gov.in/public-reports/cea/daily/dgr/28-06-2025/dgr6-2025-06-28.xls,2025/2025-06-28_dgr6.xls,200,20480,1f1faf280571edc8bc0386e833f9ab9c9bb09d3a505a6e66e59f61f8c3eefd8d,2026-09-14T14:00:16,dgr6
https://npp.gov.in/public-reports/cea/daily/dgr/29-06-2025/dgr6-2025-06-29.xls,2025/2025-06-29_dgr6.xls,200,20480,a48f3673485972e2e07325fac1b46ee8e761df1fe6e13ca740076756edebbf0f,2026-09-14T14:00:16,dgr6
https://npp.gov.in/public-reports/cea/daily/dgr/30-06-2025/dgr6-2025-06-30.xls,2025/2025-06-30_dgr6.xls,200,20480,3610a5f54c9a7a032c27a79fc4f122f8a9aba8bb3e907e4ced69a39bc5511b3b,2026-09-14T14:00:17,dgr6
https://npp.gov.in/public-reports/cea/daily/dgr/01-07-2025/dgr6-2025-07-01.xls,2025/2025-07-01_dgr6.xls,200,20480,7564123d0dd6b1d5a102a261e3ee2c2bdd7e66724cc76beb3001faa1263945d6,2026-09-14T14:00:17,dgr6
https://npp.gov.in/public-reports/cea/daily/dgr/02-07-2025/dgr6-2025-07-02.xls,2025/2025-07-02_dgr6.xls,200,20480,d19ef8b99371c43720398cf39f33660f5ea66eedb411534b3c762b72bfd99556,2026-09-14T14:00:18,dgr6
https://npp.gov.in/public-reports/cea/daily/dgr/03-07-2025/dgr6-2025-07-03.xls,2025/2025-07-03_dgr6.xls,200,20480,8f44c32472017e21e7ca114c1946a80ed7de7d66311b92f000bd5377fee4b9aa,2026-09-14T14:00:18,dgr6
https://npp.gov.in/public-reports/cea/daily/dgr/04-07-2025/dgr6-2025-07-04.xls,2025/2025-07-04_dgr6.xls,200,20480,8698701d5e5b53b86a606e18940f54ac59088a7ec6190f7c48d30bdd143dd263,2026-09-14T14:00:18,dgr6
https://npp.gov.in/public-reports/cea/daily/dgr/05-07-2025/dgr6-2025-07-05.xls,2025/2025-07-05_dgr6.xls,200,20480,2e6a27689b70b86e5c41621445afa240e8c47cf661d366d77050c0050517f2dc,2026-09-14T14:00:19,dgr6
https://npp.gov.in/public-reports/cea/daily/dgr/06-07-2025/dgr6-2025-07-06.xls,2025/2025-07-06_dgr6.xls,200,20480,396283fba25b627c2f38c5785595dc1af0370091013b2b37b33d355f45d56042,2026-09-14T14:00:19,dgr6
https://npp.gov.in/public-reports/cea/daily/dgr/07-07-2025/dgr6-2025-07-07.xls,2025/2025-07-07_dgr6.xls,200,20480,c79aea769c4b45a60ca80e02087c8e1d369705cc9f04e85cab178786e2095d9d,2026-09-14T14:00:20,dgr6
https://npp.gov.in/public-reports/cea/daily/dgr/08-07-2025/dgr6-2025-07-08.xls,2025/2025-07-08_dgr6.xls,200,20480,34916cf5511a1a0d0ab6e162c0a139590f86961f701700dfd82ce865785a291d,2026-09-14T14:00:20,dgr6
https://npp.gov.in/public-reports/cea/daily/dgr/09-07-2025/dgr6-2025-07-09.xls,2025/2025-07-09_dgr6.xls,200,20480,a500c66f2b769f4e464ebf95d1535d202f123c5495ab68e4056afc81c2312eff,2026-09-14T14:00:21,dgr6
https://npp.gov.in/public-reports/cea/daily/dgr/10-07-2025/dgr6-2025-07-10.xls,2025/2025-07-10_dgr6.xls,200,20480,20d53066e221edbfdbd2bd2516000dd161b9cd4aa62f50382726bb86dd4b150d,2026-09-14T14:00:21,dgr6
https://npp.gov.in/public-reports/cea/daily/dgr/11-07-2025/dgr6-2025-07-11.xls,2025/2025-07-11_dgr6.xls,200,20480,3e961b518a714df65e0d51627066cbe6d67f3b178acbdffa5479e469a9a1847b,2026-09-14T14:00:22,dgr6
https://npp.gov.in/public-reports/cea/daily/dgr/12-07-2025/dgr6-2025-07-12.xls,2025/2025-07-12_dgr6.xls,200,20480,18a770ea32c5e32fad9c87c4b89663a81abbd8a8e729adbc5046cbbdf6a86788,2026-09-14T14:00:22,dgr6
https://npp.gov.in/public-reports/cea/daily/dgr/13-07-2025/dgr6-2025-07-13.xls,2025/2025-07-13_dgr6.xls,200,20480,1af0b0927b5680ad4a963ca26281779c709640ed79a32113d7b4988a9e539b0b,2026-09-14T14:00:22,dgr6
https://npp.gov.in/public-reports/cea/daily/dgr/14-07-2025/dgr6-2025-07-14.xls,2025/2025-07-14_dgr6.xls,200,20480,cf5d7a8e4f6fedbc54228c26e1ed78e31c0733f36b9f33d96fefa463e3383793,2026-09-14T14:00:23,dgr6
https://npp.gov.in/public-reports/cea/daily/dgr/15-07-2025/dgr6-2025-07-15.xls,2025/2025-07-15_dgr6.xls,200,19968,d4d842fa7753620c57bccdb53b8e087ab0f88b2a6bb6c8682d46f5098ba291e7,2026-09-14T14:00:23,dgr6
https://npp.gov.in/public-reports/cea/daily/dgr/16-07-2025/dgr6-2025-07-16.xls,2025/2025-07-16_dgr6.xls,200,19968,e0a104db2b359e1ed64401ff8f58a0a81be3092ecbef882104c19de8740c012c,2026-09-14T14:00:24,dgr6
https://npp.gov.in/public-reports/cea/daily/dgr/17-07-2025/dgr6-2025-07-17.xls,2025/2025-07-17_dgr6.xls,200,19968,2e52ffeaff4708c94dd9c9d5e769265d327c1ac5966d301cfcc8cd955aa65100,2026-09-14T14:00:24,dgr6
https://npp.gov.in/public-reports/cea/daily/dgr/18-07-2025/dgr6-2025-07-18.xls,2025/2025-07-18_dgr6.xls,200,19968,ac83ed128197fe874799f549acb30267e5a58be2404ad277a47937ea7c115197,2026-09-14T14:00:24,dgr6
https://npp.gov.in/public-reports/cea/daily/dgr/19-07-2025/dgr6-2025-07-19.xls,2025/2025-07-19_dgr6.xls,200,19968,37856d76e91815611cb6eed6e92f250eb4ce059583fccf1169dfb62c9b7d2482,2026-09-14T14:00:25,dgr6
https://npp.gov.in/public-reports/cea/daily/dgr/20-07-2025/dgr6-2025-07-20.xls,2025/2025-07-20_dgr6.xls,200,19968,db6284dfdb5f2ec20b37f23c2d3e5f67e783e8c9d963b041a01f411d4b7ea9f2,2026-09-14T14:00:25,dgr6
https://npp.gov.in/public-reports/cea/daily/dgr/21-07-2025/dgr6-2025-07-21.xls,2025/2025-07-21_dgr6.xls,200,19968,e4d1e61db536654349a105498536010df8b5c1be054fd2eba5700628202e8eb1,2026-09-14T14:00:25,dgr6
https://npp.gov.in/public-reports/cea/daily/dgr/22-07-2025/dgr6-2025-07-22.xls,2025/2025-07-22_dgr6.xls,200,19968,585d8a5e0c4f136f2e5d5bff78e07a11c95cffb9bdb702c77631a476c476b9c2,2026-09-14T14:00:26,dgr6
https://npp.gov.in/public-reports/cea/daily/dgr/23-07-2025/dgr6-2025-07-23.xls,2025/2025-07-23_dgr6.xls,200,19968,b77522d90da25dbe61945a0951f75b91c3c50b21250e88cb67f7b43583eaab99,2026-09-14T14:00:26,dgr6
https://npp.gov.in/public-reports/cea/daily/dgr/24-07-2025/dgr6-2025-07-24.xls,2025/2025-07-24_dgr6.xls,200,19968,2370e1a5ff0747c75c50e220d8a158ba09e9623b87955c751d4627340a881e31,2026-09-14T14:00:27,dgr6
https://npp.gov.in/public-reports/cea/daily/dgr/25-07-2025/dgr6-2025-07-25.xls,2025/2025-07-25_dgr6.xls,200,19968,85e8d6d90eb1d0aa7acfafe91e03eba5ab47c99c2007122496679d2ca703ce3d,2026-09-14T14:00:28,dgr6
https://npp.gov.in/public-reports/cea/daily/dgr/26-07-2025/dgr6-2025-07-26.xls,2025/2025-07-26_dgr6.xls,200,19968,2afbd58bcb7e268d938a8485d5a9e972e7b43af9eea244e1ca83a3429406ee30,2026-09-14T14:00:28,dgr6
https://npp.gov.in/public-reports/cea/daily/dgr/27-07-2025/dgr6-2025-07-27.xls,2025/2025-07-27_dgr6.xls,200,19968,2cdfa6f4dace4f9f9fc1802007e4c6b7078db9bcccab56253b60b68d3b94ed40,2026-09-14T14:00:28,dgr6
https://npp.gov.in/public-reports/cea/daily/dgr/28-07-2025/dgr6-2025-07-28.xls,2025/2025-07-28_dgr6.xls,200,19968,2ee8290887842f749c10842dbcdef92a01dc2954dc4b19edc6907ca21d3c7859,2026-09-14T14:00:29,dgr6
https://npp.gov.in/public-reports/cea/daily/dgr/29-07-2025/dgr6-2025-07-29.xls,2025/2025-07-29_dgr6.xls,200,19968,bcb6a3b9fd9c0134667b4e6247afe074ec44af26692691f04b65e7a54eda0290,2026-09-14T14:00:29,dgr6
https://npp.gov.in/public-reports/cea/daily/dgr/30-07-2025/dgr6-2025-07-30.xls,2025/2025-07-30_dgr6.xls,200,19968,059029aaeffcd76a3adda99bf04b970984fdc70b37fbb1639fc17a8a61f07a98,2026-09-14T14:00:30,dgr6
https://npp.gov.in/public-reports/cea/daily/dgr/31-07-2025/dgr6-2025-07-31.xls,2025/2025-07-31_dgr6.xls,200,19968,32c7532403ab3e72ea5dc1a4b1e4c712b45541beea6e97bc233a524f05a6a6e6,2026-09-14T14:00:30,dgr6
https://npp.gov.in/public-reports/cea/daily/dgr/01-08-2025/dgr6-2025-08-01.xls,2025/2025-08-01_dgr6.xls,200,19968,6c39791b3d98571e384d3d06b9bb986f7308101e054b085155c8186c8f063b80,2026-09-14T14:00:30,dgr6
https://npp.gov.in/public-reports/cea/daily/dgr/02-08-2025/dgr6-2025-08-02.xls,2025/2025-08-02_dgr6.xls,200,19968,7f3fc696c418b0403581f648c1bef288ae7f8eab4b33fc4a6b044846c4b7df5d,2026-09-14T14:00:31,dgr6
https://npp.gov.in/public-reports/cea/daily/dgr/03-08-2025/dgr6-2025-08-03.xls,2025/2025-08-03_dgr6.xls,200,19968,06e0c0d110bd5ea42abee2536276271d334b4a21553e95539f74b8c2436d50b5,2026-09-14T14:00:31,dgr6
https://npp.gov.in/public-reports/cea/daily/dgr/04-08-2025/dgr6-2025-08-04.xls,2025/2025-08-04_dgr6.xls,200,19968,b84b7d3187aae2b41d5396079cec16caaf78da8de3ccce8fb79540a1a68793a4,2026-09-14T14:00:31,dgr6
https://npp.gov.in/public-reports/cea/daily/dgr/05-08-2025/dgr6-2025-08-05.xls,2025/2025-08-05_dgr6.xls,200,19968,d803125028d149ef20e10f68db55a3b85a4fb0cf35200102ea6d096a8ddba55a,2026-09-14T14:00:32,dgr6
https://npp.gov.in/public-reports/cea/daily/dgr/06-08-2025/dgr6-2025-08-06.xls,2025/2025-08-06_dgr6.xls,200,19968,e59d7f4bc7387dee15b07e46defaec7268ee2f6610dd7820e33c301a322add87,2026-09-14T14:00:32,dgr6
https://npp.gov.in/public-reports/cea/daily/dgr/07-08-2025/dgr6-2025-08-07.xls,2025/2025-08-07_dgr6.xls,200,19968,ea5f1c77a4c57587d9acf84e69cc71ae67120506e7107dc9922de62eaecedf7f,2026-09-14T14:00:33,dgr6
https://npp.gov.in/public-reports/cea/daily/dgr/08-08-2025/dgr6-2025-08-08.xls,2025/2025-08-08_dgr6.xls,200,19968,ea3fcb2c116bec52cc6948ddf9eec3e070d976c10e2141c307b8d061b915e691,2026-09-14T14:00:33,dgr6
https://npp.gov.in/public-reports/cea/daily/dgr/09-08-2025/dgr6-2025-08-09.xls,2025/2025-08-09_dgr6.xls,200,19968,b45313128e39fefe3348ac0e769a13dd73eba39d906d49d35a807bd03b6a49ab,2026-09-14T14:00:33,dgr6
https://npp.gov.in/public-reports/cea/daily/dgr/10-08-2025/dgr6-2025-08-10.xls,2025/2025-08-10_dgr6.xls,200,20480,b34ad6db0c88f6c4452fd1825aa262f1a98d67fdaf06824005a9ef5bd326a9fa,2026-09-14T14:00:34,dgr6
https://npp.gov.in/public-reports/cea/daily/dgr/11-08-2025/dgr6-2025-08-11.xls,2025/2025-08-11_dgr6.xls,200,20480,ac748f013fe41a0ecff21f304373106b5e6cd4d697192621d1f533c1eb287491,2026-09-14T14:00:34,dgr6
https://npp.gov.in/public-reports/cea/daily/dgr/12-08-2025/dgr6-2025-08-12.xls,2025/2025-08-12_dgr6.xls,200,20480,dc0d32df0e41f1139df4c4748cb691d4789c7b68de53aa5cbd356038698fb6c4,2026-09-14T14:00:35,dgr6
https://npp.gov.in/public-reports/cea/daily/dgr/13-08-2025/dgr6-2025-08-13.xls,2025/2025-08-13_dgr6.xls,200,20480,df7334253353144320cd1afa94c47480904d2c8c99b5b40ef09801fa7443e326,2026-09-14T14:00:36,dgr6
https://npp.gov.in/public-reports/cea/daily/dgr/14-08-2025/dgr6-2025-08-14.xls,2025/2025-08-14_dgr6.xls,200,20480,1a4f170c7f928e5154d0e5361eae561c5a13c869ba02d4419e158bcbb31d9762,2026-09-14T14:00:36,dgr6
https://npp.gov.in/public-reports/cea/daily/dgr/15-08-2025/dgr6-2025-08-15.xls,2025/2025-08-15_dgr6.xls,200,20480,447e325963a801b799ab07b33847a618295065a11272d7d51ee1dd0569c9c0aa,2026-09-14T14:00:37,dgr6
https://npp.gov.in/public-reports/cea/daily/dgr/16-08-2025/dgr6-2025-08-16.xls,2025/2025-08-16_dgr6.xls,200,20480,9cdfeeede190b36091c5929aa4fe94525f7a56e212b6e7c28879f42f0bea51af,2026-09-14T14:00:37,dgr6
https://npp.gov.in/public-reports/cea/daily/dgr/17-08-2025/dgr6-2025-08-17.xls,2025/2025-08-17_dgr6.xls,200,20480,62744237b4dfce2323dd25eff95dac7bb0a2699b6302b3344e4030f7fe772c5d,2026-09-14T14:00:38,dgr6
https://npp.gov.in/public-reports/cea/daily/dgr/18-08-2025/dgr6-2025-08-18.xls,2025/2025-08-18_dgr6.xls,200,20480,a40d10b51f41a50fe7a4b560dac165c444c23c1f264f7621ef65f7b8a3bf8ee4,2026-09-14T14:00:38,dgr6
https://npp.gov.in/public-reports/cea/daily/dgr/19-08-2025/dgr6-2025-08-19.xls,2025/2025-08-19_dgr6.xls,200,20480,3cf91558cdc42a3074961bbf8e6492de4059b0d6c910019abd1bf5bd9eedf3ab,2026-09-14T14:00:38,dgr6
https://npp.gov.in/public-reports/cea/daily/dgr/20-08-2025/dgr6-2025-08-20.xls,2025/2025-08-20_dgr6.xls,200,20480,1e8f447558edb3fe9da36a261c35f578b795ef94d0a1a500e4de0f951b48981b,2026-09-14T14:00:39,dgr6
https://npp.gov.in/public-reports/cea/daily/dgr/21-08-2025/dgr6-2025-08-21.xls,2025/2025-08-21_dgr6.xls,200,20480,b7929ddb29d41f93f92274cdcaed8093cf61cb170416a781587c880248103183,2026-09-14T14:00:39,dgr6
https://npp.gov.in/public-reports/cea/daily/dgr/22-08-2025/dgr6-2025-08-22.xls,2025/2025-08-22_dgr6.xls,200,20480,c728b3871bcc32b096913711e3a64f93f9516e7ae28b7155e05f1deac690ae00,2026-09-14T14:00:40,dgr6
https://npp.gov.in/public-reports/cea/daily/dgr/23-08-2025/dgr6-2025-08-23.xls,2025/2025-08-23_dgr6.xls,200,20480,f6d17c7ebbce941feb67a6da1244516330a315e1bb0ae5ab400d6d11d1d6ac38,2026-09-14T14:00:40,dgr6
https://npp.gov.in/public-reports/cea/daily/dgr/24-08-2025/dgr6-2025-08-24.xls,2025/2025-08-24_dgr6.xls,200,20480,83503121a15917d249a395ced69e2179617c1c19929af4835b5916635a9469f9,2026-09-14T14:00:40,dgr6
https://npp.gov.in/public-reports/cea/daily/dgr/25-08-2025/dgr6-2025-08-25.xls,2025/2025-08-25_dgr6.xls,200,20480,4117657886a2c3307cc689b48f35a5ff6a387fb3f0daea81b88705b80e0f7adb,2026-09-14T14:00:41,dgr6
https://npp.gov.in/public-reports/cea/daily/dgr/26-08-2025/dgr6-2025-08-26.xls,2025/2025-08-26_dgr6.xls,200,20480,9b69cef54bf2c6b3523acd78879507b79da6163d6fa5d257dd58d41b1b2a3c6e,2026-09-14T14:00:41,dgr6
https://npp.gov.in/public-reports/cea/daily/dgr/27-08-2025/dgr6-2025-08-27.xls,2025/2025-08-27_dgr6.xls,200,20480,9f79fbc275f16f5ee338e2a29b070d2d5b3c93be58faa59c5ac20c19fa8adf2b,2026-09-14T14:00:42,dgr6
https://npp.gov.in/public-reports/cea/daily/dgr/28-08-2025/dgr6-2025-08-28.xls,2025/2025-08-28_dgr6.xls,200,20480,c3b579db2ab05b61151dd7cb68abbd693ecac8b7d75e9ca9b3c52bb4f3735df0,2026-09-14T14:00:42,dgr6
https://npp.gov.in/public-reports/cea/daily/dgr/29-08-2025/dgr6-2025-08-29.xls,2025/2025-08-29_dgr6.xls,200,20480,306617108cdbd1996b5ce3361937b546ad585095ba1eeceea5de91346fb78225,2026-09-14T14:00:42,dgr6
https://npp.gov.in/public-reports/cea/daily/dgr/30-08-2025/dgr6-2025-08-30.xls,2025/2025-08-30_dgr6.xls,200,20480,49237b0278a0c2d34d235163c85c900edef0f975928549361563f7be9ed56e17,2026-09-14T14:00:43,dgr6
https://npp.gov.in/public-reports/cea/daily/dgr/31-08-2025/dgr6-2025-08-31.xls,2025/2025-08-31_dgr6.xls,200,20480,4be35be9e1a36cd5c9bddae24d1da9c6be909273966963736f6316b7ffffa96b,2026-09-14T14:00:43,dgr6
https://npp.gov.in/public-reports/cea/daily/dgr/01-09-2025/dgr6-2025-09-01.xls,2025/2025-09-01_dgr6.xls,200,20480,c656492a536b41fa0fe347a3c32a352bb9306bc1b8941f087aca28d6f148391b,2026-09-14T14:00:43,dgr6
https://npp.gov.in/public-reports/cea/daily/dgr/02-09-2025/dgr6-2025-09-02.xls,2025/2025-09-02_dgr6.xls,200,20480,f47af48b27720f482f752030a5bccafd8bda0736ba33f6f57598a3a0e18c0028,2026-09-14T14:00:44,dgr6
https://npp.gov.in/public-reports/cea/daily/dgr/03-09-2025/dgr6-2025-09-03.xls,2025/2025-09-03_dgr6.xls,200,20480,a30cbb11b1f5470e3c89355d248a05adf254049e16aea41db230e1d9d86f578b,2026-09-14T14:00:44,dgr6
https://npp.gov.in/public-reports/cea/daily/dgr/04-09-2025/dgr6-2025-09-04.xls,2025/2025-09-04_dgr6.xls,200,20480,5661fb22971324c4100ff52d3a208bfb44713d8e07448908f265d2a673d06b9e,2026-09-14T14:00:45,dgr6
https://npp.gov.in/public-reports/cea/daily/dgr/05-09-2025/dgr6-2025-09-05.xls,2025/2025-09-05_dgr6.xls,200,20480,73e32a390566fb8820860408e7835a69661acc86a05336a1e416aa8e5fba969c,2026-09-14T14:00:45,dgr6
https://npp.gov.in/public-reports/cea/daily/dgr/06-09-2025/dgr6-2025-09-06.xls,2025/2025-09-06_dgr6.xls,200,20480,2732ad3c2386014e23cebaa644949cbf0b6a4d9a89ebd67aedb860b013e35112,2026-09-14T14:00:45,dgr6
https://npp.gov.in/public-reports/cea/daily/dgr/07-09-2025/dgr6-2025-09-07.xls,2025/2025-09-07_dgr6.xls,200,20480,89043c2024f0e210c4d1de662b41147830f6c06a1731d3f5f83723c428a423ae,2026-09-14T14:00:46,dgr6
https://npp.gov.in/public-reports/cea/daily/dgr/08-09-2025/dgr6-2025-09-08.xls,2025/2025-09-08_dgr6.xls,200,20480,b639c22fbab2a542ccb74022a108058d13afb0fb33b2cb6b1e6fa7bb06fe9cd5,2026-09-14T14:00:46,dgr6
https://npp.gov.in/public-reports/cea/daily/dgr/09-09-2025/dgr6-2025-09-09.xls,2025/2025-09-09_dgr6.xls,200,20480,6d14bd361014e45b313fc21c0eed33f713c6926f290ab02590cba6a3595338fe,2026-09-14T14:00:47,dgr6
https://npp.gov.in/public-reports/cea/daily/dgr/10-09-2025/dgr6-2025-09-10.xls,2025/2025-09-10_dgr6.xls,200,20480,ba15470c6e55c5ed8a478d31d08acedd0be130f3d79290c856e4105d9b05dfb0,2026-09-14T14:00:47,dgr6
https://npp.gov.in/public-reports/cea/daily/dgr/11-09-2025/dgr6-2025-09-11.xls,2025/2025-09-11_dgr6.xls,200,20480,061e602d1e07c6be129af945d0dea07d60e6d16aacab333d074add64886c0c99,2026-09-14T14:00:47,dgr6
https://npp.gov.in/public-reports/cea/daily/dgr/12-09-2025/dgr6-2025-09-12.xls,2025/2025-09-12_dgr6.xls,200,20480,15bf20bca50067d4a1f794e083f56038560bf062b624c7694fc1eac122ceb575,2026-09-14T14:00:48,dgr6
https://npp.gov.in/public-reports/cea/daily/dgr/13-09-2025/dgr6-2025-09-13.xls,2025/2025-09-13_dgr6.xls,200,20480,0815192b7322f68fca0bdc7493a485a8aa0a2fc87b6f78b5d388b1d31539bf97,2026-09-14T14:00:48,dgr6
https://npp.gov.in/public-reports/cea/daily/dgr/14-09-2025/dgr6-2025-09-14.xls,2025/2025-09-14_dgr6.xls,200,20480,8b9ceb50b807ab23eb3a0a6859929386b28949c21381f9fe8da214aaf995e46c,2026-09-14T14:00:49,dgr6
https://npp.gov.in/public-reports/cea/daily/dgr/15-09-2025/dgr6-2025-09-15.xls,2025/2025-09-15_dgr6.xls,200,20480,c0f09e3eab1dc0eee4f13816810aa3a9126d73fd1f4b9a32c158c45c696d1f0a,2026-09-14T14:00:49,dgr6
https://npp.gov.in/public-reports/cea/daily/dgr/16-09-2025/dgr6-2025-09-16.xls,2025/2025-09-16_dgr6.xls,200,20480,3404d702dd0dabbda753f2a486774690d73dac8b98fc64bf0bd43b3ed3c1b3d5,2026-09-14T14:00:49,dgr6
https://npp.gov.in/public-reports/cea/daily/dgr/17-09-2025/dgr6-2025-09-17.xls,2025/2025-09-17_dgr6.xls,200,20480,68868c449fbadcdac103af3c1c98cf89538d06449a555eae849cac052287ac76,2026-09-14T14:00:50,dgr6
https://npp.gov.in/public-reports/cea/daily/dgr/18-09-2025/dgr6-2025-09-18.xls,2025/2025-09-18_dgr6.xls,200,20480,7f07a6d1e317131ac53229e7180c41e5db838ad293512f281a83951632dffee3,2026-09-14T14:00:50,dgr6
https://npp.gov.in/public-reports/cea/daily/dgr/19-09-2025/dgr6-2025-09-19.xls,2025/2025-09-19_dgr6.xls,200,20480,abfb375776c8ee6022892f59104f3924a30dd1500f0efb6d88ac50b599baceb0,2026-09-14T14:00:51,dgr6
https://npp.gov.in/public-reports/cea/daily/dgr/20-09-2025/dgr6-2025-09-20.xls,2025/2025-09-20_dgr6.xls,200,20480,c5169d7b75443220d194a3163d0b4879cd97050a804b2b687094da3a9a51f060,2026-09-14T14:00:51,dgr6
https://npp.gov.in/public-reports/cea/daily/dgr/21-09-2025/dgr6-2025-09-21.xls,2025/2025-09-21_dgr6.xls,200,20480,efc09d96fde564b53db69f006434db0c143cc9a684f8f843bfd2cdd818710aea,2026-09-14T14:00:52,dgr6
https://npp.gov.in/public-reports/cea/daily/dgr/22-09-2025/dgr6-2025-09-22.xls,2025/2025-09-22_dgr6.xls,200,20480,eaa23d8a91fd0c764a0368d355bca2a57ba6a79ba780b385ccf2eb726d87c198,2026-09-14T14:00:52,dgr6
https://npp.gov.in/public-reports/cea/daily/dgr/23-09-2025/dgr6-2025-09-23.xls,2025/2025-09-23_dgr6.xls,200,20480,18e48b53eafd12ebf6b6f2be8ae2a82a6b9174cfaa83c4289f8d3f7b2c09d07d,2026-09-14T14:00:52,dgr6
https://npp.gov.in/public-reports/cea/daily/dgr/24-09-2025/dgr6-2025-09-24.xls,2025/2025-09-24_dgr6.xls,200,20480,8997f1f3f8a84d8f2f36dd52fea7e66b93bbf4e4d5f11285b9b12312e96c0d6a,2026-09-14T14:00:53,dgr6
https://npp.gov.in/public-reports/cea/daily/dgr/25-09-2025/dgr6-2025-09-25.xls,2025/2025-09-25_dgr6.xls,200,20480,6764db873708544ab27882ab1918d56d7469ba8793078386d57c46c28774882e,2026-09-14T14:00:53,dgr6
https://npp.gov.in/public-reports/cea/daily/dgr/26-09-2025/dgr6-2025-09-26.xls,2025/2025-09-26_dgr6.xls,200,20480,a3cfb3d2ffe2b2baae5c920d9fecf4a5cd2f7d2dab4b16b21597cd375348131f,2026-09-14T14:00:53,dgr6
https://npp.gov.in/public-reports/cea/daily/dgr/27-09-2025/dgr6-2025-09-27.xls,2025/2025-09-27_dgr6.xls,200,20480,7ed6159564acda7b8dc8092bbb260f1773c58b10c96c6bd65155aa195a5ca8c2,2026-09-14T14:00:54,dgr6
https://npp.gov.in/public-reports/cea/daily/dgr/28-09-2025/dgr6-2025-09-28.xls,2025/2025-09-28_dgr6.xls,200,20480,f625aa23019cd38b260cf98264d8150435544d70807dc939eda201d6cd8fabfa,2026-09-14T14:00:54,dgr6
https://npp.gov.in/public-reports/cea/daily/dgr/29-09-2025/dgr6-2025-09-29.xls,2025/2025-09-29_dgr6.xls,200,20480,46242e4c47aac375b7376ed50af342e83a122e91d2405ee1b30b1f9add621825,2026-09-14T14:00:55,dgr6
https://npp.gov.in/public-reports/cea/daily/dgr/30-09-2025/dgr6-2025-09-30.xls,2025/2025-09-30_dgr6.xls,200,20480,f44345958bf2f7a9f7a4107a342da5eb408a7b46a5389b4cd7ac759564690c32,2026-09-14T14:00:55,dgr6
https://npp.gov.in/public-reports/cea/daily/dgr/01-10-2025/dgr6-2025-10-01.xls,2025/2025-10-01_dgr6.xls,200,20480,8ca7fa23b2807dcd36ca3688f5de7fbd46a8c181ca0c4674de7371c59dced503,2026-09-14T14:00:55,dgr6
https://npp.gov.in/public-reports/cea/daily/dgr/02-10-2025/dgr6-2025-10-02.xls,2025/2025-10-02_dgr6.xls,200,20480,360d149464bc9ad00c6b0ae02074a23b0407567913ca018f12891f995b3d33a0,2026-09-14T14:00:56,dgr6
https://npp.gov.in/public-reports/cea/daily/dgr/03-10-2025/dgr6-2025-10-03.xls,2025/2025-10-03_dgr6.xls,200,20480,472226cefbefbd9215df3298214524cbf194aa491f8572231205a27e41b4e46a,2026-09-14T14:00:56,dgr6
https://npp.gov.in/public-reports/cea/daily/dgr/04-10-2025/dgr6-2025-10-04.xls,2025/2025-10-04_dgr6.xls,200,20480,8b720923f99e0f28bcb14a41ec45c6f71b35395563eb3f3d137d2360231d0b58,2026-09-14T14:00:57,dgr6
https://npp.gov.in/public-reports/cea/daily/dgr/05-10-2025/dgr6-2025-10-05.xls,2025/2025-10-05_dgr6.xls,200,20480,8b7d584b198dbb4fc9c362801847bb0c9a329e24113e69d582a331643c57dd03,2026-09-14T14:00:57,dgr6
https://npp.gov.in/public-reports/cea/daily/dgr/06-10-2025/dgr6-2025-10-06.xls,2025/2025-10-06_dgr6.xls,200,20480,fe358160f1ed1b0f0f9ed734a6c3077d630f9049635ce113a72806f0ee7f052b,2026-09-14T14:00:58,dgr6
https://npp.gov.in/public-reports/cea/daily/dgr/07-10-2025/dgr6-2025-10-07.xls,2025/2025-10-07_dgr6.xls,200,20480,8c307a7768f1b3a08c434e793ecffc8442889b72a633818365d7d7067d7f71aa,2026-09-14T14:00:58,dgr6
https://npp.gov.in/public-reports/cea/daily/dgr/08-10-2025/dgr6-2025-10-08.xls,2025/2025-10-08_dgr6.xls,200,20480,0923f907e5b91aeb3ba2ef21873f1499fa1069eab5355cd44f2b28b5c82574c4,2026-09-14T14:00:58,dgr6
https://npp.gov.in/public-reports/cea/daily/dgr/09-10-2025/dgr6-2025-10-09.xls,2025/2025-10-09_dgr6.xls,200,20480,02fe6c18392d6ca34d8f9befc19c923aad6ca02a6ba918e292fe9052451c8b78,2026-09-14T14:00:59,dgr6
https://npp.gov.in/public-reports/cea/daily/dgr/10-10-2025/dgr6-2025-10-10.xls,2025/2025-10-10_dgr6.xls,200,20480,daf5b03949e33476500f2850d137c07b3d7a798261fbd128ccedc3d063f40dbc,2026-09-14T14:00:59,dgr6
https://npp.gov.in/public-reports/cea/daily/dgr/11-10-2025/dgr6-2025-10-11.xls,2025/2025-10-11_dgr6.xls,200,20480,a211166de407afa43644e943ff66d15fe95cefcb6188413301cd151b7778a15b,2026-09-14T14:01:00,dgr6
https://npp.gov.in/public-reports/cea/daily/dgr/12-10-2025/dgr6-2025-10-12.xls,2025/2025-10-12_dgr6.xls,200,20480,8c984903853433c88ac7c36d7e45b63ea47120c53ea4ceb78985513f7151a1d6,2026-09-14T14:01:00,dgr6
https://npp.gov.in/public-reports/cea/daily/dgr/13-10-2025/dgr6-2025-10-13.xls,2025/2025-10-13_dgr6.xls,200,20480,6d17f925ecc4f7e52061c2a708d60552448ede590bc686a7113e532809867763,2026-09-14T14:01:00,dgr6
https://npp.gov.in/public-reports/cea/daily/dgr/14-10-2025/dgr6-2025-10-14.xls,2025/2025-10-14_dgr6.xls,200,20480,653abbc26d2812f80b9d89e60d91d46c9f1a164ded6952f56b24c21b98349332,2026-09-14T14:01:01,dgr6
https://npp.gov.in/public-reports/cea/daily/dgr/15-10-2025/dgr6-2025-10-15.xls,2025/2025-10-15_dgr6.xls,200,20480,72d8b68ce353eb74497908ff67180b86ad85f0f55cc9f01ce7ed51cb15f8b079,2026-09-14T14:01:01,dgr6
https://npp.gov.in/public-reports/cea/daily/dgr/16-10-2025/dgr6-2025-10-16.xls,2025/2025-10-16_dgr6.xls,200,20480,21987db1b5e2cdae66dc0ca029510f7b9def02b76c7bff2bd34c86ba8f0c6526,2026-09-14T14:01:01,dgr6
https://npp.gov.in/public-reports/cea/daily/dgr/17-10-2025/dgr6-2025-10-17.xls,2025/2025-10-17_dgr6.xls,200,20480,63d9293ca6ca6658d4823ca89c75c342320bb66d8654272ec9bd617901c1a9c2,2026-09-14T14:01:02,dgr6
https://npp.gov.in/public-reports/cea/daily/dgr/18-10-2025/dgr6-2025-10-18.xls,2025/2025-10-18_dgr6.xls,200,20480,0a3703c29d5ca4881db06cd1c440d44f4fc10ac529c7af54f6819b41a02e04e8,2026-09-14T14:01:02,dgr6
https://npp.gov.in/public-reports/cea/daily/dgr/19-10-2025/dgr6-2025-10-19.xls,2025/2025-10-19_dgr6.xls,200,20480,bf7cd7bbfc2069cedb3a59ef17bf17f295b21797806b7d9d4b07477733f16fe0,2026-09-14T14:01:03,dgr6
https://npp.gov.in/public-reports/cea/daily/dgr/20-10-2025/dgr6-2025-10-20.xls,2025/2025-10-20_dgr6.xls,200,20480,0b7ec8c0e35b7dc2dc8514d0e755e51a983a703ba673d7833e01406c46296752,2026-09-14T14:01:03,dgr6
https://npp.gov.in/public-reports/cea/daily/dgr/21-10-2025/dgr6-2025-10-21.xls,2025/2025-10-21_dgr6.xls,200,20480,da99a984da3d9b5bdcd1e2b73ee9593f785196cdcc1d34f11fd4655c9c06e498,2026-09-14T14:01:04,dgr6
https://npp.gov.in/public-reports/cea/daily/dgr/22-10-2025/dgr6-2025-10-22.xls,2025/2025-10-22_dgr6.xls,200,20480,ff1cbb065d86c442e27ef933e128202b153f5397b46248d573274940052f7f04,2026-09-14T14:01:04,dgr6
https://npp.gov.in/public-reports/cea/daily/dgr/23-10-2025/dgr6-2025-10-23.xls,2025/2025-10-23_dgr6.xls,200,20480,5f438bde0d0e2b914da05737c048867eed7a7049068cfb5bf6176318ec8e365c,2026-09-14T14:01:04,dgr6
https://npp.gov.in/public-reports/cea/daily/dgr/24-10-2025/dgr6-2025-10-24.xls,2025/2025-10-24_dgr6.xls,200,20480,88fa40f18a4fd808e0042d50cee5eb791afb707aaa1e674f83f7bcc22f3d33e2,2026-09-14T14:01:05,dgr6
https://npp.gov.in/public-reports/cea/daily/dgr/25-10-2025/dgr6-2025-10-25.xls,2025/2025-10-25_dgr6.xls,200,20480,2f36132adaa1d1187d52bb143a1c1af9e0f7af14f215872ce0adb797b54b8290,2026-09-14T14:01:05,dgr6
https://npp.gov.in/public-reports/cea/daily/dgr/26-10-2025/dgr6-2025-10-26.xls,2025/2025-10-26_dgr6.xls,200,20480,d6ab79e1fcbe9525f7744527ad81e03bff66e340482fd9fed6d3542a3b0be52c,2026-09-14T14:01:06,dgr6
https://npp.gov.in/public-reports/cea/daily/dgr/27-10-2025/dgr6-2025-10-27.xls,2025/2025-10-27_dgr6.xls,200,20480,bb640ce20ee67b207cf54c8482e1ded23a0a91219bc2ad4585b2275f4aababba,2026-09-14T14:01:06,dgr6
https://npp.gov.in/public-reports/cea/daily/dgr/28-10-2025/dgr6-2025-10-28.xls,2025/2025-10-28_dgr6.xls,200,20480,61878beb474967434c86501234423e7fa8d6e159c121e68e350e6e2a4891d2d6,2026-09-14T14:01:07,dgr6
https://npp.gov.in/public-reports/cea/daily/dgr/29-10-2025/dgr6-2025-10-29.xls,2025/2025-10-29_dgr6.xls,200,20480,820b2f68c86811dfc3e79a95108629ed5beaa90c9fd5a78535098a90799e674c,2026-09-14T14:01:07,dgr6
https://npp.gov.in/public-reports/cea/daily/dgr/30-10-2025/dgr6-2025-10-30.xls,2025/2025-10-30_dgr6.xls,200,20480,f4956e6baaa7e9a132b062ba24ce98a24f6dd9376887d105377a607ffdf73fa6,2026-09-14T14:01:07,dgr6
https://npp.gov.in/public-reports/cea/daily/dgr/31-10-2025/dgr6-2025-10-31.xls,2025/2025-10-31_dgr6.xls,200,20480,b5e077f72acff08efad2d776586b682871f72c14a35615f3850c22800994e11b,2026-09-14T14:01:08,dgr6
https://npp.gov.in/public-reports/cea/daily/dgr/01-11-2025/dgr6-2025-11-01.xls,2025/2025-11-01_dgr6.xls,200,20480,583c2a1485330e791c64ba2c09b5a2407424e6bb9ca2715c2e1c27cc9334249e,2026-09-14T14:01:08,dgr6
https://npp.gov.in/public-reports/cea/daily/dgr/02-11-2025/dgr6-2025-11-02.xls,2025/2025-11-02_dgr6.xls,200,20480,622f255d678944bf805d50e7419232fef5c7557ad685195259e1982de3fba794,2026-09-14T14:01:08,dgr6
https://npp.gov.in/public-reports/cea/daily/dgr/03-11-2025/dgr6-2025-11-03.xls,2025/2025-11-03_dgr6.xls,200,20480,863bde5c84335d960c9efe6d606a0b944bcdc22e20b58108b41fc817595bca72,2026-09-14T14:01:09,dgr6
https://npp.gov.in/public-reports/cea/daily/dgr/04-11-2025/dgr6-2025-11-04.xls,2025/2025-11-04_dgr6.xls,200,20480,9925f71ce182dbcb2bc13f48d90e52aedf3cc1fee7f3fa7d93ec231875c2f82c,2026-09-14T14:01:09,dgr6
https://npp.gov.in/public-reports/cea/daily/dgr/05-11-2025/dgr6-2025-11-05.xls,2025/2025-11-05_dgr6.xls,200,20480,0f62b19271894ab368f3bc45f0ba6c28100ef59502e02c84d5cc9187335d3bb8,2026-09-14T14:01:10,dgr6
https://npp.gov.in/public-reports/cea/daily/dgr/06-11-2025/dgr6-2025-11-06.xls,2025/2025-11-06_dgr6.xls,200,20480,ade241b64457829e2493dde40bd46b9518f43a81e800b950077a4df226c87468,2026-09-14T14:01:10,dgr6
https://npp.gov.in/public-reports/cea/daily/dgr/07-11-2025/dgr6-2025-11-07.xls,2025/2025-11-07_dgr6.xls,200,20480,fa3922cb5ceeaf009fc2a7ed3723b6dd8273a6ad2fd761d4c9e07ba8f1ddfce9,2026-09-14T14:01:10,dgr6
https://npp.gov.in/public-reports/cea/daily/dgr/08-11-2025/dgr6-2025-11-08.xls,2025/2025-11-08_dgr6.xls,200,20480,dc1acfb811cd7d825f4992472b96eae30ee2dd098d8e8aaf4e044b5e19664b7a,2026-09-14T14:01:11,dgr6
https://npp.gov.in/public-reports/cea/daily/dgr/09-11-2025/dgr6-2025-11-09.xls,2025/2025-11-09_dgr6.xls,200,20480,faa0e7e12ffffff85180a79e7ceb7b74e8902b8fe98035cd052e38d076dd475d,2026-09-14T14:01:11,dgr6
https://npp.gov.in/public-reports/cea/daily/dgr/10-11-2025/dgr6-2025-11-10.xls,2025/2025-11-10_dgr6.xls,200,20480,fb9997108fd7053cf5c54d4e4f3f94e3895a70a191414eb249e14192f5ee35f3,2026-09-14T14:01:12,dgr6
https://npp.gov.in/public-reports/cea/daily/dgr/11-11-2025/dgr6-2025-11-11.xls,2025/2025-11-11_dgr6.xls,200,20480,ff0c11c819f16b56fe3a07aed60e4e9bc4b98351127fc7fcb82b069a6ee05d93,2026-09-14T14:01:12,dgr6
https://npp.gov.in/public-reports/cea/daily/dgr/12-11-2025/dgr6-2025-11-12.xls,2025/2025-11-12_dgr6.xls,200,20480,7d894751f40add055ff057a57fa8dd704e86419f660acb7d9124548fcade87c7,2026-09-14T14:01:13,dgr6
https://npp.gov.in/public-reports/cea/daily/dgr/13-11-2025/dgr6-2025-11-13.xls,2025/2025-11-13_dgr6.xls,200,20480,66b1d3e0b834127133827150ac2645d9d2f11f0c81258e9593a57e8c30fdc48e,2026-09-14T14:01:13,dgr6
https://npp.gov.in/public-reports/cea/daily/dgr/14-11-2025/dgr6-2025-11-14.xls,2025/2025-11-14_dgr6.xls,200,20480,5715553ecca8ba16db2bf52c080c0b01bf656fbfbd2690a55ef2cef58d7aae2a,2026-09-14T14:01:14,dgr6
https://npp.gov.in/public-reports/cea/daily/dgr/15-11-2025/dgr6-2025-11-15.xls,2025/2025-11-15_dgr6.xls,200,20480,1a7c690b2fcefee4755d52165aab91ea0da5d011e9e9c568543ce1480c7b4b20,2026-09-14T14:01:14,dgr6
https://npp.gov.in/public-reports/cea/daily/dgr/16-11-2025/dgr6-2025-11-16.xls,2025/2025-11-16_dgr6.xls,200,20480,941573319e67451b208c47dc05841eb3959390d3f7e2c8706844f4d492c1dbc4,2026-09-14T14:01:15,dgr6
https://npp.gov.in/public-reports/cea/daily/dgr/17-11-2025/dgr6-2025-11-17.xls,2025/2025-11-17_dgr6.xls,200,20480,38b70511c98b183e757113dba540c5fede95986baeeb694f85422ebc5d68299e,2026-09-14T14:01:15,dgr6
https://npp.gov.in/public-reports/cea/daily/dgr/18-11-2025/dgr6-2025-11-18.xls,2025/2025-11-18_dgr6.xls,200,20480,8b8a32b76d3cf889d4490e86e17b7bd4daec4d95f06a5662e4dedd8e7b67e68c,2026-09-14T14:01:15,dgr6
https://npp.gov.in/public-reports/cea/daily/dgr/19-11-2025/dgr6-2025-11-19.xls,2025/2025-11-19_dgr6.xls,200,20480,d15bcbd6660f582c43ce368bdb17faa05214407219fb3327a141671ed8bba5e0,2026-09-14T14:01:16,dgr6
https://npp.gov.in/public-reports/cea/daily/dgr/20-11-2025/dgr6-2025-11-20.xls,2025/2025-11-20_dgr6.xls,200,20480,69296ad4e4c181cef97c29d0f7b29bfe59ae5823c29ac3cf536f492154e57d94,2026-09-14T14:01:17,dgr6
https://npp.gov.in/public-reports/cea/daily/dgr/21-11-2025/dgr6-2025-11-21.xls,2025/2025-11-21_dgr6.xls,200,20480,e8df9ec1d99059a66f5d949f80694520ca001b4d8da883028fdb0a045764ffaa,2026-09-14T14:01:17,dgr6
https://npp.gov.in/public-reports/cea/daily/dgr/22-11-2025/dgr6-2025-11-22.xls,2025/2025-11-22_dgr6.xls,200,20480,e056218400bb8beb831dc91a4a546a9ef767f32b85e615f0285a0e99a20704e5,2026-09-14T14:01:18,dgr6
https://npp.gov.in/public-reports/cea/daily/dgr/23-11-2025/dgr6-2025-11-23.xls,2025/2025-11-23_dgr6.xls,200,20480,d2740ffbb510a5a54eb6a2a9084e7b190c5107803573a074e2c06a8fc9e9f92f,2026-09-14T14:01:18,dgr6
https://npp.gov.in/public-reports/cea/daily/dgr/24-11-2025/dgr6-2025-11-24.xls,2025/2025-11-24_dgr6.xls,200,20480,6a758c287d319ab6f509b49e09c3605f1b8a0360ff13e5175ac10fb44aa994d6,2026-09-14T14:01:19,dgr6
https://npp.gov.in/public-reports/cea/daily/dgr/25-11-2025/dgr6-2025-11-25.xls,2025/2025-11-25_dgr6.xls,200,20480,1ef94486d4d1fed005495297586016c0942c2006ff3d6a95cd3dd8c3ac041296,2026-09-14T14:01:19,dgr6
https://npp.gov.in/public-reports/cea/daily/dgr/26-11-2025/dgr6-2025-11-26.xls,2025/2025-11-26_dgr6.xls,200,20480,ac5be843ebfff4ca243003bd9e1215173d50c72b34822d5ca99149b37e86dc85,2026-09-14T14:01:20,dgr6
https://npp.gov.in/public-reports/cea/daily/dgr/27-11-2025/dgr6-2025-11-27.xls,2025/2025-11-27_dgr6.xls,200,20480,6428092c383c7af14fbc09dd68458ec7439a58f04d17ff1724dc0cf2d43f6763,2026-09-14T14:01:20,dgr6
https://npp.gov.in/public-reports/cea/daily/dgr/28-11-2025/dgr6-2025-11-28.xls,2025/2025-11-28_dgr6.xls,200,20480,b224efcc15a0fa2f33381966d3b6b9e6bbbc67902965086acbd114e1c0a90436,2026-09-14T14:01:20,dgr6
https://npp.gov.in/public-reports/cea/daily/dgr/29-11-2025/dgr6-2025-11-29.xls,2025/2025-11-29_dgr6.xls,200,20480,dd77af8d6e8e62c5f3bd17b7a9bc841b3f4ffa5e6054b89d88c7bb6b18ec4b17,2026-09-14T14:01:21,dgr6
https://npp.gov.in/public-reports/cea/daily/dgr/30-11-2025/dgr6-2025-11-30.xls,2025/2025-11-30_dgr6.xls,200,20480,f3b41140ccb3a81624a99e40e4fb0890b8e51112a83972e1d5c903e436715dfc,2026-09-14T14:01:21,dgr6
https://npp.gov.in/public-reports/cea/daily/dgr/01-12-2025/dgr6-2025-12-01.xls,2025/2025-12-01_dgr6.xls,200,20480,729225c44805d970960448130fcc2ac1c385a8c7bb90d48e19c284a755fdeeb4,2026-09-14T14:01:22,dgr6
https://npp.gov.in/public-reports/cea/daily/dgr/02-12-2025/dgr6-2025-12-02.xls,2025/2025-12-02_dgr6.xls,200,20480,8b80df103c98331a4f73131ef8b56f5567c797818c28cb88dabd199e6423cd77,2026-09-14T14:01:22,dgr6
https://npp.gov.in/public-reports/cea/daily/dgr/03-12-2025/dgr6-2025-12-03.xls,2025/2025-12-03_dgr6.xls,200,20480,3fcb36d46570bd152d1750378bb881ff654844091d7a9da9847920f0bed19074,2026-09-14T14:01:23,dgr6
https://npp.gov.in/public-reports/cea/daily/dgr/04-12-2025/dgr6-2025-12-04.xls,2025/2025-12-04_dgr6.xls,200,20480,e50ff4d8e6e7580919435470b011ce0df0eb99687c096405b501a74b06391afc,2026-09-14T14:01:23,dgr6
https://npp.gov.in/public-reports/cea/daily/dgr/05-12-2025/dgr6-2025-12-05.xls,2025/2025-12-05_dgr6.xls,200,20480,ecee1360f91e459087d4111454c0bebda05ac9c61874995a1844a437c6d5d67c,2026-09-14T14:01:23,dgr6
https://npp.gov.in/public-reports/cea/daily/dgr/06-12-2025/dgr6-2025-12-06.xls,2025/2025-12-06_dgr6.xls,200,20480,19be32f37cf8762bb71b894499a2a471fe2cfa83c8f36ce3fd5a68857f6fc447,2026-09-14T14:01:24,dgr6
https://npp.gov.in/public-reports/cea/daily/dgr/07-12-2025/dgr6-2025-12-07.xls,2025/2025-12-07_dgr6.xls,200,20480,70d67a1c877cd42dbc5f6418f70d3ec37997160eb06d9d8a8da4b6836fbbbb28,2026-09-14T14:01:24,dgr6
https://npp.gov.in/public-reports/cea/daily/dgr/08-12-2025/dgr6-2025-12-08.xls,2025/2025-12-08_dgr6.xls,200,20480,4e7f3a16d9d3b25831eae25a23516ef7201cb77d117d0c4cd9d031ed52ff2386,2026-09-14T14:01:25,dgr6
https://npp.gov.in/public-reports/cea/daily/dgr/09-12-2025/dgr6-2025-12-09.xls,2025/2025-12-09_dgr6.xls,200,20480,962dc2283132ed547a09a6a5ac6622fff45ccd184f1fd12ac929e359ecb305c0,2026-09-14T14:01:26,dgr6
https://npp.gov.in/public-reports/cea/daily/dgr/10-12-2025/dgr6-2025-12-10.xls,2025/2025-12-10_dgr6.xls,200,20480,2e4dd78041e07c86b37c3bf8568b8ac7286b6b42d76ad538dc06642daffecaef,2026-09-14T14:01:27,dgr6
https://npp.gov.in/public-reports/cea/daily/dgr/11-12-2025/dgr6-2025-12-11.xls,2025/2025-12-11_dgr6.xls,200,20480,40c729b9d7301a93f8e1207977175b196318947fe898b2c5d5633dc936087c8a,2026-09-14T14:01:27,dgr6
https://npp.gov.in/public-reports/cea/daily/dgr/12-12-2025/dgr6-2025-12-12.xls,2025/2025-12-12_dgr6.xls,200,20480,d50f7f96ea94a8abec147bfa7c40a28bfdf30cb672336c5f02ed30430eecc043,2026-09-14T14:01:28,dgr6
https://npp.gov.in/public-reports/cea/daily/dgr/13-12-2025/dgr6-2025-12-13.xls,2025/2025-12-13_dgr6.xls,200,20480,0d054d5b8eb795ba4aa02b2d765dc3610b0bb6d0d56cd62cad3da6bfd05802a6,2026-09-14T14:01:28,dgr6
https://npp.gov.in/public-reports/cea/daily/dgr/14-12-2025/dgr6-2025-12-14.xls,2025/2025-12-14_dgr6.xls,200,20480,62e54fc2ec4333069355e17d068037f2c09b4d705bdd619f8e0e2d1ff01cab12,2026-09-14T14:01:29,dgr6
https://npp.gov.in/public-reports/cea/daily/dgr/15-12-2025/dgr6-2025-12-15.xls,2025/2025-12-15_dgr6.xls,200,20480,12939988f493dd2acff2d32ee2c2a8408edbfc61774a2d8e9197afb9a2eeeefd,2026-09-14T14:01:29,dgr6
https://npp.gov.in/public-reports/cea/daily/dgr/16-12-2025/dgr6-2025-12-16.xls,2025/2025-12-16_dgr6.xls,200,20480,cf0995b8c8c2db8f52e464f397ade0f673c721047e3401e035061b41a525df26,2026-09-14T14:01:30,dgr6
https://npp.gov.in/public-reports/cea/daily/dgr/17-12-2025/dgr6-2025-12-17.xls,2025/2025-12-17_dgr6.xls,200,20480,800a5afc88a7c4b9fe0c7f6eca4f5330edca4ed6765cb72c83e4652ab5246afa,2026-09-14T14:01:30,dgr6
https://npp.gov.in/public-reports/cea/daily/dgr/18-12-2025/dgr6-2025-12-18.xls,2025/2025-12-18_dgr6.xls,200,20480,2223ccbf196cef873b206ef2f604fc81571cf63be03b289e11ed73f6028a9b7a,2026-09-14T14:01:30,dgr6
https://npp.gov.in/public-reports/cea/daily/dgr/19-12-2025/dgr6-2025-12-19.xls,2025/2025-12-19_dgr6.xls,200,20480,e10150761bdfdbd199e27f8e147401a718cb252d517d3a7af99a129551871237,2026-09-14T14:01:31,dgr6
https://npp.gov.in/public-reports/cea/daily/dgr/20-12-2025/dgr6-2025-12-20.xls,2025/2025-12-20_dgr6.xls,200,20480,7c39d5024f3c484aa84374cd14d4639de9c96946517313a2fb7435e7fc94c0f6,2026-09-14T14:01:31,dgr6
https://npp.gov.in/public-reports/cea/daily/dgr/21-12-2025/dgr6-2025-12-21.xls,2025/2025-12-21_dgr6.xls,200,20480,8010efcbf76829c2a3e0e534e68eba2c218dfd32b0e5b4038c5e144a32770ab9,2026-09-14T14:01:32,dgr6
https://npp.gov.in/public-reports/cea/daily/dgr/22-12-2025/dgr6-2025-12-22.xls,2025/2025-12-22_dgr6.xls,200,20480,c4aa8fd3b3c817b560c485aac4eafaf9f0422949fb58f0d2d25411fabef32512,2026-09-14T14:01:32,dgr6
https://npp.gov.in/public-reports/cea/daily/dgr/23-12-2025/dgr6-2025-12-23.xls,2025/2025-12-23_dgr6.xls,200,20480,14f7956b8c360a3e3e98b5ea20cda4df569558b3157168fbdf35e4d4c1411cbe,2026-09-14T14:01:32,dgr6
https://npp.gov.in/public-reports/cea/daily/dgr/24-12-2025/dgr6-2025-12-24.xls,2025/2025-12-24_dgr6.xls,200,20480,0f3075cf293474d1820bd635d3fa4d125a6c08254d009f9d177d9d71d20a694b,2026-09-14T14:01:33,dgr6
https://npp.gov.in/public-reports/cea/daily/dgr/25-12-2025/dgr6-2025-12-25.xls,2025/2025-12-25_dgr6.xls,200,20480,1e87febfe14bb2f5c175e589bb69a91cd2b62676eb6c6ca93b5acdbc5e71950c,2026-09-14T14:01:33,dgr6
https://npp.gov.in/public-reports/cea/daily/dgr/26-12-2025/dgr6-2025-12-26.xls,2025/2025-12-26_dgr6.xls,200,20480,9111e12ff56863c08afafac44f46ef6efb64ad036d08879253f09a89073461aa,2026-09-14T14:01:34,dgr6
https://npp.gov.in/public-reports/cea/daily/dgr/27-12-2025/dgr6-2025-12-27.xls,2025/2025-12-27_dgr6.xls,200,20480,ef1f40a3e574108498b0e5135957ef86ea7a4cd5f2ad598c4b3d3e8adb9c0b90,2026-09-14T14:01:34,dgr6
https://npp.gov.in/public-reports/cea/daily/dgr/28-12-2025/dgr6-2025-12-28.xls,2025/2025-12-28_dgr6.xls,200,20480,613f448d725f7f718785a6725d15cb136f6b1cc5ef4060d8eedc8ce19c9ea5f4,2026-09-14T14:01:34,dgr6
https://npp.gov.in/public-reports/cea/daily/dgr/29-12-2025/dgr6-2025-12-29.xls,2025/2025-12-29_dgr6.xls,200,20480,b0487ee20408043870ad5b6b901dd9587c7b9b337f359e966b7b4a904c8643ce,2026-09-14T14:01:35,dgr6
https://npp.gov.in/public-reports/cea/daily/dgr/30-12-2025/dgr6-2025-12-30.xls,2025/2025-12-30_dgr6.xls,200,20480,36fc5b741fe8e4f6ecaeda6be693945adcfe71bb380480769cbb1e1ed17c0006,2026-09-14T14:01:35,dgr6
https://npp.gov.in/public-reports/cea/daily/dgr/31-12-2025/dgr6-2025-12-31.xls,2025/2025-12-31_dgr6.xls,200,20480,6e42bff8ddf8120dce130f2add58e2f3514bbbab3b8a8817aa27a1ba9883e924,2026-09-14T14:01:36,dgr6
https://npp.gov.in/public-reports/cea/daily/dgr/01-01-2026/dgr6-2026-01-01.xls,2026/2026-01-01_dgr6.xls,200,20480,89faa8f60289cb630a3bb79b9f7e4085336cf2d8ba90986ca6a80dc25eebdbb9,2026-09-14T14:01:36,dgr6
https://npp.gov.in/public-reports/cea/daily/dgr/02-01-2026/dgr6-2026-01-02.xls,2026/2026-01-02_dgr6.xls,200,20480,180be98f99ded70584fec4c7423fc0fda672920d43c1c8a7c886ecf9c77e6979,2026-09-14T14:01:36,dgr6
https://npp.gov.in/public-reports/cea/daily/dgr/03-01-2026/dgr6-2026-01-03.xls,2026/2026-01-03_dgr6.xls,200,20480,168dfff6f90f91cf157f7a04443e04b3e8394406dc9a63cb0e56e031d62d8a77,2026-09-14T14:01:37,dgr6
https://npp.gov.in/public-reports/cea/daily/dgr/04-01-2026/dgr6-2026-01-04.xls,2026/2026-01-04_dgr6.xls,200,20480,95d78d2f1ffa288e3977e15a72ed5024f6a183a2a213863b620d188953ad900a,2026-09-14T14:01:37,dgr6
https://npp.gov.in/public-reports/cea/daily/dgr/05-01-2026/dgr6-2026-01-05.xls,2026/2026-01-05_dgr6.xls,200,20480,992bb6b618f03652ea47613ba4e3f060a1ea8cab2f01c166dbe8e558c599719a,2026-09-14T14:01:38,dgr6
https://npp.gov.in/public-reports/cea/daily/dgr/06-01-2026/dgr6-2026-01-06.xls,2026/2026-01-06_dgr6.xls,200,20480,218104d13eb4de919c505f3ef590d6c43e46cfd17056b0d493452ef69de23cb2,2026-09-14T14:01:38,dgr6
https://npp.gov.in/public-reports/cea/daily/dgr/07-01-2026/dgr6-2026-01-07.xls,2026/2026-01-07_dgr6.xls,200,20480,e73d347bbb58b2e6aca83e6ba6da719f3f8188d8fb646fdde46f3d79756cfb8a,2026-09-14T14:01:38,dgr6
https://npp.gov.in/public-reports/cea/daily/dgr/08-01-2026/dgr6-2026-01-08.xls,2026/2026-01-08_dgr6.xls,200,20480,a8f80168ac239c7874d1f517b4f39f3becbdae28ce5a58d61b23f6c2bde067cb,2026-09-14T14:01:39,dgr6
https://npp.gov.in/public-reports/cea/daily/dgr/09-01-2026/dgr6-2026-01-09.xls,2026/2026-01-09_dgr6.xls,200,20480,ca9701d874a20f7850ac626d7d353065a04d990cbab421fce08483161eda2bba,2026-09-14T14:01:39,dgr6
https://npp.gov.in/public-reports/cea/daily/dgr/10-01-2026/dgr6-2026-01-10.xls,2026/2026-01-10_dgr6.xls,200,20480,50eb7956dd52ea12f573ceda3dee9477f254879985c16c6227a7c74ba7f4c484,2026-09-14T14:01:40,dgr6
https://npp.gov.in/public-reports/cea/daily/dgr/11-01-2026/dgr6-2026-01-11.xls,2026/2026-01-11_dgr6.xls,200,20480,e6bce71029dd1e25ac41db6e968e42cb18d803924664c5509c8bc2567514335d,2026-09-14T14:01:40,dgr6
https://npp.gov.in/public-reports/cea/daily/dgr/12-01-2026/dgr6-2026-01-12.xls,2026/2026-01-12_dgr6.xls,200,20480,2bbfc096ae16e7f4f3fd1e0ebf684f4640617e7bc4249750e3b34b22f28e150a,2026-09-14T14:01:41,dgr6
https://npp.gov.in/public-reports/cea/daily/dgr/13-01-2026/dgr6-2026-01-13.xls,2026/2026-01-13_dgr6.xls,200,20480,d77a800d372be79355893af1a699f47d616de44c0940135f5f5c2314c3ef93a8,2026-09-14T14:01:41,dgr6
https://npp.gov.in/public-reports/cea/daily/dgr/14-01-2026/dgr6-2026-01-14.xls,2026/2026-01-14_dgr6.xls,200,20480,73993e08f71c8de47ffadaec0ec8a9ea8fb1540ba6b75bd32383bd1cafd5d07e,2026-09-14T14:01:42,dgr6
https://npp.gov.in/public-reports/cea/daily/dgr/15-01-2026/dgr6-2026-01-15.xls,2026/2026-01-15_dgr6.xls,200,20480,5e318f7b306854cf85b92c3621ed2a0cdf2aaf261ccf26e6a6a652bb819ef389,2026-09-14T14:01:42,dgr6
https://npp.gov.in/public-reports/cea/daily/dgr/16-01-2026/dgr6-2026-01-16.xls,2026/2026-01-16_dgr6.xls,200,20480,aa7735e9d3481d4c38f2a928e9caeff190c43cc19ac088b3223ac785ec5f18b9,2026-09-14T14:01:42,dgr6
https://npp.gov.in/public-reports/cea/daily/dgr/17-01-2026/dgr6-2026-01-17.xls,2026/2026-01-17_dgr6.xls,200,20480,387da096f5d962417a16826a876c31e601d6c26e5def6798f222ad1575169f0d,2026-09-14T14:01:43,dgr6
https://npp.gov.in/public-reports/cea/daily/dgr/18-01-2026/dgr6-2026-01-18.xls,2026/2026-01-18_dgr6.xls,200,20480,295c74742aa41488e0e81741f9d119d13765a3d335422726b0b6cbdc01306090,2026-09-14T14:01:43,dgr6
https://npp.gov.in/public-reports/cea/daily/dgr/19-01-2026/dgr6-2026-01-19.xls,2026/2026-01-19_dgr6.xls,200,20480,0ea43c994e3a2c10ee697bb4d4fa0d748b3bfa410529842679c330238aec3ce4,2026-09-14T14:01:44,dgr6
https://npp.gov.in/public-reports/cea/daily/dgr/20-01-2026/dgr6-2026-01-20.xls,2026/2026-01-20_dgr6.xls,200,20480,dc8919e11879bfdb1376f72d22910109b0ef6b75189ffebaa7bc49e5d93bc2e6,2026-09-14T14:01:44,dgr6
https://npp.gov.in/public-reports/cea/daily/dgr/21-01-2026/dgr6-2026-01-21.xls,2026/2026-01-21_dgr6.xls,200,20480,cd3c74ae9fb75d32a392f7c251c1a00a11eb24dad80eab11cd4ec73a18ff27a3,2026-09-14T14:01:45,dgr6
https://npp.gov.in/public-reports/cea/daily/dgr/22-01-2026/dgr6-2026-01-22.xls,2026/2026-01-22_dgr6.xls,200,20480,45c668c5736b4ffeca80d5ee94f186b7af9811910a2bd657d7a01bab640cd124,2026-09-14T14:01:45,dgr6
https://npp.gov.in/public-reports/cea/daily/dgr/23-01-2026/dgr6-2026-01-23.xls,2026/2026-01-23_dgr6.xls,200,20480,5d10cfa3da2f113fa052f5c0c32b015592045e0c6e02b0b0b7b0006d1840eb2a,2026-09-14T14:01:45,dgr6
https://npp.gov.in/public-reports/cea/daily/dgr/24-01-2026/dgr6-2026-01-24.xls,2026/2026-01-24_dgr6.xls,200,20480,ba090948423ee58a57c772652c936920ff71fd95b95a9bb035ef71b3a65bbd18,2026-09-14T14:01:46,dgr6
https://npp.gov.in/public-reports/cea/daily/dgr/25-01-2026/dgr6-2026-01-25.xls,2026/2026-01-25_dgr6.xls,200,20480,aef82d9894ca41ad0790ec70fd1f6f1ad44620f519d1d177d5236191325e2fd2,2026-09-14T14:01:46,dgr6
https://npp.gov.in/public-reports/cea/daily/dgr/26-01-2026/dgr6-2026-01-26.xls,2026/2026-01-26_dgr6.xls,200,20480,7c37f6b4a1e72fae05fc123ff7fef58f2540066f74b3157e39e746c1d342764d,2026-09-14T14:01:47,dgr6
https://npp.gov.in/public-reports/cea/daily/dgr/27-01-2026/dgr6-2026-01-27.xls,2026/2026-01-27_dgr6.xls,200,20480,ae0689f7e2e24f9eb402bd64638553128813f418f8e17b85998fec5fb015610e,2026-09-14T14:01:47,dgr6
https://npp.gov.in/public-reports/cea/daily/dgr/28-01-2026/dgr6-2026-01-28.xls,2026/2026-01-28_dgr6.xls,200,20480,2057a0ab458a11753ab6a01abf567e62f59133dc2f5e6b2d55682f94580d6d82,2026-09-14T14:01:48,dgr6
https://npp.gov.in/public-reports/cea/daily/dgr/29-01-2026/dgr6-2026-01-29.xls,2026/2026-01-29_dgr6.xls,200,20480,3ed3341fbed7fe6916268da1952a8cff051647cd0512d82eeed6453ea96dcf04,2026-09-14T14:01:48,dgr6
https://npp.gov.in/public-reports/cea/daily/dgr/30-01-2026/dgr6-2026-01-30.xls,2026/2026-01-30_dgr6.xls,200,20480,33be72e78ddc35980a874a47fda386fad7065578f6e4252b1478dea9230b8962,2026-09-14T14:01:49,dgr6
https://npp.gov.in/public-reports/cea/daily/dgr/31-01-2026/dgr6-2026-01-31.xls,2026/2026-01-31_dgr6.xls,200,20480,d3d08e64ed9af17adb1034d24b550ddc5f02fea48c9cfb9d45721d076c0c1c50,2026-09-14T14:01:49,dgr6
https://npp.gov.in/public-reports/cea/daily/dgr/01-02-2026/dgr6-2026-02-01.xls,2026/2026-02-01_dgr6.xls,200,20480,ba5348d77d6a966f483db0873c1b61ebc06112def7fbca6b87e739c6dfa541a7,2026-09-14T14:01:49,dgr6
https://npp.gov.in/public-reports/cea/daily/dgr/02-02-2026/dgr6-2026-02-02.xls,2026/2026-02-02_dgr6.xls,200,20480,081c763b6e095435ffacf1e443c20e69854ba14a91f1a5498a5bc506511acae7,2026-09-14T14:01:50,dgr6
https://npp.gov.in/public-reports/cea/daily/dgr/03-02-2026/dgr6-2026-02-03.xls,2026/2026-02-03_dgr6.xls,200,20480,1a586db32bbf45e27309e9bf00825b959357a7d60d6793cde82f32baf3dfa6c7,2026-09-14T14:01:50,dgr6
https://npp.gov.in/public-reports/cea/daily/dgr/04-02-2026/dgr6-2026-02-04.xls,2026/2026-02-04_dgr6.xls,200,20480,1fff8f1b79c59a5baedaaab91ec361fd6c9045980d3c2e8b141f2d901ad0703b,2026-09-14T14:01:51,dgr6
https://npp.gov.in/public-reports/cea/daily/dgr/05-02-2026/dgr6-2026-02-05.xls,2026/2026-02-05_dgr6.xls,200,20480,c1407791ef040887971148c3c91193c410e312255c3b3575ba64ded8f2b484ca,2026-09-14T14:01:51,dgr6
https://npp.gov.in/public-reports/cea/daily/dgr/06-02-2026/dgr6-2026-02-06.xls,2026/2026-02-06_dgr6.xls,200,20480,60368ee2665918c0e7e19560efd924ab0bad43158b767b29b1d8f2e120cf0cb9,2026-09-14T14:01:51,dgr6
https://npp.gov.in/public-reports/cea/daily/dgr/07-02-2026/dgr6-2026-02-07.xls,2026/2026-02-07_dgr6.xls,200,20480,a8cb1c78f6df397cab27e583cdab080696151c9adad148e1c5787421d7770b78,2026-09-14T14:01:52,dgr6
https://npp.gov.in/public-reports/cea/daily/dgr/08-02-2026/dgr6-2026-02-08.xls,2026/2026-02-08_dgr6.xls,200,20480,190c60fc972bf33dfb48d088fd358b97eb56a4c66c55e1f6b9165a53e453d44f,2026-09-14T14:01:52,dgr6
https://npp.gov.in/public-reports/cea/daily/dgr/09-02-2026/dgr6-2026-02-09.xls,2026/2026-02-09_dgr6.xls,200,20480,b91ecaf1f6140a096ef461c60d9f68b8493fd38d938048ff23e070679c9793d1,2026-09-14T14:01:53,dgr6
https://npp.gov.in/public-reports/cea/daily/dgr/10-02-2026/dgr6-2026-02-10.xls,2026/2026-02-10_dgr6.xls,200,20480,a046f29ed3d75612728d88954bc82d768a825cef5e400c5a656e8b1283f09a52,2026-09-14T14:01:53,dgr6
https://npp.gov.in/public-reports/cea/daily/dgr/11-02-2026/dgr6-2026-02-11.xls,2026/2026-02-11_dgr6.xls,200,20480,52c15f0e64ea2bcac0f0ee3bc63d7bf9c92b186424a6054c6f62189e81a0d2a7,2026-09-14T14:01:54,dgr6
https://npp.gov.in/public-reports/cea/daily/dgr/12-02-2026/dgr6-2026-02-12.xls,2026/2026-02-12_dgr6.xls,200,20480,1c72c256c3190f9f1da0e6eeb2fb36fdb0b70211691bb39dad43938f4f568813,2026-09-14T14:01:54,dgr6
https://npp.gov.in/public-reports/cea/daily/dgr/13-02-2026/dgr6-2026-02-13.xls,2026/2026-02-13_dgr6.xls,200,20480,9e2b4929a2ccb10ae9c18334775418718fd2d6f031329639839c85243646f6b3,2026-09-14T14:01:54,dgr6
https://npp.gov.in/public-reports/cea/daily/dgr/14-02-2026/dgr6-2026-02-14.xls,2026/2026-02-14_dgr6.xls,200,20480,83c04ede6d9db87bd0bc04811b107a16c09e0452e8304b6c657e686a3696eb2e,2026-09-14T14:01:55,dgr6
https://npp.gov.in/public-reports/cea/daily/dgr/15-02-2026/dgr6-2026-02-15.xls,2026/2026-02-15_dgr6.xls,200,20480,5dda238101879563150b23358b211b02544f4f2fdac707daaebf60c18a345e2c,2026-09-14T14:01:55,dgr6
https://npp.gov.in/public-reports/cea/daily/dgr/16-02-2026/dgr6-2026-02-16.xls,2026/2026-02-16_dgr6.xls,200,20480,d6aea16d7cd6c7ca0d71fce8435c93f78ede7b2f3c737485a5d01e05ac9fc026,2026-09-14T14:01:56,dgr6
https://npp.gov.in/public-reports/cea/daily/dgr/17-02-2026/dgr6-2026-02-17.xls,2026/2026-02-17_dgr6.xls,200,20480,ec46eb6d54d425f343f813e91d2627cec20114fb9d75f4742fc6450234ba4e3e,2026-09-14T14:01:56,dgr6
https://npp.gov.in/public-reports/cea/daily/dgr/18-02-2026/dgr6-2026-02-18.xls,2026/2026-02-18_dgr6.xls,200,20480,508150c7702ffb1fe589e6b6410669eaada761954b55b96806eb52306064ebaf,2026-09-14T14:01:57,dgr6
https://npp.gov.in/public-reports/cea/daily/dgr/19-02-2026/dgr6-2026-02-19.xls,2026/2026-02-19_dgr6.xls,200,20480,7bb266ff42843596cf69e5be0a9367196d762d1c6da12ca1781090ddf8005219,2026-09-14T14:01:57,dgr6
https://npp.gov.in/public-reports/cea/daily/dgr/20-02-2026/dgr6-2026-02-20.xls,2026/2026-02-20_dgr6.xls,200,20480,fafd97b4b7129a703d09319080e0527ea0a95c568c7846bc6535638db0c0a65e,2026-09-14T14:01:57,dgr6
https://npp.gov.in/public-reports/cea/daily/dgr/21-02-2026/dgr6-2026-02-21.xls,2026/2026-02-21_dgr6.xls,200,20480,d9eb91bbfe3c728f9123b01c922c442e1480b2b8a3c883a802e6dec5374026d3,2026-09-14T14:01:58,dgr6
https://npp.gov.in/public-reports/cea/daily/dgr/22-02-2026/dgr6-2026-02-22.xls,2026/2026-02-22_dgr6.xls,200,20480,779a9b05a3fd4d9bd50091475ee7fa33145fb5875fdc8a66403f58e8db614bc5,2026-09-14T14:01:58,dgr6
https://npp.gov.in/public-reports/cea/daily/dgr/23-02-2026/dgr6-2026-02-23.xls,2026/2026-02-23_dgr6.xls,200,20480,14edca81c17a516bc113413e6dcacc12c86d1c685e9345561b3b86317a3401d6,2026-09-14T14:01:59,dgr6
https://npp.gov.in/public-reports/cea/daily/dgr/24-02-2026/dgr6-2026-02-24.xls,2026/2026-02-24_dgr6.xls,200,20992,6be297c6529351acab8b767c47250c1c6056e8868ab4dae7bf368f4a2e393129,2026-09-14T14:01:59,dgr6
https://npp.gov.in/public-reports/cea/daily/dgr/25-02-2026/dgr6-2026-02-25.xls,2026/2026-02-25_dgr6.xls,200,20992,2cfa54509334e4d2c13163db5be0d6b95faf448f5ce46d4af592eea693aad3ce,2026-09-14T14:01:59,dgr6
https://npp.gov.in/public-reports/cea/daily/dgr/26-02-2026/dgr6-2026-02-26.xls,2026/2026-02-26_dgr6.xls,200,20992,5043a37dbc94f8256dcf4d5b5f88148706560debfa77b7d56a595b5502f6ed18,2026-09-14T14:02:00,dgr6
https://npp.gov.in/public-reports/cea/daily/dgr/27-02-2026/dgr6-2026-02-27.xls,2026/2026-02-27_dgr6.xls,200,20992,7286481fd2badda2b3242874656895ffc70790724677544bb1b31c364181ba10,2026-09-14T14:02:00,dgr6
https://npp.gov.in/public-reports/cea/daily/dgr/28-02-2026/dgr6-2026-02-28.xls,2026/2026-02-28_dgr6.xls,200,20992,c9d0e7972b0d4e88f40e21a7f2a32b82c3db18f1367d1d18cc263add39f08b28,2026-09-14T14:02:01,dgr6
https://npp.gov.in/public-reports/cea/daily/dgr/01-03-2026/dgr6-2026-03-01.xls,2026/2026-03-01_dgr6.xls,200,20992,74eb637ce53840f2d9cf42536ebdea47079de21da0447dd12ffe569c3f201f72,2026-09-14T14:02:02,dgr6
https://npp.gov.in/public-reports/cea/daily/dgr/02-03-2026/dgr6-2026-03-02.xls,2026/2026-03-02_dgr6.xls,200,20992,91695cf9053716a6502509bc90a09e33a6a9284adaa0b1d36dd20c950ab5ae98,2026-09-14T14:02:02,dgr6
https://npp.gov.in/public-reports/cea/daily/dgr/03-03-2026/dgr6-2026-03-03.xls,2026/2026-03-03_dgr6.xls,200,20992,e3aa0581fe8ea0b7a5bd19f9f57bcff654fba0e3e46202b70bbc32851ba49c9c,2026-09-14T14:02:03,dgr6
https://npp.gov.in/public-reports/cea/daily/dgr/04-03-2026/dgr6-2026-03-04.xls,2026/2026-03-04_dgr6.xls,200,20992,6ee32e0ee8a1604fb7a7bd4cf0802a6d7ffd277cc0888fd75cc302baa47b034c,2026-09-14T14:02:03,dgr6
https://npp.gov.in/public-reports/cea/daily/dgr/05-03-2026/dgr6-2026-03-05.xls,2026/2026-03-05_dgr6.xls,200,20992,6f9b89f31502c6aace040364e17d1f2f038f178220f44ef12159a477684beb91,2026-09-14T14:02:03,dgr6
https://npp.gov.in/public-reports/cea/daily/dgr/06-03-2026/dgr6-2026-03-06.xls,2026/2026-03-06_dgr6.xls,200,20992,06ac97d1e2f1878dbf901fc382efe06fbf0227265cc7e741da7639b47bec42c8,2026-09-14T14:02:04,dgr6
https://npp.gov.in/public-reports/cea/daily/dgr/07-03-2026/dgr6-2026-03-07.xls,2026/2026-03-07_dgr6.xls,200,20992,e6a56b93767e2010485a9fe2b2d0c587102d3deb7d2ba4c66d5c960a0436d22a,2026-09-14T14:02:04,dgr6
https://npp.gov.in/public-reports/cea/daily/dgr/08-03-2026/dgr6-2026-03-08.xls,2026/2026-03-08_dgr6.xls,200,20992,8f58593f86365501ab99a729c5012640615edc53cea07f62ab8832cda2c84347,2026-09-14T14:02:06,dgr6
https://npp.gov.in/public-reports/cea/daily/dgr/09-03-2026/dgr6-2026-03-09.xls,2026/2026-03-09_dgr6.xls,200,20992,4ee7d28fdcfd11a2e7c1b2df833fff3255effbdafbf827ca09a7c85f638cecf3,2026-09-14T14:02:07,dgr6
https://npp.gov.in/public-reports/cea/daily/dgr/10-03-2026/dgr6-2026-03-10.xls,2026/2026-03-10_dgr6.xls,200,20992,0fedea581c576cc9a4a6a3416755bf07c53b5aae2b5e59c427f35b3dbac3d834,2026-09-14T14:02:07,dgr6
https://npp.gov.in/public-reports/cea/daily/dgr/11-03-2026/dgr6-2026-03-11.xls,2026/2026-03-11_dgr6.xls,200,20992,df9c46d7b3ea47170732864707c52fb0fdec322fe5e2904c6641c626fbd0a5b8,2026-09-14T14:02:07,dgr6
https://npp.gov.in/public-reports/cea/daily/dgr/12-03-2026/dgr6-2026-03-12.xls,2026/2026-03-12_dgr6.xls,200,20992,a82d4e24f926f499735464c45d9dbd940447f4494dddf3cb99825894f44d16af,2026-09-14T14:02:08,dgr6
https://npp.gov.in/public-reports/cea/daily/dgr/13-03-2026/dgr6-2026-03-13.xls,2026/2026-03-13_dgr6.xls,200,20992,4e44c1a28355e234da6a84db11dff76e5485654449d43dee4d1a41a541678e6e,2026-09-14T14:02:08,dgr6
https://npp.gov.in/public-reports/cea/daily/dgr/14-03-2026/dgr6-2026-03-14.xls,2026/2026-03-14_dgr6.xls,200,20992,88853f31eb9f1d9f66167e7983d9f45e5e13b2f97fbc7d64a3cff0e455ef97fb,2026-09-14T14:02:09,dgr6
https://npp.gov.in/public-reports/cea/daily/dgr/15-03-2026/dgr6-2026-03-15.xls,2026/2026-03-15_dgr6.xls,200,20992,4badca2c52d90dd1c830a483866f6f06ab149b7c6d712faebb5177c33a9ebadf,2026-09-14T14:02:09,dgr6
https://npp.gov.in/public-reports/cea/daily/dgr/16-03-2026/dgr6-2026-03-16.xls,2026/2026-03-16_dgr6.xls,200,20992,b4fd728738d18cb51385946c7cbf7cf53c97c8eacb9bf927ddf8e2c0c3cf97bd,2026-09-14T14:02:09,dgr6
https://npp.gov.in/public-reports/cea/daily/dgr/17-03-2026/dgr6-2026-03-17.xls,2026/2026-03-17_dgr6.xls,200,20992,d4c03acc25bbc0ea7549bee0e03a7907512b805fb82953be6b97de43cec5c461,2026-09-14T14:02:10,dgr6
https://npp.gov.in/public-reports/cea/daily/dgr/18-03-2026/dgr6-2026-03-18.xls,2026/2026-03-18_dgr6.xls,200,20992,cecda78b330375996d2119c7b8935819fd78d2aa02d40418d440b9b5dbc9a973,2026-09-14T14:02:10,dgr6
https://npp.gov.in/public-reports/cea/daily/dgr/19-03-2026/dgr6-2026-03-19.xls,2026/2026-03-19_dgr6.xls,200,20992,7a873dd9d0f7ff48d4a10e71437c1f0942bca78ff0a99e1734a59dc0a19b499c,2026-09-14T14:02:11,dgr6
https://npp.gov.in/public-reports/cea/daily/dgr/20-03-2026/dgr6-2026-03-20.xls,2026/2026-03-20_dgr6.xls,200,20992,5a9642eb8200a2f094b035cafaaabd24fc68d7a0f166791ddbb45d9a741976a3,2026-09-14T14:02:11,dgr6
https://npp.gov.in/public-reports/cea/daily/dgr/21-03-2026/dgr6-2026-03-21.xls,2026/2026-03-21_dgr6.xls,200,20992,1bf0d85dbffc099208f25fda07fcacb0d0ed07064f598f89c40df4e1bf1d9d95,2026-09-14T14:02:11,dgr6
https://npp.gov.in/public-reports/cea/daily/dgr/22-03-2026/dgr6-2026-03-22.xls,2026/2026-03-22_dgr6.xls,200,20992,67599131bf4a46f139044b7dd4f915b9dc5bd58346b694fb6b156993366c2534,2026-09-14T14:02:13,dgr6
https://npp.gov.in/public-reports/cea/daily/dgr/23-03-2026/dgr6-2026-03-23.xls,2026/2026-03-23_dgr6.xls,200,20992,a54e15b7ff0699d1d6931b9c9b9bc8aedad648efa11e8921fb606ba169df89bb,2026-09-14T14:02:14,dgr6
https://npp.gov.in/public-reports/cea/daily/dgr/24-03-2026/dgr6-2026-03-24.xls,2026/2026-03-24_dgr6.xls,200,20992,aad7224d04e634fe91e89967f984a65f6b9fbf6af1465225c8873ba533d033c3,2026-09-14T14:02:14,dgr6
https://npp.gov.in/public-reports/cea/daily/dgr/25-03-2026/dgr6-2026-03-25.xls,2026/2026-03-25_dgr6.xls,200,20992,456e6d2364731a8a72be589a56a18be455b209a1809f6c5edaa58c79462bd8ac,2026-09-14T14:02:15,dgr6
https://npp.gov.in/public-reports/cea/daily/dgr/26-03-2026/dgr6-2026-03-26.xls,2026/2026-03-26_dgr6.xls,200,20992,3dc14c93358e85c0e37779824b5a2a8bbb0c7f9105b48ac5f4db8639e19e5082,2026-09-14T14:02:15,dgr6
https://npp.gov.in/public-reports/cea/daily/dgr/27-03-2026/dgr6-2026-03-27.xls,2026/2026-03-27_dgr6.xls,200,20992,8f361f6f96be3eaa5ab166f6f0637e5578b17402af740b9221cb8b68fd9d8d21,2026-09-14T14:02:16,dgr6
https://npp.gov.in/public-reports/cea/daily/dgr/28-03-2026/dgr6-2026-03-28.xls,2026/2026-03-28_dgr6.xls,200,20992,ad1e20e2477ff8b33626f75d373e599ce1e31e2c86877cc9d7cb57031ac3699e,2026-09-14T14:02:17,dgr6
https://npp.gov.in/public-reports/cea/daily/dgr/29-03-2026/dgr6-2026-03-29.xls,2026/2026-03-29_dgr6.xls,200,20992,9f13c7aba53f18700e3f56c115f3b76d85226754e073ded267e2df5e9d68a4f8,2026-09-14T14:02:18,dgr6
https://npp.gov.in/public-reports/cea/daily/dgr/30-03-2026/dgr6-2026-03-30.xls,2026/2026-03-30_dgr6.xls,200,20992,733e47d3816f30f12ac46c358f74c6bd13798c9f96750fab66396d4010f2e302,2026-09-14T14:02:18,dgr6
https://npp.gov.in/public-reports/cea/daily/dgr/31-03-2026/dgr6-2026-03-31.xls,2026/2026-03-31_dgr6.xls,200,20992,de42a139da0aae1759698d7cfccb52a4f70c3b9435dfb6f2dccb5a71c148ce87,2026-09-14T14:02:19,dgr6
https://npp.gov.in/public-reports/cea/daily/dgr/01-04-2026/dgr6-2026-04-01.xls,2026/2026-04-01_dgr6.xls,200,20992,26d74e0a2d1f5439e5e0a501ea0f7bc4e6727fbca8fa6875173053bae5028b3a,2026-09-14T14:02:20,dgr6
https://npp.gov.in/public-reports/cea/daily/dgr/02-04-2026/dgr6-2026-04-02.xls,2026/2026-04-02_dgr6.xls,200,20992,96f1f45e19fdb0024608c9567e8a1cf90ce65a67e5ed8e4cc6d07edf3137b78b,2026-09-14T14:02:20,dgr6
https://npp.gov.in/public-reports/cea/daily/dgr/03-04-2026/dgr6-2026-04-03.xls,2026/2026-04-03_dgr6.xls,200,20992,86f179fad4edfc2edaa0509329360bb13aee9b446cc2fee37a4b72298d0d7ea0,2026-09-14T14:02:21,dgr6
https://npp.gov.in/public-reports/cea/daily/dgr/04-04-2026/dgr6-2026-04-04.xls,2026/2026-04-04_dgr6.xls,200,20992,1317375e2e28e0531a2d1b4238560e10071eafe41b20b31cbbc23e425ab168da,2026-09-14T14:02:22,dgr6
https://npp.gov.in/public-reports/cea/daily/dgr/05-04-2026/dgr6-2026-04-05.xls,2026/2026-04-05_dgr6.xls,200,20992,428bb3c56d7e77c7075749de6385d0d290beffe4b3f923f147b4df391bfa1792,2026-09-14T14:02:22,dgr6
https://npp.gov.in/public-reports/cea/daily/dgr/06-04-2026/dgr6-2026-04-06.xls,2026/2026-04-06_dgr6.xls,200,20992,e0890d62b00cd381732459898dde621fb71712f88f88050b2232f52217eba26b,2026-09-14T14:02:23,dgr6
https://npp.gov.in/public-reports/cea/daily/dgr/07-04-2026/dgr6-2026-04-07.xls,2026/2026-04-07_dgr6.xls,200,20992,e52afd182febfede955b344c8ce81eb4a06b6d6cd5e6d31db6f0d54114371125,2026-09-14T14:02:23,dgr6
https://npp.gov.in/public-reports/cea/daily/dgr/08-04-2026/dgr6-2026-04-08.xls,2026/2026-04-08_dgr6.xls,200,20992,f13972f5bbf157a29bba1b684acfaf52eff9c0383cfb524867a43b3e1421d0fa,2026-09-14T14:02:24,dgr6
https://npp.gov.in/public-reports/cea/daily/dgr/09-04-2026/dgr6-2026-04-09.xls,2026/2026-04-09_dgr6.xls,200,20992,426930ca04a64590c6b35cc554508891f192fa5be399920f16a9a017810df68a,2026-09-14T14:02:24,dgr6
https://npp.gov.in/public-reports/cea/daily/dgr/10-04-2026/dgr6-2026-04-10.xls,2026/2026-04-10_dgr6.xls,200,20992,3afb7841acafc0aff4700649c5b8792fa7a3b2ab2b578bb0500f1090245831e9,2026-09-14T14:02:25,dgr6
https://npp.gov.in/public-reports/cea/daily/dgr/11-04-2026/dgr6-2026-04-11.xls,2026/2026-04-11_dgr6.xls,200,20992,39442992d7705b1187527e029bc69e1422a1af29fa8ebbedee0e45add9e0176a,2026-09-14T14:02:25,dgr6
https://npp.gov.in/public-reports/cea/daily/dgr/12-04-2026/dgr6-2026-04-12.xls,2026/2026-04-12_dgr6.xls,200,20992,f5242ba2623e72b8306862ddc0e7d33cb2967adc5dde28bc069334dfd86e1c96,2026-09-14T14:02:26,dgr6
https://npp.gov.in/public-reports/cea/daily/dgr/13-04-2026/dgr6-2026-04-13.xls,2026/2026-04-13_dgr6.xls,200,20992,f4628168d640692951a3f0757883e44474bf17eb332832233c9a6b62a82b78c5,2026-09-14T14:02:26,dgr6
https://npp.gov.in/public-reports/cea/daily/dgr/14-04-2026/dgr6-2026-04-14.xls,2026/2026-04-14_dgr6.xls,200,20992,0ac26e254dc006a14d8f2d3312800f798b3636d9f3d82d3c714cc4490a600b42,2026-09-14T14:02:27,dgr6
https://npp.gov.in/public-reports/cea/daily/dgr/15-04-2026/dgr6-2026-04-15.xls,2026/2026-04-15_dgr6.xls,200,20992,b10ed48ce9b83b5e01b00a29e7b228161536899ec7fb424c72cb1c175181f8d1,2026-09-14T14:02:27,dgr6
https://npp.gov.in/public-reports/cea/daily/dgr/16-04-2026/dgr6-2026-04-16.xls,2026/2026-04-16_dgr6.xls,200,20992,d1ec0bfa3120d2755250fe6573ac8c4918e6a0f1fd4ae1573ceefeda96ec63eb,2026-09-14T14:02:28,dgr6
https://npp.gov.in/public-reports/cea/daily/dgr/17-04-2026/dgr6-2026-04-17.xls,2026/2026-04-17_dgr6.xls,200,20992,7a287313668559471557f15711e9ad75012c9df4a0474931957eeabd86d31f73,2026-09-14T14:02:28,dgr6
https://npp.gov.in/public-reports/cea/daily/dgr/18-04-2026/dgr6-2026-04-18.xls,2026/2026-04-18_dgr6.xls,200,20992,7566d9cccc30462dc459e03b0b710905a482001a34fda230cea249ec4acc65e6,2026-09-14T14:02:28,dgr6
https://npp.gov.in/public-reports/cea/daily/dgr/19-04-2026/dgr6-2026-04-19.xls,2026/2026-04-19_dgr6.xls,200,20992,6190cee29472f791974a00ab1e7469908ad2de95bf1c1d3437a14e79fd293a67,2026-09-14T14:02:29,dgr6
https://npp.gov.in/public-reports/cea/daily/dgr/20-04-2026/dgr6-2026-04-20.xls,2026/2026-04-20_dgr6.xls,200,20992,8989a129b557ae0cbef4d1d5f0f04232117163b18b57a4f22948ea47f25dc02a,2026-09-14T14:02:29,dgr6
https://npp.gov.in/public-reports/cea/daily/dgr/21-04-2026/dgr6-2026-04-21.xls,2026/2026-04-21_dgr6.xls,200,20992,b688a2b0a86533c2d3c460a20e6d9fabe18c674f20a50e39b20db97ee3812908,2026-09-14T14:02:30,dgr6
https://npp.gov.in/public-reports/cea/daily/dgr/22-04-2026/dgr6-2026-04-22.xls,2026/2026-04-22_dgr6.xls,200,20992,e909bcd107c830768956060f6b669de33800992146c3336bb970eaeb09670223,2026-09-14T14:02:30,dgr6
https://npp.gov.in/public-reports/cea/daily/dgr/23-04-2026/dgr6-2026-04-23.xls,2026/2026-04-23_dgr6.xls,200,20992,671da21366fc03a5419aec42f2017e1f3a3f00e7d02cce3372f7c0c14c40d899,2026-09-14T14:02:31,dgr6
https://npp.gov.in/public-reports/cea/daily/dgr/24-04-2026/dgr6-2026-04-24.xls,2026/2026-04-24_dgr6.xls,200,20992,7372e839155f90f84ca493b4f05cc18ef9ee798ef32b374629440b169db587b1,2026-09-14T14:02:31,dgr6
https://npp.gov.in/public-reports/cea/daily/dgr/25-04-2026/dgr6-2026-04-25.xls,2026/2026-04-25_dgr6.xls,200,20992,7da0e6e3d70230e1cfd94e2f79feee5e1719842f90f4b5d373ae3f092e46689b,2026-09-14T14:02:32,dgr6
https://npp.gov.in/public-reports/cea/daily/dgr/26-04-2026/dgr6-2026-04-26.xls,2026/2026-04-26_dgr6.xls,200,20992,c3b0fb6186c1fce16f19c2905abcf0c2048980e2e7c807753371abd5ee837c86,2026-09-14T14:02:32,dgr6
https://npp.gov.in/public-reports/cea/daily/dgr/27-04-2026/dgr6-2026-04-27.xls,2026/2026-04-27_dgr6.xls,200,20992,f4d777b45e5806f388ff9e78e0a89d6d64441377349583b6f578479844f96e6e,2026-09-14T14:02:33,dgr6
https://npp.gov.in/public-reports/cea/daily/dgr/28-04-2026/dgr6-2026-04-28.xls,2026/2026-04-28_dgr6.xls,200,20992,3dfc3c3b487cd138f62f5a3ca28e530f838992dde57c00e9d72a0b077708fb67,2026-09-14T14:02:33,dgr6
https://npp.gov.in/public-reports/cea/daily/dgr/29-04-2026/dgr6-2026-04-29.xls,2026/2026-04-29_dgr6.xls,200,20992,de2ce2d3687da55c12eb669bf9591444aee8ed5c90d5b922b49ccc24f4eb1ce2,2026-09-14T14:02:34,dgr6
https://npp.gov.in/public-reports/cea/daily/dgr/30-04-2026/dgr6-2026-04-30.xls,2026/2026-04-30_dgr6.xls,200,20992,895fd9b52fd5077cc4a0cf5f3b625557d2849a909a0a792434bfcb78a92992f6,2026-09-14T14:02:34,dgr6
https://npp.gov.in/public-reports/cea/daily/dgr/01-05-2026/dgr6-2026-05-01.xls,2026/2026-05-01_dgr6.xls,200,20992,a4b6ff7aa2a3af29462cb35a39665a4c6c78a8270be0249b7c9cacb092877154,2026-09-14T14:02:34,dgr6
https://npp.gov.in/public-reports/cea/daily/dgr/02-05-2026/dgr6-2026-05-02.xls,2026/2026-05-02_dgr6.xls,200,20992,71a16b600b91e89bb63b0c3453c961bf9d9dbe59a2e6cab2978f5662ccd99829,2026-09-14T14:02:35,dgr6
https://npp.gov.in/public-reports/cea/daily/dgr/03-05-2026/dgr6-2026-05-03.xls,2026/2026-05-03_dgr6.xls,200,20992,56686442abd32db51398fc462d06b44aceca8bb555d3fc4a64fdd5de0022ec24,2026-09-14T14:02:35,dgr6
https://npp.gov.in/public-reports/cea/daily/dgr/04-05-2026/dgr6-2026-05-04.xls,2026/2026-05-04_dgr6.xls,200,20992,27e9e30b45c6ec2af6cac8b290c1c5dc2c900f5e1a20442e098a507ca6261f01,2026-09-14T14:02:36,dgr6
https://npp.gov.in/public-reports/cea/daily/dgr/05-05-2026/dgr6-2026-05-05.xls,2026/2026-05-05_dgr6.xls,200,20992,3dd02d67bbc82a5d969bfee57f7e7d18e224e37a02422a7a3fb7bc984e200c6b,2026-09-14T14:02:36,dgr6
https://npp.gov.in/public-reports/cea/daily/dgr/06-05-2026/dgr6-2026-05-06.xls,2026/2026-05-06_dgr6.xls,200,20992,c8b7a3c2abb01c08b900756a31968dbce1fb28ab820e96b8419ad655a5e15c92,2026-09-14T14:02:37,dgr6
https://npp.gov.in/public-reports/cea/daily/dgr/07-05-2026/dgr6-2026-05-07.xls,2026/2026-05-07_dgr6.xls,200,20992,6117e665673ede3e4fb42bba9a6dcd2776e36d2e87af6b38c2d8640a87fc6b47,2026-09-14T14:02:37,dgr6
https://npp.gov.in/public-reports/cea/daily/dgr/08-05-2026/dgr6-2026-05-08.xls,2026/2026-05-08_dgr6.xls,200,20992,a29bbf34e958ffcc2b6a9232079f09599585c1180bfa0c393667913572976496,2026-09-14T14:02:37,dgr6
https://npp.gov.in/public-reports/cea/daily/dgr/09-05-2026/dgr6-2026-05-09.xls,2026/2026-05-09_dgr6.xls,200,20992,18a214571e13869ffa4fb5c473a0b173768b4d12f8e795387cb8dc6137fa7f8e,2026-09-14T14:02:38,dgr6
https://npp.gov.in/public-reports/cea/daily/dgr/10-05-2026/dgr6-2026-05-10.xls,2026/2026-05-10_dgr6.xls,200,20992,f7d83fefd1777bd9e085e21f26765954d16398bf1bda7192db4db00e8d1b3462,2026-09-14T14:02:38,dgr6
https://npp.gov.in/public-reports/cea/daily/dgr/11-05-2026/dgr6-2026-05-11.xls,2026/2026-05-11_dgr6.xls,200,20992,714a9d10b8c0c4e8b7074173c300371b94c9b6c5552f592d5edfe9abb2cc9f7a,2026-09-14T14:02:39,dgr6
https://npp.gov.in/public-reports/cea/daily/dgr/12-05-2026/dgr6-2026-05-12.xls,2026/2026-05-12_dgr6.xls,200,20992,ff92d41301adf6108d5d6dd59ac22decf901ea6a76fee890d22676d046e3572c,2026-09-14T14:02:39,dgr6
https://npp.gov.in/public-reports/cea/daily/dgr/13-05-2026/dgr6-2026-05-13.xls,2026/2026-05-13_dgr6.xls,200,20480,8e9565ec38b23eb2479385367c46c88a1eed5ddeb0e9f0e01d4514cc339c7435,2026-09-14T14:02:39,dgr6
https://npp.gov.in/public-reports/cea/daily/dgr/14-05-2026/dgr6-2026-05-14.xls,2026/2026-05-14_dgr6.xls,200,20480,d3afe69941776de6661964b8294b1cc7c75dc18d65e8f77a81f718785f4cd425,2026-09-14T14:02:40,dgr6
https://npp.gov.in/public-reports/cea/daily/dgr/15-05-2026/dgr6-2026-05-15.xls,2026/2026-05-15_dgr6.xls,200,20480,f99cf4efa48ae20e99a4bff0cd31dc3f8159a61778a80968a8c3866ad66e1ec7,2026-09-14T14:02:40,dgr6
https://npp.gov.in/public-reports/cea/daily/dgr/16-05-2026/dgr6-2026-05-16.xls,2026/2026-05-16_dgr6.xls,200,20480,5bfdab136d171acba56c88d54ffb15630f3d97b2a05bfe9b91a4ce1d1f9cab02,2026-09-14T14:02:41,dgr6
https://npp.gov.in/public-reports/cea/daily/dgr/17-05-2026/dgr6-2026-05-17.xls,2026/2026-05-17_dgr6.xls,200,20480,cead6f74c8a15ff2a16e52434a7cc21c7397b8b0b96ac29f4195ca9d868602fb,2026-09-14T14:02:41,dgr6
https://npp.gov.in/public-reports/cea/daily/dgr/18-05-2026/dgr6-2026-05-18.xls,2026/2026-05-18_dgr6.xls,200,20480,9e052d242329ae307aa35bc8d9c439bcc705db396330949a0650851e28f87ebb,2026-09-14T14:02:42,dgr6
https://npp.gov.in/public-reports/cea/daily/dgr/19-05-2026/dgr6-2026-05-19.xls,2026/2026-05-19_dgr6.xls,200,20480,03f1342121229043c580123f6b91207f257a225c72e0074d78a17c89c9282584,2026-09-14T14:02:42,dgr6
https://npp.gov.in/public-reports/cea/daily/dgr/20-05-2026/dgr6-2026-05-20.xls,2026/2026-05-20_dgr6.xls,200,20480,0e7b27fe01da70574502b770dd5f53a7dfd4ea28043dab5da1fc93388494fc46,2026-09-14T14:02:42,dgr6
https://npp.gov.in/public-reports/cea/daily/dgr/21-05-2026/dgr6-2026-05-21.xls,2026/2026-05-21_dgr6.xls,200,20480,0feb1f685cc15a6efbe84b7e6b2f43602851483573393d99233a6e7193654a9b,2026-09-14T14:02:43,dgr6
https://npp.gov.in/public-reports/cea/daily/dgr/22-05-2026/dgr6-2026-05-22.xls,2026/2026-05-22_dgr6.xls,200,20480,84a19161b628ce10bb090c29e03e0da9a064bfc9764c114becaaee9058996b03,2026-09-14T14:02:43,dgr6
https://npp.gov.in/public-reports/cea/daily/dgr/23-05-2026/dgr6-2026-05-23.xls,2026/2026-05-23_dgr6.xls,200,20480,cb2972aaad3124f3f56b11e09ba54a96189c02d3f49599965fd76c9e7a2970a8,2026-09-14T14:02:44,dgr6
https://npp.gov.in/public-reports/cea/daily/dgr/24-05-2026/dgr6-2026-05-24.xls,2026/2026-05-24_dgr6.xls,200,20480,dfc204d15cfcbcd482df91e51f948ef142b22b9da8d6e2710818fbd2dd7bec4a,2026-09-14T14:02:44,dgr6
https://npp.gov.in/public-reports/cea/daily/dgr/25-05-2026/dgr6-2026-05-25.xls,2026/2026-05-25_dgr6.xls,200,20480,bc39db01be4d5807f1f78db0d99bbc94b2710caa5d8e0f5cfb21404ce0e949b3,2026-09-14T14:02:45,dgr6
https://npp.gov.in/public-reports/cea/daily/dgr/26-05-2026/dgr6-2026-05-26.xls,2026/2026-05-26_dgr6.xls,200,20480,2105b8a94ee04f8f1c626408d0b4509f212b2bff22588e042f0ab5dd2f42294c,2026-09-14T14:02:45,dgr6
https://npp.gov.in/public-reports/cea/daily/dgr/27-05-2026/dgr6-2026-05-27.xls,2026/2026-05-27_dgr6.xls,200,20480,7bb53d25a15b46241da24c2c7bfe4c355ea8145fb9884793a12a48ada7e5ecab,2026-09-14T14:02:45,dgr6
https://npp.gov.in/public-reports/cea/daily/dgr/28-05-2026/dgr6-2026-05-28.xls,2026/2026-05-28_dgr6.xls,200,20480,655d25b0b6b978b9b6c80cc087eac5922670572aca4e7c14931ce4253f1d02cf,2026-09-14T14:02:46,dgr6
https://npp.gov.in/public-reports/cea/daily/dgr/29-05-2026/dgr6-2026-05-29.xls,2026/2026-05-29_dgr6.xls,200,20480,1f43dc64466fc9730883c61904df2da1a61641ddb6ff5529b9c96661cc7168d1,2026-09-14T14:02:46,dgr6
https://npp.gov.in/public-reports/cea/daily/dgr/30-05-2026/dgr6-2026-05-30.xls,2026/2026-05-30_dgr6.xls,200,20480,e52605c6ca35a9273120b65fc4e520836ddf76460ce61836fb44e177dc1c1a20,2026-09-14T14:02:47,dgr6
https://npp.gov.in/public-reports/cea/daily/dgr/31-05-2026/dgr6-2026-05-31.xls,2026/2026-05-31_dgr6.xls,200,20480,d8f86d3def5570f7e327c8ccc81435960110e532cb5d09af19dbe56ef0520783,2026-09-14T14:02:47,dgr6
https://npp.gov.in/public-reports/cea/daily/dgr/01-06-2026/dgr6-2026-06-01.xls,2026/2026-06-01_dgr6.xls,200,20480,319b668b59aebab939e60412c7a20c6603e67a7e83625ff0580da24494a3520a,2026-09-14T14:02:47,dgr6
https://npp.gov.in/public-reports/cea/daily/dgr/02-06-2026/dgr6-2026-06-02.xls,2026/2026-06-02_dgr6.xls,200,20480,4c055ef5b30cbcf0513ad21f76521dc947e6f57ad26b42f63319fbe774cbf494,2026-09-14T14:02:48,dgr6
https://npp.gov.in/public-reports/cea/daily/dgr/03-06-2026/dgr6-2026-06-03.xls,2026/2026-06-03_dgr6.xls,200,20480,de96eb7c8df756e87ceeeb6fc7f9c926b2e29e60b5c79f3aa32443d7e2d8127b,2026-09-14T14:02:48,dgr6
https://npp.gov.in/public-reports/cea/daily/dgr/04-06-2026/dgr6-2026-06-04.xls,2026/2026-06-04_dgr6.xls,200,20480,ad58a378676b1511d6c657e89061b395628de2067de76f107f1e23aa8e3a0c56,2026-09-14T14:02:49,dgr6
https://npp.gov.in/public-reports/cea/daily/dgr/05-06-2026/dgr6-2026-06-05.xls,2026/2026-06-05_dgr6.xls,200,20480,4fc7465df9ead2e933ba233ed8a00bbacf14a9a62200eee90e78e317a63b257a,2026-09-14T14:02:49,dgr6
https://npp.gov.in/public-reports/cea/daily/dgr/06-06-2026/dgr6-2026-06-06.xls,2026/2026-06-06_dgr6.xls,200,20480,1586fad3b8a134519128791574aeecb9dbb60b704d627991bdf2bc5357d0f5b5,2026-09-14T14:02:49,dgr6
https://npp.gov.in/public-reports/cea/daily/dgr/07-06-2026/dgr6-2026-06-07.xls,2026/2026-06-07_dgr6.xls,200,20480,923759936fcafc74ab23ab812cbd3d1e4051431bfd8c6ada4947a205982c73eb,2026-09-14T14:02:50,dgr6
https://npp.gov.in/public-reports/cea/daily/dgr/08-06-2026/dgr6-2026-06-08.xls,2026/2026-06-08_dgr6.xls,200,20480,3d7f634e2776ba02ad2b51a65aa714a9bbbf8748c900534a9d5626e5b2308f51,2026-09-14T14:02:51,dgr6
https://npp.gov.in/public-reports/cea/daily/dgr/09-06-2026/dgr6-2026-06-09.xls,2026/2026-06-09_dgr6.xls,200,20480,5d2ce7ac2977151ee34de1493101b6542206dca05ce942bbabec5f328d9a215f,2026-09-14T14:02:51,dgr6
https://npp.gov.in/public-reports/cea/daily/dgr/10-06-2026/dgr6-2026-06-10.xls,2026/2026-06-10_dgr6.xls,200,20480,8e402fa536f8ca54b0574e350cc0c2b5c5e0881f49ea4b31949635fb7806d5fa,2026-09-14T14:02:52,dgr6
https://npp.gov.in/public-reports/cea/daily/dgr/11-06-2026/dgr6-2026-06-11.xls,2026/2026-06-11_dgr6.xls,200,20480,a92c7216e8ac6999eaf8af75acef9609fe61c89237a346d4b7fdda29ed8f4d80,2026-09-14T14:02:52,dgr6
https://npp.gov.in/public-reports/cea/daily/dgr/12-06-2026/dgr6-2026-06-12.xls,2026/2026-06-12_dgr6.xls,200,20480,ff2ae3b35c48343c7a6d0574ee03a405260972afaa86f91d9b5b666d3ca31b22,2026-09-14T14:02:53,dgr6
https://npp.gov.in/public-reports/cea/daily/dgr/13-06-2026/dgr6-2026-06-13.xls,2026/2026-06-13_dgr6.xls,200,20480,cd444231a9cf3ff830cca4f25ac05e999182342252000d256f221ca83fa6e6a9,2026-09-14T14:02:53,dgr6
https://npp.gov.in/public-reports/cea/daily/dgr/14-06-2026/dgr6-2026-06-14.xls,2026/2026-06-14_dgr6.xls,200,20480,77c47b00adc1d5753879780ba30dc2a9b24124ec2d10e1fe6cb5e7ba006aae85,2026-09-14T14:02:53,dgr6
https://npp.gov.in/public-reports/cea/daily/dgr/15-06-2026/dgr6-2026-06-15.xls,2026/2026-06-15_dgr6.xls,200,20480,f4e3cb11c2626b93e1ab49e50593ec744b336fe69b6e2ecb402c4bc4715cb61f,2026-09-14T14:02:54,dgr6
https://npp.gov.in/public-reports/cea/daily/dgr/16-06-2026/dgr6-2026-06-16.xls,2026/2026-06-16_dgr6.xls,200,20480,1b2bf734fe0b2ef36dbf575b6bd3a08dcada4f3aaf6426edee3a2a3659d94b99,2026-09-14T14:02:54,dgr6
https://npp.gov.in/public-reports/cea/daily/dgr/17-06-2026/dgr6-2026-06-17.xls,2026/2026-06-17_dgr6.xls,200,20480,f3812ff4fb8d9112a9f33bcd51e39d112afdcb61a56d4eddc382904350aa4ecd,2026-09-14T14:02:55,dgr6
https://npp.gov.in/public-reports/cea/daily/dgr/18-06-2026/dgr6-2026-06-18.xls,2026/2026-06-18_dgr6.xls,200,20480,c6aa98e142f71445c3f20deaa0ec9142f769dc5aa0df4d8462935d5814f5e993,2026-09-14T14:02:55,dgr6
https://npp.gov.in/public-reports/cea/daily/dgr/19-06-2026/dgr6-2026-06-19.xls,2026/2026-06-19_dgr6.xls,200,20480,79df8acbf263e61c2baab2407831086b7c81fdfe4ec760bda765bd05d4f5080d,2026-09-14T14:02:56,dgr6
https://npp.gov.in/public-reports/cea/daily/dgr/20-06-2026/dgr6-2026-06-20.xls,2026/2026-06-20_dgr6.xls,200,20480,a060cdb26009506a9af2ea2931b87425f8d791c0e500c1fd942eab724dc49ea5,2026-09-14T14:02:56,dgr6
https://npp.gov.in/public-reports/cea/daily/dgr/21-06-2026/dgr6-2026-06-21.xls,2026/2026-06-21_dgr6.xls,200,20480,556fd69079d8a014d7df5696261c8cf7d0403df02b739e5b13fd4e748b40a0f7,2026-09-14T14:02:56,dgr6
https://npp.gov.in/public-reports/cea/daily/dgr/22-06-2026/dgr6-2026-06-22.xls,2026/2026-06-22_dgr6.xls,200,20480,8337627650fe9435634d4177ea6d5c2fac341da7320657eb04326a0c954c17ee,2026-09-14T14:02:57,dgr6
https://npp.gov.in/public-reports/cea/daily/dgr/23-06-2026/dgr6-2026-06-23.xls,2026/2026-06-23_dgr6.xls,200,20480,3ed69fd68dc9ae9da4a3804346b4a1c0266246a139b1510f34be0e48bb3a30ea,2026-09-14T14:02:57,dgr6
https://npp.gov.in/public-reports/cea/daily/dgr/24-06-2026/dgr6-2026-06-24.xls,2026/2026-06-24_dgr6.xls,200,20480,9e6da04e71e2b60d8f402b454ebe548efdb315a231bc829d927591653badf2d6,2026-09-14T14:02:57,dgr6
https://npp.gov.in/public-reports/cea/daily/dgr/25-06-2026/dgr6-2026-06-25.xls,2026/2026-06-25_dgr6.xls,404,0,,2026-09-14T14:02:58,dgr6
https://npp.gov.in/public-reports/cea/daily/dgr/26-06-2026/dgr6-2026-06-26.xls,2026/2026-06-26_dgr6.xls,200,20480,cb0c9dc0e1e6d03b8e89465ab4c6828e2e71bdc25797b405ca65e4735bd23b86,2026-09-14T14:02:58,dgr6
https://npp.gov.in/public-reports/cea/daily/dgr/27-06-2026/dgr6-2026-06-27.xls,2026/2026-06-27_dgr6.xls,200,20480,20ba8a00ed5cfcce370b462679d6a41a726b4827f5cc0d9bbca5df9e0a55baa3,2026-09-14T14:02:59,dgr6
https://npp.gov.in/public-reports/cea/daily/dgr/28-06-2026/dgr6-2026-06-28.xls,2026/2026-06-28_dgr6.xls,200,20480,614055723373bc8959e514a772f721b9e103c01b46f5090e1ab790109969374d,2026-09-14T14:02:59,dgr6
https://npp.gov.in/public-reports/cea/daily/dgr/29-06-2026/dgr6-2026-06-29.xls,2026/2026-06-29_dgr6.xls,200,20480,0d396698ce63db737f7c27170a300a7ca354b200d89ad78a1099d263d473a6c0,2026-09-14T14:02:59,dgr6
https://npp.gov.in/public-reports/cea/daily/dgr/30-06-2026/dgr6-2026-06-30.xls,2026/2026-06-30_dgr6.xls,200,20480,259cba87f183e4bfdefbe693992ff3ae53ac328d007a5c73ea064dba083165d4,2026-09-14T14:03:00,dgr6
https://npp.gov.in/public-reports/cea/daily/dgr/01-07-2026/dgr6-2026-07-01.xls,2026/2026-07-01_dgr6.xls,200,20480,ba7c8f319f070bcd2a955fa0af343496c2a8f48f6ee25898999bcd3c8101917c,2026-09-14T14:03:00,dgr6
https://npp.gov.in/public-reports/cea/daily/dgr/02-07-2026/dgr6-2026-07-02.xls,2026/2026-07-02_dgr6.xls,200,20480,689ed2ccd6d19f3852d119faa1d91c7e82ce30585878152a1254dcafe784aaef,2026-09-14T14:03:01,dgr6
https://npp.gov.in/public-reports/cea/daily/dgr/03-07-2026/dgr6-2026-07-03.xls,2026/2026-07-03_dgr6.xls,200,20480,218982be82bb9a8ba5c34b7cf68d324638299cf9e90823b40985041fc61d1997,2026-09-14T14:03:01,dgr6
https://npp.gov.in/public-reports/cea/daily/dgr/04-07-2026/dgr6-2026-07-04.xls,2026/2026-07-04_dgr6.xls,200,20480,6d32ec30aa851cbefa03f9381efc1db5d68e9d242fb662f96f977d4792eaa97f,2026-09-14T14:03:01,dgr6
https://npp.gov.in/public-reports/cea/daily/dgr/05-07-2026/dgr6-2026-07-05.xls,2026/2026-07-05_dgr6.xls,200,20480,3b265fa62ed7c5a5f8ad46d6cf69f2b421ddd0f6bde0b789f08946c8e87a87fc,2026-09-14T14:03:02,dgr6
https://npp.gov.in/public-reports/cea/daily/dgr/06-07-2026/dgr6-2026-07-06.xls,2026/2026-07-06_dgr6.xls,200,20480,0eb0f9a9c3a3e4d16efec467ac712d7fb2756e580a76c662b98d4954f2e7cfc8,2026-09-14T14:03:02,dgr6
https://npp.gov.in/public-reports/cea/daily/dgr/07-07-2026/dgr6-2026-07-07.xls,2026/2026-07-07_dgr6.xls,200,20480,b66bca7a6183b84e203a9cfc331db82b0796d260d8855d0da83e3f07b24ee75f,2026-09-14T14:03:03,dgr6
https://npp.gov.in/public-reports/cea/daily/dgr/08-07-2026/dgr6-2026-07-08.xls,2026/2026-07-08_dgr6.xls,200,20480,f8c2d14c6b317f21bcf6deefcabb877d92f98382017c83ee80a36dc6a1c7837d,2026-09-14T14:03:03,dgr6
https://npp.gov.in/public-reports/cea/daily/dgr/09-07-2026/dgr6-2026-07-09.xls,2026/2026-07-09_dgr6.xls,200,20480,54ab6e3d30bbd3fe05393a192f77e6bd09f39f246fdfcfca9608b464690dfa7e,2026-09-14T14:03:04,dgr6
https://npp.gov.in/public-reports/cea/daily/dgr/10-07-2026/dgr6-2026-07-10.xls,2026/2026-07-10_dgr6.xls,200,20480,5f83bec8edae6301c5bc2db6271fc4f5fac4581424feb2fc3d3b7bb4358319a7,2026-09-14T14:03:04,dgr6
https://npp.gov.in/public-reports/cea/daily/dgr/11-07-2026/dgr6-2026-07-11.xls,2026/2026-07-11_dgr6.xls,200,20480,3b9056c65767a2263ddb9c72c4db4d7d59b76ec12e220c0544bf78ead3c9ba9f,2026-09-14T14:03:04,dgr6
https://npp.gov.in/public-reports/cea/daily/dgr/12-07-2026/dgr6-2026-07-12.xls,2026/2026-07-12_dgr6.xls,200,20480,3a8c346bf2cf944e7f4236cc28f162b35c4b817313b0edc199acdf39f80c942a,2026-09-14T14:03:05,dgr6
https://npp.gov.in/public-reports/cea/daily/dgr/13-07-2026/dgr6-2026-07-13.xls,2026/2026-07-13_dgr6.xls,200,20480,742171a935dda210761f08b55c639abb5e1947f79a99832d3700e4874e6996d5,2026-09-14T14:03:05,dgr6
https://npp.gov.in/public-reports/cea/daily/dgr/14-07-2026/dgr6-2026-07-14.xls,2026/2026-07-14_dgr6.xls,200,20480,3351a4fdd48ec5b31e3e491dfd55898b7fa526ee210cc82f067c82d0f7bc0f78,2026-09-14T14:03:05,dgr6
https://npp.gov.in/public-reports/cea/daily/dgr/15-07-2026/dgr6-2026-07-15.xls,2026/2026-07-15_dgr6.xls,200,20480,8f57c8c13032a8ed33e5a5098b96ac1ef9634a10b3c8297c356ba69f834bfbf3,2026-09-14T14:03:06,dgr6
https://npp.gov.in/public-reports/cea/daily/dgr/16-07-2026/dgr6-2026-07-16.xls,2026/2026-07-16_dgr6.xls,200,20480,4bd956fc6176a0e9e9b5254545865d7a11f2331170ac83969d3ead7b798a3eb6,2026-09-14T14:03:06,dgr6
https://npp.gov.in/public-reports/cea/daily/dgr/17-07-2026/dgr6-2026-07-17.xls,2026/2026-07-17_dgr6.xls,200,20480,a149ecea7a3bbc81bd3b0f6010be424911a008f87554b933bdbd1dce07dae543,2026-09-14T14:03:07,dgr6
https://npp.gov.in/public-reports/cea/daily/dgr/18-07-2026/dgr6-2026-07-18.xls,2026/2026-07-18_dgr6.xls,200,20480,8edbe44dd106fef0657528b9a82f3e71ebd0c33c74608b252dfa7d2dbba3875f,2026-09-14T14:03:07,dgr6
https://npp.gov.in/public-reports/cea/daily/dgr/19-07-2026/dgr6-2026-07-19.xls,2026/2026-07-19_dgr6.xls,200,20480,11375f6ec932d2f2d0638210176850c7a15d6a42429061c7fcadb91f13b807ba,2026-09-14T14:03:07,dgr6
https://npp.gov.in/public-reports/cea/daily/dgr/20-07-2026/dgr6-2026-07-20.xls,2026/2026-07-20_dgr6.xls,200,20480,03761e09da1684697859a745ab30a927723434950b730f3eb2751bbe9cf3800f,2026-09-14T14:03:08,dgr6
https://npp.gov.in/public-reports/cea/daily/dgr/21-07-2026/dgr6-2026-07-21.xls,2026/2026-07-21_dgr6.xls,200,20480,efd1cfc1e484e4027da0931f01ec230b44d359b10802eb0949bcc03505662e12,2026-09-14T14:03:08,dgr6
https://npp.gov.in/public-reports/cea/daily/dgr/22-07-2026/dgr6-2026-07-22.xls,2026/2026-07-22_dgr6.xls,200,20480,cfcc3a62f96048acc7a08acaba854f1559dbdd4bd6f37c9d5ff2a064c697e355,2026-09-14T14:03:09,dgr6
https://npp.gov.in/public-reports/cea/daily/dgr/23-07-2026/dgr6-2026-07-23.xls,2026/2026-07-23_dgr6.xls,200,20480,846046e55417446578d55e8793cebcf2a2237e0a11b4ba90875fb60291590146,2026-09-14T14:03:09,dgr6
https://npp.gov.in/public-reports/cea/daily/dgr/24-07-2026/dgr6-2026-07-24.xls,2026/2026-07-24_dgr6.xls,200,20480,67835c7e2e15c54ba0937cdb5a8a5979959e9bc99edaca8d1eb579b098e334da,2026-09-14T14:03:09,dgr6
https://npp.gov.in/public-reports/cea/daily/dgr/25-07-2026/dgr6-2026-07-25.xls,2026/2026-07-25_dgr6.xls,200,20480,07b18532c840aa250e425ec47fc23259a8d36225eee7f759beee3cb29a044611,2026-09-14T14:03:10,dgr6
https://npp.gov.in/public-reports/cea/daily/dgr/26-07-2026/dgr6-2026-07-26.xls,2026/2026-07-26_dgr6.xls,200,20480,82f9ae50edd1032be714bde0a753b531f7b2fcb360d283430fd1bb017f41f300,2026-09-14T14:03:10,dgr6
https://npp.gov.in/public-reports/cea/daily/dgr/27-07-2026/dgr6-2026-07-27.xls,2026/2026-07-27_dgr6.xls,200,20480,4ee5caee799c1a0082f220d695d6f32f2afa0e2146a1ccc2cea12564a1942f56,2026-09-14T14:03:11,dgr6
https://npp.gov.in/public-reports/cea/daily/dgr/28-07-2026/dgr6-2026-07-28.xls,2026/2026-07-28_dgr6.xls,200,20480,fc4f6c334add16816ac56cf30f50fa2ac0ccc33aed488026363e33ea77104641,2026-09-14T14:03:11,dgr6
https://npp.gov.in/public-reports/cea/daily/dgr/29-07-2026/dgr6-2026-07-29.xls,2026/2026-07-29_dgr6.xls,200,20480,1d2ac9d73ef8a4896160abb51b13c4519f68232fa8aed4dad6346d9e36604cfb,2026-09-14T14:03:11,dgr6
https://npp.gov.in/public-reports/cea/daily/dgr/30-07-2026/dgr6-2026-07-30.xls,2026/2026-07-30_dgr6.xls,200,20480,ed714aea45a3a95ccd84b661ac823a46d00d49c009b8940609b6df121c9272b3,2026-09-14T14:03:12,dgr6
https://npp.gov.in/public-reports/cea/daily/dgr/31-07-2026/dgr6-2026-07-31.xls,2026/2026-07-31_dgr6.xls,200,20480,29d659db306b0f438ad47ac3e7048c5c49d706a53f3fc0f709406357741f13a9,2026-09-14T14:03:12,dgr6
https://npp.gov.in/public-reports/cea/daily/dgr/01-08-2026/dgr6-2026-08-01.xls,2026/2026-08-01_dgr6.xls,200,20480,d5e70532e71e73f58f3cb6c5417576c4203b987bb73d07229658713c66265a3f,2026-09-14T14:03:13,dgr6
https://npp.gov.in/public-reports/cea/daily/dgr/02-08-2026/dgr6-2026-08-02.xls,2026/2026-08-02_dgr6.xls,200,20480,2a5f534098647e9f7edae560774a9167a9c64ca985b2d2c7887fd1a518f6e543,2026-09-14T14:03:13,dgr6
https://npp.gov.in/public-reports/cea/daily/dgr/03-08-2026/dgr6-2026-08-03.xls,2026/2026-08-03_dgr6.xls,200,20480,5a65529d2ad64446819d46d572a21b933694e4b52ee7908f423a0d072f2dc28a,2026-09-14T14:03:13,dgr6
https://npp.gov.in/public-reports/cea/daily/dgr/04-08-2026/dgr6-2026-08-04.xls,2026/2026-08-04_dgr6.xls,200,20480,26ef5e98621990e408b9e7cd498955e36f7884b813fcd2bedcca5277d0814687,2026-09-14T14:03:14,dgr6
https://npp.gov.in/public-reports/cea/daily/dgr/05-08-2026/dgr6-2026-08-05.xls,2026/2026-08-05_dgr6.xls,200,20480,69e7644a5351d9ba053ccb90cd6fd7b6a080191917d113a87e46c26c8393975e,2026-09-14T14:03:14,dgr6
https://npp.gov.in/public-reports/cea/daily/dgr/06-08-2026/dgr6-2026-08-06.xls,2026/2026-08-06_dgr6.xls,200,20480,5fb4633344f4338a10eb90175a30aa17202c2539a8e3843ccb2999db185c6c69,2026-09-14T14:03:15,dgr6
https://npp.gov.in/public-reports/cea/daily/dgr/07-08-2026/dgr6-2026-08-07.xls,2026/2026-08-07_dgr6.xls,200,20480,3a4e46c52f70f87e0202662762be11c28df50e9b1167f9ae5e0c393518865189,2026-09-14T14:03:15,dgr6
https://npp.gov.in/public-reports/cea/daily/dgr/08-08-2026/dgr6-2026-08-08.xls,2026/2026-08-08_dgr6.xls,200,20480,cdebccfb92efab7ae43e7ab25cc2fa359fd63991ef99055f53c5377ef7423e61,2026-09-14T14:03:15,dgr6
https://npp.gov.in/public-reports/cea/daily/dgr/09-08-2026/dgr6-2026-08-09.xls,2026/2026-08-09_dgr6.xls,200,20480,9d48450650a66761e83b2b373d37e015d40632810efece86c714e94430265fdc,2026-09-14T14:03:16,dgr6
https://npp.gov.in/public-reports/cea/daily/dgr/10-08-2026/dgr6-2026-08-10.xls,2026/2026-08-10_dgr6.xls,200,20480,f3dc3371b4fd3b4cdf529c953b756dae983eeeeb82fbe9b9d4becc353ca416b1,2026-09-14T14:03:16,dgr6
https://npp.gov.in/public-reports/cea/daily/dgr/11-08-2026/dgr6-2026-08-11.xls,2026/2026-08-11_dgr6.xls,200,20480,27f7b57ba188cf65d96da4c4c805d5a2c7882e32a02856971abbe14674411e59,2026-09-14T14:03:16,dgr6
https://npp.gov.in/public-reports/cea/daily/dgr/12-08-2026/dgr6-2026-08-12.xls,2026/2026-08-12_dgr6.xls,200,20480,f58f2c87f129c525fb40bbba37c070b7939e585658a8c0f0bca0ac8e9c09a0ed,2026-09-14T14:03:17,dgr6
https://npp.gov.in/public-reports/cea/daily/dgr/13-08-2026/dgr6-2026-08-13.xls,2026/2026-08-13_dgr6.xls,200,20480,a8f4a32a2a2988348e3ab3f39fe201c89360803226e7dc89f8fff9d67c811236,2026-09-14T14:03:17,dgr6
https://npp.gov.in/public-reports/cea/daily/dgr/14-08-2026/dgr6-2026-08-14.xls,2026/2026-08-14_dgr6.xls,200,20480,4ef3956f6b67d482e81ade80bdaf7322f1dcc801416c9eb859657bec58ba6d99,2026-09-14T14:03:17,dgr6
https://npp.gov.in/public-reports/cea/daily/dgr/15-08-2026/dgr6-2026-08-15.xls,2026/2026-08-15_dgr6.xls,200,20480,4b24fcf56abd402a672568db685c079061de3b2b258ae73295d52c4d5fa348b4,2026-09-14T14:03:18,dgr6
https://npp.gov.in/public-reports/cea/daily/dgr/16-08-2026/dgr6-2026-08-16.xls,2026/2026-08-16_dgr6.xls,200,20480,7347e41437584cf9cc2f8d1cc0f794a254843a08a6643c1d25bff39b364a6ec6,2026-09-14T14:03:18,dgr6
https://npp.gov.in/public-reports/cea/daily/dgr/17-08-2026/dgr6-2026-08-17.xls,2026/2026-08-17_dgr6.xls,200,20480,47f0f6a8880e634713a013560ab52008e60d89aca7908fdf42aed3d654ed6bc3,2026-09-14T14:03:19,dgr6
https://npp.gov.in/public-reports/cea/daily/dgr/18-08-2026/dgr6-2026-08-18.xls,2026/2026-08-18_dgr6.xls,200,20480,419df0c4330cadae5b2076a03dc1ad017bf44789c903fe98795a68b703de1214,2026-09-14T14:03:19,dgr6
https://npp.gov.in/public-reports/cea/daily/dgr/19-08-2026/dgr6-2026-08-19.xls,2026/2026-08-19_dgr6.xls,200,20480,f3be7b3054b4224cb811d394ed0f52d565b7761b0f8f942b7b7fb55f261fe373,2026-09-14T14:03:19,dgr6
https://npp.gov.in/public-reports/cea/daily/dgr/20-08-2026/dgr6-2026-08-20.xls,2026/2026-08-20_dgr6.xls,200,20480,456b49fb3f8633c3bbee2e222434ec1c5dc5b1650835f4a649622d996578d75b,2026-09-14T14:03:20,dgr6
https://npp.gov.in/public-reports/cea/daily/dgr/21-08-2026/dgr6-2026-08-21.xls,2026/2026-08-21_dgr6.xls,200,20480,e44b72503aaebd4f6ee5206b947b919fa1b53f82ba2914bb3dbc857c43bc3715,2026-09-14T14:03:20,dgr6
https://npp.gov.in/public-reports/cea/daily/dgr/22-08-2026/dgr6-2026-08-22.xls,2026/2026-08-22_dgr6.xls,200,20480,562cbc45a5d0429dcdffd7a6721b2850626fb27a491110c51545c9f1e1550f1f,2026-09-14T14:03:20,dgr6
https://npp.gov.in/public-reports/cea/daily/dgr/23-08-2026/dgr6-2026-08-23.xls,2026/2026-08-23_dgr6.xls,200,20480,c65e44ee3d946b6e6a97a38c76e9d7fb3c007e6ae15901edd9bf7ad03bba9347,2026-09-14T14:03:21,dgr6
https://npp.gov.in/public-reports/cea/daily/dgr/24-08-2026/dgr6-2026-08-24.xls,2026/2026-08-24_dgr6.xls,200,20480,259f6d3d71f666d09f3688881aefef7ec12844802e30ca1dd6d06a25f4c706a7,2026-09-14T14:03:21,dgr6
https://npp.gov.in/public-reports/cea/daily/dgr/25-08-2026/dgr6-2026-08-25.xls,2026/2026-08-25_dgr6.xls,200,20480,31651627e8db0d78da74c8ca25e5344e46e093a05f09f4d20d894bd3753c9d9c,2026-09-14T14:03:22,dgr6
https://npp.gov.in/public-reports/cea/daily/dgr/26-08-2026/dgr6-2026-08-26.xls,2026/2026-08-26_dgr6.xls,200,20480,bea144a957ee4e19291110d7943aaa98a14b0383be41e93f879bb44415dccce3,2026-09-14T14:03:22,dgr6
https://npp.gov.in/public-reports/cea/daily/dgr/27-08-2026/dgr6-2026-08-27.xls,2026/2026-08-27_dgr6.xls,200,20480,8b2628ee73ca2783154af2740c55d2627a7c54563c03d528028d1e42f15f0f3e,2026-09-14T14:03:22,dgr6
https://npp.gov.in/public-reports/cea/daily/dgr/28-08-2026/dgr6-2026-08-28.xls,2026/2026-08-28_dgr6.xls,200,20480,eadf107f67f744777a4e00313368a9cc36b00d2ae22f3196b8e95432d89e1bf3,2026-09-14T14:03:23,dgr6
https://npp.gov.in/public-reports/cea/daily/dgr/29-08-2026/dgr6-2026-08-29.xls,2026/2026-08-29_dgr6.xls,200,20480,174a65ceb17a0a7541ffb0c7e638b1cfd745e195ead4593634cc5d28df9b45e2,2026-09-14T14:03:23,dgr6
https://npp.gov.in/public-reports/cea/daily/dgr/30-08-2026/dgr6-2026-08-30.xls,2026/2026-08-30_dgr6.xls,200,20480,41c30f6f8fbd91ede404a4fe5eabf7daed978c35fdd4bba18926435160ef8660,2026-09-14T14:03:23,dgr6
https://npp.gov.in/public-reports/cea/daily/dgr/31-08-2026/dgr6-2026-08-31.xls,2026/2026-08-31_dgr6.xls,200,20480,0a477344f9502e0b92bd66ec97805cc5fb6fbe2b417fe782a89c3840fe6e2bfd,2026-09-14T14:03:24,dgr6
https://npp.gov.in/public-reports/cea/daily/dgr/01-09-2026/dgr6-2026-09-01.xls,2026/2026-09-01_dgr6.xls,200,20480,200fa3a2f16be4a61d454587d4b2b28976efb13db4739e3128b8074068f40dc4,2026-09-14T14:03:24,dgr6
https://npp.gov.in/public-reports/cea/daily/dgr/02-09-2026/dgr6-2026-09-02.xls,2026/2026-09-02_dgr6.xls,200,20480,eadafa7ede5e5e3075a1a05b786aea81e19b3189548babd514e9b53fa5e9e15d,2026-09-14T14:03:24,dgr6
https://npp.gov.in/public-reports/cea/daily/dgr/03-09-2026/dgr6-2026-09-03.xls,2026/2026-09-03_dgr6.xls,200,20480,c819750a6fdc562f2ca03039312e8db648a51254f16245cadbb5b407c7e64526,2026-09-14T14:03:25,dgr6
https://npp.gov.in/public-reports/cea/daily/dgr/04-09-2026/dgr6-2026-09-04.xls,2026/2026-09-04_dgr6.xls,200,20480,fec0ca70e20fb2d49e0926f39f24b56c7cb7b612de4b55701043c22c1405d8f9,2026-09-14T14:03:25,dgr6
https://npp.gov.in/public-reports/cea/daily/dgr/05-09-2026/dgr6-2026-09-05.xls,2026/2026-09-05_dgr6.xls,200,20480,f22016e3ae33a9be074766e733de5eb0c5a601e67412227ce8caa54864e9a60a,2026-09-14T14:03:26,dgr6
https://npp.gov.in/public-reports/cea/daily/dgr/06-09-2026/dgr6-2026-09-06.xls,2026/2026-09-06_dgr6.xls,200,20480,a1635d10e69a9d8cdfbe01df4f57be9641524fb659460b2204bcffda23dc4b78,2026-09-14T14:03:27,dgr6
https://npp.gov.in/public-reports/cea/daily/dgr/07-09-2026/dgr6-2026-09-07.xls,2026/2026-09-07_dgr6.xls,200,20480,88c57106d38b47a2abdca932f029829e63a48bd62aee696160d63dfe139bdfd5,2026-09-14T14:03:27,dgr6
https://npp.gov.in/public-reports/cea/daily/dgr/08-09-2026/dgr6-2026-09-08.xls,2026/2026-09-08_dgr6.xls,200,20480,d3455c278283419ddb196b05eca49fc822923bcf2b70997d0f9c63e980035ad8,2026-09-14T14:03:27,dgr6
https://npp.gov.in/public-reports/cea/daily/dgr/09-09-2026/dgr6-2026-09-09.xls,2026/2026-09-09_dgr6.xls,200,20480,a6c4ac4d700d4e50dfc941f9cfd7c8ac178445fbe1d04f2d2b3ac77c776c1edb,2026-09-14T14:03:28,dgr6
https://npp.gov.in/public-reports/cea/daily/dgr/10-09-2026/dgr6-2026-09-10.xls,2026/2026-09-10_dgr6.xls,200,20480,835d9a0b3f05f736f86e9e1547b4033bbd52fec943b6372450acd080707b85c8,2026-09-14T14:03:28,dgr6
https://npp.gov.in/public-reports/cea/daily/dgr/11-09-2026/dgr6-2026-09-11.xls,2026/2026-09-11_dgr6.xls,200,20480,85b32e7307d842a8cafe67efa2e972be79f25779084f8d3bd90aee6c827dab91,2026-09-14T14:03:28,dgr6
