dataset,baseline,h,seed,rung,skill_sq_macro,skill_sq_pooled,skill_mae_macro,skill_mae_pooled,degraded_series,n_series,frac_clipped,n_test,n_val,g_global,var_est,var_within,lam,resid_R2_test,base_mae,base_mse
india_daily,persistence,1,0,rung0_none,0.0,0.0,0.0,0.0,0,20,0.0,8440,7300,1.037285969413669,2.2012971586686515e+17,7.11306936829514e+16,0.24421682916979265,0.18581120739825685,6.719145734597157,106.74375664691944
india_daily,persistence,1,0,rung1_global,0.1359901729114697,0.18578598505809907,0.06431082319965166,0.0895980057369723,2,20,0.0,8440,7300,1.037285969413669,2.2012971586686515e+17,7.11306936829514e+16,0.24421682916979265,0.18581120739825685,6.719145734597157,106.74375664691944
india_daily,persistence,1,0,rung2_series,0.14206027121000342,0.19485159338713365,0.07219629963592858,0.09557479494410348,0,20,0.05,8440,7300,1.037285969413669,2.2012971586686515e+17,7.11306936829514e+16,0.24421682916979265,0.18581120739825685,6.719145734597157,106.74375664691944
india_daily,persistence,1,0,rung3_cell,0.1392082509838522,0.1929360388140875,0.07140767284925209,0.09511701817726026,1,20,0.10888625592417062,8440,7300,1.037285969413669,2.2012971586686515e+17,7.11306936829514e+16,0.24421682916979265,0.18581120739825685,6.719145734597157,106.74375664691944
india_daily,persistence,1,0,rung5_instance,0.11790264642916932,0.1676166739640944,0.05401437636505577,0.08170576175981914,3,20,0.42369668246445497,8440,7300,1.037285969413669,2.2012971586686515e+17,7.11306936829514e+16,0.24421682916979265,0.18581120739825685,6.719145734597157,106.74375664691944
india_daily,persistence,1,0,rung4_shrunk,0.13830951936278782,0.19218814191795175,0.06747156704910244,0.09367649819777801,2,20,0.3088862559241706,8440,7300,1.037285969413669,2.2012971586686515e+17,7.11306936829514e+16,0.24421682916979265,0.18581120739825685,6.719145734597157,106.74375664691944
india_daily,persistence,1,0,rung5b_bagged,0.12563237357733956,0.17997596392540505,0.059198269115358935,0.08825889472965776,3,20,0.48021327014218007,8440,7300,1.037285969413669,2.2012971586686515e+17,7.11306936829514e+16,0.24421682916979265,0.18581120739825685,6.719145734597157,106.74375664691944
india_daily,persistence,1,0,oracle_instance,0.36543135497014323,0.44174956851364144,0.3043568111182928,0.3413787215288806,0,20,0.793957345971564,8440,7300,1.037285969413669,2.2012971586686515e+17,7.11306936829514e+16,0.24421682916979265,0.18581120739825685,6.719145734597157,106.74375664691944
india_daily,persistence,1,1,rung0_none,0.0,0.0,0.0,0.0,0,20,0.0,8440,7300,1.0232105455726777,9.467985109146742e+16,2.4123395021448388e+16,0.20305333238555162,0.19493837709473405,6.719145734597157,106.74375664691944
india_daily,persistence,1,1,rung1_global,0.1399237561520035,0.19495446864977184,0.0661108273417595,0.09237183658868131,1,20,0.0,8440,7300,1.0232105455726777,9.467985109146742e+16,2.4123395021448388e+16,0.20305333238555162,0.19493837709473405,6.719145734597157,106.74375664691944
india_daily,persistence,1,1,rung2_series,0.1436461830814723,0.20164266759189575,0.07276540410065754,0.0967428688755061,0,20,0.0,8440,7300,1.0232105455726777,9.467985109146742e+16,2.4123395021448388e+16,0.20305333238555162,0.19493837709473405,6.719145734597157,106.74375664691944
india_daily,persistence,1,1,rung3_cell,0.13968376374786504,0.19949382373045577,0.0711141470357806,0.09579155469004164,1,20,0.07049763033175356,8440,7300,1.0232105455726777,9.467985109146742e+16,2.4123395021448388e+16,0.20305333238555162,0.19493837709473405,6.719145734597157,106.74375664691944
india_daily,persistence,1,1,rung5_instance,0.1257239015804835,0.1851842255143593,0.05933506661821306,0.08911846863372852,2,20,0.4824644549763033,8440,7300,1.0232105455726777,9.467985109146742e+16,2.4123395021448388e+16,0.20305333238555162,0.19493837709473405,6.719145734597157,106.74375664691944
india_daily,persistence,1,1,rung4_shrunk,0.13761153042435276,0.19832706692440916,0.06759472979912376,0.09450056350261316,3,20,0.28696682464454976,8440,7300,1.0232105455726777,9.467985109146742e+16,2.4123395021448388e+16,0.20305333238555162,0.19493837709473405,6.719145734597157,106.74375664691944
india_daily,persistence,1,1,rung5b_bagged,0.1250769344838487,0.18149554422976022,0.059740013186710336,0.08741288497817268,2,20,0.49075829383886255,8440,7300,1.0232105455726777,9.467985109146742e+16,2.4123395021448388e+16,0.20305333238555162,0.19493837709473405,6.719145734597157,106.74375664691944
india_daily,persistence,1,1,oracle_instance,0.36963110100999896,0.45631175937512936,0.30692824142538283,0.3483047247449489,0,20,0.7927725118483412,8440,7300,1.0232105455726777,9.467985109146742e+16,2.4123395021448388e+16,0.20305333238555162,0.19493837709473405,6.719145734597157,106.74375664691944
india_daily,persistence,1,2,rung0_none,0.0,0.0,0.0,0.0,0,20,0.0,8440,7300,0.9983032671414627,2.9552199464752224e+17,7.999436083404629e+16,0.21302497125980083,0.1973084190689386,6.719145734597157,106.74375664691944
india_daily,persistence,1,2,rung1_global,0.13924092815809885,0.1973123189998056,0.06663257110940321,0.09426266742848,1,20,0.0,8440,7300,0.9983032671414627,2.9552199464752224e+17,7.999436083404629e+16,0.21302497125980083,0.1973084190689386,6.719145734597157,106.74375664691944
india_daily,persistence,1,2,rung2_series,0.14090072365957756,0.20134640403623827,0.07159987930489893,0.09746517872004745,1,20,0.1,8440,7300,0.9983032671414627,2.9552199464752224e+17,7.999436083404629e+16,0.21302497125980083,0.1973084190689386,6.719145734597157,106.74375664691944
india_daily,persistence,1,2,rung3_cell,0.13968839610499179,0.2006203462404298,0.07041059836232366,0.09673551385263368,1,20,0.05829383886255924,8440,7300,0.9983032671414627,2.9552199464752224e+17,7.999436083404629e+16,0.21302497125980083,0.1973084190689386,6.719145734597157,106.74375664691944
india_daily,persistence,1,2,rung5_instance,0.11704570646314287,0.18267035331884396,0.054268278348429455,0.08712839140022255,4,20,0.46481042654028437,8440,7300,0.9983032671414627,2.9552199464752224e+17,7.999436083404629e+16,0.21302497125980083,0.1973084190689386,6.719145734597157,106.74375664691944
india_daily,persistence,1,2,rung4_shrunk,0.13677812391368166,0.20005399397642187,0.06628749997977254,0.09503078899197548,2,20,0.2886255924170616,8440,7300,0.9983032671414627,2.9552199464752224e+17,7.999436083404629e+16,0.21302497125980083,0.1973084190689386,6.719145734597157,106.74375664691944
india_daily,persistence,1,2,rung5b_bagged,0.12462943491465617,0.18533731260407071,0.05805414262004986,0.08772025800835659,2,20,0.4876777251184834,8440,7300,0.9983032671414627,2.9552199464752224e+17,7.999436083404629e+16,0.21302497125980083,0.1973084190689386,6.719145734597157,106.74375664691944
india_daily,persistence,1,2,oracle_instance,0.36835986276279,0.44890885490234067,0.30661478132909303,0.34482446902051245,0,20,0.7933649289099526,8440,7300,0.9983032671414627,2.9552199464752224e+17,7.999436083404629e+16,0.21302497125980083,0.1973084190689386,6.719145734597157,106.74375664691944
india_daily,persistence,1,3,rung0_none,0.0,0.0,0.0,0.0,0,20,0.0,8440,7300,1.0257865910684554,1.812250135745959e+17,6.444993399806204e+16,0.26233824260408595,0.19839747834580979,6.719145734597157,106.74375664691944
india_daily,persistence,1,3,rung1_global,0.14038469119762564,0.1986597483315744,0.06425901964982286,0.09133186527970105,1,20,0.0,8440,7300,1.0257865910684554,1.812250135745959e+17,6.444993399806204e+16,0.26233824260408595,0.19839747834580979,6.719145734597157,106.74375664691944
india_daily,persistence,1,3,rung2_series,0.14636961926744887,0.20621812008744234,0.07146357140072868,0.09696857729949937,0,20,0.05,8440,7300,1.0257865910684554,1.812250135745959e+17,6.444993399806204e+16,0.26233824260408595,0.19839747834580979,6.719145734597157,106.74375664691944
india_daily,persistence,1,3,rung3_cell,0.14311808789372155,0.2042749001217532,0.07092873948234901,0.09649195274062317,1,20,0.07049763033175356,8440,7300,1.0257865910684554,1.812250135745959e+17,6.444993399806204e+16,0.26233824260408595,0.19839747834580979,6.719145734597157,106.74375664691944
india_daily,persistence,1,3,rung5_instance,0.123468722056672,0.18198684683473487,0.056898341166577306,0.08670035855022051,4,20,0.4693127962085308,8440,7300,1.0257865910684554,1.812250135745959e+17,6.444993399806204e+16,0.26233824260408595,0.19839747834580979,6.719145734597157,106.74375664691944
india_daily,persistence,1,3,rung4_shrunk,0.14155472390623833,0.20645120802461892,0.06624816729867092,0.09655468582424587,3,20,0.3623222748815166,8440,7300,1.0257865910684554,1.812250135745959e+17,6.444993399806204e+16,0.26233824260408595,0.19839747834580979,6.719145734597157,106.74375664691944
india_daily,persistence,1,3,rung5b_bagged,0.12985274070010053,0.19270416100323418,0.05988946306933516,0.09131536767322335,3,20,0.526303317535545,8440,7300,1.0257865910684554,1.812250135745959e+17,6.444993399806204e+16,0.26233824260408595,0.19839747834580979,6.719145734597157,106.74375664691944
india_daily,persistence,1,3,oracle_instance,0.36954977742545425,0.45603545978502846,0.3044747530903666,0.3448717119885748,0,20,0.79739336492891,8440,7300,1.0257865910684554,1.812250135745959e+17,6.444993399806204e+16,0.26233824260408595,0.19839747834580979,6.719145734597157,106.74375664691944
india_daily,persistence,1,4,rung0_none,0.0,0.0,0.0,0.0,0,20,0.0,8440,7300,1.037143955088872,1.676468915667939e+17,8.616740765206928e+16,0.33948996536939563,0.2002743633837054,6.719145734597157,106.74375664691944
india_daily,persistence,1,4,rung1_global,0.14254029068076135,0.20089559783852906,0.06613917329949924,0.09373765446064686,1,20,0.0,8440,7300,1.037143955088872,1.676468915667939e+17,8.616740765206928e+16,0.33948996536939563,0.2002743633837054,6.719145734597157,106.74375664691944
india_daily,persistence,1,4,rung2_series,0.14700933030298352,0.20705407051435298,0.07261784791565115,0.09839887111063628,0,20,0.05,8440,7300,1.037143955088872,1.676468915667939e+17,8.616740765206928e+16,0.33948996536939563,0.2002743633837054,6.719145734597157,106.74375664691944
india_daily,persistence,1,4,rung3_cell,0.14437361326793444,0.2048265556468506,0.07100691195663524,0.09698845635458708,1,20,0.1212085308056872,8440,7300,1.037143955088872,1.676468915667939e+17,8.616740765206928e+16,0.33948996536939563,0.2002743633837054,6.719145734597157,106.74375664691944
india_daily,persistence,1,4,rung5_instance,0.12682165333580667,0.18965275125165482,0.058673624016125615,0.08902327906672902,4,20,0.5169431279620853,8440,7300,1.037143955088872,1.676468915667939e+17,8.616740765206928e+16,0.33948996536939563,0.2002743633837054,6.719145734597157,106.74375664691944
india_daily,persistence,1,4,rung4_shrunk,0.1394783246067067,0.20239414297185165,0.0639424761779961,0.09373074655307956,3,20,0.36196682464454977,8440,7300,1.037143955088872,1.676468915667939e+17,8.616740765206928e+16,0.33948996536939563,0.2002743633837054,6.719145734597157,106.74375664691944
india_daily,persistence,1,4,rung5b_bagged,0.1279282603326904,0.1889817819576467,0.05681794283752748,0.0867493284642129,3,20,0.5208530805687204,8440,7300,1.037143955088872,1.676468915667939e+17,8.616740765206928e+16,0.33948996536939563,0.2002743633837054,6.719145734597157,106.74375664691944
india_daily,persistence,1,4,oracle_instance,0.3687179667859026,0.44892467615122367,0.3040760273306113,0.34346287239228057,0,20,0.7968009478672986,8440,7300,1.037143955088872,1.676468915667939e+17,8.616740765206928e+16,0.33948996536939563,0.2002743633837054,6.719145734597157,106.74375664691944
india_daily,persistence,1,5,rung0_none,0.0,0.0,0.0,0.0,0,20,0.0,8440,7300,0.9684126479524092,3.3352881072683686e+17,1.0016366191080453e+17,0.23095550010731508,0.1745764451903854,6.719145734597157,106.74375664691944
india_daily,persistence,1,5,rung1_global,0.1271583111801478,0.17540373848144353,0.059033082472105126,0.08263348071832877,2,20,0.0,8440,7300,0.9684126479524092,3.3352881072683686e+17,1.0016366191080453e+17,0.23095550010731508,0.1745764451903854,6.719145734597157,106.74375664691944
india_daily,persistence,1,5,rung2_series,0.1334547362905746,0.18638430705308384,0.06663148243205894,0.08930556567320114,1,20,0.05,8440,7300,0.9684126479524092,3.3352881072683686e+17,1.0016366191080453e+17,0.23095550010731508,0.1745764451903854,6.719145734597157,106.74375664691944
india_daily,persistence,1,5,rung3_cell,0.13047593347604755,0.18531735593572163,0.06486157052625771,0.0885625438669253,2,20,0.07049763033175356,8440,7300,0.9684126479524092,3.3352881072683686e+17,1.0016366191080453e+17,0.23095550010731508,0.1745764451903854,6.719145734597157,106.74375664691944
india_daily,persistence,1,5,rung5_instance,0.11044373441804085,0.16584641135556155,0.05121605379011509,0.07904203685901057,3,20,0.4184834123222749,8440,7300,0.9684126479524092,3.3352881072683686e+17,1.0016366191080453e+17,0.23095550010731508,0.1745764451903854,6.719145734597157,106.74375664691944
india_daily,persistence,1,5,rung4_shrunk,0.12343745880074004,0.17878999176643018,0.05876876597411336,0.0853863606437738,3,20,0.25793838862559243,8440,7300,0.9684126479524092,3.3352881072683686e+17,1.0016366191080453e+17,0.23095550010731508,0.1745764451903854,6.719145734597157,106.74375664691944
india_daily,persistence,1,5,rung5b_bagged,0.10527816001201966,0.15616016813770073,0.049698399884848546,0.07594937863904871,5,20,0.4729857819905213,8440,7300,0.9684126479524092,3.3352881072683686e+17,1.0016366191080453e+17,0.23095550010731508,0.1745764451903854,6.719145734597157,106.74375664691944
india_daily,persistence,1,5,oracle_instance,0.3749670147617158,0.45465766442435107,0.3122241904389611,0.35057580991820925,0,20,0.7879146919431279,8440,7300,0.9684126479524092,3.3352881072683686e+17,1.0016366191080453e+17,0.23095550010731508,0.1745764451903854,6.719145734597157,106.74375664691944
india_daily,persistence,1,6,rung0_none,0.0,0.0,0.0,0.0,0,20,0.0,8440,7300,0.9572300407343447,7.560116743471276e+17,2.069911807157792e+17,0.2149434756372117,0.18706702939064845,6.719145734597157,106.74375664691944
india_daily,persistence,1,6,rung1_global,0.1334102296730719,0.18715738982628105,0.06241019886129284,0.08780098196101205,2,20,0.0,8440,7300,0.9572300407343447,7.560116743471276e+17,2.069911807157792e+17,0.2149434756372117,0.18706702939064845,6.719145734597157,106.74375664691944
india_daily,persistence,1,6,rung2_series,0.1395573776505355,0.19736918496518752,0.07058025259616638,0.09486036017649946,0,20,0.0,8440,7300,0.9572300407343447,7.560116743471276e+17,2.069911807157792e+17,0.2149434756372117,0.18706702939064845,6.719145734597157,106.74375664691944
india_daily,persistence,1,6,rung3_cell,0.13657715325563244,0.19561280467260822,0.06921109302255499,0.09402096128541282,1,20,0.07049763033175356,8440,7300,0.9572300407343447,7.560116743471276e+17,2.069911807157792e+17,0.2149434756372117,0.18706702939064845,6.719145734597157,106.74375664691944
india_daily,persistence,1,6,rung5_instance,0.1154254268443129,0.17014226640608865,0.05413947575981344,0.08197003858478547,5,20,0.44004739336492893,8440,7300,0.9572300407343447,7.560116743471276e+17,2.069911807157792e+17,0.2149434756372117,0.18706702939064845,6.719145734597157,106.74375664691944
india_daily,persistence,1,6,rung4_shrunk,0.1318534323502398,0.19045639453273788,0.06306311269798784,0.08999363058634391,3,20,0.3067535545023697,8440,7300,0.9572300407343447,7.560116743471276e+17,2.069911807157792e+17,0.2149434756372117,0.18706702939064845,6.719145734597157,106.74375664691944
india_daily,persistence,1,6,rung5b_bagged,0.11309956293660654,0.17126568325286906,0.05015499729590043,0.08032355369747424,5,20,0.5203791469194313,8440,7300,0.9572300407343447,7.560116743471276e+17,2.069911807157792e+17,0.2149434756372117,0.18706702939064845,6.719145734597157,106.74375664691944
india_daily,persistence,1,6,oracle_instance,0.3679123629302565,0.4487976858528714,0.3067249494713854,0.34552436630938455,0,20,0.7915876777251185,8440,7300,0.9572300407343447,7.560116743471276e+17,2.069911807157792e+17,0.2149434756372117,0.18706702939064845,6.719145734597157,106.74375664691944
india_daily,persistence,1,7,rung0_none,0.0,0.0,0.0,0.0,0,20,0.0,8440,7300,1.0805660082638007,1.2277820345605506e+17,2.785751474375713e+16,0.18493299648098907,0.19690401602607588,6.719145734597157,106.74375664691944
india_daily,persistence,1,7,rung1_global,0.1405764374968737,0.19850935154120686,0.06730870785438574,0.09547841373474841,1,20,0.0,8440,7300,1.0805660082638007,1.2277820345605506e+17,2.785751474375713e+16,0.18493299648098907,0.19690401602607588,6.719145734597157,106.74375664691944
india_daily,persistence,1,7,rung2_series,0.14614529078902921,0.20527515248751949,0.07393832182184844,0.09990117306279811,0,20,0.15,8440,7300,1.0805660082638007,1.2277820345605506e+17,2.785751474375713e+16,0.18493299648098907,0.19690401602607588,6.719145734597157,106.74375664691944
india_daily,persistence,1,7,rung3_cell,0.14472823966126405,0.20446221835486944,0.07299703297194074,0.0993453651039301,1,20,0.075,8440,7300,1.0805660082638007,1.2277820345605506e+17,2.785751474375713e+16,0.18493299648098907,0.19690401602607588,6.719145734597157,106.74375664691944
india_daily,persistence,1,7,rung5_instance,0.1282767910149687,0.1876044892957922,0.06001306079941051,0.08989255289982612,2,20,0.5619668246445497,8440,7300,1.0805660082638007,1.2277820345605506e+17,2.785751474375713e+16,0.18493299648098907,0.19690401602607588,6.719145734597157,106.74375664691944
india_daily,persistence,1,7,rung4_shrunk,0.14562092824385514,0.20590386704070895,0.07342297961090176,0.10066020097797224,1,20,0.34443127962085307,8440,7300,1.0805660082638007,1.2277820345605506e+17,2.785751474375713e+16,0.18493299648098907,0.19690401602607588,6.719145734597157,106.74375664691944
india_daily,persistence,1,7,rung5b_bagged,0.13280936148139608,0.19169867231811122,0.06619656746454329,0.09488790746564302,3,20,0.5494075829383887,8440,7300,1.0805660082638007,1.2277820345605506e+17,2.785751474375713e+16,0.18493299648098907,0.19690401602607588,6.719145734597157,106.74375664691944
india_daily,persistence,1,7,oracle_instance,0.3516782166469275,0.43499031463433546,0.2899455164671929,0.32992544974099514,0,20,0.808649289099526,8440,7300,1.0805660082638007,1.2277820345605506e+17,2.785751474375713e+16,0.18493299648098907,0.19690401602607588,6.719145734597157,106.74375664691944
india_daily,persistence,1,8,rung0_none,0.0,0.0,0.0,0.0,0,20,0.0,8440,7300,1.0250762117804726,1.543177457024851e+17,3.808380709467552e+16,0.19793918781323655,0.19116636323165737,6.719145734597157,106.74375664691944
india_daily,persistence,1,8,rung1_global,0.1365800798695205,0.19139363051481373,0.06414976876552651,0.09132483431240956,1,20,0.0,8440,7300,1.0250762117804726,1.543177457024851e+17,3.808380709467552e+16,0.19793918781323655,0.19116636323165737,6.719145734597157,106.74375664691944
india_daily,persistence,1,8,rung2_series,0.14143700807182716,0.1981209174920332,0.07042368239813179,0.09542491401620423,0,20,0.1,8440,7300,1.0250762117804726,1.543177457024851e+17,3.808380709467552e+16,0.19793918781323655,0.19116636323165737,6.719145734597157,106.74375664691944
india_daily,persistence,1,8,rung3_cell,0.1389434368068307,0.1957389872343448,0.06828925344017127,0.09397260064249402,1,20,0.11327014218009479,8440,7300,1.0250762117804726,1.543177457024851e+17,3.808380709467552e+16,0.19793918781323655,0.19116636323165737,6.719145734597157,106.74375664691944
india_daily,persistence,1,8,rung5_instance,0.12119043597407145,0.17974518182727506,0.055620866086584786,0.08715939809579787,2,20,0.4901658767772512,8440,7300,1.0250762117804726,1.543177457024851e+17,3.808380709467552e+16,0.19793918781323655,0.19116636323165737,6.719145734597157,106.74375664691944
india_daily,persistence,1,8,rung4_shrunk,0.13817476018801936,0.19693599275438978,0.06638770775923356,0.09409805753159561,1,20,0.3197867298578199,8440,7300,1.0250762117804726,1.543177457024851e+17,3.808380709467552e+16,0.19793918781323655,0.19116636323165737,6.719145734597157,106.74375664691944
india_daily,persistence,1,8,rung5b_bagged,0.1225777012613973,0.18332983974587247,0.057891389606581065,0.0880021176760788,3,20,0.5347156398104266,8440,7300,1.0250762117804726,1.543177457024851e+17,3.808380709467552e+16,0.19793918781323655,0.19116636323165737,6.719145734597157,106.74375664691944
india_daily,persistence,1,8,oracle_instance,0.3628360194347546,0.4428702088992623,0.30149904213019924,0.34040757891782103,0,20,0.7977488151658768,8440,7300,1.0250762117804726,1.543177457024851e+17,3.808380709467552e+16,0.19793918781323655,0.19116636323165737,6.719145734597157,106.74375664691944
india_daily,persistence,1,9,rung0_none,0.0,0.0,0.0,0.0,0,20,0.0,8440,7300,1.013605528824307,2.7389666699185274e+17,9.584534778617051e+16,0.2592222251066377,0.18857452820802,6.719145734597157,106.74375664691944
india_daily,persistence,1,9,rung1_global,0.13569358206249554,0.18853815797696782,0.06514187988883599,0.09130586779482697,2,20,0.0,8440,7300,1.013605528824307,2.7389666699185274e+17,9.584534778617051e+16,0.2592222251066377,0.18857452820802,6.719145734597157,106.74375664691944
india_daily,persistence,1,9,rung2_series,0.143592954927818,0.19862894944001597,0.07374352787873292,0.09809223866123362,0,20,0.05,8440,7300,1.013605528824307,2.7389666699185274e+17,9.584534778617051e+16,0.2592222251066377,0.18857452820802,6.719145734597157,106.74375664691944
india_daily,persistence,1,9,rung3_cell,0.1404473049808145,0.19621240625648306,0.07169714070496175,0.09671848952420525,1,20,0.0962085308056872,8440,7300,1.013605528824307,2.7389666699185274e+17,9.584534778617051e+16,0.2592222251066377,0.18857452820802,6.719145734597157,106.74375664691944
india_daily,persistence,1,9,rung5_instance,0.11687216874249669,0.1728446232481763,0.05429823588340869,0.08318528279297854,4,20,0.5063981042654029,8440,7300,1.013605528824307,2.7389666699185274e+17,9.584534778617051e+16,0.2592222251066377,0.18857452820802,6.719145734597157,106.74375664691944
india_daily,persistence,1,9,rung4_shrunk,0.13583512143846233,0.1920502479400924,0.06762368479009273,0.09471030937925407,2,20,0.3449052132701422,8440,7300,1.013605528824307,2.7389666699185274e+17,9.584534778617051e+16,0.2592222251066377,0.18857452820802,6.719145734597157,106.74375664691944
india_daily,persistence,1,9,rung5b_bagged,0.12261181664493156,0.1803548370103495,0.05891901290382375,0.08869506933670579,2,20,0.5402843601895735,8440,7300,1.013605528824307,2.7389666699185274e+17,9.584534778617051e+16,0.2592222251066377,0.18857452820802,6.719145734597157,106.74375664691944
india_daily,persistence,1,9,oracle_instance,0.3624647027045804,0.44819109301100146,0.30099342696346715,0.34274331517418855,0,20,0.7949052132701422,8440,7300,1.013605528824307,2.7389666699185274e+17,9.584534778617051e+16,0.2592222251066377,0.18857452820802,6.719145734597157,106.74375664691944
india_daily,persistence,2,0,rung0_none,0.0,0.0,0.0,0.0,0,20,0.0,8420,7300,0.7981973595846852,1.5358020763500524e+18,3.6682346558920326e+17,0.19279856046467114,0.08535798701077446,9.59811757719715,212.29175882422808
india_daily,persistence,2,0,rung1_global,0.09608680434793752,0.11976351275068009,0.045703896231581845,0.05579674162313575,3,20,0.0,8420,7300,0.7981973595846852,1.5358020763500524e+18,3.6682346558920326e+17,0.19279856046467114,0.08535798701077446,9.59811757719715,212.29175882422808
india_daily,persistence,2,0,rung2_series,0.12033212751392905,0.15878787984079978,0.058098800560753415,0.07464688586673551,0,20,0.0,8420,7300,0.7981973595846852,1.5358020763500524e+18,3.6682346558920326e+17,0.19279856046467114,0.08535798701077446,9.59811757719715,212.29175882422808
india_daily,persistence,2,0,rung3_cell,0.11954897888345024,0.15744559969595273,0.05733118580310224,0.07360892489096693,0,20,0.03479809976247031,8420,7300,0.7981973595846852,1.5358020763500524e+18,3.6682346558920326e+17,0.19279856046467114,0.08535798701077446,9.59811757719715,212.29175882422808
india_daily,persistence,2,0,rung5_instance,0.08187356400104748,0.12800958425868314,0.036072650729496364,0.05955700133664865,5,20,0.42874109263657956,8420,7300,0.7981973595846852,1.5358020763500524e+18,3.6682346558920326e+17,0.19279856046467114,0.08535798701077446,9.59811757719715,212.29175882422808
india_daily,persistence,2,0,rung4_shrunk,0.1051867259259103,0.15411197966379875,0.046579773857008136,0.0705249824228148,5,20,0.2793349168646081,8420,7300,0.7981973595846852,1.5358020763500524e+18,3.6682346558920326e+17,0.19279856046467114,0.08535798701077446,9.59811757719715,212.29175882422808
india_daily,persistence,2,0,rung5b_bagged,0.08188345484434441,0.13417003655265602,0.03614043471707639,0.0634042263235236,5,20,0.44192399049881237,8420,7300,0.7981973595846852,1.5358020763500524e+18,3.6682346558920326e+17,0.19279856046467114,0.08535798701077446,9.59811757719715,212.29175882422808
india_daily,persistence,2,0,oracle_instance,0.4013001565847173,0.4692555135590971,0.3398806408960403,0.3720837757855461,0,20,0.7612826603325415,8420,7300,0.7981973595846852,1.5358020763500524e+18,3.6682346558920326e+17,0.19279856046467114,0.08535798701077446,9.59811757719715,212.29175882422808
india_daily,persistence,2,1,rung0_none,0.0,0.0,0.0,0.0,0,20,0.0,8420,7300,0.9242589277752599,7.919036818976188e+17,1.9229465436044138e+17,0.19538201526691168,0.1441778541178097,9.59811757719715,212.29175882422808
india_daily,persistence,2,1,rung1_global,0.11400931156609787,0.1499190639159792,0.05348307713579244,0.06898392883860216,3,20,0.0,8420,7300,0.9242589277752599,7.919036818976188e+17,1.9229465436044138e+17,0.19538201526691168,0.1441778541178097,9.59811757719715,212.29175882422808
india_daily,persistence,2,1,rung2_series,0.1286018666486902,0.17197020136170837,0.06078723528533932,0.0796498876412336,1,20,0.05,8420,7300,0.9242589277752599,7.919036818976188e+17,1.9229465436044138e+17,0.19538201526691168,0.1441778541178097,9.59811757719715,212.29175882422808
india_daily,persistence,2,1,rung3_cell,0.12709560194036051,0.17039841343767215,0.060588447208871424,0.07921369921874566,1,20,0.13218527315914488,8420,7300,0.9242589277752599,7.919036818976188e+17,1.9229465436044138e+17,0.19538201526691168,0.1441778541178097,9.59811757719715,212.29175882422808
india_daily,persistence,2,1,rung5_instance,0.09735976463028426,0.1394874787381919,0.04597618598759675,0.0664753590028383,4,20,0.44002375296912116,8420,7300,0.9242589277752599,7.919036818976188e+17,1.9229465436044138e+17,0.19538201526691168,0.1441778541178097,9.59811757719715,212.29175882422808
india_daily,persistence,2,1,rung4_shrunk,0.11306041383067415,0.16295285899855572,0.053385790521501185,0.07488838168443024,4,20,0.318646080760095,8420,7300,0.9242589277752599,7.919036818976188e+17,1.9229465436044138e+17,0.19538201526691168,0.1441778541178097,9.59811757719715,212.29175882422808
india_daily,persistence,2,1,rung5b_bagged,0.0920304370099381,0.13595644864086232,0.04013550226087926,0.06176853272556526,4,20,0.47743467933491684,8420,7300,0.9242589277752599,7.919036818976188e+17,1.9229465436044138e+17,0.19538201526691168,0.1441778541178097,9.59811757719715,212.29175882422808
india_daily,persistence,2,1,oracle_instance,0.38793389813402535,0.459201600510327,0.32191805251046735,0.3567120226146947,0,20,0.7785035629453682,8420,7300,0.9242589277752599,7.919036818976188e+17,1.9229465436044138e+17,0.19538201526691168,0.1441778541178097,9.59811757719715,212.29175882422808
india_daily,persistence,2,2,rung0_none,0.0,0.0,0.0,0.0,0,20,0.0,8420,7300,0.8290924137454122,1.139422448869021e+18,2.7852129162755053e+17,0.19642619355970417,0.11438799301712255,9.59811757719715,212.29175882422808
india_daily,persistence,2,2,rung1_global,0.10643844966047993,0.13522668640035307,0.04938326069880972,0.062187981264240966,2,20,0.0,8420,7300,0.8290924137454122,1.139422448869021e+18,2.7852129162755053e+17,0.19642619355970417,0.11438799301712255,9.59811757719715,212.29175882422808
india_daily,persistence,2,2,rung2_series,0.12016181936482377,0.16223586164593973,0.056526584688594325,0.07466495487580238,1,20,0.0,8420,7300,0.8290924137454122,1.139422448869021e+18,2.7852129162755053e+17,0.19642619355970417,0.11438799301712255,9.59811757719715,212.29175882422808
india_daily,persistence,2,2,rung3_cell,0.11841718027416466,0.16040765718561378,0.05590084276366629,0.07364210580170782,1,20,0.0839667458432304,8420,7300,0.8290924137454122,1.139422448869021e+18,2.7852129162755053e+17,0.19642619355970417,0.11438799301712255,9.59811757719715,212.29175882422808
india_daily,persistence,2,2,rung5_instance,0.08282723630878037,0.13139046141643596,0.03612765346877293,0.05899048434011578,4,20,0.4034441805225653,8420,7300,0.8290924137454122,1.139422448869021e+18,2.7852129162755053e+17,0.19642619355970417,0.11438799301712255,9.59811757719715,212.29175882422808
india_daily,persistence,2,2,rung4_shrunk,0.10830475049703052,0.15732451721942875,0.049048534931784724,0.07080559095134387,4,20,0.26128266033254155,8420,7300,0.8290924137454122,1.139422448869021e+18,2.7852129162755053e+17,0.19642619355970417,0.11438799301712255,9.59811757719715,212.29175882422808
india_daily,persistence,2,2,rung5b_bagged,0.07653366874910394,0.11375519286569413,0.03034815827581508,0.050604170758026035,5,20,0.4461995249406176,8420,7300,0.8290924137454122,1.139422448869021e+18,2.7852129162755053e+17,0.19642619355970417,0.11438799301712255,9.59811757719715,212.29175882422808
india_daily,persistence,2,2,oracle_instance,0.40242004558256317,0.46534779319925923,0.34136132823815474,0.3718072399253508,0,20,0.754394299287411,8420,7300,0.8290924137454122,1.139422448869021e+18,2.7852129162755053e+17,0.19642619355970417,0.11438799301712255,9.59811757719715,212.29175882422808
india_daily,persistence,2,3,rung0_none,0.0,0.0,0.0,0.0,0,20,0.0,8420,7300,0.9074351942826437,3.156437334394913e+17,1.0059761214849957e+17,0.24168096998243496,0.13052368893788358,9.59811757719715,212.29175882422808
india_daily,persistence,2,3,rung1_global,0.10951243942515525,0.14028002955491714,0.05258283681576594,0.0664117138488427,1,20,0.0,8420,7300,0.9074351942826437,3.156437334394913e+17,1.0059761214849957e+17,0.24168096998243496,0.13052368893788358,9.59811757719715,212.29175882422808
india_daily,persistence,2,3,rung2_series,0.12943271554689045,0.17147612663653267,0.06135095604236536,0.07954729583513864,0,20,0.1,8420,7300,0.9074351942826437,3.156437334394913e+17,1.0059761214849957e+17,0.24168096998243496,0.13052368893788358,9.59811757719715,212.29175882422808
india_daily,persistence,2,3,rung3_cell,0.12889992280695836,0.16960935298879942,0.060956892244206994,0.07881414719123869,0,20,0.10736342042755344,8420,7300,0.9074351942826437,3.156437334394913e+17,1.0059761214849957e+17,0.24168096998243496,0.13052368893788358,9.59811757719715,212.29175882422808
india_daily,persistence,2,3,rung5_instance,0.09983558986676748,0.13854692029889382,0.0462596199484,0.0660559199545867,4,20,0.5052256532066508,8420,7300,0.9074351942826437,3.156437334394913e+17,1.0059761214849957e+17,0.24168096998243496,0.13052368893788358,9.59811757719715,212.29175882422808
india_daily,persistence,2,3,rung4_shrunk,0.11958207742699248,0.1656963490498985,0.054638910403755236,0.07660980427489494,4,20,0.363895486935867,8420,7300,0.9074351942826437,3.156437334394913e+17,1.0059761214849957e+17,0.24168096998243496,0.13052368893788358,9.59811757719715,212.29175882422808
india_daily,persistence,2,3,rung5b_bagged,0.10452980676938309,0.14480062788914483,0.04779156226760588,0.07042242875732208,3,20,0.5363420427553445,8420,7300,0.9074351942826437,3.156437334394913e+17,1.0059761214849957e+17,0.24168096998243496,0.13052368893788358,9.59811757719715,212.29175882422808
india_daily,persistence,2,3,oracle_instance,0.3899145636468776,0.4652699742797921,0.3246267026195644,0.3611402815305541,0,20,0.7760095011876484,8420,7300,0.9074351942826437,3.156437334394913e+17,1.0059761214849957e+17,0.24168096998243496,0.13052368893788358,9.59811757719715,212.29175882422808
india_daily,persistence,2,4,rung0_none,0.0,0.0,0.0,0.0,0,20,0.0,8420,7300,0.8243896275212883,2.01076474778197e+18,5.853567803879372e+17,0.22547356664022378,0.11361791686909772,9.59811757719715,212.29175882422808
india_daily,persistence,2,4,rung1_global,0.10614373518408934,0.1349560139790853,0.04954351422441084,0.06092203129350471,3,20,0.0,8420,7300,0.8243896275212883,2.01076474778197e+18,5.853567803879372e+17,0.22547356664022378,0.11361791686909772,9.59811757719715,212.29175882422808
india_daily,persistence,2,4,rung2_series,0.12622039043389316,0.16741972246923487,0.05916478052696793,0.07685294193538983,2,20,0.0,8420,7300,0.8243896275212883,2.01076474778197e+18,5.853567803879372e+17,0.22547356664022378,0.11361791686909772,9.59811757719715,212.29175882422808
india_daily,persistence,2,4,rung3_cell,0.12317005206784248,0.16508159380369558,0.057715407663894755,0.075277621991937,2,20,0.027553444180522565,8420,7300,0.8243896275212883,2.01076474778197e+18,5.853567803879372e+17,0.22547356664022378,0.11361791686909772,9.59811757719715,212.29175882422808
india_daily,persistence,2,4,rung5_instance,0.08919974324829445,0.13383374846334117,0.04057965864587389,0.06030312645516256,4,20,0.39228028503562945,8420,7300,0.8243896275212883,2.01076474778197e+18,5.853567803879372e+17,0.22547356664022378,0.11361791686909772,9.59811757719715,212.29175882422808
india_daily,persistence,2,4,rung4_shrunk,0.11059129754290539,0.1590759564010289,0.05103457186765202,0.07153627253284467,4,20,0.2672209026128266,8420,7300,0.8243896275212883,2.01076474778197e+18,5.853567803879372e+17,0.22547356664022378,0.11361791686909772,9.59811757719715,212.29175882422808
india_daily,persistence,2,4,rung5b_bagged,0.07460263883191029,0.11372648185004097,0.03184987257319675,0.05005448978827998,4,20,0.4385985748218527,8420,7300,0.8243896275212883,2.01076474778197e+18,5.853567803879372e+17,0.22547356664022378,0.11361791686909772,9.59811757719715,212.29175882422808
india_daily,persistence,2,4,oracle_instance,0.4005019387368975,0.47000917995373404,0.3351784516501323,0.368557114009636,0,20,0.7668646080760095,8420,7300,0.8243896275212883,2.01076474778197e+18,5.853567803879372e+17,0.22547356664022378,0.11361791686909772,9.59811757719715,212.29175882422808
india_daily,persistence,2,5,rung0_none,0.0,0.0,0.0,0.0,0,20,0.0,8420,7300,0.8663025115002538,6.634373351868038e+17,1.586311030722703e+17,0.1929658112263858,0.12095859238951645,9.59811757719715,212.29175882422808
india_daily,persistence,2,5,rung1_global,0.10571558754975537,0.13720008950530493,0.049684497242075736,0.06262523983546964,3,20,0.0,8420,7300,0.8663025115002538,6.634373351868038e+17,1.586311030722703e+17,0.1929658112263858,0.12095859238951645,9.59811757719715,212.29175882422808
india_daily,persistence,2,5,rung2_series,0.12564559726915142,0.1668056468395267,0.05973264819075428,0.07738256722222758,2,20,0.0,8420,7300,0.8663025115002538,6.634373351868038e+17,1.586311030722703e+17,0.1929658112263858,0.12095859238951645,9.59811757719715,212.29175882422808
india_daily,persistence,2,5,rung3_cell,0.12526755706996145,0.1652431496157314,0.05837162406440725,0.07601941113135158,2,20,0.11021377672209026,8420,7300,0.8663025115002538,6.634373351868038e+17,1.586311030722703e+17,0.1929658112263858,0.12095859238951645,9.59811757719715,212.29175882422808
india_daily,persistence,2,5,rung5_instance,0.0794662509598171,0.12158239863326581,0.03865885478838806,0.057043283347393836,4,20,0.41983372921615203,8420,7300,0.8663025115002538,6.634373351868038e+17,1.586311030722703e+17,0.1929658112263858,0.12095859238951645,9.59811757719715,212.29175882422808
india_daily,persistence,2,5,rung4_shrunk,0.11473358820205468,0.16333842508659024,0.05367592216934154,0.07423214430538905,4,20,0.30605700712589073,8420,7300,0.8663025115002538,6.634373351868038e+17,1.586311030722703e+17,0.1929658112263858,0.12095859238951645,9.59811757719715,212.29175882422808
india_daily,persistence,2,5,rung5b_bagged,0.08698310080779773,0.1286406391892032,0.03885600359289814,0.05868268019362888,4,20,0.4817102137767221,8420,7300,0.8663025115002538,6.634373351868038e+17,1.586311030722703e+17,0.1929658112263858,0.12095859238951645,9.59811757719715,212.29175882422808
india_daily,persistence,2,5,oracle_instance,0.3971406043762207,0.4671868027774254,0.3318847875664918,0.36719641793980984,0,20,0.7684085510688836,8420,7300,0.8663025115002538,6.634373351868038e+17,1.586311030722703e+17,0.1929658112263858,0.12095859238951645,9.59811757719715,212.29175882422808
india_daily,persistence,2,6,rung0_none,0.0,0.0,0.0,0.0,0,20,0.0,8420,7300,0.8008680094413425,1.5117165664410465e+18,3.795083555708857e+17,0.20066801740702278,0.09115545602540576,9.59811757719715,212.29175882422808
india_daily,persistence,2,6,rung1_global,0.09890408894140419,0.1227670124523057,0.04728036795592609,0.05791067046140008,2,20,0.0,8420,7300,0.8008680094413425,1.5117165664410465e+18,3.795083555708857e+17,0.20066801740702278,0.09115545602540576,9.59811757719715,212.29175882422808
india_daily,persistence,2,6,rung2_series,0.12328941998990932,0.16032874600748637,0.05945521828733698,0.0758569518745601,0,20,0.0,8420,7300,0.8008680094413425,1.5117165664410465e+18,3.795083555708857e+17,0.20066801740702278,0.09115545602540576,9.59811757719715,212.29175882422808
india_daily,persistence,2,6,rung3_cell,0.12268273698447238,0.15906806948222652,0.058398664428548054,0.07449647875450893,0,20,0.027553444180522565,8420,7300,0.8008680094413425,1.5117165664410465e+18,3.795083555708857e+17,0.20066801740702278,0.09115545602540576,9.59811757719715,212.29175882422808
india_daily,persistence,2,6,rung5_instance,0.09055830606478879,0.1317791713930272,0.0418009413545107,0.06259927567058376,4,20,0.44287410926365794,8420,7300,0.8008680094413425,1.5117165664410465e+18,3.795083555708857e+17,0.20066801740702278,0.09115545602540576,9.59811757719715,212.29175882422808
india_daily,persistence,2,6,rung4_shrunk,0.11301543517053443,0.1538816819729043,0.05189832373272758,0.0719322043180951,3,20,0.2657957244655582,8420,7300,0.8008680094413425,1.5117165664410465e+18,3.795083555708857e+17,0.20066801740702278,0.09115545602540576,9.59811757719715,212.29175882422808
india_daily,persistence,2,6,rung5b_bagged,0.0913573299026345,0.13386498265086177,0.04210865495946779,0.06446455472396806,3,20,0.4315914489311164,8420,7300,0.8008680094413425,1.5117165664410465e+18,3.795083555708857e+17,0.20066801740702278,0.09115545602540576,9.59811757719715,212.29175882422808
india_daily,persistence,2,6,oracle_instance,0.40117803540114183,0.4675884479985202,0.3406103025080205,0.37350616379659796,0,20,0.7597387173396675,8420,7300,0.8008680094413425,1.5117165664410465e+18,3.795083555708857e+17,0.20066801740702278,0.09115545602540576,9.59811757719715,212.29175882422808
india_daily,persistence,2,7,rung0_none,0.0,0.0,0.0,0.0,0,20,0.0,8420,7300,0.8156412185078998,3.395193596638857e+18,1.0799710823066735e+18,0.2413254393492272,0.132761393773964,9.59811757719715,212.29175882422808
india_daily,persistence,2,7,rung1_global,0.11162172403161168,0.1503851375354881,0.05356597078014953,0.07042492392774768,3,20,0.0,8420,7300,0.8156412185078998,3.395193596638857e+18,1.0799710823066735e+18,0.2413254393492272,0.132761393773964,9.59811757719715,212.29175882422808
india_daily,persistence,2,7,rung2_series,0.12463406280244978,0.17032061798283016,0.05897647967791673,0.07933947631488403,1,20,0.0,8420,7300,0.8156412185078998,3.395193596638857e+18,1.0799710823066735e+18,0.2413254393492272,0.132761393773964,9.59811757719715,212.29175882422808
india_daily,persistence,2,7,rung3_cell,0.12321595178955594,0.1692714346131734,0.058410706075907794,0.07868657532889356,1,20,0.05534441805225653,8420,7300,0.8156412185078998,3.395193596638857e+18,1.0799710823066735e+18,0.2413254393492272,0.132761393773964,9.59811757719715,212.29175882422808
india_daily,persistence,2,7,rung5_instance,0.08152373079068301,0.13465169407943034,0.03496863644698687,0.05948086221805926,5,20,0.3958432304038005,8420,7300,0.8156412185078998,3.395193596638857e+18,1.0799710823066735e+18,0.2413254393492272,0.132761393773964,9.59811757719715,212.29175882422808
india_daily,persistence,2,7,rung4_shrunk,0.10283448280581983,0.16096066589867375,0.04790776497647115,0.07359104346830148,4,20,0.2769596199524941,8420,7300,0.8156412185078998,3.395193596638857e+18,1.0799710823066735e+18,0.2413254393492272,0.132761393773964,9.59811757719715,212.29175882422808
india_daily,persistence,2,7,rung5b_bagged,0.08052210200275071,0.13450834197671713,0.03494030697491207,0.06002360582816879,5,20,0.4298099762470309,8420,7300,0.8156412185078998,3.395193596638857e+18,1.0799710823066735e+18,0.2413254393492272,0.132761393773964,9.59811757719715,212.29175882422808
india_daily,persistence,2,7,oracle_instance,0.40192209859378714,0.4717540434681893,0.3390330717925736,0.37330423718999384,0,20,0.7600950118764845,8420,7300,0.8156412185078998,3.395193596638857e+18,1.0799710823066735e+18,0.2413254393492272,0.132761393773964,9.59811757719715,212.29175882422808
india_daily,persistence,2,8,rung0_none,0.0,0.0,0.0,0.0,0,20,0.0,8420,7300,0.9234006080417457,6.45019767571937e+17,1.786835942816117e+17,0.21692711546002036,0.13179393941631434,9.59811757719715,212.29175882422808
india_daily,persistence,2,8,rung1_global,0.1068748348430987,0.14023779186382812,0.049743209149541424,0.06531656857683632,2,20,0.0,8420,7300,0.9234006080417457,6.45019767571937e+17,1.786835942816117e+17,0.21692711546002036,0.13179393941631434,9.59811757719715,212.29175882422808
india_daily,persistence,2,8,rung2_series,0.12080095272367272,0.16520312678426596,0.057171460045763636,0.07666533389867358,2,20,0.1,8420,7300,0.9234006080417457,6.45019767571937e+17,1.786835942816117e+17,0.21692711546002036,0.13179393941631434,9.59811757719715,212.29175882422808
india_daily,persistence,2,8,rung3_cell,0.12125401160089129,0.16369598917150707,0.05667865825615361,0.07597968354536544,2,20,0.15950118764845606,8420,7300,0.9234006080417457,6.45019767571937e+17,1.786835942816117e+17,0.21692711546002036,0.13179393941631434,9.59811757719715,212.29175882422808
india_daily,persistence,2,8,rung5_instance,0.09281723795075147,0.14040258795585014,0.04104950852843995,0.06356059985513995,5,20,0.46247030878859857,8420,7300,0.9234006080417457,6.45019767571937e+17,1.786835942816117e+17,0.21692711546002036,0.13179393941631434,9.59811757719715,212.29175882422808
india_daily,persistence,2,8,rung4_shrunk,0.11597858372830552,0.16545594053382995,0.0536757046023804,0.07568927332843423,3,20,0.3458432304038005,8420,7300,0.9234006080417457,6.45019767571937e+17,1.786835942816117e+17,0.21692711546002036,0.13179393941631434,9.59811757719715,212.29175882422808
india_daily,persistence,2,8,rung5b_bagged,0.09538366967008453,0.14641571330207437,0.04161412438611119,0.06521644528690884,4,20,0.4942992874109264,8420,7300,0.9234006080417457,6.45019767571937e+17,1.786835942816117e+17,0.21692711546002036,0.13179393941631434,9.59811757719715,212.29175882422808
india_daily,persistence,2,8,oracle_instance,0.3914142679678151,0.46347909877330673,0.326387113483441,0.36169642339458286,0,20,0.7737529691211401,8420,7300,0.9234006080417457,6.45019767571937e+17,1.786835942816117e+17,0.21692711546002036,0.13179393941631434,9.59811757719715,212.29175882422808
india_daily,persistence,2,9,rung0_none,0.0,0.0,0.0,0.0,0,20,0.0,8420,7300,0.8817536384647864,1.7922102186317775e+18,3.90502749808833e+17,0.17890705532748943,0.11362659410847342,9.59811757719715,212.29175882422808
india_daily,persistence,2,9,rung1_global,0.10125759848785207,0.13088568132056622,0.04779520662300863,0.06012543345549448,3,20,0.0,8420,7300,0.8817536384647864,1.7922102186317775e+18,3.90502749808833e+17,0.17890705532748943,0.11362659410847342,9.59811757719715,212.29175882422808
india_daily,persistence,2,9,rung2_series,0.1240059567892869,0.16222036432117493,0.057769476380434656,0.07441283398223353,2,20,0.0,8420,7300,0.8817536384647864,1.7922102186317775e+18,3.90502749808833e+17,0.17890705532748943,0.11362659410847342,9.59811757719715,212.29175882422808
india_daily,persistence,2,9,rung3_cell,0.12239288016953039,0.1599033803265516,0.05610559939563433,0.07277362984721414,2,20,0.049524940617577194,8420,7300,0.8817536384647864,1.7922102186317775e+18,3.90502749808833e+17,0.17890705532748943,0.11362659410847342,9.59811757719715,212.29175882422808
india_daily,persistence,2,9,rung5_instance,0.08943245423790624,0.1291554394085641,0.03915054288684173,0.05724207045066343,5,20,0.38206650831353917,8420,7300,0.8817536384647864,1.7922102186317775e+18,3.90502749808833e+17,0.17890705532748943,0.11362659410847342,9.59811757719715,212.29175882422808
india_daily,persistence,2,9,rung4_shrunk,0.11499996590311172,0.1605320655743121,0.054130328802592755,0.07348044652952046,4,20,0.29323040380047505,8420,7300,0.8817536384647864,1.7922102186317775e+18,3.90502749808833e+17,0.17890705532748943,0.11362659410847342,9.59811757719715,212.29175882422808
india_daily,persistence,2,9,rung5b_bagged,0.09803149428108157,0.14435478662020274,0.044256470825727,0.06623294114342326,4,20,0.4712589073634204,8420,7300,0.8817536384647864,1.7922102186317775e+18,3.90502749808833e+17,0.17890705532748943,0.11362659410847342,9.59811757719715,212.29175882422808
india_daily,persistence,2,9,oracle_instance,0.39944813731938517,0.4709342272970468,0.3360878886346952,0.37028026273887105,0,20,0.7605700712589074,8420,7300,0.8817536384647864,1.7922102186317775e+18,3.90502749808833e+17,0.17890705532748943,0.11362659410847342,9.59811757719715,212.29175882422808
india_daily,persistence,3,0,rung0_none,0.0,0.0,0.0,0.0,0,20,0.0,8400,7300,0.8615350058972,2.740063097983406e+18,9.596734661014651e+17,0.25938967531296114,0.0951632357246549,10.977282142857142,271.7263823214286
india_daily,persistence,3,0,rung1_global,0.09646512507590801,0.1180749128463533,0.04202039830770849,0.051383744560215217,1,20,0.0,8400,7300,0.8615350058972,2.740063097983406e+18,9.596734661014651e+17,0.25938967531296114,0.0951632357246549,10.977282142857142,271.7263823214286
india_daily,persistence,3,0,rung2_series,0.12245738236965024,0.15465555756103366,0.05703540017999771,0.07024803594594198,0,20,0.0,8400,7300,0.8615350058972,2.740063097983406e+18,9.596734661014651e+17,0.25938967531296114,0.0951632357246549,10.977282142857142,271.7263823214286
india_daily,persistence,3,0,rung3_cell,0.11855113670746802,0.1512120658987085,0.05542294583759253,0.0687365805800868,0,20,0.09047619047619047,8400,7300,0.8615350058972,2.740063097983406e+18,9.596734661014651e+17,0.25938967531296114,0.0951632357246549,10.977282142857142,271.7263823214286
india_daily,persistence,3,0,rung5_instance,0.08620822609766485,0.11205674260086151,0.03983205338368556,0.05188377703525515,3,20,0.3672619047619048,8400,7300,0.8615350058972,2.740063097983406e+18,9.596734661014651e+17,0.25938967531296114,0.0951632357246549,10.977282142857142,271.7263823214286
india_daily,persistence,3,0,rung4_shrunk,0.10791806087080244,0.14637328117539528,0.047716486830555356,0.06498498466621494,4,20,0.2342857142857143,8400,7300,0.8615350058972,2.740063097983406e+18,9.596734661014651e+17,0.25938967531296114,0.0951632357246549,10.977282142857142,271.7263823214286
india_daily,persistence,3,0,rung5b_bagged,0.08361714119744283,0.11495905792473182,0.03442342545871957,0.0506203982145339,3,20,0.37976190476190474,8400,7300,0.8615350058972,2.740063097983406e+18,9.596734661014651e+17,0.25938967531296114,0.0951632357246549,10.977282142857142,271.7263823214286
india_daily,persistence,3,0,oracle_instance,0.40912157935138527,0.4639332213980957,0.34110317102578425,0.36879733730296915,0,20,0.758452380952381,8400,7300,0.8615350058972,2.740063097983406e+18,9.596734661014651e+17,0.25938967531296114,0.0951632357246549,10.977282142857142,271.7263823214286
india_daily,persistence,3,1,rung0_none,0.0,0.0,0.0,0.0,0,20,0.0,8400,7300,0.7990293401057211,1.402269790267795e+18,3.544512503332906e+17,0.20176865998713742,0.07405573833959744,10.977282142857142,271.7263823214286
india_daily,persistence,3,1,rung1_global,0.08873728224437102,0.11207512793771535,0.03701454551098242,0.04800472587487281,2,20,0.0,8400,7300,0.7990293401057211,1.402269790267795e+18,3.544512503332906e+17,0.20176865998713742,0.07405573833959744,10.977282142857142,271.7263823214286
india_daily,persistence,3,1,rung2_series,0.1110915882443498,0.14879488369122051,0.04833233927991678,0.0660971270231343,2,20,0.0,8400,7300,0.7990293401057211,1.402269790267795e+18,3.544512503332906e+17,0.20176865998713742,0.07405573833959744,10.977282142857142,271.7263823214286
india_daily,persistence,3,1,rung3_cell,0.10521494162203963,0.1437008636652749,0.04485383555353143,0.06259977410535378,2,20,0.06190476190476191,8400,7300,0.7990293401057211,1.402269790267795e+18,3.544512503332906e+17,0.20176865998713742,0.07405573833959744,10.977282142857142,271.7263823214286
india_daily,persistence,3,1,rung5_instance,0.05468987267809446,0.06957819453407899,0.02063017242388828,0.03320526312063077,3,20,0.38511904761904764,8400,7300,0.7990293401057211,1.402269790267795e+18,3.544512503332906e+17,0.20176865998713742,0.07405573833959744,10.977282142857142,271.7263823214286
india_daily,persistence,3,1,rung4_shrunk,0.09719149638080568,0.14038974910684132,0.03745966090811796,0.058569056183011,3,20,0.22726190476190475,8400,7300,0.7990293401057211,1.402269790267795e+18,3.544512503332906e+17,0.20176865998713742,0.07405573833959744,10.977282142857142,271.7263823214286
india_daily,persistence,3,1,rung5b_bagged,0.06623685476635179,0.09555900857943811,0.02149123617890305,0.03944552147348235,3,20,0.38642857142857145,8400,7300,0.7990293401057211,1.402269790267795e+18,3.544512503332906e+17,0.20176865998713742,0.07405573833959744,10.977282142857142,271.7263823214286
india_daily,persistence,3,1,oracle_instance,0.415143956186421,0.4670526863097174,0.3471760677684576,0.3753926306362426,0,20,0.7479761904761905,8400,7300,0.7990293401057211,1.402269790267795e+18,3.544512503332906e+17,0.20176865998713742,0.07405573833959744,10.977282142857142,271.7263823214286
india_daily,persistence,3,2,rung0_none,0.0,0.0,0.0,0.0,0,20,0.0,8400,7300,0.8306362818130345,2.6747065031527173e+18,5.744842139555514e+17,0.17680840060593114,0.10507587465581603,10.977282142857142,271.7263823214286
india_daily,persistence,3,2,rung1_global,0.10124728852256645,0.12897203304380567,0.043868634802520165,0.05594684240072734,2,20,0.0,8400,7300,0.8306362818130345,2.6747065031527173e+18,5.744842139555514e+17,0.17680840060593114,0.10507587465581603,10.977282142857142,271.7263823214286
india_daily,persistence,3,2,rung2_series,0.11529386581200227,0.15203073322764815,0.05101540589060109,0.06710579658750404,0,20,0.0,8400,7300,0.8306362818130345,2.6747065031527173e+18,5.744842139555514e+17,0.17680840060593114,0.10507587465581603,10.977282142857142,271.7263823214286
india_daily,persistence,3,2,rung3_cell,0.11214926465976913,0.14870540996699366,0.048933199903010295,0.06461641245398941,0,20,0.06190476190476191,8400,7300,0.8306362818130345,2.6747065031527173e+18,5.744842139555514e+17,0.17680840060593114,0.10507587465581603,10.977282142857142,271.7263823214286
india_daily,persistence,3,2,rung5_instance,0.06871115067707431,0.09092510043756807,0.026220662086130296,0.04084557461357974,4,20,0.3339285714285714,8400,7300,0.8306362818130345,2.6747065031527173e+18,5.744842139555514e+17,0.17680840060593114,0.10507587465581603,10.977282142857142,271.7263823214286
india_daily,persistence,3,2,rung4_shrunk,0.1021121577658175,0.13920619244381327,0.04269541722372062,0.06094653347209589,3,20,0.21107142857142858,8400,7300,0.8306362818130345,2.6747065031527173e+18,5.744842139555514e+17,0.17680840060593114,0.10507587465581603,10.977282142857142,271.7263823214286
india_daily,persistence,3,2,rung5b_bagged,0.06837787947851684,0.08392930021506073,0.025322513699018286,0.03783284181003421,3,20,0.355,8400,7300,0.8306362818130345,2.6747065031527173e+18,5.744842139555514e+17,0.17680840060593114,0.10507587465581603,10.977282142857142,271.7263823214286
india_daily,persistence,3,2,oracle_instance,0.4102982527558767,0.47029383475216824,0.34226144863667585,0.3725867040896673,0,20,0.753095238095238,8400,7300,0.8306362818130345,2.6747065031527173e+18,5.744842139555514e+17,0.17680840060593114,0.10507587465581603,10.977282142857142,271.7263823214286
india_daily,persistence,3,3,rung0_none,0.0,0.0,0.0,0.0,0,20,0.0,8400,7300,0.811406818786462,2.3552397066253957e+18,8.30533501645242e+17,0.2607007615887661,0.07041175361163865,10.977282142857142,271.7263823214286
india_daily,persistence,3,3,rung1_global,0.08892540773722697,0.10990336869779616,0.03681591017774632,0.045605014638364416,2,20,0.0,8400,7300,0.811406818786462,2.3552397066253957e+18,8.30533501645242e+17,0.2607007615887661,0.07041175361163865,10.977282142857142,271.7263823214286
india_daily,persistence,3,3,rung2_series,0.111873928070277,0.14738706403864243,0.047451115389628075,0.06298219349201761,1,20,0.0,8400,7300,0.811406818786462,2.3552397066253957e+18,8.30533501645242e+17,0.2607007615887661,0.07041175361163865,10.977282142857142,271.7263823214286
india_daily,persistence,3,3,rung3_cell,0.10743927111792106,0.14376501913340733,0.04626365331925869,0.06145472196089219,2,20,0.09047619047619047,8400,7300,0.811406818786462,2.3552397066253957e+18,8.30533501645242e+17,0.2607007615887661,0.07041175361163865,10.977282142857142,271.7263823214286
india_daily,persistence,3,3,rung5_instance,0.06735182627063419,0.08316944636116619,0.026349488913946773,0.03803351593252191,4,20,0.35035714285714287,8400,7300,0.811406818786462,2.3552397066253957e+18,8.30533501645242e+17,0.2607007615887661,0.07041175361163865,10.977282142857142,271.7263823214286
india_daily,persistence,3,3,rung4_shrunk,0.09957717055370623,0.1388777743602443,0.040143219426585705,0.05909027878418438,4,20,0.24833333333333332,8400,7300,0.811406818786462,2.3552397066253957e+18,8.30533501645242e+17,0.2607007615887661,0.07041175361163865,10.977282142857142,271.7263823214286
india_daily,persistence,3,3,rung5b_bagged,0.08423256470295797,0.11328954258490553,0.03207686958266649,0.05006798514718647,4,20,0.3827380952380952,8400,7300,0.811406818786462,2.3552397066253957e+18,8.30533501645242e+17,0.2607007615887661,0.07041175361163865,10.977282142857142,271.7263823214286
india_daily,persistence,3,3,oracle_instance,0.41947187936723224,0.47640888209190524,0.3499511687789628,0.3779900555293493,0,20,0.7485714285714286,8400,7300,0.811406818786462,2.3552397066253957e+18,8.30533501645242e+17,0.2607007615887661,0.07041175361163865,10.977282142857142,271.7263823214286
india_daily,persistence,3,4,rung0_none,0.0,0.0,0.0,0.0,0,20,0.0,8400,7300,0.8581497222109605,4.69584720320799e+18,1.6085653293418194e+18,0.2551491231001721,0.07457691676355371,10.977282142857142,271.7263823214286
india_daily,persistence,3,4,rung1_global,0.08781097711589454,0.10386833140286289,0.03812528205375339,0.04556237839161359,1,20,0.0,8400,7300,0.8581497222109605,4.69584720320799e+18,1.6085653293418194e+18,0.2551491231001721,0.07457691676355371,10.977282142857142,271.7263823214286
india_daily,persistence,3,4,rung2_series,0.11889493703373603,0.14952446746843018,0.05225826333745687,0.06722680606597387,1,20,0.05,8400,7300,0.8581497222109605,4.69584720320799e+18,1.6085653293418194e+18,0.2551491231001721,0.07457691676355371,10.977282142857142,271.7263823214286
india_daily,persistence,3,4,rung3_cell,0.11570005057037995,0.14680574154679504,0.0513720910175808,0.06612147826952242,1,20,0.0838095238095238,8400,7300,0.8581497222109605,4.69584720320799e+18,1.6085653293418194e+18,0.2551491231001721,0.07457691676355371,10.977282142857142,271.7263823214286
india_daily,persistence,3,4,rung5_instance,0.07875456184872354,0.10361102376992815,0.033676843892908356,0.04651945855211237,2,20,0.3867857142857143,8400,7300,0.8581497222109605,4.69584720320799e+18,1.6085653293418194e+18,0.2551491231001721,0.07457691676355371,10.977282142857142,271.7263823214286
india_daily,persistence,3,4,rung4_shrunk,0.10438282851423304,0.13537903786260108,0.044240774131661734,0.0602924811212775,2,20,0.2752380952380952,8400,7300,0.8581497222109605,4.69584720320799e+18,1.6085653293418194e+18,0.2551491231001721,0.07457691676355371,10.977282142857142,271.7263823214286
india_daily,persistence,3,4,rung5b_bagged,0.07009664592070515,0.09269273338469741,0.02691692428039339,0.0411046616289904,3,20,0.42333333333333334,8400,7300,0.8581497222109605,4.69584720320799e+18,1.6085653293418194e+18,0.2551491231001721,0.07457691676355371,10.977282142857142,271.7263823214286
india_daily,persistence,3,4,oracle_instance,0.4093154440089701,0.46661575405297406,0.3371205717090677,0.3683163776945554,0,20,0.7604761904761905,8400,7300,0.8581497222109605,4.69584720320799e+18,1.6085653293418194e+18,0.2551491231001721,0.07457691676355371,10.977282142857142,271.7263823214286
india_daily,persistence,3,5,rung0_none,0.0,0.0,0.0,0.0,0,20,0.0,8400,7300,0.7910542724140133,1.826931231951422e+18,4.0829579301862976e+17,0.18266412693542852,0.06314331663334372,10.977282142857142,271.7263823214286
india_daily,persistence,3,5,rung1_global,0.088087269945088,0.10645764478851927,0.03855843587583841,0.045640272706639284,1,20,0.0,8400,7300,0.7910542724140133,1.826931231951422e+18,4.0829579301862976e+17,0.18266412693542852,0.06314331663334372,10.977282142857142,271.7263823214286
india_daily,persistence,3,5,rung2_series,0.1138189091087309,0.14768338367938816,0.051434994635920384,0.06632138450219827,1,20,0.0,8400,7300,0.7910542724140133,1.826931231951422e+18,4.0829579301862976e+17,0.18266412693542852,0.06314331663334372,10.977282142857142,271.7263823214286
india_daily,persistence,3,5,rung3_cell,0.10886068921188938,0.14317820465487074,0.04929165553942251,0.06392413701272126,1,20,0.09047619047619047,8400,7300,0.7910542724140133,1.826931231951422e+18,4.0829579301862976e+17,0.18266412693542852,0.06314331663334372,10.977282142857142,271.7263823214286
india_daily,persistence,3,5,rung5_instance,0.06463449902837567,0.08186029344070211,0.0259664548920928,0.03619882742269487,3,20,0.36333333333333334,8400,7300,0.7910542724140133,1.826931231951422e+18,4.0829579301862976e+17,0.18266412693542852,0.06314331663334372,10.977282142857142,271.7263823214286
india_daily,persistence,3,5,rung4_shrunk,0.10033828518883765,0.14093415645536633,0.043274698248478995,0.06190290218250771,3,20,0.23297619047619048,8400,7300,0.7910542724140133,1.826931231951422e+18,4.0829579301862976e+17,0.18266412693542852,0.06314331663334372,10.977282142857142,271.7263823214286
india_daily,persistence,3,5,rung5b_bagged,0.06294319745003554,0.09192746072715308,0.023435194098226718,0.03943436371966069,4,20,0.3701190476190476,8400,7300,0.7910542724140133,1.826931231951422e+18,4.0829579301862976e+17,0.18266412693542852,0.06314331663334372,10.977282142857142,271.7263823214286
india_daily,persistence,3,5,oracle_instance,0.4108107249408045,0.46805180667905955,0.3437993165242452,0.3735368754137819,0,20,0.7527380952380952,8400,7300,0.7910542724140133,1.826931231951422e+18,4.0829579301862976e+17,0.18266412693542852,0.06314331663334372,10.977282142857142,271.7263823214286
india_daily,persistence,3,6,rung0_none,0.0,0.0,0.0,0.0,0,20,0.0,8400,7300,0.8214800598811904,3.001619910684063e+18,8.841490546909665e+17,0.22753515779485722,0.07150302504773176,10.977282142857142,271.7263823214286
india_daily,persistence,3,6,rung1_global,0.08736083480148307,0.10697909649592374,0.037056675761307625,0.045862395070553674,1,20,0.0,8400,7300,0.8214800598811904,3.001619910684063e+18,8.841490546909665e+17,0.22753515779485722,0.07150302504773176,10.977282142857142,271.7263823214286
india_daily,persistence,3,6,rung2_series,0.11087361604694386,0.1424296763575994,0.049509347065386164,0.06495459172745999,0,20,0.0,8400,7300,0.8214800598811904,3.001619910684063e+18,8.841490546909665e+17,0.22753515779485722,0.07150302504773176,10.977282142857142,271.7263823214286
india_daily,persistence,3,6,rung3_cell,0.10390746180955386,0.13671730832781903,0.04586738730010669,0.06148845623788424,1,20,0.05523809523809524,8400,7300,0.8214800598811904,3.001619910684063e+18,8.841490546909665e+17,0.22753515779485722,0.07150302504773176,10.977282142857142,271.7263823214286
india_daily,persistence,3,6,rung5_instance,0.0709624553884656,0.09487563892852457,0.02926952522843033,0.04383180649398177,3,20,0.39130952380952383,8400,7300,0.8214800598811904,3.001619910684063e+18,8.841490546909665e+17,0.22753515779485722,0.07150302504773176,10.977282142857142,271.7263823214286
india_daily,persistence,3,6,rung4_shrunk,0.0910635126627652,0.12843301734862544,0.037441646696830574,0.0568232866403503,4,20,0.23702380952380953,8400,7300,0.8214800598811904,3.001619910684063e+18,8.841490546909665e+17,0.22753515779485722,0.07150302504773176,10.977282142857142,271.7263823214286
india_daily,persistence,3,6,rung5b_bagged,0.06570660369958775,0.08688403546924983,0.025020637771643806,0.04014367013053588,4,20,0.3939285714285714,8400,7300,0.8214800598811904,3.001619910684063e+18,8.841490546909665e+17,0.22753515779485722,0.07150302504773176,10.977282142857142,271.7263823214286
india_daily,persistence,3,6,oracle_instance,0.40933706987032836,0.46414259646122413,0.3430879530046737,0.3718453676006751,0,20,0.7526190476190476,8400,7300,0.8214800598811904,3.001619910684063e+18,8.841490546909665e+17,0.22753515779485722,0.07150302504773176,10.977282142857142,271.7263823214286
india_daily,persistence,3,7,rung0_none,0.0,0.0,0.0,0.0,0,20,0.0,8400,7300,0.7568419990190018,2.826343330445955e+18,1.0414480421036563e+18,0.2692616901456977,0.019699018848851946,10.977282142857142,271.7263823214286
india_daily,persistence,3,7,rung1_global,0.0774502893668176,0.08609182561094386,0.03424697058591069,0.03778953087696624,2,20,0.0,8400,7300,0.7568419990190018,2.826343330445955e+18,1.0414480421036563e+18,0.2692616901456977,0.019699018848851946,10.977282142857142,271.7263823214286
india_daily,persistence,3,7,rung2_series,0.11232063223088236,0.1374326667562088,0.050514157591835994,0.06298447275641372,0,20,0.0,8400,7300,0.7568419990190018,2.826343330445955e+18,1.0414480421036563e+18,0.2692616901456977,0.019699018848851946,10.977282142857142,271.7263823214286
india_daily,persistence,3,7,rung3_cell,0.10641717200665166,0.13341341874891322,0.04767752798920118,0.06035184836515439,0,20,0.05523809523809524,8400,7300,0.7568419990190018,2.826343330445955e+18,1.0414480421036563e+18,0.2692616901456977,0.019699018848851946,10.977282142857142,271.7263823214286
india_daily,persistence,3,7,rung5_instance,0.06984378030095799,0.08949360586928379,0.028419157715144194,0.04074261236186849,4,20,0.3494047619047619,8400,7300,0.7568419990190018,2.826343330445955e+18,1.0414480421036563e+18,0.2692616901456977,0.019699018848851946,10.977282142857142,271.7263823214286
india_daily,persistence,3,7,rung4_shrunk,0.09341797575009403,0.12548601158269723,0.04087542151694771,0.05635644103966908,3,20,0.22547619047619047,8400,7300,0.7568419990190018,2.826343330445955e+18,1.0414480421036563e+18,0.2692616901456977,0.019699018848851946,10.977282142857142,271.7263823214286
india_daily,persistence,3,7,rung5b_bagged,0.06951262871630967,0.09581093930182893,0.027890333694027946,0.042614332566476065,3,20,0.3732142857142857,8400,7300,0.7568419990190018,2.826343330445955e+18,1.0414480421036563e+18,0.2692616901456977,0.019699018848851946,10.977282142857142,271.7263823214286
india_daily,persistence,3,7,oracle_instance,0.4085407914557373,0.46319587610591917,0.34271022536535045,0.37261872399519747,0,20,0.7496428571428572,8400,7300,0.7568419990190018,2.826343330445955e+18,1.0414480421036563e+18,0.2692616901456977,0.019699018848851946,10.977282142857142,271.7263823214286
india_daily,persistence,3,8,rung0_none,0.0,0.0,0.0,0.0,0,20,0.0,8400,7300,0.8439209155100984,3.0796625563308365e+18,1.0224900676397567e+18,0.24925695393801772,0.07409219543484047,10.977282142857142,271.7263823214286
india_daily,persistence,3,8,rung1_global,0.09057980604731171,0.10554127680935421,0.0394416709770855,0.046243973757209456,1,20,0.0,8400,7300,0.8439209155100984,3.0796625563308365e+18,1.0224900676397567e+18,0.24925695393801772,0.07409219543484047,10.977282142857142,271.7263823214286
india_daily,persistence,3,8,rung2_series,0.12016035915036236,0.14736388834753367,0.052959762923764364,0.0665429417706932,1,20,0.0,8400,7300,0.8439209155100984,3.0796625563308365e+18,1.0224900676397567e+18,0.24925695393801772,0.07409219543484047,10.977282142857142,271.7263823214286
india_daily,persistence,3,8,rung3_cell,0.11563505743654882,0.14333662564268124,0.05097025125593606,0.06461613575298164,1,20,0.0838095238095238,8400,7300,0.8439209155100984,3.0796625563308365e+18,1.0224900676397567e+18,0.24925695393801772,0.07409219543484047,10.977282142857142,271.7263823214286
india_daily,persistence,3,8,rung5_instance,0.07545726112900862,0.09908002097831681,0.03032126724679405,0.044586699966369214,3,20,0.4029761904761905,8400,7300,0.8439209155100984,3.0796625563308365e+18,1.0224900676397567e+18,0.24925695393801772,0.07409219543484047,10.977282142857142,271.7263823214286
india_daily,persistence,3,8,rung4_shrunk,0.10795451834307142,0.13680011012340954,0.04480655959742103,0.06003253467302183,2,20,0.2630952380952381,8400,7300,0.8439209155100984,3.0796625563308365e+18,1.0224900676397567e+18,0.24925695393801772,0.07409219543484047,10.977282142857142,271.7263823214286
india_daily,persistence,3,8,rung5b_bagged,0.08254368349209125,0.10405584596132567,0.032693720457928045,0.04641846544974648,3,20,0.4305952380952381,8400,7300,0.8439209155100984,3.0796625563308365e+18,1.0224900676397567e+18,0.24925695393801772,0.07409219543484047,10.977282142857142,271.7263823214286
india_daily,persistence,3,8,oracle_instance,0.4081764271425441,0.46422449877324334,0.3389988445351577,0.3684709998117601,0,20,0.7554761904761905,8400,7300,0.8439209155100984,3.0796625563308365e+18,1.0224900676397567e+18,0.24925695393801772,0.07409219543484047,10.977282142857142,271.7263823214286
india_daily,persistence,3,9,rung0_none,0.0,0.0,0.0,0.0,0,20,0.0,8400,7300,0.8344290575205717,2.753007334862727e+18,1.0805930516315494e+18,0.28187420249603073,0.06284518258124405,10.977282142857142,271.7263823214286
india_daily,persistence,3,9,rung1_global,0.08244122263454175,0.09865957111510637,0.035934583153824896,0.04241245152453477,2,20,0.0,8400,7300,0.8344290575205717,2.753007334862727e+18,1.0805930516315494e+18,0.28187420249603073,0.06284518258124405,10.977282142857142,271.7263823214286
india_daily,persistence,3,9,rung2_series,0.1047441113841531,0.13358584220719472,0.04737348168205492,0.059533719345709835,2,20,0.0,8400,7300,0.8344290575205717,2.753007334862727e+18,1.0805930516315494e+18,0.28187420249603073,0.06284518258124405,10.977282142857142,271.7263823214286
india_daily,persistence,3,9,rung3_cell,0.09918450880481122,0.12872258054683916,0.04480604558752876,0.056641038161080126,2,20,0.05523809523809524,8400,7300,0.8344290575205717,2.753007334862727e+18,1.0805930516315494e+18,0.28187420249603073,0.06284518258124405,10.977282142857142,271.7263823214286
india_daily,persistence,3,9,rung5_instance,0.07347826720760052,0.0937840540202971,0.03255294865647369,0.042917306127476684,4,20,0.37214285714285716,8400,7300,0.8344290575205717,2.753007334862727e+18,1.0805930516315494e+18,0.28187420249603073,0.06284518258124405,10.977282142857142,271.7263823214286
india_daily,persistence,3,9,rung4_shrunk,0.0918718574362039,0.12887746723923976,0.037419807043302736,0.05547223270879109,3,20,0.2542857142857143,8400,7300,0.8344290575205717,2.753007334862727e+18,1.0805930516315494e+18,0.28187420249603073,0.06284518258124405,10.977282142857142,271.7263823214286
india_daily,persistence,3,9,rung5b_bagged,0.07468215403839376,0.10522119507733652,0.030461284968386782,0.0477021033256283,4,20,0.4122619047619048,8400,7300,0.8344290575205717,2.753007334862727e+18,1.0805930516315494e+18,0.28187420249603073,0.06284518258124405,10.977282142857142,271.7263823214286
india_daily,persistence,3,9,oracle_instance,0.4090615019913992,0.4646104190224407,0.3429700648255508,0.37184487085325524,0,20,0.7502380952380953,8400,7300,0.8344290575205717,2.753007334862727e+18,1.0805930516315494e+18,0.28187420249603073,0.06284518258124405,10.977282142857142,271.7263823214286
india_daily,persistence,7,0,rung0_none,0.0,0.0,0.0,0.0,0,20,0.0,8320,7300,0.7750306429056176,3.0396067852817224e+18,9.067197075211606e+17,0.22976297302688756,0.03754080467354426,12.366858173076922,329.65936649038457
india_daily,persistence,7,0,rung1_global,0.05444110741687389,0.07260184435114436,0.02414645468028393,0.028287782058026623,4,20,0.0,8320,7300,0.7750306429056176,3.0396067852817224e+18,9.067197075211606e+17,0.22976297302688756,0.03754080467354426,12.366858173076922,329.65936649038457
india_daily,persistence,7,0,rung2_series,0.06900461341783723,0.0863768789772934,0.028421539710866434,0.033054582806644195,3,20,0.05,8320,7300,0.7750306429056176,3.0396067852817224e+18,9.067197075211606e+17,0.22976297302688756,0.03754080467354426,12.366858173076922,329.65936649038457
india_daily,persistence,7,0,rung3_cell,0.06631352748187183,0.08494942164256503,0.028007150574027657,0.03237228460793906,4,20,0.04975961538461538,8320,7300,0.7750306429056176,3.0396067852817224e+18,9.067197075211606e+17,0.22976297302688756,0.03754080467354426,12.366858173076922,329.65936649038457
india_daily,persistence,7,0,rung5_instance,0.03921765251795921,0.05130808590346014,0.012184312935590835,0.020359413226863854,3,20,0.3816105769230769,8320,7300,0.7750306429056176,3.0396067852817224e+18,9.067197075211606e+17,0.22976297302688756,0.03754080467354426,12.366858173076922,329.65936649038457
india_daily,persistence,7,0,rung4_shrunk,0.056565387585492746,0.07669943016953074,0.020534081526680754,0.02913553085763254,4,20,0.22151442307692307,8320,7300,0.7750306429056176,3.0396067852817224e+18,9.067197075211606e+17,0.22976297302688756,0.03754080467354426,12.366858173076922,329.65936649038457
india_daily,persistence,7,0,rung5b_bagged,0.028886049628306466,0.04472758898117901,0.006452078607246814,0.014845158264231273,4,20,0.40889423076923076,8320,7300,0.7750306429056176,3.0396067852817224e+18,9.067197075211606e+17,0.22976297302688756,0.03754080467354426,12.366858173076922,329.65936649038457
india_daily,persistence,7,0,oracle_instance,0.36452843181094613,0.39937085232227787,0.30227672222894436,0.3179662008929173,0,20,0.7858173076923077,8320,7300,0.7750306429056176,3.0396067852817224e+18,9.067197075211606e+17,0.22976297302688756,0.03754080467354426,12.366858173076922,329.65936649038457
india_daily,persistence,7,1,rung0_none,0.0,0.0,0.0,0.0,0,20,0.0,8320,7300,0.6951669270818245,3.0260992192479155e+18,6.556953146784463e+17,0.17809122932756263,-0.026769142065396823,12.366858173076922,329.65936649038457
india_daily,persistence,7,1,rung1_global,0.048085942589943705,0.05306340454863179,0.018859076723704894,0.018693029618289225,5,20,0.0,8320,7300,0.6951669270818245,3.0260992192479155e+18,6.556953146784463e+17,0.17809122932756263,-0.026769142065396823,12.366858173076922,329.65936649038457
india_daily,persistence,7,1,rung2_series,0.06265463877596991,0.06985990391998942,0.021773026765207586,0.025186513088562013,5,20,0.0,8320,7300,0.6951669270818245,3.0260992192479155e+18,6.556953146784463e+17,0.17809122932756263,-0.026769142065396823,12.366858173076922,329.65936649038457
india_daily,persistence,7,1,rung3_cell,0.0609999642529724,0.070060513822503,0.022047809624634866,0.025115787877919016,5,20,0.017427884615384616,8320,7300,0.6951669270818245,3.0260992192479155e+18,6.556953146784463e+17,0.17809122932756263,-0.026769142065396823,12.366858173076922,329.65936649038457
india_daily,persistence,7,1,rung5_instance,0.019707174091190154,0.018426409940326405,0.001160328182591891,0.0038501915800749353,7,20,0.3310096153846154,8320,7300,0.6951669270818245,3.0260992192479155e+18,6.556953146784463e+17,0.17809122932756263,-0.026769142065396823,12.366858173076922,329.65936649038457
india_daily,persistence,7,1,rung4_shrunk,0.0584647233395826,0.0678531268814101,0.018321084975618362,0.023316335111411957,4,20,0.1606971153846154,8320,7300,0.6951669270818245,3.0260992192479155e+18,6.556953146784463e+17,0.17809122932756263,-0.026769142065396823,12.366858173076922,329.65936649038457
india_daily,persistence,7,1,rung5b_bagged,0.029571235815247378,0.03016639446360392,0.004955853931041826,0.007474151987077904,5,20,0.3735576923076923,8320,7300,0.6951669270818245,3.0260992192479155e+18,6.556953146784463e+17,0.17809122932756263,-0.026769142065396823,12.366858173076922,329.65936649038457
india_daily,persistence,7,1,oracle_instance,0.3886137551165796,0.41766873574857144,0.32352457058527556,0.33925512299030214,0,20,0.7663461538461539,8320,7300,0.6951669270818245,3.0260992192479155e+18,6.556953146784463e+17,0.17809122932756263,-0.026769142065396823,12.366858173076922,329.65936649038457
india_daily,persistence,7,2,rung0_none,0.0,0.0,0.0,0.0,0,20,0.0,8320,7300,0.7000680972926114,1.779077004939503e+18,3.9155377131868774e+17,0.18038709097899266,-0.023816596391381895,12.366858173076922,329.65936649038457
india_daily,persistence,7,2,rung1_global,0.047554598094746804,0.05283944337240354,0.020799226096266804,0.02182669629281031,2,20,0.0,8320,7300,0.7000680972926114,1.779077004939503e+18,3.9155377131868774e+17,0.18038709097899266,-0.023816596391381895,12.366858173076922,329.65936649038457
india_daily,persistence,7,2,rung2_series,0.06388993475369835,0.07234819724600638,0.02514908390599709,0.028736734145025533,5,20,0.0,8320,7300,0.7000680972926114,1.779077004939503e+18,3.9155377131868774e+17,0.18038709097899266,-0.023816596391381895,12.366858173076922,329.65936649038457
india_daily,persistence,7,2,rung3_cell,0.06046949001425058,0.07031326472084243,0.023524304908629397,0.02741851083731217,4,20,0.02391826923076923,8320,7300,0.7000680972926114,1.779077004939503e+18,3.9155377131868774e+17,0.18038709097899266,-0.023816596391381895,12.366858173076922,329.65936649038457
india_daily,persistence,7,2,rung5_instance,0.020613746355168595,0.01663016174903431,0.001158916843680502,0.0033504396889724175,4,20,0.3596153846153846,8320,7300,0.7000680972926114,1.779077004939503e+18,3.9155377131868774e+17,0.18038709097899266,-0.023816596391381895,12.366858173076922,329.65936649038457
india_daily,persistence,7,2,rung4_shrunk,0.05363520614931154,0.06429390504840915,0.017432319506699424,0.02474600922064174,4,20,0.14747596153846154,8320,7300,0.7000680972926114,1.779077004939503e+18,3.9155377131868774e+17,0.18038709097899266,-0.023816596391381895,12.366858173076922,329.65936649038457
india_daily,persistence,7,2,rung5b_bagged,0.02181932501569018,0.01843692966211341,0.0014259684232773074,0.00656679170617569,5,20,0.37908653846153845,8320,7300,0.7000680972926114,1.779077004939503e+18,3.9155377131868774e+17,0.18038709097899266,-0.023816596391381895,12.366858173076922,329.65936649038457
india_daily,persistence,7,2,oracle_instance,0.38490950342535596,0.4172260004624059,0.3207676362207418,0.337816250738908,0,20,0.7700721153846154,8320,7300,0.7000680972926114,1.779077004939503e+18,3.9155377131868774e+17,0.18038709097899266,-0.023816596391381895,12.366858173076922,329.65936649038457
india_daily,persistence,7,3,rung0_none,0.0,0.0,0.0,0.0,0,20,0.0,8320,7300,0.6993692639512409,3.5910414957791544e+18,8.568041328068453e+17,0.19263351391968817,-0.013112312858666542,12.366858173076922,329.65936649038457
india_daily,persistence,7,3,rung1_global,0.045303543167797486,0.05737024690038828,0.01959062442112904,0.02102612620464639,5,20,0.0,8320,7300,0.6993692639512409,3.5910414957791544e+18,8.568041328068453e+17,0.19263351391968817,-0.013112312858666542,12.366858173076922,329.65936649038457
india_daily,persistence,7,3,rung2_series,0.05793789189514775,0.07372002545738754,0.02228275756249628,0.0264845845502808,7,20,0.05,8320,7300,0.6993692639512409,3.5910414957791544e+18,8.568041328068453e+17,0.19263351391968817,-0.013112312858666542,12.366858173076922,329.65936649038457
india_daily,persistence,7,3,rung3_cell,0.05662012470650901,0.07325410753015027,0.021989633980212593,0.026166943449253632,8,20,0.04975961538461538,8320,7300,0.6993692639512409,3.5910414957791544e+18,8.568041328068453e+17,0.19263351391968817,-0.013112312858666542,12.366858173076922,329.65936649038457
india_daily,persistence,7,3,rung5_instance,0.021725979106242892,0.024348073524978364,0.0022422793673958887,0.005812648699750733,5,20,0.3722355769230769,8320,7300,0.6993692639512409,3.5910414957791544e+18,8.568041328068453e+17,0.19263351391968817,-0.013112312858666542,12.366858173076922,329.65936649038457
india_daily,persistence,7,3,rung4_shrunk,0.05332298905078201,0.0722382658706171,0.017726211967609984,0.02562160989441009,6,20,0.19495192307692308,8320,7300,0.6993692639512409,3.5910414957791544e+18,8.568041328068453e+17,0.19263351391968817,-0.013112312858666542,12.366858173076922,329.65936649038457
india_daily,persistence,7,3,rung5b_bagged,0.030311525874671334,0.04432051244388524,0.007016537674913481,0.0155026258863461,5,20,0.3842548076923077,8320,7300,0.6993692639512409,3.5910414957791544e+18,8.568041328068453e+17,0.19263351391968817,-0.013112312858666542,12.366858173076922,329.65936649038457
india_daily,persistence,7,3,oracle_instance,0.3769434826222075,0.40844656301877835,0.31611504358811493,0.33196704766285134,0,20,0.7759615384615385,8320,7300,0.6993692639512409,3.5910414957791544e+18,8.568041328068453e+17,0.19263351391968817,-0.013112312858666542,12.366858173076922,329.65936649038457
india_daily,persistence,7,4,rung0_none,0.0,0.0,0.0,0.0,0,20,0.0,8320,7300,0.6782845111755801,2.2721485712318308e+18,7.394634615539168e+17,0.2455374243108969,-0.018337822263448045,12.366858173076922,329.65936649038457
india_daily,persistence,7,4,rung1_global,0.05349984805851941,0.05634496681213663,0.022760677524668965,0.022539220653619907,3,20,0.0,8320,7300,0.6782845111755801,2.2721485712318308e+18,7.394634615539168e+17,0.2455374243108969,-0.018337822263448045,12.366858173076922,329.65936649038457
india_daily,persistence,7,4,rung2_series,0.06480119907193245,0.06911557916354438,0.023931943706644625,0.026961907370214866,4,20,0.0,8320,7300,0.6782845111755801,2.2721485712318308e+18,7.394634615539168e+17,0.2455374243108969,-0.018337822263448045,12.366858173076922,329.65936649038457
india_daily,persistence,7,4,rung3_cell,0.06183839762570838,0.0688566423862439,0.022078450539755955,0.02572921789385707,4,20,0.015865384615384615,8320,7300,0.6782845111755801,2.2721485712318308e+18,7.394634615539168e+17,0.2455374243108969,-0.018337822263448045,12.366858173076922,329.65936649038457
india_daily,persistence,7,4,rung5_instance,0.02830085813444483,0.03080675460322313,0.0014426906050373888,0.008734198475880861,5,20,0.39855769230769234,8320,7300,0.6782845111755801,2.2721485712318308e+18,7.394634615539168e+17,0.2455374243108969,-0.018337822263448045,12.366858173076922,329.65936649038457
india_daily,persistence,7,4,rung4_shrunk,0.05273045179307363,0.05730336471188824,0.014636342347439279,0.02030715572952202,4,20,0.21983173076923077,8320,7300,0.6782845111755801,2.2721485712318308e+18,7.394634615539168e+17,0.2455374243108969,-0.018337822263448045,12.366858173076922,329.65936649038457
india_daily,persistence,7,4,rung5b_bagged,0.020957071050091654,0.011525391525262663,-0.0019447807436657916,0.0008310028086099264,4,20,0.40408653846153847,8320,7300,0.6782845111755801,2.2721485712318308e+18,7.394634615539168e+17,0.2455374243108969,-0.018337822263448045,12.366858173076922,329.65936649038457
india_daily,persistence,7,4,oracle_instance,0.38266521422167543,0.40761049866068744,0.3175459725384574,0.3322377983980388,0,20,0.7754807692307693,8320,7300,0.6782845111755801,2.2721485712318308e+18,7.394634615539168e+17,0.2455374243108969,-0.018337822263448045,12.366858173076922,329.65936649038457
india_daily,persistence,7,5,rung0_none,0.0,0.0,0.0,0.0,0,20,0.0,8320,7300,0.7338052703181143,2.75872773670565e+18,5.263341967142239e+17,0.1602204790599762,-0.0009313288581593859,12.366858173076922,329.65936649038457
india_daily,persistence,7,5,rung1_global,0.055959783766770264,0.056706876821199126,0.023404149772966915,0.023081840647150353,3,20,0.0,8320,7300,0.7338052703181143,2.75872773670565e+18,5.263341967142239e+17,0.1602204790599762,-0.0009313288581593859,12.366858173076922,329.65936649038457
india_daily,persistence,7,5,rung2_series,0.06972914740283266,0.0682718418684144,0.02616041698842394,0.02762818377983456,3,20,0.05,8320,7300,0.7338052703181143,2.75872773670565e+18,5.263341967142239e+17,0.1602204790599762,-0.0009313288581593859,12.366858173076922,329.65936649038457
india_daily,persistence,7,5,rung3_cell,0.06610932024431142,0.06648251992723797,0.023334389738708335,0.025324819831784473,2,20,0.033533653846153845,8320,7300,0.7338052703181143,2.75872773670565e+18,5.263341967142239e+17,0.1602204790599762,-0.0009313288581593859,12.366858173076922,329.65936649038457
india_daily,persistence,7,5,rung5_instance,0.035282146059691495,0.02951911831968035,0.005559819086094697,0.009427690689832846,5,20,0.39771634615384616,8320,7300,0.7338052703181143,2.75872773670565e+18,5.263341967142239e+17,0.1602204790599762,-0.0009313288581593859,12.366858173076922,329.65936649038457
india_daily,persistence,7,5,rung4_shrunk,0.06115266736208429,0.06398065086588478,0.018375275107560974,0.02336058538280461,3,20,0.20612980769230768,8320,7300,0.7338052703181143,2.75872773670565e+18,5.263341967142239e+17,0.1602204790599762,-0.0009313288581593859,12.366858173076922,329.65936649038457
india_daily,persistence,7,5,rung5b_bagged,0.022557791572840036,0.017547160716871124,-0.00021468456826673755,0.0031388748643688125,5,20,0.4207932692307692,8320,7300,0.7338052703181143,2.75872773670565e+18,5.263341967142239e+17,0.1602204790599762,-0.0009313288581593859,12.366858173076922,329.65936649038457
india_daily,persistence,7,5,oracle_instance,0.3834393064223206,0.40705006921430054,0.3178836477185383,0.33034362106427095,0,20,0.7751201923076924,8320,7300,0.7338052703181143,2.75872773670565e+18,5.263341967142239e+17,0.1602204790599762,-0.0009313288581593859,12.366858173076922,329.65936649038457
india_daily,persistence,7,6,rung0_none,0.0,0.0,0.0,0.0,0,20,0.0,8320,7300,0.6656322067860027,2.1891708110659948e+18,7.395969489637449e+17,0.2525283701416581,-0.03226562201498462,12.366858173076922,329.65936649038457
india_daily,persistence,7,6,rung1_global,0.04882732268291698,0.0519523441433275,0.020185068026855667,0.019132798468004864,4,20,0.0,8320,7300,0.6656322067860027,2.1891708110659948e+18,7.395969489637449e+17,0.2525283701416581,-0.03226562201498462,12.366858173076922,329.65936649038457
india_daily,persistence,7,6,rung2_series,0.060866143896752226,0.06734932660692838,0.021226028742532425,0.02337987606103531,5,20,0.0,8320,7300,0.6656322067860027,2.1891708110659948e+18,7.395969489637449e+17,0.2525283701416581,-0.03226562201498462,12.366858173076922,329.65936649038457
india_daily,persistence,7,6,rung3_cell,0.05680757143501194,0.06502026010647122,0.019578478838588875,0.02201892948866091,8,20,0.017427884615384616,8320,7300,0.6656322067860027,2.1891708110659948e+18,7.395969489637449e+17,0.2525283701416581,-0.03226562201498462,12.366858173076922,329.65936649038457
india_daily,persistence,7,6,rung5_instance,0.03701404670036184,0.03161439441835445,0.006624132335542032,0.009887112784608187,5,20,0.3760817307692308,8320,7300,0.6656322067860027,2.1891708110659948e+18,7.395969489637449e+17,0.2525283701416581,-0.03226562201498462,12.366858173076922,329.65936649038457
india_daily,persistence,7,6,rung4_shrunk,0.05075499466382198,0.05782535887020668,0.012041261121255026,0.016981601063142504,4,20,0.18545673076923078,8320,7300,0.6656322067860027,2.1891708110659948e+18,7.395969489637449e+17,0.2525283701416581,-0.03226562201498462,12.366858173076922,329.65936649038457
india_daily,persistence,7,6,rung5b_bagged,0.023443423060511677,0.016446688295317258,-0.0007761340028883234,0.0010076700558703244,5,20,0.3735576923076923,8320,7300,0.6656322067860027,2.1891708110659948e+18,7.395969489637449e+17,0.2525283701416581,-0.03226562201498462,12.366858173076922,329.65936649038457
india_daily,persistence,7,6,oracle_instance,0.38690109371542203,0.41171865381099026,0.3204837903889486,0.3342283516097714,0,20,0.7711538461538462,8320,7300,0.6656322067860027,2.1891708110659948e+18,7.395969489637449e+17,0.2525283701416581,-0.03226562201498462,12.366858173076922,329.65936649038457
india_daily,persistence,7,7,rung0_none,0.0,0.0,0.0,0.0,0,20,0.0,8320,7300,0.6540894656121403,2.3245084568882243e+18,9.159642269541138e+17,0.2826637704805535,-0.01497622349953276,12.366858173076922,329.65936649038457
india_daily,persistence,7,7,rung1_global,0.05689997604239022,0.06435710642118586,0.025240576616962728,0.025832863122266958,3,20,0.0,8320,7300,0.6540894656121403,2.3245084568882243e+18,9.159642269541138e+17,0.2826637704805535,-0.01497622349953276,12.366858173076922,329.65936649038457
india_daily,persistence,7,7,rung2_series,0.06892063134626672,0.0774503825344719,0.02765169783660139,0.03009265169771924,4,20,0.0,8320,7300,0.6540894656121403,2.3245084568882243e+18,9.159642269541138e+17,0.2826637704805535,-0.01497622349953276,12.366858173076922,329.65936649038457
india_daily,persistence,7,7,rung3_cell,0.0673470825724177,0.07627484681119256,0.027373745492689304,0.029615282594708248,2,20,0.009375,8320,7300,0.6540894656121403,2.3245084568882243e+18,9.159642269541138e+17,0.2826637704805535,-0.01497622349953276,12.366858173076922,329.65936649038457
india_daily,persistence,7,7,rung5_instance,0.03175927553663004,0.032374571717818434,0.005854666487742954,0.011106650003944729,4,20,0.35673076923076924,8320,7300,0.6540894656121403,2.3245084568882243e+18,9.159642269541138e+17,0.2826637704805535,-0.01497622349953276,12.366858173076922,329.65936649038457
india_daily,persistence,7,7,rung4_shrunk,0.05869014866815007,0.0655375761341851,0.019447136969809674,0.024853839448807036,5,20,0.19903846153846153,8320,7300,0.6540894656121403,2.3245084568882243e+18,9.159642269541138e+17,0.2826637704805535,-0.01497622349953276,12.366858173076922,329.65936649038457
india_daily,persistence,7,7,rung5b_bagged,0.02174379807336254,0.017155764389705785,0.002166842355236376,0.006101797166406242,6,20,0.40829326923076925,8320,7300,0.6540894656121403,2.3245084568882243e+18,9.159642269541138e+17,0.2826637704805535,-0.01497622349953276,12.366858173076922,329.65936649038457
india_daily,persistence,7,7,oracle_instance,0.3868169531982061,0.4186476538152527,0.3208319785423654,0.33670877229778073,0,20,0.7681490384615385,8320,7300,0.6540894656121403,2.3245084568882243e+18,9.159642269541138e+17,0.2826637704805535,-0.01497622349953276,12.366858173076922,329.65936649038457
india_daily,persistence,7,8,rung0_none,0.0,0.0,0.0,0.0,0,20,0.0,8320,7300,0.6852324398511234,3.153457437646165e+18,9.521041460133185e+17,0.231905946753492,-0.030150334773521248,12.366858173076922,329.65936649038457
india_daily,persistence,7,8,rung1_global,0.0444381597705348,0.04834351770539336,0.017734196162203952,0.017319946564200883,3,20,0.0,8320,7300,0.6852324398511234,3.153457437646165e+18,9.521041460133185e+17,0.231905946753492,-0.030150334773521248,12.366858173076922,329.65936649038457
india_daily,persistence,7,8,rung2_series,0.06042538728655197,0.0641850289029674,0.021556890450376794,0.02321390299238113,3,20,0.05,8320,7300,0.6852324398511234,3.153457437646165e+18,9.521041460133185e+17,0.231905946753492,-0.030150334773521248,12.366858173076922,329.65936649038457
india_daily,persistence,7,8,rung3_cell,0.05876357954938766,0.06523717909809279,0.0203157357196517,0.023006080828618436,5,20,0.04326923076923077,8320,7300,0.6852324398511234,3.153457437646165e+18,9.521041460133185e+17,0.231905946753492,-0.030150334773521248,12.366858173076922,329.65936649038457
india_daily,persistence,7,8,rung5_instance,0.017399202246322614,0.013274205408508544,-0.000867000648890498,0.001655369018502939,5,20,0.4034855769230769,8320,7300,0.6852324398511234,3.153457437646165e+18,9.521041460133185e+17,0.231905946753492,-0.030150334773521248,12.366858173076922,329.65936649038457
india_daily,persistence,7,8,rung4_shrunk,0.04957864976466349,0.05278978622521313,0.014724703573155955,0.01918853425124689,4,20,0.18713942307692308,8320,7300,0.6852324398511234,3.153457437646165e+18,9.521041460133185e+17,0.231905946753492,-0.030150334773521248,12.366858173076922,329.65936649038457
india_daily,persistence,7,8,rung5b_bagged,0.01765511700371305,0.013136200881692428,0.0018344385769737959,0.0049568363155472195,6,20,0.4078125,8320,7300,0.6852324398511234,3.153457437646165e+18,9.521041460133185e+17,0.231905946753492,-0.030150334773521248,12.366858173076922,329.65936649038457
india_daily,persistence,7,8,oracle_instance,0.37722852517746186,0.4008386614795971,0.31324849421813716,0.3261255477857967,0,20,0.7783653846153846,8320,7300,0.6852324398511234,3.153457437646165e+18,9.521041460133185e+17,0.231905946753492,-0.030150334773521248,12.366858173076922,329.65936649038457
india_daily,persistence,7,9,rung0_none,0.0,0.0,0.0,0.0,0,20,0.0,8320,7300,0.6836009538250349,4.865901697121284e+18,1.0478380635294213e+18,0.17718704338354666,-0.012978679970705453,12.366858173076922,329.65936649038457
india_daily,persistence,7,9,rung1_global,0.05477451302577827,0.05863809993788871,0.02529607790802891,0.024939090345162618,3,20,0.0,8320,7300,0.6836009538250349,4.865901697121284e+18,1.0478380635294213e+18,0.17718704338354666,-0.012978679970705453,12.366858173076922,329.65936649038457
india_daily,persistence,7,9,rung2_series,0.06801338811820876,0.07583791047900179,0.027455105219097036,0.030561355336950924,5,20,0.05,8320,7300,0.6836009538250349,4.865901697121284e+18,1.0478380635294213e+18,0.17718704338354666,-0.012978679970705453,12.366858173076922,329.65936649038457
india_daily,persistence,7,9,rung3_cell,0.06419018138886498,0.07406257868284827,0.025876922281977847,0.02903159009041889,5,20,0.04002403846153846,8320,7300,0.6836009538250349,4.865901697121284e+18,1.0478380635294213e+18,0.17718704338354666,-0.012978679970705453,12.366858173076922,329.65936649038457
india_daily,persistence,7,9,rung5_instance,0.029009874220279886,0.04129702904192689,0.0075792471694283384,0.014706209400912718,6,20,0.34194711538461536,8320,7300,0.6836009538250349,4.865901697121284e+18,1.0478380635294213e+18,0.17718704338354666,-0.012978679970705453,12.366858173076922,329.65936649038457
india_daily,persistence,7,9,rung4_shrunk,0.05918737900947213,0.07142377979787662,0.022128233820199766,0.02884145906954627,6,20,0.17920673076923077,8320,7300,0.6836009538250349,4.865901697121284e+18,1.0478380635294213e+18,0.17718704338354666,-0.012978679970705453,12.366858173076922,329.65936649038457
india_daily,persistence,7,9,rung5b_bagged,0.030147100181003104,0.03873144944112761,0.008717331792969652,0.015195130639188204,6,20,0.3920673076923077,8320,7300,0.6836009538250349,4.865901697121284e+18,1.0478380635294213e+18,0.17718704338354666,-0.012978679970705453,12.366858173076922,329.65936649038457
india_daily,persistence,7,9,oracle_instance,0.3871175766918355,0.4109514102867484,0.32089415826986717,0.3338445664220606,0,20,0.7754807692307693,8320,7300,0.6836009538250349,4.865901697121284e+18,1.0478380635294213e+18,0.17718704338354666,-0.012978679970705453,12.366858173076922,329.65936649038457
india_daily,roll7,1,0,rung0_none,0.0,0.0,0.0,0.0,0,20,0.0,8440,7300,0.9676186795649832,1.8577640887076388e+18,6.344112865234118e+17,0.254561253123928,0.14933285184129563,9.781795192958699,210.41054871505946
india_daily,roll7,1,0,rung1_global,0.17261265177324653,0.1567578304650623,0.08571724219006038,0.08078304867756225,1,20,0.0,8440,7300,0.9676186795649832,1.8577640887076388e+18,6.344112865234118e+17,0.254561253123928,0.14933285184129563,9.781795192958699,210.41054871505946
india_daily,roll7,1,0,rung2_series,0.2014422886543817,0.18323858114621439,0.10092030923132081,0.0976931482372847,0,20,0.0,8440,7300,0.9676186795649832,1.8577640887076388e+18,6.344112865234118e+17,0.254561253123928,0.14933285184129563,9.781795192958699,210.41054871505946
india_daily,roll7,1,0,rung3_cell,0.20037785143686704,0.18376788760904061,0.10049238608414779,0.09784704346851114,0,20,0.027606635071090048,8440,7300,0.9676186795649832,1.8577640887076388e+18,6.344112865234118e+17,0.254561253123928,0.14933285184129563,9.781795192958699,210.41054871505946
india_daily,roll7,1,0,rung5_instance,0.13168530647123342,0.10489737465935045,0.062129460030436144,0.0556341029163967,2,20,0.36481042654028434,8440,7300,0.9676186795649832,1.8577640887076388e+18,6.344112865234118e+17,0.254561253123928,0.14933285184129563,9.781795192958699,210.41054871505946
india_daily,roll7,1,0,rung4_shrunk,0.18005804093085923,0.16738230319456548,0.0870976375302227,0.08697467813492288,2,20,0.1930094786729858,8440,7300,0.9676186795649832,1.8577640887076388e+18,6.344112865234118e+17,0.254561253123928,0.14933285184129563,9.781795192958699,210.41054871505946
india_daily,roll7,1,0,rung5b_bagged,0.12564675016153729,0.107261664622743,0.061697135380817204,0.05750876442413089,2,20,0.3881516587677725,8440,7300,0.9676186795649832,1.8577640887076388e+18,6.344112865234118e+17,0.254561253123928,0.14933285184129563,9.781795192958699,210.41054871505946
india_daily,roll7,1,0,oracle_instance,0.5294176084292321,0.5435715979481073,0.42560771095088984,0.43507705214327574,0,20,0.7274881516587678,8440,7300,0.9676186795649832,1.8577640887076388e+18,6.344112865234118e+17,0.254561253123928,0.14933285184129563,9.781795192958699,210.41054871505946
india_daily,roll7,1,1,rung0_none,0.0,0.0,0.0,0.0,0,20,0.0,8440,7300,0.985568356993801,1.6471182559683172e+18,3.876949893419507e+17,0.190530993561935,0.15399436130835498,9.781795192958699,210.41054871505946
india_daily,roll7,1,1,rung1_global,0.1752248476659338,0.15759378739233942,0.0910773276464499,0.08397475325337556,1,20,0.0,8440,7300,0.985568356993801,1.6471182559683172e+18,3.876949893419507e+17,0.190530993561935,0.15399436130835498,9.781795192958699,210.41054871505946
india_daily,roll7,1,1,rung2_series,0.20832467286891135,0.19008283042524476,0.10907629166778036,0.10487003144463902,1,20,0.0,8440,7300,0.985568356993801,1.6471182559683172e+18,3.876949893419507e+17,0.190530993561935,0.15399436130835498,9.781795192958699,210.41054871505946
india_daily,roll7,1,1,rung3_cell,0.2064752968523338,0.18943532290681886,0.10814927278964526,0.10394267113003941,1,20,0.027606635071090048,8440,7300,0.985568356993801,1.6471182559683172e+18,3.876949893419507e+17,0.190530993561935,0.15399436130835498,9.781795192958699,210.41054871505946
india_daily,roll7,1,1,rung5_instance,0.1365638770329866,0.11804249487791552,0.07148186621904953,0.06537258592477069,2,20,0.3456161137440758,8440,7300,0.985568356993801,1.6471182559683172e+18,3.876949893419507e+17,0.190530993561935,0.15399436130835498,9.781795192958699,210.41054871505946
india_daily,roll7,1,1,rung4_shrunk,0.1962170384555319,0.17815204000460028,0.10140268943428725,0.09762550479807319,1,20,0.1340047393364929,8440,7300,0.985568356993801,1.6471182559683172e+18,3.876949893419507e+17,0.190530993561935,0.15399436130835498,9.781795192958699,210.41054871505946
india_daily,roll7,1,1,rung5b_bagged,0.15027224721347748,0.11895453937599842,0.07855325670315623,0.06884839893269068,2,20,0.3533175355450237,8440,7300,0.985568356993801,1.6471182559683172e+18,3.876949893419507e+17,0.190530993561935,0.15399436130835498,9.781795192958699,210.41054871505946
india_daily,roll7,1,1,oracle_instance,0.5419550220799557,0.5541273975994656,0.43627938330553917,0.44321653123899263,0,20,0.718957345971564,8440,7300,0.985568356993801,1.6471182559683172e+18,3.876949893419507e+17,0.190530993561935,0.15399436130835498,9.781795192958699,210.41054871505946
india_daily,roll7,1,2,rung0_none,0.0,0.0,0.0,0.0,0,20,0.0,8440,7300,0.9873147482794844,4.2913353485010007e+18,1.1792131888861573e+18,0.2155566632536219,0.1654590330953868,9.781795192958699,210.41054871505946
india_daily,roll7,1,2,rung1_global,0.18408238947931613,0.1681959986563093,0.09400489372491619,0.08866977839506662,1,20,0.0,8440,7300,0.9873147482794844,4.2913353485010007e+18,1.1792131888861573e+18,0.2155566632536219,0.1654590330953868,9.781795192958699,210.41054871505946
india_daily,roll7,1,2,rung2_series,0.21047861964884085,0.19466323985651146,0.1091259150355195,0.10558111719657803,1,20,0.0,8440,7300,0.9873147482794844,4.2913353485010007e+18,1.1792131888861573e+18,0.2155566632536219,0.1654590330953868,9.781795192958699,210.41054871505946
india_daily,roll7,1,2,rung3_cell,0.2095493214762223,0.19397304090975287,0.10834673720643162,0.1049824213020818,1,20,0.011966824644549763,8440,7300,0.9873147482794844,4.2913353485010007e+18,1.1792131888861573e+18,0.2155566632536219,0.1654590330953868,9.781795192958699,210.41054871505946
india_daily,roll7,1,2,rung5_instance,0.13919556327233415,0.11687142708746778,0.06992581641340587,0.06430160161375076,1,20,0.4132701421800948,8440,7300,0.9873147482794844,4.2913353485010007e+18,1.1792131888861573e+18,0.2155566632536219,0.1654590330953868,9.781795192958699,210.41054871505946
india_daily,roll7,1,2,rung4_shrunk,0.1847557491786338,0.17278936705607817,0.09216099650042794,0.09193441217850029,2,20,0.20651658767772513,8440,7300,0.9873147482794844,4.2913353485010007e+18,1.1792131888861573e+18,0.2155566632536219,0.1654590330953868,9.781795192958699,210.41054871505946
india_daily,roll7,1,2,rung5b_bagged,0.1395593946286787,0.12665930602668352,0.07075197050165676,0.06984259486668509,2,20,0.3873222748815166,8440,7300,0.9873147482794844,4.2913353485010007e+18,1.1792131888861573e+18,0.2155566632536219,0.1654590330953868,9.781795192958699,210.41054871505946
india_daily,roll7,1,2,oracle_instance,0.5406614800470483,0.5505053951132486,0.43579401099697873,0.44142744768295694,0,20,0.7169431279620853,8440,7300,0.9873147482794844,4.2913353485010007e+18,1.1792131888861573e+18,0.2155566632536219,0.1654590330953868,9.781795192958699,210.41054871505946
india_daily,roll7,1,3,rung0_none,0.0,0.0,0.0,0.0,0,20,0.0,8440,7300,0.9890973870548063,3.0031934891994783e+18,9.022200450702675e+17,0.23101780058714558,0.15098884090250042,9.781795192958699,210.41054871505946
india_daily,roll7,1,3,rung1_global,0.17296412289239493,0.15376989057808566,0.08741766774924467,0.0809831537699729,1,20,0.0,8440,7300,0.9890973870548063,3.0031934891994783e+18,9.022200450702675e+17,0.23101780058714558,0.15098884090250042,9.781795192958699,210.41054871505946
india_daily,roll7,1,3,rung2_series,0.2053967054694643,0.18289448354583038,0.10534401572451413,0.10118790099813701,0,20,0.0,8440,7300,0.9890973870548063,3.0031934891994783e+18,9.022200450702675e+17,0.23101780058714558,0.15098884090250042,9.781795192958699,210.41054871505946
india_daily,roll7,1,3,rung3_cell,0.20359117909054253,0.18182681574074966,0.10385999256683283,0.10019663259499978,0,20,0.011966824644549763,8440,7300,0.9890973870548063,3.0031934891994783e+18,9.022200450702675e+17,0.23101780058714558,0.15098884090250042,9.781795192958699,210.41054871505946
india_daily,roll7,1,3,rung5_instance,0.1261318972142807,0.09113224304302381,0.0663180042945513,0.05681050493705442,2,20,0.3901658767772512,8440,7300,0.9890973870548063,3.0031934891994783e+18,9.022200450702675e+17,0.23101780058714558,0.15098884090250042,9.781795192958699,210.41054871505946
india_daily,roll7,1,3,rung4_shrunk,0.18430236180837672,0.1622045937229758,0.09133124390071731,0.08827546088062399,1,20,0.164218009478673,8440,7300,0.9890973870548063,3.0031934891994783e+18,9.022200450702675e+17,0.23101780058714558,0.15098884090250042,9.781795192958699,210.41054871505946
india_daily,roll7,1,3,rung5b_bagged,0.12794695991591673,0.10304787525733239,0.06294716996823738,0.05726503744366951,2,20,0.4028436018957346,8440,7300,0.9890973870548063,3.0031934891994783e+18,9.022200450702675e+17,0.23101780058714558,0.15098884090250042,9.781795192958699,210.41054871505946
india_daily,roll7,1,3,oracle_instance,0.5382191833179732,0.5541107369537139,0.4343819478205024,0.4433997963277564,0,20,0.7241706161137441,8440,7300,0.9890973870548063,3.0031934891994783e+18,9.022200450702675e+17,0.23101780058714558,0.15098884090250042,9.781795192958699,210.41054871505946
india_daily,roll7,1,4,rung0_none,0.0,0.0,0.0,0.0,0,20,0.0,8440,7300,0.9965801194834857,3.3386269972327854e+18,9.930546340603434e+17,0.22925383686702033,0.16710813955912573,9.781795192958699,210.41054871505946
india_daily,roll7,1,4,rung1_global,0.17905098397428582,0.16798197872433607,0.09066034952166449,0.08612135533994847,1,20,0.0,8440,7300,0.9965801194834857,3.3386269972327854e+18,9.930546340603434e+17,0.22925383686702033,0.16710813955912573,9.781795192958699,210.41054871505946
india_daily,roll7,1,4,rung2_series,0.20333459239884827,0.18908613398101126,0.10476115956775682,0.10134868133264507,0,20,0.0,8440,7300,0.9965801194834857,3.3386269972327854e+18,9.930546340603434e+17,0.22925383686702033,0.16710813955912573,9.781795192958699,210.41054871505946
india_daily,roll7,1,4,rung3_cell,0.20206205087123763,0.188562523084289,0.10402552186710187,0.10083543219774282,0,20,0.027606635071090048,8440,7300,0.9965801194834857,3.3386269972327854e+18,9.930546340603434e+17,0.22925383686702033,0.16710813955912573,9.781795192958699,210.41054871505946
india_daily,roll7,1,4,rung5_instance,0.13420298095981611,0.11447033697117881,0.06689430983887501,0.06155550549957367,2,20,0.38744075829383884,8440,7300,0.9965801194834857,3.3386269972327854e+18,9.930546340603434e+17,0.22925383686702033,0.16710813955912573,9.781795192958699,210.41054871505946
india_daily,roll7,1,4,rung4_shrunk,0.18068510574297567,0.1692955966599683,0.09040919544758473,0.08932890952518069,2,20,0.2197867298578199,8440,7300,0.9965801194834857,3.3386269972327854e+18,9.930546340603434e+17,0.22925383686702033,0.16710813955912573,9.781795192958699,210.41054871505946
india_daily,roll7,1,4,rung5b_bagged,0.1365941121134807,0.12097397767107099,0.0684280757081219,0.06541872926911918,2,20,0.4165876777251185,8440,7300,0.9965801194834857,3.3386269972327854e+18,9.930546340603434e+17,0.22925383686702033,0.16710813955912573,9.781795192958699,210.41054871505946
india_daily,roll7,1,4,oracle_instance,0.5346609038865795,0.54939811633714,0.43000284783311093,0.43742257320140465,0,20,0.725829383886256,8440,7300,0.9965801194834857,3.3386269972327854e+18,9.930546340603434e+17,0.22925383686702033,0.16710813955912573,9.781795192958699,210.41054871505946
india_daily,roll7,1,5,rung0_none,0.0,0.0,0.0,0.0,0,20,0.0,8440,7300,0.9718193329149382,2.251222456600738e+18,6.209461571361082e+17,0.21619418656908992,0.14067943838703856,9.781795192958699,210.41054871505946
india_daily,roll7,1,5,rung1_global,0.17125637129930793,0.14797802000066151,0.08746820579642359,0.08046996189748046,1,20,0.0,8440,7300,0.9718193329149382,2.251222456600738e+18,6.209461571361082e+17,0.21619418656908992,0.14067943838703856,9.781795192958699,210.41054871505946
india_daily,roll7,1,5,rung2_series,0.20037240975460607,0.17372895709523006,0.10334371457282895,0.0976549284351158,0,20,0.0,8440,7300,0.9718193329149382,2.251222456600738e+18,6.209461571361082e+17,0.21619418656908992,0.14067943838703856,9.781795192958699,210.41054871505946
india_daily,roll7,1,5,rung3_cell,0.19776391751140326,0.17254281125312354,0.10119496160209522,0.09661123981396014,0,20,0.027606635071090048,8440,7300,0.9718193329149382,2.251222456600738e+18,6.209461571361082e+17,0.21619418656908992,0.14067943838703856,9.781795192958699,210.41054871505946
india_daily,roll7,1,5,rung5_instance,0.12770333339078657,0.08797913830934512,0.06505076642107353,0.05609200717573215,2,20,0.37180094786729856,8440,7300,0.9718193329149382,2.251222456600738e+18,6.209461571361082e+17,0.21619418656908992,0.14067943838703856,9.781795192958699,210.41054871505946
india_daily,roll7,1,5,rung4_shrunk,0.18058210536678324,0.15623593585143114,0.09047515436621098,0.0879988573524988,1,20,0.18305687203791468,8440,7300,0.9718193329149382,2.251222456600738e+18,6.209461571361082e+17,0.21619418656908992,0.14067943838703856,9.781795192958699,210.41054871505946
india_daily,roll7,1,5,rung5b_bagged,0.13547233070053208,0.10523785658401763,0.0680619261886424,0.06209100312565563,2,20,0.35118483412322277,8440,7300,0.9718193329149382,2.251222456600738e+18,6.209461571361082e+17,0.21619418656908992,0.14067943838703856,9.781795192958699,210.41054871505946
india_daily,roll7,1,5,oracle_instance,0.533309985024851,0.545275089288662,0.43045419322186573,0.43892429983063874,0,20,0.7191943127962085,8440,7300,0.9718193329149382,2.251222456600738e+18,6.209461571361082e+17,0.21619418656908992,0.14067943838703856,9.781795192958699,210.41054871505946
india_daily,roll7,1,6,rung0_none,0.0,0.0,0.0,0.0,0,20,0.0,8440,7300,0.9695873775954656,1.7739001536657723e+18,5.145475884424887e+17,0.2248456798792597,0.14944731076501871,9.781795192958699,210.41054871505946
india_daily,roll7,1,6,rung1_global,0.17596129116681203,0.1567530075289475,0.0919848164133252,0.0856293053231989,1,20,0.0,8440,7300,0.9695873775954656,1.7739001536657723e+18,5.145475884424887e+17,0.2248456798792597,0.14944731076501871,9.781795192958699,210.41054871505946
india_daily,roll7,1,6,rung2_series,0.20605333304295242,0.18926462978941405,0.1082522302401312,0.10523464221687095,1,20,0.0,8440,7300,0.9695873775954656,1.7739001536657723e+18,5.145475884424887e+17,0.2248456798792597,0.14944731076501871,9.781795192958699,210.41054871505946
india_daily,roll7,1,6,rung3_cell,0.2038553133043702,0.18828988073819608,0.10656421288983506,0.10434387865327954,1,20,0.027606635071090048,8440,7300,0.9695873775954656,1.7739001536657723e+18,5.145475884424887e+17,0.2248456798792597,0.14944731076501871,9.781795192958699,210.41054871505946
india_daily,roll7,1,6,rung5_instance,0.1342213499010338,0.09882115469534436,0.0721718966969332,0.06226751208771941,1,20,0.37772511848341234,8440,7300,0.9695873775954656,1.7739001536657723e+18,5.145475884424887e+17,0.2248456798792597,0.14944731076501871,9.781795192958699,210.41054871505946
india_daily,roll7,1,6,rung4_shrunk,0.18851784017649076,0.16849396416102003,0.0970405109814921,0.0949795719579336,1,20,0.18981042654028435,8440,7300,0.9695873775954656,1.7739001536657723e+18,5.145475884424887e+17,0.2248456798792597,0.14944731076501871,9.781795192958699,210.41054871505946
india_daily,roll7,1,6,rung5b_bagged,0.14479877053198326,0.11413818790394159,0.07543987295749481,0.06909579391572163,2,20,0.37049763033175354,8440,7300,0.9695873775954656,1.7739001536657723e+18,5.145475884424887e+17,0.2248456798792597,0.14944731076501871,9.781795192958699,210.41054871505946
india_daily,roll7,1,6,oracle_instance,0.5382627567906607,0.5504382354335284,0.4368033727900289,0.4453070687632581,0,20,0.716824644549763,8440,7300,0.9695873775954656,1.7739001536657723e+18,5.145475884424887e+17,0.2248456798792597,0.14944731076501871,9.781795192958699,210.41054871505946
india_daily,roll7,1,7,rung0_none,0.0,0.0,0.0,0.0,0,20,0.0,8440,7300,1.0074026467036963,2.7068952676570035e+18,5.991978565730679e+17,0.1812404654247633,0.17813633549431207,9.781795192958699,210.41054871505946
india_daily,roll7,1,7,rung1_global,0.18392294117664262,0.17679911829376438,0.09303032529048368,0.09442124274136876,1,20,0.0,8440,7300,1.0074026467036963,2.7068952676570035e+18,5.991978565730679e+17,0.1812404654247633,0.17813633549431207,9.781795192958699,210.41054871505946
india_daily,roll7,1,7,rung2_series,0.20830117653687572,0.19724044297983345,0.1067999076762302,0.10827779052065833,0,20,0.0,8440,7300,1.0074026467036963,2.7068952676570035e+18,5.991978565730679e+17,0.1812404654247633,0.17813633549431207,9.781795192958699,210.41054871505946
india_daily,roll7,1,7,rung3_cell,0.2045269209405466,0.19649462442895793,0.10393047149259974,0.10681628385120923,0,20,0.027606635071090048,8440,7300,1.0074026467036963,2.7068952676570035e+18,5.991978565730679e+17,0.1812404654247633,0.17813633549431207,9.781795192958699,210.41054871505946
india_daily,roll7,1,7,rung5_instance,0.14264255808145493,0.12676403533119884,0.07020257247505043,0.07008612446858742,1,20,0.40533175355450235,8440,7300,1.0074026467036963,2.7068952676570035e+18,5.991978565730679e+17,0.1812404654247633,0.17813633549431207,9.781795192958699,210.41054871505946
india_daily,roll7,1,7,rung4_shrunk,0.18924789491785324,0.1795680204747394,0.09381510925965109,0.0971716517787633,2,20,0.17654028436018956,8440,7300,1.0074026467036963,2.7068952676570035e+18,5.991978565730679e+17,0.1812404654247633,0.17813633549431207,9.781795192958699,210.41054871505946
india_daily,roll7,1,7,rung5b_bagged,0.14827582535073638,0.12813691198126653,0.07327840067315718,0.07287781261016635,2,20,0.3830568720379147,8440,7300,1.0074026467036963,2.7068952676570035e+18,5.991978565730679e+17,0.1812404654247633,0.17813633549431207,9.781795192958699,210.41054871505946
india_daily,roll7,1,7,oracle_instance,0.5380750601092408,0.551700397926505,0.4341512194825804,0.44409955190690786,0,20,0.7244075829383886,8440,7300,1.0074026467036963,2.7068952676570035e+18,5.991978565730679e+17,0.1812404654247633,0.17813633549431207,9.781795192958699,210.41054871505946
india_daily,roll7,1,8,rung0_none,0.0,0.0,0.0,0.0,0,20,0.0,8440,7300,1.0017155492060856,3.279139331456372e+18,9.031272575493169e+17,0.21594205876867129,0.14949712783336377,9.781795192958699,210.41054871505946
india_daily,roll7,1,8,rung1_global,0.17139795997176333,0.1492326089909085,0.08761252231714561,0.08152146143605765,1,20,0.0,8440,7300,1.0017155492060856,3.279139331456372e+18,9.031272575493169e+17,0.21594205876867129,0.14949712783336377,9.781795192958699,210.41054871505946
india_daily,roll7,1,8,rung2_series,0.20112432072601263,0.17700937105664127,0.10317177987527962,0.09847356888319048,1,20,0.0,8440,7300,1.0017155492060856,3.279139331456372e+18,9.031272575493169e+17,0.21594205876867129,0.14949712783336377,9.781795192958699,210.41054871505946
india_daily,roll7,1,8,rung3_cell,0.19840294443499232,0.17593106551652837,0.10115044784729639,0.09719760592687032,1,20,0.04348341232227488,8440,7300,1.0017155492060856,3.279139331456372e+18,9.031272575493169e+17,0.21594205876867129,0.14949712783336377,9.781795192958699,210.41054871505946
india_daily,roll7,1,8,rung5_instance,0.1269306804742856,0.1033565415593366,0.06305464330312606,0.05752581949339819,1,20,0.3804502369668246,8440,7300,1.0017155492060856,3.279139331456372e+18,9.031272575493169e+17,0.21594205876867129,0.14949712783336377,9.781795192958699,210.41054871505946
india_daily,roll7,1,8,rung4_shrunk,0.18292698695637716,0.16163281656192507,0.09040632856517557,0.0889740728352928,2,20,0.2127962085308057,8440,7300,1.0017155492060856,3.279139331456372e+18,9.031272575493169e+17,0.21594205876867129,0.14949712783336377,9.781795192958699,210.41054871505946
india_daily,roll7,1,8,rung5b_bagged,0.14646590400825416,0.11973032750523616,0.07357434047221172,0.06948560717834285,2,20,0.39443127962085306,8440,7300,1.0017155492060856,3.279139331456372e+18,9.031272575493169e+17,0.21594205876867129,0.14949712783336377,9.781795192958699,210.41054871505946
india_daily,roll7,1,8,oracle_instance,0.541868983160845,0.5508999494261626,0.43582234669479414,0.44266311598902386,0,20,0.7242890995260663,8440,7300,1.0017155492060856,3.279139331456372e+18,9.031272575493169e+17,0.21594205876867129,0.14949712783336377,9.781795192958699,210.41054871505946
india_daily,roll7,1,9,rung0_none,0.0,0.0,0.0,0.0,0,20,0.0,8440,7300,0.9804718604827986,3.0698479605185234e+18,1.573347118984421e+18,0.338850100425427,0.15423424846408418,9.781795192958699,210.41054871505946
india_daily,roll7,1,9,rung1_global,0.17709013790459044,0.15897969439790005,0.09056276985485201,0.08407717224826539,1,20,0.0,8440,7300,0.9804718604827986,3.0698479605185234e+18,1.573347118984421e+18,0.338850100425427,0.15423424846408418,9.781795192958699,210.41054871505946
india_daily,roll7,1,9,rung2_series,0.207666406416149,0.18926277213226295,0.10611595405612247,0.1014743368045411,1,20,0.0,8440,7300,0.9804718604827986,3.0698479605185234e+18,1.573347118984421e+18,0.338850100425427,0.15423424846408418,9.781795192958699,210.41054871505946
india_daily,roll7,1,9,rung3_cell,0.20572120793661317,0.1890842095478804,0.10472317097515652,0.10069258003517267,1,20,0.01919431279620853,8440,7300,0.9804718604827986,3.0698479605185234e+18,1.573347118984421e+18,0.338850100425427,0.15423424846408418,9.781795192958699,210.41054871505946
india_daily,roll7,1,9,rung5_instance,0.13925823605333018,0.11246543391928054,0.07050749230876549,0.06470873203691019,2,20,0.3861374407582938,8440,7300,0.9804718604827986,3.0698479605185234e+18,1.573347118984421e+18,0.338850100425427,0.15423424846408418,9.781795192958699,210.41054871505946
india_daily,roll7,1,9,rung4_shrunk,0.18853242971186482,0.17113668181600883,0.09330743574787745,0.08988355633891332,1,20,0.2433649289099526,8440,7300,0.9804718604827986,3.0698479605185234e+18,1.573347118984421e+18,0.338850100425427,0.15423424846408418,9.781795192958699,210.41054871505946
india_daily,roll7,1,9,rung5b_bagged,0.1513861781494123,0.12861199945831425,0.076928512995643,0.0707779782069562,1,20,0.4099526066350711,8440,7300,0.9804718604827986,3.0698479605185234e+18,1.573347118984421e+18,0.338850100425427,0.15423424846408418,9.781795192958699,210.41054871505946
india_daily,roll7,1,9,oracle_instance,0.5413200587061124,0.556529827058104,0.4348229100029838,0.44248975958743764,0,20,0.7194312796208531,8440,7300,0.9804718604827986,3.0698479605185234e+18,1.573347118984421e+18,0.338850100425427,0.15423424846408418,9.781795192958699,210.41054871505946
india_daily,roll7,2,0,rung0_none,0.0,0.0,0.0,0.0,0,20,0.0,8420,7300,0.7829269308047376,8.452007808121263e+18,3.8835432450226504e+18,0.3148252743871436,-0.03383933277213358,10.411194435018661,237.51471934024917
india_daily,roll7,2,0,rung1_global,0.06536192069184965,0.04321261659661613,0.03218221575936937,0.022277996314020165,2,20,0.0,8420,7300,0.7829269308047376,8.452007808121263e+18,3.8835432450226504e+18,0.3148252743871436,-0.03383933277213358,10.411194435018661,237.51471934024917
india_daily,roll7,2,0,rung2_series,0.10712399574560472,0.08736484153056512,0.04912205780575587,0.04249536121380737,3,20,0.0,8420,7300,0.7829269308047376,8.452007808121263e+18,3.8835432450226504e+18,0.3148252743871436,-0.03383933277213358,10.411194435018661,237.51471934024917
india_daily,roll7,2,0,rung3_cell,0.1026153672759768,0.08433589976655387,0.048609687933799064,0.041863969414487556,3,20,0.027553444180522565,8420,7300,0.7829269308047376,8.452007808121263e+18,3.8835432450226504e+18,0.3148252743871436,-0.03383933277213358,10.411194435018661,237.51471934024917
india_daily,roll7,2,0,rung5_instance,0.02229364428046346,-0.008907317647497193,0.006048147698135104,-0.004398749537909197,5,20,0.38266033254156767,8420,7300,0.7829269308047376,8.452007808121263e+18,3.8835432450226504e+18,0.3148252743871436,-0.03383933277213358,10.411194435018661,237.51471934024917
india_daily,roll7,2,0,rung4_shrunk,0.07477499395116127,0.05472873772312048,0.030819846500508896,0.026146937911643575,4,20,0.21211401425178147,8420,7300,0.7829269308047376,8.452007808121263e+18,3.8835432450226504e+18,0.3148252743871436,-0.03383933277213358,10.411194435018661,237.51471934024917
india_daily,roll7,2,0,rung5b_bagged,0.025927051165888188,-0.00019673279141141364,0.0071065879130323695,0.0003736386271422365,5,20,0.39738717339667456,8420,7300,0.7829269308047376,8.452007808121263e+18,3.8835432450226504e+18,0.3148252743871436,-0.03383933277213358,10.411194435018661,237.51471934024917
india_daily,roll7,2,0,oracle_instance,0.4455865871548729,0.45631370370130797,0.36393112626146173,0.36973154623308957,0,20,0.7496437054631829,8420,7300,0.7829269308047376,8.452007808121263e+18,3.8835432450226504e+18,0.3148252743871436,-0.03383933277213358,10.411194435018661,237.51471934024917
india_daily,roll7,2,1,rung0_none,0.0,0.0,0.0,0.0,0,20,0.0,8420,7300,0.8163836661617662,2.8574150045215534e+18,6.811815878186661e+17,0.19250049279230574,-0.0001668474477338755,10.411194435018661,237.51471934024917
india_daily,roll7,2,1,rung1_global,0.0758162402256838,0.0567359583985485,0.036568939624727584,0.027365177681164754,3,20,0.0,8420,7300,0.8163836661617662,2.8574150045215534e+18,6.811815878186661e+17,0.19250049279230574,-0.0001668474477338755,10.411194435018661,237.51471934024917
india_daily,roll7,2,1,rung2_series,0.11465579736869422,0.09291427886388404,0.05462212788229996,0.047443752643774095,3,20,0.0,8420,7300,0.8163836661617662,2.8574150045215534e+18,6.811815878186661e+17,0.19250049279230574,-0.0001668474477338755,10.411194435018661,237.51471934024917
india_daily,roll7,2,1,rung3_cell,0.10836296049999017,0.08881509044885183,0.052696095588566604,0.045983788392130354,3,20,0.027553444180522565,8420,7300,0.8163836661617662,2.8574150045215534e+18,6.811815878186661e+17,0.19250049279230574,-0.0001668474477338755,10.411194435018661,237.51471934024917
india_daily,roll7,2,1,rung5_instance,0.03966256073669052,0.019930201522278534,0.015084421630526678,0.008072577264925274,5,20,0.34679334916864607,8420,7300,0.8163836661617662,2.8574150045215534e+18,6.811815878186661e+17,0.19250049279230574,-0.0001668474477338755,10.411194435018661,237.51471934024917
india_daily,roll7,2,1,rung4_shrunk,0.09574420462146563,0.07679838267984118,0.04406197828557866,0.03891662776551286,4,20,0.16294536817102137,8420,7300,0.8163836661617662,2.8574150045215534e+18,6.811815878186661e+17,0.19250049279230574,-0.0001668474477338755,10.411194435018661,237.51471934024917
india_daily,roll7,2,1,rung5b_bagged,0.039738389296983694,0.012550226184649627,0.014741467735300929,0.007909539384240216,4,20,0.3814726840855107,8420,7300,0.8163836661617662,2.8574150045215534e+18,6.811815878186661e+17,0.19250049279230574,-0.0001668474477338755,10.411194435018661,237.51471934024917
india_daily,roll7,2,1,oracle_instance,0.4486804561262808,0.4585901267714233,0.36616851319093846,0.37154256887055126,0,20,0.7454869358669833,8420,7300,0.8163836661617662,2.8574150045215534e+18,6.811815878186661e+17,0.19250049279230574,-0.0001668474477338755,10.411194435018661,237.51471934024917
india_daily,roll7,2,2,rung0_none,0.0,0.0,0.0,0.0,0,20,0.0,8420,7300,0.823114600321935,2.6318342043517215e+18,7.661300599181724e+17,0.2254673682045881,-0.017787123351921785,10.411194435018661,237.51471934024917
india_daily,roll7,2,2,rung1_global,0.058046519817064414,0.04324312120783824,0.027339095455557565,0.020072668715100717,3,20,0.0,8420,7300,0.823114600321935,2.6318342043517215e+18,7.661300599181724e+17,0.2254673682045881,-0.017787123351921785,10.411194435018661,237.51471934024917
india_daily,roll7,2,2,rung2_series,0.10648701509809799,0.08791428798847012,0.048348544579208175,0.043400145525748,3,20,0.0,8420,7300,0.823114600321935,2.6318342043517215e+18,7.661300599181724e+17,0.2254673682045881,-0.017787123351921785,10.411194435018661,237.51471934024917
india_daily,roll7,2,2,rung3_cell,0.10058318223792564,0.08333928881637143,0.046200156813503736,0.04196130096946704,3,20,0.04346793349168646,8420,7300,0.823114600321935,2.6318342043517215e+18,7.661300599181724e+17,0.2254673682045881,-0.017787123351921785,10.411194435018661,237.51471934024917
india_daily,roll7,2,2,rung5_instance,0.024058508437378518,0.012662663729950618,0.00792875275459321,0.0030899269971587096,7,20,0.39869358669833727,8420,7300,0.823114600321935,2.6318342043517215e+18,7.661300599181724e+17,0.2254673682045881,-0.017787123351921785,10.411194435018661,237.51471934024917
india_daily,roll7,2,2,rung4_shrunk,0.08122204196699244,0.07588521522287017,0.033084244371101676,0.03380387217361602,3,20,0.22185273159144894,8420,7300,0.823114600321935,2.6318342043517215e+18,7.661300599181724e+17,0.2254673682045881,-0.017787123351921785,10.411194435018661,237.51471934024917
india_daily,roll7,2,2,rung5b_bagged,0.027289096990357288,0.02437419979685418,0.0056855961683939474,0.005664207589079817,5,20,0.43729216152019,8420,7300,0.823114600321935,2.6318342043517215e+18,7.661300599181724e+17,0.2254673682045881,-0.017787123351921785,10.411194435018661,237.51471934024917
india_daily,roll7,2,2,oracle_instance,0.45167088372423586,0.4631217972201136,0.3679523118488594,0.37328798655989637,0,20,0.7460807600950119,8420,7300,0.823114600321935,2.6318342043517215e+18,7.661300599181724e+17,0.2254673682045881,-0.017787123351921785,10.411194435018661,237.51471934024917
india_daily,roll7,2,3,rung0_none,0.0,0.0,0.0,0.0,0,20,0.0,8420,7300,0.8225255981244507,3.641937460009291e+18,1.8421745359955185e+18,0.33591118075953735,-0.028737887291272246,10.411194435018661,237.51471934024917
india_daily,roll7,2,3,rung1_global,0.06444087905935764,0.03676300148850331,0.028772044463999807,0.015984689988269518,3,20,0.0,8420,7300,0.8225255981244507,3.641937460009291e+18,1.8421745359955185e+18,0.33591118075953735,-0.028737887291272246,10.411194435018661,237.51471934024917
india_daily,roll7,2,3,rung2_series,0.10741891211749381,0.07758668788077394,0.04741445328777754,0.03710612685678938,3,20,0.0,8420,7300,0.8225255981244507,3.641937460009291e+18,1.8421745359955185e+18,0.33591118075953735,-0.028737887291272246,10.411194435018661,237.51471934024917
india_daily,roll7,2,3,rung3_cell,0.10243708484049763,0.07373319198486228,0.04550717108845424,0.03543161594051858,4,20,0.04346793349168646,8420,7300,0.8225255981244507,3.641937460009291e+18,1.8421745359955185e+18,0.33591118075953735,-0.028737887291272246,10.411194435018661,237.51471934024917
india_daily,roll7,2,3,rung5_instance,0.016047779321477475,-0.01837505552996377,0.0030866444400104885,-0.01054963055758984,6,20,0.42862232779097387,8420,7300,0.8225255981244507,3.641937460009291e+18,1.8421745359955185e+18,0.33591118075953735,-0.028737887291272246,10.411194435018661,237.51471934024917
india_daily,roll7,2,3,rung4_shrunk,0.07970855545035058,0.04967655518356784,0.03149468787007106,0.022112619656038057,4,20,0.21888361045130642,8420,7300,0.8225255981244507,3.641937460009291e+18,1.8421745359955185e+18,0.33591118075953735,-0.028737887291272246,10.411194435018661,237.51471934024917
india_daily,roll7,2,3,rung5b_bagged,0.03234094160567484,-0.001963175279885432,0.008074651653739823,-0.0034234744327075184,5,20,0.39536817102137767,8420,7300,0.8225255981244507,3.641937460009291e+18,1.8421745359955185e+18,0.33591118075953735,-0.028737887291272246,10.411194435018661,237.51471934024917
india_daily,roll7,2,3,oracle_instance,0.4521470745860655,0.4626274856695465,0.36696140221765816,0.37209410909944174,0,20,0.7459619952494062,8420,7300,0.8225255981244507,3.641937460009291e+18,1.8421745359955185e+18,0.33591118075953735,-0.028737887291272246,10.411194435018661,237.51471934024917
india_daily,roll7,2,4,rung0_none,0.0,0.0,0.0,0.0,0,20,0.0,8420,7300,0.793605088482494,3.31468809248941e+18,1.1304795180240882e+18,0.2543165111143013,-0.0036240363748392124,10.411194435018661,237.51471934024917
india_daily,roll7,2,4,rung1_global,0.07750039958584397,0.06014285555609855,0.036877613513958594,0.02771930516461818,2,20,0.0,8420,7300,0.793605088482494,3.31468809248941e+18,1.1304795180240882e+18,0.2543165111143013,-0.0036240363748392124,10.411194435018661,237.51471934024917
india_daily,roll7,2,4,rung2_series,0.11395996431091344,0.09718487593119751,0.053217206970993414,0.047157231691777435,3,20,0.0,8420,7300,0.793605088482494,3.31468809248941e+18,1.1304795180240882e+18,0.2543165111143013,-0.0036240363748392124,10.411194435018661,237.51471934024917
india_daily,roll7,2,4,rung3_cell,0.11034167286884358,0.09319104413894452,0.052533064159848264,0.04574591654034599,3,20,0.04346793349168646,8420,7300,0.793605088482494,3.31468809248941e+18,1.1304795180240882e+18,0.2543165111143013,-0.0036240363748392124,10.411194435018661,237.51471934024917
india_daily,roll7,2,4,rung5_instance,0.022629205596917345,0.007055572010537303,0.009988420376541313,0.002312346455240477,6,20,0.37672209026128267,8420,7300,0.793605088482494,3.31468809248941e+18,1.1304795180240882e+18,0.2543165111143013,-0.0036240363748392124,10.411194435018661,237.51471934024917
india_daily,roll7,2,4,rung4_shrunk,0.09166854509773151,0.07629639014616141,0.04002089098011003,0.035480907142699136,4,20,0.19014251781472685,8420,7300,0.793605088482494,3.31468809248941e+18,1.1304795180240882e+18,0.2543165111143013,-0.0036240363748392124,10.411194435018661,237.51471934024917
india_daily,roll7,2,4,rung5b_bagged,0.023005308702401688,0.0012881352633106191,0.007634641580399637,0.00018914006995518484,6,20,0.4020190023752969,8420,7300,0.793605088482494,3.31468809248941e+18,1.1304795180240882e+18,0.2543165111143013,-0.0036240363748392124,10.411194435018661,237.51471934024917
india_daily,roll7,2,4,oracle_instance,0.44746923983920467,0.458804111105653,0.36444137243184127,0.3698741793954211,0,20,0.7498812351543943,8420,7300,0.793605088482494,3.31468809248941e+18,1.1304795180240882e+18,0.2543165111143013,-0.0036240363748392124,10.411194435018661,237.51471934024917
india_daily,roll7,2,5,rung0_none,0.0,0.0,0.0,0.0,0,20,0.0,8420,7300,0.8375298525347895,4.543545953939586e+18,1.4517905039561495e+18,0.2421532993438877,-0.01350324854924767,10.411194435018661,237.51471934024917
india_daily,roll7,2,5,rung1_global,0.061534328027788535,0.04277477804171237,0.028874454520192598,0.020476302409826785,3,20,0.0,8420,7300,0.8375298525347895,4.543545953939586e+18,1.4517905039561495e+18,0.2421532993438877,-0.01350324854924767,10.411194435018661,237.51471934024917
india_daily,roll7,2,5,rung2_series,0.10784112568362159,0.08610106939326445,0.05086024805311817,0.04430843373833482,3,20,0.0,8420,7300,0.8375298525347895,4.543545953939586e+18,1.4517905039561495e+18,0.2421532993438877,-0.01350324854924767,10.411194435018661,237.51471934024917
india_daily,roll7,2,5,rung3_cell,0.10214990628533727,0.08197664009435923,0.048664203197469016,0.04261279669245377,3,20,0.027553444180522565,8420,7300,0.8375298525347895,4.543545953939586e+18,1.4517905039561495e+18,0.2421532993438877,-0.01350324854924767,10.411194435018661,237.51471934024917
india_daily,roll7,2,5,rung5_instance,0.012158007394724552,-0.008625117965679774,0.0014464625547614296,-0.004030487645700909,5,20,0.37363420427553445,8420,7300,0.8375298525347895,4.543545953939586e+18,1.4517905039561495e+18,0.2421532993438877,-0.01350324854924767,10.411194435018661,237.51471934024917
india_daily,roll7,2,5,rung4_shrunk,0.07850354938472108,0.06810488234934653,0.031291152507254304,0.03156782376739731,4,20,0.22161520190023754,8420,7300,0.8375298525347895,4.543545953939586e+18,1.4517905039561495e+18,0.2421532993438877,-0.01350324854924767,10.411194435018661,237.51471934024917
india_daily,roll7,2,5,rung5b_bagged,0.012514053059512703,-0.0034807280759587833,0.0007367514965287813,-0.002921543425892237,6,20,0.42565320665083134,8420,7300,0.8375298525347895,4.543545953939586e+18,1.4517905039561495e+18,0.2421532993438877,-0.01350324854924767,10.411194435018661,237.51471934024917
india_daily,roll7,2,5,oracle_instance,0.4528327703965932,0.46409371539580724,0.3674480661986983,0.3740725965928754,0,20,0.7463182897862233,8420,7300,0.8375298525347895,4.543545953939586e+18,1.4517905039561495e+18,0.2421532993438877,-0.01350324854924767,10.411194435018661,237.51471934024917
india_daily,roll7,2,6,rung0_none,0.0,0.0,0.0,0.0,0,20,0.0,8420,7300,0.8247515030583867,4.457168515033943e+18,1.9312169339574858e+18,0.3023012542648594,-0.01904469998288638,10.411194435018661,237.51471934024917
india_daily,roll7,2,6,rung1_global,0.06516397671862666,0.04136749035372134,0.033341802719413054,0.02322188706567152,2,20,0.0,8420,7300,0.8247515030583867,4.457168515033943e+18,1.9312169339574858e+18,0.3023012542648594,-0.01904469998288638,10.411194435018661,237.51471934024917
india_daily,roll7,2,6,rung2_series,0.10745995946549096,0.08032395887617694,0.05236231538819976,0.044575360103673245,3,20,0.0,8420,7300,0.8247515030583867,4.457168515033943e+18,1.9312169339574858e+18,0.3023012542648594,-0.01904469998288638,10.411194435018661,237.51471934024917
india_daily,roll7,2,6,rung3_cell,0.10173026529960387,0.07646920447321881,0.04998349927876389,0.042573690349375415,3,20,0.027553444180522565,8420,7300,0.8247515030583867,4.457168515033943e+18,1.9312169339574858e+18,0.3023012542648594,-0.01904469998288638,10.411194435018661,237.51471934024917
india_daily,roll7,2,6,rung5_instance,0.05258523244953944,0.038339326724169065,0.021025984766825996,0.017823140721631048,3,20,0.3834916864608076,8420,7300,0.8247515030583867,4.457168515033943e+18,1.9312169339574858e+18,0.3023012542648594,-0.01904469998288638,10.411194435018661,237.51471934024917
india_daily,roll7,2,6,rung4_shrunk,0.08705363640109016,0.06622710893055717,0.03980516138372058,0.03605346346191274,3,20,0.21140142517814728,8420,7300,0.8247515030583867,4.457168515033943e+18,1.9312169339574858e+18,0.3023012542648594,-0.01904469998288638,10.411194435018661,237.51471934024917
india_daily,roll7,2,6,rung5b_bagged,0.05568117877588361,0.036386561105790194,0.02416099502566251,0.020514381234658652,3,20,0.3957244655581948,8420,7300,0.8247515030583867,4.457168515033943e+18,1.9312169339574858e+18,0.3023012542648594,-0.01904469998288638,10.411194435018661,237.51471934024917
india_daily,roll7,2,6,oracle_instance,0.44223616678044203,0.4517017688406282,0.3630831273061658,0.3686763889871292,0,20,0.7503562945368171,8420,7300,0.8247515030583867,4.457168515033943e+18,1.9312169339574858e+18,0.3023012542648594,-0.01904469998288638,10.411194435018661,237.51471934024917
india_daily,roll7,2,7,rung0_none,0.0,0.0,0.0,0.0,0,20,0.0,8420,7300,0.8473803530137757,2.5103757387504727e+18,7.898251749835514e+17,0.23932639121958815,0.02580764889101883,10.411194435018661,237.51471934024917
india_daily,roll7,2,7,rung1_global,0.08440756354963172,0.06764880646119054,0.039278028897361913,0.033178134439521556,2,20,0.0,8420,7300,0.8473803530137757,2.5103757387504727e+18,7.898251749835514e+17,0.23932639121958815,0.02580764889101883,10.411194435018661,237.51471934024917
india_daily,roll7,2,7,rung2_series,0.11803896905129843,0.09987583649104614,0.05461227912893592,0.050176078344003505,1,20,0.0,8420,7300,0.8473803530137757,2.5103757387504727e+18,7.898251749835514e+17,0.23932639121958815,0.02580764889101883,10.411194435018661,237.51471934024917
india_daily,roll7,2,7,rung3_cell,0.11305298501950545,0.0967627186161959,0.05209770666806233,0.04829921473263421,2,20,0.04346793349168646,8420,7300,0.8473803530137757,2.5103757387504727e+18,7.898251749835514e+17,0.23932639121958815,0.02580764889101883,10.411194435018661,237.51471934024917
india_daily,roll7,2,7,rung5_instance,0.04895397088412533,0.03749868338612994,0.01640458093237631,0.016415041515858375,4,20,0.3630641330166271,8420,7300,0.8473803530137757,2.5103757387504727e+18,7.898251749835514e+17,0.23932639121958815,0.02580764889101883,10.411194435018661,237.51471934024917
india_daily,roll7,2,7,rung4_shrunk,0.10249193688526645,0.09146726365111413,0.04227327106019077,0.0427328868829745,2,20,0.19679334916864608,8420,7300,0.8473803530137757,2.5103757387504727e+18,7.898251749835514e+17,0.23932639121958815,0.02580764889101883,10.411194435018661,237.51471934024917
india_daily,roll7,2,7,rung5b_bagged,0.05594048342438094,0.04388756935882432,0.017952373539445777,0.017247502543319748,4,20,0.38776722090261284,8420,7300,0.8473803530137757,2.5103757387504727e+18,7.898251749835514e+17,0.23932639121958815,0.02580764889101883,10.411194435018661,237.51471934024917
india_daily,roll7,2,7,oracle_instance,0.45104891329177893,0.46009323075852004,0.3675052922257217,0.37346901086757844,0,20,0.746437054631829,8420,7300,0.8473803530137757,2.5103757387504727e+18,7.898251749835514e+17,0.23932639121958815,0.02580764889101883,10.411194435018661,237.51471934024917
india_daily,roll7,2,8,rung0_none,0.0,0.0,0.0,0.0,0,20,0.0,8420,7300,0.8457084950362075,6.488275745601034e+18,2.3337160874797517e+18,0.26453392064236125,-0.02408143131119478,10.411194435018661,237.51471934024917
india_daily,roll7,2,8,rung1_global,0.05593064242049743,0.03228031179982194,0.025592408076873286,0.01657343816161816,2,20,0.0,8420,7300,0.8457084950362075,6.488275745601034e+18,2.3337160874797517e+18,0.26453392064236125,-0.02408143131119478,10.411194435018661,237.51471934024917
india_daily,roll7,2,8,rung2_series,0.10419620004427418,0.07986796497754389,0.047537746279239276,0.04078201165882778,3,20,0.0,8420,7300,0.8457084950362075,6.488275745601034e+18,2.3337160874797517e+18,0.26453392064236125,-0.02408143131119478,10.411194435018661,237.51471934024917
india_daily,roll7,2,8,rung3_cell,0.09875864455968571,0.07623283141763904,0.04482916473117031,0.03879454241744362,3,20,0.027909738717339667,8420,7300,0.8457084950362075,6.488275745601034e+18,2.3337160874797517e+18,0.26453392064236125,-0.02408143131119478,10.411194435018661,237.51471934024917
india_daily,roll7,2,8,rung5_instance,0.03328068211079761,0.018384273406275464,0.01266080252361355,0.008493417022486516,4,20,0.3796912114014252,8420,7300,0.8457084950362075,6.488275745601034e+18,2.3337160874797517e+18,0.26453392064236125,-0.02408143131119478,10.411194435018661,237.51471934024917
india_daily,roll7,2,8,rung4_shrunk,0.07728871497085756,0.06194614518530661,0.030218545446521018,0.029312722088336796,4,20,0.23123515439429929,8420,7300,0.8457084950362075,6.488275745601034e+18,2.3337160874797517e+18,0.26453392064236125,-0.02408143131119478,10.411194435018661,237.51471934024917
india_daily,roll7,2,8,rung5b_bagged,0.03640737304851128,0.017038491681894752,0.010086734209150655,0.0073008060424871735,5,20,0.42114014251781473,8420,7300,0.8457084950362075,6.488275745601034e+18,2.3337160874797517e+18,0.26453392064236125,-0.02408143131119478,10.411194435018661,237.51471934024917
india_daily,roll7,2,8,oracle_instance,0.44856147773690286,0.4564944903849988,0.3664497679767577,0.3715465868002106,0,20,0.7453681710213776,8420,7300,0.8457084950362075,6.488275745601034e+18,2.3337160874797517e+18,0.26453392064236125,-0.02408143131119478,10.411194435018661,237.51471934024917
india_daily,roll7,2,9,rung0_none,0.0,0.0,0.0,0.0,0,20,0.0,8420,7300,0.8097118057422232,1.3858998101399017e+18,2.5880864920106458e+17,0.1573583742037595,-0.04542368732859137,10.411194435018661,237.51471934024917
india_daily,roll7,2,9,rung1_global,0.055396989238358764,0.02933277847118232,0.027214868212348437,0.016663789145431873,3,20,0.0,8420,7300,0.8097118057422232,1.3858998101399017e+18,2.5880864920106458e+17,0.1573583742037595,-0.04542368732859137,10.411194435018661,237.51471934024917
india_daily,roll7,2,9,rung2_series,0.10827730431672826,0.0799424879431665,0.049653925647918484,0.04190039666250123,3,20,0.0,8420,7300,0.8097118057422232,1.3858998101399017e+18,2.5880864920106458e+17,0.1573583742037595,-0.04542368732859137,10.411194435018661,237.51471934024917
india_daily,roll7,2,9,rung3_cell,0.10393151427067086,0.07538614836865298,0.047245576205981306,0.03984861640582871,3,20,0.04346793349168646,8420,7300,0.8097118057422232,1.3858998101399017e+18,2.5880864920106458e+17,0.1573583742037595,-0.04542368732859137,10.411194435018661,237.51471934024917
india_daily,roll7,2,9,rung5_instance,0.035360051245043905,0.005557295826613573,0.00941608502706121,0.00254966002171364,5,20,0.40249406175771973,8420,7300,0.8097118057422232,1.3858998101399017e+18,2.5880864920106458e+17,0.1573583742037595,-0.04542368732859137,10.411194435018661,237.51471934024917
india_daily,roll7,2,9,rung4_shrunk,0.093022800664678,0.06736844131154551,0.03957020245884325,0.03522238463874716,4,20,0.20665083135391923,8420,7300,0.8097118057422232,1.3858998101399017e+18,2.5880864920106458e+17,0.1573583742037595,-0.04542368732859137,10.411194435018661,237.51471934024917
india_daily,roll7,2,9,rung5b_bagged,0.05828099266703317,0.03515034023756558,0.01964328027346024,0.01596299275031876,4,20,0.4412114014251782,8420,7300,0.8097118057422232,1.3858998101399017e+18,2.5880864920106458e+17,0.1573583742037595,-0.04542368732859137,10.411194435018661,237.51471934024917
india_daily,roll7,2,9,oracle_instance,0.44899880385625923,0.4620611032422195,0.36604777942919775,0.37235792004681567,0,20,0.7477434679334917,8420,7300,0.8097118057422232,1.3858998101399017e+18,2.5880864920106458e+17,0.1573583742037595,-0.04542368732859137,10.411194435018661,237.51471934024917
india_daily,roll7,3,0,rung0_none,0.0,0.0,0.0,0.0,0,20,0.0,8400,7300,0.7140706022634278,6.02192414511591e+18,1.6167345306950725e+18,0.21165162619645742,-0.04262359659711423,10.919924829931972,259.30643339601556
india_daily,roll7,3,0,rung1_global,0.05700858752994409,0.04589511135621338,0.025756882086464643,0.019421615097722444,2,20,0.0,8400,7300,0.7140706022634278,6.02192414511591e+18,1.6167345306950725e+18,0.21165162619645742,-0.04262359659711423,10.919924829931972,259.30643339601556
india_daily,roll7,3,0,rung2_series,0.08819759593058632,0.08143379566154063,0.04020560389966731,0.03845817573489552,2,20,0.0,8400,7300,0.7140706022634278,6.02192414511591e+18,1.6167345306950725e+18,0.21165162619645742,-0.04262359659711423,10.919924829931972,259.30643339601556
india_daily,roll7,3,0,rung3_cell,0.08100458574548992,0.07492211424627437,0.03731617904211106,0.035198170392738426,4,20,0.0275,8400,7300,0.7140706022634278,6.02192414511591e+18,1.6167345306950725e+18,0.21165162619645742,-0.04262359659711423,10.919924829931972,259.30643339601556
india_daily,roll7,3,0,rung5_instance,0.023788840371118745,0.019467882869624753,0.007067528878210832,0.005420037074358008,4,20,0.3711904761904762,8400,7300,0.7140706022634278,6.02192414511591e+18,1.6167345306950725e+18,0.21165162619645742,-0.04262359659711423,10.919924829931972,259.30643339601556
india_daily,roll7,3,0,rung4_shrunk,0.06443739755955939,0.06142100065768197,0.02496573349190581,0.026637363821408133,5,20,0.21059523809523809,8400,7300,0.7140706022634278,6.02192414511591e+18,1.6167345306950725e+18,0.21165162619645742,-0.04262359659711423,10.919924829931972,259.30643339601556
india_daily,roll7,3,0,rung5b_bagged,0.012035480093425832,0.005712861165568461,0.0008685900183536821,0.0005599330094254729,3,20,0.4135714285714286,8400,7300,0.7140706022634278,6.02192414511591e+18,1.6167345306950725e+18,0.21165162619645742,-0.04262359659711423,10.919924829931972,259.30643339601556
india_daily,roll7,3,0,oracle_instance,0.4177039660884051,0.42443494264906545,0.34499514498913675,0.34884363810125874,0,20,0.7541666666666667,8400,7300,0.7140706022634278,6.02192414511591e+18,1.6167345306950725e+18,0.21165162619645742,-0.04262359659711423,10.919924829931972,259.30643339601556
india_daily,roll7,3,1,rung0_none,0.0,0.0,0.0,0.0,0,20,0.0,8400,7300,0.7166271617374076,8.009018259008265e+18,2.6231885907558093e+18,0.24672098914384996,-0.09245741539761165,10.919924829931972,259.30643339601556
india_daily,roll7,3,1,rung1_global,0.03981889168062912,0.025855905826796866,0.019353840094484587,0.009324553584949102,2,20,0.0,8400,7300,0.7166271617374076,8.009018259008265e+18,2.6231885907558093e+18,0.24672098914384996,-0.09245741539761165,10.919924829931972,259.30643339601556
india_daily,roll7,3,1,rung2_series,0.08730717381747463,0.07684653659634466,0.04006984185485139,0.035421646960595576,4,20,0.0,8400,7300,0.7166271617374076,8.009018259008265e+18,2.6231885907558093e+18,0.24672098914384996,-0.09245741539761165,10.919924829931972,259.30643339601556
india_daily,roll7,3,1,rung3_cell,0.08180365824960704,0.07203616731293372,0.038589921463449355,0.033595777593152354,4,20,0.027976190476190477,8400,7300,0.7166271617374076,8.009018259008265e+18,2.6231885907558093e+18,0.24672098914384996,-0.09245741539761165,10.919924829931972,259.30643339601556
india_daily,roll7,3,1,rung5_instance,0.04368254470657108,0.048685672233381494,0.01750667674733064,0.01898871820869097,5,20,0.3653571428571429,8400,7300,0.7166271617374076,8.009018259008265e+18,2.6231885907558093e+18,0.24672098914384996,-0.09245741539761165,10.919924829931972,259.30643339601556
india_daily,roll7,3,1,rung4_shrunk,0.0671205413239833,0.06772538771150072,0.027443086180346084,0.028293541323532234,4,20,0.20488095238095239,8400,7300,0.7166271617374076,8.009018259008265e+18,2.6231885907558093e+18,0.24672098914384996,-0.09245741539761165,10.919924829931972,259.30643339601556
india_daily,roll7,3,1,rung5b_bagged,0.03685238391266741,0.035660141741367335,0.009663913369338768,0.009256005293350134,3,20,0.3877380952380952,8400,7300,0.7166271617374076,8.009018259008265e+18,2.6231885907558093e+18,0.24672098914384996,-0.09245741539761165,10.919924829931972,259.30643339601556
india_daily,roll7,3,1,oracle_instance,0.4249014453992511,0.4390904745940124,0.3506404028536993,0.3583014231200836,0,20,0.7498809523809524,8400,7300,0.7166271617374076,8.009018259008265e+18,2.6231885907558093e+18,0.24672098914384996,-0.09245741539761165,10.919924829931972,259.30643339601556
india_daily,roll7,3,2,rung0_none,0.0,0.0,0.0,0.0,0,20,0.0,8400,7300,0.6999945438734929,6.571599870980336e+18,2.2955932881821896e+18,0.2588861263059482,-0.08919051778880305,10.919924829931972,259.30643339601556
india_daily,roll7,3,2,rung1_global,0.04101518918828912,0.02562349081911819,0.019073368412402897,0.009152381370716944,2,20,0.0,8400,7300,0.6999945438734929,6.571599870980336e+18,2.2955932881821896e+18,0.2588861263059482,-0.08919051778880305,10.919924829931972,259.30643339601556
india_daily,roll7,3,2,rung2_series,0.07648777219832018,0.06592785864705475,0.03357602284604712,0.02946238101107579,4,20,0.0,8400,7300,0.6999945438734929,6.571599870980336e+18,2.2955932881821896e+18,0.2588861263059482,-0.08919051778880305,10.919924829931972,259.30643339601556
india_daily,roll7,3,2,rung3_cell,0.07103529636803152,0.061358250463998676,0.030995439577575577,0.026929942956141484,4,20,0.04345238095238095,8400,7300,0.6999945438734929,6.571599870980336e+18,2.2955932881821896e+18,0.2588861263059482,-0.08919051778880305,10.919924829931972,259.30643339601556
india_daily,roll7,3,2,rung5_instance,-0.0006821834816692074,-0.012029750696040287,-0.00450854205624861,-0.009923874069408312,6,20,0.3939285714285714,8400,7300,0.6999945438734929,6.571599870980336e+18,2.2955932881821896e+18,0.2588861263059482,-0.08919051778880305,10.919924829931972,259.30643339601556
india_daily,roll7,3,2,rung4_shrunk,0.05361668770182698,0.04987082131494458,0.019672529411418838,0.01917302017771283,6,20,0.21821428571428572,8400,7300,0.6999945438734929,6.571599870980336e+18,2.2955932881821896e+18,0.2588861263059482,-0.08919051778880305,10.919924829931972,259.30643339601556
india_daily,roll7,3,2,rung5b_bagged,-0.003439725745788114,-0.012108600136987002,-0.00868691806061625,-0.012817194654175523,7,20,0.41785714285714287,8400,7300,0.6999945438734929,6.571599870980336e+18,2.2955932881821896e+18,0.2588861263059482,-0.08919051778880305,10.919924829931972,259.30643339601556
india_daily,roll7,3,2,oracle_instance,0.4166754406478213,0.421476404051489,0.3446207157337158,0.34724790831096686,0,20,0.7520238095238095,8400,7300,0.6999945438734929,6.571599870980336e+18,2.2955932881821896e+18,0.2588861263059482,-0.08919051778880305,10.919924829931972,259.30643339601556
india_daily,roll7,3,3,rung0_none,0.0,0.0,0.0,0.0,0,20,0.0,8400,7300,0.7281025053936114,5.816369192871974e+18,3.56263126183508e+18,0.37985191268938434,-0.11232548807810039,10.919924829931972,259.30643339601556
india_daily,roll7,3,3,rung1_global,0.027081920223189743,0.009280428189667789,0.010603151728231962,0.00021088840787952812,3,20,0.0,8400,7300,0.7281025053936114,5.816369192871974e+18,3.56263126183508e+18,0.37985191268938434,-0.11232548807810039,10.919924829931972,259.30643339601556
india_daily,roll7,3,3,rung2_series,0.07702348164015026,0.059492920485114786,0.031285115972702476,0.026822252133394398,4,20,0.0,8400,7300,0.7281025053936114,5.816369192871974e+18,3.56263126183508e+18,0.37985191268938434,-0.11232548807810039,10.919924829931972,259.30643339601556
india_daily,roll7,3,3,rung3_cell,0.06959122077318833,0.053003181842500635,0.028471486798895933,0.024107253516413518,4,20,0.04345238095238095,8400,7300,0.7281025053936114,5.816369192871974e+18,3.56263126183508e+18,0.37985191268938434,-0.11232548807810039,10.919924829931972,259.30643339601556
india_daily,roll7,3,3,rung5_instance,-0.00034944865237363507,-0.001926925551198,-0.009598742535907524,-0.0106583977391832,5,20,0.4091666666666667,8400,7300,0.7281025053936114,5.816369192871974e+18,3.56263126183508e+18,0.37985191268938434,-0.11232548807810039,10.919924829931972,259.30643339601556
india_daily,roll7,3,3,rung4_shrunk,0.03942433804020765,0.03413069534823088,0.0071453793249416754,0.007212737585046147,6,20,0.25226190476190474,8400,7300,0.7281025053936114,5.816369192871974e+18,3.56263126183508e+18,0.37985191268938434,-0.11232548807810039,10.919924829931972,259.30643339601556
india_daily,roll7,3,3,rung5b_bagged,-0.003489998682760265,-0.009506529658593665,-0.013047531911087906,-0.015241739259622467,5,20,0.3980952380952381,8400,7300,0.7281025053936114,5.816369192871974e+18,3.56263126183508e+18,0.37985191268938434,-0.11232548807810039,10.919924829931972,259.30643339601556
india_daily,roll7,3,3,oracle_instance,0.4200753659650931,0.4342033549956461,0.3476515399091374,0.35538709249528966,0,20,0.7466666666666667,8400,7300,0.7281025053936114,5.816369192871974e+18,3.56263126183508e+18,0.37985191268938434,-0.11232548807810039,10.919924829931972,259.30643339601556
india_daily,roll7,3,4,rung0_none,0.0,0.0,0.0,0.0,0,20,0.0,8400,7300,0.7368231280566632,2.8693373823217423e+18,8.164789582845882e+17,0.22151916504615485,-0.11453158818083886,10.919924829931972,259.30643339601556
india_daily,roll7,3,4,rung1_global,0.022551634155883356,0.005349741233623639,0.007845469492219408,-0.0024904530500258204,3,20,0.0,8400,7300,0.7368231280566632,2.8693373823217423e+18,8.164789582845882e+17,0.22151916504615485,-0.11453158818083886,10.919924829931972,259.30643339601556
india_daily,roll7,3,4,rung2_series,0.07622182712704012,0.061529603131826205,0.030862004308164947,0.025993614004256815,4,20,0.0,8400,7300,0.7368231280566632,2.8693373823217423e+18,8.164789582845882e+17,0.22151916504615485,-0.11453158818083886,10.919924829931972,259.30643339601556
india_daily,roll7,3,4,rung3_cell,0.07060722418648238,0.056272713874699454,0.028760208699705397,0.02331936413167013,4,20,0.027976190476190477,8400,7300,0.7368231280566632,2.8693373823217423e+18,8.164789582845882e+17,0.22151916504615485,-0.11453158818083886,10.919924829931972,259.30643339601556
india_daily,roll7,3,4,rung5_instance,0.0037058190905641664,-0.007621433220341922,-0.008275998231226345,-0.012599666221720929,4,20,0.3554761904761905,8400,7300,0.7368231280566632,2.8693373823217423e+18,8.164789582845882e+17,0.22151916504615485,-0.11453158818083886,10.919924829931972,259.30643339601556
india_daily,roll7,3,4,rung4_shrunk,0.05202125175634971,0.046810516545267356,0.015923467312054997,0.015352266936634384,5,20,0.20583333333333334,8400,7300,0.7368231280566632,2.8693373823217423e+18,8.164789582845882e+17,0.22151916504615485,-0.11453158818083886,10.919924829931972,259.30643339601556
india_daily,roll7,3,4,rung5b_bagged,0.006534919556573565,0.004922565333731588,-0.009098708305425363,-0.009986539347430323,6,20,0.3854761904761905,8400,7300,0.7368231280566632,2.8693373823217423e+18,8.164789582845882e+17,0.22151916504615485,-0.11453158818083886,10.919924829931972,259.30643339601556
india_daily,roll7,3,4,oracle_instance,0.42288513161358016,0.4339673213191523,0.35012912101823285,0.3559476483003896,0,20,0.7460714285714286,8400,7300,0.7368231280566632,2.8693373823217423e+18,8.164789582845882e+17,0.22151916504615485,-0.11453158818083886,10.919924829931972,259.30643339601556
india_daily,roll7,3,5,rung0_none,0.0,0.0,0.0,0.0,0,20,0.0,8400,7300,0.7279130881437259,4.759856343765479e+18,2.686580327571754e+18,0.3607873733638155,-0.07670281406283852,10.919924829931972,259.30643339601556
india_daily,roll7,3,5,rung1_global,0.04495830716398502,0.027438321765647866,0.01967540556847398,0.00951861591789327,2,20,0.0,8400,7300,0.7279130881437259,4.759856343765479e+18,2.686580327571754e+18,0.3607873733638155,-0.07670281406283852,10.919924829931972,259.30643339601556
india_daily,roll7,3,5,rung2_series,0.085514334953342,0.07196691189657978,0.03812786451581491,0.0330340322204582,4,20,0.0,8400,7300,0.7279130881437259,4.759856343765479e+18,2.686580327571754e+18,0.3607873733638155,-0.07670281406283852,10.919924829931972,259.30643339601556
india_daily,roll7,3,5,rung3_cell,0.07996003137291692,0.06727205913671475,0.03584023446874972,0.030572514853899557,4,20,0.04345238095238095,8400,7300,0.7279130881437259,4.759856343765479e+18,2.686580327571754e+18,0.3607873733638155,-0.07670281406283852,10.919924829931972,259.30643339601556
india_daily,roll7,3,5,rung5_instance,0.015446108216555721,0.005048096640308364,0.002359866000108929,-0.002820428258547558,4,20,0.3759523809523809,8400,7300,0.7279130881437259,4.759856343765479e+18,2.686580327571754e+18,0.3607873733638155,-0.07670281406283852,10.919924829931972,259.30643339601556
india_daily,roll7,3,5,rung4_shrunk,0.057102715626628255,0.0486520360239,0.019975692515087545,0.01763506197624176,5,20,0.26880952380952383,8400,7300,0.7279130881437259,4.759856343765479e+18,2.686580327571754e+18,0.3607873733638155,-0.07670281406283852,10.919924829931972,259.30643339601556
india_daily,roll7,3,5,rung5b_bagged,0.015335036196468272,0.007906301450141928,-0.0010136686236117021,-0.003728973314059747,6,20,0.43083333333333335,8400,7300,0.7279130881437259,4.759856343765479e+18,2.686580327571754e+18,0.3607873733638155,-0.07670281406283852,10.919924829931972,259.30643339601556
india_daily,roll7,3,5,oracle_instance,0.4283252093378279,0.437384759024968,0.35180876702553415,0.35632041497730493,0,20,0.75,8400,7300,0.7279130881437259,4.759856343765479e+18,2.686580327571754e+18,0.3607873733638155,-0.07670281406283852,10.919924829931972,259.30643339601556
india_daily,roll7,3,6,rung0_none,0.0,0.0,0.0,0.0,0,20,0.0,8400,7300,0.727966935660078,2.2939467721732272e+19,1.2759615977355874e+19,0.35742138607557006,-0.07528112167662049,10.919924829931972,259.30643339601556
india_daily,roll7,3,6,rung1_global,0.04232229991360694,0.028663503997537587,0.019826492613287217,0.011839112908196947,3,20,0.0,8400,7300,0.727966935660078,2.2939467721732272e+19,1.2759615977355874e+19,0.35742138607557006,-0.07528112167662049,10.919924829931972,259.30643339601556
india_daily,roll7,3,6,rung2_series,0.08172335415226473,0.07413075373889444,0.037914657138016776,0.03567592212923809,2,20,0.0,8400,7300,0.727966935660078,2.2939467721732272e+19,1.2759615977355874e+19,0.35742138607557006,-0.07528112167662049,10.919924829931972,259.30643339601556
india_daily,roll7,3,6,rung3_cell,0.0748364065862685,0.06766037172221062,0.03509561015175013,0.032449384134293546,4,20,0.012023809523809523,8400,7300,0.727966935660078,2.2939467721732272e+19,1.2759615977355874e+19,0.35742138607557006,-0.07528112167662049,10.919924829931972,259.30643339601556
india_daily,roll7,3,6,rung5_instance,0.016937653315812574,0.006686268058293088,0.0035980055292259617,0.00044573190617303027,5,20,0.3163095238095238,8400,7300,0.727966935660078,2.2939467721732272e+19,1.2759615977355874e+19,0.35742138607557006,-0.07528112167662049,10.919924829931972,259.30643339601556
india_daily,roll7,3,6,rung4_shrunk,0.04953014508321106,0.040494046603578804,0.01980163011303924,0.019352185903957264,5,20,0.2398809523809524,8400,7300,0.727966935660078,2.2939467721732272e+19,1.2759615977355874e+19,0.35742138607557006,-0.07528112167662049,10.919924829931972,259.30643339601556
india_daily,roll7,3,6,rung5b_bagged,0.016873238113330597,0.0037148194458312966,0.0015841768564474668,-6.788924581369038e-05,5,20,0.3982142857142857,8400,7300,0.727966935660078,2.2939467721732272e+19,1.2759615977355874e+19,0.35742138607557006,-0.07528112167662049,10.919924829931972,259.30643339601556
india_daily,roll7,3,6,oracle_instance,0.418156361927332,0.4280958663421107,0.34829017818423547,0.3547942385347118,0,20,0.7486904761904762,8400,7300,0.727966935660078,2.2939467721732272e+19,1.2759615977355874e+19,0.35742138607557006,-0.07528112167662049,10.919924829931972,259.30643339601556
india_daily,roll7,3,7,rung0_none,0.0,0.0,0.0,0.0,0,20,0.0,8400,7300,0.7299143273486309,5.944257706431027e+18,2.4681620139015347e+18,0.2933950154598281,-0.06918526620992149,10.919924829931972,259.30643339601556
india_daily,roll7,3,7,rung1_global,0.050042871385273746,0.033240072323530434,0.02089042179212152,0.010760015723426997,3,20,0.0,8400,7300,0.7299143273486309,5.944257706431027e+18,2.4681620139015347e+18,0.2933950154598281,-0.06918526620992149,10.919924829931972,259.30643339601556
india_daily,roll7,3,7,rung2_series,0.09047404461959693,0.07744899578403563,0.038565264732942875,0.03397820593218426,4,20,0.0,8400,7300,0.7299143273486309,5.944257706431027e+18,2.4681620139015347e+18,0.2933950154598281,-0.06918526620992149,10.919924829931972,259.30643339601556
india_daily,roll7,3,7,rung3_cell,0.08349265979107212,0.07160450121598305,0.03553164589798829,0.030741659471280935,4,20,0.0275,8400,7300,0.7299143273486309,5.944257706431027e+18,2.4681620139015347e+18,0.2933950154598281,-0.06918526620992149,10.919924829931972,259.30643339601556
india_daily,roll7,3,7,rung5_instance,0.01223165132648898,-0.0012267803290595403,0.0022158605753700377,-0.0034202189000942518,3,20,0.3807142857142857,8400,7300,0.7299143273486309,5.944257706431027e+18,2.4681620139015347e+18,0.2933950154598281,-0.06918526620992149,10.919924829931972,259.30643339601556
india_daily,roll7,3,7,rung4_shrunk,0.06040536519941764,0.04884184053244489,0.02017566009521271,0.017181059495934847,5,20,0.2220238095238095,8400,7300,0.7299143273486309,5.944257706431027e+18,2.4681620139015347e+18,0.2933950154598281,-0.06918526620992149,10.919924829931972,259.30643339601556
india_daily,roll7,3,7,rung5b_bagged,-0.004477438171142012,-0.02797380128204119,-0.011326971252325157,-0.018541869802126465,4,20,0.4010714285714286,8400,7300,0.7299143273486309,5.944257706431027e+18,2.4681620139015347e+18,0.2933950154598281,-0.06918526620992149,10.919924829931972,259.30643339601556
india_daily,roll7,3,7,oracle_instance,0.42880873136884157,0.43995318496558755,0.354624882617337,0.36052365199480974,0,20,0.7455952380952381,8400,7300,0.7299143273486309,5.944257706431027e+18,2.4681620139015347e+18,0.2933950154598281,-0.06918526620992149,10.919924829931972,259.30643339601556
india_daily,roll7,3,8,rung0_none,0.0,0.0,0.0,0.0,0,20,0.0,8400,7300,0.7425505034604767,1.6455971043102636e+19,1.309087791540751e+19,0.4430549576975127,-0.09714369324986127,10.919924829931972,259.30643339601556
india_daily,roll7,3,8,rung1_global,0.029037693946592842,0.013608078290149095,0.011964105713391909,0.004018317282554973,3,20,0.0,8400,7300,0.7425505034604767,1.6455971043102636e+19,1.309087791540751e+19,0.4430549576975127,-0.09714369324986127,10.919924829931972,259.30643339601556
india_daily,roll7,3,8,rung2_series,0.07872520751204251,0.06773359983563854,0.03350813908061926,0.031233553786050416,5,20,0.0,8400,7300,0.7425505034604767,1.6455971043102636e+19,1.309087791540751e+19,0.4430549576975127,-0.09714369324986127,10.919924829931972,259.30643339601556
india_daily,roll7,3,8,rung3_cell,0.07194653640868823,0.06241650002790178,0.031184799934420488,0.02910017582989266,5,20,0.04345238095238095,8400,7300,0.7425505034604767,1.6455971043102636e+19,1.309087791540751e+19,0.4430549576975127,-0.09714369324986127,10.919924829931972,259.30643339601556
india_daily,roll7,3,8,rung5_instance,0.018360217619117186,0.005417760301478558,0.0024109609066625902,0.00031675779639894763,6,20,0.35904761904761906,8400,7300,0.7425505034604767,1.6455971043102636e+19,1.309087791540751e+19,0.4430549576975127,-0.09714369324986127,10.919924829931972,259.30643339601556
india_daily,roll7,3,8,rung4_shrunk,0.052079486606573334,0.0449926369572744,0.01480313407982094,0.017378042558186202,5,20,0.2536904761904762,8400,7300,0.7425505034604767,1.6455971043102636e+19,1.309087791540751e+19,0.4430549576975127,-0.09714369324986127,10.919924829931972,259.30643339601556
india_daily,roll7,3,8,rung5b_bagged,0.026033368209631737,0.012221555793073824,0.0008473091846370295,0.0015831707145717022,5,20,0.3844047619047619,8400,7300,0.7425505034604767,1.6455971043102636e+19,1.309087791540751e+19,0.4430549576975127,-0.09714369324986127,10.919924829931972,259.30643339601556
india_daily,roll7,3,8,oracle_instance,0.42249785393168005,0.43460906183521764,0.35087768142090336,0.35752093740206403,0,20,0.7488095238095238,8400,7300,0.7425505034604767,1.6455971043102636e+19,1.309087791540751e+19,0.4430549576975127,-0.09714369324986127,10.919924829931972,259.30643339601556
india_daily,roll7,3,9,rung0_none,0.0,0.0,0.0,0.0,0,20,0.0,8400,7300,0.730803564246992,4.1962903305640494e+18,2.114767185865899e+18,0.33508919548909205,-0.08216416566777252,10.919924829931972,259.30643339601556
india_daily,roll7,3,9,rung1_global,0.03902006747600019,0.025385335408535936,0.016031233236728393,0.007729391385700168,3,20,0.0,8400,7300,0.730803564246992,4.1962903305640494e+18,2.114767185865899e+18,0.33508919548909205,-0.08216416566777252,10.919924829931972,259.30643339601556
india_daily,roll7,3,9,rung2_series,0.08159466184908797,0.068863925408427,0.035798177803688165,0.032897356143908096,4,20,0.0,8400,7300,0.730803564246992,4.1962903305640494e+18,2.114767185865899e+18,0.33508919548909205,-0.08216416566777252,10.919924829931972,259.30643339601556
india_daily,roll7,3,9,rung3_cell,0.07346126773993021,0.06291270327854115,0.032384102828494146,0.03010847834813335,5,20,0.05071428571428571,8400,7300,0.730803564246992,4.1962903305640494e+18,2.114767185865899e+18,0.33508919548909205,-0.08216416566777252,10.919924829931972,259.30643339601556
india_daily,roll7,3,9,rung5_instance,0.02292888330448605,0.026291373848706723,0.002678399127292325,0.005513425395523797,4,20,0.4076190476190476,8400,7300,0.730803564246992,4.1962903305640494e+18,2.114767185865899e+18,0.33508919548909205,-0.08216416566777252,10.919924829931972,259.30643339601556
india_daily,roll7,3,9,rung4_shrunk,0.05429217115477407,0.05440004600985249,0.021598300436297922,0.023500253766003842,4,20,0.25011904761904763,8400,7300,0.730803564246992,4.1962903305640494e+18,2.114767185865899e+18,0.33508919548909205,-0.08216416566777252,10.919924829931972,259.30643339601556
india_daily,roll7,3,9,rung5b_bagged,0.01649690204445462,0.018485098116214127,0.0008683185720800124,0.002358343466836388,6,20,0.42678571428571427,8400,7300,0.730803564246992,4.1962903305640494e+18,2.114767185865899e+18,0.33508919548909205,-0.08216416566777252,10.919924829931972,259.30643339601556
india_daily,roll7,3,9,oracle_instance,0.4218858178379383,0.43218941835967906,0.34965657833972014,0.35607705273062995,0,20,0.7478571428571429,8400,7300,0.730803564246992,4.1962903305640494e+18,2.114767185865899e+18,0.33508919548909205,-0.08216416566777252,10.919924829931972,259.30643339601556
india_daily,roll7,7,0,rung0_none,0.0,0.0,0.0,0.0,0,20,0.0,8320,7300,0.6361142076011516,2.1846607065112256e+18,5.693469807468683e+17,0.20673398385235206,-0.06820760055582831,12.377267342032967,327.7668503662186
india_daily,roll7,7,0,rung1_global,0.05984174182636139,0.05385172079765865,0.026483981016343777,0.01987968501860926,5,20,0.0,8320,7300,0.6361142076011516,2.1846607065112256e+18,5.693469807468683e+17,0.20673398385235206,-0.06820760055582831,12.377267342032967,327.7668503662186
india_daily,roll7,7,0,rung2_series,0.08390909659792603,0.07039336589423728,0.03616294986644906,0.02831206496672478,5,20,0.0,8320,7300,0.6361142076011516,2.1846607065112256e+18,5.693469807468683e+17,0.20673398385235206,-0.06820760055582831,12.377267342032967,327.7668503662186
india_daily,roll7,7,0,rung3_cell,0.07945622509834124,0.06693358570420971,0.03439398014391181,0.02678918040102496,7,20,0.0,8320,7300,0.6361142076011516,2.1846607065112256e+18,5.693469807468683e+17,0.20673398385235206,-0.06820760055582831,12.377267342032967,327.7668503662186
india_daily,roll7,7,0,rung5_instance,0.03220511781211989,0.035862039320429195,0.008792161465798882,0.008078956525894299,5,20,0.38353365384615384,8320,7300,0.6361142076011516,2.1846607065112256e+18,5.693469807468683e+17,0.20673398385235206,-0.06820760055582831,12.377267342032967,327.7668503662186
india_daily,roll7,7,0,rung4_shrunk,0.07301627603780644,0.06528506822928326,0.025951488136636697,0.022056380278114518,8,20,0.21382211538461537,8320,7300,0.6361142076011516,2.1846607065112256e+18,5.693469807468683e+17,0.20673398385235206,-0.06820760055582831,12.377267342032967,327.7668503662186
india_daily,roll7,7,0,rung5b_bagged,0.02044001010315106,0.011282798197115085,-0.0018862324619116967,-0.00724376125821502,5,20,0.4111778846153846,8320,7300,0.6361142076011516,2.1846607065112256e+18,5.693469807468683e+17,0.20673398385235206,-0.06820760055582831,12.377267342032967,327.7668503662186
india_daily,roll7,7,0,oracle_instance,0.43366195154367315,0.4431068273531821,0.36132603171592204,0.36533668348549475,0,20,0.7427884615384616,8320,7300,0.6361142076011516,2.1846607065112256e+18,5.693469807468683e+17,0.20673398385235206,-0.06820760055582831,12.377267342032967,327.7668503662186
india_daily,roll7,7,1,rung0_none,0.0,0.0,0.0,0.0,0,20,0.0,8320,7300,0.6682537826283896,1.3472154375304284e+18,4.2375045357806426e+17,0.23927646246920545,-0.07056684771247324,12.377267342032967,327.7668503662186
india_daily,roll7,7,1,rung1_global,0.05662782242752991,0.050568080405794524,0.02121867303413006,0.016005158820152854,5,20,0.0,8320,7300,0.6682537826283896,1.3472154375304284e+18,4.2375045357806426e+17,0.23927646246920545,-0.07056684771247324,12.377267342032967,327.7668503662186
india_daily,roll7,7,1,rung2_series,0.08422407684804607,0.07073190953504149,0.031736816561784585,0.026346015324600347,4,20,0.0,8320,7300,0.6682537826283896,1.3472154375304284e+18,4.2375045357806426e+17,0.23927646246920545,-0.07056684771247324,12.377267342032967,327.7668503662186
india_daily,roll7,7,1,rung3_cell,0.0730784377497693,0.06414385832790603,0.026617443347036994,0.022072147027850653,6,20,0.009375,8320,7300,0.6682537826283896,1.3472154375304284e+18,4.2375045357806426e+17,0.23927646246920545,-0.07056684771247324,12.377267342032967,327.7668503662186
india_daily,roll7,7,1,rung5_instance,0.03691434228194232,0.04212924738751733,0.007954630264994244,0.01331067613406034,4,20,0.3971153846153846,8320,7300,0.6682537826283896,1.3472154375304284e+18,4.2375045357806426e+17,0.23927646246920545,-0.07056684771247324,12.377267342032967,327.7668503662186
india_daily,roll7,7,1,rung4_shrunk,0.07110335945749291,0.0719165717825424,0.02333862471579426,0.023814335244773166,5,20,0.21983173076923077,8320,7300,0.6682537826283896,1.3472154375304284e+18,4.2375045357806426e+17,0.23927646246920545,-0.07056684771247324,12.377267342032967,327.7668503662186
india_daily,roll7,7,1,rung5b_bagged,0.026123498234662285,0.033067747683957704,0.003137643067692308,0.005626240049256381,6,20,0.42127403846153844,8320,7300,0.6682537826283896,1.3472154375304284e+18,4.2375045357806426e+17,0.23927646246920545,-0.07056684771247324,12.377267342032967,327.7668503662186
india_daily,roll7,7,1,oracle_instance,0.44511515345943115,0.4553491505738648,0.36733969706398195,0.3714596583011536,0,20,0.7368990384615385,8320,7300,0.6682537826283896,1.3472154375304284e+18,4.2375045357806426e+17,0.23927646246920545,-0.07056684771247324,12.377267342032967,327.7668503662186
india_daily,roll7,7,2,rung0_none,0.0,0.0,0.0,0.0,0,20,0.0,8320,7300,0.6587225946676418,2.8192611127928694e+18,9.286470401495844e+17,0.24777742736852043,-0.07065203999263225,12.377267342032967,327.7668503662186
india_daily,roll7,7,2,rung1_global,0.05496709811573426,0.05095493148011121,0.023394463642493694,0.017194971313182372,5,20,0.0,8320,7300,0.6587225946676418,2.8192611127928694e+18,9.286470401495844e+17,0.24777742736852043,-0.07065203999263225,12.377267342032967,327.7668503662186
india_daily,roll7,7,2,rung2_series,0.07934218082747331,0.06971727315311682,0.03237610109771151,0.026494442256161044,4,20,0.0,8320,7300,0.6587225946676418,2.8192611127928694e+18,9.286470401495844e+17,0.24777742736852043,-0.07065203999263225,12.377267342032967,327.7668503662186
india_daily,roll7,7,2,rung3_cell,0.06964344751788261,0.06331264632640687,0.026673289460346795,0.021677203111764798,7,20,0.0,8320,7300,0.6587225946676418,2.8192611127928694e+18,9.286470401495844e+17,0.24777742736852043,-0.07065203999263225,12.377267342032967,327.7668503662186
india_daily,roll7,7,2,rung5_instance,0.021636294365646996,0.019287503925979332,0.003168293692456242,0.0031935773281454027,5,20,0.40420673076923075,8320,7300,0.6587225946676418,2.8192611127928694e+18,9.286470401495844e+17,0.24777742736852043,-0.07065203999263225,12.377267342032967,327.7668503662186
india_daily,roll7,7,2,rung4_shrunk,0.06381023382063714,0.0681747246115102,0.01929284910480833,0.02097591364511242,6,20,0.25204326923076925,8320,7300,0.6587225946676418,2.8192611127928694e+18,9.286470401495844e+17,0.24777742736852043,-0.07065203999263225,12.377267342032967,327.7668503662186
india_daily,roll7,7,2,rung5b_bagged,0.023234041743097678,0.029197488976199004,0.001903047624623938,0.003498246804409355,4,20,0.45240384615384616,8320,7300,0.6587225946676418,2.8192611127928694e+18,9.286470401495844e+17,0.24777742736852043,-0.07065203999263225,12.377267342032967,327.7668503662186
india_daily,roll7,7,2,oracle_instance,0.4427535009554517,0.456052208595344,0.3651407789824672,0.3697962392528723,0,20,0.7389423076923077,8320,7300,0.6587225946676418,2.8192611127928694e+18,9.286470401495844e+17,0.24777742736852043,-0.07065203999263225,12.377267342032967,327.7668503662186
india_daily,roll7,7,3,rung0_none,0.0,0.0,0.0,0.0,0,20,0.0,8320,7300,0.6442644000634451,1.8765893750948462e+18,4.121834506728626e+17,0.18008928017336387,-0.06517293139730906,12.377267342032967,327.7668503662186
india_daily,roll7,7,3,rung1_global,0.06040453847884899,0.053142938985334065,0.022490149430215607,0.017365658779995297,6,20,0.0,8320,7300,0.6442644000634451,1.8765893750948462e+18,4.121834506728626e+17,0.18008928017336387,-0.06517293139730906,12.377267342032967,327.7668503662186
india_daily,roll7,7,3,rung2_series,0.07462677082011293,0.056786943172617455,0.029269045505854924,0.021677887043676347,5,20,0.0,8320,7300,0.6442644000634451,1.8765893750948462e+18,4.121834506728626e+17,0.18008928017336387,-0.06517293139730906,12.377267342032967,327.7668503662186
india_daily,roll7,7,3,rung3_cell,0.06324736947998526,0.04818223327356275,0.024062538766881685,0.016556194618030373,7,20,0.0,8320,7300,0.6442644000634451,1.8765893750948462e+18,4.121834506728626e+17,0.18008928017336387,-0.06517293139730906,12.377267342032967,327.7668503662186
india_daily,roll7,7,3,rung5_instance,0.022294355448945695,0.03327307806755153,0.0026816470027244523,0.0062153667908148025,4,20,0.39447115384615383,8320,7300,0.6442644000634451,1.8765893750948462e+18,4.121834506728626e+17,0.18008928017336387,-0.06517293139730906,12.377267342032967,327.7668503662186
india_daily,roll7,7,3,rung4_shrunk,0.06339453882751436,0.0578239225453715,0.021423628340770107,0.018541651324102126,8,20,0.20396634615384615,8320,7300,0.6442644000634451,1.8765893750948462e+18,4.121834506728626e+17,0.18008928017336387,-0.06517293139730906,12.377267342032967,327.7668503662186
india_daily,roll7,7,3,rung5b_bagged,0.01906075461811644,0.02824848226165322,-0.0005562920016290773,0.0013364040939831678,6,20,0.4436298076923077,8320,7300,0.6442644000634451,1.8765893750948462e+18,4.121834506728626e+17,0.18008928017336387,-0.06517293139730906,12.377267342032967,327.7668503662186
india_daily,roll7,7,3,oracle_instance,0.4382344201146301,0.4433069684665645,0.3609094390105693,0.362454514021876,0,20,0.7427884615384616,8320,7300,0.6442644000634451,1.8765893750948462e+18,4.121834506728626e+17,0.18008928017336387,-0.06517293139730906,12.377267342032967,327.7668503662186
india_daily,roll7,7,4,rung0_none,0.0,0.0,0.0,0.0,0,20,0.0,8320,7300,0.6771434583494091,1.6114377122079183e+18,4.852589824726053e+17,0.23143976127007002,-0.06749797558433612,12.377267342032967,327.7668503662186
india_daily,roll7,7,4,rung1_global,0.0585036252165503,0.0433172661339456,0.02152520833950195,0.014686248745851338,6,20,0.0,8320,7300,0.6771434583494091,1.6114377122079183e+18,4.852589824726053e+17,0.23143976127007002,-0.06749797558433612,12.377267342032967,327.7668503662186
india_daily,roll7,7,4,rung2_series,0.06575568150719055,0.04970685197033098,0.02321521446272421,0.017343782507578065,5,20,0.0,8320,7300,0.6771434583494091,1.6114377122079183e+18,4.852589824726053e+17,0.23143976127007002,-0.06749797558433612,12.377267342032967,327.7668503662186
india_daily,roll7,7,4,rung3_cell,0.057434405655241494,0.04532324009061561,0.019270775216314717,0.013914176066699202,5,20,0.0,8320,7300,0.6771434583494091,1.6114377122079183e+18,4.852589824726053e+17,0.23143976127007002,-0.06749797558433612,12.377267342032967,327.7668503662186
india_daily,roll7,7,4,rung5_instance,0.009221443717230016,-0.0008361882698202372,-0.004296600907289427,-0.0052142809178832294,5,20,0.42139423076923077,8320,7300,0.6771434583494091,1.6114377122079183e+18,4.852589824726053e+17,0.23143976127007002,-0.06749797558433612,12.377267342032967,327.7668503662186
india_daily,roll7,7,4,rung4_shrunk,0.047905369095843926,0.04297677579733272,0.01174972893769049,0.011351478989890973,8,20,0.26129807692307694,8320,7300,0.6771434583494091,1.6114377122079183e+18,4.852589824726053e+17,0.23143976127007002,-0.06749797558433612,12.377267342032967,327.7668503662186
india_daily,roll7,7,4,rung5b_bagged,0.000951101220224615,-0.005801688990428877,-0.008859787682007413,-0.010034605047060996,8,20,0.44158653846153845,8320,7300,0.6771434583494091,1.6114377122079183e+18,4.852589824726053e+17,0.23143976127007002,-0.06749797558433612,12.377267342032967,327.7668503662186
india_daily,roll7,7,4,oracle_instance,0.4337879190673449,0.43083690231432925,0.3593665991986697,0.3590983186946628,0,20,0.7438701923076924,8320,7300,0.6771434583494091,1.6114377122079183e+18,4.852589824726053e+17,0.23143976127007002,-0.06749797558433612,12.377267342032967,327.7668503662186
india_daily,roll7,7,5,rung0_none,0.0,0.0,0.0,0.0,0,20,0.0,8320,7300,0.6465754496222444,1.01175749452574e+18,2.5739429957950032e+17,0.202808128054505,-0.07860083942983054,12.377267342032967,327.7668503662186
india_daily,roll7,7,5,rung1_global,0.05704523717291967,0.045571920784417075,0.02331808117927956,0.01616684583514827,4,20,0.0,8320,7300,0.6465754496222444,1.01175749452574e+18,2.5739429957950032e+17,0.202808128054505,-0.07860083942983054,12.377267342032967,327.7668503662186
india_daily,roll7,7,5,rung2_series,0.07646518670528629,0.05989904655802469,0.03130877161399667,0.02366400659054113,4,20,0.0,8320,7300,0.6465754496222444,1.01175749452574e+18,2.5739429957950032e+17,0.202808128054505,-0.07860083942983054,12.377267342032967,327.7668503662186
india_daily,roll7,7,5,rung3_cell,0.06707795892459625,0.05318248787401536,0.02655837483490391,0.019198193748352854,8,20,0.0,8320,7300,0.6465754496222444,1.01175749452574e+18,2.5739429957950032e+17,0.202808128054505,-0.07860083942983054,12.377267342032967,327.7668503662186
india_daily,roll7,7,5,rung5_instance,0.011954314075780703,0.0022429002563832956,0.0005189778622207708,-0.0031681971764423444,9,20,0.36033653846153846,8320,7300,0.6465754496222444,1.01175749452574e+18,2.5739429957950032e+17,0.202808128054505,-0.07860083942983054,12.377267342032967,327.7668503662186
india_daily,roll7,7,5,rung4_shrunk,0.06065104900408099,0.05316394344833009,0.02083286184552315,0.018518354870664444,11,20,0.2152644230769231,8320,7300,0.6465754496222444,1.01175749452574e+18,2.5739429957950032e+17,0.202808128054505,-0.07860083942983054,12.377267342032967,327.7668503662186
india_daily,roll7,7,5,rung5b_bagged,0.0010183415058180267,-0.01055726443801741,-0.007871720842871072,-0.011946354427861738,9,20,0.4140625,8320,7300,0.6465754496222444,1.01175749452574e+18,2.5739429957950032e+17,0.202808128054505,-0.07860083942983054,12.377267342032967,327.7668503662186
india_daily,roll7,7,5,oracle_instance,0.43454828954869457,0.4385438178332631,0.36057186938174546,0.36277731751832487,0,20,0.7450721153846154,8320,7300,0.6465754496222444,1.01175749452574e+18,2.5739429957950032e+17,0.202808128054505,-0.07860083942983054,12.377267342032967,327.7668503662186
india_daily,roll7,7,6,rung0_none,0.0,0.0,0.0,0.0,0,20,0.0,8320,7300,0.6544199066630305,3.205437588163545e+18,8.627796496659264e+17,0.21207806742548682,-0.045999920601915045,12.377267342032967,327.7668503662186
india_daily,roll7,7,6,rung1_global,0.06434755275803763,0.0613050091836157,0.02585530160408022,0.0214832731707304,5,20,0.0,8320,7300,0.6544199066630305,3.205437588163545e+18,8.627796496659264e+17,0.21207806742548682,-0.045999920601915045,12.377267342032967,327.7668503662186
india_daily,roll7,7,6,rung2_series,0.07860476482210148,0.07337119028795547,0.032759809779372845,0.028159823680044327,4,20,0.0,8320,7300,0.6544199066630305,3.205437588163545e+18,8.627796496659264e+17,0.21207806742548682,-0.045999920601915045,12.377267342032967,327.7668503662186
india_daily,roll7,7,6,rung3_cell,0.07024537656183756,0.0679573010163288,0.02988703022467255,0.02584844543898146,7,20,0.0,8320,7300,0.6544199066630305,3.205437588163545e+18,8.627796496659264e+17,0.21207806742548682,-0.045999920601915045,12.377267342032967,327.7668503662186
india_daily,roll7,7,6,rung5_instance,0.01952770361424989,0.021758155440641747,0.002724648464946694,0.003589892021157337,5,20,0.35673076923076924,8320,7300,0.6544199066630305,3.205437588163545e+18,8.627796496659264e+17,0.21207806742548682,-0.045999920601915045,12.377267342032967,327.7668503662186
india_daily,roll7,7,6,rung4_shrunk,0.060431361959444874,0.06404996226907467,0.02360704496589992,0.023137871261197596,9,20,0.2015625,8320,7300,0.6544199066630305,3.205437588163545e+18,8.627796496659264e+17,0.21207806742548682,-0.045999920601915045,12.377267342032967,327.7668503662186
india_daily,roll7,7,6,rung5b_bagged,0.006186968533977022,0.016053524245112527,-0.0028798227421972357,-0.0018768610482744474,8,20,0.40396634615384613,8320,7300,0.6544199066630305,3.205437588163545e+18,8.627796496659264e+17,0.21207806742548682,-0.045999920601915045,12.377267342032967,327.7668503662186
india_daily,roll7,7,6,oracle_instance,0.43296588298317235,0.4388340179403103,0.3593656016810421,0.3622053913170703,0,20,0.7417067307692308,8320,7300,0.6544199066630305,3.205437588163545e+18,8.627796496659264e+17,0.21207806742548682,-0.045999920601915045,12.377267342032967,327.7668503662186
india_daily,roll7,7,7,rung0_none,0.0,0.0,0.0,0.0,0,20,0.0,8320,7300,0.6716873936413583,1.775805027079769e+18,4.019406971875345e+17,0.18456732239608292,-0.06574966549133165,12.377267342032967,327.7668503662186
india_daily,roll7,7,7,rung1_global,0.060874620138152216,0.04630054571986775,0.02513881864215058,0.01803088982079093,5,20,0.0,8320,7300,0.6716873936413583,1.775805027079769e+18,4.019406971875345e+17,0.18456732239608292,-0.06574966549133165,12.377267342032967,327.7668503662186
india_daily,roll7,7,7,rung2_series,0.08031725665560271,0.0533958851646027,0.03388234636142777,0.025314647307212224,4,20,0.0,8320,7300,0.6716873936413583,1.775805027079769e+18,4.019406971875345e+17,0.18456732239608292,-0.06574966549133165,12.377267342032967,327.7668503662186
india_daily,roll7,7,7,rung3_cell,0.07217012396814168,0.047559829548433075,0.031120972834539205,0.02257046564120635,5,20,0.0,8320,7300,0.6716873936413583,1.775805027079769e+18,4.019406971875345e+17,0.18456732239608292,-0.06574966549133165,12.377267342032967,327.7668503662186
india_daily,roll7,7,7,rung5_instance,0.02184969028044518,0.014141800620208644,0.006544727134296413,0.006100021509728881,6,20,0.3875,8320,7300,0.6716873936413583,1.775805027079769e+18,4.019406971875345e+17,0.18456732239608292,-0.06574966549133165,12.377267342032967,327.7668503662186
india_daily,roll7,7,7,rung4_shrunk,0.06437208890991514,0.047046263399892485,0.02465861613036846,0.020052006694824653,7,20,0.2045673076923077,8320,7300,0.6716873936413583,1.775805027079769e+18,4.019406971875345e+17,0.18456732239608292,-0.06574966549133165,12.377267342032967,327.7668503662186
india_daily,roll7,7,7,rung5b_bagged,0.028564759127966115,0.025382940070012294,0.00632058149069129,0.005878279171268708,8,20,0.41838942307692306,8320,7300,0.6716873936413583,1.775805027079769e+18,4.019406971875345e+17,0.18456732239608292,-0.06574966549133165,12.377267342032967,327.7668503662186
india_daily,roll7,7,7,oracle_instance,0.44196872831111983,0.44319998712544995,0.36643031691924943,0.36690115112475763,0,20,0.7390625,8320,7300,0.6716873936413583,1.775805027079769e+18,4.019406971875345e+17,0.18456732239608292,-0.06574966549133165,12.377267342032967,327.7668503662186
india_daily,roll7,7,8,rung0_none,0.0,0.0,0.0,0.0,0,20,0.0,8320,7300,0.6777305635494668,1.0845061639336506e+18,2.336227373592926e+17,0.17723815715605185,-0.059089936586638414,12.377267342032967,327.7668503662186
india_daily,roll7,7,8,rung1_global,0.058730964177268155,0.04939481190623818,0.021178093557915872,0.01566932001777832,5,20,0.0,8320,7300,0.6777305635494668,1.0845061639336506e+18,2.336227373592926e+17,0.17723815715605185,-0.059089936586638414,12.377267342032967,327.7668503662186
india_daily,roll7,7,8,rung2_series,0.07620533339030802,0.06529697188420758,0.028918213447505704,0.023790883285675357,4,20,0.0,8320,7300,0.6777305635494668,1.0845061639336506e+18,2.336227373592926e+17,0.17723815715605185,-0.059089936586638414,12.377267342032967,327.7668503662186
india_daily,roll7,7,8,rung3_cell,0.06643595249916529,0.06025248599396016,0.026144650160025467,0.02160945634200273,6,20,0.0,8320,7300,0.6777305635494668,1.0845061639336506e+18,2.336227373592926e+17,0.17723815715605185,-0.059089936586638414,12.377267342032967,327.7668503662186
india_daily,roll7,7,8,rung5_instance,0.00028841010128012877,-0.014244248708432883,-0.007510617475015658,-0.01389607587476882,5,20,0.3890625,8320,7300,0.6777305635494668,1.0845061639336506e+18,2.336227373592926e+17,0.17723815715605185,-0.059089936586638414,12.377267342032967,327.7668503662186
india_daily,roll7,7,8,rung4_shrunk,0.05685335143103866,0.05395546309665544,0.019461816764947522,0.01793842144384883,9,20,0.20096153846153847,8320,7300,0.6777305635494668,1.0845061639336506e+18,2.336227373592926e+17,0.17723815715605185,-0.059089936586638414,12.377267342032967,327.7668503662186
india_daily,roll7,7,8,rung5b_bagged,0.002316930817021795,-0.004358250352074489,-0.009996579332798582,-0.013152767699692536,7,20,0.42920673076923077,8320,7300,0.6777305635494668,1.0845061639336506e+18,2.336227373592926e+17,0.17723815715605185,-0.059089936586638414,12.377267342032967,327.7668503662186
india_daily,roll7,7,8,oracle_instance,0.43609143098358205,0.44439011572873843,0.35936560920763183,0.36281898808756263,0,20,0.7438701923076924,8320,7300,0.6777305635494668,1.0845061639336506e+18,2.336227373592926e+17,0.17723815715605185,-0.059089936586638414,12.377267342032967,327.7668503662186
india_daily,roll7,7,9,rung0_none,0.0,0.0,0.0,0.0,0,20,0.0,8320,7300,0.6510727907741998,1.2919389203027062e+18,3.645243218848663e+17,0.22006182364992605,-0.06620336857713016,12.377267342032967,327.7668503662186
india_daily,roll7,7,9,rung1_global,0.06328907977682083,0.05395204539416154,0.026637504378026873,0.020349472744356056,4,20,0.0,8320,7300,0.6510727907741998,1.2919389203027062e+18,3.645243218848663e+17,0.22006182364992605,-0.06620336857713016,12.377267342032967,327.7668503662186
india_daily,roll7,7,9,rung2_series,0.07711768215417215,0.06802571997707296,0.031518027741537065,0.025630469049318094,4,20,0.0,8320,7300,0.6510727907741998,1.2919389203027062e+18,3.645243218848663e+17,0.22006182364992605,-0.06620336857713016,12.377267342032967,327.7668503662186
india_daily,roll7,7,9,rung3_cell,0.06672742632084341,0.06074621690964965,0.02639306180086428,0.020556907559366788,7,20,0.0,8320,7300,0.6510727907741998,1.2919389203027062e+18,3.645243218848663e+17,0.22006182364992605,-0.06620336857713016,12.377267342032967,327.7668503662186
india_daily,roll7,7,9,rung5_instance,0.019857788955649224,0.01598851992156214,0.0022693319430975244,-0.00013079828799478221,6,20,0.38497596153846153,8320,7300,0.6510727907741998,1.2919389203027062e+18,3.645243218848663e+17,0.22006182364992605,-0.06620336857713016,12.377267342032967,327.7668503662186
india_daily,roll7,7,9,rung4_shrunk,0.058421319685672476,0.06844942685494959,0.019766205565209794,0.02074181478543391,8,20,0.20192307692307693,8320,7300,0.6510727907741998,1.2919389203027062e+18,3.645243218848663e+17,0.22006182364992605,-0.06620336857713016,12.377267342032967,327.7668503662186
india_daily,roll7,7,9,rung5b_bagged,0.017768978191110896,0.027192772605149296,0.0009452328235556084,0.003141968878502044,8,20,0.4153846153846154,8320,7300,0.6510727907741998,1.2919389203027062e+18,3.645243218848663e+17,0.22006182364992605,-0.06620336857713016,12.377267342032967,327.7668503662186
india_daily,roll7,7,9,oracle_instance,0.4411307427962151,0.4522594443271748,0.3659595278130263,0.3691393463548994,0,20,0.739423076923077,8320,7300,0.6510727907741998,1.2919389203027062e+18,3.645243218848663e+17,0.22006182364992605,-0.06620336857713016,12.377267342032967,327.7668503662186
india_daily,snaive7,1,0,rung0_none,0.0,0.0,0.0,0.0,0,20,0.0,8440,7300,1.0483893044875572,5.240708398988598e+18,1.4959487354287096e+18,0.22206098745711256,0.30215977574029607,12.343150473933648,328.1202692061612
india_daily,snaive7,1,0,rung1_global,0.31239350529224197,0.29292389701910515,0.17973454905862707,0.17450885075832157,1,20,0.0,8440,7300,1.0483893044875572,5.240708398988598e+18,1.4959487354287096e+18,0.22206098745711256,0.30215977574029607,12.343150473933648,328.1202692061612
india_daily,snaive7,1,0,rung2_series,0.3326622584017562,0.3119809950547512,0.18973878077011944,0.1849802524723546,1,20,0.0,8440,7300,1.0483893044875572,5.240708398988598e+18,1.4959487354287096e+18,0.22206098745711256,0.30215977574029607,12.343150473933648,328.1202692061612
india_daily,snaive7,1,0,rung3_cell,0.3337425094188658,0.31499520608985887,0.19072253582641624,0.18650397326551693,1,20,0.04549763033175355,8440,7300,1.0483893044875572,5.240708398988598e+18,1.4959487354287096e+18,0.22206098745711256,0.30215977574029607,12.343150473933648,328.1202692061612
india_daily,snaive7,1,0,rung5_instance,0.28870788065965,0.2663554702652018,0.16443728708866232,0.1577241870960009,1,20,0.31492890995260664,8440,7300,1.0483893044875572,5.240708398988598e+18,1.4959487354287096e+18,0.22206098745711256,0.30215977574029607,12.343150473933648,328.1202692061612
india_daily,snaive7,1,0,rung4_shrunk,0.31975284193169495,0.30067802138309396,0.18073270671292233,0.17747065060308798,1,20,0.15770142180094787,8440,7300,1.0483893044875572,5.240708398988598e+18,1.4959487354287096e+18,0.22206098745711256,0.30215977574029607,12.343150473933648,328.1202692061612
india_daily,snaive7,1,0,rung5b_bagged,0.28713645785569497,0.26709132125012724,0.16191814943141836,0.15731625899461876,1,20,0.32701421800947866,8440,7300,1.0483893044875572,5.240708398988598e+18,1.4959487354287096e+18,0.22206098745711256,0.30215977574029607,12.343150473933648,328.1202692061612
india_daily,snaive7,1,0,oracle_instance,0.6408337624265491,0.6523520047526523,0.5174938366647522,0.5294448768522204,0,20,0.6895734597156398,8440,7300,1.0483893044875572,5.240708398988598e+18,1.4959487354287096e+18,0.22206098745711256,0.30215977574029607,12.343150473933648,328.1202692061612
india_daily,snaive7,1,1,rung0_none,0.0,0.0,0.0,0.0,0,20,0.0,8440,7300,1.0579900055706728,3.813761921477362e+18,7.854061988182774e+17,0.1707713608798868,0.303042792071581,12.343150473933648,328.1202692061612
india_daily,snaive7,1,1,rung1_global,0.31792871150805124,0.29179546525440947,0.18219539438855484,0.17253854547002156,1,20,0.0,8440,7300,1.0579900055706728,3.813761921477362e+18,7.854061988182774e+17,0.1707713608798868,0.303042792071581,12.343150473933648,328.1202692061612
india_daily,snaive7,1,1,rung2_series,0.3400455926884879,0.3134932313758646,0.19329724912932145,0.1848227634393309,1,20,0.0,8440,7300,1.0579900055706728,3.813761921477362e+18,7.854061988182774e+17,0.1707713608798868,0.303042792071581,12.343150473933648,328.1202692061612
india_daily,snaive7,1,1,rung3_cell,0.33972031459970076,0.3147657962260936,0.19382235648120819,0.1857739642988142,1,20,0.04549763033175355,8440,7300,1.0579900055706728,3.813761921477362e+18,7.854061988182774e+17,0.1707713608798868,0.303042792071581,12.343150473933648,328.1202692061612
india_daily,snaive7,1,1,rung5_instance,0.2929973536313111,0.26735012534130054,0.16773952795789665,0.1587024024325715,1,20,0.3241706161137441,8440,7300,1.0579900055706728,3.813761921477362e+18,7.854061988182774e+17,0.1707713608798868,0.303042792071581,12.343150473933648,328.1202692061612
india_daily,snaive7,1,1,rung4_shrunk,0.3280267542278306,0.30185723533651576,0.18532452144782677,0.17779564652239244,1,20,0.12713270142180094,8440,7300,1.0579900055706728,3.813761921477362e+18,7.854061988182774e+17,0.1707713608798868,0.303042792071581,12.343150473933648,328.1202692061612
india_daily,snaive7,1,1,rung5b_bagged,0.2967192529185831,0.26388490899683237,0.16792240533582542,0.15791975311910678,1,20,0.30936018957345973,8440,7300,1.0579900055706728,3.813761921477362e+18,7.854061988182774e+17,0.1707713608798868,0.303042792071581,12.343150473933648,328.1202692061612
india_daily,snaive7,1,1,oracle_instance,0.6453851534098218,0.6496952564275018,0.5215660188370893,0.5292962610810852,0,20,0.6840047393364929,8440,7300,1.0579900055706728,3.813761921477362e+18,7.854061988182774e+17,0.1707713608798868,0.303042792071581,12.343150473933648,328.1202692061612
india_daily,snaive7,1,2,rung0_none,0.0,0.0,0.0,0.0,0,20,0.0,8440,7300,1.0467642045768397,3.340439226962014e+18,9.365886964584397e+17,0.21898119751096332,0.3114553591423498,12.343150473933648,328.1202692061612
india_daily,snaive7,1,2,rung1_global,0.32851562792100986,0.3034677328116704,0.18816176023281841,0.18113435239182185,1,20,0.0,8440,7300,1.0467642045768397,3.340439226962014e+18,9.365886964584397e+17,0.21898119751096332,0.3114553591423498,12.343150473933648,328.1202692061612
india_daily,snaive7,1,2,rung2_series,0.34187523722533947,0.31504359067965393,0.19490526503959626,0.1880691265469414,1,20,0.0,8440,7300,1.0467642045768397,3.340439226962014e+18,9.365886964584397e+17,0.21898119751096332,0.3114553591423498,12.343150473933648,328.1202692061612
india_daily,snaive7,1,2,rung3_cell,0.3418735181846923,0.31707455944405893,0.19562354955822536,0.18974862058703212,1,20,0.04549763033175355,8440,7300,1.0467642045768397,3.340439226962014e+18,9.365886964584397e+17,0.21898119751096332,0.3114553591423498,12.343150473933648,328.1202692061612
india_daily,snaive7,1,2,rung5_instance,0.297233535135892,0.2727374135297812,0.16581779580499534,0.1601892304411383,1,20,0.3508293838862559,8440,7300,1.0467642045768397,3.340439226962014e+18,9.365886964584397e+17,0.21898119751096332,0.3114553591423498,12.343150473933648,328.1202692061612
india_daily,snaive7,1,2,rung4_shrunk,0.3260809378138993,0.3037039741623724,0.18398033539331177,0.17964488254134603,1,20,0.16481042654028435,8440,7300,1.0467642045768397,3.340439226962014e+18,9.365886964584397e+17,0.21898119751096332,0.3114553591423498,12.343150473933648,328.1202692061612
india_daily,snaive7,1,2,rung5b_bagged,0.2972999736478029,0.27305828498800533,0.16797905001344454,0.16126570962679265,1,20,0.3433649289099526,8440,7300,1.0467642045768397,3.340439226962014e+18,9.365886964584397e+17,0.21898119751096332,0.3114553591423498,12.343150473933648,328.1202692061612
india_daily,snaive7,1,2,oracle_instance,0.6413777107339886,0.6470617557021072,0.5198522004901724,0.5286653856478771,0,20,0.6866113744075829,8440,7300,1.0467642045768397,3.340439226962014e+18,9.365886964584397e+17,0.21898119751096332,0.3114553591423498,12.343150473933648,328.1202692061612
india_daily,snaive7,1,3,rung0_none,0.0,0.0,0.0,0.0,0,20,0.0,8440,7300,1.0456901384259052,3.0511776805000207e+18,7.508952675988407e+17,0.19749628106801803,0.29532381006138075,12.343150473933648,328.1202692061612
india_daily,snaive7,1,3,rung1_global,0.31546521115322745,0.28661340021096426,0.18097778230276682,0.17291557561698,1,20,0.0,8440,7300,1.0456901384259052,3.0511776805000207e+18,7.508952675988407e+17,0.19749628106801803,0.29532381006138075,12.343150473933648,328.1202692061612
india_daily,snaive7,1,3,rung2_series,0.3374253690742777,0.3091943659931189,0.19210695260393612,0.1855225757232054,1,20,0.0,8440,7300,1.0456901384259052,3.0511776805000207e+18,7.508952675988407e+17,0.19749628106801803,0.29532381006138075,12.343150473933648,328.1202692061612
india_daily,snaive7,1,3,rung3_cell,0.3393126806999166,0.3124180972993714,0.19403166890463344,0.1880498247985094,1,20,0.04549763033175355,8440,7300,1.0456901384259052,3.0511776805000207e+18,7.508952675988407e+17,0.19749628106801803,0.29532381006138075,12.343150473933648,328.1202692061612
india_daily,snaive7,1,3,rung5_instance,0.28637563612476274,0.25700035434137003,0.16033023097748292,0.15229776812128093,1,20,0.28127962085308056,8440,7300,1.0456901384259052,3.0511776805000207e+18,7.508952675988407e+17,0.19749628106801803,0.29532381006138075,12.343150473933648,328.1202692061612
india_daily,snaive7,1,3,rung4_shrunk,0.3293395762183999,0.3047320079915311,0.18565695422994977,0.1810665345747965,1,20,0.13933649289099526,8440,7300,1.0456901384259052,3.0511776805000207e+18,7.508952675988407e+17,0.19749628106801803,0.29532381006138075,12.343150473933648,328.1202692061612
india_daily,snaive7,1,3,rung5b_bagged,0.29103958343847836,0.2666542113340634,0.16258418166299227,0.15580402948423877,1,20,0.3264218009478673,8440,7300,1.0456901384259052,3.0511776805000207e+18,7.508952675988407e+17,0.19749628106801803,0.29532381006138075,12.343150473933648,328.1202692061612
india_daily,snaive7,1,3,oracle_instance,0.6414887698684488,0.6474692973896471,0.5204542884890476,0.5299712489816304,0,20,0.6832938388625592,8440,7300,1.0456901384259052,3.0511776805000207e+18,7.508952675988407e+17,0.19749628106801803,0.29532381006138075,12.343150473933648,328.1202692061612
india_daily,snaive7,1,4,rung0_none,0.0,0.0,0.0,0.0,0,20,0.0,8440,7300,1.0495496430541105,4.1270397464709074e+18,1.6198148932291261e+18,0.28186112139312347,0.30870417985822884,12.343150473933648,328.1202692061612
india_daily,snaive7,1,4,rung1_global,0.3216970065064958,0.30009242269113057,0.18230927588003445,0.17444041574941094,1,20,0.0,8440,7300,1.0495496430541105,4.1270397464709074e+18,1.6198148932291261e+18,0.28186112139312347,0.30870417985822884,12.343150473933648,328.1202692061612
india_daily,snaive7,1,4,rung2_series,0.33665083235057314,0.31379147195214796,0.19043890303871125,0.18318955516735125,1,20,0.0,8440,7300,1.0495496430541105,4.1270397464709074e+18,1.6198148932291261e+18,0.28186112139312347,0.30870417985822884,12.343150473933648,328.1202692061612
india_daily,snaive7,1,4,rung3_cell,0.33672025805112915,0.3156539651080128,0.19084408072966846,0.18427360911529544,0,20,0.04549763033175355,8440,7300,1.0495496430541105,4.1270397464709074e+18,1.6198148932291261e+18,0.28186112139312347,0.30870417985822884,12.343150473933648,328.1202692061612
india_daily,snaive7,1,4,rung5_instance,0.30418568035119176,0.2798071256698954,0.16852882557192275,0.16053284398387746,1,20,0.3349526066350711,8440,7300,1.0495496430541105,4.1270397464709074e+18,1.6198148932291261e+18,0.28186112139312347,0.30870417985822884,12.343150473933648,328.1202692061612
india_daily,snaive7,1,4,rung4_shrunk,0.31898494683894413,0.302427626160533,0.17761610664328145,0.17414419829817984,1,20,0.1640995260663507,8440,7300,1.0495496430541105,4.1270397464709074e+18,1.6198148932291261e+18,0.28186112139312347,0.30870417985822884,12.343150473933648,328.1202692061612
india_daily,snaive7,1,4,rung5b_bagged,0.2920070921464827,0.27334326887879745,0.16190502613230046,0.1568203340476605,1,20,0.3335308056872038,8440,7300,1.0495496430541105,4.1270397464709074e+18,1.6198148932291261e+18,0.28186112139312347,0.30870417985822884,12.343150473933648,328.1202692061612
india_daily,snaive7,1,4,oracle_instance,0.6423124685457482,0.6496862535240983,0.5195507346274073,0.5277812247344419,0,20,0.6872037914691943,8440,7300,1.0495496430541105,4.1270397464709074e+18,1.6198148932291261e+18,0.28186112139312347,0.30870417985822884,12.343150473933648,328.1202692061612
india_daily,snaive7,1,5,rung0_none,0.0,0.0,0.0,0.0,0,20,0.0,8440,7300,1.069489449537807,6.445346531479362e+18,2.728502865534395e+18,0.29742180707943267,0.3128819496340496,12.343150473933648,328.1202692061612
india_daily,snaive7,1,5,rung1_global,0.3235543497282258,0.29962375041354483,0.18795837367354618,0.180032452877815,1,20,0.0,8440,7300,1.069489449537807,6.445346531479362e+18,2.728502865534395e+18,0.29742180707943267,0.3128819496340496,12.343150473933648,328.1202692061612
india_daily,snaive7,1,5,rung2_series,0.3400990209433677,0.31326034497632194,0.1959226101271035,0.1880850749893902,1,20,0.0,8440,7300,1.069489449537807,6.445346531479362e+18,2.728502865534395e+18,0.29742180707943267,0.3128819496340496,12.343150473933648,328.1202692061612
india_daily,snaive7,1,5,rung3_cell,0.3403136940186268,0.3156724951872897,0.19638931317677977,0.18922527949415735,1,20,0.06113744075829384,8440,7300,1.069489449537807,6.445346531479362e+18,2.728502865534395e+18,0.29742180707943267,0.3128819496340496,12.343150473933648,328.1202692061612
india_daily,snaive7,1,5,rung5_instance,0.2853463803618127,0.2631175278212131,0.16164291300646322,0.15538136029694527,1,20,0.34845971563981043,8440,7300,1.069489449537807,6.445346531479362e+18,2.728502865534395e+18,0.29742180707943267,0.3128819496340496,12.343150473933648,328.1202692061612
india_daily,snaive7,1,5,rung4_shrunk,0.3191594608775716,0.296005450147948,0.18125104133177375,0.17507612177139076,1,20,0.21504739336492892,8440,7300,1.069489449537807,6.445346531479362e+18,2.728502865534395e+18,0.29742180707943267,0.3128819496340496,12.343150473933648,328.1202692061612
india_daily,snaive7,1,5,rung5b_bagged,0.29964974672736433,0.2748226843705487,0.16846994189032177,0.16007158948277156,1,20,0.3690758293838863,8440,7300,1.069489449537807,6.445346531479362e+18,2.728502865534395e+18,0.29742180707943267,0.3128819496340496,12.343150473933648,328.1202692061612
india_daily,snaive7,1,5,oracle_instance,0.6439580996708154,0.6535244288126444,0.5219475170251653,0.5323181193108008,0,20,0.6809241706161138,8440,7300,1.069489449537807,6.445346531479362e+18,2.728502865534395e+18,0.29742180707943267,0.3128819496340496,12.343150473933648,328.1202692061612
india_daily,snaive7,1,6,rung0_none,0.0,0.0,0.0,0.0,0,20,0.0,8440,7300,1.0605176447142473,4.454906277995193e+18,1.1162128757040278e+18,0.20035702789857993,0.3087450257810691,12.343150473933648,328.1202692061612
india_daily,snaive7,1,6,rung1_global,0.31803609150103374,0.2975164010456215,0.18336524300733906,0.17787413251833617,1,20,0.0,8440,7300,1.0605176447142473,4.454906277995193e+18,1.1162128757040278e+18,0.20035702789857993,0.3087450257810691,12.343150473933648,328.1202692061612
india_daily,snaive7,1,6,rung2_series,0.3355768388136052,0.31238955107870425,0.192462388225679,0.18697820963165468,1,20,0.0,8440,7300,1.0605176447142473,4.454906277995193e+18,1.1162128757040278e+18,0.20035702789857993,0.3087450257810691,12.343150473933648,328.1202692061612
india_daily,snaive7,1,6,rung3_cell,0.3354619624440506,0.31358554977012987,0.19286047201712214,0.18793602212863425,1,20,0.04549763033175355,8440,7300,1.0605176447142473,4.454906277995193e+18,1.1162128757040278e+18,0.20035702789857993,0.3087450257810691,12.343150473933648,328.1202692061612
india_daily,snaive7,1,6,rung5_instance,0.2859523495679388,0.2664176516245349,0.16161252581451477,0.15574480603248175,1,20,0.37855450236966826,8440,7300,1.0605176447142473,4.454906277995193e+18,1.1162128757040278e+18,0.20035702789857993,0.3087450257810691,12.343150473933648,328.1202692061612
india_daily,snaive7,1,6,rung4_shrunk,0.33123702750278944,0.3136050685215863,0.19028257756236058,0.18673494467064233,1,20,0.156042654028436,8440,7300,1.0605176447142473,4.454906277995193e+18,1.1162128757040278e+18,0.20035702789857993,0.3087450257810691,12.343150473933648,328.1202692061612
india_daily,snaive7,1,6,rung5b_bagged,0.3024506821873278,0.28784613156456906,0.17501361851959635,0.17147640854845447,1,20,0.3334123222748815,8440,7300,1.0605176447142473,4.454906277995193e+18,1.1162128757040278e+18,0.20035702789857993,0.3087450257810691,12.343150473933648,328.1202692061612
india_daily,snaive7,1,6,oracle_instance,0.6414433671569688,0.6530146246367505,0.5195516857817172,0.5313777074061239,0,20,0.6908767772511848,8440,7300,1.0605176447142473,4.454906277995193e+18,1.1162128757040278e+18,0.20035702789857993,0.3087450257810691,12.343150473933648,328.1202692061612
india_daily,snaive7,1,7,rung0_none,0.0,0.0,0.0,0.0,0,20,0.0,8440,7300,1.0542743852602028,6.391870426861522e+18,2.1718962139033733e+18,0.2536145956575698,0.31542313077526796,12.343150473933648,328.1202692061612
india_daily,snaive7,1,7,rung1_global,0.32546349910725814,0.3063467438133176,0.1869637943654637,0.18127468320396423,1,20,0.0,8440,7300,1.0542743852602028,6.391870426861522e+18,2.1718962139033733e+18,0.2536145956575698,0.31542313077526796,12.343150473933648,328.1202692061612
india_daily,snaive7,1,7,rung2_series,0.34225595439066436,0.32170581091288086,0.19489134794940682,0.18916666012976457,1,20,0.0,8440,7300,1.0542743852602028,6.391870426861522e+18,2.1718962139033733e+18,0.2536145956575698,0.31542313077526796,12.343150473933648,328.1202692061612
india_daily,snaive7,1,7,rung3_cell,0.3423003484410224,0.3234522727138345,0.19549349766008323,0.1902243921219109,1,20,0.06113744075829384,8440,7300,1.0542743852602028,6.391870426861522e+18,2.1718962139033733e+18,0.2536145956575698,0.31542313077526796,12.343150473933648,328.1202692061612
india_daily,snaive7,1,7,rung5_instance,0.30072238639493004,0.28551591933889553,0.1674647019685843,0.16245838104305643,1,20,0.31528436018957345,8440,7300,1.0542743852602028,6.391870426861522e+18,2.1718962139033733e+18,0.2536145956575698,0.31542313077526796,12.343150473933648,328.1202692061612
india_daily,snaive7,1,7,rung4_shrunk,0.32921961473036243,0.31909084492273776,0.18614958936449116,0.1844941023741552,1,20,0.1760663507109005,8440,7300,1.0542743852602028,6.391870426861522e+18,2.1718962139033733e+18,0.2536145956575698,0.31542313077526796,12.343150473933648,328.1202692061612
india_daily,snaive7,1,7,rung5b_bagged,0.3080901426413708,0.29797485399810064,0.17367529708858215,0.17117245393284797,1,20,0.3475118483412322,8440,7300,1.0542743852602028,6.391870426861522e+18,2.1718962139033733e+18,0.2536145956575698,0.31542313077526796,12.343150473933648,328.1202692061612
india_daily,snaive7,1,7,oracle_instance,0.6418010377229575,0.6529623509132652,0.5166717680689618,0.5270441840354263,0,20,0.6881516587677725,8440,7300,1.0542743852602028,6.391870426861522e+18,2.1718962139033733e+18,0.2536145956575698,0.31542313077526796,12.343150473933648,328.1202692061612
india_daily,snaive7,1,8,rung0_none,0.0,0.0,0.0,0.0,0,20,0.0,8440,7300,1.067442200061297,2.6861093722235003e+18,6.850852057806312e+17,0.20321734326774643,0.3103761917439424,12.343150473933648,328.1202692061612
india_daily,snaive7,1,8,rung1_global,0.32368852856285163,0.29879382188121995,0.1864955944028262,0.1800224103014133,1,20,0.0,8440,7300,1.067442200061297,2.6861093722235003e+18,6.850852057806312e+17,0.20321734326774643,0.3103761917439424,12.343150473933648,328.1202692061612
india_daily,snaive7,1,8,rung2_series,0.3377004158521846,0.3097913447713604,0.1930627820885644,0.18650785511531165,1,20,0.0,8440,7300,1.067442200061297,2.6861093722235003e+18,6.850852057806312e+17,0.20321734326774643,0.3103761917439424,12.343150473933648,328.1202692061612
india_daily,snaive7,1,8,rung3_cell,0.3364550184752566,0.31007989673676295,0.19308239329249896,0.1867015923404829,1,20,0.08033175355450237,8440,7300,1.067442200061297,2.6861093722235003e+18,6.850852057806312e+17,0.20321734326774643,0.3103761917439424,12.343150473933648,328.1202692061612
india_daily,snaive7,1,8,rung5_instance,0.287796580518468,0.26389960403844603,0.16382050663017236,0.1585068940008364,1,20,0.3651658767772512,8440,7300,1.067442200061297,2.6861093722235003e+18,6.850852057806312e+17,0.20321734326774643,0.3103761917439424,12.343150473933648,328.1202692061612
india_daily,snaive7,1,8,rung4_shrunk,0.3273055442130157,0.3018384601412888,0.18557434449412108,0.18109833166359623,1,20,0.21113744075829383,8440,7300,1.067442200061297,2.6861093722235003e+18,6.850852057806312e+17,0.20321734326774643,0.3103761917439424,12.343150473933648,328.1202692061612
india_daily,snaive7,1,8,rung5b_bagged,0.30352906342201774,0.2765415215596052,0.1710373152606552,0.16586205551564914,1,20,0.39360189573459714,8440,7300,1.067442200061297,2.6861093722235003e+18,6.850852057806312e+17,0.20321734326774643,0.3103761917439424,12.343150473933648,328.1202692061612
india_daily,snaive7,1,8,oracle_instance,0.6398934754278616,0.6455041108352348,0.5167940930645256,0.5262470614639614,0,20,0.6894549763033175,8440,7300,1.067442200061297,2.6861093722235003e+18,6.850852057806312e+17,0.20321734326774643,0.3103761917439424,12.343150473933648,328.1202692061612
india_daily,snaive7,1,9,rung0_none,0.0,0.0,0.0,0.0,0,20,0.0,8440,7300,1.0549556000704112,4.446969840832985e+18,1.4019638096195487e+18,0.2396956254600492,0.2756499828725586,12.343150473933648,328.1202692061612
india_daily,snaive7,1,9,rung1_global,0.296954737556216,0.26203929739133713,0.17170086111074664,0.15892488502962665,1,20,0.0,8440,7300,1.0549556000704112,4.446969840832985e+18,1.4019638096195487e+18,0.2396956254600492,0.2756499828725586,12.343150473933648,328.1202692061612
india_daily,snaive7,1,9,rung2_series,0.326010399456747,0.2917210118487491,0.18541764838983793,0.17456384828430738,1,20,0.0,8440,7300,1.0549556000704112,4.446969840832985e+18,1.4019638096195487e+18,0.2396956254600492,0.2756499828725586,12.343150473933648,328.1202692061612
india_daily,snaive7,1,9,rung3_cell,0.32770543879934233,0.2958742781805723,0.1866512993602954,0.17668845378712916,1,20,0.04549763033175355,8440,7300,1.0549556000704112,4.446969840832985e+18,1.4019638096195487e+18,0.2396956254600492,0.2756499828725586,12.343150473933648,328.1202692061612
india_daily,snaive7,1,9,rung5_instance,0.27866125711545864,0.2425596020818802,0.15747693774933344,0.1465674060003126,1,20,0.3289099526066351,8440,7300,1.0549556000704112,4.446969840832985e+18,1.4019638096195487e+18,0.2396956254600492,0.2756499828725586,12.343150473933648,328.1202692061612
india_daily,snaive7,1,9,rung4_shrunk,0.3203809132637627,0.283569627006902,0.18194440612564552,0.17129984044999824,1,20,0.1495260663507109,8440,7300,1.0549556000704112,4.446969840832985e+18,1.4019638096195487e+18,0.2396956254600492,0.2756499828725586,12.343150473933648,328.1202692061612
india_daily,snaive7,1,9,rung5b_bagged,0.29736893009978616,0.25845875074780855,0.16856628167392268,0.15731529681192202,1,20,0.32037914691943126,8440,7300,1.0549556000704112,4.446969840832985e+18,1.4019638096195487e+18,0.2396956254600492,0.2756499828725586,12.343150473933648,328.1202692061612
india_daily,snaive7,1,9,oracle_instance,0.6412715383449288,0.6516962137011726,0.5182605196660571,0.5287553411011862,0,20,0.6860189573459715,8440,7300,1.0549556000704112,4.446969840832985e+18,1.4019638096195487e+18,0.2396956254600492,0.2756499828725586,12.343150473933648,328.1202692061612
india_daily,snaive7,2,0,rung0_none,0.0,0.0,0.0,0.0,0,20,0.0,8420,7300,0.9578849386968841,3.094224441040475e+18,7.187933387704913e+17,0.18851035591187987,0.10142971565427672,12.344742280285036,328.32742400237527
india_daily,snaive7,2,0,rung1_global,0.14127811908087723,0.11293128914437678,0.07877403778538476,0.07024870162365349,2,20,0.0,8420,7300,0.9578849386968841,3.094224441040475e+18,7.187933387704913e+17,0.18851035591187987,0.10142971565427672,12.344742280285036,328.32742400237527
india_daily,snaive7,2,0,rung2_series,0.18975472171529867,0.16568177332721135,0.0994562079268633,0.09455403609862201,1,20,0.0,8420,7300,0.9578849386968841,3.094224441040475e+18,7.187933387704913e+17,0.18851035591187987,0.10142971565427672,12.344742280285036,328.32742400237527
india_daily,snaive7,2,0,rung3_cell,0.1876580996211553,0.1656420927268878,0.09871791800219351,0.09442930937935845,1,20,0.027553444180522565,8420,7300,0.9578849386968841,3.094224441040475e+18,7.187933387704913e+17,0.18851035591187987,0.10142971565427672,12.344742280285036,328.32742400237527
india_daily,snaive7,2,0,rung5_instance,0.11349498915037004,0.07982841849931377,0.06208505294290403,0.05194287415826815,2,20,0.3671021377672209,8420,7300,0.9578849386968841,3.094224441040475e+18,7.187933387704913e+17,0.18851035591187987,0.10142971565427672,12.344742280285036,328.32742400237527
india_daily,snaive7,2,0,rung4_shrunk,0.1784802073540317,0.1540840769166819,0.09381181214461196,0.08928107330082213,2,20,0.15688836104513065,8420,7300,0.9578849386968841,3.094224441040475e+18,7.187933387704913e+17,0.18851035591187987,0.10142971565427672,12.344742280285036,328.32742400237527
india_daily,snaive7,2,0,rung5b_bagged,0.117688293223055,0.08225679613502557,0.06526414550434223,0.056376307319425445,2,20,0.38978622327790974,8420,7300,0.9578849386968841,3.094224441040475e+18,7.187933387704913e+17,0.18851035591187987,0.10142971565427672,12.344742280285036,328.32742400237527
india_daily,snaive7,2,0,oracle_instance,0.5028469642548263,0.5160189922789158,0.40124890254374723,0.41416131531341305,0,20,0.7413301662707839,8420,7300,0.9578849386968841,3.094224441040475e+18,7.187933387704913e+17,0.18851035591187987,0.10142971565427672,12.344742280285036,328.32742400237527
india_daily,snaive7,2,1,rung0_none,0.0,0.0,0.0,0.0,0,20,0.0,8420,7300,0.989350066978968,4.6026144414331136e+18,1.7053746128130214e+18,0.2703515491462485,0.11547813333769463,12.344742280285036,328.32742400237527
india_daily,snaive7,2,1,rung1_global,0.1443478258839858,0.11855158888745576,0.08026251442165798,0.07158336507021779,2,20,0.0,8420,7300,0.989350066978968,4.6026144414331136e+18,1.7053746128130214e+18,0.2703515491462485,0.11547813333769463,12.344742280285036,328.32742400237527
india_daily,snaive7,2,1,rung2_series,0.19854089514698697,0.17712747485695124,0.10425470388813692,0.09911177996237497,1,20,0.0,8420,7300,0.989350066978968,4.6026144414331136e+18,1.7053746128130214e+18,0.2703515491462485,0.11547813333769463,12.344742280285036,328.32742400237527
india_daily,snaive7,2,1,rung3_cell,0.19668047474354072,0.17715109828198383,0.10420936162787245,0.09896163401729496,1,20,0.027553444180522565,8420,7300,0.989350066978968,4.6026144414331136e+18,1.7053746128130214e+18,0.2703515491462485,0.11547813333769463,12.344742280285036,328.32742400237527
india_daily,snaive7,2,1,rung5_instance,0.1443832197692158,0.12172795060412411,0.0723179936907729,0.0651085325812234,2,20,0.3669833729216152,8420,7300,0.989350066978968,4.6026144414331136e+18,1.7053746128130214e+18,0.2703515491462485,0.11547813333769463,12.344742280285036,328.32742400237527
india_daily,snaive7,2,1,rung4_shrunk,0.18886757545099514,0.167527365137064,0.09788542955180965,0.09241215864227925,1,20,0.17779097387173395,8420,7300,0.989350066978968,4.6026144414331136e+18,1.7053746128130214e+18,0.2703515491462485,0.11547813333769463,12.344742280285036,328.32742400237527
india_daily,snaive7,2,1,rung5b_bagged,0.15485396168895035,0.12520865978474371,0.08069278919438193,0.07251679767793306,2,20,0.3796912114014252,8420,7300,0.989350066978968,4.6026144414331136e+18,1.7053746128130214e+18,0.2703515491462485,0.11547813333769463,12.344742280285036,328.32742400237527
india_daily,snaive7,2,1,oracle_instance,0.5105163068321006,0.5294630635017248,0.40407987180476057,0.417545504120991,0,20,0.745249406175772,8420,7300,0.989350066978968,4.6026144414331136e+18,1.7053746128130214e+18,0.2703515491462485,0.11547813333769463,12.344742280285036,328.32742400237527
india_daily,snaive7,2,2,rung0_none,0.0,0.0,0.0,0.0,0,20,0.0,8420,7300,0.9778668226738411,4.810809332831843e+18,9.022421602996668e+17,0.15792648838967815,0.10695477164543954,12.344742280285036,328.32742400237527
india_daily,snaive7,2,2,rung1_global,0.13490978050604358,0.11329020498252063,0.07647059449787119,0.06918004700554337,2,20,0.0,8420,7300,0.9778668226738411,4.810809332831843e+18,9.022421602996668e+17,0.15792648838967815,0.10695477164543954,12.344742280285036,328.32742400237527
india_daily,snaive7,2,2,rung2_series,0.19317894076193118,0.1755029099447596,0.10157584564185611,0.09756189546522642,1,20,0.0,8420,7300,0.9778668226738411,4.810809332831843e+18,9.022421602996668e+17,0.15792648838967815,0.10695477164543954,12.344742280285036,328.32742400237527
india_daily,snaive7,2,2,rung3_cell,0.18984277086071571,0.1726504211418477,0.09928156865999797,0.0955491173666615,1,20,0.04346793349168646,8420,7300,0.9778668226738411,4.810809332831843e+18,9.022421602996668e+17,0.15792648838967815,0.10695477164543954,12.344742280285036,328.32742400237527
india_daily,snaive7,2,2,rung5_instance,0.10675431045345644,0.08109066244588459,0.05878046051589999,0.051268670072649125,2,20,0.35261282660332544,8420,7300,0.9778668226738411,4.810809332831843e+18,9.022421602996668e+17,0.15792648838967815,0.10695477164543954,12.344742280285036,328.32742400237527
india_daily,snaive7,2,2,rung4_shrunk,0.18234307156054388,0.16581965806953858,0.0939548916928005,0.09134289734267331,2,20,0.2002375296912114,8420,7300,0.9778668226738411,4.810809332831843e+18,9.022421602996668e+17,0.15792648838967815,0.10695477164543954,12.344742280285036,328.32742400237527
india_daily,snaive7,2,2,rung5b_bagged,0.13733533255182437,0.11502440614391174,0.07131657383696559,0.06674442694267724,2,20,0.4489311163895487,8420,7300,0.9778668226738411,4.810809332831843e+18,9.022421602996668e+17,0.15792648838967815,0.10695477164543954,12.344742280285036,328.32742400237527
india_daily,snaive7,2,2,oracle_instance,0.5066573651772092,0.5277680798813189,0.4041432418230399,0.41831091240032703,0,20,0.744061757719715,8420,7300,0.9778668226738411,4.810809332831843e+18,9.022421602996668e+17,0.15792648838967815,0.10695477164543954,12.344742280285036,328.32742400237527
india_daily,snaive7,2,3,rung0_none,0.0,0.0,0.0,0.0,0,20,0.0,8420,7300,0.9830395011093453,2.7162269452905267e+18,7.052081480553898e+17,0.206114723446572,0.09646717697208718,12.344742280285036,328.32742400237527
india_daily,snaive7,2,3,rung1_global,0.13476461708176202,0.10174522200390956,0.07763912114976265,0.0673194279289685,2,20,0.0,8420,7300,0.9830395011093453,2.7162269452905267e+18,7.052081480553898e+17,0.206114723446572,0.09646717697208718,12.344742280285036,328.32742400237527
india_daily,snaive7,2,3,rung2_series,0.19456881410172017,0.1681648917693811,0.10390837013380509,0.09828019882991368,1,20,0.0,8420,7300,0.9830395011093453,2.7162269452905267e+18,7.052081480553898e+17,0.206114723446572,0.09646717697208718,12.344742280285036,328.32742400237527
india_daily,snaive7,2,3,rung3_cell,0.1932609451876289,0.1672339402522397,0.1037789472576369,0.09804422905711241,1,20,0.04346793349168646,8420,7300,0.9830395011093453,2.7162269452905267e+18,7.052081480553898e+17,0.206114723446572,0.09646717697208718,12.344742280285036,328.32742400237527
india_daily,snaive7,2,3,rung5_instance,0.1178310825505596,0.08488517609338175,0.06356800258093065,0.053877870838806574,2,20,0.3811163895486936,8420,7300,0.9830395011093453,2.7162269452905267e+18,7.052081480553898e+17,0.206114723446572,0.09646717697208718,12.344742280285036,328.32742400237527
india_daily,snaive7,2,3,rung4_shrunk,0.17976447500002268,0.15464800259837208,0.09455962287503641,0.089592739668231,1,20,0.18171021377672208,8420,7300,0.9830395011093453,2.7162269452905267e+18,7.052081480553898e+17,0.206114723446572,0.09646717697208718,12.344742280285036,328.32742400237527
india_daily,snaive7,2,3,rung5b_bagged,0.12667401636585254,0.08861109331865114,0.06764768402866261,0.05723534425248744,2,20,0.40451306413301663,8420,7300,0.9830395011093453,2.7162269452905267e+18,7.052081480553898e+17,0.206114723446572,0.09646717697208718,12.344742280285036,328.32742400237527
india_daily,snaive7,2,3,oracle_instance,0.507786090381686,0.523880264635607,0.40554111794672487,0.4183866561664301,0,20,0.7414489311163895,8420,7300,0.9830395011093453,2.7162269452905267e+18,7.052081480553898e+17,0.206114723446572,0.09646717697208718,12.344742280285036,328.32742400237527
india_daily,snaive7,2,4,rung0_none,0.0,0.0,0.0,0.0,0,20,0.0,8420,7300,1.0113155198339439,1.8488173791184965e+18,4.9789171368283514e+17,0.2121659285380311,0.10853101178228863,12.344742280285036,328.32742400237527
india_daily,snaive7,2,4,rung1_global,0.1324031446035301,0.10550532949550351,0.07584541519568926,0.06701175423329708,2,20,0.0,8420,7300,1.0113155198339439,1.8488173791184965e+18,4.9789171368283514e+17,0.2121659285380311,0.10853101178228863,12.344742280285036,328.32742400237527
india_daily,snaive7,2,4,rung2_series,0.18969371092721696,0.16287794369636255,0.09967018679950905,0.09340473880343592,1,20,0.0,8420,7300,1.0113155198339439,1.8488173791184965e+18,4.9789171368283514e+17,0.2121659285380311,0.10853101178228863,12.344742280285036,328.32742400237527
india_daily,snaive7,2,4,rung3_cell,0.1880046932344795,0.16227135455685027,0.09889333540711438,0.09301348165684664,1,20,0.027553444180522565,8420,7300,1.0113155198339439,1.8488173791184965e+18,4.9789171368283514e+17,0.2121659285380311,0.10853101178228863,12.344742280285036,328.32742400237527
india_daily,snaive7,2,4,rung5_instance,0.13395667469144876,0.11547622679335245,0.06844036701939515,0.06357006784081976,2,20,0.39156769596199525,8420,7300,1.0113155198339439,1.8488173791184965e+18,4.9789171368283514e+17,0.2121659285380311,0.10853101178228863,12.344742280285036,328.32742400237527
india_daily,snaive7,2,4,rung4_shrunk,0.1796152097071901,0.15327649020840983,0.09214811146440098,0.08701744702144054,1,20,0.20451306413301662,8420,7300,1.0113155198339439,1.8488173791184965e+18,4.9789171368283514e+17,0.2121659285380311,0.10853101178228863,12.344742280285036,328.32742400237527
india_daily,snaive7,2,4,rung5b_bagged,0.13927712664027186,0.11438872794974486,0.07025950571108028,0.06443041799584237,2,20,0.42114014251781473,8420,7300,1.0113155198339439,1.8488173791184965e+18,4.9789171368283514e+17,0.2121659285380311,0.10853101178228863,12.344742280285036,328.32742400237527
india_daily,snaive7,2,4,oracle_instance,0.5059742264942251,0.5214997934310242,0.40437650820396875,0.4173223284533576,0,20,0.7420427553444181,8420,7300,1.0113155198339439,1.8488173791184965e+18,4.9789171368283514e+17,0.2121659285380311,0.10853101178228863,12.344742280285036,328.32742400237527
india_daily,snaive7,2,5,rung0_none,0.0,0.0,0.0,0.0,0,20,0.0,8420,7300,0.9627477391305587,5.15160436034672e+18,2.6851987773049856e+18,0.3426395597975432,0.10322271150157003,12.344742280285036,328.32742400237527
india_daily,snaive7,2,5,rung1_global,0.1451726803548073,0.11338688188961876,0.08237135678180063,0.07355368629219239,2,20,0.0,8420,7300,0.9627477391305587,5.15160436034672e+18,2.6851987773049856e+18,0.3426395597975432,0.10322271150157003,12.344742280285036,328.32742400237527
india_daily,snaive7,2,5,rung2_series,0.19440173913907022,0.16344823066223635,0.10301763434852751,0.095970749573567,1,20,0.0,8420,7300,0.9627477391305587,5.15160436034672e+18,2.6851987773049856e+18,0.3426395597975432,0.10322271150157003,12.344742280285036,328.32742400237527
india_daily,snaive7,2,5,rung3_cell,0.1908543997913763,0.16234477248827683,0.10079869205382189,0.09490653048133968,1,20,0.027553444180522565,8420,7300,0.9627477391305587,5.15160436034672e+18,2.6851987773049856e+18,0.3426395597975432,0.10322271150157003,12.344742280285036,328.32742400237527
india_daily,snaive7,2,5,rung5_instance,0.13257461823282468,0.10391822047023835,0.0697238296019172,0.06290255361223673,2,20,0.3299287410926366,8420,7300,0.9627477391305587,5.15160436034672e+18,2.6851987773049856e+18,0.3426395597975432,0.10322271150157003,12.344742280285036,328.32742400237527
india_daily,snaive7,2,5,rung4_shrunk,0.1752852241779626,0.15341272363858682,0.09109754491527522,0.08696683590177268,2,20,0.22019002375296912,8420,7300,0.9627477391305587,5.15160436034672e+18,2.6851987773049856e+18,0.3426395597975432,0.10322271150157003,12.344742280285036,328.32742400237527
india_daily,snaive7,2,5,rung5b_bagged,0.14223230665309833,0.11959070821873463,0.07438923381282955,0.06875550965932209,2,20,0.373396674584323,8420,7300,0.9627477391305587,5.15160436034672e+18,2.6851987773049856e+18,0.3426395597975432,0.10322271150157003,12.344742280285036,328.32742400237527
india_daily,snaive7,2,5,oracle_instance,0.5083418563139556,0.5218426261237424,0.4049710847705067,0.41730628202480013,0,20,0.7431116389548693,8420,7300,0.9627477391305587,5.15160436034672e+18,2.6851987773049856e+18,0.3426395597975432,0.10322271150157003,12.344742280285036,328.32742400237527
india_daily,snaive7,2,6,rung0_none,0.0,0.0,0.0,0.0,0,20,0.0,8420,7300,0.9785084020907001,6.223925450122145e+18,1.9861824632351626e+18,0.24191916649521425,0.09132968442337752,12.344742280285036,328.32742400237527
india_daily,snaive7,2,6,rung1_global,0.13170943697579338,0.09813125011838675,0.07934428474292703,0.06981603701464456,2,20,0.0,8420,7300,0.9785084020907001,6.223925450122145e+18,1.9861824632351626e+18,0.24191916649521425,0.09132968442337752,12.344742280285036,328.32742400237527
india_daily,snaive7,2,6,rung2_series,0.19221545090278883,0.16483484616498045,0.10505217139759444,0.0999592222282567,1,20,0.0,8420,7300,0.9785084020907001,6.223925450122145e+18,1.9861824632351626e+18,0.24191916649521425,0.09132968442337752,12.344742280285036,328.32742400237527
india_daily,snaive7,2,6,rung3_cell,0.19084674238893423,0.16448896452239503,0.10535127622101685,0.10031315967298149,1,20,0.027553444180522565,8420,7300,0.9785084020907001,6.223925450122145e+18,1.9861824632351626e+18,0.24191916649521425,0.09132968442337752,12.344742280285036,328.32742400237527
india_daily,snaive7,2,6,rung5_instance,0.13488823846399112,0.10108139261767579,0.07351984341343167,0.06567048830413036,3,20,0.3637767220902613,8420,7300,0.9785084020907001,6.223925450122145e+18,1.9861824632351626e+18,0.24191916649521425,0.09132968442337752,12.344742280285036,328.32742400237527
india_daily,snaive7,2,6,rung4_shrunk,0.17720586071950256,0.1462437788369111,0.0954443406108721,0.09125849077590154,3,20,0.18990498812351544,8420,7300,0.9785084020907001,6.223925450122145e+18,1.9861824632351626e+18,0.24191916649521425,0.09132968442337752,12.344742280285036,328.32742400237527
india_daily,snaive7,2,6,rung5b_bagged,0.1429294511712857,0.10789762470242104,0.07655491103156739,0.07106675648536542,3,20,0.3844418052256532,8420,7300,0.9785084020907001,6.223925450122145e+18,1.9861824632351626e+18,0.24191916649521425,0.09132968442337752,12.344742280285036,328.32742400237527
india_daily,snaive7,2,6,oracle_instance,0.5080839243546675,0.5231812455862972,0.4074605581406157,0.4207987111335969,0,20,0.7415676959619952,8420,7300,0.9785084020907001,6.223925450122145e+18,1.9861824632351626e+18,0.24191916649521425,0.09132968442337752,12.344742280285036,328.32742400237527
india_daily,snaive7,2,7,rung0_none,0.0,0.0,0.0,0.0,0,20,0.0,8420,7300,0.9979859036067418,3.665119654078355e+18,1.0200964292146254e+18,0.21772665573572775,0.14149571718733234,12.344742280285036,328.32742400237527
india_daily,snaive7,2,7,rung1_global,0.16566242343982052,0.1420636074171291,0.08834630550739068,0.08405845026827463,2,20,0.0,8420,7300,0.9979859036067418,3.665119654078355e+18,1.0200964292146254e+18,0.21772665573572775,0.14149571718733234,12.344742280285036,328.32742400237527
india_daily,snaive7,2,7,rung2_series,0.19791110323826552,0.17245992041665892,0.1021132222740456,0.09742061988425155,1,20,0.0,8420,7300,0.9979859036067418,3.665119654078355e+18,1.0200964292146254e+18,0.21772665573572775,0.14149571718733234,12.344742280285036,328.32742400237527
india_daily,snaive7,2,7,rung3_cell,0.19422555601301933,0.17076282406510268,0.10051276677301373,0.09642377052649753,1,20,0.04346793349168646,8420,7300,0.9979859036067418,3.665119654078355e+18,1.0200964292146254e+18,0.21772665573572775,0.14149571718733234,12.344742280285036,328.32742400237527
india_daily,snaive7,2,7,rung5_instance,0.12593959443917646,0.10035783855858849,0.06409090641030354,0.05838896782329406,2,20,0.4141330166270784,8420,7300,0.9979859036067418,3.665119654078355e+18,1.0200964292146254e+18,0.21772665573572775,0.14149571718733234,12.344742280285036,328.32742400237527
india_daily,snaive7,2,7,rung4_shrunk,0.183714881006317,0.16110890763419727,0.09108856476059138,0.08873740631334248,1,20,0.20570071258907363,8420,7300,0.9979859036067418,3.665119654078355e+18,1.0200964292146254e+18,0.21772665573572775,0.14149571718733234,12.344742280285036,328.32742400237527
india_daily,snaive7,2,7,rung5b_bagged,0.1432927101000448,0.11287993791743045,0.06922078257403377,0.06408643058476182,2,20,0.4165083135391924,8420,7300,0.9979859036067418,3.665119654078355e+18,1.0200964292146254e+18,0.21772665573572775,0.14149571718733234,12.344742280285036,328.32742400237527
india_daily,snaive7,2,7,oracle_instance,0.506420015561067,0.5133093439121117,0.4033536462259891,0.4121577909394418,0,20,0.7393111638954869,8420,7300,0.9979859036067418,3.665119654078355e+18,1.0200964292146254e+18,0.21772665573572775,0.14149571718733234,12.344742280285036,328.32742400237527
india_daily,snaive7,2,8,rung0_none,0.0,0.0,0.0,0.0,0,20,0.0,8420,7300,1.0212182675197363,5.786091311692323e+18,2.5422142242580403e+18,0.3052498750537185,0.10935261061492318,12.344742280285036,328.32742400237527
india_daily,snaive7,2,8,rung1_global,0.1367667673369645,0.10379226535616415,0.07616246102721291,0.06656773278053174,2,20,0.0,8420,7300,1.0212182675197363,5.786091311692323e+18,2.5422142242580403e+18,0.3052498750537185,0.10935261061492318,12.344742280285036,328.32742400237527
india_daily,snaive7,2,8,rung2_series,0.18748768744930758,0.15898579143775837,0.09798387732237243,0.09196510475965669,1,20,0.0,8420,7300,1.0212182675197363,5.786091311692323e+18,2.5422142242580403e+18,0.3052498750537185,0.10935261061492318,12.344742280285036,328.32742400237527
india_daily,snaive7,2,8,rung3_cell,0.1851453147428837,0.15877975575701841,0.0971725853207731,0.09210500792415977,1,20,0.04346793349168646,8420,7300,1.0212182675197363,5.786091311692323e+18,2.5422142242580403e+18,0.3052498750537185,0.10935261061492318,12.344742280285036,328.32742400237527
india_daily,snaive7,2,8,rung5_instance,0.12436553000657943,0.09977174658546784,0.06368541966108152,0.05836881164304064,2,20,0.3982185273159145,8420,7300,1.0212182675197363,5.786091311692323e+18,2.5422142242580403e+18,0.3052498750537185,0.10935261061492318,12.344742280285036,328.32742400237527
india_daily,snaive7,2,8,rung4_shrunk,0.1710202360716071,0.14021173080707072,0.08748735903016959,0.08233918566938081,1,20,0.21532066508313538,8420,7300,1.0212182675197363,5.786091311692323e+18,2.5422142242580403e+18,0.3052498750537185,0.10935261061492318,12.344742280285036,328.32742400237527
india_daily,snaive7,2,8,rung5b_bagged,0.13861216255030334,0.10223934160090264,0.06954615471504877,0.06300086607900601,3,20,0.4004750593824228,8420,7300,1.0212182675197363,5.786091311692323e+18,2.5422142242580403e+18,0.3052498750537185,0.10935261061492318,12.344742280285036,328.32742400237527
india_daily,snaive7,2,8,oracle_instance,0.5065036704037447,0.5165403557296803,0.40092297602366916,0.4108965985777916,0,20,0.75,8420,7300,1.0212182675197363,5.786091311692323e+18,2.5422142242580403e+18,0.3052498750537185,0.10935261061492318,12.344742280285036,328.32742400237527
india_daily,snaive7,2,9,rung0_none,0.0,0.0,0.0,0.0,0,20,0.0,8420,7300,0.9729900951571631,3.432357831346136e+18,1.0781601273444177e+18,0.2390324431071366,0.08726253436413633,12.344742280285036,328.32742400237527
india_daily,snaive7,2,9,rung1_global,0.12432091847289665,0.09573938223123857,0.07056502701986964,0.06064983836318594,2,20,0.0,8420,7300,0.9729900951571631,3.432357831346136e+18,1.0781601273444177e+18,0.2390324431071366,0.08726253436413633,12.344742280285036,328.32742400237527
india_daily,snaive7,2,9,rung2_series,0.18731743434951892,0.1590936120205808,0.09710185504235129,0.0899995303340344,1,20,0.0,8420,7300,0.9729900951571631,3.432357831346136e+18,1.0781601273444177e+18,0.2390324431071366,0.08726253436413633,12.344742280285036,328.32742400237527
india_daily,snaive7,2,9,rung3_cell,0.18457062715659694,0.15768479829685667,0.09585525095710759,0.08956294398016718,1,20,0.04346793349168646,8420,7300,0.9729900951571631,3.432357831346136e+18,1.0781601273444177e+18,0.2390324431071366,0.08726253436413633,12.344742280285036,328.32742400237527
india_daily,snaive7,2,9,rung5_instance,0.11510509247322494,0.09172654250695444,0.05826653564299324,0.05215451039232244,2,20,0.3823040380047506,8420,7300,0.9729900951571631,3.432357831346136e+18,1.0781601273444177e+18,0.2390324431071366,0.08726253436413633,12.344742280285036,328.32742400237527
india_daily,snaive7,2,9,rung4_shrunk,0.17628064293788231,0.15451126348808475,0.08961625301367049,0.08467044864041529,2,20,0.1979809976247031,8420,7300,0.9729900951571631,3.432357831346136e+18,1.0781601273444177e+18,0.2390324431071366,0.08726253436413633,12.344742280285036,328.32742400237527
india_daily,snaive7,2,9,rung5b_bagged,0.14773458307173876,0.1274609103428681,0.07456531499827464,0.06881052780292463,2,20,0.4013064133016627,8420,7300,0.9729900951571631,3.432357831346136e+18,1.0781601273444177e+18,0.2390324431071366,0.08726253436413633,12.344742280285036,328.32742400237527
india_daily,snaive7,2,9,oracle_instance,0.5056517592496678,0.5253747882141653,0.4032470442769913,0.41540641851667426,0,20,0.746793349168646,8420,7300,0.9729900951571631,3.432357831346136e+18,1.0781601273444177e+18,0.2390324431071366,0.08726253436413633,12.344742280285036,328.32742400237527
india_daily,snaive7,3,0,rung0_none,0.0,0.0,0.0,0.0,0,20,0.0,8400,7300,0.8517388291536645,2.847970552840795e+18,7.789831618061926e+17,0.21477615185999452,-0.014186771140593635,12.341621428571427,328.2696916190476
india_daily,snaive7,3,0,rung1_global,0.062299744924544674,0.0413075370166629,0.03445772475440244,0.024179018308387645,2,20,0.0,8400,7300,0.8517388291536645,2.847970552840795e+18,7.789831618061926e+17,0.21477615185999452,-0.014186771140593635,12.341621428571427,328.2696916190476
india_daily,snaive7,3,0,rung2_series,0.1296493166071222,0.11635540028780866,0.06332074671913428,0.05931115671774112,1,20,0.0,8400,7300,0.8517388291536645,2.847970552840795e+18,7.789831618061926e+17,0.21477615185999452,-0.014186771140593635,12.341621428571427,328.2696916190476
india_daily,snaive7,3,0,rung3_cell,0.12737047810717989,0.11490542429546269,0.06363220697828291,0.059281704429628546,2,20,0.0275,8400,7300,0.8517388291536645,2.847970552840795e+18,7.789831618061926e+17,0.21477615185999452,-0.014186771140593635,12.341621428571427,328.2696916190476
india_daily,snaive7,3,0,rung5_instance,0.06573628203116019,0.05764527877108516,0.03153266514013294,0.02551257461014811,3,20,0.37726190476190474,8400,7300,0.8517388291536645,2.847970552840795e+18,7.789831618061926e+17,0.21477615185999452,-0.014186771140593635,12.341621428571427,328.2696916190476
india_daily,snaive7,3,0,rung4_shrunk,0.11582376378663906,0.11006456387572838,0.055858795205366865,0.05447593958958674,3,20,0.20666666666666667,8400,7300,0.8517388291536645,2.847970552840795e+18,7.789831618061926e+17,0.21477615185999452,-0.014186771140593635,12.341621428571427,328.2696916190476
india_daily,snaive7,3,0,rung5b_bagged,0.06267424687267178,0.05628579914935761,0.029776896435670185,0.025680846785078093,3,20,0.4230952380952381,8400,7300,0.8517388291536645,2.847970552840795e+18,7.789831618061926e+17,0.21477615185999452,-0.014186771140593635,12.341621428571427,328.2696916190476
india_daily,snaive7,3,0,oracle_instance,0.44838200923212373,0.47231142814347016,0.36273913353111364,0.37596506615564884,0,20,0.7590476190476191,8400,7300,0.8517388291536645,2.847970552840795e+18,7.789831618061926e+17,0.21477615185999452,-0.014186771140593635,12.341621428571427,328.2696916190476
india_daily,snaive7,3,1,rung0_none,0.0,0.0,0.0,0.0,0,20,0.0,8400,7300,0.8574155646924014,1.6565453033171185e+18,4.403127757240786e+17,0.2099869228753024,0.03145764054820277,12.341621428571427,328.2696916190476
india_daily,snaive7,3,1,rung1_global,0.08926135947679832,0.07519465425037863,0.04853613622916231,0.04212565001140944,1,20,0.0,8400,7300,0.8574155646924014,1.6565453033171185e+18,4.403127757240786e+17,0.2099869228753024,0.03145764054820277,12.341621428571427,328.2696916190476
india_daily,snaive7,3,1,rung2_series,0.14091642730245593,0.1340873086844464,0.07193361029986552,0.07149933194880731,1,20,0.0,8400,7300,0.8574155646924014,1.6565453033171185e+18,4.403127757240786e+17,0.2099869228753024,0.03145764054820277,12.341621428571427,328.2696916190476
india_daily,snaive7,3,1,rung3_cell,0.1358058614811668,0.12960846391361103,0.07169267594287321,0.07056372963769886,1,20,0.0275,8400,7300,0.8574155646924014,1.6565453033171185e+18,4.403127757240786e+17,0.2099869228753024,0.03145764054820277,12.341621428571427,328.2696916190476
india_daily,snaive7,3,1,rung5_instance,0.08345617051514898,0.07196335248883567,0.041804627130767234,0.03675385388603991,2,20,0.37226190476190474,8400,7300,0.8574155646924014,1.6565453033171185e+18,4.403127757240786e+17,0.2099869228753024,0.03145764054820277,12.341621428571427,328.2696916190476
india_daily,snaive7,3,1,rung4_shrunk,0.129696261210251,0.12484929599100725,0.06684815687394957,0.0657860177752253,1,20,0.15619047619047619,8400,7300,0.8574155646924014,1.6565453033171185e+18,4.403127757240786e+17,0.2099869228753024,0.03145764054820277,12.341621428571427,328.2696916190476
india_daily,snaive7,3,1,rung5b_bagged,0.08431454161494784,0.07321685550911938,0.04180473664745289,0.0373870489749667,2,20,0.38333333333333336,8400,7300,0.8574155646924014,1.6565453033171185e+18,4.403127757240786e+17,0.2099869228753024,0.03145764054820277,12.341621428571427,328.2696916190476
india_daily,snaive7,3,1,oracle_instance,0.45677394780354386,0.48225401639613386,0.37098257592577466,0.3855684944375415,0,20,0.7498809523809524,8400,7300,0.8574155646924014,1.6565453033171185e+18,4.403127757240786e+17,0.2099869228753024,0.03145764054820277,12.341621428571427,328.2696916190476
india_daily,snaive7,3,2,rung0_none,0.0,0.0,0.0,0.0,0,20,0.0,8400,7300,0.8731908041891925,3.3569220679968614e+18,9.006654772321928e+17,0.21154361893073836,0.03199035583231202,12.341621428571427,328.2696916190476
india_daily,snaive7,3,2,rung1_global,0.08900919102699108,0.06893784900564881,0.0458204475002746,0.03871706728293545,2,20,0.0,8400,7300,0.8731908041891925,3.3569220679968614e+18,9.006654772321928e+17,0.21154361893073836,0.03199035583231202,12.341621428571427,328.2696916190476
india_daily,snaive7,3,2,rung2_series,0.1319087552685671,0.1161064814665339,0.06466015262784792,0.06186556850988145,2,20,0.0,8400,7300,0.8731908041891925,3.3569220679968614e+18,9.006654772321928e+17,0.21154361893073836,0.03199035583231202,12.341621428571427,328.2696916190476
india_daily,snaive7,3,2,rung3_cell,0.12623095036656343,0.11191857057837074,0.06243482362743822,0.05969362756560015,2,20,0.035476190476190474,8400,7300,0.8731908041891925,3.3569220679968614e+18,9.006654772321928e+17,0.21154361893073836,0.03199035583231202,12.341621428571427,328.2696916190476
india_daily,snaive7,3,2,rung5_instance,0.0498985659671742,0.02422000831407589,0.02636098923832782,0.01725650985103655,3,20,0.4111904761904762,8400,7300,0.8731908041891925,3.3569220679968614e+18,9.006654772321928e+17,0.21154361893073836,0.03199035583231202,12.341621428571427,328.2696916190476
india_daily,snaive7,3,2,rung4_shrunk,0.11954317868225484,0.10549468282670449,0.05854450082434366,0.05635959320233985,2,20,0.1992857142857143,8400,7300,0.8731908041891925,3.3569220679968614e+18,9.006654772321928e+17,0.21154361893073836,0.03199035583231202,12.341621428571427,328.2696916190476
india_daily,snaive7,3,2,rung5b_bagged,0.05364131943919019,0.02806099212062585,0.02579555398890338,0.017686523297638868,3,20,0.3880952380952381,8400,7300,0.8731908041891925,3.3569220679968614e+18,9.006654772321928e+17,0.21154361893073836,0.03199035583231202,12.341621428571427,328.2696916190476
india_daily,snaive7,3,2,oracle_instance,0.4535501499590633,0.46514320657300323,0.3661379210834099,0.37636236002096757,0,20,0.7525,8400,7300,0.8731908041891925,3.3569220679968614e+18,9.006654772321928e+17,0.21154361893073836,0.03199035583231202,12.341621428571427,328.2696916190476
india_daily,snaive7,3,3,rung0_none,0.0,0.0,0.0,0.0,0,20,0.0,8400,7300,0.8623651119528968,6.042154467482919e+18,1.7001953198658053e+18,0.21959681060186473,0.012644384756328009,12.341621428571427,328.2696916190476
india_daily,snaive7,3,3,rung1_global,0.07805245355344742,0.05885942538646671,0.03981135908540589,0.030809754303069425,3,20,0.0,8400,7300,0.8623651119528968,6.042154467482919e+18,1.7001953198658053e+18,0.21959681060186473,0.012644384756328009,12.341621428571427,328.2696916190476
india_daily,snaive7,3,3,rung2_series,0.13609541852647983,0.12238828707221139,0.06508594338373927,0.06201855203068696,1,20,0.0,8400,7300,0.8623651119528968,6.042154467482919e+18,1.7001953198658053e+18,0.21959681060186473,0.012644384756328009,12.341621428571427,328.2696916190476
india_daily,snaive7,3,3,rung3_cell,0.13243773706719392,0.11981792004688485,0.06501243966453124,0.061754878976001626,2,20,0.0275,8400,7300,0.8623651119528968,6.042154467482919e+18,1.7001953198658053e+18,0.21959681060186473,0.012644384756328009,12.341621428571427,328.2696916190476
india_daily,snaive7,3,3,rung5_instance,0.06939776831894681,0.06344146006996043,0.03083178165487139,0.028194664195733465,3,20,0.34226190476190477,8400,7300,0.8623651119528968,6.042154467482919e+18,1.7001953198658053e+18,0.21959681060186473,0.012644384756328009,12.341621428571427,328.2696916190476
india_daily,snaive7,3,3,rung4_shrunk,0.12145911646254977,0.11052138313854065,0.05725714593244392,0.05585617829095324,3,20,0.18119047619047618,8400,7300,0.8623651119528968,6.042154467482919e+18,1.7001953198658053e+18,0.21959681060186473,0.012644384756328009,12.341621428571427,328.2696916190476
india_daily,snaive7,3,3,rung5b_bagged,0.0675446818317426,0.048285726187281774,0.03093425296745573,0.02592454747819617,2,20,0.38011904761904763,8400,7300,0.8623651119528968,6.042154467482919e+18,1.7001953198658053e+18,0.21959681060186473,0.012644384756328009,12.341621428571427,328.2696916190476
india_daily,snaive7,3,3,oracle_instance,0.4585094139570819,0.48024079621633375,0.3698454164697623,0.3821709812114207,0,20,0.7498809523809524,8400,7300,0.8623651119528968,6.042154467482919e+18,1.7001953198658053e+18,0.21959681060186473,0.012644384756328009,12.341621428571427,328.2696916190476
india_daily,snaive7,3,4,rung0_none,0.0,0.0,0.0,0.0,0,20,0.0,8400,7300,0.8461267310448385,2.1732864298194732e+18,4.96219203315307e+17,0.18588430650082596,-0.008286804433810024,12.341621428571427,328.2696916190476
india_daily,snaive7,3,4,rung1_global,0.06838101660289958,0.04729378613074631,0.04013809226105352,0.031170317369947687,2,20,0.0,8400,7300,0.8461267310448385,2.1732864298194732e+18,4.96219203315307e+17,0.18588430650082596,-0.008286804433810024,12.341621428571427,328.2696916190476
india_daily,snaive7,3,4,rung2_series,0.1351093144192058,0.12215626418532011,0.06769341473068216,0.06479277855594212,1,20,0.0,8400,7300,0.8461267310448385,2.1732864298194732e+18,4.96219203315307e+17,0.18588430650082596,-0.008286804433810024,12.341621428571427,328.2696916190476
india_daily,snaive7,3,4,rung3_cell,0.13297092772916558,0.1204330217057753,0.06742013365020615,0.06422393414969962,2,20,0.0275,8400,7300,0.8461267310448385,2.1732864298194732e+18,4.96219203315307e+17,0.18588430650082596,-0.008286804433810024,12.341621428571427,328.2696916190476
india_daily,snaive7,3,4,rung5_instance,0.072608886332993,0.06453329311834821,0.034764031123457,0.03318915386453225,2,20,0.3423809523809524,8400,7300,0.8461267310448385,2.1732864298194732e+18,4.96219203315307e+17,0.18588430650082596,-0.008286804433810024,12.341621428571427,328.2696916190476
india_daily,snaive7,3,4,rung4_shrunk,0.1216971473145502,0.11801992833713848,0.060339562946886624,0.06100376432128618,2,20,0.17714285714285713,8400,7300,0.8461267310448385,2.1732864298194732e+18,4.96219203315307e+17,0.18588430650082596,-0.008286804433810024,12.341621428571427,328.2696916190476
india_daily,snaive7,3,4,rung5b_bagged,0.07348175814744792,0.07317987167745377,0.03504733392547477,0.0352571569514889,2,20,0.3725,8400,7300,0.8461267310448385,2.1732864298194732e+18,4.96219203315307e+17,0.18588430650082596,-0.008286804433810024,12.341621428571427,328.2696916190476
india_daily,snaive7,3,4,oracle_instance,0.4537481944206041,0.4709023467621124,0.3704250325259858,0.381619574114064,0,20,0.7526190476190476,8400,7300,0.8461267310448385,2.1732864298194732e+18,4.96219203315307e+17,0.18588430650082596,-0.008286804433810024,12.341621428571427,328.2696916190476
india_daily,snaive7,3,5,rung0_none,0.0,0.0,0.0,0.0,0,20,0.0,8400,7300,0.8427730723926222,3.595865636764981e+18,8.382333988758364e+17,0.18904255230616304,-0.013871481942411057,12.341621428571427,328.2696916190476
india_daily,snaive7,3,5,rung1_global,0.06943883336770527,0.0434814176435524,0.038885022292962666,0.02813950774572571,2,20,0.0,8400,7300,0.8427730723926222,3.595865636764981e+18,8.382333988758364e+17,0.18904255230616304,-0.013871481942411057,12.341621428571427,328.2696916190476
india_daily,snaive7,3,5,rung2_series,0.1311750794405197,0.11336243870914098,0.06473286494338353,0.05998909521321749,2,20,0.0,8400,7300,0.8427730723926222,3.595865636764981e+18,8.382333988758364e+17,0.18904255230616304,-0.013871481942411057,12.341621428571427,328.2696916190476
india_daily,snaive7,3,5,rung3_cell,0.12602711079033208,0.1096145673119483,0.06335616961699653,0.058261089104031716,2,20,0.0275,8400,7300,0.8427730723926222,3.595865636764981e+18,8.382333988758364e+17,0.18904255230616304,-0.013871481942411057,12.341621428571427,328.2696916190476
india_daily,snaive7,3,5,rung5_instance,0.07569278641251236,0.057723150420589064,0.033507273132507315,0.026450638780884717,3,20,0.3725,8400,7300,0.8427730723926222,3.595865636764981e+18,8.382333988758364e+17,0.18904255230616304,-0.013871481942411057,12.341621428571427,328.2696916190476
india_daily,snaive7,3,5,rung4_shrunk,0.11989174127380778,0.10900634625279548,0.058398802115922056,0.05644951478261484,3,20,0.19166666666666668,8400,7300,0.8427730723926222,3.595865636764981e+18,8.382333988758364e+17,0.18904255230616304,-0.013871481942411057,12.341621428571427,328.2696916190476
india_daily,snaive7,3,5,rung5b_bagged,0.08657051579655653,0.07798180716850656,0.04038065423833499,0.03727823745387138,3,20,0.3908333333333333,8400,7300,0.8427730723926222,3.595865636764981e+18,8.382333988758364e+17,0.18904255230616304,-0.013871481942411057,12.341621428571427,328.2696916190476
india_daily,snaive7,3,5,oracle_instance,0.4572364678402632,0.4714795730001825,0.37050120943872816,0.3800010309014835,0,20,0.75,8400,7300,0.8427730723926222,3.595865636764981e+18,8.382333988758364e+17,0.18904255230616304,-0.013871481942411057,12.341621428571427,328.2696916190476
india_daily,snaive7,3,6,rung0_none,0.0,0.0,0.0,0.0,0,20,0.0,8400,7300,0.8595763921978284,9.067361835689734e+18,5.557085544192364e+18,0.37998601928965087,-0.005287359770017819,12.341621428571427,328.2696916190476
india_daily,snaive7,3,6,rung1_global,0.06972420774042296,0.044771812558453195,0.03760651879009927,0.02780931145361709,2,20,0.0,8400,7300,0.8595763921978284,9.067361835689734e+18,5.557085544192364e+18,0.37998601928965087,-0.005287359770017819,12.341621428571427,328.2696916190476
india_daily,snaive7,3,6,rung2_series,0.13362148974156368,0.11523651483530506,0.06279183194282652,0.05930001176754929,2,20,0.0,8400,7300,0.8595763921978284,9.067361835689734e+18,5.557085544192364e+18,0.37998601928965087,-0.005287359770017819,12.341621428571427,328.2696916190476
india_daily,snaive7,3,6,rung3_cell,0.1304166928014824,0.1129456203095136,0.06312431435827884,0.05935343520964087,2,20,0.0275,8400,7300,0.8595763921978284,9.067361835689734e+18,5.557085544192364e+18,0.37998601928965087,-0.005287359770017819,12.341621428571427,328.2696916190476
india_daily,snaive7,3,6,rung5_instance,0.06312873010621485,0.046888104540172115,0.030149270414632168,0.025494217019623067,2,20,0.3038095238095238,8400,7300,0.8595763921978284,9.067361835689734e+18,5.557085544192364e+18,0.37998601928965087,-0.005287359770017819,12.341621428571427,328.2696916190476
india_daily,snaive7,3,6,rung4_shrunk,0.1136355298642869,0.09701975794764561,0.0532550551057096,0.051298915303984116,3,20,0.2069047619047619,8400,7300,0.8595763921978284,9.067361835689734e+18,5.557085544192364e+18,0.37998601928965087,-0.005287359770017819,12.341621428571427,328.2696916190476
india_daily,snaive7,3,6,rung5b_bagged,0.08397894130274763,0.06743417275156227,0.038407591379263,0.036208602951241065,3,20,0.34809523809523807,8400,7300,0.8595763921978284,9.067361835689734e+18,5.557085544192364e+18,0.37998601928965087,-0.005287359770017819,12.341621428571427,328.2696916190476
india_daily,snaive7,3,6,oracle_instance,0.45165685979768433,0.4664138447014108,0.36559703533368076,0.3760831866690667,0,20,0.7548809523809524,8400,7300,0.8595763921978284,9.067361835689734e+18,5.557085544192364e+18,0.37998601928965087,-0.005287359770017819,12.341621428571427,328.2696916190476
india_daily,snaive7,3,7,rung0_none,0.0,0.0,0.0,0.0,0,20,0.0,8400,7300,0.8623418404675777,3.196177444745182e+18,7.504131459814728e+17,0.1901421312220037,0.05029690034700174,12.341621428571427,328.2696916190476
india_daily,snaive7,3,7,rung1_global,0.09923228248277012,0.08600636856113131,0.05024986083501717,0.04585983027440066,2,20,0.0,8400,7300,0.8623418404675777,3.196177444745182e+18,7.504131459814728e+17,0.1901421312220037,0.05029690034700174,12.341621428571427,328.2696916190476
india_daily,snaive7,3,7,rung2_series,0.1336226762672758,0.1237031865655066,0.06554355324037338,0.06455353986594359,0,20,0.0,8400,7300,0.8623418404675777,3.196177444745182e+18,7.504131459814728e+17,0.1901421312220037,0.05029690034700174,12.341621428571427,328.2696916190476
india_daily,snaive7,3,7,rung3_cell,0.12878379250962635,0.12074691598074272,0.06429744823228803,0.0635960298839997,1,20,0.0275,8400,7300,0.8623418404675777,3.196177444745182e+18,7.504131459814728e+17,0.1901421312220037,0.05029690034700174,12.341621428571427,328.2696916190476
india_daily,snaive7,3,7,rung5_instance,0.05686099300875598,0.04556417145552849,0.02740662600234982,0.025316958773786147,3,20,0.40190476190476193,8400,7300,0.8623418404675777,3.196177444745182e+18,7.504131459814728e+17,0.1901421312220037,0.05029690034700174,12.341621428571427,328.2696916190476
india_daily,snaive7,3,7,rung4_shrunk,0.11780356629360847,0.1103638534218071,0.05617822993632467,0.057393984119704644,2,20,0.20892857142857144,8400,7300,0.8623418404675777,3.196177444745182e+18,7.504131459814728e+17,0.1901421312220037,0.05029690034700174,12.341621428571427,328.2696916190476
india_daily,snaive7,3,7,rung5b_bagged,0.06604449700973546,0.0508282955232664,0.03135593647829908,0.028952218695850962,3,20,0.41023809523809524,8400,7300,0.8623418404675777,3.196177444745182e+18,7.504131459814728e+17,0.1901421312220037,0.05029690034700174,12.341621428571427,328.2696916190476
india_daily,snaive7,3,7,oracle_instance,0.4520835761547205,0.4688517428211568,0.36622729623092914,0.37867781874033446,0,20,0.7573809523809524,8400,7300,0.8623418404675777,3.196177444745182e+18,7.504131459814728e+17,0.1901421312220037,0.05029690034700174,12.341621428571427,328.2696916190476
india_daily,snaive7,3,8,rung0_none,0.0,0.0,0.0,0.0,0,20,0.0,8400,7300,0.900520598655203,3.298545604272155e+18,8.772760830866895e+17,0.2100846608806124,0.0038988182970621788,12.341621428571427,328.2696916190476
india_daily,snaive7,3,8,rung1_global,0.06181745594649757,0.03922134541692035,0.03339305705291866,0.023251048293691956,2,20,0.0,8400,7300,0.900520598655203,3.298545604272155e+18,8.772760830866895e+17,0.2100846608806124,0.0038988182970621788,12.341621428571427,328.2696916190476
india_daily,snaive7,3,8,rung2_series,0.12137628707699377,0.10704218871434223,0.05857471931359064,0.05448173950680102,1,20,0.0,8400,7300,0.900520598655203,3.298545604272155e+18,8.772760830866895e+17,0.2100846608806124,0.0038988182970621788,12.341621428571427,328.2696916190476
india_daily,snaive7,3,8,rung3_cell,0.11832964785778044,0.1048112187491127,0.05952098849685363,0.05510627677055968,2,20,0.03702380952380952,8400,7300,0.900520598655203,3.298545604272155e+18,8.772760830866895e+17,0.2100846608806124,0.0038988182970621788,12.341621428571427,328.2696916190476
india_daily,snaive7,3,8,rung5_instance,0.06423284109929948,0.04720711369218322,0.03234293618731453,0.025559117811664533,2,20,0.3413095238095238,8400,7300,0.900520598655203,3.298545604272155e+18,8.772760830866895e+17,0.2100846608806124,0.0038988182970621788,12.341621428571427,328.2696916190476
india_daily,snaive7,3,8,rung4_shrunk,0.11054925774314987,0.10067316611765664,0.05412837955968275,0.051570704093937825,3,20,0.20654761904761904,8400,7300,0.900520598655203,3.298545604272155e+18,8.772760830866895e+17,0.2100846608806124,0.0038988182970621788,12.341621428571427,328.2696916190476
india_daily,snaive7,3,8,rung5b_bagged,0.06868894620239982,0.051210477206160565,0.032309764585333564,0.027078509792566652,3,20,0.41595238095238096,8400,7300,0.900520598655203,3.298545604272155e+18,8.772760830866895e+17,0.2100846608806124,0.0038988182970621788,12.341621428571427,328.2696916190476
india_daily,snaive7,3,8,oracle_instance,0.44925033002728976,0.4718467562072778,0.3636251625272796,0.3777130308625688,0,20,0.7570238095238095,8400,7300,0.900520598655203,3.298545604272155e+18,8.772760830866895e+17,0.2100846608806124,0.0038988182970621788,12.341621428571427,328.2696916190476
india_daily,snaive7,3,9,rung0_none,0.0,0.0,0.0,0.0,0,20,0.0,8400,7300,0.8475856861341458,6.327327854828968e+18,2.3685294479056927e+18,0.2723744612461431,0.015624954613304376,12.341621428571427,328.2696916190476
india_daily,snaive7,3,9,rung1_global,0.08469061431470211,0.064700526581561,0.0447237963921626,0.03517690285577435,1,20,0.0,8400,7300,0.8475856861341458,6.327327854828968e+18,2.3685294479056927e+18,0.2723744612461431,0.015624954613304376,12.341621428571427,328.2696916190476
india_daily,snaive7,3,9,rung2_series,0.1410160754912959,0.12814232154949445,0.06996466760636473,0.0661669445709906,1,20,0.0,8400,7300,0.8475856861341458,6.327327854828968e+18,2.3685294479056927e+18,0.2723744612461431,0.015624954613304376,12.341621428571427,328.2696916190476
india_daily,snaive7,3,9,rung3_cell,0.13679496466114333,0.12490058874641519,0.06917302592440737,0.06545214738175975,2,20,0.034761904761904765,8400,7300,0.8475856861341458,6.327327854828968e+18,2.3685294479056927e+18,0.2723744612461431,0.015624954613304376,12.341621428571427,328.2696916190476
india_daily,snaive7,3,9,rung5_instance,0.06530188958191945,0.05586357452503443,0.033132894884561725,0.029318824544267486,2,20,0.31845238095238093,8400,7300,0.8475856861341458,6.327327854828968e+18,2.3685294479056927e+18,0.2723744612461431,0.015624954613304376,12.341621428571427,328.2696916190476
india_daily,snaive7,3,9,rung4_shrunk,0.12305985049339836,0.10890282878279411,0.06062471269116245,0.05729698377891135,1,20,0.20833333333333334,8400,7300,0.8475856861341458,6.327327854828968e+18,2.3685294479056927e+18,0.2723744612461431,0.015624954613304376,12.341621428571427,328.2696916190476
india_daily,snaive7,3,9,rung5b_bagged,0.0814008078973273,0.06454716237837377,0.03896607711521928,0.0334058486339498,2,20,0.38952380952380955,8400,7300,0.8475856861341458,6.327327854828968e+18,2.3685294479056927e+18,0.2723744612461431,0.015624954613304376,12.341621428571427,328.2696916190476
india_daily,snaive7,3,9,oracle_instance,0.4559484440700531,0.4741516648850045,0.36823665906918396,0.3792852161645396,0,20,0.7592857142857142,8400,7300,0.8475856861341458,6.327327854828968e+18,2.3685294479056927e+18,0.2723744612461431,0.015624954613304376,12.341621428571427,328.2696916190476
india_daily,operator_schedule,1,0,rung0_none,0.0,0.0,0.0,0.0,0,20,0.0,8440,7300,0.49615024745084596,1.0813524064477417e+19,7.958252341267812e+18,0.423947748431104,-0.5703704279678943,16.71252606635071,565.0974899526068
india_daily,operator_schedule,1,0,rung1_global,-0.09091581688228204,-0.0824991788488505,-0.04830274785989812,-0.037027803167420714,9,20,0.0,8440,7300,0.49615024745084596,1.0813524064477417e+19,7.958252341267812e+18,0.423947748431104,-0.5703704279678943,16.71252606635071,565.0974899526068
india_daily,operator_schedule,1,0,rung2_series,-0.007803125082785911,-0.021324851968689496,0.0015569521072359537,-0.006148125789790404,9,20,0.1,8440,7300,0.49615024745084596,1.0813524064477417e+19,7.958252341267812e+18,0.423947748431104,-0.5703704279678943,16.71252606635071,565.0974899526068
india_daily,operator_schedule,1,0,rung3_cell,-0.00971453831899165,-0.02516850473683796,-0.001332752657724523,-0.008036570980333613,8,20,0.10604265402843602,8440,7300,0.49615024745084596,1.0813524064477417e+19,7.958252341267812e+18,0.423947748431104,-0.5703704279678943,16.71252606635071,565.0974899526068
india_daily,operator_schedule,1,0,rung5_instance,-0.06582832874757634,-0.08207329651264161,-0.019820817798029154,-0.015465014549941536,12,20,0.3759478672985782,8440,7300,0.49615024745084596,1.0813524064477417e+19,7.958252341267812e+18,0.423947748431104,-0.5703704279678943,16.71252606635071,565.0974899526068
india_daily,operator_schedule,1,0,rung4_shrunk,-0.002501092912774694,-0.01994959892144088,0.007647278073296737,0.008734301937751487,11,20,0.22559241706161137,8440,7300,0.49615024745084596,1.0813524064477417e+19,7.958252341267812e+18,0.423947748431104,-0.5703704279678943,16.71252606635071,565.0974899526068
india_daily,operator_schedule,1,0,rung5b_bagged,-0.06272423857409437,-0.0811838100325517,-0.014901769073289727,-0.010163656717776748,12,20,0.3674170616113744,8440,7300,0.49615024745084596,1.0813524064477417e+19,7.958252341267812e+18,0.423947748431104,-0.5703704279678943,16.71252606635071,565.0974899526068
india_daily,operator_schedule,1,0,oracle_instance,0.4521227398363016,0.4158074987373922,0.40321961107627546,0.38730887836039196,0,20,0.6840047393364929,8440,7300,0.49615024745084596,1.0813524064477417e+19,7.958252341267812e+18,0.423947748431104,-0.5703704279678943,16.71252606635071,565.0974899526068
india_daily,operator_schedule,1,1,rung0_none,0.0,0.0,0.0,0.0,0,20,0.0,8440,7300,0.49056639701814225,1.0855477240855413e+19,6.124611008183645e+18,0.36069370891109775,-0.5376234291787536,16.71252606635071,565.0974899526068
india_daily,operator_schedule,1,1,rung1_global,-0.07907042488773935,-0.07487976335510482,-0.043755682528212506,-0.03252257564631522,9,20,0.0,8440,7300,0.49056639701814225,1.0855477240855413e+19,6.124611008183645e+18,0.36069370891109775,-0.5376234291787536,16.71252606635071,565.0974899526068
india_daily,operator_schedule,1,1,rung2_series,-0.001781974820750154,-0.003600726809368293,0.007544013822274498,0.0027053333722609763,9,20,0.1,8440,7300,0.49056639701814225,1.0855477240855413e+19,6.124611008183645e+18,0.36069370891109775,-0.5376234291787536,16.71252606635071,565.0974899526068
india_daily,operator_schedule,1,1,rung3_cell,-0.0028020476820849625,-0.007446441700660333,0.004178567725013316,0.0004365403326364037,9,20,0.10604265402843602,8440,7300,0.49056639701814225,1.0855477240855413e+19,6.124611008183645e+18,0.36069370891109775,-0.5376234291787536,16.71252606635071,565.0974899526068
india_daily,operator_schedule,1,1,rung5_instance,-0.08857115619440294,-0.09611985119774524,-0.02647787096027731,-0.01930081520241167,12,20,0.4131516587677725,8440,7300,0.49056639701814225,1.0855477240855413e+19,6.124611008183645e+18,0.36069370891109775,-0.5376234291787536,16.71252606635071,565.0974899526068
india_daily,operator_schedule,1,1,rung4_shrunk,0.0002102795582687278,-0.0015488213589969213,0.010636360966929947,0.01494649019155292,11,20,0.20651658767772513,8440,7300,0.49056639701814225,1.0855477240855413e+19,6.124611008183645e+18,0.36069370891109775,-0.5376234291787536,16.71252606635071,565.0974899526068
india_daily,operator_schedule,1,1,rung5b_bagged,-0.0584302080838733,-0.061311124312187326,-0.011349510344721226,-0.002997551172337909,12,20,0.3966824644549763,8440,7300,0.49056639701814225,1.0855477240855413e+19,6.124611008183645e+18,0.36069370891109775,-0.5376234291787536,16.71252606635071,565.0974899526068
india_daily,operator_schedule,1,1,oracle_instance,0.4543682601475216,0.4147344528863881,0.4043373123084444,0.3858597499520027,0,20,0.6862559241706161,8440,7300,0.49056639701814225,1.0855477240855413e+19,6.124611008183645e+18,0.36069370891109775,-0.5376234291787536,16.71252606635071,565.0974899526068
india_daily,operator_schedule,1,2,rung0_none,0.0,0.0,0.0,0.0,0,20,0.0,8440,7300,0.4943544822793341,8.28665920261173e+18,4.458901437557453e+18,0.3498395687283212,-0.5656848424576526,16.71252606635071,565.0974899526068
india_daily,operator_schedule,1,2,rung1_global,-0.09002182783302887,-0.07814975919576894,-0.04846978841816603,-0.03638517219138948,9,20,0.0,8440,7300,0.4943544822793341,8.28665920261173e+18,4.458901437557453e+18,0.3498395687283212,-0.5656848424576526,16.71252606635071,565.0974899526068
india_daily,operator_schedule,1,2,rung2_series,-0.0053204232254248085,-0.01819098688500098,0.0028010912410930343,-0.005457874807011098,9,20,0.1,8440,7300,0.4943544822793341,8.28665920261173e+18,4.458901437557453e+18,0.3498395687283212,-0.5656848424576526,16.71252606635071,565.0974899526068
india_daily,operator_schedule,1,2,rung3_cell,-0.010606558542622152,-0.020446993930214763,-0.002731805012567412,-0.008184295023383026,8,20,0.1,8440,7300,0.4943544822793341,8.28665920261173e+18,4.458901437557453e+18,0.3498395687283212,-0.5656848424576526,16.71252606635071,565.0974899526068
india_daily,operator_schedule,1,2,rung5_instance,-0.08649405718736085,-0.07428823112829153,-0.024291497940701103,-0.014007649683788426,12,20,0.41741706161137443,8440,7300,0.4943544822793341,8.28665920261173e+18,4.458901437557453e+18,0.3498395687283212,-0.5656848424576526,16.71252606635071,565.0974899526068
india_daily,operator_schedule,1,2,rung4_shrunk,-0.01025184524422818,-0.00013461392676172856,0.0042674531053855935,0.01118548075772452,10,20,0.20580568720379147,8440,7300,0.4943544822793341,8.28665920261173e+18,4.458901437557453e+18,0.3498395687283212,-0.5656848424576526,16.71252606635071,565.0974899526068
india_daily,operator_schedule,1,2,rung5b_bagged,-0.06820344622669207,-0.05655066065438574,-0.014434908187382495,-0.0034406987009054646,12,20,0.3824644549763033,8440,7300,0.4943544822793341,8.28665920261173e+18,4.458901437557453e+18,0.3498395687283212,-0.5656848424576526,16.71252606635071,565.0974899526068
india_daily,operator_schedule,1,2,oracle_instance,0.4539979338310551,0.4207774101541566,0.404429260753622,0.38809168184285747,0,20,0.6828199052132702,8440,7300,0.4943544822793341,8.28665920261173e+18,4.458901437557453e+18,0.3498395687283212,-0.5656848424576526,16.71252606635071,565.0974899526068
india_daily,operator_schedule,1,3,rung0_none,0.0,0.0,0.0,0.0,0,20,0.0,8440,7300,0.5080853535247192,6.713391595393718e+18,6.138986726702831e+18,0.47765375192452364,-0.5324464047258588,16.71252606635071,565.0974899526068
india_daily,operator_schedule,1,3,rung1_global,-0.09005677970928853,-0.07967116092231885,-0.046977145288388915,-0.035555913105675296,9,20,0.0,8440,7300,0.5080853535247192,6.713391595393718e+18,6.138986726702831e+18,0.47765375192452364,-0.5324464047258588,16.71252606635071,565.0974899526068
india_daily,operator_schedule,1,3,rung2_series,-0.017494386286003,-0.03266008171559576,-0.0005066664587769388,-0.008848323239208256,9,20,0.1,8440,7300,0.5080853535247192,6.713391595393718e+18,6.138986726702831e+18,0.47765375192452364,-0.5324464047258588,16.71252606635071,565.0974899526068
india_daily,operator_schedule,1,3,rung3_cell,-0.023343153253631583,-0.034957033931961146,-0.006211940492966528,-0.01170374309118305,8,20,0.1,8440,7300,0.5080853535247192,6.713391595393718e+18,6.138986726702831e+18,0.47765375192452364,-0.5324464047258588,16.71252606635071,565.0974899526068
india_daily,operator_schedule,1,3,rung5_instance,-0.05909145447874187,-0.07685461371047486,-0.010738081770495206,-0.006929858116740739,12,20,0.398696682464455,8440,7300,0.5080853535247192,6.713391595393718e+18,6.138986726702831e+18,0.47765375192452364,-0.5324464047258588,16.71252606635071,565.0974899526068
india_daily,operator_schedule,1,3,rung4_shrunk,-0.014443795978979528,-0.03033085533971791,0.007109301167035636,0.008203559662848803,10,20,0.24300947867298578,8440,7300,0.5080853535247192,6.713391595393718e+18,6.138986726702831e+18,0.47765375192452364,-0.5324464047258588,16.71252606635071,565.0974899526068
india_daily,operator_schedule,1,3,rung5b_bagged,-0.06105835127149132,-0.08537457109396396,-0.011276264627005622,-0.009925615659548637,11,20,0.3943127962085308,8440,7300,0.5080853535247192,6.713391595393718e+18,6.138986726702831e+18,0.47765375192452364,-0.5324464047258588,16.71252606635071,565.0974899526068
india_daily,operator_schedule,1,3,oracle_instance,0.45605485433936666,0.4172672144698085,0.40734951760313187,0.389568920064588,0,20,0.6802132701421801,8440,7300,0.5080853535247192,6.713391595393718e+18,6.138986726702831e+18,0.47765375192452364,-0.5324464047258588,16.71252606635071,565.0974899526068
india_daily,operator_schedule,1,4,rung0_none,0.0,0.0,0.0,0.0,0,20,0.0,8440,7300,0.49529616168577845,6.790111336138931e+18,7.472407372372543e+18,0.5239191986414867,-0.5394789177965928,16.71252606635071,565.0974899526068
india_daily,operator_schedule,1,4,rung1_global,-0.08564383616751817,-0.06866107851216263,-0.04553247427528913,-0.029972000137487464,9,20,0.0,8440,7300,0.49529616168577845,6.790111336138931e+18,7.472407372372543e+18,0.5239191986414867,-0.5394789177965928,16.71252606635071,565.0974899526068
india_daily,operator_schedule,1,4,rung2_series,0.0020137432721383576,-0.004131398152077637,0.009406650635667136,0.004329104948206153,8,20,0.1,8440,7300,0.49529616168577845,6.790111336138931e+18,7.472407372372543e+18,0.5239191986414867,-0.5394789177965928,16.71252606635071,565.0974899526068
india_daily,operator_schedule,1,4,rung3_cell,-0.0011146908331866989,-0.006600336488878034,0.005510235204194536,0.0021644642045874907,8,20,0.10604265402843602,8440,7300,0.49529616168577845,6.790111336138931e+18,7.472407372372543e+18,0.5239191986414867,-0.5394789177965928,16.71252606635071,565.0974899526068
india_daily,operator_schedule,1,4,rung5_instance,-0.060780823489787306,-0.09423429247758541,-0.014303094059470889,-0.014259275420458906,12,20,0.4079383886255924,8440,7300,0.49529616168577845,6.790111336138931e+18,7.472407372372543e+18,0.5239191986414867,-0.5394789177965928,16.71252606635071,565.0974899526068
india_daily,operator_schedule,1,4,rung4_shrunk,-0.00011136213739412759,-0.010542716361231719,0.01515177903372234,0.019192075870994807,11,20,0.23554502369668245,8440,7300,0.49529616168577845,6.790111336138931e+18,7.472407372372543e+18,0.5239191986414867,-0.5394789177965928,16.71252606635071,565.0974899526068
india_daily,operator_schedule,1,4,rung5b_bagged,-0.045444953540877915,-0.06175317973351291,-0.0017872961808063637,0.0032105168346696633,11,20,0.368957345971564,8440,7300,0.49529616168577845,6.790111336138931e+18,7.472407372372543e+18,0.5239191986414867,-0.5394789177965928,16.71252606635071,565.0974899526068
india_daily,operator_schedule,1,4,oracle_instance,0.4612124537444685,0.423767409873563,0.41118195870309504,0.39566498019942664,0,20,0.6732227488151659,8440,7300,0.49529616168577845,6.790111336138931e+18,7.472407372372543e+18,0.5239191986414867,-0.5394789177965928,16.71252606635071,565.0974899526068
india_daily,operator_schedule,1,5,rung0_none,0.0,0.0,0.0,0.0,0,20,0.0,8440,7300,0.48518477542197586,8.23605174778963e+18,4.528159314279182e+18,0.3547543433949816,-0.5630624999995184,16.71252606635071,565.0974899526068
india_daily,operator_schedule,1,5,rung1_global,-0.07830009321368894,-0.0700116482170221,-0.04128442043701812,-0.028358452384732002,9,20,0.0,8440,7300,0.48518477542197586,8.23605174778963e+18,4.528159314279182e+18,0.3547543433949816,-0.5630624999995184,16.71252606635071,565.0974899526068
india_daily,operator_schedule,1,5,rung2_series,0.002734677074779629,-0.00813126441014611,0.008969837064208059,0.002240058904946829,9,20,0.1,8440,7300,0.48518477542197586,8.23605174778963e+18,4.528159314279182e+18,0.3547543433949816,-0.5630624999995184,16.71252606635071,565.0974899526068
india_daily,operator_schedule,1,5,rung3_cell,0.001100923864903014,-0.008828749172159922,0.005074642148384595,0.00036291460761916916,8,20,0.1,8440,7300,0.48518477542197586,8.23605174778963e+18,4.528159314279182e+18,0.3547543433949816,-0.5630624999995184,16.71252606635071,565.0974899526068
india_daily,operator_schedule,1,5,rung5_instance,-0.07852982368118909,-0.08545572382282884,-0.021073282786236824,-0.014438120374006491,12,20,0.3859004739336493,8440,7300,0.48518477542197586,8.23605174778963e+18,4.528159314279182e+18,0.3547543433949816,-0.5630624999995184,16.71252606635071,565.0974899526068
india_daily,operator_schedule,1,5,rung4_shrunk,0.0027454664853401646,-0.0003117855186152152,0.011493886967209316,0.01528338514026506,11,20,0.19881516587677725,8440,7300,0.48518477542197586,8.23605174778963e+18,4.528159314279182e+18,0.3547543433949816,-0.5630624999995184,16.71252606635071,565.0974899526068
india_daily,operator_schedule,1,5,rung5b_bagged,-0.05850369560595705,-0.05871401704754353,-0.011570353959421692,-0.0025641729550176517,12,20,0.3811611374407583,8440,7300,0.48518477542197586,8.23605174778963e+18,4.528159314279182e+18,0.3547543433949816,-0.5630624999995184,16.71252606635071,565.0974899526068
india_daily,operator_schedule,1,5,oracle_instance,0.4547265951190945,0.4125496070107191,0.4054328800124208,0.3868462589268943,0,20,0.6767772511848341,8440,7300,0.48518477542197586,8.23605174778963e+18,4.528159314279182e+18,0.3547543433949816,-0.5630624999995184,16.71252606635071,565.0974899526068
india_daily,operator_schedule,1,6,rung0_none,0.0,0.0,0.0,0.0,0,20,0.0,8440,7300,0.49761337357236896,7.440389858557008e+18,9.187913668379026e+18,0.552546665599146,-0.5366213485450959,16.71252606635071,565.0974899526068
india_daily,operator_schedule,1,6,rung1_global,-0.08314995354210426,-0.06511603889603346,-0.045206469668879354,-0.029892636414778684,9,20,0.0,8440,7300,0.49761337357236896,7.440389858557008e+18,9.187913668379026e+18,0.552546665599146,-0.5366213485450959,16.71252606635071,565.0974899526068
india_daily,operator_schedule,1,6,rung2_series,-0.0005946357077775577,-0.011284245372743973,0.007543131908675627,0.0005143210912259555,8,20,0.1,8440,7300,0.49761337357236896,7.440389858557008e+18,9.187913668379026e+18,0.552546665599146,-0.5366213485450959,16.71252606635071,565.0974899526068
india_daily,operator_schedule,1,6,rung3_cell,-0.004743206073085221,-0.012614645412003966,0.002725554062253449,-0.001790795767354858,8,20,0.10604265402843602,8440,7300,0.49761337357236896,7.440389858557008e+18,9.187913668379026e+18,0.552546665599146,-0.5366213485450959,16.71252606635071,565.0974899526068
india_daily,operator_schedule,1,6,rung5_instance,-0.0990880606205384,-0.08726487573235575,-0.027645749869306714,-0.015122918564064225,12,20,0.4043838862559242,8440,7300,0.49761337357236896,7.440389858557008e+18,9.187913668379026e+18,0.552546665599146,-0.5366213485450959,16.71252606635071,565.0974899526068
india_daily,operator_schedule,1,6,rung4_shrunk,0.002382757286573728,-0.012876557562660595,0.013943456153648887,0.016343887385192546,11,20,0.25355450236966826,8440,7300,0.49761337357236896,7.440389858557008e+18,9.187913668379026e+18,0.552546665599146,-0.5366213485450959,16.71252606635071,565.0974899526068
india_daily,operator_schedule,1,6,rung5b_bagged,-0.042003387022887896,-0.05761735439231841,-0.0043707574874481125,0.0004277986452373428,12,20,0.3716824644549763,8440,7300,0.49761337357236896,7.440389858557008e+18,9.187913668379026e+18,0.552546665599146,-0.5366213485450959,16.71252606635071,565.0974899526068
india_daily,operator_schedule,1,6,oracle_instance,0.457966531257395,0.42371207993559246,0.409281040957805,0.3942913112614267,0,20,0.6787914691943128,8440,7300,0.49761337357236896,7.440389858557008e+18,9.187913668379026e+18,0.552546665599146,-0.5366213485450959,16.71252606635071,565.0974899526068
india_daily,operator_schedule,1,7,rung0_none,0.0,0.0,0.0,0.0,0,20,0.0,8440,7300,0.4812246075830055,6.190197618915276e+18,5.54256420887966e+18,0.47240064106213375,-0.5471499868465857,16.71252606635071,565.0974899526068
india_daily,operator_schedule,1,7,rung1_global,-0.08002740971737575,-0.06365961157310696,-0.04147708852707009,-0.027216943435766083,9,20,0.0,8440,7300,0.4812246075830055,6.190197618915276e+18,5.54256420887966e+18,0.47240064106213375,-0.5471499868465857,16.71252606635071,565.0974899526068
india_daily,operator_schedule,1,7,rung2_series,-0.007769234838806727,-0.004093203538880097,0.005795419795956746,0.00198914151336238,9,20,0.1,8440,7300,0.4812246075830055,6.190197618915276e+18,5.54256420887966e+18,0.47240064106213375,-0.5471499868465857,16.71252606635071,565.0974899526068
india_daily,operator_schedule,1,7,rung3_cell,-0.010980565804296127,-0.008021679012601535,0.002089360573525456,-0.00013441581198758712,9,20,0.10604265402843602,8440,7300,0.4812246075830055,6.190197618915276e+18,5.54256420887966e+18,0.47240064106213375,-0.5471499868465857,16.71252606635071,565.0974899526068
india_daily,operator_schedule,1,7,rung5_instance,-0.08316255151066274,-0.08830717759193507,-0.02578631998980484,-0.018926998699062114,12,20,0.3696682464454976,8440,7300,0.4812246075830055,6.190197618915276e+18,5.54256420887966e+18,0.47240064106213375,-0.5471499868465857,16.71252606635071,565.0974899526068
india_daily,operator_schedule,1,7,rung4_shrunk,-0.013507178767178774,0.0037112912963626066,0.009136954061996234,0.019882821811888718,10,20,0.2164691943127962,8440,7300,0.4812246075830055,6.190197618915276e+18,5.54256420887966e+18,0.47240064106213375,-0.5471499868465857,16.71252606635071,565.0974899526068
india_daily,operator_schedule,1,7,rung5b_bagged,-0.07662042673554931,-0.059061488099733106,-0.016200122634756137,-0.0016940348419873796,11,20,0.3623222748815166,8440,7300,0.4812246075830055,6.190197618915276e+18,5.54256420887966e+18,0.47240064106213375,-0.5471499868465857,16.71252606635071,565.0974899526068
india_daily,operator_schedule,1,7,oracle_instance,0.45277834229117647,0.42141649356690525,0.4063578084786076,0.391304468489852,0,20,0.6772511848341233,8440,7300,0.4812246075830055,6.190197618915276e+18,5.54256420887966e+18,0.47240064106213375,-0.5471499868465857,16.71252606635071,565.0974899526068
india_daily,operator_schedule,1,8,rung0_none,0.0,0.0,0.0,0.0,0,20,0.0,8440,7300,0.48277745974311104,1.1951077057574738e+19,7.837687691641236e+18,0.3960675560586349,-0.5556109552625872,16.71252606635071,565.0974899526068
india_daily,operator_schedule,1,8,rung1_global,-0.0826654029197321,-0.0704034010743424,-0.045777429961134646,-0.03318325448204762,9,20,0.0,8440,7300,0.48277745974311104,1.1951077057574738e+19,7.837687691641236e+18,0.3960675560586349,-0.5556109552625872,16.71252606635071,565.0974899526068
india_daily,operator_schedule,1,8,rung2_series,-0.005176839816725393,-0.010501549302849078,0.003624268294511562,-0.0019409129901923894,9,20,0.1,8440,7300,0.48277745974311104,1.1951077057574738e+19,7.837687691641236e+18,0.3960675560586349,-0.5556109552625872,16.71252606635071,565.0974899526068
india_daily,operator_schedule,1,8,rung3_cell,-0.007481145433999819,-0.013337955381115707,-0.0004215698879466823,-0.004411669274477781,8,20,0.1,8440,7300,0.48277745974311104,1.1951077057574738e+19,7.837687691641236e+18,0.3960675560586349,-0.5556109552625872,16.71252606635071,565.0974899526068
india_daily,operator_schedule,1,8,rung5_instance,-0.07498625943202106,-0.07088850453158768,-0.020039494735654695,-0.00909041982845915,12,20,0.38175355450236964,8440,7300,0.48277745974311104,1.1951077057574738e+19,7.837687691641236e+18,0.3960675560586349,-0.5556109552625872,16.71252606635071,565.0974899526068
india_daily,operator_schedule,1,8,rung4_shrunk,0.0066755929319310845,0.0004938801739656773,0.015169003792224495,0.01687072823298852,11,20,0.2037914691943128,8440,7300,0.48277745974311104,1.1951077057574738e+19,7.837687691641236e+18,0.3960675560586349,-0.5556109552625872,16.71252606635071,565.0974899526068
india_daily,operator_schedule,1,8,rung5b_bagged,-0.05015130388972888,-0.06223843793980377,-0.005136352279682482,-0.00190974649589859,11,20,0.3683649289099526,8440,7300,0.48277745974311104,1.1951077057574738e+19,7.837687691641236e+18,0.3960675560586349,-0.5556109552625872,16.71252606635071,565.0974899526068
india_daily,operator_schedule,1,8,oracle_instance,0.45727980666434054,0.4198915827550981,0.40531903180158935,0.38897838423437814,0,20,0.6861374407582939,8440,7300,0.48277745974311104,1.1951077057574738e+19,7.837687691641236e+18,0.3960675560586349,-0.5556109552625872,16.71252606635071,565.0974899526068
india_daily,operator_schedule,1,9,rung0_none,0.0,0.0,0.0,0.0,0,20,0.0,8440,7300,0.49668431248488437,1.022773906476171e+19,1.5054682203381225e+19,0.5954604602032657,-0.5509117469410385,16.71252606635071,565.0974899526068
india_daily,operator_schedule,1,9,rung1_global,-0.08944355881941254,-0.07939293125557167,-0.04967115055903532,-0.03744319657987005,9,20,0.0,8440,7300,0.49668431248488437,1.022773906476171e+19,1.5054682203381225e+19,0.5954604602032657,-0.5509117469410385,16.71252606635071,565.0974899526068
india_daily,operator_schedule,1,9,rung2_series,-0.007912833243262418,-0.021590013761339177,0.002552280456531675,-0.005495635572779545,9,20,0.1,8440,7300,0.49668431248488437,1.022773906476171e+19,1.5054682203381225e+19,0.5954604602032657,-0.5509117469410385,16.71252606635071,565.0974899526068
india_daily,operator_schedule,1,9,rung3_cell,-0.013069821705748635,-0.026319008476648698,-0.0026269561913112747,-0.008911880546532691,8,20,0.1,8440,7300,0.49668431248488437,1.022773906476171e+19,1.5054682203381225e+19,0.5954604602032657,-0.5509117469410385,16.71252606635071,565.0974899526068
india_daily,operator_schedule,1,9,rung5_instance,-0.0957127962079716,-0.10220929064606699,-0.030363325905004408,-0.021997504056682216,12,20,0.41220379146919434,8440,7300,0.49668431248488437,1.022773906476171e+19,1.5054682203381225e+19,0.5954604602032657,-0.5509117469410385,16.71252606635071,565.0974899526068
india_daily,operator_schedule,1,9,rung4_shrunk,-0.02139351775105478,-0.03412731409230729,0.0036634176508813067,0.005821894132337357,10,20,0.28566350710900473,8440,7300,0.49668431248488437,1.022773906476171e+19,1.5054682203381225e+19,0.5954604602032657,-0.5509117469410385,16.71252606635071,565.0974899526068
india_daily,operator_schedule,1,9,rung5b_bagged,-0.07120798175086114,-0.07744081978419515,-0.013921207140913988,-0.008887422049949523,12,20,0.4027251184834123,8440,7300,0.49668431248488437,1.022773906476171e+19,1.5054682203381225e+19,0.5954604602032657,-0.5509117469410385,16.71252606635071,565.0974899526068
india_daily,operator_schedule,1,9,oracle_instance,0.4616701773759416,0.423118228167935,0.4097601137370794,0.39199516099662146,0,20,0.6842417061611374,8440,7300,0.49668431248488437,1.022773906476171e+19,1.5054682203381225e+19,0.5954604602032657,-0.5509117469410385,16.71252606635071,565.0974899526068
india_daily,operator_schedule,2,0,rung0_none,0.0,0.0,0.0,0.0,0,20,0.0,8420,7300,0.4154548494005792,1.0189743803499125e+19,5.981130888912738e+18,0.36987058540001966,-0.5451581070987135,16.717099762470305,565.3268918289787
india_daily,operator_schedule,2,0,rung1_global,-0.060708416045735035,-0.060074720773039214,-0.03203121524088226,-0.023407911070538523,9,20,0.0,8420,7300,0.4154548494005792,1.0189743803499125e+19,5.981130888912738e+18,0.36987058540001966,-0.5451581070987135,16.717099762470305,565.3268918289787
india_daily,operator_schedule,2,0,rung2_series,-0.01905712147907323,-0.0009482103812583631,-0.004563452167453974,-0.0035276609556931238,8,20,0.15,8420,7300,0.4154548494005792,1.0189743803499125e+19,5.981130888912738e+18,0.36987058540001966,-0.5451581070987135,16.717099762470305,565.3268918289787
india_daily,operator_schedule,2,0,rung3_cell,-0.023854169918110894,-0.014697136335500849,-0.008839612655216506,-0.008597720019315469,10,20,0.17957244655581947,8420,7300,0.4154548494005792,1.0189743803499125e+19,5.981130888912738e+18,0.36987058540001966,-0.5451581070987135,16.717099762470305,565.3268918289787
india_daily,operator_schedule,2,0,rung5_instance,-0.07280627416675309,-0.09787919376367116,-0.022735745286486607,-0.019816425841233665,11,20,0.41128266033254157,8420,7300,0.4154548494005792,1.0189743803499125e+19,5.981130888912738e+18,0.36987058540001966,-0.5451581070987135,16.717099762470305,565.3268918289787
india_daily,operator_schedule,2,0,rung4_shrunk,-0.016105289367344906,-0.011055987197690964,7.450108649166287e-05,0.003968609937781253,9,20,0.25427553444180523,8420,7300,0.4154548494005792,1.0189743803499125e+19,5.981130888912738e+18,0.36987058540001966,-0.5451581070987135,16.717099762470305,565.3268918289787
india_daily,operator_schedule,2,0,rung5b_bagged,-0.07526780092784227,-0.08554847993401182,-0.019626589195217915,-0.01505582054376342,11,20,0.4358669833729216,8420,7300,0.4154548494005792,1.0189743803499125e+19,5.981130888912738e+18,0.36987058540001966,-0.5451581070987135,16.717099762470305,565.3268918289787
india_daily,operator_schedule,2,0,oracle_instance,0.4253619552169788,0.37967078594606163,0.3773754842778586,0.35837887576766425,0,20,0.7045130641330166,8420,7300,0.4154548494005792,1.0189743803499125e+19,5.981130888912738e+18,0.36987058540001966,-0.5451581070987135,16.717099762470305,565.3268918289787
india_daily,operator_schedule,2,1,rung0_none,0.0,0.0,0.0,0.0,0,20,0.0,8420,7300,0.4288910615427699,1.1580969872176175e+19,6.81192472639063e+18,0.3703563182992101,-0.5487007153633301,16.717099762470305,565.3268918289787
india_daily,operator_schedule,2,1,rung1_global,-0.06653580129606833,-0.06656047365359874,-0.03582239977598409,-0.027118242395529624,9,20,0.0,8420,7300,0.4288910615427699,1.1580969872176175e+19,6.81192472639063e+18,0.3703563182992101,-0.5487007153633301,16.717099762470305,565.3268918289787
india_daily,operator_schedule,2,1,rung2_series,-0.02046611334367741,0.0037011086063784004,-0.005515862593926613,-0.0020500032454571215,8,20,0.15,8420,7300,0.4288910615427699,1.1580969872176175e+19,6.81192472639063e+18,0.3703563182992101,-0.5487007153633301,16.717099762470305,565.3268918289787
india_daily,operator_schedule,2,1,rung3_cell,-0.02626092345490887,-0.011903783426205905,-0.009828897656893192,-0.007980030998239407,10,20,0.17957244655581947,8420,7300,0.4288910615427699,1.1580969872176175e+19,6.81192472639063e+18,0.3703563182992101,-0.5487007153633301,16.717099762470305,565.3268918289787
india_daily,operator_schedule,2,1,rung5_instance,-0.09643951012512106,-0.09893595551058576,-0.03129794192810782,-0.02184159641404526,12,20,0.39287410926365796,8420,7300,0.4288910615427699,1.1580969872176175e+19,6.81192472639063e+18,0.3703563182992101,-0.5487007153633301,16.717099762470305,565.3268918289787
india_daily,operator_schedule,2,1,rung4_shrunk,-0.02087340612459871,-0.013291423072760766,-0.0027073734399441552,0.0036112352406658665,11,20,0.2503562945368171,8420,7300,0.4288910615427699,1.1580969872176175e+19,6.81192472639063e+18,0.3703563182992101,-0.5487007153633301,16.717099762470305,565.3268918289787
india_daily,operator_schedule,2,1,rung5b_bagged,-0.08118208975448701,-0.08841601768909291,-0.023178137193852706,-0.015845203093280302,11,20,0.4305225653206651,8420,7300,0.4288910615427699,1.1580969872176175e+19,6.81192472639063e+18,0.3703563182992101,-0.5487007153633301,16.717099762470305,565.3268918289787
india_daily,operator_schedule,2,1,oracle_instance,0.42373771280378847,0.38095473891443044,0.3768681081369963,0.3583890486550131,0,20,0.7045130641330166,8420,7300,0.4288910615427699,1.1580969872176175e+19,6.81192472639063e+18,0.3703563182992101,-0.5487007153633301,16.717099762470305,565.3268918289787
india_daily,operator_schedule,2,2,rung0_none,0.0,0.0,0.0,0.0,0,20,0.0,8420,7300,0.41769278095443235,9.564285823504775e+18,6.313416146486984e+18,0.3976278279072813,-0.5478601591732302,16.717099762470305,565.3268918289787
india_daily,operator_schedule,2,2,rung1_global,-0.06369681561787953,-0.05857205300016033,-0.034108231216346464,-0.02463311170773297,9,20,0.0,8420,7300,0.41769278095443235,9.564285823504775e+18,6.313416146486984e+18,0.3976278279072813,-0.5478601591732302,16.717099762470305,565.3268918289787
india_daily,operator_schedule,2,2,rung2_series,-0.01021279908401591,0.007903379932506782,0.0002395182529163431,0.0008188097431288677,8,20,0.15,8420,7300,0.41769278095443235,9.564285823504775e+18,6.313416146486984e+18,0.3976278279072813,-0.5478601591732302,16.717099762470305,565.3268918289787
india_daily,operator_schedule,2,2,rung3_cell,-0.015983570268800477,-0.004812484778347725,-0.0043503069130302,-0.004158156495696064,9,20,0.17363420427553444,8420,7300,0.41769278095443235,9.564285823504775e+18,6.313416146486984e+18,0.3976278279072813,-0.5478601591732302,16.717099762470305,565.3268918289787
india_daily,operator_schedule,2,2,rung5_instance,-0.07288644191561204,-0.08561911698313951,-0.018278964994252946,-0.014550867549690816,11,20,0.44346793349168645,8420,7300,0.41769278095443235,9.564285823504775e+18,6.313416146486984e+18,0.3976278279072813,-0.5478601591732302,16.717099762470305,565.3268918289787
india_daily,operator_schedule,2,2,rung4_shrunk,-0.0010757094361178888,0.0015574700480317505,0.007278902582145597,0.01150789137960695,10,20,0.2503562945368171,8420,7300,0.41769278095443235,9.564285823504775e+18,6.313416146486984e+18,0.3976278279072813,-0.5478601591732302,16.717099762470305,565.3268918289787
india_daily,operator_schedule,2,2,rung5b_bagged,-0.06181894971342082,-0.06734871769833806,-0.01593245943256391,-0.009951579421314083,11,20,0.40712589073634203,8420,7300,0.41769278095443235,9.564285823504775e+18,6.313416146486984e+18,0.3976278279072813,-0.5478601591732302,16.717099762470305,565.3268918289787
india_daily,operator_schedule,2,2,oracle_instance,0.42338295432541245,0.3854931800152871,0.3770893080501513,0.35998973245149946,0,20,0.7036817102137767,8420,7300,0.41769278095443235,9.564285823504775e+18,6.313416146486984e+18,0.3976278279072813,-0.5478601591732302,16.717099762470305,565.3268918289787
india_daily,operator_schedule,2,3,rung0_none,0.0,0.0,0.0,0.0,0,20,0.0,8420,7300,0.42186802365014614,7.574328996762158e+18,4.972513628265081e+18,0.39631593197370524,-0.5332953608217503,16.717099762470305,565.3268918289787
india_daily,operator_schedule,2,3,rung1_global,-0.06943511452205546,-0.06705104425351327,-0.037622459527967965,-0.030339544180853828,10,20,0.0,8420,7300,0.42186802365014614,7.574328996762158e+18,4.972513628265081e+18,0.39631593197370524,-0.5332953608217503,16.717099762470305,565.3268918289787
india_daily,operator_schedule,2,3,rung2_series,-0.022503357390534245,-0.00532648064410135,-0.006076986213118807,-0.007314822532171528,8,20,0.15,8420,7300,0.42186802365014614,7.574328996762158e+18,4.972513628265081e+18,0.39631593197370524,-0.5332953608217503,16.717099762470305,565.3268918289787
india_daily,operator_schedule,2,3,rung3_cell,-0.028337578488720556,-0.017620694652110913,-0.01154427670379673,-0.013018519860319211,10,20,0.17363420427553444,8420,7300,0.42186802365014614,7.574328996762158e+18,4.972513628265081e+18,0.39631593197370524,-0.5332953608217503,16.717099762470305,565.3268918289787
india_daily,operator_schedule,2,3,rung5_instance,-0.07391654624708746,-0.08042424257500924,-0.021535572819095506,-0.017405513531210337,11,20,0.4318289786223278,8420,7300,0.42186802365014614,7.574328996762158e+18,4.972513628265081e+18,0.39631593197370524,-0.5332953608217503,16.717099762470305,565.3268918289787
india_daily,operator_schedule,2,3,rung4_shrunk,-0.011887338654401097,-0.012490217620172439,0.0012139328660212,0.0018159412762571714,9,20,0.2514251781472684,8420,7300,0.42186802365014614,7.574328996762158e+18,4.972513628265081e+18,0.39631593197370524,-0.5332953608217503,16.717099762470305,565.3268918289787
india_daily,operator_schedule,2,3,rung5b_bagged,-0.06822144976461335,-0.07714523262296691,-0.018384619279151894,-0.015446982428183098,11,20,0.4187648456057007,8420,7300,0.42186802365014614,7.574328996762158e+18,4.972513628265081e+18,0.39631593197370524,-0.5332953608217503,16.717099762470305,565.3268918289787
india_daily,operator_schedule,2,3,oracle_instance,0.4154642288257124,0.37335145240998013,0.36736331233670344,0.34569209053851324,0,20,0.7179334916864608,8420,7300,0.42186802365014614,7.574328996762158e+18,4.972513628265081e+18,0.39631593197370524,-0.5332953608217503,16.717099762470305,565.3268918289787
india_daily,operator_schedule,2,4,rung0_none,0.0,0.0,0.0,0.0,0,20,0.0,8420,7300,0.4058720869592067,1.3419956965541999e+19,7.722411197162862e+18,0.36525762571787945,-0.5367497261542016,16.717099762470305,565.3268918289787
india_daily,operator_schedule,2,4,rung1_global,-0.056598432836829346,-0.055837917956379934,-0.030177947671347606,-0.0217846847642289,10,20,0.0,8420,7300,0.4058720869592067,1.3419956965541999e+19,7.722411197162862e+18,0.36525762571787945,-0.5367497261542016,16.717099762470305,565.3268918289787
india_daily,operator_schedule,2,4,rung2_series,-0.011781652268794901,0.007868485309532214,0.0002082874875169838,0.0010173316367645402,8,20,0.15,8420,7300,0.4058720869592067,1.3419956965541999e+19,7.722411197162862e+18,0.36525762571787945,-0.5367497261542016,16.717099762470305,565.3268918289787
india_daily,operator_schedule,2,4,rung3_cell,-0.014528820500957395,-0.0026906636719961075,-0.002965646268779487,-0.002995929337080927,9,20,0.17957244655581947,8420,7300,0.4058720869592067,1.3419956965541999e+19,7.722411197162862e+18,0.36525762571787945,-0.5367497261542016,16.717099762470305,565.3268918289787
india_daily,operator_schedule,2,4,rung5_instance,-0.05137647821680784,-0.06734781679396495,-0.00941160841980559,-0.004850226401907687,13,20,0.38824228028503566,8420,7300,0.4058720869592067,1.3419956965541999e+19,7.722411197162862e+18,0.36525762571787945,-0.5367497261542016,16.717099762470305,565.3268918289787
india_daily,operator_schedule,2,4,rung4_shrunk,-0.023186563411771187,0.008030118816565013,-0.0021641153460863647,0.009645931285520049,10,20,0.2529691211401425,8420,7300,0.4058720869592067,1.3419956965541999e+19,7.722411197162862e+18,0.36525762571787945,-0.5367497261542016,16.717099762470305,565.3268918289787
india_daily,operator_schedule,2,4,rung5b_bagged,-0.08989211843383584,-0.07171995948078203,-0.02561491801692294,-0.012616247931106273,12,20,0.42565320665083134,8420,7300,0.4058720869592067,1.3419956965541999e+19,7.722411197162862e+18,0.36525762571787945,-0.5367497261542016,16.717099762470305,565.3268918289787
india_daily,operator_schedule,2,4,oracle_instance,0.42150051969903773,0.38146445843610755,0.3756764326867016,0.35731496056052736,0,20,0.7054631828978623,8420,7300,0.4058720869592067,1.3419956965541999e+19,7.722411197162862e+18,0.36525762571787945,-0.5367497261542016,16.717099762470305,565.3268918289787
india_daily,operator_schedule,2,5,rung0_none,0.0,0.0,0.0,0.0,0,20,0.0,8420,7300,0.4154421319098019,1.0661796475785202e+19,7.101194788097041e+18,0.39977471601508957,-0.5562155168599692,16.717099762470305,565.3268918289787
india_daily,operator_schedule,2,5,rung1_global,-0.06549278245242043,-0.06703463594154879,-0.03502364116145457,-0.02744741920723781,10,20,0.0,8420,7300,0.4154421319098019,1.0661796475785202e+19,7.101194788097041e+18,0.39977471601508957,-0.5562155168599692,16.717099762470305,565.3268918289787
india_daily,operator_schedule,2,5,rung2_series,-0.018624228234398944,-0.005880871520846487,-0.002397602539622379,-0.0031631959083147088,8,20,0.15,8420,7300,0.4154421319098019,1.0661796475785202e+19,7.101194788097041e+18,0.39977471601508957,-0.5562155168599692,16.717099762470305,565.3268918289787
india_daily,operator_schedule,2,5,rung3_cell,-0.02203314099286522,-0.015828789722060366,-0.00584810264431781,-0.007024535419296152,9,20,0.17957244655581947,8420,7300,0.4154421319098019,1.0661796475785202e+19,7.101194788097041e+18,0.39977471601508957,-0.5562155168599692,16.717099762470305,565.3268918289787
india_daily,operator_schedule,2,5,rung5_instance,-0.06934782593522466,-0.0828738309733994,-0.014632013245192577,-0.010807074827177798,12,20,0.41342042755344416,8420,7300,0.4154421319098019,1.0661796475785202e+19,7.101194788097041e+18,0.39977471601508957,-0.5562155168599692,16.717099762470305,565.3268918289787
india_daily,operator_schedule,2,5,rung4_shrunk,-0.014563811644484004,-0.009561188249065378,0.002700367122498554,0.006592467943760227,10,20,0.2552256532066508,8420,7300,0.4154421319098019,1.0661796475785202e+19,7.101194788097041e+18,0.39977471601508957,-0.5562155168599692,16.717099762470305,565.3268918289787
india_daily,operator_schedule,2,5,rung5b_bagged,-0.07918334472568375,-0.08168031287823596,-0.02150276208554554,-0.015948346573731786,11,20,0.42351543942992875,8420,7300,0.4154421319098019,1.0661796475785202e+19,7.101194788097041e+18,0.39977471601508957,-0.5562155168599692,16.717099762470305,565.3268918289787
india_daily,operator_schedule,2,5,oracle_instance,0.4190504942669451,0.37321515065837507,0.37348255451099455,0.35286303863453605,0,20,0.7049881235154394,8420,7300,0.4154421319098019,1.0661796475785202e+19,7.101194788097041e+18,0.39977471601508957,-0.5562155168599692,16.717099762470305,565.3268918289787
india_daily,operator_schedule,2,6,rung0_none,0.0,0.0,0.0,0.0,0,20,0.0,8420,7300,0.4351829076415013,8.290593572977912e+18,7.953585434307382e+18,0.4896268029760265,-0.5408476938003532,16.717099762470305,565.3268918289787
india_daily,operator_schedule,2,6,rung1_global,-0.0659751755218597,-0.06688465250400077,-0.034645222845633504,-0.026778018200018794,10,20,0.0,8420,7300,0.4351829076415013,8.290593572977912e+18,7.953585434307382e+18,0.4896268029760265,-0.5408476938003532,16.717099762470305,565.3268918289787
india_daily,operator_schedule,2,6,rung2_series,-0.015913566359592422,0.0020028421355946513,-0.002023873819578287,-0.0007134682708458406,9,20,0.1,8420,7300,0.4351829076415013,8.290593572977912e+18,7.953585434307382e+18,0.4896268029760265,-0.5408476938003532,16.717099762470305,565.3268918289787
india_daily,operator_schedule,2,6,rung3_cell,-0.020227211426002284,-0.009013098111393614,-0.0059458675304059185,-0.005058159627784997,10,20,0.17909738717339668,8420,7300,0.4351829076415013,8.290593572977912e+18,7.953585434307382e+18,0.4896268029760265,-0.5408476938003532,16.717099762470305,565.3268918289787
india_daily,operator_schedule,2,6,rung5_instance,-0.09144724103937132,-0.10132451211795535,-0.028036328170810428,-0.022531171714806897,12,20,0.4412114014251782,8420,7300,0.4351829076415013,8.290593572977912e+18,7.953585434307382e+18,0.4896268029760265,-0.5408476938003532,16.717099762470305,565.3268918289787
india_daily,operator_schedule,2,6,rung4_shrunk,-0.01755760671940625,-0.014480774398993868,0.0021165882368068545,0.008518870097151021,11,20,0.27909738717339666,8420,7300,0.4351829076415013,8.290593572977912e+18,7.953585434307382e+18,0.4896268029760265,-0.5408476938003532,16.717099762470305,565.3268918289787
india_daily,operator_schedule,2,6,rung5b_bagged,-0.07718539252977175,-0.07852261238754177,-0.01960697449121588,-0.012154538387404878,11,20,0.4195961995249406,8420,7300,0.4351829076415013,8.290593572977912e+18,7.953585434307382e+18,0.4896268029760265,-0.5408476938003532,16.717099762470305,565.3268918289787
india_daily,operator_schedule,2,6,oracle_instance,0.4242123076327594,0.38377070574998584,0.37606886330346556,0.35837311157319574,0,20,0.7052256532066509,8420,7300,0.4351829076415013,8.290593572977912e+18,7.953585434307382e+18,0.4896268029760265,-0.5408476938003532,16.717099762470305,565.3268918289787
india_daily,operator_schedule,2,7,rung0_none,0.0,0.0,0.0,0.0,0,20,0.0,8420,7300,0.42447968850554224,9.44384969836121e+18,6.605708883963424e+18,0.41158196657435087,-0.5337045224258878,16.717099762470305,565.3268918289787
india_daily,operator_schedule,2,7,rung1_global,-0.06647028995666235,-0.06486995154601671,-0.036083383192000815,-0.02675842513308524,9,20,0.0,8420,7300,0.42447968850554224,9.44384969836121e+18,6.605708883963424e+18,0.41158196657435087,-0.5337045224258878,16.717099762470305,565.3268918289787
india_daily,operator_schedule,2,7,rung2_series,-0.01712984245838412,-0.00028885350054697057,-0.002645715359288081,-0.003041833372006808,8,20,0.15,8420,7300,0.42447968850554224,9.44384969836121e+18,6.605708883963424e+18,0.41158196657435087,-0.5337045224258878,16.717099762470305,565.3268918289787
india_daily,operator_schedule,2,7,rung3_cell,-0.019220522275778813,-0.0068463181405094,-0.005789029192071304,-0.006007261055145374,9,20,0.18978622327790973,8420,7300,0.42447968850554224,9.44384969836121e+18,6.605708883963424e+18,0.41158196657435087,-0.5337045224258878,16.717099762470305,565.3268918289787
india_daily,operator_schedule,2,7,rung5_instance,-0.08258146207066554,-0.08261406473647015,-0.023347338566019858,-0.01515854128715044,12,20,0.42529691211401427,8420,7300,0.42447968850554224,9.44384969836121e+18,6.605708883963424e+18,0.41158196657435087,-0.5337045224258878,16.717099762470305,565.3268918289787
india_daily,operator_schedule,2,7,rung4_shrunk,-0.009097108873585336,-0.003764501777989926,0.0055574709007056465,0.00996113365747986,9,20,0.2648456057007126,8420,7300,0.42447968850554224,9.44384969836121e+18,6.605708883963424e+18,0.41158196657435087,-0.5337045224258878,16.717099762470305,565.3268918289787
india_daily,operator_schedule,2,7,rung5b_bagged,-0.0685142758813704,-0.08224164830084257,-0.015749931937182132,-0.013547811364581053,11,20,0.4333729216152019,8420,7300,0.42447968850554224,9.44384969836121e+18,6.605708883963424e+18,0.41158196657435087,-0.5337045224258878,16.717099762470305,565.3268918289787
india_daily,operator_schedule,2,7,oracle_instance,0.4255107928982021,0.3821979367319942,0.3773731943289246,0.35610579613996984,0,20,0.7092636579572447,8420,7300,0.42447968850554224,9.44384969836121e+18,6.605708883963424e+18,0.41158196657435087,-0.5337045224258878,16.717099762470305,565.3268918289787
india_daily,operator_schedule,2,8,rung0_none,0.0,0.0,0.0,0.0,0,20,0.0,8420,7300,0.41439358956145694,1.529552616953636e+19,5.329372679152275e+18,0.258395094116601,-0.5451266391502354,16.717099762470305,565.3268918289787
india_daily,operator_schedule,2,8,rung1_global,-0.06205830236327801,-0.06250737389261007,-0.033709178774907644,-0.026497541936967295,9,20,0.0,8420,7300,0.41439358956145694,1.529552616953636e+19,5.329372679152275e+18,0.258395094116601,-0.5451266391502354,16.717099762470305,565.3268918289787
india_daily,operator_schedule,2,8,rung2_series,-0.02017507394970309,-0.009692575336747833,-0.004377135599157716,-0.005503236521756216,8,20,0.15,8420,7300,0.41439358956145694,1.529552616953636e+19,5.329372679152275e+18,0.258395094116601,-0.5451266391502354,16.717099762470305,565.3268918289787
india_daily,operator_schedule,2,8,rung3_cell,-0.027287082540315793,-0.019853599594580773,-0.0104797884676395,-0.01127280115991991,10,20,0.19774346793349168,8420,7300,0.41439358956145694,1.529552616953636e+19,5.329372679152275e+18,0.258395094116601,-0.5451266391502354,16.717099762470305,565.3268918289787
india_daily,operator_schedule,2,8,rung5_instance,-0.08052085692340458,-0.09302117519201314,-0.026001570561151943,-0.020989572823603586,11,20,0.3995249406175772,8420,7300,0.41439358956145694,1.529552616953636e+19,5.329372679152275e+18,0.258395094116601,-0.5451266391502354,16.717099762470305,565.3268918289787
india_daily,operator_schedule,2,8,rung4_shrunk,-0.008216885089550924,-0.0033071111510334372,0.0028301899937760665,0.004030667438008062,10,20,0.21318289786223277,8420,7300,0.41439358956145694,1.529552616953636e+19,5.329372679152275e+18,0.258395094116601,-0.5451266391502354,16.717099762470305,565.3268918289787
india_daily,operator_schedule,2,8,rung5b_bagged,-0.07970634973428498,-0.08162045650865024,-0.020320215388404023,-0.015290211998770564,11,20,0.40712589073634203,8420,7300,0.41439358956145694,1.529552616953636e+19,5.329372679152275e+18,0.258395094116601,-0.5451266391502354,16.717099762470305,565.3268918289787
india_daily,operator_schedule,2,8,oracle_instance,0.4202480729158305,0.3763250840794855,0.373605103757336,0.3534407273141209,0,20,0.7087885985748219,8420,7300,0.41439358956145694,1.529552616953636e+19,5.329372679152275e+18,0.258395094116601,-0.5451266391502354,16.717099762470305,565.3268918289787
india_daily,operator_schedule,2,9,rung0_none,0.0,0.0,0.0,0.0,0,20,0.0,8420,7300,0.4194272473076712,8.105335531560572e+18,5.230461375773906e+18,0.3922121349116553,-0.5411913756364415,16.717099762470305,565.3268918289787
india_daily,operator_schedule,2,9,rung1_global,-0.06957277132853705,-0.0679278996799213,-0.0378457067856893,-0.028486764696653122,9,20,0.0,8420,7300,0.4194272473076712,8.105335531560572e+18,5.230461375773906e+18,0.3922121349116553,-0.5411913756364415,16.717099762470305,565.3268918289787
india_daily,operator_schedule,2,9,rung2_series,-0.020764895504660746,-0.006522455468445765,-0.005032478565479221,-0.0059951857378337525,7,20,0.15,8420,7300,0.4194272473076712,8.105335531560572e+18,5.230461375773906e+18,0.3922121349116553,-0.5411913756364415,16.717099762470305,565.3268918289787
india_daily,operator_schedule,2,9,rung3_cell,-0.02722781062250091,-0.017591646639066427,-0.010923156266649987,-0.011535905058339901,9,20,0.17363420427553444,8420,7300,0.4194272473076712,8.105335531560572e+18,5.230461375773906e+18,0.3922121349116553,-0.5411913756364415,16.717099762470305,565.3268918289787
india_daily,operator_schedule,2,9,rung5_instance,-0.08599756896193257,-0.08890924160396518,-0.026452177156870548,-0.018095656343917188,13,20,0.4328978622327791,8420,7300,0.4194272473076712,8.105335531560572e+18,5.230461375773906e+18,0.3922121349116553,-0.5411913756364415,16.717099762470305,565.3268918289787
india_daily,operator_schedule,2,9,rung4_shrunk,-0.01694047380909246,-0.01929986371034098,-0.000926991604229993,0.0013839839313044555,10,20,0.24121140142517813,8420,7300,0.4194272473076712,8.105335531560572e+18,5.230461375773906e+18,0.3922121349116553,-0.5411913756364415,16.717099762470305,565.3268918289787
india_daily,operator_schedule,2,9,rung5b_bagged,-0.07572375023965963,-0.09793860844723357,-0.02093802528958501,-0.01903568135244038,12,20,0.40581947743467933,8420,7300,0.4194272473076712,8.105335531560572e+18,5.230461375773906e+18,0.3922121349116553,-0.5411913756364415,16.717099762470305,565.3268918289787
india_daily,operator_schedule,2,9,oracle_instance,0.41904407878736516,0.37605248979578787,0.3708980325978275,0.35093427870325056,0,20,0.7111638954869358,8420,7300,0.4194272473076712,8.105335531560572e+18,5.230461375773906e+18,0.3922121349116553,-0.5411913756364415,16.717099762470305,565.3268918289787
india_daily,operator_schedule,3,0,rung0_none,0.0,0.0,0.0,0.0,0,20,0.0,8400,7300,0.3536214936492439,1.9025932207325348e+19,8.505728109501943e+18,0.3089435221712096,-0.5388919788908932,16.71867261904762,565.4194995595237
india_daily,operator_schedule,3,0,rung1_global,-0.046812550645765845,-0.04900314995815003,-0.02646404279407319,-0.018825579103808998,10,20,0.0,8400,7300,0.3536214936492439,1.9025932207325348e+19,8.505728109501943e+18,0.3089435221712096,-0.5388919788908932,16.71867261904762,565.4194995595237
india_daily,operator_schedule,3,0,rung2_series,-0.02226086846396272,-0.002387603342098865,-0.008018250532301258,-0.0055491601406074675,7,20,0.15,8400,7300,0.3536214936492439,1.9025932207325348e+19,8.505728109501943e+18,0.3089435221712096,-0.5388919788908932,16.71867261904762,565.4194995595237
india_daily,operator_schedule,3,0,rung3_cell,-0.026885113465040456,-0.008998224132644284,-0.011323538369716835,-0.008293519445190745,9,20,0.1838095238095238,8400,7300,0.3536214936492439,1.9025932207325348e+19,8.505728109501943e+18,0.3089435221712096,-0.5388919788908932,16.71867261904762,565.4194995595237
india_daily,operator_schedule,3,0,rung5_instance,-0.07799566584685408,-0.10927128747312809,-0.0245518508190627,-0.02447268810633374,12,20,0.42857142857142855,8400,7300,0.3536214936492439,1.9025932207325348e+19,8.505728109501943e+18,0.3089435221712096,-0.5388919788908932,16.71867261904762,565.4194995595237
india_daily,operator_schedule,3,0,rung4_shrunk,-0.03621475587892852,-0.01631735656831701,-0.01001166307130399,-0.001512476042286215,9,20,0.25833333333333336,8400,7300,0.3536214936492439,1.9025932207325348e+19,8.505728109501943e+18,0.3089435221712096,-0.5388919788908932,16.71867261904762,565.4194995595237
india_daily,operator_schedule,3,0,rung5b_bagged,-0.09915310364389017,-0.10275818392491054,-0.03449474989337387,-0.025876735508015614,12,20,0.44273809523809526,8400,7300,0.3536214936492439,1.9025932207325348e+19,8.505728109501943e+18,0.3089435221712096,-0.5388919788908932,16.71867261904762,565.4194995595237
india_daily,operator_schedule,3,0,oracle_instance,0.397855666033115,0.3553940471268088,0.3551759740027898,0.3371521828806887,0,20,0.7197619047619047,8400,7300,0.3536214936492439,1.9025932207325348e+19,8.505728109501943e+18,0.3089435221712096,-0.5388919788908932,16.71867261904762,565.4194995595237
india_daily,operator_schedule,3,1,rung0_none,0.0,0.0,0.0,0.0,0,20,0.0,8400,7300,0.34453127130999306,6.932978304465229e+18,2.865929733158485e+18,0.2924743983875052,-0.5595756211574654,16.71867261904762,565.4194995595237
india_daily,operator_schedule,3,1,rung1_global,-0.04498049417087221,-0.05605381334453141,-0.025074479864277566,-0.02184740898979376,11,20,0.0,8400,7300,0.34453127130999306,6.932978304465229e+18,2.865929733158485e+18,0.2924743983875052,-0.5595756211574654,16.71867261904762,565.4194995595237
india_daily,operator_schedule,3,1,rung2_series,-0.035446675494118854,-0.020547817333206764,-0.01366534637592956,-0.01458684394184262,8,20,0.15,8400,7300,0.34453127130999306,6.932978304465229e+18,2.865929733158485e+18,0.2924743983875052,-0.5595756211574654,16.71867261904762,565.4194995595237
india_daily,operator_schedule,3,1,rung3_cell,-0.04390349229852203,-0.028670064609526813,-0.019237403634618667,-0.01905794505517089,10,20,0.18,8400,7300,0.34453127130999306,6.932978304465229e+18,2.865929733158485e+18,0.2924743983875052,-0.5595756211574654,16.71867261904762,565.4194995595237
india_daily,operator_schedule,3,1,rung5_instance,-0.09451268991930398,-0.09394135416412652,-0.032762925693802875,-0.024557248151938937,12,20,0.42273809523809525,8400,7300,0.34453127130999306,6.932978304465229e+18,2.865929733158485e+18,0.2924743983875052,-0.5595756211574654,16.71867261904762,565.4194995595237
india_daily,operator_schedule,3,1,rung4_shrunk,-0.03739817707467451,-0.019900634095485703,-0.011106910141946253,-0.006405922233954531,9,20,0.26345238095238094,8400,7300,0.34453127130999306,6.932978304465229e+18,2.865929733158485e+18,0.2924743983875052,-0.5595756211574654,16.71867261904762,565.4194995595237
india_daily,operator_schedule,3,1,rung5b_bagged,-0.08959379005387699,-0.10105263980999046,-0.028440863450136626,-0.025869835838751243,11,20,0.4583333333333333,8400,7300,0.34453127130999306,6.932978304465229e+18,2.865929733158485e+18,0.2924743983875052,-0.5595756211574654,16.71867261904762,565.4194995595237
india_daily,operator_schedule,3,1,oracle_instance,0.3944192518984622,0.34544839806030225,0.349716970650974,0.32649913150264576,0,20,0.7236904761904762,8400,7300,0.34453127130999306,6.932978304465229e+18,2.865929733158485e+18,0.2924743983875052,-0.5595756211574654,16.71867261904762,565.4194995595237
india_daily,operator_schedule,3,2,rung0_none,0.0,0.0,0.0,0.0,0,20,0.0,8400,7300,0.3539708381206751,1.0180258669754788e+19,3.958415634416311e+18,0.2799707772636452,-0.5796936655719211,16.71867261904762,565.4194995595237
india_daily,operator_schedule,3,2,rung1_global,-0.04985357189645541,-0.05112693725396822,-0.02761839852368278,-0.02015396933949898,10,20,0.0,8400,7300,0.3539708381206751,1.0180258669754788e+19,3.958415634416311e+18,0.2799707772636452,-0.5796936655719211,16.71867261904762,565.4194995595237
india_daily,operator_schedule,3,2,rung2_series,-0.021290961735979202,0.0038429097750511954,-0.007983540413438083,-0.0033730097287558714,7,20,0.15,8400,7300,0.3539708381206751,1.0180258669754788e+19,3.958415634416311e+18,0.2799707772636452,-0.5796936655719211,16.71867261904762,565.4194995595237
india_daily,operator_schedule,3,2,rung3_cell,-0.02694324046853295,-0.0032805101788291324,-0.011475774298869207,-0.0062434018463430885,9,20,0.23202380952380952,8400,7300,0.3539708381206751,1.0180258669754788e+19,3.958415634416311e+18,0.2799707772636452,-0.5796936655719211,16.71867261904762,565.4194995595237
india_daily,operator_schedule,3,2,rung5_instance,-0.07664994245694542,-0.08493215953731292,-0.02459544236511128,-0.01747387532848932,12,20,0.4380952380952381,8400,7300,0.3539708381206751,1.0180258669754788e+19,3.958415634416311e+18,0.2799707772636452,-0.5796936655719211,16.71867261904762,565.4194995595237
india_daily,operator_schedule,3,2,rung4_shrunk,-0.012675122591635312,0.0055600751778539514,0.00062242032597013,0.007232898247247821,8,20,0.26261904761904764,8400,7300,0.3539708381206751,1.0180258669754788e+19,3.958415634416311e+18,0.2799707772636452,-0.5796936655719211,16.71867261904762,565.4194995595237
india_daily,operator_schedule,3,2,rung5b_bagged,-0.07652669041213492,-0.07771411406335949,-0.022371466078996316,-0.01640782255298978,11,20,0.4448809523809524,8400,7300,0.3539708381206751,1.0180258669754788e+19,3.958415634416311e+18,0.2799707772636452,-0.5796936655719211,16.71867261904762,565.4194995595237
india_daily,operator_schedule,3,2,oracle_instance,0.401173925037057,0.3616876548863158,0.35993854922524954,0.34395632489472305,0,20,0.7138095238095238,8400,7300,0.3539708381206751,1.0180258669754788e+19,3.958415634416311e+18,0.2799707772636452,-0.5796936655719211,16.71867261904762,565.4194995595237
india_daily,operator_schedule,3,3,rung0_none,0.0,0.0,0.0,0.0,0,20,0.0,8400,7300,0.35414167984051587,6.695349675517465e+18,2.816306366500522e+18,0.2960900135643484,-0.5205969456504247,16.71867261904762,565.4194995595237
india_daily,operator_schedule,3,3,rung1_global,-0.04745473098157204,-0.04636189864177531,-0.027284615880112956,-0.019336525214737277,10,20,0.0,8400,7300,0.35414167984051587,6.695349675517465e+18,2.816306366500522e+18,0.2960900135643484,-0.5205969456504247,16.71867261904762,565.4194995595237
india_daily,operator_schedule,3,3,rung2_series,-0.01620164094717457,0.008243809633369237,-0.00586455744223478,-0.0019597563199045265,6,20,0.15,8400,7300,0.35414167984051587,6.695349675517465e+18,2.816306366500522e+18,0.2960900135643484,-0.5205969456504247,16.71867261904762,565.4194995595237
india_daily,operator_schedule,3,3,rung3_cell,-0.018502526050262747,0.005613996509153396,-0.007464466368967198,-0.0027694133520363984,8,20,0.19023809523809523,8400,7300,0.35414167984051587,6.695349675517465e+18,2.816306366500522e+18,0.2960900135643484,-0.5205969456504247,16.71867261904762,565.4194995595237
india_daily,operator_schedule,3,3,rung5_instance,-0.06582656417285263,-0.055649495079485245,-0.01784204906650432,-0.006785510539791151,11,20,0.4129761904761905,8400,7300,0.35414167984051587,6.695349675517465e+18,2.816306366500522e+18,0.2960900135643484,-0.5205969456504247,16.71867261904762,565.4194995595237
india_daily,operator_schedule,3,3,rung4_shrunk,-0.014000558215619375,0.010650644141493526,-0.00014236153418294427,0.009766173285490232,9,20,0.27,8400,7300,0.35414167984051587,6.695349675517465e+18,2.816306366500522e+18,0.2960900135643484,-0.5205969456504247,16.71867261904762,565.4194995595237
india_daily,operator_schedule,3,3,rung5b_bagged,-0.0805823631585926,-0.061491126745216285,-0.023495773379660856,-0.009618735672838996,10,20,0.4602380952380952,8400,7300,0.35414167984051587,6.695349675517465e+18,2.816306366500522e+18,0.2960900135643484,-0.5205969456504247,16.71867261904762,565.4194995595237
india_daily,operator_schedule,3,3,oracle_instance,0.3984921647909534,0.361319300136032,0.3538208068773028,0.335645709579939,0,20,0.7225,8400,7300,0.35414167984051587,6.695349675517465e+18,2.816306366500522e+18,0.2960900135643484,-0.5205969456504247,16.71867261904762,565.4194995595237
india_daily,operator_schedule,3,4,rung0_none,0.0,0.0,0.0,0.0,0,20,0.0,8400,7300,0.34658120693676464,1.049567177905862e+19,6.001402924678954e+18,0.3637858852223829,-0.5908258011942755,16.71867261904762,565.4194995595237
india_daily,operator_schedule,3,4,rung1_global,-0.051971258984916655,-0.057805679801773424,-0.029972703804049473,-0.023789993623642314,11,20,0.0,8400,7300,0.34658120693676464,1.049567177905862e+19,6.001402924678954e+18,0.3637858852223829,-0.5908258011942755,16.71867261904762,565.4194995595237
india_daily,operator_schedule,3,4,rung2_series,-0.0219252854395592,-0.008980077987204238,-0.008173062504632095,-0.008515152945747007,7,20,0.15,8400,7300,0.34658120693676464,1.049567177905862e+19,6.001402924678954e+18,0.3637858852223829,-0.5908258011942755,16.71867261904762,565.4194995595237
india_daily,operator_schedule,3,4,rung3_cell,-0.023127626791005197,-0.013590203887831054,-0.008432347151728081,-0.009202904886233876,9,20,0.18,8400,7300,0.34658120693676464,1.049567177905862e+19,6.001402924678954e+18,0.3637858852223829,-0.5908258011942755,16.71867261904762,565.4194995595237
india_daily,operator_schedule,3,4,rung5_instance,-0.07983243683342167,-0.08549910133854555,-0.02587338993165534,-0.017975585587046483,13,20,0.4601190476190476,8400,7300,0.34658120693676464,1.049567177905862e+19,6.001402924678954e+18,0.3637858852223829,-0.5908258011942755,16.71867261904762,565.4194995595237
india_daily,operator_schedule,3,4,rung4_shrunk,-0.032971934301292506,-0.02666673331572622,-0.00869534781625253,-0.005434758147908614,8,20,0.2842857142857143,8400,7300,0.34658120693676464,1.049567177905862e+19,6.001402924678954e+18,0.3637858852223829,-0.5908258011942755,16.71867261904762,565.4194995595237
india_daily,operator_schedule,3,4,rung5b_bagged,-0.10392071441944598,-0.11622531756949339,-0.03463831963915371,-0.030708082534013803,11,20,0.45404761904761903,8400,7300,0.34658120693676464,1.049567177905862e+19,6.001402924678954e+18,0.3637858852223829,-0.5908258011942755,16.71867261904762,565.4194995595237
india_daily,operator_schedule,3,4,oracle_instance,0.40319055291421113,0.360915936406081,0.35757568001247747,0.33755035493512464,0,20,0.7189285714285715,8400,7300,0.34658120693676464,1.049567177905862e+19,6.001402924678954e+18,0.3637858852223829,-0.5908258011942755,16.71867261904762,565.4194995595237
india_daily,operator_schedule,3,5,rung0_none,0.0,0.0,0.0,0.0,0,20,0.0,8400,7300,0.3523561546126474,1.218361740417697e+19,5.331256244413623e+18,0.3043845106380556,-0.5427094401607426,16.71867261904762,565.4194995595237
india_daily,operator_schedule,3,5,rung1_global,-0.04555096607493938,-0.04918920658724235,-0.025184592291492558,-0.019341568098995676,10,20,0.0,8400,7300,0.3523561546126474,1.218361740417697e+19,5.331256244413623e+18,0.3043845106380556,-0.5427094401607426,16.71867261904762,565.4194995595237
india_daily,operator_schedule,3,5,rung2_series,-0.02372496691843669,-0.0032928563280385514,-0.008546974459562956,-0.005301375410213804,7,20,0.15,8400,7300,0.3523561546126474,1.218361740417697e+19,5.331256244413623e+18,0.3043845106380556,-0.5427094401607426,16.71867261904762,565.4194995595237
india_daily,operator_schedule,3,5,rung3_cell,-0.025868736677204757,-0.009166928920157025,-0.010530151856454511,-0.007306615365670011,8,20,0.1838095238095238,8400,7300,0.3523561546126474,1.218361740417697e+19,5.331256244413623e+18,0.3043845106380556,-0.5427094401607426,16.71867261904762,565.4194995595237
india_daily,operator_schedule,3,5,rung5_instance,-0.07287484634082944,-0.07748328367639923,-0.019994692245336627,-0.015456017009299439,11,20,0.44761904761904764,8400,7300,0.3523561546126474,1.218361740417697e+19,5.331256244413623e+18,0.3043845106380556,-0.5427094401607426,16.71867261904762,565.4194995595237
india_daily,operator_schedule,3,5,rung4_shrunk,-0.0328220954665161,-0.002237091200542718,-0.007782289589792657,0.0033541009574107328,8,20,0.2794047619047619,8400,7300,0.3523561546126474,1.218361740417697e+19,5.331256244413623e+18,0.3043845106380556,-0.5427094401607426,16.71867261904762,565.4194995595237
india_daily,operator_schedule,3,5,rung5b_bagged,-0.11393673990834433,-0.08712504171457769,-0.03679512874535937,-0.022024568259332966,11,20,0.45285714285714285,8400,7300,0.3523561546126474,1.218361740417697e+19,5.331256244413623e+18,0.3043845106380556,-0.5427094401607426,16.71867261904762,565.4194995595237
india_daily,operator_schedule,3,5,oracle_instance,0.3974455860279208,0.35663739634084846,0.3538900795348703,0.3368163821137319,0,20,0.7221428571428572,8400,7300,0.3523561546126474,1.218361740417697e+19,5.331256244413623e+18,0.3043845106380556,-0.5427094401607426,16.71867261904762,565.4194995595237
india_daily,operator_schedule,3,6,rung0_none,0.0,0.0,0.0,0.0,0,20,0.0,8400,7300,0.36845240596898216,1.4416333660084926e+19,8.395044784805274e+18,0.3680200565295422,-0.5534513963702077,16.71867261904762,565.4194995595237
india_daily,operator_schedule,3,6,rung1_global,-0.05040941127355732,-0.05293191435242739,-0.028263298129684044,-0.021351210618286265,10,20,0.0,8400,7300,0.36845240596898216,1.4416333660084926e+19,8.395044784805274e+18,0.3680200565295422,-0.5534513963702077,16.71867261904762,565.4194995595237
india_daily,operator_schedule,3,6,rung2_series,-0.020304567211478847,0.00465817960573256,-0.007277265171705449,-0.0033963553715326,8,20,0.15,8400,7300,0.36845240596898216,1.4416333660084926e+19,8.395044784805274e+18,0.3680200565295422,-0.5534513963702077,16.71867261904762,565.4194995595237
india_daily,operator_schedule,3,6,rung3_cell,-0.02722294774958169,-0.005166987257468003,-0.012233107465507426,-0.008049552418254224,10,20,0.17357142857142857,8400,7300,0.36845240596898216,1.4416333660084926e+19,8.395044784805274e+18,0.3680200565295422,-0.5534513963702077,16.71867261904762,565.4194995595237
india_daily,operator_schedule,3,6,rung5_instance,-0.0821621538759696,-0.09496156714482207,-0.027618964959852867,-0.02426147835956094,10,20,0.4425,8400,7300,0.36845240596898216,1.4416333660084926e+19,8.395044784805274e+18,0.3680200565295422,-0.5534513963702077,16.71867261904762,565.4194995595237
india_daily,operator_schedule,3,6,rung4_shrunk,-0.03634719734838497,-0.013243787742148294,-0.009734106964348444,0.00020576902138647046,10,20,0.26666666666666666,8400,7300,0.36845240596898216,1.4416333660084926e+19,8.395044784805274e+18,0.3680200565295422,-0.5534513963702077,16.71867261904762,565.4194995595237
india_daily,operator_schedule,3,6,rung5b_bagged,-0.10171425998827063,-0.09534051133424115,-0.031444446307059296,-0.023188596467739853,11,20,0.43797619047619046,8400,7300,0.36845240596898216,1.4416333660084926e+19,8.395044784805274e+18,0.3680200565295422,-0.5534513963702077,16.71867261904762,565.4194995595237
india_daily,operator_schedule,3,6,oracle_instance,0.40420531886134664,0.3670928498017991,0.36044115310247615,0.3440929158754795,0,20,0.7144047619047619,8400,7300,0.36845240596898216,1.4416333660084926e+19,8.395044784805274e+18,0.3680200565295422,-0.5534513963702077,16.71867261904762,565.4194995595237
india_daily,operator_schedule,3,7,rung0_none,0.0,0.0,0.0,0.0,0,20,0.0,8400,7300,0.3541654179756598,8.259607326655536e+18,3.951409059800924e+18,0.3235937889808689,-0.546448417768508,16.71867261904762,565.4194995595237
india_daily,operator_schedule,3,7,rung1_global,-0.05001156165055922,-0.05147431919109313,-0.028692563212258458,-0.021573810618307876,10,20,0.0,8400,7300,0.3541654179756598,8.259607326655536e+18,3.951409059800924e+18,0.3235937889808689,-0.546448417768508,16.71867261904762,565.4194995595237
india_daily,operator_schedule,3,7,rung2_series,-0.022616822096044355,-0.0029780728952648605,-0.007856514770335032,-0.0059793922750224215,7,20,0.15,8400,7300,0.3541654179756598,8.259607326655536e+18,3.951409059800924e+18,0.3235937889808689,-0.546448417768508,16.71867261904762,565.4194995595237
india_daily,operator_schedule,3,7,rung3_cell,-0.02610288964158436,-0.008985996534896845,-0.010952995695547496,-0.00878988105146794,9,20,0.1838095238095238,8400,7300,0.3541654179756598,8.259607326655536e+18,3.951409059800924e+18,0.3235937889808689,-0.546448417768508,16.71867261904762,565.4194995595237
india_daily,operator_schedule,3,7,rung5_instance,-0.088896273011702,-0.0822950001850955,-0.029210667362410864,-0.019724947212387045,12,20,0.45630952380952383,8400,7300,0.3541654179756598,8.259607326655536e+18,3.951409059800924e+18,0.3235937889808689,-0.546448417768508,16.71867261904762,565.4194995595237
india_daily,operator_schedule,3,7,rung4_shrunk,-0.023752044331829536,0.00153517266380232,-0.004121577865344728,0.004460108819759778,8,20,0.2752380952380952,8400,7300,0.3541654179756598,8.259607326655536e+18,3.951409059800924e+18,0.3235937889808689,-0.546448417768508,16.71867261904762,565.4194995595237
india_daily,operator_schedule,3,7,rung5b_bagged,-0.08603455787835597,-0.08147773164062722,-0.025138331255077622,-0.01711015348340328,10,20,0.4601190476190476,8400,7300,0.3541654179756598,8.259607326655536e+18,3.951409059800924e+18,0.3235937889808689,-0.546448417768508,16.71867261904762,565.4194995595237
india_daily,operator_schedule,3,7,oracle_instance,0.397955195716675,0.360004209912958,0.3545214635138627,0.33627979501959093,0,20,0.7176190476190476,8400,7300,0.3541654179756598,8.259607326655536e+18,3.951409059800924e+18,0.3235937889808689,-0.546448417768508,16.71867261904762,565.4194995595237
india_daily,operator_schedule,3,8,rung0_none,0.0,0.0,0.0,0.0,0,20,0.0,8400,7300,0.3690728343546662,7.211936012619302e+18,3.678826085603167e+18,0.33779326482612315,-0.5675464630978102,16.71867261904762,565.4194995595237
india_daily,operator_schedule,3,8,rung1_global,-0.05614860424102571,-0.06171755819182323,-0.030551507442665833,-0.024669070228985124,10,20,0.0,8400,7300,0.3690728343546662,7.211936012619302e+18,3.678826085603167e+18,0.33779326482612315,-0.5675464630978102,16.71867261904762,565.4194995595237
india_daily,operator_schedule,3,8,rung2_series,-0.032181333061394216,-0.009917529251523005,-0.012691004236228853,-0.01054424427809586,8,20,0.2,8400,7300,0.3690728343546662,7.211936012619302e+18,3.678826085603167e+18,0.33779326482612315,-0.5675464630978102,16.71867261904762,565.4194995595237
india_daily,operator_schedule,3,8,rung3_cell,-0.039451549854025714,-0.02015299487950939,-0.017470569545598676,-0.015268533221268088,10,20,0.2338095238095238,8400,7300,0.3690728343546662,7.211936012619302e+18,3.678826085603167e+18,0.33779326482612315,-0.5675464630978102,16.71867261904762,565.4194995595237
india_daily,operator_schedule,3,8,rung5_instance,-0.10740504095712504,-0.12908382161907483,-0.038495902450046124,-0.03515672555686744,11,20,0.46095238095238095,8400,7300,0.3690728343546662,7.211936012619302e+18,3.678826085603167e+18,0.33779326482612315,-0.5675464630978102,16.71867261904762,565.4194995595237
india_daily,operator_schedule,3,8,rung4_shrunk,-0.035964051812347284,-0.025577856492440487,-0.011980143892661804,-0.007203581267821946,8,20,0.2757142857142857,8400,7300,0.3690728343546662,7.211936012619302e+18,3.678826085603167e+18,0.33779326482612315,-0.5675464630978102,16.71867261904762,565.4194995595237
india_daily,operator_schedule,3,8,rung5b_bagged,-0.09887321956842043,-0.11485516225315129,-0.03227497802955038,-0.03043882450361357,11,20,0.45,8400,7300,0.3690728343546662,7.211936012619302e+18,3.678826085603167e+18,0.33779326482612315,-0.5675464630978102,16.71867261904762,565.4194995595237
india_daily,operator_schedule,3,8,oracle_instance,0.395913206471903,0.35151870459664614,0.35412291237587645,0.3341732750669051,0,20,0.7189285714285715,8400,7300,0.3690728343546662,7.211936012619302e+18,3.678826085603167e+18,0.33779326482612315,-0.5675464630978102,16.71867261904762,565.4194995595237
india_daily,operator_schedule,3,9,rung0_none,0.0,0.0,0.0,0.0,0,20,0.0,8400,7300,0.3571617358638282,9.888639519944608e+18,4.2439055180327173e+18,0.3002930828543896,-0.5533874625390547,16.71867261904762,565.4194995595237
india_daily,operator_schedule,3,9,rung1_global,-0.05107603671489249,-0.056695933751016,-0.030284578908387223,-0.024035703094503758,10,20,0.0,8400,7300,0.3571617358638282,9.888639519944608e+18,4.2439055180327173e+18,0.3002930828543896,-0.5533874625390547,16.71867261904762,565.4194995595237
india_daily,operator_schedule,3,9,rung2_series,-0.02361981148812371,-0.009432509058510119,-0.008284840268337285,-0.009296771653328095,7,20,0.15,8400,7300,0.3571617358638282,9.888639519944608e+18,4.2439055180327173e+18,0.3002930828543896,-0.5533874625390547,16.71867261904762,565.4194995595237
india_daily,operator_schedule,3,9,rung3_cell,-0.027027329943768552,-0.014624514825929191,-0.011023480631069926,-0.0114111131965704,9,20,0.1838095238095238,8400,7300,0.3571617358638282,9.888639519944608e+18,4.2439055180327173e+18,0.3002930828543896,-0.5533874625390547,16.71867261904762,565.4194995595237
india_daily,operator_schedule,3,9,rung5_instance,-0.09293473063829515,-0.0891866306685627,-0.035232924607725626,-0.025057975256272735,12,20,0.4280952380952381,8400,7300,0.3571617358638282,9.888639519944608e+18,4.2439055180327173e+18,0.3002930828543896,-0.5533874625390547,16.71867261904762,565.4194995595237
india_daily,operator_schedule,3,9,rung4_shrunk,-0.021741912314999,-0.011895347061486206,-0.005956466001831662,-0.0018317234113884862,8,20,0.25357142857142856,8400,7300,0.3571617358638282,9.888639519944608e+18,4.2439055180327173e+18,0.3002930828543896,-0.5533874625390547,16.71867261904762,565.4194995595237
india_daily,operator_schedule,3,9,rung5b_bagged,-0.08230141561375894,-0.09024361612217069,-0.026655221735238942,-0.021279440741204914,11,20,0.4325,8400,7300,0.3571617358638282,9.888639519944608e+18,4.2439055180327173e+18,0.3002930828543896,-0.5533874625390547,16.71867261904762,565.4194995595237
india_daily,operator_schedule,3,9,oracle_instance,0.40152261438427256,0.3546674483194606,0.3551441589071398,0.33297792705071305,0,20,0.7252380952380952,8400,7300,0.3571617358638282,9.888639519944608e+18,4.2439055180327173e+18,0.3002930828543896,-0.5533874625390547,16.71867261904762,565.4194995595237
india_daily,operator_schedule,7,0,rung0_none,0.0,0.0,0.0,0.0,0,20,0.0,8320,7300,0.26186165211858664,1.1163052615960177e+19,5.30710337864779e+18,0.3222254470683362,-0.5195312374127747,16.720574519230766,565.3953897836539
india_daily,operator_schedule,7,0,rung1_global,-0.026941538914309004,-0.025629890878800854,-0.015667507770379202,-0.008733050880595394,10,20,0.0,8320,7300,0.26186165211858664,1.1163052615960177e+19,5.30710337864779e+18,0.3222254470683362,-0.5195312374127747,16.720574519230766,565.3953897836539
india_daily,operator_schedule,7,0,rung2_series,-0.04906868298241285,-0.027101434069814134,-0.0170160563564379,-0.012571968610805229,8,20,0.2,8320,7300,0.26186165211858664,1.1163052615960177e+19,5.30710337864779e+18,0.3222254470683362,-0.5195312374127747,16.720574519230766,565.3953897836539
india_daily,operator_schedule,7,0,rung3_cell,-0.06577343070481242,-0.038966504898003684,-0.024657539194593986,-0.019000111563549194,9,20,0.2899038461538462,8320,7300,0.26186165211858664,1.1163052615960177e+19,5.30710337864779e+18,0.3222254470683362,-0.5195312374127747,16.720574519230766,565.3953897836539
india_daily,operator_schedule,7,0,rung5_instance,-0.1182943761061405,-0.1084211553432004,-0.044664576028981884,-0.034239985982435384,12,20,0.4753605769230769,8320,7300,0.26186165211858664,1.1163052615960177e+19,5.30710337864779e+18,0.3222254470683362,-0.5195312374127747,16.720574519230766,565.3953897836539
india_daily,operator_schedule,7,0,rung4_shrunk,-0.06764034789439409,-0.03513296298993951,-0.024150052998793692,-0.011677986988966493,8,20,0.3639423076923077,8320,7300,0.26186165211858664,1.1163052615960177e+19,5.30710337864779e+18,0.3222254470683362,-0.5195312374127747,16.720574519230766,565.3953897836539
india_daily,operator_schedule,7,0,rung5b_bagged,-0.1250404585186707,-0.10820141211254275,-0.05045000111832476,-0.036725875524461715,11,20,0.4855769230769231,8320,7300,0.26186165211858664,1.1163052615960177e+19,5.30710337864779e+18,0.3222254470683362,-0.5195312374127747,16.720574519230766,565.3953897836539
india_daily,operator_schedule,7,0,oracle_instance,0.3647161953025179,0.33705307614959,0.3286926571140116,0.31792315842473484,0,20,0.7311298076923077,8320,7300,0.26186165211858664,1.1163052615960177e+19,5.30710337864779e+18,0.3222254470683362,-0.5195312374127747,16.720574519230766,565.3953897836539
india_daily,operator_schedule,7,1,rung0_none,0.0,0.0,0.0,0.0,0,20,0.0,8320,7300,0.20865024573492208,9.467837330850937e+18,2.679249622569373e+18,0.2205672547536152,-0.5503935539468496,16.720574519230766,565.3953897836539
india_daily,operator_schedule,7,1,rung1_global,-0.019853910947780423,-0.025028774144119526,-0.011952427836447722,-0.008792143824576826,10,20,0.0,8320,7300,0.20865024573492208,9.467837330850937e+18,2.679249622569373e+18,0.2205672547536152,-0.5503935539468496,16.720574519230766,565.3953897836539
india_daily,operator_schedule,7,1,rung2_series,-0.06318171715180228,-0.04435658132872722,-0.026030863106777914,-0.024996515289665178,7,20,0.25,8320,7300,0.20865024573492208,9.467837330850937e+18,2.679249622569373e+18,0.2205672547536152,-0.5503935539468496,16.720574519230766,565.3953897836539
india_daily,operator_schedule,7,1,rung3_cell,-0.08305601694964003,-0.05520836625193648,-0.03556023119261521,-0.03243551735897965,9,20,0.2840144230769231,8320,7300,0.20865024573492208,9.467837330850937e+18,2.679249622569373e+18,0.2205672547536152,-0.5503935539468496,16.720574519230766,565.3953897836539
india_daily,operator_schedule,7,1,rung5_instance,-0.12410536529706226,-0.11481059451206499,-0.054010642941601475,-0.0444385106109495,14,20,0.4950721153846154,8320,7300,0.20865024573492208,9.467837330850937e+18,2.679249622569373e+18,0.2205672547536152,-0.5503935539468496,16.720574519230766,565.3953897836539
india_daily,operator_schedule,7,1,rung4_shrunk,-0.09658346959469027,-0.057611176600278036,-0.03947741537803402,-0.029350686017632244,9,20,0.37680288461538464,8320,7300,0.20865024573492208,9.467837330850937e+18,2.679249622569373e+18,0.2205672547536152,-0.5503935539468496,16.720574519230766,565.3953897836539
india_daily,operator_schedule,7,1,rung5b_bagged,-0.13889038381501306,-0.1279865654482748,-0.05730897671595085,-0.0485061706921317,13,20,0.5111778846153846,8320,7300,0.20865024573492208,9.467837330850937e+18,2.679249622569373e+18,0.2205672547536152,-0.5503935539468496,16.720574519230766,565.3953897836539
india_daily,operator_schedule,7,1,oracle_instance,0.35127950444200345,0.3143902513773933,0.31395423529603156,0.2957671751772918,0,20,0.7456730769230769,8320,7300,0.20865024573492208,9.467837330850937e+18,2.679249622569373e+18,0.2205672547536152,-0.5503935539468496,16.720574519230766,565.3953897836539
india_daily,operator_schedule,7,2,rung0_none,0.0,0.0,0.0,0.0,0,20,0.0,8320,7300,0.22128505325925465,4.38302819446459e+18,2.1646533671180298e+18,0.330598448742339,-0.5190793178550568,16.720574519230766,565.3953897836539
india_daily,operator_schedule,7,2,rung1_global,-0.01832492560886938,-0.018746107439394644,-0.009910314664715852,-0.004568852481383834,9,20,0.0,8320,7300,0.22128505325925465,4.38302819446459e+18,2.1646533671180298e+18,0.330598448742339,-0.5190793178550568,16.720574519230766,565.3953897836539
india_daily,operator_schedule,7,2,rung2_series,-0.04801928419065237,-0.014870401966820435,-0.018695612677978625,-0.011648875686287363,8,20,0.25,8320,7300,0.22128505325925465,4.38302819446459e+18,2.1646533671180298e+18,0.330598448742339,-0.5190793178550568,16.720574519230766,565.3953897836539
india_daily,operator_schedule,7,2,rung3_cell,-0.06786938098871904,-0.024891870215825618,-0.028438690253131206,-0.01908459154641351,10,20,0.35360576923076925,8320,7300,0.22128505325925465,4.38302819446459e+18,2.1646533671180298e+18,0.330598448742339,-0.5190793178550568,16.720574519230766,565.3953897836539
india_daily,operator_schedule,7,2,rung5_instance,-0.12951303092998162,-0.11542433375355365,-0.047809329485227085,-0.035734832019946206,14,20,0.49783653846153847,8320,7300,0.22128505325925465,4.38302819446459e+18,2.1646533671180298e+18,0.330598448742339,-0.5190793178550568,16.720574519230766,565.3953897836539
india_daily,operator_schedule,7,2,rung4_shrunk,-0.0732487613930391,-0.03571499750328955,-0.028602634931246117,-0.015730684690109076,12,20,0.3887019230769231,8320,7300,0.22128505325925465,4.38302819446459e+18,2.1646533671180298e+18,0.330598448742339,-0.5190793178550568,16.720574519230766,565.3953897836539
india_daily,operator_schedule,7,2,rung5b_bagged,-0.1198155489878645,-0.10029324391651073,-0.047191205648709995,-0.03382273794186075,12,20,0.4908653846153846,8320,7300,0.22128505325925465,4.38302819446459e+18,2.1646533671180298e+18,0.330598448742339,-0.5190793178550568,16.720574519230766,565.3953897836539
india_daily,operator_schedule,7,2,oracle_instance,0.35894670985961985,0.3363554098849464,0.3230713109745679,0.31379245570402114,0,20,0.7358173076923077,8320,7300,0.22128505325925465,4.38302819446459e+18,2.1646533671180298e+18,0.330598448742339,-0.5190793178550568,16.720574519230766,565.3953897836539
india_daily,operator_schedule,7,3,rung0_none,0.0,0.0,0.0,0.0,0,20,0.0,8320,7300,0.22960203142118232,7.017687955763247e+18,3.24901729796032e+18,0.3164615344130927,-0.5476035633840048,16.720574519230766,565.3953897836539
india_daily,operator_schedule,7,3,rung1_global,-0.020727976787449726,-0.02508996837247457,-0.011515257962123193,-0.007638902949806736,10,20,0.0,8320,7300,0.22960203142118232,7.017687955763247e+18,3.24901729796032e+18,0.3164615344130927,-0.5476035633840048,16.720574519230766,565.3953897836539
india_daily,operator_schedule,7,3,rung2_series,-0.04276922662913593,-0.015847129499683366,-0.014358488112777512,-0.009430772866206194,7,20,0.25,8320,7300,0.22960203142118232,7.017687955763247e+18,3.24901729796032e+18,0.3164615344130927,-0.5476035633840048,16.720574519230766,565.3953897836539
india_daily,operator_schedule,7,3,rung3_cell,-0.061177731497825974,-0.026193409830897352,-0.023277036621931896,-0.016372197844191527,10,20,0.36490384615384613,8320,7300,0.22960203142118232,7.017687955763247e+18,3.24901729796032e+18,0.3164615344130927,-0.5476035633840048,16.720574519230766,565.3953897836539
india_daily,operator_schedule,7,3,rung5_instance,-0.13182882156417988,-0.10483481141939022,-0.05113500572230375,-0.033909235474378185,12,20,0.4735576923076923,8320,7300,0.22960203142118232,7.017687955763247e+18,3.24901729796032e+18,0.3164615344130927,-0.5476035633840048,16.720574519230766,565.3953897836539
india_daily,operator_schedule,7,3,rung4_shrunk,-0.06275433676012303,-0.02760896817795877,-0.02052388177119762,-0.00908986535764189,10,20,0.3625,8320,7300,0.22960203142118232,7.017687955763247e+18,3.24901729796032e+18,0.3164615344130927,-0.5476035633840048,16.720574519230766,565.3953897836539
india_daily,operator_schedule,7,3,rung5b_bagged,-0.09735658080004203,-0.08897004859267255,-0.03252019209600755,-0.022453046514295583,11,20,0.47415865384615385,8320,7300,0.22960203142118232,7.017687955763247e+18,3.24901729796032e+18,0.3164615344130927,-0.5476035633840048,16.720574519230766,565.3953897836539
india_daily,operator_schedule,7,3,oracle_instance,0.3628171295007482,0.3355180769075532,0.3244213050366769,0.31309231749658273,0,20,0.7373798076923077,8320,7300,0.22960203142118232,7.017687955763247e+18,3.24901729796032e+18,0.3164615344130927,-0.5476035633840048,16.720574519230766,565.3953897836539
india_daily,operator_schedule,7,4,rung0_none,0.0,0.0,0.0,0.0,0,20,0.0,8320,7300,0.21609048129521904,5.493128382867116e+18,2.1731772244110853e+18,0.2834712488304568,-0.5181643161734635,16.720574519230766,565.3953897836539
india_daily,operator_schedule,7,4,rung1_global,-0.01962374641864843,-0.02174803669705061,-0.011404262371447932,-0.0069525686332059244,9,20,0.0,8320,7300,0.21609048129521904,5.493128382867116e+18,2.1731772244110853e+18,0.2834712488304568,-0.5181643161734635,16.720574519230766,565.3953897836539
india_daily,operator_schedule,7,4,rung2_series,-0.05883732038059997,-0.0373603117294663,-0.02536373937002028,-0.02127597544790749,8,20,0.25,8320,7300,0.21609048129521904,5.493128382867116e+18,2.1731772244110853e+18,0.2834712488304568,-0.5181643161734635,16.720574519230766,565.3953897836539
india_daily,operator_schedule,7,4,rung3_cell,-0.07343458010546797,-0.04680079530451109,-0.03221273176627763,-0.026783207898774197,9,20,0.35360576923076925,8320,7300,0.21609048129521904,5.493128382867116e+18,2.1731772244110853e+18,0.2834712488304568,-0.5181643161734635,16.720574519230766,565.3953897836539
india_daily,operator_schedule,7,4,rung5_instance,-0.13135783459051104,-0.10112457941868125,-0.0511634419756168,-0.03821324001067272,15,20,0.5045673076923077,8320,7300,0.21609048129521904,5.493128382867116e+18,2.1731772244110853e+18,0.2834712488304568,-0.5181643161734635,16.720574519230766,565.3953897836539
india_daily,operator_schedule,7,4,rung4_shrunk,-0.0836791059280478,-0.04073454744955862,-0.03245361207676366,-0.019215951882232796,11,20,0.3954326923076923,8320,7300,0.21609048129521904,5.493128382867116e+18,2.1731772244110853e+18,0.2834712488304568,-0.5181643161734635,16.720574519230766,565.3953897836539
india_daily,operator_schedule,7,4,rung5b_bagged,-0.1447706919207211,-0.1090422514867293,-0.05653697507732482,-0.040633646975461124,13,20,0.4967548076923077,8320,7300,0.21609048129521904,5.493128382867116e+18,2.1731772244110853e+18,0.2834712488304568,-0.5181643161734635,16.720574519230766,565.3953897836539
india_daily,operator_schedule,7,4,oracle_instance,0.3517068990165217,0.32509596054338974,0.31465330434679406,0.3017820676499723,0,20,0.7424278846153847,8320,7300,0.21609048129521904,5.493128382867116e+18,2.1731772244110853e+18,0.2834712488304568,-0.5181643161734635,16.720574519230766,565.3953897836539
india_daily,operator_schedule,7,5,rung0_none,0.0,0.0,0.0,0.0,0,20,0.0,8320,7300,0.23068617135245725,4.709707602269748e+18,2.1540957205985106e+18,0.3138341265434676,-0.5462187531834017,16.720574519230766,565.3953897836539
india_daily,operator_schedule,7,5,rung1_global,-0.019728200839094334,-0.02106676069709401,-0.010935874906360655,-0.005331491084301199,10,20,0.0,8320,7300,0.23068617135245725,4.709707602269748e+18,2.1540957205985106e+18,0.3138341265434676,-0.5462187531834017,16.720574519230766,565.3953897836539
india_daily,operator_schedule,7,5,rung2_series,-0.04228333912874959,-0.015798484085908227,-0.013803005891460357,-0.007188110475906395,8,20,0.25,8320,7300,0.23068617135245725,4.709707602269748e+18,2.1540957205985106e+18,0.3138341265434676,-0.5462187531834017,16.720574519230766,565.3953897836539
india_daily,operator_schedule,7,5,rung3_cell,-0.0624206822615709,-0.028427229106173124,-0.022046652945960525,-0.013929620361126993,10,20,0.3814903846153846,8320,7300,0.23068617135245725,4.709707602269748e+18,2.1540957205985106e+18,0.3138341265434676,-0.5462187531834017,16.720574519230766,565.3953897836539
india_daily,operator_schedule,7,5,rung5_instance,-0.1291822951174408,-0.10697379119858086,-0.04922463241714247,-0.03502242658465016,12,20,0.48990384615384613,8320,7300,0.23068617135245725,4.709707602269748e+18,2.1540957205985106e+18,0.3138341265434676,-0.5462187531834017,16.720574519230766,565.3953897836539
india_daily,operator_schedule,7,5,rung4_shrunk,-0.0650540582251129,-0.026247299153598247,-0.02056923618141516,-0.005972319488914524,10,20,0.38858173076923075,8320,7300,0.23068617135245725,4.709707602269748e+18,2.1540957205985106e+18,0.3138341265434676,-0.5462187531834017,16.720574519230766,565.3953897836539
india_daily,operator_schedule,7,5,rung5b_bagged,-0.11906376086559475,-0.11046473554312497,-0.04269909254385289,-0.03009167730881579,12,20,0.48834134615384617,8320,7300,0.23068617135245725,4.709707602269748e+18,2.1540957205985106e+18,0.3138341265434676,-0.5462187531834017,16.720574519230766,565.3953897836539
india_daily,operator_schedule,7,5,oracle_instance,0.36617959596885996,0.33771262840572114,0.33183123321355146,0.3214243052197461,0,20,0.7302884615384615,8320,7300,0.23068617135245725,4.709707602269748e+18,2.1540957205985106e+18,0.3138341265434676,-0.5462187531834017,16.720574519230766,565.3953897836539
india_daily,operator_schedule,7,6,rung0_none,0.0,0.0,0.0,0.0,0,20,0.0,8320,7300,0.22971151095692305,4.223784453067892e+18,2.1010379497135898e+18,0.33218924041086295,-0.5185200002481458,16.720574519230766,565.3953897836539
india_daily,operator_schedule,7,6,rung1_global,-0.019598709020913922,-0.020483028053719154,-0.010138051187274294,-0.004950805490633536,10,20,0.0,8320,7300,0.22971151095692305,4.223784453067892e+18,2.1010379497135898e+18,0.33218924041086295,-0.5185200002481458,16.720574519230766,565.3953897836539
india_daily,operator_schedule,7,6,rung2_series,-0.05054808454618407,-0.01778753892660756,-0.01740853054265974,-0.010286620348661346,8,20,0.25,8320,7300,0.22971151095692305,4.223784453067892e+18,2.1010379497135898e+18,0.33218924041086295,-0.5185200002481458,16.720574519230766,565.3953897836539
india_daily,operator_schedule,7,6,rung3_cell,-0.06695652524928505,-0.026412978070626147,-0.02505150852101944,-0.01615621273771195,9,20,0.33185096153846155,8320,7300,0.22971151095692305,4.223784453067892e+18,2.1010379497135898e+18,0.33218924041086295,-0.5185200002481458,16.720574519230766,565.3953897836539
india_daily,operator_schedule,7,6,rung5_instance,-0.12124431764423957,-0.09065745607428988,-0.04676123962581498,-0.03044651887470695,11,20,0.5063701923076923,8320,7300,0.22971151095692305,4.223784453067892e+18,2.1010379497135898e+18,0.33218924041086295,-0.5185200002481458,16.720574519230766,565.3953897836539
india_daily,operator_schedule,7,6,rung4_shrunk,-0.06382166910553819,-0.0233009218943252,-0.020302781119682662,-0.0071962000089143,10,20,0.40384615384615385,8320,7300,0.22971151095692305,4.223784453067892e+18,2.1010379497135898e+18,0.33218924041086295,-0.5185200002481458,16.720574519230766,565.3953897836539
india_daily,operator_schedule,7,6,rung5b_bagged,-0.11252944386117955,-0.08453267031419687,-0.04010634004371299,-0.027162408049431486,12,20,0.5157451923076923,8320,7300,0.22971151095692305,4.223784453067892e+18,2.1010379497135898e+18,0.33218924041086295,-0.5185200002481458,16.720574519230766,565.3953897836539
india_daily,operator_schedule,7,6,oracle_instance,0.35988074491046856,0.33225108169079776,0.3249879838291808,0.3131217293866658,0,20,0.7346153846153847,8320,7300,0.22971151095692305,4.223784453067892e+18,2.1010379497135898e+18,0.33218924041086295,-0.5185200002481458,16.720574519230766,565.3953897836539
india_daily,operator_schedule,7,7,rung0_none,0.0,0.0,0.0,0.0,0,20,0.0,8320,7300,0.22457449046356331,3.08876806384481e+18,9.393772356713962e+17,0.23320341393450195,-0.5600962175825672,16.720574519230766,565.3953897836539
india_daily,operator_schedule,7,7,rung1_global,-0.020335869120248855,-0.026699525591720397,-0.0112889669947969,-0.00751980606891145,9,20,0.0,8320,7300,0.22457449046356331,3.08876806384481e+18,9.393772356713962e+17,0.23320341393450195,-0.5600962175825672,16.720574519230766,565.3953897836539
india_daily,operator_schedule,7,7,rung2_series,-0.053549441396951857,-0.02682091566194722,-0.020956869343663476,-0.01606783785373267,8,20,0.3,8320,7300,0.22457449046356331,3.08876806384481e+18,9.393772356713962e+17,0.23320341393450195,-0.5600962175825672,16.720574519230766,565.3953897836539
india_daily,operator_schedule,7,7,rung3_cell,-0.06771337706762046,-0.03411965821056118,-0.028191696974443077,-0.02077774597861315,9,20,0.36706730769230766,8320,7300,0.22457449046356331,3.08876806384481e+18,9.393772356713962e+17,0.23320341393450195,-0.5600962175825672,16.720574519230766,565.3953897836539
india_daily,operator_schedule,7,7,rung5_instance,-0.14480057320105202,-0.12535348354652376,-0.05523508184493668,-0.0389576887307872,15,20,0.4890625,8320,7300,0.22457449046356331,3.08876806384481e+18,9.393772356713962e+17,0.23320341393450195,-0.5600962175825672,16.720574519230766,565.3953897836539
india_daily,operator_schedule,7,7,rung4_shrunk,-0.07771379198867338,-0.036112670792658896,-0.030257724610061508,-0.016067604553751336,11,20,0.3713942307692308,8320,7300,0.22457449046356331,3.08876806384481e+18,9.393772356713962e+17,0.23320341393450195,-0.5600962175825672,16.720574519230766,565.3953897836539
india_daily,operator_schedule,7,7,rung5b_bagged,-0.13563340232073848,-0.12306497224481538,-0.050792388834876204,-0.03747351118894371,14,20,0.48870192307692306,8320,7300,0.22457449046356331,3.08876806384481e+18,9.393772356713962e+17,0.23320341393450195,-0.5600962175825672,16.720574519230766,565.3953897836539
india_daily,operator_schedule,7,7,oracle_instance,0.3610914971111778,0.3306607153115979,0.32323562823514285,0.3110511134069912,0,20,0.7423076923076923,8320,7300,0.22457449046356331,3.08876806384481e+18,9.393772356713962e+17,0.23320341393450195,-0.5600962175825672,16.720574519230766,565.3953897836539
india_daily,operator_schedule,7,8,rung0_none,0.0,0.0,0.0,0.0,0,20,0.0,8320,7300,0.23761628535245596,5.197567376203081e+18,2.935946879735456e+18,0.3609690457715529,-0.522608362627953,16.720574519230766,565.3953897836539
india_daily,operator_schedule,7,8,rung1_global,-0.023234709153907313,-0.023834241257415734,-0.012207460332147224,-0.006770201681301824,10,20,0.0,8320,7300,0.23761628535245596,5.197567376203081e+18,2.935946879735456e+18,0.3609690457715529,-0.522608362627953,16.720574519230766,565.3953897836539
india_daily,operator_schedule,7,8,rung2_series,-0.05379580006455942,-0.020432814780311892,-0.01699678173152062,-0.009720072808931501,8,20,0.25,8320,7300,0.23761628535245596,5.197567376203081e+18,2.935946879735456e+18,0.3609690457715529,-0.522608362627953,16.720574519230766,565.3953897836539
india_daily,operator_schedule,7,8,rung3_cell,-0.07264574247376172,-0.03168224741455794,-0.0271348229607561,-0.017911369912365638,9,20,0.31622596153846155,8320,7300,0.23761628535245596,5.197567376203081e+18,2.935946879735456e+18,0.3609690457715529,-0.522608362627953,16.720574519230766,565.3953897836539
india_daily,operator_schedule,7,8,rung5_instance,-0.11875829352794569,-0.10686754889227368,-0.042412193701948556,-0.03130774847463891,13,20,0.4909855769230769,8320,7300,0.23761628535245596,5.197567376203081e+18,2.935946879735456e+18,0.3609690457715529,-0.522608362627953,16.720574519230766,565.3953897836539
india_daily,operator_schedule,7,8,rung4_shrunk,-0.07841052319350052,-0.04052025806834836,-0.022796575861448287,-0.01045031838116528,14,20,0.38822115384615385,8320,7300,0.23761628535245596,5.197567376203081e+18,2.935946879735456e+18,0.3609690457715529,-0.522608362627953,16.720574519230766,565.3953897836539
india_daily,operator_schedule,7,8,rung5b_bagged,-0.13039408710284262,-0.10153526300627647,-0.04616723789600318,-0.030410667496092225,14,20,0.4826923076923077,8320,7300,0.23761628535245596,5.197567376203081e+18,2.935946879735456e+18,0.3609690457715529,-0.522608362627953,16.720574519230766,565.3953897836539
india_daily,operator_schedule,7,8,oracle_instance,0.3559323441477523,0.3332139822974407,0.3201280362727535,0.3094394960844834,0,20,0.7400240384615384,8320,7300,0.23761628535245596,5.197567376203081e+18,2.935946879735456e+18,0.3609690457715529,-0.522608362627953,16.720574519230766,565.3953897836539
india_daily,operator_schedule,7,9,rung0_none,0.0,0.0,0.0,0.0,0,20,0.0,8320,7300,0.23623869697572575,6.705272323502984e+18,2.540584303505666e+18,0.27478084573409955,-0.5230117125373952,16.720574519230766,565.3953897836539
india_daily,operator_schedule,7,9,rung1_global,-0.021483220315913033,-0.02484166051945058,-0.011762673504287969,-0.007548168714871739,9,20,0.0,8320,7300,0.23623869697572575,6.705272323502984e+18,2.540584303505666e+18,0.27478084573409955,-0.5230117125373952,16.720574519230766,565.3953897836539
india_daily,operator_schedule,7,9,rung2_series,-0.04592700867427814,-0.01886616746350822,-0.0186350926390784,-0.012250624576092939,8,20,0.2,8320,7300,0.23623869697572575,6.705272323502984e+18,2.540584303505666e+18,0.27478084573409955,-0.5230117125373952,16.720574519230766,565.3953897836539
india_daily,operator_schedule,7,9,rung3_cell,-0.05826611618914039,-0.023313690547865695,-0.023136670139446792,-0.015236220141491286,9,20,0.34146634615384613,8320,7300,0.23623869697572575,6.705272323502984e+18,2.540584303505666e+18,0.27478084573409955,-0.5230117125373952,16.720574519230766,565.3953897836539
india_daily,operator_schedule,7,9,rung5_instance,-0.14491801204353977,-0.09836185674191777,-0.054277303247865005,-0.036802633521051176,15,20,0.4868990384615385,8320,7300,0.23623869697572575,6.705272323502984e+18,2.540584303505666e+18,0.27478084573409955,-0.5230117125373952,16.720574519230766,565.3953897836539
india_daily,operator_schedule,7,9,rung4_shrunk,-0.08746270338127768,-0.022683455836204125,-0.02993010919826869,-0.0099632100405469,11,20,0.3889423076923077,8320,7300,0.23623869697572575,6.705272323502984e+18,2.540584303505666e+18,0.27478084573409955,-0.5230117125373952,16.720574519230766,565.3953897836539
india_daily,operator_schedule,7,9,rung5b_bagged,-0.1395320980808292,-0.0880449085636017,-0.05166335884770168,-0.031534181861644806,13,20,0.48028846153846155,8320,7300,0.23623869697572575,6.705272323502984e+18,2.540584303505666e+18,0.27478084573409955,-0.5230117125373952,16.720574519230766,565.3953897836539
india_daily,operator_schedule,7,9,oracle_instance,0.35924957067350316,0.3245123681829978,0.3214026206796961,0.30670687022161536,0,20,0.7385817307692307,8320,7300,0.23623869697572575,6.705272323502984e+18,2.540584303505666e+18,0.27478084573409955,-0.5230117125373952,16.720574519230766,565.3953897836539
