seed,n_val,between,within,snr,phi,mis,drift,oracle_rung,lam,base_te,risk_rung0_none,pen_rung0_none,risk_rung1_global,pen_rung1_global,risk_rung2_series,pen_rung2_series,risk_rung3_cell,pen_rung3_cell,risk_rung4_shrunk,pen_rung4_shrunk,risk_rung5_instance,pen_rung5_instance,sel_val_argmin,regret_val_argmin,correct_val_argmin,sel_nested,regret_nested,correct_nested,sel_mallows1,regret_mallows1,correct_mallows1,sel_mallows2,regret_mallows2,correct_mallows2,sel_srm_sqrt,regret_srm_sqrt,correct_srm_sqrt,regret_fixed_rung0_none,regret_fixed_rung1_global,regret_fixed_rung2_series,regret_fixed_rung3_cell,regret_fixed_rung4_shrunk,regret_fixed_rung5_instance
0,3000,0.0,0.0,0.3,0.0,0,0.0,rung1_global,0.37573381146891993,1.289757572374924,1.289757572374924,0.0,1.0415968867292367,0.0005258037801548654,1.0425190825456858,0.006290655082970402,1.0493027027643171,0.018780137851931885,1.0475483612394743,0.01600839993238187,1.0962983256854113,0.061551759199746606,rung5_instance,0.042412186699124325,0,rung1_global,0.0,1,rung5_instance,0.042412186699124325,0,rung5_instance,0.042412186699124325,0,rung5_instance,0.042412186699124325,0,0.19240878360475996,0.0,0.0007150148494581343,0.00597462360379183,0.004614413311238566,0.042412186699124325
1,3000,0.0,0.0,0.3,0.0,0,0.0,rung1_global,0.3827192460527274,1.2742078234681802,1.2742078234681802,0.0,1.0459530053232156,0.0005300138006133596,1.0514555514821893,0.006268498715959851,1.0695649062398873,0.018940110819093553,1.0605445357687993,0.016411999824962508,1.0865109198784428,0.06277662478618552,rung5_instance,0.031829905458306974,0,rung1_global,0.0,1,rung5_instance,0.031829905458306974,0,rung5_instance,0.031829905458306974,0,rung5_instance,0.031829905458306974,0,0.17913468583460213,0.0,0.004318405567465998,0.018530651344145825,0.011451452562791523,0.031829905458306974
2,3000,0.0,0.0,0.3,0.0,0,0.0,rung1_global,0.36037723334843713,1.2906770523227704,1.2906770523227704,0.0,1.0432284090127746,0.0005244571911456788,1.0485455525471419,0.006331829331964241,1.0568653861783717,0.018709231708980926,1.0520798563497389,0.015877244996192908,1.089877226336168,0.06331611702172543,rung5_instance,0.03614290440776162,0,rung1_global,0.0,1,rung5_instance,0.03614290440776162,0,rung5_instance,0.03614290440776162,0,rung5_instance,0.03614290440776162,0,0.1917200300917059,0.0,0.004119654505980628,0.01056575472621541,0.006857987690286095,0.03614290440776162
3,3000,0.0,0.0,0.3,0.0,0,0.0,rung1_global,0.41443370242883304,1.3034706527136015,1.3034706527136015,0.0,1.0528283795926445,0.0005276714951983501,1.0554107241774324,0.006336473222010599,1.0653315485099255,0.019298040822507703,1.064486954734704,0.01730309153273643,1.0995887116630918,0.06221658049303262,rung5_instance,0.035873712977810675,0,rung1_global,0.0,1,rung5_instance,0.035873712977810675,0,rung5_instance,0.035873712977810675,0,rung5_instance,0.035873712977810675,0,0.1922883899220615,0.0,0.001981129823990975,0.009592213596256683,0.008944255950671642,0.035873712977810675
4,3000,0.0,0.0,0.3,0.0,0,0.0,rung1_global,0.37231597376569925,1.305588415733055,1.305588415733055,0.0,1.0517454147604341,0.0005122012149523773,1.0548904403782946,0.006144721081013913,1.062840529859625,0.01839647590930554,1.059063335134072,0.015698591307679557,1.0933706880467415,0.060962807124364055,rung5_instance,0.03188238558545715,0,rung1_global,0.0,1,rung5_instance,0.03188238558545715,0,rung5_instance,0.03188238558545715,0,rung5_instance,0.03188238558545715,0,0.1944280432590193,0.0,0.002408895161722617,0.008498172138699082,0.005605074528429342,0.03188238558545715
5,3000,0.0,0.0,0.3,0.0,0,0.0,rung1_global,0.37624260789580427,1.3007719288763422,1.3007719288763422,0.0,1.0504119471786437,0.0004876731701126847,1.0538284070282071,0.005791425406032717,1.0678772389964815,0.017403197185930072,1.0639732661513266,0.014851845203050067,1.0980417801567541,0.057084004976560174,rung5_instance,0.03661659044199618,0,rung1_global,0.0,1,rung5_instance,0.03661659044199618,0,rung5_instance,0.03661659044199618,0,rung5_instance,0.03661659044199618,0,0.192470314080324,0.0,0.002626486452943887,0.013426867101079695,0.01042559319710848,0.03661659044199618
6,3000,0.0,0.0,0.3,0.0,0,0.0,rung1_global,0.3826303593971072,1.3157219727400589,1.3157219727400589,0.0,1.0552616769799432,0.0004721036601515717,1.0561844621169183,0.005679191197016691,1.0678245498405452,0.01715233384879883,1.0642216479505509,0.014809140437046734,1.1070316951134795,0.05649775229903974,rung5_instance,0.039347232322739574,0,rung1_global,0.0,1,rung5_instance,0.039347232322739574,0,rung5_instance,0.039347232322739574,0,rung5_instance,0.039347232322739574,0,0.1979599802667228,0.0,0.0007013526839970088,0.009548273207324456,0.006809927291818371,0.039347232322739574
7,3000,0.0,0.0,0.3,0.0,0,0.0,rung1_global,0.3843235219646384,1.3125865728788277,1.3125865728788277,0.0,1.063945298717697,0.000530355927615929,1.075972744030577,0.006301439866790818,1.0836624069878096,0.018942291112794458,1.0780063952932548,0.016313768205612474,1.1141821830738348,0.061836612339230934,rung5_instance,0.0382731969030857,0,rung1_global,0.0,1,rung5_instance,0.0382731969030857,0,rung5_instance,0.0382731969030857,0,rung5_instance,0.0382731969030857,0,0.18942847603247903,0.0,0.009163163452526386,0.015021567855039178,0.010712509838279394,0.0382731969030857
8,3000,0.0,0.0,0.3,0.0,0,0.0,rung1_global,0.3617490042247333,1.2950848675203803,1.2950848675203803,0.0,1.045001756339065,0.0004982349514096332,1.0513884432479959,0.005989940735888491,1.064916617495628,0.01786023035947767,1.057542038801072,0.015017272677245305,1.0904388822934292,0.05915874434955824,rung5_instance,0.03508428450821135,0,rung1_global,0.0,1,rung5_instance,0.03508428450821135,0,rung5_instance,0.03508428450821135,0,rung5_instance,0.03508428450821135,0,0.19310171669300263,0.0,0.004931481379408786,0.015377263418028118,0.00968298122888039,0.03508428450821135
9,3000,0.0,0.0,0.3,0.0,0,0.0,rung1_global,0.3768807807348191,1.2879186524437074,1.2879186524437074,0.0,1.0486463999976314,0.0005140852781046558,1.05267203494911,0.006186712576863444,1.055842854523772,0.018410252767785015,1.0545600266696789,0.015801350113795104,1.0900146584883446,0.06092027244425849,rung5_instance,0.032120241765441204,0,rung1_global,0.0,1,rung5_instance,0.032120241765441204,0,rung5_instance,0.032120241765441204,0,rung5_instance,0.032120241765441204,0,0.18578211596833297,0.0,0.0031256903872309023,0.005587662320509041,0.004591615053347398,0.032120241765441204
0,3000,0.1,0.0,0.3,0.0,0,0.0,rung1_global,0.3975970152631398,1.2857934635634676,1.2857934635634676,0.0,1.0459477333857428,0.0005200841414139496,1.0474096329109648,0.006197073344624013,1.0539738730763317,0.018441669369705968,1.0527951668665523,0.016279579732059502,1.0972226896354518,0.06064707000539924,rung5_instance,0.03987806572573858,0,rung1_global,0.0,1,rung5_instance,0.03987806572573858,0,rung5_instance,0.03987806572573858,0,rung5_instance,0.03987806572573858,0,0.18653519167301777,0.0,0.0011369629467321218,0.006242168682632121,0.005325453639990077,0.03987806572573858
1,3000,0.1,0.0,0.3,0.0,0,0.0,rung1_global,0.3876155576927806,1.27336491060912,1.27336491060912,0.0,1.0505718159410788,0.0005255604006561526,1.0547187354678218,0.006196316227700863,1.0681490251878705,0.01857121658534439,1.0608772891680278,0.016278274504719248,1.096398351287546,0.061990377882587065,rung5_instance,0.03598853318845243,0,rung1_global,0.0,1,rung5_instance,0.03598853318845243,0,rung5_instance,0.03598853318845243,0,rung5_instance,0.03598853318845243,0,0.17496406003638587,0.0,0.0032566623221612534,0.013803748713621678,0.00809310288126229,0.03598853318845243
2,3000,0.1,0.0,0.3,0.0,0,0.0,rung1_global,0.35246645233910756,1.29686172083085,1.29686172083085,0.0,1.0471613048975539,0.0005315295546299408,1.0510123752430311,0.006389657227203327,1.0561654359187478,0.019129566417036954,1.0533355986141892,0.015915708833586797,1.09456573700597,0.06354763130819456,rung5_instance,0.03655318940098405,0,rung1_global,0.0,1,rung5_instance,0.03655318940098405,0,rung5_instance,0.03655318940098405,0,rung5_instance,0.03655318940098405,0,0.19254205126304638,0.0,0.0029695304315174296,0.006943015493915035,0.004760949928169462,0.03655318940098405
3,3000,0.1,0.0,0.3,0.0,0,0.0,rung1_global,0.42546502755444093,1.3059893937976874,1.3059893937976874,0.0,1.0549368713034013,0.0005202996177558849,1.0562170840685208,0.0062458377264959985,1.0650224715713141,0.018958618521505072,1.0645830183308276,0.017495689788017688,1.1082784780434092,0.06207933246621821,rung5_instance,0.04084382843638246,0,rung1_global,0.0,1,rung5_instance,0.04084382843638246,0,rung5_instance,0.04084382843638246,0,rung5_instance,0.04084382843638246,0,0.19223167024676235,0.0,0.0009802627580280257,0.007722574406661073,0.007386083740983715,0.04084382843638246
4,3000,0.1,0.0,0.3,0.0,0,0.0,rung1_global,0.36698113072865196,1.3028084099838007,1.3028084099838007,0.0,1.0529369725994953,0.0005242892547876291,1.0560416013418008,0.006280032651415048,1.0608887698346956,0.0188875253508922,1.0574080605188028,0.015909290048265915,1.0975301298307845,0.06193284494103826,rung5_instance,0.03422848431861419,0,rung1_global,0.0,1,rung5_instance,0.03422848431861419,0,rung5_instance,0.03422848431861419,0,rung5_instance,0.03422848431861419,0,0.19179446146453133,0.0,0.0023830278638930125,0.006103581443183358,0.0034318844467415574,0.03422848431861419
5,3000,0.1,0.0,0.3,0.0,0,0.0,rung1_global,0.3876000024445795,1.2832265819294653,1.2832265819294653,0.0,1.0483224329294023,0.00048021139748165173,1.0514962303482263,0.005712424769452025,1.066407890998892,0.0171180132402673,1.0610467953277614,0.014885404162170608,1.0946152567690517,0.05634932679187864,rung5_instance,0.036075331115759224,0,rung1_global,0.0,1,rung5_instance,0.036075331115759224,0,rung5_instance,0.036075331115759224,0,rung5_instance,0.036075331115759224,0,0.1830574212754072,0.0,0.0024732946336350186,0.014093737087565958,0.009915912417608003,0.036075331115759224
6,3000,0.1,0.0,0.3,0.0,0,0.0,rung2_series,0.38611346788182876,1.326692416917294,1.326692416917294,0.0,1.0571139841152941,0.0004862303000440741,1.0570563378632871,0.005789240376834294,1.0646596508581307,0.017404931622130457,1.0627133781221145,0.015155354303163816,1.1059693410120954,0.057660192497026946,rung5_instance,0.0368683822452703,0,rung1_global,4.345110537447717e-05,0,rung5_instance,0.0368683822452703,0,rung5_instance,0.0368683822452703,0,rung5_instance,0.0368683822452703,0,0.20323933084695997,4.345110537447717e-05,0.0,0.005731029210606859,0.004264017934143409,0.0368683822452703
7,3000,0.1,0.0,0.3,0.0,0,0.0,rung1_global,0.42160687110600054,1.291192978885635,1.291192978885635,0.0,1.0671861792170783,0.0005102955211228367,1.0799057052234993,0.006069645713607069,1.0864558839377434,0.01832067932448567,1.0818895406372098,0.016867778684950055,1.1092896432104529,0.060414412713327016,rung5_instance,0.03260818845972353,0,rung1_global,0.0,1,rung5_instance,0.03260818845972353,0,rung5_instance,0.03260818845972353,0,rung5_instance,0.03260818845972353,0,0.1734882417513499,0.0,0.009850987586223253,0.014923954076404497,0.01138742361565601,0.03260818845972353
8,3000,0.1,0.0,0.3,0.0,0,0.0,rung1_global,0.36073390070711586,1.3006562512204416,1.3006562512204416,0.0,1.045064979301444,0.0005044834105479544,1.050790227283426,0.006056511496592113,1.0608672904380678,0.017984756912752163,1.0555196552918475,0.015197585354193598,1.0932990902058304,0.060308748842797695,rung5_instance,0.03708444168789952,0,rung1_global,0.0,1,rung5_instance,0.03708444168789952,0,rung5_instance,0.03708444168789952,0,rung5_instance,0.03708444168789952,0,0.19650947102985075,0.0,0.0044018148350956545,0.01214949078343809,0.008038000801974931,0.03708444168789952
9,3000,0.1,0.0,0.3,0.0,0,0.0,rung1_global,0.4084892312047928,1.2901507747429997,1.2901507747429997,0.0,1.0539401632296945,0.0005071771199014599,1.05675910359425,0.006108387818107551,1.0596512422807118,0.018186130194487008,1.0580329162749746,0.016408602731669695,1.1006094744371482,0.06020221106941767,rung5_instance,0.03617353267624884,0,rung2_series,0.0021849697103170614,0,rung5_instance,0.03617353267624884,0,rung5_instance,0.03617353267624884,0,rung5_instance,0.03617353267624884,0,0.1830876019590491,0.0,0.0021849697103170614,0.004426675674519489,0.0031723060012853158,0.03617353267624884
0,3000,0.3,0.0,0.3,0.0,0,0.0,rung3_cell,0.37215823033895723,1.2907480028973104,1.2907480028973104,0.0,1.0618470176931352,0.00054487889247203,1.0574798863959556,0.006374731058879302,1.0539115298590782,0.018926436836343537,1.0540082463729235,0.016323965082354473,1.1053784249006935,0.06399516420630401,rung5_instance,0.03987369720974877,0,rung3_cell,0.0,1,rung5_instance,0.03987369720974877,0,rung5_instance,0.03987369720974877,0,rung5_instance,0.03987369720974877,0,0.18348777027476407,0.006147976069879138,0.0027645648328469756,0.0,7.493059344515245e-05,0.03987369720974877
1,3000,0.3,0.0,0.3,0.0,0,0.0,rung4_shrunk,0.38421384921108326,1.2882368994246816,1.2882368994246816,0.0,1.066882542932544,0.0005504493550247664,1.068365661988679,0.006461540198081511,1.069049933943997,0.018908576297915376,1.0647041641147956,0.01671724563856093,1.1101492807573574,0.06467440393180277,rung5_instance,0.03527698722405583,0,rung3_cell,0.0033734244308186727,0,rung5_instance,0.03527698722405583,0,rung5_instance,0.03527698722405583,0,rung5_instance,0.03527698722405583,0,0.17351834542987726,0.001690976883771257,0.0028422550817466647,0.0033734244308186727,0.0,0.03527698722405583
2,3000,0.3,0.0,0.3,0.0,0,0.0,rung4_shrunk,0.34701521053771617,1.3218451071271589,1.3218451071271589,0.0,1.0652917253982406,0.0005648551905898854,1.0673908729737518,0.00674481174159038,1.0587843426489907,0.019785885961956556,1.0544577190635622,0.01657129837926561,1.1047210123967752,0.06755390752428246,rung5_instance,0.03802510071883768,0,rung2_series,0.009784167479575518,0,rung5_instance,0.03802510071883768,0,rung5_instance,0.03802510071883768,0,rung5_instance,0.03802510071883768,0,0.20228344956749497,0.008196123945432994,0.009784167479575518,0.003273169876031659,0.0,0.03802510071883768
3,3000,0.3,0.0,0.3,0.0,0,0.0,rung3_cell,0.41383858846401406,1.3322917040734534,1.3322917040734534,0.0,1.0833746100182537,0.0005270222402960017,1.0771169904141078,0.0062596906672617095,1.0692218890797933,0.018987351980131434,1.0733231933790965,0.01725749853673266,1.1319915215171434,0.06267415862825292,rung5_instance,0.04711403084282016,0,rung1_global,0.010622839499179335,0,rung5_instance,0.04711403084282016,0,rung5_instance,0.04711403084282016,0,rung5_instance,0.04711403084282016,0,0.19745661868893258,0.010622839499179335,0.005925955487207026,0.0,0.003078383124929451,0.04711403084282016
4,3000,0.3,0.0,0.3,0.0,0,0.0,rung4_shrunk,0.36251006929240037,1.3166413106822605,1.3166413106822605,0.0,1.0791020888782004,0.0005259003834001317,1.0811551533852295,0.006250376287971253,1.0694313946121585,0.018514750552475836,1.064946739999273,0.015692125463548475,1.1179922065883383,0.06215380984479662,rung5_instance,0.04028847200729116,0,rung3_cell,0.0034061323889053264,0,rung5_instance,0.04028847200729116,0,rung5_instance,0.04028847200729116,0,rung5_instance,0.04028847200729116,0,0.19116411481314063,0.010751104924387028,0.012310424452319259,0.0034061323889053264,0.0,0.04028847200729116
5,3000,0.3,0.0,0.3,0.0,0,0.0,rung2_series,0.3756662941948428,1.2625500892227008,1.2625500892227008,0.0,1.0616616757094806,0.00047592641018358273,1.0611706942728265,0.0056278228944845465,1.0656289003333865,0.016548950938347275,1.0640194458515104,0.014190861467472077,1.1087025240522024,0.054846371800496105,rung5_instance,0.037647480432747994,0,rung1_global,0.0003888807587478168,0,rung5_instance,0.037647480432747994,0,rung5_instance,0.037647480432747994,0,rung5_instance,0.037647480432747994,0,0.15950210345623214,0.0003888807587478168,0.0,0.003531112229618353,0.002256347374255681,0.037647480432747994
6,3000,0.3,0.0,0.3,0.0,0,0.0,rung2_series,0.4006835374594591,1.3634990699021634,1.3634990699021634,0.0,1.0764124297793656,0.0005267528890263683,1.0686382929841927,0.006175799664015485,1.0715567620930828,0.018572831571053543,1.071672506999029,0.01669835589132347,1.1222985010685045,0.062457371097808474,rung5_instance,0.039354781582771566,0,rung2_series,0.0,1,rung5_instance,0.039354781582771566,0,rung5_instance,0.039354781582771566,0,rung5_instance,0.039354781582771566,0,0.21625300920750037,0.005701607699468941,0.0,0.0021404261823952443,0.002225314326803315,0.039354781582771566
7,3000,0.3,0.0,0.3,0.0,0,0.0,rung1_global,0.4133141713029727,1.2644723236105715,1.2644723236105715,0.0,1.0843580092507925,0.0005102299879082506,1.093259060538849,0.006008028339705422,1.0883663464677886,0.017845086541621962,1.0899687229060262,0.016384643463711233,1.1244921434200932,0.05995693786700778,rung5_instance,0.03173982808473162,0,rung2_series,0.007039340539016682,0,rung5_instance,0.03173982808473162,0,rung4_shrunk,0.004437197675638223,0,rung5_instance,0.03173982808473162,0,0.14244227492894504,0.0,0.007039340539016682,0.0031699683276188435,0.004437197675638223,0.03173982808473162
8,3000,0.3,0.0,0.3,0.0,0,0.0,rung4_shrunk,0.3463447725628156,1.333034084255114,1.333034084255114,0.0,1.071317311911663,0.0005327690359148048,1.0722772347203806,0.00634129333084522,1.0620689665060323,0.018581590924275478,1.0595177920002035,0.015621298929924341,1.1135507090014467,0.06404111288210274,rung5_instance,0.040533785024286374,0,rung4_shrunk,0.0,1,rung5_instance,0.040533785024286374,0,rung5_instance,0.040533785024286374,0,rung5_instance,0.040533785024286374,0,0.20518326986946378,0.008851626564412272,0.009571730288732263,0.0019138104088722073,0.0,0.040533785024286374
9,3000,0.3,0.0,0.3,0.0,0,0.0,rung3_cell,0.39757747428716594,1.3142452718548363,1.3142452718548363,0.0,1.0789843040282905,0.0005233296585093729,1.071994798314801,0.006248475979790246,1.0663388376871679,0.01856803579862584,1.0673822268014785,0.01657121329446857,1.1241815933745976,0.06220514611711467,rung5_instance,0.04401214668689229,0,rung2_series,0.004303580730901733,0,rung5_instance,0.04401214668689229,0,rung5_instance,0.04401214668689229,0,rung5_instance,0.04401214668689229,0,0.18863026519988174,0.00962184655477259,0.004303580730901733,0.0,0.0007939074514136233,0.04401214668689229
0,3000,0.6,0.0,0.3,0.0,0,0.0,rung3_cell,0.37349899241949597,1.3293193231558957,1.3293193231558957,0.0,1.1039603542814698,0.0006381205844288162,1.0852931443708977,0.006922888176638208,1.0589385093044354,0.01997835777710804,1.0664326898724323,0.017906385574197436,1.1461635845315539,0.07214840101894825,rung5_instance,0.06561634492759805,0,rung3_cell,0.0,1,rung5_instance,0.06561634492759805,0,rung4_shrunk,0.0056376074863676755,0,rung5_instance,0.06561634492759805,0,0.20339794144386436,0.03386834464284274,0.019825661605440727,0.0,0.0056376074863676755,0.06561634492759805
1,3000,0.6,0.0,0.3,0.0,0,0.0,rung3_cell,0.3945895018138932,1.3493453716557222,1.3493453716557222,0.0,1.12152924060343,0.0006342759688154801,1.1149318516268445,0.007298822881078457,1.0811269618061297,0.020546461266903283,1.0836422722440544,0.01899645884184059,1.1596951581591781,0.07363947963494817,rung5_instance,0.058226898763984264,0,rung3_cell,0.0,1,rung5_instance,0.058226898763984264,0,rung5_instance,0.058226898763984264,0,rung5_instance,0.058226898763984264,0,0.19877669237526163,0.029942133160263153,0.025052807480440937,0.0,0.001864096835962996,0.058226898763984264
2,3000,0.6,0.0,0.3,0.0,0,0.0,rung3_cell,0.37666626989331425,1.3907728497880996,1.3907728497880996,0.0,1.1222745324754395,0.0006242757462389989,1.1175112167804753,0.007396115992648588,1.072813845575559,0.020806334216150857,1.077306406089447,0.01861778288412165,1.160637208166119,0.07424425008780247,rung5_instance,0.0631471649766106,0,rung4_shrunk,0.003230261875311002,0,rung5_instance,0.0631471649766106,0,rung5_instance,0.0631471649766106,0,rung5_instance,0.0631471649766106,0,0.22862037050909167,0.035563454454418275,0.032138512922312595,0.0,0.003230261875311002,0.0631471649766106
3,3000,0.6,0.0,0.3,0.0,0,0.0,rung3_cell,0.42120071576650764,1.423070300603407,1.423070300603407,0.0,1.1557740502119112,0.0005879322497096458,1.134367140106158,0.0068455562235802256,1.0945472074671023,0.02025012622168009,1.1058137719358931,0.019108165175896936,1.1906896823813216,0.06946731032431114,rung5_instance,0.0675598913654885,0,rung3_cell,0.0,1,rung5_instance,0.0675598913654885,0,rung4_shrunk,0.007917082145564837,0,rung5_instance,0.0675598913654885,0,0.23085513976154584,0.04302446809468764,0.02798170450340453,0.0,0.007917082145564837,0.0675598913654885
4,3000,0.6,0.0,0.3,0.0,0,0.0,rung3_cell,0.3763526775483019,1.385099927908711,1.385099927908711,0.0,1.1554503119267843,0.0006069770485121396,1.1524421112602723,0.007184413837613084,1.0870813415748544,0.020510998891243033,1.0928291338949272,0.017872842874251924,1.1862839723653242,0.06986221331370189,rung5_instance,0.07162128074055325,0,rung3_cell,0.0,1,rung5_instance,0.07162128074055325,0,rung5_instance,0.07162128074055325,0,rung5_instance,0.07162128074055325,0,0.21516035076531925,0.04936031615795157,0.047188486814884675,0.0,0.004149731152431087,0.07162128074055325
5,3000,0.6,0.0,0.3,0.0,0,0.0,rung3_cell,0.3994842357890289,1.2676696829721839,1.2676696829721839,0.0,1.1083743423355008,0.0005285046870302706,1.097584242949662,0.0060631890894607835,1.0777585438843813,0.017032118274130027,1.080437165880052,0.015730102736441626,1.1396937902474966,0.06007979865319184,rung5_instance,0.048857559027444486,0,rung4_shrunk,0.0021130283635011258,0,rung5_instance,0.048857559027444486,0,rung5_instance,0.048857559027444486,0,rung5_instance,0.048857559027444486,0,0.14981121788961307,0.024151242916323097,0.015639483480268564,0.0,0.0021130283635011258,0.048857559027444486
6,3000,0.6,0.0,0.3,0.0,0,0.0,rung3_cell,0.39582807324887076,1.4559623524893104,1.4559623524893104,0.0,1.1285502795856643,0.0006274865712120505,1.0999749735545274,0.006993174101463318,1.0827620922774888,0.02070282929362013,1.0874427727836664,0.01923199029336478,1.1654298485880499,0.07451478654943364,rung5_instance,0.05677877327612292,0,rung3_cell,0.0,1,rung5_instance,0.05677877327612292,0,rung4_shrunk,0.003214836220301248,0,rung5_instance,0.05677877327612292,0,0.2563254877942056,0.031448744007624846,0.011822339532069088,0.0,0.003214836220301248,0.05677877327612292
7,3000,0.6,0.0,0.3,0.0,0,0.0,rung3_cell,0.4260857774110742,1.2605134526655657,1.2605134526655657,0.0,1.1159527865413852,0.0005394420968729625,1.120063857062981,0.006118804834152097,1.0954637945727703,0.017381251977512256,1.0999557108688744,0.01696664413199654,1.144837829028394,0.061920719184973085,rung5_instance,0.039169779863288325,0,rung3_cell,0.0,1,rung5_instance,0.039169779863288325,0,rung4_shrunk,0.0035635607748614032,0,rung5_instance,0.039169779863288325,0,0.1309384344480976,0.01625448100160096,0.019515906346092387,0.0,0.0035635607748614032,0.039169779863288325
8,3000,0.6,0.0,0.3,0.0,0,0.0,rung3_cell,0.36266992114420676,1.4312718951599142,1.4312718951599142,0.0,1.1377068945642492,0.0006613408358136888,1.1284678441081615,0.007670714770259233,1.0712104998645373,0.021291673239672404,1.0796828438360901,0.018873185498709158,1.1581025059026964,0.077737167978469,rung5_instance,0.06070964317262076,0,rung3_cell,0.0,1,rung5_instance,0.06070964317262076,0,rung4_shrunk,0.00591945108417449,0,rung5_instance,0.06070964317262076,0,0.2515674320951769,0.046459652372537054,0.0400045193629872,0.0,0.00591945108417449,0.06070964317262076
9,3000,0.6,0.0,0.3,0.0,0,0.0,rung3_cell,0.43435044896063035,1.398513099010426,1.398513099010426,0.0,1.1493839941763848,0.0006154764236521147,1.1167887084248385,0.0069485050621023005,1.0839589779955963,0.02005748332528334,1.0932273060420203,0.01987486993084206,1.175407470400007,0.07133079092635022,rung5_instance,0.06538980040238367,0,rung3_cell,0.0,1,rung5_instance,0.06538980040238367,0,rung4_shrunk,0.006627272960819785,0,rung5_instance,0.06538980040238367,0,0.2249203966966095,0.046781840103666275,0.023474739315972222,0.0,0.006627272960819785,0.06538980040238367
0,3000,1.0,0.0,0.3,0.0,0,0.0,rung3_cell,0.394887390785201,1.4283991828188134,1.4283991828188134,0.0,1.1661079783699453,0.0008903633782297166,1.1272323860696714,0.008262316653017404,1.078831977949115,0.02288282265470031,1.0903517792380792,0.023335981572409285,1.182652504771867,0.09591866689874907,rung5_instance,0.07268313232850773,0,rung3_cell,0.0,1,rung5_instance,0.07268313232850773,0,rung4_shrunk,0.008064833295571542,0,rung5_instance,0.07268313232850773,0,0.24472655058501225,0.0611005673138228,0.033884371191701984,0.0,0.008064833295571542,0.07268313232850773
1,3000,1.0,0.0,0.3,0.0,0,0.0,rung3_cell,0.42418847409656396,1.4827617478352715,1.4827617478352715,0.0,1.2188569553337765,0.0007771863944475239,1.1981738021920938,0.008669461495609014,1.1183889207742694,0.023170627385601345,1.128400094779035,0.023575854399775,1.2109495354489797,0.08832828667053248,rung5_instance,0.06242446894104346,0,rung3_cell,0.0,1,rung5_instance,0.06242446894104346,0,rung4_shrunk,0.0067517077638272575,0,rung5_instance,0.06242446894104346,0,0.2457392953338329,0.06775736877902559,0.05380829491609472,0.0,0.0067517077638272575,0.06242446894104346
2,3000,1.0,0.0,0.3,0.0,0,0.0,rung3_cell,0.4049890502711142,1.529974572249325,1.529974572249325,0.0,1.1953288640229058,0.0007852274744158486,1.1749575962039387,0.008997177726303955,1.0939022765074795,0.024002901821851125,1.1078358604425447,0.023539930730049285,1.198855796101327,0.09171043464219965,rung5_instance,0.06859821169416425,0,rung3_cell,0.0,1,rung5_instance,0.06859821169416425,0,rung4_shrunk,0.009107068959048389,0,rung5_instance,0.06859821169416425,0,0.28501930924299246,0.06629298901766181,0.052978213603441765,0.0,0.009107068959048389,0.06859821169416425
3,3000,1.0,0.0,0.3,0.0,0,0.0,rung3_cell,0.43362258269775317,1.6149225347064173,1.6149225347064173,0.0,1.276756139705118,0.0007730410968772747,1.2265065464548162,0.008610252034630285,1.1420111072257213,0.024232063295160436,1.1621881636492373,0.024915199649208672,1.272142259270247,0.09116677778885644,rung5_instance,0.08058042986450904,0,rung3_cell,0.0,1,rung5_instance,0.08058042986450904,0,rung4_shrunk,0.01249413268431729,0,rung5_instance,0.08058042986450904,0,0.2928384596272095,0.08343745881525667,0.05232166708507513,0.0,0.01249413268431729,0.08058042986450904
4,3000,1.0,0.0,0.3,0.0,0,0.0,rung3_cell,0.38926924224336873,1.5389108062126649,1.5389108062126649,0.0,1.2691056951767874,0.0007409470198376046,1.2550207332889156,0.008644897162715411,1.1323146120290812,0.02405412009379903,1.142693484531395,0.02182898281831389,1.2776935108021248,0.08484749542219427,rung5_instance,0.0944686970720728,0,rung3_cell,0.0,1,rung5_instance,0.0944686970720728,0,rung4_shrunk,0.0067442976294751255,0,rung5_instance,0.0944686970720728,0,0.26421037044001067,0.08888824654130263,0.079735694079516,0.0,0.0067442976294751255,0.0944686970720728
5,3000,1.0,0.0,0.3,0.0,0,0.0,rung3_cell,0.4347402372214133,1.3318926229900665,1.3318926229900665,0.0,1.1706459925337505,0.0006662844565711241,1.1425833856425405,0.0071461587780451965,1.0940602192537776,0.018517490449534536,1.1043725371902366,0.019766357380655984,1.1819359998051615,0.07327906155677953,rung5_instance,0.06597812694097285,0,rung3_cell,0.0,1,rung5_instance,0.06597812694097285,0,rung4_shrunk,0.007742604590232007,0,rung5_instance,0.06597812694097285,0,0.1785672505658609,0.05750146217345933,0.03643174048057233,0.0,0.007742604590232007,0.06597812694097285
6,3000,1.0,0.0,0.3,0.0,0,0.0,rung3_cell,0.4111309613323503,1.6422347200827825,1.6422347200827825,0.0,1.2099681642694378,0.0009047340317562602,1.1609263576820732,0.008928243990310045,1.101536931455942,0.02560382966379305,1.1108693931646552,0.02634931293219109,1.2060895038891173,0.10335972317614793,rung5_instance,0.06366481670044398,0,rung3_cell,0.0,1,rung5_instance,0.06366481670044398,0,rung4_shrunk,0.0056827818792204825,0,rung5_instance,0.06366481670044398,0,0.3292451328757589,0.06602663522302701,0.03616378675950625,0.0,0.0056827818792204825,0.06366481670044398
7,3000,1.0,0.0,0.3,0.0,0,0.0,rung3_cell,0.41325706636739407,1.2976857174387193,1.2976857174387193,0.0,1.1515998482049115,0.0006977390951754172,1.1502502275464441,0.007236590496733454,1.1010187444062525,0.018430120008096094,1.1129631568964269,0.018955389934174248,1.169604347837538,0.07384002365477263,rung5_instance,0.05285224496934045,0,rung3_cell,0.0,1,rung5_instance,0.05285224496934045,0,rung4_shrunk,0.009204395432315812,0,rung5_instance,0.05285224496934045,0,0.151552082595649,0.0389779305720436,0.03793790937096949,0.0,0.009204395432315812,0.05285224496934045
8,3000,1.0,0.0,0.3,0.0,0,0.0,rung3_cell,0.3882282753204143,1.6281942884812945,1.6281942884812945,0.0,1.2404043213537004,0.0009160782706907961,1.2244585030919037,0.010216105985759316,1.0973023095884116,0.026719631936836172,1.1137456018583791,0.025707340141547047,1.2250837512357762,0.10421312516718763,rung5_instance,0.0784804630205117,0,rung3_cell,0.0,1,rung5_instance,0.0784804630205117,0,rung4_shrunk,0.010099097132508124,0,rung5_instance,0.0784804630205117,0,0.3260618113260149,0.0878900096737029,0.07809644979291609,0.0,0.010099097132508124,0.0784804630205117
9,3000,1.0,0.0,0.3,0.0,0,0.0,rung3_cell,0.4649349699931102,1.583202161497467,1.583202161497467,0.0,1.2537897308005193,0.0008723856822608681,1.1860695304124362,0.00897935145362748,1.1144318632890604,0.0244711372170824,1.1326776485755128,0.028180888563801847,1.2233183954973426,0.09795749014557695,rung5_instance,0.06877613917940344,0,rung3_cell,0.0,1,rung5_instance,0.06877613917940344,0,rung4_shrunk,0.011524608625593749,0,rung5_instance,0.06877613917940344,0,0.2960899811840969,0.08802278755079998,0.04524859102997785,0.0,0.011524608625593749,0.06877613917940344
0,3000,0.3,0.0,0.3,0.0,0,0.0,rung3_cell,0.37215823033895723,1.2907480028973104,1.2907480028973104,0.0,1.0618470176931352,0.00054487889247203,1.0574798863959556,0.006374731058879302,1.0539115298590782,0.018926436836343537,1.0540082463729235,0.016323965082354473,1.1053784249006935,0.06399516420630401,rung5_instance,0.03987369720974877,0,rung3_cell,0.0,1,rung5_instance,0.03987369720974877,0,rung5_instance,0.03987369720974877,0,rung5_instance,0.03987369720974877,0,0.18348777027476407,0.006147976069879138,0.0027645648328469756,0.0,7.493059344515245e-05,0.03987369720974877
1,3000,0.3,0.0,0.3,0.0,0,0.0,rung4_shrunk,0.38421384921108326,1.2882368994246816,1.2882368994246816,0.0,1.066882542932544,0.0005504493550247664,1.068365661988679,0.006461540198081511,1.069049933943997,0.018908576297915376,1.0647041641147956,0.01671724563856093,1.1101492807573574,0.06467440393180277,rung5_instance,0.03527698722405583,0,rung3_cell,0.0033734244308186727,0,rung5_instance,0.03527698722405583,0,rung5_instance,0.03527698722405583,0,rung5_instance,0.03527698722405583,0,0.17351834542987726,0.001690976883771257,0.0028422550817466647,0.0033734244308186727,0.0,0.03527698722405583
2,3000,0.3,0.0,0.3,0.0,0,0.0,rung4_shrunk,0.34701521053771617,1.3218451071271589,1.3218451071271589,0.0,1.0652917253982406,0.0005648551905898854,1.0673908729737518,0.00674481174159038,1.0587843426489907,0.019785885961956556,1.0544577190635622,0.01657129837926561,1.1047210123967752,0.06755390752428246,rung5_instance,0.03802510071883768,0,rung2_series,0.009784167479575518,0,rung5_instance,0.03802510071883768,0,rung5_instance,0.03802510071883768,0,rung5_instance,0.03802510071883768,0,0.20228344956749497,0.008196123945432994,0.009784167479575518,0.003273169876031659,0.0,0.03802510071883768
3,3000,0.3,0.0,0.3,0.0,0,0.0,rung3_cell,0.41383858846401406,1.3322917040734534,1.3322917040734534,0.0,1.0833746100182537,0.0005270222402960017,1.0771169904141078,0.0062596906672617095,1.0692218890797933,0.018987351980131434,1.0733231933790965,0.01725749853673266,1.1319915215171434,0.06267415862825292,rung5_instance,0.04711403084282016,0,rung1_global,0.010622839499179335,0,rung5_instance,0.04711403084282016,0,rung5_instance,0.04711403084282016,0,rung5_instance,0.04711403084282016,0,0.19745661868893258,0.010622839499179335,0.005925955487207026,0.0,0.003078383124929451,0.04711403084282016
4,3000,0.3,0.0,0.3,0.0,0,0.0,rung4_shrunk,0.36251006929240037,1.3166413106822605,1.3166413106822605,0.0,1.0791020888782004,0.0005259003834001317,1.0811551533852295,0.006250376287971253,1.0694313946121585,0.018514750552475836,1.064946739999273,0.015692125463548475,1.1179922065883383,0.06215380984479662,rung5_instance,0.04028847200729116,0,rung3_cell,0.0034061323889053264,0,rung5_instance,0.04028847200729116,0,rung5_instance,0.04028847200729116,0,rung5_instance,0.04028847200729116,0,0.19116411481314063,0.010751104924387028,0.012310424452319259,0.0034061323889053264,0.0,0.04028847200729116
5,3000,0.3,0.0,0.3,0.0,0,0.0,rung2_series,0.3756662941948428,1.2625500892227008,1.2625500892227008,0.0,1.0616616757094806,0.00047592641018358273,1.0611706942728265,0.0056278228944845465,1.0656289003333865,0.016548950938347275,1.0640194458515104,0.014190861467472077,1.1087025240522024,0.054846371800496105,rung5_instance,0.037647480432747994,0,rung1_global,0.0003888807587478168,0,rung5_instance,0.037647480432747994,0,rung5_instance,0.037647480432747994,0,rung5_instance,0.037647480432747994,0,0.15950210345623214,0.0003888807587478168,0.0,0.003531112229618353,0.002256347374255681,0.037647480432747994
6,3000,0.3,0.0,0.3,0.0,0,0.0,rung2_series,0.4006835374594591,1.3634990699021634,1.3634990699021634,0.0,1.0764124297793656,0.0005267528890263683,1.0686382929841927,0.006175799664015485,1.0715567620930828,0.018572831571053543,1.071672506999029,0.01669835589132347,1.1222985010685045,0.062457371097808474,rung5_instance,0.039354781582771566,0,rung2_series,0.0,1,rung5_instance,0.039354781582771566,0,rung5_instance,0.039354781582771566,0,rung5_instance,0.039354781582771566,0,0.21625300920750037,0.005701607699468941,0.0,0.0021404261823952443,0.002225314326803315,0.039354781582771566
7,3000,0.3,0.0,0.3,0.0,0,0.0,rung1_global,0.4133141713029727,1.2644723236105715,1.2644723236105715,0.0,1.0843580092507925,0.0005102299879082506,1.093259060538849,0.006008028339705422,1.0883663464677886,0.017845086541621962,1.0899687229060262,0.016384643463711233,1.1244921434200932,0.05995693786700778,rung5_instance,0.03173982808473162,0,rung2_series,0.007039340539016682,0,rung5_instance,0.03173982808473162,0,rung4_shrunk,0.004437197675638223,0,rung5_instance,0.03173982808473162,0,0.14244227492894504,0.0,0.007039340539016682,0.0031699683276188435,0.004437197675638223,0.03173982808473162
8,3000,0.3,0.0,0.3,0.0,0,0.0,rung4_shrunk,0.3463447725628156,1.333034084255114,1.333034084255114,0.0,1.071317311911663,0.0005327690359148048,1.0722772347203806,0.00634129333084522,1.0620689665060323,0.018581590924275478,1.0595177920002035,0.015621298929924341,1.1135507090014467,0.06404111288210274,rung5_instance,0.040533785024286374,0,rung4_shrunk,0.0,1,rung5_instance,0.040533785024286374,0,rung5_instance,0.040533785024286374,0,rung5_instance,0.040533785024286374,0,0.20518326986946378,0.008851626564412272,0.009571730288732263,0.0019138104088722073,0.0,0.040533785024286374
9,3000,0.3,0.0,0.3,0.0,0,0.0,rung3_cell,0.39757747428716594,1.3142452718548363,1.3142452718548363,0.0,1.0789843040282905,0.0005233296585093729,1.071994798314801,0.006248475979790246,1.0663388376871679,0.01856803579862584,1.0673822268014785,0.01657121329446857,1.1241815933745976,0.06220514611711467,rung5_instance,0.04401214668689229,0,rung2_series,0.004303580730901733,0,rung5_instance,0.04401214668689229,0,rung5_instance,0.04401214668689229,0,rung5_instance,0.04401214668689229,0,0.18863026519988174,0.00962184655477259,0.004303580730901733,0.0,0.0007939074514136233,0.04401214668689229
0,3000,0.3,0.5,0.3,0.0,0,0.0,rung3_cell,0.36334587352625725,1.3140852770461542,1.3140852770461542,0.0,1.087372243661707,0.0005740409946463996,1.0831626265368917,0.006768010855786473,1.077247256060287,0.020100375503927518,1.079037087750274,0.01698347601716909,1.1371443121059863,0.06693081693870588,rung5_instance,0.04558079836366322,0,rung3_cell,0.0,1,rung5_instance,0.04558079836366322,0,rung5_instance,0.04558079836366322,0,rung5_instance,0.04558079836366322,0,0.1802303283682165,0.007704969972861497,0.004501511872883465,0.0,0.001362036179273057,0.04558079836366322
1,3000,0.3,0.5,0.3,0.0,0,0.0,rung4_shrunk,0.3826363986941563,1.3116059195798497,1.3116059195798497,0.0,1.0953617218867886,0.0005717988186277848,1.097918641713673,0.006754279334519658,1.1026797763554133,0.020027094011029728,1.0948337353134912,0.017515155845029745,1.139176755965621,0.06749560516906862,rung5_instance,0.033808188869972715,0,rung3_cell,0.0059820110025391214,0,rung5_instance,0.033808188869972715,0,rung5_instance,0.033808188869972715,0,rung5_instance,0.033808188869972715,0,0.16527234364404042,0.0004025497029371267,0.0023520070732602994,0.0059820110025391214,0.0,0.033808188869972715
2,3000,0.3,0.5,0.3,0.0,0,0.0,rung4_shrunk,0.3645934978954716,1.3536072206889123,1.3536072206889123,0.0,1.1006617008813449,0.0005687174173006328,1.1023884917870146,0.006793911481228168,1.09534596732189,0.019896639859146928,1.0923972560244366,0.01698142611178031,1.1435853555478437,0.06731689514389472,rung5_instance,0.03781606565112377,0,rung1_global,0.006105497023502946,0,rung5_instance,0.03781606565112377,0,rung5_instance,0.03781606565112377,0,rung5_instance,0.03781606565112377,0,0.19297323527244042,0.006105497023502946,0.0073811927196229,0.002178409846212699,0.0,0.03781606565112377
3,3000,0.3,0.5,0.3,0.0,0,0.0,rung3_cell,0.41697713370704653,1.354818129153864,1.354818129153864,0.0,1.1048868814369448,0.0005403224419046985,1.0991263526958737,0.0064161147344536235,1.0940296361058435,0.01938375851412992,1.100224986311705,0.017824038860332143,1.1555177384227728,0.06461839455905154,rung5_instance,0.045384764931755854,0,rung1_global,0.008013802810479143,0,rung5_instance,0.045384764931755854,0,rung5_instance,0.045384764931755854,0,rung5_instance,0.045384764931755854,0,0.1924896688612315,0.008013802810479143,0.0037619193900315525,0.0,0.004572827948302425,0.045384764931755854
4,3000,0.3,0.5,0.3,0.0,0,0.0,rung4_shrunk,0.364516879831926,1.3394108675460936,1.3394108675460936,0.0,1.1078460693794439,0.0005450307694949351,1.1105586896465303,0.006495746123924724,1.0977705881190658,0.01919295876816221,1.095569291045234,0.01643900032711554,1.1531132816939156,0.06538700878843604,rung5_instance,0.0429621649659352,0,rung3_cell,0.0016434815687771938,0,rung5_instance,0.0429621649659352,0,rung5_instance,0.0429621649659352,0,rung5_instance,0.0429621649659352,0,0.182051364826983,0.009165804632227565,0.011191038511400235,0.0016434815687771938,0.0,0.0429621649659352
5,3000,0.3,0.5,0.3,0.0,0,0.0,rung1_global,0.3827302205395914,1.2866502826681139,1.2866502826681139,0.0,1.086104774550332,0.0005158385970629819,1.0896185305763377,0.006082709697551539,1.1004050123827311,0.017971182840163157,1.0946374143032904,0.015520211347810259,1.1360359694098767,0.05920707458408995,rung5_instance,0.038807122286564806,0,rung1_global,0.0,1,rung5_instance,0.038807122286564806,0,rung5_instance,0.038807122286564806,0,rung5_instance,0.038807122286564806,0,0.1558663692995991,0.0,0.0027309332406310408,0.01111431600725632,0.006631669745771416,0.038807122286564806
6,3000,0.3,0.5,0.3,0.0,0,0.0,rung2_series,0.3711750179234964,1.3975296607933139,1.3975296607933139,0.0,1.1087793100090957,0.0005571099749887636,1.1008446144060156,0.006571186016469642,1.1037138647113771,0.019845761541893773,1.103585001392907,0.01683155709610775,1.157233213726434,0.06521064632434569,rung5_instance,0.04034876747332094,0,rung2_series,0.0,1,rung5_instance,0.04034876747332094,0,rung5_instance,0.04034876747332094,0,rung5_instance,0.04034876747332094,0,0.2122924863139461,0.005677658103210467,0.0,0.0020530872337498843,0.0019608793027947563,0.04034876747332094
7,3000,0.3,0.5,0.3,0.0,0,0.0,rung1_global,0.40787474828308734,1.2853319764670508,1.2853319764670508,0.0,1.1025381823009104,0.0005179036266870093,1.1145981481930853,0.006110454573046863,1.1094639719597799,0.01815944357582287,1.105286211965696,0.016445963757173568,1.1396347418390214,0.06058505381604268,rung5_instance,0.028861461643611367,0,rung2_series,0.009382763451761138,0,rung5_instance,0.028861461643611367,0,rung4_shrunk,0.0021379921414070233,0,rung5_instance,0.028861461643611367,0,0.14221523895218074,0.0,0.009382763451761138,0.005388327518238644,0.0021379921414070233,0.028861461643611367
8,3000,0.3,0.5,0.3,0.0,0,0.0,rung4_shrunk,0.34808011056551585,1.365294349495366,1.365294349495366,0.0,1.1050498166666278,0.0005888240847302515,1.1031982734851122,0.007038353578121812,1.0942293014192896,0.020551841265784812,1.0939857861976883,0.01727753880801871,1.1463611685905037,0.07051033643640306,rung5_instance,0.03836197111060646,0,rung3_cell,0.0001783609678684914,0,rung5_instance,0.03836197111060646,0,rung5_instance,0.03836197111060646,0,rung5_instance,0.03836197111060646,0,0.1987180005527435,0.008103769324929086,0.006747619874665886,0.0001783609678684914,0.0,0.03836197111060646
9,3000,0.3,0.5,0.3,0.0,0,0.0,rung3_cell,0.3965040073687811,1.3434840870754239,1.3434840870754239,0.0,1.1080694077202953,0.0005357084516537714,1.1000184819267063,0.006395147386992187,1.0931613811145064,0.01883877600367308,1.0955781331332533,0.01681462898702201,1.1467355849069474,0.06331062573092727,rung5_instance,0.039877066135606,0,rung2_series,0.0051039687616447746,0,rung5_instance,0.039877066135606,0,rung5_instance,0.039877066135606,0,rung5_instance,0.039877066135606,0,0.18632353622128475,0.011096541261044264,0.0051039687616447746,0.0,0.001798869106077567,0.039877066135606
0,3000,0.3,1.0,0.3,0.0,0,0.0,rung4_shrunk,0.39710373343990374,1.3872858879470997,1.3872858879470997,0.0,1.1634194674767873,0.0006421296299835511,1.1587487770986522,0.00759462470802634,1.1529298916155801,0.022448354702217913,1.1527421492965069,0.0197687226254519,1.215771215591289,0.07361916221905292,rung5_instance,0.045433365135756035,0,rung1_global,0.007696552147647553,0,rung5_instance,0.045433365135756035,0,rung5_instance,0.045433365135756035,0,rung5_instance,0.045433365135756035,0,0.1690666218753726,0.007696552147647553,0.004329769266977783,0.00013533066306259262,0.0,0.045433365135756035
1,3000,0.3,1.0,0.3,0.0,0,0.0,rung4_shrunk,0.3679367064468041,1.3867246570445517,1.3867246570445517,0.0,1.175137210524621,0.0006284165260159172,1.1759139747246155,0.007444319185018295,1.1826920694490748,0.02201477631564108,1.1737897253955576,0.01887725627118323,1.2181192540880335,0.07447523318341638,rung5_instance,0.03196707325227265,0,rung3_cell,0.006419691182595875,0,rung5_instance,0.03196707325227265,0,rung5_instance,0.03196707325227265,0,rung5_instance,0.03196707325227265,0,0.15355242337928163,0.0009717034468364989,0.0015318465120430988,0.006419691182595875,0.0,0.03196707325227265
2,3000,0.3,1.0,0.3,0.0,0,0.0,rung3_cell,0.37219443418369635,1.439673590761489,1.439673590761489,0.0,1.1922362181544657,0.0006284466260141679,1.196043889233312,0.007503008809199576,1.1880466188042462,0.02204583673383495,1.1887133590370986,0.018960021747240922,1.2415140420672983,0.07414261213005223,rung5_instance,0.037138573358681586,0,rung2_series,0.005554919170834987,0,rung5_instance,0.037138573358681586,0,rung5_instance,0.037138573358681586,0,rung5_instance,0.037138573358681586,0,0.17478057079879428,0.0029101036353687926,0.005554919170834987,0.0,0.00046311902720931554,0.037138573358681586
3,3000,0.3,1.0,0.3,0.0,0,0.0,rung3_cell,0.3949832527123695,1.431788454354375,1.431788454354375,0.0,1.185531809221073,0.0006309800671905664,1.180907374212323,0.007457575290720821,1.1790995803214286,0.02253451122437318,1.1805247039224678,0.0197441569049017,1.2416443664274135,0.07368358034196516,rung5_instance,0.043682979783621546,0,rung1_global,0.004492443614894755,0,rung5_instance,0.043682979783621546,0,rung5_instance,0.043682979783621546,0,rung5_instance,0.043682979783621546,0,0.17648478255601624,0.004492443614894755,0.0012626124239209942,0.0,0.0009953450851660978,0.043682979783621546
4,3000,0.3,1.0,0.3,0.0,0,0.0,rung4_shrunk,0.37107782667030564,1.4148994552991607,1.4148994552991607,0.0,1.1872627170320371,0.00065409593994674,1.190096348879312,0.00778300972901523,1.1790706626407759,0.02283140700812273,1.177550215310208,0.019664799379971676,1.2371178140867642,0.07722650790985836,rung5_instance,0.042100234439599475,0,rung3_cell,0.0010745974386189932,0,rung5_instance,0.042100234439599475,0,rung5_instance,0.042100234439599475,0,rung5_instance,0.042100234439599475,0,0.1677498984821989,0.006864446576365077,0.008867155558026023,0.0010745974386189932,0.0,0.042100234439599475
5,3000,0.3,1.0,0.3,0.0,0,0.0,rung1_global,0.38966952632378016,1.3544455250270158,1.3544455250270158,0.0,1.151988906294908,0.0005768965410827848,1.154216940353224,0.006804068352858009,1.166316536087832,0.019911668587460424,1.1585071922397947,0.017295049259153466,1.1975103784956604,0.06505357646150849,rung5_instance,0.03360893543492231,0,rung1_global,0.0,1,rung5_instance,0.03360893543492231,0,rung5_instance,0.03360893543492231,0,rung5_instance,0.03360893543492231,0,0.1494756451929431,0.0,0.0016449787142761786,0.010578225205947825,0.0048125124447191536,0.03360893543492231
6,3000,0.3,1.0,0.3,0.0,0,0.0,rung2_series,0.37498677124135316,1.4894054524140492,1.4894054524140492,0.0,1.2009516332538535,0.0006103356274988083,1.1941549262761049,0.007219758598914324,1.1992171047860132,0.022028795097249122,1.1967456860441188,0.018625197745515975,1.2498915410794933,0.07125719011867311,rung5_instance,0.03742205637360179,0,rung2_series,0.0,1,rung5_instance,0.03742205637360179,0,rung5_instance,0.03742205637360179,0,rung5_instance,0.03742205637360179,0,0.19823381582187588,0.004563369206640403,0.0,0.003398791445071898,0.0017394590330086334,0.03742205637360179
7,3000,0.3,1.0,0.3,0.0,0,0.0,rung1_global,0.40373642389496295,1.347793676637823,1.347793676637823,0.0,1.1679144148314735,0.0006034479855645044,1.1763125999381148,0.007113059709556809,1.17104557224417,0.02099547027137508,1.171781954685675,0.01870147259832044,1.2074425996932228,0.06893701873960417,rung5_instance,0.029328068195389825,0,rung1_global,0.0,1,rung5_instance,0.029328068195389825,0,rung4_shrunk,0.0028695340549818346,0,rung5_instance,0.029328068195389825,0,0.13346201642307176,0.0,0.006231061365112786,0.002323172653923816,0.0028695340549818346,0.029328068195389825
8,3000,0.3,1.0,0.3,0.0,0,0.0,rung3_cell,0.36769741388987637,1.4539871547507643,1.4539871547507643,0.0,1.1962744010136743,0.0006664873196628282,1.1949177516449296,0.007961322772589523,1.187216223459327,0.023166397468420127,1.1878945538218832,0.019947173375152172,1.2538025685435952,0.07903096136911983,rung5_instance,0.045795690055929004,0,rung3_cell,0.0,1,rung5_instance,0.045795690055929004,0,rung5_instance,0.045795690055929004,0,rung5_instance,0.045795690055929004,0,0.18347543884400125,0.006229888293545444,0.0052968337171608,0.0,0.0004665311934426496,0.045795690055929004
9,3000,0.3,1.0,0.3,0.0,0,0.0,rung3_cell,0.3990329227868328,1.427276613474511,1.427276613474511,0.0,1.1906208358765904,0.0006178042607692767,1.1824268882383828,0.007386637810147591,1.1754041901156405,0.02173788435961817,1.1788471338798725,0.01939621489024783,1.2378935776597337,0.07250849232097856,rung5_instance,0.04378225422749088,0,rung2_series,0.004920348344842953,0,rung5_instance,0.04378225422749088,0,rung5_instance,0.04378225422749088,0,rung5_instance,0.04378225422749088,0,0.1764706441491543,0.010661315134917741,0.004920348344842953,0.0,0.002412247024667954,0.04378225422749088
0,3000,0.3,2.0,0.3,0.0,0,0.0,rung4_shrunk,0.36438577420350315,1.6608965183376152,1.6608965183376152,0.0,1.3790884745948497,0.0009188044535366385,1.374224479332858,0.010739206854111323,1.3691222798633844,0.031971747474674274,1.3683431320046608,0.026925355882943633,1.4395908207384334,0.1055046931718841,rung5_instance,0.04289712691136474,0,rung1_global,0.006469603898588372,0,rung5_instance,0.04289712691136474,0,rung5_instance,0.04289712691136474,0,rung5_instance,0.04289712691136474,0,0.1761418505625925,0.006469603898588372,0.0035410678890962664,0.00046911282558615894,0.0,0.04289712691136474
1,3000,0.3,2.0,0.3,0.0,0,0.0,rung1_global,0.3973564905753897,1.660891436563782,1.660891436563782,0.0,1.3912572311497822,0.0008611213828368518,1.3952729422820105,0.010357642129721034,1.4065756014717818,0.030649177439931043,1.3954320195083934,0.02699244196908939,1.461148456739684,0.10045651521241206,rung5_instance,0.04208055027034142,0,rung3_cell,0.009222981096038311,0,rung5_instance,0.04208055027034142,0,rung4_shrunk,0.0025135829270385066,0,rung5_instance,0.04208055027034142,0,0.16234306437984045,0.0,0.002417804706451146,0.009222981096038311,0.0025135829270385066,0.04208055027034142
2,3000,0.3,2.0,0.3,0.0,0,0.0,rung3_cell,0.40239884884657406,1.7452844913454422,1.7452844913454422,0.0,1.4255928680905385,0.0009047357789398893,1.427268288516851,0.010739019496053565,1.4207911842290464,0.03178743426159605,1.4223876938488929,0.02848851746685363,1.481310522979675,0.10582911673681582,rung5_instance,0.03467591619058862,0,rung1_global,0.0027512327562084346,0,rung5_instance,0.03467591619058862,0,rung4_shrunk,0.0009147560914929831,0,rung5_instance,0.03467591619058862,0,0.18592573802466064,0.0027512327562084346,0.0037112025689356076,0.0,0.0009147560914929831,0.03467591619058862
3,3000,0.3,2.0,0.3,0.0,0,0.0,rung4_shrunk,0.3795170519365682,1.7204098734134023,1.7204098734134023,0.0,1.4103860269650665,0.0008835018748925816,1.4048688068021082,0.010312758398433316,1.4081093184598852,0.03115792340676906,1.4014832483625959,0.026315137032700046,1.4732193990541365,0.09941711796804147,rung5_instance,0.04169712799265185,0,rung1_global,0.005174800923925766,0,rung5_instance,0.04169712799265185,0,rung5_instance,0.04169712799265185,0,rung5_instance,0.04169712799265185,0,0.18537828105928958,0.005174800923925766,0.001967878987345742,0.003851448541237899,0.0,0.04169712799265185
4,3000,0.3,2.0,0.3,0.0,0,0.0,rung4_shrunk,0.3966162078050489,1.699639402663675,1.699639402663675,0.0,1.4121116361350174,0.0008907764290026502,1.416570059798824,0.010463556437404991,1.4024229415380243,0.030418795865436648,1.4016086939689294,0.02718194446494073,1.4823282429107665,0.10239580664891881,rung5_instance,0.04749216146397489,0,rung3_cell,0.000479070776906433,0,rung5_instance,0.04749216146397489,0,rung4_shrunk,0.0,1,rung5_instance,0.04749216146397489,0,0.17534937600744713,0.006179512048042565,0.00880267061733633,0.000479070776906433,0.0,0.04749216146397489
5,3000,0.3,2.0,0.3,0.0,0,0.0,rung1_global,0.37865847358194804,1.5982428984189119,1.5982428984189119,0.0,1.338329827906923,0.0008034581738686441,1.3420645584643482,0.009465821381780763,1.3590708373313107,0.027832809583860602,1.348630301337463,0.0235692862606893,1.4017121647055049,0.08943928148525375,rung5_instance,0.03965751192217652,0,rung1_global,0.0,1,rung5_instance,0.03965751192217652,0,rung5_instance,0.03965751192217652,0,rung5_instance,0.03965751192217652,0,0.16262426116149947,0.0,0.0023367728153962024,0.012977382502313147,0.006444873580060949,0.03965751192217652
6,3000,0.3,2.0,0.3,0.0,0,0.0,rung2_series,0.38349848912048284,1.8173549930883528,1.8173549930883528,0.0,1.4526253021170272,0.0008639019642745078,1.4443308921121154,0.01017797823441198,1.4534172960210243,0.031147490557330848,1.4479496033353305,0.026442651179190806,1.5091051985612947,0.09930093141399264,rung5_instance,0.0356420769170166,0,rung1_global,0.004564000999505649,0,rung5_instance,0.0356420769170166,0,rung5_instance,0.0356420769170166,0,rung5_instance,0.0356420769170166,0,0.20525659675456837,0.004564000999505649,0.0,0.004999795826058056,0.0019911966770265353,0.0356420769170166
7,3000,0.3,2.0,0.3,0.0,0,0.0,rung4_shrunk,0.4045418068828808,1.580876435157176,1.580876435157176,0.0,1.3511495094789128,0.0009054026855935809,1.3586417793187757,0.010724961739712954,1.3505937922110072,0.031031756875347427,1.3494109558488472,0.026873173565795196,1.4017848999430087,0.09697423915381853,rung5_instance,0.03312968865207629,0,rung1_global,0.0010997403664206899,0,rung5_instance,0.03312968865207629,0,rung4_shrunk,0.0,1,rung5_instance,0.03312968865207629,0,0.14641592104275739,0.0010997403664206899,0.005839054378092985,0.0007482155694492262,0.0,0.03312968865207629
8,3000,0.3,2.0,0.3,0.0,0,0.0,rung4_shrunk,0.3553159901120405,1.7723337447530134,1.7723337447530134,0.0,1.4447140408704946,0.0010413218702910382,1.444507211882965,0.012441333168424412,1.4402329279415287,0.036514475086820014,1.4360210649194753,0.030067252575923555,1.5102727849994537,0.11795060012630236,rung5_instance,0.041894885937708,0,rung3_cell,0.002376450278917582,0,rung5_instance,0.041894885937708,0,rung4_shrunk,0.0,1,rung5_instance,0.041894885937708,0,0.18975696921033658,0.004904818845070672,0.004788120176920851,0.002376450278917582,0.0,0.041894885937708
9,3000,0.3,2.0,0.3,0.0,0,0.0,rung3_cell,0.4173436862310416,1.7284340025230722,1.7284340025230722,0.0,1.427733649609002,0.0008485361290763662,1.4173016477703422,0.010126179067336446,1.4116343408028578,0.029216081219644082,1.4159225279216707,0.026980517207339745,1.4860290684229391,0.09795850964415664,rung5_instance,0.043041694106621405,0,rung2_series,0.0032788680153315593,0,rung5_instance,0.043041694106621405,0,rung4_shrunk,0.002480966651057142,0,rung5_instance,0.043041694106621405,0,0.18328710338825077,0.00931439024148068,0.0032788680153315593,0.0,0.002480966651057142,0.043041694106621405
0,300,0.3,0.0,0.3,0.0,0,0.0,rung1_global,0.43675071553864414,1.2739073927856188,1.2739073927856188,0.0,1.071923589529159,0.006921600415899632,1.0970603307448783,0.06926615543732911,1.071923589529159,0.1737423524397366,1.0946526698784267,0.06855169548598632,1.170616408916395,0.07041621425517414,rung5_instance,0.07747252268583445,0,rung1_global,0.0,1,rung5_instance,0.07747252268583445,0,rung5_instance,0.07747252268583445,0,rung5_instance,0.07747252268583445,0,0.15855454203369312,0.0,0.019732000424892315,0.0,0.017842019347706756,0.07747252268583445
1,300,0.3,0.0,0.3,0.0,0,0.0,rung1_global,0.417987480607053,1.3309099336536354,1.3309099336536354,0.0,1.0920425668151754,0.005826917107001524,1.0940094887238798,0.06941162088716113,1.0920425668151754,0.17092676584992242,1.1274965573177678,0.06995740663555826,1.1995735137252022,0.06901536279397821,rung5_instance,0.0807950592230017,0,rung1_global,0.0,1,rung5_instance,0.0807950592230017,0,rung5_instance,0.0807950592230017,0,rung5_instance,0.0807950592230017,0,0.17947673302183376,0.0,0.001477877547509751,0.0,0.026638910422182725,0.0807950592230017
2,300,0.3,0.0,0.3,0.0,0,0.0,rung1_global,0.36230361899577396,1.3183012735784942,1.3183012735784942,0.0,1.0686902675163628,0.006248476959156324,1.0807165554228593,0.07657918770057959,1.0686902675163628,0.2063558826331726,1.0919378318757584,0.09371608899600437,1.1597521355628193,0.07465945405844301,rung5_instance,0.06907515745567892,0,rung4_shrunk,0.017634485246525458,0,rung5_instance,0.06907515745567892,0,rung5_instance,0.06907515745567892,0,rung5_instance,0.06907515745567892,0,0.18934291505656287,0.0,0.009122564126674526,0.0,0.017634485246525458,0.06907515745567892
3,300,0.3,0.0,0.3,0.0,0,0.0,rung1_global,0.4689228063297574,1.3180552166535813,1.3180552166535813,0.0,1.0957300741718168,0.005817288610598893,1.1058110496770304,0.06715978894794691,1.0957300741718168,0.18323119523777437,1.125236002164891,0.06703627951320906,1.1653704031067573,0.06984084789102274,rung5_instance,0.052835668836204615,0,rung1_global,0.0,1,rung5_instance,0.052835668836204615,0,rung5_instance,0.052835668836204615,0,rung5_instance,0.052835668836204615,0,0.16867665305117277,0.0,0.007648371159144787,0.0,0.022385957447205486,0.052835668836204615
4,300,0.3,0.0,0.3,0.0,0,0.0,rung1_global,0.444350821178035,1.2992332468975196,1.2992332468975196,0.0,1.0776922733603638,0.004750776595310851,1.080641479746101,0.05527527328869534,1.0776922733603638,0.14224239883172118,1.1143490606436819,0.05513875743531115,1.1931674962945722,0.05683523822191483,rung5_instance,0.0888795165994677,0,rung1_global,0.0,1,rung5_instance,0.0888795165994677,0,rung5_instance,0.0888795165994677,0,rung5_instance,0.0888795165994677,0,0.1705167059619053,0.0,0.0022699591415011595,0.0,0.02821416968111925,0.0888795165994677
5,300,0.3,0.0,0.3,0.0,0,0.0,rung1_global,0.4832226520041582,1.2744466731327133,1.2744466731327133,0.0,1.0786269871904017,0.0036817592251834424,1.087384068757322,0.041121772486283806,1.0786269871904017,0.11233431811747517,1.1049742881713047,0.04008791473957238,1.1591840175474237,0.04320284786931331,rung5_instance,0.06320941633360383,0,rung1_global,0.0,1,rung5_instance,0.06320941633360383,0,rung5_instance,0.06320941633360383,0,rung5_instance,0.06320941633360383,0,0.15365074904308693,0.0,0.006871281279580321,0.0,0.02067352172228499,0.06320941633360383
6,300,0.3,0.0,0.3,0.0,0,0.0,rung1_global,0.42346126333646034,1.3600680859233099,1.3600680859233099,0.0,1.079574027460219,0.00497733119012518,1.079574027460219,0.056627613670063866,1.079574027460219,0.15265316110835517,1.1085982200607378,0.06188895002680597,1.1836681959607596,0.06216565327522598,rung5_instance,0.0765359981444415,0,rung1_global,0.0,1,rung5_instance,0.0765359981444415,0,rung5_instance,0.0765359981444415,0,rung5_instance,0.0765359981444415,0,0.20623530642781882,0.0,0.0,0.0,0.02134024972787678,0.0765359981444415
7,300,0.3,0.0,0.3,0.0,0,0.0,rung1_global,0.4961776498755304,1.2574214146507001,1.2574214146507001,0.0,1.0694743060619107,0.005225050701112881,1.0747580843871107,0.06150045445120981,1.0694743060619107,0.16667361316907345,1.1143481944377038,0.057573140406407215,1.149140291921274,0.06200526788247858,rung5_instance,0.06335663201782978,0,rung4_shrunk,0.035687230909979877,0,rung5_instance,0.06335663201782978,0,rung5_instance,0.06335663201782978,0,rung5_instance,0.06335663201782978,0,0.1494702622358307,0.0,0.00420207439100103,0.0,0.035687230909979877,0.06335663201782978
8,300,0.3,0.0,0.3,0.0,0,0.0,rung1_global,0.44882108787065017,1.3444915008352165,1.3444915008352165,0.0,1.0894568642938456,0.00574794710316013,1.0922947006315755,0.06624948720144093,1.0894568642938456,0.19544600317025365,1.1281413416225783,0.07302001963033679,1.1946483369152316,0.06773159261498243,rung5_instance,0.07823885279753698,0,rung1_global,0.0,1,rung5_instance,0.07823885279753698,0,rung5_instance,0.07823885279753698,0,rung5_instance,0.07823885279753698,0,0.18968854498740967,0.0,0.0021107134823589698,0.0,0.028772571120532466,0.07823885279753698
9,300,0.3,0.0,0.3,0.0,0,0.0,rung2_series,0.5297820352208183,1.3371283637183344,1.3371283637183344,0.0,1.1084671234745396,0.005914333341373596,1.1056513118325093,0.06394959963195318,1.1084671234745396,0.1990762432834297,1.1733035448781106,0.06367907795711393,1.2165767399186904,0.0700552533620071,rung5_instance,0.08295795010863109,0,rung1_global,0.0021058648656587867,0,rung5_instance,0.08295795010863109,0,rung5_instance,0.08295795010863109,0,rung5_instance,0.08295795010863109,0,0.17311505624046852,0.0021058648656587867,0.0,0.0021058648656587867,0.05059516713673738,0.08295795010863109
0,600,0.3,0.0,0.3,0.0,0,0.0,rung1_global,0.3369231924799232,1.2768292916085549,1.2768292916085549,0.0,1.0529586429726498,0.002107810373195153,1.058442614911993,0.02506541287387696,1.0529586429726498,0.07149980105077086,1.0625280945269624,0.037286926375065726,1.1336172992059743,0.051538849987612455,rung5_instance,0.06317105721447724,0,rung1_global,0.0,1,rung5_instance,0.06317105721447724,0,rung5_instance,0.06317105721447724,0,rung5_instance,0.06317105721447724,0,0.17533326507091002,0.0,0.004294992271390018,0.0,0.007494699265754557,0.06317105721447724
1,600,0.3,0.0,0.3,0.0,0,0.0,rung1_global,0.3851725340807202,1.3132598245674902,1.3132598245674902,0.0,1.0812753718158448,0.0026042838551357693,1.0861451082627978,0.03151410573417624,1.0812753718158448,0.09368440338880361,1.0953010094900935,0.0448964710123042,1.1657857298114334,0.06391683476928647,rung5_instance,0.06435159015347271,0,rung1_global,0.0,1,rung5_instance,0.06435159015347271,0,rung5_instance,0.06435159015347271,0,rung5_instance,0.06435159015347271,0,0.176647795365283,0.0,0.0037081287006985003,0.0,0.01068001732168111,0.06435159015347271
2,600,0.3,0.0,0.3,0.0,0,0.0,rung1_global,0.4374983839963229,1.3339656383420708,1.3339656383420708,0.0,1.0675861474414903,0.0022946840524985896,1.0828210658578001,0.025739938634576118,1.0675861474414903,0.07708587645189535,1.0909070409718988,0.034496514798258535,1.1607661214193743,0.05279867411259888,rung5_instance,0.06985185472520375,0,rung1_global,0.0,1,rung5_instance,0.06985185472520375,0,rung5_instance,0.06985185472520375,0,rung5_instance,0.06985185472520375,0,0.19968991947322742,0.0,0.01142077275337069,0.0,0.017482379500714205,0.06985185472520375
3,600,0.3,0.0,0.3,0.0,0,0.0,rung1_global,0.4732826629172334,1.3235237985575772,1.3235237985575772,0.0,1.0858982225857423,0.0024954668363253154,1.101519874968098,0.028479562843147517,1.0858982225857423,0.0821527359066717,1.116096905289658,0.03658123835485942,1.179585428017853,0.06156128058592014,rung5_instance,0.07078618875929117,0,rung4_shrunk,0.02281687925583762,0,rung5_instance,0.07078618875929117,0,rung4_shrunk,0.02281687925583762,0,rung5_instance,0.07078618875929117,0,0.1795400855132394,0.0,0.011803076302353312,0.0,0.02281687925583762,0.07078618875929117
4,600,0.3,0.0,0.3,0.0,0,0.0,rung1_global,0.39648705426645864,1.314063626708634,1.314063626708634,0.0,1.0759678404760822,0.002476829910513956,1.0878954928799864,0.030957695331564863,1.0759678404760822,0.08753615840602724,1.093999065222204,0.04096080587922095,1.1655082000802126,0.05774543435315346,rung5_instance,0.06814004876491732,0,rung1_global,0.0,1,rung5_instance,0.06814004876491732,0,rung5_instance,0.06814004876491732,0,rung5_instance,0.06814004876491732,0,0.1811904548556115,0.0,0.009076921513899387,0.0,0.01372172882624038,0.06814004876491732
5,600,0.3,0.0,0.3,0.0,0,0.0,rung2_series,0.39863209997294524,1.280954415818878,1.280954415818878,0.0,1.0855395610583396,0.0026273691894470458,1.0853073389801327,0.03239317029040738,1.0855395610583396,0.09110704716066262,1.0979127181229635,0.04332387128162808,1.164551630039123,0.06529339453258955,rung5_instance,0.06186347467199424,0,rung1_global,0.0001812883232526991,0,rung5_instance,0.06186347467199424,0,rung5_instance,0.06186347467199424,0,rung5_instance,0.06186347467199424,0,0.15273539356486282,0.0001812883232526991,0.0,0.0001812883232526991,0.00984061492521779,0.06186347467199424
6,600,0.3,0.0,0.3,0.0,0,0.0,rung1_global,0.3950038351867491,1.3451808029917955,1.3451808029917955,0.0,1.075968838685817,0.0026283996442988456,1.1022093767030816,0.03183275393992272,1.075968838685817,0.08975946447181854,1.0967475567999343,0.0424786572512118,1.1685473365682701,0.061686773932799366,rung5_instance,0.06882234542490549,0,rung2_series,0.01950707143523264,0,rung5_instance,0.06882234542490549,0,rung5_instance,0.06882234542490549,0,rung5_instance,0.06882234542490549,0,0.20013069150795817,0.0,0.01950707143523264,0.0,0.015446784601671109,0.06882234542490549
7,600,0.3,0.0,0.3,0.0,0,0.0,rung1_global,0.3771756910308258,1.257750495320084,1.257750495320084,0.0,1.0753100912239817,0.0025192894765260726,1.0875171349289665,0.028575060233879044,1.0753100912239817,0.09064003635115042,1.0838642968527106,0.04324114001283037,1.1268330311546644,0.05680351002274865,rung5_instance,0.040964356700627376,0,rung1_global,0.0,1,rung5_instance,0.040964356700627376,0,rung5_instance,0.040964356700627376,0,rung5_instance,0.040964356700627376,0,0.14505293758574364,0.0,0.009705457282987004,0.0,0.006801194402671995,0.040964356700627376
8,600,0.3,0.0,0.3,0.0,0,0.0,rung1_global,0.36441506096186044,1.3464804005987516,1.3464804005987516,0.0,1.0781431374040829,0.0029875487088233555,1.0906849419916822,0.03489864401486552,1.0781431374040829,0.09605595594243548,1.0903914354131463,0.04858357535801018,1.166472006355974,0.07364566882267451,rung5_instance,0.06559981780099663,0,rung1_global,0.0,1,rung5_instance,0.06559981780099663,0,rung5_instance,0.06559981780099663,0,rung5_instance,0.06559981780099663,0,0.19928790873996,0.0,0.009314509577727437,0.0,0.009096528997835321,0.06559981780099663
9,600,0.3,0.0,0.3,0.0,0,0.0,rung1_global,0.481117185843764,1.3233624802040675,1.3233624802040675,0.0,1.1034275912566764,0.0026333747568610035,1.1149932188721756,0.031661762485479805,1.1034275912566764,0.09171159808046318,1.138302456054163,0.03963395326877145,1.1730673318642009,0.06454978226358957,rung5_instance,0.05262333007717259,0,rung1_global,0.0,1,rung5_instance,0.05262333007717259,0,rung5_instance,0.05262333007717259,0,rung5_instance,0.05262333007717259,0,0.16619398859900902,0.0,0.00873957648679575,0.0,0.026353221675219887,0.05262333007717259
0,1500,0.3,0.0,0.3,0.0,0,0.0,rung2_series,0.3782550791440858,1.2883824151699994,1.2883824151699994,0.0,1.0694381595288573,0.0009998417382369583,1.0692801647307892,0.011981774801152431,1.0827836074896804,0.035658307348739676,1.0769933841187562,0.022380512078020515,1.1338750387788368,0.06008094893235598,rung5_instance,0.050136413915215054,0,rung1_global,0.00012263035897401562,0,rung5_instance,0.050136413915215054,0,rung5_instance,0.050136413915215054,0,rung5_instance,0.050136413915215054,0,0.17005995103581112,0.00012263035897401562,0.0,0.010480927556830553,0.0059867468673493515,0.050136413915215054
1,1500,0.3,0.0,0.3,0.0,0,0.0,rung1_global,0.41878081890936214,1.3113714846224753,1.3113714846224753,0.0,1.079856967130782,0.00114271458979052,1.085269463723203,0.013280107310934711,1.084270093278062,0.03857877922578126,1.0851614177033355,0.02482672717070471,1.153407800321793,0.06725045635170385,rung5_instance,0.05608695480532358,0,rung1_global,0.0,1,rung5_instance,0.05608695480532358,0,rung4_shrunk,0.004044964096562263,0,rung5_instance,0.05608695480532358,0,0.17654380944415832,0.0,0.004127355715668252,0.003365275361733544,0.004044964096562263,0.05608695480532358
2,1500,0.3,0.0,0.3,0.0,0,0.0,rung1_global,0.4300095094507999,1.313348464918666,1.313348464918666,0.0,1.059690410341308,0.001080308652568537,1.0694808092618893,0.01305586578518774,1.0709514864094754,0.037228250980221964,1.0695023229546599,0.023846734814462284,1.1288051464968456,0.06355413678248112,rung5_instance,0.052624827303405515,0,rung1_global,0.0,1,rung5_instance,0.052624827303405515,0,rung5_instance,0.052624827303405515,0,rung5_instance,0.052624827303405515,0,0.19313842544679613,0.0,0.007454532579963466,0.008574324612976702,0.007470913375575028,0.052624827303405515
3,1500,0.3,0.0,0.3,0.0,0,0.0,rung4_shrunk,0.3849422463846962,1.3339751282655918,1.3339751282655918,0.0,1.0793205857044423,0.0010102338232172686,1.0832039197809131,0.012318125009146431,1.0844313743233145,0.036815045109710905,1.079284618139041,0.022678301640437794,1.1398967934968682,0.05905847193549151,rung5_instance,0.04543726046574348,0,rung1_global,2.6962695659945922e-05,0,rung5_instance,0.04543726046574348,0,rung5_instance,0.04543726046574348,0,rung5_instance,0.04543726046574348,0,0.1909259810995835,2.6962695659945922e-05,0.0029380620064243263,0.0038582100034842675,0.0,0.04543726046574348
4,1500,0.3,0.0,0.3,0.0,0,0.0,rung3_cell,0.4102387386096119,1.3142962782075203,1.3142962782075203,0.0,1.0764464971855396,0.0010031473803556307,1.0774464763775862,0.0118764449372693,1.0667476370504119,0.03493900938607573,1.0696432975008883,0.02224934954114797,1.139132602920038,0.059995078582080454,rung5_instance,0.05507507482890161,0,rung1_global,0.0073795081793546526,0,rung5_instance,0.05507507482890161,0,rung5_instance,0.05507507482890161,0,rung5_instance,0.05507507482890161,0,0.18835071304829626,0.0073795081793546526,0.008140355796917973,0.0,0.0022032021991461436,0.05507507482890161
5,1500,0.3,0.0,0.3,0.0,0,0.0,rung1_global,0.37342074310747503,1.2779513322707452,1.2779513322707452,0.0,1.068654881354129,0.0009318780230103965,1.0758152602122228,0.011277812429155617,1.0814368770230935,0.032532024587676296,1.076129131401445,0.020354202722343437,1.130754121837307,0.054374017750918976,rung5_instance,0.04859280546531929,0,rung1_global,0.0,1,rung5_instance,0.04859280546531929,0,rung5_instance,0.04859280546531929,0,rung5_instance,0.04859280546531929,0,0.16377497767831656,0.0,0.005603013727737835,0.010001942441933746,0.005848618690380972,0.04859280546531929
6,1500,0.3,0.0,0.3,0.0,0,0.0,rung2_series,0.37575678456631234,1.344888796383262,1.344888796383262,0.0,1.0694197948170414,0.0012051151305929153,1.0681354678534407,0.014373377748102802,1.0801983543043117,0.042078928955599275,1.0710014814542324,0.026636155415878028,1.132968181344451,0.07251665353202132,rung5_instance,0.048206746658431124,0,rung2_series,0.0,1,rung5_instance,0.048206746658431124,0,rung5_instance,0.048206746658431124,0,rung5_instance,0.048206746658431124,0,0.2057815703975521,0.0009549688918924551,0.0,0.00896943039700459,0.0021310413236388446,0.048206746658431124
7,1500,0.3,0.0,0.3,0.0,0,0.0,rung1_global,0.4090460812055128,1.251667764708405,1.251667764708405,0.0,1.07646769161078,0.0009378079458071334,1.0772834404815497,0.011372702445881943,1.0892307051088435,0.03400146042331266,1.0838072068290132,0.021233519435372862,1.1305337383942708,0.0559370079321421,rung5_instance,0.04319520587484836,0,rung1_global,0.0,1,rung5_instance,0.04319520587484836,0,rung4_shrunk,0.005863788638787087,0,rung5_instance,0.04319520587484836,0,0.13997330444827777,0.0,0.0006517295513795302,0.010196806099769416,0.005863788638787087,0.04319520587484836
8,1500,0.3,0.0,0.3,0.0,0,0.0,rung2_series,0.4016156331672394,1.347977358118795,1.347977358118795,0.0,1.085790524912173,0.00114039519911364,1.082504084804179,0.01362561770967688,1.0832059237491196,0.038574501584957066,1.0832383520812208,0.024836916472728263,1.141924421839317,0.06835161611642779,rung5_instance,0.04408110913529264,0,rung1_global,0.0024380529006664087,0,rung5_instance,0.04408110913529264,0,rung5_instance,0.04408110913529264,0,rung5_instance,0.04408110913529264,0,0.19694193801971888,0.0024380529006664087,0.0,0.0005206607816619124,0.0005447178119271755,0.04408110913529264
9,1500,0.3,0.0,0.3,0.0,0,0.0,rung2_series,0.3924800616097505,1.3070586288808095,1.3070586288808095,0.0,1.0753983730342624,0.0010267858159000469,1.068248110516256,0.012141313557395056,1.0796979283902728,0.037165608158534355,1.074230774364171,0.023076253012723903,1.1286044941266313,0.06075770124916982,rung5_instance,0.04617725806382264,0,rung2_series,0.0,1,rung5_instance,0.04617725806382264,0,rung5_instance,0.04617725806382264,0,rung5_instance,0.04617725806382264,0,0.18270834458974416,0.005470498690735062,0.0,0.00875998797683687,0.004577196244852283,0.04617725806382264
0,3000,0.3,0.0,0.3,0.0,0,0.0,rung3_cell,0.37215823033895723,1.2907480028973104,1.2907480028973104,0.0,1.0618470176931352,0.00054487889247203,1.0574798863959556,0.006374731058879302,1.0539115298590782,0.018926436836343537,1.0540082463729235,0.016323965082354473,1.1053784249006935,0.06399516420630401,rung5_instance,0.03987369720974877,0,rung3_cell,0.0,1,rung5_instance,0.03987369720974877,0,rung5_instance,0.03987369720974877,0,rung5_instance,0.03987369720974877,0,0.18348777027476407,0.006147976069879138,0.0027645648328469756,0.0,7.493059344515245e-05,0.03987369720974877
1,3000,0.3,0.0,0.3,0.0,0,0.0,rung4_shrunk,0.38421384921108326,1.2882368994246816,1.2882368994246816,0.0,1.066882542932544,0.0005504493550247664,1.068365661988679,0.006461540198081511,1.069049933943997,0.018908576297915376,1.0647041641147956,0.01671724563856093,1.1101492807573574,0.06467440393180277,rung5_instance,0.03527698722405583,0,rung3_cell,0.0033734244308186727,0,rung5_instance,0.03527698722405583,0,rung5_instance,0.03527698722405583,0,rung5_instance,0.03527698722405583,0,0.17351834542987726,0.001690976883771257,0.0028422550817466647,0.0033734244308186727,0.0,0.03527698722405583
2,3000,0.3,0.0,0.3,0.0,0,0.0,rung4_shrunk,0.34701521053771617,1.3218451071271589,1.3218451071271589,0.0,1.0652917253982406,0.0005648551905898854,1.0673908729737518,0.00674481174159038,1.0587843426489907,0.019785885961956556,1.0544577190635622,0.01657129837926561,1.1047210123967752,0.06755390752428246,rung5_instance,0.03802510071883768,0,rung2_series,0.009784167479575518,0,rung5_instance,0.03802510071883768,0,rung5_instance,0.03802510071883768,0,rung5_instance,0.03802510071883768,0,0.20228344956749497,0.008196123945432994,0.009784167479575518,0.003273169876031659,0.0,0.03802510071883768
3,3000,0.3,0.0,0.3,0.0,0,0.0,rung3_cell,0.41383858846401406,1.3322917040734534,1.3322917040734534,0.0,1.0833746100182537,0.0005270222402960017,1.0771169904141078,0.0062596906672617095,1.0692218890797933,0.018987351980131434,1.0733231933790965,0.01725749853673266,1.1319915215171434,0.06267415862825292,rung5_instance,0.04711403084282016,0,rung1_global,0.010622839499179335,0,rung5_instance,0.04711403084282016,0,rung5_instance,0.04711403084282016,0,rung5_instance,0.04711403084282016,0,0.19745661868893258,0.010622839499179335,0.005925955487207026,0.0,0.003078383124929451,0.04711403084282016
4,3000,0.3,0.0,0.3,0.0,0,0.0,rung4_shrunk,0.36251006929240037,1.3166413106822605,1.3166413106822605,0.0,1.0791020888782004,0.0005259003834001317,1.0811551533852295,0.006250376287971253,1.0694313946121585,0.018514750552475836,1.064946739999273,0.015692125463548475,1.1179922065883383,0.06215380984479662,rung5_instance,0.04028847200729116,0,rung3_cell,0.0034061323889053264,0,rung5_instance,0.04028847200729116,0,rung5_instance,0.04028847200729116,0,rung5_instance,0.04028847200729116,0,0.19116411481314063,0.010751104924387028,0.012310424452319259,0.0034061323889053264,0.0,0.04028847200729116
5,3000,0.3,0.0,0.3,0.0,0,0.0,rung2_series,0.3756662941948428,1.2625500892227008,1.2625500892227008,0.0,1.0616616757094806,0.00047592641018358273,1.0611706942728265,0.0056278228944845465,1.0656289003333865,0.016548950938347275,1.0640194458515104,0.014190861467472077,1.1087025240522024,0.054846371800496105,rung5_instance,0.037647480432747994,0,rung1_global,0.0003888807587478168,0,rung5_instance,0.037647480432747994,0,rung5_instance,0.037647480432747994,0,rung5_instance,0.037647480432747994,0,0.15950210345623214,0.0003888807587478168,0.0,0.003531112229618353,0.002256347374255681,0.037647480432747994
6,3000,0.3,0.0,0.3,0.0,0,0.0,rung2_series,0.4006835374594591,1.3634990699021634,1.3634990699021634,0.0,1.0764124297793656,0.0005267528890263683,1.0686382929841927,0.006175799664015485,1.0715567620930828,0.018572831571053543,1.071672506999029,0.01669835589132347,1.1222985010685045,0.062457371097808474,rung5_instance,0.039354781582771566,0,rung2_series,0.0,1,rung5_instance,0.039354781582771566,0,rung5_instance,0.039354781582771566,0,rung5_instance,0.039354781582771566,0,0.21625300920750037,0.005701607699468941,0.0,0.0021404261823952443,0.002225314326803315,0.039354781582771566
7,3000,0.3,0.0,0.3,0.0,0,0.0,rung1_global,0.4133141713029727,1.2644723236105715,1.2644723236105715,0.0,1.0843580092507925,0.0005102299879082506,1.093259060538849,0.006008028339705422,1.0883663464677886,0.017845086541621962,1.0899687229060262,0.016384643463711233,1.1244921434200932,0.05995693786700778,rung5_instance,0.03173982808473162,0,rung2_series,0.007039340539016682,0,rung5_instance,0.03173982808473162,0,rung4_shrunk,0.004437197675638223,0,rung5_instance,0.03173982808473162,0,0.14244227492894504,0.0,0.007039340539016682,0.0031699683276188435,0.004437197675638223,0.03173982808473162
8,3000,0.3,0.0,0.3,0.0,0,0.0,rung4_shrunk,0.3463447725628156,1.333034084255114,1.333034084255114,0.0,1.071317311911663,0.0005327690359148048,1.0722772347203806,0.00634129333084522,1.0620689665060323,0.018581590924275478,1.0595177920002035,0.015621298929924341,1.1135507090014467,0.06404111288210274,rung5_instance,0.040533785024286374,0,rung4_shrunk,0.0,1,rung5_instance,0.040533785024286374,0,rung5_instance,0.040533785024286374,0,rung5_instance,0.040533785024286374,0,0.20518326986946378,0.008851626564412272,0.009571730288732263,0.0019138104088722073,0.0,0.040533785024286374
9,3000,0.3,0.0,0.3,0.0,0,0.0,rung3_cell,0.39757747428716594,1.3142452718548363,1.3142452718548363,0.0,1.0789843040282905,0.0005233296585093729,1.071994798314801,0.006248475979790246,1.0663388376871679,0.01856803579862584,1.0673822268014785,0.01657121329446857,1.1241815933745976,0.06220514611711467,rung5_instance,0.04401214668689229,0,rung2_series,0.004303580730901733,0,rung5_instance,0.04401214668689229,0,rung5_instance,0.04401214668689229,0,rung5_instance,0.04401214668689229,0,0.18863026519988174,0.00962184655477259,0.004303580730901733,0.0,0.0007939074514136233,0.04401214668689229
0,8000,0.3,0.0,0.3,0.0,0,0.0,rung3_cell,0.3968117878513038,1.3055563888415382,1.3055563888415382,0.0,1.0766776783921719,0.00020801758566409823,1.0708993888394625,0.0024869787666372137,1.0632062181161201,0.007446300785217648,1.063940785987298,0.012767894114322921,1.096395497375025,0.0638809065889281,rung5_instance,0.025421559376960123,0,rung4_shrunk,0.0005626473719987514,0,rung5_instance,0.025421559376960123,0,rung5_instance,0.025421559376960123,0,rung5_instance,0.025421559376960123,0,0.18562979952207434,0.010318558731887011,0.0058926376440689,0.0,0.0005626473719987514,0.025421559376960123
1,8000,0.3,0.0,0.3,0.0,0,0.0,rung4_shrunk,0.37939629668287306,1.3202903771795853,1.3202903771795853,0.0,1.0764039211769079,0.00019897423947531779,1.072056281407108,0.00237606999229653,1.063731663571137,0.00704358902461371,1.0623472404214644,0.01159740109886322,1.0909320848679167,0.06172345746886281,rung5_instance,0.02165042246805997,0,rung4_shrunk,0.0,1,rung5_instance,0.02165042246805997,0,rung5_instance,0.02165042246805997,0,rung5_instance,0.02165042246805997,0,0.1953684895508676,0.010646658491498977,0.00735371638955973,0.001048574748101914,0.0,0.02165042246805997
2,8000,0.3,0.0,0.3,0.0,0,0.0,rung4_shrunk,0.3929419698067281,1.3519702430090441,1.3519702430090441,0.0,1.096225125265944,0.00019545505455848894,1.0942636849297684,0.002347930351109808,1.0886517226168921,0.0069452830419964515,1.0867158048292633,0.012070599805271502,1.1159163526369573,0.061599216207268354,rung5_instance,0.021598513694135093,0,rung4_shrunk,0.0,1,rung5_instance,0.021598513694135093,0,rung5_instance,0.021598513694135093,0,rung5_instance,0.021598513694135093,0,0.19619842933037568,0.007033675841500841,0.00558287443050965,0.0014319233708281066,0.0,0.021598513694135093
3,8000,0.3,0.0,0.3,0.0,0,0.0,rung3_cell,0.3986211840651993,1.3100664941801514,1.3100664941801514,0.0,1.071075169646769,0.00019690017481685814,1.0657080311777132,0.002347455438817546,1.0493770466588672,0.00699087844908067,1.0506733116935065,0.012166483806047937,1.0861645377543319,0.06065611809140642,rung5_instance,0.028080628929057914,0,rung3_cell,0.0,1,rung5_instance,0.028080628929057914,0,rung4_shrunk,0.0009894650694433045,0,rung5_instance,0.028080628929057914,0,0.19898947777030618,0.016562611962288747,0.012465767647210916,0.0,0.0009894650694433045,0.028080628929057914
4,8000,0.3,0.0,0.3,0.0,0,0.0,rung4_shrunk,0.38351207742815957,1.3288966125583206,1.3288966125583206,0.0,1.0988283497055786,0.00020683848774624396,1.096571238829691,0.002474782660459821,1.08356580496227,0.00725972727621951,1.081468328299067,0.012225586956168558,1.1182413389383026,0.06436209388552937,rung5_instance,0.02767183714046966,0,rung3_cell,0.001578359552866341,0,rung5_instance,0.02767183714046966,0,rung4_shrunk,0.0,1,rung5_instance,0.02767183714046966,0,0.18619077053926564,0.013063485332460238,0.011365000397998506,0.001578359552866341,0.0,0.02767183714046966
5,8000,0.3,0.0,0.3,0.0,0,0.0,rung4_shrunk,0.3564282297409,1.2781900416741856,1.2781900416741856,0.0,1.068946101399952,0.00020231882906145786,1.0646876461993182,0.0024157956901984206,1.0572840358370685,0.007219255047007676,1.055752359257971,0.010897385599129531,1.087926200394532,0.06224192191783333,rung5_instance,0.02517140651042741,0,rung2_series,0.006990577809262025,0,rung5_instance,0.02517140651042741,0,rung5_instance,0.02517140651042741,0,rung5_instance,0.02517140651042741,0,0.17402551667893112,0.010322206958129404,0.006990577809262025,0.0011983167832315298,0.0,0.02517140651042741
6,8000,0.3,0.0,0.3,0.0,0,0.0,rung3_cell,0.4171802629258506,1.347756640710216,1.347756640710216,0.0,1.0794948674024663,0.00021391639857000868,1.0719565928812338,0.0025467995874766287,1.0632404812426355,0.007544120621246498,1.063993321924765,0.014238162889439781,1.0966073842936472,0.06708588168435677,rung5_instance,0.024757364974606007,0,rung3_cell,0.0,1,rung5_instance,0.024757364974606007,0,rung4_shrunk,0.00055858799681583,0,rung5_instance,0.024757364974606007,0,0.21110351147492873,0.012060327264472117,0.006467125722344989,0.0,0.00055858799681583,0.024757364974606007
7,8000,0.3,0.0,0.3,0.0,0,0.0,rung4_shrunk,0.39034617940183075,1.254509377172531,1.254509377172531,0.0,1.0699254001340932,0.0001850968224490076,1.0677624063856166,0.002219657957982143,1.0618257412026624,0.006535078543213425,1.058596650230552,0.011275565105608724,1.0896122875845633,0.05806007415460337,rung5_instance,0.024723320461673855,0,rung4_shrunk,0.0,1,rung5_instance,0.024723320461673855,0,rung5_instance,0.024723320461673855,0,rung5_instance,0.024723320461673855,0,0.15616680951682954,0.00903042265740134,0.007306247623053118,0.002573987114698422,0.0,0.024723320461673855
8,8000,0.3,0.0,0.3,0.0,0,0.0,rung3_cell,0.3949701016446801,1.3235025967412541,1.3235025967412541,0.0,1.0677590979561289,0.00020433758378015903,1.0605703167640128,0.0024379344165496994,1.0454312572470745,0.007230911881840246,1.046115987414737,0.01258586760269868,1.0829397452916496,0.06371040695853765,rung5_instance,0.028340320704265315,0,rung4_shrunk,0.0005173621641154416,0,rung5_instance,0.028340320704265315,0,rung4_shrunk,0.0005173621641154416,0,rung5_instance,0.028340320704265315,0,0.21010260212473372,0.01687026588692026,0.011438632273343382,0.0,0.0005173621641154416,0.028340320704265315
9,8000,0.3,0.0,0.3,0.0,0,0.0,rung4_shrunk,0.3973852205656574,1.3387647567464076,1.3387647567464076,0.0,1.0822264920314553,0.00020896525745806447,1.0707769446918418,0.0024619616779069865,1.061214661909829,0.007268104496531344,1.0603459410863076,0.012968008099072607,1.0963466050320692,0.06540629145438064,rung5_instance,0.02689095583398365,0,rung3_cell,0.0006488972906880628,0,rung5_instance,0.02689095583398365,0,rung4_shrunk,0.0,1,rung5_instance,0.02689095583398365,0,0.20796694434707083,0.016343835490802584,0.007791513447728174,0.0006488972906880628,0.0,0.02689095583398365
0,20000,0.3,0.0,0.3,0.0,0,0.0,rung4_shrunk,0.4354365652650375,1.297952700518405,1.297952700518405,0.0,1.0791622059804233,8.054121543840701e-05,1.0739296406472134,0.0009541066185765804,1.0657093157680861,0.0028517668069254405,1.0644615606726908,0.012741800138686905,1.0710625833270675,0.062407906006540136,rung5_instance,0.005085718957046904,0,rung4_shrunk,0.0,1,rung4_shrunk,0.0,1,rung4_shrunk,0.0,1,rung5_instance,0.005085718957046904,0,0.17989187106160137,0.011326025441343934,0.007294626353287774,0.0009613255513062716,0.0,0.005085718957046904
1,20000,0.3,0.0,0.3,0.0,0,0.0,rung4_shrunk,0.38627057724152514,1.345426485262934,1.345426485262934,0.0,1.1147419267211789,7.515739483685795e-05,1.1087932291963385,0.0008999171446628957,1.0971031640602986,0.0026798509218092896,1.0941647857878543,0.009758264855157437,1.1073197634331589,0.058636536477770576,rung5_instance,0.00977755216609531,0,rung4_shrunk,0.0,1,rung4_shrunk,0.0,1,rung4_shrunk,0.0,1,rung5_instance,0.00977755216609531,0,0.18675245524542816,0.015294139931624196,0.010872718479022233,0.002183975345089273,0.0,0.00977755216609531
2,20000,0.3,0.0,0.3,0.0,0,0.0,rung4_shrunk,0.39666315139335867,1.3310173605527127,1.3310173605527127,0.0,1.0713333536549194,8.131449728066279e-05,1.0694907977412669,0.0009767594860251568,1.0581219455140716,0.0028879780960908486,1.0544278915411978,0.011176987897916166,1.0663428407868225,0.06435498272093308,rung5_instance,0.008951760960260503,0,rung3_cell,0.0027753612254462516,0,rung4_shrunk,0.0,1,rung4_shrunk,0.0,1,rung5_instance,0.008951760960260503,0,0.20780305141674452,0.012701158237862194,0.011316836764483789,0.0027753612254462516,0.0,0.008951760960260503
3,20000,0.3,0.0,0.3,0.0,0,0.0,rung4_shrunk,0.43834157524854145,1.3220099169345882,1.3220099169345882,0.0,1.0817988444118227,8.098966780951334e-05,1.0744722432028337,0.0009672026214460727,1.054724769254542,0.0028735199166351265,1.0530761004139277,0.01298897238615492,1.0687649869753124,0.06288269722412045,rung5_instance,0.011867449979318835,0,rung4_shrunk,0.0,1,rung4_shrunk,0.0,1,rung4_shrunk,0.0,1,rung5_instance,0.011867449979318835,0,0.20342798724555036,0.02172657226694326,0.01618455543701089,0.001247092642419183,0.0,0.011867449979318835
4,20000,0.3,0.0,0.3,0.0,0,0.0,rung4_shrunk,0.3834643832116074,1.3147578058222102,1.3147578058222102,0.0,1.0813413276018042,7.752927234228603e-05,1.0781493330854832,0.0009271786999491679,1.0598952085939284,0.002753223095930022,1.0583220340503854,0.00994618409857772,1.0742206708125406,0.060523265208206785,rung5_instance,0.012092445233449411,0,rung4_shrunk,0.0,1,rung4_shrunk,0.0,1,rung3_cell,0.0011965508298003088,0,rung5_instance,0.012092445233449411,0,0.19504411431233723,0.01750839086064469,0.015080571453765535,0.0011965508298003088,0.0,0.012092445233449411
5,20000,0.3,0.0,0.3,0.0,0,0.0,rung4_shrunk,0.39244106240898224,1.268983426608191,1.268983426608191,0.0,1.0733917982416548,7.688858137797433e-05,1.0683507414365858,0.0009159762440153735,1.0598573289228261,0.002729963151317559,1.0579894475219367,0.010173592259542502,1.0678438626331235,0.059514885672552635,rung5_instance,0.007765597961768667,0,rung3_cell,0.0014719509819620144,0,rung4_shrunk,0.0,1,rung4_shrunk,0.0,1,rung5_instance,0.007765597961768667,0,0.16627008254174813,0.012137550732940875,0.008165034859709213,0.0014719509819620144,0.0,0.007765597961768667
6,20000,0.3,0.0,0.3,0.0,0,0.0,rung4_shrunk,0.4106512067027563,1.3330333899225362,1.3330333899225362,0.0,1.0610256981122974,8.291106359164362e-05,1.0545258134844469,0.0009777697058772738,1.0461731996278283,0.0029124160653707706,1.0446849142164838,0.011880352852584795,1.0529620929778132,0.06445171733002919,rung5_instance,0.006209280895664871,0,rung4_shrunk,0.0,1,rung4_shrunk,0.0,1,rung4_shrunk,0.0,1,rung5_instance,0.006209280895664871,0,0.2163100173528351,0.01225834552933681,0.007382335163063634,0.001116465215797016,0.0,0.006209280895664871
7,20000,0.3,0.0,0.3,0.0,0,0.0,rung4_shrunk,0.40603623499738534,1.238286217347411,1.238286217347411,0.0,1.0602258343229531,7.418169949666244e-05,1.0554897297740995,0.0008834260990614807,1.04576919972741,0.002618258190288467,1.0406090633490013,0.01046652752546036,1.0484585816844576,0.05788250953240181,rung5_instance,0.00633901776947105,0,rung4_shrunk,0.0,1,rung4_shrunk,0.0,1,rung4_shrunk,0.0,1,rung5_instance,0.00633901776947105,0,0.15963769218223464,0.015841871369588402,0.012017146130379106,0.004167159664800584,0.0,0.00633901776947105
8,20000,0.3,0.0,0.3,0.0,0,0.0,rung3_cell,0.4436756936261293,1.3335052880372866,1.3335052880372866,0.0,1.0894268011727593,8.349983523566193e-05,1.0842085794612257,0.000993369061168932,1.066509507961693,0.002933940474315314,1.0665386723925623,0.013626601052975409,1.0763943353554282,0.06461101069601802,rung5_instance,0.007412664563395936,0,rung3_cell,0.0,1,rung4_shrunk,2.187050260004979e-05,0,rung3_cell,0.0,1,rung5_instance,0.007412664563395936,0,0.20022101334788855,0.017185753529929286,0.0132725919111899,0.0,2.187050260004979e-05,0.007412664563395936
9,20000,0.3,0.0,0.3,0.0,0,0.0,rung4_shrunk,0.4111256620104463,1.3195822542450977,1.3195822542450977,0.0,1.0707977476871071,8.18835771204649e-05,1.0634757163658344,0.000975484205388516,1.0538166183887143,0.0029107610664025926,1.0519503207328416,0.01187516016040031,1.0610004185730133,0.06428534958304487,rung5_instance,0.006858305203072843,0,rung3_cell,0.0014143094527596745,0,rung4_shrunk,0.0,1,rung4_shrunk,0.0,1,rung5_instance,0.006858305203072843,0,0.20281565067375215,0.014282873912280466,0.008734124451822239,0.0014143094527596745,0.0,0.006858305203072843
0,3000,0.3,0.0,0.02,0.0,0,0.0,rung1_global,0.3769803572696501,1.0123531921318683,1.0123531921318683,0.0,1.0082331736162173,0.00033908886138950874,1.0105404807236311,0.00408990648207974,1.0132466345575144,0.012166381179084381,1.0119683054312243,0.010694210590846194,1.033385507149259,0.04202104986857628,rung5_instance,0.024845413368109744,0,rung0_none,0.004069744183820625,0,rung5_instance,0.024845413368109744,0,rung4_shrunk,0.0036895540450080574,0,rung5_instance,0.024845413368109744,0,0.004069744183820625,0.0,0.0022791523011400088,0.004952284420360692,0.0036895540450080574,0.024845413368109744
1,3000,0.3,0.0,0.02,0.0,0,0.0,rung1_global,0.3911073316469799,1.0053777548348666,1.0053777548348666,0.0,1.0030873923391739,0.00035375193523771135,1.0063339222661478,0.004217352632217558,1.0105934787181736,0.012740837058428711,1.010279845428087,0.011215118772428225,1.0281665986939232,0.04243749998489799,rung5_instance,0.024945057948759394,0,rung1_global,0.0,1,rung5_instance,0.024945057948759394,0,rung4_shrunk,0.007153980734430018,0,rung5_instance,0.024945057948759394,0,0.0022781113712515865,0.0,0.0032291642731912076,0.007465936403409501,0.007153980734430018,0.024945057948759394
2,3000,0.3,0.0,0.02,0.0,0,0.0,rung1_global,0.37848786188538974,1.0158836431797316,1.0158836431797316,0.0,1.010661735479586,0.00037071674772286886,1.013301573579296,0.004482233938152047,1.0172746114356694,0.013193737626433675,1.017066787448252,0.011379179857267989,1.031351242594082,0.043857617708475835,rung5_instance,0.02036602051169724,0,rung1_global,0.0,1,rung5_instance,0.02036602051169724,0,rung4_shrunk,0.006304907074414663,0,rung5_instance,0.02036602051169724,0,0.00514026161874305,0.0,0.0025985634451672047,0.0065094816719217016,0.006304907074414663,0.02036602051169724
3,3000,0.3,0.0,0.02,0.0,0,0.0,rung1_global,0.38666029163780896,1.0190908035614017,1.0190908035614017,0.0,1.0150103159297108,0.0003472235471337469,1.015549299585237,0.004161358374363552,1.019936348681424,0.01228902937946466,1.019643633621763,0.010872592798407407,1.0391520054220638,0.04180186322089066,rung5_instance,0.02368943906468918,0,rung1_global,0.0,1,rung5_instance,0.02368943906468918,0,rung4_shrunk,0.004546520953638401,0,rung5_instance,0.02368943906468918,0,0.0040040471540228485,0.0,0.0005288867818674396,0.004833752531666629,0.004546520953638401,0.02368943906468918
4,3000,0.3,0.0,0.02,0.0,0,0.0,rung1_global,0.3912665661877954,1.0215553514199738,1.0215553514199738,0.0,1.0157321143718472,0.00033285144366824055,1.0194535902975717,0.003978860646110678,1.021647243181235,0.012036349269846992,1.02168071849208,0.010696336771728106,1.0355843471806292,0.0407355798043254,rung5_instance,0.01943334032873224,0,rung1_global,0.0,1,rung5_instance,0.01943334032873224,0,rung4_shrunk,0.005823085466650596,0,rung5_instance,0.01943334032873224,0,0.005700363705238515,0.0,0.0036429508401591517,0.005790316502346757,0.005823085466650596,0.01943334032873224
5,3000,0.3,0.0,0.02,0.0,0,0.0,rung1_global,0.3565418618497681,1.0135273099524837,1.0135273099524837,0.0,1.0105489820868083,0.00033934573870616114,1.0124281193168219,0.004067620788830809,1.0167052748302368,0.012222546951950283,1.0152776725122468,0.010401361288451972,1.0322620129469722,0.042012819445370705,rung5_instance,0.021423232158570844,0,rung1_global,0.0,1,rung5_instance,0.021423232158570844,0,rung4_shrunk,0.0046655777096525726,0,rung5_instance,0.021423232158570844,0,0.0029385768261291877,0.0,0.0018540568286232334,0.006074126156222724,0.0046655777096525726,0.021423232158570844
6,3000,0.3,0.0,0.02,0.0,0,0.0,rung1_global,0.3735107988385208,1.027423851396861,1.027423851396861,0.0,1.0190421325634897,0.00034047629046609414,1.0202249966771524,0.004038797777409328,1.025403509509616,0.012192740026816034,1.0270054885853752,0.010561099961745712,1.0414660423307331,0.0413989959730061,rung5_instance,0.021825373955214673,0,rung1_global,0.0,1,rung5_instance,0.021825373955214673,0,rung4_shrunk,0.007750799254911867,0,rung5_instance,0.021825373955214673,0,0.008157995185702238,0.0,0.0011512912728806584,0.0061915799769271225,0.007750799254911867,0.021825373955214673
7,3000,0.3,0.0,0.02,0.0,0,0.0,rung1_global,0.40546599595751154,1.0287110439121459,1.0287110439121459,0.0,1.0263628651106198,0.0003628924327940883,1.0320195558262708,0.004347797922803373,1.0350913125524144,0.012983130196158352,1.0331234040934436,0.011578520239232053,1.0429878860091715,0.042513690257730725,rung5_instance,0.01616102111174718,0,rung1_global,0.0,1,rung5_instance,0.01616102111174718,0,rung4_shrunk,0.006571854188629834,0,rung5_instance,0.01616102111174718,0,0.002282641773336095,0.0,0.005498814024722473,0.00848483886067816,0.006571854188629834,0.01616102111174718
8,3000,0.3,0.0,0.02,0.0,0,0.0,rung1_global,0.3834432017117565,1.0155269581719684,1.0155269581719684,0.0,1.0085455192129054,0.0003389734803588346,1.0131444739587459,0.004026473011960428,1.0176405086235283,0.012201971778972873,1.018216380211127,0.010714618833716289,1.0305503251266581,0.04132617544039285,rung5_instance,0.02166836216082654,0,rung1_global,0.0,1,rung5_instance,0.02166836216082654,0,rung4_shrunk,0.009522997809560877,0,rung5_instance,0.02166836216082654,0,0.006874695844244414,0.0,0.004528638761219086,0.00895593104391305,0.009522997809560877,0.02166836216082654
9,3000,0.3,0.0,0.02,0.0,0,0.0,rung1_global,0.36529191625495133,1.0155322753301577,1.0155322753301577,0.0,1.012996872528343,0.0003735702034950753,1.015730665786926,0.004482590705300248,1.0213436602208703,0.01340768800672253,1.0187458398334663,0.01127195043837163,1.0360291604154404,0.04399494058447279,rung5_instance,0.022680015639689497,0,rung1_global,0.0,1,rung5_instance,0.022680015639689497,0,rung4_shrunk,0.005661038496540531,0,rung5_instance,0.022680015639689497,0,0.0024966245420318775,0.0,0.0026919806735776677,0.008219125965064758,0.005661038496540531,0.022680015639689497
0,3000,0.3,0.0,0.1,0.0,0,0.0,rung1_global,0.3995452847796859,1.091774576615478,1.091774576615478,0.0,1.0343155328692895,0.0003980269606378111,1.0351972585266844,0.0047418257068433676,1.0411890144141362,0.014120637200142434,1.0385238944488673,0.012731418818943668,1.0691052587464038,0.04786051182161058,rung5_instance,0.03186530133808683,0,rung1_global,0.0,1,rung5_instance,0.03186530133808683,0,rung4_shrunk,0.0038546066832072833,0,rung5_instance,0.03186530133808683,0,0.05262903622862581,0.0,0.0008076077940268017,0.006295696650268883,0.0038546066832072833,0.03186530133808683
1,3000,0.3,0.0,0.1,0.0,0,0.0,rung1_global,0.40879410178582765,1.0844516474488783,1.0844516474488783,0.0,1.0350199141335676,0.00040909689747940754,1.0374853089855882,0.004827512205882879,1.045372028221207,0.014429626770892148,1.0439771314128528,0.013306335907440014,1.066379086607181,0.049444674979411574,rung5_instance,0.028917077628480982,0,rung4_shrunk,0.008259674186817407,0,rung5_instance,0.028917077628480982,0,rung4_shrunk,0.008259674186817407,0,rung5_instance,0.028917077628480982,0,0.04558223820453087,0.0,0.0022734022838365366,0.00954594343785831,0.008259674186817407,0.028917077628480982
2,3000,0.3,0.0,0.1,0.0,0,0.0,rung1_global,0.348540776257698,1.1032062486583485,1.1032062486583485,0.0,1.0389032212822626,0.0004203538011372574,1.0429453970119602,0.005031780978053479,1.0450240248115117,0.014583887439659675,1.0405850712539864,0.012260272767468584,1.0657329208873834,0.0499740710464582,rung5_instance,0.024319749491764884,0,rung1_global,0.0,1,rung5_instance,0.024319749491764884,0,rung5_instance,0.024319749491764884,0,rung5_instance,0.024319749491764884,0,0.058287403152662724,0.0,0.003664025411942152,0.005548195123706729,0.0015245109187598212,0.024319749491764884
3,3000,0.3,0.0,0.1,0.0,0,0.0,rung2_series,0.3853546703209944,1.109038156733913,1.109038156733913,0.0,1.0468226770859923,0.0003803793847941487,1.0457463418105764,0.004552746169387698,1.0509464308636198,0.013795879368127423,1.0515330100487967,0.012061376716061398,1.0789866938885853,0.04612477370893662,rung5_instance,0.029972234838069805,0,rung1_global,0.0009705123929962244,0,rung5_instance,0.029972234838069805,0,rung4_shrunk,0.0052177359300801356,0,rung5_instance,0.029972234838069805,0,0.0570691049167589,0.0009705123929962244,0.0,0.004688827901429106,0.0052177359300801356,0.029972234838069805
4,3000,0.3,0.0,0.1,0.0,0,0.0,rung1_global,0.36786362300519804,1.1062830858406483,1.1062830858406483,0.0,1.0449975873297277,0.00039927096046237225,1.0495035182788306,0.00474246558296333,1.0503708145384925,0.014112791411251553,1.0495113145451611,0.012106780453055244,1.0764201316822986,0.04779179438558957,rung5_instance,0.028403710365591757,0,rung1_global,0.0,1,rung5_instance,0.028403710365591757,0,rung4_shrunk,0.004080083364922371,0,rung5_instance,0.028403710365591757,0,0.055397663848716104,0.0,0.00407303610330344,0.004857009275055242,0.004080083364922371,0.028403710365591757
5,3000,0.3,0.0,0.1,0.0,0,0.0,rung1_global,0.42143390724673874,1.0848736993311052,1.0848736993311052,0.0,1.0383476594110006,0.0003661647463573287,1.0441965670484243,0.004342949345446129,1.0530853785785548,0.012948879337029815,1.0474290679183307,0.011987319283320703,1.069782069864159,0.043088661146418766,rung5_instance,0.0289751797582886,0,rung1_global,0.0,1,rung5_instance,0.0289751797582886,0,rung4_shrunk,0.00837093618633151,0,rung5_instance,0.0289751797582886,0,0.04288613499321712,0.0,0.005391325866808246,0.013584732652880176,0.00837093618633151,0.0289751797582886
6,3000,0.3,0.0,0.1,0.0,0,0.0,rung2_series,0.38709232305791696,1.1249696230595945,1.1249696230595945,0.0,1.0468261286973979,0.00038863718969404796,1.0458511387725529,0.0045825471343929405,1.0504725770318717,0.01383241369229753,1.0522061600709032,0.012139434788656471,1.0896942148618676,0.04633733618914514,rung5_instance,0.03897267551996126,0,rung1_global,0.0008666811128582502,0,rung5_instance,0.03897267551996126,0,rung5_instance,0.03897267551996126,0,rung5_instance,0.03897267551996126,0,0.07032944060468231,0.0008666811128582502,0.0,0.004108056043993291,0.005649060355128943,0.03897267551996126
7,3000,0.3,0.0,0.1,0.0,0,0.0,rung1_global,0.38591518567281297,1.0964485822228898,1.0964485822228898,0.0,1.0557840134474288,0.0003856314432047234,1.0652817089295479,0.004608828148178246,1.0665575831311398,0.013957346937015322,1.0655044362390471,0.012056261576730232,1.0825333858186572,0.045611492825846145,rung5_instance,0.024396376451140074,0,rung2_series,0.008662235180115697,0,rung5_instance,0.024396376451140074,0,rung4_shrunk,0.008865370386919185,0,rung5_instance,0.024396376451140074,0,0.03708752916896431,0.0,0.008662235180115697,0.009825877709531233,0.008865370386919185,0.024396376451140074
8,3000,0.3,0.0,0.1,0.0,0,0.0,rung1_global,0.341730414970307,1.1065978076906478,1.1065978076906478,0.0,1.0362642529639652,0.0003955989785543499,1.0394409759197476,0.004718955381226999,1.0421747706256275,0.014157433485819774,1.0405721518506157,0.011768762155413531,1.0642437234335285,0.04824537603606287,rung5_instance,0.02528422727309886,0,rung1_global,0.0,1,rung5_instance,0.02528422727309886,0,rung5_instance,0.02528422727309886,0,rung5_instance,0.02528422727309886,0,0.06355837164855878,0.0,0.002870711412678381,0.005341161549919304,0.003892921942110689,0.02528422727309886
9,3000,0.3,0.0,0.1,0.0,0,0.0,rung1_global,0.3881013950516941,1.099908920756984,1.099908920756984,0.0,1.0440399085895165,0.0003925059704146335,1.0465388458635705,0.004700520253559074,1.0497639659159088,0.014041028571690409,1.0492270426528862,0.01230098322858414,1.0802084885664884,0.046764153153648375,rung5_instance,0.03288324996226041,0,rung1_global,0.0,1,rung5_instance,0.03288324996226041,0,rung4_shrunk,0.004715966900059216,0,rung5_instance,0.03288324996226041,0,0.05079421678752931,0.0,0.0022719492740673536,0.005204119376041543,0.004715966900059216,0.03288324996226041
0,3000,0.3,0.0,0.3,0.0,0,0.0,rung3_cell,0.37215823033895723,1.2907480028973104,1.2907480028973104,0.0,1.0618470176931352,0.00054487889247203,1.0574798863959556,0.006374731058879302,1.0539115298590782,0.018926436836343537,1.0540082463729235,0.016323965082354473,1.1053784249006935,0.06399516420630401,rung5_instance,0.03987369720974877,0,rung3_cell,0.0,1,rung5_instance,0.03987369720974877,0,rung5_instance,0.03987369720974877,0,rung5_instance,0.03987369720974877,0,0.18348777027476407,0.006147976069879138,0.0027645648328469756,0.0,7.493059344515245e-05,0.03987369720974877
1,3000,0.3,0.0,0.3,0.0,0,0.0,rung4_shrunk,0.38421384921108326,1.2882368994246816,1.2882368994246816,0.0,1.066882542932544,0.0005504493550247664,1.068365661988679,0.006461540198081511,1.069049933943997,0.018908576297915376,1.0647041641147956,0.01671724563856093,1.1101492807573574,0.06467440393180277,rung5_instance,0.03527698722405583,0,rung3_cell,0.0033734244308186727,0,rung5_instance,0.03527698722405583,0,rung5_instance,0.03527698722405583,0,rung5_instance,0.03527698722405583,0,0.17351834542987726,0.001690976883771257,0.0028422550817466647,0.0033734244308186727,0.0,0.03527698722405583
2,3000,0.3,0.0,0.3,0.0,0,0.0,rung4_shrunk,0.34701521053771617,1.3218451071271589,1.3218451071271589,0.0,1.0652917253982406,0.0005648551905898854,1.0673908729737518,0.00674481174159038,1.0587843426489907,0.019785885961956556,1.0544577190635622,0.01657129837926561,1.1047210123967752,0.06755390752428246,rung5_instance,0.03802510071883768,0,rung2_series,0.009784167479575518,0,rung5_instance,0.03802510071883768,0,rung5_instance,0.03802510071883768,0,rung5_instance,0.03802510071883768,0,0.20228344956749497,0.008196123945432994,0.009784167479575518,0.003273169876031659,0.0,0.03802510071883768
3,3000,0.3,0.0,0.3,0.0,0,0.0,rung3_cell,0.41383858846401406,1.3322917040734534,1.3322917040734534,0.0,1.0833746100182537,0.0005270222402960017,1.0771169904141078,0.0062596906672617095,1.0692218890797933,0.018987351980131434,1.0733231933790965,0.01725749853673266,1.1319915215171434,0.06267415862825292,rung5_instance,0.04711403084282016,0,rung1_global,0.010622839499179335,0,rung5_instance,0.04711403084282016,0,rung5_instance,0.04711403084282016,0,rung5_instance,0.04711403084282016,0,0.19745661868893258,0.010622839499179335,0.005925955487207026,0.0,0.003078383124929451,0.04711403084282016
4,3000,0.3,0.0,0.3,0.0,0,0.0,rung4_shrunk,0.36251006929240037,1.3166413106822605,1.3166413106822605,0.0,1.0791020888782004,0.0005259003834001317,1.0811551533852295,0.006250376287971253,1.0694313946121585,0.018514750552475836,1.064946739999273,0.015692125463548475,1.1179922065883383,0.06215380984479662,rung5_instance,0.04028847200729116,0,rung3_cell,0.0034061323889053264,0,rung5_instance,0.04028847200729116,0,rung5_instance,0.04028847200729116,0,rung5_instance,0.04028847200729116,0,0.19116411481314063,0.010751104924387028,0.012310424452319259,0.0034061323889053264,0.0,0.04028847200729116
5,3000,0.3,0.0,0.3,0.0,0,0.0,rung2_series,0.3756662941948428,1.2625500892227008,1.2625500892227008,0.0,1.0616616757094806,0.00047592641018358273,1.0611706942728265,0.0056278228944845465,1.0656289003333865,0.016548950938347275,1.0640194458515104,0.014190861467472077,1.1087025240522024,0.054846371800496105,rung5_instance,0.037647480432747994,0,rung1_global,0.0003888807587478168,0,rung5_instance,0.037647480432747994,0,rung5_instance,0.037647480432747994,0,rung5_instance,0.037647480432747994,0,0.15950210345623214,0.0003888807587478168,0.0,0.003531112229618353,0.002256347374255681,0.037647480432747994
6,3000,0.3,0.0,0.3,0.0,0,0.0,rung2_series,0.4006835374594591,1.3634990699021634,1.3634990699021634,0.0,1.0764124297793656,0.0005267528890263683,1.0686382929841927,0.006175799664015485,1.0715567620930828,0.018572831571053543,1.071672506999029,0.01669835589132347,1.1222985010685045,0.062457371097808474,rung5_instance,0.039354781582771566,0,rung2_series,0.0,1,rung5_instance,0.039354781582771566,0,rung5_instance,0.039354781582771566,0,rung5_instance,0.039354781582771566,0,0.21625300920750037,0.005701607699468941,0.0,0.0021404261823952443,0.002225314326803315,0.039354781582771566
7,3000,0.3,0.0,0.3,0.0,0,0.0,rung1_global,0.4133141713029727,1.2644723236105715,1.2644723236105715,0.0,1.0843580092507925,0.0005102299879082506,1.093259060538849,0.006008028339705422,1.0883663464677886,0.017845086541621962,1.0899687229060262,0.016384643463711233,1.1244921434200932,0.05995693786700778,rung5_instance,0.03173982808473162,0,rung2_series,0.007039340539016682,0,rung5_instance,0.03173982808473162,0,rung4_shrunk,0.004437197675638223,0,rung5_instance,0.03173982808473162,0,0.14244227492894504,0.0,0.007039340539016682,0.0031699683276188435,0.004437197675638223,0.03173982808473162
8,3000,0.3,0.0,0.3,0.0,0,0.0,rung4_shrunk,0.3463447725628156,1.333034084255114,1.333034084255114,0.0,1.071317311911663,0.0005327690359148048,1.0722772347203806,0.00634129333084522,1.0620689665060323,0.018581590924275478,1.0595177920002035,0.015621298929924341,1.1135507090014467,0.06404111288210274,rung5_instance,0.040533785024286374,0,rung4_shrunk,0.0,1,rung5_instance,0.040533785024286374,0,rung5_instance,0.040533785024286374,0,rung5_instance,0.040533785024286374,0,0.20518326986946378,0.008851626564412272,0.009571730288732263,0.0019138104088722073,0.0,0.040533785024286374
9,3000,0.3,0.0,0.3,0.0,0,0.0,rung3_cell,0.39757747428716594,1.3142452718548363,1.3142452718548363,0.0,1.0789843040282905,0.0005233296585093729,1.071994798314801,0.006248475979790246,1.0663388376871679,0.01856803579862584,1.0673822268014785,0.01657121329446857,1.1241815933745976,0.06220514611711467,rung5_instance,0.04401214668689229,0,rung2_series,0.004303580730901733,0,rung5_instance,0.04401214668689229,0,rung5_instance,0.04401214668689229,0,rung5_instance,0.04401214668689229,0,0.18863026519988174,0.00962184655477259,0.004303580730901733,0.0,0.0007939074514136233,0.04401214668689229
0,3000,0.3,0.0,1.0,0.0,0,0.0,rung3_cell,0.3961785019711046,1.987886443956574,1.987886443956574,0.0,1.113051473921376,0.0010632464219358742,1.0957963300539724,0.012169712124681754,1.0679975173319143,0.035536219778376496,1.0757804621949991,0.031763114035076895,1.1650362457128736,0.11981973062004594,rung5_instance,0.04881502596688522,0,rung3_cell,0.0,1,rung5_instance,0.04881502596688522,0,rung4_shrunk,0.003915185843107878,0,rung5_instance,0.04881502596688522,0,0.4627472205071061,0.02266425062982414,0.013984104980729654,0.0,0.003915185843107878,0.04881502596688522
1,3000,0.3,0.0,1.0,0.0,0,0.0,rung3_cell,0.4035358315135923,2.0121104983145544,2.0121104983145544,0.0,1.1431422948169678,0.0010185593605361771,1.133941349848185,0.01190787772446277,1.0949186060757694,0.034595365496636096,1.0956732732023053,0.031371038504082495,1.176980518257571,0.11706537594241956,rung5_instance,0.04078399881643717,0,rung4_shrunk,0.0003750624665832629,0,rung5_instance,0.04078399881643717,0,rung4_shrunk,0.0003750624665832629,0,rung5_instance,0.04078399881643717,0,0.455835747095933,0.023966719910061114,0.019393936766943454,0.0,0.0003750624665832629,0.04078399881643717
2,3000,0.3,0.0,1.0,0.0,0,0.0,rung3_cell,0.3594414736598115,2.087659953417651,2.087659953417651,0.0,1.129689076747631,0.0010576802701965985,1.1249507305624538,0.012599657974594176,1.0792350277215048,0.037041800916181214,1.0822786972360543,0.031238680943755343,1.185203075330521,0.12414932557415291,rung5_instance,0.05075924718273143,0,rung4_shrunk,0.001457933563158491,0,rung5_instance,0.05075924718273143,0,rung4_shrunk,0.001457933563158491,0,rung5_instance,0.05075924718273143,0,0.48304079600956146,0.0241677524845602,0.02189805996235595,0.0,0.001457933563158491,0.05075924718273143
3,3000,0.3,0.0,1.0,0.0,0,0.0,rung3_cell,0.43962861540897896,2.1108665763555865,2.1108665763555865,0.0,1.1642389750935744,0.0010192763112596992,1.1426379221595335,0.01203099064543106,1.0935731523173728,0.036125449510465577,1.108417185609337,0.03438183361943724,1.2172305240448205,0.11919835248853465,rung5_instance,0.058581330109903115,0,rung3_cell,0.0,1,rung5_instance,0.058581330109903115,0,rung4_shrunk,0.007032198746352029,0,rung5_instance,0.058581330109903115,0,0.4819316556684373,0.033477162208047376,0.023243899160538636,0.0,0.007032198746352029,0.058581330109903115
4,3000,0.3,0.0,1.0,0.0,0,0.0,rung3_cell,0.3909623972759459,2.050350294478449,2.050350294478449,0.0,1.1650457991676464,0.0009954439231780728,1.1588188938639945,0.011849094514429236,1.0904461280152813,0.03468077937379332,1.0962636210299455,0.030645363378879895,1.2022135523271191,0.1163306976616935,rung5_instance,0.054511380134811695,0,rung3_cell,0.0,1,rung5_instance,0.054511380134811695,0,rung4_shrunk,0.0028373166430782845,0,rung5_instance,0.054511380134811695,0,0.4681659368392659,0.036383866382861736,0.03334687054833491,0.0,0.0028373166430782845,0.054511380134811695
5,3000,0.3,0.0,1.0,0.0,0,0.0,rung4_shrunk,0.41407420111594695,1.8832164128887212,1.8832164128887212,0.0,1.116152871599709,0.0009031943298901065,1.1053570745329038,0.010538649751956246,1.0876015955797353,0.030463017506074903,1.0871288924288038,0.02791933030617165,1.163929646506839,0.10183927011563373,rung5_instance,0.04078169325225249,0,rung4_shrunk,0.0,1,rung5_instance,0.04078169325225249,0,rung4_shrunk,0.0,1,rung5_instance,0.04078169325225249,0,0.4227275819239358,0.015411919189034961,0.009679281669035152,0.00025100840652,0.0,0.04078169325225249
6,3000,0.3,0.0,1.0,0.0,0,0.0,rung3_cell,0.4057066819239163,2.1890602471679084,2.1890602471679084,0.0,1.1345949089702005,0.0010765623140630192,1.1077547069955025,0.012378910728293268,1.0905062231213434,0.036772445326045004,1.095079324801058,0.033677443754990696,1.1783783762608688,0.1257001626328412,rung5_instance,0.040141495992725575,0,rung3_cell,0.0,1,rung5_instance,0.040141495992725575,0,rung4_shrunk,0.002089070725956961,0,rung5_instance,0.040141495992725575,0,0.5018381862572383,0.02014046251394716,0.00787940117065042,0.0,0.002089070725956961,0.040141495992725575
7,3000,0.3,0.0,1.0,0.0,0,0.0,rung3_cell,0.4171127094236075,1.8502562055232066,1.8502562055232066,0.0,1.1313481641024081,0.0009429556892677531,1.131434916882932,0.01085853330173506,1.1025495791884348,0.0316028258985676,1.1105862743678305,0.0291378563208652,1.188581276765878,0.10576064867137287,rung5_instance,0.04649718094209321,0,rung3_cell,0.0,1,rung5_instance,0.04649718094209321,0,rung4_shrunk,0.00434355801937342,0,rung5_instance,0.04649718094209321,0,0.40410977901481426,0.015564647116440736,0.01561153401797631,0.0,0.00434355801937342,0.04649718094209321
8,3000,0.3,0.0,1.0,0.0,0,0.0,rung3_cell,0.35917190149972733,2.123399880704029,2.123399880704029,0.0,1.1597295113268937,0.0010885206045405528,1.1485491097909724,0.012796382923511509,1.0871284720762315,0.036411759706517964,1.0940909201518654,0.031226733574387405,1.1847218018181014,0.12614957073347638,rung5_instance,0.045960881239906666,0,rung3_cell,0.0,1,rung5_instance,0.045960881239906666,0,rung4_shrunk,0.003278915167559203,0,rung5_instance,0.045960881239906666,0,0.48802461469679176,0.034190940628003985,0.0289256104198218,0.0,0.003278915167559203,0.045960881239906666
9,3000,0.3,0.0,1.0,0.0,0,0.0,rung3_cell,0.44837142683550113,2.0703350819576354,2.0703350819576354,0.0,1.1577481227608692,0.0010113857154748405,1.1246469866098852,0.011846636499233634,1.0869863428934208,0.034656390498629064,1.0998015460401191,0.03438408221227225,1.182017796722778,0.11857695447059349,rung5_instance,0.04590148457490221,0,rung3_cell,0.0,1,rung5_instance,0.04590148457490221,0,rung4_shrunk,0.006189917399545185,0,rung5_instance,0.04590148457490221,0,0.47497081396814034,0.0341789019971292,0.018190603079021303,0.0,0.006189917399545185,0.04590148457490221
0,3000,0.3,0.0,3.0,0.0,0,0.0,rung3_cell,0.4312684047596323,3.980855221716947,3.980855221716947,0.0,1.2226996737536373,0.00253989329843617,1.1822667651365206,0.028186088944789026,1.092694460864829,0.08154246174700351,1.1133124746116307,0.0788063714441006,1.2467275501388027,0.28189857705763705,rung5_instance,0.03869346677911562,0,rung3_cell,0.0,1,rung4_shrunk,0.005179292538528731,0,rung4_shrunk,0.005179292538528731,0,rung5_instance,0.03869346677911562,0,0.7255126348469542,0.032657608892577836,0.022500769126956338,0.0,0.005179292538528731,0.03869346677911562
1,3000,0.3,0.0,3.0,0.0,0,0.0,rung3_cell,0.4454977214596698,4.09694841232949,4.09694841232949,0.0,1.3145243780465472,0.0024004742704827344,1.2773903896514882,0.028017696841665884,1.132806999465365,0.08031700289616671,1.144390541392414,0.07847992960669566,1.2641673639879423,0.27099874096029053,rung5_instance,0.03206297744127244,0,rung3_cell,0.0,1,rung4_shrunk,0.002827358502291424,0,rung4_shrunk,0.002827358502291424,0,rung5_instance,0.03206297744127244,0,0.7234998136524593,0.04435432431473047,0.035290507869469225,0.0,0.002827358502291424,0.03206297744127244
2,3000,0.3,0.0,3.0,0.0,0,0.0,rung3_cell,0.3995888567344704,4.276608213186888,4.276608213186888,0.0,1.259531997882532,0.0025764429906235385,1.2384885849509577,0.03040238253454403,1.1077323623908677,0.08802675354206625,1.1229458471972165,0.07958017493874842,1.2549758170664245,0.29966006735075434,rung5_instance,0.03442996115976505,0,rung3_cell,0.0,1,rung4_shrunk,0.0035573716478021302,0,rung4_shrunk,0.0035573716478021302,0,rung5_instance,0.03442996115976505,0,0.7409787599960211,0.03549533366736546,0.030574748969733587,0.0,0.0035573716478021302,0.03442996115976505
3,3000,0.3,0.0,3.0,0.0,0,0.0,rung3_cell,0.4543394797970231,4.330964801540049,4.330964801540049,0.0,1.3473822417188035,0.002632003818011607,1.295169324755319,0.03081945721372787,1.1353938046830339,0.0895267096522029,1.1686885254609551,0.08795454492499297,1.3278365647671595,0.2969532171053686,rung5_instance,0.044434154721297865,0,rung3_cell,0.0,1,rung4_shrunk,0.007687599023220415,0,rung4_shrunk,0.007687599023220415,0,rung5_instance,0.044434154721297865,0,0.7378427540488672,0.04894716229519774,0.03689143814225195,0.0,0.007687599023220415,0.044434154721297865
4,3000,0.3,0.0,3.0,0.0,0,0.0,rung3_cell,0.42293229008970873,4.1426792593550825,4.1426792593550825,0.0,1.3765339068076055,0.0023266560870905096,1.349784127759402,0.02774724934086823,1.1236010808818193,0.07980200974842416,1.1520730541984676,0.07412889722350552,1.3388834344554412,0.26585676882712,rung5_instance,0.051966937360035034,0,rung3_cell,0.0,1,rung4_shrunk,0.006872840385205375,0,rung4_shrunk,0.006872840385205375,0,rung5_instance,0.051966937360035034,0,0.7287743002684843,0.061055372644311795,0.0545982521738345,0.0,0.006872840385205375,0.051966937360035034
5,3000,0.3,0.0,3.0,0.0,0,0.0,rung3_cell,0.4398600265886616,3.654669231296487,3.654669231296487,0.0,1.2463506109307825,0.0020830184014605096,1.2021432299043413,0.02416337172543395,1.1140870022003544,0.06850696849260354,1.132106753679349,0.06681435679513101,1.259807439840397,0.2342390416369411,rung5_instance,0.03987240114431599,0,rung3_cell,0.0,1,rung4_shrunk,0.004930610771744759,0,rung4_shrunk,0.004930610771744759,0,rung5_instance,0.03987240114431599,0,0.6951606474643578,0.03619030898823854,0.024094171628426447,0.0,0.004930610771744759,0.03987240114431599
6,3000,0.3,0.0,3.0,0.0,0,0.0,rung3_cell,0.43567369379232185,4.533265393818048,4.533265393818048,0.0,1.2677340378780526,0.00275162925887981,1.1981081431035,0.030917792746769018,1.1225623036733605,0.09094398743270705,1.1392256158216352,0.08847709329110591,1.249818966250215,0.3135461748411396,rung5_instance,0.028071743328857982,0,rung3_cell,0.0,1,rung4_shrunk,0.0036757857086854406,0,rung4_shrunk,0.0036757857086854406,0,rung5_instance,0.028071743328857982,0,0.7523722513126667,0.032023656590382026,0.0166647731529595,0.0,0.0036757857086854406,0.028071743328857982
7,3000,0.3,0.0,3.0,0.0,0,0.0,rung3_cell,0.43086418883105404,3.520326351576236,3.520326351576236,0.0,1.2469429033498,0.0021539698284263422,1.2269128355102552,0.024535700232437452,1.1275475674890434,0.06974360935255182,1.1497118338644805,0.06656585082940386,1.2780716772394898,0.23687715074546095,rung5_instance,0.042758566882030356,0,rung3_cell,0.0,1,rung4_shrunk,0.006296082851952917,0,rung4_shrunk,0.006296082851952917,0,rung5_instance,0.042758566882030356,0,0.679703682306562,0.03391598503567633,0.028226152378378427,0.0,0.006296082851952917,0.042758566882030356
8,3000,0.3,0.0,3.0,0.0,0,0.0,rung3_cell,0.46548689653487807,4.378205806570014,4.378205806570014,0.0,1.347032143297907,0.00273166731350231,1.3140851888522218,0.03165813543095026,1.1259844226203233,0.08750330213694098,1.1640109529425313,0.09177808829688722,1.2982911302787385,0.3081900637664173,rung5_instance,0.03935555231319842,0,rung3_cell,0.0,1,rung4_shrunk,0.008685414071934386,0,rung4_shrunk,0.008685414071934386,0,rung5_instance,0.03935555231319842,0,0.74282058167968,0.05048819777861417,0.04296297948114526,0.0,0.008685414071934386,0.03935555231319842
9,3000,0.3,0.0,3.0,0.0,0,0.0,rung3_cell,0.5168561508738491,4.239844408335225,4.239844408335225,0.0,1.3212906527502124,0.0024584598421546165,1.2361037266946926,0.028154722027813696,1.126228839762583,0.08082382820416902,1.153900044838083,0.09526364039394958,1.266755342380576,0.2859811980667785,rung5_instance,0.033144259336905874,0,rung3_cell,0.0,1,rung4_shrunk,0.006526467108344906,0,rung4_shrunk,0.006526467108344906,0,rung5_instance,0.033144259336905874,0,0.7343702430333293,0.04600683284607144,0.025914839402149652,0.0,0.006526467108344906,0.033144259336905874
0,3000,0.3,0.0,0.3,0.0,0,0.0,rung3_cell,0.37215823033895723,1.2907480028973104,1.2907480028973104,0.0,1.0618470176931352,0.00054487889247203,1.0574798863959556,0.006374731058879302,1.0539115298590782,0.018926436836343537,1.0540082463729235,0.016323965082354473,1.1053784249006935,0.06399516420630401,rung5_instance,0.03987369720974877,0,rung3_cell,0.0,1,rung5_instance,0.03987369720974877,0,rung5_instance,0.03987369720974877,0,rung5_instance,0.03987369720974877,0,0.18348777027476407,0.006147976069879138,0.0027645648328469756,0.0,7.493059344515245e-05,0.03987369720974877
1,3000,0.3,0.0,0.3,0.0,0,0.0,rung4_shrunk,0.38421384921108326,1.2882368994246816,1.2882368994246816,0.0,1.066882542932544,0.0005504493550247664,1.068365661988679,0.006461540198081511,1.069049933943997,0.018908576297915376,1.0647041641147956,0.01671724563856093,1.1101492807573574,0.06467440393180277,rung5_instance,0.03527698722405583,0,rung3_cell,0.0033734244308186727,0,rung5_instance,0.03527698722405583,0,rung5_instance,0.03527698722405583,0,rung5_instance,0.03527698722405583,0,0.17351834542987726,0.001690976883771257,0.0028422550817466647,0.0033734244308186727,0.0,0.03527698722405583
2,3000,0.3,0.0,0.3,0.0,0,0.0,rung4_shrunk,0.34701521053771617,1.3218451071271589,1.3218451071271589,0.0,1.0652917253982406,0.0005648551905898854,1.0673908729737518,0.00674481174159038,1.0587843426489907,0.019785885961956556,1.0544577190635622,0.01657129837926561,1.1047210123967752,0.06755390752428246,rung5_instance,0.03802510071883768,0,rung2_series,0.009784167479575518,0,rung5_instance,0.03802510071883768,0,rung5_instance,0.03802510071883768,0,rung5_instance,0.03802510071883768,0,0.20228344956749497,0.008196123945432994,0.009784167479575518,0.003273169876031659,0.0,0.03802510071883768
3,3000,0.3,0.0,0.3,0.0,0,0.0,rung3_cell,0.41383858846401406,1.3322917040734534,1.3322917040734534,0.0,1.0833746100182537,0.0005270222402960017,1.0771169904141078,0.0062596906672617095,1.0692218890797933,0.018987351980131434,1.0733231933790965,0.01725749853673266,1.1319915215171434,0.06267415862825292,rung5_instance,0.04711403084282016,0,rung1_global,0.010622839499179335,0,rung5_instance,0.04711403084282016,0,rung5_instance,0.04711403084282016,0,rung5_instance,0.04711403084282016,0,0.19745661868893258,0.010622839499179335,0.005925955487207026,0.0,0.003078383124929451,0.04711403084282016
4,3000,0.3,0.0,0.3,0.0,0,0.0,rung4_shrunk,0.36251006929240037,1.3166413106822605,1.3166413106822605,0.0,1.0791020888782004,0.0005259003834001317,1.0811551533852295,0.006250376287971253,1.0694313946121585,0.018514750552475836,1.064946739999273,0.015692125463548475,1.1179922065883383,0.06215380984479662,rung5_instance,0.04028847200729116,0,rung3_cell,0.0034061323889053264,0,rung5_instance,0.04028847200729116,0,rung5_instance,0.04028847200729116,0,rung5_instance,0.04028847200729116,0,0.19116411481314063,0.010751104924387028,0.012310424452319259,0.0034061323889053264,0.0,0.04028847200729116
5,3000,0.3,0.0,0.3,0.0,0,0.0,rung2_series,0.3756662941948428,1.2625500892227008,1.2625500892227008,0.0,1.0616616757094806,0.00047592641018358273,1.0611706942728265,0.0056278228944845465,1.0656289003333865,0.016548950938347275,1.0640194458515104,0.014190861467472077,1.1087025240522024,0.054846371800496105,rung5_instance,0.037647480432747994,0,rung1_global,0.0003888807587478168,0,rung5_instance,0.037647480432747994,0,rung5_instance,0.037647480432747994,0,rung5_instance,0.037647480432747994,0,0.15950210345623214,0.0003888807587478168,0.0,0.003531112229618353,0.002256347374255681,0.037647480432747994
6,3000,0.3,0.0,0.3,0.0,0,0.0,rung2_series,0.4006835374594591,1.3634990699021634,1.3634990699021634,0.0,1.0764124297793656,0.0005267528890263683,1.0686382929841927,0.006175799664015485,1.0715567620930828,0.018572831571053543,1.071672506999029,0.01669835589132347,1.1222985010685045,0.062457371097808474,rung5_instance,0.039354781582771566,0,rung2_series,0.0,1,rung5_instance,0.039354781582771566,0,rung5_instance,0.039354781582771566,0,rung5_instance,0.039354781582771566,0,0.21625300920750037,0.005701607699468941,0.0,0.0021404261823952443,0.002225314326803315,0.039354781582771566
7,3000,0.3,0.0,0.3,0.0,0,0.0,rung1_global,0.4133141713029727,1.2644723236105715,1.2644723236105715,0.0,1.0843580092507925,0.0005102299879082506,1.093259060538849,0.006008028339705422,1.0883663464677886,0.017845086541621962,1.0899687229060262,0.016384643463711233,1.1244921434200932,0.05995693786700778,rung5_instance,0.03173982808473162,0,rung2_series,0.007039340539016682,0,rung5_instance,0.03173982808473162,0,rung4_shrunk,0.004437197675638223,0,rung5_instance,0.03173982808473162,0,0.14244227492894504,0.0,0.007039340539016682,0.0031699683276188435,0.004437197675638223,0.03173982808473162
8,3000,0.3,0.0,0.3,0.0,0,0.0,rung4_shrunk,0.3463447725628156,1.333034084255114,1.333034084255114,0.0,1.071317311911663,0.0005327690359148048,1.0722772347203806,0.00634129333084522,1.0620689665060323,0.018581590924275478,1.0595177920002035,0.015621298929924341,1.1135507090014467,0.06404111288210274,rung5_instance,0.040533785024286374,0,rung4_shrunk,0.0,1,rung5_instance,0.040533785024286374,0,rung5_instance,0.040533785024286374,0,rung5_instance,0.040533785024286374,0,0.20518326986946378,0.008851626564412272,0.009571730288732263,0.0019138104088722073,0.0,0.040533785024286374
9,3000,0.3,0.0,0.3,0.0,0,0.0,rung3_cell,0.39757747428716594,1.3142452718548363,1.3142452718548363,0.0,1.0789843040282905,0.0005233296585093729,1.071994798314801,0.006248475979790246,1.0663388376871679,0.01856803579862584,1.0673822268014785,0.01657121329446857,1.1241815933745976,0.06220514611711467,rung5_instance,0.04401214668689229,0,rung2_series,0.004303580730901733,0,rung5_instance,0.04401214668689229,0,rung5_instance,0.04401214668689229,0,rung5_instance,0.04401214668689229,0,0.18863026519988174,0.00962184655477259,0.004303580730901733,0.0,0.0007939074514136233,0.04401214668689229
0,3000,0.3,0.0,0.3,0.5,0,0.0,rung4_shrunk,0.361164367212987,1.2824300865166798,1.2824300865166798,0.0,1.0511925426331763,0.0005544934636307971,1.0460213499302258,0.006473046127250809,1.0472547150485407,0.019095392290314053,1.0446845314673063,0.016136255997083803,1.095444819290425,0.06396225228576072,rung5_instance,0.03958132950622909,0,rung3_cell,0.002004151031901862,0,rung5_instance,0.03958132950622909,0,rung5_instance,0.03958132950622909,0,rung5_instance,0.03958132950622909,0,0.1853867571799839,0.005074749285980136,0.001042410402699216,0.002004151031901862,0.0,0.03958132950622909
1,3000,0.3,0.0,0.3,0.5,0,0.0,rung4_shrunk,0.3942413657234707,1.2984027547042265,1.2984027547042265,0.0,1.073314389349731,0.0005215187058205513,1.0733922606637574,0.006089250977168054,1.0726924950217707,0.018267200061809288,1.0712110442055305,0.016223349755377814,1.1239356579790207,0.06125296555066046,rung5_instance,0.040607287363234844,0,rung2_series,0.001679922851614531,0,rung5_instance,0.040607287363234844,0,rung5_instance,0.040607287363234844,0,rung5_instance,0.040607287363234844,0,0.17497784079366793,0.001619948152897794,0.001679922851614531,0.0011409794155725227,0.0,0.040607287363234844
2,3000,0.3,0.0,0.3,0.5,0,0.0,rung4_shrunk,0.370291248083002,1.3132510424159967,1.3132510424159967,0.0,1.0650095248221323,0.0005160626386852633,1.0650000484164255,0.006168732816503928,1.059795102997586,0.018598037378077886,1.0596392558222996,0.015914145407321927,1.115880176943648,0.06227888905894326,rung5_instance,0.04282571976328424,0,rung3_cell,0.00011867279770041621,0,rung5_instance,0.04282571976328424,0,rung5_instance,0.04282571976328424,0,rung5_instance,0.04282571976328424,0,0.19311752163327875,0.00408929353671253,0.004082077547232426,0.00011867279770041621,0.0,0.04282571976328424
3,3000,0.3,0.0,0.3,0.5,0,0.0,rung3_cell,0.42510973444035244,1.3415564537516718,1.3415564537516718,0.0,1.0967230805995902,0.0005109736115757573,1.0924830657847722,0.006062983547387274,1.0839527038534058,0.018311318735436788,1.0871119599536812,0.016968819972356396,1.1393347525097333,0.06040866703178455,rung5_instance,0.041281936739561854,0,rung1_global,0.009519075183509404,0,rung5_instance,0.041281936739561854,0,rung5_instance,0.041281936739561854,0,rung5_instance,0.041281936739561854,0,0.19201856856480046,0.009519075183509404,0.0063585560693410585,0.0,0.0023549184914585307,0.041281936739561854
4,3000,0.3,0.0,0.3,0.5,0,0.0,rung4_shrunk,0.3995870685501829,1.3133024367476835,1.3133024367476835,0.0,1.0826623446678065,0.0005219035082024453,1.0843065817139126,0.0061996818894744085,1.0734708271690314,0.018449389768761128,1.0706538779988153,0.016357956445735712,1.1271500759320137,0.06079439845181765,rung5_instance,0.043018421615898236,0,rung3_cell,0.002144935615281535,0,rung5_instance,0.043018421615898236,0,rung5_instance,0.043018421615898236,0,rung5_instance,0.043018421615898236,0,0.18476213243750098,0.00914371764871579,0.010395704243804971,0.002144935615281535,0.0,0.043018421615898236
5,3000,0.3,0.0,0.3,0.5,0,0.0,rung2_series,0.35920604252677396,1.258527764924796,1.258527764924796,0.0,1.0532899471898636,0.0005015552029149867,1.052698874900514,0.00593070180663771,1.0581678738226328,0.017399429385112426,1.0536566605626985,0.014616547407276546,1.0978072879926817,0.057909840602747974,rung5_instance,0.035842207338876796,0,rung1_global,0.0004696537540313586,0,rung5_instance,0.035842207338876796,0,rung5_instance,0.035842207338876796,0,rung5_instance,0.035842207338876796,0,0.16354735728582148,0.0004696537540313586,0.0,0.00434555285512166,0.0007610365769258585,0.035842207338876796
6,3000,0.3,0.0,0.3,0.5,0,0.0,rung2_series,0.40026789838602017,1.360957062386469,1.360957062386469,0.0,1.079772654875512,0.0005180873312835288,1.070808300992794,0.006141037809901409,1.0715160315384458,0.018344791802862838,1.073841398196994,0.0165476331732018,1.1203585626157309,0.06210056553600671,rung5_instance,0.03640839449853719,0,rung1_global,0.0065868013991556736,0,rung5_instance,0.03640839449853719,0,rung5_instance,0.03640839449853719,0,rung5_instance,0.03640839449853719,0,0.2131946476583858,0.0065868013991556736,0.0,0.0005200241544804815,0.0022286501815725773,0.03640839449853719
7,3000,0.3,0.0,0.3,0.5,0,0.0,rung1_global,0.40203927530302364,1.2578697374864605,1.2578697374864605,0.0,1.0829803049189863,0.0005173813766843295,1.0897159276943236,0.0060724745108161815,1.0884714875580255,0.018011972630869445,1.0873019950822225,0.016320766419283112,1.1257171320028931,0.06112799595244996,rung5_instance,0.033975558684880766,0,rung2_series,0.005354785614603227,0,rung5_instance,0.033975558684880766,0,rung4_shrunk,0.003435721549253548,0,rung5_instance,0.033975558684880766,0,0.13903620331700414,0.0,0.005354785614603227,0.004365462078777648,0.003435721549253548,0.033975558684880766
8,3000,0.3,0.0,0.3,0.5,0,0.0,rung3_cell,0.3506215337802143,1.3374940635239174,1.3374940635239174,0.0,1.0763632595231403,0.0005267137136224215,1.0789446191204708,0.006277726205693407,1.0700812360096148,0.018423700228332732,1.070431525892474,0.015414420065985413,1.1213856253715322,0.062189427225550105,rung5_instance,0.038358592206940254,0,rung3_cell,0.0,1,rung5_instance,0.038358592206940254,0,rung5_instance,0.038358592206940254,0,rung5_instance,0.038358592206940254,0,0.19993571172177443,0.0046968608570673726,0.006626857907319225,0.0,0.00026190014027890955,0.038358592206940254
9,3000,0.3,0.0,0.3,0.5,0,0.0,rung3_cell,0.4024123513971866,1.3008002188576446,1.3008002188576446,0.0,1.0707054191336318,0.0004862117669745694,1.0597868224607485,0.005810302077992668,1.0526743617891774,0.017191212008691698,1.0580054236038727,0.015729400020133795,1.1126611974977627,0.05922245134317615,rung5_instance,0.04611533334555049,0,rung2_series,0.005467757898916439,0,rung5_instance,0.04611533334555049,0,rung5_instance,0.04611533334555049,0,rung5_instance,0.04611533334555049,0,0.19074862801481535,0.013861511616510334,0.005467757898916439,0.0,0.004098294063462755,0.04611533334555049
0,3000,0.3,0.0,0.3,0.9,0,0.0,rung2_series,0.3615871980120465,1.293704139072757,1.293704139072757,0.0,1.0711295594355223,0.0005159697108786464,1.0646543442935918,0.006097144861342296,1.0683282354660324,0.01796131098280877,1.0658401088132223,0.01534321532393412,1.1102127195511333,0.06136134476710409,rung5_instance,0.03521545141704096,0,rung3_cell,0.0028398233115909735,0,rung5_instance,0.03521545141704096,0,rung5_instance,0.03521545141704096,0,rung5_instance,0.03521545141704096,0,0.17704959570070883,0.005005174634883301,0.0,0.0028398233115909735,0.0009165654525001073,0.03521545141704096
1,3000,0.3,0.0,0.3,0.9,0,0.0,rung4_shrunk,0.40770064043854265,1.303463746905134,1.303463746905134,0.0,1.0841855758580594,0.0004980273268245185,1.0823374045145446,0.005952823760078309,1.077901276383738,0.017834025630894097,1.0773715237465102,0.01605519060741748,1.1228955222065407,0.05895015640582695,rung5_instance,0.03492540438360473,0,rung1_global,0.005227649888789043,0,rung5_instance,0.03492540438360473,0,rung5_instance,0.03492540438360473,0,rung5_instance,0.03492540438360473,0,0.1734549378112307,0.005227649888789043,0.003809757486408871,0.0004064191570233287,0.0,0.03492540438360473
2,3000,0.3,0.0,0.3,0.9,0,0.0,rung4_shrunk,0.36859400317375446,1.3237849836227524,1.3237849836227524,0.0,1.0765261127055767,0.0005637619977635508,1.0753419782893818,0.006764208579101456,1.075172504508782,0.02044834107509669,1.0714565235031637,0.017427672416560583,1.1242713850687462,0.0682714187985519,rung5_instance,0.03989685803886832,0,rung1_global,0.003829616792101175,0,rung5_instance,0.03989685803886832,0,rung5_instance,0.03989685803886832,0,rung5_instance,0.03989685803886832,0,0.19061136305463366,0.003829616792101175,0.002935110183517099,0.002807088047976677,0.0,0.03989685803886832
3,3000,0.3,0.0,0.3,0.9,0,0.0,rung3_cell,0.40650398491905243,1.359396149617568,1.359396149617568,0.0,1.113403723403269,0.0005034745660946162,1.1109301237735427,0.00600317542971859,1.106441781381894,0.01796595091642867,1.1075566262423167,0.0162697518616607,1.1607842451189212,0.06016182276831541,rung5_instance,0.0399754433262997,0,rung3_cell,0.0,1,rung5_instance,0.0399754433262997,0,rung5_instance,0.0399754433262997,0,rung5_instance,0.0399754433262997,0,0.1860784792621608,0.00512134893374052,0.0033017177464503772,0.0,0.0008201029999505324,0.0399754433262997
4,3000,0.3,0.0,0.3,0.9,0,0.0,rung3_cell,0.43553253908818135,1.330124994918827,1.330124994918827,0.0,1.0966964157606738,0.0005168725013159296,1.0994503424756095,0.006196481632828162,1.0895668386901372,0.018308098214191878,1.0911256648559051,0.017142996819938725,1.1491992394536887,0.05962196286631868,rung5_instance,0.04483217817224069,0,rung4_shrunk,0.00117193960847499,0,rung5_instance,0.04483217817224069,0,rung5_instance,0.04483217817224069,0,rung5_instance,0.04483217817224069,0,0.18085379731050785,0.005360080517073302,0.007430507526155819,0.0,0.00117193960847499,0.04483217817224069
5,3000,0.3,0.0,0.3,0.9,0,0.0,rung2_series,0.36148186811924715,1.2297638022275612,1.2297638022275612,0.0,1.0360792408892625,0.0004973031004075137,1.0345945588908587,0.005940432205127263,1.0412258972949906,0.017524067657686035,1.0347079617423807,0.014751465129515981,1.0816874510719972,0.0582142652461689,rung5_instance,0.038294257885811596,0,rung3_cell,0.00539236753604233,0,rung5_instance,0.038294257885811596,0,rung5_instance,0.038294257885811596,0,rung5_instance,0.038294257885811596,0,0.15870465774255035,0.0012072903721141236,0.0,0.00539236753604233,9.221514840210278e-05,0.038294257885811596
6,3000,0.3,0.0,0.3,0.9,0,0.0,rung3_cell,0.4307399015245889,1.3431055101077967,1.3431055101077967,0.0,1.062430824104657,0.0005082792012155409,1.0523158386076825,0.005973651412462323,1.0499509409960264,0.01776197557213029,1.0532863230045655,0.016969013462997073,1.1002901596620909,0.06043607570598242,rung5_instance,0.03747972016139247,0,rung2_series,0.001760768304395045,0,rung5_instance,0.03747972016139247,0,rung5_instance,0.03747972016139247,0,rung5_instance,0.03747972016139247,0,0.21826622473482513,0.00929181141370565,0.001760768304395045,0.0,0.00248333580901728,0.03747972016139247
7,3000,0.3,0.0,0.3,0.9,0,0.0,rung3_cell,0.4161537645284456,1.2328399231152074,1.2328399231152074,0.0,1.049264165027658,0.0005186808662233154,1.0472771472114781,0.006087130619919202,1.0424928239597016,0.017943987529342995,1.0455305094520084,0.016654213026273252,1.0890516521387297,0.06084588282148994,rung5_instance,0.03776550978441769,0,rung1_global,0.0054924738735311306,0,rung5_instance,0.03776550978441769,0,rung4_shrunk,0.002463973980199379,0,rung5_instance,0.03776550978441769,0,0.15439725432846657,0.0054924738735311306,0.003880733550295231,0.0,0.002463973980199379,0.03776550978441769
8,3000,0.3,0.0,0.3,0.9,0,0.0,rung4_shrunk,0.38140196572464274,1.3525599882902113,1.3525599882902113,0.0,1.1090382079558088,0.0005551309860047523,1.1077196736090376,0.006610796398009764,1.09418979570122,0.01944668867086198,1.0922581167508532,0.016938127498221173,1.1511409172231541,0.06528325330402339,rung5_instance,0.043534335616962544,0,rung3_cell,0.0014281650847950962,0,rung5_instance,0.043534335616962544,0,rung5_instance,0.043534335616962544,0,rung5_instance,0.043534335616962544,0,0.1924512582014267,0.012406171519362729,0.011431327994353549,0.0014281650847950962,0.0,0.043534335616962544
9,3000,0.3,0.0,0.3,0.9,0,0.0,rung3_cell,0.41474599779344273,1.307300620891559,1.307300620891559,0.0,1.0702642174782648,0.0004783706434647293,1.06267096034649,0.005704980266189369,1.0580154768152152,0.016723124708686768,1.0591771911933237,0.015514043784242374,1.1049191968268781,0.056890646830865,rung5_instance,0.035878297051274446,0,rung1_global,0.009369490434951482,0,rung5_instance,0.035878297051274446,0,rung5_instance,0.035878297051274446,0,rung5_instance,0.035878297051274446,0,0.1906869315998145,0.009369490434951482,0.0035611422934226735,0.0,0.0008886359874258627,0.035878297051274446
0,3000,0.3,0.0,0.3,0.0,0,0.0,rung3_cell,0.37215823033895723,1.2907480028973104,1.2907480028973104,0.0,1.0618470176931352,0.00054487889247203,1.0574798863959556,0.006374731058879302,1.0539115298590782,0.018926436836343537,1.0540082463729235,0.016323965082354473,1.1053784249006935,0.06399516420630401,rung5_instance,0.03987369720974877,0,rung3_cell,0.0,1,rung5_instance,0.03987369720974877,0,rung5_instance,0.03987369720974877,0,rung5_instance,0.03987369720974877,0,0.18348777027476407,0.006147976069879138,0.0027645648328469756,0.0,7.493059344515245e-05,0.03987369720974877
1,3000,0.3,0.0,0.3,0.0,0,0.0,rung4_shrunk,0.38421384921108326,1.2882368994246816,1.2882368994246816,0.0,1.066882542932544,0.0005504493550247664,1.068365661988679,0.006461540198081511,1.069049933943997,0.018908576297915376,1.0647041641147956,0.01671724563856093,1.1101492807573574,0.06467440393180277,rung5_instance,0.03527698722405583,0,rung3_cell,0.0033734244308186727,0,rung5_instance,0.03527698722405583,0,rung5_instance,0.03527698722405583,0,rung5_instance,0.03527698722405583,0,0.17351834542987726,0.001690976883771257,0.0028422550817466647,0.0033734244308186727,0.0,0.03527698722405583
2,3000,0.3,0.0,0.3,0.0,0,0.0,rung4_shrunk,0.34701521053771617,1.3218451071271589,1.3218451071271589,0.0,1.0652917253982406,0.0005648551905898854,1.0673908729737518,0.00674481174159038,1.0587843426489907,0.019785885961956556,1.0544577190635622,0.01657129837926561,1.1047210123967752,0.06755390752428246,rung5_instance,0.03802510071883768,0,rung2_series,0.009784167479575518,0,rung5_instance,0.03802510071883768,0,rung5_instance,0.03802510071883768,0,rung5_instance,0.03802510071883768,0,0.20228344956749497,0.008196123945432994,0.009784167479575518,0.003273169876031659,0.0,0.03802510071883768
3,3000,0.3,0.0,0.3,0.0,0,0.0,rung3_cell,0.41383858846401406,1.3322917040734534,1.3322917040734534,0.0,1.0833746100182537,0.0005270222402960017,1.0771169904141078,0.0062596906672617095,1.0692218890797933,0.018987351980131434,1.0733231933790965,0.01725749853673266,1.1319915215171434,0.06267415862825292,rung5_instance,0.04711403084282016,0,rung1_global,0.010622839499179335,0,rung5_instance,0.04711403084282016,0,rung5_instance,0.04711403084282016,0,rung5_instance,0.04711403084282016,0,0.19745661868893258,0.010622839499179335,0.005925955487207026,0.0,0.003078383124929451,0.04711403084282016
4,3000,0.3,0.0,0.3,0.0,0,0.0,rung4_shrunk,0.36251006929240037,1.3166413106822605,1.3166413106822605,0.0,1.0791020888782004,0.0005259003834001317,1.0811551533852295,0.006250376287971253,1.0694313946121585,0.018514750552475836,1.064946739999273,0.015692125463548475,1.1179922065883383,0.06215380984479662,rung5_instance,0.04028847200729116,0,rung3_cell,0.0034061323889053264,0,rung5_instance,0.04028847200729116,0,rung5_instance,0.04028847200729116,0,rung5_instance,0.04028847200729116,0,0.19116411481314063,0.010751104924387028,0.012310424452319259,0.0034061323889053264,0.0,0.04028847200729116
5,3000,0.3,0.0,0.3,0.0,0,0.0,rung2_series,0.3756662941948428,1.2625500892227008,1.2625500892227008,0.0,1.0616616757094806,0.00047592641018358273,1.0611706942728265,0.0056278228944845465,1.0656289003333865,0.016548950938347275,1.0640194458515104,0.014190861467472077,1.1087025240522024,0.054846371800496105,rung5_instance,0.037647480432747994,0,rung1_global,0.0003888807587478168,0,rung5_instance,0.037647480432747994,0,rung5_instance,0.037647480432747994,0,rung5_instance,0.037647480432747994,0,0.15950210345623214,0.0003888807587478168,0.0,0.003531112229618353,0.002256347374255681,0.037647480432747994
6,3000,0.3,0.0,0.3,0.0,0,0.0,rung2_series,0.4006835374594591,1.3634990699021634,1.3634990699021634,0.0,1.0764124297793656,0.0005267528890263683,1.0686382929841927,0.006175799664015485,1.0715567620930828,0.018572831571053543,1.071672506999029,0.01669835589132347,1.1222985010685045,0.062457371097808474,rung5_instance,0.039354781582771566,0,rung2_series,0.0,1,rung5_instance,0.039354781582771566,0,rung5_instance,0.039354781582771566,0,rung5_instance,0.039354781582771566,0,0.21625300920750037,0.005701607699468941,0.0,0.0021404261823952443,0.002225314326803315,0.039354781582771566
7,3000,0.3,0.0,0.3,0.0,0,0.0,rung1_global,0.4133141713029727,1.2644723236105715,1.2644723236105715,0.0,1.0843580092507925,0.0005102299879082506,1.093259060538849,0.006008028339705422,1.0883663464677886,0.017845086541621962,1.0899687229060262,0.016384643463711233,1.1244921434200932,0.05995693786700778,rung5_instance,0.03173982808473162,0,rung2_series,0.007039340539016682,0,rung5_instance,0.03173982808473162,0,rung4_shrunk,0.004437197675638223,0,rung5_instance,0.03173982808473162,0,0.14244227492894504,0.0,0.007039340539016682,0.0031699683276188435,0.004437197675638223,0.03173982808473162
8,3000,0.3,0.0,0.3,0.0,0,0.0,rung4_shrunk,0.3463447725628156,1.333034084255114,1.333034084255114,0.0,1.071317311911663,0.0005327690359148048,1.0722772347203806,0.00634129333084522,1.0620689665060323,0.018581590924275478,1.0595177920002035,0.015621298929924341,1.1135507090014467,0.06404111288210274,rung5_instance,0.040533785024286374,0,rung4_shrunk,0.0,1,rung5_instance,0.040533785024286374,0,rung5_instance,0.040533785024286374,0,rung5_instance,0.040533785024286374,0,0.20518326986946378,0.008851626564412272,0.009571730288732263,0.0019138104088722073,0.0,0.040533785024286374
9,3000,0.3,0.0,0.3,0.0,0,0.0,rung3_cell,0.39757747428716594,1.3142452718548363,1.3142452718548363,0.0,1.0789843040282905,0.0005233296585093729,1.071994798314801,0.006248475979790246,1.0663388376871679,0.01856803579862584,1.0673822268014785,0.01657121329446857,1.1241815933745976,0.06220514611711467,rung5_instance,0.04401214668689229,0,rung2_series,0.004303580730901733,0,rung5_instance,0.04401214668689229,0,rung5_instance,0.04401214668689229,0,rung5_instance,0.04401214668689229,0,0.18863026519988174,0.00962184655477259,0.004303580730901733,0.0,0.0007939074514136233,0.04401214668689229
0,3000,0.3,0.0,0.3,0.0,2,0.0,rung3_cell,0.41429471619760944,1.2907480028973104,1.2907480028973104,0.0,1.071712737984619,0.0005237892475232478,1.0677657558859575,0.006183215074370023,1.0650987265667384,0.018296198168590145,1.0666177538272505,0.016729552766916355,1.1221418998427244,0.06090085493158007,rung5_instance,0.04419388846462868,0,rung1_global,0.005124169398700776,0,rung5_instance,0.04419388846462868,0,rung5_instance,0.04419388846462868,0,rung5_instance,0.04419388846462868,0,0.17482055042817232,0.005124169398700776,0.0020662664697000594,0.0,0.001176858114134126,0.04419388846462868
1,3000,0.3,0.0,0.3,0.0,2,0.0,rung1_global,0.40319532683595166,1.2882368994246816,1.2882368994246816,0.0,1.1328590738520796,0.0004987272964174379,1.1364174166670802,0.00591181903991668,1.139410213063473,0.01767657502842421,1.1343806509161867,0.015953746816166316,1.1720970850117658,0.059408180257327484,rung5_instance,0.030458692168505355,0,rung2_series,0.002762180478287567,0,rung5_instance,0.030458692168505355,0,rung5_instance,0.030458692168505355,0,rung5_instance,0.030458692168505355,0,0.12061277366142259,0.0,0.002762180478287567,0.005085352868186723,0.001181131408971887,0.030458692168505355
2,3000,0.3,0.0,0.3,0.0,2,0.0,rung4_shrunk,0.3420738362026602,1.3218451071271589,1.3218451071271589,0.0,1.077687203997101,0.000554559109212667,1.0805399002453957,0.006628342253314349,1.0727421780364945,0.019541172246064515,1.0695884319947633,0.0162753521782371,1.1297726992949284,0.06680049162921359,rung5_instance,0.045530498978785056,0,rung2_series,0.008284986033222813,0,rung5_instance,0.045530498978785056,0,rung5_instance,0.045530498978785056,0,rung5_instance,0.045530498978785056,0,0.19083678849531724,0.0061268691457649635,0.008284986033222813,0.0023858665623731497,0.0,0.045530498978785056
3,3000,0.3,0.0,0.3,0.0,2,0.0,rung1_global,0.37206172476325156,1.3322917040734534,1.3322917040734534,0.0,1.330325504472177,0.00046785165085559547,1.333342761471529,0.005562152355899767,1.3388255620982439,0.016580390845114455,1.3392008759405425,0.01409233033187246,1.359063908160894,0.05457327749798045,rung5_instance,0.02157065423499223,0,rung1_global,0.0,1,rung5_instance,0.02157065423499223,0,rung4_shrunk,0.006661732893201489,0,rung5_instance,0.02157065423499223,0,0.0014758026303585898,0.0,0.002264711992221276,0.006380027436993142,0.006661732893201489,0.02157065423499223
4,3000,0.3,0.0,0.3,0.0,2,0.0,rung4_shrunk,0.36859914303300584,1.3166413106822605,1.3166413106822605,0.0,1.0924813040461392,0.0005187568854309674,1.0935031895621037,0.006176813150727175,1.0813760182144598,0.018342163581573857,1.0779897854791713,0.01569524134070132,1.1233996175916108,0.06169951780032093,rung5_instance,0.034489144267324294,0,rung3_cell,0.0025718718589604326,0,rung5_instance,0.034489144267324294,0,rung5_instance,0.034489144267324294,0,rung5_instance,0.034489144267324294,0,0.18125781354940484,0.011006428591746518,0.011782559119988087,0.0025718718589604326,0.0,0.034489144267324294
5,3000,0.3,0.0,0.3,0.0,2,0.0,rung1_global,0.3782957571578904,1.2625500892227008,1.2625500892227008,0.0,1.2032000277568893,0.0004282170180491555,1.2049108710009424,0.005109128113779253,1.2093526487033786,0.015288336744224187,1.2049953622980383,0.013379259867373011,1.2312982064518263,0.05219894961023534,rung5_instance,0.022255100161797062,0,rung1_global,0.0,1,rung5_instance,0.022255100161797062,0,rung4_shrunk,0.0014219907443468705,0,rung5_instance,0.022255100161797062,0,0.04700808464743835,0.0,0.0013550695997387502,0.004873169784714984,0.0014219907443468705,0.022255100161797062
6,3000,0.3,0.0,0.3,0.0,2,0.0,rung3_cell,0.3923738667014768,1.3634990699021634,1.3634990699021634,0.0,1.1957060989079382,0.0004932775774718993,1.1954759881695998,0.00585902829710314,1.1930669444370678,0.017727329641977405,1.1951650287225617,0.015557413170383682,1.237030280817541,0.058537771139946806,rung5_instance,0.032243026307035016,0,rung1_global,0.0019355748229881412,0,rung5_instance,0.032243026307035016,0,rung5_instance,0.032243026307035016,0,rung5_instance,0.032243026307035016,0,0.1249961435450959,0.0019355748229881412,0.001766809956610225,0.0,0.001538750067240161,0.032243026307035016
7,3000,0.3,0.0,0.3,0.0,2,0.0,rung1_global,0.4073378253486806,1.2644723236105715,1.2644723236105715,0.0,1.0988781609351768,0.0004856963139729977,1.1089926827064527,0.005706374118047297,1.1050364533439716,0.016950005589424708,1.1014694115499357,0.01542735097386046,1.1339220141345012,0.05709651281335951,rung5_instance,0.027714211331459054,0,rung2_series,0.007999006053683276,0,rung5_instance,0.027714211331459054,0,rung5_instance,0.027714211331459054,0,rung5_instance,0.027714211331459054,0,0.1309591041127397,0.0,0.007999006053683276,0.00487024689572522,0.0020492742833310134,0.027714211331459054
8,3000,0.3,0.0,0.3,0.0,2,0.0,rung4_shrunk,0.36250282104981335,1.333034084255114,1.333034084255114,0.0,1.1928453257625655,0.0004893887616418729,1.1905963060783902,0.005837773036188052,1.1913866146167584,0.017172115155074687,1.190488480270578,0.01449664815204262,1.2342989298122753,0.05720989665907599,rung5_instance,0.03286521331986658,0,rung1_global,0.001768030930210265,0,rung5_instance,0.03286521331986658,0,rung5_instance,0.03286521331986658,0,rung5_instance,0.03286521331986658,0,0.10693320273516421,0.001768030930210265,8.08875099937627e-05,0.0006737519743783119,0.0,0.03286521331986658
9,3000,0.3,0.0,0.3,0.0,2,0.0,rung4_shrunk,0.3494597241328819,1.3142452718548363,1.3142452718548363,0.0,1.1157107299717655,0.0005214438182791468,1.1103888675850142,0.006222234508209711,1.1055466788757102,0.018407290154970512,1.1025647152008384,0.015353444254633329,1.1532570867917238,0.06193334660096521,rung5_instance,0.03857146963088678,0,rung2_series,0.005953342615517498,0,rung5_instance,0.03857146963088678,0,rung5_instance,0.03857146963088678,0,rung5_instance,0.03857146963088678,0,0.16106624934267127,0.010002710340645652,0.005953342615517498,0.0022689552237561113,0.0,0.03857146963088678
0,3000,0.3,0.0,0.3,0.0,4,0.0,rung1_global,0.4111390085387561,1.2907480028973104,1.2907480028973104,0.0,1.2284356159038616,0.00045589797941647287,1.2308190441271567,0.0053838711197830005,1.230280175856035,0.016171881734764564,1.2285013395348767,0.014889606489099927,1.2559043836291373,0.054910955475026654,rung5_instance,0.021281278501781256,0,rung1_global,0.0,1,rung5_instance,0.021281278501781256,0,rung4_shrunk,5.091902591951552e-05,0,rung5_instance,0.021281278501781256,0,0.04827618315393685,0.0,0.0018465480620113663,0.0014290627977211943,5.091902591951552e-05,0.021281278501781256
1,3000,0.3,0.0,0.3,0.0,4,0.0,rung1_global,0.41898750115574596,1.2882368994246816,1.2882368994246816,0.0,1.2599268766398317,0.00044962557169969593,1.2636237627658544,0.005409783495737656,1.274202764652159,0.01618066165597049,1.2720543785182905,0.015064614532902153,1.2916221817226097,0.054698891599562094,rung5_instance,0.0246036308204903,0,rung1_global,0.0,1,rung5_instance,0.0246036308204903,0,rung4_shrunk,0.009414030822960323,0,rung5_instance,0.0246036308204903,0,0.021975789388964807,0.0,0.0028697253802260347,0.011081725743691076,0.009414030822960323,0.0246036308204903
2,3000,0.3,0.0,0.3,0.0,4,0.0,rung1_global,0.4267139066348292,1.3218451071271589,1.3218451071271589,0.0,1.258601835352989,0.0004905285096575507,1.267480491050287,0.005809323309770381,1.2745177069079774,0.016898877474953042,1.2610387463636097,0.015743728752193733,1.2877942984491522,0.055961824676635796,rung5_instance,0.02208463226043838,0,rung2_series,0.006716865425022787,0,rung5_instance,0.02208463226043838,0,rung4_shrunk,0.0018435677504733356,0,rung5_instance,0.02208463226043838,0,0.04784469181235612,0.0,0.006716865425022787,0.012040647931571327,0.0018435677504733356,0.02208463226043838
3,3000,0.3,0.0,0.3,0.0,4,0.0,rung0_none,0.38343802645730757,1.3322917040734534,1.3322917040734534,0.0,1.3332777427466325,0.0004710837464923234,1.3365848522081731,0.005618320704617246,1.3464400711068356,0.01683841157490804,1.345723005458654,0.014967892546151728,1.3682323622729327,0.05826770369017224,rung5_instance,0.026976568336792482,0,rung2_series,0.003222378493833967,0,rung5_instance,0.026976568336792482,0,rung4_shrunk,0.010081351812170434,0,rung5_instance,0.026976568336792482,0,0.0,0.000740107192864928,0.003222378493833967,0.010619571517351531,0.010081351812170434,0.026976568336792482
4,3000,0.3,0.0,0.3,0.0,4,0.0,rung4_shrunk,0.4163009319700698,1.3166413106822605,1.3166413106822605,0.0,1.2349801026155378,0.00045989098940298046,1.2381866447784466,0.005478145972096758,1.238835699041914,0.016441520741931667,1.2326759181346056,0.015120386321064161,1.2623071469219254,0.05492400117570205,rung5_instance,0.022505164122463492,0,rung3_cell,0.00467840470850524,0,rung5_instance,0.022505164122463492,0,rung4_shrunk,0.0,1,rung5_instance,0.022505164122463492,0,0.06377241232401062,0.0017500472317234083,0.004185442610019155,0.00467840470850524,0.0,0.022505164122463492
5,3000,0.3,0.0,0.3,0.0,4,0.0,rung1_global,0.37551886896884534,1.2625500892227008,1.2625500892227008,0.0,1.2144011657957774,0.00041603971417442353,1.2157238821883158,0.004983898221934448,1.2208867140793722,0.01507876988117833,1.215416912696711,0.013031169057524095,1.2412116474601336,0.050709710021670705,rung5_instance,0.02123518258262709,0,rung1_global,0.0,1,rung5_instance,0.02123518258262709,0,rung5_instance,0.02123518258262709,0,rung5_instance,0.02123518258262709,0,0.03813624808863363,0.0,0.0010476545871956563,0.005136864144208094,0.0008045200817013817,0.02123518258262709
6,3000,0.3,0.0,0.3,0.0,4,0.0,rung1_global,0.3643276614570058,1.3634990699021634,1.3634990699021634,0.0,1.3514287062080668,0.00047829258017178535,1.3569464127398376,0.00567602312073221,1.35772757103019,0.017122647090026276,1.3573367291837894,0.014296754211653329,1.3804261022982447,0.05558342805128204,rung5_instance,0.021266898328180458,0,rung1_global,0.0,1,rung5_instance,0.021266898328180458,0,rung4_shrunk,0.0043329864362478855,0,rung5_instance,0.021266898328180458,0,0.008852491329504712,0.0,0.004046725556011401,0.004619632650409605,0.0043329864362478855,0.021266898328180458
7,3000,0.3,0.0,0.3,0.0,4,0.0,rung1_global,0.3792464261252685,1.2644723236105715,1.2644723236105715,0.0,1.2531742091690785,0.0004677745024787693,1.2570104614832451,0.005562104217714585,1.262739899200111,0.0165923278324778,1.2590356294103946,0.014070409200956471,1.2754668656470811,0.05337495117956392,rung5_instance,0.017630007444012854,0,rung1_global,0.0,1,rung5_instance,0.017630007444012854,0,rung4_shrunk,0.004635467405549374,0,rung5_instance,0.017630007444012854,0,0.008935042887480817,0.0,0.0030338760623977875,0.007564965916943702,0.004635467405549374,0.017630007444012854
8,3000,0.3,0.0,0.3,0.0,4,0.0,rung4_shrunk,0.3779477688868147,1.333034084255114,1.333034084255114,0.0,1.240952037480929,0.0004969936478715138,1.2427142427256057,0.005927152215336444,1.250396801215602,0.017128795114077257,1.2396915190220696,0.015047731664796766,1.266123102797261,0.05894354317851199,rung5_instance,0.019828137995406992,0,rung1_global,0.0009456010718314105,0,rung5_instance,0.019828137995406992,0,rung4_shrunk,0.0,1,rung5_instance,0.019828137995406992,0,0.07002263958254547,0.0009456010718314105,0.0022675516997190176,0.008030764044202431,0.0,0.019828137995406992
9,3000,0.3,0.0,0.3,0.0,4,0.0,rung2_series,0.37620855949537907,1.3142452718548363,1.3142452718548363,0.0,1.2795191736697382,0.00045566788147163715,1.2792302370480557,0.005499491340056013,1.2865698004334942,0.016368021700630273,1.2841015987295017,0.014058005202407534,1.311540604467066,0.05432624535976995,rung5_instance,0.024584731717093977,0,rung1_global,0.0002198498468057756,0,rung5_instance,0.024584731717093977,0,rung4_shrunk,0.0037065849014399463,0,rung5_instance,0.024584731717093977,0,0.026642694142899787,0.0002198498468057756,0.0,0.005584622248691789,0.0037065849014399463,0.024584731717093977
0,3000,0.3,0.0,0.3,0.0,0,0.0,rung3_cell,0.37215823033895723,1.2907480028973104,1.2907480028973104,0.0,1.0618470176931352,0.00054487889247203,1.0574798863959556,0.006374731058879302,1.0539115298590782,0.018926436836343537,1.0540082463729235,0.016323965082354473,1.1053784249006935,0.06399516420630401,rung5_instance,0.03987369720974877,0,rung3_cell,0.0,1,rung5_instance,0.03987369720974877,0,rung5_instance,0.03987369720974877,0,rung5_instance,0.03987369720974877,0,0.18348777027476407,0.006147976069879138,0.0027645648328469756,0.0,7.493059344515245e-05,0.03987369720974877
1,3000,0.3,0.0,0.3,0.0,0,0.0,rung4_shrunk,0.38421384921108326,1.2882368994246816,1.2882368994246816,0.0,1.066882542932544,0.0005504493550247664,1.068365661988679,0.006461540198081511,1.069049933943997,0.018908576297915376,1.0647041641147956,0.01671724563856093,1.1101492807573574,0.06467440393180277,rung5_instance,0.03527698722405583,0,rung3_cell,0.0033734244308186727,0,rung5_instance,0.03527698722405583,0,rung5_instance,0.03527698722405583,0,rung5_instance,0.03527698722405583,0,0.17351834542987726,0.001690976883771257,0.0028422550817466647,0.0033734244308186727,0.0,0.03527698722405583
2,3000,0.3,0.0,0.3,0.0,0,0.0,rung4_shrunk,0.34701521053771617,1.3218451071271589,1.3218451071271589,0.0,1.0652917253982406,0.0005648551905898854,1.0673908729737518,0.00674481174159038,1.0587843426489907,0.019785885961956556,1.0544577190635622,0.01657129837926561,1.1047210123967752,0.06755390752428246,rung5_instance,0.03802510071883768,0,rung2_series,0.009784167479575518,0,rung5_instance,0.03802510071883768,0,rung5_instance,0.03802510071883768,0,rung5_instance,0.03802510071883768,0,0.20228344956749497,0.008196123945432994,0.009784167479575518,0.003273169876031659,0.0,0.03802510071883768
3,3000,0.3,0.0,0.3,0.0,0,0.0,rung3_cell,0.41383858846401406,1.3322917040734534,1.3322917040734534,0.0,1.0833746100182537,0.0005270222402960017,1.0771169904141078,0.0062596906672617095,1.0692218890797933,0.018987351980131434,1.0733231933790965,0.01725749853673266,1.1319915215171434,0.06267415862825292,rung5_instance,0.04711403084282016,0,rung1_global,0.010622839499179335,0,rung5_instance,0.04711403084282016,0,rung5_instance,0.04711403084282016,0,rung5_instance,0.04711403084282016,0,0.19745661868893258,0.010622839499179335,0.005925955487207026,0.0,0.003078383124929451,0.04711403084282016
4,3000,0.3,0.0,0.3,0.0,0,0.0,rung4_shrunk,0.36251006929240037,1.3166413106822605,1.3166413106822605,0.0,1.0791020888782004,0.0005259003834001317,1.0811551533852295,0.006250376287971253,1.0694313946121585,0.018514750552475836,1.064946739999273,0.015692125463548475,1.1179922065883383,0.06215380984479662,rung5_instance,0.04028847200729116,0,rung3_cell,0.0034061323889053264,0,rung5_instance,0.04028847200729116,0,rung5_instance,0.04028847200729116,0,rung5_instance,0.04028847200729116,0,0.19116411481314063,0.010751104924387028,0.012310424452319259,0.0034061323889053264,0.0,0.04028847200729116
5,3000,0.3,0.0,0.3,0.0,0,0.0,rung2_series,0.3756662941948428,1.2625500892227008,1.2625500892227008,0.0,1.0616616757094806,0.00047592641018358273,1.0611706942728265,0.0056278228944845465,1.0656289003333865,0.016548950938347275,1.0640194458515104,0.014190861467472077,1.1087025240522024,0.054846371800496105,rung5_instance,0.037647480432747994,0,rung1_global,0.0003888807587478168,0,rung5_instance,0.037647480432747994,0,rung5_instance,0.037647480432747994,0,rung5_instance,0.037647480432747994,0,0.15950210345623214,0.0003888807587478168,0.0,0.003531112229618353,0.002256347374255681,0.037647480432747994
6,3000,0.3,0.0,0.3,0.0,0,0.0,rung2_series,0.4006835374594591,1.3634990699021634,1.3634990699021634,0.0,1.0764124297793656,0.0005267528890263683,1.0686382929841927,0.006175799664015485,1.0715567620930828,0.018572831571053543,1.071672506999029,0.01669835589132347,1.1222985010685045,0.062457371097808474,rung5_instance,0.039354781582771566,0,rung2_series,0.0,1,rung5_instance,0.039354781582771566,0,rung5_instance,0.039354781582771566,0,rung5_instance,0.039354781582771566,0,0.21625300920750037,0.005701607699468941,0.0,0.0021404261823952443,0.002225314326803315,0.039354781582771566
7,3000,0.3,0.0,0.3,0.0,0,0.0,rung1_global,0.4133141713029727,1.2644723236105715,1.2644723236105715,0.0,1.0843580092507925,0.0005102299879082506,1.093259060538849,0.006008028339705422,1.0883663464677886,0.017845086541621962,1.0899687229060262,0.016384643463711233,1.1244921434200932,0.05995693786700778,rung5_instance,0.03173982808473162,0,rung2_series,0.007039340539016682,0,rung5_instance,0.03173982808473162,0,rung4_shrunk,0.004437197675638223,0,rung5_instance,0.03173982808473162,0,0.14244227492894504,0.0,0.007039340539016682,0.0031699683276188435,0.004437197675638223,0.03173982808473162
8,3000,0.3,0.0,0.3,0.0,0,0.0,rung4_shrunk,0.3463447725628156,1.333034084255114,1.333034084255114,0.0,1.071317311911663,0.0005327690359148048,1.0722772347203806,0.00634129333084522,1.0620689665060323,0.018581590924275478,1.0595177920002035,0.015621298929924341,1.1135507090014467,0.06404111288210274,rung5_instance,0.040533785024286374,0,rung4_shrunk,0.0,1,rung5_instance,0.040533785024286374,0,rung5_instance,0.040533785024286374,0,rung5_instance,0.040533785024286374,0,0.20518326986946378,0.008851626564412272,0.009571730288732263,0.0019138104088722073,0.0,0.040533785024286374
9,3000,0.3,0.0,0.3,0.0,0,0.0,rung3_cell,0.39757747428716594,1.3142452718548363,1.3142452718548363,0.0,1.0789843040282905,0.0005233296585093729,1.071994798314801,0.006248475979790246,1.0663388376871679,0.01856803579862584,1.0673822268014785,0.01657121329446857,1.1241815933745976,0.06220514611711467,rung5_instance,0.04401214668689229,0,rung2_series,0.004303580730901733,0,rung5_instance,0.04401214668689229,0,rung5_instance,0.04401214668689229,0,rung5_instance,0.04401214668689229,0,0.18863026519988174,0.00962184655477259,0.004303580730901733,0.0,0.0007939074514136233,0.04401214668689229
0,3000,0.3,0.0,0.3,0.0,0,0.5,rung4_shrunk,0.37215823033895723,1.3778581745494418,1.3778581745494418,0.0,1.1452678405548287,0.00054487889247203,1.1407623219345544,0.006374731058879302,1.1370205874448345,0.018926436836343537,1.135783749623007,0.016323965082354473,1.1856377279662442,0.06399516420630401,rung5_instance,0.036182227796804585,0,rung3_cell,0.0008976524904182756,0,rung5_instance,0.036182227796804585,0,rung5_instance,0.036182227796804585,0,rung5_instance,0.036182227796804585,0,0.17568892749472775,0.006883212733359124,0.0036132690602756713,0.0008976524904182756,0.0,0.036182227796804585
1,3000,0.3,0.0,0.3,0.0,0,0.5,rung4_shrunk,0.38421384921108326,1.378747254607394,1.378747254607394,0.0,1.1645778972149075,0.0005504493550247664,1.165851530558877,0.006461540198081511,1.1660858558848874,0.018908576297915376,1.161291369785902,0.01671724563856093,1.2070427726819515,0.06467440393180277,rung5_instance,0.03318331386928308,0,rung3_cell,0.0034774220459650017,0,rung5_instance,0.03318331386928308,0,rung5_instance,0.03318331386928308,0,rung5_instance,0.03318331386928308,0,0.15771990413385362,0.002383705510943221,0.003307466802009034,0.0034774220459650017,0.0,0.03318331386928308
2,3000,0.3,0.0,0.3,0.0,0,0.5,rung4_shrunk,0.34701521053771617,1.402700435647826,1.402700435647826,0.0,1.1409420564844825,0.0005648551905898854,1.1426169889339999,0.00674481174159038,1.133472025381239,0.019785885961956556,1.1324960354083098,0.01657129837926561,1.1850374003532198,0.06755390752428246,rung5_instance,0.03745729566316432,0,rung2_series,0.007215334984205526,0,rung5_instance,0.03745729566316432,0,rung5_instance,0.03745729566316432,0,rung5_instance,0.03745729566316432,0,0.19263157932557748,0.006021257897643721,0.007215334984205526,0.0006957935907950177,0.0,0.03745729566316432
3,3000,0.3,0.0,0.3,0.0,0,0.5,rung3_cell,0.41383858846401406,1.4186519647676985,1.4186519647676985,0.0,1.1752514129010372,0.0005270222402960017,1.1686131666104658,0.0062596906672617095,1.160771999540614,0.018987351980131434,1.1646316348223453,0.01725749853673266,1.2282752552977778,0.06267415862825292,rung5_instance,0.04758267526751516,0,rung1_global,0.010206459173934255,0,rung5_instance,0.04758267526751516,0,rung5_instance,0.04758267526751516,0,rung5_instance,0.04758267526751516,0,0.18177817507855903,0.010206459173934255,0.0055271957214225505,0.0,0.0027206357708483386,0.04758267526751516
4,3000,0.3,0.0,0.3,0.0,0,0.5,rung4_shrunk,0.36251006929240037,1.401777055622758,1.401777055622758,0.0,1.1653391510429238,0.0005259003834001317,1.1678689443689654,0.006250376287971253,1.156368306506375,0.018514750552475836,1.1549180264845442,0.015692125463548475,1.2144016747517823,0.06215380984479662,rung5_instance,0.042434457054807244,0,rung3_cell,0.001034601055862253,0,rung5_instance,0.042434457054807244,0,rung5_instance,0.042434457054807244,0,rung5_instance,0.042434457054807244,0,0.17610434423079024,0.007434223949221299,0.009238928424796865,0.001034601055862253,0.0,0.042434457054807244
5,3000,0.3,0.0,0.3,0.0,0,0.5,rung2_series,0.3756662941948428,1.35232501228496,1.35232501228496,0.0,1.147947370956428,0.00047592641018358273,1.1469711831668137,0.0056278228944845465,1.1506769801740575,0.016548950938347275,1.148083642778689,0.014190861467472077,1.194022325227023,0.054846371800496105,rung5_instance,0.034792776612708826,0,rung1_global,0.0007218588584448146,0,rung5_instance,0.034792776612708826,0,rung5_instance,0.034792776612708826,0,rung5_instance,0.034792776612708826,0,0.1518524224965488,0.0007218588584448146,0.0,0.0027403153632293738,0.0008226274022659365,0.034792776612708826
6,3000,0.3,0.0,0.3,0.0,0,0.5,rung2_series,0.4006835374594591,1.4451998588125008,1.4451998588125008,0.0,1.150630391707466,0.0005267528890263683,1.143449522004178,0.006175799664015485,1.1467077453052148,0.018572831571053543,1.1501491778657025,0.01669835589132347,1.2047695159510523,0.062457371097808474,rung5_instance,0.04243011343583993,0,rung2_series,0.0,1,rung5_instance,0.04243011343583993,0,rung5_instance,0.04243011343583993,0,rung5_instance,0.04243011343583993,0,0.20879488395208293,0.004968772768348062,0.0,0.002254513990690526,0.004635798862469749,0.04243011343583993
7,3000,0.3,0.0,0.3,0.0,0,0.5,rung1_global,0.4133141713029727,1.3409247236181567,1.3409247236181567,0.0,1.1658898402188147,0.0005102299879082506,1.1738205938572,0.006008028339705422,1.1680976764006148,0.017845086541621962,1.1703491288086825,0.016384643463711233,1.2079678793355784,0.05995693786700778,rung5_instance,0.03137986672602053,0,rung2_series,0.005914391388791797,0,rung5_instance,0.03137986672602053,0,rung4_shrunk,0.0033255323817398745,0,rung5_instance,0.03137986672602053,0,0.13053296752337692,0.0,0.005914391388791797,0.0016465027028831185,0.0033255323817398745,0.03137986672602053
8,3000,0.3,0.0,0.3,0.0,0,0.5,rung4_shrunk,0.3463447725628156,1.4154399783458873,1.4154399783458873,0.0,1.1591988623278693,0.0005327690359148048,1.1585034880269105,0.00634129333084522,1.148492155288758,0.018581590924275478,1.1433423702283638,0.015621298929924341,1.1963805931982612,0.06404111288210274,rung5_instance,0.0374711918423266,0,rung4_shrunk,0.0,1,rung5_instance,0.0374711918423266,0,rung5_instance,0.0374711918423266,0,rung5_instance,0.0374711918423266,0,0.19223535598839198,0.011202518186631755,0.010711240342571272,0.0036382927847016465,0.0,0.0374711918423266
9,3000,0.3,0.0,0.3,0.0,0,0.5,rung3_cell,0.39757747428716594,1.3873850014937024,1.3873850014937024,0.0,1.147726995763652,0.0005233296585093729,1.1397436620519394,0.006248475979790246,1.1331891357293238,0.01856803579862584,1.1363218802417436,0.01657121329446857,1.1907259817262603,0.06220514611711467,rung5_instance,0.041471434342299045,0,rung2_series,0.0047243744999108765,0,rung5_instance,0.041471434342299045,0,rung5_instance,0.041471434342299045,0,rung5_instance,0.041471434342299045,0,0.1832194131338477,0.01047860544742541,0.0047243744999108765,0.0,0.002258021031686978,0.041471434342299045
0,3000,0.3,0.0,0.3,0.0,0,2.0,rung4_shrunk,0.37215823033895723,2.639213690755899,2.639213690755899,0.0,2.395555310389972,0.00054487889247203,2.3906346298004113,0.006374731058879302,2.386372761452167,0.018926436836343537,2.381135260623321,0.016323965082354473,2.4264406384129584,0.06399516420630401,rung5_instance,0.017166240819500043,0,rung3_cell,0.0019844928992262044,0,rung5_instance,0.017166240819500043,0,rung5_instance,0.017166240819500043,0,rung5_instance,0.017166240819500043,0,0.09778610615598216,0.005463767415711087,0.0035993179371426477,0.0019844928992262044,0.0,0.017166240819500043
1,3000,0.3,0.0,0.3,0.0,0,2.0,rung4_shrunk,0.38421384921108326,2.650303321405593,2.650303321405593,0.0,2.4576889613120603,0.0005504493550247664,2.4583341375195333,0.006461540198081511,2.457218622957622,0.018908576297915376,2.451077988049284,0.01671724563856093,2.4977482497057966,0.06467440393180277,rung5_instance,0.017609403904667417,0,rung3_cell,0.0023169555192956042,0,rung5_instance,0.017609403904667417,0,rung5_instance,0.017609403904667417,0,rung5_instance,0.017609403904667417,0,0.07517076696362796,0.0024944213778784518,0.002737856233905004,0.0023169555192956042,0.0,0.017609403904667417
2,3000,0.3,0.0,0.3,0.0,0,2.0,rung3_cell,0.34701521053771617,2.6452914224598905,2.6452914224598905,0.0,2.367918050993271,0.0005648551905898854,2.368320338064807,0.00674481174159038,2.3575600748280454,0.019785885961956556,2.3666359856926147,0.01657129837926561,2.426011565472616,0.06755390752428246,rung5_instance,0.02587672952151218,0,rung2_series,0.004067704278402527,0,rung5_instance,0.02587672952151218,0,rung5_instance,0.02587672952151218,0,rung5_instance,0.02587672952151218,0,0.10877113394345035,0.003915627623210405,0.004067704278402527,0.0,0.0034309682432378144,0.02587672952151218
3,3000,0.3,0.0,0.3,0.0,0,2.0,rung3_cell,0.41383858846401406,2.6777577481004955,2.6777577481004955,0.0,2.45090682279945,0.0005270222402960017,2.443126696449603,0.0062596906672617095,2.4354473321731382,0.018987351980131434,2.438581960402154,0.01725749853673266,2.517151457889743,0.06267415862825292,rung5_instance,0.03051214239770676,0,rung1_global,0.005773296944907849,0,rung5_instance,0.03051214239770676,0,rung5_instance,0.03051214239770676,0,rung5_instance,0.03051214239770676,0,0.09049004380595799,0.005773296944907849,0.0028678338366911658,0.0,0.0011706168084992974,0.03051214239770676
4,3000,0.3,0.0,0.3,0.0,0,2.0,rung3_cell,0.36251006929240037,2.657209291694313,2.657209291694313,0.0,2.4240753387871568,0.0005259003834001317,2.428035318570236,0.006250376287971253,2.4172040434390882,0.018514750552475836,2.424856887190419,0.015692125463548475,2.503655080492176,0.06215380984479662,rung5_instance,0.032534523089057965,0,rung3_cell,0.0,1,rung5_instance,0.032534523089057965,0,rung5_instance,0.032534523089057965,0,rung5_instance,0.032534523089057965,0,0.09032229753426407,0.0025859067140651094,0.004076184425894937,0.0,0.0028800304798163347,0.032534523089057965
5,3000,0.3,0.0,0.3,0.0,0,2.0,rung4_shrunk,0.3756662941948428,2.6216747827218003,2.6216747827218003,0.0,2.4068294579473326,0.00047592641018358273,2.4043976510988383,0.0056278228944845465,2.4058462209461324,0.016548950938347275,2.400301234810287,0.014190861467472077,2.4500067300015487,0.054846371800496105,rung5_instance,0.018959443604083432,0,rung1_global,0.0024900964757604495,0,rung5_instance,0.018959443604083432,0,rung5_instance,0.018959443604083432,0,rung5_instance,0.018959443604083432,0,0.08443974415533158,0.0024900964757604495,0.0015625188583835029,0.0021150549154264906,0.0,0.018959443604083432
6,3000,0.3,0.0,0.3,0.0,0,2.0,rung2_series,0.4006835374594591,2.6903272267935754,2.6903272267935754,0.0,2.373309278741829,0.0005267528890263683,2.367908210314197,0.006175799664015485,2.372185696191673,0.018572831571053543,2.385604191715786,0.01669835589132347,2.4522075618487578,0.062457371097808474,rung5_instance,0.0313342372240092,0,rung2_series,0.0,1,rung5_instance,0.0313342372240092,0,rung5_instance,0.0313342372240092,0,rung5_instance,0.0313342372240092,0,0.11984379196267823,0.00200758791489806,0.0,0.0015899500383729052,0.006577631607542329,0.0313342372240092
7,3000,0.3,0.0,0.3,0.0,0,2.0,rung3_cell,0.4133141713029727,2.570306924890974,2.570306924890974,0.0,2.410510334372944,0.0005102299879082506,2.4155301950623156,0.006008028339705422,2.4073166674491544,0.017845086541621962,2.411515347766713,0.016384643463711233,2.458420088332097,0.05995693786700778,rung5_instance,0.019882225110182238,0,rung2_series,0.0031955435102403516,0,rung5_instance,0.019882225110182238,0,rung4_shrunk,0.001633532663705729,0,rung5_instance,0.019882225110182238,0,0.06341276050086246,0.0012425235651283147,0.0031955435102403516,0.0,0.001633532663705729,0.019882225110182238
8,3000,0.3,0.0,0.3,0.0,0,2.0,rung4_shrunk,0.3463447725628156,2.66268266186827,2.66268266186827,0.0,2.4228685148265487,0.0005327690359148048,2.4172072491965624,0.00634129333084522,2.4077867228869967,0.018581590924275478,2.394841106162908,0.015621298929924341,2.4448952470387675,0.06404111288210274,rung5_instance,0.0187983876534274,0,rung4_shrunk,0.0,1,rung5_instance,0.0187983876534274,0,rung5_instance,0.0187983876534274,0,rung5_instance,0.0187983876534274,0,0.10059086632480323,0.010526004117958064,0.008399853033166704,0.0048618699139331934,0.0,0.0187983876534274
9,3000,0.3,0.0,0.3,0.0,0,2.0,rung3_cell,0.39757747428716594,2.6068291916603625,2.6068291916603625,0.0,2.353980072219799,0.0005233296585093729,2.3430152545134164,0.006248475979790246,2.333765031105853,0.01856803579862584,2.3431658418126013,0.01657121329446857,2.39038414803131,0.06220514611711467,rung5_instance,0.02171953463870586,0,rung2_series,0.0035484578111815573,0,rung5_instance,0.02171953463870586,0,rung5_instance,0.02171953463870586,0,rung5_instance,0.02171953463870586,0,0.10474954071716039,0.0077546473618666095,0.0035484578111815573,0.0,0.0036062242730835053,0.02171953463870586
0,3000,0.3,0.0,0.3,0.0,0,0.0,rung3_cell,0.40264635776253044,1.2781323970068008,1.2781323970068008,0.0,1.062672527100921,0.0005407368656774707,1.063339282094824,0.002087058290637837,1.0536957187367906,0.004088985392603587,1.0582376546141807,0.011665284738489838,1.1011307866760003,0.06295305342692524,rung5_instance,0.037112796804380906,0,rung3_cell,0.0,1,rung5_instance,0.037112796804380906,0,rung4_shrunk,0.0035535722965998728,0,rung5_instance,0.037112796804380906,0,0.17559736283628216,0.007023379099968648,0.007545042579796286,0.0,0.0035535722965998728,0.037112796804380906
1,3000,0.3,0.0,0.3,0.0,0,0.0,rung3_cell,0.38272618759850346,1.3172866640444074,1.3172866640444074,0.0,1.0444046957796533,0.0005448792914461493,1.0432461336177001,0.002180385204792934,1.0411358654451957,0.004339407151265508,1.044252212498066,0.011323330350333408,1.0930264056018604,0.06601545029609261,rung5_instance,0.03939198776775548,0,rung3_cell,0.0,1,rung5_instance,0.03939198776775548,0,rung5_instance,0.03939198776775548,0,rung5_instance,0.03939198776775548,0,0.2096360694576214,0.0024814874572718576,0.0016019809735455892,0.0,0.002365731877450543,0.03939198776775548
2,3000,0.3,0.0,0.3,0.0,0,0.0,rung3_cell,0.3936545760008281,1.3473328671357838,1.3473328671357838,0.0,1.0694433656128672,0.0005392083744797858,1.0683841249473096,0.002151629144958829,1.0616614205914146,0.004299249277687043,1.0653158218073127,0.01149453876527783,1.1114372169184283,0.06397553000761406,rung5_instance,0.03694394870128066,0,rung1_global,0.0057758147309178815,0,rung5_instance,0.03694394870128066,0,rung5_instance,0.03694394870128066,0,rung5_instance,0.03694394870128066,0,0.21202737164102697,0.0057758147309178815,0.004989638804096321,0.0,0.0027123224743019776,0.03694394870128066
3,3000,0.3,0.0,0.3,0.0,0,0.0,rung3_cell,0.4041726950332862,1.337929818312185,1.337929818312185,0.0,1.070760805605776,0.0005581799633075709,1.056265922210103,0.002080020080305102,1.0487852304942697,0.004076565385657942,1.0576566152496762,0.012016966839799031,1.1088933490358188,0.06470391433138983,rung5_instance,0.04492621191250241,0,rung3_cell,0.0,1,rung5_instance,0.04492621191250241,0,rung5_instance,0.04492621191250241,0,rung5_instance,0.04492621191250241,0,0.2161134192992834,0.01642505818371604,0.0055912437359907224,0.0,0.0066306802001003745,0.04492621191250241
4,3000,0.3,0.0,0.3,0.0,0,0.0,rung3_cell,0.4044331099754371,1.3229660544410105,1.3229660544410105,0.0,1.0612481708609203,0.0005187398075874524,1.058855815882275,0.0020297199980183287,1.0562141094406208,0.0040465302276645986,1.0634995137914736,0.011328542312237634,1.1102962636431242,0.06048463536114945,rung5_instance,0.04087947231976,0,rung1_global,0.0038051327193172205,0,rung5_instance,0.04087947231976,0,rung5_instance,0.04087947231976,0,rung5_instance,0.04087947231976,0,0.2016317380970895,0.0038051327193172205,0.001996805914094578,0.0,0.0055068717193436,0.04087947231976
5,3000,0.3,0.0,0.3,0.0,0,0.0,rung3_cell,0.40528700772994847,1.308123469307991,1.308123469307991,0.0,1.0655417290957043,0.0005350183144199081,1.062066928094671,0.0020780920561059256,1.0568751833124135,0.004114295834242339,1.065575588244785,0.011724530721675737,1.1143858532366748,0.06251993563468466,rung5_instance,0.04396425205541569,0,rung3_cell,0.0,1,rung5_instance,0.04396425205541569,0,rung5_instance,0.04396425205541569,0,rung5_instance,0.04396425205541569,0,0.19206771523523705,0.0066251741419145445,0.0039688491981602235,0.0,0.006651057898207541,0.04396425205541569
6,3000,0.3,0.0,0.3,0.0,0,0.0,rung3_cell,0.4279522557240087,1.3825195650692177,1.3825195650692177,0.0,1.0642181902034524,0.0005959244360475055,1.0605660151940504,0.0022608388454628736,1.05869731966943,0.004497480351847122,1.0629300674804383,0.014042428993346569,1.1089815522220565,0.06863855337366151,rung5_instance,0.03637144371993675,0,rung1_global,0.003993339894431066,0,rung5_instance,0.03637144371993675,0,rung5_instance,0.03637144371993675,0,rung5_instance,0.03637144371993675,0,0.23422615750365533,0.003993339894431066,0.0013516593702070062,0.0,0.0030616187415737034,0.03637144371993675
7,3000,0.3,0.0,0.3,0.0,0,0.0,rung3_cell,0.37734379820640573,1.3380843902720647,1.3380843902720647,0.0,1.0735979184718314,0.0004999194231125453,1.071781124553774,0.001992387622015654,1.0640452342519022,0.003977386020096613,1.0681873656187282,0.009621852141989018,1.1185372612221727,0.0567449308018975,rung5_instance,0.0407239090198122,0,rung1_global,0.007139074552679651,0,rung5_instance,0.0407239090198122,0,rung5_instance,0.0407239090198122,0,rung5_instance,0.0407239090198122,0,0.2047996060730099,0.007139074552679651,0.005781317201001751,0.0,0.003095568109858719,0.0407239090198122
8,3000,0.3,0.0,0.3,0.0,0,0.0,rung3_cell,0.39528483913284973,1.3811860055610559,1.3811860055610559,0.0,1.0562465353104635,0.0005788555897576258,1.0514089146918681,0.0022578552719348987,1.050202255165074,0.004518268445682917,1.0538080954731683,0.012049364376838442,1.0946515102137548,0.06654153679544612,rung5_instance,0.0321819471596984,0,rung3_cell,0.0,1,rung5_instance,0.0321819471596984,0,rung5_instance,0.0321819471596984,0,rung5_instance,0.0321819471596984,0,0.23963734722430227,0.004376152177225562,0.000873640133867376,0.0,0.0026106840741045296,0.0321819471596984
9,3000,0.3,0.0,0.3,0.0,0,0.0,rung3_cell,0.3877502370819775,1.2905231160468746,1.2905231160468746,0.0,1.0628784601108199,0.0004942933414878667,1.0547592611467416,0.0019284315911822737,1.051416990593975,0.003780281059161741,1.0566522492507047,0.01025833641512756,1.1025877714420975,0.058804685296449104,rung5_instance,0.039651192769695344,0,rung3_cell,0.0,1,rung5_instance,0.039651192769695344,0,rung5_instance,0.039651192769695344,0,rung5_instance,0.039651192769695344,0,0.18527845218714764,0.008881258595315697,0.0025898571759060164,0.0,0.004056694987972253,0.039651192769695344
0,3000,0.3,0.0,0.3,0.0,0,0.0,rung3_cell,0.37215823033895723,1.2907480028973104,1.2907480028973104,0.0,1.0618470176931352,0.00054487889247203,1.0574798863959556,0.006374731058879302,1.0539115298590782,0.018926436836343537,1.0540082463729235,0.016323965082354473,1.1053784249006935,0.06399516420630401,rung5_instance,0.03987369720974877,0,rung3_cell,0.0,1,rung5_instance,0.03987369720974877,0,rung5_instance,0.03987369720974877,0,rung5_instance,0.03987369720974877,0,0.18348777027476407,0.006147976069879138,0.0027645648328469756,0.0,7.493059344515245e-05,0.03987369720974877
1,3000,0.3,0.0,0.3,0.0,0,0.0,rung4_shrunk,0.38421384921108326,1.2882368994246816,1.2882368994246816,0.0,1.066882542932544,0.0005504493550247664,1.068365661988679,0.006461540198081511,1.069049933943997,0.018908576297915376,1.0647041641147956,0.01671724563856093,1.1101492807573574,0.06467440393180277,rung5_instance,0.03527698722405583,0,rung3_cell,0.0033734244308186727,0,rung5_instance,0.03527698722405583,0,rung5_instance,0.03527698722405583,0,rung5_instance,0.03527698722405583,0,0.17351834542987726,0.001690976883771257,0.0028422550817466647,0.0033734244308186727,0.0,0.03527698722405583
2,3000,0.3,0.0,0.3,0.0,0,0.0,rung4_shrunk,0.34701521053771617,1.3218451071271589,1.3218451071271589,0.0,1.0652917253982406,0.0005648551905898854,1.0673908729737518,0.00674481174159038,1.0587843426489907,0.019785885961956556,1.0544577190635622,0.01657129837926561,1.1047210123967752,0.06755390752428246,rung5_instance,0.03802510071883768,0,rung2_series,0.009784167479575518,0,rung5_instance,0.03802510071883768,0,rung5_instance,0.03802510071883768,0,rung5_instance,0.03802510071883768,0,0.20228344956749497,0.008196123945432994,0.009784167479575518,0.003273169876031659,0.0,0.03802510071883768
3,3000,0.3,0.0,0.3,0.0,0,0.0,rung3_cell,0.41383858846401406,1.3322917040734534,1.3322917040734534,0.0,1.0833746100182537,0.0005270222402960017,1.0771169904141078,0.0062596906672617095,1.0692218890797933,0.018987351980131434,1.0733231933790965,0.01725749853673266,1.1319915215171434,0.06267415862825292,rung5_instance,0.04711403084282016,0,rung1_global,0.010622839499179335,0,rung5_instance,0.04711403084282016,0,rung5_instance,0.04711403084282016,0,rung5_instance,0.04711403084282016,0,0.19745661868893258,0.010622839499179335,0.005925955487207026,0.0,0.003078383124929451,0.04711403084282016
4,3000,0.3,0.0,0.3,0.0,0,0.0,rung4_shrunk,0.36251006929240037,1.3166413106822605,1.3166413106822605,0.0,1.0791020888782004,0.0005259003834001317,1.0811551533852295,0.006250376287971253,1.0694313946121585,0.018514750552475836,1.064946739999273,0.015692125463548475,1.1179922065883383,0.06215380984479662,rung5_instance,0.04028847200729116,0,rung3_cell,0.0034061323889053264,0,rung5_instance,0.04028847200729116,0,rung5_instance,0.04028847200729116,0,rung5_instance,0.04028847200729116,0,0.19116411481314063,0.010751104924387028,0.012310424452319259,0.0034061323889053264,0.0,0.04028847200729116
5,3000,0.3,0.0,0.3,0.0,0,0.0,rung2_series,0.3756662941948428,1.2625500892227008,1.2625500892227008,0.0,1.0616616757094806,0.00047592641018358273,1.0611706942728265,0.0056278228944845465,1.0656289003333865,0.016548950938347275,1.0640194458515104,0.014190861467472077,1.1087025240522024,0.054846371800496105,rung5_instance,0.037647480432747994,0,rung1_global,0.0003888807587478168,0,rung5_instance,0.037647480432747994,0,rung5_instance,0.037647480432747994,0,rung5_instance,0.037647480432747994,0,0.15950210345623214,0.0003888807587478168,0.0,0.003531112229618353,0.002256347374255681,0.037647480432747994
6,3000,0.3,0.0,0.3,0.0,0,0.0,rung2_series,0.4006835374594591,1.3634990699021634,1.3634990699021634,0.0,1.0764124297793656,0.0005267528890263683,1.0686382929841927,0.006175799664015485,1.0715567620930828,0.018572831571053543,1.071672506999029,0.01669835589132347,1.1222985010685045,0.062457371097808474,rung5_instance,0.039354781582771566,0,rung2_series,0.0,1,rung5_instance,0.039354781582771566,0,rung5_instance,0.039354781582771566,0,rung5_instance,0.039354781582771566,0,0.21625300920750037,0.005701607699468941,0.0,0.0021404261823952443,0.002225314326803315,0.039354781582771566
7,3000,0.3,0.0,0.3,0.0,0,0.0,rung1_global,0.4133141713029727,1.2644723236105715,1.2644723236105715,0.0,1.0843580092507925,0.0005102299879082506,1.093259060538849,0.006008028339705422,1.0883663464677886,0.017845086541621962,1.0899687229060262,0.016384643463711233,1.1244921434200932,0.05995693786700778,rung5_instance,0.03173982808473162,0,rung2_series,0.007039340539016682,0,rung5_instance,0.03173982808473162,0,rung4_shrunk,0.004437197675638223,0,rung5_instance,0.03173982808473162,0,0.14244227492894504,0.0,0.007039340539016682,0.0031699683276188435,0.004437197675638223,0.03173982808473162
8,3000,0.3,0.0,0.3,0.0,0,0.0,rung4_shrunk,0.3463447725628156,1.333034084255114,1.333034084255114,0.0,1.071317311911663,0.0005327690359148048,1.0722772347203806,0.00634129333084522,1.0620689665060323,0.018581590924275478,1.0595177920002035,0.015621298929924341,1.1135507090014467,0.06404111288210274,rung5_instance,0.040533785024286374,0,rung4_shrunk,0.0,1,rung5_instance,0.040533785024286374,0,rung5_instance,0.040533785024286374,0,rung5_instance,0.040533785024286374,0,0.20518326986946378,0.008851626564412272,0.009571730288732263,0.0019138104088722073,0.0,0.040533785024286374
9,3000,0.3,0.0,0.3,0.0,0,0.0,rung3_cell,0.39757747428716594,1.3142452718548363,1.3142452718548363,0.0,1.0789843040282905,0.0005233296585093729,1.071994798314801,0.006248475979790246,1.0663388376871679,0.01856803579862584,1.0673822268014785,0.01657121329446857,1.1241815933745976,0.06220514611711467,rung5_instance,0.04401214668689229,0,rung2_series,0.004303580730901733,0,rung5_instance,0.04401214668689229,0,rung5_instance,0.04401214668689229,0,rung5_instance,0.04401214668689229,0,0.18863026519988174,0.00962184655477259,0.004303580730901733,0.0,0.0007939074514136233,0.04401214668689229
0,3000,0.3,0.0,0.3,0.0,0,0.0,rung1_global,0.36028877119055075,1.3176114268241426,1.3176114268241426,0.0,1.071827109170473,0.0005423013249926925,1.0832409152060183,0.021809658464687638,1.071827109170473,0.10247045665803352,1.0752296134187864,0.050243617788083304,1.1175331830249622,0.06401443780752938,rung5_instance,0.034688583389607675,0,rung1_global,0.0,1,rung5_instance,0.034688583389607675,0,rung5_instance,0.034688583389607675,0,rung5_instance,0.034688583389607675,0,0.18653778545780147,0.0,0.008662497761617151,0.0,0.0025823275201206763,0.034688583389607675
1,3000,0.3,0.0,0.3,0.0,0,0.0,rung1_global,0.38967924272255144,1.2985001694215599,1.2985001694215599,0.0,1.060955674696583,0.0005460342466730485,1.0784737265179858,0.021213742012603717,1.060955674696583,0.09979598067110622,1.0639844453909812,0.04666642580240582,1.1002852767218618,0.0625175111322161,rung5_instance,0.030288484323262727,0,rung1_global,0.0,1,rung5_instance,0.030288484323262727,0,rung5_instance,0.030288484323262727,0,rung5_instance,0.030288484323262727,0,0.18293759240000362,0.0,0.013490989245851695,0.0,0.0023325146701733204,0.030288484323262727
2,3000,0.3,0.0,0.3,0.0,0,0.0,rung1_global,0.38664754371191346,1.3176635601145255,1.3176635601145255,0.0,1.0659175429420376,0.0005585159977612675,1.0817523877750461,0.022550956933622877,1.0659175429420376,0.10799807677112747,1.0720804238369426,0.05033767384951217,1.1163124861057092,0.06494249305552618,rung5_instance,0.038245683260218225,0,rung1_global,0.0,1,rung5_instance,0.038245683260218225,0,rung5_instance,0.038245683260218225,0,rung5_instance,0.038245683260218225,0,0.19105485253808435,0.0,0.012017365670818332,0.0,0.0046771278203742465,0.038245683260218225
3,3000,0.3,0.0,0.3,0.0,0,0.0,rung1_global,0.3728154644555228,1.3415507366250814,1.3415507366250814,0.0,1.076011607390385,0.0005642334291887988,1.0969695549352239,0.022126811649691054,1.076011607390385,0.10746281595651015,1.0809651284923703,0.0514779291384922,1.1282543349033418,0.06623654662781706,rung5_instance,0.03894204377568538,0,rung1_global,0.0,1,rung5_instance,0.03894204377568538,0,rung5_instance,0.03894204377568538,0,rung5_instance,0.03894204377568538,0,0.19793446642406473,0.0,0.01562218034150726,0.0,0.0036923844672821114,0.03894204377568538
4,3000,0.3,0.0,0.3,0.0,0,0.0,rung1_global,0.38261471636132,1.3519145786282645,1.3519145786282645,0.0,1.083516987734878,0.0005282331887858259,1.0909798278638858,0.02137274552797742,1.083516987734878,0.10615373464924559,1.084564501117309,0.049645130718638845,1.1168100420160167,0.06272855998120964,rung5_instance,0.024626596093756076,0,rung1_global,0.0,1,rung5_instance,0.024626596093756076,0,rung5_instance,0.024626596093756076,0,rung5_instance,0.024626596093756076,0,0.1985314716893719,0.0,0.005520200940935211,0.0,0.0007748369601087538,0.024626596093756076
5,3000,0.3,0.0,0.3,0.0,0,0.0,rung1_global,0.4109752953493716,1.3151740943311556,1.3151740943311556,0.0,1.07673121335956,0.0004889011791398619,1.0895829031771846,0.01916632724469246,1.07673121335956,0.09270857358287275,1.0811715120349839,0.042078949115558706,1.124568597198858,0.058695436898579624,rung5_instance,0.03637342314260394,0,rung1_global,0.0,1,rung5_instance,0.03637342314260394,0,rung5_instance,0.03637342314260394,0,rung5_instance,0.03637342314260394,0,0.18130138207509183,0.0,0.009771854443468639,0.0,0.0033762060053974105,0.03637342314260394
6,3000,0.3,0.0,0.3,0.0,0,0.0,rung1_global,0.41215153943350136,1.3387920661982662,1.3387920661982662,0.0,1.0806440605581293,0.0005918671808631972,1.0884908535400881,0.02329405411017817,1.0806440605581293,0.1103824774473587,1.0813237436869818,0.04996741781106254,1.1164904485264657,0.06960077972363121,rung5_instance,0.02677517209235372,0,rung1_global,0.0,1,rung5_instance,0.02677517209235372,0,rung5_instance,0.02677517209235372,0,rung5_instance,0.02677517209235372,0,0.19282158309556852,0.0,0.005861099105734262,0.0,0.0005076838636955399,0.02677517209235372
7,3000,0.3,0.0,0.3,0.0,0,0.0,rung1_global,0.3799163008484663,1.3036032590626436,1.3036032590626436,0.0,1.079388697707324,0.0005647726962168889,1.0942235786428784,0.022120487366749077,1.079388697707324,0.10668248302776558,1.0833825022989807,0.050628628366947745,1.1165708614996257,0.06657232121600311,rung5_instance,0.028522607268593066,0,rung1_global,0.0,1,rung5_instance,0.028522607268593066,0,rung5_instance,0.028522607268593066,0,rung5_instance,0.028522607268593066,0,0.17199601166733908,0.0,0.011379904761991423,0.0,0.00306366570035159,0.028522607268593066
8,3000,0.3,0.0,0.3,0.0,0,0.0,rung1_global,0.3997293529525549,1.3367767716471877,1.3367767716471877,0.0,1.0783377200181266,0.000540476988856832,1.0907666923226942,0.021448129620190097,1.0783377200181266,0.10066283307132223,1.081272115596334,0.046447631044236215,1.122276118921607,0.06368809861432112,rung5_instance,0.03286891262281528,0,rung1_global,0.0,1,rung5_instance,0.03286891262281528,0,rung5_instance,0.03286891262281528,0,rung5_instance,0.03286891262281528,0,0.19332999877803855,0.0,0.00929771714184751,0.0,0.0021951275938103926,0.03286891262281528
9,3000,0.3,0.0,0.3,0.0,0,0.0,rung1_global,0.42057830790063505,1.3418525735697213,1.3418525735697213,0.0,1.0901222980229157,0.0006048198432184363,1.1067965041337136,0.024050058237480992,1.0901222980229157,0.11376946976561185,1.0994892618666836,0.05072317720018461,1.1441368301268346,0.07082189829722291,rung5_instance,0.04025370086687276,0,rung1_global,0.0,1,rung5_instance,0.04025370086687276,0,rung5_instance,0.04025370086687276,0,rung5_instance,0.04025370086687276,0,0.18759905559306658,0.0,0.012426257876034446,0.0,0.006980620694305504,0.04025370086687276
0,3000,0.0,0.0,0.0,0.0,0,0.0,rung1_global,0.38259540953104754,0.9926975279753302,0.9926975279753302,0.0,0.9924510065876282,0.0003219739967194946,0.9940422907497668,0.003879027227313015,0.9946167406652319,0.011714037088585181,0.9959104283925735,0.010199787574738384,1.009901252880484,0.03917585511334107,rung5_instance,0.017578613627100233,0,rung1_global,0.0,1,rung5_instance,0.017578613627100233,0,rung4_shrunk,0.003484869970413854,0,rung5_instance,0.017578613627100233,0,0.0002483348459674089,0.0,0.0016029899514146387,0.002181665629832713,0.003484869970413854,0.017578613627100233
1,3000,0.0,0.0,0.0,0.0,0,0.0,rung0_none,0.37629223734513917,0.9885099131484425,0.9885099131484425,0.0,0.9887117243154789,0.00033881851017442745,0.9911473494254908,0.004039653740724507,0.9959185399400942,0.012168554553860835,0.9946716376619276,0.010527418010317532,1.012550641197815,0.040917244255399804,rung5_instance,0.024320168902304432,0,rung0_none,0.0,1,rung5_instance,0.024320168902304432,0,rung4_shrunk,0.006233346202730264,0,rung5_instance,0.024320168902304432,0,0.0,0.00020415694810147124,0.0026680928961530887,0.00749474202848902,0.006233346202730264,0.024320168902304432
2,3000,0.0,0.0,0.0,0.0,0,0.0,rung0_none,0.39130951561653404,0.9942110127057889,0.9942110127057889,0.0,0.9942110127057889,0.00033079557723409824,0.9961110837008004,0.003922941347004305,1.0001279906842686,0.011713353593462839,0.9986922202841725,0.0103514049425725,1.0143137203598527,0.03925964071177974,rung5_instance,0.020219759585395604,0,rung2_series,0.0019111345285145367,0,rung5_instance,0.020219759585395604,0,rung4_shrunk,0.004507300282449846,0,rung5_instance,0.020219759585395604,0,0.0,0.0,0.0019111345285145367,0.0059514307353892215,0.004507300282449846,0.020219759585395604
3,3000,0.0,0.0,0.0,0.0,0,0.0,rung0_none,0.3863783905463896,0.9958361548860243,0.9958361548860243,0.0,0.9964527500448083,0.00036003742477883104,0.9991410397282285,0.004331994388025166,1.0058364557009833,0.01256530060676446,1.0051874844707587,0.011152755873664162,1.0190997969798277,0.04301426391749438,rung5_instance,0.023360913318582973,0,rung2_series,0.0033187034091793047,0,rung5_instance,0.023360913318582973,0,rung4_shrunk,0.00939042988030965,0,rung5_instance,0.023360913318582973,0,0.0,0.0006191733005059996,0.0033187034091793047,0.010042114624873828,0.00939042988030965,0.023360913318582973
4,3000,0.0,0.0,0.0,0.0,0,0.0,rung0_none,0.3835617417311589,0.9996786991930112,0.9996786991930112,0.0,0.9996786991930112,0.00033555952885559287,1.001187952449762,0.004022414057344802,1.004076340914797,0.012163003067083565,1.0029955154273469,0.010623946428845815,1.019793824552586,0.04079709286291202,rung5_instance,0.020121590442821892,0,rung2_series,0.0015097383368967623,0,rung5_instance,0.020121590442821892,0,rung4_shrunk,0.0033178822725873384,0,rung5_instance,0.020121590442821892,0,0.0,0.0,0.0015097383368967623,0.0043990551417528384,0.0033178822725873384,0.020121590442821892
5,3000,0.0,0.0,0.0,0.0,0,0.0,rung0_none,0.35703822262001883,0.9953628343918448,0.9953628343918448,0.0,0.9953628343918448,0.0003270585007516243,0.9978492674575212,0.003943524831050395,1.0008593396801695,0.011939641489165098,1.0000529224194479,0.010069403515206632,1.016394395022287,0.04027068446361679,rung5_instance,0.02112954181506298,0,rung0_none,0.0,1,rung5_instance,0.02112954181506298,0,rung4_shrunk,0.004711938064744659,0,rung5_instance,0.02112954181506298,0,0.0,0.0,0.0024980167831920312,0.00552211223727575,0.004711938064744659,0.02112954181506298
6,3000,0.0,0.0,0.0,0.0,0,0.0,rung0_none,0.3647582740963821,1.0005007695620396,1.0005007695620396,0.0,1.000710470522827,0.00032933016320971307,1.0028792233552375,0.003924849290291995,1.0075818253866866,0.011792759449072071,1.0084620107127937,0.010076944764674996,1.023407614447674,0.03997177290284593,rung5_instance,0.022895379576431216,0,rung0_none,0.0,1,rung5_instance,0.022895379576431216,0,rung4_shrunk,0.007957256398952199,0,rung5_instance,0.022895379576431216,0,0.0,0.0002095960014894468,0.00237726333208024,0.007077511622251615,0.007957256398952199,0.022895379576431216
7,3000,0.0,0.0,0.0,0.0,0,0.0,rung0_none,0.3638967753390936,1.0111489856190354,1.0111489856190354,0.0,1.0111489856190354,0.0003315084763833671,1.0118309993264891,0.003995961937489548,1.0182401111590964,0.01205911659188286,1.015844568244566,0.010105034231756384,1.0304273379999114,0.03946195616428256,rung5_instance,0.01906578818261242,0,rung0_none,0.0,1,rung5_instance,0.01906578818261242,0,rung4_shrunk,0.004643808867252061,0,rung5_instance,0.01906578818261242,0,0.0,0.0,0.0006744937859341791,0.007012938390794819,0.004643808867252061,0.01906578818261242
8,3000,0.0,0.0,0.0,0.0,0,0.0,rung0_none,0.38584312234322937,0.9921692566983198,0.9921692566983198,0.0,0.9921692566983198,0.00033408308842246905,0.993756521075452,0.004012271630793517,0.9954783929725128,0.011991871596458531,0.996250679828043,0.010479466771254563,1.0139043870166147,0.040008544529599656,rung5_instance,0.021906675873654583,0,rung2_series,0.0015997919371279381,0,rung5_instance,0.021906675873654583,0,rung4_shrunk,0.004113635956938608,0,rung5_instance,0.021906675873654583,0,0.0,0.0,0.0015997919371279381,0.003335253790472191,0.004113635956938608,0.021906675873654583
9,3000,0.0,0.0,0.0,0.0,0,0.0,rung0_none,0.372234292279351,0.9960522192944431,0.9960522192944431,0.0,0.9960522192944431,0.000334564597204796,0.9969553874262385,0.004008569770800423,1.0020457727367498,0.012031760151098114,1.000261430453954,0.010302732790922767,1.0125951948395069,0.04013571392792088,rung5_instance,0.01660854242841009,0,rung0_none,0.0,1,rung5_instance,0.01660854242841009,0,rung4_shrunk,0.0042258940625548875,0,rung5_instance,0.01660854242841009,0,0.0,0.0,0.0009067477731590461,0.006017308456530752,0.0042258940625548875,0.01660854242841009
0,300,1.0,0.0,0.02,0.0,0,0.0,rung1_global,0.39794631940748776,1.013891406302301,1.013891406302301,0.0,1.01302292898117,0.004016459698385291,1.0194918637460695,0.04493537505272964,1.01302292898117,0.11852659881921915,1.0221725868875684,0.050117794903947605,1.0469408779833085,0.045185419127515176,rung5_instance,0.03345323650176541,0,rung1_global,0.0,1,rung5_instance,0.03345323650176541,0,rung5_instance,0.03345323650176541,0,rung5_instance,0.03345323650176541,0,0.0008565782447040382,0.0,0.006380303378338953,0.0,0.00902429772017445,0.03345323650176541
1,300,1.0,0.0,0.02,0.0,0,0.0,rung1_global,0.38939274834591164,1.0426573041608371,1.0426573041608371,0.0,1.0353013405060367,0.0044317518519891436,1.0390765559678476,0.05678457474830774,1.0353013405060367,0.14974254202642023,1.0475020302178408,0.06379419760396966,1.0731455983716371,0.05252376743205044,rung5_instance,0.036295969648492174,0,rung1_global,0.0,1,rung5_instance,0.036295969648492174,0,rung5_instance,0.036295969648492174,0,rung5_instance,0.036295969648492174,0,0.007055015704053125,0.0,0.0036207634538649603,0.0,0.011701533824312098,0.036295969648492174
2,300,1.0,0.0,0.02,0.0,0,0.0,rung1_global,0.43936089720781407,1.0227956750924834,1.0227956750924834,0.0,1.0197360392447954,0.0036267598810408564,1.0232023440027682,0.0435402828493483,1.0197360392447954,0.13268358896457458,1.051814287392541,0.05051217798645533,1.0729271534696403,0.04562612603352319,rung5_instance,0.052005611208744355,0,rung5_instance,0.052005611208744355,0,rung5_instance,0.052005611208744355,0,rung5_instance,0.052005611208744355,0,rung5_instance,0.052005611208744355,0,0.002991443865277707,0.0,0.003389049095909988,0.0,0.031363300538834335,0.052005611208744355
3,300,1.0,0.0,0.02,0.0,0,0.0,rung1_global,0.435894547828,1.0367827344491645,1.0367827344491645,0.0,1.0304819297850158,0.0035329685813697714,1.0409230866332544,0.04040701322139184,1.0304819297850158,0.11629237494277922,1.0389456865475681,0.0450558942145002,1.0643826049194525,0.04236709874600467,rung5_instance,0.03269795494081777,0,rung4_shrunk,0.008163481587151453,0,rung5_instance,0.03269795494081777,0,rung5_instance,0.03269795494081777,0,rung5_instance,0.03269795494081777,0,0.006077266195502563,0.0,0.010070727936828401,0.0,0.008163481587151453,0.03269795494081777
4,300,1.0,0.0,0.02,0.0,0,0.0,rung1_global,0.4049539464037791,1.0252410529096867,1.0252410529096867,0.0,1.0199925141596196,0.0030580703404696373,1.0245798521151177,0.038906392704855484,1.0199925141596196,0.10538734150456304,1.0336122472848688,0.04364827471196962,1.0581023375628371,0.03861719712859273,rung5_instance,0.03717157374361856,0,rung4_shrunk,0.013284420367869313,0,rung5_instance,0.03717157374361856,0,rung5_instance,0.03717157374361856,0,rung5_instance,0.03717157374361856,0,0.005119321680663803,0.0,0.00447439940341742,0.0,0.013284420367869313,0.03717157374361856
5,300,1.0,0.0,0.02,0.0,0,0.0,rung0_none,0.4548273056048377,1.030058201763168,1.030058201763168,0.0,1.030058201763168,0.0025068828268482047,1.0300790432973301,0.02868573267392799,1.030058201763168,0.08541166229908634,1.0351604750467516,0.03170627109540171,1.058355806914959,0.030554728899669713,rung5_instance,0.02747185072004031,0,rung4_shrunk,0.00495338348342825,0,rung5_instance,0.02747185072004031,0,rung5_instance,0.02747185072004031,0,rung5_instance,0.02747185072004031,0,0.0,0.0,2.0233355868985644e-05,0.0,0.00495338348342825,0.02747185072004031
6,300,1.0,0.0,0.02,0.0,0,0.0,rung1_global,0.37171751507042206,1.0487619624202595,1.0487619624202595,0.0,1.0399506520567674,0.0032443502203678923,1.0399506520567674,0.04019374139857734,1.0399506520567674,0.10914395881227114,1.0486437211841748,0.04867068110610172,1.075712551772016,0.04043684448139297,rung5_instance,0.03409915786106493,0,rung0_none,0.008401630378697199,0,rung5_instance,0.03409915786106493,0,rung5_instance,0.03409915786106493,0,rung5_instance,0.03409915786106493,0,0.008401630378697199,0.0,0.0,0.0,0.00828888674351438,0.03409915786106493
7,300,1.0,0.0,0.02,0.0,0,0.0,rung1_global,0.42157609690455006,1.014324665802566,1.014324665802566,0.0,1.0121617326334278,0.003832385528038683,1.0123202783706555,0.04430983515093012,1.0121617326334278,0.10477384373890801,1.024408019907604,0.042941957736648134,1.0469672698887202,0.04437906422785565,rung5_instance,0.034314000663439655,0,rung1_global,0.0,1,rung5_instance,0.034314000663439655,0,rung5_instance,0.034314000663439655,0,rung5_instance,0.034314000663439655,0,0.002132387431815828,0.0,0.00015630669604419685,0.0,0.012073340703478359,0.034314000663439655
8,300,1.0,0.0,0.02,0.0,0,0.0,rung1_global,0.45154769946165935,1.0499443338517416,1.0499443338517416,0.0,1.0463103909538194,0.003618663271145737,1.0472991058659713,0.0434157071687926,1.0463103909538194,0.12228891366197328,1.0509093640880918,0.045251655184407415,1.0708396249815229,0.041526989464091876,rung5_instance,0.02336241383170999,0,rung0_none,0.003461081488569009,0,rung5_instance,0.02336241383170999,0,rung5_instance,0.02336241383170999,0,rung5_instance,0.02336241383170999,0,0.003461081488569009,0.0,0.0009416831733590971,0.0,0.004380206631908716,0.02336241383170999
9,300,1.0,0.0,0.02,0.0,0,0.0,rung0_none,0.4299478431117454,1.0538594883302745,1.0538594883302745,0.0,1.062726956635901,0.003479438833455654,1.0591162123778997,0.042381081975543036,1.062726956635901,0.12177376094682893,1.0799130177462104,0.04692887544310538,1.1000816904084618,0.03980056676707911,rung5_instance,0.043859928757126174,0,rung1_global,0.008414279516215198,0,rung5_instance,0.043859928757126174,0,rung5_instance,0.043859928757126174,0,rung5_instance,0.043859928757126174,0,0.0,0.008414279516215198,0.004988069193127276,0.008414279516215198,0.024722014371398638,0.043859928757126174
0,300,0.3,0.0,0.3,0.0,0,2.0,rung1_global,0.43675071553864414,2.6111118509061204,2.6111118509061204,0.0,2.4023470217243377,0.006921600415899632,2.427447827003127,0.06926615543732911,2.4023470217243377,0.1737423524397366,2.4258460425724717,0.06855169548598632,2.4884901504857413,0.07041621425517414,rung5_instance,0.03299097613589775,0,rung1_global,0.0,1,rung5_instance,0.03299097613589775,0,rung5_instance,0.03299097613589775,0,rung5_instance,0.03299097613589775,0,0.07995246511915458,0.0,0.00961307163845873,0.0,0.00899962245584359,0.03299097613589775
1,300,0.3,0.0,0.3,0.0,0,2.0,rung1_global,0.417987480607053,2.6665885238377562,2.6665885238377562,0.0,2.456829788686707,0.005826917107001524,2.4603356082469277,0.06941162088716113,2.456829788686707,0.17092676584992242,2.4665321346850333,0.06995740663555826,2.5369181438411488,0.06901536279397821,rung5_instance,0.030034013286451323,0,rung1_global,0.0,1,rung5_instance,0.030034013286451323,0,rung5_instance,0.030034013286451323,0,rung5_instance,0.030034013286451323,0,0.07866183075338685,0.0,0.0013147208610854932,0.0,0.00363848636997908,0.030034013286451323
2,300,0.3,0.0,0.3,0.0,0,2.0,rung1_global,0.36230361899577396,2.637809929236852,2.637809929236852,0.0,2.357388292550054,0.006248476959156324,2.3723925808491155,0.07657918770057959,2.357388292550054,0.2063558826331726,2.368125128627998,0.09371608899600437,2.425444790604845,0.07465945405844301,rung5_instance,0.02580037981526597,0,rung4_shrunk,0.004070360020613817,0,rung5_instance,0.02580037981526597,0,rung5_instance,0.02580037981526597,0,rung5_instance,0.02580037981526597,0,0.10630850751552334,0.0,0.005688161278323119,0.0,0.004070360020613817,0.02580037981526597
3,300,0.3,0.0,0.3,0.0,0,2.0,rung1_global,0.4689228063297574,2.624747569082217,2.624747569082217,0.0,2.443801899646056,0.005817288610598893,2.4545310015814934,0.06715978894794691,2.443801899646056,0.18323119523777437,2.49727080881092,0.06703627951320906,2.530554137691052,0.06984084789102274,rung5_instance,0.03305165002032181,0,rung1_global,0.0,1,rung5_instance,0.03305165002032181,0,rung5_instance,0.03305165002032181,0,rung5_instance,0.03305165002032181,0,0.06893831298963027,0.0,0.004087670015135591,0.0,0.02037106721983178,0.03305165002032181
4,300,0.3,0.0,0.3,0.0,0,2.0,rung1_global,0.444350821178035,2.626820775547103,2.626820775547103,0.0,2.4206414767052187,0.004750776595310851,2.424195411608862,0.05527527328869534,2.4206414767052187,0.14224239883172118,2.4576181831923813,0.05513875743531115,2.519019101727141,0.05683523822191483,rung5_instance,0.03745121324519474,0,rung1_global,0.0,1,rung5_instance,0.03745121324519474,0,rung5_instance,0.03745121324519474,0,rung5_instance,0.03745121324519474,0,0.07849005183802162,0.0,0.0013529415241141953,0.0,0.014076600440873747,0.03745121324519474
5,300,0.3,0.0,0.3,0.0,0,2.0,rung1_global,0.4832226520041582,2.603309287896187,2.603309287896187,0.0,2.408579836097034,0.0036817592251834424,2.417777877173126,0.041121772486283806,2.408579836097034,0.11233431811747517,2.455572012068842,0.04008791473957238,2.5058556548966755,0.04320284786931331,rung5_instance,0.03736621662739627,0,rung1_global,0.0,1,rung5_instance,0.03736621662739627,0,rung5_instance,0.03736621662739627,0,rung5_instance,0.03736621662739627,0,0.07480073639522106,0.0,0.0035332110244670773,0.0,0.018050938545908987,0.03736621662739627
6,300,0.3,0.0,0.3,0.0,0,2.0,rung4_shrunk,0.42346126333646034,2.7215453876361213,2.7215453876361213,0.0,2.423147433862843,0.00497733119012518,2.423147433862843,0.056627613670063866,2.423147433862843,0.15265316110835517,2.3756134813748053,0.06188895002680597,2.4012048302756455,0.06216565327522598,rung5_instance,0.009403241635102129,0,rung1_global,0.017465794509245663,0,rung5_instance,0.009403241635102129,0,rung5_instance,0.009403241635102129,0,rung5_instance,0.009403241635102129,0,0.12710863020432128,0.017465794509245663,0.017465794509245663,0.017465794509245663,0.0,0.009403241635102129
7,300,0.3,0.0,0.3,0.0,0,2.0,rung1_global,0.4961776498755304,2.551517773713992,2.551517773713992,0.0,2.387560125851778,0.005225050701112881,2.391355828160941,0.06150045445120981,2.387560125851778,0.16667361316907345,2.4073350929901802,0.057573140406407215,2.4145084994252444,0.06200526788247858,rung5_instance,0.010561703254075426,0,rung4_shrunk,0.00775027606788635,0,rung5_instance,0.010561703254075426,0,rung5_instance,0.010561703254075426,0,rung5_instance,0.010561703254075426,0,0.06425886958394848,0.0,0.001487625266916331,0.0,0.00775027606788635,0.010561703254075426
8,300,0.3,0.0,0.3,0.0,0,2.0,rung4_shrunk,0.44882108787065017,2.696772525987154,2.696772525987154,0.0,2.4439838090061494,0.00574794710316013,2.446016704116285,0.06624948720144093,2.4439838090061494,0.19544600317025365,2.4381004739447825,0.07302001963033679,2.5026256283206285,0.06773159261498243,rung5_instance,0.02392680648963027,0,rung1_global,0.0021816208095687866,0,rung5_instance,0.02392680648963027,0,rung5_instance,0.02392680648963027,0,rung5_instance,0.02392680648963027,0,0.0959191216721865,0.0021816208095687866,0.002935446017496348,0.0021816208095687866,0.0,0.02392680648963027
9,300,0.3,0.0,0.3,0.0,0,2.0,rung2_series,0.5297820352208183,2.642712446532576,2.642712446532576,0.0,2.393029410409712,0.005914333341373596,2.3929237538069996,0.06394959963195318,2.393029410409712,0.1990762432834297,2.4782203997714745,0.06367907795711393,2.516227783709771,0.0700552533620071,rung5_instance,0.04665813341309796,0,rung1_global,3.998036292251616e-05,0,rung5_instance,0.04665813341309796,0,rung5_instance,0.04665813341309796,0,rung5_instance,0.04665813341309796,0,0.09451981544693477,3.998036292251616e-05,0.0,3.998036292251616e-05,0.03227617370039257,0.04665813341309796
0,300,0.3,2.0,0.1,0.0,0,0.0,rung1_global,0.37705917442941544,1.204737510527715,1.204737510527715,0.0,1.1410752152627277,0.005747846338020549,1.1610818704672372,0.061759557961322056,1.1410752152627277,0.1686193904969161,1.160187506576737,0.07398892385526865,1.2078729364131007,0.06017487859309247,rung5_instance,0.05544587145884862,0,rung1_global,0.0,1,rung5_instance,0.05544587145884862,0,rung5_instance,0.05544587145884862,0,rung5_instance,0.05544587145884862,0,0.0528432913465947,0.0,0.016606650851060435,0.0,0.01586427843990477,0.05544587145884862
1,300,0.3,2.0,0.1,0.0,0,0.0,rung1_global,0.37811473242269555,1.253613434128459,1.253613434128459,0.0,1.1719496656197022,0.005350435897652725,1.172350991966036,0.06455715759181346,1.1719496656197022,0.15491706928128068,1.1900495819525918,0.0693466418751651,1.2312965503061193,0.06598423254847045,rung5_instance,0.04734065787008453,0,rung0_none,0.06514270371195521,0,rung5_instance,0.04734065787008453,0,rung5_instance,0.04734065787008453,0,rung5_instance,0.04734065787008453,0,0.06514270371195521,0.0,0.0003201356458124122,0.0,0.01443819589048448,0.04734065787008453
2,300,0.3,2.0,0.1,0.0,0,0.0,rung1_global,0.37398035973533167,1.2383588534432293,1.2383588534432293,0.0,1.1625706692047482,0.005785481759005434,1.162887042794129,0.06702352878152869,1.1625706692047482,0.18356594919823058,1.1839363154914402,0.08202991876241415,1.2220482126143593,0.07214514869513945,rung5_instance,0.04802932788362202,0,rung1_global,0.0,1,rung5_instance,0.04802932788362202,0,rung5_instance,0.04802932788362202,0,rung5_instance,0.04802932788362202,0,0.06120050260694123,0.0,0.0002554781180762568,0.0,0.01725319460290958,0.04802932788362202
3,300,0.3,2.0,0.1,0.0,0,0.0,rung1_global,0.42877688243073125,1.2377400644161867,1.2377400644161867,0.0,1.1691003670751001,0.004849718374291643,1.1694090104347554,0.05674602597958058,1.1691003670751001,0.16461148014718816,1.1935165284980804,0.06396523562131926,1.2294601342735558,0.05576945475040103,rung5_instance,0.04876610924517985,0,rung1_global,0.0,1,rung5_instance,0.04876610924517985,0,rung5_instance,0.04876610924517985,0,rung5_instance,0.04876610924517985,0,0.055455664169247285,0.0,0.0002493604016937779,0.0,0.019726404699113336,0.04876610924517985
4,300,0.3,2.0,0.1,0.0,0,0.0,rung1_global,0.3799157435083102,1.2224772873507488,1.2224772873507488,0.0,1.1430609801761595,0.004267705421860194,1.1612551672389728,0.05109620917249315,1.1430609801761595,0.1286645621193286,1.162552220544813,0.05680697051015039,1.1997196923567366,0.050818026757366755,rung5_instance,0.04634745591336352,0,rung1_global,0.0,1,rung5_instance,0.04634745591336352,0,rung5_instance,0.04634745591336352,0,rung5_instance,0.04634745591336352,0,0.06496342140367586,0.0,0.01488304711349052,0.0,0.01594405112498521,0.04634745591336352
5,300,0.3,2.0,0.1,0.0,0,0.0,rung1_global,0.37477894086501023,1.2096121442765242,1.2096121442765242,0.0,1.1486400733849291,0.0030819147866168522,1.1525389171417793,0.03442932689448968,1.1486400733849291,0.10298471789434288,1.1543269052690877,0.04560007332918022,1.1914315387339158,0.03804096602057905,rung5_instance,0.035376186946751036,0,rung0_none,0.05040629856445663,0,rung5_instance,0.035376186946751036,0,rung5_instance,0.035376186946751036,0,rung5_instance,0.035376186946751036,0,0.05040629856445663,0.0,0.0032232180995355694,0.0,0.004701368046829468,0.035376186946751036
6,300,0.3,2.0,0.1,0.0,0,0.0,rung1_global,0.3956288090641805,1.280927542170698,1.280927542170698,0.0,1.183092532883293,0.0060152376847688255,1.183092532883293,0.06148591082158343,1.183092532883293,0.1521916371310466,1.2053733445429988,0.06646607959263846,1.2554230451113628,0.06948455212251546,rung5_instance,0.056467294087139616,0,rung1_global,0.0,1,rung5_instance,0.056467294087139616,0,rung5_instance,0.056467294087139616,0,rung5_instance,0.056467294087139616,0,0.07637825409047794,0.0,0.0,0.0,0.01739427947809446,0.056467294087139616
7,300,0.3,2.0,0.1,0.0,0,0.0,rung1_global,0.4146071044583571,1.1960218624517482,1.1960218624517482,0.0,1.1345184337073955,0.00481810966234764,1.1373484290390214,0.061400873827721345,1.1345184337073955,0.14868712018272875,1.1566099714689873,0.060740404517932,1.180649988761905,0.05693796532039977,rung5_instance,0.03857082926556513,0,rung5_instance,0.03857082926556513,0,rung5_instance,0.03857082926556513,0,rung5_instance,0.03857082926556513,0,rung5_instance,0.03857082926556513,0,0.051423331525291445,0.0,0.0023661735796574124,0.0,0.018470847778907583,0.03857082926556513
8,300,0.3,2.0,0.1,0.0,0,0.0,rung1_global,0.4311218738628625,1.2683127576231459,1.2683127576231459,0.0,1.1845214714272012,0.00540617526927092,1.1852179503714735,0.06769575903857729,1.1845214714272012,0.187891436854564,1.2052248320618426,0.07310684272539357,1.2461216910336632,0.0661819532947119,rung5_instance,0.048568635170005356,0,rung1_global,0.0,1,rung5_instance,0.048568635170005356,0,rung5_instance,0.048568635170005356,0,rung5_instance,0.048568635170005356,0,0.0660651607360411,0.0,0.0005491381680788997,0.0,0.016323545206184068,0.048568635170005356
9,300,0.3,2.0,0.1,0.0,0,0.0,rung1_global,0.5210075507346036,1.2516168384395803,1.2516168384395803,0.0,1.1794184119130153,0.0051792739830781795,1.1831102955660748,0.0584666968375049,1.1794184119130153,0.1819415724420985,1.238479672781788,0.05868488843049871,1.2487782313960594,0.06241082646739003,rung5_instance,0.05541617638311461,0,rung4_shrunk,0.047187972432845865,0,rung5_instance,0.05541617638311461,0,rung5_instance,0.05541617638311461,0,rung5_instance,0.05541617638311461,0,0.057684128488217204,0.0,0.002949691582659002,0.0,0.047187972432845865,0.05541617638311461
0,3000,0.3,0.0,1.0,0.0,4,0.0,rung4_shrunk,0.42595604271116977,1.987886443956574,1.987886443956574,0.0,1.695651746857437,0.0007944844319428237,1.6936692714704695,0.009195724075083874,1.6914647135530552,0.02714937313725598,1.6800831380994667,0.026029966531505383,1.7468182186833447,0.09415600789912609,rung5_instance,0.03357087160927179,0,rung1_global,0.007831739486579236,0,rung5_instance,0.03357087160927179,0,rung4_shrunk,0.0,1,rung5_instance,0.03357087160927179,0,0.15483948129575922,0.007831739486579236,0.006834461501715225,0.005725465601010485,0.0,0.03357087160927179
1,3000,0.3,0.0,1.0,0.0,4,0.0,rung1_global,0.42667031154541385,2.0121104983145544,2.0121104983145544,0.0,1.8662768849073164,0.0007270224736881602,1.8728168870536879,0.008642439934067575,1.8828785417206535,0.02565091958459467,1.8728483731041765,0.024406781261351367,1.9167300699838967,0.0877525996540743,rung5_instance,0.025074758627243638,0,rung2_series,0.0032503195782983847,0,rung5_instance,0.025074758627243638,0,rung4_shrunk,0.00326596784936253,0,rung5_instance,0.025074758627243638,0,0.07247793475030105,0.0,0.0032503195782983847,0.00825086734910609,0.00326596784936253,0.025074758627243638
2,3000,0.3,0.0,1.0,0.0,4,0.0,rung4_shrunk,0.43234371926891013,2.087659953417651,2.087659953417651,0.0,1.8149854663107878,0.0008131954012081734,1.8212519552359951,0.009690985446877024,1.8167080509266056,0.027515070136932548,1.8046709631589026,0.02687101925612776,1.8597859759479711,0.09632266502729155,rung5_instance,0.026400378423143682,0,rung1_global,0.004940700776005024,0,rung5_instance,0.026400378423143682,0,rung4_shrunk,0.0,1,rung5_instance,0.026400378423143682,0,0.13555320146629954,0.004940700776005024,0.007942381636409812,0.0057658277862720755,0.0,0.026400378423143682
3,3000,0.3,0.0,1.0,0.0,4,0.0,rung1_global,0.37509424237226746,2.1108665763555865,2.1108665763555865,0.0,2.1098589433032022,0.000667511240749099,2.113562644388929,0.007972571788737387,2.1286184780803317,0.02406519272267247,2.1286319899072232,0.020880062874359152,2.1669530213610435,0.08161182229860858,rung5_instance,0.02704769628614532,0,rung1_global,0.0,1,rung5_instance,0.02704769628614532,0,rung4_shrunk,0.008893525916940094,0,rung5_instance,0.02704769628614532,0,0.0004773551600423514,0.0,0.0017545879626939948,0.008887124836434616,0.008893525916940094,0.02704769628614532
4,3000,0.3,0.0,1.0,0.0,4,0.0,rung4_shrunk,0.40952374978380873,2.050350294478449,2.050350294478449,0.0,1.709711280299309,0.0008154911793345106,1.7100382022633356,0.009662664073255535,1.6992435185645012,0.029128859627542074,1.6937369257535195,0.025998708349192858,1.7607488851885966,0.09446427876889123,rung5_instance,0.032683175950733355,0,rung3_cell,0.0026856839174314692,0,rung5_instance,0.032683175950733355,0,rung5_instance,0.032683175950733355,0,rung5_instance,0.032683175950733355,0,0.1739280208290661,0.00779103677493946,0.007950483658190044,0.0026856839174314692,0.0,0.032683175950733355
5,3000,0.3,0.0,1.0,0.0,4,0.0,rung4_shrunk,0.4284678346589271,1.8832164128887212,1.8832164128887212,0.0,1.675466306621462,0.0006949563874716894,1.6767611078619638,0.008219746697466845,1.6820418252293639,0.024572135591617545,1.6706847230093342,0.02328667747436166,1.727886972093913,0.08312356520275516,rung5_instance,0.0303747613354933,0,rung1_global,0.0025390515818588515,0,rung5_instance,0.0303747613354933,0,rung4_shrunk,0.0,1,rung5_instance,0.0303747613354933,0,0.1128556911594554,0.0025390515818588515,0.003226599349412406,0.006030694158303675,0.0,0.0303747613354933
6,3000,0.3,0.0,1.0,0.0,4,0.0,rung1_global,0.39980771682711996,2.1890602471679084,2.1890602471679084,0.0,2.141858789742441,0.0008016325743600689,2.147211708566812,0.009492029883399283,2.1609544284189237,0.028478381722151298,2.1488205806045264,0.02508377317417671,2.182592135586073,0.09274529289535106,rung5_instance,0.018607686059043362,0,rung1_global,0.0,1,rung5_instance,0.018607686059043362,0,rung4_shrunk,0.0031802646231835754,0,rung5_instance,0.018607686059043362,0,0.021562429579786272,0.0,0.0024453044777074462,0.008723212940889971,0.0031802646231835754,0.018607686059043362
7,3000,0.3,0.0,1.0,0.0,4,0.0,rung1_global,0.38244225471361715,1.8502562055232066,1.8502562055232066,0.0,1.777295804161744,0.0007204531937965296,1.7859622087799725,0.008533783165724076,1.7916195432468984,0.025703709086194206,1.783535938824806,0.021816133445554393,1.8115443933510829,0.08213554405006847,rung5_instance,0.018510187447069948,0,rung1_global,0.0,1,rung5_instance,0.018510187447069948,0,rung4_shrunk,0.0033725786971742664,0,rung5_instance,0.018510187447069948,0,0.03943259379088598,0.0,0.004683894366822511,0.007741489552850384,0.0033725786971742664,0.018510187447069948
8,3000,0.3,0.0,1.0,0.0,4,0.0,rung4_shrunk,0.37289880743315607,2.123399880704029,2.123399880704029,0.0,1.7338540367542672,0.000903877687007822,1.7330888747782003,0.010591120854976668,1.7248244163443966,0.029460134416098394,1.7123945490414247,0.02622873545061094,1.7850804993390819,0.1053073920501949,rung5_instance,0.03423092887881182,0,rung3_cell,0.005853757182491079,0,rung5_instance,0.03423092887881182,0,rung5_instance,0.03423092887881182,0,rung5_instance,0.03423092887881182,0,0.19356002390201335,0.010106192388843594,0.00974584482406309,0.005853757182491079,0.0,0.03423092887881182
9,3000,0.3,0.0,1.0,0.0,4,0.0,rung2_series,0.39224144731177996,2.0703350819576354,2.0703350819576354,0.0,1.9073957716613374,0.0007885930362698249,1.9043638994227259,0.009385203816058367,1.9155721310137785,0.027446691095040623,1.904671771122677,0.024397399199372335,1.9591668616703624,0.09268177814735842,rung5_instance,0.026470576055648315,0,rung1_global,0.0014644355230384906,0,rung5_instance,0.026470576055648315,0,rung4_shrunk,0.00014870621796161381,0,rung5_instance,0.026470576055648315,0,0.08016633828084149,0.0014644355230384906,0.0,0.005413728284242065,0.00014870621796161381,0.026470576055648315
