scheme,mcp,emission,welfare
historical,0.0,0.0,0.0
carbon_only,0.0,0.0,0.0
hybrid,0.0,0.0,0.0
historical,0.0,0.0,0.0
carbon_only,0.0,0.0,0.0
hybrid,0.0,0.0,0.0
historical,0.0,0.0,0.0
carbon_only,0.0,0.0,0.0
hybrid,0.0,0.0,0.0
historical,0.0,0.0,0.0
carbon_only,0.0,0.0,0.0
hybrid,0.0,0.0,0.0
historical,0.0,0.0,0.0
carbon_only,0.0,0.0,0.0
hybrid,0.0,0.0,0.0
historical,0.0,0.0,0.0
carbon_only,0.0,0.0,0.0
hybrid,0.0,0.0,0.0
historical,0.0,0.0,0.0
carbon_only,0.0,0.0,0.0
hybrid,0.0,0.0,0.0
historical,0.0,0.0,0.0
carbon_only,0.0,0.0,0.0
hybrid,0.0,0.0,0.0
historical,0.0,0.0,0.0
carbon_only,0.0,0.0,0.0
hybrid,0.0,0.0,0.0
historical,0.0,0.0,0.0
carbon_only,0.0,0.0,0.0
hybrid,0.0,0.0,0.0
historical,0.0,0.0,0.0
carbon_only,0.0,0.0,0.0
hybrid,0.0,0.0,0.0
historical,0.0,0.0,0.0
carbon_only,0.0,0.0,0.0
hybrid,0.0,0.0,0.0
historical,0.0,0.0,0.0
carbon_only,0.0,0.0,0.0
hybrid,0.0,0.0,0.0
historical,0.0,0.0,0.0
carbon_only,0.0,0.0,0.0
hybrid,0.0,0.0,0.0
historical,0.0,0.0,0.0
carbon_only,0.0,0.0,0.0
hybrid,0.0,0.0,0.0
historical,0.0,0.0,0.0
carbon_only,0.0,0.0,0.0
hybrid,0.0,0.0,0.0
historical,0.0,0.0,0.0
carbon_only,0.0,0.0,0.0
hybrid,0.0,0.0,0.0
historical,0.0,0.0,0.0
carbon_only,0.0,0.0,0.0
hybrid,0.0,0.0,0.0
historical,0.0,0.0,0.0
carbon_only,0.0,0.0,0.0
hybrid,0.0,0.0,0.0
historical,0.0,0.0,0.0
carbon_only,0.0,0.0,0.0
hybrid,0.0,0.0,0.0
historical,0.0,0.0,0.0
carbon_only,0.0,0.0,0.0
hybrid,0.0,0.0,0.0
historical,0.0,0.0,0.0
carbon_only,0.0,0.0,0.0
hybrid,0.0,0.0,0.0
historical,0.0,0.0,0.0
carbon_only,0.0,0.0,0.0
hybrid,0.0,0.0,0.0
historical,0.0,0.0,0.0
carbon_only,0.0,0.0,0.0
hybrid,0.0,0.0,0.0
historical,0.0,0.0,0.0
carbon_only,0.0,0.0,0.0
hybrid,0.0,0.0,0.0
historical,0.0,0.0,0.0
carbon_only,0.0,0.0,0.0
hybrid,0.0,0.0,0.0
historical,0.0,0.0,0.0
carbon_only,0.0,0.0,0.0
hybrid,0.0,0.0,0.0
historical,0.0,0.0,0.0
carbon_only,0.0,0.0,0.0
hybrid,0.0,0.0,0.0
historical,0.0,0.0,0.0
carbon_only,0.0,0.0,0.0
hybrid,0.0,0.0,0.0
historical,0.0,0.0,0.0
carbon_only,0.0,0.0,0.0
hybrid,0.0,0.0,0.0
historical,0.0,0.0,0.0
carbon_only,0.0,0.0,0.0
hybrid,0.0,0.0,0.0
historical,0.0,0.0,0.0
carbon_only,0.0,0.0,0.0
hybrid,0.0,0.0,0.0
historical,0.0,0.0,0.0
carbon_only,0.0,0.0,0.0
hybrid,0.0,0.0,0.0
historical,0.0,0.0,0.0
carbon_only,0.0,0.0,0.0
hybrid,0.0,0.0,0.0
historical,0.0,0.0,0.0
carbon_only,0.0,0.0,0.0
hybrid,0.0,0.0,0.0
historical,0.0,0.0,0.0
carbon_only,0.0,0.0,0.0
hybrid,0.0,0.0,0.0
historical,0.0,0.0,0.0
carbon_only,0.0,0.0,0.0
hybrid,0.0,0.0,0.0
historical,0.0,0.0,0.0
carbon_only,0.0,0.0,0.0
hybrid,0.0,0.0,0.0
historical,0.0,0.0,0.0
carbon_only,0.0,0.0,0.0
hybrid,0.0,0.0,0.0
historical,0.0,0.0,0.0
carbon_only,0.0,0.0,0.0
hybrid,0.0,0.0,0.0
historical,0.0,0.0,0.0
carbon_only,0.0,0.0,0.0
hybrid,0.0,0.0,0.0
historical,0.0,0.0,0.0
carbon_only,0.0,0.0,0.0
hybrid,0.0,0.0,0.0
historical,0.0,0.0,0.0
carbon_only,0.0,0.0,0.0
hybrid,0.0,0.0,0.0
historical,0.0,0.0,0.0
carbon_only,0.0,0.0,0.0
hybrid,0.0,0.0,0.0
historical,0.0,0.0,0.0
carbon_only,0.0,0.0,0.0
hybrid,0.0,0.0,0.0
historical,0.0,0.0,0.0
carbon_only,0.0,0.0,0.0
hybrid,0.0,0.0,0.0
historical,0.0,0.0,0.0
carbon_only,0.0,0.0,0.0
hybrid,0.0,0.0,0.0
historical,0.0,0.0,0.0
carbon_only,0.0,0.0,0.0
hybrid,0.0,0.0,0.0
historical,0.0,0.0,0.0
carbon_only,0.0,0.0,0.0
hybrid,0.0,0.0,0.0
historical,0.0,0.0,0.0
carbon_only,0.0,0.0,0.0
hybrid,0.0,0.0,0.0
historical,0.0,0.0,0.0
carbon_only,0.0,0.0,0.0
hybrid,0.0,0.0,0.0
historical,0.0,0.0,0.0
carbon_only,0.0,0.0,0.0
hybrid,0.0,0.0,0.0
historical,0.0,0.0,0.0
carbon_only,0.0,0.0,0.0
hybrid,0.0,0.0,0.0
historical,0.0,0.0,0.0
carbon_only,0.0,0.0,0.0
hybrid,0.0,0.0,0.0
historical,0.0,0.0,0.0
carbon_only,0.0,0.0,0.0
hybrid,0.0,0.0,0.0
historical,0.0,0.0,0.0
carbon_only,0.0,0.0,0.0
hybrid,0.0,0.0,0.0
historical,0.0,0.0,0.0
carbon_only,0.0,0.0,0.0
hybrid,0.0,0.0,0.0
historical,0.0,0.0,0.0
carbon_only,0.0,0.0,0.0
hybrid,0.0,0.0,0.0
historical,0.0,0.0,0.0
carbon_only,0.0,0.0,0.0
hybrid,0.0,0.0,0.0
historical,0.0,0.0,0.0
carbon_only,0.0,0.0,0.0
hybrid,0.0,0.0,0.0
historical,0.0,0.0,0.0
carbon_only,0.0,0.0,0.0
hybrid,0.0,0.0,0.0
historical,0.0,0.0,0.0
carbon_only,0.0,0.0,0.0
hybrid,0.0,0.0,0.0
historical,0.0,0.0,0.0
carbon_only,0.0,0.0,0.0
hybrid,0.0,0.0,0.0
historical,0.0,0.0,0.0
carbon_only,0.0,0.0,0.0
hybrid,0.0,0.0,0.0
historical,0.0,0.0,0.0
carbon_only,0.0,0.0,0.0
hybrid,0.0,0.0,0.0
historical,0.0,0.0,0.0
carbon_only,0.0,0.0,0.0
hybrid,0.0,0.0,0.0
historical,0.0,0.0,0.0
carbon_only,0.0,0.0,0.0
hybrid,0.0,0.0,0.0
historical,0.0,0.0,0.0
carbon_only,0.0,0.0,0.0
hybrid,0.0,0.0,0.0
historical,0.0,0.0,0.0
carbon_only,0.0,0.0,0.0
hybrid,0.0,0.0,0.0
historical,0.0,0.0,0.0
carbon_only,0.0,0.0,0.0
hybrid,0.0,0.0,0.0
historical,0.0,0.0,0.0
carbon_only,0.0,0.0,0.0
hybrid,0.0,0.0,0.0
historical,0.0,0.0,0.0
carbon_only,0.0,0.0,0.0
hybrid,0.0,0.0,0.0
historical,0.0,0.0,0.0
carbon_only,0.0,0.0,0.0
hybrid,0.0,0.0,0.0
historical,0.0,0.0,0.0
carbon_only,0.0,0.0,0.0
hybrid,0.0,0.0,0.0
historical,0.0,0.0,0.0
carbon_only,0.0,0.0,0.0
hybrid,0.0,0.0,0.0
historical,0.0,0.0,0.0
carbon_only,0.0,0.0,0.0
hybrid,0.0,0.0,0.0
historical,0.0,0.0,0.0
carbon_only,0.0,0.0,0.0
hybrid,0.0,0.0,0.0
historical,0.0,0.0,0.0
carbon_only,0.0,0.0,0.0
hybrid,0.0,0.0,0.0
historical,0.0,0.0,0.0
carbon_only,0.0,0.0,0.0
hybrid,0.0,0.0,0.0
historical,0.0,0.0,0.0
carbon_only,0.0,0.0,0.0
hybrid,0.0,0.0,0.0
historical,0.0,0.0,0.0
carbon_only,0.0,0.0,0.0
hybrid,0.0,0.0,0.0
historical,0.0,0.0,0.0
carbon_only,0.0,0.0,0.0
hybrid,0.0,0.0,0.0
historical,0.0,0.0,0.0
carbon_only,0.0,0.0,0.0
hybrid,0.0,0.0,0.0
historical,0.0,0.0,0.0
carbon_only,0.0,0.0,0.0
hybrid,0.0,0.0,0.0
historical,0.0,0.0,0.0
carbon_only,0.0,0.0,0.0
hybrid,0.0,0.0,0.0
historical,0.0,0.0,0.0
carbon_only,0.0,0.0,0.0
hybrid,0.0,0.0,0.0
historical,0.0,0.0,0.0
carbon_only,0.0,0.0,0.0
hybrid,0.0,0.0,0.0
historical,0.0,0.0,0.0
carbon_only,0.0,0.0,0.0
hybrid,0.0,0.0,0.0
historical,0.0,0.0,0.0
carbon_only,0.0,0.0,0.0
hybrid,0.0,0.0,0.0
historical,0.0,0.0,0.0
carbon_only,0.0,0.0,0.0
hybrid,0.0,0.0,0.0
historical,0.0,0.0,0.0
carbon_only,0.0,0.0,0.0
hybrid,0.0,0.0,0.0
historical,0.0,0.0,0.0
carbon_only,0.0,0.0,0.0
hybrid,0.0,0.0,0.0
historical,0.0,0.0,0.0
carbon_only,0.0,0.0,0.0
hybrid,0.0,0.0,0.0
historical,0.0,0.0,0.0
carbon_only,0.0,0.0,0.0
hybrid,0.0,0.0,0.0
historical,0.0,0.0,0.0
carbon_only,0.0,0.0,0.0
hybrid,0.0,0.0,0.0
historical,0.0,0.0,0.0
carbon_only,0.0,0.0,0.0
hybrid,0.0,0.0,0.0
historical,0.0,0.0,0.0
carbon_only,0.0,0.0,0.0
hybrid,0.0,0.0,0.0
historical,0.0,0.0,0.0
carbon_only,0.0,0.0,0.0
hybrid,0.0,0.0,0.0
historical,0.0,0.0,0.0
carbon_only,0.0,0.0,0.0
hybrid,0.0,0.0,0.0
historical,0.0,0.0,0.0
carbon_only,0.0,0.0,0.0
hybrid,0.0,0.0,0.0
historical,0.0,0.0,0.0
carbon_only,0.0,0.0,0.0
hybrid,0.0,0.0,0.0
historical,0.0,0.0,0.0
carbon_only,0.0,0.0,0.0
hybrid,0.0,0.0,0.0
historical,0.0,0.0,0.0
carbon_only,0.0,0.0,0.0
hybrid,0.0,0.0,0.0
historical,0.0,0.0,0.0
carbon_only,0.0,0.0,0.0
hybrid,0.0,0.0,0.0
historical,0.0,0.0,0.0
carbon_only,0.0,0.0,0.0
hybrid,0.0,0.0,0.0
historical,0.0,0.0,0.0
carbon_only,0.0,0.0,0.0
hybrid,0.0,0.0,0.0
historical,0.0,0.0,0.0
carbon_only,0.0,0.0,0.0
hybrid,0.0,0.0,0.0
historical,0.0,0.0,0.0
carbon_only,0.0,0.0,0.0
hybrid,0.0,0.0,0.0
historical,0.0,0.0,0.0
carbon_only,0.0,0.0,0.0
hybrid,0.0,0.0,0.0
historical,0.0,0.0,0.0
carbon_only,0.0,0.0,0.0
hybrid,0.0,0.0,0.0
historical,0.0,0.0,0.0
carbon_only,0.0,0.0,0.0
hybrid,0.0,0.0,0.0
historical,0.0,0.0,0.0
carbon_only,0.0,0.0,0.0
hybrid,0.0,0.0,0.0
historical,0.0,0.0,0.0
carbon_only,0.0,0.0,0.0
hybrid,0.0,0.0,0.0
historical,0.0,0.0,0.0
carbon_only,0.0,0.0,0.0
hybrid,0.0,0.0,0.0
historical,0.0,0.0,0.0
carbon_only,0.0,0.0,0.0
hybrid,0.0,0.0,0.0
historical,0.0,0.0,0.0
carbon_only,0.0,0.0,0.0
hybrid,0.0,0.0,0.0
historical,0.0,0.0,0.0
carbon_only,0.0,0.0,0.0
hybrid,0.0,0.0,0.0
historical,0.0,0.0,0.0
carbon_only,0.0,0.0,0.0
hybrid,0.0,0.0,0.0
historical,0.0,0.0,0.0
carbon_only,0.0,0.0,0.0
hybrid,0.0,0.0,0.0
historical,0.0,0.0,0.0
carbon_only,0.0,0.0,0.0
hybrid,0.0,0.0,0.0
historical,0.0,0.0,0.0
carbon_only,0.0,0.0,0.0
hybrid,0.0,0.0,0.0
historical,0.0,0.0,0.0
carbon_only,0.0,0.0,0.0
hybrid,0.0,0.0,0.0
historical,0.0,0.0,0.0
carbon_only,0.0,0.0,0.0
hybrid,0.0,0.0,0.0
historical,0.0,0.0,0.0
carbon_only,0.0,0.0,0.0
hybrid,0.0,0.0,0.0
historical,0.0,0.0,0.0
carbon_only,0.0,0.0,0.0
hybrid,0.0,0.0,0.0
historical,0.0,0.0,0.0
carbon_only,0.0,0.0,0.0
hybrid,0.0,0.0,0.0
historical,0.0,0.0,0.0
carbon_only,0.0,0.0,0.0
hybrid,0.0,0.0,0.0
historical,0.0,0.0,0.0
carbon_only,0.0,0.0,0.0
hybrid,0.0,0.0,0.0
historical,0.0,0.0,0.0
carbon_only,0.0,0.0,0.0
hybrid,0.0,0.0,0.0
historical,0.0,0.0,0.0
carbon_only,0.0,0.0,0.0
hybrid,0.0,0.0,0.0
historical,0.0,0.0,0.0
carbon_only,0.0,0.0,0.0
hybrid,0.0,0.0,0.0
historical,0.0,0.0,0.0
carbon_only,0.0,0.0,0.0
hybrid,0.0,0.0,0.0
historical,0.0,0.0,0.0
carbon_only,0.0,0.0,0.0
hybrid,0.0,0.0,0.0
historical,0.0,0.0,0.0
carbon_only,0.0,0.0,0.0
hybrid,0.0,0.0,0.0
historical,0.0,0.0,0.0
carbon_only,0.0,0.0,0.0
hybrid,0.0,0.0,0.0
historical,0.0,0.0,0.0
carbon_only,0.0,0.0,0.0
hybrid,0.0,0.0,0.0
historical,0.0,0.0,0.0
carbon_only,0.0,0.0,0.0
hybrid,0.0,0.0,0.0
historical,0.0,0.0,0.0
carbon_only,0.0,0.0,0.0
hybrid,0.0,0.0,0.0
historical,0.0,0.0,0.0
carbon_only,0.0,0.0,0.0
hybrid,0.0,0.0,0.0
historical,0.0,0.0,0.0
carbon_only,0.0,0.0,0.0
hybrid,0.0,0.0,0.0
historical,0.0,0.0,0.0
carbon_only,0.0,0.0,0.0
hybrid,0.0,0.0,0.0
historical,0.0,0.0,0.0
carbon_only,0.0,0.0,0.0
hybrid,0.0,0.0,0.0
historical,0.0,0.0,0.0
carbon_only,0.0,0.0,0.0
hybrid,0.0,0.0,0.0
historical,0.0,0.0,0.0
carbon_only,0.0,0.0,0.0
hybrid,0.0,0.0,0.0
historical,0.0,0.0,0.0
carbon_only,0.0,0.0,0.0
hybrid,0.0,0.0,0.0
historical,0.0,0.0,0.0
carbon_only,0.0,0.0,0.0
hybrid,0.0,0.0,0.0
historical,0.0,0.0,0.0
carbon_only,0.0,0.0,0.0
hybrid,0.0,0.0,0.0
historical,0.0,0.0,0.0
carbon_only,0.0,0.0,0.0
hybrid,0.0,0.0,0.0
historical,0.0,0.0,0.0
carbon_only,0.0,0.0,0.0
hybrid,0.0,0.0,0.0
historical,0.0,0.0,0.0
carbon_only,0.0,0.0,0.0
hybrid,0.0,0.0,0.0
historical,0.0,0.0,0.0
carbon_only,0.0,0.0,0.0
hybrid,0.0,0.0,0.0
historical,0.0,0.0,0.0
carbon_only,0.0,0.0,0.0
hybrid,0.0,0.0,0.0
historical,0.0,0.0,0.0
carbon_only,0.0,0.0,0.0
hybrid,0.0,0.0,0.0
historical,0.0,0.0,0.0
carbon_only,0.0,0.0,0.0
hybrid,0.0,0.0,0.0
historical,0.0,0.0,0.0
carbon_only,0.0,0.0,0.0
hybrid,0.0,0.0,0.0
historical,0.0,0.0,0.0
carbon_only,0.0,0.0,0.0
hybrid,0.0,0.0,0.0
historical,0.0,0.0,0.0
carbon_only,0.0,0.0,0.0
hybrid,0.0,0.0,0.0
historical,0.0,0.0,0.0
carbon_only,0.0,0.0,0.0
hybrid,0.0,0.0,0.0
historical,0.0,0.0,0.0
carbon_only,0.0,0.0,0.0
hybrid,0.0,0.0,0.0
historical,0.0,0.0,0.0
carbon_only,0.0,0.0,0.0
hybrid,0.0,0.0,0.0
historical,0.0,0.0,0.0
carbon_only,0.0,0.0,0.0
hybrid,0.0,0.0,0.0
historical,0.0,0.0,0.0
carbon_only,0.0,0.0,0.0
hybrid,0.0,0.0,0.0
historical,0.0,0.0,0.0
carbon_only,0.0,0.0,0.0
hybrid,0.0,0.0,0.0
historical,0.0,0.0,0.0
carbon_only,0.0,0.0,0.0
hybrid,0.0,0.0,0.0
historical,0.0,0.0,0.0
carbon_only,0.0,0.0,0.0
hybrid,0.0,0.0,0.0
historical,0.0,0.0,0.0
carbon_only,0.0,0.0,0.0
hybrid,0.0,0.0,0.0
historical,0.0,0.0,0.0
carbon_only,0.0,0.0,0.0
hybrid,0.0,0.0,0.0
historical,0.0,0.0,0.0
carbon_only,0.0,0.0,0.0
hybrid,0.0,0.0,0.0
historical,0.0,0.0,0.0
carbon_only,0.0,0.0,0.0
hybrid,0.0,0.0,0.0
historical,0.0,0.0,0.0
carbon_only,0.0,0.0,0.0
hybrid,0.0,0.0,0.0
historical,0.0,0.0,0.0
carbon_only,0.0,0.0,0.0
hybrid,0.0,0.0,0.0
historical,0.0,0.0,0.0
carbon_only,0.0,0.0,0.0
hybrid,0.0,0.0,0.0
historical,0.0,0.0,0.0
carbon_only,0.0,0.0,0.0
hybrid,0.0,0.0,0.0
historical,0.0,0.0,0.0
carbon_only,0.0,0.0,0.0
hybrid,0.0,0.0,0.0
historical,0.0,0.0,0.0
carbon_only,0.0,0.0,0.0
hybrid,0.0,0.0,0.0
historical,0.0,0.0,0.0
carbon_only,0.0,0.0,0.0
hybrid,0.0,0.0,0.0
historical,0.0,0.0,0.0
carbon_only,0.0,0.0,0.0
hybrid,0.0,0.0,0.0
historical,0.0,0.0,0.0
carbon_only,0.0,0.0,0.0
hybrid,0.0,0.0,0.0
historical,3000.0,0.4287519367125123,204000.0
carbon_only,4500.0,0.197453307570156,372000.0
hybrid,3000.0,0.4287519367125123,190681.43724200706
historical,3000.0,0.4215823698095959,204000.0
carbon_only,4500.0,0.19428366810203096,372000.0
hybrid,3000.0,0.4215823698095959,191066.4744208332
historical,3000.0,0.4172802849628047,204000.0
carbon_only,4500.0,0.19238173202831008,372000.0
hybrid,3000.0,0.4172802849628047,191292.9668789662
historical,3000.0,0.4308269306204665,204000.0
carbon_only,4500.0,0.1983706548347579,372000.0
hybrid,3000.0,0.4308269306204665,190568.19101294057
historical,3000.0,0.38041403096876514,204000.0
carbon_only,4500.0,0.1760832951375269,372000.0
hybrid,3000.0,0.38041403096876514,193104.90654403032
historical,3000.0,0.44296708457788203,204000.0
carbon_only,4500.0,0.2037377727727865,372000.0
hybrid,3000.0,0.44296708457788203,189888.71363854155
historical,3000.0,0.4768167089929653,204000.0
carbon_only,4500.0,0.2187025686914373,372000.0
hybrid,3000.0,0.4768167089929653,187827.63226953114
historical,3000.0,0.4345241790248798,204000.0
carbon_only,4500.0,0.2000051949157388,372000.0
hybrid,3000.0,0.4345241790248798,190364.34780062086
historical,3000.0,0.4867559568022124,204000.0
carbon_only,4500.0,0.22309667402112607,372000.0
hybrid,3000.0,0.4867559568022124,187170.8041409454
historical,3000.0,0.515031145410774,204000.0
carbon_only,4500.0,0.23559703213144942,372000.0
hybrid,3000.0,0.515031145410774,185155.0212635616
historical,3000.0,0.49664819444521685,204000.0
carbon_only,4500.0,0.22746999632718962,372000.0
hybrid,3000.0,0.49664819444521685,186491.32676654635
historical,3000.0,0.4870919582616218,204000.0
carbon_only,4500.0,0.22324521904504635,372000.0
hybrid,3000.0,0.4870919582616218,187148.1548951321
historical,3000.0,0.527889572758739,204000.0
carbon_only,4500.0,0.2412816961246886,372000.0
hybrid,3000.0,0.527889572758739,184158.4544477763
historical,3000.0,0.5318390945151443,204000.0
carbon_only,4500.0,0.2430277653376321,372000.0
hybrid,3000.0,0.5318390945151443,183841.36500639012
historical,3000.0,0.5757013202680051,204000.0
carbon_only,3200.0,0.29953058431540275,34000.0
hybrid,3000.0,0.5757013202680051,179923.04548068898
historical,3000.0,0.5916249162935423,204000.0
carbon_only,3200.0,0.32581865103918073,34000.0
hybrid,3000.0,0.5916249162935423,178292.2997821313
historical,3000.0,0.5831510761672495,204000.0
carbon_only,3200.0,0.31182929371754536,34000.0
hybrid,3000.0,0.5831510761672495,179175.62036885007
historical,3200.0,0.6368631090079222,268000.0
carbon_only,3200.0,0.40050182101106085,34000.0
hybrid,3200.0,0.6368631090079222,234804.40536826913
historical,3200.0,0.6535627094979066,268000.0
carbon_only,3200.0,0.42807098385826625,34000.0
hybrid,3200.0,0.6535627094979066,232291.84903271357
historical,3200.0,0.665256143730362,268000.0
carbon_only,3200.0,0.44737552906526046,34000.0
hybrid,3200.0,0.665256143730362,230383.27258551275
historical,3200.0,0.6773860156129876,268000.0
carbon_only,3200.0,0.4674005837633298,34000.0
hybrid,3200.0,0.6773860156129876,228257.2633785042
historical,3200.0,0.6751117359295667,268000.0
carbon_only,3200.0,0.46364600370676345,34000.0
hybrid,3200.0,0.6751117359295667,228667.9697025854
historical,3200.0,0.675783963403699,268000.0
carbon_only,3200.0,0.4647557756869873,34000.0
hybrid,3200.0,0.675783963403699,228547.17372491444
historical,3200.0,0.6703269417317551,268000.0
carbon_only,3200.0,0.4557468464479448,34000.0
hybrid,3200.0,0.6703269417317551,229513.54154628195
historical,3200.0,0.6711571763036226,268000.0
carbon_only,3200.0,0.4571174703815486,34000.0
hybrid,3200.0,0.6711571763036226,229368.58637307686
historical,3200.0,0.6669636536376987,268000.0
carbon_only,3200.0,0.45019443594430925,34000.0
hybrid,3200.0,0.6669636536376987,230093.36223910248
historical,3200.0,0.6411871464807349,268000.0
carbon_only,3200.0,0.40764032072049333,34000.0
hybrid,3200.0,0.6411871464807349,234176.26628438025
historical,3200.0,0.6689338620520799,268000.0
carbon_only,3200.0,0.45344702852289126,34000.0
hybrid,3200.0,0.6689338620520799,229755.13350162384
historical,3200.0,0.6538688163803649,268000.0
carbon_only,3200.0,0.4285763319051373,34000.0
hybrid,3200.0,0.6538688163803649,232243.53064164522
historical,3200.0,0.667387812733095,268000.0
carbon_only,3200.0,0.45089467492194923,34000.0
hybrid,3200.0,0.667387812733095,230020.88465249995
historical,3200.0,0.6478004489268901,268000.0
carbon_only,3200.0,0.4185581395153336,34000.0
hybrid,3200.0,0.6478004489268901,233185.73926747855
historical,3200.0,0.675515406508544,268000.0
carbon_only,3200.0,0.46431241844735105,34000.0
hybrid,3200.0,0.675515406508544,228595.4921159828
historical,3200.0,0.6797596264467107,268000.0
carbon_only,3200.0,0.4713191483810911,34000.0
hybrid,3200.0,0.6797596264467107,227822.3978588888
historical,3200.0,0.6759180752186214,268000.0
carbon_only,3200.0,0.4649771792150267,34000.0
hybrid,3200.0,0.6759180752186214,228523.01452938028
historical,3200.0,0.686550065790263,268000.0
carbon_only,3200.0,0.48252940027776026,34000.0
hybrid,3200.0,0.686550065790263,226541.96049557684
historical,3000.0,0.5667860304148645,204000.0
carbon_only,3200.0,0.28481244312761317,34000.0
hybrid,3000.0,0.5667860304148645,180783.71682159445
historical,3000.0,0.49567616343844356,204000.0
carbon_only,4500.0,0.22704026495219448,372000.0
hybrid,3000.0,0.49567616343844356,186559.27450398626
historical,3000.0,0.43777052925231824,204000.0
carbon_only,4500.0,0.2014403945515857,372000.0
hybrid,3000.0,0.43777052925231824,190183.15383411446
historical,3000.0,0.4594916283192703,204000.0
carbon_only,4500.0,0.21104321349810531,372000.0
hybrid,3000.0,0.4594916283192703,188914.7960685696
historical,3000.0,0.45039155691109223,204000.0
carbon_only,4500.0,0.2070201050051244,372000.0
hybrid,3000.0,0.45039155691109223,189458.3779680888
historical,3000.0,0.37247383662493266,204000.0
carbon_only,4500.0,0.1725729640788186,372000.0
hybrid,3000.0,0.37247383662493266,193467.29447704312
historical,3000.0,0.45799593450258713,204000.0
carbon_only,4500.0,0.21038197269823758,372000.0
hybrid,3000.0,0.45799593450258713,189005.3930518228
historical,3000.0,0.48909876453251344,204000.0
carbon_only,4500.0,0.22413242080314857,372000.0
hybrid,3000.0,0.48909876453251344,187012.2594202523
historical,3000.0,0.38090362664310884,204000.0
carbon_only,4500.0,0.17629974360559153,372000.0
hybrid,3000.0,0.38090362664310884,193082.257298217
historical,3000.0,0.45307724249753645,204000.0
carbon_only,4500.0,0.20820743684106913,372000.0
hybrid,3000.0,0.45307724249753645,189299.83324739573
historical,3000.0,0.4413784050163955,204000.0
carbon_only,4500.0,0.20303542331312208,372000.0
hybrid,3000.0,0.4413784050163955,189979.31062179475
historical,3000.0,0.5773037384537348,204000.0
carbon_only,3200.0,0.3021759965777021,34000.0
hybrid,3000.0,0.5773037384537348,179764.5007599959
historical,3000.0,0.6101180901076056,204000.0
carbon_only,3200.0,0.356348801790234,34000.0
hybrid,3000.0,0.6101180901076056,176231.2184131209
historical,3000.0,0.5905578299816944,204000.0
carbon_only,3200.0,0.3240570115124745,34000.0
hybrid,3000.0,0.5905578299816944,178405.54601119782
historical,3200.0,0.637702729781172,268000.0
carbon_only,3200.0,0.4018879405078418,34000.0
hybrid,3200.0,0.637702729781172,234683.6093905982
historical,3000.0,0.6230609729118648,204000.0
carbon_only,3200.0,0.3777160461118524,34000.0
hybrid,3000.0,0.6230609729118648,174668.4204520031
historical,3000.0,0.6087552107010857,204000.0
carbon_only,3200.0,0.35409884112069673,34000.0
hybrid,3000.0,0.6087552107010857,176389.76313381403
historical,3000.0,0.5684563629786635,204000.0
carbon_only,3200.0,0.2875699743923871,34000.0
hybrid,3000.0,0.5684563629786635,180625.17210090134
historical,3000.0,0.5027184270917161,204000.0
carbon_only,4500.0,0.23015362411636872,372000.0
hybrid,3000.0,0.5027184270917161,186060.99109609364
historical,3000.0,0.5171234540003028,204000.0
carbon_only,4500.0,0.23652203415384074,372000.0
hybrid,3000.0,0.5171234540003028,184996.47654286848
historical,3000.0,0.5511501692452688,204000.0
carbon_only,3200.0,0.2589993943005223,34000.0
hybrid,3000.0,0.5511501692452688,182210.6193078324
historical,3000.0,0.5857956295952219,204000.0
carbon_only,3200.0,0.3161951540959199,34000.0
hybrid,3000.0,0.5857956295952219,178903.82941909044
historical,3000.0,0.5926864549926172,204000.0
carbon_only,3200.0,0.32757113208092525,34000.0
hybrid,3000.0,0.5926864549926172,178179.05355306482
historical,3000.0,0.5905578299816944,204000.0
carbon_only,3200.0,0.3240570115124745,34000.0
hybrid,3000.0,0.5905578299816944,178405.54601119782
historical,3000.0,0.5554794876852193,204000.0
carbon_only,3200.0,0.26614661229295195,34000.0
hybrid,3000.0,0.5554794876852193,181825.58212900633
historical,3000.0,0.5853572033587013,204000.0
carbon_only,3200.0,0.3154713616723603,34000.0
hybrid,3000.0,0.5853572033587013,178949.12791071704
historical,3200.0,0.6416794565208698,268000.0
carbon_only,3200.0,0.4084530692455811,34000.0
hybrid,3200.0,0.6416794565208698,234103.7886977777
historical,3200.0,0.6567500768114249,268000.0
carbon_only,3200.0,0.43333296893227724,34000.0
hybrid,3200.0,0.6567500768114249,231784.50592649565
historical,3200.0,0.6710190943896012,268000.0
carbon_only,3200.0,0.45688951266626115,34000.0
hybrid,3200.0,0.6710190943896012,229392.74556861102
historical,3200.0,0.690756608144136,268000.0
carbon_only,3200.0,0.48947392875598,34000.0
hybrid,3200.0,0.690756608144136,225720.54784741445
historical,3200.0,0.6344913321618633,268000.0
carbon_only,3200.0,0.3965862841007349,34000.0
hybrid,3200.0,0.6344913321618633,235142.63410574777
historical,3000.0,0.5443632783120532,204000.0
carbon_only,4500.0,0.24856466147184447,372000.0
hybrid,3000.0,0.5443632783120532,182799.49969897827
historical,3000.0,0.47187937200664254,204000.0
carbon_only,4500.0,0.21651978995581853,372000.0
hybrid,3000.0,0.47187937200664254,188144.72171091734
historical,3000.0,0.43978063758402625,204000.0
carbon_only,4500.0,0.20232905613877264,372000.0
hybrid,3000.0,0.43978063758402625,190069.90760504795
historical,3000.0,0.4795968161462482,204000.0
carbon_only,4500.0,0.2199316439588817,372000.0
hybrid,3000.0,0.4795968161462482,187646.4383030247
historical,3000.0,0.5918376664551185,204000.0
carbon_only,3200.0,0.3261698776361153,34000.0
hybrid,3000.0,0.5918376664551185,178269.65053631802
historical,3000.0,0.6205048418488419,204000.0
carbon_only,3200.0,0.373496161116547,34000.0
hybrid,3000.0,0.6205048418488419,174985.50989338933
historical,3000.0,0.6228795346218196,204000.0
carbon_only,3200.0,0.37741651189437364,34000.0
hybrid,3000.0,0.6228795346218196,174691.06969781642
historical,3000.0,0.6056039901541502,204000.0
carbon_only,3200.0,0.3488965302942773,34000.0
hybrid,3000.0,0.6056039901541502,176752.15106682683
historical,3200.0,0.7129627209563775,268000.0
carbon_only,3000.0,0.5261337243415852,-48000.0
hybrid,3200.0,0.7129627209563775,220985.34552271361
historical,3000.0,0.6199525825750092,204000.0
carbon_only,3200.0,0.3725844431468085,34000.0
hybrid,3000.0,0.6199525825750092,175053.45763082922
historical,3000.0,0.6212386956901735,204000.0
carbon_only,3200.0,0.3747076713002698,34000.0
hybrid,3000.0,0.6212386956901735,174894.91291013613
historical,3200.0,0.6580982077434031,268000.0
carbon_only,3200.0,0.4355585815285398,34000.0
hybrid,3200.0,0.6580982077434031,231567.07316668794
historical,3200.0,0.640363616610798,268000.0
carbon_only,3200.0,0.40628076549595693,34000.0
hybrid,3200.0,0.640363616610798,234297.0622620512
historical,3000.0,0.5643772860768519,204000.0
carbon_only,3200.0,0.2808358770443837,34000.0
hybrid,3000.0,0.5643772860768519,181010.20927972745
historical,3000.0,0.561451197764403,204000.0
carbon_only,3200.0,0.2760052342251385,34000.0
hybrid,3000.0,0.561451197764403,181282.00022948708
historical,3000.0,0.5218387419343087,204000.0
carbon_only,4500.0,0.23860664581052524,372000.0
hybrid,3000.0,0.5218387419343087,184634.08860985565
historical,3000.0,0.5703496116077884,204000.0
carbon_only,3200.0,0.2906955150182179,34000.0
hybrid,3000.0,0.5703496116077884,180443.9781343949
historical,3200.0,0.6332937874814241,268000.0
carbon_only,3200.0,0.39460927247511957,34000.0
hybrid,3200.0,0.6332937874814241,235311.74847448707
historical,3000.0,0.6160412987473569,204000.0
carbon_only,3200.0,0.366127353299009,34000.0
hybrid,3000.0,0.6160412987473569,175529.09179290856
historical,3200.0,0.7094499409659393,268000.0
carbon_only,3200.0,0.520334519524627,34000.0
hybrid,3200.0,0.7094499409659393,221782.59897534183
historical,3000.0,0.5362726846615873,204000.0
carbon_only,4500.0,0.24498783942633884,372000.0
hybrid,3000.0,0.5362726846615873,183478.9770733773
historical,3000.0,0.5797975144869975,204000.0
carbon_only,3200.0,0.30629294042954514,34000.0
hybrid,3000.0,0.5797975144869975,179515.35905604958
historical,3000.0,0.561451197764403,204000.0
carbon_only,3200.0,0.2760052342251385,34000.0
hybrid,3000.0,0.561451197764403,181282.00022948708
historical,0.0,0.0,0.0
carbon_only,0.0,0.0,0.0
hybrid,0.0,0.0,0.0
historical,0.0,0.0,0.0
carbon_only,0.0,0.0,0.0
hybrid,0.0,0.0,0.0
historical,0.0,0.0,0.0
carbon_only,0.0,0.0,0.0
hybrid,0.0,0.0,0.0
historical,0.0,0.0,0.0
carbon_only,0.0,0.0,0.0
hybrid,0.0,0.0,0.0
historical,0.0,0.0,0.0
carbon_only,0.0,0.0,0.0
hybrid,0.0,0.0,0.0
historical,0.0,0.0,0.0
carbon_only,0.0,0.0,0.0
hybrid,0.0,0.0,0.0
historical,0.0,0.0,0.0
carbon_only,0.0,0.0,0.0
hybrid,0.0,0.0,0.0
historical,0.0,0.0,0.0
carbon_only,0.0,0.0,0.0
hybrid,0.0,0.0,0.0
historical,0.0,0.0,0.0
carbon_only,0.0,0.0,0.0
hybrid,0.0,0.0,0.0
historical,0.0,0.0,0.0
carbon_only,0.0,0.0,0.0
hybrid,0.0,0.0,0.0
historical,0.0,0.0,0.0
carbon_only,0.0,0.0,0.0
hybrid,0.0,0.0,0.0
historical,0.0,0.0,0.0
carbon_only,0.0,0.0,0.0
hybrid,0.0,0.0,0.0
historical,0.0,0.0,0.0
carbon_only,0.0,0.0,0.0
hybrid,0.0,0.0,0.0
historical,0.0,0.0,0.0
carbon_only,0.0,0.0,0.0
hybrid,0.0,0.0,0.0
historical,0.0,0.0,0.0
carbon_only,0.0,0.0,0.0
hybrid,0.0,0.0,0.0
historical,0.0,0.0,0.0
carbon_only,0.0,0.0,0.0
hybrid,0.0,0.0,0.0
historical,0.0,0.0,0.0
carbon_only,0.0,0.0,0.0
hybrid,0.0,0.0,0.0
historical,0.0,0.0,0.0
carbon_only,0.0,0.0,0.0
hybrid,0.0,0.0,0.0
historical,0.0,0.0,0.0
carbon_only,0.0,0.0,0.0
hybrid,0.0,0.0,0.0
historical,0.0,0.0,0.0
carbon_only,0.0,0.0,0.0
hybrid,0.0,0.0,0.0
historical,0.0,0.0,0.0
carbon_only,0.0,0.0,0.0
hybrid,0.0,0.0,0.0
historical,0.0,0.0,0.0
carbon_only,0.0,0.0,0.0
hybrid,0.0,0.0,0.0
historical,0.0,0.0,0.0
carbon_only,0.0,0.0,0.0
hybrid,0.0,0.0,0.0
historical,0.0,0.0,0.0
carbon_only,0.0,0.0,0.0
hybrid,0.0,0.0,0.0
historical,0.0,0.0,0.0
carbon_only,0.0,0.0,0.0
hybrid,0.0,0.0,0.0
historical,0.0,0.0,0.0
carbon_only,0.0,0.0,0.0
hybrid,0.0,0.0,0.0
historical,0.0,0.0,0.0
carbon_only,0.0,0.0,0.0
hybrid,0.0,0.0,0.0
historical,0.0,0.0,0.0
carbon_only,0.0,0.0,0.0
hybrid,0.0,0.0,0.0
historical,0.0,0.0,0.0
carbon_only,0.0,0.0,0.0
hybrid,0.0,0.0,0.0
historical,0.0,0.0,0.0
carbon_only,0.0,0.0,0.0
hybrid,0.0,0.0,0.0
historical,0.0,0.0,0.0
carbon_only,0.0,0.0,0.0
hybrid,0.0,0.0,0.0
historical,1100.0,0.009999998738655976,0.0
carbon_only,1100.0,0.009999998738655976,0.0
hybrid,1100.0,0.009999998738655976,-4.360427610911171
historical,1100.0,0.009999999514836985,0.0
carbon_only,1100.0,0.009999999514836985,0.0
hybrid,1100.0,0.009999999514836985,-11.336395321407373
historical,1100.0,0.009999999589937109,0.0
carbon_only,1100.0,0.009999999589937109,0.0
hybrid,1100.0,0.009999999589937109,-13.412576187626486
historical,1100.0,0.009999999622647672,0.0
carbon_only,1100.0,0.009999999622647672,0.0
hybrid,1100.0,0.009999999622647672,-14.575237472709171
historical,0.0,0.0,0.0
carbon_only,0.0,0.0,0.0
hybrid,0.0,0.0,0.0
historical,1100.0,0.00999999828004973,0.0
carbon_only,1100.0,0.00999999828004973,0.0
hybrid,1100.0,0.00999999828004973,-3.1977663258284688
historical,0.0,0.0,0.0
carbon_only,0.0,0.0,0.0
hybrid,0.0,0.0,0.0
historical,1200.0,0.009999999843250831,3000.0
carbon_only,1200.0,0.009999999843250831,3000.0
hybrid,1200.0,0.009999999843250831,2961.7222860753254
historical,1500.0,0.010936721101511705,24000.0
carbon_only,1500.0,0.010936721101511705,24000.0
hybrid,1500.0,0.010936721101511705,23936.647886414463
historical,1200.0,0.009999999825948933,3000.0
carbon_only,1200.0,0.009999999825948933,3000.0
hybrid,1200.0,0.009999999825948933,2965.52735937196
historical,0.0,0.0,0.0
carbon_only,0.0,0.0,0.0
hybrid,0.0,0.0,0.0
historical,0.0,0.0,0.0
carbon_only,0.0,0.0,0.0
hybrid,0.0,0.0,0.0
historical,0.0,0.0,0.0
carbon_only,0.0,0.0,0.0
hybrid,0.0,0.0,0.0
historical,0.0,0.0,0.0
carbon_only,0.0,0.0,0.0
hybrid,0.0,0.0,0.0
historical,1100.0,0.009999999641054564,0.0
carbon_only,1100.0,0.009999999641054564,0.0
hybrid,1100.0,0.009999999641054564,-15.322662584548048
historical,1500.0,0.010625145653196952,24000.0
carbon_only,1500.0,0.010625145653196952,24000.0
hybrid,1500.0,0.010625145653196952,23940.498258202722
historical,0.0,0.0,0.0
carbon_only,0.0,0.0,0.0
hybrid,0.0,0.0,0.0
historical,0.0,0.0,0.0
carbon_only,0.0,0.0,0.0
hybrid,0.0,0.0,0.0
historical,0.0,0.0,0.0
carbon_only,0.0,0.0,0.0
hybrid,0.0,0.0,0.0
historical,0.0,0.0,0.0
carbon_only,0.0,0.0,0.0
hybrid,0.0,0.0,0.0
historical,0.0,0.0,0.0
carbon_only,0.0,0.0,0.0
hybrid,0.0,0.0,0.0
historical,0.0,0.0,0.0
carbon_only,0.0,0.0,0.0
hybrid,0.0,0.0,0.0
historical,0.0,0.0,0.0
carbon_only,0.0,0.0,0.0
hybrid,0.0,0.0,0.0
historical,0.0,0.0,0.0
carbon_only,0.0,0.0,0.0
hybrid,0.0,0.0,0.0
historical,0.0,0.0,0.0
carbon_only,0.0,0.0,0.0
hybrid,0.0,0.0,0.0
historical,0.0,0.0,0.0
carbon_only,0.0,0.0,0.0
hybrid,0.0,0.0,0.0
historical,0.0,0.0,0.0
carbon_only,0.0,0.0,0.0
hybrid,0.0,0.0,0.0
historical,0.0,0.0,0.0
carbon_only,0.0,0.0,0.0
hybrid,0.0,0.0,0.0
historical,0.0,0.0,0.0
carbon_only,0.0,0.0,0.0
hybrid,0.0,0.0,0.0
historical,0.0,0.0,0.0
carbon_only,0.0,0.0,0.0
hybrid,0.0,0.0,0.0
historical,0.0,0.0,0.0
carbon_only,0.0,0.0,0.0
hybrid,0.0,0.0,0.0
historical,0.0,0.0,0.0
carbon_only,0.0,0.0,0.0
hybrid,0.0,0.0,0.0
historical,0.0,0.0,0.0
carbon_only,0.0,0.0,0.0
hybrid,0.0,0.0,0.0
historical,0.0,0.0,0.0
carbon_only,0.0,0.0,0.0
hybrid,0.0,0.0,0.0
historical,0.0,0.0,0.0
carbon_only,0.0,0.0,0.0
hybrid,0.0,0.0,0.0
historical,1100.0,0.009999999327677757,0.0
carbon_only,1100.0,0.009999999327677757,0.0
hybrid,1100.0,0.009999999327677757,-8.18060040475433
historical,0.0,0.0,0.0
carbon_only,0.0,0.0,0.0
hybrid,0.0,0.0,0.0
historical,0.0,0.0,0.0
carbon_only,0.0,0.0,0.0
hybrid,0.0,0.0,0.0
historical,0.0,0.0,0.0
carbon_only,0.0,0.0,0.0
hybrid,0.0,0.0,0.0
historical,1500.0,0.01010488225020066,24000.0
carbon_only,1500.0,0.01010488225020066,24000.0
hybrid,1500.0,0.01010488225020066,23946.38706211418
historical,1500.0,0.01029138497876132,24000.0
carbon_only,1500.0,0.01029138497876132,24000.0
hybrid,1500.0,0.01029138497876132,23944.348629990986
historical,1500.0,0.0117290429366021,24000.0
carbon_only,1500.0,0.0117290429366021,24000.0
hybrid,1500.0,0.0117290429366021,23925.549755965945
historical,1500.0,0.011178176098754364,24000.0
carbon_only,1500.0,0.011178176098754364,24000.0
hybrid,1500.0,0.011178176098754364,23933.4769920006
historical,1200.0,0.009999999792719087,3000.0
carbon_only,1200.0,0.009999999792719087,3000.0
hybrid,1200.0,0.009999999792719087,2971.053775350404
historical,0.0,0.0,0.0
carbon_only,0.0,0.0,0.0
hybrid,0.0,0.0,0.0
historical,1100.0,0.009999997828995072,0.0
carbon_only,1100.0,0.009999997828995072,0.0
hybrid,1100.0,0.009999997828995072,-2.5333884486383442
historical,0.0,0.0,0.0
carbon_only,0.0,0.0,0.0
hybrid,0.0,0.0,0.0
historical,0.0,0.0,0.0
carbon_only,0.0,0.0,0.0
hybrid,0.0,0.0,0.0
historical,0.0,0.0,0.0
carbon_only,0.0,0.0,0.0
hybrid,0.0,0.0,0.0
historical,0.0,0.0,0.0
carbon_only,0.0,0.0,0.0
hybrid,0.0,0.0,0.0
historical,0.0,0.0,0.0
carbon_only,0.0,0.0,0.0
hybrid,0.0,0.0,0.0
historical,0.0,0.0,0.0
carbon_only,0.0,0.0,0.0
hybrid,0.0,0.0,0.0
historical,0.0,0.0,0.0
carbon_only,0.0,0.0,0.0
hybrid,0.0,0.0,0.0
historical,0.0,0.0,0.0
carbon_only,0.0,0.0,0.0
hybrid,0.0,0.0,0.0
historical,0.0,0.0,0.0
carbon_only,0.0,0.0,0.0
hybrid,0.0,0.0,0.0
historical,1500.0,0.011326717938207652,24000.0
carbon_only,1500.0,0.011326717938207652,24000.0
hybrid,1500.0,0.011326717938207652,23931.438559877402
historical,1200.0,0.009999999829532947,3000.0
carbon_only,1200.0,0.009999999829532947,3000.0
hybrid,1200.0,0.009999999829532947,2964.8025835059343
historical,1200.0,0.009999999836679435,3000.0
carbon_only,1200.0,0.009999999836679435,3000.0
hybrid,1200.0,0.009999999836679435,2963.26243479063
historical,0.0,0.0,0.0
carbon_only,0.0,0.0,0.0
hybrid,0.0,0.0,0.0
historical,0.0,0.0,0.0
carbon_only,0.0,0.0,0.0
hybrid,0.0,0.0,0.0
historical,0.0,0.0,0.0
carbon_only,0.0,0.0,0.0
hybrid,0.0,0.0,0.0
historical,0.0,0.0,0.0
carbon_only,0.0,0.0,0.0
hybrid,0.0,0.0,0.0
historical,0.0,0.0,0.0
carbon_only,0.0,0.0,0.0
hybrid,0.0,0.0,0.0
historical,0.0,0.0,0.0
carbon_only,0.0,0.0,0.0
hybrid,0.0,0.0,0.0
historical,0.0,0.0,0.0
carbon_only,0.0,0.0,0.0
hybrid,0.0,0.0,0.0
historical,0.0,0.0,0.0
carbon_only,0.0,0.0,0.0
hybrid,0.0,0.0,0.0
historical,0.0,0.0,0.0
carbon_only,0.0,0.0,0.0
hybrid,0.0,0.0,0.0
historical,0.0,0.0,0.0
carbon_only,0.0,0.0,0.0
hybrid,0.0,0.0,0.0
historical,0.0,0.0,0.0
carbon_only,0.0,0.0,0.0
hybrid,0.0,0.0,0.0
historical,0.0,0.0,0.0
carbon_only,0.0,0.0,0.0
hybrid,0.0,0.0,0.0
historical,0.0,0.0,0.0
carbon_only,0.0,0.0,0.0
hybrid,0.0,0.0,0.0
historical,0.0,0.0,0.0
carbon_only,0.0,0.0,0.0
hybrid,0.0,0.0,0.0
historical,0.0,0.0,0.0
carbon_only,0.0,0.0,0.0
hybrid,0.0,0.0,0.0
historical,0.0,0.0,0.0
carbon_only,0.0,0.0,0.0
hybrid,0.0,0.0,0.0
historical,0.0,0.0,0.0
carbon_only,0.0,0.0,0.0
hybrid,0.0,0.0,0.0
historical,0.0,0.0,0.0
carbon_only,0.0,0.0,0.0
hybrid,0.0,0.0,0.0
historical,0.0,0.0,0.0
carbon_only,0.0,0.0,0.0
hybrid,0.0,0.0,0.0
historical,0.0,0.0,0.0
carbon_only,0.0,0.0,0.0
hybrid,0.0,0.0,0.0
historical,0.0,0.0,0.0
carbon_only,0.0,0.0,0.0
hybrid,0.0,0.0,0.0
historical,0.0,0.0,0.0
carbon_only,0.0,0.0,0.0
hybrid,0.0,0.0,0.0
historical,0.0,0.0,0.0
carbon_only,0.0,0.0,0.0
hybrid,0.0,0.0,0.0
historical,0.0,0.0,0.0
carbon_only,0.0,0.0,0.0
hybrid,0.0,0.0,0.0
historical,0.0,0.0,0.0
carbon_only,0.0,0.0,0.0
hybrid,0.0,0.0,0.0
historical,0.0,0.0,0.0
carbon_only,0.0,0.0,0.0
hybrid,0.0,0.0,0.0
historical,0.0,0.0,0.0
carbon_only,0.0,0.0,0.0
hybrid,0.0,0.0,0.0
historical,0.0,0.0,0.0
carbon_only,0.0,0.0,0.0
hybrid,0.0,0.0,0.0
historical,0.0,0.0,0.0
carbon_only,0.0,0.0,0.0
hybrid,0.0,0.0,0.0
historical,0.0,0.0,0.0
carbon_only,0.0,0.0,0.0
hybrid,0.0,0.0,0.0
historical,0.0,0.0,0.0
carbon_only,0.0,0.0,0.0
hybrid,0.0,0.0,0.0
historical,0.0,0.0,0.0
carbon_only,0.0,0.0,0.0
hybrid,0.0,0.0,0.0
historical,0.0,0.0,0.0
carbon_only,0.0,0.0,0.0
hybrid,0.0,0.0,0.0
historical,0.0,0.0,0.0
carbon_only,0.0,0.0,0.0
hybrid,0.0,0.0,0.0
historical,0.0,0.0,0.0
carbon_only,0.0,0.0,0.0
hybrid,0.0,0.0,0.0
historical,0.0,0.0,0.0
carbon_only,0.0,0.0,0.0
hybrid,0.0,0.0,0.0
historical,0.0,0.0,0.0
carbon_only,0.0,0.0,0.0
hybrid,0.0,0.0,0.0
historical,0.0,0.0,0.0
carbon_only,0.0,0.0,0.0
hybrid,0.0,0.0,0.0
historical,0.0,0.0,0.0
carbon_only,0.0,0.0,0.0
hybrid,0.0,0.0,0.0
historical,0.0,0.0,0.0
carbon_only,0.0,0.0,0.0
hybrid,0.0,0.0,0.0
historical,0.0,0.0,0.0
carbon_only,0.0,0.0,0.0
hybrid,0.0,0.0,0.0
historical,0.0,0.0,0.0
carbon_only,0.0,0.0,0.0
hybrid,0.0,0.0,0.0
historical,0.0,0.0,0.0
carbon_only,0.0,0.0,0.0
hybrid,0.0,0.0,0.0
historical,0.0,0.0,0.0
carbon_only,0.0,0.0,0.0
hybrid,0.0,0.0,0.0
historical,0.0,0.0,0.0
carbon_only,0.0,0.0,0.0
hybrid,0.0,0.0,0.0
historical,0.0,0.0,0.0
carbon_only,0.0,0.0,0.0
hybrid,0.0,0.0,0.0
historical,0.0,0.0,0.0
carbon_only,0.0,0.0,0.0
hybrid,0.0,0.0,0.0
historical,0.0,0.0,0.0
carbon_only,0.0,0.0,0.0
hybrid,0.0,0.0,0.0
historical,0.0,0.0,0.0
carbon_only,0.0,0.0,0.0
hybrid,0.0,0.0,0.0
historical,0.0,0.0,0.0
carbon_only,0.0,0.0,0.0
hybrid,0.0,0.0,0.0
historical,0.0,0.0,0.0
carbon_only,0.0,0.0,0.0
hybrid,0.0,0.0,0.0
historical,0.0,0.0,0.0
carbon_only,0.0,0.0,0.0
hybrid,0.0,0.0,0.0
historical,0.0,0.0,0.0
carbon_only,0.0,0.0,0.0
hybrid,0.0,0.0,0.0
historical,0.0,0.0,0.0
carbon_only,0.0,0.0,0.0
hybrid,0.0,0.0,0.0
historical,0.0,0.0,0.0
carbon_only,0.0,0.0,0.0
hybrid,0.0,0.0,0.0
historical,0.0,0.0,0.0
carbon_only,0.0,0.0,0.0
hybrid,0.0,0.0,0.0
historical,0.0,0.0,0.0
carbon_only,0.0,0.0,0.0
hybrid,0.0,0.0,0.0
historical,0.0,0.0,0.0
carbon_only,0.0,0.0,0.0
hybrid,0.0,0.0,0.0
historical,0.0,0.0,0.0
carbon_only,0.0,0.0,0.0
hybrid,0.0,0.0,0.0
historical,0.0,0.0,0.0
carbon_only,0.0,0.0,0.0
hybrid,0.0,0.0,0.0
historical,0.0,0.0,0.0
carbon_only,0.0,0.0,0.0
hybrid,0.0,0.0,0.0
historical,0.0,0.0,0.0
carbon_only,0.0,0.0,0.0
hybrid,0.0,0.0,0.0
historical,0.0,0.0,0.0
carbon_only,0.0,0.0,0.0
hybrid,0.0,0.0,0.0
historical,0.0,0.0,0.0
carbon_only,0.0,0.0,0.0
hybrid,0.0,0.0,0.0
historical,0.0,0.0,0.0
carbon_only,0.0,0.0,0.0
hybrid,0.0,0.0,0.0
historical,0.0,0.0,0.0
carbon_only,0.0,0.0,0.0
hybrid,0.0,0.0,0.0
historical,0.0,0.0,0.0
carbon_only,0.0,0.0,0.0
hybrid,0.0,0.0,0.0
historical,0.0,0.0,0.0
carbon_only,0.0,0.0,0.0
hybrid,0.0,0.0,0.0
historical,0.0,0.0,0.0
carbon_only,0.0,0.0,0.0
hybrid,0.0,0.0,0.0
historical,0.0,0.0,0.0
carbon_only,0.0,0.0,0.0
hybrid,0.0,0.0,0.0
historical,0.0,0.0,0.0
carbon_only,0.0,0.0,0.0
hybrid,0.0,0.0,0.0
historical,0.0,0.0,0.0
carbon_only,0.0,0.0,0.0
hybrid,0.0,0.0,0.0
historical,0.0,0.0,0.0
carbon_only,0.0,0.0,0.0
hybrid,0.0,0.0,0.0
historical,0.0,0.0,0.0
carbon_only,0.0,0.0,0.0
hybrid,0.0,0.0,0.0
historical,0.0,0.0,0.0
carbon_only,0.0,0.0,0.0
hybrid,0.0,0.0,0.0
historical,0.0,0.0,0.0
carbon_only,0.0,0.0,0.0
hybrid,0.0,0.0,0.0
historical,0.0,0.0,0.0
carbon_only,0.0,0.0,0.0
hybrid,0.0,0.0,0.0
historical,0.0,0.0,0.0
carbon_only,0.0,0.0,0.0
hybrid,0.0,0.0,0.0
historical,0.0,0.0,0.0
carbon_only,0.0,0.0,0.0
hybrid,0.0,0.0,0.0
historical,0.0,0.0,0.0
carbon_only,0.0,0.0,0.0
hybrid,0.0,0.0,0.0
historical,0.0,0.0,0.0
carbon_only,0.0,0.0,0.0
hybrid,0.0,0.0,0.0
historical,0.0,0.0,0.0
carbon_only,0.0,0.0,0.0
hybrid,0.0,0.0,0.0
historical,0.0,0.0,0.0
carbon_only,0.0,0.0,0.0
hybrid,0.0,0.0,0.0
historical,0.0,0.0,0.0
carbon_only,0.0,0.0,0.0
hybrid,0.0,0.0,0.0
historical,0.0,0.0,0.0
carbon_only,0.0,0.0,0.0
hybrid,0.0,0.0,0.0
historical,0.0,0.0,0.0
carbon_only,0.0,0.0,0.0
hybrid,0.0,0.0,0.0
historical,0.0,0.0,0.0
carbon_only,0.0,0.0,0.0
hybrid,0.0,0.0,0.0
historical,0.0,0.0,0.0
carbon_only,0.0,0.0,0.0
hybrid,0.0,0.0,0.0
historical,0.0,0.0,0.0
carbon_only,0.0,0.0,0.0
hybrid,0.0,0.0,0.0
historical,0.0,0.0,0.0
carbon_only,0.0,0.0,0.0
hybrid,0.0,0.0,0.0
historical,1100.0,0.00999999962478558,0.0
carbon_only,1100.0,0.00999999962478558,0.0
hybrid,1100.0,0.00999999962478558,-14.658284707357955
historical,1100.0,0.009999999654174915,0.0
carbon_only,1100.0,0.009999999654174915,0.0
hybrid,1100.0,0.009999999654174915,-15.903993227089419
historical,1200.0,0.00999999971637756,3000.0
carbon_only,1200.0,0.00999999971637756,3000.0
hybrid,1200.0,0.00999999971637756,2978.8451159101787
historical,1100.0,0.009999999122879001,0.0
carbon_only,1100.0,0.009999999122879001,0.0
hybrid,1100.0,0.009999999122879001,-6.270514007832739
historical,1100.0,0.009999999637121032,0.0
carbon_only,1100.0,0.009999999637121032,0.0
hybrid,1100.0,0.009999999637121032,-15.156568115250533
historical,1200.0,0.009999999842129874,3000.0
carbon_only,1200.0,0.009999999842129874,3000.0
hybrid,1200.0,0.009999999842129874,2961.994077025085
historical,1200.0,0.009999999761347451,3000.0
carbon_only,1200.0,0.009999999761347451,3000.0
hybrid,1200.0,0.009999999761347451,2974.8588486470385
historical,1200.0,0.009999999849313865,3000.0
carbon_only,1200.0,0.009999999849313865,3000.0
hybrid,1200.0,0.009999999849313865,2960.1821373600214
historical,1500.0,0.01027101036170763,24000.0
carbon_only,1500.0,0.01027101036170763,24000.0
hybrid,1500.0,0.01027101036170763,23944.575122449118
historical,1500.0,0.010431652363479616,24000.0
carbon_only,1500.0,0.010431652363479616,24000.0
hybrid,1500.0,0.010431652363479616,23942.763182784052
historical,1500.0,0.010146943904661882,24000.0
carbon_only,1500.0,0.010146943904661882,24000.0
hybrid,1500.0,0.010146943904661882,23945.934077197915
historical,1500.0,0.012840343731978666,24000.0
carbon_only,1500.0,0.012840343731978666,24000.0
hybrid,1500.0,0.012840343731978666,23905.844912108372
historical,1500.0,0.011342914380080827,24000.0
carbon_only,1500.0,0.011342914380080827,24000.0
hybrid,1500.0,0.011342914380080827,23931.21206741927
historical,1500.0,0.012970616926699829,24000.0
carbon_only,1500.0,0.012970616926699829,24000.0
hybrid,1500.0,0.012970616926699829,23903.127002610774
historical,1500.0,0.013116735076940939,24000.0
carbon_only,1500.0,0.013116735076940939,24000.0
hybrid,1500.0,0.013116735076940939,23899.956108196915
historical,1500.0,0.013756387368443593,24000.0
carbon_only,1500.0,0.013756387368443593,24000.0
hybrid,1500.0,0.013756387368443593,23884.328128585734
historical,1500.0,0.010829146239724695,24000.0
carbon_only,1500.0,0.010829146239724695,24000.0
hybrid,1500.0,0.010829146239724695,23938.00684116326
historical,1500.0,0.01329590760236059,24000.0
carbon_only,1500.0,0.01329590760236059,24000.0
hybrid,1500.0,0.01329590760236059,23895.87924395052
historical,1500.0,0.013839358369620032,24000.0
carbon_only,1500.0,0.013839358369620032,24000.0
hybrid,1500.0,0.013839358369620032,23882.063204004404
historical,3000.0,0.02976524481166384,204000.0
carbon_only,4700.0,0.02106274130161993,408000.0
hybrid,3000.0,0.02976524481166384,203455.61188070898
historical,1500.0,0.013315241532307833,24000.0
carbon_only,1500.0,0.013315241532307833,24000.0
hybrid,1500.0,0.013315241532307833,23895.42625903425
historical,1200.0,0.00999999979464725,3000.0
carbon_only,1200.0,0.00999999979464725,3000.0
hybrid,1200.0,0.00999999979464725,2970.781984400645
historical,1100.0,0.009999999604625455,0.0
carbon_only,1100.0,0.009999999604625455,0.0
hybrid,1100.0,0.009999999604625455,-13.910859595519065
historical,1100.0,0.009999999613846728,0.0
carbon_only,1100.0,0.009999999613846728,0.0
hybrid,1100.0,0.009999999613846728,-14.24304853411413
historical,1100.0,0.00999999961158197,0.0
carbon_only,1100.0,0.00999999961158197,0.0
hybrid,1100.0,0.00999999961158197,-14.160001299465344
historical,0.0,0.0,0.0
carbon_only,0.0,0.0,0.0
hybrid,0.0,0.0,0.0
historical,1100.0,0.009999999341056585,0.0
carbon_only,1100.0,0.009999999341056585,0.0
hybrid,1100.0,0.009999999341056585,-8.346694874051845
historical,1100.0,0.00999999957683651,0.0
carbon_only,1100.0,0.00999999957683651,0.0
hybrid,1100.0,0.00999999957683651,-12.997340014382665
historical,1100.0,0.009999999372284532,0.0
carbon_only,1100.0,0.009999999372284532,0.0
hybrid,1100.0,0.009999999372284532,-8.76193104729567
historical,0.0,0.0,0.0
carbon_only,0.0,0.0,0.0
hybrid,0.0,0.0,0.0
historical,0.0,0.0,0.0
carbon_only,0.0,0.0,0.0
hybrid,0.0,0.0,0.0
historical,0.0,0.0,0.0
carbon_only,0.0,0.0,0.0
hybrid,0.0,0.0,0.0
historical,0.0,0.0,0.0
carbon_only,0.0,0.0,0.0
hybrid,0.0,0.0,0.0
historical,1100.0,0.009999989819629133,0.0
carbon_only,1100.0,0.009999989819629133,0.0
hybrid,1100.0,0.009999989819629133,-0.5402548170680228
historical,1100.0,0.009999991176035549,0.0
carbon_only,1100.0,0.009999991176035549,0.0
hybrid,1100.0,0.009999991176035549,-0.6233020517167756
historical,0.0,0.0,0.0
carbon_only,0.0,0.0,0.0
hybrid,0.0,0.0,0.0
historical,0.0,0.0,0.0
carbon_only,0.0,0.0,0.0
hybrid,0.0,0.0,0.0
historical,0.0,0.0,0.0
carbon_only,0.0,0.0,0.0
hybrid,0.0,0.0,0.0
historical,0.0,0.0,0.0
carbon_only,0.0,0.0,0.0
hybrid,0.0,0.0,0.0
historical,0.0,0.0,0.0
carbon_only,0.0,0.0,0.0
hybrid,0.0,0.0,0.0
historical,0.0,0.0,0.0
carbon_only,0.0,0.0,0.0
hybrid,0.0,0.0,0.0
historical,0.0,0.0,0.0
carbon_only,0.0,0.0,0.0
hybrid,0.0,0.0,0.0
historical,0.0,0.0,0.0
carbon_only,0.0,0.0,0.0
hybrid,0.0,0.0,0.0
historical,0.0,0.0,0.0
carbon_only,0.0,0.0,0.0
hybrid,0.0,0.0,0.0
historical,0.0,0.0,0.0
carbon_only,0.0,0.0,0.0
hybrid,0.0,0.0,0.0
historical,0.0,0.0,0.0
carbon_only,0.0,0.0,0.0
hybrid,0.0,0.0,0.0
historical,0.0,0.0,0.0
carbon_only,0.0,0.0,0.0
hybrid,0.0,0.0,0.0
historical,0.0,0.0,0.0
carbon_only,0.0,0.0,0.0
hybrid,0.0,0.0,0.0
historical,0.0,0.0,0.0
carbon_only,0.0,0.0,0.0
hybrid,0.0,0.0,0.0
historical,0.0,0.0,0.0
carbon_only,0.0,0.0,0.0
hybrid,0.0,0.0,0.0
historical,0.0,0.0,0.0
carbon_only,0.0,0.0,0.0
hybrid,0.0,0.0,0.0
historical,0.0,0.0,0.0
carbon_only,0.0,0.0,0.0
hybrid,0.0,0.0,0.0
historical,0.0,0.0,0.0
carbon_only,0.0,0.0,0.0
hybrid,0.0,0.0,0.0
historical,0.0,0.0,0.0
carbon_only,0.0,0.0,0.0
hybrid,0.0,0.0,0.0
historical,0.0,0.0,0.0
carbon_only,0.0,0.0,0.0
hybrid,0.0,0.0,0.0
historical,0.0,0.0,0.0
carbon_only,0.0,0.0,0.0
hybrid,0.0,0.0,0.0
historical,1100.0,0.009999996216745922,0.0
carbon_only,1100.0,0.009999996216745922,0.0
hybrid,1100.0,0.009999996216745922,-1.4537743982044256
historical,1100.0,0.009999998738655976,0.0
carbon_only,1100.0,0.009999998738655976,0.0
hybrid,1100.0,0.009999998738655976,-4.360427610911171
historical,1100.0,0.009999999594953003,0.0
carbon_only,1100.0,0.009999999594953003,0.0
hybrid,1100.0,0.009999999594953003,-13.578670656924004
historical,1200.0,0.009999999669697817,3000.0
carbon_only,1200.0,0.009999999669697817,3000.0
hybrid,1200.0,0.009999999669697817,2981.8348163575342
historical,1500.0,0.013002447835947197,24000.0
carbon_only,1500.0,0.013002447835947197,24000.0
hybrid,1500.0,0.013002447835947197,23902.447525236377
historical,1200.0,0.009999999756073467,3000.0
carbon_only,1200.0,0.009999999756073467,3000.0
hybrid,1200.0,0.009999999756073467,2975.4024305465573
historical,1100.0,0.009999999635121758,0.0
carbon_only,1100.0,0.009999999635121758,0.0
hybrid,1100.0,0.009999999635121758,-15.07352088060177
historical,1200.0,0.009999999817809115,3000.0
carbon_only,1200.0,0.009999999817809115,3000.0
hybrid,1200.0,0.009999999817809115,2967.067508087264
historical,1100.0,0.009999999657749234,0.0
carbon_only,1100.0,0.009999999657749234,0.0
hybrid,1100.0,0.009999999657749234,-16.070087696386935
historical,1200.0,0.00999999984616367,3000.0
carbon_only,1200.0,0.00999999984616367,3000.0
hybrid,1200.0,0.00999999984616367,2960.9975102093
historical,1100.0,0.009999993032657199,0.0
carbon_only,1100.0,0.009999993032657199,0.0
hybrid,1100.0,0.009999993032657199,-0.7893965210143016
historical,1100.0,0.009999999484633553,0.0
carbon_only,1100.0,0.009999999484633553,0.0
hybrid,1100.0,0.009999999484633553,-10.672017444217252
historical,1100.0,0.009999999606971816,0.0
carbon_only,1100.0,0.009999999606971816,0.0
hybrid,1100.0,0.009999999606971816,-13.99390683016783
historical,1200.0,0.009999999836275683,3000.0
carbon_only,1200.0,0.009999999836275683,3000.0
hybrid,1200.0,0.009999999836275683,2963.3530317738832
historical,1500.0,0.011093433232260074,24000.0
carbon_only,1500.0,0.011093433232260074,24000.0
hybrid,1500.0,0.011093433232260074,23934.609454291265
historical,1500.0,0.0117290429366021,24000.0
carbon_only,1500.0,0.0117290429366021,24000.0
hybrid,1500.0,0.0117290429366021,23925.549755965945
historical,1200.0,0.009999999787395754,3000.0
carbon_only,1200.0,0.009999999787395754,3000.0
hybrid,1200.0,0.009999999787395754,2971.7785512164296
historical,1500.0,0.010810968329666536,24000.0
carbon_only,1500.0,0.010810968329666536,24000.0
hybrid,1500.0,0.010810968329666536,23938.233333621392
historical,1200.0,0.009999999852993172,3000.0
carbon_only,1200.0,0.009999999852993172,3000.0
hybrid,1200.0,0.009999999852993172,2959.1855705442363
historical,1500.0,0.011342914380080827,24000.0
carbon_only,1500.0,0.011342914380080827,24000.0
hybrid,1500.0,0.011342914380080827,23931.21206741927
historical,1200.0,0.00999999968538873,3000.0
carbon_only,1200.0,0.00999999968538873,3000.0
hybrid,1200.0,0.00999999968538873,2980.928846525002
historical,1100.0,0.00999999919729652,0.0
carbon_only,1100.0,0.00999999919729652,0.0
hybrid,1100.0,0.00999999919729652,-6.851844650374101
historical,1500.0,0.011684535975322674,24000.0
carbon_only,1500.0,0.011684535975322674,24000.0
hybrid,1500.0,0.011684535975322674,23926.229233340342
historical,1200.0,0.009999999766398203,3000.0
carbon_only,1200.0,0.009999999766398203,3000.0
hybrid,1200.0,0.009999999766398203,2974.315266747519
historical,1500.0,0.01327646151126139,24000.0
carbon_only,1500.0,0.01327646151126139,24000.0
hybrid,1500.0,0.01327646151126139,23896.332228866784
historical,1500.0,0.013315241532307833,24000.0
carbon_only,1500.0,0.013315241532307833,24000.0
hybrid,1500.0,0.013315241532307833,23895.42625903425
historical,3000.0,0.17049727413903304,204000.0
carbon_only,4700.0,0.08327985994011276,408000.0
hybrid,3000.0,0.17049727413903304,200352.6652042867
historical,3000.0,0.3225541327493084,204000.0
carbon_only,4700.0,0.15050364444154307,408000.0
hybrid,3000.0,0.3225541327493084,195551.02509186685
historical,3000.0,0.3794325128387035,204000.0
carbon_only,4500.0,0.17564936953980942,372000.0
hybrid,3000.0,0.3794325128387035,193150.20503565692
historical,1200.0,0.009999999701012386,3000.0
carbon_only,1200.0,0.009999999701012386,3000.0
hybrid,1200.0,0.009999999701012386,2979.932279709217
historical,1100.0,0.009999999251713776,0.0
carbon_only,1100.0,0.009999999251713776,0.0
hybrid,1100.0,0.009999999251713776,-7.350128058266679
historical,0.0,0.0,0.0
carbon_only,0.0,0.0,0.0
hybrid,0.0,0.0,0.0
historical,1500.0,0.012516746268670446,24000.0
carbon_only,1500.0,0.012516746268670446,24000.0
hybrid,1500.0,0.012516746268670446,23912.186700936098
historical,1200.0,0.009999999840610084,3000.0
carbon_only,1200.0,0.009999999840610084,3000.0
hybrid,1200.0,0.009999999840610084,2962.356464958098
historical,1100.0,0.009999999602250911,0.0
carbon_only,1100.0,0.009999999602250911,0.0
hybrid,1100.0,0.009999999602250911,-13.827812360870306
historical,1100.0,0.009999998923226706,0.0
carbon_only,1100.0,0.009999998923226706,0.0
hybrid,1100.0,0.009999998923226706,-5.107852722750057
historical,0.0,0.0,0.0
carbon_only,0.0,0.0,0.0
hybrid,0.0,0.0,0.0
historical,0.0,0.0,0.0
carbon_only,0.0,0.0,0.0
hybrid,0.0,0.0,0.0
historical,3000.0,0.20419958707747318,204000.0
carbon_only,4700.0,0.0981795299903815,408000.0
hybrid,3000.0,0.20419958707747318,199446.69537175464
historical,3000.0,0.19931989762027882,204000.0
carbon_only,4700.0,0.09602223701785545,408000.0
hybrid,3000.0,0.19931989762027882,199582.59084663447
historical,3000.0,0.20339044010784196,204000.0
carbon_only,4700.0,0.0978218090561625,408000.0
hybrid,3000.0,0.20339044010784196,199469.34461756796
historical,3000.0,0.22390726803681235,204000.0
carbon_only,4700.0,0.10689222410981684,408000.0
hybrid,3000.0,0.22390726803681235,198880.46422642213
historical,3000.0,0.19603338898318032,204000.0
carbon_only,4700.0,0.09456928349506401,408000.0
hybrid,3000.0,0.19603338898318032,199673.18782988767
historical,3000.0,0.13285542738126502,204000.0
carbon_only,4700.0,0.06663853630757875,408000.0
hybrid,3000.0,0.13285542738126502,201281.28428263206
historical,3000.0,0.035735880556461666,204000.0
carbon_only,4700.0,0.023702337662567657,408000.0
hybrid,3000.0,0.035735880556461666,203342.36565164247
historical,1500.0,0.01392811616760703,24000.0
carbon_only,1500.0,0.01392811616760703,24000.0
hybrid,1500.0,0.01392811616760703,23879.57178696494
historical,1500.0,0.013822941054990262,24000.0
carbon_only,1500.0,0.013822941054990262,24000.0
hybrid,1500.0,0.013822941054990262,23882.516188920672
historical,1500.0,0.012658944648874019,24000.0
carbon_only,1500.0,0.012658944648874019,24000.0
hybrid,1500.0,0.012658944648874019,23909.4687914385
historical,1500.0,0.012122559798659121,24000.0
carbon_only,1500.0,0.012122559798659121,24000.0
hybrid,1500.0,0.012122559798659121,23919.20796713822
historical,1500.0,0.012068651381595987,24000.0
carbon_only,1500.0,0.012068651381595987,24000.0
hybrid,1500.0,0.012068651381595987,23920.113936970753
historical,1500.0,0.012480331727542935,24000.0
carbon_only,1500.0,0.012480331727542935,24000.0
hybrid,1500.0,0.012480331727542935,23912.866178310494
historical,1500.0,0.011684535975322674,24000.0
carbon_only,1500.0,0.011684535975322674,24000.0
hybrid,1500.0,0.011684535975322674,23926.229233340342
historical,1500.0,0.01153265685147508,24000.0
carbon_only,1500.0,0.01153265685147508,24000.0
hybrid,1500.0,0.01153265685147508,23928.494157921672
historical,1500.0,0.012468114664477175,24000.0
carbon_only,1500.0,0.012468114664477175,24000.0
hybrid,1500.0,0.012468114664477175,23913.092670768627
historical,1500.0,0.012728036349432075,24000.0
carbon_only,1500.0,0.012728036349432075,24000.0
hybrid,1500.0,0.012728036349432075,23908.109836689702
historical,1500.0,0.012959942172798259,24000.0
carbon_only,1500.0,0.012959942172798259,24000.0
hybrid,1500.0,0.012959942172798259,23903.35349506891
historical,1500.0,0.012927722493867266,24000.0
carbon_only,1500.0,0.012927722493867266,24000.0
hybrid,1500.0,0.012927722493867266,23904.032972443307
historical,1500.0,0.012267098684233459,24000.0
carbon_only,1500.0,0.012267098684233459,24000.0
hybrid,1500.0,0.012267098684233459,23916.716550098758
historical,1500.0,0.012406429007377817,24000.0
carbon_only,1500.0,0.012406429007377817,24000.0
hybrid,1500.0,0.012406429007377817,23914.22513305929
historical,1500.0,0.01307561059945607,24000.0
carbon_only,1500.0,0.01307561059945607,24000.0
hybrid,1500.0,0.01307561059945607,23900.862078029444
historical,1500.0,0.011831062581847525,24000.0
carbon_only,1500.0,0.011831062581847525,24000.0
hybrid,1500.0,0.011831062581847525,23923.964308759012
historical,1500.0,0.012068651381595987,24000.0
carbon_only,1500.0,0.012068651381595987,24000.0
hybrid,1500.0,0.012068651381595987,23920.113936970753
historical,1500.0,0.011845431728451487,24000.0
carbon_only,1500.0,0.011845431728451487,24000.0
hybrid,1500.0,0.011845431728451487,23923.73781630088
historical,1500.0,0.012455857839147034,24000.0
carbon_only,1500.0,0.012455857839147034,24000.0
hybrid,1500.0,0.012455857839147034,23913.319163226763
historical,1500.0,0.012492509221519595,24000.0
carbon_only,1500.0,0.012492509221519595,24000.0
hybrid,1500.0,0.012492509221519595,23912.639685852362
historical,1500.0,0.012576659711754083,24000.0
carbon_only,1500.0,0.012576659711754083,24000.0
hybrid,1500.0,0.012576659711754083,23911.054238645433
historical,1500.0,0.012516746268670446,24000.0
carbon_only,1500.0,0.012516746268670446,24000.0
hybrid,1500.0,0.012516746268670446,23912.186700936098
historical,1100.0,0.009999999378178274,0.0
carbon_only,1100.0,0.009999999378178274,0.0
hybrid,1100.0,0.009999999378178274,-8.844978281944455
historical,1100.0,0.009999999060676602,0.0
carbon_only,1100.0,0.009999999060676602,0.0
hybrid,1100.0,0.009999999060676602,-5.855277834588915
historical,1100.0,0.009999992213490091,0.0
carbon_only,1100.0,0.009999992213490091,0.0
hybrid,1100.0,0.009999992213490091,-0.7063492863655385
historical,1100.0,0.009999999353913339,0.0
carbon_only,1100.0,0.009999999353913339,0.0
hybrid,1100.0,0.009999999353913339,-8.512789343349391
historical,1100.0,0.009999999476485813,0.0
carbon_only,1100.0,0.009999999476485813,0.0
hybrid,1100.0,0.009999999476485813,-10.505922974919736
historical,1100.0,0.00999999908658704,0.0
carbon_only,1100.0,0.00999999908658704,0.0
hybrid,1100.0,0.00999999908658704,-6.021372303886461
historical,1200.0,0.009999999816292984,3000.0
carbon_only,1200.0,0.009999999816292984,3000.0
hybrid,1200.0,0.009999999816292984,2967.3392990370235
historical,1200.0,0.009999999828206372,3000.0
carbon_only,1200.0,0.009999999828206372,3000.0
hybrid,1200.0,0.009999999828206372,2965.0743744556935
historical,1200.0,0.009999999711434367,3000.0
carbon_only,1200.0,0.009999999711434367,3000.0
hybrid,1200.0,0.009999999711434367,2979.2075038431917
historical,1200.0,0.009999999776640253,3000.0
carbon_only,1200.0,0.009999999776640253,3000.0
hybrid,1200.0,0.009999999776640253,2973.137505965228
historical,1200.0,0.009999999749618075,3000.0
carbon_only,1200.0,0.009999999749618075,3000.0
hybrid,1200.0,0.009999999749618075,2976.03660942933
historical,1100.0,0.009999999661250425,0.0
carbon_only,1100.0,0.009999999661250425,0.0
hybrid,1100.0,0.009999999661250425,-16.23618216568445
historical,1200.0,0.009999999808317409,3000.0
carbon_only,1200.0,0.009999999808317409,3000.0
hybrid,1200.0,0.009999999808317409,2968.698253785821
historical,1100.0,0.009999999538502582,0.0
carbon_only,1100.0,0.009999999538502582,0.0
hybrid,1100.0,0.009999999538502582,-11.917725963948714
historical,1100.0,0.009999998441906842,0.0
carbon_only,1100.0,0.009999998441906842,0.0
hybrid,1100.0,0.009999998441906842,-3.5299552644235304
historical,0.0,0.0,0.0
carbon_only,0.0,0.0,0.0
hybrid,0.0,0.0,0.0
historical,0.0,0.0,0.0
carbon_only,0.0,0.0,0.0
hybrid,0.0,0.0,0.0
historical,0.0,0.0,0.0
carbon_only,0.0,0.0,0.0
hybrid,0.0,0.0,0.0
historical,1200.0,0.009999999837480998,3000.0
carbon_only,1200.0,0.009999999837480998,3000.0
hybrid,1200.0,0.009999999837480998,2963.0812408241236
historical,1500.0,0.011127525001612045,24000.0
carbon_only,1500.0,0.011127525001612045,24000.0
hybrid,1500.0,0.011127525001612045,23934.156469374997
historical,1500.0,0.013896138073214066,24000.0
carbon_only,1500.0,0.013896138073214066,24000.0
hybrid,1500.0,0.013896138073214066,23880.477756797474
historical,3000.0,0.01636598559090004,204000.0
carbon_only,4700.0,0.015138977503210383,408000.0
hybrid,3000.0,0.01636598559090004,203704.7535846553
historical,3000.0,0.09687040104790488,204000.0
carbon_only,4700.0,0.05072968696253102,408000.0
hybrid,3000.0,0.09687040104790488,202096.6571319109
historical,3000.0,0.1280299440066832,204000.0
carbon_only,4700.0,0.0645052076471496,408000.0
hybrid,3000.0,0.1280299440066832,201394.53051169857
historical,3000.0,0.262620402903539,204000.0
carbon_only,4700.0,0.12400716032144642,408000.0
hybrid,3000.0,0.262620402903539,197680.05419831717
historical,3000.0,0.27624397647693805,204000.0
carbon_only,4700.0,0.13003009267982718,408000.0
hybrid,3000.0,0.27624397647693805,197227.06928205115
historical,1200.0,0.009999999784630217,3000.0
carbon_only,1200.0,0.009999999784630217,3000.0
hybrid,1200.0,0.009999999784630217,2972.1409391494426
historical,1200.0,0.009999999770446685,3000.0
carbon_only,1200.0,0.009999999770446685,3000.0
hybrid,1200.0,0.009999999770446685,2973.8622818312533
historical,1500.0,0.011758450501697269,24000.0
carbon_only,1500.0,0.011758450501697269,24000.0
hybrid,1500.0,0.011758450501697269,23925.096771049677
historical,1500.0,0.011639547428528792,24000.0
carbon_only,1500.0,0.011639547428528792,24000.0
hybrid,1500.0,0.011639547428528792,23926.908710714742
historical,1500.0,0.010883250997224984,24000.0
carbon_only,1500.0,0.010883250997224984,24000.0
hybrid,1500.0,0.010883250997224984,23937.32736378886
historical,1500.0,0.012215156912867692,24000.0
carbon_only,1500.0,0.012215156912867692,24000.0
hybrid,1500.0,0.012215156912867692,23917.622519931287
historical,1200.0,0.009999999705007671,3000.0
carbon_only,1200.0,0.009999999705007671,3000.0
hybrid,1200.0,0.009999999705007671,2979.6604887594576
historical,1200.0,0.009999999706315809,3000.0
carbon_only,1200.0,0.009999999706315809,3000.0
hybrid,1200.0,0.009999999706315809,2979.5698917762043
historical,1200.0,0.009999999739780096,3000.0
carbon_only,1200.0,0.009999999739780096,3000.0
hybrid,1200.0,0.009999999739780096,2976.9425792618617
historical,1200.0,0.009999999804929846,3000.0
carbon_only,1200.0,0.009999999804929846,3000.0
hybrid,1200.0,0.009999999804929846,2969.2418356853404
historical,1500.0,0.012682120632431295,24000.0
carbon_only,1500.0,0.012682120632431295,24000.0
hybrid,1500.0,0.012682120632431295,23909.015806522235
historical,1500.0,0.013217440425235013,24000.0
carbon_only,1500.0,0.013217440425235013,24000.0
hybrid,1500.0,0.013217440425235013,23897.691183615585
historical,1200.0,0.009999999798397923,3000.0
carbon_only,1200.0,0.009999999798397923,3000.0
hybrid,1200.0,0.009999999798397923,2970.2384025011256
historical,1200.0,0.009999999825029257,3000.0
carbon_only,1200.0,0.009999999825029257,3000.0
hybrid,1200.0,0.009999999825029257,2965.708553338466
historical,1500.0,0.013822941054990262,24000.0
carbon_only,1500.0,0.013822941054990262,24000.0
hybrid,1500.0,0.013822941054990262,23882.516188920672
historical,3000.0,0.1122209518832976,204000.0
carbon_only,4700.0,0.05751610969129149,408000.0
hybrid,3000.0,0.1122209518832976,201756.9184447114
historical,3000.0,0.3924261165654263,204000.0
carbon_only,4500.0,0.18139379451876375,372000.0
hybrid,3000.0,0.3924261165654263,192538.6753986978
historical,3000.0,0.4142305492313317,204000.0
carbon_only,4500.0,0.191033454946483,372000.0
hybrid,3000.0,0.4142305492313317,191451.51159965934
historical,1200.0,0.009999999743806625,3000.0
carbon_only,1200.0,0.009999999743806625,3000.0
hybrid,1200.0,0.009999999743806625,2976.5801913288487
historical,1200.0,0.009999999849996465,3000.0
carbon_only,1200.0,0.009999999849996465,3000.0
hybrid,1200.0,0.009999999849996465,2960.000943393515
historical,3000.0,0.31425286594319357,204000.0
carbon_only,4700.0,0.1468336845596714,408000.0
hybrid,3000.0,0.31425286594319357,195868.11453325307
historical,3000.0,0.2549065332661818,204000.0
carbon_only,4700.0,0.12059688659283482,408000.0
hybrid,3000.0,0.2549065332661818,197929.19590226348
historical,3000.0,0.3570239379849147,204000.0
carbon_only,4500.0,0.16574262004673873,372000.0
hybrid,3000.0,0.3570239379849147,194146.77185144217
historical,1100.0,0.00999999959984767,0.0
carbon_only,1100.0,0.00999999959984767,0.0
hybrid,1100.0,0.00999999959984767,-13.744765126221521
historical,3000.0,0.041633481483939076,204000.0
carbon_only,4700.0,0.026309645596242052,408000.0
hybrid,3000.0,0.041633481483939076,203229.11942257595
historical,1100.0,0.009999999568566504,0.0
carbon_only,1100.0,0.009999999568566504,0.0
hybrid,1100.0,0.009999999568566504,-12.748198310436365
historical,1200.0,0.009999999705007671,3000.0
carbon_only,1200.0,0.009999999705007671,3000.0
hybrid,1200.0,0.009999999705007671,2979.6604887594576
historical,1200.0,0.009999999846520181,3000.0
carbon_only,1200.0,0.009999999846520181,3000.0
hybrid,1200.0,0.009999999846520181,2960.906913226047
historical,3200.0,0.704852812444107,268000.0
carbon_only,3200.0,0.5127451771973097,34000.0
hybrid,3200.0,0.704852812444107,222797.2851877777
historical,3200.0,0.7440900143085034,268000.0
carbon_only,3000.0,0.5775213859764948,-48000.0
hybrid,3200.0,0.7440900143085034,212964.49260536322
historical,3200.0,0.7379266138415933,268000.0
carbon_only,3000.0,0.5673463047662172,-48000.0
hybrid,3200.0,0.7379266138415933,214703.95468382473
historical,3200.0,0.7314590049685396,268000.0
carbon_only,3000.0,0.5566690096800149,-48000.0
hybrid,3200.0,0.7314590049685396,216443.41676228627
historical,3200.0,0.6981436435574062,268000.0
carbon_only,3200.0,0.50166909368754,34000.0
hybrid,3200.0,0.6981436435574062,224222.6777242948
historical,3200.0,0.7094499409659393,268000.0
carbon_only,3200.0,0.520334519524627,34000.0
hybrid,3200.0,0.7094499409659393,221782.59897534183
historical,4500.0,0.7453733547052888,879000.0
carbon_only,3000.0,0.5885419639481285,-48000.0
hybrid,4500.0,0.7453733547052888,799396.3322210652
historical,3200.0,0.7389743816168335,268000.0
carbon_only,3000.0,0.5690760515609967,-48000.0
hybrid,3200.0,0.7389743816168335,214414.0443374145
historical,4500.0,0.7433205343858811,879000.0
carbon_only,3000.0,0.5914015631758031,-48000.0
hybrid,4500.0,0.7433205343858811,799059.9909207376
historical,4500.0,0.7347741750459118,879000.0
carbon_only,3000.0,0.6033067271772272,-48000.0
hybrid,4500.0,0.7347741750459118,797607.6080329597
historical,4500.0,0.744436703844209,879000.0
carbon_only,3000.0,0.5898467279616284,-48000.0
hybrid,4500.0,0.744436703844209,799243.4498118254
historical,4500.0,0.7352115482647755,879000.0
carbon_only,3000.0,0.602697461910782,-48000.0
hybrid,4500.0,0.7352115482647755,797684.0492375796
historical,4500.0,0.7141930029442217,879000.0
carbon_only,3000.0,0.6319765056718253,-48000.0
hybrid,4500.0,0.7141930029442217,793724.3948382692
historical,4500.0,0.7187816714647309,879000.0
carbon_only,3000.0,0.6255844445482837,-48000.0
hybrid,4500.0,0.7187816714647309,794641.689293708
historical,4500.0,0.7066707254892912,879000.0
carbon_only,3000.0,0.6424551133692974,-48000.0
hybrid,4500.0,0.7066707254892912,792149.7060230995
historical,4500.0,0.705049130122762,879000.0
carbon_only,3000.0,0.6447140119265103,-48000.0
hybrid,4500.0,0.705049130122762,791798.0764818479
historical,4500.0,0.7100493855811096,879000.0
carbon_only,3000.0,0.6377486060837857,-48000.0
hybrid,4500.0,0.7100493855811096,792868.2533465264
historical,4700.0,0.6918300376551617,989000.0
carbon_only,3000.0,0.6631283398896194,-48000.0
hybrid,4700.0,0.6918300376551617,894744.8594952197
historical,4700.0,0.6798360644592851,989000.0
carbon_only,3000.0,0.6798360644592851,-48000.0
hybrid,4700.0,0.6798360644592851,891545.5
historical,4700.0,0.6798360644592851,989000.0
carbon_only,3000.0,0.6798360644592851,-48000.0
hybrid,4700.0,0.6798360644592851,891545.5
historical,4700.0,0.6798360644592851,989000.0
carbon_only,3000.0,0.6798360644592851,-48000.0
hybrid,4700.0,0.6798360644592851,891545.5
historical,4700.0,0.6798360644592851,989000.0
carbon_only,3000.0,0.6798360644592851,-48000.0
hybrid,4700.0,0.6798360644592851,891545.5
historical,4700.0,0.6808282135417887,989000.0
carbon_only,3000.0,0.6784539908685076,-48000.0
hybrid,4700.0,0.6808282135417887,891822.7670466166
historical,4700.0,0.6798360644592851,989000.0
carbon_only,3000.0,0.6798360644592851,-48000.0
hybrid,4700.0,0.6798360644592851,891545.5
historical,4700.0,0.6804272220217528,989000.0
carbon_only,3000.0,0.6790125760647655,-48000.0
hybrid,4700.0,0.6804272220217528,891710.993018528
historical,4700.0,0.6798360644592851,989000.0
carbon_only,3000.0,0.6798360644592851,-48000.0
hybrid,4700.0,0.6798360644592851,891545.5
historical,4700.0,0.687378615264887,989000.0
carbon_only,3000.0,0.6693292157816483,-48000.0
hybrid,4700.0,0.687378615264887,893595.1837777365
historical,4700.0,0.6798360644592851,989000.0
carbon_only,3000.0,0.6798360644592851,-48000.0
hybrid,4700.0,0.6798360644592851,891545.5
historical,4500.0,0.7081694262106409,879000.0
carbon_only,3000.0,0.6403674082814388,-48000.0
hybrid,4500.0,0.7081694262106409,792470.759082503
historical,4700.0,0.7020033585710217,989000.0
carbon_only,3000.0,0.6489568021476938,-48000.0
hybrid,4700.0,0.7020033585710217,897219.8558314681
historical,4500.0,0.7062457159519754,879000.0
carbon_only,3000.0,0.6430471559037426,-48000.0
hybrid,4500.0,0.7062457159519754,792057.9765775555
historical,4700.0,0.6972390894356244,989000.0
carbon_only,3000.0,0.6555934766833132,-48000.0
hybrid,4700.0,0.6972390894356244,896086.1478322834
historical,4700.0,0.6884760363898877,989000.0
carbon_only,3000.0,0.6678004971832319,-48000.0
hybrid,4700.0,0.6884760363898877,893882.6027071073
historical,4700.0,0.6897692551846119,989000.0
carbon_only,3000.0,0.6659990304734351,-48000.0
hybrid,4700.0,0.6897692551846119,894217.9247913732
historical,4500.0,0.7220897483416286,879000.0
carbon_only,3000.0,0.620976260386801,-48000.0
hybrid,4500.0,0.7220897483416286,795283.795412515
historical,3200.0,0.7144274608867627,268000.0
carbon_only,3000.0,0.5285518452836887,-48000.0
hybrid,3200.0,0.7144274608867627,220647.116785235
historical,3200.0,0.7140104914013142,268000.0
carbon_only,3000.0,0.5278634755437336,-48000.0
hybrid,3200.0,0.7140104914013142,220743.75356737172
historical,3200.0,0.7121189606487552,268000.0
carbon_only,3000.0,0.5247407709389695,-48000.0
hybrid,3200.0,0.7121189606487552,221178.61908698714
historical,3200.0,0.7051859976798255,268000.0
carbon_only,3200.0,0.5132952285609526,34000.0
hybrid,3200.0,0.7051859976798255,222724.80760117515
historical,3200.0,0.6980272990870493,268000.0
carbon_only,3200.0,0.5014770220477685,34000.0
hybrid,3200.0,0.6980272990870493,224246.836919829
historical,3200.0,0.6604689188495775,268000.0
carbon_only,3200.0,0.4394723590221391,34000.0
hybrid,3200.0,0.6604689188495775,231180.52603814096
historical,3200.0,0.7170062217883475,268000.0
carbon_only,3000.0,0.5328090895981522,-48000.0
hybrid,3200.0,0.7170062217883475,220043.13689688029
historical,3200.0,0.7309979912393338,268000.0
carbon_only,3000.0,0.5559079278455787,-48000.0
hybrid,3200.0,0.7309979912393338,216564.2127399572
historical,3200.0,0.6745719435548465,268000.0
carbon_only,3200.0,0.46275486718578707,34000.0
hybrid,3200.0,0.6745719435548465,228764.60648472214
historical,3200.0,0.6787090144653477,268000.0
carbon_only,3200.0,0.46958470612178116,34000.0
hybrid,3200.0,0.6787090144653477,228015.6714231623
historical,3200.0,0.6622254885804347,268000.0
carbon_only,3200.0,0.44237225815394876,34000.0
hybrid,3200.0,0.6622254885804347,230890.6156917307
historical,3200.0,0.7276313810741057,268000.0
carbon_only,3000.0,0.5503500329759442,-48000.0
hybrid,3200.0,0.7276313810741057,217433.94377918798
historical,3200.0,0.6984921396851429,268000.0
carbon_only,3200.0,0.5022444216124778,34000.0
hybrid,3200.0,0.6984921396851429,224150.20013769224
historical,3200.0,0.6922144407239678,268000.0
carbon_only,3200.0,0.491880646438924,34000.0
hybrid,3200.0,0.6922144407239678,225430.6375010042
historical,3200.0,0.7112702251658752,268000.0
carbon_only,3200.0,0.5233396040813698,34000.0
hybrid,3200.0,0.7112702251658752,221371.8926512606
historical,3200.0,0.6852909806146238,268000.0
carbon_only,3200.0,0.48045079221366205,34000.0
hybrid,3200.0,0.6852909806146238,226783.55245091874
historical,3200.0,0.6835111718233274,268000.0
carbon_only,3200.0,0.47751252800587063,34000.0
hybrid,3200.0,0.6835111718233274,227121.78118839735
historical,3200.0,0.6805430874096866,268000.0
carbon_only,3200.0,0.47261255434524374,34000.0
hybrid,3200.0,0.6805430874096866,227677.4426856837
historical,3200.0,0.7070599284791418,268000.0
carbon_only,3200.0,0.5163888776217027,34000.0
hybrid,3200.0,0.7070599284791418,222314.10127709396
historical,3200.0,0.7185312436816961,268000.0
carbon_only,3000.0,0.5353267292835144,-48000.0
hybrid,3200.0,0.7185312436816961,219680.74896386746
historical,3200.0,0.7239850933044383,268000.0
carbon_only,3000.0,0.5443304218259635,-48000.0
hybrid,3200.0,0.7239850933044383,218351.99320948712
historical,3200.0,0.7441735766055055,268000.0
carbon_only,3000.0,0.5776593379338079,-48000.0
hybrid,3200.0,0.7441735766055055,212940.33340982904
historical,4500.0,0.7411133919153683,879000.0
carbon_only,3000.0,0.5944761347027778,-48000.0
hybrid,4500.0,0.7411133919153683,798693.0731385621
historical,4500.0,0.7375077203838915,879000.0
carbon_only,3000.0,0.5994988711932436,-48000.0
hybrid,4500.0,0.7375077203838915,798081.5435016031
historical,4500.0,0.7338166599133341,879000.0
carbon_only,3000.0,0.6046405553295109,-48000.0
hybrid,4500.0,0.7338166599133341,797439.437382796
historical,4500.0,0.7320064427271609,879000.0
carbon_only,3000.0,0.6071622059672042,-48000.0
hybrid,4500.0,0.7320064427271609,797118.3843233924
historical,4500.0,0.7297126751204686,879000.0
carbon_only,3000.0,0.6103574471748978,-48000.0
hybrid,4500.0,0.7297126751204686,796705.601818445
historical,4500.0,0.7146448072989425,879000.0
carbon_only,3000.0,0.6313471376888582,-48000.0
hybrid,4500.0,0.7146448072989425,793816.124283813
historical,4700.0,0.6906392214606135,989000.0
carbon_only,3000.0,0.6647871587536175,-48000.0
hybrid,4700.0,0.6906392214606135,894441.4728475505
historical,4700.0,0.6798360644592851,989000.0
carbon_only,3000.0,0.6798360644592851,-48000.0
hybrid,4700.0,0.6798360644592851,891545.5
historical,4700.0,0.6921453717237238,989000.0
carbon_only,3000.0,0.6626890763796109,-48000.0
hybrid,4700.0,0.6921453717237238,894824.6980867116
historical,4700.0,0.6798360644592851,989000.0
carbon_only,3000.0,0.6798360644592851,-48000.0
hybrid,4700.0,0.6798360644592851,891545.5
historical,3200.0,0.7325590172579441,268000.0
carbon_only,3000.0,0.558485006293749,-48000.0
hybrid,3200.0,0.7325590172579441,216153.506415876
historical,4500.0,0.7468844547907898,879000.0
carbon_only,3000.0,0.5864369864220466,-48000.0
hybrid,4500.0,0.7468844547907898,799640.9440758489
historical,4500.0,0.7392092115851252,879000.0
carbon_only,3000.0,0.5971286769395416,-48000.0
hybrid,4500.0,0.7392092115851252,798372.0200791586
historical,4500.0,0.7275388542215109,879000.0
carbon_only,3000.0,0.6133856014195691,-48000.0
hybrid,4500.0,0.7275388542215109,796308.1075544215
historical,4500.0,0.7184708069258805,879000.0
carbon_only,3000.0,0.6260174819587204,-48000.0
hybrid,4500.0,0.7184708069258805,794580.536330012
historical,4500.0,0.7135181814929994,879000.0
carbon_only,3000.0,0.6329165386997965,-48000.0
hybrid,4500.0,0.7135181814929994,793586.8006699535
historical,3200.0,0.746491365747115,268000.0
carbon_only,3000.0,0.5814857472140084,-48000.0
hybrid,3200.0,0.746491365747115,212263.87593487176
historical,4500.0,0.7247466346714732,879000.0
carbon_only,3000.0,0.6172751911675356,-48000.0
hybrid,4500.0,0.7247466346714732,795788.3073630063
historical,4500.0,0.7175425128265899,879000.0
carbon_only,3000.0,0.6273106049195024,-48000.0
hybrid,4500.0,0.7175425128265899,794397.0774389242
historical,4700.0,0.6813458293702318,989000.0
carbon_only,3000.0,0.6777329468447055,-48000.0
hybrid,4700.0,0.6813458293702318,891966.476511302
historical,4700.0,0.6812882018902815,989000.0
carbon_only,3000.0,0.6778132225003978,-48000.0
hybrid,4700.0,0.6812882018902815,891950.5087930036
historical,4700.0,0.6929691020352214,989000.0
carbon_only,3000.0,0.661541611820584,-48000.0
hybrid,4700.0,0.6929691020352214,895032.2784245905
historical,3200.0,0.7342823916409276,268000.0
carbon_only,3000.0,0.5613301036384231,-48000.0
hybrid,3200.0,0.7342823916409276,215694.48170072646
historical,3200.0,0.7285749740396845,268000.0
carbon_only,3000.0,0.551907798872507,-48000.0
hybrid,3200.0,0.7285749740396845,217192.3518238461
historical,4500.0,0.717928520756244,879000.0
carbon_only,3000.0,0.6267728920144423,-48000.0
hybrid,4500.0,0.717928520756244,794473.5186435442
historical,4500.0,0.7115879202454888,879000.0
carbon_only,3000.0,0.6356054119150537,-48000.0
hybrid,4500.0,0.7115879202454888,793189.30640593
historical,4700.0,0.7000353804441438,989000.0
carbon_only,3000.0,0.651698215352978,-48000.0
hybrid,4700.0,0.7000353804441438,896756.7920008152
historical,4700.0,0.6856914488430015,989000.0
carbon_only,3000.0,0.6716794554745087,-48000.0
hybrid,4700.0,0.6856914488430015,893148.087665382
historical,4700.0,0.6798360644592851,989000.0
carbon_only,3000.0,0.6798360644592851,-48000.0
hybrid,4700.0,0.6798360644592851,891545.5
historical,3200.0,0.74095936376483,268000.0
carbon_only,3000.0,0.5723530339127441,-48000.0
hybrid,3200.0,0.74095936376483,213858.38284012818
historical,3200.0,0.7279151471184981,268000.0
carbon_only,3000.0,0.5508184988109833,-48000.0
hybrid,3200.0,0.7279151471184981,217361.46619258542
historical,3200.0,0.7290443230267005,268000.0
carbon_only,3000.0,0.5526826412804421,-48000.0
hybrid,3200.0,0.7290443230267005,217071.55584617518
historical,0.0,0.0,0.0
carbon_only,0.0,0.0,0.0
hybrid,0.0,0.0,0.0
historical,0.0,0.0,0.0
carbon_only,0.0,0.0,0.0
hybrid,0.0,0.0,0.0
historical,0.0,0.0,0.0
carbon_only,0.0,0.0,0.0
hybrid,0.0,0.0,0.0
historical,0.0,0.0,0.0
carbon_only,0.0,0.0,0.0
hybrid,0.0,0.0,0.0
historical,0.0,0.0,0.0
carbon_only,0.0,0.0,0.0
hybrid,0.0,0.0,0.0
historical,0.0,0.0,0.0
carbon_only,0.0,0.0,0.0
hybrid,0.0,0.0,0.0
historical,0.0,0.0,0.0
carbon_only,0.0,0.0,0.0
hybrid,0.0,0.0,0.0
historical,0.0,0.0,0.0
carbon_only,0.0,0.0,0.0
hybrid,0.0,0.0,0.0
historical,0.0,0.0,0.0
carbon_only,0.0,0.0,0.0
hybrid,0.0,0.0,0.0
historical,0.0,0.0,0.0
carbon_only,0.0,0.0,0.0
hybrid,0.0,0.0,0.0
historical,0.0,0.0,0.0
carbon_only,0.0,0.0,0.0
hybrid,0.0,0.0,0.0
historical,0.0,0.0,0.0
carbon_only,0.0,0.0,0.0
hybrid,0.0,0.0,0.0
historical,0.0,0.0,0.0
carbon_only,0.0,0.0,0.0
hybrid,0.0,0.0,0.0
historical,0.0,0.0,0.0
carbon_only,0.0,0.0,0.0
hybrid,0.0,0.0,0.0
historical,0.0,0.0,0.0
carbon_only,0.0,0.0,0.0
hybrid,0.0,0.0,0.0
historical,0.0,0.0,0.0
carbon_only,0.0,0.0,0.0
hybrid,0.0,0.0,0.0
historical,0.0,0.0,0.0
carbon_only,0.0,0.0,0.0
hybrid,0.0,0.0,0.0
historical,0.0,0.0,0.0
carbon_only,0.0,0.0,0.0
hybrid,0.0,0.0,0.0
historical,0.0,0.0,0.0
carbon_only,0.0,0.0,0.0
hybrid,0.0,0.0,0.0
historical,0.0,0.0,0.0
carbon_only,0.0,0.0,0.0
hybrid,0.0,0.0,0.0
historical,0.0,0.0,0.0
carbon_only,0.0,0.0,0.0
hybrid,0.0,0.0,0.0
historical,0.0,0.0,0.0
carbon_only,0.0,0.0,0.0
hybrid,0.0,0.0,0.0
historical,0.0,0.0,0.0
carbon_only,0.0,0.0,0.0
hybrid,0.0,0.0,0.0
historical,0.0,0.0,0.0
carbon_only,0.0,0.0,0.0
hybrid,0.0,0.0,0.0
historical,0.0,0.0,0.0
carbon_only,0.0,0.0,0.0
hybrid,0.0,0.0,0.0
historical,0.0,0.0,0.0
carbon_only,0.0,0.0,0.0
hybrid,0.0,0.0,0.0
historical,0.0,0.0,0.0
carbon_only,0.0,0.0,0.0
hybrid,0.0,0.0,0.0
historical,0.0,0.0,0.0
carbon_only,0.0,0.0,0.0
hybrid,0.0,0.0,0.0
historical,0.0,0.0,0.0
carbon_only,0.0,0.0,0.0
hybrid,0.0,0.0,0.0
historical,0.0,0.0,0.0
carbon_only,0.0,0.0,0.0
hybrid,0.0,0.0,0.0
historical,0.0,0.0,0.0
carbon_only,0.0,0.0,0.0
hybrid,0.0,0.0,0.0
historical,0.0,0.0,0.0
carbon_only,0.0,0.0,0.0
hybrid,0.0,0.0,0.0
historical,0.0,0.0,0.0
carbon_only,0.0,0.0,0.0
hybrid,0.0,0.0,0.0
historical,0.0,0.0,0.0
carbon_only,0.0,0.0,0.0
hybrid,0.0,0.0,0.0
historical,0.0,0.0,0.0
carbon_only,0.0,0.0,0.0
hybrid,0.0,0.0,0.0
historical,0.0,0.0,0.0
carbon_only,0.0,0.0,0.0
hybrid,0.0,0.0,0.0
historical,0.0,0.0,0.0
carbon_only,0.0,0.0,0.0
hybrid,0.0,0.0,0.0
historical,0.0,0.0,0.0
carbon_only,0.0,0.0,0.0
hybrid,0.0,0.0,0.0
historical,0.0,0.0,0.0
carbon_only,0.0,0.0,0.0
hybrid,0.0,0.0,0.0
historical,0.0,0.0,0.0
carbon_only,0.0,0.0,0.0
hybrid,0.0,0.0,0.0
historical,0.0,0.0,0.0
carbon_only,0.0,0.0,0.0
hybrid,0.0,0.0,0.0
historical,0.0,0.0,0.0
carbon_only,0.0,0.0,0.0
hybrid,0.0,0.0,0.0
historical,0.0,0.0,0.0
carbon_only,0.0,0.0,0.0
hybrid,0.0,0.0,0.0
historical,0.0,0.0,0.0
carbon_only,0.0,0.0,0.0
hybrid,0.0,0.0,0.0
historical,0.0,0.0,0.0
carbon_only,0.0,0.0,0.0
hybrid,0.0,0.0,0.0
historical,0.0,0.0,0.0
carbon_only,0.0,0.0,0.0
hybrid,0.0,0.0,0.0
historical,0.0,0.0,0.0
carbon_only,0.0,0.0,0.0
hybrid,0.0,0.0,0.0
historical,0.0,0.0,0.0
carbon_only,0.0,0.0,0.0
hybrid,0.0,0.0,0.0
historical,0.0,0.0,0.0
carbon_only,0.0,0.0,0.0
hybrid,0.0,0.0,0.0
historical,0.0,0.0,0.0
carbon_only,0.0,0.0,0.0
hybrid,0.0,0.0,0.0
historical,0.0,0.0,0.0
carbon_only,0.0,0.0,0.0
hybrid,0.0,0.0,0.0
historical,0.0,0.0,0.0
carbon_only,0.0,0.0,0.0
hybrid,0.0,0.0,0.0
historical,0.0,0.0,0.0
carbon_only,0.0,0.0,0.0
hybrid,0.0,0.0,0.0
historical,0.0,0.0,0.0
carbon_only,0.0,0.0,0.0
hybrid,0.0,0.0,0.0
historical,0.0,0.0,0.0
carbon_only,0.0,0.0,0.0
hybrid,0.0,0.0,0.0
historical,0.0,0.0,0.0
carbon_only,0.0,0.0,0.0
hybrid,0.0,0.0,0.0
historical,0.0,0.0,0.0
carbon_only,0.0,0.0,0.0
hybrid,0.0,0.0,0.0
historical,0.0,0.0,0.0
carbon_only,0.0,0.0,0.0
hybrid,0.0,0.0,0.0
historical,0.0,0.0,0.0
carbon_only,0.0,0.0,0.0
hybrid,0.0,0.0,0.0
historical,0.0,0.0,0.0
carbon_only,0.0,0.0,0.0
hybrid,0.0,0.0,0.0
historical,0.0,0.0,0.0
carbon_only,0.0,0.0,0.0
hybrid,0.0,0.0,0.0
historical,0.0,0.0,0.0
carbon_only,0.0,0.0,0.0
hybrid,0.0,0.0,0.0
historical,0.0,0.0,0.0
carbon_only,0.0,0.0,0.0
hybrid,0.0,0.0,0.0
historical,0.0,0.0,0.0
carbon_only,0.0,0.0,0.0
hybrid,0.0,0.0,0.0
historical,0.0,0.0,0.0
carbon_only,0.0,0.0,0.0
hybrid,0.0,0.0,0.0
historical,0.0,0.0,0.0
carbon_only,0.0,0.0,0.0
hybrid,0.0,0.0,0.0
historical,0.0,0.0,0.0
carbon_only,0.0,0.0,0.0
hybrid,0.0,0.0,0.0
historical,0.0,0.0,0.0
carbon_only,0.0,0.0,0.0
hybrid,0.0,0.0,0.0
historical,0.0,0.0,0.0
carbon_only,0.0,0.0,0.0
hybrid,0.0,0.0,0.0
historical,0.0,0.0,0.0
carbon_only,0.0,0.0,0.0
hybrid,0.0,0.0,0.0
historical,0.0,0.0,0.0
carbon_only,0.0,0.0,0.0
hybrid,0.0,0.0,0.0
historical,0.0,0.0,0.0
carbon_only,0.0,0.0,0.0
hybrid,0.0,0.0,0.0
historical,0.0,0.0,0.0
carbon_only,0.0,0.0,0.0
hybrid,0.0,0.0,0.0
historical,0.0,0.0,0.0
carbon_only,0.0,0.0,0.0
hybrid,0.0,0.0,0.0
historical,0.0,0.0,0.0
carbon_only,0.0,0.0,0.0
hybrid,0.0,0.0,0.0
historical,0.0,0.0,0.0
carbon_only,0.0,0.0,0.0
hybrid,0.0,0.0,0.0
historical,0.0,0.0,0.0
carbon_only,0.0,0.0,0.0
hybrid,0.0,0.0,0.0
historical,0.0,0.0,0.0
carbon_only,0.0,0.0,0.0
hybrid,0.0,0.0,0.0
historical,0.0,0.0,0.0
carbon_only,0.0,0.0,0.0
hybrid,0.0,0.0,0.0
historical,0.0,0.0,0.0
carbon_only,0.0,0.0,0.0
hybrid,0.0,0.0,0.0
historical,0.0,0.0,0.0
carbon_only,0.0,0.0,0.0
hybrid,0.0,0.0,0.0
historical,0.0,0.0,0.0
carbon_only,0.0,0.0,0.0
hybrid,0.0,0.0,0.0
historical,0.0,0.0,0.0
carbon_only,0.0,0.0,0.0
hybrid,0.0,0.0,0.0
historical,0.0,0.0,0.0
carbon_only,0.0,0.0,0.0
hybrid,0.0,0.0,0.0
historical,0.0,0.0,0.0
carbon_only,0.0,0.0,0.0
hybrid,0.0,0.0,0.0
historical,0.0,0.0,0.0
carbon_only,0.0,0.0,0.0
hybrid,0.0,0.0,0.0
historical,0.0,0.0,0.0
carbon_only,0.0,0.0,0.0
hybrid,0.0,0.0,0.0
historical,0.0,0.0,0.0
carbon_only,0.0,0.0,0.0
hybrid,0.0,0.0,0.0
historical,0.0,0.0,0.0
carbon_only,0.0,0.0,0.0
hybrid,0.0,0.0,0.0
historical,0.0,0.0,0.0
carbon_only,0.0,0.0,0.0
hybrid,0.0,0.0,0.0
historical,0.0,0.0,0.0
carbon_only,0.0,0.0,0.0
hybrid,0.0,0.0,0.0
historical,0.0,0.0,0.0
carbon_only,0.0,0.0,0.0
hybrid,0.0,0.0,0.0
historical,0.0,0.0,0.0
carbon_only,0.0,0.0,0.0
hybrid,0.0,0.0,0.0
historical,0.0,0.0,0.0
carbon_only,0.0,0.0,0.0
hybrid,0.0,0.0,0.0
historical,0.0,0.0,0.0
carbon_only,0.0,0.0,0.0
hybrid,0.0,0.0,0.0
historical,0.0,0.0,0.0
carbon_only,0.0,0.0,0.0
hybrid,0.0,0.0,0.0
historical,0.0,0.0,0.0
carbon_only,0.0,0.0,0.0
hybrid,0.0,0.0,0.0
historical,0.0,0.0,0.0
carbon_only,0.0,0.0,0.0
hybrid,0.0,0.0,0.0
historical,0.0,0.0,0.0
carbon_only,0.0,0.0,0.0
hybrid,0.0,0.0,0.0
historical,0.0,0.0,0.0
carbon_only,0.0,0.0,0.0
hybrid,0.0,0.0,0.0
historical,0.0,0.0,0.0
carbon_only,0.0,0.0,0.0
hybrid,0.0,0.0,0.0
historical,0.0,0.0,0.0
carbon_only,0.0,0.0,0.0
hybrid,0.0,0.0,0.0
historical,0.0,0.0,0.0
carbon_only,0.0,0.0,0.0
hybrid,0.0,0.0,0.0
historical,0.0,0.0,0.0
carbon_only,0.0,0.0,0.0
hybrid,0.0,0.0,0.0
historical,0.0,0.0,0.0
carbon_only,0.0,0.0,0.0
hybrid,0.0,0.0,0.0
historical,0.0,0.0,0.0
carbon_only,0.0,0.0,0.0
hybrid,0.0,0.0,0.0
historical,0.0,0.0,0.0
carbon_only,0.0,0.0,0.0
hybrid,0.0,0.0,0.0
historical,0.0,0.0,0.0
carbon_only,0.0,0.0,0.0
hybrid,0.0,0.0,0.0
historical,0.0,0.0,0.0
carbon_only,0.0,0.0,0.0
hybrid,0.0,0.0,0.0
historical,0.0,0.0,0.0
carbon_only,0.0,0.0,0.0
hybrid,0.0,0.0,0.0
historical,0.0,0.0,0.0
carbon_only,0.0,0.0,0.0
hybrid,0.0,0.0,0.0
historical,1100.0,0.009999998511925007,0.0
carbon_only,1100.0,0.009999998511925007,0.0
hybrid,1100.0,0.009999998511925007,-3.696049733721046
historical,0.0,0.0,0.0
carbon_only,0.0,0.0,0.0
hybrid,0.0,0.0,0.0
historical,0.0,0.0,0.0
carbon_only,0.0,0.0,0.0
hybrid,0.0,0.0,0.0
historical,0.0,0.0,0.0
carbon_only,0.0,0.0,0.0
hybrid,0.0,0.0,0.0
historical,0.0,0.0,0.0
carbon_only,0.0,0.0,0.0
hybrid,0.0,0.0,0.0
historical,0.0,0.0,0.0
carbon_only,0.0,0.0,0.0
hybrid,0.0,0.0,0.0
historical,1100.0,0.009999993032657199,0.0
carbon_only,1100.0,0.009999993032657199,0.0
hybrid,1100.0,0.009999993032657199,-0.7893965210143016
historical,1100.0,0.009999997676672702,0.0
carbon_only,1100.0,0.009999997676672702,0.0
hybrid,1100.0,0.009999997676672702,-2.367293979340829
historical,1100.0,0.009999998988978435,0.0
carbon_only,1100.0,0.009999998988978435,0.0
hybrid,1100.0,0.009999998988978435,-5.440041661345091
historical,1100.0,0.009999999641054564,0.0
carbon_only,1100.0,0.009999999641054564,0.0
hybrid,1100.0,0.009999999641054564,-15.322662584548048
historical,1200.0,0.009999999724632499,3000.0
carbon_only,1200.0,0.009999999724632499,3000.0
hybrid,1200.0,0.009999999724632499,2978.2109370274065
historical,1200.0,0.009999999782508385,3000.0
carbon_only,1200.0,0.009999999782508385,3000.0
hybrid,1200.0,0.009999999782508385,2972.4127300992022
historical,1200.0,0.009999999792068295,3000.0
carbon_only,1200.0,0.009999999792068295,3000.0
hybrid,1200.0,0.009999999792068295,2971.1443723336574
historical,1200.0,0.009999999772809113,3000.0
carbon_only,1200.0,0.009999999772809113,3000.0
hybrid,1200.0,0.009999999772809113,2973.5904908814937
historical,1500.0,0.013863821364754798,24000.0
carbon_only,1500.0,0.013863821364754798,24000.0
hybrid,1500.0,0.013863821364754798,23881.383726630007
historical,1500.0,0.012149240131199777,24000.0
carbon_only,1500.0,0.012149240131199777,24000.0
hybrid,1500.0,0.012149240131199777,23918.75498222195
historical,3000.0,0.26676102548553393,204000.0
carbon_only,4700.0,0.12583771451477743,408000.0
hybrid,3000.0,0.26676102548553393,197544.15872343734
historical,3000.0,0.2867856601052026,204000.0
carbon_only,4700.0,0.134690532695394,408000.0
hybrid,3000.0,0.2867856601052026,196864.68134903832
historical,3000.0,0.06785869069927739,204000.0
carbon_only,4700.0,0.037903715268004255,408000.0
hybrid,3000.0,0.06785869069927739,202708.18676887004
historical,1100.0,0.009999999554040651,0.0
carbon_only,1100.0,0.009999999554040651,0.0
hybrid,1100.0,0.009999999554040651,-12.33296213719254
historical,1500.0,0.012254178330743945,24000.0
carbon_only,1500.0,0.012254178330743945,24000.0
hybrid,1500.0,0.012254178330743945,23916.94304255689
historical,1500.0,0.013207502687616652,24000.0
carbon_only,1500.0,0.013207502687616652,24000.0
hybrid,1500.0,0.013207502687616652,23897.917676073717
historical,1500.0,0.013756387368443593,24000.0
carbon_only,1500.0,0.013756387368443593,24000.0
hybrid,1500.0,0.013756387368443593,23884.328128585734
historical,3000.0,0.2215940383223537,204000.0
carbon_only,4700.0,0.10586955366108929,408000.0
hybrid,3000.0,0.2215940383223537,198948.41196386202
historical,3000.0,0.2404598135937777,204000.0
carbon_only,4700.0,0.11421004433602235,408000.0
hybrid,3000.0,0.2404598135937777,198382.1808185295
historical,0.0,0.0,0.0
carbon_only,0.0,0.0,0.0
hybrid,0.0,0.0,0.0
historical,1200.0,0.009999999813183747,3000.0
carbon_only,1200.0,0.009999999813183747,3000.0
hybrid,1200.0,0.009999999813183747,2967.8828809365427
historical,1200.0,0.009999999833392524,3000.0
carbon_only,1200.0,0.009999999833392524,3000.0
hybrid,1200.0,0.009999999833392524,2963.9872106566554
historical,1200.0,0.009999999772809113,3000.0
carbon_only,1200.0,0.009999999772809113,3000.0
hybrid,1200.0,0.009999999772809113,2973.5904908814937
historical,1100.0,0.009999997897904053,0.0
carbon_only,1100.0,0.009999997897904053,0.0
hybrid,1100.0,0.009999997897904053,-2.6164356832871274
historical,0.0,0.0,0.0
carbon_only,0.0,0.0,0.0
hybrid,0.0,0.0,0.0
historical,0.0,0.0,0.0
carbon_only,0.0,0.0,0.0
hybrid,0.0,0.0,0.0
historical,0.0,0.0,0.0
carbon_only,0.0,0.0,0.0
hybrid,0.0,0.0,0.0
historical,0.0,0.0,0.0
carbon_only,0.0,0.0,0.0
hybrid,0.0,0.0,0.0
historical,0.0,0.0,0.0
carbon_only,0.0,0.0,0.0
hybrid,0.0,0.0,0.0
historical,0.0,0.0,0.0
carbon_only,0.0,0.0,0.0
hybrid,0.0,0.0,0.0
historical,0.0,0.0,0.0
carbon_only,0.0,0.0,0.0
hybrid,0.0,0.0,0.0
historical,0.0,0.0,0.0
carbon_only,0.0,0.0,0.0
hybrid,0.0,0.0,0.0
historical,0.0,0.0,0.0
carbon_only,0.0,0.0,0.0
hybrid,0.0,0.0,0.0
historical,0.0,0.0,0.0
carbon_only,0.0,0.0,0.0
hybrid,0.0,0.0,0.0
historical,0.0,0.0,0.0
carbon_only,0.0,0.0,0.0
hybrid,0.0,0.0,0.0
historical,0.0,0.0,0.0
carbon_only,0.0,0.0,0.0
hybrid,0.0,0.0,0.0
historical,1100.0,0.009999996770247098,0.0
carbon_only,1100.0,0.009999996770247098,0.0
hybrid,1100.0,0.009999996770247098,-1.7029161021507044
historical,0.0,0.0,0.0
carbon_only,0.0,0.0,0.0
hybrid,0.0,0.0,0.0
historical,1100.0,0.009999998662219222,0.0
carbon_only,1100.0,0.009999998662219222,0.0
hybrid,1100.0,0.009999998662219222,-4.111285906964872
historical,0.0,0.0,0.0
carbon_only,0.0,0.0,0.0
hybrid,0.0,0.0,0.0
historical,0.0,0.0,0.0
carbon_only,0.0,0.0,0.0
hybrid,0.0,0.0,0.0
historical,1100.0,0.009999999544845956,0.0
carbon_only,1100.0,0.009999999544845956,0.0
hybrid,1100.0,0.009999999544845956,-12.08382043324624
historical,3000.0,0.34574841695787917,204000.0
carbon_only,4500.0,0.160757753184498,372000.0
hybrid,3000.0,0.34574841695787917,194622.4060135215
historical,3000.0,0.33008449240778026,204000.0
carbon_only,4700.0,0.15383278907550413,408000.0
hybrid,3000.0,0.33008449240778026,195256.58489629393
historical,3000.0,0.3543746870514725,204000.0
carbon_only,4500.0,0.16457139583845498,372000.0
hybrid,3000.0,0.3543746870514725,194260.0180805087
historical,3000.0,0.43165271348637674,204000.0
carbon_only,4500.0,0.1987357304382544,372000.0
hybrid,3000.0,0.43165271348637674,190522.89252131397
historical,3000.0,0.35062884621582757,204000.0
carbon_only,4500.0,0.16291537322024843,372000.0
hybrid,3000.0,0.35062884621582757,194418.56280120177
historical,1200.0,0.009999999735624977,3000.0
carbon_only,1200.0,0.009999999735624977,3000.0
hybrid,1200.0,0.009999999735624977,2977.3049671948743
historical,0.0,0.0,0.0
carbon_only,0.0,0.0,0.0
hybrid,0.0,0.0,0.0
historical,0.0,0.0,0.0
carbon_only,0.0,0.0,0.0
hybrid,0.0,0.0,0.0
historical,0.0,0.0,0.0
carbon_only,0.0,0.0,0.0
hybrid,0.0,0.0,0.0
historical,0.0,0.0,0.0
carbon_only,0.0,0.0,0.0
hybrid,0.0,0.0,0.0
historical,0.0,0.0,0.0
carbon_only,0.0,0.0,0.0
hybrid,0.0,0.0,0.0
historical,0.0,0.0,0.0
carbon_only,0.0,0.0,0.0
hybrid,0.0,0.0,0.0
historical,0.0,0.0,0.0
carbon_only,0.0,0.0,0.0
hybrid,0.0,0.0,0.0
historical,0.0,0.0,0.0
carbon_only,0.0,0.0,0.0
hybrid,0.0,0.0,0.0
historical,0.0,0.0,0.0
carbon_only,0.0,0.0,0.0
hybrid,0.0,0.0,0.0
historical,0.0,0.0,0.0
carbon_only,0.0,0.0,0.0
hybrid,0.0,0.0,0.0
historical,3000.0,0.3910093159424089,204000.0
carbon_only,4500.0,0.18076743211305785,372000.0
hybrid,3000.0,0.3910093159424089,192606.6231361377
historical,3000.0,0.31425286594319357,204000.0
carbon_only,4700.0,0.1468336845596714,408000.0
hybrid,3000.0,0.31425286594319357,195868.11453325307
historical,3000.0,0.08527161182335942,204000.0
carbon_only,4700.0,0.04560190440517345,408000.0
hybrid,3000.0,0.08527161182335942,202345.79883585722
historical,1500.0,0.011714260314158153,24000.0
carbon_only,1500.0,0.011714260314158153,24000.0
hybrid,1500.0,0.011714260314158153,23925.776248424077
historical,1100.0,0.009999998634639181,0.0
carbon_only,1100.0,0.009999998634639181,0.0
hybrid,1100.0,0.009999998634639181,-4.028238672316109
historical,1100.0,0.009999999004180532,0.0
carbon_only,1100.0,0.009999999004180532,0.0
hybrid,1100.0,0.009999999004180532,-5.523088895993873
historical,0.0,0.0,0.0
carbon_only,0.0,0.0,0.0
hybrid,0.0,0.0,0.0
historical,1100.0,0.009999996216745922,0.0
carbon_only,1100.0,0.009999996216745922,0.0
hybrid,1100.0,0.009999996216745922,-1.4537743982044256
historical,1100.0,0.009999999613846728,0.0
carbon_only,1100.0,0.009999999613846728,0.0
hybrid,1100.0,0.009999999613846728,-14.24304853411413
historical,1500.0,0.014045107337668773,24000.0
carbon_only,1500.0,0.014045107337668773,24000.0
hybrid,1500.0,0.014045107337668773,23876.174400092947
historical,1500.0,0.013756387368443593,24000.0
carbon_only,1500.0,0.013756387368443593,24000.0
hybrid,1500.0,0.013756387368443593,23884.328128585734
historical,1500.0,0.013959760942188043,24000.0
carbon_only,1500.0,0.013959760942188043,24000.0
hybrid,1500.0,0.013959760942188043,23878.66581713241
historical,3000.0,0.02856223394920954,204000.0
carbon_only,4700.0,0.020530894571984527,408000.0
hybrid,3000.0,0.02856223394920954,203478.26112652227
historical,1500.0,0.012807017449763664,24000.0
carbon_only,1500.0,0.012807017449763664,24000.0
hybrid,1500.0,0.012807017449763664,23906.52438948277
historical,1500.0,0.01343824393292315,24000.0
carbon_only,1500.0,0.01343824393292315,24000.0
hybrid,1500.0,0.01343824393292315,23892.481857078525
historical,1500.0,0.01263562140059998,24000.0
carbon_only,1500.0,0.01263562140059998,24000.0
hybrid,1500.0,0.01263562140059998,23909.921776354768
historical,1500.0,0.012795839637478832,24000.0
carbon_only,1500.0,0.012795839637478832,24000.0
hybrid,1500.0,0.012795839637478832,23906.750881940905
historical,1500.0,0.013096234080412742,24000.0
carbon_only,1500.0,0.013096234080412742,24000.0
hybrid,1500.0,0.013096234080412742,23900.40909311318
historical,1500.0,0.013085937718991006,24000.0
carbon_only,1500.0,0.013085937718991006,24000.0
hybrid,1500.0,0.013085937718991006,23900.635585571312
historical,1500.0,0.012000219330427334,24000.0
carbon_only,1500.0,0.012000219330427334,24000.0
hybrid,1500.0,0.012000219330427334,23921.246399261418
historical,1200.0,0.009999999851676215,3000.0
carbon_only,1200.0,0.009999999851676215,3000.0
hybrid,1200.0,0.009999999851676215,2959.547958477249
historical,1500.0,0.01111051180285786,24000.0
carbon_only,1500.0,0.01111051180285786,24000.0
hybrid,1500.0,0.01111051180285786,23934.382961833133
historical,1500.0,0.010230003495753122,24000.0
carbon_only,1500.0,0.010230003495753122,24000.0
hybrid,1500.0,0.010230003495753122,23945.028107365382
historical,1500.0,0.012000219330427334,24000.0
carbon_only,1500.0,0.012000219330427334,24000.0
hybrid,1500.0,0.012000219330427334,23921.246399261418
historical,1500.0,0.012368930224603229,24000.0
carbon_only,1500.0,0.012368930224603229,24000.0
hybrid,1500.0,0.012368930224603229,23914.904610433692
historical,1500.0,0.013601267713601154,24000.0
carbon_only,1500.0,0.013601267713601154,24000.0
hybrid,1500.0,0.013601267713601154,23888.40499283213
historical,1500.0,0.013286198637867513,24000.0
carbon_only,1500.0,0.013286198637867513,24000.0
hybrid,1500.0,0.013286198637867513,23896.105736408652
historical,1500.0,0.013054863533096196,24000.0
carbon_only,1500.0,0.013054863533096196,24000.0
hybrid,1500.0,0.013054863533096196,23901.315062945712
historical,1500.0,0.014022071162784111,24000.0
carbon_only,1500.0,0.014022071162784111,24000.0
hybrid,1500.0,0.014022071162784111,23876.853877467347
historical,1500.0,0.013967620664538112,24000.0
carbon_only,1500.0,0.013967620664538112,24000.0
hybrid,1500.0,0.013967620664538112,23878.439324674277
historical,3000.0,0.11121383491102564,204000.0
carbon_only,4700.0,0.057070866938478446,408000.0
hybrid,3000.0,0.11121383491102564,201779.56769052468
historical,3000.0,0.238244345826434,204000.0
carbon_only,4700.0,0.11323059408877312,408000.0
hybrid,3000.0,0.238244345826434,198450.1285559694
historical,3000.0,0.25632103663312805,204000.0
carbon_only,4700.0,0.12122223338998164,408000.0
hybrid,3000.0,0.25632103663312805,197883.89741063688
historical,3000.0,0.19931989762027882,204000.0
carbon_only,4700.0,0.09602223701785545,408000.0
hybrid,3000.0,0.19931989762027882,199582.59084663447
historical,3000.0,0.27557476481656606,204000.0
carbon_only,4700.0,0.12973423663720043,408000.0
hybrid,3000.0,0.27557476481656606,197249.71852786443
historical,3000.0,0.32836161437813244,204000.0
carbon_only,4700.0,0.15307111096084483,408000.0
hybrid,3000.0,0.32836161437813244,195324.53263373385
historical,3000.0,0.31123860713229634,204000.0
carbon_only,4700.0,0.1455010916954808,408000.0
hybrid,3000.0,0.31123860713229634,195981.3607623196
historical,3000.0,0.35596685091775393,204000.0
carbon_only,4500.0,0.16527528569660463,372000.0
hybrid,3000.0,0.35596685091775393,194192.07034306877
historical,1200.0,0.009999999848970226,3000.0
carbon_only,1200.0,0.009999999848970226,3000.0
hybrid,1200.0,0.009999999848970226,2960.2727343432744
historical,1200.0,0.009999999799009755,3000.0
carbon_only,1200.0,0.009999999799009755,3000.0
hybrid,1200.0,0.009999999799009755,2970.1478055178723
historical,1200.0,0.009999999679294724,3000.0
carbon_only,1200.0,0.009999999679294724,3000.0
hybrid,1200.0,0.009999999679294724,2981.291234458015
historical,1500.0,0.011359050444399879,24000.0
carbon_only,1500.0,0.011359050444399879,24000.0
hybrid,1500.0,0.011359050444399879,23930.985574961134
historical,1500.0,0.010662909006314742,24000.0
carbon_only,1500.0,0.010662909006314742,24000.0
hybrid,1500.0,0.010662909006314742,23940.045273286458
historical,1500.0,0.012267098684233459,24000.0
carbon_only,1500.0,0.012267098684233459,24000.0
hybrid,1500.0,0.012267098684233459,23916.716550098758
historical,1200.0,0.009999999798397923,3000.0
carbon_only,1200.0,0.009999999798397923,3000.0
hybrid,1200.0,0.009999999798397923,2970.2384025011256
historical,1200.0,0.009999999851008851,3000.0
carbon_only,1200.0,0.009999999851008851,3000.0
hybrid,1200.0,0.009999999851008851,2959.7291524437555
historical,1200.0,0.009999999856497084,3000.0
carbon_only,1200.0,0.009999999856497084,3000.0
hybrid,1200.0,0.009999999856497084,2958.189003728451
historical,1200.0,0.009999999839060749,3000.0
carbon_only,1200.0,0.009999999839060749,3000.0
hybrid,1200.0,0.009999999839060749,2962.7188528911106
historical,1500.0,0.01142299762847903,24000.0
carbon_only,1500.0,0.01142299762847903,24000.0
hybrid,1500.0,0.01142299762847903,23930.079605128605
historical,3000.0,0.0863383437525468,204000.0
carbon_only,4700.0,0.04607350271375275,408000.0
hybrid,3000.0,0.0863383437525468,202323.1495900439
historical,1500.0,0.013247079928092095,24000.0
carbon_only,1500.0,0.013247079928092095,24000.0
hybrid,1500.0,0.013247079928092095,23897.011706241185
historical,1500.0,0.013806436006512964,24000.0
carbon_only,1500.0,0.013806436006512964,24000.0
hybrid,1500.0,0.013806436006512964,23882.969173836937
historical,1500.0,0.013904164133170678,24000.0
carbon_only,1500.0,0.013904164133170678,24000.0
hybrid,1500.0,0.013904164133170678,23880.251264339342
historical,1500.0,0.013177513975270833,24000.0
carbon_only,1500.0,0.013177513975270833,24000.0
hybrid,1500.0,0.013177513975270833,23898.597153448114
historical,1200.0,0.009999999837878836,3000.0
carbon_only,1200.0,0.009999999837878836,3000.0
hybrid,1200.0,0.009999999837878836,2962.9906438408702
historical,1200.0,0.009999999783927556,3000.0
carbon_only,1200.0,0.009999999783927556,3000.0
hybrid,1200.0,0.009999999783927556,2972.231536132696
historical,1500.0,0.01343824393292315,24000.0
carbon_only,1500.0,0.01343824393292315,24000.0
hybrid,1500.0,0.01343824393292315,23892.481857078525
historical,1500.0,0.01377315987981286,24000.0
carbon_only,1500.0,0.01377315987981286,24000.0
hybrid,1500.0,0.01377315987981286,23883.87514366947
historical,3000.0,0.0700714748803854,204000.0
carbon_only,4700.0,0.03888197911153289,408000.0
hybrid,3000.0,0.0700714748803854,202662.88827724344
historical,3000.0,0.0577694335549933,204000.0
carbon_only,4700.0,0.03344329135654356,408000.0
hybrid,3000.0,0.0577694335549933,202912.02998118976
historical,3000.0,0.022502151461286743,204000.0
carbon_only,4700.0,0.017851754131018686,408000.0
hybrid,3000.0,0.022502151461286743,203591.50735558878
historical,3000.0,0.03216234990033285,204000.0
carbon_only,4700.0,0.022122492748419043,408000.0
hybrid,3000.0,0.03216234990033285,203410.31338908238
historical,3000.0,0.2177078587633756,204000.0
carbon_only,4700.0,0.10415148780339469,408000.0
hybrid,3000.0,0.2177078587633756,199061.65819292853
historical,3000.0,0.21614250025244888,204000.0
carbon_only,4700.0,0.10345944849541633,408000.0
hybrid,3000.0,0.21614250025244888,199106.95668455513
historical,1200.0,0.009999999772027058,3000.0
carbon_only,1200.0,0.009999999772027058,3000.0
hybrid,1200.0,0.009999999772027058,2973.681087864747
historical,1500.0,0.013447518429032605,24000.0
carbon_only,1500.0,0.013447518429032605,24000.0
hybrid,1500.0,0.013447518429032605,23892.255364620392
historical,3000.0,0.2090201589634081,204000.0
carbon_only,4700.0,0.10031068729953194,408000.0
hybrid,3000.0,0.2090201589634081,199310.79989687484
historical,3000.0,0.26881394740859876,204000.0
carbon_only,4700.0,0.12674530383508611,408000.0
hybrid,3000.0,0.26881394740859876,197476.21098599746
historical,3000.0,0.23076519397124315,204000.0
carbon_only,4700.0,0.10992408823851452,408000.0
hybrid,3000.0,0.23076519397124315,198676.62101410242
historical,3000.0,0.3627764435778209,204000.0
carbon_only,4500.0,0.1682857818603859,372000.0
hybrid,3000.0,0.3627764435778209,193897.63014749586
historical,1200.0,0.00999999982731046,3000.0
carbon_only,1200.0,0.00999999982731046,3000.0
hybrid,1200.0,0.00999999982731046,2965.2555684222
historical,1200.0,0.009999999819300423,3000.0
carbon_only,1200.0,0.009999999819300423,3000.0
hybrid,1200.0,0.009999999819300423,2966.795717137504
historical,1500.0,0.011211623430000813,24000.0
carbon_only,1500.0,0.011211623430000813,24000.0
hybrid,1500.0,0.011211623430000813,23933.024007084332
historical,3000.0,0.3160487906106977,204000.0
carbon_only,4700.0,0.14762765632742,408000.0
hybrid,3000.0,0.3160487906106977,195800.16679581316
historical,3000.0,0.389109937788664,204000.0
carbon_only,4500.0,0.17992772393507078,372000.0
hybrid,3000.0,0.389109937788664,192697.2201193909
historical,3000.0,0.45383976699974093,204000.0
carbon_only,4500.0,0.20854454615190027,372000.0
hybrid,3000.0,0.45383976699974093,189254.5347557691
historical,3000.0,0.4546001682255471,204000.0
carbon_only,4500.0,0.20888071676995326,372000.0
hybrid,3000.0,0.4546001682255471,189209.2362641425
historical,3000.0,0.4249785699612818,204000.0
carbon_only,4500.0,0.19578511584471917,372000.0
hybrid,3000.0,0.4249785699612818,190885.2804543268
historical,3000.0,0.23750298168841139,204000.0
carbon_only,4700.0,0.11290283969803395,408000.0
hybrid,3000.0,0.23750298168841139,198472.7778017827
historical,3000.0,0.2674466124638226,204000.0
carbon_only,4700.0,0.1261408100259348,408000.0
hybrid,3000.0,0.2674466124638226,197521.50947762406
historical,3000.0,0.3363267938763075,204000.0
carbon_only,4700.0,0.15659248786547297,408000.0
hybrid,3000.0,0.3363267938763075,195007.44319234762
historical,3000.0,0.2330243150891208,204000.0
carbon_only,4700.0,0.11092283747336536,408000.0
hybrid,3000.0,0.2330243150891208,198608.6732766625
historical,3000.0,0.07227377820874994,204000.0
carbon_only,4700.0,0.03985560940815903,408000.0
hybrid,3000.0,0.07227377820874994,202617.58978561682
historical,3000.0,0.06115669947796148,204000.0
carbon_only,4700.0,0.03494078930918944,408000.0
hybrid,3000.0,0.06115669947796148,202844.08224374984
historical,3000.0,0.2674466124638226,204000.0
carbon_only,4700.0,0.1261408100259348,408000.0
hybrid,3000.0,0.2674466124638226,197521.50947762406
historical,3000.0,0.348468785547425,204000.0
carbon_only,4500.0,0.16196041825004956,372000.0
hybrid,3000.0,0.348468785547425,194509.159784455
historical,3000.0,0.3596515359617259,204000.0
carbon_only,4500.0,0.16690427156159918,372000.0
hybrid,3000.0,0.3596515359617259,194033.52562237566
historical,1500.0,0.01031167443641195,24000.0
carbon_only,1500.0,0.01031167443641195,24000.0
hybrid,1500.0,0.01031167443641195,23944.12213753285
historical,3000.0,0.04861606972272383,204000.0
carbon_only,4700.0,0.029396622476577053,408000.0
hybrid,3000.0,0.04861606972272383,203093.22394769615
historical,3000.0,0.24192964662495114,204000.0
carbon_only,4700.0,0.11485985217661397,408000.0
hybrid,3000.0,0.24192964662495114,198336.8823269029
historical,1200.0,0.009999999854286944,3000.0
carbon_only,1200.0,0.009999999854286944,3000.0
hybrid,1200.0,0.009999999854286944,2958.8231826112233
historical,3000.0,0.05435763719978996,204000.0
carbon_only,4700.0,0.03193494858896875,408000.0
hybrid,3000.0,0.05435763719978996,202979.97771862964
historical,1200.0,0.00999999974866788,3000.0
carbon_only,1200.0,0.00999999974866788,3000.0
hybrid,1200.0,0.00999999974866788,2976.127206412583
historical,3000.0,0.12510878890034613,204000.0
carbon_only,4700.0,0.06321377559233543,408000.0
hybrid,3000.0,0.12510878890034613,201462.47824913845
historical,3000.0,0.17399542070542331,204000.0
carbon_only,4700.0,0.08482637782219106,408000.0
hybrid,3000.0,0.17399542070542331,200262.0682210335
historical,3000.0,0.1860099653786305,204000.0
carbon_only,4700.0,0.09013796435223072,408000.0
hybrid,3000.0,0.1860099653786305,199944.9787796473
historical,1500.0,0.013126939984028375,24000.0
carbon_only,1500.0,0.013126939984028375,24000.0
hybrid,1500.0,0.013126939984028375,23899.72961573878
historical,3000.0,0.16162089175460748,204000.0
carbon_only,4700.0,0.079355643551477,408000.0
hybrid,3000.0,0.16162089175460748,200579.15766241972
historical,3000.0,0.3312281755839258,204000.0
carbon_only,4700.0,0.15433840725066433,408000.0
hybrid,3000.0,0.3312281755839258,195211.28640466733
historical,3000.0,0.16785415793259792,204000.0
carbon_only,4700.0,0.08211134787234062,408000.0
hybrid,3000.0,0.16785415793259792,200420.6129417266
historical,3000.0,0.3148525545278516,204000.0
carbon_only,4700.0,0.1470988047032247,408000.0
hybrid,3000.0,0.3148525545278516,195845.46528743976
historical,3000.0,0.3779543909795209,204000.0
carbon_only,4500.0,0.17499589723848283,372000.0
hybrid,3000.0,0.3779543909795209,193218.1527730968
historical,3000.0,0.37347747269729054,204000.0
carbon_only,4500.0,0.17301666793843185,372000.0
hybrid,3000.0,0.37347747269729054,193421.99598541652
historical,3000.0,0.38719867464386154,204000.0
carbon_only,4500.0,0.17908276144573623,372000.0
hybrid,3000.0,0.38719867464386154,192787.8171026441
historical,3000.0,0.38041403096876514,204000.0
carbon_only,4500.0,0.1760832951375269,372000.0
hybrid,3000.0,0.38041403096876514,193104.90654403032
historical,3000.0,0.26053250529194066,204000.0
carbon_only,4700.0,0.12308410837636528,408000.0
hybrid,3000.0,0.26053250529194066,197748.00193575706
historical,3000.0,0.31123860713229634,204000.0
carbon_only,4700.0,0.1455010916954808,408000.0
hybrid,3000.0,0.31123860713229634,195981.3607623196
historical,3000.0,0.35223951572052636,204000.0
carbon_only,4500.0,0.16362744435387883,372000.0
hybrid,3000.0,0.35223951572052636,194350.61506376188
historical,3000.0,0.3843092503977437,204000.0
carbon_only,4500.0,0.17780535748889095,372000.0
hybrid,3000.0,0.3843092503977437,192923.7125775239
historical,3000.0,0.5293077430681532,204000.0
carbon_only,4500.0,0.2419086640637721,372000.0
hybrid,3000.0,0.5293077430681532,184045.20821870983
historical,3000.0,0.5264628308827974,204000.0
carbon_only,4500.0,0.24065093872719903,372000.0
hybrid,3000.0,0.5264628308827974,184271.70067684283
historical,3000.0,0.5406230883902093,204000.0
carbon_only,4500.0,0.24691113710208965,372000.0
hybrid,3000.0,0.5406230883902093,183116.5891403645
historical,3000.0,0.5406230883902093,204000.0
carbon_only,4500.0,0.24691113710208965,372000.0
hybrid,3000.0,0.5406230883902093,183116.5891403645
historical,3000.0,0.5039777620033601,204000.0
carbon_only,4500.0,0.2307103715034265,372000.0
hybrid,3000.0,0.5039777620033601,185970.3941128404
historical,3000.0,0.46757259369526727,204000.0
carbon_only,4500.0,0.21461577891846462,372000.0
hybrid,3000.0,0.46757259369526727,188416.51266067696
historical,3000.0,0.4768167089929653,204000.0
carbon_only,4500.0,0.2187025686914373,372000.0
hybrid,3000.0,0.4768167089929653,187827.63226953114
historical,3000.0,0.5343433647259725,204000.0
carbon_only,4500.0,0.24413489409541833,372000.0
hybrid,3000.0,0.5343433647259725,183637.5217940704
historical,3000.0,0.47821046566272374,204000.0
carbon_only,4500.0,0.21931874344916666,372000.0
hybrid,3000.0,0.47821046566272374,187737.0352862779
historical,3000.0,0.3769650582741583,204000.0
carbon_only,4500.0,0.17455851684542892,372000.0
hybrid,3000.0,0.3769650582741583,193263.45126472344
historical,3000.0,0.4308269306204665,204000.0
carbon_only,4500.0,0.1983706548347579,372000.0
hybrid,3000.0,0.4308269306204665,190568.19101294057
historical,3000.0,0.5052307346510659,204000.0
carbon_only,4500.0,0.23126430615672253,372000.0
hybrid,3000.0,0.5052307346510659,185879.7971295872
historical,3000.0,0.5351721783903797,204000.0
carbon_only,4500.0,0.24450130960391403,372000.0
hybrid,3000.0,0.5351721783903797,183569.5740566305
historical,3000.0,0.41554147894044974,204000.0
carbon_only,4500.0,0.19161301220596935,372000.0
hybrid,3000.0,0.41554147894044974,191383.56386221942
historical,3000.0,0.4249785699612818,204000.0
carbon_only,4500.0,0.19578511584471917,372000.0
hybrid,3000.0,0.4249785699612818,190885.2804543268
historical,3000.0,0.4202984290333906,204000.0
carbon_only,4500.0,0.19371604255168706,372000.0
hybrid,3000.0,0.4202984290333906,191134.4221582731
historical,3000.0,0.4635625424658648,204000.0
carbon_only,4500.0,0.2128429498455192,372000.0
hybrid,3000.0,0.4635625424658648,188665.65436462327
historical,3000.0,0.5030338599302833,204000.0
carbon_only,4500.0,0.23029307582777664,372000.0
hybrid,3000.0,0.5030338599302833,186038.34185028033
historical,3000.0,0.46973472754653833,204000.0
carbon_only,4500.0,0.21557165043527418,372000.0
hybrid,3000.0,0.46973472754653833,188280.61718579716
historical,3000.0,0.4425707624321524,204000.0
carbon_only,4500.0,0.20356256019269528,372000.0
hybrid,3000.0,0.4425707624321524,189911.36288435484
historical,3000.0,0.3663838397928903,204000.0
carbon_only,4500.0,0.16988059861504895,372000.0
hybrid,3000.0,0.3663838397928903,193739.08542680275
historical,3000.0,0.4480684585546504,204000.0
carbon_only,4500.0,0.2059930716656462,372000.0
hybrid,3000.0,0.4480684585546504,189594.2734429686
historical,3000.0,0.4393797666013721,204000.0
carbon_only,4500.0,0.20215183253441102,372000.0
hybrid,3000.0,0.4393797666013721,190092.55685086126
historical,3000.0,0.4337067252996796,204000.0
carbon_only,4500.0,0.19964380159507578,372000.0
hybrid,3000.0,0.4337067252996796,190409.64629224746
historical,3000.0,0.225441798120407,204000.0
carbon_only,4700.0,0.10757063428212561,408000.0
hybrid,3000.0,0.225441798120407,198835.16573479553
historical,3000.0,0.2660741540416509,204000.0
carbon_only,4700.0,0.12553405114604954,408000.0
hybrid,3000.0,0.2660741540416509,197566.80796925066
historical,1500.0,0.013096234080412742,24000.0
carbon_only,1500.0,0.013096234080412742,24000.0
hybrid,1500.0,0.013096234080412742,23900.40909311318
historical,3000.0,0.2215940383223537,204000.0
carbon_only,4700.0,0.10586955366108929,408000.0
hybrid,3000.0,0.2215940383223537,198948.41196386202
historical,3000.0,0.3479265231362935,204000.0
carbon_only,4500.0,0.161720686009082,372000.0
hybrid,3000.0,0.3479265231362935,194531.80903026828
historical,3000.0,0.018829673415899854,204000.0
carbon_only,4700.0,0.016228164935729084,408000.0
hybrid,3000.0,0.018829673415899854,203659.4550930287
historical,3000.0,0.041633481483939076,204000.0
carbon_only,4700.0,0.026309645596242052,408000.0
hybrid,3000.0,0.041633481483939076,203229.11942257595
historical,3000.0,0.22620678979642383,204000.0
carbon_only,4700.0,0.10790883432153159,408000.0
hybrid,3000.0,0.22620678979642383,198812.51648898222
historical,3000.0,0.3154511951688554,204000.0
carbon_only,4700.0,0.14736346155469748,408000.0
hybrid,3000.0,0.3154511951688554,195822.81604162644
historical,3000.0,0.38382502850591194,204000.0
carbon_only,4500.0,0.17759128475054245,372000.0
hybrid,3000.0,0.38382502850591194,192946.3618233372
historical,3000.0,0.3479265231362935,204000.0
carbon_only,4500.0,0.161720686009082,372000.0
hybrid,3000.0,0.3479265231362935,194531.80903026828
historical,3000.0,0.015129496164058932,204000.0
carbon_only,4700.0,0.014592330021946114,408000.0
hybrid,3000.0,0.015129496164058932,203727.40283046858
historical,3000.0,0.15620328766005068,204000.0
carbon_only,4700.0,0.07696054047296357,408000.0
hybrid,3000.0,0.15620328766005068,200715.05313729952
historical,3000.0,0.04861606972272383,204000.0
carbon_only,4700.0,0.029396622476577053,408000.0
hybrid,3000.0,0.04861606972272383,203093.22394769615
historical,1500.0,0.010209370158662615,24000.0
carbon_only,1500.0,0.010209370158662615,24000.0
hybrid,1500.0,0.010209370158662615,23945.254599823515
historical,1500.0,0.013662499149607323,24000.0
carbon_only,1500.0,0.013662499149607323,24000.0
hybrid,1500.0,0.013662499149607323,23886.8195456252
historical,3000.0,0.06451969857760956,204000.0
carbon_only,4700.0,0.03642755898744958,408000.0
hybrid,3000.0,0.06451969857760956,202776.13450630996
historical,3000.0,0.1552935390876105,204000.0
carbon_only,4700.0,0.07655834393580539,408000.0
hybrid,3000.0,0.1552935390876105,200737.70238311283
historical,3000.0,0.22390726803681235,204000.0
carbon_only,4700.0,0.10689222410981684,408000.0
hybrid,3000.0,0.22390726803681235,198880.46422642213
historical,3000.0,0.28808181792646964,204000.0
carbon_only,4700.0,0.13526355935695367,408000.0
hybrid,3000.0,0.28808181792646964,196819.38285741172
historical,3000.0,0.4624583871233819,204000.0
carbon_only,4500.0,0.21235480678194707,372000.0
hybrid,3000.0,0.4624583871233819,188733.6021020632
historical,3000.0,0.24119544188919273,204000.0
carbon_only,4700.0,0.11453526293159311,408000.0
hybrid,3000.0,0.24119544188919273,198359.5315727162
historical,3000.0,0.47471205704271996,204000.0
carbon_only,4500.0,0.21777210971413838,372000.0
hybrid,3000.0,0.47471205704271996,187963.52774441094
historical,3000.0,0.5660662087462409,204000.0
carbon_only,3200.0,0.2836240984833726,34000.0
hybrid,3000.0,0.5660662087462409,180851.66455903434
historical,3000.0,0.47855774530299017,204000.0
carbon_only,4500.0,0.21947227451585036,372000.0
hybrid,3000.0,0.47855774530299017,187714.38604046463
historical,3000.0,0.5493428991512289,204000.0
carbon_only,3200.0,0.25601579456941786,34000.0
hybrid,3000.0,0.5493428991512289,182369.16402852553
historical,3000.0,0.5055429893557674,204000.0
carbon_only,4500.0,0.23140235282670013,372000.0
hybrid,3000.0,0.5055429893557674,185857.14788377393
historical,3000.0,0.44415267687705495,204000.0
carbon_only,4500.0,0.2042619188189075,372000.0
hybrid,3000.0,0.44415267687705495,189820.76590110164
historical,3000.0,0.3794325128387035,204000.0
carbon_only,4500.0,0.17564936953980942,372000.0
hybrid,3000.0,0.3794325128387035,193150.20503565692
historical,3000.0,0.5822620380996741,204000.0
carbon_only,3200.0,0.3103615918238954,34000.0
hybrid,3000.0,0.5822620380996741,179266.21735210327
historical,3000.0,0.47751451680543827,204000.0
carbon_only,4500.0,0.21901106698896777,372000.0
hybrid,3000.0,0.47751451680543827,187782.3337779045
historical,3000.0,0.42540029284599784,204000.0
carbon_only,4500.0,0.19597155799919072,372000.0
hybrid,3000.0,0.42540029284599784,190862.63120851349
historical,3000.0,0.436152026808789,204000.0
carbon_only,4500.0,0.20072486050416918,372000.0
hybrid,3000.0,0.436152026808789,190273.75081736766
historical,3000.0,0.48540753716795065,204000.0
carbon_only,4500.0,0.22250054260200056,372000.0
hybrid,3000.0,0.48540753716795065,187261.4011241986
historical,3000.0,0.41986918115955624,204000.0
carbon_only,4500.0,0.19352627362687785,372000.0
hybrid,3000.0,0.41986918115955624,191157.0714040864
historical,3000.0,0.5055429893557674,204000.0
carbon_only,4500.0,0.23140235282670013,372000.0
hybrid,3000.0,0.5055429893557674,185857.14788377393
historical,3000.0,0.2200442089979238,204000.0
carbon_only,4700.0,0.10518437975001628,408000.0
hybrid,3000.0,0.2200442089979238,198993.71045548865
historical,3000.0,0.19685754291624952,204000.0
carbon_only,4700.0,0.09493363895327224,408000.0
hybrid,3000.0,0.19685754291624952,199650.53858407438
historical,3000.0,0.3094172987620711,204000.0
carbon_only,4700.0,0.14469589788502285,408000.0
hybrid,3000.0,0.3094172987620711,196049.30849975947
historical,1500.0,0.014135503572876287,24000.0
carbon_only,1500.0,0.014135503572876287,24000.0
hybrid,1500.0,0.014135503572876287,23873.456490595352
historical,3000.0,0.3648428262855948,204000.0
carbon_only,4500.0,0.1691993221446877,372000.0
hybrid,3000.0,0.3648428262855948,193807.03316424266
historical,3000.0,0.4177133710846644,204000.0
carbon_only,4500.0,0.19257319782862017,372000.0
hybrid,3000.0,0.4177133710846644,191270.31763315294
historical,3000.0,0.5138273794041581,204000.0
carbon_only,4500.0,0.23506485155532494,372000.0
hybrid,3000.0,0.5138273794041581,185245.6182468148
historical,3000.0,0.5670254405707621,204000.0
carbon_only,3200.0,0.28520768237774813,34000.0
hybrid,3000.0,0.5670254405707621,180761.06757578114
historical,3200.0,0.6675289591049469,268000.0
carbon_only,3200.0,0.4511276917125732,34000.0
hybrid,3200.0,0.6675289591049469,229996.72545696574
historical,3000.0,0.49697137265441926,204000.0
carbon_only,4500.0,0.2276128722388028,372000.0
hybrid,3000.0,0.49697137265441926,186468.67752073306
historical,3000.0,0.5784409325179984,204000.0
carbon_only,3200.0,0.3040533761213242,34000.0
hybrid,3000.0,0.5784409325179984,179651.25453092938
historical,3000.0,0.4413784050163955,204000.0
carbon_only,4500.0,0.20303542331312208,372000.0
hybrid,3000.0,0.4413784050163955,189979.31062179475
historical,3000.0,0.18090394066126986,204000.0
carbon_only,4700.0,0.08788060938385948,408000.0
hybrid,3000.0,0.18090394066126986,200080.8742545271
historical,1500.0,0.014113162787261574,24000.0
carbon_only,1500.0,0.014113162787261574,24000.0
hybrid,1500.0,0.014113162787261574,23874.13596796975
historical,3000.0,0.1516348427241272,204000.0
carbon_only,4700.0,0.07494084757199225,408000.0
hybrid,3000.0,0.1516348427241272,200828.29936636603
historical,1500.0,0.013565744136409331,24000.0
carbon_only,1500.0,0.013565744136409331,24000.0
hybrid,1500.0,0.013565744136409331,23889.310962664662
historical,1500.0,0.013520781122322712,24000.0
carbon_only,1500.0,0.013520781122322712,24000.0
hybrid,1500.0,0.013520781122322712,23890.443424955327
historical,3000.0,0.13093165726534559,204000.0
carbon_only,4700.0,0.06578804453177324,408000.0
hybrid,3000.0,0.13093165726534559,201326.58277425866
historical,3000.0,0.37547514453826825,204000.0
carbon_only,4500.0,0.17389983139827062,372000.0
hybrid,3000.0,0.37547514453826825,193331.39900216332
historical,3000.0,0.28221170162043563,204000.0
carbon_only,4700.0,0.13266840227451943,408000.0
hybrid,3000.0,0.28221170162043563,197023.22606973143
historical,3000.0,0.31002547086065096,204000.0
carbon_only,4700.0,0.14496476855924548,408000.0
hybrid,3000.0,0.31002547086065096,196026.65925394619
historical,3000.0,0.31123860713229634,204000.0
carbon_only,4700.0,0.1455010916954808,408000.0
hybrid,3000.0,0.31123860713229634,195981.3607623196
historical,3000.0,0.26400579671749413,204000.0
carbon_only,4700.0,0.1246196378910221,408000.0
hybrid,3000.0,0.26400579671749413,197634.75570669054
historical,3000.0,0.24412376067695363,204000.0
carbon_only,4700.0,0.11582986202392649,408000.0
hybrid,3000.0,0.24412376067695363,198268.934589463
historical,3000.0,0.26949570253404653,204000.0
carbon_only,4700.0,0.1270467052980304,408000.0
hybrid,3000.0,0.26949570253404653,197453.56174018414
historical,3000.0,0.270176187511946,204000.0
carbon_only,4700.0,0.12734754523336023,408000.0
hybrid,3000.0,0.270176187511946,197430.91249437086
historical,3000.0,0.30636028503698653,204000.0
carbon_only,4700.0,0.14334440322867387,408000.0
hybrid,3000.0,0.30636028503698653,196162.55472882598
historical,3000.0,0.3207922531740987,204000.0
carbon_only,4700.0,0.14972472388535207,408000.0
hybrid,3000.0,0.3207922531740987,195618.97282930676
historical,3000.0,0.3596515359617259,204000.0
carbon_only,4500.0,0.16690427156159918,372000.0
hybrid,3000.0,0.3596515359617259,194033.52562237566
historical,3000.0,0.5966704631506236,204000.0
carbon_only,3200.0,0.3341482816216311,34000.0
hybrid,3000.0,0.5966704631506236,177748.71788261208
historical,3000.0,0.6139602273116189,204000.0
carbon_only,3200.0,0.3626917383366666,34000.0
hybrid,3000.0,0.6139602273116189,175778.23349685487
historical,3000.0,0.6190285698841673,204000.0
carbon_only,3200.0,0.3710590020823961,34000.0
hybrid,3000.0,0.6190285698841673,175166.70385989576
historical,3000.0,0.6275408642795364,204000.0
carbon_only,3200.0,0.38511184307880375,34000.0
hybrid,3000.0,0.6275408642795364,174102.1893066706
historical,3200.0,0.6351721382135177,268000.0
carbon_only,3200.0,0.39771021834794523,34000.0
hybrid,3200.0,0.6351721382135177,235045.99732361102
historical,3200.0,0.6930585129504487,268000.0
carbon_only,3200.0,0.4932741147845059,34000.0
hybrid,3200.0,0.6930585129504487,225261.5231322649
historical,3000.0,0.539272381382816,204000.0
carbon_only,4500.0,0.24631399444361665,372000.0
hybrid,3000.0,0.539272381382816,183229.83536943098
historical,3200.0,0.6658272558403435,268000.0
carbon_only,3200.0,0.4483183709478274,34000.0
hybrid,3200.0,0.6658272558403435,230286.63580337598
historical,3200.0,0.6874254477226784,268000.0
carbon_only,3200.0,0.48397455742764156,34000.0
hybrid,3200.0,0.6874254477226784,226372.84612683754
historical,3200.0,0.6787090144653477,268000.0
carbon_only,3200.0,0.46958470612178116,34000.0
hybrid,3200.0,0.6787090144653477,228015.6714231623
historical,3200.0,0.7105234657377,268000.0
carbon_only,3200.0,0.5221067882247632,34000.0
hybrid,3200.0,0.7105234657377,221541.00701999996
historical,3200.0,0.7331056508622282,268000.0
carbon_only,3000.0,0.5593874369155655,-48000.0
hybrid,3200.0,0.7331056508622282,216008.5512426709
historical,3200.0,0.7397547258628568,268000.0
carbon_only,3000.0,0.5703643121758779,-48000.0
hybrid,3200.0,0.7397547258628568,214196.6115776068
historical,3200.0,0.7451720842295596,268000.0
carbon_only,3000.0,0.5793077617573736,-48000.0
hybrid,3200.0,0.7451720842295596,212650.42306341877
historical,4500.0,0.743970602529373,879000.0
carbon_only,3000.0,0.5904960117529676,-48000.0
hybrid,4500.0,0.743970602529373,799167.0086072055
historical,4500.0,0.7307275040313538,879000.0
carbon_only,3000.0,0.6089437803564465,-48000.0
hybrid,4500.0,0.7307275040313538,796889.0607095327
historical,4500.0,0.7303884105131648,879000.0
carbon_only,3000.0,0.6094161410173163,-48000.0
hybrid,4500.0,0.7303884105131648,796827.9077458369
historical,4500.0,0.7272902010274609,879000.0
carbon_only,3000.0,0.6137319778047508,-48000.0
hybrid,4500.0,0.7272902010274609,796262.2428316496
historical,3200.0,0.6392043034977359,268000.0
carbon_only,3200.0,0.4043668698896472,34000.0
hybrid,3200.0,0.6392043034977359,234466.17663079052
historical,3200.0,0.6672465464665326,268000.0
carbon_only,3200.0,0.4506614601986382,34000.0
hybrid,3200.0,0.6672465464665326,230045.0438480341
historical,3200.0,0.680412776902205,268000.0
carbon_only,3200.0,0.4723974263484023,34000.0
hybrid,3200.0,0.680412776902205,227701.60188121788
historical,4500.0,0.7465052321269298,879000.0
carbon_only,3000.0,0.586965247384021,-48000.0
hybrid,4500.0,0.7465052321269298,799579.791112153
historical,4500.0,0.7354746176651071,879000.0
carbon_only,3000.0,0.6023310036061263,-48000.0
hybrid,4500.0,0.7354746176651071,797729.9139603516
historical,3200.0,0.7468190544748382,268000.0
carbon_only,3000.0,0.5820267244609317,-48000.0
hybrid,3200.0,0.7468190544748382,212167.239152735
historical,3200.0,0.6788407177957498,268000.0
carbon_only,3200.0,0.46980213351266714,34000.0
hybrid,3200.0,0.6788407177957498,227991.51222762815
historical,3200.0,0.6996480041141466,268000.0
carbon_only,3200.0,0.5041526238291482,34000.0
hybrid,3200.0,0.6996480041141466,223908.60818235038
historical,3200.0,0.6462100280984293,268000.0
carbon_only,3200.0,0.4159325335410037,34000.0
hybrid,3200.0,0.6462100280984293,233427.33122282042
historical,3200.0,0.7032879375425386,268000.0
carbon_only,3200.0,0.5101617446761115,34000.0
hybrid,3200.0,0.7032879375425386,223135.51392525635
historical,3200.0,0.7148432162687246,268000.0
carbon_only,3000.0,0.5292382106752911,-48000.0
hybrid,3200.0,0.7148432162687246,220550.48000309826
historical,3200.0,0.7198396959499884,268000.0
carbon_only,3000.0,0.5374868368671647,-48000.0
hybrid,3200.0,0.7198396959499884,219366.67942192304
historical,3200.0,0.6326059463856819,268000.0
carbon_only,3200.0,0.3934737241610811,34000.0
hybrid,3200.0,0.6326059463856819,235408.38525662385
historical,3000.0,0.4907591462117723,204000.0
carbon_only,4500.0,0.22486646950846015,372000.0
hybrid,3000.0,0.4907591462117723,186899.01319118578
historical,3000.0,0.34955060919917474,204000.0
carbon_only,4500.0,0.16243868855431887,372000.0
hybrid,3000.0,0.34955060919917474,194463.8612928284
historical,3000.0,0.2715333611968259,204000.0
carbon_only,4700.0,0.12794754678644515,408000.0
hybrid,3000.0,0.2715333611968259,197385.61400274426
historical,3000.0,0.206617195368084,204000.0
carbon_only,4700.0,0.09924834582823487,408000.0
hybrid,3000.0,0.206617195368084,199378.74763431476
historical,3000.0,0.034547639392492786,204000.0
carbon_only,4700.0,0.02317702056294835,408000.0
hybrid,3000.0,0.034547639392492786,203365.01489745575
historical,3000.0,0.19188711701735475,204000.0
carbon_only,4700.0,0.0927362317296756,408000.0
hybrid,3000.0,0.19188711701735475,199786.43405895418
historical,3000.0,0.2184881958491411,204000.0
carbon_only,4700.0,0.10449647199267366,408000.0
hybrid,3000.0,0.2184881958491411,199039.00894711525
historical,3000.0,0.1791876673735366,204000.0
carbon_only,4700.0,0.08712185120159395,408000.0
hybrid,3000.0,0.1791876673735366,200126.1727461537
historical,3000.0,0.225441798120407,204000.0
carbon_only,4700.0,0.10757063428212561,408000.0
hybrid,3000.0,0.225441798120407,198835.16573479553
historical,3000.0,0.22849272508906465,204000.0
carbon_only,4700.0,0.10891943800558217,408000.0
hybrid,3000.0,0.22849272508906465,198744.5687515423
historical,3000.0,0.2549065332661818,204000.0
carbon_only,4700.0,0.12059688659283482,408000.0
hybrid,3000.0,0.2549065332661818,197929.19590226348
historical,3000.0,0.13093165726534559,204000.0
carbon_only,4700.0,0.06578804453177324,408000.0
hybrid,3000.0,0.13093165726534559,201326.58277425866
historical,3000.0,0.14979358350083688,204000.0
carbon_only,4700.0,0.07412683356191081,408000.0
hybrid,3000.0,0.14979358350083688,200873.59785799263
historical,3000.0,0.41857761493779405,204000.0
carbon_only,4500.0,0.19295527689476988,372000.0
hybrid,3000.0,0.41857761493779405,191225.0191415263
historical,3000.0,0.5820391857343494,204000.0
carbon_only,3200.0,0.30999368762437823,34000.0
hybrid,3000.0,0.5820391857343494,179288.86659791655
historical,3200.0,0.6952078750057947,268000.0
carbon_only,3200.0,0.49682246988180156,34000.0
hybrid,3200.0,0.6952078750057947,224826.65761264952
historical,4500.0,0.7228894230414855,879000.0
carbon_only,3000.0,0.6198623055352817,-48000.0
hybrid,4500.0,0.7228894230414855,795436.6778217548
historical,4500.0,0.7319208177141143,879000.0
carbon_only,3000.0,0.6072814824664003,-48000.0
hybrid,4500.0,0.7319208177141143,797103.0960824684
historical,4500.0,0.7132940064372106,879000.0
carbon_only,3000.0,0.6332288167936642,-48000.0
hybrid,4500.0,0.7132940064372106,793540.9359471815
historical,3200.0,0.6614957980996553,268000.0
carbon_only,3200.0,0.44116762121040465,34000.0
hybrid,3200.0,0.6614957980996553,231011.41166940163
historical,3200.0,0.682998951492591,268000.0
carbon_only,3200.0,0.47666690982954407,34000.0
hybrid,3200.0,0.682998951492591,227218.41797053412
historical,3200.0,0.6936585927923392,268000.0
carbon_only,3200.0,0.49426477913556766,34000.0
hybrid,3200.0,0.6936585927923392,225140.72715459397
historical,3200.0,0.7263948574594751,268000.0
carbon_only,3000.0,0.5483086715124401,-48000.0
hybrid,3200.0,0.7263948574594751,217748.01332113243
historical,4500.0,0.7330380146654764,879000.0
carbon_only,3000.0,0.6057252159441571,-48000.0
hybrid,4500.0,0.7330380146654764,797301.8432144801
historical,4500.0,0.7212155019528396,879000.0
carbon_only,3000.0,0.6221940943465212,-48000.0
hybrid,4500.0,0.7212155019528396,795115.6247623513
historical,3200.0,0.7047415832799578,268000.0
carbon_only,3200.0,0.5125615503529654,34000.0
hybrid,3200.0,0.7047415832799578,222821.4443833119
historical,3200.0,0.6550878535310664,268000.0
carbon_only,3200.0,0.4305888251827243,34000.0
hybrid,3200.0,0.6550878535310664,232050.2570773717
historical,3200.0,0.6842764060920512,268000.0
carbon_only,3200.0,0.4787758437470682,34000.0
hybrid,3200.0,0.6842764060920512,226976.82601519226
historical,3200.0,0.7118012702301574,268000.0
carbon_only,3000.0,0.5242162997762866,-48000.0
hybrid,3200.0,0.7118012702301574,221251.0966735897
historical,3000.0,0.40713840172897026,204000.0
carbon_only,4500.0,0.18789804231394236,372000.0
hybrid,3000.0,0.40713840172897026,191813.89953267213
historical,3000.0,0.4115909679662385,204000.0
carbon_only,4500.0,0.18986650566342944,372000.0
hybrid,3000.0,0.4115909679662385,191587.40707453914
historical,3000.0,0.18004670211452006,204000.0
carbon_only,4700.0,0.0875016273381977,408000.0
hybrid,3000.0,0.18004670211452006,200103.5235003404
historical,3000.0,0.12996656772335,204000.0
carbon_only,4700.0,0.06536138195312578,408000.0
hybrid,3000.0,0.12996656772335,201349.23202007197
historical,3000.0,0.4620893245621448,204000.0
carbon_only,4500.0,0.21219164556507797,372000.0
hybrid,3000.0,0.4620893245621448,188756.25134787647
historical,3000.0,0.4519294551061268,204000.0
carbon_only,4500.0,0.2077000042072585,372000.0
hybrid,3000.0,0.4519294551061268,189367.7809848356
historical,3000.0,0.4202984290333906,204000.0
carbon_only,4500.0,0.19371604255168706,372000.0
hybrid,3000.0,0.4202984290333906,191134.4221582731
historical,1500.0,0.013137114676976558,24000.0
carbon_only,1500.0,0.013137114676976558,24000.0
hybrid,1500.0,0.013137114676976558,23899.503123280647
historical,3200.0,0.7154645844720465,268000.0
carbon_only,3000.0,0.530264019717593,-48000.0
hybrid,3200.0,0.7154645844720465,220405.5248298931
historical,4500.0,0.7411133919153683,879000.0
carbon_only,3000.0,0.5944761347027778,-48000.0
hybrid,4500.0,0.7411133919153683,798693.0731385621
historical,4500.0,0.7232910256749221,879000.0
carbon_only,3000.0,0.6193028690519471,-48000.0
hybrid,4500.0,0.7232910256749221,795513.1190263747
historical,4500.0,0.7126237639143598,879000.0
carbon_only,3000.0,0.6341624713286368,-48000.0
hybrid,4500.0,0.7126237639143598,793403.3417788657
