file,status,date,n_states,n_region,fmt,date_reassigned_to,dropped_duplicate_content,chosen
2017-18/01.04.17_NLDC_PSP.pdf,few_states:0,2017-03-31,0,72,pdf,,False,False
2017-18/02.04.17_NLDC_PSP.pdf,few_states:0,2017-04-01,0,72,pdf,,False,False
2017-18/03.04.17_NLDC_PSP.pdf,few_states:0,2017-04-02,0,72,pdf,,False,False
2017-18/04.04.17_NLDC_PSP.pdf,few_states:0,2017-04-03,0,72,pdf,,False,False
2017-18/05.04.17_NLDC_PSP.pdf,few_states:0,2017-04-04,0,72,pdf,,False,False
2017-18/06.04.17_NLDC_PSP.pdf,few_states:0,2017-04-05,0,72,pdf,,False,False
2017-18/07.04.17_NLDC_PSP_H&E.pdf,few_states:0,2017-04-06,0,72,pdf,,False,False
2017-18/08.04.17_NLDC_PSP.pdf,few_states:0,2017-04-07,0,72,pdf,,False,False
2017-18/09.04.17_NLDC_PSP.pdf,few_states:0,2017-04-08,0,72,pdf,,False,False
2017-18/10.04.17_NLDC_PSP.pdf,few_states:0,2017-04-09,0,72,pdf,,False,False
2017-18/11.04.17_NLDC_PSP.pdf,few_states:0,2017-04-10,0,72,pdf,,False,False
2017-18/12.04.17_NLDC_PSP.pdf,few_states:0,2017-04-11,0,72,pdf,,False,False
2017-18/13.04.17_NLDC_PSP.pdf,few_states:0,2017-04-12,0,72,pdf,,False,False
2017-18/14.04.17_NLDC_PSP.pdf,few_states:0,2017-04-13,0,72,pdf,,False,False
2017-18/15.04.17_NLDC_PSP.pdf,few_states:0,2017-04-14,0,72,pdf,,False,False
2017-18/16.04.17_NLDC_PSP.pdf,few_states:0,2017-04-14,0,72,pdf,,False,False
2017-18/17.04.17_NLDC_PSP.pdf,few_states:0,2017-04-16,0,72,pdf,,False,False
2017-18/18.04.17_NLDC_PSP.pdf,few_states:0,2017-04-17,0,72,pdf,,False,False
2017-18/19.04.17_NLDC_PSP.pdf,few_states:0,2017-04-18,0,72,pdf,,False,False
2017-18/20.04.17_NLDC_PSP.pdf,few_states:0,2017-04-19,0,72,pdf,,False,False
2017-18/21.04.17_NLDC_PSP.pdf,few_states:0,2017-04-20,0,78,pdf,,False,False
2017-18/22.04.17_NLDC_PSP.pdf,few_states:0,2017-04-21,0,78,pdf,,False,False
2017-18/23.04.17_NLDC_PSP_R1.pdf,few_states:0,2017-04-22,0,78,pdf,,False,False
2017-18/24.04.17_NLDC_PSP.pdf,few_states:0,2017-04-23,0,78,pdf,,False,False
2017-18/25.04.17_NLDC_PSP.pdf,few_states:0,2017-04-24,0,78,pdf,,False,False
2017-18/26.04.17_NLDC_PSP.pdf,few_states:0,2017-04-25,0,78,pdf,,False,False
2017-18/28.04.17_NLDC_PSP.pdf,few_states:0,2017-04-27,0,78,pdf,,False,False
2017-18/29.04.17_NLDC_PSP.pdf,few_states:0,2017-04-28,0,78,pdf,,False,False
2017-18/30.04.17_NLDC_PSP.pdf,few_states:0,2017-04-29,0,78,pdf,,False,False
2017-18/01.05.17_NLDC_PSP.pdf,few_states:0,2017-04-30,0,78,pdf,,False,False
2017-18/02.05.17_NLDC_PSP.pdf,few_states:0,2017-05-01,0,78,pdf,,False,False
2017-18/03.05.17_NLDC_PSP.pdf,few_states:0,2017-05-02,0,78,pdf,,False,False
2017-18/04.05.17_NLDC_PSP.pdf,few_states:0,2017-05-03,0,78,pdf,,False,False
2017-18/05.05.17_NLDC_PSP.pdf,few_states:0,2017-05-04,0,78,pdf,,False,False
2017-18/06.05.17_NLDC_PSP.pdf,few_states:0,2017-05-05,0,78,pdf,,False,False
2017-18/07.05.17_NLDC_PSP.pdf,few_states:0,2017-05-06,0,78,pdf,,False,False
2017-18/08.05.17_NLDC_PSP.pdf,few_states:0,2017-05-07,0,78,pdf,,False,False
2017-18/09.05.17_NLDC_PSP.pdf,ok,2017-05-08,35,84,pdf,,False,True
2017-18/10.05.17_NLDC_PSP_H&E_.pdf,ok,2017-05-09,35,84,pdf,,False,True
2017-18/11.05.17_NLDC_PSP.pdf,ok,2017-05-10,35,84,pdf,,False,True
2017-18/12.05.17_NLDC_PSP.pdf,ok,2017-05-11,35,84,pdf,,False,True
2017-18/13.05.17_NLDC_PSP.pdf,ok,2017-05-12,35,84,pdf,,False,True
2017-18/14.05.17_NLDC_PSP.pdf,ok,2017-05-13,35,84,pdf,,False,True
2017-18/15.05.17_NLDC_PSP.pdf,ok,2017-05-14,35,84,pdf,,False,True
2017-18/16.05.17_NLDC_PSP.pdf,ok,2017-05-15,35,84,pdf,,False,True
2017-18/17.05.17_NLDC_PSP.pdf,ok,2017-05-16,35,84,pdf,,False,True
2017-18/18.05.17_NLDC_PSP.pdf,ok,2017-05-17,35,84,pdf,,False,True
2017-18/19.05.17_NLDC_PSP.pdf,ok,2017-05-18,35,84,pdf,,False,True
2017-18/20.05.17_NLDC_PSP.pdf,ok,2017-05-19,35,84,pdf,,False,True
2017-18/21.05.17_NLDC_PSP.pdf,ok,2017-05-20,35,84,pdf,,False,True
2017-18/22.05.17_NLDC_PSP.pdf,ok,2017-05-21,35,84,pdf,,False,True
2017-18/23.05.17_NLDC_PSP.pdf,ok,2017-05-22,35,84,pdf,,False,True
2017-18/24.05.17_NLDC_PSP.pdf,ok,2017-05-23,35,84,pdf,,False,True
2017-18/25.05.17_NLDC_PSP.pdf,ok,2017-05-24,35,84,pdf,,False,True
2017-18/26.05.17_NLDC_PSP.pdf,ok,2017-05-25,35,84,pdf,,False,True
2017-18/27.05.17_NLDC_PSP.pdf,ok,2017-05-26,35,84,pdf,,False,True
2017-18/28.05.17_NLDC_PSP.pdf,ok,2017-05-27,35,84,pdf,,False,True
2017-18/29.05.17_NLDC_PSP.pdf,ok,2017-05-28,35,84,pdf,,False,True
2017-18/30.05.17_NLDC_PSP.pdf,ok,2017-05-29,35,84,pdf,,False,True
2017-18/31.05.17_NLDC_PSP.pdf,ok,2017-05-30,35,78,pdf,,False,True
2017-18/01.06.17_NLDC_PSP.pdf,ok,2017-05-31,35,84,pdf,,False,True
2017-18/02.06.17_R0_NLDC_RLDC_PSP.pdf,ok,2017-06-01,35,84,pdf,,False,True
2017-18/03.06.17_NLDC_PSP.pdf,ok,2017-06-02,35,84,pdf,,False,True
2017-18/04.06.17_NLDC_PSP_H&E.pdf,ok,2017-06-03,35,84,pdf,,False,True
2017-18/05.06.17_NLDC_PSP.pdf,ok,2017-06-04,35,84,pdf,,False,True
2017-18/06.06.17_NLDC_PSP.pdf,ok,2017-06-05,35,84,pdf,,False,True
2017-18/07.06.17_NLDC_PSP.pdf,ok,2017-06-06,35,84,pdf,,False,True
2017-18/08.06.17_NLDC_PSP.pdf,ok,2017-06-07,35,84,pdf,,False,True
2017-18/09.06.17_NLDC_PSP.pdf,ok,2017-06-08,35,84,pdf,,False,True
2017-18/10.06.17_NLDC_PSP.pdf,ok,2017-06-09,35,84,pdf,,False,True
2017-18/11.06.17_NLDC_PSP.pdf,ok,2017-06-10,35,84,pdf,,False,True
2017-18/12.06.17_NLDC_PSP_HE_IR.pdf,ok,2017-06-11,35,84,pdf,,False,True
2017-18/13.06.17_NLDC_PSP_IR.pdf,ok,2017-06-12,35,84,pdf,,False,True
2017-18/14.06.17_NLDC_PSP.pdf,ok,2017-06-13,35,84,pdf,,False,True
2017-18/15.06.17_NLDC_PSP.pdf,ok,2017-06-14,35,84,pdf,,False,True
2017-18/16.06.17_NLDC_PSP.pdf,ok,2017-06-15,35,84,pdf,,False,True
2017-18/17.06.17_R1_NLDC_PSP.pdf,ok,2017-06-16,35,84,pdf,,False,True
2017-18/18.06.17_NLDC_PSP.pdf,ok,2017-06-17,35,84,pdf,,False,True
2017-18/19.06.17_NLDC_PSP.pdf,ok,2017-06-18,35,84,pdf,,False,True
2017-18/20.06.17_NLDC_PSP.pdf,ok,2017-06-19,35,84,pdf,,False,True
2017-18/21.06.17_NLDC_PSP.pdf,ok,2017-06-20,35,84,pdf,,False,True
2017-18/22.06.17_NLDC_PSP.pdf,ok,2017-06-21,35,84,pdf,,False,True
2017-18/23.06.17_NLDC_PSP.pdf,ok,2017-06-22,35,84,pdf,,False,True
2017-18/24.06.17_NLDC_PSP.pdf,ok,2017-06-23,35,84,pdf,,False,True
2017-18/25.06.17_NLDC_PSP.pdf,ok,2017-06-24,35,84,pdf,,False,True
2017-18/26.06.17_NLDC_PSP.pdf,ok,2017-06-25,35,84,pdf,,False,True
2017-18/27.06.17_NLDC_PSP_H&E_IR.pdf,ok,2017-06-26,35,84,pdf,,False,True
2017-18/28.06.17_NLDC_PSP.pdf,ok,2017-06-27,35,84,pdf,,False,True
2017-18/29.06.17_NLDC_PSP_H&E.pdf,ok,2017-06-28,35,84,pdf,,False,True
2017-18/30.06.17_NLDC_PSP.pdf,ok,2017-06-29,35,84,pdf,,False,True
2017-18/01.07.17_NLDC_PSP.pdf,ok,2017-06-30,35,84,pdf,,False,True
2017-18/02.07.17_NLDC_PSP.pdf,ok,2017-07-01,35,84,pdf,,False,True
2017-18/03.07.17_NLDC_PSP.pdf,ok,2017-07-02,35,84,pdf,,False,True
2017-18/04.07.17_NLDC_PSP.pdf,ok,2017-07-03,35,84,pdf,,False,True
2017-18/05.07.17_NLDC_PSP.pdf,ok,2017-07-04,35,84,pdf,,False,True
2017-18/06.07.17_NLDC_PSP.pdf,ok,2017-07-05,35,84,pdf,,False,True
2017-18/07.07.17_NLDC_PSP_H&E.pdf,ok,2017-07-06,35,84,pdf,,False,True
2017-18/08.07.17_NLDC_PSP_H&E.pdf,ok,2017-07-07,35,84,pdf,,False,True
2017-18/09.07.17_NLDC_PSP_H&E.pdf,ok,2017-07-08,35,84,pdf,,False,True
2017-18/10.07.17_NLDC_PSP.pdf,ok,2017-07-09,35,84,pdf,,False,True
2017-18/11.07.17_NLDC_PSP.pdf,ok,2017-07-10,35,84,pdf,,False,True
2017-18/12.07.17_NLDC_PSP.pdf,ok,2017-07-11,35,84,pdf,,False,True
2017-18/13.07.17_NLDC_PSP.pdf,ok,2017-07-12,35,84,pdf,,False,True
2017-18/14.07.17_NLDC_PSP.pdf,ok,2017-07-13,35,84,pdf,,False,True
2017-18/15.07.17_NLDC_PSP.pdf,ok,2017-07-14,35,84,pdf,,False,True
2017-18/16.07.17_NLDC_PSP.pdf,ok,2017-07-15,35,84,pdf,,False,True
2017-18/17.07.17_NLDC_PSP.pdf,ok,2017-07-16,35,84,pdf,,False,True
2017-18/18.07.17_NLDC_PSP.pdf,ok,2017-07-17,35,84,pdf,,False,True
2017-18/19.07.17_NLDC_PSP.pdf,ok,2017-07-18,35,84,pdf,,False,True
2017-18/20.07.17_NLDC_PSP.pdf,ok,2017-07-19,35,84,pdf,,False,True
2017-18/21.07.17_NLDC_PSP.pdf,ok,2017-07-20,35,84,pdf,,False,True
2017-18/22.07.17_NLDC_PSP.pdf,ok,2017-07-21,35,84,pdf,,False,True
2017-18/23.07.17_NLDC_PSP.pdf,ok,2017-07-22,35,84,pdf,,False,True
2017-18/24.07.17_NLDC_PSP.pdf,ok,2017-07-23,35,84,pdf,,False,True
2017-18/25.07.17_NLDC_PSP.pdf,ok,2017-07-24,35,84,pdf,,False,True
2017-18/26.07.17_NLDC_PSP.pdf,ok,2017-07-25,35,84,pdf,,False,True
2017-18/27.07.17_NLDC_PSP.pdf,ok,2017-07-26,35,84,pdf,,False,True
2017-18/28.07.17_NLDC_PSP.pdf,ok,2017-07-27,35,84,pdf,,False,True
2017-18/29.07.17_NLDC_PSP_H&E.pdf,ok,2017-07-28,35,84,pdf,,False,True
2017-18/30.07.17_NLDC_PSP.pdf,ok,2017-07-29,35,84,pdf,,False,True
2017-18/31.07.17_NLDC_PSP.pdf,ok,2017-07-30,35,84,pdf,,False,True
2017-18/01.08.17_NLDC_PSP.pdf,ok,2017-07-31,35,84,pdf,,False,True
2017-18/02.08.17_NLDC_PSP.pdf,ok,2017-08-01,35,84,pdf,,False,True
2017-18/03.08.17_NLDC_PSP.pdf,ok,2017-08-02,35,84,pdf,,False,True
2017-18/04.08.17_NLDC_PSP.pdf,ok,2017-08-03,35,84,pdf,,False,True
2017-18/05.08.17_NLDC_PSP.pdf,ok,2017-08-04,35,84,pdf,,False,True
2017-18/06.08.17_NLDC_PSP.pdf,ok,2017-08-05,35,84,pdf,,False,True
2017-18/07.08.17_NLDC_PSP.pdf,ok,2017-08-06,35,84,pdf,,False,True
2017-18/09.08.17_NLDC_PSP.pdf,ok,2017-08-08,35,84,pdf,,False,True
2017-18/10.08.17_NLDC_PSP.pdf,ok,2017-08-09,35,84,pdf,,False,True
2017-18/11.08.17_NLDC_PSP.pdf,ok,2017-08-10,35,84,pdf,,False,True
2017-18/12.08.17_NLDC_PSP.pdf,ok,2017-08-11,35,84,pdf,,False,True
2017-18/13.08.17_NLDC_PSP.pdf,ok,2017-08-12,35,84,pdf,,False,True
2017-18/14.08.17_NLDC_PSP.pdf,ok,2017-08-13,35,84,pdf,,False,True
2017-18/15.08.17_NLDC_PSP.pdf,ok,2017-08-14,35,84,pdf,,False,True
2017-18/16.08.17_NLDC_PSP.pdf,ok,2017-08-15,35,84,pdf,,False,True
2017-18/17.08.17_NLDC_PSP.pdf,ok,2017-08-16,35,84,pdf,,False,True
2017-18/18.08.17_NLDC_PSP.pdf,ok,2017-08-17,35,84,pdf,,False,True
2017-18/19.08.17_NLDC_PSP.pdf,ok,2017-08-18,35,84,pdf,,False,True
2017-18/20.08.17_NLDC_PSP.pdf,ok,2017-08-19,35,84,pdf,,False,True
2017-18/21.08.17_NLDC_PSP.pdf,ok,2017-08-20,35,84,pdf,,False,True
2017-18/22.08.17_NLDC_PSP.pdf,ok,2017-08-21,35,84,pdf,,False,True
2017-18/23.08.17_NLDC_PSP.pdf,ok,2017-08-22,35,84,pdf,,False,True
2017-18/24.08.17_NLDC_PSP.pdf,ok,2017-08-23,35,84,pdf,,False,True
2017-18/25.08.17_NLDC_PSP.pdf,ok,2017-08-24,35,84,pdf,,False,True
2017-18/26.08.17_NLDC_PSP.pdf,ok,2017-08-25,35,72,pdf,,False,True
2017-18/27.08.17_NLDC_PSP.pdf,ok,2017-08-26,35,84,pdf,,False,True
2017-18/28.08.17_NLDC_PSP.pdf,ok,2017-08-27,35,72,pdf,,False,True
2017-18/29.08.17_NLDC_PSP.pdf,ok,2017-08-28,35,108,pdf,,False,True
2017-18/30.08.17_NLDC_PSP.pdf,ok,2017-08-29,35,108,pdf,,False,True
2017-18/01.09.17_NLDC_PSP.pdf,ok,2017-08-31,35,108,pdf,,False,True
2017-18/02.09.17_NLDC_PSP.pdf,ok,2017-09-01,35,120,pdf,,False,True
2017-18/03.09.17_NLDC_PSP.pdf,ok,2017-09-02,35,120,pdf,,False,True
2017-18/04.09.17_NLDC_PSP.pdf,ok,2017-09-03,35,108,pdf,,False,True
2017-18/05.09.17_NLDC_PSP.pdf,ok,2017-09-04,35,108,pdf,,False,True
2017-18/06.09.17_NLDC_PSP_H&E.pdf,ok,2017-09-05,35,120,pdf,,False,True
2017-18/07.09.17_NLDC_PSP.pdf,ok,2017-09-06,35,108,pdf,,False,True
2017-18/08.09.17_NLDC_PSP.pdf,ok,2017-09-07,35,108,pdf,,False,True
2017-18/09.09.17_NLDC_PSP.pdf,ok,2017-09-08,35,120,pdf,,False,True
2017-18/10.09.17_NLDC_PSP.pdf,ok,2017-09-09,35,120,pdf,,False,True
2017-18/11.09.17_NLDC_PSP.pdf,ok,2017-09-10,35,120,pdf,,False,True
2017-18/12.09.17_NLDC_PSP.pdf,ok,2017-09-11,35,108,pdf,,False,True
2017-18/13.09.17_NLDC_PSP.pdf,ok,2017-09-12,35,120,pdf,,False,True
2017-18/14.09.17_NLDC_PSP.pdf,ok,2017-09-13,35,120,pdf,,False,True
2017-18/15.09.17_NLDC_PSP.pdf,ok,2017-09-14,35,108,pdf,,False,True
2017-18/16.09.17_NLDC_PSP.pdf,ok,2017-09-15,35,120,pdf,,False,True
2017-18/17.09.17_NLDC_PSP.pdf,ok,2017-09-16,35,120,pdf,,False,True
2017-18/18.09.17_NLDC_PSP.pdf,ok,2017-09-17,35,108,pdf,,False,True
2017-18/19.09.17_NLDC_PSP.pdf,ok,2017-09-18,35,108,pdf,,False,True
2017-18/20.09.17_NLDC_PSP.pdf,ok,2017-09-19,35,120,pdf,,False,True
2017-18/21.09.17_NLDC_PSP.pdf,ok,2017-09-20,35,120,pdf,,False,True
2017-18/22.09.17_NLDC_PSP__H&E.pdf,ok,2017-09-21,35,120,pdf,,False,True
2017-18/23.09.17_NLDC_PSP.pdf,ok,2017-09-22,35,120,pdf,,False,True
2017-18/24.09.17_NLDC_PSP.pdf,ok,2017-09-23,35,120,pdf,,False,True
2017-18/25.09.17_NLDC_PSP.pdf,ok,2017-09-24,35,120,pdf,,False,True
2017-18/26.09.17_NLDC_PSP.pdf,ok,2017-09-25,35,108,pdf,,False,True
2017-18/27.09.17_NLDC_PSP.pdf,ok,2017-09-26,35,120,pdf,,False,True
2017-18/28.09.17_NLDC_PSP.pdf,ok,2017-09-27,35,120,pdf,,False,True
2017-18/29.09.17_NLDC_PSP.pdf,ok,2017-09-27,35,108,pdf,,False,False
2017-18/30.09.17_NLDC_PSP.pdf,ok,2017-09-29,35,120,pdf,,False,True
2017-18/01.10.17_NLDC_PSP.pdf,ok,2017-09-30,35,120,pdf,,False,True
2017-18/02.10.17_NLDC_PSP.pdf,ok,2017-10-01,35,120,pdf,,False,True
2017-18/03.10.17_NLDC_PSP.pdf,ok,2017-10-02,35,120,pdf,,False,True
2017-18/04.10.17_NLDC_PSP.pdf,ok,2017-10-03,35,120,pdf,,False,True
2017-18/05.10.17_NLDC_PSP.pdf,ok,2017-10-04,35,120,pdf,,False,True
2017-18/06.10.17_NLDC_PSP.pdf,ok,2017-10-05,35,120,pdf,,False,True
2017-18/07.10.17_NLDC_PSP.pdf,ok,2017-10-06,35,120,pdf,,False,True
2017-18/08.10.17_NLDC_PSP.pdf,ok,2017-10-07,35,114,pdf,,False,True
2017-18/09.10.17_NLDC_PSP.pdf,ok,2017-10-08,35,120,pdf,,False,True
2017-18/10.10.17_NLDC_PSP.pdf,ok,2017-10-09,35,120,pdf,,False,True
2017-18/11.10.17_NLDC_PSP.pdf,ok,2017-10-10,35,120,pdf,,False,True
2017-18/12.10.17_NLDC_PSP.pdf,ok,2017-10-11,35,108,pdf,,False,True
2017-18/13.10.17_NLDC_PSP.pdf,ok,2017-10-12,35,108,pdf,,False,True
2017-18/14.10.17_NLDC_PSP.pdf,ok,2017-10-13,35,120,pdf,,False,True
2017-18/15.10.17_NLDC_PSP.pdf,ok,2017-10-14,35,120,pdf,,False,True
2017-18/16.10.17_NLDC_PSP.pdf,ok,2017-10-15,35,120,pdf,,False,True
2017-18/17.10.17_NLDC_PSP_H&E.pdf,ok,2017-10-16,35,120,pdf,,False,True
2017-18/18.10.17_NLDC_PSP.pdf,ok,2017-10-17,35,120,pdf,,False,True
2017-18/19.10.17_NLDC_PSP.pdf,ok,2017-10-18,35,120,pdf,,False,True
2017-18/20.10.17_NLDC_PSP.pdf,ok,2017-10-19,35,120,pdf,,False,True
2017-18/21.10.17_NLDC_PSP.pdf,ok,2017-10-20,35,120,pdf,,False,True
2017-18/22.10.17_NLDC_PSP.pdf,ok,2017-10-21,35,120,pdf,,False,True
2017-18/23.10.17_NLDC_PSP.pdf,ok,2017-10-22,35,120,pdf,,False,True
2017-18/24.10.17_NLDC_PSP.pdf,ok,2017-10-23,35,120,pdf,,False,True
2017-18/25.10.17_NLDC_PSP.pdf,ok,2017-10-24,35,120,pdf,,False,True
2017-18/26.10.17_NLDC_PSP.pdf,ok,2017-10-25,35,120,pdf,,False,True
2017-18/27.10.17_NLDC_PSP_R0.pdf,ok,2017-10-26,35,120,pdf,,False,True
2017-18/28.10.17_NLDC_PSP.pdf,ok,2017-10-27,35,120,pdf,,False,True
2017-18/29.10.17_NLDC_PSP.pdf,ok,2017-10-28,35,120,pdf,,False,True
2017-18/30.10.17_NLDC_PSP.pdf,ok,2017-10-29,35,120,pdf,,False,True
2017-18/31.10.17_NLDC_PSP.pdf,ok,2017-10-30,35,120,pdf,,False,True
2017-18/01.11.17_NLDC_PSP_H&E.pdf,ok,2017-10-31,35,120,pdf,,False,True
2017-18/02.11.17_NLDC_PSP.pdf,ok,2017-11-01,35,108,pdf,,False,True
2017-18/03.11.17_NLDC_PSP.pdf,ok,2017-11-02,35,108,pdf,,False,True
2017-18/04.11.17_NLDC_PSP.pdf,ok,2017-11-03,35,120,pdf,,False,True
2017-18/05.11.17_NLDC_PSP.pdf,ok,2017-11-04,35,120,pdf,,False,True
2017-18/07.11.17_NLDC_PSP.pdf,ok,2017-11-06,35,120,pdf,,False,True
2017-18/08.11.17_NLDC_PSP.pdf,ok,2017-11-07,35,108,pdf,,False,True
2017-18/09.11.17_NLDC_PSP.pdf,ok,2017-11-08,35,108,pdf,,False,True
2017-18/10.11.17_NLDC_PSP.pdf,ok,2017-11-09,35,108,pdf,,False,True
2017-18/11.11.17_NLDC_PSP.pdf,ok,2017-11-10,35,120,pdf,,False,True
2017-18/12.11.17_NLDC_PSP.pdf,ok,2017-11-11,35,120,pdf,,False,True
2017-18/13.11.17_NLDC_PSP.pdf,ok,2017-11-12,35,120,pdf,,False,True
2017-18/14.11.17_NLDC_PSP.pdf,ok,2017-11-13,35,120,pdf,,False,True
2017-18/15.11.17_NLDC_PSP.pdf,ok,2017-11-14,35,120,pdf,,False,True
2017-18/16.11.17_NLDC_PSP.pdf,ok,2017-11-15,35,120,pdf,,False,True
2017-18/17.11.17_NLDC_PSP.pdf,ok,2017-11-16,35,120,pdf,,False,True
2017-18/18.11.17_NLDC_PSP.pdf,ok,2017-11-17,35,120,pdf,,False,True
2017-18/19.11.17_NLDC_PSP.pdf,ok,2017-11-18,35,120,pdf,,False,True
2017-18/20.11.17_NLDC_PSP.pdf,ok,2017-11-19,35,120,pdf,,False,True
2017-18/21.11.17_NLDC_PSP.pdf,ok,2017-11-20,35,120,pdf,,False,True
2017-18/22.11.17_NLDC_PSP.pdf,ok,2017-11-21,35,120,pdf,,False,True
2017-18/23.11.17_NLDC_PSP.pdf,ok,2017-11-22,35,120,pdf,,False,True
2017-18/24.11.17_NLDC_PSP.pdf,ok,2017-11-23,35,120,pdf,,False,True
2017-18/25.11.17_NLDC_PSP.pdf,ok,2017-11-24,35,120,pdf,,False,True
2017-18/26.11.17_NLDC_PSP_H&E.pdf,ok,2017-11-25,35,120,pdf,,False,True
2017-18/27.11.17_NLDC_PSP.pdf,ok,2017-11-26,35,120,pdf,,False,True
2017-18/28.11.17_NLDC_PSP.pdf,ok,2017-11-27,35,120,pdf,,False,True
2017-18/29.11.17_NLDC_PSP.pdf,ok,2017-11-28,35,120,pdf,,False,True
2017-18/30.11.17_NLDC_PSP.pdf,ok,2017-11-29,35,120,pdf,,False,True
2017-18/01.12.17_NLDC_PSP.pdf,ok,2017-11-30,35,120,pdf,,False,True
2017-18/02.12.17_NLDC_PSP.pdf,ok,2017-12-01,35,120,pdf,,False,True
2017-18/03.12.17_NLDC_PSP.pdf,ok,2017-12-02,35,120,pdf,,False,True
2017-18/04.12.17_NLDC_PSP.pdf,ok,2017-12-03,35,120,pdf,,False,True
2017-18/05.12.17_NLDC_PSP.pdf,ok,2017-12-04,35,120,pdf,,False,True
2017-18/06.12.17_NLDC_PSP.pdf,ok,2017-12-05,35,120,pdf,,False,True
2017-18/07.12.17_NLDC_PSP.pdf,ok,2017-12-06,35,120,pdf,,False,True
2017-18/08.12.17_NLDC_PSP.pdf,ok,2017-12-07,35,120,pdf,,False,True
2017-18/09.12.17_NLDC_PSP.pdf,ok,2017-12-08,35,120,pdf,,False,True
2017-18/10.12.17_NLDC_PSP.pdf,ok,2017-12-09,35,120,pdf,,False,True
2017-18/11.12.17_NLDC_PSP.pdf,ok,2017-12-10,35,120,pdf,,False,True
2017-18/12.12.17_NLDC_PSP.pdf,ok,2017-12-11,35,120,pdf,,False,True
2017-18/13.12.17_NLDC_PSP.pdf,ok,2017-12-12,35,120,pdf,,False,True
2017-18/14.12.17_NLDC_PSP.pdf,ok,2017-12-13,35,120,pdf,,False,True
2017-18/15.12.17_NLDC_PSP.pdf,ok,2017-12-14,35,120,pdf,,False,True
2017-18/16.12.17_NLDC_PSP.pdf,ok,2017-12-15,35,120,pdf,,False,True
2017-18/17.12.17_NLDC_PSP.pdf,ok,2017-12-16,35,120,pdf,,False,True
2017-18/18.12.17_NLDC_PSP.pdf,ok,2017-12-17,35,120,pdf,,False,True
2017-18/19.12.17_NLDC_PSP.pdf,ok,2017-12-18,35,120,pdf,,False,True
2017-18/20.12.17_NLDC_PSP.pdf,ok,2017-12-19,35,120,pdf,,False,True
2017-18/21.12.17_NLDC_PSP.pdf,ok,2017-12-20,35,120,pdf,,False,True
2017-18/22.12.17_NLDC_PSP.pdf,ok,2017-12-21,35,120,pdf,,False,True
2017-18/23.12.17_NLDC_PSP.pdf,ok,2017-12-22,35,120,pdf,,False,True
2017-18/24.12.17_NLDC_PSP.pdf,ok,2017-12-23,35,120,pdf,,False,True
2017-18/25.12.17_NLDC_PSP.pdf,ok,2017-12-24,35,120,pdf,,False,True
2017-18/26.12.17_NLDC_PSP.pdf,ok,2017-12-25,35,120,pdf,,False,True
2017-18/27.12.17_NLDC_PSP.pdf,ok,2017-12-26,35,120,pdf,,False,True
2017-18/28.12.17_NLDC_PSP.pdf,ok,2017-12-27,35,120,pdf,,False,True
2017-18/29.12.17_NLDC_PSP.pdf,ok,2017-12-28,35,120,pdf,,False,True
2017-18/30.12.17_NLDC_PSP.pdf,ok,2017-12-29,35,120,pdf,,False,True
2017-18/31.12.17_NLDC_PSP.pdf,ok,2017-12-30,35,120,pdf,,False,True
2017-18/01.01.18_NLDC_PSP.pdf,ok,2017-12-31,35,120,pdf,,False,True
2017-18/02.01.18_NLDC_PSP.pdf,ok,2018-01-01,35,120,pdf,,False,True
2017-18/03.01.18_NLDC_PSP.pdf,ok,2018-01-02,35,120,pdf,,False,True
2017-18/04.01.18_NLDC_ PSP.pdf,ok,2018-01-03,35,120,pdf,,False,True
2017-18/05.01.18_NLDC_PSP.pdf,ok,2018-01-04,35,120,pdf,,False,True
2017-18/06.01.18_NLDC_ PSP .pdf,not_psp_or_no_date,,0,0,pdf,,False,False
2017-18/07.01.18_NLDC_PSP.pdf,ok,2018-01-06,35,120,pdf,,False,True
2017-18/08.01.18_NLDC_PSP.pdf,ok,2018-01-07,35,120,pdf,,False,True
2017-18/09.01.18_NLDC_PSP.pdf,ok,2018-01-08,35,120,pdf,,False,True
2017-18/10.01.18_NLDC_PSP.pdf,ok,2018-01-09,35,120,pdf,,False,True
2017-18/11.01.18_NLDC_PSP.pdf,ok,2018-01-10,35,120,pdf,,False,True
2017-18/12.01.18_NLDC_PSP.pdf,ok,2018-01-11,35,120,pdf,,False,True
2017-18/13.01.18_NLDC_PSP.pdf,ok,2018-01-12,35,120,pdf,,False,True
2017-18/14.01.18_NLDC_PSP.pdf,ok,2018-01-13,35,120,pdf,,False,True
2017-18/15.01.18_NLDC_PSP.pdf,ok,2018-01-14,35,120,pdf,,False,True
2017-18/16.01.18_NLDC_PSP.pdf,ok,2018-01-15,35,120,pdf,,False,True
2017-18/17.01.18_NLDC_PSP.pdf,ok,2018-01-16,35,120,pdf,,False,True
2017-18/18.01.18_NLDC_PSP.pdf,ok,2018-01-17,35,120,pdf,,False,True
2017-18/19.01.18_NLDC_PSP.pdf,ok,2018-01-18,35,120,pdf,,False,True
2017-18/20.01.18_NLDC_PSP.pdf,ok,2018-01-19,35,120,pdf,,False,True
2017-18/21.01.18_NLDC_PSP.pdf,ok,2018-01-20,35,120,pdf,,False,True
2017-18/22.01.18_NLDC_PSP.pdf,ok,2018-01-21,35,120,pdf,,False,True
2017-18/23.01.18_NLDC_PSP.pdf,ok,2018-01-22,35,120,pdf,,False,True
2017-18/24.01.18_NLDC_PSP.pdf,ok,2018-01-23,35,120,pdf,,False,True
2017-18/25.01.18_NLDC_PSP.pdf,ok,2018-01-24,35,120,pdf,,False,True
2017-18/26.01.18_NLDC_PSP.pdf,ok,2018-01-25,35,120,pdf,,False,True
2017-18/27.01.18_NLDC_PSP.pdf,ok,2018-01-26,35,120,pdf,,False,True
2017-18/28.01.18_NLDC_PSP.pdf,ok,2018-01-27,35,120,pdf,,False,True
2017-18/29.01.18_NLDC_PSP.pdf,ok,2018-01-28,35,120,pdf,,False,True
2017-18/30.01.18_NLDC_PSP.pdf,ok,2018-01-29,35,120,pdf,,False,True
2017-18/31.01.18_NLDC_PSP.pdf,ok,2018-01-30,35,120,pdf,,False,True
2017-18/01.02.18_NLDC_PSP.pdf,ok,2018-01-31,35,120,pdf,,False,True
2017-18/02.02.18_NLDC_PSP.pdf,ok,2018-01-31,35,120,pdf,,False,False
2017-18/03.02.18_NLDC_PSP.pdf,ok,2018-02-01,35,120,pdf,,False,True
2017-18/04.02.18_NLDC_PSP.pdf,ok,2018-02-03,35,120,pdf,,False,True
2017-18/05.02.18_NLDC_PSP_H&_E.pdf,ok,2018-02-04,35,120,pdf,,False,True
2017-18/06.02.18_NLDC_PSP.pdf,ok,2018-02-05,35,120,pdf,,False,True
2017-18/07.02.18_NLDC_PSP.pdf,ok,2018-02-06,35,120,pdf,,False,True
2017-18/08.02.18_NLDC_PSP.pdf,ok,2018-02-07,35,120,pdf,,False,True
2017-18/09.02.18_R0_NLDC_PSP.pdf,ok,2018-02-08,35,120,pdf,,False,True
2017-18/10.02.18_NLDC_PSP.pdf,ok,2018-02-09,35,120,pdf,,False,True
2017-18/11.02.18_NLDC_PSP.pdf,ok,2018-02-10,35,120,pdf,,False,True
2017-18/12.02.18_NLDC_PSP.pdf,ok,2018-02-11,35,120,pdf,,False,True
2017-18/13.02.18_NLDC_PSP__H&E.pdf,ok,2018-02-12,35,120,pdf,,False,True
2017-18/14.02.18_NLDC_PSP.pdf,ok,2018-02-13,35,120,pdf,,False,True
2017-18/15.02.18_NLDC_PSP.pdf,ok,2018-02-14,35,120,pdf,,False,True
2017-18/16.02.18_NLDC_PSP.pdf,ok,2018-02-15,35,120,pdf,,False,True
2017-18/17.02.18_NLDC_PSP.pdf,ok,2018-02-16,35,120,pdf,,False,True
2017-18/18.02.18_NLDC_PSP.pdf,ok,2018-02-17,35,120,pdf,,False,True
2017-18/19.02.18_NLDC_PSP.pdf,ok,2018-02-18,35,120,pdf,,False,True
2017-18/20.02.18_NLDC_PSP.pdf,ok,2018-02-19,35,120,pdf,,False,True
2017-18/21.02.18_NLDC_PSP.pdf,ok,2018-02-20,35,120,pdf,,False,True
2017-18/22.02.18_NLDC_PSP.pdf,ok,2018-02-21,35,120,pdf,,False,True
2017-18/23.02.18_NLDC_PSP.pdf,ok,2018-02-22,35,120,pdf,,False,True
2017-18/24.02.18_NLDC_PSP.pdf,ok,2018-02-23,35,120,pdf,,False,True
2017-18/25.02.18_NLDC_PSP.pdf,ok,2018-02-24,35,120,pdf,,False,True
2017-18/26.02.18_NLDC_PSP.pdf,ok,2018-02-25,35,120,pdf,,False,True
2017-18/27.02.18_NLDC_PSP.pdf,ok,2018-02-26,35,120,pdf,,False,True
2017-18/28.02.18_NLDC_PSP.pdf,ok,2018-02-27,35,120,pdf,,False,True
2017-18/01.03.18_NLDC_PSP.pdf,ok,2018-02-28,35,120,pdf,,False,True
2017-18/02.03.18_NLDC_PSP.pdf,ok,2018-03-01,35,120,pdf,,False,True
2017-18/04.03.18_NLDC_PSP.pdf,ok,2018-03-03,35,120,pdf,,False,True
2017-18/05.03.18_NLDC_PSP.pdf,ok,2018-03-04,35,120,pdf,,False,True
2017-18/06.03.18_NLDC_PSP.pdf,ok,2018-03-05,35,120,pdf,,False,True
2017-18/07.03.18_NLDC_PSP.pdf,ok,2018-03-06,35,120,pdf,,False,True
2017-18/08.03.18_NLDC_PSP.pdf,ok,2018-03-07,35,120,pdf,,False,True
2017-18/09.03.18_NLDC_PSP.pdf,ok,2018-03-08,35,120,pdf,,False,True
2017-18/10.03.18_NLDC_PSP.pdf,ok,2018-03-09,35,120,pdf,,False,True
2017-18/11.03.18_NLDC_PSP.pdf,ok,2018-03-10,35,120,pdf,,False,True
2017-18/12.03.18_NLDC_PSP.pdf,ok,2018-03-11,35,120,pdf,,False,True
2017-18/13.03.18_NLDC_PSP.pdf,ok,2018-03-12,35,120,pdf,,False,True
2017-18/14.03.18_NLDC_PSP.pdf,ok,2018-03-13,35,120,pdf,,False,True
2017-18/15.03.18_NLDC_PSP.pdf,ok,2018-03-14,35,120,pdf,,False,True
2017-18/16.03.18_NLDC PSP.pdf,ok,2018-03-15,35,120,pdf,,False,True
2017-18/17.03.18_NLDC PSP.pdf,ok,2018-03-16,35,120,pdf,,False,True
2017-18/18.03.18_NLDC_PSP.pdf,ok,2018-03-17,35,120,pdf,,False,True
2017-18/19.03.18_NLDC_PSP.pdf,ok,2018-03-18,35,120,pdf,,False,True
2017-18/20.03.18_NLDC_PSP.pdf,ok,2018-03-19,35,120,pdf,,False,True
2017-18/21.03.18_NLDC_PSP.pdf,ok,2018-03-20,35,120,pdf,,False,True
2017-18/22.03.18_NLDC_PSP.pdf,ok,2018-03-21,35,120,pdf,,False,True
2017-18/23.03.18_NLDC_PSP.pdf,ok,2018-03-22,35,120,pdf,,False,True
2017-18/24.03.18_NLDC_PSP.pdf,ok,2018-03-23,35,120,pdf,,False,True
2017-18/25.03.18_NLDC_PSP.pdf,ok,2018-03-24,35,120,pdf,,False,True
2017-18/26.03.18_R0_NLDC_PSP.pdf,ok,2018-03-25,35,120,pdf,,False,False
2017-18/26.03.18_NLDC_PSP__H&E.pdf,ok,2018-03-25,35,120,pdf,,False,True
2017-18/27.03.18_NLDC_PSP.pdf,ok,2018-03-26,35,120,pdf,,False,True
2017-18/28.03.18_NLDC_PSP.pdf,ok,2018-03-27,35,120,pdf,,False,True
2017-18/29.03.18_NLDC_PSP.pdf,ok,2018-03-28,35,120,pdf,,False,True
2017-18/30.03.18_NLDC_PSP.pdf,ok,2018-03-29,35,120,pdf,,False,True
2017-18/31.03.18_NLDC_PSP.pdf,ok,2018-03-30,35,120,pdf,,False,True
2017-18/Frequency 23.03.18.pdf,not_psp_or_no_date,,0,0,pdf,,False,False
2018-19/01.04.18_NLDC_PSP.pdf,ok,2018-03-31,35,120,pdf,,False,True
2018-19/02.04.18_NLDC_PSP.pdf,ok,2018-04-01,35,120,pdf,,False,True
2018-19/03.04.18_NLDC_PSP.pdf,ok,2018-04-02,35,120,pdf,,False,True
2018-19/04.04.18_NLDC_PSP.pdf,ok,2018-04-03,35,120,pdf,,False,True
2018-19/05.04.18_NLDC_PSP.pdf,ok,2018-04-04,35,120,pdf,,False,True
2018-19/06.04.18_NLDC_PSP.pdf,ok,2018-04-05,35,120,pdf,,False,True
2018-19/07.04.18_NLDC_PSP.pdf,ok,2018-04-06,35,120,pdf,,False,True
2018-19/08.04.18_NLDC_PSP.pdf,ok,2018-04-07,35,120,pdf,,False,True
2018-19/09.04.18_NLDC_PSP.pdf,ok,2018-04-08,35,120,pdf,,False,True
2018-19/10.04.18_NLDC_PSP.pdf,ok,2018-04-09,35,120,pdf,,False,True
2018-19/11.04.18_NLDC_PSP_H&E_.pdf,ok,2018-04-10,35,120,pdf,,False,True
2018-19/12.04.18_NLDC_PSP.pdf,ok,2018-04-11,35,120,pdf,,False,True
2018-19/13.04.18_NLDC_PSP.pdf,ok,2018-04-12,35,120,pdf,,False,True
2018-19/14.04.18_NLDC_PSP.pdf,ok,2018-04-13,35,120,pdf,,False,True
2018-19/15.04.18_NLDC_PSP.pdf,ok,2018-04-14,35,120,pdf,,False,True
2018-19/16.04.18_NLDC_PSP.pdf,ok,2018-04-15,35,120,pdf,,False,True
2018-19/17.04.18_NLDC_PSP.pdf,ok,2018-04-16,35,120,pdf,,False,True
2018-19/18.04.18_NLDC_PSP__H&E.pdf,ok,2018-04-17,35,120,pdf,,False,True
2018-19/19.04.18_NLDC_PSP__H&E.pdf,ok,2018-04-18,35,120,pdf,,False,True
2018-19/20.04.18_NLDC_PSP__H&E.pdf,ok,2018-04-19,35,120,pdf,,False,True
2018-19/21.04.18_NLDC_PSP.pdf,ok,2018-04-20,35,120,pdf,,False,True
2018-19/22.04.18_NLDC_PSP.pdf,ok,2018-04-21,35,120,pdf,,False,True
2018-19/23.04.18_NLDC_PSP.pdf,ok,2018-04-22,35,120,pdf,,False,True
2018-19/24.04.18_NLDC_PSP.pdf,ok,2018-04-23,35,120,pdf,,False,True
2018-19/25.04.18_NLDC_PSP.pdf,ok,2018-04-24,35,120,pdf,,False,True
2018-19/26.04.18_NLDC_PSP.pdf,ok,2018-04-25,35,120,pdf,,False,True
2018-19/27.04.18_NLDC_PSP.pdf,ok,2018-04-26,35,120,pdf,,False,True
2018-19/28.04.18_NLDC_PSP.pdf,ok,2018-04-27,35,120,pdf,,False,True
2018-19/29.04.18_NLDC_PSP.pdf,ok,2018-04-28,35,120,pdf,,False,True
2018-19/30.04.18_NLDC_PSP.pdf,ok,2018-04-29,35,120,pdf,,False,True
2018-19/01.05.18_NLDC_PSP.pdf,ok,2018-04-30,35,120,pdf,,False,True
2018-19/02.05.18_NLDC_PSP.pdf,ok,2018-05-01,35,120,pdf,,False,True
2018-19/03.05.18_NLDC_PSP.pdf,ok,2018-05-02,35,120,pdf,,False,True
2018-19/04.05.18_NLDC_PSP_H&E.pdf,ok,2018-05-03,35,120,pdf,,False,True
2018-19/05.05.18_NLDC_PSP.pdf,ok,2018-05-04,35,120,pdf,,False,True
2018-19/06.05.18_NLDC_PSP.pdf,ok,2018-05-05,35,120,pdf,,False,True
2018-19/07.05.18_NLDC_PSP.pdf,ok,2018-05-06,35,120,pdf,,False,True
2018-19/08.05.18_NLDC_PSP.pdf,ok,2018-05-07,35,120,pdf,,False,True
2018-19/09.05.18_NLDC_PSP.pdf,ok,2018-05-08,35,114,pdf,,False,True
2018-19/10.05.18_NLDC_PSP.pdf,ok,2018-05-09,35,114,pdf,,False,True
2018-19/11.05.18_NLDC_PSP.pdf,ok,2018-05-10,35,120,pdf,,False,True
2018-19/12.05.18_NLDC_PSP.pdf,ok,2018-05-11,35,120,pdf,,False,True
2018-19/13.05.18_NLDC_PSP.pdf,ok,2018-05-12,35,120,pdf,,False,True
2018-19/14.05.18_NLDC_PSP.pdf,ok,2018-05-13,35,120,pdf,,False,True
2018-19/15.05.18_NLDC_PSP.pdf,ok,2018-05-14,35,114,pdf,,False,True
2018-19/16.05.18_NLDC_PSP.pdf,ok,2018-05-15,35,120,pdf,,False,True
2018-19/17.05.18_NLDC_PSP.pdf,ok,2018-05-16,35,120,pdf,,False,True
2018-19/18.05.18_NLDC_PSP.pdf,ok,2018-05-17,35,120,pdf,,False,True
2018-19/19.05.18_NLDC_PSP.pdf,ok,2018-05-18,35,120,pdf,,False,True
2018-19/22.05.18_NLDC_PSP.pdf,ok,2018-05-21,35,120,pdf,,False,True
2018-19/23.05.18_NLDC_PSP.pdf,ok,2018-05-22,35,114,pdf,,False,True
2018-19/24.05.18_NLDC_PSP.pdf,ok,2018-05-23,35,114,pdf,,False,True
2018-19/25.05.18_NLDC_PSP.pdf,ok,2018-05-24,35,120,pdf,,False,True
2018-19/26.05.18_NLDC_PSP.pdf,ok,2018-05-25,35,120,pdf,,False,True
2018-19/27.05.18_NLDC_PSP.pdf,ok,2018-05-26,35,120,pdf,,False,True
2018-19/29.05.18_NLDC_PSP.pdf,ok,2018-05-28,35,114,pdf,,False,True
2018-19/30.05.18_NLDC_PSP.pdf,ok,2018-05-29,35,120,pdf,,False,True
2018-19/31.05.18_NLDC_PSP.pdf,ok,2018-05-30,35,114,pdf,,False,True
2018-19/System Reliability Indices for 25.05.18.pdf,not_psp_or_no_date,,0,0,pdf,,False,False
2018-19/01.06.18_NLDC_PSP.pdf,ok,2018-05-31,35,114,pdf,,False,True
2018-19/02.06.18_NLDC_PSP.pdf,ok,2018-06-01,35,120,pdf,,False,True
2018-19/03.06.18_NLDC_PSP.pdf,ok,2018-06-02,35,120,pdf,,False,True
2018-19/04.06.18_NLDC_PSP.pdf,ok,2018-06-03,35,120,pdf,,False,True
2018-19/06.06.18_NLDC_PSP.pdf,ok,2018-06-05,35,120,pdf,,False,True
2018-19/07.06.18_NLDC_PSP.pdf,ok,2018-06-06,35,114,pdf,,False,True
2018-19/08.06.18_NLDC_PSP.pdf,ok,2018-06-07,35,120,pdf,,False,True
2018-19/09.06.18_NLDC_PSP.pdf,ok,2018-06-08,35,120,pdf,,False,True
2018-19/10.06.18_NLDC_PSP.pdf,ok,2018-06-09,35,120,pdf,,False,True
2018-19/11.06.18_NLDC_PSP.pdf,ok,2018-06-10,35,114,pdf,,False,True
2018-19/12.06.18_NLDC_PSP.pdf,ok,2018-06-11,35,120,pdf,,False,True
2018-19/13.06.18_NLDC_PSP.pdf,ok,2018-06-12,35,120,pdf,,False,True
2018-19/14.06.18_NLDC_PSP.pdf,ok,2018-06-13,35,114,pdf,,False,True
2018-19/15.06.18_NLDC_PSP.pdf,ok,2018-06-14,35,120,pdf,,False,True
2018-19/16.06.18_NLDC_PSP.pdf,ok,2018-06-15,35,114,pdf,,False,True
2018-19/17.06.18_NLDC_PSP.pdf,ok,2018-06-16,35,120,pdf,,False,True
2018-19/18.06.18_NLDC_PSP.pdf,ok,2018-06-17,35,120,pdf,,False,True
2018-19/19.06.18_NLDC_PSP.pdf,ok,2018-06-18,35,114,pdf,,False,True
2018-19/20.06.18_NLDC_PSP.pdf,ok,2018-06-19,35,114,pdf,,False,True
2018-19/21.06.18_NLDC_PSP.pdf,ok,2018-06-20,35,114,pdf,,False,True
2018-19/22.06.18_NLDC_PSP.pdf,ok,2018-06-21,35,114,pdf,,False,True
2018-19/23.06.18_NLDC_PSP.pdf,ok,2018-06-22,35,114,pdf,,False,True
2018-19/24.06.18_NLDC_PSP.pdf,ok,2018-06-23,35,114,pdf,,False,True
2018-19/25.06.18_NLDC_PSP.pdf,ok,2018-06-24,35,114,pdf,,False,True
2018-19/26.06.18_NLDC_PSP.pdf,ok,2018-06-25,35,114,pdf,,False,True
2018-19/27.06.18_NLDC_PSP.pdf,ok,2018-06-26,35,114,pdf,,False,True
2018-19/28.06.18_NLDC_PSP.pdf,ok,2018-06-27,35,114,pdf,,False,True
2018-19/29.06.18_NLDC_PSP.pdf,ok,2018-06-28,35,114,pdf,,False,True
2018-19/30.06.18_NLDC_PSP.pdf,ok,2018-06-29,35,114,pdf,,False,True
2018-19/01.07.18_NLDC_PSP.pdf,ok,2018-06-30,35,114,pdf,,False,True
2018-19/02.07.18_NLDC_PSP.pdf,ok,2018-07-01,35,114,pdf,,False,True
2018-19/03.07.18_NLDC_PSP.pdf,ok,2018-07-02,35,114,pdf,,False,True
2018-19/04.07.18_NLDC_PSP.pdf,ok,2018-07-03,35,114,pdf,,False,True
2018-19/05.07.18_NLDC_PSP.pdf,ok,2018-07-04,35,114,pdf,,False,True
2018-19/06.07.18_NLDC_PSP.pdf,ok,2018-07-05,35,114,pdf,,False,True
2018-19/07.07.18_NLDC_PSP___H&E.pdf,ok,2018-07-06,35,114,pdf,,False,True
2018-19/08.07.18_NLDC_PSP.pdf,ok,2018-07-07,35,114,pdf,,False,True
2018-19/09.07.18_NLDC_PSP.pdf,ok,2018-07-08,35,114,pdf,,False,True
2018-19/10.07.18_NLDC_PSP.pdf,ok,2018-07-09,35,114,pdf,,False,True
2018-19/11.07.18_NLDC_PSP.pdf,ok,2018-07-10,35,114,pdf,,False,True
2018-19/12.07.18_NLDC_PSP.pdf,ok,2018-07-11,35,114,pdf,,False,True
2018-19/13.07.18_NLDC_PSP.pdf,ok,2018-07-12,35,114,pdf,,False,True
2018-19/14.07.18_NLDC_PSP.pdf,ok,2018-07-13,35,114,pdf,,False,True
2018-19/15.07.18_NLDC_PSP.pdf,ok,2018-07-14,35,120,pdf,,False,True
2018-19/16.07.18_NLDC_PSP.pdf,ok,2018-07-15,35,114,pdf,,False,True
2018-19/17.07.18_NLDC_PSP_H&E.pdf,ok,2018-07-16,35,120,pdf,,False,True
2018-19/18.07.18_NLDC_PSP.pdf,ok,2018-07-17,35,114,pdf,,False,True
2018-19/19.07.18_NLDC_PSP.pdf,ok,2018-07-18,35,114,pdf,,False,True
2018-19/20.07.18_NLDC_PSP.pdf,ok,2018-07-19,35,114,pdf,,False,True
2018-19/21.07.18_NLDC_PSP.pdf,ok,2018-07-20,35,114,pdf,,False,True
2018-19/22.07.18_NLDC_PSP.pdf,ok,2018-07-21,35,114,pdf,,False,True
2018-19/23.07.18_NLDC_PSP.pdf,ok,2018-07-22,35,114,pdf,,False,True
2018-19/24.07.18_NLDC_PSP.pdf,ok,2018-07-23,35,114,pdf,,False,True
2018-19/25.07.18_NLDC_PSP.pdf,ok,2018-07-24,35,114,pdf,,False,True
2018-19/26.07.18_NLDC_PSP.pdf,ok,2018-07-25,35,114,pdf,,False,True
2018-19/27.07.18_NLDC_PSP.pdf,ok,2018-07-26,35,114,pdf,,False,True
2018-19/28.07.18_NLDC_PSP.pdf,ok,2018-07-27,35,114,pdf,,False,True
2018-19/29.07.18_NLDC_PSP.pdf,ok,2018-07-28,35,114,pdf,,False,True
2018-19/30.07.18_NLDC_PSP.pdf,ok,2018-07-29,35,114,pdf,,False,True
2018-19/31.07.18_NLDC_RLDC_PSP.pdf,ok,2018-07-30,35,114,pdf,,False,True
2018-19/01.08.18_NLDC_PSP.pdf,ok,2018-07-31,35,114,pdf,,False,True
2018-19/02.08.18_NLDC_PSP.pdf,ok,2018-08-01,35,114,pdf,,False,True
2018-19/03.08.18_NLDC_PSP.pdf,ok,2018-08-02,35,114,pdf,,False,True
2018-19/04.08.18_NLDC_PSP.pdf,ok,2018-08-03,35,114,pdf,,False,True
2018-19/05.08.18_NLDC_PSP.pdf,ok,2018-08-04,35,114,pdf,,False,True
2018-19/06.08.18_NLDC_PSP.pdf,ok,2018-08-05,35,114,pdf,,False,True
2018-19/07.08.18_NLDC_PSP.pdf,ok,2018-08-06,35,114,pdf,,False,True
2018-19/08.08.18_NLDC_PSP.pdf,ok,2018-08-07,35,114,pdf,,False,True
2018-19/09.08.18_NLDC_PSP.pdf,ok,2018-08-08,35,114,pdf,,False,True
2018-19/10.08.18_NLDC_PSP.pdf,ok,2018-08-09,35,114,pdf,,False,True
2018-19/11.08.18_NLDC_PSP.pdf,ok,2018-08-10,35,114,pdf,,False,True
2018-19/12.08.18_NLDC_PSP.pdf,ok,2018-08-11,35,114,pdf,,False,True
2018-19/13.08.18_NLDC_PSP.pdf,ok,2018-08-12,35,114,pdf,,False,True
2018-19/14.08.18_NLDC_PSP.pdf,ok,2018-08-13,35,114,pdf,,False,True
2018-19/15.08.18_NLDC_PSP.pdf,ok,2018-08-14,35,114,pdf,,False,True
2018-19/18.08.18_NLDC_PSP.pdf,ok,2018-08-17,35,114,pdf,,False,True
2018-19/19.08.18_NLDC_PSP.pdf,ok,2018-08-18,35,114,pdf,,False,True
2018-19/20.08.18_NLDC_PSP.pdf,ok,2018-08-19,35,120,pdf,,False,True
2018-19/21.08.18_NLDC_PSP.pdf,ok,2018-08-20,35,114,pdf,,False,True
2018-19/22.08.18_NLDC_PSP.pdf,ok,2018-08-21,35,114,pdf,,False,True
2018-19/23.08.18_NLDC_PSP.pdf,ok,2018-08-22,35,114,pdf,,False,True
2018-19/24.08.18_NLDC_PSP.pdf,ok,2018-08-23,35,114,pdf,,False,True
2018-19/25.08.18_NLDC_PSP.pdf,ok,2018-08-24,35,114,pdf,,False,True
2018-19/27.08.18_NLDC_PSP.pdf,ok,2018-08-26,35,114,pdf,,False,True
2018-19/28.08.18_NLDC_PSP.pdf,ok,2018-08-27,35,114,pdf,,False,True
2018-19/29.08.18_NLDC_PSP.pdf,ok,2018-08-28,35,114,pdf,,False,True
2018-19/30.08.18_NLDC_PSP.pdf,ok,2018-08-29,35,114,pdf,,False,True
2018-19/31.08.18_NLDC_PSP.pdf,ok,2018-08-30,35,114,pdf,,False,True
2018-19/01.09.18_NLDC_PSP.pdf,ok,2018-08-31,35,114,pdf,,False,True
2018-19/02.09.18_NLDC_PSP.pdf,ok,2018-09-01,35,114,pdf,,False,True
2018-19/03.09.18_NLDC_PSP.pdf,ok,2018-09-02,35,114,pdf,,False,True
2018-19/04.09.18_NLDC_PSP.pdf,ok,2018-09-03,35,114,pdf,,False,True
2018-19/05.09.18_NLDC_PSP.pdf,ok,2018-09-04,35,114,pdf,,False,True
2018-19/06.09.18_NLDC_PSP.pdf,ok,2018-09-05,35,114,pdf,,False,True
2018-19/07.09.18_NLDC_PSP.pdf,ok,2018-09-06,35,114,pdf,,False,True
2018-19/08.09.18_NLDC_PSP.pdf,ok,2018-09-07,35,114,pdf,,False,True
2018-19/09.09.18_NLDC_PSP.pdf,ok,2018-09-08,35,114,pdf,,False,True
2018-19/10.09.18_NLDC_PSP__H&E.pdf,ok,2018-09-09,35,114,pdf,,False,True
2018-19/11.09.18_NLDC_PSP_R1.pdf,ok,2018-09-10,35,114,pdf,,False,True
2018-19/12.09.18_NLDC_PSP.pdf,ok,2018-09-11,35,114,pdf,,False,True
2018-19/13.09.18_NLDC_PSP.pdf,ok,2018-09-12,35,114,pdf,,False,True
2018-19/14.09.18_NLDC_PSP.pdf,ok,2018-09-13,35,114,pdf,,False,True
2018-19/15.09.18_NLDC_PSP.pdf,ok,2018-09-14,35,114,pdf,,False,True
2018-19/16.09.18_NLDC_PSP.pdf,ok,2018-09-15,35,114,pdf,,False,True
2018-19/17.09.18_NLDC_PSP.pdf,ok,2018-09-16,35,114,pdf,,False,True
2018-19/18.09.18_NLDC_PSP.pdf,ok,2018-09-17,35,114,pdf,,False,True
2018-19/19.09.18_NLDC_PSP.pdf,ok,2018-09-18,35,114,pdf,,False,True
2018-19/20.09.18_NLDC_PSP.pdf,ok,2018-09-19,35,114,pdf,,False,True
2018-19/21.09.18_NLDC_PSP.pdf,ok,2018-09-20,35,114,pdf,,False,True
2018-19/22.09.18_NLDC_PSP.pdf,ok,2018-09-21,35,114,pdf,,False,True
2018-19/23.09.18_NLDC_PSP.pdf,ok,2018-09-22,35,114,pdf,,False,True
2018-19/24.09.18_NLDC_PSP.pdf,ok,2018-09-23,35,114,pdf,,False,True
2018-19/25.09.18_NLDC_PSP.pdf,ok,2018-09-24,35,114,pdf,,False,True
2018-19/26.09.18_NLDC_PSP.pdf,ok,2018-09-25,35,114,pdf,,False,True
2018-19/27.09.18_NLDC_PSP.pdf,ok,2018-09-26,35,114,pdf,,False,True
2018-19/28.09.18_NLDC_PSP.pdf,ok,2018-09-27,35,114,pdf,,False,True
2018-19/29.09.18_NLDC_PSP.pdf,ok,2018-09-28,35,114,pdf,,False,True
2018-19/30.09.18_NLDC_PSP.pdf,ok,2018-09-29,35,114,pdf,,False,True
2018-19/01.10.18_NLDC_PSP.pdf,ok,2018-09-30,35,114,pdf,,False,True
2018-19/02.10.18_NLDC_PSP.pdf,ok,2018-10-01,35,114,pdf,,False,True
2018-19/03.10.18_NLDC_PSP.pdf,ok,2018-10-02,35,114,pdf,,False,True
2018-19/04.10.18_NLDC_PSP.pdf,ok,2018-10-03,35,114,pdf,,False,True
2018-19/05.10.18_NLDC_PSP.pdf,ok,2018-10-04,35,114,pdf,,False,True
2018-19/06.10.18_NLDC_PSP.pdf,ok,2018-10-05,35,114,pdf,,False,True
2018-19/07.10.18_NLDC_PSP.pdf,ok,2018-10-06,35,114,pdf,,False,True
2018-19/08.10.18_NLDC_PSP.pdf,ok,2018-10-07,35,114,pdf,,False,True
2018-19/09.10.18_NLDC_PSP.pdf,ok,2018-10-08,35,114,pdf,,False,True
2018-19/10.10.18_NLDC_PSP.pdf,ok,2018-10-09,35,114,pdf,,False,True
2018-19/11.10.18_NLDC_PSP.pdf,ok,2018-10-10,35,114,pdf,,False,True
2018-19/12.10.18_NLDC_PSP.pdf,ok,2018-10-11,35,114,pdf,,False,True
2018-19/13.10.18_NLDC_PSP.pdf,ok,2018-10-12,35,114,pdf,,False,True
2018-19/14.10.18_NLDC_PSP.pdf,ok,2018-10-13,35,114,pdf,,False,True
2018-19/15.10.18_NLDC_PSP.pdf,ok,2018-10-14,35,120,pdf,,False,True
2018-19/16.10.18_NLDC_PSP.pdf,ok,2018-10-15,35,114,pdf,,False,True
2018-19/17.10.18_NLDC_PSP.pdf,ok,2018-10-16,35,114,pdf,,False,True
2018-19/18.10.18_NLDC_PSP.pdf,ok,2018-10-17,35,114,pdf,,False,True
2018-19/19.10.18_NLDC_PSP.pdf,ok,2018-10-18,35,114,pdf,,False,True
2018-19/20.10.18_NLDC_PSP.pdf,ok,2018-10-19,35,114,pdf,,False,True
2018-19/21.10.18_NLDC_PSP.pdf,ok,2018-10-20,35,114,pdf,,False,True
2018-19/22.10.18_NLDC_PSP.pdf,ok,2018-10-21,35,114,pdf,,False,True
2018-19/23.10.18_NLDC_PSP.pdf,ok,2018-10-22,35,114,pdf,,False,True
2018-19/24.10.18_NLDC_PSP.pdf,ok,2018-10-23,35,114,pdf,,False,True
2018-19/25.10.18_NLDC_PSP.pdf,ok,2018-10-24,35,114,pdf,,False,True
2018-19/26.10.18_NLDC_PSP.pdf,ok,2018-10-25,35,114,pdf,,False,True
2018-19/27.10.18_NLDC_PSP.pdf,ok,2018-10-26,35,114,pdf,,False,True
2018-19/29.10.18_NLDC_PSP.pdf,ok,2018-10-28,35,114,pdf,,False,True
2018-19/30.10.18_R1_NLDC_RLDC_PSP.pdf,ok,2018-10-29,35,114,pdf,,False,True
2018-19/31.10.18_NLDC_PSP.pdf,ok,2018-10-30,35,114,pdf,,False,True
2018-19/All-India_Angular_spread_091018.JPG,not_psp_or_no_date,,0,0,pdf,,False,False
2018-19/01.11.18_NLDC_PSP.pdf,ok,2018-10-31,35,114,pdf,,False,True
2018-19/02.11.18_NLDC_PSP.pdf,ok,2018-11-01,35,114,pdf,,False,True
2018-19/03.11.18_NLDC_PSP.pdf,ok,2018-11-02,35,114,pdf,,False,True
2018-19/04.11.18_NLDC_PSP.pdf,ok,2018-11-03,35,120,pdf,,False,True
2018-19/05.11.18_NLDC_PSP.pdf,ok,2018-11-04,35,114,pdf,,False,True
2018-19/06.11.18_NLDC_PSP.pdf,ok,2018-11-05,35,114,pdf,,False,True
2018-19/07.11.18_NLDC_PSP.pdf,ok,2018-11-06,35,114,pdf,,False,True
2018-19/08.11.18_NLDC_PSP.pdf,ok,2018-11-07,35,114,pdf,,False,True
2018-19/09.11.18_NLDC_PSP.pdf,ok,2018-11-08,35,114,pdf,,False,True
2018-19/10.11.18_NLDC_PSP.pdf,ok,2018-11-09,35,114,pdf,,False,True
2018-19/11.11.18_NLDC_PSP.pdf,ok,2018-11-10,35,114,pdf,,False,True
2018-19/12.11.18_NLDC_PSP.pdf,ok,2018-11-11,35,114,pdf,,False,True
2018-19/13.11.18_NLDC_PSP__H&E.pdf,ok,2018-11-12,35,114,pdf,,False,True
2018-19/14.11.18_NLDC_PSP.pdf,ok,2018-11-13,35,114,pdf,,False,True
2018-19/15.11.18_NLDC_PSP.pdf,ok,2018-11-14,35,114,pdf,,False,True
2018-19/16.11.18_NLDC_PSP.pdf,ok,2018-11-15,35,114,pdf,,False,True
2018-19/17.11.18_NLDC_PSP.pdf,ok,2018-11-16,35,114,pdf,,False,True
2018-19/18.11.18_NLDC_PSP.pdf,ok,2018-11-17,35,114,pdf,,False,True
2018-19/19.11.18_NLDC_PSP.pdf,ok,2018-11-18,35,114,pdf,,False,True
2018-19/20.11.18_NLDC_PSP.pdf,ok,2018-11-19,35,114,pdf,,False,True
2018-19/21.11.18_NLDC_PSP.pdf,ok,2018-11-20,35,114,pdf,,False,True
2018-19/22.11.18_NLDC_PSP.pdf,ok,2018-11-21,35,120,pdf,,False,True
2018-19/23.11.18_NLDC_PSP.pdf,ok,2018-11-22,35,114,pdf,,False,True
2018-19/24.11.18_NLDC_PSP.pdf,ok,2018-11-23,35,114,pdf,,False,True
2018-19/25.11.18_NLDC_PSP.pdf,ok,2018-11-24,35,114,pdf,,False,True
2018-19/26.11.18_NLDC_PSP.pdf,ok,2018-11-25,35,114,pdf,,False,True
2018-19/27.11.18_NLDC_PSP.pdf,ok,2018-11-26,35,114,pdf,,False,True
2018-19/28.11.18_NLDC_PSP.pdf,ok,2018-11-27,35,114,pdf,,False,True
2018-19/29.11.18_NLDC_PSP.pdf,ok,2018-11-28,35,114,pdf,,False,True
2018-19/30.11.18_NLDC_PSP.pdf,ok,2018-11-29,35,120,pdf,,False,True
2018-19/01.12.18_NLDC_PSP.pdf,ok,2018-11-30,35,120,pdf,,False,True
2018-19/02.12.18_NLDC_PSP.pdf,ok,2018-12-01,35,120,pdf,,False,True
2018-19/03.12.18_NLDC_PSP.pdf,ok,2018-12-02,35,120,pdf,,False,True
2018-19/04.12.18_NLDC_PSP.pdf,ok,2018-12-03,35,120,pdf,,False,True
2018-19/05.12.18_NLDC_PSP.pdf,ok,2018-12-04,35,120,pdf,,False,True
2018-19/06.12.18_NLDC_PSP.pdf,ok,2018-12-05,35,120,pdf,,False,True
2018-19/07.12.18_NLDC_PSP_H&E_.pdf,ok,2018-12-06,35,120,pdf,,False,True
2018-19/08.12.18_NLDC_PSP.pdf,ok,2018-12-07,35,120,pdf,,False,True
2018-19/09.12.18_NLDC_PSP.pdf,ok,2018-12-08,35,120,pdf,,False,True
2018-19/10.12.18_NLDC_PSP_H&E.pdf,ok,2018-12-09,35,120,pdf,,False,True
2018-19/11.12.18_NLDC_PSP_H&E.pdf,ok,2018-12-10,35,120,pdf,,False,True
2018-19/12.12.18_NLDC_PSP.pdf,ok,2018-12-11,35,120,pdf,,False,True
2018-19/13.12.18_NLDC_PSP.pdf,ok,2018-12-12,35,120,pdf,,False,True
2018-19/14.12.18_NLDC_PSP.pdf,ok,2018-12-13,35,120,pdf,,False,True
2018-19/15.12.18_NLDC_PSP_H&E_.pdf,ok,2018-12-14,35,120,pdf,,False,True
2018-19/16.12.18_NLDC_PSP.pdf,ok,2018-12-15,35,120,pdf,,False,True
2018-19/17.12.18_NLDC_PSP.pdf,ok,2018-12-16,35,120,pdf,,False,True
2018-19/18.12.18_NLDC_PSP.pdf,ok,2018-12-17,35,120,pdf,,False,True
2018-19/19.12.18_NLDC_PSP.pdf,ok,2018-12-18,35,120,pdf,,False,True
2018-19/20.12.18_NLDC_PSP.pdf,ok,2018-12-19,35,120,pdf,,False,True
2018-19/21.12.18_NLDC_PSP.pdf,ok,2018-12-20,35,120,pdf,,False,True
2018-19/22.12.18_NLDC.pdf,ok,2018-12-21,35,120,pdf,,False,True
2018-19/23.12.18_NLDC_PSP.pdf,ok,2018-12-22,35,120,pdf,,False,True
2018-19/24.12.18_NLDC_PSP.pdf,ok,2018-12-23,35,120,pdf,,False,True
2018-19/25.12.18_NLDC_PSP.pdf,ok,2018-12-24,35,120,pdf,,False,True
2018-19/26.12.18_NLDC_PSP.pdf,ok,2018-12-25,35,120,pdf,,False,True
2018-19/27.12.18_NLDC_PSP.pdf,ok,2018-12-26,35,120,pdf,,False,True
2018-19/28.12.18_NLDC_PSP.pdf,ok,2018-12-27,35,120,pdf,,False,True
2018-19/29.12.18_NLDC_PSP.pdf,ok,2018-12-28,35,120,pdf,,False,True
2018-19/30.12.18_NLDC_PSP.pdf,ok,2018-12-29,35,120,pdf,,False,True
2018-19/31.12.18_NLDC_PSP.pdf,ok,2018-12-30,35,120,pdf,,False,True
2018-19/01.01.19_NLDC_PSP.pdf,ok,2018-12-31,35,120,pdf,,False,True
2018-19/02.01.19_NLDC_PSP_Rev1.pdf,ok,2019-01-01,35,120,pdf,,False,True
2018-19/03.01.19_NLDC_PSP.pdf,ok,2019-01-02,35,120,pdf,,False,True
2018-19/04.01.19_NLDC_PSP.pdf,ok,2019-01-03,35,120,pdf,,False,True
2018-19/05.01.19_NLDC_PSP.pdf,ok,2019-01-04,35,120,pdf,,False,True
2018-19/06.01.19_NLDC_PSP.pdf,ok,2019-01-05,35,120,pdf,,False,True
2018-19/07.01.19_NLDC_PSP.pdf,ok,2019-01-06,35,120,pdf,,False,True
2018-19/08.01.19_NLDC_PSP.pdf,ok,2019-01-07,35,120,pdf,,False,True
2018-19/09.01.19_NLDC_PSP.pdf,ok,2019-01-08,35,120,pdf,,False,True
2018-19/10.01.19_NLDC_PSP.pdf,ok,2019-01-09,35,120,pdf,,False,True
2018-19/11.01.19_NLDC_PSP.pdf,ok,2019-01-10,35,120,pdf,,False,True
2018-19/12.01.19_NLDC_PSP.pdf,ok,2019-01-11,35,120,pdf,,False,True
2018-19/13.01.19_NLDC_PSP.pdf,ok,2019-01-12,35,120,pdf,,False,True
2018-19/14.01.19_NLDC_PSP.pdf,ok,2019-01-13,35,120,pdf,,False,True
2018-19/15.01.19_NLDC_PSP.pdf,ok,2019-01-14,35,120,pdf,,False,True
2018-19/16.01.19_NLDC_PSP.pdf,ok,2019-01-15,35,120,pdf,,False,True
2018-19/17.01.19_NLDC_PSP.pdf,ok,2019-01-16,35,120,pdf,,False,True
2018-19/18.01.19_NLDC_PSP.pdf,ok,2019-01-17,35,120,pdf,,False,True
2018-19/19.01.19_NLDC_PSP.pdf,ok,2019-01-18,35,120,pdf,,False,True
2018-19/20.01.19_NLDC_PSP.pdf,ok,2019-01-19,35,120,pdf,,False,True
2018-19/21.01.19_NLDC_PSP.pdf,ok,2019-01-20,35,120,pdf,,False,True
2018-19/22.01.19_NLDC_PSP.pdf,ok,2019-01-21,35,120,pdf,,False,True
2018-19/23.01.19_NLDC_PSP.pdf,ok,2019-01-22,35,120,pdf,,False,True
2018-19/24.01.19_NLDC_PSP.pdf,ok,2019-01-23,35,120,pdf,,False,True
2018-19/25.01.19_NLDC_PSP.pdf,ok,2019-01-24,35,120,pdf,,False,True
2018-19/26.01.19_NLDC_PSP.pdf,ok,2019-01-25,35,120,pdf,,False,True
2018-19/27.01.19_NLDC_PSP.pdf,ok,2019-01-26,35,120,pdf,,False,True
2018-19/28.01.19_NLDC_PSP.pdf,ok,2019-01-27,35,120,pdf,,False,True
2018-19/29.01.19_NLDC_PSP.pdf,ok,2019-01-28,35,120,pdf,,False,True
2018-19/30.01.19_NLDC_PSP.pdf,ok,2019-01-29,35,120,pdf,,False,True
2018-19/31.01.19_NLDC_PSP.pdf,ok,2019-01-30,35,120,pdf,,False,True
2018-19/01.02.19_NLDC_PSP.pdf,ok,2019-01-31,35,120,pdf,,False,True
2018-19/02.02.19_NLDC_PSP.pdf,ok,2019-02-01,35,120,pdf,,False,True
2018-19/03.02.19_NLDC_PSP.pdf,ok,2019-02-02,35,120,pdf,,False,True
2018-19/04.02.19_NLDC_PSP.pdf,ok,2019-02-03,35,120,pdf,,False,True
2018-19/05.02.19_NLDC_PSP.pdf,ok,2019-02-04,35,120,pdf,,False,True
2018-19/06.02.19_NLDC_PSP.pdf,ok,2019-02-05,35,120,pdf,,False,True
2018-19/07.02.19_NLDC_PSP.pdf,ok,2019-02-06,35,120,pdf,,False,True
2018-19/10.02.19_NLDC_PSP.pdf,ok,2019-02-09,35,120,pdf,,False,True
2018-19/11.02.19_NLDC_PSP.pdf,ok,2019-02-10,35,120,pdf,,False,True
2018-19/12.02.19_NLDC_PSP.pdf,ok,2019-02-11,35,120,pdf,,False,True
2018-19/13.02.19_NLDC_PSP.pdf,ok,2019-02-12,35,120,pdf,,False,True
2018-19/14.02.19_NLDC_PSP.pdf,ok,2019-02-13,35,120,pdf,,False,True
2018-19/15.02.19_NLDC_PSP.pdf,ok,2019-02-14,35,120,pdf,,False,True
2018-19/16.02.19_NLDC_PSP.pdf,ok,2019-02-15,35,120,pdf,,False,True
2018-19/17.02.19_NLDC_PSP.pdf,ok,2019-02-16,35,120,pdf,,False,True
2018-19/18.02.19_NLDC_PSP.pdf,ok,2019-02-17,35,120,pdf,,False,True
2018-19/19.02.19_NLDC_PSP.pdf,ok,2019-02-18,35,120,pdf,,False,True
2018-19/20.02.19_NLDC_PSP.pdf,ok,2019-02-19,35,120,pdf,,False,True
2018-19/21.02.19_NLDC_PSP.pdf,ok,2019-02-20,35,120,pdf,,False,True
2018-19/22.02.19_NLDC_PSP.pdf,ok,2019-02-21,35,120,pdf,,False,True
2018-19/23.02.19_NLDC_PSP.pdf,ok,2019-02-22,35,120,pdf,,False,True
2018-19/24.02.19_NLDC_PSP.pdf,ok,2019-02-23,35,120,pdf,,False,True
2018-19/25.02.19_NLDC_PSP.pdf,ok,2019-02-24,35,120,pdf,,False,True
2018-19/26.02.19_NLDC_PSP.pdf,ok,2019-02-25,35,126,pdf,,False,True
2018-19/27.02.19_NLDC_PSP.pdf,ok,2019-02-25,35,120,pdf,2019-02-26,False,True
2018-19/28.02.19_NLDC_PSP.pdf,ok,2019-02-27,35,120,pdf,,False,True
2018-19/01.03.19_NLDC_PSP.pdf,ok,2019-02-27,35,120,pdf,2019-02-28,False,True
2018-19/02.03.19_NLDC_PSP.pdf,ok,2019-03-01,35,120,pdf,,False,True
2018-19/03.03.19_NLDC_PSP.pdf,ok,2019-03-02,35,120,pdf,,False,True
2018-19/05.03.19_NLDC_PSP__H&E.pdf,ok,2019-03-04,35,120,pdf,,False,True
2018-19/06.03.19_NLDC_PSP.pdf,ok,2019-03-05,35,120,pdf,,False,True
2018-19/07.03.19_NLDC_PSP.pdf,ok,2019-03-06,35,120,pdf,,False,True
2018-19/08.03.19_NLDC_PSP.pdf,ok,2019-03-07,35,120,pdf,,False,True
2018-19/09.03.19_NLDC_PSP.pdf,ok,2019-03-08,35,120,pdf,,False,True
2018-19/10.03.19_NLDC_PSP.pdf,ok,2019-03-09,35,120,pdf,,False,True
2018-19/11.03.19_NLDC_PSP.pdf,ok,2019-03-10,35,120,pdf,,False,True
2018-19/12.03.19_NLDC_PSP.pdf,ok,2019-03-11,35,120,pdf,,False,True
2018-19/14.03.19_NLDC_PSP.pdf,ok,2019-03-13,35,120,pdf,,False,True
2018-19/15.03.19_NLDC_PSP.pdf,ok,2019-03-14,35,120,pdf,,False,True
2018-19/16.03.19_NLDC_PSP.pdf,ok,2019-03-15,35,120,pdf,,False,True
2018-19/17.03.19_NLDC_PSP.pdf,ok,2019-03-16,35,120,pdf,,False,True
2018-19/18.03.19_NLDC_PSP.pdf,ok,2019-03-17,35,120,pdf,,False,True
2018-19/19.03.19_NLDC_PSP.pdf,ok,2019-03-18,35,120,pdf,,False,True
2018-19/20.03.19_NLDC_PSP.pdf,ok,2019-03-19,35,120,pdf,,False,True
2018-19/21.03.19_NLDC_PSP.pdf,ok,2019-03-20,35,120,pdf,,False,True
2018-19/22.03.19_NLDC_PSP.pdf,ok,2019-03-21,35,120,pdf,,False,True
2018-19/23.03.19_NLDC_PSP.pdf,ok,2019-03-22,35,120,pdf,,False,True
2018-19/24.03.19_NLDC_PSP.pdf,ok,2019-03-23,35,120,pdf,,False,True
2018-19/25.03.19_NLDC_PSP.pdf,ok,2019-03-24,35,120,pdf,,False,True
2018-19/26.03.19_NLDC_PSP.pdf,ok,2019-03-25,35,120,pdf,,False,True
2018-19/27.03.19_NLDC_PSP.pdf,ok,2019-03-26,35,120,pdf,,False,True
2018-19/29.03.19_NLDC_PSP.pdf,ok,2019-03-28,35,120,pdf,,False,True
2018-19/30.03.19_NLDC_PSP.pdf,ok,2019-03-29,35,120,pdf,,False,True
2018-19/31.03.19_NLDC_PSP.pdf,ok,2019-03-30,35,120,pdf,,False,True
2019-20/01.04.19_NLDC_PSP.pdf,ok,2019-03-31,35,120,pdf,,False,True
2019-20/02.04.19_NLDC_PSP.pdf,ok,2019-04-01,35,120,pdf,,False,True
2019-20/03.04.19_NLDC_PSP.pdf,ok,2019-04-02,35,120,pdf,,False,True
2019-20/04.04.19_NLDC_PSP.pdf,ok,2019-04-03,35,120,pdf,,False,True
2019-20/05.04.19_NLDC_PSP.pdf,ok,2019-04-04,35,120,pdf,,False,True
2019-20/07.04.19_NLDC_PSP.pdf,ok,2019-04-06,35,120,pdf,,False,True
2019-20/08.04.19_NLDC_PSP.pdf,ok,2019-04-07,35,120,pdf,,False,True
2019-20/09.04.19_NLDC_PSP.pdf,ok,2019-04-08,35,120,pdf,,False,True
2019-20/10.04.19_NLDC_PSP.pdf,ok,2019-04-09,35,120,pdf,,False,True
2019-20/11.04.19_NLDC_PSP.pdf,ok,2019-04-10,35,120,pdf,,False,True
2019-20/12.04.19_NLDC_PSP.pdf,ok,2019-04-11,35,120,pdf,,False,True
2019-20/13.04.19_NLDC_PSP.pdf,ok,2019-04-12,35,120,pdf,,False,True
2019-20/15.04.19_NLDC_PSP.pdf,ok,2019-04-14,35,120,pdf,,False,True
2019-20/16.04.19_NLDC_PSP.pdf,ok,2019-04-15,35,120,pdf,,False,True
2019-20/17.04.19_NLDC_PSP.pdf,ok,2019-04-16,35,120,pdf,,False,True
2019-20/18.04.19_NLDC_PSP.pdf,ok,2019-04-17,35,120,pdf,,False,True
2019-20/19.04.19_NLDC_PSP.pdf,ok,2019-04-18,35,120,pdf,,False,True
2019-20/20.04.19_NLDC_PSP.pdf,ok,2019-04-19,35,120,pdf,,False,True
2019-20/22.04.19_NLDC_PSP.pdf,ok,2019-04-21,35,120,pdf,,False,True
2019-20/23.04.19_NLDC_PSP.pdf,ok,2019-04-22,35,120,pdf,,False,True
2019-20/24.04.19_NLDC_PSP.pdf,ok,2019-04-23,35,120,pdf,,False,True
2019-20/25.04.19_NLDC_PSP.pdf,ok,2019-04-24,35,120,pdf,,False,True
2019-20/26.04.19_NLDC_PSP.pdf,ok,2019-04-25,35,120,pdf,,False,True
2019-20/27.04.19_NLDC_PSP.pdf,ok,2019-04-26,35,120,pdf,,False,True
2019-20/28.04.19_NLDC_PSP.pdf,ok,2019-04-27,35,120,pdf,,False,True
2019-20/01.05.19_NLDC_PSP.pdf,ok,2019-04-30,35,120,pdf,,False,True
2019-20/02.05.19_NLDC_PSP.pdf,ok,2019-05-01,35,120,pdf,,False,True
2019-20/03.05.19_NLDC_PSP.pdf,ok,2019-05-02,35,120,pdf,,False,True
2019-20/04.05.19_NLDC_PSP.pdf,ok,2019-05-03,35,120,pdf,,False,True
2019-20/05.05.19_NLDC_PSP.pdf,ok,2019-05-04,35,120,pdf,,False,True
2019-20/06.05.19_NLDC_PSP.pdf,ok,2019-05-05,35,120,pdf,,False,True
2019-20/08.05.19_NLDC_PSP.pdf,ok,2019-05-07,35,120,pdf,,False,True
2019-20/09.05.19_NLDC_RLDC_PSP.pdf,ok,2019-05-08,35,120,pdf,,False,True
2019-20/10.05.19_NLDC_PSP.pdf,not_psp_or_no_date,,0,0,pdf,,False,False
2019-20/11.05.19_NLDC_PSP.pdf,ok,2019-05-10,35,120,pdf,,False,True
2019-20/12.05.19_NLDC_PSP.pdf,ok,2019-05-11,35,126,pdf,,False,True
2019-20/13.05.19_NLDC_PSP.pdf,ok,2019-05-12,35,120,pdf,,False,True
2019-20/14.05.19_NLDC_PSP.pdf,ok,2019-05-13,35,120,pdf,,False,True
2019-20/16.05.19_NLDC_PSP_H&E.pdf,ok,2019-05-15,35,120,pdf,,False,True
2019-20/17.05.19_NLDC_PSP.pdf,ok,2019-05-16,35,120,pdf,,False,True
2019-20/18.05.19_NLDC_PSP.pdf,ok,2019-05-17,35,120,pdf,,False,True
2019-20/19.05.19_NLDC_PSP.pdf,ok,2019-05-18,35,120,pdf,,False,True
2019-20/20.05.19_NLDC_PSP.pdf,ok,2019-05-19,35,126,pdf,,False,True
2019-20/21.05.19_NLDC_PSP.pdf,ok,2019-05-20,35,120,pdf,,False,True
2019-20/22.05.19_NLDC_PSP.pdf,ok,2019-05-21,35,120,pdf,,False,True
2019-20/24.05.19_NLDC_PSP__H&E.pdf,ok,2019-05-23,35,120,pdf,,False,True
2019-20/25.05.19_NLDC_PSP.pdf,ok,2019-05-24,35,126,pdf,,False,True
2019-20/26.05.19_NLDC_PSP.pdf,ok,2019-05-25,35,120,pdf,,False,True
2019-20/27.05.19_NLDC_PSP.pdf,ok,2019-05-26,35,120,pdf,,False,True
2019-20/28.05.19_NLDC_PSP.pdf,ok,2019-05-27,35,126,pdf,,False,True
2019-20/29.05.19_NLDC_PSP.pdf,ok,2019-05-28,35,126,pdf,,False,True
2019-20/30.05.19_NLDC_PSP.pdf,ok,2019-05-29,35,120,pdf,,False,True
2019-20/01.06.19_NLDC_PSP_H&E.pdf,ok,2019-05-31,35,120,pdf,,False,True
2019-20/02.06.19_NLDC_PSP.pdf,ok,2019-06-01,35,120,pdf,,False,True
2019-20/03.06.19_NLDC_PSP.pdf,ok,2019-06-02,35,126,pdf,,False,True
2019-20/04.06.19_NLDC_PSP.pdf,ok,2019-06-03,35,120,pdf,,False,True
2019-20/05.06.19_NLDC_PSP.pdf,ok,2019-06-04,35,126,pdf,,False,True
2019-20/06.06.19_NLDC_PSP.pdf,ok,2019-06-05,35,120,pdf,,False,True
2019-20/07.06.19_NLDC_PSP.pdf,ok,2019-06-06,35,120,pdf,,False,True
2019-20/08.06.19_NLDC_PSP.pdf,ok,2019-06-07,35,120,pdf,,False,True
2019-20/10.06.19_NLDC_PSP_Rev1.pdf,ok,2019-06-09,35,120,pdf,,False,True
2019-20/11.06.19_NLDC_PSP.pdf,ok,2019-06-10,35,126,pdf,,False,True
2019-20/12.06.19_NLDC_PSP.pdf,ok,2019-06-11,35,120,pdf,,False,True
2019-20/13.06.19_NLDC_PSP.pdf,ok,2019-06-12,35,120,pdf,,False,True
2019-20/14.06.19_NLDC_PSP.pdf,ok,2019-06-13,35,120,pdf,,False,True
2019-20/15.06.19_NLDC_PSP.pdf,ok,2019-06-14,35,120,pdf,,False,True
2019-20/17.06.19_NLDC_PSP.pdf,ok,2019-06-16,35,120,pdf,,False,True
2019-20/18.06.19_NLDC_PSP.pdf,ok,2019-06-17,35,120,pdf,,False,True
2019-20/19.06.19_NLDC_PSP.pdf,ok,2019-06-18,35,120,pdf,,False,True
2019-20/20.06.19_NLDC_PSP.pdf,ok,2019-06-19,35,120,pdf,,False,True
2019-20/21.06.19_NLDC_PSP.pdf,ok,2019-06-20,35,120,pdf,,False,True
2019-20/22.06.19_NLDC_PSP.pdf,ok,2019-06-21,35,120,pdf,,False,True
2019-20/23.06.19_NLDC_PSP.pdf,ok,2019-06-22,35,120,pdf,,False,True
2019-20/24.06.19_NLDC_PSP.pdf,ok,2019-06-23,35,120,pdf,,False,True
2019-20/25.06.19_NLDC_PSP.pdf,ok,2019-06-24,35,120,pdf,,False,True
2019-20/26.06.19_NLDC_PSP.pdf,ok,2019-06-25,35,120,pdf,,False,True
2019-20/27.06.19_NLDC_PSP.pdf,ok,2019-06-26,35,120,pdf,,False,True
2019-20/28.06.19_NLDC_PSP.pdf,ok,2019-06-27,35,120,pdf,,False,True
2019-20/29.06.19_NLDC_PSP.pdf,ok,2019-06-28,35,120,pdf,,False,True
2019-20/30.06.19_NLDC_PSP.pdf,ok,2019-06-29,35,120,pdf,,False,True
2019-20/01.07.19_NLDC_PSP.pdf,ok,2019-06-30,35,120,pdf,,False,True
2019-20/02.07.19_NLDC_PSP.pdf,ok,2019-07-01,35,120,pdf,,False,True
2019-20/03.07.19_NLDC_PSP.pdf,ok,2019-07-02,35,120,pdf,,False,True
2019-20/04.07.19_NLDC_PSP.pdf,ok,2019-07-03,35,120,pdf,,False,True
2019-20/05.07.19_NLDC_PSP.pdf,ok,2019-07-04,35,120,pdf,,False,True
2019-20/06.07.19_NLDC_PSP.pdf,ok,2019-07-05,35,120,pdf,,False,True
2019-20/07.07.19_NLDC_PSP.pdf,ok,2019-07-06,35,120,pdf,,False,True
2019-20/08.07.19_NLDC_PSP.pdf,ok,2019-07-07,35,120,pdf,,False,True
2019-20/09.07.19_NLDC_PSP.pdf,ok,2019-07-08,35,120,pdf,,False,True
2019-20/10.07.19_NLDC_PSP.pdf,ok,2019-07-09,35,120,pdf,,False,True
2019-20/11.07.19_NLDC_PSP.pdf,ok,2019-07-10,35,120,pdf,,False,True
2019-20/12.07.19_NLDC_PSP.pdf,ok,2019-07-11,35,120,pdf,,False,True
2019-20/15.07.19_R0_NLDC_PSP.pdf,ok,2019-07-14,35,120,pdf,,False,True
2019-20/16.07.19_NLDC_PSP.pdf,ok,2019-07-15,35,120,pdf,,False,True
2019-20/17.07.19_NLDC_PSP.pdf,ok,2019-07-16,35,120,pdf,,False,True
2019-20/18.07.19_NLDC_PSP.pdf,ok,2019-07-17,35,120,pdf,,False,True
2019-20/19.07.19_NLDC_PSP.pdf,ok,2019-07-18,35,120,pdf,,False,True
2019-20/20.07.19_NLDC_PSP.pdf,ok,2019-07-19,35,120,pdf,,False,True
2019-20/21.07.19_NLDC_PSP.pdf,ok,2019-07-20,35,120,pdf,,False,True
2019-20/22.07.19_NLDC_PSP.pdf,ok,2019-07-21,35,120,pdf,,False,True
2019-20/23.07.19_NLDC_PSP.pdf,ok,2019-07-22,35,120,pdf,,False,True
2019-20/24.07.19_NLDC_PSP.pdf,ok,2019-07-23,35,120,pdf,,False,True
2019-20/25.07.19_NLDC_PSP.pdf,ok,2019-07-24,35,120,pdf,,False,True
2019-20/26.07.19_NLDC_PSP.pdf,ok,2019-07-25,35,120,pdf,,False,True
2019-20/27.07.19_NLDC_PSP.pdf,ok,2019-07-26,35,120,pdf,,False,True
2019-20/28.07.19_NLDC_PSP.pdf,ok,2019-07-27,35,120,pdf,,False,True
2019-20/29.07.19_NLDC_PSP.pdf,ok,2019-07-28,35,120,pdf,,False,True
2019-20/30.07.19_NLDC_PSP.pdf,ok,2019-07-29,35,120,pdf,,False,True
2019-20/31.07.19_NLDC_PSP.pdf,ok,2019-07-30,35,120,pdf,,False,True
2019-20/01.08.19_NLDC_PSP.pdf,ok,2019-07-31,35,120,pdf,,False,True
2019-20/02.08.19_NLDC_PSP.pdf,ok,2019-08-01,35,120,pdf,,False,True
2019-20/04.08.19_NLDC_PSP.pdf,ok,2019-08-03,35,120,pdf,,False,True
2019-20/05.08.19_NLDC_PSP.pdf,ok,2019-08-04,35,120,pdf,,False,True
2019-20/06.08.19_NLDC_PSP.pdf,ok,2019-08-05,35,120,pdf,,False,True
2019-20/07.08.19_NLDC_PSP.pdf,ok,2019-08-06,35,120,pdf,,False,True
2019-20/08.08.19_NLDC_PSP.pdf,ok,2019-08-07,35,120,pdf,,False,True
2019-20/09.08.19_NLDC_PSP.pdf,ok,2019-08-08,35,120,pdf,,False,True
2019-20/10.08.19_NLDC_PSP.pdf,ok,2019-08-09,35,120,pdf,,False,True
2019-20/13.08.19_NLDC_PSP.pdf,ok,2019-08-12,35,120,pdf,,False,True
2019-20/14.08.19_NLDC_PSP.pdf,ok,2019-08-13,35,120,pdf,,False,True
2019-20/15.08.19_NLDC_PSP.pdf,ok,2019-08-14,35,120,pdf,,False,True
2019-20/16.08.19_NLDC_PSP.pdf,ok,2019-08-15,35,120,pdf,,False,True
2019-20/17.08.19_NLDC_PSP.pdf,ok,2019-08-16,35,120,pdf,,False,True
2019-20/18.08.19_NLDC_PSP.pdf,ok,2019-08-17,35,120,pdf,,False,True
2019-20/21.08.19_NLDC_PSP.pdf,ok,2019-08-20,35,120,pdf,,False,True
2019-20/22.08.19_NLDC_PSP.pdf,ok,2019-08-21,35,120,pdf,,False,True
2019-20/23.08.19_NLDC_PSP.pdf,ok,2019-08-22,35,120,pdf,,False,True
2019-20/24.08.19_NLDC_PSP.pdf,ok,2019-08-23,35,120,pdf,,False,True
2019-20/25.08.19_NLDC_PSP.pdf,ok,2019-08-24,35,120,pdf,,False,True
2019-20/26.08.19_NLDC_PSP.pdf,ok,2019-08-25,35,120,pdf,,False,True
2019-20/28.08.19_NLDC_PSP.pdf,ok,2019-08-27,35,120,pdf,,False,True
2019-20/29.08.19_NLDC_PSP.pdf,ok,2019-08-28,35,120,pdf,,False,True
2019-20/30.08.19_NLDC_PSP.pdf,ok,2019-08-29,35,120,pdf,,False,True
2019-20/31.08.19_NLDC_PSP.pdf,ok,2019-08-30,35,120,pdf,,False,True
2019-20/01.09.19_NLDC_PSP.pdf,ok,2019-08-31,35,120,pdf,,False,True
2019-20/02.09.19_NLDC_PSP.pdf,ok,2019-09-01,35,120,pdf,,False,True
2019-20/03.09.19_NLDC_PSP.pdf,ok,2019-09-02,35,120,pdf,,False,True
2019-20/05.09.19_NLDC_PSP.pdf,ok,2019-09-04,35,120,pdf,,False,True
2019-20/06.09.19_NLDC_PSP.pdf,ok,2019-09-05,35,120,pdf,,False,True
2019-20/07.09.19_NLDC_PSP.pdf,ok,2019-09-06,35,120,pdf,,False,True
2019-20/08.09.19_NLDC_PSP.pdf,ok,2019-09-07,35,120,pdf,,False,True
2019-20/10.09.19_NLDC_PSP.pdf,ok,2019-09-09,35,120,pdf,,False,True
2019-20/11.09.19_NLDC_PSP.pdf,ok,2019-09-10,35,120,pdf,,False,True
2019-20/12.09.19_NLDC_PSP.pdf,ok,2019-09-11,35,120,pdf,,False,True
2019-20/13.09.19_NLDC_PSP.pdf,ok,2019-09-12,35,120,pdf,,False,True
2019-20/14.09.19_NLDC_PSP.pdf,ok,2019-09-13,35,120,pdf,,False,True
2019-20/15.09.19_NLDC_PSP.pdf,ok,2019-09-14,35,120,pdf,,False,True
2019-20/16.09.19_NLDC_PSP.pdf,ok,2019-09-15,35,120,pdf,,False,True
2019-20/17.09.19_NLDC_PSP.pdf,ok,2019-09-16,35,120,pdf,,False,True
2019-20/18.09.19_NLDC_PSP.pdf,ok,2019-09-17,35,120,pdf,,False,True
2019-20/19.09.19_NLDC_PSP.pdf,ok,2019-09-18,35,120,pdf,,False,True
2019-20/22.09.19_NLDC_PSP.pdf,ok,2019-09-21,35,120,pdf,,False,True
2019-20/23.09.19_NLDC_PSP.pdf,ok,2019-09-22,35,120,pdf,,False,True
2019-20/24.09.19_NLDC_PSP.pdf,ok,2019-09-23,35,120,pdf,,False,True
2019-20/25.09.19_NLDC_PSP__H&E.pdf,ok,2019-09-24,35,120,pdf,,False,True
2019-20/26.09.19_NLDC_PSP.pdf,ok,2019-09-25,35,120,pdf,,False,True
2019-20/27.09.19_NLDC_PSP.pdf,ok,2019-09-26,35,120,pdf,,False,True
2019-20/30.09.19_NLDC_PSP.pdf,ok,2019-09-29,35,120,pdf,,False,True
2019-20/01.10.19_NLDC_PSP.pdf,ok,2019-09-30,35,120,pdf,,False,True
2019-20/02.10.19_NLDC_PSP.pdf,ok,2019-10-01,35,120,pdf,,False,True
2019-20/03.10.19_NLDC_PSP.pdf,ok,2019-10-02,35,120,pdf,,False,True
2019-20/04.10.19_NLDC_PSP.pdf,ok,2019-10-03,35,120,pdf,,False,True
2019-20/05.10.19_NLDC_PSP.pdf,ok,2019-10-04,35,120,pdf,,False,True
2019-20/09.10.19_NLDC_PSP.pdf,ok,2019-10-08,35,120,pdf,,False,True
2019-20/10.10.19_NLDC_PSP.pdf,ok,2019-10-09,35,120,pdf,,False,True
2019-20/11.10.19_NLDC_PSP.pdf,ok,2019-10-10,35,120,pdf,,False,True
2019-20/12.10.19_NLDC_PSP.pdf,ok,2019-10-11,35,120,pdf,,False,True
2019-20/13.10.19_NLDC_PSP.pdf,ok,2019-10-12,35,120,pdf,,False,True
2019-20/16.10.19_NLDC_PSP.pdf,ok,2019-10-15,35,120,pdf,,False,True
2019-20/17.10.19_NLDC_PSP.pdf,ok,2019-10-16,35,120,pdf,,False,True
2019-20/18.10.19_NLDC_PSP.pdf,ok,2019-10-17,35,120,pdf,,False,True
2019-20/19.10.19_NLDC_PSP.pdf,ok,2019-10-18,35,120,pdf,,False,True
2019-20/20.10.19_NLDC_PSP.pdf,ok,2019-10-19,35,120,pdf,,False,True
2019-20/21.10.19_NLDC_PSP.pdf,ok,2019-10-20,35,120,pdf,,False,True
2019-20/24.10.19_NLDC_PSP.pdf,ok,2019-10-23,35,120,pdf,,False,True
2019-20/25.10.19_NLDC_PSP.pdf,ok,2019-10-24,35,120,pdf,,False,True
2019-20/26.10.19_NLDC_PSP.pdf,ok,2019-10-25,35,120,pdf,,False,True
2019-20/27.10.19_NLDC_PSP.pdf,ok,2019-10-26,35,120,pdf,,False,True
2019-20/28.10.19_NLDC_PSP.pdf,ok,2019-10-27,35,120,pdf,,False,True
2019-20/29.10.19_NLDC_PSP.pdf,ok,2019-10-28,35,120,pdf,,False,True
2019-20/30.10.19_NLDC_PSP.pdf,ok,2019-10-29,35,120,pdf,,False,True
2019-20/Frequency 03.10.19.pdf,not_psp_or_no_date,,0,0,pdf,,False,False
2019-20/01.11.19_NLDC_PSP.pdf,ok,2019-10-31,35,120,pdf,,False,True
2019-20/02.11.19_NLDC_PSP.pdf,ok,2019-11-01,35,120,pdf,,False,True
2019-20/03.11.19_NLDC_PSP.pdf,ok,2019-11-02,35,120,pdf,,False,True
2019-20/04.11.19_NLDC_PSP.pdf,ok,2019-11-03,35,120,pdf,,False,True
2019-20/05.11.19_NLDC_PSP.pdf,ok,2019-11-04,35,120,pdf,,False,True
2019-20/06.11.19_NLDC_PSP.pdf,ok,2019-11-05,35,120,pdf,,False,True
2019-20/09.11.19_NLDC_PSP.pdf,ok,2019-11-08,35,120,pdf,,False,True
2019-20/10.11.19_NLDC_PSP.pdf,ok,2019-11-09,35,120,pdf,,False,True
2019-20/11.11.19_NLDC_PSP.pdf,ok,2019-11-10,35,120,pdf,,False,True
2019-20/12.11.19_NLDC_PSP.pdf,ok,2019-11-11,35,120,pdf,,False,True
2019-20/13.11.19_NLDC_PSP.pdf,ok,2019-11-12,35,120,pdf,,False,True
2019-20/14.11.19_NLDC_PSP.pdf,ok,2019-11-13,35,120,pdf,,False,True
2019-20/UPLOADNEW.pdf,ok,2019-11-17,35,120,pdf,,False,True
2019-20/20.11.19_NLDC_PSP.pdf,ok,2019-11-20,35,120,pdf,,False,True
2019-20/uload1.pdf,ok,2019-11-23,35,120,pdf,,False,True
2019-20/25.11.19_NLDC_PSP.pdf,ok,2019-11-24,35,120,pdf,,False,True
2019-20/26.11.19_NLDC_PSP.pdf,ok,2019-11-25,35,120,pdf,,False,True
2019-20/27.11.19_NLDC_PSP.pdf,ok,2019-11-26,35,120,pdf,,False,True
2019-20/28.11.19_NLDC_PSP.pdf,ok,2019-11-27,35,120,pdf,,False,True
2019-20/29.11.19_NLDC_PSP.pdf,ok,2019-11-28,35,120,pdf,,False,True
2019-20/30.11.19_NLDC_PSP.pdf,ok,2019-11-29,35,120,pdf,,False,True
2019-20/01.12.19_NLDC_PSP.pdf,ok,2019-11-30,35,120,pdf,,False,True
2019-20/02.12.19_NLDC_PSP.pdf,ok,2019-12-01,35,120,pdf,,False,True
2019-20/04.12.19_NLDC_PSP.pdf,ok,2019-12-03,35,120,pdf,,False,True
2019-20/05.12.19_NLDC_PSP.pdf,ok,2019-12-04,35,120,pdf,,False,True
2019-20/06.12.19_NLDC_PSP.pdf,ok,2019-12-05,35,120,pdf,,False,True
2019-20/07.12.19_NLDC_PSP.pdf,ok,2019-12-06,35,120,pdf,,False,True
2019-20/08.12.19_NLDC_PSP.pdf,ok,2019-12-07,35,120,pdf,,False,True
2019-20/10.12.19_NLDC_PSP.pdf,ok,2019-12-09,35,120,pdf,,False,True
2019-20/11.12.19_NLDC_PSP.pdf,ok,2019-12-10,35,120,pdf,,False,True
2019-20/13.12.19_NLDC_PSP.pdf,ok,2019-12-12,35,120,pdf,,False,True
2019-20/14.12.19_NLDC_PSP.pdf,ok,2019-12-13,35,120,pdf,,False,True
2019-20/15.12.19_NLDC_PSP.pdf,ok,2019-12-14,35,120,pdf,,False,True
2019-20/16.12.19_NLDC_PSP.pdf,ok,2019-12-15,35,120,pdf,,False,True
2019-20/17.12.19_NLDC_PSP.pdf,ok,2019-12-16,35,120,pdf,,False,True
2019-20/18.12.19_NLDC_PSP.pdf,ok,2019-12-17,35,120,pdf,,False,True
2019-20/20.12.19_NLDC_PSP.pdf,ok,2019-12-19,35,120,pdf,,False,True
2019-20/22.12.19_NLDC_PSP.pdf,ok,2019-12-21,35,120,pdf,,False,True
2019-20/23.12.19_NLDC_PSP.pdf,ok,2019-12-22,35,120,pdf,,False,True
2019-20/24.12.19_NLDC_PSP.pdf,ok,2019-12-23,35,120,pdf,,False,True
2019-20/26.12.19_NLDC_PSP.pdf,ok,2019-12-25,35,120,pdf,,False,True
2019-20/27.12.19_NLDC_PSP.pdf,ok,2019-12-26,35,120,pdf,,False,True
2019-20/28.12.19_NLDC_PSP.pdf,ok,2019-12-27,35,120,pdf,,False,True
2019-20/29.12.19_NLDC_PSP.pdf,ok,2019-12-28,35,120,pdf,,False,True
2019-20/30.12.19_NLDC_PSP.pdf,ok,2019-12-29,35,120,pdf,,False,True
2019-20/31.12.19_NLDC_PSP.pdf,ok,2019-12-30,35,120,pdf,,False,True
2019-20/01.01.20_NLDC_PSP.pdf,ok,2019-12-31,35,120,pdf,,False,True
2019-20/02.01.20_NLDC_PSP.pdf,ok,2020-01-01,35,120,pdf,,False,True
2019-20/03.01.20_NLDC_PSP.pdf,ok,2020-01-02,35,120,pdf,,False,True
2019-20/05.01.20_NLDC_PSP.pdf,ok,2020-01-04,35,120,pdf,,False,True
2019-20/06.01.20_NLDC_PSP.pdf,ok,2020-01-05,35,120,pdf,,False,True
2019-20/07.01.20_NLDC_PSP.pdf,ok,2020-01-06,35,120,pdf,,False,True
2019-20/08.01.20_NLDC_PSP.pdf,ok,2020-01-07,35,120,pdf,,False,True
2019-20/09.01.20_NLDC_PSP.pdf,ok,2020-01-08,35,120,pdf,,False,True
2019-20/10.01.20_NLDC_PSP.pdf,ok,2020-01-09,35,120,pdf,,False,True
2019-20/11.01.20_NLDC_PSP.pdf,ok,2020-01-10,35,120,pdf,,False,True
2019-20/12.01.20_NLDC_PSP.pdf,ok,2020-01-11,35,120,pdf,,False,True
2019-20/16.01.20_NLDC_PSP.pdf,ok,2020-01-15,35,120,pdf,,False,True
2019-20/17.01.20_NLDC_PSP.pdf,ok,2020-01-16,35,120,pdf,,False,True
2019-20/18.01.20_NLDC_PSP.pdf,ok,2020-01-17,35,120,pdf,,False,True
2019-20/19.01.20_NLDC_PSP.pdf,ok,2020-01-18,35,120,pdf,,False,True
2019-20/20.01.20_NLDC_PSP.pdf,ok,2020-01-19,35,120,pdf,,False,True
2019-20/21.01.20_NLDC_PSP.pdf,ok,2020-01-20,35,120,pdf,,False,True
2019-20/22.01.20_NLDC_PSP.pdf,ok,2020-01-21,35,120,pdf,,False,True
2019-20/23.01.20_NLDC_PSP.pdf,ok,2020-01-22,35,120,pdf,,False,True
2019-20/24.01.20_NLDC_PSP.pdf,ok,2020-01-23,35,120,pdf,,False,True
2019-20/25.01.20_NLDC_PSP.pdf,ok,2020-01-24,35,120,pdf,,False,True
2019-20/26.01.20_NLDC_PSP.pdf,ok,2020-01-25,35,120,pdf,,False,True
2019-20/27.01.20_NLDC_PSP.pdf,ok,2020-01-26,35,120,pdf,,False,True
2019-20/28.01.20_NLDC_PSP.pdf,ok,2020-01-27,35,120,pdf,,False,True
2019-20/29.01.20_NLDC_PSP.pdf,ok,2020-01-28,35,120,pdf,,False,True
2019-20/30.01.20_NLDC_PSP.pdf,ok,2020-01-29,35,120,pdf,,False,True
2019-20/31.01.20_NLDC_PSP.pdf,ok,2020-01-30,35,120,pdf,,False,True
2019-20/01.02.20_NLDC_PSP.pdf,ok,2020-01-31,35,120,pdf,,False,True
2019-20/02.02.20_NLDC_PSP.pdf,ok,2020-02-01,35,120,pdf,,False,True
2019-20/03.02.20_NLDC_PSP.pdf,ok,2020-02-02,35,120,pdf,,False,True
2019-20/04.02.20_NLDC_PSP.pdf,ok,2020-02-03,35,120,pdf,,False,True
2019-20/05.02.20_NLDC_PSP.pdf,ok,2020-02-04,35,120,pdf,,False,True
2019-20/06.02.17_NLDC_PSP.pdf,few_states:0,2017-02-05,0,72,pdf,,False,False
2019-20/06.02.20_NLDC_PSP.pdf,ok,2020-02-05,35,120,pdf,,False,True
2019-20/09.02.20_NLDC_PSP.pdf,ok,2020-02-08,35,120,pdf,,False,True
2019-20/10.02.20_NLDC_PSP.pdf,ok,2020-02-09,35,120,pdf,,False,True
2019-20/11.02.20_NLDC_PSP.pdf,ok,2020-02-10,35,120,pdf,,False,True
2019-20/12.02.20_NLDC_PSP.pdf,ok,2020-02-11,35,120,pdf,,False,True
2019-20/13.02.20_NLDC_PSP.pdf,ok,2020-02-12,35,120,pdf,,False,True
2019-20/14.02.17_NLDC_PSP.pdf,few_states:0,2017-02-13,0,72,pdf,,False,False
2019-20/14.02.20_NLDC_PSP.pdf,ok,2020-02-13,35,120,pdf,,False,True
2019-20/15.02.17_NLDC_PSP.pdf,few_states:0,2017-02-14,0,72,pdf,,False,False
2019-20/17.02.17_NLDC_PSP.pdf,few_states:0,2017-02-16,0,72,pdf,,False,False
2019-20/17.02.20_NLDC_PSP.pdf,ok,2020-02-16,35,120,pdf,,False,True
2019-20/18.02.20_NLDC_PSP.pdf,ok,2020-02-17,35,120,pdf,,False,True
2019-20/19.02.20_NLDC_PSP.pdf,ok,2020-02-18,35,120,pdf,,False,True
2019-20/20.02.20_NLDC_PSP.pdf,ok,2020-02-19,35,120,pdf,,False,True
2019-20/21.02.2016_R0_NLDC_RLDCs_PSP.pdf,few_states:0,,0,66,pdf,,False,False
2019-20/21.02.20_NLDC_PSP.pdf,ok,2020-02-20,35,120,pdf,,False,True
2019-20/23.02.20_NLDC_PSP.pdf,ok,2020-02-22,35,120,pdf,,False,True
2019-20/24.02.20_NLDC_PSP.pdf,ok,2020-02-23,35,120,pdf,,False,True
2019-20/25.02.20_NLDC_PSP.pdf,ok,2020-02-24,35,120,pdf,,False,True
2019-20/26.02.20_NLDC_PSP.pdf,ok,2020-02-25,35,120,pdf,,False,True
2019-20/27.02.20_NLDC_PSP.pdf,ok,2020-02-26,35,120,pdf,,False,True
2019-20/28.02.20_NLDC_PSP.pdf,ok,2020-02-27,35,120,pdf,,False,True
2019-20/29.02.20_NLDC_PSP_H&E.pdf,ok,2020-02-28,35,120,pdf,,False,True
2019-20/01.03.20_NLDC_PSP.pdf,ok,2020-02-29,35,120,pdf,,False,True
2019-20/02.03.20_NLDC_PSP.pdf,ok,2020-03-01,35,120,pdf,,False,True
2019-20/03.03.18_NLDC_PSP.pdf,ok,2018-03-02,35,120,pdf,,False,True
2019-20/03.03.20_NLDC_PSP.pdf,ok,2020-03-02,35,120,pdf,,False,True
2019-20/04.03.20_NLDC_PSP.pdf,ok,2020-03-03,35,120,pdf,,False,True
2019-20/05.03.20_NLDC_PSP.pdf,ok,2020-03-04,35,126,pdf,,False,True
2019-20/06.03.20_NLDC_PSP.pdf,ok,2020-03-05,35,120,pdf,,False,True
2019-20/07.03.20_NLDC_PSP.pdf,ok,2020-03-06,35,120,pdf,,False,True
2019-20/08.03.20_NLDC_PSP.pdf,ok,2020-03-07,35,120,pdf,,False,True
2019-20/09.03.20_NLDC_PSP.pdf,ok,2020-03-08,35,120,pdf,,False,True
2019-20/10.03.20_NLDC_PSP.pdf,ok,2020-03-09,35,120,pdf,,False,True
2019-20/11.03.20_NLDC_PSP.pdf,ok,2020-03-10,35,120,pdf,,False,True
2019-20/12.03.20_NLDC_PSP.pdf,ok,2020-03-11,35,120,pdf,,False,True
2019-20/13.03.20_NLDC_PSP.pdf,ok,2020-03-12,35,120,pdf,,False,True
2019-20/14.03.20_NLDC_PSP.pdf,ok,2020-03-13,35,120,pdf,,False,True
2019-20/15.03.20_NLDC_PSP.pdf,ok,2020-03-14,35,120,pdf,,False,True
2019-20/16.03.20_NLDC_PSP.pdf,ok,2020-03-15,35,120,pdf,,False,True
2019-20/17.03.20_NLDC_PSP.pdf,ok,2020-03-16,35,120,pdf,,False,True
2019-20/18.03.20_NLDC_PSP.pdf,ok,2020-03-17,35,120,pdf,,False,True
2019-20/19.03.20_NLDC_PSP.pdf,ok,2020-03-18,35,126,pdf,,False,True
2019-20/20.03.20_NLDC_PSP.pdf,ok,2020-03-19,35,120,pdf,,False,True
2019-20/21.03.20_NLDC_PSP.pdf,ok,2020-03-20,35,126,pdf,,False,True
2019-20/22.03.20_NLDC_PSP.pdf,ok,2020-03-21,35,126,pdf,,False,True
2019-20/23.03.20_NLDC_PSP.pdf,ok,2020-03-22,35,126,pdf,,False,True
2019-20/24.03.20_NLDC_PSP.pdf,ok,2020-03-23,35,126,pdf,,False,True
2019-20/25.03.20_NLDC_PSP.pdf,ok,2020-03-24,35,120,pdf,,False,True
2019-20/26.03.20_NLDC_PSP.pdf,ok,2020-03-25,35,120,pdf,,False,True
2019-20/27.03.20_NLDC_PSP.pdf,ok,2020-03-26,35,120,pdf,,False,True
2019-20/28.03.20_NLDC_PSP.pdf,ok,2020-03-27,35,126,pdf,,False,True
2019-20/30.03.20_NLDC_PSP.pdf,ok,2020-03-29,35,126,pdf,,False,True
2019-20/31.03.20_-NLDC_PSP.pdf,ok,2020-03-30,35,126,pdf,,False,True
2020-21/01.04.20_NLDC_PSP.pdf,ok,2020-03-31,35,126,pdf,,False,True
2020-21/02.04.20_NLDC_PSP.pdf,ok,2020-04-01,35,126,pdf,,False,True
2020-21/03.04.20_NLDC_PSP.pdf,ok,2020-04-02,35,126,pdf,,False,True
2020-21/04.04.20_NLDC_PSP.pdf,ok,2020-04-03,35,126,pdf,,False,True
2020-21/05.04.20_NLDC_PSP.pdf,ok,2020-04-04,35,126,pdf,,False,True
2020-21/06.04.20_NLDC_PSP.pdf,ok,2020-04-06,35,126,pdf,,False,True
2020-21/07.04.20_NLDC_PSP.pdf,ok,2020-04-07,35,126,pdf,,False,True
2020-21/09.04.20_NLDC_PSP.pdf,ok,2020-04-08,35,126,pdf,,False,True
2020-21/10.04.20_NLDC_PSP.pdf,ok,2020-04-09,35,126,pdf,,False,True
2020-21/11.04.20_NLDC_PSP.pdf,ok,2020-04-10,35,126,pdf,,False,True
2020-21/12.04.20_NLDC_PSP.pdf,ok,2020-04-11,35,126,pdf,,False,True
2020-21/13.04.20_NLDC_PSP.pdf,ok,2020-04-13,35,126,pdf,,False,True
2020-21/14.04.20_NLDC_PSP.pdf,ok,2020-04-14,35,126,pdf,,False,True
2020-21/15.04.20_NLDC_PSP.pdf,ok,2020-04-15,35,126,pdf,,False,True
2020-21/1587189092wpdm_upload_120.pdf,ok,2020-04-17,35,126,pdf,,False,True
2020-21/1587274346wpdm_upload_833.pdf,ok,2020-04-18,35,126,pdf,,False,True
2020-21/uplod1.pdf,ok,2020-04-18,35,126,pdf,,False,False
2020-21/1587355546wpdm_upload_454.pdf,ok,2020-04-19,35,126,pdf,,False,True
2020-21/20.04.20_NLDC_PSP.pdf,ok,2020-04-20,35,126,pdf,,False,True
2020-21/21.04.20_NLDC_PSP.pdf,ok,2020-04-21,35,126,pdf,,False,True
2020-21/22.04.20_NLDC_PSP.pdf,ok,2020-04-22,35,126,pdf,,False,True
2020-21/23.04.20_NLDC_PSP.pdf,ok,2020-04-23,35,126,pdf,,False,True
2020-21/1587873785wpdm_upload_863.pdf,ok,2020-04-25,35,126,pdf,,False,True
2020-21/1587962993wpdm_upload_200.pdf,ok,2020-04-26,35,126,pdf,,False,True
2020-21/27.04.17_NLDC_PSP.pdf,few_states:0,2017-04-26,0,78,pdf,,False,False
2020-21/1588049518wpdm_upload_276.pdf,ok,2020-04-26,35,126,pdf,,False,False
2020-21/28.04.20_NLDC_PSP_923.pdf,ok,2020-04-28,35,126,pdf,,False,False
2020-21/28.04.20_NLDC_PSP.pdf,ok,2020-04-28,35,126,pdf,,False,True
2020-21/29.04.20_NLDC_PSP.pdf,ok,2020-04-29,35,126,pdf,,False,True
2020-21/30.04.20_NLDC_PSP.pdf,ok,2020-04-30,35,126,pdf,,False,True
2020-21/02.05.20_NLDC_PSP.pdf,ok,2020-05-01,35,126,pdf,,False,True
2020-21/03.05.20_NLDC_PSP.pdf,ok,2020-05-02,35,126,pdf,,False,True
2020-21/1588566796wpdm_upload_433.pdf,ok,2020-05-03,35,126,pdf,,False,True
2020-21/1588652669wpdm_upload_899.pdf,ok,2020-05-04,35,126,pdf,,False,True
2020-21/05.05.20_NLDC_PSP.pdf,ok,2020-05-05,35,126,pdf,,False,True
2020-21/06.05.20_NLDC_PSP.pdf,ok,2020-05-06,35,126,pdf,,False,True
2020-21/07.05.20_NLDC_PSP.pdf,ok,2020-05-07,35,126,pdf,,False,True
2020-21/09.05.20_NLDC_PSP.pdf,ok,2020-05-08,35,126,pdf,,False,True
2020-21/10.05.20_NLDC_PSP.pdf,ok,2020-05-09,35,126,pdf,,False,True
2020-21/11.05.20_NLDC_PSP.pdf,ok,2020-05-10,35,126,pdf,,False,True
2020-21/12.05.20_NLDC_PSP.pdf,ok,2020-05-11,35,126,pdf,,False,True
2020-21/1589428945wpdm_UPLOAD_887.pdf,ok,2020-05-13,35,126,pdf,,False,True
2020-21/14.05.20_NLDC_PSP.pdf,ok,2020-05-14,35,126,pdf,,False,True
2020-21/15.05.20_NLDC_PSP_H&E.pdf,ok,2020-05-15,35,126,pdf,,False,True
2020-21/16.05.20_NLDC_PSP.pdf,ok,2020-05-16,35,126,pdf,,False,True
2020-21/18.05.20_NLDC_PSP.pdf,ok,2020-05-17,35,126,pdf,,False,True
2020-21/19.05.20_NLDC_PSP.pdf,ok,2020-05-18,35,126,pdf,,False,True
2020-21/20.05.20_NLDC_PSP.pdf,ok,2020-05-19,35,126,pdf,,False,True
2020-21/21.05.2015_NLDC_PSP_1.pdf,few_states:0,,0,66,pdf,,False,False
2020-21/21.05.20_NLDC_PSP_H&E.pdf,ok,2020-05-20,35,126,pdf,,False,True
2020-21/1590122487wpdm_UPLOAD_919.pdf,ok,2020-05-21,35,126,pdf,,False,True
2020-21/22.05.20_NLDC_PSP.pdf,ok,2020-05-22,35,126,pdf,,False,True
2020-21/23.05.20_NLDC_PSP.pdf,ok,2020-05-23,35,126,pdf,,False,True
2020-21/24.05.20_NLDC_PSP.pdf,ok,2020-05-24,35,126,pdf,,False,True
2020-21/26.05.20_NLDC_PSP.pdf,ok,2020-05-25,35,126,pdf,,False,True
2020-21/27.05.20_NLDC_PSP.pdf,ok,2020-05-26,35,126,pdf,,False,True
2020-21/29.05.20_NLDC_PSP.pdf,ok,2020-05-28,35,126,pdf,,False,True
2020-21/30.05.20_NLDC_PSP.pdf,ok,2020-05-30,35,126,pdf,,False,True
2020-21/31.05.20_NLDC_PSP.pdf,ok,2020-05-31,35,126,pdf,,False,True
2020-21/01.06.20_NLDC_PSP.pdf,ok,2020-06-01,35,126,pdf,,False,True
2020-21/02.06.20_NLDC_PSP.pdf,ok,2020-06-02,35,126,pdf,,False,True
2020-21/03.06.20_NLDC_PSP.pdf,ok,2020-06-03,35,126,pdf,,False,True
2020-21/04.06.20_NLDC_PSP.pdf,ok,2020-06-04,35,126,pdf,,False,True
2020-21/05.06.20_NLDC_PSP_393.pdf,ok,2020-06-04,35,126,pdf,,False,False
2020-21/06.06.20_NLDC_PSP_652.pdf,ok,2020-06-05,35,126,pdf,,False,True
2020-21/07.06.20_NLDC_PSP.pdf,ok,2020-06-07,35,126,pdf,,False,True
2020-21/08.06.20_NLDC_PSP.pdf,ok,2020-06-08,35,126,pdf,,False,True
2020-21/10.06.20_NLDC_PSP.pdf,ok,2020-06-09,35,126,pdf,,False,True
2020-21/11.06.20_NLDC_PSP_734.pdf,ok,2020-06-10,35,126,pdf,,False,True
2020-21/12.06.20_NLDC_PSP_264.pdf,ok,2020-06-11,35,126,pdf,,False,True
2020-21/13.06.20_NLDC_PSP_128.pdf,ok,2020-06-12,35,126,pdf,,False,True
2020-21/14.06.20_NLDC_PSP_263.pdf,ok,2020-06-13,35,126,pdf,,False,True
2020-21/15.06.20_NLDC_PSP.pdf,ok,2020-06-15,35,126,pdf,,False,True
2020-21/16.06.20_NLDC_PSP_H&E.pdf,ok,2020-06-16,35,126,pdf,,False,True
2020-21/18.06.20_NLDC_PSP.pdf,ok,2020-06-17,35,126,pdf,,False,True
2020-21/19.06.20_NLDC_PSP.pdf,ok,2020-06-18,35,126,pdf,,False,True
2020-21/20.06.20_NLDC_PSP_934.pdf,ok,2020-06-19,35,126,pdf,,False,True
2020-21/21.06.20_NLDC_PSP_189.pdf,ok,2020-06-20,35,126,pdf,,False,True
2020-21/22.06.20_NLDC_PSP.pdf,ok,2020-06-21,35,126,pdf,,False,True
2020-21/23.06.20_NLDC_PSP.pdf,ok,2020-06-22,35,126,pdf,,False,True
2020-21/24.06.20_NLDC_PSP.pdf,ok,2020-06-24,35,126,pdf,,False,True
2020-21/25.06.20_NLDC_PSP.pdf,ok,2020-06-25,35,126,pdf,,False,True
2020-21/26.06.20_NLDC_PSP.pdf,ok,2020-06-26,35,126,pdf,,False,True
2020-21/27.06.20_NLDC_PSP.pdf,ok,2020-06-27,35,126,pdf,,False,True
2020-21/28.06.20_NLDC_PSP.pdf,ok,2020-06-28,35,126,pdf,,False,True
2020-21/29.06.20_NLDC_PSP_258.pdf,ok,2020-06-28,35,126,pdf,,False,False
2020-21/1593579987wpdm_upload_405.pdf,ok,2020-06-30,35,126,pdf,,False,True
2020-21/01.07.20_NLDC_PSP_H&E.pdf,ok,2020-07-01,35,48,pdf,,False,True
2020-21/02.07.20_NLDC_PSP.pdf,ok,2020-07-02,35,126,pdf,,False,True
2020-21/04.07.20_NLDC_PSP.pdf,ok,2020-07-03,35,126,pdf,,False,True
2020-21/05.07.20_NLDC_PSP.pdf,ok,2020-07-04,35,126,pdf,,False,True
2020-21/06.07.20_NLDC_PSP_629.pdf,ok,2020-07-06,35,126,pdf,,False,True
2020-21/07.07.20_NLDC_PSP.pdf,ok,2020-07-06,35,126,pdf,,False,False
2020-21/08.07.20_NLDC_PSP.pdf,ok,2020-07-07,35,126,pdf,,False,True
2020-21/09.07.20_NLDC_PSP_H&E.pdf,ok,2020-07-09,35,126,pdf,,False,True
2020-21/10.07.20_NLDC_PSP_HE.pdf,ok,2020-07-10,35,126,pdf,,False,True
2020-21/12.07.20_NLDC_PSP.pdf,ok,2020-07-11,35,126,pdf,,False,True
2020-21/13.07.20_NLDC_PSP.pdf,ok,2020-07-12,35,126,pdf,,False,True
2020-21/14.07.20_NLDC_PSP_781.pdf,ok,2020-07-13,35,126,pdf,,False,True
2020-21/1594873379wpdm_upload_356.pdf,ok,2020-07-15,35,126,pdf,,False,True
2020-21/1594958926wpdm_upload_984.pdf,ok,2020-07-16,35,126,pdf,,False,True
2020-21/17.07.20_NLDC_PSP_711.pdf,ok,2020-07-17,35,126,pdf,,False,False
2020-21/17.07.20_NLDC_PSP.pdf,ok,2020-07-17,35,126,pdf,,False,True
2020-21/18.07.20_NLDC_PSP.pdf,ok,2020-07-18,35,126,pdf,,False,True
2020-21/19.07.20_NLDC_PSP.pdf,ok,2020-07-19,35,126,pdf,,False,True
2020-21/20.07.20_NLDC_PSP.pdf,ok,2020-07-20,35,126,pdf,,False,True
2020-21/21.07.20_NLDC_PSP_360.pdf,ok,2020-07-20,35,126,pdf,,False,False
2020-21/22.07.20_NLDC_PSP.pdf,ok,2020-07-22,35,126,pdf,,False,True
2020-21/23.07.20_NLDC_PSP_230.pdf,ok,2020-07-22,35,126,pdf,,False,False
2020-21/24.07.20_NLDC_PSP_327.pdf,ok,2020-07-23,35,126,pdf,,False,True
2020-21/25.07.20_NLDC_PSP.pdf,ok,2020-07-25,35,126,pdf,,False,True
2020-21/26.07.20_NLDC_PSP.pdf,ok,2020-07-26,35,126,pdf,,False,True
2020-21/28.07.20_NLDC_PSP.pdf,ok,2020-07-27,35,126,pdf,,False,True
2020-21/29.07.20_NLDC_PSP.pdf,ok,2020-07-28,35,126,pdf,,False,True
2020-21/30.07.20_NLDC_PSP_920.pdf,ok,2020-07-29,35,126,pdf,,False,True
2020-21/31.07.20_NLDC_PSP_190.pdf,ok,2020-07-31,35,126,pdf,,False,False
2020-21/31.07.20_NLDC_PSP_H&E_148.pdf,ok,2020-07-31,35,126,pdf,,False,False
2020-21/01.08.20_NLDC_PSP_539.pdf,ok,2020-07-31,35,126,pdf,,False,True
2020-21/02.08.20_NLDC_PSP_H&E .pdf,ok,2020-08-02,35,126,pdf,,False,True
2020-21/03.08.20_NLDC_PSP.pdf,ok,2020-08-03,35,126,pdf,,False,True
2020-21/05.08.20_NLDC_PSP.pdf,ok,2020-08-04,35,126,pdf,,False,True
2020-21/06.08.20_NLDC_PSP.pdf,ok,2020-08-05,35,126,pdf,,False,True
2020-21/08.08.17_NLDC_PSP.pdf,ok,2017-08-07,35,84,pdf,,False,True
2020-21/07.08.20_NLDC_PSP.pdf,ok,2020-08-07,35,126,pdf,,False,True
2020-21/08.08.20_NLDC_PSP_622.pdf,ok,2020-08-07,35,126,pdf,,False,False
2020-21/09.08.20_NLDC_PSP_730.pdf,ok,2020-08-08,35,126,pdf,,False,True
2020-21/10.08.20_NLDC_PSP_600.pdf,ok,2020-08-09,35,126,pdf,,False,True
2020-21/11.08.20_NLDC_PSP.pdf,ok,2020-08-11,35,126,pdf,,False,True
2020-21/12.08.20_NLDC_PSP.pdf,ok,2020-08-12,35,126,pdf,,False,True
2020-21/13.08.20_NLDC_PSP.pdf,ok,2020-08-13,35,126,pdf,,False,True
2020-21/15.08.2014_NLDC_PSP.pdf,few_states:0,,0,48,pdf,,False,False
2020-21/15.08.2014_NLDC_PSP_690.pdf,few_states:0,,0,48,pdf,,False,False
2020-21/17.08.20_NLDC_PSP_277.pdf,ok,2020-08-16,35,126,pdf,,False,True
2020-21/18.08.2014_NLDC_PSP.pdf,few_states:0,,0,48,pdf,,False,False
2020-21/19.08.20_NLDC_PSP.pdf,ok,2020-08-18,35,126,pdf,,False,True
2020-21/20.08.20_NLDC_PSP.pdf,ok,2020-08-19,35,126,pdf,,False,True
2020-21/21.08.20_NLDC_PSP.pdf,ok,2020-08-20,35,126,pdf,,False,True
2020-21/22.08.20_NLDC_PSP_446.pdf,ok,2020-08-21,35,126,pdf,,False,True
2020-21/23.08.20_NLDC_PSP_504.pdf,ok,2020-08-22,35,126,pdf,,False,True
2020-21/24.08.20_NLDC_PSP.pdf,ok,2020-08-23,35,126,pdf,,False,True
2020-21/26.08.20_NLDC_PSP.pdf,ok,2020-08-25,35,48,pdf,,False,True
2020-21/27.08.20_NLDC_PSP.pdf,ok,2020-08-26,35,126,pdf,,False,True
2020-21/27.08.20_NLDC_PSP_H&E.pdf,ok,2020-08-27,35,126,pdf,,False,True
2020-21/29.08.20_NLDC_PSP.pdf,ok,2020-08-28,35,126,pdf,,False,True
2020-21/31.08.17_NLDC_PSP.pdf,ok,2017-08-30,35,120,pdf,,False,True
2020-21/31.08.20_NLDC_PSP.pdf,ok,2020-08-30,35,126,pdf,,False,True
2020-21/01.09.20_NLDC_PSP.pdf,ok,2020-08-31,35,126,pdf,,False,True
2020-21/02.09.20_NLDC_PSP_486.pdf,ok,2020-09-01,35,126,pdf,,False,True
2020-21/03.09.20_NLDC_PSP.pdf,ok,2020-09-02,35,126,pdf,,False,True
2020-21/03.09.20_NLDC_PSP_H&E.pdf,ok,2020-09-03,35,126,pdf,,False,True
2020-21/04.09.20_NLDC_PSP .pdf,ok,2020-09-04,35,126,pdf,,False,True
2020-21/05.09.20_NLDC_PSP.pdf,ok,2020-09-05,35,126,pdf,,False,True
2020-21/06.09.20_NLDC_PSP.pdf,ok,2020-09-06,35,126,pdf,,False,True
2020-21/07.09.20_NLDC_PSP_117.pdf,ok,2020-09-06,35,126,pdf,,False,False
2020-21/09.09.19_NLDC_PSP.pdf,ok,2019-09-08,35,120,pdf,,False,True
2020-21/08.09.20_NLDC_PSP_319.pdf,ok,2020-09-07,35,126,pdf,,False,True
2020-21/09.09.20_NLDC_PSP.pdf,ok,2020-09-09,35,126,pdf,,False,True
2020-21/10.09.20_NLDC_PSP_341.pdf,ok,2020-09-09,35,126,pdf,,False,False
2020-21/12.09.20_NLDC_PSP.pdf,ok,2020-09-11,35,126,pdf,,False,True
2020-21/13.09.20_NLDC_PSP.pdf,ok,2020-09-12,35,126,pdf,,False,True
2020-21/14.09.20_NLDC_PSP.pdf,ok,2020-09-14,35,126,pdf,,False,True
2020-21/16.09.20_NLDC_PSP.pdf,ok,2020-09-15,35,126,pdf,,False,True
2020-21/17.09.20_NLDC_PSP.pdf,ok,2020-09-16,35,126,pdf,,False,True
2020-21/18.09.20_NLDC_PSP.pdf,ok,2020-09-17,35,48,pdf,,False,True
2020-21/20.09.20_NLDC_PSP.pdf,ok,2020-09-19,35,126,pdf,,False,True
2020-21/21.09.20_NLDC_PSP.pdf,ok,2020-09-20,35,126,pdf,,False,True
2020-21/22.09.20_NLDC_PSP.pdf,ok,2020-09-22,35,126,pdf,,False,True
2020-21/23.09.20_NLDC_PSP.pdf,ok,2020-09-23,35,126,pdf,,False,True
2020-21/24.09.20_NLDC_PSP.pdf,ok,2020-09-24,35,126,pdf,,False,True
2020-21/26.09.20_NLDC_PSP_840.pdf,ok,2020-09-25,35,126,pdf,,False,True
2020-21/27.09.20_NLDC_PSP_564.pdf,ok,2020-09-26,35,126,pdf,,False,True
2020-21/28.09.20_NLDC_PSP.pdf,ok,2020-09-27,35,126,pdf,,False,True
2020-21/29.09.20_NLDC_PSP.pdf,ok,2020-09-28,35,126,pdf,,False,True
2020-21/30.09.20_NLDC_PSP.pdf,ok,2020-09-29,35,126,pdf,,False,True
2020-21/02.10.20_NLDC_PSP_H&E.pdf,ok,2020-10-01,35,126,pdf,,False,True
2020-21/03.10.20_NLDC_PSP.pdf,ok,2020-10-02,35,48,pdf,,False,True
2020-21/04.10.20_NLDC_PSP.pdf,ok,2020-10-03,35,126,pdf,,False,True
2020-21/05.10.20_NLDC_PSP.pdf,ok,2020-10-04,35,126,pdf,,False,True
2020-21/06.10.20_NLDC_PSP.pdf,ok,2020-10-05,35,126,pdf,,False,True
2020-21/07.10.20_NLDC_PSP.pdf,ok,2020-10-06,35,126,pdf,,False,True
2020-21/08.10.20_NLDC_PSP.pdf,ok,2020-10-07,35,126,pdf,,False,True
2020-21/09.10.20_NLDC_PSP.pdf,ok,2020-10-08,35,126,pdf,,False,True
2020-21/10.10.20_NLDC_PSP.pdf,ok,2020-10-09,35,126,pdf,,False,True
2020-21/11.10.20_NLDC_PSP.pdf,ok,2020-10-10,35,126,pdf,,False,True
2020-21/12.10.20_NLDC_PSP_354.pdf,ok,2020-10-11,35,126,pdf,,False,True
2020-21/13.10.20_NLDC_PSP_745.pdf,ok,2020-10-12,35,126,pdf,,False,True
2020-21/14.10.20_NLDC_PSP.pdf,ok,2020-10-13,35,126,pdf,,False,True
2020-21/15.10.20_NLDC_PSP.pdf,ok,2020-10-14,35,126,pdf,,False,True
2020-21/16.10.20_NLDC_PSP.pdf,ok,2020-10-15,35,126,pdf,,False,True
2020-21/17.10.20_NLDC_PSP.pdf,ok,2020-10-16,35,126,pdf,,False,True
2020-21/18.10.20_NLDC_PSP.pdf,ok,2020-10-18,35,126,pdf,,False,True
2020-21/20.10.20_NLDC_PSP.pdf,ok,2020-10-19,35,48,pdf,,False,True
2020-21/21.10.20_NLDC_PSP.pdf,ok,2020-10-20,35,48,pdf,,False,True
2020-21/22.10.20_NLDC_PSP.pdf,ok,2020-10-21,35,126,pdf,,False,True
2020-21/23.10.20_NLDC_PSP.pdf,ok,2020-10-22,35,126,pdf,,False,True
2020-21/24.10.20_NLDC_PSP_HE.pdf,ok,2020-10-24,35,126,pdf,,False,True
2020-21/26.10.20_NLDC_PSP.pdf,ok,2020-10-25,35,126,pdf,,False,True
2020-21/27.10.20_NLDC_PSP.pdf,ok,2020-10-26,35,126,pdf,,False,True
2020-21/27.10.20_NLDC_PSP_727.pdf,ok,2020-10-26,35,126,pdf,,False,False
2020-21/29.10.20_NLDC_PSP_H&E_319.pdf,ok,2020-10-29,35,126,pdf,,False,False
2020-21/29.10.20_NLDC_PSP_H&E.pdf,ok,2020-10-29,35,126,pdf,,False,True
2020-21/30.10.20_NLDC_PSP__H&E.pdf,ok,2020-10-30,35,126,pdf,,False,True
2020-21/01.11.20_NLDC_PSP.pdf,ok,2020-10-31,35,126,pdf,,False,True
2020-21/02.11.20_NLDC_PSP.pdf,ok,2020-11-01,35,126,pdf,,False,True
2020-21/03.11.20_NLDC_PSP.pdf,ok,2020-11-02,35,126,pdf,,False,True
2020-21/04.11.20_NLDC_PSP.pdf,ok,2020-11-03,35,126,pdf,,False,True
2020-21/05.11.20_NLDC_PSP.pdf,ok,2020-11-04,35,126,pdf,,False,True
2020-21/06.11.17_NLDC_PSP.pdf,ok,2017-11-05,35,120,pdf,,False,True
2020-21/06.11.20_NLDC_PSP.pdf,ok,2020-11-05,35,126,pdf,,False,True
2020-21/07.11.20_NLDC_PSP.pdf,ok,2020-11-06,35,126,pdf,,False,True
2020-21/08.11.20_NLDC_PSP.pdf,ok,2020-11-07,35,126,pdf,,False,True
2020-21/09.11.20_NLDC_PSP.pdf,ok,2020-11-08,35,126,pdf,,False,True
2020-21/10.11.20_NLDC_PSP.pdf,ok,2020-11-09,35,126,pdf,,False,True
2020-21/12.11.20_NLDC_PSP.pdf,ok,2020-11-11,35,126,pdf,,False,True
2020-21/13.11.20_NLDC_PSP_268.pdf,ok,2020-11-12,35,126,pdf,,False,True
2020-21/13.11.20_NLDC_PSP_900.pdf,ok,2020-11-12,35,126,pdf,,False,False
2020-21/15.11.2020_NLDC_PSP.pdf,ok,2020-11-14,35,126,pdf,,False,True
2020-21/16.11.20_NLDC_PSP_467.pdf,ok,2020-11-16,35,126,pdf,,False,True
2020-21/16.11.20_R0_NLDC_RLDC_PSP.pdf,ok,2020-11-16,35,126,pdf,,False,False
2020-21/17.11.20_R0_NLDC_RLDC_PSP1.pdf,ok,2020-11-17,35,126,pdf,,False,True
2020-21/19.11.20_NLDC_PSP_739.pdf,ok,2020-11-18,35,126,pdf,,False,True
2020-21/20.11.20_NLDC_PSP_615.pdf,ok,2020-11-19,35,126,pdf,,False,True
2020-21/21.11.20_NLDC_PSP.pdf,ok,2020-11-20,35,126,pdf,,False,True
2020-21/22.11.20_NLDC_PSP.pdf,ok,2020-11-21,35,126,pdf,,False,True
2020-21/23.11.20_NLDC_PSP.pdf,ok,2020-11-22,35,126,pdf,,False,True
2020-21/24.11.20_NLDC_PSP.pdf,ok,2020-11-23,35,126,pdf,,False,True
2020-21/25.11.20 NLDC PSP.pdf,ok,2020-11-24,35,126,pdf,,False,True
2020-21/26.11.20_NLDC_PSP.pdf,ok,2020-11-25,35,126,pdf,,False,True
2020-21/27.11.20_NLDC_PSP.pdf,ok,2020-11-26,35,126,pdf,,False,True
2020-21/28.11.20_NLDC_PSP.pdf,ok,2020-11-27,35,126,pdf,,False,True
2020-21/29.11.20_NLDC_PSP_379.pdf,ok,2020-11-28,35,126,pdf,,False,True
2020-21/30.11.20_NLDC_PSP_803.pdf,ok,2020-11-30,35,126,pdf,,False,False
2020-21/01.12.20_NLDC_PSP.pdf,ok,2020-11-30,35,126,pdf,,False,True
2020-21/02.12.20_NLDC_PSP.pdf,ok,2020-12-01,35,126,pdf,,False,True
2020-21/03.12.20_NLDC_PSP.pdf,ok,2020-12-02,35,126,pdf,,False,True
2020-21/04.12.20_NLDC_PSP.pdf,ok,2020-12-04,35,126,pdf,,False,True
2020-21/06.12.20_NLDC_PSP.pdf,ok,2020-12-05,35,126,pdf,,False,True
2020-21/07.12.20_NLDC_PSP_341.pdf,ok,2020-12-06,35,126,pdf,,False,True
2020-21/08.12.20_NLDC_PSP_713.pdf,ok,2020-12-07,35,126,pdf,,False,True
2020-21/09.12.20_NLDC_PSP.pdf,ok,2020-12-08,35,126,pdf,,False,True
2020-21/10.12.20_NLDC_PSP.pdf,ok,2020-12-09,35,126,pdf,,False,True
2020-21/11.12.20_NLDC_PSP.pdf,ok,2020-12-10,35,126,pdf,,False,True
2020-21/12.12.20_NLDC_PSP.pdf,ok,2020-12-11,35,126,pdf,,False,True
2020-21/13.12.20_NLDC_PSP.pdf,ok,2020-12-12,35,126,pdf,,False,True
2020-21/14.12.20_NLDC_PSP.pdf,ok,2020-12-13,35,126,pdf,,False,True
2020-21/17-12-20_NLDC_PSP.pdf,ok,2020-12-16,35,126,pdf,,False,True
2020-21/18.12.20_NLDC_PSP.pdf,ok,2020-12-17,35,126,pdf,,False,True
2020-21/19.12.20_NLDC_PSP.pdf,ok,2020-12-18,35,126,pdf,,False,True
2020-21/20.12.20_NLDC_PSP.pdf,ok,2020-12-19,35,126,pdf,,False,True
2020-21/21.12.20_NLDC_PSP.pdf,ok,2020-12-20,35,126,pdf,,False,True
2020-21/22.12.20_NLDC_PSP.pdf,ok,2020-12-21,35,126,pdf,,False,True
2020-21/23.12.20_NLDC_PSP.pdf,ok,2020-12-22,35,126,pdf,,False,True
2020-21/24.12.20_NLDC_PSP.pdf,ok,2020-12-23,35,126,pdf,,False,True
2020-21/25.12.2016_NLDC_PSP.pdf,few_states:0,2016-12-24,0,72,pdf,,False,False
2020-21/25.12.20_NLDC_PSP.pdf,ok,2020-12-24,35,126,pdf,,False,True
2020-21/26.12.20_NLDC_PSP.pdf,ok,2020-12-25,35,126,pdf,,False,True
2020-21/27.12.20_NLDC_PSP.pdf,ok,2020-12-26,35,126,pdf,,False,True
2020-21/28.12.20_NLDC_PSP.pdf,ok,2020-12-27,35,126,pdf,,False,True
2020-21/29.12.20_NLDC_PSP.pdf,ok,2020-12-28,35,126,pdf,,False,True
2020-21/30.12.20_NLDC_PSP.pdf,ok,2020-12-29,35,126,pdf,,False,True
2020-21/31.12.20_NLDC_PSP.pdf,ok,2020-12-30,35,126,pdf,,False,True
2020-21/02.01.21_NLDC_PSP.pdf,ok,2021-01-01,35,126,pdf,,False,True
2020-21/03.01.21_NLDC_PSP.pdf,ok,2021-01-02,35,126,pdf,,False,True
2020-21/04.01.21_NLDC_PSP.pdf,ok,2021-01-04,35,126,pdf,,False,True
2020-21/05.01.21_NLDC_PSP.pdf,ok,2021-01-05,35,126,pdf,,False,True
2020-21/06.01.21_NLDC_PSP.pdf,ok,2021-01-06,35,126,pdf,,False,True
2020-21/07.01.21_NLDC_PSP.pdf,ok,2021-01-07,35,126,pdf,,False,True
2020-21/08.01.21_NLDC_PSP.pdf,ok,2021-01-08,35,126,pdf,,False,True
2020-21/09.01.21_NLDC_PSP.pdf,ok,2021-01-09,35,126,pdf,,False,True
2020-21/10.01.21_NLDC_PSP.pdf,ok,2021-01-10,35,126,pdf,,False,True
2020-21/11.01.21_NLDC_PSP.pdf,ok,2021-01-11,35,126,pdf,,False,True
2020-21/12.01.21_NLDC_PSP.pdf,ok,2021-01-12,35,126,pdf,,False,True
2020-21/13.01.21_NLDC_PSP.pdf,ok,2021-01-13,35,126,pdf,,False,True
2020-21/14.01.21_NLDC_PSP.pdf,ok,2021-01-14,35,126,pdf,,False,True
2020-21/16.01.21_NLDC_PSP.pdf,ok,2021-01-16,35,126,pdf,,False,True
2020-21/17.01.21_NLDC_PSP.pdf,ok,2021-01-17,35,126,pdf,,False,True
2020-21/18.01.21_NLDC_PSP.pdf,ok,2021-01-18,35,126,pdf,,False,True
2020-21/19.01.21_NLDC_PSP.pdf,ok,2021-01-19,35,126,pdf,,False,True
2020-21/20.01.21_NLDC_PSP.pdf,ok,2021-01-20,35,126,pdf,,False,True
2020-21/21.01.21_NLDC_PSP.pdf,ok,2021-01-21,35,126,pdf,,False,True
2020-21/22.01.21_NLDC_PSP.pdf,ok,2021-01-22,35,126,pdf,,False,True
2020-21/23.01.21_NLDC_PSP_338.pdf,ok,2021-01-23,35,126,pdf,,False,True
2020-21/24.01.21_NLDC_PSP_223.pdf,ok,2021-01-24,35,126,pdf,,False,True
2020-21/25.01.21_NLDC_PSP.pdf,ok,2021-01-25,35,126,pdf,,False,True
2020-21/26.01.21_NLDC_PSP.pdf,ok,2021-01-26,35,126,pdf,,False,True
2020-21/27.01.21_NLDC_PSP.pdf,ok,2021-01-27,35,126,pdf,,False,True
2020-21/28.01.21_NLDC_PSP.pdf,ok,2021-01-28,35,126,pdf,,False,True
2020-21/29.01.21_NLDC_PSP.pdf,ok,2021-01-29,35,126,pdf,,False,True
2020-21/30.01.21_NLDC_PSP.pdf,ok,2021-01-30,35,126,pdf,,False,True
2020-21/31.01.21_NLDC_PSP.pdf,ok,2021-01-31,35,126,pdf,,False,True
2020-21/01.02.21_NLDC_PSP.pdf,ok,2021-02-01,35,126,pdf,,False,True
2020-21/02.02.21_NLDC_PSP.pdf,ok,2021-02-02,35,126,pdf,,False,True
2020-21/03.02.21_NLDC_PSP.pdf,ok,2021-02-03,35,126,pdf,,False,True
2020-21/04.02.21_NLDC_PSP.pdf,ok,2021-02-04,35,126,pdf,,False,True
2020-21/05.02.21_NLDC_PSP.pdf,ok,2021-02-05,35,126,pdf,,False,True
2020-21/06.02.21_NLDC_PSP.pdf,ok,2021-02-06,35,126,pdf,,False,True
2020-21/07.02.21_NLDC_PSP.pdf,ok,2021-02-07,35,126,pdf,,False,True
2020-21/08.02.21_NLDC_PSP.pdf,ok,2021-02-08,35,126,pdf,,False,True
2020-21/09.02.21_NLDC_PSP.pdf,ok,2021-02-09,35,126,pdf,,False,True
2020-21/10.02.21_NLDC_PSP.pdf,ok,2021-02-10,35,126,pdf,,False,True
2020-21/11.02.21_NLDC_PSP.pdf,ok,2021-02-11,35,126,pdf,,False,True
2020-21/12.02.21_NLDC_PSP.pdf,ok,2021-02-12,35,126,pdf,,False,True
2020-21/13.02.21_NLDC_PSP.pdf,ok,2021-02-13,35,126,pdf,,False,True
2020-21/14.02.21_NLDC_PSP.pdf,ok,2021-02-14,35,126,pdf,,False,True
2020-21/15.02.21_NLDC_PSP.pdf,ok,2021-02-15,35,126,pdf,,False,True
2020-21/16.02.21_NLDC_PSP.pdf,ok,2021-02-16,35,126,pdf,,False,True
2020-21/17.02.21_NLDC_PSP.pdf,ok,2021-02-17,35,126,pdf,,False,True
2020-21/18.02.21_NLDC_PSP.pdf,ok,2021-02-17,35,126,pdf,,False,False
2020-21/19.02.21_NLDC_PSP.pdf,ok,2021-02-19,35,126,pdf,,False,True
2020-21/20.02.21_NLDC_PSP.pdf,ok,2021-02-20,35,126,pdf,,False,True
2020-21/21.02.21_NLDC_PSP.pdf,ok,2021-02-21,35,126,pdf,,False,True
2020-21/22.02.21_NLDC_PSP.pdf,ok,2021-02-22,35,126,pdf,,False,True
2020-21/23.02.21_NLDC_PSP.pdf,ok,2021-02-23,35,126,pdf,,False,True
2020-21/24.02.21_NLDC_PSP.pdf,ok,2021-02-24,35,126,pdf,,False,True
2020-21/25.02.21_NLDC_PSP.pdf,ok,2021-02-25,35,126,pdf,,False,True
2020-21/26.02.21_NLDC_PSP.pdf,ok,2021-02-26,35,126,pdf,,False,True
2020-21/27.02.21_NLDC_PSP.pdf,ok,2021-02-26,35,126,pdf,,False,False
2020-21/28.02.21_NLDC_PSP.pdf,ok,2021-02-28,35,126,pdf,,False,True
2020-21/01.03.21_NLDC_PSP.pdf,ok,2021-03-01,35,126,pdf,,False,True
2020-21/02.03.21_NLDC_PSP.pdf,ok,2021-03-02,35,126,pdf,,False,True
2020-21/03.03.21_NLDC_PSP.pdf,ok,2021-03-03,35,126,pdf,,False,True
2020-21/04.03.21_NLDC_PSP.pdf,ok,2021-03-04,35,126,pdf,,False,True
2020-21/05.03.21_NLDC_PSP.pdf,ok,2021-03-05,35,126,pdf,,False,True
2020-21/06.03.21_NLDC_PSP.pdf,ok,2021-03-06,35,126,pdf,,False,True
2020-21/07.03.21_NLDC_PSP.pdf,ok,2021-03-07,35,126,pdf,,False,True
2020-21/08.03.21_NLDC_PSP.pdf,ok,2021-03-08,35,126,pdf,,False,True
2020-21/09.03.21_NLDC_PSP.pdf,ok,2021-03-09,35,126,pdf,,False,True
2020-21/10.03.21_NLDC_PSP.pdf,ok,2021-03-10,35,126,pdf,,False,True
2020-21/11.03.21_NLDC_PSP.pdf,ok,2021-03-11,35,126,pdf,,False,True
2020-21/12.03.21_NLDC_PSP.pdf,ok,2021-03-12,35,126,pdf,,False,True
2020-21/13.03.21_NLDC_PSP.pdf,ok,2021-03-13,35,126,pdf,,False,True
2020-21/14.03.21_NLDC_PSP.pdf,ok,2021-03-14,35,126,pdf,,False,True
2020-21/15.03.21_NLDC_PSP.pdf,ok,2021-03-15,35,126,pdf,,False,True
2020-21/16.03.21_NLDC_PSP.pdf,ok,2021-03-16,35,126,pdf,,False,True
2020-21/17.03.21_NLDC_PSP.pdf,ok,2021-03-17,35,126,pdf,,False,True
2020-21/18.03.21_NLDC_PSP.pdf,ok,2021-03-18,35,126,pdf,,False,True
2020-21/19.03.21_NLDC_PSP.pdf,ok,2021-03-19,35,126,pdf,,False,True
2020-21/20.03.21_NLDC_PSP.pdf,ok,2021-03-20,35,126,pdf,,False,True
2020-21/21.03.21_NLDC_PSP.pdf,ok,2021-03-21,35,126,pdf,,False,True
2020-21/22.03.21_NLDC_PSP.pdf,ok,2021-03-22,35,126,pdf,,False,True
2020-21/23.03.21_NLDC_PSP.pdf,ok,2021-03-23,35,126,pdf,,False,True
2020-21/24.03.21_NLDC_PSP.pdf,ok,2021-03-24,35,126,pdf,,False,True
2020-21/25.03.21_NLDC_PSP.pdf,ok,2021-03-25,35,126,pdf,,False,True
2020-21/26.03.21_NLDC_PSP.pdf,ok,2021-03-26,35,126,pdf,,False,True
2020-21/27.03.21_NLDC_PSP.pdf,ok,2021-03-27,35,126,pdf,,False,True
2020-21/28.03.21_NLDC_PSP.pdf,ok,2021-03-28,35,126,pdf,,False,True
2020-21/29.03.21_NLDC_PSP.pdf,ok,2021-03-29,35,126,pdf,,False,True
2020-21/30.03.21_NLDC_PSP.pdf,ok,2021-03-30,35,126,pdf,,False,True
2020-21/31.03.21_NLDC_PSP.pdf,ok,2021-03-31,35,126,pdf,,False,True
2021-22/01.04.21_NLDC_PSP.pdf,ok,2021-04-01,35,120,pdf,,False,True
2021-22/02.04.21_NLDC_PSP.pdf,ok,2021-04-02,35,126,pdf,,False,True
2021-22/03.04.21_NLDC_PSP.pdf,ok,2021-04-03,35,126,pdf,,False,True
2021-22/04.04.21_NLDC_PSP.pdf,ok,2021-04-04,35,126,pdf,,False,True
2021-22/1617681764wpdm_upload_839.pdf,ok,2021-04-05,35,126,pdf,,False,True
2021-22/06.04.21_NLDC_PSP.pdf,ok,2021-04-06,35,126,pdf,,False,True
2021-22/07.04.21_NLDC_PSP.pdf,ok,2021-04-07,35,126,pdf,,False,True
2021-22/08.04.21_NLDC_PSP.pdf,ok,2021-04-08,35,126,pdf,,False,True
2021-22/09.04.21_NLDC_PSP.pdf,ok,2021-04-09,35,126,pdf,,False,True
2021-22/10.04.21_NLDC_PSP.pdf,ok,2021-04-10,35,126,pdf,,False,True
2021-22/11.04.21_NLDC_PSP.pdf,ok,2021-04-11,35,126,pdf,,False,True
2021-22/12.04.21_NLDC_PSP.pdf,ok,2021-04-12,35,126,pdf,,False,True
2021-22/1618372833wpdm_upload_754.pdf,ok,2021-04-13,35,126,pdf,,False,True
2021-22/1618459477wpdm_upload_911.pdf,ok,2021-04-14,35,126,pdf,,False,True
2021-22/15.04.21_NLDC_PSP.pdf,ok,2021-04-15,35,126,pdf,,False,True
2021-22/16.04.21_NLDC_PSP.pdf,ok,2021-04-16,35,126,pdf,,False,True
2021-22/17.04.21_NLDC_PSP.pdf,ok,2021-04-17,35,126,pdf,,False,True
2021-22/18.04.21_NLDC_PSP.pdf,ok,2021-04-18,35,126,pdf,,False,True
2021-22/19.04.21_NLDC_PSP.pdf,ok,2021-04-19,35,126,pdf,,False,True
2021-22/20.04.21_NLDC_PSP.pdf,ok,2021-04-20,35,126,pdf,,False,True
2021-22/21.04.21_NLDC_PSP.pdf,ok,2021-04-21,35,126,pdf,,False,True
2021-22/22.04.21_NLDC_PSP.pdf,ok,2021-04-22,35,48,pdf,,False,True
2021-22/23.04.21_NLDC_PSP.pdf,ok,2021-04-23,35,126,pdf,,False,True
2021-22/24.04.21_NLDC_PSP.pdf,ok,2021-04-24,35,126,pdf,,False,True
2021-22/25.04.21_NLDC_PSP.pdf,ok,2021-04-25,35,126,pdf,,False,True
2021-22/26.04.21_NLDC_PSP.pdf,ok,2021-04-26,35,126,pdf,,False,True
2021-22/27.04.21_NLDC_PSP.pdf,ok,2021-04-27,35,126,pdf,,False,True
2021-22/28.04.21_NLDC_PSP.pdf,ok,2021-04-28,35,126,pdf,,False,True
2021-22/29.04.21_NLDC_PSP.pdf,ok,2021-04-29,35,126,pdf,,False,True
2021-22/30.04.21_NLDC_PSP.pdf,ok,2021-04-30,35,126,pdf,,False,True
2021-22/01.05.21_NLDC_PSP.pdf,ok,2021-05-01,35,126,pdf,,False,True
2021-22/02.05.21_NLDC_PSP.pdf,ok,2021-05-02,35,126,pdf,,False,True
2021-22/03.05.21_NLDC_PSP.pdf,ok,2021-05-03,35,126,pdf,,False,True
2021-22/04.05.21_NLDC_PSP.pdf,ok,2021-05-04,35,126,pdf,,False,True
2021-22/05.05.21_NLDC_PSP.pdf,ok,2021-05-05,35,126,pdf,,False,True
2021-22/06.05.21_NLDC_PSP.pdf,ok,2021-05-06,35,126,pdf,,False,True
2021-22/07.05.21_NLDC_PSP.pdf,ok,2021-05-07,35,126,pdf,,False,True
2021-22/08.05.21_NLDC_PSP.pdf,ok,2021-05-08,35,126,pdf,,False,True
2021-22/09.05.21_NLDC_PSP.pdf,ok,2021-05-09,35,126,pdf,,False,True
2021-22/10.05.21_NLDC_PSP.pdf,ok,2021-05-10,35,126,pdf,,False,True
2021-22/11.05.21_NLDC_PSP.pdf,ok,2021-05-11,35,126,pdf,,False,True
2021-22/12.05.21_NLDC_PSP.pdf,ok,2021-05-12,35,126,pdf,,False,True
2021-22/13.05.21_NLDC_PSP.pdf,ok,2021-05-13,35,126,pdf,,False,True
2021-22/14.05.21_NLDC_PSP.pdf,ok,2021-05-14,35,126,pdf,,False,True
2021-22/15.05.21_NLDC_PSP.pdf,ok,2021-05-15,35,126,pdf,,False,True
2021-22/16.05.21_NLDC_PSP.pdf,ok,2021-05-16,35,126,pdf,,False,True
2021-22/17.05.21_NLDC_PSP.pdf,ok,2021-05-17,35,126,pdf,,False,True
2021-22/18.05.21_NLDC_PSP.pdf,ok,2021-05-18,35,126,pdf,,False,True
2021-22/19.05.21_NLDC_PSP.pdf,ok,2021-05-19,35,126,pdf,,False,True
2021-22/20.05.21_NLDC_PSP.pdf,ok,2021-05-20,35,126,pdf,,False,True
2021-22/21.05.21_NLDC_PSP.pdf,ok,2021-05-21,35,126,pdf,,False,True
2021-22/22.05.21_NLDC_PSP.pdf,ok,2021-05-22,35,126,pdf,,False,True
2021-22/23.05.21_NLDC_PSP.pdf,ok,2021-05-23,35,126,pdf,,False,True
2021-22/24.05.21_NLDC_PSP.pdf,ok,2021-05-24,35,126,pdf,,False,True
2021-22/25.05.21_NLDC_PSP.pdf,ok,2021-05-25,35,126,pdf,,False,True
2021-22/26.05.21_NLDC_PSP.pdf,ok,2021-05-26,35,126,pdf,,False,True
2021-22/27.05.21_NLDC_PSP.pdf,ok,2021-05-27,35,126,pdf,,False,True
2021-22/28.05.21_NLDC_PSP.pdf,ok,2021-05-28,35,126,pdf,,False,True
2021-22/29.05.21_NLDC_PSP.pdf,ok,2021-05-29,35,126,pdf,,False,True
2021-22/30.05.21_NLDC_PSP.pdf,ok,2021-05-30,35,126,pdf,,False,True
2021-22/31.05.21_NLDC_PSP.pdf,ok,2021-05-31,35,48,pdf,,False,True
2021-22/01.06.21_NLDC_PSP.pdf,ok,2021-06-01,35,48,pdf,,False,True
2021-22/02.06.21_NLDC_PSP.pdf,ok,2021-06-02,35,126,pdf,,False,True
2021-22/03.06.21_NLDC_PSP.pdf,ok,2021-06-03,35,126,pdf,,False,True
2021-22/04.06.21_NLDC_PSP.pdf,ok,2021-06-04,35,126,pdf,,False,True
2021-22/05.06.21_NLDC_PSP.pdf,ok,2021-06-05,35,126,pdf,,False,True
2021-22/06.06.21_NLDC_PSP.pdf,ok,2021-06-06,35,126,pdf,,False,True
2021-22/07.06.21_NLDC_PSP.pdf,ok,2021-06-07,35,126,pdf,,False,True
2021-22/08.06.21_NLDC_PSP.pdf,ok,2021-06-08,35,126,pdf,,False,True
2021-22/09.06.21_NLDC_PSP.pdf,ok,2021-06-09,35,126,pdf,,False,True
2021-22/10.06.21_NLDC_PSP.pdf,ok,2021-06-10,35,126,pdf,,False,True
2021-22/11.06.21_NLDC_PSP.pdf,ok,2021-06-11,35,126,pdf,,False,True
2021-22/12.06.21_NLDC_PSP.pdf,ok,2021-06-12,35,126,pdf,,False,True
2021-22/13.06.21_NLDC_PSP.pdf,ok,2021-06-13,35,126,pdf,,False,True
2021-22/14.06.21_NLDC_PSP.pdf,ok,2021-06-14,35,126,pdf,,False,True
2021-22/15.06.21_NLDC_PSP.pdf,ok,2021-06-15,35,126,pdf,,False,True
2021-22/16.06.21_NLDC_PSP.pdf,ok,2021-06-16,35,126,pdf,,False,True
2021-22/17.06.21_NLDC_PSP.pdf,ok,2021-06-17,35,126,pdf,,False,True
2021-22/18.06.21_NLDC_PSP.pdf,ok,2021-06-18,35,126,pdf,,False,True
2021-22/19.06.21_NLDC_PSP.pdf,ok,2021-06-19,35,126,pdf,,False,True
2021-22/20.06.21_NLDC_PSP.pdf,ok,2021-06-20,35,126,pdf,,False,True
2021-22/21.06.21_NLDC_PSP.pdf,ok,2021-06-21,35,126,pdf,,False,True
2021-22/22.06.21_NLDC_PSP.pdf,ok,2021-06-22,35,126,pdf,,False,True
2021-22/23.06.21_NLDC_PSP.pdf,ok,2021-06-23,35,126,pdf,,False,True
2021-22/1624595617wpdm_upload_644.pdf,ok,2021-06-24,35,126,pdf,,False,True
2021-22/1624682078wpdm_UPLOAD_368.pdf,ok,2021-06-25,35,126,pdf,,False,True
2021-22/26.06.21_NLDC_PSP.pdf,ok,2021-06-26,35,126,pdf,,False,True
2021-22/27.06.21_NLDC_PSP.pdf,ok,2021-06-27,35,126,pdf,,False,True
2021-22/28.06.21_NLDC_PSP.pdf,ok,2021-06-28,35,126,pdf,,False,True
2021-22/29.06.21_NLDC_PSP.pdf,ok,2021-06-29,35,126,pdf,,False,True
2021-22/30.06.21_NLDC_PSP.pdf,ok,2021-06-30,35,126,pdf,,False,True
2021-22/01.07.21_NLDC_PSP.pdf,ok,2021-07-01,35,126,pdf,,False,True
2021-22/02.07.21_NLDC_PSP.pdf,ok,2021-07-02,35,126,pdf,,False,True
2021-22/03.07.21_NLDC_PSP.pdf,ok,2021-07-03,35,126,pdf,,False,True
2021-22/04.07.21_NLDC_PSP.pdf,ok,2021-07-04,35,126,pdf,,False,True
2021-22/05.07.21_NLDC_PSP.pdf,ok,2021-07-05,35,126,pdf,,False,True
2021-22/06.07.21_NLDC_PSP.pdf,ok,2021-07-06,35,126,pdf,,False,True
2021-22/07.07.21_NLDC_PSP.pdf,ok,2021-07-07,35,126,pdf,,False,True
2021-22/08.07.21_NLDC_PSP.pdf,ok,2021-07-08,35,126,pdf,,False,True
2021-22/09.07.21_NLDC_PSP.pdf,ok,2021-07-09,35,126,pdf,,False,True
2021-22/10.07.21_NLDC_PSP.pdf,ok,2021-07-10,35,48,pdf,,False,True
2021-22/11.07.21_NLDC_PSP.pdf,ok,2021-07-11,35,126,pdf,,False,True
2021-22/12.07.21_NLDC_PSP.pdf,ok,2021-07-12,35,126,pdf,,False,True
2021-22/13.07.21_NLDC_PSP.pdf,ok,2021-07-13,35,126,pdf,,False,True
2021-22/14.07.21_NLDC_PSP.pdf,ok,2021-07-14,35,126,pdf,,False,True
2021-22/15.07.21_NLDC_PSP.pdf,ok,2021-07-15,35,126,pdf,,False,True
2021-22/16.07.21_NLDC_PSP.pdf,ok,2021-07-16,35,126,pdf,,False,True
2021-22/17.07.21_NLDC_PSP.pdf,ok,2021-07-17,35,126,pdf,,False,True
2021-22/18.07.21_NLDC_PSP.pdf,ok,2021-07-18,35,126,pdf,,False,True
2021-22/19.07.21_NLDC_PSP.pdf,ok,2021-07-19,35,126,pdf,,False,True
2021-22/20.07.21_NLDC_PSP.pdf,ok,2021-07-20,35,126,pdf,,False,True
2021-22/21.07.21_NLDC_PSP.pdf,ok,2021-07-21,35,126,pdf,,False,True
2021-22/22.07.21_NLDC_PSP.pdf,ok,2021-07-22,35,126,pdf,,False,True
2021-22/23.07.21_NLDC_PSP.pdf,ok,2021-07-23,35,126,pdf,,False,True
2021-22/24.07.21_NLDC_PSP.pdf,ok,2021-07-24,35,126,pdf,,False,True
2021-22/25.07.21_NLDC_PSP.pdf,ok,2021-07-25,35,126,pdf,,False,True
2021-22/26.07.21_NLDC_PSP.pdf,ok,2021-07-26,35,126,pdf,,False,True
2021-22/27.07.21_NLDC_PSP.pdf,ok,2021-07-27,35,126,pdf,,False,True
2021-22/28.07.21_NLDC_PSP.pdf,ok,2021-07-28,35,126,pdf,,False,True
2021-22/29.07.21_NLDC_PSP.pdf,ok,2021-07-29,35,126,pdf,,False,True
2021-22/30.07.21_NLDC_PSP.pdf,ok,2021-07-30,35,126,pdf,,False,True
2021-22/31.07.21_NLDC_PSP.pdf,ok,2021-07-31,35,126,pdf,,False,True
2021-22/01.08.21_NLDC_PSP.pdf,ok,2021-08-01,35,126,pdf,,False,True
2021-22/02.08.21_NLDC_PSP.pdf,ok,2021-08-02,35,126,pdf,,False,True
2021-22/1628049659wpdm_UPLOAD_642.pdf,ok,2021-08-03,35,126,pdf,,False,True
2021-22/1628136298wpdm_UPLOAD_102.pdf,ok,2021-08-04,35,126,pdf,,False,True
2021-22/05.08.21_NLDC_PSP.pdf,ok,2021-08-05,35,126,pdf,,False,True
2021-22/06.08.21_NLDC_PSP.pdf,ok,2021-08-06,35,126,pdf,,False,True
2021-22/07.08.21_NLDC_PSP.pdf,ok,2021-08-07,35,126,pdf,,False,True
2021-22/08.08.21_NLDC_PSP.pdf,ok,2021-08-08,35,126,pdf,,False,True
2021-22/09.08.21_NLDC_PSP.pdf,ok,2021-08-09,35,126,pdf,,False,True
2021-22/10.08.21_NLDC_PSP.pdf,ok,2021-08-10,35,126,pdf,,False,True
2021-22/11.08.21_NLDC_PSP.pdf,ok,2021-08-11,35,126,pdf,,False,True
2021-22/12.08.21_NLDC_PSP.pdf,ok,2021-08-12,35,126,pdf,,False,True
2021-22/13.08.21_NLDC_PSP.pdf,ok,2021-08-13,35,126,pdf,,False,True
2021-22/14.08.21_NLDC_PSP.pdf,ok,2021-08-14,35,126,pdf,,False,True
2021-22/15.08.21_NLDC_PSP.pdf,ok,2021-08-15,35,126,pdf,,False,True
2021-22/16.08.21_NLDC_PSP.pdf,ok,2021-08-16,35,126,pdf,,False,True
2021-22/17.08.21_NLDC_PSP.pdf,ok,2021-08-17,35,126,pdf,,False,True
2021-22/18.08.21_NLDC_PSP.pdf,ok,2021-08-18,35,126,pdf,,False,True
2021-22/19.08.21_NLDC_PSP.pdf,ok,2021-08-19,35,126,pdf,,False,True
2021-22/20.08.21_NLDC_PSP.pdf,ok,2021-08-20,35,126,pdf,,False,True
2021-22/21.08.21_NLDC_PSP.pdf,ok,2021-08-21,35,126,pdf,,False,True
2021-22/22.08.21_NLDC_PSP.pdf,ok,2021-08-22,35,126,pdf,,False,True
2021-22/23.08.21_NLDC_PSP.pdf,ok,2021-08-23,35,126,pdf,,False,True
2021-22/24.08.21_NLDC_PSP.pdf,ok,2021-08-24,35,126,pdf,,False,True
2021-22/25.08.21_NLDC_PSP.pdf,ok,2021-08-25,35,126,pdf,,False,True
2021-22/26.08.21_NLDC_PSP.pdf,ok,2021-08-26,35,126,pdf,,False,True
2021-22/27.08.21_NLDC_PSP.pdf,ok,2021-08-27,35,126,pdf,,False,True
2021-22/29.08.21_NLDC_PSP.pdf,ok,2021-08-29,35,126,pdf,,False,True
2021-22/30.08.21_NLDC_PSP.pdf,ok,2021-08-30,35,126,pdf,,False,True
2021-22/31.08.21_NLDC_PSP.pdf,ok,2021-08-31,35,126,pdf,,False,True
2021-22/01.09.21_NLDC_PSP.pdf,ok,2021-09-01,35,126,pdf,,False,True
2021-22/02.09.21_NLDC_PSP.pdf,ok,2021-09-02,35,126,pdf,,False,True
2021-22/03.09.21_NLDC_PSP.pdf,ok,2021-09-03,35,126,pdf,,False,True
2021-22/1630815613wpdm_upload_544.pdf,ok,2021-09-04,35,126,pdf,,False,True
2021-22/05.09.21_NLDC_PSP.pdf,ok,2021-09-05,35,48,pdf,,False,True
2021-22/06.09.21_NLDC_PSP.pdf,ok,2021-09-06,35,126,pdf,,False,True
2021-22/07.09.21_NLDC_PSP.pdf,ok,2021-09-07,35,126,pdf,,False,True
2021-22/08.09.21_NLDC_PSP.pdf,ok,2021-09-08,35,126,pdf,,False,True
2021-22/09.09.21_NLDC_PSP.pdf,ok,2021-09-09,35,126,pdf,,False,True
2021-22/10.09.21_NLDC_PSP.pdf,ok,2021-09-10,35,126,pdf,,False,True
2021-22/11.09.21_NLDC_PSP.pdf,ok,2021-09-11,35,126,pdf,,False,True
2021-22/1631507940wpdm_upload_465.pdf,ok,2021-09-12,35,126,pdf,,False,True
2021-22/1631593431wpdm_UPLOAD_799.pdf,ok,2021-09-13,35,126,pdf,,False,True
2021-22/14.09.21_NLDC_PSP.pdf,ok,2021-09-14,35,126,pdf,,False,True
2021-22/15.09.21_NLDC_PSP.pdf,ok,2021-09-15,35,126,pdf,,False,True
2021-22/16.09.21_NLDC_PSP.pdf,ok,2021-09-16,35,126,pdf,,False,True
2021-22/17.09.21_NLDC_PSP.pdf,ok,2021-09-17,35,126,pdf,,False,True
2021-22/18.09.21_NLDC_PSP.pdf,ok,2021-09-18,35,126,pdf,,False,True
2021-22/19.09.21_NLDC_PSP.pdf,ok,2021-09-19,35,126,pdf,,False,True
2021-22/21.09.21_NLDC_PSP.pdf,ok,2021-09-21,35,48,pdf,,False,True
2021-22/22.09.21_NLDC_PSP.pdf,ok,2021-09-22,35,126,pdf,,False,True
2021-22/23.09.21_NLDC_PSP.pdf,ok,2021-09-23,35,126,pdf,,False,True
2021-22/24.09.21_NLDC_PSP.pdf,ok,2021-09-24,35,126,pdf,,False,True
2021-22/25.09.21_NLDC_PSP.pdf,ok,2021-09-25,35,126,pdf,,False,True
2021-22/26.09.21_NLDC_PSP.pdf,ok,2021-09-26,35,126,pdf,,False,True
2021-22/27.09.21_NLDC_PSP.pdf,ok,2021-09-27,35,126,pdf,,False,True
2021-22/28.09.21_NLDC_PSP.pdf,ok,2021-09-28,35,126,pdf,,False,True
2021-22/29.09.21_NLDC_PSP.pdf,ok,2021-09-29,35,126,pdf,,False,True
2021-22/30.09.21_NLDC_PSP.pdf,ok,2021-09-30,35,126,pdf,,False,True
2021-22/01.10.21_NLDC_PSP.pdf,ok,2021-10-01,35,126,pdf,,False,True
2021-22/02.10.21_NLDC_PSP.pdf,ok,2021-10-02,35,126,pdf,,False,True
2021-22/03.10.21_NLDC_PSP.pdf,ok,2021-10-03,35,126,pdf,,False,True
2021-22/04.10.21_NLDC_PSP.pdf,ok,2021-10-04,35,126,pdf,,False,True
2021-22/05.10.21_NLDC_PSP.pdf,ok,2021-10-05,35,126,pdf,,False,True
2021-22/1633579355wpdm_upload_983.pdf,ok,2021-10-06,35,126,pdf,,False,True
2021-22/07.10.21_NLDC_PSP.pdf,ok,2021-10-07,35,126,pdf,,False,True
2021-22/08.10.21_NLDC_PSP.pdf,ok,2021-10-08,35,126,pdf,,False,True
2021-22/09.10.21_NLDC_PSP.pdf,ok,2021-10-09,35,126,pdf,,False,True
2021-22/10.10.21_NLDC_PSP.pdf,ok,2021-10-10,35,126,pdf,,False,True
2021-22/11.10.21_NLDC_PSP.pdf,ok,2021-10-11,35,126,pdf,,False,True
2021-22/12.10.21_NLDC_PSP.pdf,ok,2021-10-12,35,126,pdf,,False,True
2021-22/13.10.21_NLDC_PSP.pdf,ok,2021-10-13,35,126,pdf,,False,True
2021-22/1634281525wpdm_upload_853.pdf,ok,2021-10-14,35,126,pdf,,False,True
2021-22/15.10.21_NLDC_PSP.pdf,ok,2021-10-15,35,48,pdf,,False,True
2021-22/16.10.21_NLDC_PSP.pdf,ok,2021-10-16,35,126,pdf,,False,True
2021-22/17.10.21_NLDC_PSP.pdf,ok,2021-10-17,35,126,pdf,,False,True
2021-22/18.10.21_NLDC_PSP.pdf,ok,2021-10-18,35,126,pdf,,False,True
2021-22/19.10.21_NLDC_PSP.pdf,ok,2021-10-19,35,126,pdf,,False,True
2021-22/20.10.21_NLDC_PSP.pdf,ok,2021-10-20,35,126,pdf,,False,True
2021-22/21.10.21_NLDC_PSP.pdf,ok,2021-10-21,35,126,pdf,,False,True
2021-22/1634964862wpdm_UPLOAD_923.pdf,ok,2021-10-22,35,126,pdf,,False,True
2021-22/1635049689wpdm_upload_266.pdf,ok,2021-10-23,35,126,pdf,,False,True
2021-22/24.10.21_NLDC_PSP.pdf,ok,2021-10-24,35,126,pdf,,False,True
2021-22/25.10.21_NLDC_PSP.pdf,ok,2021-10-25,35,126,pdf,,False,True
2021-22/26.10.21_NLDC_PSP.pdf,ok,2021-10-26,35,126,pdf,,False,True
2021-22/27.10.21_NLDC_PSP.pdf,ok,2021-10-27,35,126,pdf,,False,True
2021-22/28.10.21_NLDC_PSP.pdf,ok,2021-10-28,35,126,pdf,,False,True
2021-22/29.10.21_NLDC_PSP.pdf,ok,2021-10-29,35,126,pdf,,False,True
2021-22/30.10.21_NLDC_PSP.pdf,ok,2021-10-30,35,126,pdf,,False,True
2021-22/31.10.21_NLDC_PSP.pdf,ok,2021-10-31,35,126,pdf,,False,True
2021-22/01.11.21_NLDC_PSP.pdf,ok,2021-11-01,35,126,pdf,,False,True
2021-22/02.11.21_NLDC_PSP.pdf,ok,2021-11-02,35,126,pdf,,False,True
2021-22/03.11.21_NLDC_PSP.pdf,ok,2021-11-03,35,126,pdf,,False,True
2021-22/04.11.21_NLDC_PSP.pdf,ok,2021-11-04,35,126,pdf,,False,True
2021-22/05.11.21_NLDC_PSP.pdf,ok,2021-11-05,35,126,pdf,,False,True
2021-22/06.11.21_NLDC_PSP.pdf,ok,2021-11-06,35,126,pdf,,False,True
2021-22/07.11.21_NLDC_PSP.pdf,ok,2021-11-07,35,126,pdf,,False,True
2021-22/08.11.21_NLDC_PSP.pdf,ok,2021-11-08,35,126,pdf,,False,True
2021-22/09.11.21_NLDC_PSP.pdf,ok,2021-11-09,35,126,pdf,,False,True
2021-22/10.11.21_NLDC_PSP.pdf,ok,2021-11-10,35,126,pdf,,False,True
2021-22/11.11.21_NLDC_PSP.pdf,ok,2021-11-11,35,126,pdf,,False,True
2021-22/12.11.21_NLDC_PSP.pdf,ok,2021-11-12,35,126,pdf,,False,True
2021-22/13.11.21_NLDC_PSP.pdf,ok,2021-11-13,35,126,pdf,,False,True
2021-22/14.11.21_NLDC_PSP.pdf,ok,2021-11-14,35,126,pdf,,False,True
2021-22/15.11.21_NLDC_PSP.pdf,ok,2021-11-15,35,126,pdf,,False,True
2021-22/16.11.21_NLDC_PSP.pdf,ok,2021-11-16,35,126,pdf,,False,True
2021-22/17.11.21_NLDC_PSP.pdf,ok,2021-11-17,35,126,pdf,,False,True
2021-22/18.11.21_NLDC_PSP.pdf,ok,2021-11-18,35,126,pdf,,False,True
2021-22/19.11.21_NLDC_PSP.pdf,ok,2021-11-19,35,126,pdf,,False,True
2021-22/20.11.21_NLDC_PSP.pdf,ok,2021-11-20,35,126,pdf,,False,True
2021-22/21.11.21_NLDC_PSP.pdf,ok,2021-11-21,35,126,pdf,,False,True
2021-22/22.11.21_NLDC_PSP.pdf,ok,2021-11-22,35,126,pdf,,False,True
2021-22/23.11.21_NLDC_PSP.pdf,ok,2021-11-23,35,126,pdf,,False,True
2021-22/24.11.21_NLDC_PSP.pdf,ok,2021-11-24,35,126,pdf,,False,True
2021-22/25.11.21_NLDC_PSP.pdf,ok,2021-11-25,35,126,pdf,,False,True
2021-22/26.11.21_NLDC_PSP.pdf,ok,2021-11-26,35,126,pdf,,False,True
2021-22/27.11.21_NLDC_PSP.pdf,ok,2021-11-27,35,126,pdf,,False,True
2021-22/28.11.21_NLDC_PSP.pdf,ok,2021-11-28,35,126,pdf,,False,True
2021-22/29.11.21_NLDC_PSP.pdf,ok,2021-11-29,35,126,pdf,,False,True
2021-22/30.11.21_NLDC_PSP.pdf,ok,2021-11-30,35,126,pdf,,False,True
2021-22/01.12.21_NLDC_PSP.pdf,ok,2021-12-01,35,126,pdf,,False,True
2021-22/02.12.21_NLDC_PSP.pdf,ok,2021-12-02,35,126,pdf,,False,True
2021-22/03.12.21_NLDC_PSP.pdf,ok,2021-12-03,35,126,pdf,,False,True
2021-22/04.12.21_NLDC_PSP.pdf,ok,2021-12-04,35,126,pdf,,False,True
2021-22/05.12.21_NLDC_PSP.pdf,ok,2021-12-05,35,126,pdf,,False,True
2021-22/06.12.21_NLDC_PSP.pdf,ok,2021-12-06,35,126,pdf,,False,True
2021-22/07.12.21_NLDC_PSP.pdf,ok,2021-12-07,35,126,pdf,,False,True
2021-22/08.12.21_NLDC_PSP.pdf,ok,2021-12-08,35,126,pdf,,False,True
2021-22/09.12.21_NLDC_PSP.pdf,ok,2021-12-09,35,126,pdf,,False,True
2021-22/10.12.21_NLDC_PSP.pdf,ok,2021-12-10,35,126,pdf,,False,True
2021-22/11.12.21_NLDC_PSP.pdf,ok,2021-12-11,35,126,pdf,,False,True
2021-22/12.12.21_NLDC_PSP.pdf,ok,2021-12-11,35,126,pdf,,False,False
2021-22/13.12.21_NLDC_PSP.pdf,ok,2021-12-13,35,126,pdf,,False,True
2021-22/14.12.21_NLDC_PSP.pdf,ok,2021-12-14,35,126,pdf,,False,True
2021-22/15.12.21_NLDC_PSP.pdf,ok,2021-12-15,35,126,pdf,,False,True
2021-22/16.12.21_NLDC_PSP.pdf,ok,2021-12-16,35,126,pdf,,False,True
2021-22/17.12.21_NLDC_PSP.pdf,ok,2021-12-17,35,126,pdf,,False,True
2021-22/18.12.21_NLDC_PSP.pdf,ok,2021-12-18,35,126,pdf,,False,True
2021-22/19.12.21_NLDC_PSP.pdf,ok,2021-12-19,35,126,pdf,,False,True
2021-22/20.12.21_NLDC_PSP.pdf,ok,2021-12-20,35,126,pdf,,False,True
2021-22/21.12.21_NLDC_PSP.pdf,ok,2021-12-21,35,126,pdf,,False,True
2021-22/22.12.21_NLDC_PSP.pdf,ok,2021-12-22,35,126,pdf,,False,True
2021-22/23.12.21_NLDC_PSP.pdf,ok,2021-12-23,35,126,pdf,,False,True
2021-22/24.12.21_NLDC_PSP.pdf,ok,2021-12-24,35,126,pdf,,False,True
2021-22/25.12.21_NLDC_PSP.pdf,ok,2021-12-25,35,126,pdf,,False,True
2021-22/26.12.21_NLDC_PSP.pdf,ok,2021-12-26,35,126,pdf,,False,True
2021-22/27.12.21_NLDC_PSP.pdf,ok,2021-12-27,35,126,pdf,,False,True
2021-22/28.12.21_NLDC_PSP.pdf,ok,2021-12-28,35,126,pdf,,False,True
2021-22/29.12.21_NLDC_PSP.pdf,ok,2021-12-29,35,126,pdf,,False,True
2021-22/30.12.21_NLDC_PSP.pdf,ok,2021-12-30,35,126,pdf,,False,True
2021-22/1641013085wpdm_upload_537.pdf,ok,2021-12-31,35,126,pdf,,False,True
2021-22/01.01.22_NLDC_PSP.pdf,ok,2022-01-01,35,126,pdf,,False,True
2021-22/1641016092wpdm_upload_102.pdf,ok,2021-12-31,35,126,pdf,,False,False
2021-22/03.01.22_NLDC_PSP.pdf,ok,2022-01-03,35,126,pdf,,False,True
2021-22/04.01.22_NLDC_PSP.pdf,ok,2022-01-04,35,120,pdf,,False,True
2021-22/05.01.22_NLDC_PSP.pdf,ok,2022-01-05,35,126,pdf,,False,True
2021-22/06.01.22_NLDC_PSP.pdf,ok,2022-01-06,35,126,pdf,,False,True
2021-22/07.01.22_NLDC_PSP.pdf,ok,2022-01-07,35,120,pdf,,False,True
2021-22/08.01.22_NLDC_PSP.pdf,ok,2022-01-08,35,126,pdf,,False,True
2021-22/09.01.22_NLDC_PSP.pdf,ok,2022-01-09,35,126,pdf,,False,True
2021-22/10.01.22_NLDC_PSP.pdf,ok,2022-01-10,35,126,pdf,,False,True
2021-22/11.01.22_NLDC_PSP.pdf,ok,2022-01-11,35,126,pdf,,False,True
2021-22/12.01.22_NLDC_PSP.pdf,ok,2022-01-12,35,126,pdf,,False,True
2021-22/13.01.22_NLDC_PSP.pdf,ok,2022-01-13,35,126,pdf,,False,True
2021-22/14.01.22_NLDC_PSP.pdf,ok,2022-01-14,35,126,pdf,,False,True
2021-22/15.01.22_NLDC_PSP.pdf,ok,2022-01-15,35,126,pdf,,False,True
2021-22/16.01.22_NLDC_PSP.pdf,ok,2022-01-16,35,126,pdf,,False,True
2021-22/17.01.22_NLDC_PSP.pdf,ok,2022-01-17,35,126,pdf,,False,True
2021-22/18.01.22_NLDC_PSP.pdf,ok,2022-01-18,35,126,pdf,,False,True
2021-22/19.01.22_NLDC_PSP.pdf,ok,2022-01-19,35,126,pdf,,False,True
2021-22/20.01.22_NLDC_PSP.pdf,ok,2022-01-20,35,126,pdf,,False,True
2021-22/21.01.22_NLDC_PSP.pdf,ok,2022-01-21,35,126,pdf,,False,True
2021-22/22.01.22_NLDC_PSP.pdf,ok,2022-01-22,35,126,pdf,,False,True
2021-22/23.01.22_NLDC_PSP.pdf,ok,2022-01-23,35,126,pdf,,False,True
2021-22/24.01.22_NLDC_PSP.pdf,ok,2022-01-24,35,126,pdf,,False,True
2021-22/25.01.22_NLDC_PSP.pdf,ok,2022-01-25,35,126,pdf,,False,True
2021-22/26.01.22_NLDC_PSP.pdf,ok,2022-01-26,35,126,pdf,,False,True
2021-22/27.01.22_NLDC_PSP.pdf,ok,2022-01-27,35,126,pdf,,False,True
2021-22/28.01.22_NLDC_PSP.pdf,ok,2022-01-28,35,126,pdf,,False,True
2021-22/1643515326wpdm_UPLOAD_418.pdf,ok,2022-01-29,35,126,pdf,,False,True
2021-22/30.01.22_NLDC_PSP.pdf,ok,2022-01-30,35,126,pdf,,False,True
2021-22/31.01.22_NLDC_PSP.pdf,ok,2022-01-31,35,126,pdf,,False,True
2021-22/01.02.22_NLDC_PSP.pdf,ok,2022-02-01,35,126,pdf,,False,True
2021-22/02.02.22_NLDC_PSP.pdf,ok,2022-02-02,35,126,pdf,,False,True
2021-22/03.02.22_NLDC_PSP.pdf,ok,2022-02-03,35,126,pdf,,False,True
2021-22/1644038855wpdm_upload_927.pdf,ok,2022-02-04,35,126,pdf,,False,True
2021-22/05.02.22_NLDC_PSP.pdf,ok,2022-02-05,35,126,pdf,,False,True
2021-22/06.02.22_NLDC_PSP.pdf,ok,2022-02-06,35,126,pdf,,False,True
2021-22/07.02.22_NLDC_PSP.pdf,ok,2022-02-07,35,126,pdf,,False,True
2021-22/08.02.22_NLDC_PSP.pdf,ok,2022-02-08,35,126,pdf,,False,True
2021-22/09.02.22_NLDC_PSP.pdf,ok,2022-02-09,35,126,pdf,,False,True
2021-22/10.02.22_NLDC_PSP.pdf,ok,2022-02-10,35,126,pdf,,False,True
2021-22/11.02.22_NLDC_PSP.pdf,ok,2022-02-11,35,126,pdf,,False,True
2021-22/12.02.22_NLDC_PSP.pdf,ok,2022-02-12,35,126,pdf,,False,True
2021-22/13.02.22_NLDC_PSP.pdf,ok,2022-02-13,35,126,pdf,,False,True
2021-22/14.02.22_NLDC_PSP.pdf,ok,2022-02-14,35,126,pdf,,False,True
2021-22/15.02.22_NLDC_PSP.pdf,ok,2022-02-15,35,126,pdf,,False,True
2021-22/16.02.22_NLDC_PSP.pdf,ok,2022-02-16,35,126,pdf,,False,True
2021-22/17.02.22_NLDC_PSP.pdf,ok,2022-02-17,35,126,pdf,,False,True
2021-22/18.02.22_NLDC_PSP.pdf,ok,2022-02-18,35,126,pdf,,False,True
2021-22/19.02.22_NLDC_PSP.pdf,ok,2022-02-19,35,126,pdf,,False,True
2021-22/20.02.22_NLDC_PSP.pdf,ok,2022-02-20,35,126,pdf,,False,True
2021-22/21.02.22_NLDC_PSP.pdf,ok,2022-02-21,35,126,pdf,,False,True
2021-22/22.02.22_NLDC_PSP.pdf,ok,2022-02-22,35,126,pdf,,False,True
2021-22/23.02.22_NLDC_PSP.pdf,ok,2022-02-23,35,126,pdf,,False,True
2021-22/24.02.22_NLDC_PSP.pdf,ok,2022-02-24,35,126,pdf,,False,True
2021-22/25.02.22_NLDC_PSP.pdf,ok,2022-02-25,35,126,pdf,,False,True
2021-22/26.02.22_NLDC_PSP.pdf,ok,2022-02-26,35,126,pdf,,False,True
2021-22/27.02.22_NLDC_PSP.pdf,ok,2022-02-27,35,126,pdf,,False,True
2021-22/28.02.22_NLDC_PSP.pdf,ok,2022-02-28,35,126,pdf,,False,True
2021-22/01.03.22_NLDC_PSP.pdf,ok,2022-03-01,35,126,pdf,,False,True
2021-22/02.03.22_NLDC_PSP.pdf,ok,2022-03-02,35,126,pdf,,False,True
2021-22/03.03.22_NLDC_PSP.pdf,ok,2022-03-03,35,126,pdf,,False,True
2021-22/04.03.22_NLDC_PSP.pdf,ok,2022-03-04,35,126,pdf,,False,True
2021-22/05.03.22_NLDC_PSP.pdf,ok,2022-03-05,35,126,pdf,,False,True
2021-22/06.03.22_NLDC_PSP.pdf,ok,2022-03-06,35,126,pdf,,False,True
2021-22/07.03.22_NLDC_PSP.pdf,ok,2022-03-07,35,126,pdf,,False,True
2021-22/08.03.22_NLDC_PSP.pdf,ok,2022-03-08,35,126,pdf,,False,True
2021-22/09.03.22_NLDC_PSP_H&E.pdf,ok,2022-03-09,35,126,pdf,,False,True
2021-22/11.03.22_NLDC_PSP.pdf,ok,2022-03-11,35,126,pdf,,False,True
2021-22/12.03.22_NLDC_PSP.pdf,ok,2022-03-12,35,126,pdf,,False,True
2021-22/13.03.22_NLDC_PSP.pdf,ok,2022-03-13,35,126,pdf,,False,True
2021-22/14.03.22_NLDC_PSP.pdf,ok,2022-03-14,35,126,pdf,,False,True
2021-22/1647408331wpdm_upload_426.pdf,ok,2022-03-15,35,126,pdf,,False,True
2021-22/1647501367wpdm_upload_478.pdf,ok,2022-03-16,35,126,pdf,,False,True
2021-22/17.03.22_NLDC_PSP.pdf,ok,2022-03-17,35,126,pdf,,False,True
2021-22/18.03.22_NLDC_PSP.pdf,ok,2022-03-18,35,126,pdf,,False,True
2021-22/19.03.22_NLDC_PSP.pdf,ok,2022-03-19,35,126,pdf,,False,True
2021-22/20.03.22_NLDC_PSP.pdf,ok,2022-03-20,35,126,pdf,,False,True
2021-22/21.03.22_NLDC_PSP.pdf,ok,2022-03-21,35,126,pdf,,False,True
2021-22/22.03.22_NLDC_PSP.pdf,ok,2022-03-22,35,126,pdf,,False,True
2021-22/1648094203wpdm_upload_156.pdf,ok,2022-03-23,35,126,pdf,,False,True
2021-22/1648182193wpdm_upload_385.pdf,ok,2022-03-24,35,126,pdf,,False,True
2021-22/25.03.22_NLDC_PSP.pdf,ok,2022-03-25,35,126,pdf,,False,True
2021-22/26.03.22_NLDC_PSP.pdf,ok,2022-03-26,35,126,pdf,,False,True
2021-22/27.03.22_NLDC_PSP.pdf,ok,2022-03-27,35,126,pdf,,False,True
2021-22/28.03.22_NLDC_PSP.pdf,ok,2022-03-28,35,126,pdf,,False,True
2021-22/29.03.22_NLDC_PSP.pdf,ok,2022-03-29,35,126,pdf,,False,True
2021-22/30.03.22_NLDC_PSP.pdf,ok,2022-03-30,35,126,pdf,,False,True
2021-22/31.03.22_NLDC_PSP.pdf,ok,2022-03-31,35,126,pdf,,False,True
2022-23/upload on website_579.pdf,ok,2022-04-01,35,126,pdf,,False,True
2022-23/02.04.22_NLDC_PSP.pdf,ok,2022-04-02,35,126,pdf,,False,True
2022-23/03.04.22_NLDC_PSP.pdf,ok,2022-04-03,35,126,pdf,,False,True
2022-23/04.04.22_NLDC_PSP.pdf,ok,2022-04-04,35,126,pdf,,False,True
2022-23/05.04.22_NLDC_PSP.pdf,ok,2022-04-05,35,126,pdf,,False,True
2022-23/06.04.22_NLDC_PSP.pdf,ok,2022-04-06,35,126,pdf,,False,True
2022-23/07.04.22_NLDC_PSP.pdf,ok,2022-04-07,35,126,pdf,,False,True
2022-23/1649478909wpdm_upload_677.pdf,ok,2022-04-08,35,126,pdf,,False,True
2022-23/1649567095wpdm_UPLOAD_869.pdf,ok,2022-04-09,35,126,pdf,,False,True
2022-23/10.04.22_NLDC_PSP.pdf,ok,2022-04-10,35,126,pdf,,False,True
2022-23/11.04.22_NLDC_PSP.pdf,ok,2022-04-11,35,126,pdf,,False,True
2022-23/12.04.22_NLDC_PSP.pdf,ok,2022-04-12,35,126,pdf,,False,True
2022-23/13.04.22_NLDC_PSP.pdf,ok,2022-04-13,35,126,pdf,,False,True
2022-23/14.04.22_NLDC_PSP.pdf,ok,2022-04-14,35,126,pdf,,False,True
2022-23/15.04.22_NLDC_PSP.pdf,ok,2022-04-15,35,126,pdf,,False,True
2022-23/16.04.22_NLDC_PSP.pdf,ok,2022-04-16,35,126,pdf,,False,True
2022-23/17.04.22_NLDC_PSP.pdf,ok,2022-04-17,35,126,pdf,,False,True
2022-23/18.04.22_NLDC_PSP.pdf,ok,2022-04-18,35,126,pdf,,False,True
2022-23/19.04.22_NLDC_PSP.pdf,ok,2022-04-19,35,126,pdf,,False,True
2022-23/20.04.22_NLDC_PSP.pdf,ok,2022-04-20,35,126,pdf,,False,True
2022-23/21.04.22_NLDC_PSP.pdf,ok,2022-04-21,35,126,pdf,,False,True
2022-23/22.04.22_NLDC_PSP.pdf,ok,2022-04-22,35,126,pdf,,False,True
2022-23/23.04.22_NLDC_PSP.pdf,ok,2022-04-23,35,126,pdf,,False,True
2022-23/1650864482wpdm_UPLOAD_150.pdf,ok,2022-04-24,35,126,pdf,,False,True
2022-23/1650946197wpdm_UPLOAD_177.pdf,ok,2022-04-25,35,126,pdf,,False,True
2022-23/26.04.22_NLDC_PSP.pdf,ok,2022-04-26,35,126,pdf,,False,True
2022-23/27.04.22_NLDC_PSP.pdf,ok,2022-04-27,35,126,pdf,,False,True
2022-23/28.04.22_NLDC_PSP.pdf,ok,2022-04-28,35,126,pdf,,False,True
2022-23/29.04.22_NLDC_PSP.pdf,ok,2022-04-29,35,126,pdf,,False,True
2022-23/30.04.22_NLDC_PSP.pdf,ok,2022-04-30,35,126,pdf,,False,True
2022-23/01.05.22_NLDC_PSP.pdf,ok,2022-05-01,35,126,pdf,,False,True
2022-23/02.05.22_NLDC_PSP.pdf,ok,2022-05-02,35,126,pdf,,False,True
2022-23/03.05.22_NLDC_PSP.pdf,ok,2022-05-03,35,126,pdf,,False,True
2022-23/04.05.22_NLDC_PSP.pdf,ok,2022-05-04,35,126,pdf,,False,True
2022-23/05.05.22_NLDC_PSP.pdf,ok,2022-05-05,35,126,pdf,,False,True
2022-23/06.05.22_NLDC_PSP.pdf,ok,2022-05-06,35,126,pdf,,False,True
2022-23/07.05.22_NLDC_PSP.pdf,ok,2022-05-07,35,126,pdf,,False,True
2022-23/08.05.22_NLDC_PSP.pdf,ok,2022-05-08,35,126,pdf,,False,True
2022-23/09.05.22_NLDC_PSP.pdf,ok,2022-05-09,35,126,pdf,,False,True
2022-23/10.05.22_NLDC_PSP.pdf,ok,2022-05-10,35,126,pdf,,False,True
2022-23/1652328596wpdm_upload_611.pdf,ok,2022-05-11,35,126,pdf,,False,True
2022-23/12.05.22_NLDC_PSP.pdf,ok,2022-05-12,35,126,pdf,,False,True
2022-23/13.05.22_NLDC_PSP.pdf,ok,2022-05-13,35,126,pdf,,False,True
2022-23/14.05.22_NLDC_PSP.pdf,ok,2022-05-14,35,126,pdf,,False,True
2022-23/15.05.22_NLDC_PSP.pdf,ok,2022-05-15,35,126,pdf,,False,True
2022-23/16.05.22_NLDC_PSP.pdf,ok,2022-05-16,35,126,pdf,,False,True
2022-23/17.05.22_NLDC_PSP.pdf,ok,2022-05-17,35,126,pdf,,False,True
2022-23/18.05.22_NLDC_PSP.pdf,ok,2022-05-18,35,126,pdf,,False,True
2022-23/1653019538wpdm_upload_530.pdf,ok,2022-05-19,35,126,pdf,,False,True
2022-23/20.05.22_NLDC_PSP.pdf,ok,2022-05-20,35,126,pdf,,False,True
2022-23/21.05.22_NLDC_PSP.pdf,ok,2022-05-21,35,126,pdf,,False,True
2022-23/22.05.22_NLDC_PSP.pdf,ok,2022-05-22,35,126,pdf,,False,True
2022-23/23.05.22_NLDC_PSP.pdf,ok,2022-05-23,35,126,pdf,,False,True
2022-23/24.05.22_NLDC_PSP.pdf,ok,2022-05-24,35,126,pdf,,False,True
2022-23/25.05.22_NLDC_PSP.pdf,ok,2022-05-25,35,126,pdf,,False,True
2022-23/26.05.22_NLDC_PSP.pdf,ok,2022-05-26,35,126,pdf,,False,True
2022-23/1653714033wpdm_Upload on Website_905.pdf,ok,2022-05-27,35,126,pdf,,False,True
2022-23/28.05.22_NLDC_PSP.pdf,ok,2022-05-28,35,126,pdf,,False,True
2022-23/29.05.22_NLDC_PSP.pdf,ok,2022-05-29,35,126,pdf,,False,True
2022-23/30.05.22_NLDC_PSP.pdf,ok,2022-05-30,35,126,pdf,,False,True
2022-23/31.05.22_NLDC_PSP.pdf,ok,2022-05-31,35,126,pdf,,False,True
2022-23/01.06.22_NLDC_PSP.pdf,ok,2022-06-01,34,126,pdf,,False,True
2022-23/02.06.22_NLDC_PSP.pdf,ok,2022-06-02,34,126,pdf,,False,True
2022-23/psp upload on website.pdf,ok,2022-06-03,34,126,pdf,,False,True
2022-23/04.06.22_NLDC_PSP.pdf,ok,2022-06-04,34,126,pdf,,False,True
2022-23/05.06.22_NLDC_PSP.pdf,ok,2022-06-05,34,126,pdf,,False,True
2022-23/06.06.22_NLDC_PSP.pdf,ok,2022-06-06,34,126,pdf,,False,True
2022-23/07.06.22_NLDC_PSP.pdf,ok,2022-06-07,34,126,pdf,,False,True
2022-23/08.06.22_NLDC_PSP.pdf,ok,2022-06-08,34,126,pdf,,False,True
2022-23/09.06.22_NLDC_PSP.pdf,ok,2022-06-09,34,126,pdf,,False,True
2022-23/10.06.22_NLDC_PSP.pdf,ok,2022-06-10,34,126,pdf,,False,True
2022-23/1655008043wpdm_upload_482.pdf,ok,2022-06-11,34,126,pdf,,False,True
2022-23/1655092430wpdm_upload_610.pdf,ok,2022-06-12,34,126,pdf,,False,True
2022-23/13.06.22_NLDC_PSP.pdf,ok,2022-06-13,34,126,pdf,,False,True
2022-23/14.06.22_NLDC_PSP.pdf,ok,2022-06-14,34,126,pdf,,False,True
2022-23/15.06.22_NLDC_PSP.pdf,ok,2022-06-15,34,126,pdf,,False,True
2022-23/16.06.22_NLDC_PSP.pdf,ok,2022-06-16,34,126,pdf,,False,True
2022-23/17.06.22_NLDC_PSP.pdf,ok,2022-06-17,34,126,pdf,,False,True
2022-23/18.06.22_NLDC_PSP_1.pdf,ok,2022-06-18,34,126,pdf,,False,True
2022-23/1655700068wpdm_upload_314.pdf,ok,2022-06-19,34,126,pdf,,False,True
2022-23/20.06.22_NLDC_PSP.pdf,ok,2022-06-20,34,126,pdf,,False,True
2022-23/21.06.22_NLDC_PSP.pdf,ok,2022-06-21,34,126,pdf,,False,True
2022-23/22.06.22_NLDC_PSP.pdf,ok,2022-06-22,34,120,pdf,,False,True
2022-23/23.06.22_NLDC_PSP.pdf,ok,2022-06-23,34,126,pdf,,False,True
2022-23/24.06.22_NLDC_PSP.pdf,ok,2022-06-24,34,126,pdf,,False,True
2022-23/25.06.22_NLDC_PSP.pdf,ok,2022-06-25,34,126,pdf,,False,True
2022-23/26.06.22_NLDC_PSP.pdf,ok,2022-06-26,34,126,pdf,,False,True
2022-23/27.06.22_NLDC_PSP.pdf,ok,2022-06-27,34,126,pdf,,False,True
2022-23/28.06.22_NLDC_PSP.pdf,ok,2022-06-28,34,126,pdf,,False,True
2022-23/29.06.22_NLDC_PSP.pdf,ok,2022-06-29,34,126,pdf,,False,True
2022-23/30.06.22_NLDC_PSP.pdf,ok,2022-06-30,34,126,pdf,,False,True
2022-23/01.07.22_NLDC_PSP.pdf,ok,2022-07-01,34,126,pdf,,False,True
2022-23/02.07.22_NLDC_PSP.pdf,ok,2022-07-02,34,126,pdf,,False,True
2022-23/03.07.22_NLDC_PSP.pdf,ok,2022-07-03,34,126,pdf,,False,True
2022-23/04.07.22_NLDC_PSP.pdf,ok,2022-07-04,34,126,pdf,,False,True
2022-23/05.07.22_NLDC_PSP.pdf,ok,2022-07-05,34,126,pdf,,False,True
2022-23/06.07.22_NLDC_PSP.pdf,ok,2022-07-06,34,126,pdf,,False,True
2022-23/07.07.22_NLDC_PSP.pdf,ok,2022-07-07,34,126,pdf,,False,True
2022-23/uploadpdf.pdf,ok,2022-07-08,34,126,pdf,,False,True
2022-23/09.07.22_NLDC_PSP.pdf,ok,2022-07-09,34,126,pdf,,False,True
2022-23/10.07.22_NLDC_PSP.pdf,ok,2022-07-10,34,126,pdf,,False,True
2022-23/11.07.22_NLDC_PSP.pdf,ok,2022-07-11,34,126,pdf,,False,True
2022-23/12.07.22_NLDC_PSP.pdf,ok,2022-07-12,34,126,pdf,,False,True
2022-23/13.07.22_NLDC_PSP.pdf,ok,2022-07-13,34,126,pdf,,False,True
2022-23/14.07.22_NLDC_PSP.pdf,ok,2022-07-14,34,126,pdf,,False,True
2022-23/15.07.22_NLDC_PSP.pdf,ok,2022-07-15,34,126,pdf,,False,True
2022-23/16.07.22_NLDC_PSP.pdf,ok,2022-07-16,34,126,pdf,,False,True
2022-23/17.07.22_NLDC_PSP.pdf,ok,2022-07-17,34,126,pdf,,False,True
2022-23/18.07.22_NLDC_PSP.pdf,ok,2022-07-18,34,126,pdf,,False,True
2022-23/19.07.22_NLDC_PSP.pdf,ok,2022-07-19,34,126,pdf,,False,True
2022-23/20.07.22_NLDC_PSP.pdf,ok,2022-07-20,34,126,pdf,,False,True
2022-23/21.07.22_NLDC_PSP.pdf,ok,2022-07-21,34,126,pdf,,False,True
2022-23/22.07.22_NLDC_PSP.pdf,ok,2022-07-22,34,126,pdf,,False,True
2022-23/23.07.22_NLDC_PSP.pdf,ok,2022-07-23,34,126,pdf,,False,True
2022-23/24.07.22_NLDC_PSP.pdf,ok,2022-07-24,34,126,pdf,,False,True
2022-23/25.07.22_NLDC_PSP.pdf,ok,2022-07-25,34,126,pdf,,False,True
2022-23/26.07.22_NLDC_PSP.pdf,ok,2022-07-26,34,126,pdf,,False,True
2022-23/27.07.22_NLDC_PSP.pdf,ok,2022-07-27,34,126,pdf,,False,True
2022-23/28.07.22_NLDC_PSP.pdf,ok,2022-07-28,34,126,pdf,,False,True
2022-23/1659154808wpdm_upload_866.pdf,ok,2022-07-29,34,126,pdf,,False,True
2022-23/30.07.22_NLDC_PSP.pdf,ok,2022-07-30,34,126,pdf,,False,True
2022-23/31.07.22_NLDC_PSP.pdf,ok,2022-07-31,34,126,pdf,,False,True
2022-23/01.08.22_NLDC_PSP.pdf,ok,2022-08-01,34,126,pdf,,False,True
2022-23/02.08.22_NLDC_PSP.pdf,ok,2022-08-02,34,126,pdf,,False,True
2022-23/03.08.22_NLDC_PSP.pdf,ok,2022-08-03,34,126,pdf,,False,True
2022-23/04.08.22_NLDC_PSP.pdf,ok,2022-08-04,34,126,pdf,,False,True
2022-23/05.08.22_NLDC_PSP.pdf,ok,2022-08-05,34,126,pdf,,False,True
2022-23/06.08.22_NLDC_PSP.pdf,ok,2022-08-06,34,126,pdf,,False,True
2022-23/07.08.22_NLDC_PSP.pdf,ok,2022-08-07,34,126,pdf,,False,True
2022-23/08.08.22_NLDC_PSP.pdf,ok,2022-08-08,34,126,pdf,,False,True
2022-23/09.08.22_NLDC_PSP.pdf,ok,2022-08-09,34,126,pdf,,False,True
2022-23/10.08.22_NLDC_PSP.pdf,ok,2022-08-10,34,126,pdf,,False,True
2022-23/11.08.22_NLDC_PSP.pdf,ok,2022-08-11,34,126,pdf,,False,True
2022-23/12.08.22_NLDC_PSP.pdf,ok,2022-08-12,34,126,pdf,,False,True
2022-23/13.08.22_NLDC_PSP.pdf,ok,2022-08-13,34,126,pdf,,False,True
2022-23/14.08.22_NLDC_PSP.pdf,ok,2022-08-14,34,126,pdf,,False,True
2022-23/15.08.22_NLDC_PSP.pdf,ok,2022-08-15,34,126,pdf,,False,True
2022-23/16.08.22_NLDC_PSP.pdf,ok,2022-08-16,34,126,pdf,,False,True
2022-23/17.08.22_NLDC_PSP.pdf,ok,2022-08-17,34,126,pdf,,False,True
2022-23/18.08.22_NLDC_PSP.pdf,ok,2022-08-18,34,126,pdf,,False,True
2022-23/19.08.22_NLDC_PSP.pdf,ok,2022-08-19,34,126,pdf,,False,True
2022-23/20.08.22_NLDC_PSP.pdf,ok,2022-08-20,34,126,pdf,,False,True
2022-23/21.08.22_NLDC_PSP.pdf,ok,2022-08-21,34,126,pdf,,False,True
2022-23/Upload on Web.pdf,ok,2022-08-22,34,126,pdf,,False,True
2022-23/23.08.22_NLDC_PSP.pdf,ok,2022-08-23,34,126,pdf,,False,True
2022-23/24.08.22_NLDC_PSP.pdf,ok,2022-08-24,34,126,pdf,,False,True
2022-23/25.08.22_NLDC_PSP.pdf,ok,2022-08-25,34,126,pdf,,False,True
2022-23/26.08.22_NLDC_PSP.pdf,ok,2022-08-26,34,126,pdf,,False,True
2022-23/27.08.22_NLDC_PSP.pdf,ok,2022-08-27,34,126,pdf,,False,True
2022-23/28.08.22_NLDC_PSP.pdf,ok,2022-08-28,34,126,pdf,,False,True
2022-23/29.08.22_NLDC_PSP.pdf,ok,2022-08-28,34,114,pdf,,False,False
2022-23/web upload.pdf,ok,2022-08-30,34,126,pdf,,False,True
2022-23/01.09.22_NLDC_PSP.pdf,ok,2022-09-01,34,126,pdf,,False,True
2022-23/02.09.22_NLDC_PSP.pdf,ok,2022-09-02,34,126,pdf,,False,True
2022-23/03.09.22_NLDC_PSP.pdf,ok,2022-09-03,34,126,pdf,,False,True
2022-23/04.09.22_NLDC_PSP.pdf,ok,2022-09-04,34,126,pdf,,False,True
2022-23/05.09.22_NLDC_PSP.pdf,ok,2022-09-05,34,126,pdf,,False,True
2022-23/06.09.22_NLDC_PSP.pdf,ok,2022-09-06,34,126,pdf,,False,True
2022-23/1662613148wpdm_upload_723.pdf,ok,2022-09-07,34,126,pdf,,False,True
2022-23/1662703560wpdm_upload_289.pdf,ok,2022-09-08,34,126,pdf,,False,True
2022-23/09.09.22_NLDC_PSP.pdf,ok,2022-09-09,34,126,pdf,,False,True
2022-23/10.09.22_NLDC_PSP.pdf,ok,2022-09-10,34,126,pdf,,False,True
2022-23/11.09.22_NLDC_PSP.pdf,ok,2022-09-11,34,126,pdf,,False,True
2022-23/12.09.22_NLDC_PSP.pdf,ok,2022-09-12,34,126,pdf,,False,True
2022-23/13.09.22_NLDC_PSP.pdf,ok,2022-09-13,34,126,pdf,,False,True
2022-23/14.09.22_NLDC_PSP.pdf,ok,2022-09-14,34,126,pdf,,False,True
2022-23/1663390501wpdm_UPLOAD ON WEBSITE_545.pdf,ok,2022-09-16,34,126,pdf,,False,True
2022-23/17.09.22_NLDC_PSP.pdf,ok,2022-09-17,34,126,pdf,,False,True
2022-23/18.09.22_NLDC_PSP.pdf,ok,2022-09-18,34,126,pdf,,False,True
2022-23/19.09.22_NLDC_PSP.pdf,ok,2022-09-19,34,126,pdf,,False,True
2022-23/20.09.22_NLDC_PSP.pdf,ok,2022-09-20,34,126,pdf,,False,True
2022-23/21.09.22_NLDC_PSP.pdf,ok,2022-09-21,34,126,pdf,,False,True
2022-23/22.09.22_NLDC_PSP.pdf,ok,2022-09-22,34,126,pdf,,False,True
2022-23/1663995111wpdm_upload_830.pdf,ok,2022-09-23,34,126,pdf,,False,True
2022-23/uploadon website.pdf,ok,2022-09-24,34,126,pdf,,False,True
2022-23/25.09.22_NLDC_PSP.pdf,ok,2022-09-25,34,126,pdf,,False,True
2022-23/26.09.22_NLDC_PSP.pdf,ok,2022-09-26,34,126,pdf,,False,True
2022-23/27.09.22_NLDC_PSP.pdf,ok,2022-09-27,34,126,pdf,,False,True
2022-23/28.09.22_NLDC_PSP.pdf,ok,2022-09-28,34,126,pdf,,False,True
2022-23/29.09.22_NLDC_PSP.pdf,ok,2022-09-29,34,126,pdf,,False,True
2022-23/30.09.22_NLDC_PSP.pdf,ok,2022-09-30,34,126,pdf,,False,True
2022-23/site upload.pdf,ok,2022-10-01,34,126,pdf,,False,True
2022-23/02.10.22_NLDC_PSP.pdf,ok,2022-10-02,34,126,pdf,,False,True
2022-23/03.10.22_NLDC_PSP.pdf,ok,2022-10-03,34,126,pdf,,False,True
2022-23/04.10.22_NLDC_PSP.pdf,ok,2022-10-04,34,126,pdf,,False,True
2022-23/05.10.22_NLDC_PSP.pdf,ok,2022-10-05,34,126,pdf,,False,True
2022-23/06.10.22_NLDC_PSP.pdf,ok,2022-10-06,34,126,pdf,,False,True
2022-23/07.10.22_NLDC_PSP.pdf,ok,2022-10-07,34,126,pdf,,False,True
2022-23/08.10.22_NLDC_PSP.pdf,ok,2022-10-08,34,126,pdf,,False,True
2022-23/10.10.22_NLDC_PSP.pdf,ok,2022-10-09,34,126,pdf,,False,True
2022-23/upload on web site.pdf,ok,2022-10-10,34,126,pdf,,False,True
2022-23/11.10.22_NLDC_PSP.pdf,ok,2022-10-11,34,126,pdf,,False,True
2022-23/12.10.22_NLDC_PSP.pdf,ok,2022-10-12,34,126,pdf,,False,True
2022-23/13.10.22_NLDC_PSP.pdf,ok,2022-10-13,34,126,pdf,,False,True
2022-23/14.10.22_NLDC_PSP.pdf,ok,2022-10-14,34,126,pdf,,False,True
2022-23/15.10.22_NLDC_PSP.pdf,ok,2022-10-15,34,126,pdf,,False,True
2022-23/16.10.22_NLDC_PSP.pdf,ok,2022-10-16,34,126,pdf,,False,True
2022-23/1666064884wpdm_upload_811.pdf,ok,2022-10-17,34,126,pdf,,False,True
2022-23/18.10.22_NLDC_PSP.pdf,ok,2022-10-18,34,126,pdf,,False,True
2022-23/1666240273wpdm_upload_795.pdf,ok,2022-10-19,34,126,pdf,,False,True
2022-23/20.10.22_NLDC_PSP.pdf,ok,2022-10-20,34,126,pdf,,False,True
2022-23/21.10.22_NLDC_PSP.pdf,ok,2022-10-21,34,126,pdf,,False,True
2022-23/22.10.22_NLDC_PSP.pdf,ok,2022-10-22,34,126,pdf,,False,True
2022-23/23.10.22_NLDC_PSP.pdf,ok,2022-10-23,34,126,pdf,,False,True
2022-23/24.10.22_NLDC_PSP.pdf,ok,2022-10-24,34,126,pdf,,False,True
2022-23/website.pdf,ok,2022-10-25,34,126,pdf,,False,True
2022-23/1666848129wpdm_upload_883.pdf,ok,2022-10-26,34,126,pdf,,False,True
2022-23/27.10.22_NLDC_PSP.pdf,ok,2022-10-27,34,126,pdf,,False,True
2022-23/28.10.22_NLDC_PSP.pdf,ok,2022-10-28,34,126,pdf,,False,True
2022-23/29.10.22_NLDC_PSP.pdf,ok,2022-10-29,34,126,pdf,,False,True
2022-23/30.10.22_NLDC_PSP_H&E.pdf,ok,2022-10-30,34,126,pdf,,False,True
2022-23/31.10.22_NLDC_PSP.pdf,ok,2022-10-31,34,126,pdf,,False,True
2022-23/01.11.22_NLDC_PSP.pdf,ok,2022-11-01,34,126,pdf,,False,True
2022-23/02.11.22_NLDC_PSP.pdf,ok,2022-11-02,34,126,pdf,,False,True
2022-23/03.11.22_NLDC_PSP.pdf,ok,2022-11-03,34,126,pdf,,False,True
2022-23/04.11.22_NLDC_PSP.pdf,ok,2022-11-04,34,126,pdf,,False,True
2022-23/05.11.22_NLDC_PSP.pdf,ok,2022-11-05,34,126,pdf,,False,True
2022-23/06.11.22_NLDC_PSP.pdf,ok,2022-11-06,34,126,pdf,,False,True
2022-23/07.11.22_NLDC_PSP.pdf,ok,2022-11-07,34,126,pdf,,False,True
2022-23/08.11.22_NLDC_PSP.pdf,ok,2022-11-08,34,126,pdf,,False,True
2022-23/09.11.22_NLDC_PSP.pdf,ok,2022-11-09,34,126,pdf,,False,True
2022-23/10.11.22_NLDC_PSP.pdf,ok,2022-11-10,34,126,pdf,,False,True
2022-23/11.11.22_NLDC_PSP.pdf,ok,2022-11-11,34,126,pdf,,False,True
2022-23/12.11.22_NLDC_PSP.pdf,ok,2022-11-12,34,126,pdf,,False,True
2022-23/13.11.22_NLDC_PSP.pdf,ok,2022-11-13,34,126,pdf,,False,True
2022-23/14.11.22_NLDC_PSP.pdf,ok,2022-11-14,34,126,pdf,,False,True
2022-23/15.11.22_NLDC_PSP_H&E v2.pdf,ok,2022-11-15,34,126,pdf,,False,True
2022-23/16.11.22_NLDC_PSP.pdf,ok,2022-11-16,34,126,pdf,,False,True
2022-23/17.11.22_NLDC_PSP.pdf,ok,2022-11-17,34,126,pdf,,False,True
2022-23/18.11.22_NLDC_PSP.pdf,ok,2022-11-18,34,126,pdf,,False,True
2022-23/19.11.22_NLDC_PSP.pdf,ok,2022-11-19,34,126,pdf,,False,True
2022-23/20.11.22_NLDC_PSP_H&E.pdf,ok,2022-11-20,33,126,pdf,,False,True
2022-23/21.11.22_NLDC_PSP.pdf,ok,2022-11-21,34,126,pdf,,False,True
2022-23/22.11.22_NLDC_PSP.pdf,ok,2022-11-22,34,126,pdf,,False,True
2022-23/23.11.22_NLDC_PSP.pdf,ok,2022-11-23,34,126,pdf,,False,True
2022-23/24.11.22_NLDC_PSP.pdf,ok,2022-11-24,34,126,pdf,,False,True
2022-23/25.11.22_NLDC_PSP.pdf,ok,2022-11-25,34,126,pdf,,False,True
2022-23/26.11.22_NLDC_PSP.pdf,ok,2022-11-26,34,126,pdf,,False,True
2022-23/27.11.22_NLDC_PSP.pdf,ok,2022-11-27,34,126,pdf,,False,True
2022-23/28.11.22_NLDC_PSP.pdf,ok,2022-11-28,34,126,pdf,,False,True
2022-23/29.11.22_NLDC_PSP.pdf,ok,2022-11-29,34,126,pdf,,False,True
2022-23/30.11.22_NLDC_PSP.pdf,ok,2022-11-30,34,126,pdf,,False,True
2022-23/01.12.22_NLDC_PSP.pdf,ok,2022-12-01,34,126,pdf,,False,True
2022-23/02.12.22_NLDC_PSP.pdf,ok,2022-12-02,34,126,pdf,,False,True
2022-23/03.12.22_NLDC_PSP.pdf,ok,2022-12-03,34,126,pdf,,False,True
2022-23/04.12.22_NLDC_PSP.pdf,ok,2022-12-04,34,126,pdf,,False,True
2022-23/05.12.22_NLDC_PSP.pdf,ok,2022-12-05,34,126,pdf,,False,True
2022-23/1670387873wpdm_upload_332.pdf,ok,2022-12-06,34,126,pdf,,False,True
2022-23/07.12.22_NLDC_PSP_299.pdf,ok,2022-12-07,34,126,pdf,,False,True
2022-23/08.12.22_NLDC_PSP_805.pdf,ok,2022-12-08,34,126,pdf,,False,True
2022-23/09.12.22_NLDC_PSP_302.pdf,ok,2022-12-09,34,126,pdf,,False,True
2022-23/10.12.22_NLDC_PSP_702.pdf,ok,2022-12-10,34,126,pdf,,False,True
2022-23/11.12.22_NLDC_PSP_111.pdf,ok,2022-12-11,34,126,pdf,,False,True
2022-23/12.12.22_NLDC_PSP_963.pdf,ok,2022-12-12,34,126,pdf,,False,True
2022-23/13.12.22_NLDC_PSP_513.pdf,ok,2022-12-13,34,126,pdf,,False,True
2022-23/14.12.22_NLDC_PSP_598.pdf,ok,2022-12-14,34,126,pdf,,False,True
2022-23/15.12.22_NLDC_PSP_637.pdf,ok,2022-12-15,34,126,pdf,,False,True
2022-23/16.12.22_NLDC_PSP_788.pdf,ok,2022-12-16,34,126,pdf,,False,True
2022-23/17.12.22_NLDC_PSP_256.pdf,ok,2022-12-17,34,126,pdf,,False,True
2022-23/18.12.22_NLDC_PSP_204.pdf,ok,2022-12-18,34,126,pdf,,False,True
2022-23/19.12.22_NLDC_PSP_394.pdf,ok,2022-12-19,34,126,pdf,,False,True
2022-23/20.12.22_NLDC_PSP_441.pdf,ok,2022-12-20,34,126,pdf,,False,True
2022-23/21.12.22_NLDC_PSP_478.pdf,ok,2022-12-21,34,126,pdf,,False,True
2022-23/22.12.22_NLDC_PSP_198.pdf,ok,2022-12-22,34,126,pdf,,False,True
2022-23/23.12.22_NLDC_PSP_710.pdf,ok,2022-12-23,34,126,pdf,,False,True
2022-23/24.12.22_NLDC_PSP_848.pdf,ok,2022-12-24,34,126,pdf,,False,True
2022-23/25.12.22_NLDC_PSP_638.pdf,ok,2022-12-25,34,126,pdf,,False,True
2022-23/26.12.22_NLDC_PSP_493.pdf,ok,2022-12-26,34,126,pdf,,False,True
2022-23/27.12.22_NLDC_PSP_432.pdf,ok,2022-12-27,34,126,pdf,,False,True
2022-23/28.12.22_NLDC_PSP_153.pdf,ok,2022-12-28,34,126,pdf,,False,True
2022-23/29.12.22_NLDC_PSP_882.pdf,ok,2022-12-29,34,126,pdf,,False,True
2022-23/30.12.22_NLDC_PSP_117.pdf,ok,2022-12-30,34,126,pdf,,False,True
2022-23/31.12.22_NLDC_PSP_632.pdf,ok,2022-12-31,34,126,pdf,,False,True
2022-23/01.01.23_NLDC_PSP_210.xls,ok,2023-01-01,34,126,xls,,False,True
2022-23/02.01.23_NLDC_PSP_129.xls,ok,2023-01-02,34,126,xls,,False,True
2022-23/03.01.23_NLDC_PSP_120.xls,ok,2023-01-03,34,126,xls,,False,True
2022-23/04.01.23_NLDC_PSP_379.xls,ok,2023-01-04,34,126,xls,,False,True
2022-23/05.01.23_NLDC_PSP_570.xls,ok,2023-01-05,34,126,xls,,False,True
2022-23/06.01.23_NLDC_PSP_114.xls,ok,2023-01-06,34,126,xls,,False,True
2022-23/07.01.23_NLDC_PSP_610.xls,ok,2023-01-07,34,126,xls,,False,True
2022-23/08.01.23_NLDC_PSP_473.xls,ok,2023-01-08,34,126,xls,,False,True
2022-23/09.01.23_NLDC_PSP_711.xls,ok,2023-01-09,34,126,xls,,False,True
2022-23/10.01.23_NLDC_PSP_574.xls,ok,2023-01-10,34,126,xls,,False,True
2022-23/11.01.23_NLDC_PSP_204.xls,ok,2023-01-11,34,126,xls,,False,True
2022-23/12.01.23_NLDC_PSP_865.xls,ok,2023-01-12,34,126,xls,,False,True
2022-23/13.01.23_NLDC_PSP_513.xls,ok,2023-01-13,34,126,xls,,False,True
2022-23/14.01.23_NLDC_PSP_728.xls,ok,2023-01-14,34,126,xls,,False,True
2022-23/15.01.23_NLDC_PSP_165.xls,ok,2023-01-15,34,126,xls,,False,True
2022-23/16.01.23_NLDC_PSP_220.xls,ok,2023-01-16,34,126,xls,,False,True
2022-23/17.01.23_NLDC_PSP_143.xls,ok,2023-01-17,34,126,xls,,False,True
2022-23/18.01.23_NLDC_PSP_907.xls,ok,2023-01-18,34,126,xls,,False,True
2022-23/19.01.23_NLDC_PSP_446.xls,ok,2023-01-19,34,126,xls,,False,True
2022-23/20.01.23_NLDC_PSP_730.xls,ok,2023-01-20,34,126,xls,,False,True
2022-23/21.01.23_NLDC_PSP_886.xls,ok,2023-01-21,34,126,xls,,False,True
2022-23/22.01.23_NLDC_PSP_836.xls,ok,2023-01-22,34,126,xls,,False,True
2022-23/23.01.23_NLDC_PSP_640.xls,ok,2023-01-23,34,126,xls,,False,True
2022-23/24.01.23_NLDC_PSP_571.xls,ok,2023-01-24,34,126,xls,,False,True
2022-23/25.01.23_NLDC_PSP_896.xls,ok,2023-01-25,34,126,xls,,False,True
2022-23/26.01.23_NLDC_PSP_542.xls,ok,2023-01-26,34,126,xls,,False,True
2022-23/27.01.23_NLDC_PSP_570.xls,ok,2023-01-27,34,126,xls,,False,True
2022-23/28.01.23_NLDC_PSP_471.xls,ok,2023-01-28,34,126,xls,,False,True
2022-23/29.01.23_NLDC_PSP_514.xls,ok,2023-01-29,34,126,xls,,False,True
2022-23/30.01.23_NLDC_PSP_253.xls,ok,2023-01-30,34,126,xls,,False,True
2022-23/31.01.23_NLDC_PSP_289.xls,ok,2023-01-31,34,126,xls,,False,True
2022-23/01.02.23_NLDC_PSP_979.xls,ok,2023-02-01,34,126,xls,,False,True
2022-23/02.02.23_NLDC_PSP_848.xls,ok,2023-02-02,34,126,xls,,False,True
2022-23/03.02.23_NLDC_PSP_460.xls,ok,2023-02-03,34,126,xls,,False,True
2022-23/04.02.23_NLDC_PSP_851.xls,ok,2023-02-04,34,126,xls,,False,True
2022-23/05.02.23_NLDC_PSP_160.xls,ok,2023-02-05,34,126,xls,,False,True
2022-23/06.02.23_NLDC_PSP_201.xls,ok,2023-02-06,34,126,xls,,False,True
2022-23/07.02.23_NLDC_PSP_794.xls,ok,2023-02-07,34,126,xls,,False,True
2022-23/08.02.23_NLDC_PSP_834.xls,ok,2023-02-08,34,126,xls,,False,True
2022-23/09.02.23_NLDC_PSP_454.xls,ok,2023-02-09,34,126,xls,,False,True
2022-23/10.02.23_NLDC_PSP_846.xls,ok,2023-02-10,34,126,xls,,False,True
2022-23/11.02.23_NLDC_PSP_427.xls,ok,2023-02-11,34,126,xls,,False,True
2022-23/12.02.23_NLDC_PSP_129.xls,ok,2023-02-12,34,126,xls,,False,True
2022-23/13.02.23_NLDC_PSP_727.xls,ok,2023-02-13,34,126,xls,,False,True
2022-23/14.02.23_NLDC_PSP_796.xls,ok,2023-02-14,34,126,xls,,False,True
2022-23/15.02.23_NLDC_PSP_332.xls,ok,2023-02-15,34,126,xls,,False,True
2022-23/16.02.23_NLDC_PSP_108.xls,ok,2023-02-16,34,126,xls,,False,True
2022-23/17.02.23_NLDC_PSP_291.xls,ok,2023-02-17,34,126,xls,,False,True
2022-23/18.02.23_NLDC_PSP_570.xls,ok,2023-02-18,34,126,xls,,False,True
2022-23/19.02.23_NLDC_PSP_150.pdf,ok,2023-02-19,34,126,pdf,,False,True
2022-23/20.02.23_NLDC_PSP_603.xls,ok,2023-02-20,34,126,xls,,False,True
2022-23/21.02.23_NLDC_PSP_992.xls,ok,2023-02-21,34,126,xls,,False,True
2022-23/22.02.23_NLDC_PSP_906.xls,ok,2023-02-22,34,126,xls,,False,True
2022-23/23.02.23_NLDC_PSP_999.xls,ok,2023-02-23,34,126,xls,,False,True
2022-23/24.02.23_NLDC_PSP_469.xls,ok,2023-02-24,34,126,xls,,False,True
2022-23/25.02.23_NLDC_PSP_668.xls,ok,2023-02-25,34,126,xls,,False,True
2022-23/26.02.23_NLDC_PSP_868.xls,ok,2023-02-26,34,126,xls,,False,True
2022-23/27.02.23_NLDC_PSP_312.xls,ok,2023-02-27,34,126,xls,,False,True
2022-23/28.02.23_NLDC_PSP_506.xls,ok,2023-02-28,34,126,xls,,False,True
2022-23/01.03.23_NLDC_PSP_308.xls,ok,2023-03-01,34,126,xls,,False,True
2022-23/02.03.23_NLDC_PSP_302.xls,ok,2023-03-02,34,126,xls,,False,True
2022-23/03.03.23_NLDC_PSP_372.xls,ok,2023-03-03,34,126,xls,,False,True
2022-23/04.03.23_NLDC_PSP_991.xls,ok,2023-03-04,34,126,xls,,False,True
2022-23/05.03.23_NLDC_PSP_868.xls,ok,2023-03-05,34,126,xls,,False,True
2022-23/06.03.23_NLDC_PSP_501.xls,ok,2023-03-06,34,126,xls,,False,True
2022-23/07.03.23_NLDC_PSP_388.xls,ok,2023-03-07,34,126,xls,,False,True
2022-23/08.03.23_NLDC_PSP_716.xls,ok,2023-03-08,34,126,xls,,False,True
2022-23/09.03.23_NLDC_PSP_558.xls,ok,2023-03-09,34,126,xls,,False,True
2022-23/10.03.23_NLDC_PSP_331.xls,ok,2023-03-10,34,126,xls,,False,True
2022-23/11.03.23_NLDC_PSP_158.xls,ok,2023-03-11,34,126,xls,,False,True
2022-23/12.03.23_NLDC_PSP_587.xls,ok,2023-03-12,34,126,xls,,False,True
2022-23/13.03.23_NLDC_PSP_118.xls,ok,2023-03-13,34,126,xls,,False,True
2022-23/14.03.23_NLDC_PSP_784.xls,ok,2023-03-14,34,126,xls,,False,True
2022-23/15.03.23_NLDC_PSP_946.xls,ok,2023-03-15,34,126,xls,,False,True
2022-23/16.03.23_NLDC_PSP_452.xls,ok,2023-03-16,34,126,xls,,False,True
2022-23/17.03.23_NLDC_PSP_675.xls,ok,2023-03-17,34,126,xls,,False,True
2022-23/18.03.23_NLDC_PSP_100.xls,ok,2023-03-18,34,126,xls,,False,True
2022-23/19.03.23_NLDC_PSP_461.xls,ok,2023-03-19,34,126,xls,,False,True
2022-23/20.03.23_NLDC_PSP_519.xls,ok,2023-03-20,34,126,xls,,False,True
2022-23/21.03.23_NLDC_PSP_737.pdf,ok,2023-03-21,34,126,pdf,,False,True
2022-23/22.03.23_NLDC_PSP_351.xls,ok,2023-03-22,34,126,xls,,False,True
2022-23/23.03.23_NLDC_PSP_226.xls,ok,2023-03-23,34,126,xls,,False,True
2022-23/24.03.23_NLDC_PSP_967.xls,ok,2023-03-24,34,126,xls,,False,True
2022-23/25.03.23_NLDC_PSP_183.xls,ok,2023-03-25,34,126,xls,,False,True
2022-23/26.03.23_NLDC_PSP_512.xls,ok,2023-03-26,34,126,xls,,False,True
2022-23/27.03.23_NLDC_PSP_778.xls,ok,2023-03-27,34,126,xls,,False,True
2022-23/28.03.23_NLDC_PSP_792.xls,ok,2023-03-28,34,126,xls,,False,True
2022-23/29.03.23_NLDC_PSP_369.xls,ok,2023-03-29,34,126,xls,,False,True
2022-23/30.03.23_NLDC_PSP_263.xls,ok,2023-03-30,34,126,xls,,False,True
2022-23/31.03.23_NLDC_PSP_836.xls,ok,2023-03-31,34,126,xls,,False,True
2023-24/01.04.23_NLDC_PSP.xls,ok,2023-04-01,34,126,xls,,False,True
2023-24/02.04.23_NLDC_PSP.xls,ok,2023-04-02,34,126,xls,,False,True
2023-24/03.04.23_NLDC_PSP.xls,ok,2023-04-03,34,126,xls,,False,True
2023-24/04.04.23_NLDC_PSP.xls,ok,2023-04-04,34,126,xls,,False,True
2023-24/05.04.23_NLDC_PSP.xls,ok,2023-04-05,34,126,xls,,False,True
2023-24/06.04.23_NLDC_PSP.xls,ok,2023-04-06,34,126,xls,,False,True
2023-24/07.04.23_NLDC_PSP.xls,ok,2023-04-07,34,126,xls,,False,True
2023-24/08.04.23_NLDC_PSP.xls,ok,2023-04-08,34,126,xls,,False,True
2023-24/09.04.23_NLDC_PSP.xls,ok,2023-04-09,34,126,xls,,False,True
2023-24/10.04.23_NLDC_PSP.xls,ok,2023-04-10,34,126,xls,,False,True
2023-24/11.04.23_NLDC_PSP.xls,ok,2023-04-11,34,126,xls,,False,True
2023-24/12.04.23_NLDC_PSP.xls,ok,2023-04-12,34,126,xls,,False,True
2023-24/13.04.23_NLDC_PSP.xls,ok,2023-04-13,34,126,xls,,False,True
2023-24/14.04.23_NLDC_PSP.xls,ok,2023-04-14,34,126,xls,,False,True
2023-24/15.04.23_NLDC_PSP.xls,ok,2023-04-15,34,126,xls,,False,True
2023-24/16.04.23_NLDC_PSP.xlsx,ok,2023-04-16,34,126,xls,,False,True
2023-24/17.04.23_NLDC_PSP.xlsx,ok,2023-04-17,34,126,xls,,False,True
2023-24/18.04.23_NLDC_PSP.xlsx,ok,2023-04-18,34,126,xls,,False,True
2023-24/19.04.23_NLDC_PSP.xlsx,ok,2023-04-19,34,126,xls,,False,True
2023-24/20.04.23_NLDC_PSP.xlsx,ok,2023-04-20,34,126,xls,,False,True
2023-24/21.04.23_NLDC_PSP.xlsx,ok,2023-04-21,34,126,xls,,False,True
2023-24/22.04.23_NLDC_PSP.xlsx,ok,2023-04-22,34,126,xls,,False,True
2023-24/23.04.23_NLDC_PSP.xlsx,ok,2023-04-23,34,126,xls,,False,True
2023-24/24.04.23_NLDC_PSP.xlsx,ok,2023-04-24,34,126,xls,,False,True
2023-24/25.04.23_NLDC_PSP.xlsx,ok,2023-04-25,34,126,xls,,False,True
2023-24/26.04.23_NLDC_PSP.xlsx,ok,2023-04-26,34,126,xls,,False,True
2023-24/27.04.23_NLDC_PSP.xlsx,ok,2023-04-27,34,126,xls,,False,True
2023-24/28.04.23_NLDC_PSP.xlsx,ok,2023-04-28,34,126,xls,,False,True
2023-24/29.04.23_NLDC_PSP.xlsx,ok,2023-04-29,34,126,xls,,False,True
2023-24/30.04.23_NLDC_PSP.xls,ok,2023-04-30,34,126,xls,,False,True
2023-24/01.05.23_NLDC_PSP.xls,ok,2023-05-01,34,126,xls,,False,True
2023-24/02.05.23_NLDC_PSP.xls,ok,2023-05-02,34,126,xls,,False,True
2023-24/03.05.23_NLDC_PSP.xls,ok,2023-05-03,34,126,xls,,False,True
2023-24/04.05.23_NLDC_PSP.xls,ok,2023-05-04,34,126,xls,,False,True
2023-24/05.05.23_NLDC_PSP.xls,ok,2023-05-05,34,126,xls,,False,True
2023-24/06.05.23_NLDC_PSP.xls,ok,2023-05-06,34,126,xls,,False,True
2023-24/07.05.23_NLDC_PSP.xls,ok,2023-05-07,34,126,xls,,False,True
2023-24/08.05.23_NLDC_PSP.xls,ok,2023-05-08,34,126,xls,,False,True
2023-24/09.05.23_NLDC_PSP.xls,ok,2023-05-09,34,126,xls,,False,True
2023-24/10.05.23_NLDC_PSP.xls,ok,2023-05-10,34,126,xls,,False,True
2023-24/11.05.23_NLDC_PSP.xls,ok,2023-05-11,34,126,xls,,False,True
2023-24/12.05.23_NLDC_PSP.xls,ok,2023-05-12,34,126,xls,,False,True
2023-24/13.05.23_NLDC_PSP.xls,ok,2023-05-13,34,126,xls,,False,True
2023-24/14.05.23_NLDC_PSP.xls,ok,2023-05-14,34,126,xls,,False,True
2023-24/15.05.23_NLDC_PSP.xls,ok,2023-05-15,34,126,xls,,False,True
2023-24/16.05.23_NLDC_PSP.xls,ok,2023-05-16,34,126,xls,,False,True
2023-24/17.05.23_NLDC_PSP.xls,ok,2023-05-17,34,126,xls,,False,True
2023-24/18.05.23_NLDC_PSP.xls,ok,2023-05-18,34,126,xls,,False,True
2023-24/19.05.23_NLDC_PSP.xls,ok,2023-05-19,34,126,xls,,False,True
2023-24/20.05.23_NLDC_PSP.xls,ok,2023-05-20,34,126,xls,,False,True
2023-24/21.05.23_NLDC_PSP.xls,ok,2023-05-21,34,126,xls,,False,True
2023-24/22.05.23_NLDC_PSP.xls,ok,2023-05-22,34,126,xls,,False,True
2023-24/23.05.23_NLDC_PSP.xls,ok,2023-05-23,34,126,xls,,False,True
2023-24/24.05.23_NLDC_PSP.xls,ok,2023-05-24,34,126,xls,,False,True
2023-24/25.05.23_NLDC_PSP.xls,ok,2023-05-25,34,126,xls,,False,True
2023-24/26.05.23_NLDC_PSP.xls,ok,2023-05-26,34,126,xls,,False,True
2023-24/27.05.23_NLDC_PSP.xls,ok,2023-05-27,34,126,xls,,False,True
2023-24/28.05.23_NLDC_PSP.xls,ok,2023-05-28,34,126,xls,,False,True
2023-24/29.05.23_NLDC_PSP.xls,ok,2023-05-29,34,126,xls,,False,True
2023-24/30.05.23_NLDC_PSP.xls,ok,2023-05-30,34,126,xls,,False,True
2023-24/31.05.23_NLDC_PSP.xls,ok,2023-05-31,34,126,xls,,False,True
2023-24/01.06.23_NLDC_PSP.xls,ok,2023-06-01,34,126,xls,,False,True
2023-24/02.06.23_NLDC_PSP.xls,ok,2023-06-02,34,126,xls,,False,True
2023-24/03.06.23_NLDC_PSP.xls,ok,2023-06-03,34,126,xls,,False,True
2023-24/04.06.23_NLDC_PSP.xls,ok,2023-06-04,34,126,xls,,False,True
2023-24/05.06.23_NLDC_PSP.xls,ok,2023-06-05,34,126,xls,,False,True
2023-24/06.06.23_NLDC_PSP.xls,ok,2023-06-06,34,126,xls,,False,True
2023-24/07.06.23_NLDC_PSP.xls,ok,2023-06-07,34,126,xls,,False,True
2023-24/08.06.23_NLDC_PSP.xls,ok,2023-06-08,34,126,xls,,False,True
2023-24/09.06.23_NLDC_PSP.xls,ok,2023-06-09,34,126,xls,,False,True
2023-24/10.06.23_NLDC_PSP.xls,ok,2023-06-10,34,126,xls,,False,True
2023-24/11.06.23_NLDC_PSP.xls,ok,2023-06-11,34,126,xls,,False,True
2023-24/12.06.23_NLDC_PSP.xls,ok,2023-06-12,34,126,xls,,False,True
2023-24/13.06.23_NLDC_PSP.xls,ok,2023-06-13,34,126,xls,,False,True
2023-24/14.06.23_NLDC_PSP.xls,ok,2023-06-14,34,126,xls,,False,True
2023-24/15.06.23_NLDC_PSP.xls,ok,2023-06-15,34,126,xls,,False,True
2023-24/16.06.23_NLDC_PSP.xls,ok,2023-06-16,34,126,xls,,False,True
2023-24/17.06.23_NLDC_PSP.xls,ok,2023-06-17,34,126,xls,,False,True
2023-24/18.06.23_NLDC_PSP.xls,ok,2023-06-18,34,126,xls,,False,True
2023-24/19.06.23_NLDC_PSP.xls,ok,2023-06-19,34,126,xls,,False,True
2023-24/20.06.23_NLDC_PSP.xls,ok,2023-06-20,34,126,xls,,False,True
2023-24/21.06.23_NLDC_PSP.xls,ok,2023-06-21,34,126,xls,,False,True
2023-24/22.06.23_NLDC_PSP.xls,ok,2023-06-22,34,126,xls,,False,True
2023-24/23.06.23_NLDC_PSP.xls,ok,2023-06-23,34,126,xls,,False,True
2023-24/24.06.23_NLDC_PSP.xls,ok,2023-06-24,34,126,xls,,False,True
2023-24/25.06.23_NLDC_PSP.xls,ok,2023-06-25,34,126,xls,,False,True
2023-24/26.06.23_NLDC_PSP.xls,ok,2023-06-26,34,126,xls,,False,True
2023-24/27.06.23_NLDC_PSP.xls,ok,2023-06-27,34,126,xls,,False,True
2023-24/28.06.23_NLDC_PSP.xls,ok,2023-06-28,34,126,xls,,False,True
2023-24/29.06.23_NLDC_PSP.xls,ok,2023-06-29,34,126,xls,,False,True
2023-24/30.06.23_NLDC_PSP.xls,ok,2023-06-30,34,126,xls,,False,True
2023-24/01.07.23_NLDC_PSP.xls,ok,2023-07-01,34,126,xls,,False,True
2023-24/02.07.23_NLDC_PSP.xls,ok,2023-07-02,34,126,xls,,False,True
2023-24/03.07.23_NLDC_PSP.xls,ok,2023-07-03,34,126,xls,,False,True
2023-24/04.07.23_NLDC_PSP.xls,ok,2023-07-04,34,126,xls,,False,True
2023-24/05.07.23_NLDC_PSP.xls,ok,2023-07-05,34,126,xls,,False,True
2023-24/06.07.23_NLDC_PSP.xls,ok,2023-07-06,34,126,xls,,False,True
2023-24/07.07.23_NLDC_PSP.xls,ok,2023-07-07,34,126,xls,,False,True
2023-24/08.07.23_NLDC_PSP.xls,ok,2023-07-08,34,126,xls,,False,True
2023-24/09.07.23_NLDC_PSP.xls,ok,2023-07-09,34,126,xls,,False,True
2023-24/10.07.23_NLDC_PSP.xls,ok,2023-07-10,34,126,xls,,False,True
2023-24/11.07.23_NLDC_PSP.xls,ok,2023-07-11,34,126,xls,,False,True
2023-24/12.07.23_NLDC_PSP.xls,ok,2023-07-12,34,126,xls,,False,True
2023-24/13.07.23_NLDC_PSP.xls,ok,2023-07-13,34,126,xls,,False,True
2023-24/14.07.23_NLDC_PSP.xls,ok,2023-07-14,34,126,xls,,False,True
2023-24/15.07.23_NLDC_PSP.xls,ok,2023-07-15,34,126,xls,,False,True
2023-24/16.07.23_NLDC_PSP.xls,ok,2023-07-16,34,126,xls,,False,True
2023-24/17.07.23_NLDC_PSP.xls,ok,2023-07-17,34,126,xls,,False,True
2023-24/18.07.23_NLDC_PSP.xls,ok,2023-07-18,34,126,xls,,False,True
2023-24/19.07.23_NLDC_PSP.xls,ok,2023-07-19,34,126,xls,,False,True
2023-24/20.07.23_NLDC_PSP.xls,ok,2023-07-20,34,126,xls,,False,True
2023-24/21.07.23_NLDC_PSP.xls,ok,2023-07-21,34,126,xls,,False,True
2023-24/22.07.23_NLDC_PSP.xls,ok,2023-07-22,34,126,xls,,False,True
2023-24/23.07.23_NLDC_PSP.xls,ok,2023-07-23,34,126,xls,,False,True
2023-24/24.07.23_NLDC_PSP.xls,ok,2023-07-24,34,126,xls,,False,True
2023-24/25.07.23_NLDC_PSP.xls,ok,2023-07-25,34,126,xls,,False,True
2023-24/26.07.23_NLDC_PSP.xls,ok,2023-07-26,34,126,xls,,False,True
2023-24/27.07.23_NLDC_PSP.xls,ok,2023-07-27,34,126,xls,,False,True
2023-24/28.07.23_NLDC_PSP.xls,ok,2023-07-28,34,126,xls,,False,True
2023-24/29.07.23_NLDC_PSP.xls,ok,2023-07-29,34,126,xls,,False,True
2023-24/30.07.23_NLDC_PSP.xls,ok,2023-07-30,34,126,xls,,False,True
2023-24/31.07.23_NLDC_PSP.xls,ok,2023-07-31,34,126,xls,,False,True
2023-24/01.08.23_NLDC_PSP.xls,ok,2023-08-01,34,126,xls,,False,True
2023-24/02.08.23_NLDC_PSP.xls,ok,2023-08-02,34,126,xls,,False,True
2023-24/03.08.23_NLDC_PSP.xls,ok,2023-08-03,34,126,xls,,False,True
2023-24/04.08.23_NLDC_PSP.xls,ok,2023-08-04,34,126,xls,,False,True
2023-24/05.08.23_NLDC_PSP.xls,ok,2023-08-05,34,126,xls,,False,True
2023-24/06.08.23_NLDC_PSP.xls,ok,2023-08-06,34,126,xls,,False,True
2023-24/07.08.23_NLDC_PSP.xls,ok,2023-08-07,34,126,xls,,False,True
2023-24/08.08.23_NLDC_PSP.xls,ok,2023-08-08,34,126,xls,,False,True
2023-24/09.08.23_NLDC_PSP.xls,ok,2023-08-09,34,126,xls,,False,True
2023-24/10.08.23_NLDC_PSP.xls,ok,2023-08-10,34,126,xls,,False,True
2023-24/11.08.23_NLDC_PSP.xls,ok,2023-08-11,34,126,xls,,False,True
2023-24/12.08.23_NLDC_PSP.xls,ok,2023-08-12,34,126,xls,,False,True
2023-24/13.08.23_NLDC_PSP.xls,ok,2023-08-13,34,126,xls,,False,True
2023-24/14.08.23_NLDC_PSP.xls,ok,2023-08-14,34,126,xls,,False,True
2023-24/15.08.23_NLDC_PSP.xls,ok,2023-08-15,34,126,xls,,False,True
2023-24/16.08.23_NLDC_PSP.xls,ok,2023-08-16,34,126,xls,,False,True
2023-24/17.08.23_NLDC_PSP.xls,ok,2023-08-17,34,126,xls,,False,True
2023-24/18.08.23_NLDC_PSP.xls,ok,2023-08-18,34,126,xls,,False,True
2023-24/19.08.23_NLDC_PSP.xls,ok,2023-08-19,34,126,xls,,False,True
2023-24/20.08.23_NLDC_PSP.xls,ok,2023-08-20,34,126,xls,,False,True
2023-24/21.08.23_NLDC_PSP.xls,ok,2023-08-21,34,126,xls,,False,True
2023-24/22.08.23_NLDC_PSP.xls,ok,2023-08-22,34,126,xls,,False,True
2023-24/23.08.23_NLDC_PSP.xls,ok,2023-08-23,34,126,xls,,False,True
2023-24/24.08.23_NLDC_PSP.xls,ok,2023-08-24,34,126,xls,,False,True
2023-24/25.08.23_NLDC_PSP.xls,ok,2023-08-25,34,126,xls,,False,True
2023-24/26.08.23_NLDC_PSP.xls,ok,2023-08-26,34,126,xls,,False,True
2023-24/27.08.23_NLDC_PSP.xls,ok,2023-08-27,34,126,xls,,False,True
2023-24/28.08.23_NLDC_PSP.xls,ok,2023-08-28,34,126,xls,,False,True
2023-24/29.08.23_NLDC_PSP.xls,ok,2023-08-29,34,126,xls,,False,True
2023-24/30.08.23_NLDC_PSP.xls,ok,2023-08-30,34,126,xls,,False,True
2023-24/31.08.23_NLDC_PSP.xls,ok,2023-08-31,34,126,xls,,False,True
2023-24/01.09.23_NLDC_PSP.xls,ok,2023-09-01,34,126,xls,,False,True
2023-24/02.09.23_NLDC_PSP.xls,ok,2023-09-02,34,126,xls,,False,True
2023-24/03.09.23_NLDC_PSP.xls,ok,2023-09-03,34,126,xls,,False,True
2023-24/04.09.23_NLDC_PSP.xls,ok,2023-09-04,34,126,xls,,False,True
2023-24/05.09.23_NLDC_PSP.xls,ok,2023-09-05,34,126,xls,,False,True
2023-24/06.09.23_NLDC_PSP.xls,ok,2023-09-06,34,126,xls,,False,True
2023-24/07.09.23_NLDC_PSP.xls,ok,2023-09-07,34,126,xls,,False,True
2023-24/08.09.23_NLDC_PSP.xls,ok,2023-09-08,34,126,xls,,False,True
2023-24/09.09.23_NLDC_PSP.xls,ok,2023-09-09,34,126,xls,,False,True
2023-24/10.09.23_NLDC_PSP.xls,ok,2023-09-10,34,126,xls,,False,True
2023-24/11.09.23_NLDC_PSP.xls,ok,2023-09-11,34,126,xls,,False,True
2023-24/12.09.23_NLDC_PSP.xls,ok,2023-09-12,34,126,xls,,False,True
2023-24/13.09.23_NLDC_PSP.xls,ok,2023-09-13,34,126,xls,,False,True
2023-24/14.09.23_NLDC_PSP.xls,ok,2023-09-14,34,126,xls,,False,True
2023-24/15.09.23_NLDC_PSP.xls,ok,2023-09-15,34,126,xls,,False,True
2023-24/16.09.23_NLDC_PSP.xls,ok,2023-09-16,34,126,xls,,False,True
2023-24/17.09.23_NLDC_PSP.xls,ok,2023-09-17,34,126,xls,,False,True
2023-24/18.09.23_NLDC_PSP.xls,ok,2023-09-18,34,126,xls,,False,True
2023-24/19.09.23_NLDC_PSP.xls,ok,2023-09-19,34,126,xls,,False,True
2023-24/20.09.23_NLDC_PSP.xls,ok,2023-09-20,34,126,xls,,False,True
2023-24/21.09.23_NLDC_PSP.xls,ok,2023-09-21,34,126,xls,,False,True
2023-24/22.09.23_NLDC_PSP.xls,ok,2023-09-22,34,126,xls,,False,True
2023-24/23.09.23_NLDC_PSP.xls,ok,2023-09-23,34,126,xls,,False,True
2023-24/24.09.23_NLDC_PSP.xls,ok,2023-09-24,34,126,xls,,False,True
2023-24/25.09.23_NLDC_PSP.xls,ok,2023-09-25,34,126,xls,,False,True
2023-24/26.09.23_NLDC_PSP.xls,ok,2023-09-26,34,126,xls,,False,True
2023-24/27.09.23_NLDC_PSP.xls,ok,2023-09-27,34,126,xls,,False,True
2023-24/28.09.23_NLDC_PSP.xls,ok,2023-09-28,34,126,xls,,False,True
2023-24/29.09.23_NLDC_PSP.xls,ok,2023-09-29,34,126,xls,,False,True
2023-24/30.09.23_NLDC_PSP.xls,ok,2023-09-30,34,126,xls,,False,True
2023-24/01.10.23_NLDC_PSP.xls,ok,2023-10-01,34,126,xls,,False,True
2023-24/02.10.23_NLDC_PSP.xls,ok,2023-10-02,34,126,xls,,False,True
2023-24/03.10.23_NLDC_PSP.xls,ok,2023-10-03,34,126,xls,,False,True
2023-24/04.10.23_NLDC_PSP.xls,ok,2023-10-04,34,126,xls,,False,True
2023-24/05.10.23_NLDC_PSP.xls,ok,2023-10-05,34,126,xls,,False,True
2023-24/06.10.23_NLDC_PSP.xls,ok,2023-10-06,34,126,xls,,False,True
2023-24/07.10.23_NLDC_PSP.xls,ok,2023-10-07,34,126,xls,,False,True
2023-24/08.10.23_NLDC_PSP.xls,ok,2023-10-08,34,126,xls,,False,True
2023-24/09.10.23_NLDC_PSP.xls,ok,2023-10-09,34,126,xls,,False,True
2023-24/10.10.23_NLDC_PSP.xls,ok,2023-10-10,34,126,xls,,False,True
2023-24/11.10.23_NLDC_PSP.xls,ok,2023-10-11,34,126,xls,,False,True
2023-24/12.10.23_NLDC_PSP.xls,ok,2023-10-12,34,126,xls,,False,True
2023-24/13.10.23_NLDC_PSP.xls,ok,2023-10-13,34,126,xls,,False,True
2023-24/14.10.23_NLDC_PSP.xls,ok,2023-10-14,34,126,xls,,False,True
2023-24/15.10.23_NLDC_PSP.xls,ok,2023-10-15,34,126,xls,,False,True
2023-24/16.10.23_NLDC_PSP.xls,ok,2023-10-16,34,126,xls,,False,True
2023-24/17.10.23_NLDC_PSP.xls,ok,2023-10-17,34,126,xls,,False,True
2023-24/18.10.23_NLDC_PSP.xls,ok,2023-10-18,34,126,xls,,False,True
2023-24/19.10.23_NLDC_PSP.xls,ok,2023-10-19,34,126,xls,,False,True
2023-24/20.10.23_NLDC_PSP.xls,ok,2023-10-20,34,126,xls,,False,True
2023-24/21.10.23_NLDC_PSP.xls,ok,2023-10-21,34,126,xls,,False,True
2023-24/22.10.23_NLDC_PSP.xls,ok,2023-10-22,34,126,xls,,False,True
2023-24/23.10.23_NLDC_PSP.xls,ok,2023-10-23,34,126,xls,,False,True
2023-24/24.10.23_NLDC_PSP.xls,ok,2023-10-24,34,126,xls,,False,True
2023-24/25.10.23_NLDC_PSP.xls,ok,2023-10-25,34,126,xls,,False,True
2023-24/26.10.23_NLDC_PSP.xls,ok,2023-10-26,34,126,xls,,False,True
2023-24/27.10.23_NLDC_PSP.xls,ok,2023-10-27,34,126,xls,,False,True
2023-24/28.10.23_NLDC_PSP.xls,ok,2023-10-28,34,126,xls,,False,True
2023-24/29.10.23_NLDC_PSP.xls,ok,2023-10-29,34,126,xls,,False,True
2023-24/30.10.23_NLDC_PSP.xls,ok,2023-10-30,34,126,xls,,False,True
2023-24/31.10.23_NLDC_PSP.xls,ok,2023-10-31,34,126,xls,,False,True
2023-24/01.11.23_NLDC_PSP.xls,ok,2023-11-01,34,126,xls,,False,True
2023-24/02.11.23_NLDC_PSP.xls,ok,2023-11-02,34,126,xls,,False,True
2023-24/03.11.23_NLDC_PSP.xls,ok,2023-11-03,34,126,xls,,False,True
2023-24/04.11.23_NLDC_PSP.xls,ok,2023-11-04,34,126,xls,,False,True
2023-24/05.11.23_NLDC_PSP.xls,ok,2023-11-05,34,126,xls,,False,True
2023-24/06.11.23_NLDC_PSP.xls,ok,2023-11-06,34,126,xls,,False,True
2023-24/07.11.23_NLDC_PSP.xls,ok,2023-11-07,34,126,xls,,False,True
2023-24/08.11.23_NLDC_PSP.xls,ok,2023-11-08,34,126,xls,,False,True
2023-24/09.11.23_NLDC_PSP.xls,ok,2023-11-09,34,126,xls,,False,True
2023-24/10.11.23_NLDC_PSP.xls,ok,2023-11-10,34,126,xls,,False,True
2023-24/11.11.23_NLDC_PSP.xls,ok,2023-11-11,34,126,xls,,False,True
2023-24/12.11.23_NLDC_PSP.xls,ok,2023-11-12,34,126,xls,,False,True
2023-24/13.11.23_NLDC_PSP.xls,ok,2023-11-13,34,126,xls,,False,True
2023-24/14.11.23_NLDC_PSP.xls,ok,2023-11-14,34,126,xls,,False,True
2023-24/15.11.23_NLDC_PSP.xls,ok,2023-11-15,34,126,xls,,False,True
2023-24/16.11.23_NLDC_PSP.xls,ok,2023-11-16,34,126,xls,,False,True
2023-24/17.11.23_NLDC_PSP.xls,ok,2023-11-17,34,126,xls,,False,True
2023-24/18.11.23_NLDC_PSP.xls,ok,2023-11-18,34,126,xls,,False,True
2023-24/19.11.23_NLDC_PSP.xls,ok,2023-11-19,34,126,xls,,False,True
2023-24/20.11.23_NLDC_PSP.xls,ok,2023-11-20,34,126,xls,,False,True
2023-24/21.11.23_NLDC_PSP.xls,ok,2023-11-21,34,126,xls,,False,True
2023-24/22.11.23_NLDC_PSP.xls,ok,2023-11-22,34,126,xls,,False,True
2023-24/23.11.23_NLDC_PSP.xls,ok,2023-11-23,34,126,xls,,False,True
2023-24/24.11.23_NLDC_PSP.xls,ok,2023-11-24,34,126,xls,,False,True
2023-24/25.11.23_NLDC_PSP.xls,ok,2023-11-25,34,126,xls,,False,True
2023-24/26.11.23_NLDC_PSP.xls,ok,2023-11-26,34,126,xls,,False,True
2023-24/27.11.23_NLDC_PSP.xls,ok,2023-11-27,34,126,xls,,False,True
2023-24/28.11.23_NLDC_PSP.xls,ok,2023-11-28,34,126,xls,,False,True
2023-24/29.11.23_NLDC_PSP.xls,ok,2023-11-29,34,126,xls,,False,True
2023-24/30.11.23_NLDC_PSP.xls,ok,2023-11-30,34,126,xls,,False,True
2023-24/01.12.23_NLDC_PSP.xls,ok,2023-12-01,34,126,xls,,False,True
2023-24/02.12.23_NLDC_PSP.xls,ok,2023-12-02,34,126,xls,,False,True
2023-24/03.12.23_NLDC_PSP.xls,ok,2023-12-03,34,126,xls,,False,True
2023-24/04.12.23_NLDC_PSP.xls,ok,2023-12-04,33,126,xls,,False,True
2023-24/05.12.23_NLDC_PSP.xls,ok,2023-12-05,34,126,xls,,False,True
2023-24/06.12.23_NLDC_PSP.xls,ok,2023-12-06,34,126,xls,,False,True
2023-24/07.12.23_NLDC_PSP.xls,ok,2023-12-07,34,126,xls,,False,True
2023-24/08.12.23_NLDC_PSP.xls,ok,2023-12-08,34,126,xls,,False,True
2023-24/09.12.23_NLDC_PSP.xls,ok,2023-12-09,34,126,xls,,False,True
2023-24/10.12.23_NLDC_PSP.xls,ok,2023-12-10,34,126,xls,,False,True
2023-24/11.12.23_NLDC_PSP.xls,ok,2023-12-11,34,126,xls,,False,True
2023-24/12.12.23_NLDC_PSP.xls,ok,2023-12-12,34,126,xls,,False,True
2023-24/13.12.23_NLDC_PSP.xls,ok,2023-12-13,34,126,xls,,False,True
2023-24/14.12.23_NLDC_PSP.xls,ok,2023-12-14,34,126,xls,,False,True
2023-24/15.12.23_NLDC_PSP.xls,ok,2023-12-15,34,126,xls,,False,True
2023-24/16.12.23_NLDC_PSP.xls,ok,2023-12-16,34,126,xls,,False,True
2023-24/17.12.23_NLDC_PSP.xls,ok,2023-12-17,34,126,xls,,False,True
2023-24/18.12.23_NLDC_PSP.xls,ok,2023-12-18,34,126,xls,,False,True
2023-24/19.12.23_NLDC_PSP.xls,ok,2023-12-19,34,126,xls,,False,True
2023-24/20.12.23_NLDC_PSP.xls,ok,2023-12-20,34,126,xls,,False,True
2023-24/21.12.23_NLDC_PSP.xls,ok,2023-12-21,34,126,xls,,False,True
2023-24/22.12.23_NLDC_PSP.xls,ok,2023-12-22,34,126,xls,,False,True
2023-24/23.12.23_NLDC_PSP.xls,ok,2023-12-23,34,126,xls,,False,True
2023-24/24.12.23_NLDC_PSP.xls,ok,2023-12-24,34,126,xls,,False,True
2023-24/25.12.23_NLDC_PSP.xls,ok,2023-12-25,34,126,xls,,False,True
2023-24/26.12.23_NLDC_PSP.xls,ok,2023-12-26,34,126,xls,,False,True
2023-24/27.12.23_NLDC_PSP.xls,ok,2023-12-27,34,126,xls,,False,True
2023-24/28.12.23_NLDC_PSP.xls,ok,2023-12-28,34,126,xls,,False,True
2023-24/29.12.23_NLDC_PSP.xls,ok,2023-12-29,34,126,xls,,False,True
2023-24/30.12.23_NLDC_PSP.xls,ok,2023-12-30,34,126,xls,,False,True
2023-24/31.12.23_NLDC_PSP.xls,ok,2023-12-31,34,126,xls,,False,True
2023-24/01.01.24_NLDC_PSP.xls,ok,2024-01-01,34,126,xls,,False,True
2023-24/02.01.24_NLDC_PSP.xls,ok,2024-01-02,34,126,xls,,False,True
2023-24/03.01.24_NLDC_PSP.xls,ok,2024-01-03,34,126,xls,,False,True
2023-24/04.01.24_NLDC_PSP.xls,ok,2024-01-04,34,126,xls,,False,True
2023-24/05.01.24_NLDC_PSP.xls,ok,2024-01-05,34,126,xls,,False,True
2023-24/06.01.24_NLDC_PSP.xls,ok,2024-01-06,34,126,xls,,False,True
2023-24/07.01.24_NLDC_PSP.xls,ok,2024-01-07,34,126,xls,,False,True
2023-24/08.01.24_NLDC_PSP.xls,ok,2024-01-08,34,126,xls,,False,True
2023-24/09.01.24_NLDC_PSP.xls,ok,2024-01-09,34,126,xls,,False,True
2023-24/10.01.24_NLDC_PSP.xls,ok,2024-01-10,34,126,xls,,False,True
2023-24/11.01.24_NLDC_PSP.xls,ok,2024-01-11,34,126,xls,,False,True
2023-24/12.01.24_NLDC_PSP.xls,ok,2024-01-12,34,126,xls,,False,True
2023-24/13.01.24_NLDC_PSP.xls,ok,2024-01-13,34,126,xls,,False,True
2023-24/14.01.24_NLDC_PSP.xls,ok,2024-01-14,34,126,xls,,False,True
2023-24/15.01.24_NLDC_PSP.xls,ok,2024-01-15,34,126,xls,,False,True
2023-24/16.01.24_NLDC_PSP.xls,ok,2024-01-16,34,126,xls,,False,True
2023-24/17.01.24_NLDC_PSP.xls,ok,2024-01-17,34,126,xls,,False,True
2023-24/18.01.24_NLDC_PSP.xls,ok,2024-01-18,34,126,xls,,False,True
2023-24/19.01.24_NLDC_PSP.xls,ok,2024-01-19,34,126,xls,,False,True
2023-24/20.01.24_NLDC_PSP.xls,ok,2024-01-20,34,126,xls,,False,True
2023-24/21.01.24_NLDC_PSP.xls,ok,2024-01-21,34,126,xls,,False,True
2023-24/22.01.24_NLDC_PSP.xls,ok,2024-01-22,34,126,xls,,False,True
2023-24/23.01.24_NLDC_PSP.xls,ok,2024-01-23,34,126,xls,,False,True
2023-24/24.01.24_NLDC_PSP.xls,ok,2024-01-24,34,126,xls,,False,True
2023-24/25.01.24_NLDC_PSP.xls,ok,2024-01-25,34,126,xls,,False,True
2023-24/26.01.24_NLDC_PSP.xls,ok,2024-01-26,34,126,xls,,False,True
2023-24/27.01.24_NLDC_PSP.xls,ok,2024-01-27,34,126,xls,,False,True
2023-24/28.01.24_NLDC_PSP.xls,ok,2024-01-28,34,126,xls,,False,True
2023-24/29.01.24_NLDC_PSP.xls,ok,2024-01-29,34,126,xls,,False,True
2023-24/30.01.24_NLDC_PSP.xls,ok,2024-01-30,34,126,xls,,False,True
2023-24/31.01.24_NLDC_PSP.xls,ok,2024-01-31,34,126,xls,,False,True
2023-24/01.02.24_NLDC_PSP.xls,ok,2024-02-01,34,126,xls,,False,True
2023-24/02.02.24_NLDC_PSP.xls,ok,2024-02-02,34,126,xls,,False,True
2023-24/03.02.24_NLDC_PSP.xls,ok,2024-02-03,34,126,xls,,False,True
2023-24/04.02.24_NLDC_PSP.xls,ok,2024-02-04,34,126,xls,,False,True
2023-24/05.02.24_NLDC_PSP.xls,ok,2024-02-05,34,126,xls,,False,True
2023-24/06.02.24_NLDC_PSP.xls,ok,2024-02-06,34,126,xls,,False,True
2023-24/07.02.24_NLDC_PSP.xls,ok,2024-02-07,34,126,xls,,False,True
2023-24/08.02.24_NLDC_PSP.xls,ok,2024-02-08,34,126,xls,,False,True
2023-24/09.02.24_NLDC_PSP.xls,ok,2024-02-09,34,126,xls,,False,True
2023-24/10.02.24_NLDC_PSP.xls,ok,2024-02-10,34,126,xls,,False,True
2023-24/11.02.24_NLDC_PSP.xls,ok,2024-02-11,34,126,xls,,False,True
2023-24/12.02.24_NLDC_PSP.xls,ok,2024-02-12,34,126,xls,,False,True
2023-24/13.02.24_NLDC_PSP.xls,ok,2024-02-13,34,126,xls,,False,True
2023-24/14.02.24_NLDC_PSP.xls,ok,2024-02-14,34,126,xls,,False,True
2023-24/15.02.24_NLDC_PSP.xls,ok,2024-02-15,34,126,xls,,False,True
2023-24/16.02.24_NLDC_PSP.xls,ok,2024-02-16,34,126,xls,,False,True
2023-24/17.02.24_NLDC_PSP.xls,ok,2024-02-17,34,126,xls,,False,True
2023-24/18.02.24_NLDC_PSP.xls,ok,2024-02-18,34,126,xls,,False,True
2023-24/19.02.24_NLDC_PSP.xls,ok,2024-02-19,34,126,xls,,False,True
2023-24/20.02.24_NLDC_PSP.xls,ok,2024-02-20,34,126,xls,,False,True
2023-24/21.02.24_NLDC_PSP.xls,ok,2024-02-21,34,126,xls,,False,True
2023-24/22.02.24_NLDC_PSP.xls,ok,2024-02-22,34,126,xls,,False,True
2023-24/23.02.24_NLDC_PSP.xls,ok,2024-02-23,34,126,xls,,False,True
2023-24/24.02.24_NLDC_PSP.xls,ok,2024-02-24,34,126,xls,,False,True
2023-24/25.02.24_NLDC_PSP.xls,ok,2024-02-25,34,126,xls,,False,True
2023-24/26.02.24_NLDC_PSP.xls,ok,2024-02-26,34,126,xls,,False,True
2023-24/27.02.24_NLDC_PSP.xls,ok,2024-02-27,34,126,xls,,False,True
2023-24/28.02.24_NLDC_PSP.xls,ok,2024-02-28,34,126,xls,,False,True
2023-24/29.02.24_NLDC_PSP.xls,ok,2024-02-29,34,126,xls,,False,True
2023-24/01.03.24_NLDC_PSP.xls,ok,2024-03-01,34,126,xls,,False,True
2023-24/02.03.24_NLDC_PSP.xls,ok,2024-03-02,34,126,xls,,False,True
2023-24/03.03.24_NLDC_PSP.xls,ok,2024-03-03,34,126,xls,,False,True
2023-24/04.03.24_NLDC_PSP.xls,ok,2024-03-04,34,126,xls,,False,True
2023-24/05.03.24_NLDC_PSP.xls,ok,2024-03-05,34,126,xls,,False,True
2023-24/06.03.24_NLDC_PSP.xls,ok,2024-03-06,34,126,xls,,False,True
2023-24/07.03.24_NLDC_PSP.xls,ok,2024-03-07,34,126,xls,,False,True
2023-24/08.03.24_NLDC_PSP.xls,ok,2024-03-08,34,126,xls,,False,True
2023-24/09.03.24_NLDC_PSP.xls,ok,2024-03-09,34,126,xls,,False,True
2023-24/10.03.24_NLDC_PSP.xls,ok,2024-03-10,34,126,xls,,False,True
2023-24/11.03.24_NLDC_PSP.xls,ok,2024-03-11,34,126,xls,,False,True
2023-24/12.03.24_NLDC_PSP.xls,ok,2024-03-12,34,126,xls,,False,True
2023-24/13.03.24_NLDC_PSP.xls,ok,2024-03-13,34,126,xls,,False,True
2023-24/14.03.24_NLDC_PSP.xls,ok,2024-03-14,34,126,xls,,False,True
2023-24/15.03.24_NLDC_PSP.xls,ok,2024-03-15,34,126,xls,,False,True
2023-24/16.03.24_NLDC_PSP.xls,ok,2024-03-16,34,126,xls,,False,True
2023-24/17.03.24_NLDC_PSP.xls,ok,2024-03-17,34,126,xls,,False,True
2023-24/18.03.24_NLDC_PSP.xls,ok,2024-03-18,34,126,xls,,False,True
2023-24/19.03.24_NLDC_PSP.xls,ok,2024-03-19,34,126,xls,,False,True
2023-24/20.03.24_NLDC_PSP.xls,ok,2024-03-20,34,126,xls,,False,True
2023-24/21.03.24_NLDC_PSP.xls,ok,2024-03-21,34,126,xls,,False,True
2023-24/22.03.24_NLDC_PSP.xls,ok,2024-03-22,34,126,xls,,False,True
2023-24/23.03.24_NLDC_PSP.xls,ok,2024-03-23,34,126,xls,,False,True
2023-24/24.03.24_NLDC_PSP.xls,ok,2024-03-24,34,126,xls,,False,True
2023-24/25.03.24_NLDC_PSP.xls,ok,2024-03-25,34,126,xls,,False,True
2023-24/26.03.24_NLDC_PSP.xls,ok,2024-03-26,34,126,xls,,False,True
2023-24/27.03.24_NLDC_PSP.xls,ok,2024-03-27,34,126,xls,,False,True
2023-24/28.03.24_NLDC_PSP.xls,ok,2024-03-28,34,126,xls,,False,True
2023-24/29.03.24_NLDC_PSP.xls,ok,2024-03-29,34,126,xls,,False,True
2023-24/30.03.24_NLDC_PSP.xls,ok,2024-03-30,34,126,xls,,False,True
2023-24/31.03.24_NLDC_PSP.xls,ok,2024-03-31,34,126,xls,,False,True
2024-25/01.04.24_NLDC_PSP.xls,ok,2024-04-01,34,126,xls,,False,True
2024-25/02.04.24_NLDC_PSP.xls,ok,2024-04-02,34,126,xls,,False,True
2024-25/03.04.24_NLDC_PSP.xls,ok,2024-04-03,34,126,xls,,False,True
2024-25/04.04.24_NLDC_PSP.xls,ok,2024-04-04,34,126,xls,,False,True
2024-25/05.04.24_NLDC_PSP.xls,ok,2024-04-05,34,126,xls,,False,True
2024-25/06.04.24_NLDC_PSP.xls,ok,2024-04-06,34,126,xls,,False,True
2024-25/07.04.24_NLDC_PSP.xls,ok,2024-04-07,34,126,xls,,False,True
2024-25/08.04.24_NLDC_PSP.xls,ok,2024-04-08,34,126,xls,,False,True
2024-25/09.04.24_NLDC_PSP.xls,ok,2024-04-09,34,126,xls,,False,True
2024-25/10.04.24_NLDC_PSP.xls,ok,2024-04-10,34,126,xls,,False,True
2024-25/11.04.24_NLDC_PSP.xls,ok,2024-04-11,34,126,xls,,False,True
2024-25/12.04.24_NLDC_PSP.xls,ok,2024-04-12,34,126,xls,,False,True
2024-25/13.04.24_NLDC_PSP.xls,ok,2024-04-13,34,126,xls,,False,True
2024-25/14.04.24_NLDC_PSP.xls,ok,2024-04-14,34,126,xls,,False,True
2024-25/15.04.24_NLDC_PSP.xls,ok,2024-04-15,34,126,xls,,False,True
2024-25/16.04.24_NLDC_PSP.xls,ok,2024-04-16,34,126,xls,,False,True
2024-25/17.04.24_NLDC_PSP.xls,ok,2024-04-17,34,126,xls,,False,True
2024-25/18.04.24_NLDC_PSP.xls,ok,2024-04-18,34,126,xls,,False,True
2024-25/19.04.24_NLDC_PSP.xls,ok,2024-04-19,34,126,xls,,False,True
2024-25/20.04.24_NLDC_PSP.xls,ok,2024-04-20,34,126,xls,,False,True
2024-25/21.04.24_NLDC_PSP.xls,ok,2024-04-21,34,126,xls,,False,True
2024-25/22.04.24_NLDC_PSP.xls,ok,2024-04-22,34,126,xls,,False,True
2024-25/23.04.24_NLDC_PSP.xls,ok,2024-04-23,34,126,xls,,False,True
2024-25/24.04.24_NLDC_PSP.xls,ok,2024-04-24,34,126,xls,,False,True
2024-25/25.04.24_NLDC_PSP.xls,ok,2024-04-25,34,126,xls,,False,True
2024-25/26.04.24_NLDC_PSP.xls,ok,2024-04-26,34,126,xls,,False,True
2024-25/27.04.24_NLDC_PSP.xls,ok,2024-04-27,34,126,xls,,False,True
2024-25/28.04.24_NLDC_PSP.xls,ok,2024-04-28,34,126,xls,,False,True
2024-25/29.04.24_NLDC_PSP.xls,ok,2024-04-29,34,126,xls,,False,True
2024-25/30.04.24_NLDC_PSP.xls,ok,2024-04-30,34,126,xls,,False,True
2024-25/01.05.24_NLDC_PSP.xls,ok,2024-05-01,34,126,xls,,False,True
2024-25/02.05.24_NLDC_PSP.xls,ok,2024-05-02,34,126,xls,,False,True
2024-25/03.05.24_NLDC_PSP.xls,ok,2024-05-03,34,126,xls,,False,True
2024-25/04.05.24_NLDC_PSP.xls,ok,2024-05-04,34,126,xls,,False,True
2024-25/05.05.24_NLDC_PSP.xls,ok,2024-05-05,34,126,xls,,False,True
2024-25/06.05.24_NLDC_PSP.xls,ok,2024-05-06,34,126,xls,,False,True
2024-25/07.05.24_NLDC_PSP.xls,ok,2024-05-07,34,126,xls,,False,True
2024-25/08.05.24_NLDC_PSP.xls,ok,2024-05-08,34,126,xls,,False,True
2024-25/09.05.24_NLDC_PSP.xls,ok,2024-05-09,34,126,xls,,False,True
2024-25/10.05.24_NLDC_PSP.xls,ok,2024-05-10,34,126,xls,,False,True
2024-25/11.05.24_NLDC_PSP.xls,ok,2024-05-11,34,126,xls,,False,True
2024-25/12.05.24_NLDC_PSP.xls,ok,2024-05-12,34,126,xls,,False,True
2024-25/13.05.24_NLDC_PSP.xls,ok,2024-05-13,34,126,xls,,False,True
2024-25/14.05.24_NLDC_PSP.xls,ok,2024-05-14,34,126,xls,,False,True
2024-25/15.05.24_NLDC_PSP.xls,ok,2024-05-15,34,126,xls,,False,True
2024-25/16.05.24_NLDC_PSP.xls,ok,2024-05-16,34,126,xls,,False,True
2024-25/17.05.24_NLDC_PSP.xls,ok,2024-05-17,34,126,xls,,False,True
2024-25/18.05.24_NLDC_PSP.xls,ok,2024-05-18,34,126,xls,,False,True
2024-25/19.05.24_NLDC_PSP.xls,ok,2024-05-19,34,126,xls,,False,True
2024-25/20.05.24_NLDC_PSP.xls,ok,2024-05-20,34,126,xls,,False,True
2024-25/21.05.24_NLDC_PSP.xls,ok,2024-05-21,34,126,xls,,False,True
2024-25/22.05.24_NLDC_PSP.xls,ok,2024-05-22,34,126,xls,,False,True
2024-25/23.05.24_NLDC_PSP.xls,ok,2024-05-23,34,126,xls,,False,True
2024-25/24.05.24_NLDC_PSP.xls,ok,2024-05-24,34,126,xls,,False,True
2024-25/25.05.24_NLDC_PSP.xls,ok,2024-05-25,34,126,xls,,False,True
2024-25/26.05.24_NLDC_PSP.xls,ok,2024-05-26,34,126,xls,,False,True
2024-25/27.05.24_NLDC_PSP.xls,ok,2024-05-27,34,126,xls,,False,True
2024-25/28.05.24_NLDC_PSP.xls,ok,2024-05-28,34,126,xls,,False,True
2024-25/29.05.24_NLDC_PSP.xls,ok,2024-05-29,34,126,xls,,False,True
2024-25/30.05.24_NLDC_PSP.xls,ok,2024-05-30,34,126,xls,,False,True
2024-25/31.05.24_NLDC_PSP.xls,ok,2024-05-31,34,126,xls,,False,True
2024-25/01.06.24_NLDC_PSP.xls,ok,2024-06-01,34,126,xls,,False,True
2024-25/02.06.24_NLDC_PSP.xls,ok,2024-06-02,34,126,xls,,False,True
2024-25/03.06.24_NLDC_PSP.xls,ok,2024-06-03,34,126,xls,,False,True
2024-25/04.06.24_NLDC_PSP.xls,ok,2024-06-04,34,126,xls,,False,True
2024-25/05.06.24_NLDC_PSP.xls,ok,2024-06-05,34,126,xls,,False,True
2024-25/06.06.24_NLDC_PSP.xls,ok,2024-06-06,34,126,xls,,False,True
2024-25/07.06.24_NLDC_PSP.xls,ok,2024-06-07,34,126,xls,,False,True
2024-25/08.06.24_NLDC_PSP.xls,ok,2024-06-08,34,126,xls,,False,True
2024-25/09.06.24_NLDC_PSP.xls,ok,2024-06-09,34,126,xls,,False,True
2024-25/10.06.24_NLDC_PSP.xls,ok,2024-06-10,34,126,xls,,False,True
2024-25/11.06.24_NLDC_PSP.xls,ok,2024-06-11,34,126,xls,,False,True
2024-25/12.06.24_NLDC_PSP.xls,ok,2024-06-12,34,126,xls,,False,True
2024-25/13.06.24_NLDC_PSP.xls,ok,2024-06-13,34,126,xls,,False,True
2024-25/14.06.24_NLDC_PSP.xls,ok,2024-06-14,34,126,xls,,False,True
2024-25/15.06.24_NLDC_PSP.xls,ok,2024-06-15,34,126,xls,,False,True
2024-25/16.06.24_NLDC_PSP.xls,ok,2024-06-16,34,126,xls,,False,True
2024-25/17.06.24_NLDC_PSP.xls,ok,2024-06-17,34,126,xls,,False,True
2024-25/18.06.24_NLDC_PSP.xls,ok,2024-06-18,34,126,xls,,False,True
2024-25/19.06.24_NLDC_PSP.xls,ok,2024-06-19,34,126,xls,,False,True
2024-25/20.06.24_NLDC_PSP.xls,ok,2024-06-20,34,126,xls,,False,True
2024-25/21.06.24_NLDC_PSP.xls,ok,2024-06-21,34,126,xls,,False,True
2024-25/22.06.24_NLDC_PSP.xls,ok,2024-06-22,34,126,xls,,False,True
2024-25/23.06.24_NLDC_PSP.xls,ok,2024-06-23,34,126,xls,,False,True
2024-25/24.06.24_NLDC_PSP.xls,ok,2024-06-24,34,126,xls,,False,True
2024-25/25.06.24_NLDC_PSP.xls,ok,2024-06-25,34,126,xls,,False,True
2024-25/26.06.24_NLDC_PSP.xls,ok,2024-06-26,34,126,xls,,False,True
2024-25/27.06.24_NLDC_PSP.xls,ok,2024-06-27,34,126,xls,,False,True
2024-25/28.06.24_NLDC_PSP.xls,ok,2024-06-28,34,126,xls,,False,True
2024-25/29.06.24_NLDC_PSP.xls,ok,2024-06-29,34,126,xls,,False,True
2024-25/30.06.24_NLDC_PSP.xls,ok,2024-06-30,34,126,xls,,False,True
2024-25/01.07.24_NLDC_PSP.xls,ok,2024-07-01,34,126,xls,,False,True
2024-25/02.07.24_NLDC_PSP.xls,ok,2024-07-02,34,126,xls,,False,True
2024-25/03.07.24_NLDC_PSP.xls,ok,2024-07-03,34,126,xls,,False,True
2024-25/04.07.24_NLDC_PSP.xls,ok,2024-07-04,34,126,xls,,False,True
2024-25/05.07.24_NLDC_PSP.xls,ok,2024-07-05,34,126,xls,,False,True
2024-25/06.07.24_NLDC_PSP.xls,ok,2024-07-06,34,126,xls,,False,True
2024-25/07.07.24_NLDC_PSP.xls,ok,2024-07-07,34,126,xls,,False,True
2024-25/08.07.24_NLDC_PSP.xls,ok,2024-07-08,34,126,xls,,False,True
2024-25/09.07.24_NLDC_PSP.xls,ok,2024-07-09,34,126,xls,,False,True
2024-25/10.07.24_NLDC_PSP.xls,ok,2024-07-10,34,126,xls,,False,True
2024-25/11.07.24_NLDC_PSP.xls,ok,2024-07-11,34,126,xls,,False,True
2024-25/12.07.24_NLDC_PSP.xls,ok,2024-07-12,34,126,xls,,False,True
2024-25/13.07.24_NLDC_PSP.xls,ok,2024-07-13,34,126,xls,,False,True
2024-25/14.07.24_NLDC_PSP.xls,ok,2024-07-14,34,126,xls,,False,True
2024-25/15.07.24_NLDC_PSP.xls,ok,2024-07-15,34,126,xls,,False,True
2024-25/16.07.24_NLDC_PSP.xls,ok,2024-07-16,34,126,xls,,False,True
2024-25/17.07.24_NLDC_PSP.xls,ok,2024-07-17,34,126,xls,,False,True
2024-25/18.07.24_NLDC_PSP.xls,ok,2024-07-18,34,126,xls,,False,True
2024-25/19.07.24_NLDC_PSP.xls,ok,2024-07-19,34,126,xls,,False,True
2024-25/20.07.24_NLDC_PSP.xls,ok,2024-07-20,34,126,xls,,False,True
2024-25/21.07.24_NLDC_PSP.xls,ok,2024-07-21,34,126,xls,,False,True
2024-25/22.07.24_NLDC_PSP.xls,ok,2024-07-22,34,126,xls,,False,True
2024-25/23.07.24_NLDC_PSP.xls,ok,2024-07-23,34,126,xls,,False,True
2024-25/24.07.24_NLDC_PSP.xls,ok,2024-07-24,34,126,xls,,False,True
2024-25/25.07.24_NLDC_PSP.xls,ok,2024-07-25,34,126,xls,,False,True
2024-25/26.07.24_NLDC_PSP.xls,ok,2024-07-26,34,126,xls,,False,True
2024-25/27.07.24_NLDC_PSP.xls,ok,2024-07-27,34,126,xls,,False,True
2024-25/28.07.24_NLDC_PSP.xls,ok,2024-07-28,34,126,xls,,False,True
2024-25/29.07.24_NLDC_PSP.xls,ok,2024-07-29,34,126,xls,,False,True
2024-25/30.07.24_NLDC_PSP.xls,ok,2024-07-30,34,126,xls,,False,True
2024-25/31.07.24_NLDC_PSP.xls,ok,2024-07-31,34,126,xls,,False,True
2024-25/01.08.24_NLDC_PSP.xls,ok,2024-08-01,34,126,xls,,False,True
2024-25/02.08.24_NLDC_PSP.xls,ok,2024-08-02,34,126,xls,,False,True
2024-25/03.08.24_NLDC_PSP.xls,ok,2024-08-03,34,126,xls,,False,True
2024-25/04.08.24_NLDC_PSP.xls,ok,2024-08-04,34,126,xls,,False,True
2024-25/05.08.24 NLDC_PSP.xls,ok,2024-08-05,34,126,xls,,False,True
2024-25/05.08.24_NLDC_PSP.pdf,ok,2024-08-05,34,126,pdf,,False,False
2024-25/06.08.24_NLDC_PSP.xls,ok,2024-08-06,34,126,xls,,False,True
2024-25/07.08.24_NLDC_PSP.xls,ok,2024-08-07,34,126,xls,,False,True
2024-25/08.08.24_NLDC_PSP.xls,ok,2024-08-08,34,126,xls,,False,True
2024-25/09.08.24_NLDC_PSP.xls,ok,2024-08-09,34,126,xls,,False,True
2024-25/10.08.24_NLDC_PSP.xls,ok,2024-08-10,34,126,xls,,False,True
2024-25/11.08.24_NLDC_PSP.xls,ok,2024-08-11,34,126,xls,,False,True
2024-25/12.08.24_NLDC_PSP.xls,ok,2024-08-12,34,126,xls,,False,True
2024-25/13.08.24_NLDC_PSP.xls,ok,2024-08-13,34,126,xls,,False,True
2024-25/14.08.24_NLDC_PSP.xls,ok,2024-08-14,34,126,xls,,False,True
2024-25/15.08.24_NLDC_PSP.xls,ok,2024-08-15,34,126,xls,,False,True
2024-25/16.08.24_NLDC_PSP.xls,ok,2024-08-16,34,126,xls,,False,True
2024-25/17.08.24_NLDC_PSP.xls,ok,2024-08-17,34,126,xls,,False,True
2024-25/18.08.24_NLDC_PSP.xls,ok,2024-08-18,34,126,xls,,False,True
2024-25/19.08.24_NLDC_PSP.pdf,ok,2024-08-19,34,126,pdf,,False,False
2024-25/19.08.24_NLDC_PSp.xls,ok,2024-08-19,34,126,xls,,False,True
2024-25/20.08.24_NLDC_PSP.xls,ok,2024-08-20,34,126,xls,,False,True
2024-25/21.08.24_NLDC_PSP.xls,ok,2024-08-21,34,126,xls,,False,True
2024-25/22.08.24_NLDC_PSP.xls,ok,2024-08-22,34,126,xls,,False,True
2024-25/23.08.24_NLDC_PSP.xls,ok,2024-08-23,34,126,xls,,False,True
2024-25/24.08.24_NLDC_PSP.xls,ok,2024-08-24,34,126,xls,,False,True
2024-25/25.08.24_NLDC_PSP.xls,ok,2024-08-25,34,126,xls,,False,True
2024-25/26.08.24_NLDC_PSP.xls,ok,2024-08-26,34,126,xls,,False,True
2024-25/27.08.24_NLDC_PSP.xls,ok,2024-08-27,34,126,xls,,False,True
2024-25/28.08.24_NLDC_PSP.xls,ok,2024-08-28,34,126,xls,,False,True
2024-25/29.08.24_NLDC_PSP.xls,ok,2024-08-29,34,126,xls,,False,True
2024-25/30.08.24_NLDC_PSP.xls,ok,2024-08-30,34,126,xls,,False,True
2024-25/31.08.24_NLDC_PSP.xls,ok,2024-08-31,34,126,xls,,False,True
2024-25/01.09.24_NLDC_PSP.xls,ok,2024-09-01,34,126,xls,,False,True
2024-25/02.09.24_NLDC_PSP.xls,ok,2024-09-02,34,126,xls,,False,True
2024-25/03.09.24_NLDC_PSP.xls,ok,2024-09-03,34,126,xls,,False,True
2024-25/04.09.24_NLDC_PSP.xls,ok,2024-09-04,34,126,xls,,False,True
2024-25/05.09.24_NLDC_PSP.xls,ok,2024-09-05,34,126,xls,,False,True
2024-25/06.09.24_NLDC_PSP.xls,ok,2024-09-06,34,126,xls,,False,True
2024-25/07.09.24_NLDC_PSP.xls,ok,2024-09-07,34,126,xls,,False,True
2024-25/08.09.24_NLDC_PSP.xls,ok,2024-09-08,34,126,xls,,False,True
2024-25/09.09.24_NLDC_PSP.xls,ok,2024-09-09,34,126,xls,,False,True
2024-25/10.09.24_NLDC_PSP.xls,ok,2024-09-10,34,126,xls,,False,True
2024-25/11.09.24_NLDC_PSP.xls,ok,2024-09-11,34,126,xls,,False,True
2024-25/12.09.24_NLDC_PSP.xls,ok,2024-09-12,34,126,xls,,False,True
2024-25/13.09.24_NLDC_PSP.xls,ok,2024-09-13,34,126,xls,,False,True
2024-25/14.09.24_NLDC_PSP.xls,ok,2024-09-14,34,126,xls,,False,True
2024-25/15.09.24_NLDC_PSP.xls,ok,2024-09-15,34,126,xls,,False,True
2024-25/16.09.24_NLDC_PSP.xls,ok,2024-09-16,34,126,xls,,False,True
2024-25/17.09.24_NLDC_PSP.xls,ok,2024-09-17,34,126,xls,,False,True
2024-25/18.09.24_NLDC_PSP.xls,ok,2024-09-18,34,126,xls,,False,True
2024-25/19.09.24_NLDC_PSP.xls,ok,2024-09-19,34,126,xls,,False,True
2024-25/20.09.24_NLDC_PSP.xls,ok,2024-09-20,34,126,xls,,False,True
2024-25/21.09.24_NLDC_PSP.xls,ok,2024-09-21,34,126,xls,,False,True
2024-25/22.09.24_NLDC_PSP.xls,ok,2024-09-22,34,126,xls,,False,True
2024-25/23.09.24_NLDC_PSP.xls,ok,2024-09-23,34,126,xls,,False,True
2024-25/24.09.24_NLDC_PSP.xls,ok,2024-09-24,34,126,xls,,False,True
2024-25/25.09.24_NLDC_PSP.xls,ok,2024-09-25,34,126,xls,,False,True
2024-25/26.09.24_NLDC_PSP.xls,ok,2024-09-26,34,126,xls,,False,True
2024-25/27.09.24_NLDC_PSP.xls,ok,2024-09-27,34,126,xls,,False,True
2024-25/28.09.24_NLDC_PSP.xls,ok,2024-09-28,34,126,xls,,False,True
2024-25/29.09.24_NLDC_PSP.xls,ok,2024-09-29,34,126,xls,,False,True
2024-25/30.09.24_NLDC_PSP.xls,ok,2024-09-30,34,126,xls,,False,True
2024-25/01.10.24_NLDC_PSP.xls,ok,2024-10-01,34,126,xls,,False,True
2024-25/02.10.24_NLDC_PSP.xls,ok,2024-10-02,34,126,xls,,False,True
2024-25/03.10.24_NLDC_PSP.xls,ok,2024-10-03,34,126,xls,,False,True
2024-25/04.10.24_NLDC_PSP.xls,ok,2024-10-04,34,126,xls,,False,True
2024-25/05.10.24_NLDC_PSP.xls,ok,2024-10-05,34,126,xls,,False,True
2024-25/06.10.24_NLDC_PSP.xls,ok,2024-10-06,34,126,xls,,False,True
2024-25/07.10.24_NLDC_PSP.xls,ok,2024-10-07,34,126,xls,,False,True
2024-25/08.10.24_NLDC_PSP.xls,ok,2024-10-08,34,126,xls,,False,True
2024-25/09.10.24_NLDC_PSP.xls,ok,2024-10-09,34,126,xls,,False,True
2024-25/10.10.24_NLDC_PSP.xls,ok,2024-10-10,34,126,xls,,False,True
2024-25/11.10.24_NLDC_PSP.xls,ok,2024-10-11,34,126,xls,,False,True
2024-25/12.10.24_NLDC_PSP.xls,ok,2024-10-12,34,126,xls,,False,True
2024-25/13.10.24_NLDC_PSP.xls,ok,2024-10-13,34,126,xls,,False,True
2024-25/14.10.24_NLDC_PSP.xls,ok,2024-10-14,34,126,xls,,False,True
2024-25/15.10.24_NLDC_PSP.xls,ok,2024-10-15,34,126,xls,,False,True
2024-25/16.10.24_NLDC_PSP.xls,ok,2024-10-16,34,126,xls,,False,True
2024-25/17.10.24_NLDC_PSP.xls,ok,2024-10-17,34,126,xls,,False,True
2024-25/18.10.24_NLDC_PSP.xls,ok,2024-10-18,34,126,xls,,False,True
2024-25/19.10.24_NLDC_PSP.xls,ok,2024-10-19,34,126,xls,,False,True
2024-25/20.10.24_NLDC_PSP.xls,ok,2024-10-20,34,126,xls,,False,True
2024-25/21.10.24_NLDC_PSP.xls,ok,2024-10-21,34,126,xls,,False,True
2024-25/22.10.24_NLDC_PSP.xls,ok,2024-10-22,34,126,xls,,False,True
2024-25/23.10.24_NLDC_PSP.xls,ok,2024-10-23,34,126,xls,,False,True
2024-25/24.10.24_NLDC_PSP.xls,ok,2024-10-24,34,126,xls,,False,True
2024-25/25.10.24_NLDC_PSP.xls,ok,2024-10-25,34,126,xls,,False,True
2024-25/26.10.24_NLDC_PSP.xls,ok,2024-10-26,34,126,xls,,False,True
2024-25/27.10.24_NLDC_PSP.xls,ok,2024-10-27,34,126,xls,,False,True
2024-25/28.10.24_NLDC_PSP.xls,ok,2024-10-28,34,126,xls,,False,True
2024-25/29.10.24_NLDC_PSP.xls,ok,2024-10-29,34,126,xls,,False,True
2024-25/30.10.24_NLDC_PSP.xls,ok,2024-10-30,34,126,xls,,False,True
2024-25/31.10.24_NLDC_PSP.xls,ok,2024-10-31,34,126,xls,,False,True
2024-25/01.11.24_NLDC_PSP.xls,ok,2024-11-01,34,126,xls,,False,True
2024-25/02.11.24_NLDC_PSP.xls,ok,2024-11-02,34,126,xls,,False,True
2024-25/03.11.24_NLDC_PSP.xls,ok,2024-11-03,34,126,xls,,False,True
2024-25/04.11.24_NLDC_PSP.xls,ok,2024-11-04,34,126,xls,,False,True
2024-25/05.11.24_NLDC_PSP.xls,ok,2024-11-05,34,126,xls,,False,True
2024-25/06.11.24_NLDC_PSP.xls,ok,2024-11-06,34,126,xls,,False,True
2024-25/07.11.24_NLDC_PSP.xls,ok,2024-11-07,34,126,xls,,False,True
2024-25/08.11.24_NLDC_PSP.xls,ok,2024-11-08,34,126,xls,,False,True
2024-25/09.11.24_NLDC_PSP.xls,ok,2024-11-09,34,126,xls,,False,True
2024-25/10.11.24_NLDC_PSP.xls,ok,2024-11-10,34,126,xls,,False,True
2024-25/11.11.24_NLDC_PSP.xls,ok,2024-11-11,34,126,xls,,False,True
2024-25/12.11.24_NLDC_PSP.xls,ok,2024-11-12,34,126,xls,,False,True
2024-25/13.11.24_NLDC_PSP.xls,ok,2024-11-13,34,126,xls,,False,True
2024-25/14.11.24_NLDC_PSP.xls,ok,2024-11-14,34,126,xls,,False,True
2024-25/15.11.24_NLDC_PSP.xls,ok,2024-11-15,34,126,xls,,False,True
2024-25/16.11.24_NLDC_PSP.xls,ok,2024-11-16,34,126,xls,,False,True
2024-25/17.11.24_NLDC_PSP.xls,ok,2024-11-17,34,126,xls,,False,True
2024-25/18.11.24_NLDC_PSP.xls,ok,2024-11-18,34,126,xls,,False,True
2024-25/19.11.24_NLDC_PSP.xls,ok,2024-11-19,34,126,xls,,False,True
2024-25/20.11.24_NLDC_PSP.xls,ok,2024-11-20,34,126,xls,,False,True
2024-25/21.11.24_NLDC_PSP.xls,ok,2024-11-21,34,126,xls,,False,True
2024-25/22.11.24_NLDC_PSP.xls,ok,2024-11-22,34,126,xls,,False,True
2024-25/23.11.24_NLDC_PSP.xls,ok,2024-11-23,34,126,xls,,False,True
2024-25/24.11.24_NLDC_PSP.xls,ok,2024-11-24,34,126,xls,,False,True
2024-25/25.11.24_NLDC_PSP.xls,ok,2024-11-25,34,126,xls,,False,True
2024-25/26.11.24_NLDC_PSP.xls,ok,2024-11-26,34,126,xls,,False,True
2024-25/27.11.24_NLDC_PSP.xls,ok,2024-11-27,34,126,xls,,False,True
2024-25/28.11.24_NLDC_PSP.xls,ok,2024-11-28,34,126,xls,,False,True
2024-25/29.11.24_NLDC_PSP.xls,ok,2024-11-29,34,126,xls,,False,True
2024-25/30.11.24_NLDC_PSP.xls,ok,2024-11-30,34,126,xls,,False,True
2024-25/01.12.24_NLDC_PSP.xls,ok,2024-12-01,34,126,xls,,False,True
2024-25/02.12.24_NLDC_PSP.xls,ok,2024-12-02,34,126,xls,,False,True
2024-25/03.12.24_NLDC_PSP.xls,ok,2024-12-03,34,126,xls,,False,True
2024-25/04.12.24_NLDC_PSP.xls,ok,2024-12-04,34,126,xls,,False,True
2024-25/05.12.24_NLDC_PSP.xls,ok,2024-12-05,34,126,xls,,False,True
2024-25/06.12.24_NLDC_PSP.xls,ok,2024-12-06,34,126,xls,,False,True
2024-25/07.12.24_NLDC_PSP.xls,ok,2024-12-07,34,126,xls,,False,True
2024-25/08.12.24_NLDC_PSP.xls,ok,2024-12-08,34,126,xls,,False,True
2024-25/09.12.24_NLDC_PSP.xls,ok,2024-12-09,34,126,xls,,False,True
2024-25/10.12.24_NLDC_PSP.xls,ok,2024-12-10,34,126,xls,,False,True
2024-25/11.12.24_NLDC_PSP.xls,ok,2024-12-11,34,126,xls,,False,True
2024-25/12.12.24_NLDC_PSP.xls,ok,2024-12-12,34,126,xls,,False,True
2024-25/13.12.24_NLDC_PSP.xls,ok,2024-12-13,34,126,xls,,False,True
2024-25/14.12.24_NLDC_PSP.xls,ok,2024-12-14,34,126,xls,,False,True
2024-25/15.12.24_NLDC_PSP.xls,ok,2024-12-15,34,126,xls,,False,True
2024-25/16.12.24_NLDC_PSP.xls,ok,2024-12-16,34,126,xls,,False,True
2024-25/17.12.24_NLDC_PSP.xls,ok,2024-12-17,34,126,xls,,False,True
2024-25/18.12.24_NLDC_PSP.xls,ok,2024-12-18,34,126,xls,,False,True
2024-25/19.12.24_NLDC_PSP.xls,ok,2024-12-19,34,126,xls,,False,True
2024-25/20.12.24_NLDC_PSP.xls,ok,2024-12-20,34,126,xls,,False,True
2024-25/21.12.24_NLDC_PSP.xls,ok,2024-12-21,34,126,xls,,False,True
2024-25/22.12.24_NLDC_PSP.xls,ok,2024-12-22,34,126,xls,,False,True
2024-25/23.12.24_NLDC_PSP.xls,ok,2024-12-23,34,126,xls,,False,True
2024-25/24.12.24_NLDC_PSP.xls,ok,2024-12-24,34,126,xls,,False,True
2024-25/25.12.24_NLDC_PSP.xls,ok,2024-12-25,34,126,xls,,False,True
2024-25/26.12.24_NLDC_PSP.xls,ok,2024-12-26,34,126,xls,,False,True
2024-25/27.12.24_NLDC_PSP.xls,ok,2024-12-27,34,126,xls,,False,True
2024-25/28.12.24_NLDC_PSP.xls,ok,2024-12-28,34,126,xls,,False,True
2024-25/29.12.24_NLDC_PSP.xls,ok,2024-12-29,34,126,xls,,False,True
2024-25/01.01.25_NLDC_PSP.xls,ok,2025-01-01,34,126,xls,,False,True
2024-25/02.01.25_NLDC_PSP.xls,ok,2025-01-02,34,126,xls,,False,True
2024-25/03.01.25_NLDC_PSP.xls,ok,2025-01-03,34,126,xls,,False,True
2024-25/04.01.25_NLDC_PSP.xls,ok,2025-01-04,34,126,xls,,False,True
2024-25/05.01.25_NLDC_PSP.xls,ok,2025-01-05,34,126,xls,,False,True
2024-25/06.01.25_NLDC_PSP.xls,ok,2025-01-06,34,126,xls,,False,True
2024-25/07.01.25_NLDC_PSP.xls,ok,2025-01-07,34,126,xls,,False,True
2024-25/08.01.25_NLDC_PSP.xls,ok,2025-01-08,34,126,xls,,False,True
2024-25/09.01.25_NLDC_PSP.xls,ok,2025-01-09,34,126,xls,,False,True
2024-25/10.01.25_NLDC_PSP.xls,ok,2025-01-10,34,126,xls,,False,True
2024-25/11.01.25_NLDC_PSP.xls,ok,2025-01-11,34,126,xls,,False,True
2024-25/12.01.25_NLDC_PSP.xls,ok,2025-01-12,34,126,xls,,False,True
2024-25/13.01.25_NLDC_PSP.xls,ok,2025-01-13,34,126,xls,,False,True
2024-25/14.01.25_NLDC_PSP.xls,ok,2025-01-14,34,126,xls,,False,True
2024-25/15.01.25_NLDC_PSP.xls,ok,2025-01-15,34,126,xls,,False,True
2024-25/16.01.25_NLDC_PSP.xls,ok,2025-01-16,34,126,xls,,False,True
2024-25/17.01.25_NLDC_PSP.xls,ok,2025-01-17,34,126,xls,,False,True
2024-25/18.01.25_NLDC_PSP.xls,ok,2025-01-18,34,126,xls,,False,True
2024-25/19.01.25_NLDC_PSP.xls,ok,2025-01-19,34,126,xls,,False,True
2024-25/20.01.25_NLDC_PSP.xls,ok,2025-01-20,34,126,xls,,False,True
2024-25/21.01.25_NLDC_PSP.xls,ok,2025-01-21,34,126,xls,,False,True
2024-25/22.01.25_NLDC_PSP.xls,ok,2025-01-22,34,126,xls,,False,True
2024-25/23.01.25_NLDC_PSP.xls,ok,2025-01-23,34,126,xls,,False,True
2024-25/24.01.25_NLDC_PSP.xls,ok,2025-01-24,34,126,xls,,False,True
2024-25/25.01.25_NLDC_PSP.xls,ok,2025-01-25,34,126,xls,,False,True
2024-25/26.01.25_NLDC_PSP.xls,ok,2025-01-26,34,126,xls,,False,True
2024-25/27.01.25_NLDC_PSP.xls,ok,2025-01-27,34,126,xls,,False,True
2024-25/28.01.25_NLDC_PSP.xls,ok,2025-01-28,34,126,xls,,False,True
2024-25/29.01.25_NLDC_PSP.xls,ok,2025-01-29,34,126,xls,,False,True
2024-25/30.01.25_NLDC_PSP.xls,ok,2025-01-30,34,126,xls,,False,True
2024-25/31.01.25_NLDC_PSP.xls,ok,2025-01-31,34,126,xls,,False,True
2024-25/01.02.25_NLDC_PSP.xls,ok,2025-02-01,34,126,xls,,False,True
2024-25/02.02.25_NLDC_PSP.xls,ok,2025-02-02,34,126,xls,,False,True
2024-25/03.02.25_NLDC_PSP.xls,ok,2025-02-03,34,126,xls,,False,True
2024-25/04.02.25_NLDC_PSP.xls,ok,2025-02-04,34,126,xls,,False,True
2024-25/05.02.25_NLDC_PSP.xls,ok,2025-02-05,34,126,xls,,False,True
2024-25/06.02.25_NLDC_PSP.xls,ok,2025-02-06,34,126,xls,,False,True
2024-25/07.02.25_NLDC_PSP.xls,ok,2025-02-07,34,126,xls,,False,True
2024-25/08.02.25_NLDC_PSP.xls,ok,2025-02-08,34,126,xls,,False,True
2024-25/09.02.25_NLDC_PSP.xls,ok,2025-02-09,34,126,xls,,False,True
2024-25/10.02.25_NLDC_PSP.xls,ok,2025-02-10,34,126,xls,,False,True
2024-25/11.02.25_NLDC_PSP.xls,ok,2025-02-11,34,126,xls,,False,True
2024-25/12.02.25_NLDC_PSP.xls,ok,2025-02-12,34,126,xls,,False,True
2024-25/13.02.25_NLDC_PSP.xls,ok,2025-02-13,34,126,xls,,False,True
2024-25/14.02.25_NLDC_PSP.xls,ok,2025-02-14,34,126,xls,,False,True
2024-25/15.02.25_NLDC_PSP.xls,ok,2025-02-15,34,126,xls,,False,True
2024-25/16.02.25_NLDC_PSP.xls,ok,2025-02-16,34,126,xls,,False,True
2024-25/17.02.25_NLDC_PSP.xls,ok,2025-02-17,34,126,xls,,False,True
2024-25/18.02.25_NLDC_PSP.xls,ok,2025-02-18,34,126,xls,,False,True
2024-25/19.02.25_NLDC_PSP.xls,ok,2025-02-19,34,126,xls,,False,True
2024-25/20.02.25_NLDC_PSP.xls,ok,2025-02-20,34,126,xls,,False,True
2024-25/21.02.25_NLDC_PSP.xls,ok,2025-02-21,34,126,xls,,False,True
2024-25/22.02.25_NLDC_PSP.xls,ok,2025-02-22,34,126,xls,,False,True
2024-25/23.02.25_NLDC_PSP.xls,ok,2025-02-23,34,126,xls,,False,True
2024-25/24.02.25_NLDC_PSP.xls,ok,2025-02-24,34,126,xls,,False,True
2024-25/24.02.26_NLDC_PSP_409.xls,ok,2026-02-24,34,126,xls,,False,True
2024-25/25.02.25_NLDC_PSP.xls,ok,2025-02-25,34,126,xls,,False,True
2024-25/26.02.25_NLDC_PSP.xls,ok,2025-02-26,34,126,xls,,False,True
2024-25/27.02.25_NLDC_PSP.xls,ok,2025-02-27,34,126,xls,,False,True
2024-25/28.02.25_NLDC_PSP.xls,ok,2025-02-28,34,126,xls,,False,True
2024-25/01.03.25_NLDC_PSP.xls,ok,2025-03-01,34,126,xls,,False,True
2024-25/02.03.25_NLDC_PSP.xls,ok,2025-03-02,34,126,xls,,False,True
2024-25/03.03.25_NLDC_PSP.xls,ok,2025-03-03,34,126,xls,,False,True
2024-25/04.03.25_NLDC_PSP.xls,ok,2025-03-04,34,126,xls,,False,True
2024-25/05.03.25_NLDC_PSP.xls,ok,2025-03-05,34,126,xls,,False,True
2024-25/06.03.25_NLDC_PSP.xls,ok,2025-03-06,34,126,xls,,False,True
2024-25/07.03.25_NLDC_PSP.xls,ok,2025-03-07,34,126,xls,,False,True
2024-25/08.03.25_NLDC_PSP.xls,ok,2025-03-08,34,126,xls,,False,True
2024-25/09.03.25_NLDC_PSP.xls,ok,2025-03-09,34,126,xls,,False,True
2024-25/10.03.25_NLDC_PSP.xls,ok,2025-03-10,34,126,xls,,False,True
2024-25/11.03.25_NLDC_PSP.xls,ok,2025-03-11,34,126,xls,,False,True
2024-25/12.03.25_NLDC_PSP.xls,ok,2025-03-12,34,126,xls,,False,True
2024-25/13.03.25_NLDC_PSP.xls,ok,2025-03-13,34,126,xls,,False,True
2024-25/14.03.25_NLDC_PSP.xls,ok,2025-03-14,34,126,xls,,False,True
2024-25/15.03.25_NLDC_PSP.xls,ok,2025-03-15,34,126,xls,,False,True
2024-25/16.03.25_NLDC_PSP.xls,ok,2025-03-16,34,126,xls,,False,True
2024-25/17.03.25_NLDC_PSP.xls,ok,2025-03-17,34,126,xls,,False,True
2024-25/18.03.25_NLDC_PSP.xls,ok,2025-03-18,34,126,xls,,False,True
2024-25/19.03.25_NLDC_PSP.xls,ok,2025-03-19,34,126,xls,,False,True
2024-25/20.03.25_NLDC_PSP.xls,ok,2025-03-20,34,126,xls,,False,True
2024-25/21.03.25_NLDC_PSP.xls,ok,2025-03-21,34,126,xls,,False,True
2024-25/22.03.25_NLDC_PSP.xls,ok,2025-03-22,34,126,xls,,False,True
2024-25/23.03.25_NLDC_PSP.xls,ok,2025-03-23,34,126,xls,,False,True
2024-25/24.03.25_NLDC_PSP.xls,ok,2025-03-24,34,126,xls,,False,True
2024-25/25.03.25_NLDC_PSP.xls,ok,2025-03-25,34,126,xls,,False,True
2024-25/26.03.25_NLDC_PSP.xls,ok,2025-03-26,34,126,xls,,False,True
2024-25/27.03.25_NLDC_PSP.xls,ok,2025-03-27,34,126,xls,,False,True
2024-25/28.03.25_NLDC_PSP.xls,ok,2025-03-28,34,126,xls,,False,True
2024-25/29.03.25_NLDC_PSP.xls,ok,2025-03-29,34,126,xls,,False,True
2024-25/30.03.25_NLDC_PSP.xls,ok,2025-03-30,34,126,xls,,False,True
2024-25/31.03.25_NLDC_PSP.xls,ok,2025-03-31,34,126,xls,,False,True
2025-26/01.04.25_NLDC_PSP.xls,ok,2025-04-01,34,126,xls,,False,True
2025-26/02.04.25_NLDC_PSP.xls,ok,2025-04-02,34,126,xls,,False,True
2025-26/03.04.25_NLDC_PSP.xls,ok,2025-04-03,34,126,xls,,False,True
2025-26/04.04.25_NLDC_PSP.xls,ok,2025-04-04,34,126,xls,,False,True
2025-26/05.04.25_NLDC_PSP.xls,ok,2025-04-05,34,126,xls,,False,True
2025-26/06.04.25_NLDC_PSP.xls,ok,2025-04-06,34,126,xls,,False,True
2025-26/07.04.25_NLDC_PSP.xls,ok,2025-04-07,34,126,xls,,False,True
2025-26/08.04.25_NLDC_PSP.xls,ok,2025-04-08,34,126,xls,,False,True
2025-26/09.04.25_NLDC_PSP.xls,ok,2025-04-09,34,126,xls,,False,True
2025-26/10.04.25_NLDC_PSP.xls,ok,2025-04-10,34,126,xls,,False,True
2025-26/11.04.25_NLDC_PSP.xls,ok,2025-04-11,34,126,xls,,False,True
2025-26/12.04.25_NLDC_PSP.xls,ok,2025-04-12,34,126,xls,,False,True
2025-26/13.04.25_NLDC_PSP.xls,ok,2025-04-13,34,126,xls,,False,True
2025-26/14.04.25_NLDC_PSP.xls,ok,2025-04-14,34,126,xls,,False,True
2025-26/15.04.25_NLDC_PSP.xls,ok,2025-04-15,34,126,xls,,False,True
2025-26/16.04.25_NLDC_PSP.xls,ok,2025-04-16,34,126,xls,,False,True
2025-26/17.04.25_NLDC_PSP.xls,ok,2025-04-17,34,126,xls,,False,True
2025-26/18.04.25_NLDC_PSP.xls,ok,2025-04-18,34,126,xls,,False,True
2025-26/19.04.25_NLDC_PSP.xls,ok,2025-04-19,34,126,xls,,False,True
2025-26/20.04.25_NLDC_PSP.xls,ok,2025-04-20,34,126,xls,,False,True
2025-26/21.04.25_NLDC_PSP.xls,ok,2025-04-21,34,126,xls,,False,True
2025-26/22.04.25_NLDC_PSP.xls,ok,2025-04-22,34,126,xls,,False,True
2025-26/23.04.25_NLDC_PSP.xls,ok,2025-04-23,34,126,xls,,False,True
2025-26/24.04.25_NLDC_PSP_796.xls,ok,2025-04-24,34,126,xls,,False,True
2025-26/25.04.25_NLDC_PSP_790.xls,ok,2025-04-25,34,126,xls,,False,True
2025-26/26.04.25_NLDC_PSP_429.xls,ok,2025-04-26,34,126,xls,,False,True
2025-26/27.04.25_NLDC_PSP_839.xls,ok,2025-04-27,34,126,xls,,False,True
2025-26/28.04.25_NLDC_PSP_887.xls,ok,2025-04-28,34,126,xls,,False,True
2025-26/29.04.25_NLDC_PSP_695.xls,ok,2025-04-29,34,126,xls,,False,True
2025-26/30.04.25_NLDC_PSP_139.xls,ok,2025-04-30,34,126,xls,,False,True
2025-26/01.05.25_NLDC_PSP_653.xls,ok,2025-05-01,34,126,xls,,False,True
2025-26/02.05.25_NLDC_PSP_787.xls,ok,2025-05-02,34,126,xls,,False,True
2025-26/03.05.25_NLDC_PSP_929.xls,ok,2025-05-03,34,126,xls,,False,True
2025-26/04.05.25_NLDC_PSP_727.xls,ok,2025-05-04,34,126,xls,,False,True
2025-26/05.05.25_NLDC_PSP_683.xls,ok,2025-05-05,34,126,xls,,False,True
2025-26/06.05.25_NLDC_PSP_636.xls,ok,2025-05-06,34,126,xls,,False,True
2025-26/07.05.25_NLDC_PSP_728.xls,ok,2025-05-07,34,126,xls,,False,True
2025-26/08.05.25_NLDC_PSP_167.xls,ok,2025-05-08,34,126,xls,,False,True
2025-26/09.05.25_NLDC_PSP_999.xls,ok,2025-05-09,34,126,xls,,False,True
2025-26/10.05.25_NLDC_PSP_287.xls,ok,2025-05-10,34,126,xls,,False,True
2025-26/11.05.25_NLDC_PSP_249.xls,ok,2025-05-11,34,126,xls,,False,True
2025-26/12.05.25_NLDC_PSP_710.xls,ok,2025-05-12,34,126,xls,,False,True
2025-26/13.05.25_NLDC_PSP_804.xls,ok,2025-05-13,34,126,xls,,False,True
2025-26/14.05.25_NLDC_PSP_764.xls,ok,2025-05-14,34,126,xls,,False,True
2025-26/15.05.25_NLDC_PSP_723.xls,ok,2025-05-15,34,126,xls,,False,True
2025-26/16.05.25_NLDC_PSP_332.xls,ok,2025-05-16,34,126,xls,,False,True
2025-26/17.05.25_NLDC_PSP_558.xls,ok,2025-05-17,34,126,xls,,False,True
2025-26/18.05.25_NLDC_PSP_H&E v2_874.xls,ok,2025-05-18,34,126,xls,,False,True
2025-26/19.05.25_NLDC_PSP_H&E v2_156.xls,ok,2025-05-19,34,126,xls,,False,True
2025-26/20.05.25_NLDC_PSP_267.xls,ok,2025-05-20,34,126,xls,,False,True
2025-26/21.05.25_NLDC_PSP_885.xls,ok,2025-05-21,34,126,xls,,False,True
2025-26/22.05.25_NLDC_PSP_244.xls,ok,2025-05-22,34,126,xls,,False,True
2025-26/23.05.25_NLDC_PSP_H&E v1_183.xls,ok,2025-05-23,34,126,xls,,False,True
2025-26/24.05.25_NLDC_PSP_H&E v2_390.xls,ok,2025-05-24,34,126,xls,,False,True
2025-26/25.05.25_NLDC_PSP_H&E v3_353.xls,ok,2025-05-25,34,126,xls,,False,True
2025-26/26.05.25_NLDC_PSP_289.xls,ok,2025-05-26,34,126,xls,,False,True
2025-26/27.05.25_NLDC_PSP_279.xls,ok,2025-05-27,34,126,xls,,False,True
2025-26/28.05.25_NLDC_PSP_771.xls,ok,2025-05-28,34,126,xls,,False,True
2025-26/29.05.25_NLDC_PSP_576.xls,ok,2025-05-29,34,126,xls,,False,True
2025-26/30.05.25_NLDC_PSP_816.xls,ok,2025-05-30,34,126,xls,,False,True
2025-26/31.05.25_NLDC_PSP_524.xls,ok,2025-05-31,34,126,xls,,False,True
2025-26/01.06.25_NLDC_PSP_838.xls,ok,2025-06-01,34,126,xls,,False,True
2025-26/02.06.25_NLDC_PSP_425.xls,ok,2025-06-02,34,126,xls,,False,True
2025-26/03.06.25_NLDC_PSP_248.xls,ok,2025-06-03,34,126,xls,,False,True
2025-26/04.06.25_NLDC_PSP_HE_314.XLS,ok,2025-06-04,34,126,xls,,False,True
2025-26/05.06.25_NLDC_PSP_249.xls,ok,2025-06-05,34,126,xls,,False,True
2025-26/06.06.25_NLDC_PSP_896.xls,ok,2025-06-06,34,126,xls,,False,True
2025-26/07.06.25_NLDC_PSP_512.xls,ok,2025-06-07,34,126,xls,,False,True
2025-26/08.06.25_NLDC_PSP_396.xls,ok,2025-06-08,34,126,xls,,False,True
2025-26/09.06.25_NLDC_PSP_465.xls,ok,2025-06-09,34,126,xls,,False,True
2025-26/10.06.25_NLDC_PSP_922.xls,ok,2025-06-10,34,126,xls,,False,True
2025-26/11.06.25_NLDC_PSP_H&E_962.xls,ok,2025-06-11,34,126,xls,,False,True
2025-26/12.06.25_NLDC_PSP_H&E v4_579.xls,ok,2025-06-12,34,126,xls,,False,True
2025-26/13.06.25_NLDC_PSP_309.xls,ok,2025-06-13,34,126,xls,,False,True
2025-26/14.06.25_NLDC_PSP_412.xls,ok,2025-06-14,34,126,xls,,False,True
2025-26/15.06.25_NLDC_PSP_497.xls,ok,2025-06-15,34,126,xls,,False,True
2025-26/16.06.25_NLDC_PSP_237.xls,ok,2025-06-16,34,126,xls,,False,True
2025-26/17.06.25_NLDC_PSP_188.pdf,ok,2025-06-17,34,126,pdf,,False,False
2025-26/17.06.25_NLDC_PSP_998.xls,ok,2025-06-17,34,126,xls,,False,True
2025-26/18.06.25_NLDC_PSP_116.xls,ok,2025-06-18,34,126,xls,,False,True
2025-26/19.06.25_NLDC_PSP_H&E v4_525.xls,ok,2025-06-19,34,126,xls,,False,True
2025-26/20.06.25_NLDC_PSP_512.xls,ok,2025-06-20,34,126,xls,,False,True
2025-26/21.06.25_NLDC_PSP_178.xls,ok,2025-06-21,34,126,xls,,False,True
2025-26/22.06.25_NLDC_PSP_996.xls,ok,2025-06-22,34,126,xls,,False,True
2025-26/23.06.25_NLDC_PSP_571.xls,ok,2025-06-23,34,126,xls,,False,True
2025-26/24.06.25_NLDC_PSP_168.xls,ok,2025-06-24,34,126,xls,,False,True
2025-26/25.06.25_NLDC_PSP_171.xls,ok,2025-06-25,34,126,xls,,False,True
2025-26/26.06.25_NLDC_PSP_296.xls,ok,2025-06-26,34,126,xls,,False,True
2025-26/27.06.25_NLDC_PSP_725.xls,ok,2025-06-27,34,126,xls,,False,True
2025-26/28.06.25_NLDC_PSP_792.pdf,ok,2025-06-28,33,126,pdf,,False,False
2025-26/28.06.25_NLDC_PSP_H&E v10_806.xls,ok,2025-06-28,34,126,xls,,False,True
2025-26/29.06.25_NLDC_PSP_418.pdf,ok,2025-06-29,34,114,pdf,,False,False
2025-26/29.06.25_NLDC_PSP_524.xls,ok,2025-06-29,34,126,xls,,False,True
2025-26/01.07.25_NLDC_PSP_602.pdf,ok,2025-07-01,34,114,pdf,,False,False
2025-26/01.07.25_NLDC_PSP_173.xls,ok,2025-07-01,34,126,xls,,False,True
2025-26/02.07.25_NLDC_PSP_483.pdf,ok,2025-07-02,34,114,pdf,,False,False
2025-26/02.07.25_NLDC_PSP_963.xls,ok,2025-07-02,34,126,xls,,False,True
2025-26/03.07.25_NLDC_PSP_881.xls,ok,2025-07-03,34,126,xls,,False,True
2025-26/04.07.25_NLDC_PSP_773.xls,ok,2025-07-04,34,126,xls,,False,True
2025-26/05.07.25_NLDC_PSP_747.xls,ok,2025-07-05,34,126,xls,,False,True
2025-26/06.07.25_NLDC_PSP_982.xls,ok,2025-07-06,34,126,xls,,False,True
2025-26/07.07.25_NLDC_PSP_597.pdf,ok,2025-07-07,34,114,pdf,,False,False
2025-26/07.07.25_NLDC_PSP_446.xls,ok,2025-07-07,34,126,xls,,False,True
2025-26/08.07.25_NLDC_PSP_372.pdf,ok,2025-07-08,34,114,pdf,,False,False
2025-26/08.07.25_NLDC_PSP_504.xls,ok,2025-07-08,34,126,xls,,False,True
2025-26/09.07.25_NLDC_PSP_612.pdf,ok,2025-07-09,34,114,pdf,,False,False
2025-26/09.07.25_NLDC_PSP_767.xls,ok,2025-07-09,34,126,xls,,False,True
2025-26/10.07.25_NLDC_PSP_364.pdf,ok,2025-07-10,34,114,pdf,,False,False
2025-26/10.07.25_NLDC_PSP_167.xls,ok,2025-07-10,34,126,xls,,False,True
2025-26/11.07.25_NLDC_PSP_623.xls,ok,2025-07-11,34,126,xls,,False,True
2025-26/12.07.25_NLDC_PSP_566.xls,ok,2025-07-12,34,126,xls,,False,True
2025-26/13.07.25_NLDC_PSP_204.pdf,ok,2025-07-13,34,114,pdf,,False,False
2025-26/13.07.25_NLDC_PSP_H&E v4_566.xls,ok,2025-07-13,34,126,xls,,False,True
2025-26/14.07.25_NLDC_PSP_269.pdf,ok,2025-07-14,34,114,pdf,,False,False
2025-26/14.07.25_NLDC_PSP_660.xls,ok,2025-07-14,34,126,xls,,False,True
2025-26/15.07.25_NLDC_PSP_883.pdf,ok,2025-07-15,34,114,pdf,,False,False
2025-26/15.07.25_NLDC_PSP_195.xls,ok,2025-07-15,34,126,xls,,False,True
2025-26/16.07.25_NLDC_PSP_556.pdf,ok,2025-07-16,34,114,pdf,,False,False
2025-26/16.07.25_NLDC_PSP_340.xls,ok,2025-07-16,34,126,xls,,False,True
2025-26/17.07.25_NLDC_PSP_669.pdf,ok,2025-07-17,34,114,pdf,,False,False
2025-26/17.07.25_NLDC_PSP_966.xls,ok,2025-07-17,34,126,xls,,False,True
2025-26/18.07.25_NLDC_PSP_181.pdf,ok,2025-07-18,34,114,pdf,,False,False
2025-26/18.07.25_NLDC_PSP_100.xls,ok,2025-07-18,34,126,xls,,False,True
2025-26/19.07.25_NLDC_PSP_274.xls,ok,2025-07-19,34,126,xls,,False,True
2025-26/20.07.25_NLDC_PSP_146.xls,ok,2025-07-20,34,126,xls,,False,True
2025-26/21.07.25_NLDC_PSP_812.xls,ok,2025-07-21,34,126,xls,,False,True
2025-26/22.07.25_NLDC_PSP_822.xls,ok,2025-07-22,34,126,xls,,False,True
2025-26/23.07.25_NLDC_PSP1_804.pdf,ok,2025-07-23,34,126,pdf,,False,False
2025-26/23.07.25_NLDC_PSP_543.xls,ok,2025-07-23,34,126,xls,,False,True
2025-26/24.07.25_NLDC_PSP1_673.pdf,ok,2025-07-24,34,126,pdf,,False,False
2025-26/24.07.25_NLDC_PSP_583.xls,ok,2025-07-24,34,126,xls,,False,True
2025-26/25.07.25_NLDC_PSP_186.pdf,ok,2025-07-25,34,114,pdf,,False,False
2025-26/25.07.25_NLDC_PSP_725.xls,ok,2025-07-25,34,126,xls,,False,True
2025-26/26.07.25_NLDC_PSP_684.pdf,ok,2025-07-26,34,114,pdf,,False,False
2025-26/26.07.25_NLDC_PSP_913.xls,ok,2025-07-26,34,126,xls,,False,True
2025-26/27.07.25_NLDC_PSP_258.xls,ok,2025-07-27,34,126,xls,,False,True
2025-26/28.07.25_NLDC_PSP_296.xls,ok,2025-07-28,34,126,xls,,False,True
2025-26/29.07.25_NLDC_PSP_H&E_372.xls,ok,2025-07-29,34,126,xls,,False,True
2025-26/30.06.25_NLDC_PSP_824.pdf,ok,2025-06-30,34,114,pdf,,False,False
2025-26/30.06.25_NLDC_PSP_148.xls,ok,2025-06-30,34,126,xls,,False,True
2025-26/30.07.25_NLDC_PSP_863.xls,ok,2025-07-30,34,126,xls,,False,True
2025-26/01.08.25_NLDC_PSP_866.pdf,ok,2025-08-01,34,126,pdf,,False,False
2025-26/01.08.25_NLDC_PSP_153.xls,ok,2025-08-01,34,126,xls,,False,True
2025-26/02.08.25_NLDC_PSP_193.pdf,ok,2025-08-02,34,114,pdf,,False,False
2025-26/02.08.25_NLDC_PSP_705.xls,ok,2025-08-02,34,126,xls,,False,True
2025-26/03.08.25_NLDC_PSP_314.pdf,ok,2025-08-03,34,114,pdf,,False,False
2025-26/03.08.25_NLDC_PSP_930.xls,ok,2025-08-03,34,126,xls,,False,True
2025-26/04.08.25_NLDC_PSP_924.pdf,ok,2025-08-04,34,114,pdf,,False,False
2025-26/04.08.25_NLDC_PSP_239.xls,ok,2025-08-04,34,126,xls,,False,True
2025-26/05.08.25_NLDC_PSP_553.pdf,ok,2025-08-05,34,114,pdf,,False,False
2025-26/05.08.25_NLDC_PSP_191.xls,ok,2025-08-05,34,126,xls,,False,True
2025-26/06.08.25_NLDC_PSP_751.xls,ok,2025-08-06,34,126,xls,,False,True
2025-26/07.08.25_NLDC_PSP_H&E v1_304.xls,ok,2025-08-07,34,126,xls,,False,True
2025-26/08.08.25_NLDC_PSP_670.pdf,ok,2025-08-08,34,114,pdf,,False,False
2025-26/08.08.25_NLDC_PSP_164.xls,ok,2025-08-08,34,126,xls,,False,True
2025-26/09.08.25_NLDC_PSP_442.pdf,ok,2025-08-09,34,114,pdf,,False,False
2025-26/09.08.25_NLDC_PSP_104.xls,ok,2025-08-09,34,126,xls,,False,True
2025-26/10.08.25_NLDC_PSP_687.pdf,ok,2025-08-10,34,114,pdf,,False,False
2025-26/10.08.25_NLDC_PSP_190.xls,ok,2025-08-10,34,126,xls,,False,True
2025-26/11.08.25_NLDC_PSP_420.pdf,ok,2025-08-11,34,114,pdf,,False,False
2025-26/11.08.25_NLDC_PSP_371.xls,ok,2025-08-11,34,126,xls,,False,True
2025-26/12.08.25_NLDC_PSP_497.xls,ok,2025-08-12,34,126,xls,,False,True
2025-26/13.08.25_NLDC_PSP_733.xls,ok,2025-08-13,34,126,xls,,False,True
2025-26/14.08.25_NLDC_PSP_248.xls,ok,2025-08-14,34,126,xls,,False,True
2025-26/15.08.25_NLDC_PSP_827.xls,ok,2025-08-15,34,126,xls,,False,True
2025-26/16.08.25_NLDC_PSP_976.pdf,ok,2025-08-16,34,114,pdf,,False,False
2025-26/16.08.25_NLDC_PSP_668.xls,ok,2025-08-16,34,126,xls,,False,True
2025-26/17.08.25_NLDC_PSP_573.pdf,ok,2025-08-17,34,114,pdf,,False,False
2025-26/17.08.25_NLDC_PSP_467.xls,ok,2025-08-17,34,126,xls,,False,True
2025-26/18.08.25_NLDC_PSP_983.pdf,ok,2025-08-18,34,114,pdf,,False,False
2025-26/18.08.25_NLDC_PSP_287.xls,ok,2025-08-18,34,126,xls,,False,True
2025-26/19.08.25_NLDC_PSP_206.pdf,ok,2025-08-19,34,114,pdf,,False,False
2025-26/19.08.25_NLDC_PSP_605.xls,ok,2025-08-19,34,126,xls,,False,True
2025-26/20.08.25_NLDC_PSP_520.xls,ok,2025-08-20,34,126,xls,,False,True
2025-26/21.08.25_NLDC_PSP_H&E_311.xls,ok,2025-08-21,34,126,xls,,False,True
2025-26/22.08.25_NLDC_PSP_225.xls,ok,2025-08-22,34,126,xls,,False,True
2025-26/23.08.25_NLDC_PSP_875.xls,ok,2025-08-23,34,126,xls,,False,True
2025-26/24.08.25_NLDC_PSP_327.pdf,ok,2025-08-24,34,114,pdf,,False,False
2025-26/24.08.25_NLDC_PSP_854.xls,ok,2025-08-24,34,126,xls,,False,True
2025-26/25.08.25_NLDC_PSP_485.pdf,ok,2025-08-25,34,114,pdf,,False,False
2025-26/25.08.25_NLDC_PSP_161.xls,ok,2025-08-25,34,126,xls,,False,True
2025-26/26.08.25_NLDC_PSP_787.xls,ok,2025-08-26,34,126,xls,,False,True
2025-26/27.08.25_NLDC_PSP_602.pdf,ok,2025-08-27,34,114,pdf,,False,False
2025-26/27.08.25_NLDC_PSP_136.xls,ok,2025-08-27,34,126,xls,,False,True
2025-26/28.08.25_NLDC_PSP_435.xls,ok,2025-08-28,34,126,xls,,False,True
2025-26/29.08.25_NLDC_PSP_800.xls,ok,2025-08-29,34,126,xls,,False,True
2025-26/30.08.25_NLDC_PSP_793.xls,ok,2025-08-30,34,126,xls,,False,True
2025-26/31.07.25_NLDC_PSP_626.pdf,ok,2025-07-31,34,114,pdf,,False,False
2025-26/31.07.25_NLDC_PSP_597.xls,ok,2025-07-31,34,126,xls,,False,True
2025-26/31.08.25_NLDC_PSP_550.xls,ok,2025-08-31,34,126,xls,,False,True
2025-26/01.09.25_NLDC_PSP_894.xls,ok,2025-09-01,34,126,xls,,False,True
2025-26/02.09.25_NLDC_PSP_871.pdf,ok,2025-09-02,34,114,pdf,,False,False
2025-26/02.09.25_NLDC_PSP_859.xls,ok,2025-09-02,34,126,xls,,False,True
2025-26/03.09.25_NLDC_PSP_387.pdf,ok,2025-09-03,34,114,pdf,,False,False
2025-26/03.09.25_NLDC_PSP_799.xls,ok,2025-09-03,34,126,xls,,False,True
2025-26/04.09.25_NLDC_PSP_546.pdf,ok,2025-09-04,34,114,pdf,,False,False
2025-26/04.09.25_NLDC_PSP_419.xls,ok,2025-09-04,34,126,xls,,False,True
2025-26/05.09.25_NLDC_PSP_767.xls,ok,2025-09-05,34,126,xls,,False,True
2025-26/06.09.25_NLDC_PSP_907.xls,ok,2025-09-06,34,126,xls,,False,True
2025-26/07.09.25_NLDC_PSP_899.pdf,ok,2025-09-07,34,114,pdf,,False,False
2025-26/07.09.25_NLDC_PSP_945.xls,ok,2025-09-07,34,126,xls,,False,True
2025-26/08.09.25_NLDC_PSP_705.xls,ok,2025-09-08,34,126,xls,,False,True
2025-26/09.09.25_NLDC_PSP_931.XLS,ok,2025-09-09,34,126,xls,,False,True
2025-26/09.09.25_NLDC_PSP_829.pdf,ok,2025-09-09,34,126,pdf,,False,False
2025-26/10.09.25_NLDC_PSP_379.pdf,ok,2025-09-10,34,126,pdf,,False,False
2025-26/10.09.25_NLDC_PSP_424.xls,ok,2025-09-10,34,126,xls,,False,True
2025-26/11.09.25_NLDC_PSP_137.pdf,ok,2025-09-11,34,114,pdf,,False,False
2025-26/11.09.25_NLDC_PSP_382.xls,ok,2025-09-11,34,126,xls,,False,True
2025-26/12.09.25_NLDC_PSP_598.pdf,ok,2025-09-12,34,114,pdf,,False,False
2025-26/12.09.25_NLDC_PSP_581.xls,ok,2025-09-12,34,126,xls,,False,True
2025-26/13.09.25_NLDC_PSP_410.pdf,ok,2025-09-13,34,114,pdf,,False,False
2025-26/13.09.25_NLDC_PSP_208.xls,ok,2025-09-13,34,126,xls,,False,True
2025-26/14.09.25_NLDC_PSP_956.xls,ok,2025-09-14,34,126,xls,,False,True
2025-26/15.09.25_NLDC_PSP_276.xls,ok,2025-09-15,34,126,xls,,False,True
2025-26/16.09.25_NLDC_PSP_715.xls,ok,2025-09-16,34,126,xls,,False,True
2025-26/17.09.25_NLDC_PSP_947.pdf,ok,2025-09-17,34,114,pdf,,False,False
2025-26/17.09.25_NLDC_PSP_884.xls,ok,2025-09-17,34,126,xls,,False,True
2025-26/18.09.25_NLDC_PSP_147.xls,ok,2025-09-18,34,126,xls,,False,True
2025-26/19.09.25_NLDC_PSP_680.pdf,ok,2025-09-19,34,114,pdf,,False,False
2025-26/19.09.25_NLDC_PSP_931.xls,ok,2025-09-19,34,126,xls,,False,True
2025-26/20.09.25_NLDC_PSP_749.pdf,ok,2025-09-20,34,114,pdf,,False,False
2025-26/20.09.25_NLDC_PSP_615.xls,ok,2025-09-20,34,126,xls,,False,True
2025-26/21.09.25_NLDC_PSP_635.xls,ok,2025-09-21,34,126,xls,,False,True
2025-26/22.09.25_NLDC_PSP_495.xls,ok,2025-09-22,34,126,xls,,False,True
2025-26/23.09.25_NLDC_PSP_479.xls,ok,2025-09-23,34,126,xls,,False,True
2025-26/24.09.25_NLDC_PSP_509.xls,ok,2025-09-24,34,126,xls,,False,True
2025-26/25.09.25_NLDC_PSP_326.xls,ok,2025-09-25,34,126,xls,,False,True
2025-26/26.09.25_NLDC_PSP_868.xls,ok,2025-09-26,34,126,xls,,False,True
2025-26/27.09.25_NLDC_PSP_120.pdf,ok,2025-09-27,34,114,pdf,,False,False
2025-26/27.09.25_NLDC_PSP_961.xls,ok,2025-09-27,34,126,xls,,False,True
2025-26/28.09.25_NLDC_PSP_832.pdf,ok,2025-09-28,34,114,pdf,,False,False
2025-26/28.09.25_NLDC_PSP_645.xls,ok,2025-09-28,34,126,xls,,False,True
2025-26/29.09.25_NLDC_PSP_295.xls,ok,2025-09-29,34,126,xls,,False,True
2025-26/30.09.25_NLDC_PSP_675.xls,ok,2025-09-30,34,126,xls,,False,True
2025-26/01.10.25_NLDC_PSP_903.xls,ok,2025-10-01,34,126,xls,,False,True
2025-26/02.10.25_NLDC_PSP_573.xls,ok,2025-10-02,34,126,xls,,False,True
2025-26/03.10.25_NLDC_PSP_103.xls,ok,2025-10-03,34,126,xls,,False,True
2025-26/04.10.25_NLDC_PSP_736.xls,ok,2025-10-04,34,126,xls,,False,True
2025-26/05.10.25_NLDC_PSP_234.pdf,ok,2025-10-05,34,114,pdf,,False,False
2025-26/05.10.25_NLDC_PSP_770.xls,ok,2025-10-05,34,126,xls,,False,True
2025-26/06.10.25_NLDC_PSP_265.pdf,ok,2025-10-06,34,114,pdf,,False,False
2025-26/06.10.25_NLDC_PSP_382.xls,ok,2025-10-06,34,126,xls,,False,True
2025-26/07.10.25_NLDC_PSP_974.xls,ok,2025-10-07,34,126,xls,,False,True
2025-26/08.10.25_NLDC_PSP_974.xls,ok,2025-10-08,34,126,xls,,False,True
2025-26/09.10.25_NLDC_PSP_758.xls,ok,2025-10-09,34,126,xls,,False,True
2025-26/10.10.25_NLDC_PSP_792.xls,ok,2025-10-10,34,126,xls,,False,True
2025-26/11.10.25_NLDC_PSP_623.xls,ok,2025-10-11,34,126,xls,,False,True
2025-26/12.10.25_NLDC_PSP_451.xls,ok,2025-10-12,34,126,xls,,False,True
2025-26/13.10.25_NLDC_PSP_159.xls,ok,2025-10-13,34,126,xls,,False,True
2025-26/14.10.25_NLDC_PSP_130.pdf,ok,2025-10-14,34,114,pdf,,False,False
2025-26/14.10.25_NLDC_PSP_336.xls,ok,2025-10-14,34,126,xls,,False,True
2025-26/15.10.25_NLDC_PSP_667.xls,ok,2025-10-15,34,126,xls,,False,True
2025-26/16.10.25_NLDC_PSP_867.xls,ok,2025-10-16,34,126,xls,,False,True
2025-26/17.10.25_NLDC_PSP_242.xls,ok,2025-10-17,34,126,xls,,False,True
2025-26/18.10.25_NLDC_PSP_233.xls,ok,2025-10-18,34,126,xls,,False,True
2025-26/19.10.25_NLDC_PSP_747.xls,ok,2025-10-19,34,126,xls,,False,True
2025-26/20.10.25_NLDC_PSP_631.xls,ok,2025-10-20,34,126,xls,,False,True
2025-26/21.10.25_NLDC_PSP_476.pdf,ok,2025-10-21,34,114,pdf,,False,False
2025-26/21.10.25_NLDC_PSP_670.xls,ok,2025-10-21,34,126,xls,,False,True
2025-26/22.10.25_NLDC_PSP_729.pdf,ok,2025-10-22,34,114,pdf,,False,False
2025-26/22.10.25_NLDC_PSP_539.xls,ok,2025-10-22,34,126,xls,,False,True
2025-26/23.10.25_NLDC_PSP_862.xls,ok,2025-10-23,34,126,xls,,False,True
2025-26/24.10.25_NLDC_PSP_107.xls,ok,2025-10-24,34,126,xls,,False,True
2025-26/25.10.25_NLDC_PSP_886.pdf,ok,2025-10-25,34,114,pdf,,False,False
2025-26/25.10.25_NLDC_PSP_244.xls,ok,2025-10-25,34,126,xls,,False,True
2025-26/26.10.25_NLDC_PSP_731.pdf,ok,2025-10-26,34,114,pdf,,False,False
2025-26/26.10.25_NLDC_PSP_773.xls,ok,2025-10-26,34,126,xls,,False,True
2025-26/27.10.25_NLDC_PSP_410.xls,ok,2025-10-27,34,126,xls,,False,True
2025-26/28.10.25_NLDC_PSP_725.xls,ok,2025-10-28,34,126,xls,,False,True
2025-26/29.10.25_NLDC_PSP_937.xls,ok,2025-10-29,34,126,xls,,False,True
2025-26/30.10.25_NLDC_PSP_492.xls,ok,2025-10-30,34,126,xls,,False,True
2025-26/01.11.25_NLDC_PSP_338.xls,ok,2025-11-01,34,126,xls,,False,True
2025-26/02.11.25_NLDC_PSP_722.xls,ok,2025-11-02,34,126,xls,,False,True
2025-26/03.11.25_NLDC_PSP_609.xls,ok,2025-11-03,34,126,xls,,False,True
2025-26/04.11.25_NLDC_PSP_714.xls,ok,2025-11-04,34,126,xls,,False,True
2025-26/05.11.25_NLDC_PSP_337.xls,ok,2025-11-05,34,126,xls,,False,True
2025-26/06.11.25_NLDC_PSP_498.xls,ok,2025-11-06,34,126,xls,,False,True
2025-26/06.11.25_NLDC_PSP_200.pdf,ok,2025-11-06,34,126,pdf,,False,False
2025-26/07.11.25_NLDC_PSP_915.pdf,ok,2025-11-07,34,114,pdf,,False,False
2025-26/07.11.25_NLDC_PSP_938.xls,ok,2025-11-07,34,126,xls,,False,True
2025-26/08.11.25_NLDC_PSP_694.xls,ok,2025-11-08,34,126,xls,,False,True
2025-26/09.11.25_NLDC_PSP_684.xls,ok,2025-11-09,34,126,xls,,False,True
2025-26/10.11.25_NLDC_PSP_336.pdf,ok,2025-11-10,34,114,pdf,,False,True
2025-26/11.11.25_NLDC_PSP_680.xls,ok,2025-11-11,34,126,xls,,False,True
2025-26/12.11.25_NLDC_PSP_491.xls,ok,2025-11-12,34,126,xls,,False,True
2025-26/13.11.25_NLDC_PSP_474.xls,ok,2025-11-13,34,126,xls,,False,True
2025-26/14.11.25_NLDC_PSP_736.pdf,ok,2025-11-14,34,114,pdf,,False,False
2025-26/14.11.25_NLDC_PSP_658.xls,ok,2025-11-14,34,126,xls,,False,True
2025-26/15.11.25_NLDC_PSP_593.pdf,ok,2025-11-15,34,114,pdf,,False,False
2025-26/15.11.25_NLDC_PSP_612.xls,ok,2025-11-15,34,126,xls,,False,True
2025-26/16.11.25_NLDC_PSP_830.xls,ok,2025-11-16,34,126,xls,,False,True
2025-26/17.11.25_NLDC_PSP_217.xls,ok,2025-11-17,34,126,xls,,False,True
2025-26/18.11.25_NLDC_PSP_285.xls,ok,2025-11-18,34,126,xls,,False,True
2025-26/19.11.25_NLDC_PSP_365.xls,ok,2025-11-19,34,126,xls,,False,True
2025-26/20.11.25_NLDC_PSP_467.xls,ok,2025-11-20,34,126,xls,,False,True
2025-26/21.11.25_NLDC_PSP_851.xls,ok,2025-11-21,34,126,xls,,False,True
2025-26/22.11.25_NLDC_PSP_509.pdf,ok,2025-11-22,34,114,pdf,,False,False
2025-26/22.11.25_NLDC_PSP_687.xls,ok,2025-11-22,34,126,xls,,False,True
2025-26/23.11.25_NLDC_PSP_136.xls,ok,2025-11-23,34,126,xls,,False,True
2025-26/24.11.25_NLDC_PSP_321.xls,ok,2025-11-24,34,126,xls,,False,True
2025-26/25.11.25_NLDC_PSP_677.xls,ok,2025-11-25,34,126,xls,,False,True
2025-26/26.11.25_NLDC_PSP_998.xls,ok,2025-11-26,34,126,xls,,False,True
2025-26/27.11.25_NLDC_PSP_490.xls,ok,2025-11-27,34,126,xls,,False,True
2025-26/28.11.25_NLDC_PSP_501.xls,ok,2025-11-28,34,126,xls,,False,True
2025-26/29.11.25_NLDC_PSP_833.xls,ok,2025-11-29,34,126,xls,,False,True
2025-26/31.10.25_NLDC_PSP_389.xls,ok,2025-10-31,34,126,xls,,False,True
2025-26/01.12.25_NLDC_PSP_869.xls,ok,2025-12-01,34,126,xls,,False,True
2025-26/02.12.25_NLDC_PSP_125.xls,ok,2025-12-02,34,126,xls,,False,True
2025-26/03.12.25_NLDC_PSP_612.xls,ok,2025-12-03,34,126,xls,,False,True
2025-26/04.12.25_NLDC_PSP_740.xls,ok,2025-12-04,34,126,xls,,False,True
2025-26/05.12.25_NLDC_PSP_163.xls,ok,2025-12-05,34,126,xls,,False,True
2025-26/06.12.25_NLDC_PSP_950.xls,ok,2025-12-06,34,126,xls,,False,True
2025-26/07.12.25_NLDC_PSP_569.xls,ok,2025-12-07,34,126,xls,,False,True
2025-26/08.12.25_NLDC_PSP_988.xls,ok,2025-12-08,34,126,xls,,False,True
2025-26/08.12.25_NLDC_PSP_506.pdf,ok,2025-12-08,34,114,pdf,,False,False
2025-26/09.12.25_NLDC_PSP_250.pdf,ok,2025-12-09,34,114,pdf,,False,False
2025-26/09.12.25_NLDC_PSP_332.xls,ok,2025-12-09,34,126,xls,,False,True
2025-26/10.12.25_NLDC_PSP_142.xls,ok,2025-12-10,34,126,xls,,False,True
2025-26/11.12.25_NLDC_PSP_699.xls,ok,2025-12-11,34,126,xls,,False,True
2025-26/12.12.25_NLDC_PSP_887.xls,ok,2025-12-12,34,126,xls,,False,True
2025-26/13.12.25_NLDC_PSP_796.xls,ok,2025-12-13,34,126,xls,,False,True
2025-26/14.12.25_NLDC_PSP_375.xls,ok,2025-12-14,34,126,xls,,False,True
2025-26/15.12.25_NLDC_PSP_593.xls,ok,2025-12-15,34,126,xls,,False,True
2025-26/16.12.25_NLDC_PSP_805.xls,ok,2025-12-16,34,126,xls,,False,True
2025-26/17.12.25_NLDC_PSP_258.xls,ok,2025-12-17,34,126,xls,,False,True
2025-26/18.12.25_NLDC_PSP_386.xls,ok,2025-12-18,34,126,xls,,False,True
2025-26/19.12.25_NLDC_PSP_625.xls,ok,2025-12-19,34,126,xls,,False,True
2025-26/20.12.25_NLDC_PSP_858.xls,ok,2025-12-20,34,126,xls,,False,True
2025-26/21.12.25_NLDC_PSP_284.xls,ok,2025-12-21,34,126,xls,,False,True
2025-26/22.12.25_NLDC_PSP_117.xls,ok,2025-12-22,34,126,xls,,False,True
2025-26/23.12.25_NLDC_PSP_326.xls,ok,2025-12-23,34,126,xls,,False,True
2025-26/24.12.25_NLDC_PSP_640.xls,ok,2025-12-24,34,126,xls,,False,True
2025-26/25.12.25_NLDC_PSP_696.xls,ok,2025-12-25,34,126,xls,,False,True
2025-26/26.12.25_NLDC_PSP_978.xls,ok,2025-12-26,34,126,xls,,False,True
2025-26/27.12.25_NLDC_PSP_723.xls,ok,2025-12-27,34,126,xls,,False,True
2025-26/28.12.25_NLDC_PSP_405.xls,ok,2025-12-28,34,126,xls,,False,True
2025-26/29.12.25_NLDC_PSP_952.pdf,ok,2025-12-29,34,114,pdf,,False,False
2025-26/29.12.25_NLDC_PSP_289.xls,ok,2025-12-29,34,126,xls,,False,True
2025-26/30.11.25_NLDC_PSP_634.xls,ok,2025-11-30,34,126,xls,,False,True
2025-26/30.12.25_NLDC_PSP_143.xls,ok,2025-12-30,34,126,xls,,False,True
2025-26/31.12.25_NLDC_PSP_998.xls,ok,2025-12-31,34,126,xls,,False,True
2025-26/01.01.26_NLDC_PSP_881.xls,ok,2026-01-01,34,126,xls,,False,True
2025-26/02.01.26_NLDC_PSP_128.xls,ok,2026-01-02,34,126,xls,,False,True
2025-26/03.01.26_NLDC_PSP_386.xls,ok,2026-01-03,34,126,xls,,False,True
2025-26/04.01.26_NLDC_PSP_605.xls,ok,2026-01-04,34,126,xls,,False,True
2025-26/04.02.26_NLDC_PSP_727.xls,ok,2026-02-04,34,126,xls,,False,True
2025-26/05.01.26_NLDC_PSP_928.xls,ok,2026-01-05,34,126,xls,,False,True
2025-26/05.02.26_NLDC_PSP_904.xls,ok,2026-02-05,34,126,xls,,False,True
2025-26/06.01.26_NLDC_PSP_749.xls,ok,2026-01-06,34,126,xls,,False,True
2025-26/07.01.26_NLDC_PSP_236.xls,ok,2026-01-07,34,126,xls,,False,True
2025-26/08.01.26_NLDC_PSP_756.xls,ok,2026-01-08,34,126,xls,,False,True
2025-26/09.01.26_NLDC_PSP_825.xls,ok,2026-01-09,34,126,xls,,False,True
2025-26/10.01.26_NLDC_PSP_659.xls,ok,2026-01-10,34,126,xls,,False,True
2025-26/11.01.26_NLDC_PSP_443.xls,ok,2026-01-11,34,126,xls,,False,True
2025-26/12.01.26_NLDC_PSP_832.pdf,ok,2026-01-12,34,114,pdf,,False,False
2025-26/12.01.26_NLDC_PSP_216.xls,ok,2026-01-12,34,126,xls,,False,True
2025-26/13.01.26_NLDC_PSP_558.xls,ok,2026-01-13,34,126,xls,,False,True
2025-26/14.01.26_NLDC_PSP_788.xls,ok,2026-01-14,34,126,xls,,False,True
2025-26/15.01.26_NLDC_PSP_270.xls,ok,2026-01-15,34,126,xls,,False,True
2025-26/16.01.26_NLDC_PSP_440.xls,ok,2026-01-16,34,126,xls,,False,True
2025-26/17.01.26_NLDC_PSP_694.xls,ok,2026-01-17,34,126,xls,,False,True
2025-26/18.01.26_NLDC_PSP_983.xls,ok,2026-01-18,34,126,xls,,False,True
2025-26/19.01.26_NLDC_PSP_709.xls,ok,2026-01-19,34,126,xls,,False,True
2025-26/20.01.26_NLDC_PSP_328.xls,ok,2026-01-20,34,126,xls,,False,True
2025-26/21.01.26_NLDC_PSP_173.xls,ok,2026-01-21,34,126,xls,,False,True
2025-26/22.01.26_NLDC_PSP_641.xls,ok,2026-01-22,34,126,xls,,False,True
2025-26/23.01.26_NLDC_PSP_939.xls,ok,2026-01-23,34,126,xls,,False,True
2025-26/24.01.26_NLDC_PSP_129.xls,ok,2026-01-24,34,126,xls,,False,True
2025-26/25.01.26_NLDC_PSP_692.xls,ok,2026-01-25,34,126,xls,,False,True
2025-26/26.01.26_NLDC_PSP_492.xls,ok,2026-01-26,34,126,xls,,False,True
2025-26/27.01.26_NLDC_PSP_813.xls,ok,2026-01-27,34,126,xls,,False,True
2025-26/28.01.26_NLDC_PSP_468.xls,ok,2026-01-28,34,126,xls,,False,True
2025-26/29.01.26_NLDC_PSP_368.xls,ok,2026-01-29,34,126,xls,,False,True
2025-26/30.01.26_NLDC_PSP_458.xls,ok,2026-01-30,34,126,xls,,False,True
2025-26/31.01.26_NLDC_PSP_154.xls,ok,2026-01-31,34,126,xls,,False,True
2025-26/01.02.26_NLDC_PSP_336.xls,ok,2026-02-01,34,126,xls,,False,True
2025-26/02.02.26_NLDC_PSP_554.xls,ok,2026-02-02,34,126,xls,,False,True
2025-26/03.02.26_NLDC_PSP_865.xls,ok,2026-02-03,34,126,xls,,False,True
2025-26/06.02.26_NLDC_PSP_494.xls,ok,2026-02-06,34,126,xls,,False,True
2025-26/07.02.26_NLDC_PSP_301.xls,ok,2026-02-07,34,126,xls,,False,True
2025-26/08.02.26_NLDC_PSP_228.xls,ok,2026-02-08,34,126,xls,,False,True
2025-26/09.02.26_NLDC_PSP_196.xls,ok,2026-02-09,34,126,xls,,False,True
2025-26/10.02.26_NLDC_PSP_397.xls,ok,2026-02-10,34,126,xls,,False,True
2025-26/11.02.26_NLDC_PSP_193.xls,ok,2026-02-11,34,126,xls,,False,True
2025-26/12.02.26_NLDC_PSP_792.xls,ok,2026-02-12,34,126,xls,,False,True
2025-26/13.02.26_NLDC_PSP_947.xls,ok,2026-02-13,34,126,xls,,False,True
2025-26/14.02.26_NLDC_PSP_360.xls,ok,2026-02-14,34,126,xls,,False,True
2025-26/15.02.26_NLDC_PSP_521.xls,ok,2026-02-15,34,126,xls,,False,True
2025-26/16.02.26_NLDC_PSP_315.xls,ok,2026-02-16,34,126,xls,,False,True
2025-26/17.02.26_NLDC_PSP_654.xls,ok,2026-02-17,34,126,xls,,False,True
2025-26/18.02.26_NLDC_PSP_482.xls,ok,2026-02-18,34,126,xls,,False,True
2025-26/19.02.26_NLDC_PSP_842.xls,ok,2026-02-19,34,126,xls,,False,True
2025-26/20.02.26_NLDC_PSP_196.xls,ok,2026-02-20,34,126,xls,,False,True
2025-26/21.02.26_NLDC_PSP_672.xls,ok,2026-02-21,34,126,xls,,False,True
2025-26/22.02.26_NLDC_PSP_574.xls,ok,2026-02-22,34,126,xls,,False,True
2025-26/23.02.26_NLDC_PSP_160.xls,ok,2026-02-23,34,126,xls,,False,True
2025-26/24.02.26_NLDC_PSP_573.xls,ok,2026-02-24,34,126,xls,,False,False
2025-26/25.02.26_NLDC_PSP_305.xls,ok,2026-02-25,34,126,xls,,False,True
2025-26/26.02.26_NLDC_PSP_388.xls,ok,2026-02-26,34,126,xls,,False,True
2025-26/26.02.26_NLDC_PSP_638.pdf,few_states:0,2026-02-26,0,114,pdf,,False,False
2025-26/27.02.26_NLDC_PSP_352.xls,ok,2026-02-27,34,126,xls,,False,True
2025-26/28.02.26_NLDC_PSP_211.xls,ok,2026-02-28,34,126,xls,,False,True
2025-26/01.03.26_NLDC_PSP_140.xls,ok,2026-03-01,34,126,xls,,False,True
2025-26/02.03.26_NLDC_PSP_957.xls,ok,2026-03-02,34,126,xls,,False,True
2025-26/03.03.26_NLDC_PSP_122.xls,ok,2026-03-03,34,126,xls,,False,True
2025-26/04.03.26_NLDC_PSP_183.xls,ok,2026-03-04,34,126,xls,,False,True
2025-26/05.03.26_NLDC_PSP_800.xls,ok,2026-03-05,34,126,xls,,False,True
2025-26/06.03.26_NLDC_PSP_121.xls,ok,2026-03-06,34,126,xls,,False,True
2025-26/07.03.26_NLDC_PSP_146.xls,ok,2026-03-07,34,126,xls,,False,True
2025-26/08.03.26_NLDC_PSP_246.xls,ok,2026-03-08,34,126,xls,,False,True
2025-26/09.03.26_NLDC_PSP_700.xls,ok,2026-03-09,34,126,xls,,False,True
2025-26/10.03.26_NLDC_PSP_927.xls,ok,2026-03-10,34,126,xls,,False,True
2025-26/11.03.26_NLDC_PSP_176.xls,ok,2026-03-11,34,126,xls,,False,True
2025-26/12.03.26_NLDC_PSP_568.xls,ok,2026-03-12,34,126,xls,,False,True
2025-26/13.03.26_NLDC_PSP_791.xls,ok,2026-03-13,34,126,xls,,False,True
2025-26/14.03.26_NLDC_PSP_734.xls,ok,2026-03-14,34,126,xls,,False,True
2025-26/15.03.26_NLDC_PSP_511.pdf,few_states:0,2026-03-15,0,126,pdf,,False,False
2025-26/15.03.26_NLDC_PSP_472.xls,ok,2026-03-15,34,126,xls,,False,True
2025-26/16.03.26_NLDC_PSP_254.xls,ok,2026-03-16,34,126,xls,,False,True
2025-26/17.03.26_NLDC_PSP_234.xls,ok,2026-03-17,34,126,xls,,False,True
2025-26/18.03.26_NLDC_PSP_632.xls,ok,2026-03-18,34,126,xls,,False,True
2025-26/19.03.26_NLDC_PSP_828.xls,ok,2026-03-19,34,126,xls,,False,True
2025-26/20.03.26_NLDC_PSP_278.xls,ok,2026-03-20,34,126,xls,,False,True
2025-26/21.03.26_NLDC_PSP_914.xls,ok,2026-03-21,34,126,xls,,False,True
2025-26/22.03.26_NLDC_PSP_626.xls,ok,2026-03-22,34,126,xls,,False,True
2025-26/23.03.26_NLDC_PSP_993.xls,ok,2026-03-23,34,126,xls,,False,True
2025-26/24.03.26_NLDC_PSP_204.xls,ok,2026-03-24,34,126,xls,,False,True
2025-26/25.03.26_NLDC_PSP_614.xls,ok,2026-03-25,34,126,xls,,False,True
2025-26/26.03.26_NLDC_PSP_291.pdf,few_states:0,2026-03-26,0,114,pdf,,False,False
2025-26/26.03.26_NLDC_PSP_867.xls,ok,2026-03-26,34,126,xls,,False,True
2025-26/27.03.26_NLDC_PSP_370.pdf,ok,2026-03-27,34,114,pdf,,False,False
2025-26/27.03.26_NLDC_PSP_H&E v3_507.xls,ok,2026-03-27,34,126,xls,,False,True
2025-26/28.03.26_NLDC_PSP_545.xls,ok,2026-03-28,34,126,xls,,False,True
2025-26/28.03.26_NLDC_PSP_880.pdf,few_states:0,2026-03-28,0,114,pdf,,False,False
2025-26/29.03.26_NLDC_PSP_428.xls,ok,2026-03-29,34,126,xls,,False,True
2025-26/30.03.26_NLDC_PSP_356.pdf,few_states:0,2026-03-30,0,114,pdf,,False,False
2025-26/30.03.26_NLDC_PSP_502.xls,ok,2026-03-30,34,126,xls,,False,True
2025-26/31.03.26_NLDC_PSP_819.xls,ok,2026-03-31,34,126,xls,,False,True
2026-27/01.04.26_NLDC_PSP_726.xls,ok,2026-04-01,34,126,xls,,False,True
2026-27/02.04.26_NLDC_PSP_314.xls,ok,2026-04-02,34,126,xls,,False,True
2026-27/03.04.26_NLDC_PSP_243.xls,ok,2026-04-03,34,126,xls,,False,True
2026-27/04.04.26_NLDC_PSP_152.xls,ok,2026-04-04,34,126,xls,,False,True
2026-27/05.04.26_NLDC_PSP_783.xls,ok,2026-04-05,34,126,xls,,False,True
2026-27/06.04.26_NLDC_PSP_582.xls,ok,2026-04-06,34,126,xls,,False,True
2026-27/07.04.26_NLDC_PSP_882.pdf,few_states:0,2026-04-07,0,114,pdf,,False,False
2026-27/07.04.26_NLDC_PSP_950.xls,ok,2026-04-07,34,126,xls,,False,True
2026-27/08.04.26_NLDC_PSP_266.pdf,few_states:0,2026-04-08,0,114,pdf,,False,False
2026-27/08.04.26_NLDC_PSP_456.xls,ok,2026-04-08,34,126,xls,,False,True
2026-27/09.04.26_NLDC_PSP_295.xls,ok,2026-04-09,34,126,xls,,False,True
2026-27/10.04.26_NLDC_PSP_200.xls,ok,2026-04-10,34,126,xls,,False,True
2026-27/11.04.26_NLDC_PSP_464.xls,ok,2026-04-11,34,126,xls,,False,True
2026-27/12.04.26_NLDC_PSP_484.xls,ok,2026-04-12,34,126,xls,,False,True
2026-27/13.04.26_NLDC_PSP_980.pdf,few_states:0,2026-04-13,0,114,pdf,,False,False
2026-27/13.04.26_NLDC_PSP_477.xls,ok,2026-04-13,34,126,xls,,False,True
2026-27/14.04.26_NLDC_PSP_684.pdf,few_states:0,2026-04-14,0,114,pdf,,False,False
2026-27/14.04.26_NLDC_PSP_379.xls,ok,2026-04-14,34,126,xls,,False,True
2026-27/15.04.26_NLDC_PSP_843.pdf,few_states:0,2026-04-15,0,114,pdf,,False,False
2026-27/15.04.26_NLDC_PSP_107.xls,ok,2026-04-15,34,126,xls,,False,True
2026-27/16.04.26_NLDC_PSP_408.pdf,few_states:0,2026-04-16,0,114,pdf,,False,False
2026-27/16.04.26_NLDC_PSP_238.xls,ok,2026-04-16,34,126,xls,,False,True
2026-27/17.04.26_NLDC_PSP_246.xls,ok,2026-04-17,34,126,xls,,False,True
2026-27/18.04.26_NLDC_PSP_544.xls,ok,2026-04-18,34,126,xls,,False,True
2026-27/19.04.26_NLDC_PSP_574.xls,ok,2026-04-19,34,126,xls,,False,True
2026-27/20.04.26_NLDC_PSP_912.xls,ok,2026-04-20,34,126,xls,,False,True
2026-27/21.04.26_NLDC_PSP_762.xls,ok,2026-04-21,34,126,xls,,False,True
2026-27/22.04.26_NLDC_PSP_929.xls,ok,2026-04-22,34,126,xls,,False,True
2026-27/23.04.26_NLDC_PSP_748.xls,ok,2026-04-23,34,126,xls,,False,True
2026-27/24.04.26_NLDC_PSP_524.xls,ok,2026-04-24,34,126,xls,,False,True
2026-27/25.04.26_NLDC_PSP_859.xls,ok,2026-04-25,34,126,xls,,False,True
2026-27/26.04.26_NLDC_PSP_624.xls,ok,2026-04-26,34,126,xls,,False,True
2026-27/27.04.26_NLDC_PSP_347.xls,ok,2026-04-27,34,126,xls,,False,True
2026-27/28.04.26_NLDC_PSP_119.xls,ok,2026-04-28,34,126,xls,,False,True
2026-27/29.04.26_NLDC_PSP_218.xls,ok,2026-04-29,34,126,xls,,False,True
2026-27/30.04.26_NLDC_PSP_368.xls,ok,2026-04-30,34,126,xls,,False,True
2026-27/01.05.26_NLDC_PSP_243.xls,ok,2026-05-01,34,126,xls,,False,True
2026-27/02.05.26_NLDC_PSP_251.xls,ok,2026-05-02,34,126,xls,,False,True
2026-27/03.05.26_NLDC_PSP_421.xls,ok,2026-05-03,34,126,xls,,False,True
2026-27/04.05.26_NLDC_PSP_581.xls,ok,2026-05-04,34,126,xls,,False,True
2026-27/05.05.26_NLDC_PSP_898.xls,ok,2026-05-05,34,126,xls,,False,True
2026-27/06.05.26_NLDC_PSP_950.xls,ok,2026-05-06,34,126,xls,,False,True
2026-27/07.05.26_NLDC_PSP_829.xls,ok,2026-05-07,34,126,xls,,False,True
2026-27/08.05.26_NLDC_PSP_147.xls,ok,2026-05-08,34,126,xls,,False,True
2026-27/09.05.26_NLDC_PSP_287.xls,ok,2026-05-09,34,126,xls,,False,True
2026-27/10.05.26_NLDC_PSP_692.pdf,few_states:0,2026-05-10,0,114,pdf,,False,False
2026-27/10.05.26_NLDC_PSP_572.xls,ok,2026-05-10,34,126,xls,,False,True
2026-27/11.05.26_NLDC_PSP_615.xls,ok,2026-05-11,34,126,xls,,False,True
2026-27/12.05.26_NLDC_PSP_351.xls,ok,2026-05-12,34,126,xls,,False,True
2026-27/13.05.26_NLDC_PSP_376.xls,ok,2026-05-13,34,126,xls,,False,True
2026-27/14.05.26_NLDC_PSP_325.xls,ok,2026-05-14,34,126,xls,,False,True
2026-27/15.05.26_NLDC_PSP_899.xls,ok,2026-05-15,34,126,xls,,False,True
2026-27/16.05.26_NLDC_PSP_927.xls,ok,2026-05-16,34,126,xls,,False,True
2026-27/17.05.26_NLDC_PSP_627.xls,ok,2026-05-17,34,126,xls,,False,True
2026-27/18.05.26_NLDC_PSP_757.xls,ok,2026-05-18,34,126,xls,,False,True
2026-27/19.05.26_NLDC_PSP_979.xls,ok,2026-05-19,34,126,xls,,False,True
2026-27/20.05.26_NLDC_PSP_110.xls,ok,2026-05-20,34,126,xls,,False,True
2026-27/21.05.26_NLDC_PSP_717.xls,ok,2026-05-21,34,126,xls,,False,True
2026-27/22.05.26_NLDC_PSP_686.xls,ok,2026-05-22,34,126,xls,,False,True
2026-27/23.05.26_NLDC_PSP_282.xls,ok,2026-05-23,34,126,xls,,False,True
2026-27/24.05.26_NLDC_PSP_163.xls,ok,2026-05-24,34,126,xls,,False,True
2026-27/25.05.26_NLDC_PSP_406.xls,ok,2026-05-25,34,126,xls,,False,True
2026-27/26.05.26_NLDC_PSP_536.xls,ok,2026-05-26,34,126,xls,,False,True
2026-27/27.05.26_NLDC_PSP_314.xls,ok,2026-05-27,34,126,xls,,False,True
2026-27/28.05.26_NLDC_PSP_635.xls,ok,2026-05-28,34,126,xls,,False,True
2026-27/29.05.26_NLDC_PSP_941.xls,ok,2026-05-29,34,126,xls,,False,True
2026-27/30.05.26_NLDC_PSP_176.xls,ok,2026-05-30,34,126,xls,,False,True
2026-27/31.05.26_NLDC_PSP_240.xls,ok,2026-05-31,34,126,xls,,False,True
2026-27/01.06.26_NLDC_PSP_672.xls,ok,2026-06-01,34,126,xls,,False,True
2026-27/02.06.26_NLDC_PSP_169.xls,ok,2026-06-02,34,126,xls,,False,True
2026-27/03.06.26_NLDC_PSP_173.xls,ok,2026-06-03,34,126,xls,,False,True
2026-27/04.06.26_NLDC_PSP_330.xls,ok,2026-06-04,34,126,xls,,False,True
2026-27/05.06.26_NLDC_PSP_700.xls,ok,2026-06-05,34,126,xls,,False,True
2026-27/06.06.26_NLDC_PSP_996.xls,ok,2026-06-06,34,126,xls,,False,True
2026-27/07.06.26_NLDC_PSP_969.xls,ok,2026-06-07,34,126,xls,,False,True
2026-27/08.06.26_NLDC_PSP_354.xls,ok,2026-06-08,34,126,xls,,False,True
2026-27/09.06.26_NLDC_PSP_128.xls,ok,2026-06-09,34,126,xls,,False,True
2026-27/10.06.26_NLDC_PSP_679.xls,ok,2026-06-10,34,126,xls,,False,True
2026-27/11.06.26_NLDC_PSP_189.xls,ok,2026-06-11,34,126,xls,,False,True
2026-27/12.06.26_NLDC_PSP_301.xls,ok,2026-06-12,34,126,xls,,False,True
2026-27/13.06.26_NLDC_PSP_911.xls,ok,2026-06-13,34,126,xls,,False,True
2026-27/14.06.26_NLDC_PSP_525.xls,ok,2026-06-14,34,126,xls,,False,True
2026-27/15.06.26_NLDC_PSP_483.xls,ok,2026-06-15,34,126,xls,,False,True
2026-27/16.06.26_NLDC_PSP_523.xls,ok,2026-06-16,34,126,xls,,False,True
2026-27/17.06.26_NLDC_PSP_832.xls,ok,2026-06-17,34,126,xls,,False,True
2026-27/18.06.26_NLDC_PSP_683.xls,ok,2026-06-18,34,126,xls,,False,True
2026-27/19.06.26_NLDC_PSP_769.xls,ok,2026-06-19,34,126,xls,,False,True
2026-27/20.06.26_NLDC_PSP_534.xls,ok,2026-06-20,34,126,xls,,False,True
2026-27/21.06.26_NLDC_PSP_993.xls,ok,2026-06-21,34,126,xls,,False,True
2026-27/22.06.26_NLDC_PSP_655.xls,ok,2026-06-22,34,126,xls,,False,True
2026-27/23.06.26_NLDC_PSP_158.xls,ok,2026-06-23,34,126,xls,,False,True
2026-27/24.06.26_NLDC_PSP_243.xls,ok,2026-06-24,34,126,xls,,False,True
2026-27/25.06.26_NLDC_PSP_644.xls,ok,2026-06-25,34,126,xls,,False,True
2026-27/26.06.26_NLDC_PSP_651.xls,ok,2026-06-26,34,126,xls,,False,True
2026-27/27.06.26_NLDC_PSP_652.xls,ok,2026-06-27,34,126,xls,,False,True
2026-27/28.06.26_NLDC_PSP_944.xls,ok,2026-06-28,34,126,xls,,False,True
2026-27/29.06.26_NLDC_PSP_560.xls,ok,2026-06-29,34,126,xls,,False,True
2026-27/01.07.26_NLDC_PSP_549.xls,ok,2026-07-01,34,126,xls,,False,True
2026-27/02.07.26_NLDC_PSP_326.xls,ok,2026-07-02,34,126,xls,,False,True
2026-27/03.07.26_NLDC_PSP_730.xls,ok,2026-07-03,34,126,xls,,False,True
2026-27/04.07.26_NLDC_PSP_907.xls,ok,2026-07-04,34,126,xls,,False,True
2026-27/05.07.26_NLDC_PSP_247.xls,ok,2026-07-05,34,126,xls,,False,True
2026-27/06.07.26_NLDC_PSP_549.xls,ok,2026-07-06,34,126,xls,,False,True
2026-27/07.07.26_NLDC_PSP_433.xls,ok,2026-07-07,34,126,xls,,False,True
2026-27/08.07.26_NLDC_PSP_H&E v1_222.xls,ok,2026-07-08,34,126,xls,,False,True
2026-27/09.07.26_NLDC_PSP_746.xls,ok,2026-07-09,34,126,xls,,False,True
2026-27/10.07.26_NLDC_PSP_903.xls,ok,2026-07-10,34,126,xls,,False,True
2026-27/11.07.26_NLDC_PSP_854.xls,ok,2026-07-11,34,126,xls,,False,True
2026-27/12.07.26_NLDC_PSP_941.xls,ok,2026-07-12,34,126,xls,,False,True
2026-27/13.07.26_NLDC_PSP_532.xls,ok,2026-07-13,34,126,xls,,False,True
2026-27/14.07.26_NLDC_PSP_368.xls,ok,2026-07-14,34,126,xls,,False,True
2026-27/15.07.26_NLDC_PSP_564.xls,ok,2026-07-15,34,126,xls,,False,True
2026-27/16.07.26_NLDC_PSP_106.xls,ok,2026-07-16,34,126,xls,,False,True
2026-27/17.07.26_NLDC_PSP_996.xls,ok,2026-07-17,34,126,xls,,False,True
2026-27/18.07.26_NLDC_PSP_642.xls,ok,2026-07-18,34,126,xls,,False,True
2026-27/19.07.26_NLDC_PSP_632.xls,ok,2026-07-19,34,126,xls,,False,True
2026-27/20.07.26_NLDC_PSP_128.xls,ok,2026-07-20,34,126,xls,,False,True
2026-27/21.07.26_NLDC_PSP_413.xls,ok,2026-07-21,34,126,xls,,False,True
2026-27/22.07.26_NLDC_PSP_874.xls,ok,2026-07-22,34,126,xls,,False,True
2026-27/23.07.26_NLDC_PSP_675.xls,ok,2026-07-23,34,126,xls,,False,True
2026-27/24.07.26_NLDC_PSP_439.xls,ok,2026-07-24,34,126,xls,,False,True
2026-27/25.07.26_NLDC_PSP_705.xls,ok,2026-07-25,34,126,xls,,False,True
2026-27/26.07.26_NLDC_PSP_392.xls,ok,2026-07-26,34,126,xls,,False,True
2026-27/27.07.26_NLDC_PSP_702.xls,ok,2026-07-27,34,126,xls,,False,True
2026-27/28.07.26_NLDC_PSP_413.xls,ok,2026-07-28,34,126,xls,,False,True
2026-27/29.07.26_NLDC_PSP_639.xls,ok,2026-07-29,34,126,xls,,False,True
2026-27/30.06.26_NLDC_PSP_477.xls,ok,2026-06-30,34,126,xls,,False,True
2026-27/30.07.26_NLDC_PSP_696.xls,ok,2026-07-30,34,126,xls,,False,True
2026-27/01.08.26_NLDC_PSP_136.xls,ok,2026-08-01,34,126,xls,,False,True
2026-27/02.08.26_NLDC_PSP_901.xls,ok,2026-08-02,34,126,xls,,False,True
2026-27/03.08.26_NLDC_PSP_867.xls,ok,2026-08-03,34,126,xls,,False,True
2026-27/04.08.26_NLDC_PSP_269.xls,ok,2026-08-04,34,126,xls,,False,True
2026-27/05.08.26_NLDC_PSP_169.xls,ok,2026-08-05,34,120,xls,,False,True
2026-27/06.08.26_NLDC_PSP_783.xls,ok,2026-08-06,34,120,xls,,False,True
2026-27/07.08.26_NLDC_PSP_473.xls,ok,2026-08-07,34,120,xls,,False,True
2026-27/08.08.26_NLDC_PSP_537.xls,ok,2026-08-08,34,120,xls,,False,True
2026-27/09.08.26_NLDC_PSP_357.xls,ok,2026-08-09,34,120,xls,,False,True
2026-27/10.08.26_NLDC_PSP_521.xls,ok,2026-08-10,34,120,xls,,False,True
2026-27/11.08.26_NLDC_PSP_650.xls,ok,2026-08-11,34,120,xls,,False,True
2026-27/12.08.26_NLDC_PSP_374.xls,ok,2026-08-12,34,126,xls,,False,True
2026-27/13.08.26_NLDC_PSP_569.xls,ok,2026-08-13,34,126,xls,,False,True
2026-27/14.08.26_NLDC_PSP_120.xls,ok,2026-08-14,34,126,xls,,False,True
2026-27/15.08.26_NLDC_PSP_626.xls,ok,2026-08-15,34,126,xls,,False,True
2026-27/16.08.26_NLDC_PSP_513.xls,ok,2026-08-16,34,126,xls,,False,True
2026-27/17.08.26_NLDC_PSP_740.xls,ok,2026-08-17,34,126,xls,,False,True
2026-27/18.08.26_NLDC_PSP_135.xls,ok,2026-08-18,34,126,xls,,False,True
2026-27/19.08.26_NLDC_PSP_538.xls,ok,2026-08-19,34,126,xls,,False,True
2026-27/20.08.26_NLDC_PSP_848.xls,ok,2026-08-20,34,126,xls,,False,True
2026-27/21.08.26_NLDC_PSP_678.xls,ok,2026-08-21,34,126,xls,,False,True
2026-27/22.08.26_NLDC_PSP_371.xls,ok,2026-08-22,34,126,xls,,False,True
2026-27/23.08.26_NLDC_PSP_470.xls,ok,2026-08-23,34,126,xls,,False,True
2026-27/24.08.26_NLDC_PSP_562.xls,ok,2026-08-24,34,126,xls,,False,True
2026-27/25.08.26_NLDC_PSP_116.xls,ok,2026-08-25,34,126,xls,,False,True
2026-27/26.08.26_NLDC_PSP_408.xls,ok,2026-08-26,34,126,xls,,False,True
2026-27/27.08.26_NLDC_PSP_310.xls,ok,2026-08-27,34,126,xls,,False,True
2026-27/28.08.26_NLDC_PSP_928.xls,ok,2026-08-28,34,126,xls,,False,True
2026-27/29.08.26_NLDC_PSP_858.xls,ok,2026-08-29,34,126,xls,,False,True
2026-27/30.08.26_NLDC_PSP_307.xls,ok,2026-08-30,34,126,xls,,False,True
2026-27/31.07.26_NLDC_PSP_624.xls,ok,2026-07-31,34,126,xls,,False,True
2026-27/31.08.26_NLDC_PSP_198.xls,ok,2026-08-31,34,126,xls,,False,True
2026-27/01.09.26_NLDC_PSP_868.xls,ok,2026-09-01,34,126,xls,,False,True
2026-27/02.09.26_NLDC_PSP_997.xls,ok,2026-09-02,34,126,xls,,False,True
2026-27/03.09.26_NLDC_PSP_912.xls,ok,2026-09-03,34,126,xls,,False,True
2026-27/04.09.26_NLDC_PSP_876.xls,ok,2026-09-04,34,126,xls,,False,True
2026-27/05.09.26_NLDC_PSP_131.xls,ok,2026-09-05,34,126,xls,,False,True
2026-27/06.09.26_NLDC_PSP_800.xls,ok,2026-09-06,34,126,xls,,False,True
2026-27/07.09.26_NLDC_PSP_454.xls,ok,2026-09-07,34,126,xls,,False,True
2026-27/08.09.26_NLDC_PSP_561.xls,ok,2026-09-08,34,126,xls,,False,True
2026-27/09.09.26_NLDC_PSP_764.xls,ok,2026-09-09,34,126,xls,,False,True
2026-27/10.09.26_NLDC_PSP_372.xls,ok,2026-09-10,34,126,xls,,False,True
2026-27/11.09.26_NLDC_PSP_608.xls,ok,2026-09-11,34,126,xls,,False,True
2026-27/12.09.26_NLDC_PSP_752.xls,ok,2026-09-12,34,126,xls,,False,True
2026-27/13.09.26_NLDC_PSP_508.xls,ok,2026-09-13,34,126,xls,,False,True
