dataset,baseline,h,seed,rung,skill_sq_macro,skill_sq_pooled,skill_mae_macro,skill_mae_pooled,degraded_series,n_series,frac_clipped,gate_absmax,n_test,n_val,var_est_stable,var_within_stable,lam_stable,rho_stable
india_daily,persistence,1,0,rung1_global,0.1359901729114697,0.18578598505809907,0.06431082319965166,0.0895980057369723,2,20,0.0,1.037285969413669,8440,7300,0.35362903951563623,0.3541637877161678,0.5003777575725251,1.0015121727595222
india_daily,persistence,1,0,rung2_series,0.14206027121000342,0.19485159338713365,0.07219629963592858,0.09557479494410348,0,20,0.05,1.4745032710550794,8440,7300,0.35362903951563623,0.3541637877161678,0.5003777575725251,1.0015121727595222
india_daily,persistence,1,0,rung3_cell,0.1392082509838522,0.1929360388140875,0.07140767284925209,0.09511701817726026,1,20,0.10888625592417062,2.352819843097096,8440,7300,0.35362903951563623,0.3541637877161678,0.5003777575725251,1.0015121727595222
india_daily,persistence,1,0,rung5_raw_ratio,0.11790264642916932,0.1676166739640944,0.05401437636505577,0.08170576175981914,3,20,0.42369668246445497,16295745468.34002,8440,7300,0.35362903951563623,0.3541637877161678,0.5003777575725251,1.0015121727595222
india_daily,persistence,1,0,rung5_ridge,0.11937811287001288,0.16703926478273756,0.060088904786714914,0.08360506264994183,2,20,0.19443127962085308,431.6476750281294,8440,7300,0.35362903951563623,0.3541637877161678,0.5003777575725251,1.0015121727595222
india_daily,persistence,1,0,rung5_wls,0.126982009838371,0.1752276193634682,0.06469298679539233,0.08556982159607995,1,20,0.26018957345971566,4.487626248031338,8440,7300,0.35362903951563623,0.3541637877161678,0.5003777575725251,1.0015121727595222
india_daily,persistence,1,0,rung5_wls_bagged,0.1311462149473478,0.17939876358556117,0.06465299364543145,0.08728253826176569,0,20,0.22843601895734597,3.9440925100777746,8440,7300,0.35362903951563623,0.3541637877161678,0.5003777575725251,1.0015121727595222
india_daily,persistence,1,0,rung4_wls_series,0.14178039329187936,0.19353042585948166,0.07139706624285928,0.09439619395234988,0,20,0.10390995260663508,2.540765479389475,8440,7300,0.35362903951563623,0.3541637877161678,0.5003777575725251,1.0015121727595222
india_daily,persistence,1,0,rung4_wls_cell,0.1405661147202751,0.1930147720881864,0.0706124646756372,0.09398995857051984,0,20,0.12748815165876778,2.958982226255852,8440,7300,0.35362903951563623,0.3541637877161678,0.5003777575725251,1.0015121727595222
india_daily,persistence,1,0,rung0_none,0.0,0.0,0.0,0.0,0,20,0.0,0.0,8440,7300,0.35362903951563623,0.3541637877161678,0.5003777575725251,1.0015121727595222
india_daily,persistence,1,1,rung1_global,0.1399237561520035,0.19495446864977184,0.0661108273417595,0.09237183658868131,1,20,0.0,1.0232105455726777,8440,7300,0.36230025509813896,0.33499773379526243,0.4804226301109765,0.9246411756031447
india_daily,persistence,1,1,rung2_series,0.1436461830814723,0.20164266759189575,0.07276540410065754,0.0967428688755061,0,20,0.0,1.4889199269866147,8440,7300,0.36230025509813896,0.33499773379526243,0.4804226301109765,0.9246411756031447
india_daily,persistence,1,1,rung3_cell,0.13968376374786504,0.19949382373045577,0.0711141470357806,0.09579155469004164,1,20,0.07049763033175356,2.6132963555413298,8440,7300,0.36230025509813896,0.33499773379526243,0.4804226301109765,0.9246411756031447
india_daily,persistence,1,1,rung5_raw_ratio,0.1257239015804835,0.1851842255143593,0.05933506661821306,0.08911846863372852,2,20,0.4824644549763033,18696939974.63319,8440,7300,0.36230025509813896,0.33499773379526243,0.4804226301109765,0.9246411756031447
india_daily,persistence,1,1,rung5_ridge,0.12614683749895544,0.18400474947530598,0.06450570039524677,0.09038698486095675,1,20,0.2523696682464455,3517.512630933647,8440,7300,0.36230025509813896,0.33499773379526243,0.4804226301109765,0.9246411756031447
india_daily,persistence,1,1,rung5_wls,0.12897389507469745,0.18026564560048697,0.06522580670932307,0.08866000780192129,0,20,0.2197867298578199,4.804733132723259,8440,7300,0.36230025509813896,0.33499773379526243,0.4804226301109765,0.9246411756031447
india_daily,persistence,1,1,rung5_wls_bagged,0.12781269214481422,0.17883092355297414,0.06325171651513266,0.0853536030647234,1,20,0.20592417061611373,3.8600261502618656,8440,7300,0.36230025509813896,0.33499773379526243,0.4804226301109765,0.9246411756031447
india_daily,persistence,1,1,rung4_wls_series,0.14025596084225772,0.19616366107665695,0.07044939147322185,0.09345429683663564,0,20,0.08566350710900474,2.513317013884732,8440,7300,0.36230025509813896,0.33499773379526243,0.4804226301109765,0.9246411756031447
india_daily,persistence,1,1,rung4_wls_cell,0.13880782955234847,0.19546741429961656,0.06988424811095836,0.09320890744444266,1,20,0.109478672985782,3.029282531240524,8440,7300,0.36230025509813896,0.33499773379526243,0.4804226301109765,0.9246411756031447
india_daily,persistence,1,1,rung0_none,0.0,0.0,0.0,0.0,0,20,0.0,0.0,8440,7300,0.36230025509813896,0.33499773379526243,0.4804226301109765,0.9246411756031447
india_daily,persistence,1,2,rung1_global,0.13924092815809885,0.1973123189998056,0.06663257110940321,0.09426266742848,1,20,0.0,0.9983032671414627,8440,7300,0.315567138465236,0.30046584158777134,0.4877431100554347,0.9521455340663482
india_daily,persistence,1,2,rung2_series,0.14090072365957756,0.20134640403623827,0.07159987930489893,0.09746517872004745,1,20,0.1,1.5306378117888608,8440,7300,0.315567138465236,0.30046584158777134,0.4877431100554347,0.9521455340663482
india_daily,persistence,1,2,rung3_cell,0.13968839610499179,0.2006203462404298,0.07041059836232366,0.09673551385263368,1,20,0.05829383886255924,2.3311194011542202,8440,7300,0.315567138465236,0.30046584158777134,0.4877431100554347,0.9521455340663482
india_daily,persistence,1,2,rung5_raw_ratio,0.11704570646314287,0.18267035331884396,0.054268278348429455,0.08712839140022255,4,20,0.46481042654028437,25943133399.202618,8440,7300,0.315567138465236,0.30046584158777134,0.4877431100554347,0.9521455340663482
india_daily,persistence,1,2,rung5_ridge,0.12227885726391616,0.18163621555379472,0.0618826786355859,0.08860597972785611,2,20,0.1924170616113744,444.35668298947616,8440,7300,0.315567138465236,0.30046584158777134,0.4877431100554347,0.9521455340663482
india_daily,persistence,1,2,rung5_wls,0.13180976517724793,0.18252736859900565,0.06631258023073919,0.08820259839054323,0,20,0.23898104265402845,4.559388481794342,8440,7300,0.315567138465236,0.30046584158777134,0.4877431100554347,0.9521455340663482
india_daily,persistence,1,2,rung5_wls_bagged,0.13351997127577478,0.18899332099776045,0.06748395581677487,0.09113549211688377,2,20,0.17523696682464454,3.770752572860471,8440,7300,0.315567138465236,0.30046584158777134,0.4877431100554347,0.9521455340663482
india_daily,persistence,1,2,rung4_wls_series,0.14217040853101545,0.20116734160288674,0.07203524086731605,0.09682348499896798,0,20,0.06255924170616113,2.47525349894254,8440,7300,0.315567138465236,0.30046584158777134,0.4877431100554347,0.9521455340663482
india_daily,persistence,1,2,rung4_wls_cell,0.14184252945751724,0.20096855861470841,0.07150065503121467,0.09652485923680587,0,20,0.0881516587677725,2.661236115349774,8440,7300,0.315567138465236,0.30046584158777134,0.4877431100554347,0.9521455340663482
india_daily,persistence,1,2,rung0_none,0.0,0.0,0.0,0.0,0,20,0.0,0.0,8440,7300,0.315567138465236,0.30046584158777134,0.4877431100554347,0.9521455340663482
india_daily,persistence,1,3,rung1_global,0.14038469119762564,0.1986597483315744,0.06425901964982286,0.09133186527970105,1,20,0.0,1.0257865910684554,8440,7300,0.36905998583791305,0.34776263074471325,0.48514461276714965,0.9422929715752134
india_daily,persistence,1,3,rung2_series,0.14636961926744887,0.20621812008744234,0.07146357140072868,0.09696857729949937,0,20,0.05,1.5190314845849864,8440,7300,0.36905998583791305,0.34776263074471325,0.48514461276714965,0.9422929715752134
india_daily,persistence,1,3,rung3_cell,0.14311808789372155,0.2042749001217532,0.07092873948234901,0.09649195274062317,1,20,0.07049763033175356,2.4616602834196346,8440,7300,0.36905998583791305,0.34776263074471325,0.48514461276714965,0.9422929715752134
india_daily,persistence,1,3,rung5_raw_ratio,0.123468722056672,0.18198684683473487,0.056898341166577306,0.08670035855022051,4,20,0.4693127962085308,27850447880.04427,8440,7300,0.36905998583791305,0.34776263074471325,0.48514461276714965,0.9422929715752134
india_daily,persistence,1,3,rung5_ridge,0.12279304094999124,0.18187606186939487,0.061216302499347376,0.08754175211541759,3,20,0.21137440758293838,186.94546379801864,8440,7300,0.36905998583791305,0.34776263074471325,0.48514461276714965,0.9422929715752134
india_daily,persistence,1,3,rung5_wls,0.13636298764885846,0.1912328171061729,0.06769749436280881,0.09177795430687496,0,20,0.25936018957345974,4.9918736944435675,8440,7300,0.36905998583791305,0.34776263074471325,0.48514461276714965,0.9422929715752134
india_daily,persistence,1,3,rung5_wls_bagged,0.13542583589400692,0.18781796431357278,0.06701451619673163,0.09041266763221101,1,20,0.22464454976303316,4.2861777725727945,8440,7300,0.36905998583791305,0.34776263074471325,0.48514461276714965,0.9422929715752134
india_daily,persistence,1,3,rung4_wls_series,0.14629577995100984,0.20484678626963626,0.0717933091033971,0.09654187221906485,0,20,0.09928909952606635,2.861497598940887,8440,7300,0.36905998583791305,0.34776263074471325,0.48514461276714965,0.9422929715752134
india_daily,persistence,1,3,rung4_wls_cell,0.144334169983852,0.20362118098283954,0.07118501090231617,0.09617636817677122,1,20,0.12180094786729857,2.8125572099144005,8440,7300,0.36905998583791305,0.34776263074471325,0.48514461276714965,0.9422929715752134
india_daily,persistence,1,3,rung0_none,0.0,0.0,0.0,0.0,0,20,0.0,0.0,8440,7300,0.36905998583791305,0.34776263074471325,0.48514461276714965,0.9422929715752134
india_daily,persistence,1,4,rung1_global,0.14254029068076135,0.20089559783852906,0.06613917329949924,0.09373765446064686,1,20,0.0,1.037143955088872,8440,7300,0.3346797798520112,0.3333926456977451,0.49903668067634516,0.9961541323027187
india_daily,persistence,1,4,rung2_series,0.14700933030298352,0.20705407051435298,0.07261784791565115,0.09839887111063628,0,20,0.05,1.560094429638458,8440,7300,0.3346797798520112,0.3333926456977451,0.49903668067634516,0.9961541323027187
india_daily,persistence,1,4,rung3_cell,0.14437361326793444,0.2048265556468506,0.07100691195663524,0.09698845635458708,1,20,0.1212085308056872,2.670952382478502,8440,7300,0.3346797798520112,0.3333926456977451,0.49903668067634516,0.9961541323027187
india_daily,persistence,1,4,rung5_raw_ratio,0.12682165333580667,0.18965275125165482,0.058673624016125615,0.08902327906672902,4,20,0.5169431279620853,25076196275.423733,8440,7300,0.3346797798520112,0.3333926456977451,0.49903668067634516,0.9961541323027187
india_daily,persistence,1,4,rung5_ridge,0.12925105563828157,0.18932439185768268,0.06389561117491492,0.09048043488606772,2,20,0.2476303317535545,243.63911658656713,8440,7300,0.3346797798520112,0.3333926456977451,0.49903668067634516,0.9961541323027187
india_daily,persistence,1,4,rung5_wls,0.1366115203359252,0.1873271814168117,0.0668501412190155,0.089161570632741,0,20,0.23459715639810427,4.696308546460809,8440,7300,0.3346797798520112,0.3333926456977451,0.49903668067634516,0.9961541323027187
india_daily,persistence,1,4,rung5_wls_bagged,0.13664623591519845,0.19368765203497051,0.06763075638497598,0.09177908527208412,2,20,0.2066350710900474,3.4077850787566453,8440,7300,0.3346797798520112,0.3333926456977451,0.49903668067634516,0.9961541323027187
india_daily,persistence,1,4,rung4_wls_series,0.1472505411092237,0.20772543761242357,0.07281957091383988,0.0979244951046142,0,20,0.09146919431279621,2.3366469245070074,8440,7300,0.3346797798520112,0.3333926456977451,0.49903668067634516,0.9961541323027187
india_daily,persistence,1,4,rung4_wls_cell,0.1457505079554246,0.20655485661944661,0.07189609648136089,0.09737886276499896,1,20,0.12097156398104265,2.903036227709144,8440,7300,0.3346797798520112,0.3333926456977451,0.49903668067634516,0.9961541323027187
india_daily,persistence,1,4,rung0_none,0.0,0.0,0.0,0.0,0,20,0.0,0.0,8440,7300,0.3346797798520112,0.3333926456977451,0.49903668067634516,0.9961541323027187
india_daily,persistence,1,5,rung1_global,0.1271583111801478,0.17540373848144353,0.059033082472105126,0.08263348071832877,2,20,0.0,0.9684126479524092,8440,7300,0.30464102595913817,0.30321640137605127,0.4988281589407138,0.9953235957678334
india_daily,persistence,1,5,rung2_series,0.1334547362905746,0.18638430705308384,0.06663148243205894,0.08930556567320114,1,20,0.05,1.5266143452747993,8440,7300,0.30464102595913817,0.30321640137605127,0.4988281589407138,0.9953235957678334
india_daily,persistence,1,5,rung3_cell,0.13047593347604755,0.18531735593572163,0.06486157052625771,0.0885625438669253,2,20,0.07049763033175356,2.482972903509438,8440,7300,0.30464102595913817,0.30321640137605127,0.4988281589407138,0.9953235957678334
india_daily,persistence,1,5,rung5_raw_ratio,0.11044373441804085,0.16584641135556155,0.05121605379011509,0.07904203685901057,3,20,0.4184834123222749,32044140920.61165,8440,7300,0.30464102595913817,0.30321640137605127,0.4988281589407138,0.9953235957678334
india_daily,persistence,1,5,rung5_ridge,0.11283327352640679,0.16651451541844609,0.05652768329472835,0.0806473531174029,2,20,0.22985781990521326,1555.818368060065,8440,7300,0.30464102595913817,0.30321640137605127,0.4988281589407138,0.9953235957678334
india_daily,persistence,1,5,rung5_wls,0.12038896656690139,0.1686738269830127,0.06100897054550397,0.08267691071320338,2,20,0.215521327014218,4.182808391750762,8440,7300,0.30464102595913817,0.30321640137605127,0.4988281589407138,0.9953235957678334
india_daily,persistence,1,5,rung5_wls_bagged,0.12449063578378265,0.17370402360900628,0.06099083462037711,0.08481512279360848,1,20,0.19537914691943128,3.4851659599863765,8440,7300,0.30464102595913817,0.30321640137605127,0.4988281589407138,0.9953235957678334
india_daily,persistence,1,5,rung4_wls_series,0.13379815551040064,0.18593630388860993,0.06650032994292168,0.09031809684608094,1,20,0.06954976303317535,2.3282295447809176,8440,7300,0.30464102595913817,0.30321640137605127,0.4988281589407138,0.9953235957678334
india_daily,persistence,1,5,rung4_wls_cell,0.13296973707211096,0.18580789427024824,0.0659753159980707,0.09025466751453604,2,20,0.09834123222748815,2.7274306908223265,8440,7300,0.30464102595913817,0.30321640137605127,0.4988281589407138,0.9953235957678334
india_daily,persistence,1,5,rung0_none,0.0,0.0,0.0,0.0,0,20,0.0,0.0,8440,7300,0.30464102595913817,0.30321640137605127,0.4988281589407138,0.9953235957678334
india_daily,persistence,1,6,rung1_global,0.1334102296730719,0.18715738982628105,0.06241019886129284,0.08780098196101205,2,20,0.0,0.9572300407343447,8440,7300,0.3412650339510831,0.3460756088148093,0.5034994110375667,1.0140963016574847
india_daily,persistence,1,6,rung2_series,0.1395573776505355,0.19736918496518752,0.07058025259616638,0.09486036017649946,0,20,0.0,1.4678816392715988,8440,7300,0.3412650339510831,0.3460756088148093,0.5034994110375667,1.0140963016574847
india_daily,persistence,1,6,rung3_cell,0.13657715325563244,0.19561280467260822,0.06921109302255499,0.09402096128541282,1,20,0.07049763033175356,2.284650747200544,8440,7300,0.3412650339510831,0.3460756088148093,0.5034994110375667,1.0140963016574847
india_daily,persistence,1,6,rung5_raw_ratio,0.1154254268443129,0.17014226640608865,0.05413947575981344,0.08197003858478547,5,20,0.44004739336492893,24629928870.70757,8440,7300,0.3412650339510831,0.3460756088148093,0.5034994110375667,1.0140963016574847
india_daily,persistence,1,6,rung5_ridge,0.11791878838396612,0.17247098291833285,0.05981708129573325,0.08430640138575507,3,20,0.20675355450236968,2293.127608802903,8440,7300,0.3412650339510831,0.3460756088148093,0.5034994110375667,1.0140963016574847
india_daily,persistence,1,6,rung5_wls,0.1260139324104173,0.1834783882099571,0.06284438036580546,0.08726509409117877,2,20,0.24312796208530807,4.431989791806885,8440,7300,0.3412650339510831,0.3460756088148093,0.5034994110375667,1.0140963016574847
india_daily,persistence,1,6,rung5_wls_bagged,0.12622084736184205,0.1814613135148292,0.0625807102283527,0.08704989317402456,1,20,0.21457345971563982,3.8945437201707,8440,7300,0.3412650339510831,0.3460756088148093,0.5034994110375667,1.0140963016574847
india_daily,persistence,1,6,rung4_wls_series,0.1381847776145524,0.19651114458502528,0.06935418127109508,0.09366470363415391,0,20,0.09454976303317536,2.6461093093680716,8440,7300,0.3412650339510831,0.3460756088148093,0.5034994110375667,1.0140963016574847
india_daily,persistence,1,6,rung4_wls_cell,0.13733066343625405,0.19617549847334437,0.06894633253595077,0.09357146063367594,1,20,0.11694312796208531,2.564803715512457,8440,7300,0.3412650339510831,0.3460756088148093,0.5034994110375667,1.0140963016574847
india_daily,persistence,1,6,rung0_none,0.0,0.0,0.0,0.0,0,20,0.0,0.0,8440,7300,0.3412650339510831,0.3460756088148093,0.5034994110375667,1.0140963016574847
india_daily,persistence,1,7,rung1_global,0.1405764374968737,0.19850935154120686,0.06730870785438574,0.09547841373474841,1,20,0.0,1.0805660082638007,8440,7300,0.4292459247688812,0.3792793154656685,0.4691001549384422,0.8835944468660566
india_daily,persistence,1,7,rung2_series,0.14614529078902921,0.20527515248751949,0.07393832182184844,0.09990117306279811,0,20,0.15,1.637120537105446,8440,7300,0.4292459247688812,0.3792793154656685,0.4691001549384422,0.8835944468660566
india_daily,persistence,1,7,rung3_cell,0.14472823966126405,0.20446221835486944,0.07299703297194074,0.0993453651039301,1,20,0.075,3.079189451982212,8440,7300,0.4292459247688812,0.3792793154656685,0.4691001549384422,0.8835944468660566
india_daily,persistence,1,7,rung5_raw_ratio,0.1282767910149687,0.1876044892957922,0.06001306079941051,0.08989255289982612,2,20,0.5619668246445497,19583097013.15049,8440,7300,0.4292459247688812,0.3792793154656685,0.4691001549384422,0.8835944468660566
india_daily,persistence,1,7,rung5_ridge,0.12807869992584228,0.1862244855429711,0.063797555835202,0.09050638869732042,1,20,0.2957345971563981,2405.7992289372837,8440,7300,0.4292459247688812,0.3792793154656685,0.4691001549384422,0.8835944468660566
india_daily,persistence,1,7,rung5_wls,0.1345222371098315,0.18717493035704647,0.06706961901895042,0.09103786429342975,0,20,0.3004739336492891,5.152167497158805,8440,7300,0.4292459247688812,0.3792793154656685,0.4691001549384422,0.8835944468660566
india_daily,persistence,1,7,rung5_wls_bagged,0.13349132385264265,0.192786318094059,0.06739964780745844,0.0933563195744247,2,20,0.2682464454976303,3.901328362625236,8440,7300,0.4292459247688812,0.3792793154656685,0.4691001549384422,0.8835944468660566
india_daily,persistence,1,7,rung4_wls_series,0.14496107428651595,0.20566480323474312,0.07339869016789417,0.09953322260942787,0,20,0.13732227488151658,2.653594628193122,8440,7300,0.4292459247688812,0.3792793154656685,0.4691001549384422,0.8835944468660566
india_daily,persistence,1,7,rung4_wls_cell,0.14389633913594307,0.20511394057694654,0.07251093718678223,0.09905245911069405,1,20,0.1504739336492891,3.143060516703719,8440,7300,0.4292459247688812,0.3792793154656685,0.4691001549384422,0.8835944468660566
india_daily,persistence,1,7,rung0_none,0.0,0.0,0.0,0.0,0,20,0.0,0.0,8440,7300,0.4292459247688812,0.3792793154656685,0.4691001549384422,0.8835944468660566
india_daily,persistence,1,8,rung1_global,0.1365800798695205,0.19139363051481373,0.06414976876552651,0.09132483431240956,1,20,0.0,1.0250762117804726,8440,7300,0.35026305728451823,0.32355912906410916,0.480184736595633,0.9237603633468046
india_daily,persistence,1,8,rung2_series,0.14143700807182716,0.1981209174920332,0.07042368239813179,0.09542491401620423,0,20,0.1,1.5230395238518029,8440,7300,0.35026305728451823,0.32355912906410916,0.480184736595633,0.9237603633468046
india_daily,persistence,1,8,rung3_cell,0.1389434368068307,0.1957389872343448,0.06828925344017127,0.09397260064249402,1,20,0.11327014218009479,2.6964870027546644,8440,7300,0.35026305728451823,0.32355912906410916,0.480184736595633,0.9237603633468046
india_daily,persistence,1,8,rung5_raw_ratio,0.12119043597407145,0.17974518182727506,0.055620866086584786,0.08715939809579787,2,20,0.4901658767772512,14978821868.291586,8440,7300,0.35026305728451823,0.32355912906410916,0.480184736595633,0.9237603633468046
india_daily,persistence,1,8,rung5_ridge,0.12459535241344513,0.1813323280678455,0.06320984319332064,0.0896500141181732,2,20,0.20035545023696683,873.8388956391977,8440,7300,0.35026305728451823,0.32355912906410916,0.480184736595633,0.9237603633468046
india_daily,persistence,1,8,rung5_wls,0.1229879118806851,0.17106737276418582,0.06031018033371745,0.08152658921693146,3,20,0.23661137440758293,4.828758676271441,8440,7300,0.35026305728451823,0.32355912906410916,0.480184736595633,0.9237603633468046
india_daily,persistence,1,8,rung5_wls_bagged,0.12899360023652215,0.1804463941972696,0.06420916784900228,0.08824173095396481,1,20,0.21469194312796208,3.7136206600704567,8440,7300,0.35026305728451823,0.32355912906410916,0.480184736595633,0.9237603633468046
india_daily,persistence,1,8,rung4_wls_series,0.13951407100188734,0.19414606200899998,0.06921643157534156,0.09349936000204684,1,20,0.0938388625592417,2.4528077882995483,8440,7300,0.35026305728451823,0.32355912906410916,0.480184736595633,0.9237603633468046
india_daily,persistence,1,8,rung4_wls_cell,0.13919529282465587,0.19384980547109099,0.06852170485699545,0.09311451346437993,1,20,0.11800947867298578,2.8055479475094383,8440,7300,0.35026305728451823,0.32355912906410916,0.480184736595633,0.9237603633468046
india_daily,persistence,1,8,rung0_none,0.0,0.0,0.0,0.0,0,20,0.0,0.0,8440,7300,0.35026305728451823,0.32355912906410916,0.480184736595633,0.9237603633468046
india_daily,persistence,1,9,rung1_global,0.13569358206249554,0.18853815797696782,0.06514187988883599,0.09130586779482697,2,20,0.0,1.013605528824307,8440,7300,0.32534929380986416,0.3554662200934964,0.5221182726220214,1.0925679780366535
india_daily,persistence,1,9,rung2_series,0.143592954927818,0.19862894944001597,0.07374352787873292,0.09809223866123362,0,20,0.05,1.5490126695711415,8440,7300,0.32534929380986416,0.3554662200934964,0.5221182726220214,1.0925679780366535
india_daily,persistence,1,9,rung3_cell,0.1404473049808145,0.19621240625648306,0.07169714070496175,0.09671848952420525,1,20,0.0962085308056872,2.561213942671846,8440,7300,0.32534929380986416,0.3554662200934964,0.5221182726220214,1.0925679780366535
india_daily,persistence,1,9,rung5_raw_ratio,0.11687216874249669,0.1728446232481763,0.05429823588340869,0.08318528279297854,4,20,0.5063981042654029,21546391278.378456,8440,7300,0.32534929380986416,0.3554662200934964,0.5221182726220214,1.0925679780366535
india_daily,persistence,1,9,rung5_ridge,0.11857900443806269,0.1718125542671216,0.06034319949701024,0.08495201565757415,3,20,0.2631516587677725,209.2964039774308,8440,7300,0.32534929380986416,0.3554662200934964,0.5221182726220214,1.0925679780366535
india_daily,persistence,1,9,rung5_wls,0.13434161364244868,0.18723124332764707,0.06863451383538062,0.09319091863173035,0,20,0.24893364928909953,5.537482089446212,8440,7300,0.32534929380986416,0.3554662200934964,0.5221182726220214,1.0925679780366535
india_daily,persistence,1,9,rung5_wls_bagged,0.131849682178026,0.18212498387095255,0.0679966025912856,0.09047124663705186,3,20,0.21291469194312795,4.267468630439802,8440,7300,0.32534929380986416,0.3554662200934964,0.5221182726220214,1.0925679780366535
india_daily,persistence,1,9,rung4_wls_series,0.14276445407222232,0.19679617170490893,0.07347246168814622,0.09682190132101964,0,20,0.10687203791469194,2.9020964647239293,8440,7300,0.32534929380986416,0.3554662200934964,0.5221182726220214,1.0925679780366535
india_daily,persistence,1,9,rung4_wls_cell,0.14178571854580596,0.19585455530617668,0.07288948903104393,0.09647174800173974,1,20,0.12511848341232226,3.1203102604400703,8440,7300,0.32534929380986416,0.3554662200934964,0.5221182726220214,1.0925679780366535
india_daily,persistence,1,9,rung0_none,0.0,0.0,0.0,0.0,0,20,0.0,0.0,8440,7300,0.32534929380986416,0.3554662200934964,0.5221182726220214,1.0925679780366535
india_daily,persistence,2,0,rung1_global,0.09608680434793752,0.11976351275068009,0.045703896231581845,0.05579674162313575,3,20,0.0,0.7981973595846852,8420,7300,0.23812727859168029,0.26711635909963816,0.5286882192524203,1.1217377558732604
india_daily,persistence,2,0,rung2_series,0.12033212751392905,0.15878787984079978,0.058098800560753415,0.07464688586673551,0,20,0.0,1.3916507741095214,8420,7300,0.23812727859168029,0.26711635909963816,0.5286882192524203,1.1217377558732604
india_daily,persistence,2,0,rung3_cell,0.11954897888345024,0.15744559969595273,0.05733118580310224,0.07360892489096693,0,20,0.03479809976247031,1.9215604145068923,8420,7300,0.23812727859168029,0.26711635909963816,0.5286882192524203,1.1217377558732604
india_daily,persistence,2,0,rung5_raw_ratio,0.08187356400104748,0.12800958425868314,0.036072650729496364,0.05955700133664865,5,20,0.42874109263657956,53079031752.52995,8420,7300,0.23812727859168029,0.26711635909963816,0.5286882192524203,1.1217377558732604
india_daily,persistence,2,0,rung5_ridge,0.0931985416270539,0.12947861969250407,0.04708590873949505,0.06387049552518431,4,20,0.24786223277909739,2117.7961469238444,8420,7300,0.23812727859168029,0.26711635909963816,0.5286882192524203,1.1217377558732604
india_daily,persistence,2,0,rung5_wls,0.0968761209499677,0.11832390867415377,0.047555781040898096,0.05918708502675152,2,20,0.18836104513064134,4.783651362857572,8420,7300,0.23812727859168029,0.26711635909963816,0.5286882192524203,1.1217377558732604
india_daily,persistence,2,0,rung5_wls_bagged,0.08616102536862094,0.10491455907100289,0.04329662324462942,0.05534755565122951,3,20,0.16080760095011876,3.9414348679088027,8420,7300,0.23812727859168029,0.26711635909963816,0.5286882192524203,1.1217377558732604
india_daily,persistence,2,0,rung4_wls_series,0.1109436492476912,0.14288040537240632,0.05450129954893668,0.07042908980924356,2,20,0.04323040380047506,2.5521379947893723,8420,7300,0.23812727859168029,0.26711635909963816,0.5286882192524203,1.1217377558732604
india_daily,persistence,2,0,rung4_wls_cell,0.11071433086561717,0.14260665804356032,0.05450465483622151,0.07052586144364625,2,20,0.05736342042755344,2.4756036285548038,8420,7300,0.23812727859168029,0.26711635909963816,0.5286882192524203,1.1217377558732604
india_daily,persistence,2,0,rung0_none,0.0,0.0,0.0,0.0,0,20,0.0,0.0,8420,7300,0.23812727859168029,0.26711635909963816,0.5286882192524203,1.1217377558732604
india_daily,persistence,2,1,rung1_global,0.11400931156609787,0.1499190639159792,0.05348307713579244,0.06898392883860216,3,20,0.0,0.9242589277752599,8420,7300,0.26774516919048297,0.28347602033486824,0.5142690914675567,1.0587530717807043
india_daily,persistence,2,1,rung2_series,0.1286018666486902,0.17197020136170837,0.06078723528533932,0.0796498876412336,1,20,0.05,1.5318344764807306,8420,7300,0.26774516919048297,0.28347602033486824,0.5142690914675567,1.0587530717807043
india_daily,persistence,2,1,rung3_cell,0.12709560194036051,0.17039841343767215,0.060588447208871424,0.07921369921874566,1,20,0.13218527315914488,2.233147798722838,8420,7300,0.26774516919048297,0.28347602033486824,0.5142690914675567,1.0587530717807043
india_daily,persistence,2,1,rung5_raw_ratio,0.09735976463028426,0.1394874787381919,0.04597618598759675,0.0664753590028383,4,20,0.44002375296912116,62842446588.12664,8420,7300,0.26774516919048297,0.28347602033486824,0.5142690914675567,1.0587530717807043
india_daily,persistence,2,1,rung5_ridge,0.10465656531658915,0.14004249850510841,0.053152989292604494,0.06949091232488613,3,20,0.2685273159144893,344.5023873204062,8420,7300,0.26774516919048297,0.28347602033486824,0.5142690914675567,1.0587530717807043
india_daily,persistence,2,1,rung5_wls,0.10409385813407501,0.13814730594145042,0.050400153382358794,0.06595970735872425,4,20,0.2317102137767221,4.267088518127265,8420,7300,0.26774516919048297,0.28347602033486824,0.5142690914675567,1.0587530717807043
india_daily,persistence,2,1,rung5_wls_bagged,0.0970029228754008,0.12847551862085038,0.04705353314777078,0.060316592247858014,3,20,0.17755344418052257,3.085167163572534,8420,7300,0.26774516919048297,0.28347602033486824,0.5142690914675567,1.0587530717807043
india_daily,persistence,2,1,rung4_wls_series,0.1194959181759708,0.158660333364679,0.056795187870900855,0.073430120215635,2,20,0.06579572446555819,2.2514900110628804,8420,7300,0.26774516919048297,0.28347602033486824,0.5142690914675567,1.0587530717807043
india_daily,persistence,2,1,rung4_wls_cell,0.11898028476718178,0.15817343728218136,0.056801831356759536,0.0734796842114166,2,20,0.0836104513064133,2.650722718762493,8420,7300,0.26774516919048297,0.28347602033486824,0.5142690914675567,1.0587530717807043
india_daily,persistence,2,1,rung0_none,0.0,0.0,0.0,0.0,0,20,0.0,0.0,8420,7300,0.26774516919048297,0.28347602033486824,0.5142690914675567,1.0587530717807043
india_daily,persistence,2,2,rung1_global,0.10643844966047993,0.13522668640035307,0.04938326069880972,0.062187981264240966,2,20,0.0,0.8290924137454122,8420,7300,0.212864592887771,0.24862447443658003,0.5387440180935811,1.167993563718992
india_daily,persistence,2,2,rung2_series,0.12016181936482377,0.16223586164593973,0.056526584688594325,0.07466495487580238,1,20,0.0,1.4756485210588053,8420,7300,0.212864592887771,0.24862447443658003,0.5387440180935811,1.167993563718992
india_daily,persistence,2,2,rung3_cell,0.11841718027416466,0.16040765718561378,0.05590084276366629,0.07364210580170782,1,20,0.0839667458432304,2.039122083181262,8420,7300,0.212864592887771,0.24862447443658003,0.5387440180935811,1.167993563718992
india_daily,persistence,2,2,rung5_raw_ratio,0.08282723630878037,0.13139046141643596,0.03612765346877293,0.05899048434011578,4,20,0.4034441805225653,39493199252.70596,8420,7300,0.212864592887771,0.24862447443658003,0.5387440180935811,1.167993563718992
india_daily,persistence,2,2,rung5_ridge,0.09600995105260804,0.13637997954842862,0.04719009195443431,0.06488031069457678,4,20,0.24299287410926365,1493.214009745967,8420,7300,0.212864592887771,0.24862447443658003,0.5387440180935811,1.167993563718992
india_daily,persistence,2,2,rung5_wls,0.07854093616484946,0.10003633302664316,0.03793774110901317,0.05019319099023434,2,20,0.18788598574821852,3.841036200432008,8420,7300,0.212864592887771,0.24862447443658003,0.5387440180935811,1.167993563718992
india_daily,persistence,2,2,rung5_wls_bagged,0.07807631938001333,0.09285970356945838,0.036934068021263,0.04473828839067184,2,20,0.14144893111638954,3.669219102353371,8420,7300,0.212864592887771,0.24862447443658003,0.5387440180935811,1.167993563718992
india_daily,persistence,2,2,rung4_wls_series,0.10297269671152753,0.12861074520200733,0.04912506679651045,0.061549964275728675,2,20,0.04109263657957245,2.3750580249741464,8420,7300,0.212864592887771,0.24862447443658003,0.5387440180935811,1.167993563718992
india_daily,persistence,2,2,rung4_wls_cell,0.1020104721727326,0.12792916933660392,0.0487229515338332,0.06126201844004209,2,20,0.05368171021377672,2.3782649800293276,8420,7300,0.212864592887771,0.24862447443658003,0.5387440180935811,1.167993563718992
india_daily,persistence,2,2,rung0_none,0.0,0.0,0.0,0.0,0,20,0.0,0.0,8420,7300,0.212864592887771,0.24862447443658003,0.5387440180935811,1.167993563718992
india_daily,persistence,2,3,rung1_global,0.10951243942515525,0.14028002955491714,0.05258283681576594,0.0664117138488427,1,20,0.0,0.9074351942826437,8420,7300,0.27162507911363926,0.3145966028711632,0.5366512576027833,1.1582016060436968
india_daily,persistence,2,3,rung2_series,0.12943271554689045,0.17147612663653267,0.06135095604236536,0.07954729583513864,0,20,0.1,1.5427675897263173,8420,7300,0.27162507911363926,0.3145966028711632,0.5366512576027833,1.1582016060436968
india_daily,persistence,2,3,rung3_cell,0.12889992280695836,0.16960935298879942,0.060956892244206994,0.07881414719123869,0,20,0.10736342042755344,2.232206736246556,8420,7300,0.27162507911363926,0.3145966028711632,0.5366512576027833,1.1582016060436968
india_daily,persistence,2,3,rung5_raw_ratio,0.09983558986676748,0.13854692029889382,0.0462596199484,0.0660559199545867,4,20,0.5052256532066508,40617693148.06334,8420,7300,0.27162507911363926,0.3145966028711632,0.5366512576027833,1.1582016060436968
india_daily,persistence,2,3,rung5_ridge,0.10459374075498147,0.14122181510573428,0.05232048095542683,0.06920124792692517,3,20,0.3119952494061758,253.50901672045026,8420,7300,0.27162507911363926,0.3145966028711632,0.5366512576027833,1.1582016060436968
india_daily,persistence,2,3,rung5_wls,0.10102931376164204,0.12991139146864517,0.04965196884732502,0.06270475986743873,2,20,0.2661520190023753,5.092879228043408,8420,7300,0.27162507911363926,0.3145966028711632,0.5366512576027833,1.1582016060436968
india_daily,persistence,2,3,rung5_wls_bagged,0.0971288459863059,0.12264365753738549,0.04705508566077134,0.05913991142357222,3,20,0.21757719714964371,3.3546083800487017,8420,7300,0.27162507911363926,0.3145966028711632,0.5366512576027833,1.1582016060436968
india_daily,persistence,2,3,rung4_wls_series,0.11826681561784183,0.1532241060576255,0.056415486750238254,0.07195095348108882,2,20,0.09619952494061758,2.435298397183532,8420,7300,0.27162507911363926,0.3145966028711632,0.5366512576027833,1.1582016060436968
india_daily,persistence,2,3,rung4_wls_cell,0.11804192541213232,0.15250773484605717,0.05619457084292082,0.07166228298037736,2,20,0.10973871733966746,2.627153555009917,8420,7300,0.27162507911363926,0.3145966028711632,0.5366512576027833,1.1582016060436968
india_daily,persistence,2,3,rung0_none,0.0,0.0,0.0,0.0,0,20,0.0,0.0,8420,7300,0.27162507911363926,0.3145966028711632,0.5366512576027833,1.1582016060436968
india_daily,persistence,2,4,rung1_global,0.10614373518408934,0.1349560139790853,0.04954351422441084,0.06092203129350471,3,20,0.0,0.8243896275212883,8420,7300,0.24935566589350663,0.2990835341691218,0.5453358077521961,1.199425459603764
india_daily,persistence,2,4,rung2_series,0.12622039043389316,0.16741972246923487,0.05916478052696793,0.07685294193538983,2,20,0.0,1.4412726089992753,8420,7300,0.24935566589350663,0.2990835341691218,0.5453358077521961,1.199425459603764
india_daily,persistence,2,4,rung3_cell,0.12317005206784248,0.16508159380369558,0.057715407663894755,0.075277621991937,2,20,0.027553444180522565,2.0713812210792684,8420,7300,0.24935566589350663,0.2990835341691218,0.5453358077521961,1.199425459603764
india_daily,persistence,2,4,rung5_raw_ratio,0.08919974324829445,0.13383374846334117,0.04057965864587389,0.06030312645516256,4,20,0.39228028503562945,47958599886.72228,8420,7300,0.24935566589350663,0.2990835341691218,0.5453358077521961,1.199425459603764
india_daily,persistence,2,4,rung5_ridge,0.09880388965735017,0.1394737169417144,0.04956628167023251,0.06622164318763679,4,20,0.24038004750593825,1239.2873946330155,8420,7300,0.24935566589350663,0.2990835341691218,0.5453358077521961,1.199425459603764
india_daily,persistence,2,4,rung5_wls,0.09343456074009573,0.12159297055963747,0.04529134752286618,0.05833738495478624,3,20,0.183729216152019,4.99581877896053,8420,7300,0.24935566589350663,0.2990835341691218,0.5453358077521961,1.199425459603764
india_daily,persistence,2,4,rung5_wls_bagged,0.08885747329193787,0.11932904913960896,0.04393239550542564,0.05627810053021021,3,20,0.17209026128266033,2.8147053765098855,8420,7300,0.24935566589350663,0.2990835341691218,0.5453358077521961,1.199425459603764
india_daily,persistence,2,4,rung4_wls_series,0.11427256735708827,0.15186394755962185,0.05498699111841545,0.07051459612675026,3,20,0.057838479809976244,2.0311473311821753,8420,7300,0.24935566589350663,0.2990835341691218,0.5453358077521961,1.199425459603764
india_daily,persistence,2,4,rung4_wls_cell,0.11289416863438007,0.15099075214931712,0.05432268837336616,0.06989932578074609,3,20,0.06947743467933491,2.2465628520350793,8420,7300,0.24935566589350663,0.2990835341691218,0.5453358077521961,1.199425459603764
india_daily,persistence,2,4,rung0_none,0.0,0.0,0.0,0.0,0,20,0.0,0.0,8420,7300,0.24935566589350663,0.2990835341691218,0.5453358077521961,1.199425459603764
india_daily,persistence,2,5,rung1_global,0.10571558754975537,0.13720008950530493,0.049684497242075736,0.06262523983546964,3,20,0.0,0.8663025115002538,8420,7300,0.2528928141289764,0.30414398092951367,0.546003394439281,1.2026596405163135
india_daily,persistence,2,5,rung2_series,0.12564559726915142,0.1668056468395267,0.05973264819075428,0.07738256722222758,2,20,0.0,1.477128212377195,8420,7300,0.2528928141289764,0.30414398092951367,0.546003394439281,1.2026596405163135
india_daily,persistence,2,5,rung3_cell,0.12526755706996145,0.1652431496157314,0.05837162406440725,0.07601941113135158,2,20,0.11021377672209026,2.4303216144213424,8420,7300,0.2528928141289764,0.30414398092951367,0.546003394439281,1.2026596405163135
india_daily,persistence,2,5,rung5_raw_ratio,0.0794662509598171,0.12158239863326581,0.03865885478838806,0.057043283347393836,4,20,0.41983372921615203,30366568617.91894,8420,7300,0.2528928141289764,0.30414398092951367,0.546003394439281,1.2026596405163135
india_daily,persistence,2,5,rung5_ridge,0.08653417190242407,0.12500468870682546,0.045448270534206095,0.06052042740141972,4,20,0.25866983372921615,767.5039156372852,8420,7300,0.2528928141289764,0.30414398092951367,0.546003394439281,1.2026596405163135
india_daily,persistence,2,5,rung5_wls,0.08847299200288891,0.11257635558166823,0.04438790070988375,0.05581880616866708,3,20,0.19453681710213777,4.2957828355465955,8420,7300,0.2528928141289764,0.30414398092951367,0.546003394439281,1.2026596405163135
india_daily,persistence,2,5,rung5_wls_bagged,0.09855822777753834,0.1269105968625832,0.05003652425473459,0.06364449101565206,2,20,0.19097387173396674,3.5565506554384485,8420,7300,0.2528928141289764,0.30414398092951367,0.546003394439281,1.2026596405163135
india_daily,persistence,2,5,rung4_wls_series,0.11937935881975173,0.15500989408480925,0.059059273764248355,0.07509096215149447,2,20,0.07078384798099763,2.5881121631290016,8420,7300,0.2528928141289764,0.30414398092951367,0.546003394439281,1.2026596405163135
india_daily,persistence,2,5,rung4_wls_cell,0.11944421731789037,0.1544983529402041,0.05879834306123699,0.0748171688991982,2,20,0.09061757719714965,3.021552858020703,8420,7300,0.2528928141289764,0.30414398092951367,0.546003394439281,1.2026596405163135
india_daily,persistence,2,5,rung0_none,0.0,0.0,0.0,0.0,0,20,0.0,0.0,8420,7300,0.2528928141289764,0.30414398092951367,0.546003394439281,1.2026596405163135
india_daily,persistence,2,6,rung1_global,0.09890408894140419,0.1227670124523057,0.04728036795592609,0.05791067046140008,2,20,0.0,0.8008680094413425,8420,7300,0.17926996955298885,0.23240262719264268,0.5645326626786431,1.2963834811381993
india_daily,persistence,2,6,rung2_series,0.12328941998990932,0.16032874600748637,0.05945521828733698,0.0758569518745601,0,20,0.0,1.4444640624376115,8420,7300,0.17926996955298885,0.23240262719264268,0.5645326626786431,1.2963834811381993
india_daily,persistence,2,6,rung3_cell,0.12268273698447238,0.15906806948222652,0.058398664428548054,0.07449647875450893,0,20,0.027553444180522565,1.9339078462348955,8420,7300,0.17926996955298885,0.23240262719264268,0.5645326626786431,1.2963834811381993
india_daily,persistence,2,6,rung5_raw_ratio,0.09055830606478879,0.1317791713930272,0.0418009413545107,0.06259927567058376,4,20,0.44287410926365794,48189934540.585075,8420,7300,0.17926996955298885,0.23240262719264268,0.5645326626786431,1.2963834811381993
india_daily,persistence,2,6,rung5_ridge,0.10280244694596577,0.14194564394072284,0.053008304302719744,0.07027598331832285,3,20,0.2508313539192399,1347.6879680352033,8420,7300,0.17926996955298885,0.23240262719264268,0.5645326626786431,1.2963834811381993
india_daily,persistence,2,6,rung5_wls,0.09143921605424013,0.10821271505153673,0.04566562877654858,0.05556878755219652,2,20,0.19109263657957246,4.800986219019161,8420,7300,0.17926996955298885,0.23240262719264268,0.5645326626786431,1.2963834811381993
india_daily,persistence,2,6,rung5_wls_bagged,0.08890871484584387,0.10907912429108269,0.043953636320514,0.05496230458111506,3,20,0.14097387173396675,3.1765984632840523,8420,7300,0.17926996955298885,0.23240262719264268,0.5645326626786431,1.2963834811381993
india_daily,persistence,2,6,rung4_wls_series,0.11274068739178984,0.14161026552758216,0.05486632407862122,0.06887020662785759,2,20,0.04703087885985748,2.195530863380424,8420,7300,0.17926996955298885,0.23240262719264268,0.5645326626786431,1.2963834811381993
india_daily,persistence,2,6,rung4_wls_cell,0.11245562926420434,0.1413439301332724,0.05450213159996433,0.06864865983663393,2,20,0.06021377672209026,2.230862287370952,8420,7300,0.17926996955298885,0.23240262719264268,0.5645326626786431,1.2963834811381993
india_daily,persistence,2,6,rung0_none,0.0,0.0,0.0,0.0,0,20,0.0,0.0,8420,7300,0.17926996955298885,0.23240262719264268,0.5645326626786431,1.2963834811381993
india_daily,persistence,2,7,rung1_global,0.11162172403161168,0.1503851375354881,0.05356597078014953,0.07042492392774768,3,20,0.0,0.8156412185078998,8420,7300,0.254655789793086,0.25717572137984446,0.5024616807794656,1.009895441956399
india_daily,persistence,2,7,rung2_series,0.12463406280244978,0.17032061798283016,0.05897647967791673,0.07933947631488403,1,20,0.0,1.435385830749802,8420,7300,0.254655789793086,0.25717572137984446,0.5024616807794656,1.009895441956399
india_daily,persistence,2,7,rung3_cell,0.12321595178955594,0.1692714346131734,0.058410706075907794,0.07868657532889356,1,20,0.05534441805225653,2.127252068845606,8420,7300,0.254655789793086,0.25717572137984446,0.5024616807794656,1.009895441956399
india_daily,persistence,2,7,rung5_raw_ratio,0.08152373079068301,0.13465169407943034,0.03496863644698687,0.05948086221805926,5,20,0.3958432304038005,64889721675.527504,8420,7300,0.254655789793086,0.25717572137984446,0.5024616807794656,1.009895441956399
india_daily,persistence,2,7,rung5_ridge,0.09894265434219005,0.139739218709807,0.04930128932198389,0.06612916647571554,3,20,0.21496437054631828,276.7670020934939,8420,7300,0.254655789793086,0.25717572137984446,0.5024616807794656,1.009895441956399
india_daily,persistence,2,7,rung5_wls,0.09101555026083503,0.12163030361313665,0.0441320610588078,0.05771147439641555,2,20,0.1836104513064133,6.563196257946648,8420,7300,0.254655789793086,0.25717572137984446,0.5024616807794656,1.009895441956399
india_daily,persistence,2,7,rung5_wls_bagged,0.09820289857223885,0.1314019089631535,0.04695935972723728,0.062466754324862483,3,20,0.13693586698337293,5.098061098827531,8420,7300,0.254655789793086,0.25717572137984446,0.5024616807794656,1.009895441956399
india_daily,persistence,2,7,rung4_wls_series,0.11945599857943101,0.1626998675850495,0.05788611743127307,0.07738464992643768,1,20,0.03729216152019002,2.9683186799666803,8420,7300,0.254655789793086,0.25717572137984446,0.5024616807794656,1.009895441956399
india_daily,persistence,2,7,rung4_wls_cell,0.1187578653154574,0.16246936393011324,0.05768855816750975,0.07740527386929796,1,20,0.050475059382422804,2.9370928169143777,8420,7300,0.254655789793086,0.25717572137984446,0.5024616807794656,1.009895441956399
india_daily,persistence,2,7,rung0_none,0.0,0.0,0.0,0.0,0,20,0.0,0.0,8420,7300,0.254655789793086,0.25717572137984446,0.5024616807794656,1.009895441956399
india_daily,persistence,2,8,rung1_global,0.1068748348430987,0.14023779186382812,0.049743209149541424,0.06531656857683632,2,20,0.0,0.9234006080417457,8420,7300,0.26671658262993325,0.287736932801492,0.5189559174813805,1.0788115608121909
india_daily,persistence,2,8,rung2_series,0.12080095272367272,0.16520312678426596,0.057171460045763636,0.07666533389867358,2,20,0.1,1.5153550128216038,8420,7300,0.26671658262993325,0.287736932801492,0.5189559174813805,1.0788115608121909
india_daily,persistence,2,8,rung3_cell,0.12125401160089129,0.16369598917150707,0.05667865825615361,0.07597968354536544,2,20,0.15950118764845606,2.0678816238800217,8420,7300,0.26671658262993325,0.287736932801492,0.5189559174813805,1.0788115608121909
india_daily,persistence,2,8,rung5_raw_ratio,0.09281723795075147,0.14040258795585014,0.04104950852843995,0.06356059985513995,5,20,0.46247030878859857,51837012685.60735,8420,7300,0.26671658262993325,0.287736932801492,0.5189559174813805,1.0788115608121909
india_daily,persistence,2,8,rung5_ridge,0.09920350281805279,0.13859929969396279,0.048806739238079946,0.06636930245703332,5,20,0.2516627078384798,280.21518198049245,8420,7300,0.26671658262993325,0.287736932801492,0.5189559174813805,1.0788115608121909
india_daily,persistence,2,8,rung5_wls,0.08942167531198987,0.11787015384934485,0.04301399705863312,0.05645596802562669,4,20,0.24061757719714966,5.103195049214707,8420,7300,0.26671658262993325,0.287736932801492,0.5189559174813805,1.0788115608121909
india_daily,persistence,2,8,rung5_wls_bagged,0.08809912794122088,0.10776490430810726,0.04423770419211749,0.05634552642886703,3,20,0.2029691211401425,3.46573622910784,8420,7300,0.26671658262993325,0.287736932801492,0.5189559174813805,1.0788115608121909
india_daily,persistence,2,8,rung4_wls_series,0.1081582166887101,0.1388178766337662,0.05205932516997029,0.06738390545066808,2,20,0.08836104513064133,2.370562828581569,8420,7300,0.26671658262993325,0.287736932801492,0.5189559174813805,1.0788115608121909
india_daily,persistence,2,8,rung4_wls_cell,0.10851955292802443,0.138442116020006,0.05202436069020864,0.06738180724097509,2,20,0.10665083135391924,2.459986117353083,8420,7300,0.26671658262993325,0.287736932801492,0.5189559174813805,1.0788115608121909
india_daily,persistence,2,8,rung0_none,0.0,0.0,0.0,0.0,0,20,0.0,0.0,8420,7300,0.26671658262993325,0.287736932801492,0.5189559174813805,1.0788115608121909
india_daily,persistence,2,9,rung1_global,0.10125759848785207,0.13088568132056622,0.04779520662300863,0.06012543345549448,3,20,0.0,0.8817536384647864,8420,7300,0.24276012501879896,0.254183725620994,0.5114938544741903,1.0470571540581899
india_daily,persistence,2,9,rung2_series,0.1240059567892869,0.16222036432117493,0.057769476380434656,0.07441283398223353,2,20,0.0,1.380603339255989,8420,7300,0.24276012501879896,0.254183725620994,0.5114938544741903,1.0470571540581899
india_daily,persistence,2,9,rung3_cell,0.12239288016953039,0.1599033803265516,0.05610559939563433,0.07277362984721414,2,20,0.049524940617577194,2.1938458473129,8420,7300,0.24276012501879896,0.254183725620994,0.5114938544741903,1.0470571540581899
india_daily,persistence,2,9,rung5_raw_ratio,0.08943245423790624,0.1291554394085641,0.03915054288684173,0.05724207045066343,5,20,0.38206650831353917,45858267417.31255,8420,7300,0.24276012501879896,0.254183725620994,0.5114938544741903,1.0470571540581899
india_daily,persistence,2,9,rung5_ridge,0.10010886057252595,0.1324038085918262,0.050250185060912944,0.06267062265599788,4,20,0.22707838479809977,556.6875497749559,8420,7300,0.24276012501879896,0.254183725620994,0.5114938544741903,1.0470571540581899
india_daily,persistence,2,9,rung5_wls,0.09192283657597954,0.11138861130233046,0.043227271669106414,0.053639434520485696,3,20,0.18717339667458432,5.531219782758545,8420,7300,0.24276012501879896,0.254183725620994,0.5114938544741903,1.0470571540581899
india_daily,persistence,2,9,rung5_wls_bagged,0.09050647991381486,0.11516490751372821,0.04341937362874866,0.05464669763642749,3,20,0.1501187648456057,4.107279792389929,8420,7300,0.24276012501879896,0.254183725620994,0.5114938544741903,1.0470571540581899
india_daily,persistence,2,9,rung4_wls_series,0.11396244743231865,0.14310127060956224,0.05395893742650976,0.06749247622592613,3,20,0.04691211401425178,2.763975346756106,8420,7300,0.24276012501879896,0.254183725620994,0.5114938544741903,1.0470571540581899
india_daily,persistence,2,9,rung4_wls_cell,0.11325162858329492,0.1420904152707525,0.05317541720892718,0.0668039981107702,3,20,0.0663895486935867,3.1725555511621053,8420,7300,0.24276012501879896,0.254183725620994,0.5114938544741903,1.0470571540581899
india_daily,persistence,2,9,rung0_none,0.0,0.0,0.0,0.0,0,20,0.0,0.0,8420,7300,0.24276012501879896,0.254183725620994,0.5114938544741903,1.0470571540581899
india_daily,persistence,3,0,rung1_global,0.09646512507590801,0.1180749128463533,0.04202039830770849,0.051383744560215217,1,20,0.0,0.8615350058972,8400,7300,0.24183358376970945,0.32182406703373634,0.5709566198116954,1.330766645463929
india_daily,persistence,3,0,rung2_series,0.12245738236965024,0.15465555756103366,0.05703540017999771,0.07024803594594198,0,20,0.0,1.3930206325823158,8400,7300,0.24183358376970945,0.32182406703373634,0.5709566198116954,1.330766645463929
india_daily,persistence,3,0,rung3_cell,0.11855113670746802,0.1512120658987085,0.05542294583759253,0.0687365805800868,0,20,0.09047619047619047,2.1385697479062453,8400,7300,0.24183358376970945,0.32182406703373634,0.5709566198116954,1.330766645463929
india_daily,persistence,3,0,rung5_raw_ratio,0.08620822609766485,0.11205674260086151,0.03983205338368556,0.05188377703525515,3,20,0.3672619047619048,80732118595.95131,8400,7300,0.24183358376970945,0.32182406703373634,0.5709566198116954,1.330766645463929
india_daily,persistence,3,0,rung5_ridge,0.09287605869308806,0.1150919012594519,0.04807774583004746,0.05619427745297789,2,20,0.21607142857142858,140.02423758325455,8400,7300,0.24183358376970945,0.32182406703373634,0.5709566198116954,1.330766645463929
india_daily,persistence,3,0,rung5_wls,0.07993193553390031,0.09823999375049597,0.039585779683078956,0.04587202949301861,1,20,0.21535714285714286,4.292462409666687,8400,7300,0.24183358376970945,0.32182406703373634,0.5709566198116954,1.330766645463929
india_daily,persistence,3,0,rung5_wls_bagged,0.06157038787910994,0.07117862951114284,0.02909103889671131,0.03425545661123275,1,20,0.1838095238095238,3.9514781408019424,8400,7300,0.24183358376970945,0.32182406703373634,0.5709566198116954,1.330766645463929
india_daily,persistence,3,0,rung4_wls_series,0.09663135460758943,0.11844595430808558,0.04469816299063895,0.05421079100235382,1,20,0.07023809523809524,2.738109213619319,8400,7300,0.24183358376970945,0.32182406703373634,0.5709566198116954,1.330766645463929
india_daily,persistence,3,0,rung4_wls_cell,0.0957804373758637,0.1178166921573458,0.04430135543271345,0.053827785911490844,1,20,0.07833333333333334,2.969084909841598,8400,7300,0.24183358376970945,0.32182406703373634,0.5709566198116954,1.330766645463929
india_daily,persistence,3,0,rung0_none,0.0,0.0,0.0,0.0,0,20,0.0,0.0,8400,7300,0.24183358376970945,0.32182406703373634,0.5709566198116954,1.330766645463929
india_daily,persistence,3,1,rung1_global,0.08873728224437102,0.11207512793771535,0.03701454551098242,0.04800472587487281,2,20,0.0,0.7990293401057211,8400,7300,0.2182151761043745,0.25775156020972795,0.5415327176133401,1.1811807263416125
india_daily,persistence,3,1,rung2_series,0.1110915882443498,0.14879488369122051,0.04833233927991678,0.0660971270231343,2,20,0.0,1.3712206334910633,8400,7300,0.2182151761043745,0.25775156020972795,0.5415327176133401,1.1811807263416125
india_daily,persistence,3,1,rung3_cell,0.10521494162203963,0.1437008636652749,0.04485383555353143,0.06259977410535378,2,20,0.06190476190476191,1.7806888646582428,8400,7300,0.2182151761043745,0.25775156020972795,0.5415327176133401,1.1811807263416125
india_daily,persistence,3,1,rung5_raw_ratio,0.05468987267809446,0.06957819453407899,0.02063017242388828,0.03320526312063077,3,20,0.38511904761904764,43388597228.46355,8400,7300,0.2182151761043745,0.25775156020972795,0.5415327176133401,1.1811807263416125
india_daily,persistence,3,1,rung5_ridge,0.06691816446352442,0.07413095238534606,0.03118495611849791,0.03837487523519667,3,20,0.2394047619047619,6828.72760848658,8400,7300,0.2182151761043745,0.25775156020972795,0.5415327176133401,1.1811807263416125
india_daily,persistence,3,1,rung5_wls,0.0620457989331088,0.07801023494529447,0.024824556818672655,0.035791461875433805,3,20,0.17952380952380953,4.229694520066347,8400,7300,0.2182151761043745,0.25775156020972795,0.5415327176133401,1.1811807263416125
india_daily,persistence,3,1,rung5_wls_bagged,0.07367329010563015,0.08776230061935208,0.03314437941160321,0.04099136674595405,1,20,0.13107142857142856,3.684817331975446,8400,7300,0.2182151761043745,0.25775156020972795,0.5415327176133401,1.1811807263416125
india_daily,persistence,3,1,rung4_wls_series,0.10145354873477186,0.12877714521341654,0.045631741998471295,0.05893913983183996,1,20,0.034523809523809526,2.379083814524336,8400,7300,0.2182151761043745,0.25775156020972795,0.5415327176133401,1.1811807263416125
india_daily,persistence,3,1,rung4_wls_cell,0.09951896539179203,0.12727261181799798,0.044310200156263926,0.05770189272234327,1,20,0.04476190476190476,2.6585485442958534,8400,7300,0.2182151761043745,0.25775156020972795,0.5415327176133401,1.1811807263416125
india_daily,persistence,3,1,rung0_none,0.0,0.0,0.0,0.0,0,20,0.0,0.0,8400,7300,0.2182151761043745,0.25775156020972795,0.5415327176133401,1.1811807263416125
india_daily,persistence,3,2,rung1_global,0.10124728852256645,0.12897203304380567,0.043868634802520165,0.05594684240072734,2,20,0.0,0.8306362818130345,8400,7300,0.20614898592012534,0.2852534198637727,0.5804884479731615,1.3837245843852815
india_daily,persistence,3,2,rung2_series,0.11529386581200227,0.15203073322764815,0.05101540589060109,0.06710579658750404,0,20,0.0,1.386635928707447,8400,7300,0.20614898592012534,0.2852534198637727,0.5804884479731615,1.3837245843852815
india_daily,persistence,3,2,rung3_cell,0.11214926465976913,0.14870540996699366,0.048933199903010295,0.06461641245398941,0,20,0.06190476190476191,2.0471172363031935,8400,7300,0.20614898592012534,0.2852534198637727,0.5804884479731615,1.3837245843852815
india_daily,persistence,3,2,rung5_raw_ratio,0.06871115067707431,0.09092510043756807,0.026220662086130296,0.04084557461357974,4,20,0.3339285714285714,97097260717.69525,8400,7300,0.20614898592012534,0.2852534198637727,0.5804884479731615,1.3837245843852815
india_daily,persistence,3,2,rung5_ridge,0.08102323482696303,0.09643567691354693,0.03793696433190531,0.04699001007847314,2,20,0.17821428571428571,106.48073182546092,8400,7300,0.20614898592012534,0.2852534198637727,0.5804884479731615,1.3837245843852815
india_daily,persistence,3,2,rung5_wls,0.07431188602429621,0.07800025411134859,0.03390322983532041,0.038378137626107534,1,20,0.17833333333333334,4.261637104169756,8400,7300,0.20614898592012534,0.2852534198637727,0.5804884479731615,1.3837245843852815
india_daily,persistence,3,2,rung5_wls_bagged,0.06401800982641451,0.07202388652231928,0.028648619957242494,0.033069154028960934,1,20,0.15738095238095237,4.542593974328582,8400,7300,0.20614898592012534,0.2852534198637727,0.5804884479731615,1.3837245843852815
india_daily,persistence,3,2,rung4_wls_series,0.09080148533333703,0.10971751872186819,0.04090296770833997,0.049750359129509536,1,20,0.04726190476190476,2.9369773088457025,8400,7300,0.20614898592012534,0.2852534198637727,0.5804884479731615,1.3837245843852815
india_daily,persistence,3,2,rung4_wls_cell,0.08980013243091722,0.10884363888597326,0.040208114991780244,0.04903153470055199,1,20,0.060714285714285714,2.920400143235045,8400,7300,0.20614898592012534,0.2852534198637727,0.5804884479731615,1.3837245843852815
india_daily,persistence,3,2,rung0_none,0.0,0.0,0.0,0.0,0,20,0.0,0.0,8400,7300,0.20614898592012534,0.2852534198637727,0.5804884479731615,1.3837245843852815
india_daily,persistence,3,3,rung1_global,0.08892540773722697,0.10990336869779616,0.03681591017774632,0.045605014638364416,2,20,0.0,0.811406818786462,8400,7300,0.2276297262112298,0.2809996916734432,0.5524644894549872,1.2344595600518737
india_daily,persistence,3,3,rung2_series,0.111873928070277,0.14738706403864243,0.047451115389628075,0.06298219349201761,1,20,0.0,1.4424264560804692,8400,7300,0.2276297262112298,0.2809996916734432,0.5524644894549872,1.2344595600518737
india_daily,persistence,3,3,rung3_cell,0.10743927111792106,0.14376501913340733,0.04626365331925869,0.06145472196089219,2,20,0.09047619047619047,1.917465631828717,8400,7300,0.2276297262112298,0.2809996916734432,0.5524644894549872,1.2344595600518737
india_daily,persistence,3,3,rung5_raw_ratio,0.06735182627063419,0.08316944636116619,0.026349488913946773,0.03803351593252191,4,20,0.35035714285714287,61845813166.44702,8400,7300,0.2276297262112298,0.2809996916734432,0.5524644894549872,1.2344595600518737
india_daily,persistence,3,3,rung5_ridge,0.0787631478284317,0.09003012689467071,0.03664833263577088,0.043997415910927984,3,20,0.21761904761904763,364.771357674952,8400,7300,0.2276297262112298,0.2809996916734432,0.5524644894549872,1.2344595600518737
india_daily,persistence,3,3,rung5_wls,0.06686401056834115,0.07644370030490799,0.027806724540970336,0.032129040639375495,1,20,0.195,3.515649180020189,8400,7300,0.2276297262112298,0.2809996916734432,0.5524644894549872,1.2344595600518737
india_daily,persistence,3,3,rung5_wls_bagged,0.03903409133117401,0.03591455688937317,0.019172638408593307,0.020728528172804572,1,20,0.15035714285714286,3.6527478572599277,8400,7300,0.2276297262112298,0.2809996916734432,0.5524644894549872,1.2344595600518737
india_daily,persistence,3,3,rung4_wls_series,0.08233621419531116,0.09707977034809812,0.03558981127927831,0.0431886489183233,1,20,0.05071428571428571,2.4827913220702955,8400,7300,0.2276297262112298,0.2809996916734432,0.5524644894549872,1.2344595600518737
india_daily,persistence,3,3,rung4_wls_cell,0.08071957881841677,0.09626490756516926,0.035113611457221194,0.04275849695171141,2,20,0.06678571428571428,2.686911903272389,8400,7300,0.2276297262112298,0.2809996916734432,0.5524644894549872,1.2344595600518737
india_daily,persistence,3,3,rung0_none,0.0,0.0,0.0,0.0,0,20,0.0,0.0,8400,7300,0.2276297262112298,0.2809996916734432,0.5524644894549872,1.2344595600518737
india_daily,persistence,3,4,rung1_global,0.08781097711589454,0.10386833140286289,0.03812528205375339,0.04556237839161359,1,20,0.0,0.8581497222109605,8400,7300,0.25542370024526584,0.33577696013651154,0.5679576878680719,1.3145881130611137
india_daily,persistence,3,4,rung2_series,0.11889493703373603,0.14952446746843018,0.05225826333745687,0.06722680606597387,1,20,0.05,1.555434664279724,8400,7300,0.25542370024526584,0.33577696013651154,0.5679576878680719,1.3145881130611137
india_daily,persistence,3,4,rung3_cell,0.11570005057037995,0.14680574154679504,0.0513720910175808,0.06612147826952242,1,20,0.0838095238095238,2.2215652281677007,8400,7300,0.25542370024526584,0.33577696013651154,0.5679576878680719,1.3145881130611137
india_daily,persistence,3,4,rung5_raw_ratio,0.07875456184872354,0.10361102376992815,0.033676843892908356,0.04651945855211237,2,20,0.3867857142857143,89472793975.3669,8400,7300,0.25542370024526584,0.33577696013651154,0.5679576878680719,1.3145881130611137
india_daily,persistence,3,4,rung5_ridge,0.09014926108747193,0.10922237134900614,0.044514311944749405,0.05199596509178084,1,20,0.2317857142857143,3240.801593091858,8400,7300,0.25542370024526584,0.33577696013651154,0.5679576878680719,1.3145881130611137
india_daily,persistence,3,4,rung5_wls,0.07614033358629047,0.08500108465585021,0.03616357315591417,0.04023551106126666,1,20,0.2305952380952381,4.446392898874641,8400,7300,0.25542370024526584,0.33577696013651154,0.5679576878680719,1.3145881130611137
india_daily,persistence,3,4,rung5_wls_bagged,0.07087497248319066,0.08114312548981883,0.034430076162656545,0.039644506191282236,1,20,0.21011904761904762,3.900051342452778,8400,7300,0.25542370024526584,0.33577696013651154,0.5679576878680719,1.3145881130611137
india_daily,persistence,3,4,rung4_wls_series,0.10231309744860204,0.12300666478557565,0.04738485756749892,0.05718803727383259,1,20,0.08035714285714286,2.717622341406816,8400,7300,0.25542370024526584,0.33577696013651154,0.5679576878680719,1.3145881130611137
india_daily,persistence,3,4,rung4_wls_cell,0.10127198274125213,0.12241066186793181,0.0470029416581212,0.056844349057002974,1,20,0.09416666666666666,2.825672169911332,8400,7300,0.25542370024526584,0.33577696013651154,0.5679576878680719,1.3145881130611137
india_daily,persistence,3,4,rung0_none,0.0,0.0,0.0,0.0,0,20,0.0,0.0,8400,7300,0.25542370024526584,0.33577696013651154,0.5679576878680719,1.3145881130611137
india_daily,persistence,3,5,rung1_global,0.088087269945088,0.10645764478851927,0.03855843587583841,0.045640272706639284,1,20,0.0,0.7910542724140133,8400,7300,0.21978537700953774,0.27929358263854337,0.5596180268458593,1.2707559822163383
india_daily,persistence,3,5,rung2_series,0.1138189091087309,0.14768338367938816,0.051434994635920384,0.06632138450219827,1,20,0.0,1.3782833328737072,8400,7300,0.21978537700953774,0.27929358263854337,0.5596180268458593,1.2707559822163383
india_daily,persistence,3,5,rung3_cell,0.10886068921188938,0.14317820465487074,0.04929165553942251,0.06392413701272126,1,20,0.09047619047619047,1.9874854436280587,8400,7300,0.21978537700953774,0.27929358263854337,0.5596180268458593,1.2707559822163383
india_daily,persistence,3,5,rung5_raw_ratio,0.06463449902837567,0.08186029344070211,0.0259664548920928,0.03619882742269487,3,20,0.36333333333333334,78256798229.06412,8400,7300,0.21978537700953774,0.27929358263854337,0.5596180268458593,1.2707559822163383
india_daily,persistence,3,5,rung5_ridge,0.0753193834040129,0.0873986684540321,0.03763550225453782,0.04287834272477531,1,20,0.20142857142857143,2424.893757458948,8400,7300,0.21978537700953774,0.27929358263854337,0.5596180268458593,1.2707559822163383
india_daily,persistence,3,5,rung5_wls,0.06885890241130488,0.08143046949276989,0.03014945326626519,0.03798088425290658,1,20,0.19166666666666668,4.23662231857085,8400,7300,0.21978537700953774,0.27929358263854337,0.5596180268458593,1.2707559822163383
india_daily,persistence,3,5,rung5_wls_bagged,0.0696577658649076,0.08189869322006527,0.032029111473776906,0.039313027903104314,1,20,0.15880952380952382,3.4465796571648077,8400,7300,0.21978537700953774,0.27929358263854337,0.5596180268458593,1.2707559822163383
india_daily,persistence,3,5,rung4_wls_series,0.1005111946209671,0.12356286028998686,0.04637709398234833,0.05755681981082106,1,20,0.04904761904761905,2.4478312394155446,8400,7300,0.21978537700953774,0.27929358263854337,0.5596180268458593,1.2707559822163383
india_daily,persistence,3,5,rung4_wls_cell,0.09904072448135559,0.12244994768675332,0.04567874931996006,0.05695234888443701,1,20,0.06345238095238095,2.804020868389705,8400,7300,0.21978537700953774,0.27929358263854337,0.5596180268458593,1.2707559822163383
india_daily,persistence,3,5,rung0_none,0.0,0.0,0.0,0.0,0,20,0.0,0.0,8400,7300,0.21978537700953774,0.27929358263854337,0.5596180268458593,1.2707559822163383
india_daily,persistence,3,6,rung1_global,0.08736083480148307,0.10697909649592374,0.037056675761307625,0.045862395070553674,1,20,0.0,0.8214800598811904,8400,7300,0.1857435462625196,0.2514301088987974,0.5751263964111006,1.353641157165375
india_daily,persistence,3,6,rung2_series,0.11087361604694386,0.1424296763575994,0.049509347065386164,0.06495459172745999,0,20,0.0,1.471047119129357,8400,7300,0.1857435462625196,0.2514301088987974,0.5751263964111006,1.353641157165375
india_daily,persistence,3,6,rung3_cell,0.10390746180955386,0.13671730832781903,0.04586738730010669,0.06148845623788424,1,20,0.05523809523809524,1.9128506948972364,8400,7300,0.1857435462625196,0.2514301088987974,0.5751263964111006,1.353641157165375
india_daily,persistence,3,6,rung5_raw_ratio,0.0709624553884656,0.09487563892852457,0.02926952522843033,0.04383180649398177,3,20,0.39130952380952383,70315014605.54024,8400,7300,0.1857435462625196,0.2514301088987974,0.5751263964111006,1.353641157165375
india_daily,persistence,3,6,rung5_ridge,0.08295749490484998,0.09835483767246667,0.040785225769583336,0.04855758438993252,2,20,0.19297619047619047,61.55942618076669,8400,7300,0.1857435462625196,0.2514301088987974,0.5751263964111006,1.353641157165375
india_daily,persistence,3,6,rung5_wls,0.07502144546998958,0.07790264462275931,0.03469102692354166,0.03886828405050147,1,20,0.1794047619047619,3.776956080382059,8400,7300,0.1857435462625196,0.2514301088987974,0.5751263964111006,1.353641157165375
india_daily,persistence,3,6,rung5_wls_bagged,0.04896518478470823,0.043765157081043005,0.023778191549287554,0.024640609617410658,1,20,0.14107142857142857,3.103074409131861,8400,7300,0.1857435462625196,0.2514301088987974,0.5751263964111006,1.353641157165375
india_daily,persistence,3,6,rung4_wls_series,0.08380644547868685,0.09432899696952834,0.0378377402095922,0.044590712016384426,1,20,0.04607142857142857,2.2159683522049027,8400,7300,0.1857435462625196,0.2514301088987974,0.5751263964111006,1.353641157165375
india_daily,persistence,3,6,rung4_wls_cell,0.0818195994330449,0.09307774390026458,0.036970348314448606,0.04391192760939744,1,20,0.059404761904761905,2.338441531346641,8400,7300,0.1857435462625196,0.2514301088987974,0.5751263964111006,1.353641157165375
india_daily,persistence,3,6,rung0_none,0.0,0.0,0.0,0.0,0,20,0.0,0.0,8400,7300,0.1857435462625196,0.2514301088987974,0.5751263964111006,1.353641157165375
india_daily,persistence,3,7,rung1_global,0.0774502893668176,0.08609182561094386,0.03424697058591069,0.03778953087696624,2,20,0.0,0.7568419990190018,8400,7300,0.21641413988857655,0.2729041162630295,0.5577231440522328,1.2610271972225915
india_daily,persistence,3,7,rung2_series,0.11232063223088236,0.1374326667562088,0.050514157591835994,0.06298447275641372,0,20,0.0,1.4087057553938853,8400,7300,0.21641413988857655,0.2729041162630295,0.5577231440522328,1.2610271972225915
india_daily,persistence,3,7,rung3_cell,0.10641717200665166,0.13341341874891322,0.04767752798920118,0.06035184836515439,0,20,0.05523809523809524,1.92144923859316,8400,7300,0.21641413988857655,0.2729041162630295,0.5577231440522328,1.2610271972225915
india_daily,persistence,3,7,rung5_raw_ratio,0.06984378030095799,0.08949360586928379,0.028419157715144194,0.04074261236186849,4,20,0.3494047619047619,76167094924.3748,8400,7300,0.21641413988857655,0.2729041162630295,0.5577231440522328,1.2610271972225915
india_daily,persistence,3,7,rung5_ridge,0.08045102783541683,0.09373872903874336,0.04044529346580932,0.047202869254272306,2,20,0.2017857142857143,196.6007281906855,8400,7300,0.21641413988857655,0.2729041162630295,0.5577231440522328,1.2610271972225915
india_daily,persistence,3,7,rung5_wls,0.05341560644038127,0.06230446671827217,0.024761528410720057,0.029437879826333613,1,20,0.1838095238095238,3.9068013566066213,8400,7300,0.21641413988857655,0.2729041162630295,0.5577231440522328,1.2610271972225915
india_daily,persistence,3,7,rung5_wls_bagged,0.05125790387567122,0.04999034008072789,0.026406133261434817,0.027639448950374956,1,20,0.13095238095238096,3.3832265342466163,8400,7300,0.21641413988857655,0.2729041162630295,0.5577231440522328,1.2610271972225915
india_daily,persistence,3,7,rung4_wls_series,0.09235175677392644,0.1076815569240116,0.04322021050788505,0.05067658896606575,1,20,0.04369047619047619,2.508432832776135,8400,7300,0.21641413988857655,0.2729041162630295,0.5577231440522328,1.2610271972225915
india_daily,persistence,3,7,rung4_wls_cell,0.09028481632321647,0.10637439934866932,0.04242925789724341,0.050029127043369925,1,20,0.05357142857142857,2.736716267829176,8400,7300,0.21641413988857655,0.2729041162630295,0.5577231440522328,1.2610271972225915
india_daily,persistence,3,7,rung0_none,0.0,0.0,0.0,0.0,0,20,0.0,0.0,8400,7300,0.21641413988857655,0.2729041162630295,0.5577231440522328,1.2610271972225915
india_daily,persistence,3,8,rung1_global,0.09057980604731171,0.10554127680935421,0.0394416709770855,0.046243973757209456,1,20,0.0,0.8439209155100984,8400,7300,0.23978637936319647,0.30706451880749486,0.561514152824248,1.2805753171759369
india_daily,persistence,3,8,rung2_series,0.12016035915036236,0.14736388834753367,0.052959762923764364,0.0665429417706932,1,20,0.0,1.4593892236970565,8400,7300,0.23978637936319647,0.30706451880749486,0.561514152824248,1.2805753171759369
india_daily,persistence,3,8,rung3_cell,0.11563505743654882,0.14333662564268124,0.05097025125593606,0.06461613575298164,1,20,0.0838095238095238,2.0168735408889695,8400,7300,0.23978637936319647,0.30706451880749486,0.561514152824248,1.2805753171759369
india_daily,persistence,3,8,rung5_raw_ratio,0.07545726112900862,0.09908002097831681,0.03032126724679405,0.044586699966369214,3,20,0.4029761904761905,83891148295.19295,8400,7300,0.23978637936319647,0.30706451880749486,0.561514152824248,1.2805753171759369
india_daily,persistence,3,8,rung5_ridge,0.08493840843421945,0.10076026891907186,0.04099800793279283,0.04909004683638185,2,20,0.22952380952380952,1095.3277950400363,8400,7300,0.23978637936319647,0.30706451880749486,0.561514152824248,1.2805753171759369
india_daily,persistence,3,8,rung5_wls,0.07249492503534419,0.08335647055573892,0.03387014798372436,0.03846466573614893,1,20,0.22357142857142856,4.815459661036682,8400,7300,0.23978637936319647,0.30706451880749486,0.561514152824248,1.2805753171759369
india_daily,persistence,3,8,rung5_wls_bagged,0.07132024889890183,0.07290388503906764,0.03416518954310953,0.03664164023161609,1,20,0.1692857142857143,3.8721349037532895,8400,7300,0.23978637936319647,0.30706451880749486,0.561514152824248,1.2805753171759369
india_daily,persistence,3,8,rung4_wls_series,0.09974046254070815,0.11292726164971956,0.04513991916537321,0.052397720723513785,1,20,0.065,2.719298285033073,8400,7300,0.23978637936319647,0.30706451880749486,0.561514152824248,1.2805753171759369
india_daily,persistence,3,8,rung4_wls_cell,0.09845817327376008,0.11227414160103188,0.04431188007901919,0.051728679279029355,1,20,0.08392857142857142,2.9287927554507243,8400,7300,0.23978637936319647,0.30706451880749486,0.561514152824248,1.2805753171759369
india_daily,persistence,3,8,rung0_none,0.0,0.0,0.0,0.0,0,20,0.0,0.0,8400,7300,0.23978637936319647,0.30706451880749486,0.561514152824248,1.2805753171759369
india_daily,persistence,3,9,rung1_global,0.08244122263454175,0.09865957111510637,0.035934583153824896,0.04241245152453477,2,20,0.0,0.8344290575205717,8400,7300,0.21454362421249082,0.2637531698273345,0.5514424790507233,1.2293684829622575
india_daily,persistence,3,9,rung2_series,0.1047441113841531,0.13358584220719472,0.04737348168205492,0.059533719345709835,2,20,0.0,1.4068653258236314,8400,7300,0.21454362421249082,0.2637531698273345,0.5514424790507233,1.2293684829622575
india_daily,persistence,3,9,rung3_cell,0.09918450880481122,0.12872258054683916,0.04480604558752876,0.056641038161080126,2,20,0.05523809523809524,1.6810079017620125,8400,7300,0.21454362421249082,0.2637531698273345,0.5514424790507233,1.2293684829622575
india_daily,persistence,3,9,rung5_raw_ratio,0.07347826720760052,0.0937840540202971,0.03255294865647369,0.042917306127476684,4,20,0.37214285714285716,88307331699.82982,8400,7300,0.21454362421249082,0.2637531698273345,0.5514424790507233,1.2293684829622575
india_daily,persistence,3,9,rung5_ridge,0.08130004224856564,0.09727281578428038,0.04079065583884961,0.04720422820265946,3,20,0.22476190476190477,263.5854695660809,8400,7300,0.21454362421249082,0.2637531698273345,0.5514424790507233,1.2293684829622575
india_daily,persistence,3,9,rung5_wls,0.06617465975139805,0.07887448451806323,0.030333727522652797,0.03567371863835744,2,20,0.19845238095238096,3.7504386203556086,8400,7300,0.21454362421249082,0.2637531698273345,0.5514424790507233,1.2293684829622575
india_daily,persistence,3,9,rung5_wls_bagged,0.049342738770494096,0.04980619594705915,0.022589882914622487,0.024622884026312297,2,20,0.1523809523809524,3.5611157994556457,8400,7300,0.21454362421249082,0.2637531698273345,0.5514424790507233,1.2293684829622575
india_daily,persistence,3,9,rung4_wls_series,0.08528245639939018,0.09930207067943952,0.038586721048438175,0.045930329557104854,1,20,0.04238095238095238,2.333483867768451,8400,7300,0.21454362421249082,0.2637531698273345,0.5514424790507233,1.2293684829622575
india_daily,persistence,3,9,rung4_wls_cell,0.0836218441601508,0.09834867685492066,0.038148010076676904,0.04559466254865352,1,20,0.04988095238095238,2.555305199415709,8400,7300,0.21454362421249082,0.2637531698273345,0.5514424790507233,1.2293684829622575
india_daily,persistence,3,9,rung0_none,0.0,0.0,0.0,0.0,0,20,0.0,0.0,8400,7300,0.21454362421249082,0.2637531698273345,0.5514424790507233,1.2293684829622575
india_daily,persistence,7,0,rung1_global,0.05444110741687389,0.07260184435114436,0.02414645468028393,0.028287782058026623,4,20,0.0,0.7750306429056176,8320,7300,0.303733542099712,0.433549313234814,0.5880366132182749,1.4274001818754845
india_daily,persistence,7,0,rung2_series,0.06900461341783723,0.0863768789772934,0.028421539710866434,0.033054582806644195,3,20,0.05,1.6492644662231286,8320,7300,0.303733542099712,0.433549313234814,0.5880366132182749,1.4274001818754845
india_daily,persistence,7,0,rung3_cell,0.06631352748187183,0.08494942164256503,0.028007150574027657,0.03237228460793906,4,20,0.04975961538461538,2.477797286791388,8320,7300,0.303733542099712,0.433549313234814,0.5880366132182749,1.4274001818754845
india_daily,persistence,7,0,rung5_raw_ratio,0.03921765251795921,0.05130808590346014,0.012184312935590835,0.020359413226863854,3,20,0.3816105769230769,57384657753.35084,8320,7300,0.303733542099712,0.433549313234814,0.5880366132182749,1.4274001818754845
india_daily,persistence,7,0,rung5_ridge,0.051845027679607456,0.057264524130361094,0.02272643895687872,0.026373013576373228,2,20,0.14423076923076922,1660.486508003816,8320,7300,0.303733542099712,0.433549313234814,0.5880366132182749,1.4274001818754845
india_daily,persistence,7,0,rung5_wls,0.0201856560540712,0.023429802571327984,0.004204520173476484,0.006745433169956239,5,20,0.26490384615384616,4.321792364516477,8320,7300,0.303733542099712,0.433549313234814,0.5880366132182749,1.4274001818754845
india_daily,persistence,7,0,rung5_wls_bagged,0.03154616717054716,0.035552169007974976,0.009231987048308365,0.010721944778011805,4,20,0.25408653846153845,3.82455000853656,8320,7300,0.303733542099712,0.433549313234814,0.5880366132182749,1.4274001818754845
india_daily,persistence,7,0,rung4_wls_series,0.05436958020344644,0.061797294410162795,0.020932791953162055,0.02273705502103751,4,20,0.10757211538461539,2.653233477720865,8320,7300,0.303733542099712,0.433549313234814,0.5880366132182749,1.4274001818754845
india_daily,persistence,7,0,rung4_wls_cell,0.05471873483039404,0.06200024591359299,0.021489790989119777,0.023034713948425378,4,20,0.11538461538461539,2.7250816795154176,8320,7300,0.303733542099712,0.433549313234814,0.5880366132182749,1.4274001818754845
india_daily,persistence,7,0,rung0_none,0.0,0.0,0.0,0.0,0,20,0.0,0.0,8320,7300,0.303733542099712,0.433549313234814,0.5880366132182749,1.4274001818754845
india_daily,persistence,7,1,rung1_global,0.048085942589943705,0.05306340454863179,0.018859076723704894,0.018693029618289225,5,20,0.0,0.6951669270818245,8320,7300,0.22971385202596958,0.28748332011196415,0.5558485923726085,1.2514844776511937
india_daily,persistence,7,1,rung2_series,0.06265463877596991,0.06985990391998942,0.021773026765207586,0.025186513088562013,5,20,0.0,1.4855491452609575,8320,7300,0.22971385202596958,0.28748332011196415,0.5558485923726085,1.2514844776511937
india_daily,persistence,7,1,rung3_cell,0.0609999642529724,0.070060513822503,0.022047809624634866,0.025115787877919016,5,20,0.017427884615384616,2.516185223861223,8320,7300,0.22971385202596958,0.28748332011196415,0.5558485923726085,1.2514844776511937
india_daily,persistence,7,1,rung5_raw_ratio,0.019707174091190154,0.018426409940326405,0.001160328182591891,0.0038501915800749353,7,20,0.3310096153846154,57778053077.23789,8320,7300,0.22971385202596958,0.28748332011196415,0.5558485923726085,1.2514844776511937
india_daily,persistence,7,1,rung5_ridge,0.03394178437886823,0.026193088398894226,0.013118504167342209,0.011555544489591396,5,20,0.10889423076923077,191.49750864215827,8320,7300,0.22971385202596958,0.28748332011196415,0.5558485923726085,1.2514844776511937
india_daily,persistence,7,1,rung5_wls,0.02015725625172069,0.016890731439643925,0.0050114848350160555,0.004303810634608274,5,20,0.19903846153846153,6.077019020871851,8320,7300,0.22971385202596958,0.28748332011196415,0.5558485923726085,1.2514844776511937
india_daily,persistence,7,1,rung5_wls_bagged,0.008475327699595848,0.00249183818398524,-0.0035113801439579763,-0.005253422142557751,6,20,0.16802884615384617,3.6736053858801356,8320,7300,0.22971385202596958,0.28748332011196415,0.5558485923726085,1.2514844776511937
india_daily,persistence,7,1,rung4_wls_series,0.04415526889121798,0.045672615033234165,0.012735979823888282,0.013755675722458838,4,20,0.043870192307692304,2.4848391907126275,8320,7300,0.22971385202596958,0.28748332011196415,0.5558485923726085,1.2514844776511937
india_daily,persistence,7,1,rung4_wls_cell,0.04458586301958509,0.04640748814084383,0.013048513334707208,0.01409817425601012,4,20,0.05384615384615385,2.4596329645903707,8320,7300,0.22971385202596958,0.28748332011196415,0.5558485923726085,1.2514844776511937
india_daily,persistence,7,1,rung0_none,0.0,0.0,0.0,0.0,0,20,0.0,0.0,8320,7300,0.22971385202596958,0.28748332011196415,0.5558485923726085,1.2514844776511937
india_daily,persistence,7,2,rung1_global,0.047554598094746804,0.05283944337240354,0.020799226096266804,0.02182669629281031,2,20,0.0,0.7000680972926114,8320,7300,0.21455821509408557,0.3073578866876916,0.5889028631965902,1.4325151174142299
india_daily,persistence,7,2,rung2_series,0.06388993475369835,0.07234819724600638,0.02514908390599709,0.028736734145025533,5,20,0.0,1.4697043723668175,8320,7300,0.21455821509408557,0.3073578866876916,0.5889028631965902,1.4325151174142299
india_daily,persistence,7,2,rung3_cell,0.06046949001425058,0.07031326472084243,0.023524304908629397,0.02741851083731217,4,20,0.02391826923076923,2.1033620482353244,8320,7300,0.21455821509408557,0.3073578866876916,0.5889028631965902,1.4325151174142299
india_daily,persistence,7,2,rung5_raw_ratio,0.020613746355168595,0.01663016174903431,0.001158916843680502,0.0033504396889724175,4,20,0.3596153846153846,98278886211.72112,8320,7300,0.21455821509408557,0.3073578866876916,0.5889028631965902,1.4325151174142299
india_daily,persistence,7,2,rung5_ridge,0.03770016489333754,0.025221212142765292,0.01545373541280099,0.011839528255517484,4,20,0.12163461538461538,395.1462805872865,8320,7300,0.21455821509408557,0.3073578866876916,0.5889028631965902,1.4325151174142299
india_daily,persistence,7,2,rung5_wls,0.008675151751799903,-0.005836608699581136,0.0015977261567364954,-0.00145671369179734,6,20,0.17091346153846154,3.70973352612808,8320,7300,0.21455821509408557,0.3073578866876916,0.5889028631965902,1.4325151174142299
india_daily,persistence,7,2,rung5_wls_bagged,0.01592866551743332,0.0019899541334574833,0.001635705518414593,-0.0011511476331800274,5,20,0.1734375,4.37968450864581,8320,7300,0.21455821509408557,0.3073578866876916,0.5889028631965902,1.4325151174142299
india_daily,persistence,7,2,rung4_wls_series,0.04226446775151208,0.034291822254341464,0.014108958823383737,0.013173106490891096,5,20,0.05600961538461539,2.937843247048762,8320,7300,0.21455821509408557,0.3073578866876916,0.5889028631965902,1.4325151174142299
india_daily,persistence,7,2,rung4_wls_cell,0.04179026374739278,0.033934003869518614,0.014473203751178521,0.0134190267100317,5,20,0.06322115384615384,2.9408613162477737,8320,7300,0.21455821509408557,0.3073578866876916,0.5889028631965902,1.4325151174142299
india_daily,persistence,7,2,rung0_none,0.0,0.0,0.0,0.0,0,20,0.0,0.0,8320,7300,0.21455821509408557,0.3073578866876916,0.5889028631965902,1.4325151174142299
india_daily,persistence,7,3,rung1_global,0.045303543167797486,0.05737024690038828,0.01959062442112904,0.02102612620464639,5,20,0.0,0.6993692639512409,8320,7300,0.23867459325962856,0.3479945491816092,0.5931700237949112,1.4580292959924024
india_daily,persistence,7,3,rung2_series,0.05793789189514775,0.07372002545738754,0.02228275756249628,0.0264845845502808,7,20,0.05,1.5522625765319764,8320,7300,0.23867459325962856,0.3479945491816092,0.5931700237949112,1.4580292959924024
india_daily,persistence,7,3,rung3_cell,0.05662012470650901,0.07325410753015027,0.021989633980212593,0.026166943449253632,8,20,0.04975961538461538,2.2446255296029545,8320,7300,0.23867459325962856,0.3479945491816092,0.5931700237949112,1.4580292959924024
india_daily,persistence,7,3,rung5_raw_ratio,0.021725979106242892,0.024348073524978364,0.0022422793673958887,0.005812648699750733,5,20,0.3722355769230769,56696415512.24148,8320,7300,0.23867459325962856,0.3479945491816092,0.5931700237949112,1.4580292959924024
india_daily,persistence,7,3,rung5_ridge,0.0329790360761568,0.028621668258926647,0.0128554490676755,0.011106042436043073,4,20,0.15432692307692308,67.98946942991984,8320,7300,0.23867459325962856,0.3479945491816092,0.5931700237949112,1.4580292959924024
india_daily,persistence,7,3,rung5_wls,0.023654563318171545,0.019468502818204003,0.0074589164610668725,0.005524582352407381,5,20,0.21634615384615385,3.4884306583359,8320,7300,0.23867459325962856,0.3479945491816092,0.5931700237949112,1.4580292959924024
india_daily,persistence,7,3,rung5_wls_bagged,0.021495439484691355,0.023885649581632196,0.006362498186782112,0.007171218941032342,5,20,0.2326923076923077,3.3151544682529748,8320,7300,0.23867459325962856,0.3479945491816092,0.5931700237949112,1.4580292959924024
india_daily,persistence,7,3,rung4_wls_series,0.04539545256877879,0.052604768774332955,0.017198591166155887,0.01932207423128607,5,20,0.08521634615384616,2.567027140165413,8320,7300,0.23867459325962856,0.3479945491816092,0.5931700237949112,1.4580292959924024
india_daily,persistence,7,3,rung4_wls_cell,0.04612324981107914,0.05339088254808011,0.0175563664368076,0.019577942889276057,5,20,0.09290865384615385,2.5889250451787666,8320,7300,0.23867459325962856,0.3479945491816092,0.5931700237949112,1.4580292959924024
india_daily,persistence,7,3,rung0_none,0.0,0.0,0.0,0.0,0,20,0.0,0.0,8320,7300,0.23867459325962856,0.3479945491816092,0.5931700237949112,1.4580292959924024
india_daily,persistence,7,4,rung1_global,0.05349984805851941,0.05634496681213663,0.022760677524668965,0.022539220653619907,3,20,0.0,0.6782845111755801,8320,7300,0.2111839515417974,0.3515462800069137,0.6247154680838987,1.6646448626440058
india_daily,persistence,7,4,rung2_series,0.06480119907193245,0.06911557916354438,0.023931943706644625,0.026961907370214866,4,20,0.0,1.4698929306345285,8320,7300,0.2111839515417974,0.3515462800069137,0.6247154680838987,1.6646448626440058
india_daily,persistence,7,4,rung3_cell,0.06183839762570838,0.0688566423862439,0.022078450539755955,0.02572921789385707,4,20,0.015865384615384615,2.238045179900402,8320,7300,0.2111839515417974,0.3515462800069137,0.6247154680838987,1.6646448626440058
india_daily,persistence,7,4,rung5_raw_ratio,0.02830085813444483,0.03080675460322313,0.0014426906050373888,0.008734198475880861,5,20,0.39855769230769234,77795563771.45265,8320,7300,0.2111839515417974,0.3515462800069137,0.6247154680838987,1.6646448626440058
india_daily,persistence,7,4,rung5_ridge,0.03968668225814781,0.03711704850009667,0.012248669739760038,0.015392964162099787,4,20,0.1563701923076923,245.14721041449837,8320,7300,0.2111839515417974,0.3515462800069137,0.6247154680838987,1.6646448626440058
india_daily,persistence,7,4,rung5_wls,0.01741346879397545,-0.006578969420311553,0.0024381581852285896,-0.0023497454421363972,5,20,0.23197115384615385,4.499607439808018,8320,7300,0.2111839515417974,0.3515462800069137,0.6247154680838987,1.6646448626440058
india_daily,persistence,7,4,rung5_wls_bagged,0.02805154356922749,0.011936043436600152,0.009024506009327759,0.005839988761582093,5,20,0.19819711538461537,3.9457745158311552,8320,7300,0.2111839515417974,0.3515462800069137,0.6247154680838987,1.6646448626440058
india_daily,persistence,7,4,rung4_wls_series,0.05029229344843049,0.041760820081051864,0.018709552582131472,0.01822281498703293,6,20,0.08449519230769231,2.639357785549259,8320,7300,0.2111839515417974,0.3515462800069137,0.6247154680838987,1.6646448626440058
india_daily,persistence,7,4,rung4_wls_cell,0.05072475689501018,0.04269827083536626,0.018739253344676,0.018388105741166783,6,20,0.08990384615384615,2.639357785549259,8320,7300,0.2111839515417974,0.3515462800069137,0.6247154680838987,1.6646448626440058
india_daily,persistence,7,4,rung0_none,0.0,0.0,0.0,0.0,0,20,0.0,0.0,8320,7300,0.2111839515417974,0.3515462800069137,0.6247154680838987,1.6646448626440058
india_daily,persistence,7,5,rung1_global,0.055959783766770264,0.056706876821199126,0.023404149772966915,0.023081840647150353,3,20,0.0,0.7338052703181143,8320,7300,0.25633993894196955,0.34523880316877315,0.573887970105864,1.3468006764522504
india_daily,persistence,7,5,rung2_series,0.06972914740283266,0.0682718418684144,0.02616041698842394,0.02762818377983456,3,20,0.05,1.5528879629301655,8320,7300,0.25633993894196955,0.34523880316877315,0.573887970105864,1.3468006764522504
india_daily,persistence,7,5,rung3_cell,0.06610932024431142,0.06648251992723797,0.023334389738708335,0.025324819831784473,2,20,0.033533653846153845,1.8979950593169843,8320,7300,0.25633993894196955,0.34523880316877315,0.573887970105864,1.3468006764522504
india_daily,persistence,7,5,rung5_raw_ratio,0.035282146059691495,0.02951911831968035,0.005559819086094697,0.009427690689832846,5,20,0.39771634615384616,64235902156.36848,8320,7300,0.25633993894196955,0.34523880316877315,0.573887970105864,1.3468006764522504
india_daily,persistence,7,5,rung5_ridge,0.05013218161457948,0.035030711000547,0.018837394314451406,0.016740945647486183,3,20,0.1371394230769231,85.56256943401645,8320,7300,0.25633993894196955,0.34523880316877315,0.573887970105864,1.3468006764522504
india_daily,persistence,7,5,rung5_wls,0.029156621058923193,0.006257641460790553,0.008595422038694362,0.004504964244954168,5,20,0.22896634615384615,3.2115640452007925,8320,7300,0.25633993894196955,0.34523880316877315,0.573887970105864,1.3468006764522504
india_daily,persistence,7,5,rung5_wls_bagged,0.02420285134024843,0.007037528962686945,0.005146582386413317,0.0020479510722714034,4,20,0.22776442307692307,3.5950304883026165,8320,7300,0.25633993894196955,0.34523880316877315,0.573887970105864,1.3468006764522504
india_daily,persistence,7,5,rung4_wls_series,0.052065036811385676,0.039620681586182704,0.018118370637238628,0.016554656193139117,4,20,0.07608173076923076,2.522497644324626,8320,7300,0.25633993894196955,0.34523880316877315,0.573887970105864,1.3468006764522504
india_daily,persistence,7,5,rung4_wls_cell,0.05208301636225412,0.03968280926087375,0.01767923509945472,0.01623616807965267,4,20,0.07848557692307692,2.619604483239929,8320,7300,0.25633993894196955,0.34523880316877315,0.573887970105864,1.3468006764522504
india_daily,persistence,7,5,rung0_none,0.0,0.0,0.0,0.0,0,20,0.0,0.0,8320,7300,0.25633993894196955,0.34523880316877315,0.573887970105864,1.3468006764522504
india_daily,persistence,7,6,rung1_global,0.04882732268291698,0.0519523441433275,0.020185068026855667,0.019132798468004864,4,20,0.0,0.6656322067860027,8320,7300,0.20131780369717095,0.3361450586926375,0.6254293686413627,1.669723454753551
india_daily,persistence,7,6,rung2_series,0.060866143896752226,0.06734932660692838,0.021226028742532425,0.02337987606103531,5,20,0.0,1.4243802580824811,8320,7300,0.20131780369717095,0.3361450586926375,0.6254293686413627,1.669723454753551
india_daily,persistence,7,6,rung3_cell,0.05680757143501194,0.06502026010647122,0.019578478838588875,0.02201892948866091,8,20,0.017427884615384616,2.1357142250878614,8320,7300,0.20131780369717095,0.3361450586926375,0.6254293686413627,1.669723454753551
india_daily,persistence,7,6,rung5_raw_ratio,0.03701404670036184,0.03161439441835445,0.006624132335542032,0.009887112784608187,5,20,0.3760817307692308,30115103749.736988,8320,7300,0.20131780369717095,0.3361450586926375,0.6254293686413627,1.669723454753551
india_daily,persistence,7,6,rung5_ridge,0.05032984649075965,0.038673041953288356,0.020556708404524348,0.018149739973017498,4,20,0.13052884615384616,1488.961262651055,8320,7300,0.20131780369717095,0.3361450586926375,0.6254293686413627,1.669723454753551
india_daily,persistence,7,6,rung5_wls,0.009988267408150425,-0.00954849553236703,-0.001805226149990502,-0.008056150373250581,6,20,0.21911057692307692,4.647351958291094,8320,7300,0.20131780369717095,0.3361450586926375,0.6254293686413627,1.669723454753551
india_daily,persistence,7,6,rung5_wls_bagged,0.00957730975642988,-0.0037526698267298375,-0.003460259326294057,-0.007615179978346154,5,20,0.19170673076923078,3.5973520947898985,8320,7300,0.20131780369717095,0.3361450586926375,0.6254293686413627,1.669723454753551
india_daily,persistence,7,6,rung4_wls_series,0.03637916583247031,0.02935718440587609,0.009656988804810257,0.00824857100272347,5,20,0.08088942307692308,2.608367100561737,8320,7300,0.20131780369717095,0.3361450586926375,0.6254293686413627,1.669723454753551
india_daily,persistence,7,6,rung4_wls_cell,0.036757244334367695,0.030124304762816023,0.009797357614326752,0.0084191642418866,5,20,0.08521634615384616,2.659894671734786,8320,7300,0.20131780369717095,0.3361450586926375,0.6254293686413627,1.669723454753551
india_daily,persistence,7,6,rung0_none,0.0,0.0,0.0,0.0,0,20,0.0,0.0,8320,7300,0.20131780369717095,0.3361450586926375,0.6254293686413627,1.669723454753551
india_daily,persistence,7,7,rung1_global,0.05689997604239022,0.06435710642118586,0.025240576616962728,0.025832863122266958,3,20,0.0,0.6540894656121403,8320,7300,0.21799716939888922,0.29317202965844413,0.5735322672005548,1.3448432861162551
india_daily,persistence,7,7,rung2_series,0.06892063134626672,0.0774503825344719,0.02765169783660139,0.03009265169771924,4,20,0.0,1.3544899915566713,8320,7300,0.21799716939888922,0.29317202965844413,0.5735322672005548,1.3448432861162551
india_daily,persistence,7,7,rung3_cell,0.0673470825724177,0.07627484681119256,0.027373745492689304,0.029615282594708248,2,20,0.009375,1.8344172027431587,8320,7300,0.21799716939888922,0.29317202965844413,0.5735322672005548,1.3448432861162551
india_daily,persistence,7,7,rung5_raw_ratio,0.03175927553663004,0.032374571717818434,0.005854666487742954,0.011106650003944729,4,20,0.35673076923076924,51627032263.77584,8320,7300,0.21799716939888922,0.29317202965844413,0.5735322672005548,1.3448432861162551
india_daily,persistence,7,7,rung5_ridge,0.04546305897781439,0.04228039338750755,0.018754740586310752,0.019861448112092783,2,20,0.12067307692307692,1058.6743691240122,8320,7300,0.21799716939888922,0.29317202965844413,0.5735322672005548,1.3448432861162551
india_daily,persistence,7,7,rung5_wls,0.02797280315994289,0.015399511796247434,0.008404818946095006,0.005487550910898253,5,20,0.20721153846153847,3.6467249329366824,8320,7300,0.21799716939888922,0.29317202965844413,0.5735322672005548,1.3448432861162551
india_daily,persistence,7,7,rung5_wls_bagged,0.03282871261394356,0.020556649900806523,0.009362290130502705,0.006172373299421552,5,20,0.16009615384615383,3.1502954861658314,8320,7300,0.21799716939888922,0.29317202965844413,0.5735322672005548,1.3448432861162551
india_daily,persistence,7,7,rung4_wls_series,0.05905189767448886,0.05471899252603185,0.022393413250729445,0.02141338038415863,3,20,0.04555288461538461,2.180953065158335,8320,7300,0.21799716939888922,0.29317202965844413,0.5735322672005548,1.3448432861162551
india_daily,persistence,7,7,rung4_wls_cell,0.059488827590536565,0.054836235764032404,0.02279201697175804,0.02160632710856436,3,20,0.0453125,2.1856044936588446,8320,7300,0.21799716939888922,0.29317202965844413,0.5735322672005548,1.3448432861162551
india_daily,persistence,7,7,rung0_none,0.0,0.0,0.0,0.0,0,20,0.0,0.0,8320,7300,0.21799716939888922,0.29317202965844413,0.5735322672005548,1.3448432861162551
india_daily,persistence,7,8,rung1_global,0.0444381597705348,0.04834351770539336,0.017734196162203952,0.017319946564200883,3,20,0.0,0.6852324398511234,8320,7300,0.23540054758311357,0.3192988370864718,0.5756250068253937,1.3564065180168536
india_daily,persistence,7,8,rung2_series,0.06042538728655197,0.0641850289029674,0.021556890450376794,0.02321390299238113,3,20,0.05,1.603612977911448,8320,7300,0.23540054758311357,0.3192988370864718,0.5756250068253937,1.3564065180168536
india_daily,persistence,7,8,rung3_cell,0.05876357954938766,0.06523717909809279,0.0203157357196517,0.023006080828618436,5,20,0.04326923076923077,1.9975390583750814,8320,7300,0.23540054758311357,0.3192988370864718,0.5756250068253937,1.3564065180168536
india_daily,persistence,7,8,rung5_raw_ratio,0.017399202246322614,0.013274205408508544,-0.000867000648890498,0.001655369018502939,5,20,0.4034855769230769,69171769393.41035,8320,7300,0.23540054758311357,0.3192988370864718,0.5756250068253937,1.3564065180168536
india_daily,persistence,7,8,rung5_ridge,0.03719621176042747,0.025493186535431978,0.014591348090585566,0.012041219122224445,4,20,0.12788461538461537,122.80611971869057,8320,7300,0.23540054758311357,0.3192988370864718,0.5756250068253937,1.3564065180168536
india_daily,persistence,7,8,rung5_wls,0.006546844465524171,-0.0009212137430698597,-0.0005358263983669842,-0.0026840755521895243,6,20,0.2378605769230769,4.415854710481243,8320,7300,0.23540054758311357,0.3192988370864718,0.5756250068253937,1.3564065180168536
india_daily,persistence,7,8,rung5_wls_bagged,0.021497769622963642,0.009642963252054715,0.006166586900802018,0.002526794286490275,5,20,0.16983173076923078,3.5321255938541336,8320,7300,0.23540054758311357,0.3192988370864718,0.5756250068253937,1.3564065180168536
india_daily,persistence,7,8,rung4_wls_series,0.04808237308341635,0.041283860540063166,0.018027801107351145,0.01672007317404789,5,20,0.062259615384615385,2.4600897225502205,8320,7300,0.23540054758311357,0.3192988370864718,0.5756250068253937,1.3564065180168536
india_daily,persistence,7,8,rung4_wls_cell,0.049012814361810125,0.04258464627814995,0.018278086510519244,0.01719338864757325,6,20,0.06358173076923077,2.4694684575620425,8320,7300,0.23540054758311357,0.3192988370864718,0.5756250068253937,1.3564065180168536
india_daily,persistence,7,8,rung0_none,0.0,0.0,0.0,0.0,0,20,0.0,0.0,8320,7300,0.23540054758311357,0.3192988370864718,0.5756250068253937,1.3564065180168536
india_daily,persistence,7,9,rung1_global,0.05477451302577827,0.05863809993788871,0.02529607790802891,0.024939090345162618,3,20,0.0,0.6836009538250349,8320,7300,0.24079436311296373,0.3038384887307607,0.5578776375721517,1.261817281778399
india_daily,persistence,7,9,rung2_series,0.06801338811820876,0.07583791047900179,0.027455105219097036,0.030561355336950924,5,20,0.05,1.5414729806051242,8320,7300,0.24079436311296373,0.3038384887307607,0.5578776375721517,1.261817281778399
india_daily,persistence,7,9,rung3_cell,0.06419018138886498,0.07406257868284827,0.025876922281977847,0.02903159009041889,5,20,0.04002403846153846,1.9652937554523544,8320,7300,0.24079436311296373,0.3038384887307607,0.5578776375721517,1.261817281778399
india_daily,persistence,7,9,rung5_raw_ratio,0.029009874220279886,0.04129702904192689,0.0075792471694283384,0.014706209400912718,6,20,0.34194711538461536,77591262070.53586,8320,7300,0.24079436311296373,0.3038384887307607,0.5578776375721517,1.261817281778399
india_daily,persistence,7,9,rung5_ridge,0.052015843756096955,0.05171865507754925,0.023969490705082024,0.02468158572122847,3,20,0.1201923076923077,5058.167143179814,8320,7300,0.24079436311296373,0.3038384887307607,0.5578776375721517,1.261817281778399
india_daily,persistence,7,9,rung5_wls,0.021815595083506344,0.016877672597369164,0.005196664974851789,0.00529599679612669,6,20,0.23918269230769232,3.9280570126328587,8320,7300,0.24079436311296373,0.3038384887307607,0.5578776375721517,1.261817281778399
india_daily,persistence,7,9,rung5_wls_bagged,0.028682189575832462,0.025195844586862748,0.010681151563597224,0.011093557658285569,6,20,0.1675480769230769,3.9430935183128213,8320,7300,0.24079436311296373,0.3038384887307607,0.5578776375721517,1.261817281778399
india_daily,persistence,7,9,rung4_wls_series,0.057064120183252576,0.0588640236983724,0.023592846698963894,0.025490776842397422,5,20,0.04603365384615385,2.638514922965037,8320,7300,0.24079436311296373,0.3038384887307607,0.5578776375721517,1.261817281778399
india_daily,persistence,7,9,rung4_wls_cell,0.05646003646826039,0.058613308391559094,0.023460035132349854,0.02531429311392419,5,20,0.05048076923076923,2.644698316106517,8320,7300,0.24079436311296373,0.3038384887307607,0.5578776375721517,1.261817281778399
india_daily,persistence,7,9,rung0_none,0.0,0.0,0.0,0.0,0,20,0.0,0.0,8320,7300,0.24079436311296373,0.3038384887307607,0.5578776375721517,1.261817281778399
india_daily,roll7,1,0,rung1_global,0.17261265177324653,0.1567578304650623,0.08571724219006038,0.08078304867756225,1,20,0.0,0.9676186795649832,8440,7300,0.14809947759761147,0.16265294858572826,0.5234165042037844,1.0982682128539225
india_daily,roll7,1,0,rung2_series,0.2014422886543817,0.18323858114621439,0.10092030923132081,0.0976931482372847,0,20,0.0,1.1770694138342035,8440,7300,0.14809947759761147,0.16265294858572826,0.5234165042037844,1.0982682128539225
india_daily,roll7,1,0,rung3_cell,0.20037785143686704,0.18376788760904061,0.10049238608414779,0.09784704346851114,0,20,0.027606635071090048,1.8021878121100359,8440,7300,0.14809947759761147,0.16265294858572826,0.5234165042037844,1.0982682128539225
india_daily,roll7,1,0,rung5_raw_ratio,0.13168530647123342,0.10489737465935045,0.062129460030436144,0.0556341029163967,2,20,0.36481042654028434,67665295687.048485,8440,7300,0.14809947759761147,0.16265294858572826,0.5234165042037844,1.0982682128539225
india_daily,roll7,1,0,rung5_ridge,0.1387952709640001,0.11029285150221824,0.0692956316906486,0.0606077846589651,1,20,0.1354265402843602,419.54850725953634,8440,7300,0.14809947759761147,0.16265294858572826,0.5234165042037844,1.0982682128539225
india_daily,roll7,1,0,rung5_wls,0.14980575899877194,0.1209714826432845,0.07454882226592922,0.06614170657846474,1,20,0.1240521327014218,4.122309985589149,8440,7300,0.14809947759761147,0.16265294858572826,0.5234165042037844,1.0982682128539225
india_daily,roll7,1,0,rung5_wls_bagged,0.160688132657116,0.14346311892773111,0.08027836162500664,0.07698900819159726,1,20,0.11291469194312796,3.4671689298699464,8440,7300,0.14809947759761147,0.16265294858572826,0.5234165042037844,1.0982682128539225
india_daily,roll7,1,0,rung4_wls_series,0.19023571197786027,0.17620075402945312,0.09401900443169364,0.09222485683267923,1,20,0.022156398104265403,2.208583060681873,8440,7300,0.14809947759761147,0.16265294858572826,0.5234165042037844,1.0982682128539225
india_daily,roll7,1,0,rung4_wls_cell,0.19013342903109104,0.17677754491540165,0.09414015082693088,0.09246026869832646,1,20,0.028791469194312795,2.3800816079188776,8440,7300,0.14809947759761147,0.16265294858572826,0.5234165042037844,1.0982682128539225
india_daily,roll7,1,0,rung0_none,0.0,0.0,0.0,0.0,0,20,0.0,0.0,8440,7300,0.14809947759761147,0.16265294858572826,0.5234165042037844,1.0982682128539225
india_daily,roll7,1,1,rung1_global,0.1752248476659338,0.15759378739233942,0.0910773276464499,0.08397475325337556,1,20,0.0,0.985568356993801,8440,7300,0.13662126683189857,0.12779515050416185,0.4833101960599535,0.9353972003597614
india_daily,roll7,1,1,rung2_series,0.20832467286891135,0.19008283042524476,0.10907629166778036,0.10487003144463902,1,20,0.0,1.204582692338013,8440,7300,0.13662126683189857,0.12779515050416185,0.4833101960599535,0.9353972003597614
india_daily,roll7,1,1,rung3_cell,0.2064752968523338,0.18943532290681886,0.10814927278964526,0.10394267113003941,1,20,0.027606635071090048,1.5702277297463008,8440,7300,0.13662126683189857,0.12779515050416185,0.4833101960599535,0.9353972003597614
india_daily,roll7,1,1,rung5_raw_ratio,0.1365638770329866,0.11804249487791552,0.07148186621904953,0.06537258592477069,2,20,0.3456161137440758,55868552738.20556,8440,7300,0.13662126683189857,0.12779515050416185,0.4833101960599535,0.9353972003597614
india_daily,roll7,1,1,rung5_ridge,0.14397089866812926,0.1258638575297656,0.07592544822368757,0.06919183264476214,1,20,0.1354265402843602,1711.0350337859704,8440,7300,0.13662126683189857,0.12779515050416185,0.4833101960599535,0.9353972003597614
india_daily,roll7,1,1,rung5_wls,0.15239379579143106,0.12699853959847296,0.08226687475673264,0.07282306163227548,1,20,0.10829383886255924,5.882289722447567,8440,7300,0.13662126683189857,0.12779515050416185,0.4833101960599535,0.9353972003597614
india_daily,roll7,1,1,rung5_wls_bagged,0.15303583308273516,0.1237571899054678,0.08445099987059654,0.07558074660577474,1,20,0.08684834123222748,2.843763681626736,8440,7300,0.13662126683189857,0.12779515050416185,0.4833101960599535,0.9353972003597614
india_daily,roll7,1,1,rung4_wls_series,0.190151665010675,0.1674594025045667,0.09941449294050723,0.09336515718267813,1,20,0.012440758293838863,1.857502128546546,8440,7300,0.13662126683189857,0.12779515050416185,0.4833101960599535,0.9353972003597614
india_daily,roll7,1,1,rung4_wls_cell,0.19023736737598346,0.16844692994763755,0.09925861949223438,0.0932614681097933,1,20,0.01694312796208531,2.04262879894944,8440,7300,0.13662126683189857,0.12779515050416185,0.4833101960599535,0.9353972003597614
india_daily,roll7,1,1,rung0_none,0.0,0.0,0.0,0.0,0,20,0.0,0.0,8440,7300,0.13662126683189857,0.12779515050416185,0.4833101960599535,0.9353972003597614
india_daily,roll7,1,2,rung1_global,0.18408238947931613,0.1681959986563093,0.09400489372491619,0.08866977839506662,1,20,0.0,0.9873147482794844,8440,7300,0.1412559431725238,0.15853610266989396,0.5288202434604508,1.1223322651724816
india_daily,roll7,1,2,rung2_series,0.21047861964884085,0.19466323985651146,0.1091259150355195,0.10558111719657803,1,20,0.0,1.205449527301236,8440,7300,0.1412559431725238,0.15853610266989396,0.5288202434604508,1.1223322651724816
india_daily,roll7,1,2,rung3_cell,0.2095493214762223,0.19397304090975287,0.10834673720643162,0.1049824213020818,1,20,0.011966824644549763,1.7694978087389925,8440,7300,0.1412559431725238,0.15853610266989396,0.5288202434604508,1.1223322651724816
india_daily,roll7,1,2,rung5_raw_ratio,0.13919556327233415,0.11687142708746778,0.06992581641340587,0.06430160161375076,1,20,0.4132701421800948,73867477891.0693,8440,7300,0.1412559431725238,0.15853610266989396,0.5288202434604508,1.1223322651724816
india_daily,roll7,1,2,rung5_ridge,0.14753611866859212,0.12478931036595364,0.07758776800734493,0.07054278230713618,1,20,0.17417061611374407,1008.2162153789982,8440,7300,0.1412559431725238,0.15853610266989396,0.5288202434604508,1.1223322651724816
india_daily,roll7,1,2,rung5_wls,0.14732559142039992,0.11714329784705335,0.07787364605673743,0.06707331024159924,1,20,0.12950236966824644,4.685611880754042,8440,7300,0.1412559431725238,0.15853610266989396,0.5288202434604508,1.1223322651724816
india_daily,roll7,1,2,rung5_wls_bagged,0.15817368859462455,0.13176750612142873,0.08254530075029032,0.07402478933283874,1,20,0.10900473933649289,3.887059623342535,8440,7300,0.1412559431725238,0.15853610266989396,0.5288202434604508,1.1223322651724816
india_daily,roll7,1,2,rung4_wls_series,0.18829700484084774,0.16636418539137077,0.0964072046765356,0.09007359942780413,1,20,0.02132701421800948,2.4418656933257235,8440,7300,0.1412559431725238,0.15853610266989396,0.5288202434604508,1.1223322651724816
india_daily,roll7,1,2,rung4_wls_cell,0.18841070515974062,0.16630796825782046,0.09631893410949409,0.08999616276596267,1,20,0.02618483412322275,2.6132316175994896,8440,7300,0.1412559431725238,0.15853610266989396,0.5288202434604508,1.1223322651724816
india_daily,roll7,1,2,rung0_none,0.0,0.0,0.0,0.0,0,20,0.0,0.0,8440,7300,0.1412559431725238,0.15853610266989396,0.5288202434604508,1.1223322651724816
india_daily,roll7,1,3,rung1_global,0.17296412289239493,0.15376989057808566,0.08741766774924467,0.0809831537699729,1,20,0.0,0.9890973870548063,8440,7300,0.14758970202717833,0.1676125808062212,0.5317619507686528,1.1356658256234957
india_daily,roll7,1,3,rung2_series,0.2053967054694643,0.18289448354583038,0.10534401572451413,0.10118790099813701,0,20,0.0,1.2162634125325982,8440,7300,0.14758970202717833,0.1676125808062212,0.5317619507686528,1.1356658256234957
india_daily,roll7,1,3,rung3_cell,0.20359117909054253,0.18182681574074966,0.10385999256683283,0.10019663259499978,0,20,0.011966824644549763,1.647903108949681,8440,7300,0.14758970202717833,0.1676125808062212,0.5317619507686528,1.1356658256234957
india_daily,roll7,1,3,rung5_raw_ratio,0.1261318972142807,0.09113224304302381,0.0663180042945513,0.05681050493705442,2,20,0.3901658767772512,58626677091.43889,8440,7300,0.14758970202717833,0.1676125808062212,0.5317619507686528,1.1356658256234957
india_daily,roll7,1,3,rung5_ridge,0.13136882351427964,0.09779649323126893,0.07191335659558454,0.061556307546343225,1,20,0.13850710900473934,4209.967944698404,8440,7300,0.14758970202717833,0.1676125808062212,0.5317619507686528,1.1356658256234957
india_daily,roll7,1,3,rung5_wls,0.13339177662595642,0.09944336895424188,0.07111060418166479,0.06038806870157887,2,20,0.14052132701421802,6.558704079610759,8440,7300,0.14758970202717833,0.1676125808062212,0.5317619507686528,1.1356658256234957
india_daily,roll7,1,3,rung5_wls_bagged,0.14998981518818738,0.12238297761811712,0.07872140816262849,0.070077122416627,1,20,0.12203791469194313,3.913489315897518,8440,7300,0.14758970202717833,0.1676125808062212,0.5317619507686528,1.1356658256234957
india_daily,roll7,1,3,rung4_wls_series,0.18498754301983686,0.1617770486827642,0.09333248230192517,0.08724077361717764,1,20,0.027843601895734597,2.5578172382914337,8440,7300,0.14758970202717833,0.1676125808062212,0.5317619507686528,1.1356658256234957
india_daily,roll7,1,3,rung4_wls_cell,0.18493619803207093,0.16238768200156717,0.09302265839367072,0.08714588235881582,1,20,0.032345971563981044,2.645605863813842,8440,7300,0.14758970202717833,0.1676125808062212,0.5317619507686528,1.1356658256234957
india_daily,roll7,1,3,rung0_none,0.0,0.0,0.0,0.0,0,20,0.0,0.0,8440,7300,0.14758970202717833,0.1676125808062212,0.5317619507686528,1.1356658256234957
india_daily,roll7,1,4,rung1_global,0.17905098397428582,0.16798197872433607,0.09066034952166449,0.08612135533994847,1,20,0.0,0.9965801194834857,8440,7300,0.1207962433595173,0.1288317293644951,0.5160949230114162,1.06652099255324
india_daily,roll7,1,4,rung2_series,0.20333459239884827,0.18908613398101126,0.10476115956775682,0.10134868133264507,0,20,0.0,1.2210669238447331,8440,7300,0.1207962433595173,0.1288317293644951,0.5160949230114162,1.06652099255324
india_daily,roll7,1,4,rung3_cell,0.20206205087123763,0.188562523084289,0.10402552186710187,0.10083543219774282,0,20,0.027606635071090048,1.8094447786068901,8440,7300,0.1207962433595173,0.1288317293644951,0.5160949230114162,1.06652099255324
india_daily,roll7,1,4,rung5_raw_ratio,0.13420298095981611,0.11447033697117881,0.06689430983887501,0.06155550549957367,2,20,0.38744075829383884,89550225552.93582,8440,7300,0.1207962433595173,0.1288317293644951,0.5160949230114162,1.06652099255324
india_daily,roll7,1,4,rung5_ridge,0.14375935451018038,0.12138785659158613,0.07442363012373403,0.06670178913163516,1,20,0.14040284360189573,329.1996891515147,8440,7300,0.1207962433595173,0.1288317293644951,0.5160949230114162,1.06652099255324
india_daily,roll7,1,4,rung5_wls,0.15837104585216516,0.14229857147251135,0.08328293722449284,0.07656196805431625,1,20,0.11966824644549763,5.231604379275102,8440,7300,0.1207962433595173,0.1288317293644951,0.5160949230114162,1.06652099255324
india_daily,roll7,1,4,rung5_wls_bagged,0.16955962413834222,0.156477779558841,0.08721174662943805,0.08265629550786069,1,20,0.08376777251184835,2.772796322613175,8440,7300,0.1207962433595173,0.1288317293644951,0.5160949230114162,1.06652099255324
india_daily,roll7,1,4,rung4_wls_series,0.19461115342055416,0.1825293018313079,0.0997427301635829,0.09671221245849182,1,20,0.014218009478672985,1.9532678492902034,8440,7300,0.1207962433595173,0.1288317293644951,0.5160949230114162,1.06652099255324
india_daily,roll7,1,4,rung4_wls_cell,0.1946069027751816,0.18294641144941304,0.0996949289751298,0.09673138555264871,1,20,0.02239336492890995,1.9600789789913202,8440,7300,0.1207962433595173,0.1288317293644951,0.5160949230114162,1.06652099255324
india_daily,roll7,1,4,rung0_none,0.0,0.0,0.0,0.0,0,20,0.0,0.0,8440,7300,0.1207962433595173,0.1288317293644951,0.5160949230114162,1.06652099255324
india_daily,roll7,1,5,rung1_global,0.17125637129930793,0.14797802000066151,0.08746820579642359,0.08046996189748046,1,20,0.0,0.9718193329149382,8440,7300,0.15367708947971848,0.14708933601076937,0.489048389529839,0.9571324945621219
india_daily,roll7,1,5,rung2_series,0.20037240975460607,0.17372895709523006,0.10334371457282895,0.0976549284351158,0,20,0.0,1.2196505589486526,8440,7300,0.15367708947971848,0.14708933601076937,0.489048389529839,0.9571324945621219
india_daily,roll7,1,5,rung3_cell,0.19776391751140326,0.17254281125312354,0.10119496160209522,0.09661123981396014,0,20,0.027606635071090048,1.8801995027856693,8440,7300,0.15367708947971848,0.14708933601076937,0.489048389529839,0.9571324945621219
india_daily,roll7,1,5,rung5_raw_ratio,0.12770333339078657,0.08797913830934512,0.06505076642107353,0.05609200717573215,2,20,0.37180094786729856,69645811626.253,8440,7300,0.15367708947971848,0.14708933601076937,0.489048389529839,0.9571324945621219
india_daily,roll7,1,5,rung5_ridge,0.13626059403015967,0.09574374952642994,0.07339892924459442,0.06186510307104165,1,20,0.14727488151658769,392.3100652062378,8440,7300,0.15367708947971848,0.14708933601076937,0.489048389529839,0.9571324945621219
india_daily,roll7,1,5,rung5_wls,0.14508914124735986,0.1126311504889741,0.07608744003224877,0.06595636330369548,1,20,0.1150473933649289,3.4761105661565783,8440,7300,0.15367708947971848,0.14708933601076937,0.489048389529839,0.9571324945621219
india_daily,roll7,1,5,rung5_wls_bagged,0.15494406980983472,0.12399493199907563,0.08119422729455876,0.07206000251613631,1,20,0.1216824644549763,3.1542736951682815,8440,7300,0.15367708947971848,0.14708933601076937,0.489048389529839,0.9571324945621219
india_daily,roll7,1,5,rung4_wls_series,0.18759693617523543,0.15846727060587773,0.09633313752686035,0.08928587296829804,1,20,0.016113744075829384,2.12958123053153,8440,7300,0.15367708947971848,0.14708933601076937,0.489048389529839,0.9571324945621219
india_daily,roll7,1,5,rung4_wls_cell,0.18657933094689122,0.1583773336087888,0.09543577034082713,0.08881129471505578,1,20,0.026066350710900472,2.1774631705987177,8440,7300,0.15367708947971848,0.14708933601076937,0.489048389529839,0.9571324945621219
india_daily,roll7,1,5,rung0_none,0.0,0.0,0.0,0.0,0,20,0.0,0.0,8440,7300,0.15367708947971848,0.14708933601076937,0.489048389529839,0.9571324945621219
india_daily,roll7,1,6,rung1_global,0.17596129116681203,0.1567530075289475,0.0919848164133252,0.0856293053231989,1,20,0.0,0.9695873775954656,8440,7300,0.1361645220631769,0.1467780552477626,0.5187556310638288,1.077946391789642
india_daily,roll7,1,6,rung2_series,0.20605333304295242,0.18926462978941405,0.1082522302401312,0.10523464221687095,1,20,0.0,1.196316235082745,8440,7300,0.1361645220631769,0.1467780552477626,0.5187556310638288,1.077946391789642
india_daily,roll7,1,6,rung3_cell,0.2038553133043702,0.18828988073819608,0.10656421288983506,0.10434387865327954,1,20,0.027606635071090048,1.759315932070286,8440,7300,0.1361645220631769,0.1467780552477626,0.5187556310638288,1.077946391789642
india_daily,roll7,1,6,rung5_raw_ratio,0.1342213499010338,0.09882115469534436,0.0721718966969332,0.06226751208771941,1,20,0.37772511848341234,12110951155.685404,8440,7300,0.1361645220631769,0.1467780552477626,0.5187556310638288,1.077946391789642
india_daily,roll7,1,6,rung5_ridge,0.1396576250344206,0.10446208316131533,0.07670399460182406,0.0660511379503611,1,20,0.13447867298578198,125.8542892813189,8440,7300,0.1361645220631769,0.1467780552477626,0.5187556310638288,1.077946391789642
india_daily,roll7,1,6,rung5_wls,0.14571863945809832,0.12146615870625732,0.07821781248285524,0.07009931112581802,1,20,0.11623222748815167,3.0445551473547843,8440,7300,0.1361645220631769,0.1467780552477626,0.5187556310638288,1.077946391789642
india_daily,roll7,1,6,rung5_wls_bagged,0.16382751229365358,0.13729343818331996,0.0863762520345806,0.07826403047345343,1,20,0.08827014218009478,3.7566658149491468,8440,7300,0.1361645220631769,0.1467780552477626,0.5187556310638288,1.077946391789642
india_daily,roll7,1,6,rung4_wls_series,0.19385383921594618,0.17478722371254507,0.1005920362446536,0.09631544380865575,1,20,0.015876777251184835,2.3010398678226314,8440,7300,0.1361645220631769,0.1467780552477626,0.5187556310638288,1.077946391789642
india_daily,roll7,1,6,rung4_wls_cell,0.1934644282998607,0.17507491776946993,0.10061347389061162,0.0964837724238593,1,20,0.020734597156398103,2.536822417133797,8440,7300,0.1361645220631769,0.1467780552477626,0.5187556310638288,1.077946391789642
india_daily,roll7,1,6,rung0_none,0.0,0.0,0.0,0.0,0,20,0.0,0.0,8440,7300,0.1361645220631769,0.1467780552477626,0.5187556310638288,1.077946391789642
india_daily,roll7,1,7,rung1_global,0.18392294117664262,0.17679911829376438,0.09303032529048368,0.09442124274136876,1,20,0.0,1.0074026467036963,8440,7300,0.1428665779754842,0.1573881412185252,0.5241820732776858,1.1016442295239472
india_daily,roll7,1,7,rung2_series,0.20830117653687572,0.19724044297983345,0.1067999076762302,0.10827779052065833,0,20,0.0,1.204214922807747,8440,7300,0.1428665779754842,0.1573881412185252,0.5241820732776858,1.1016442295239472
india_daily,roll7,1,7,rung3_cell,0.2045269209405466,0.19649462442895793,0.10393047149259974,0.10681628385120923,0,20,0.027606635071090048,1.8215853538706637,8440,7300,0.1428665779754842,0.1573881412185252,0.5241820732776858,1.1016442295239472
india_daily,roll7,1,7,rung5_raw_ratio,0.14264255808145493,0.12676403533119884,0.07020257247505043,0.07008612446858742,1,20,0.40533175355450235,58452118227.00785,8440,7300,0.1428665779754842,0.1573881412185252,0.5241820732776858,1.1016442295239472
india_daily,roll7,1,7,rung5_ridge,0.15300473819031973,0.13293620965019048,0.07902552234250586,0.0753941956601748,1,20,0.1791469194312796,479.29807552715596,8440,7300,0.1428665779754842,0.1573881412185252,0.5241820732776858,1.1016442295239472
india_daily,roll7,1,7,rung5_wls,0.15480371654337244,0.12791232945896303,0.08189808729400945,0.07504162100371858,1,20,0.12286729857819906,4.965581232206029,8440,7300,0.1428665779754842,0.1573881412185252,0.5241820732776858,1.1016442295239472
india_daily,roll7,1,7,rung5_wls_bagged,0.15898693910348988,0.1340790888528317,0.08141362257893968,0.0758541333435957,1,20,0.11386255924170616,3.848775595979183,8440,7300,0.1428665779754842,0.1573881412185252,0.5241820732776858,1.1016442295239472
india_daily,roll7,1,7,rung4_wls_series,0.18518174500310472,0.16648088317092902,0.09341073090346116,0.09104143595229752,1,20,0.024644549763033177,2.2642457243862397,8440,7300,0.1428665779754842,0.1573881412185252,0.5241820732776858,1.1016442295239472
india_daily,roll7,1,7,rung4_wls_cell,0.18421498953372462,0.16704531425331925,0.09252584660267055,0.09065289603092397,1,20,0.03210900473933649,2.1932806000956764,8440,7300,0.1428665779754842,0.1573881412185252,0.5241820732776858,1.1016442295239472
india_daily,roll7,1,7,rung0_none,0.0,0.0,0.0,0.0,0,20,0.0,0.0,8440,7300,0.1428665779754842,0.1573881412185252,0.5241820732776858,1.1016442295239472
india_daily,roll7,1,8,rung1_global,0.17139795997176333,0.1492326089909085,0.08761252231714561,0.08152146143605765,1,20,0.0,1.0017155492060856,8440,7300,0.15155800493237617,0.14898533837344619,0.49571997414643765,0.9830252017366031
india_daily,roll7,1,8,rung2_series,0.20112432072601263,0.17700937105664127,0.10317177987527962,0.09847356888319048,1,20,0.0,1.2174317963042245,8440,7300,0.15155800493237617,0.14898533837344619,0.49571997414643765,0.9830252017366031
india_daily,roll7,1,8,rung3_cell,0.19840294443499232,0.17593106551652837,0.10115044784729639,0.09719760592687032,1,20,0.04348341232227488,1.9130879757376515,8440,7300,0.15155800493237617,0.14898533837344619,0.49571997414643765,0.9830252017366031
india_daily,roll7,1,8,rung5_raw_ratio,0.1269306804742856,0.1033565415593366,0.06305464330312606,0.05752581949339819,1,20,0.3804502369668246,57205878165.33188,8440,7300,0.15155800493237617,0.14898533837344619,0.49571997414643765,0.9830252017366031
india_daily,roll7,1,8,rung5_ridge,0.13477935319065565,0.11119635705867625,0.07013322632888687,0.06197854035072525,1,20,0.14265402843601896,669.9495265798519,8440,7300,0.15155800493237617,0.14898533837344619,0.49571997414643765,0.9830252017366031
india_daily,roll7,1,8,rung5_wls,0.13731810182691254,0.10840947382102961,0.07550449822932644,0.0674386046612282,2,20,0.13080568720379146,4.411610548637137,8440,7300,0.15155800493237617,0.14898533837344619,0.49571997414643765,0.9830252017366031
india_daily,roll7,1,8,rung5_wls_bagged,0.1505369689955413,0.12141128188406958,0.08080225308559684,0.07324247416524143,1,20,0.11196682464454977,2.8974428393373914,8440,7300,0.15155800493237617,0.14898533837344619,0.49571997414643765,0.9830252017366031
india_daily,roll7,1,8,rung4_wls_series,0.18425584577307225,0.15873510716925487,0.09485714131415479,0.08919732146262449,1,20,0.01966824644549763,1.9470790101581683,8440,7300,0.15155800493237617,0.14898533837344619,0.49571997414643765,0.9830252017366031
india_daily,roll7,1,8,rung4_wls_cell,0.1834190400858829,0.15888694047255025,0.09403048571048336,0.08868151867194707,1,20,0.03281990521327014,2.0663335203598807,8440,7300,0.15155800493237617,0.14898533837344619,0.49571997414643765,0.9830252017366031
india_daily,roll7,1,8,rung0_none,0.0,0.0,0.0,0.0,0,20,0.0,0.0,8440,7300,0.15155800493237617,0.14898533837344619,0.49571997414643765,0.9830252017366031
india_daily,roll7,1,9,rung1_global,0.17709013790459044,0.15897969439790005,0.09056276985485201,0.08407717224826539,1,20,0.0,0.9804718604827986,8440,7300,0.136852485439257,0.16246590053174248,0.5427862374865391,1.1871607593407882
india_daily,roll7,1,9,rung2_series,0.207666406416149,0.18926277213226295,0.10611595405612247,0.1014743368045411,1,20,0.0,1.1762344165435346,8440,7300,0.136852485439257,0.16246590053174248,0.5427862374865391,1.1871607593407882
india_daily,roll7,1,9,rung3_cell,0.20572120793661317,0.1890842095478804,0.10472317097515652,0.10069258003517267,1,20,0.01919431279620853,1.9379618538362138,8440,7300,0.136852485439257,0.16246590053174248,0.5427862374865391,1.1871607593407882
india_daily,roll7,1,9,rung5_raw_ratio,0.13925823605333018,0.11246543391928054,0.07050749230876549,0.06470873203691019,2,20,0.3861374407582938,63501317465.74923,8440,7300,0.136852485439257,0.16246590053174248,0.5427862374865391,1.1871607593407882
india_daily,roll7,1,9,rung5_ridge,0.1467653158562144,0.11969417718968067,0.07813211065361707,0.06972451617231534,1,20,0.13199052132701422,718.0574058730506,8440,7300,0.136852485439257,0.16246590053174248,0.5427862374865391,1.1871607593407882
india_daily,roll7,1,9,rung5_wls,0.14408783836722033,0.12028708232384289,0.07758573656441266,0.06929908809658258,1,20,0.12334123222748815,4.4213546997528015,8440,7300,0.136852485439257,0.16246590053174248,0.5427862374865391,1.1871607593407882
india_daily,roll7,1,9,rung5_wls_bagged,0.14353330186548924,0.11662219947918295,0.07612576456480018,0.06761185437397121,1,20,0.11670616113744076,3.8140355797923506,8440,7300,0.136852485439257,0.16246590053174248,0.5427862374865391,1.1871607593407882
india_daily,roll7,1,9,rung4_wls_series,0.17938104342968184,0.15662919083420057,0.09159684419644756,0.08481334108792848,1,20,0.021208530805687204,2.419689349943928,8440,7300,0.136852485439257,0.16246590053174248,0.5427862374865391,1.1871607593407882
india_daily,roll7,1,9,rung4_wls_cell,0.17904194685844227,0.15733195021355006,0.09125382086351208,0.08461999696628719,1,20,0.033412322274881515,2.5914451699376073,8440,7300,0.136852485439257,0.16246590053174248,0.5427862374865391,1.1871607593407882
india_daily,roll7,1,9,rung0_none,0.0,0.0,0.0,0.0,0,20,0.0,0.0,8440,7300,0.136852485439257,0.16246590053174248,0.5427862374865391,1.1871607593407882
india_daily,roll7,2,0,rung1_global,0.06536192069184965,0.04321261659661613,0.03218221575936937,0.022277996314020165,2,20,0.0,0.7829269308047376,8420,7300,0.18296689330841368,0.2900092927878069,0.6131583392843555,1.5850369842535383
india_daily,roll7,2,0,rung2_series,0.10712399574560472,0.08736484153056512,0.04912205780575587,0.04249536121380737,3,20,0.0,1.1925565830420248,8420,7300,0.18296689330841368,0.2900092927878069,0.6131583392843555,1.5850369842535383
india_daily,roll7,2,0,rung3_cell,0.1026153672759768,0.08433589976655387,0.048609687933799064,0.041863969414487556,3,20,0.027553444180522565,2.486339675570092,8420,7300,0.18296689330841368,0.2900092927878069,0.6131583392843555,1.5850369842535383
india_daily,roll7,2,0,rung5_raw_ratio,0.02229364428046346,-0.008907317647497193,0.006048147698135104,-0.004398749537909197,5,20,0.38266033254156767,167527071797.42313,8420,7300,0.18296689330841368,0.2900092927878069,0.6131583392843555,1.5850369842535383
india_daily,roll7,2,0,rung5_ridge,0.03603964905406091,0.0007124314252612285,0.019184324875240653,0.004322330598823032,3,20,0.14263657957244655,195.17394832384787,8420,7300,0.18296689330841368,0.2900092927878069,0.6131583392843555,1.5850369842535383
india_daily,roll7,2,0,rung5_wls,0.050038448962862324,0.012245133607186265,0.02265991273547599,0.00951957684329463,4,20,0.1863420427553444,4.768966665686399,8420,7300,0.18296689330841368,0.2900092927878069,0.6131583392843555,1.5850369842535383
india_daily,roll7,2,0,rung5_wls_bagged,0.04884144494496062,0.0033289749458016438,0.02307852554674067,0.007904685686699331,3,20,0.1982185273159145,3.6579184109655616,8420,7300,0.18296689330841368,0.2900092927878069,0.6131583392843555,1.5850369842535383
india_daily,roll7,2,0,rung4_wls_series,0.08040653406005041,0.04139436608826663,0.03614675020536641,0.023326472762535633,3,20,0.07304038004750593,2.6156090982825058,8420,7300,0.18296689330841368,0.2900092927878069,0.6131583392843555,1.5850369842535383
india_daily,roll7,2,0,rung4_wls_cell,0.07931585177437726,0.0403780232955574,0.03631803891175453,0.02318393811371522,3,20,0.09251781472684086,2.729122731556026,8420,7300,0.18296689330841368,0.2900092927878069,0.6131583392843555,1.5850369842535383
india_daily,roll7,2,0,rung0_none,0.0,0.0,0.0,0.0,0,20,0.0,0.0,8420,7300,0.18296689330841368,0.2900092927878069,0.6131583392843555,1.5850369842535383
india_daily,roll7,2,1,rung1_global,0.0758162402256838,0.0567359583985485,0.036568939624727584,0.027365177681164754,3,20,0.0,0.8163836661617662,8420,7300,0.17039621361440752,0.22267712084490937,0.5665027396254386,1.3068196535681784
india_daily,roll7,2,1,rung2_series,0.11465579736869422,0.09291427886388404,0.05462212788229996,0.047443752643774095,3,20,0.0,1.202328135674309,8420,7300,0.17039621361440752,0.22267712084490937,0.5665027396254386,1.3068196535681784
india_daily,roll7,2,1,rung3_cell,0.10836296049999017,0.08881509044885183,0.052696095588566604,0.045983788392130354,3,20,0.027553444180522565,2.520360810177887,8420,7300,0.17039621361440752,0.22267712084490937,0.5665027396254386,1.3068196535681784
india_daily,roll7,2,1,rung5_raw_ratio,0.03966256073669052,0.019930201522278534,0.015084421630526678,0.008072577264925274,5,20,0.34679334916864607,26071499246.294598,8420,7300,0.17039621361440752,0.22267712084490937,0.5665027396254386,1.3068196535681784
india_daily,roll7,2,1,rung5_ridge,0.05233435153636725,0.026703677755134603,0.025575658071289625,0.014013469501121145,2,20,0.11401425178147269,101.49952765285902,8420,7300,0.17039621361440752,0.22267712084490937,0.5665027396254386,1.3068196535681784
india_daily,roll7,2,1,rung5_wls,0.052878776563237695,0.017831881707618402,0.026923159995839198,0.015535009832681856,4,20,0.16187648456057008,4.410329723062787,8420,7300,0.17039621361440752,0.22267712084490937,0.5665027396254386,1.3068196535681784
india_daily,roll7,2,1,rung5_wls_bagged,0.06646099356651862,0.02227186887296062,0.03352011901684738,0.01889604736591377,3,20,0.12280285035629454,3.4502009189456855,8420,7300,0.17039621361440752,0.22267712084490937,0.5665027396254386,1.3068196535681784
india_daily,roll7,2,1,rung4_wls_series,0.09931878697570694,0.06370198903316193,0.04671368137635925,0.03538851081089589,3,20,0.029572446555819476,2.4038534547542,8420,7300,0.17039621361440752,0.22267712084490937,0.5665027396254386,1.3068196535681784
india_daily,roll7,2,1,rung4_wls_cell,0.09704893622817967,0.06211971681260431,0.04620745392500493,0.03480670289684784,3,20,0.04667458432304038,2.415483518448907,8420,7300,0.17039621361440752,0.22267712084490937,0.5665027396254386,1.3068196535681784
india_daily,roll7,2,1,rung0_none,0.0,0.0,0.0,0.0,0,20,0.0,0.0,8420,7300,0.17039621361440752,0.22267712084490937,0.5665027396254386,1.3068196535681784
india_daily,roll7,2,2,rung1_global,0.058046519817064414,0.04324312120783824,0.027339095455557565,0.020072668715100717,3,20,0.0,0.823114600321935,8420,7300,0.1875447695091391,0.25712474339358327,0.5782378506570404,1.3710046090144548
india_daily,roll7,2,2,rung2_series,0.10648701509809799,0.08791428798847012,0.048348544579208175,0.043400145525748,3,20,0.0,1.2228376212948338,8420,7300,0.1875447695091391,0.25712474339358327,0.5782378506570404,1.3710046090144548
india_daily,roll7,2,2,rung3_cell,0.10058318223792564,0.08333928881637143,0.046200156813503736,0.04196130096946704,3,20,0.04346793349168646,2.471662221031047,8420,7300,0.1875447695091391,0.25712474339358327,0.5782378506570404,1.3710046090144548
india_daily,roll7,2,2,rung5_raw_ratio,0.024058508437378518,0.012662663729950618,0.00792875275459321,0.0030899269971587096,7,20,0.39869358669833727,67990764334.983315,8420,7300,0.1875447695091391,0.25712474339358327,0.5782378506570404,1.3710046090144548
india_daily,roll7,2,2,rung5_ridge,0.04109209540542395,0.019699259904067068,0.0199340976132162,0.00979834207923469,4,20,0.19323040380047507,1796.4049703909848,8420,7300,0.1875447695091391,0.25712474339358327,0.5782378506570404,1.3710046090144548
india_daily,roll7,2,2,rung5_wls,0.05646872220864892,0.034476439630045985,0.02551065350280432,0.017026171323015316,4,20,0.17482185273159145,5.3188400377478,8420,7300,0.1875447695091391,0.25712474339358327,0.5782378506570404,1.3710046090144548
india_daily,roll7,2,2,rung5_wls_bagged,0.04088554615960129,0.008869424999584874,0.018768753209365757,0.006355833726791937,3,20,0.1643705463182898,4.302915030438173,8420,7300,0.1875447695091391,0.25712474339358327,0.5782378506570404,1.3710046090144548
india_daily,roll7,2,2,rung4_wls_series,0.08204778282434802,0.05592478364996645,0.035875893595905095,0.026329423831098042,3,20,0.05,2.993504756192534,8420,7300,0.1875447695091391,0.25712474339358327,0.5782378506570404,1.3710046090144548
india_daily,roll7,2,2,rung4_wls_cell,0.07956743831121929,0.05465667693259657,0.03496464409199138,0.025664239471621553,3,20,0.06817102137767221,2.925120298792494,8420,7300,0.1875447695091391,0.25712474339358327,0.5782378506570404,1.3710046090144548
india_daily,roll7,2,2,rung0_none,0.0,0.0,0.0,0.0,0,20,0.0,0.0,8420,7300,0.1875447695091391,0.25712474339358327,0.5782378506570404,1.3710046090144548
india_daily,roll7,2,3,rung1_global,0.06444087905935764,0.03676300148850331,0.028772044463999807,0.015984689988269518,3,20,0.0,0.8225255981244507,8420,7300,0.17569826020432067,0.2715167911217731,0.6071280255811258,1.5453584503684012
india_daily,roll7,2,3,rung2_series,0.10741891211749381,0.07758668788077394,0.04741445328777754,0.03710612685678938,3,20,0.0,1.2444306813281916,8420,7300,0.17569826020432067,0.2715167911217731,0.6071280255811258,1.5453584503684012
india_daily,roll7,2,3,rung3_cell,0.10243708484049763,0.07373319198486228,0.04550717108845424,0.03543161594051858,4,20,0.04346793349168646,2.580338503897183,8420,7300,0.17569826020432067,0.2715167911217731,0.6071280255811258,1.5453584503684012
india_daily,roll7,2,3,rung5_raw_ratio,0.016047779321477475,-0.01837505552996377,0.0030866444400104885,-0.01054963055758984,6,20,0.42862232779097387,157551087234.24524,8420,7300,0.17569826020432067,0.2715167911217731,0.6071280255811258,1.5453584503684012
india_daily,roll7,2,3,rung5_ridge,0.030913456876670565,-0.004812482871980883,0.014470934896906202,-0.0018695276714177922,5,20,0.19429928741092636,962.7728117314408,8420,7300,0.17569826020432067,0.2715167911217731,0.6071280255811258,1.5453584503684012
india_daily,roll7,2,3,rung5_wls,0.0073211405480298475,-0.03977137142608833,0.007048768032198688,-0.011072830589833771,3,20,0.17494061757719714,5.37997363873244,8420,7300,0.17569826020432067,0.2715167911217731,0.6071280255811258,1.5453584503684012
india_daily,roll7,2,3,rung5_wls_bagged,0.02623598933053071,-0.02134126360347577,0.013693118178697594,-0.002548049244908146,3,20,0.14109263657957244,4.314847585894343,8420,7300,0.17569826020432067,0.2715167911217731,0.6071280255811258,1.5453584503684012
india_daily,roll7,2,3,rung4_wls_series,0.061759899025405476,0.0181993506835596,0.02723358770563685,0.012344495241723985,3,20,0.04703087885985748,2.932282162325153,8420,7300,0.17569826020432067,0.2715167911217731,0.6071280255811258,1.5453584503684012
india_daily,roll7,2,3,rung4_wls_cell,0.06038827752247957,0.016980100689381383,0.027205686882510405,0.01224153813170048,3,20,0.06330166270783848,3.119050135701079,8420,7300,0.17569826020432067,0.2715167911217731,0.6071280255811258,1.5453584503684012
india_daily,roll7,2,3,rung0_none,0.0,0.0,0.0,0.0,0,20,0.0,0.0,8420,7300,0.17569826020432067,0.2715167911217731,0.6071280255811258,1.5453584503684012
india_daily,roll7,2,4,rung1_global,0.07750039958584397,0.06014285555609855,0.036877613513958594,0.02771930516461818,2,20,0.0,0.793605088482494,8420,7300,0.1592631171897543,0.23338430109718475,0.5943864399144784,1.4654008110309598
india_daily,roll7,2,4,rung2_series,0.11395996431091344,0.09718487593119751,0.053217206970993414,0.047157231691777435,3,20,0.0,1.2075857544304331,8420,7300,0.1592631171897543,0.23338430109718475,0.5943864399144784,1.4654008110309598
india_daily,roll7,2,4,rung3_cell,0.11034167286884358,0.09319104413894452,0.052533064159848264,0.04574591654034599,3,20,0.04346793349168646,2.560931514190812,8420,7300,0.1592631171897543,0.23338430109718475,0.5943864399144784,1.4654008110309598
india_daily,roll7,2,4,rung5_raw_ratio,0.022629205596917345,0.007055572010537303,0.009988420376541313,0.002312346455240477,6,20,0.37672209026128267,96437399409.41304,8420,7300,0.1592631171897543,0.23338430109718475,0.5943864399144784,1.4654008110309598
india_daily,roll7,2,4,rung5_ridge,0.03463159921718862,0.010209616394479482,0.01859516606589815,0.0073559462993859626,5,20,0.16116389548693585,1851.0362514809526,8420,7300,0.1592631171897543,0.23338430109718475,0.5943864399144784,1.4654008110309598
india_daily,roll7,2,4,rung5_wls,0.05684780745605307,0.029047563347809446,0.027552496896242264,0.016767832404388283,3,20,0.1496437054631829,4.381096732288693,8420,7300,0.1592631171897543,0.23338430109718475,0.5943864399144784,1.4654008110309598
india_daily,roll7,2,4,rung5_wls_bagged,0.0444355879449569,0.012226364290056968,0.024455649251314195,0.01236131821137898,3,20,0.12173396674584323,3.9673808847029326,8420,7300,0.1592631171897543,0.23338430109718475,0.5943864399144784,1.4654008110309598
india_daily,roll7,2,4,rung4_wls_series,0.08523660379611095,0.05907570396012818,0.04022447768370406,0.030611528109374952,3,20,0.03527315914489311,2.769827865137383,8420,7300,0.1592631171897543,0.23338430109718475,0.5943864399144784,1.4654008110309598
india_daily,roll7,2,4,rung4_wls_cell,0.08442453266625805,0.05790012902310315,0.04022466658212381,0.030144354580234345,3,20,0.0498812351543943,2.764368492249794,8420,7300,0.1592631171897543,0.23338430109718475,0.5943864399144784,1.4654008110309598
india_daily,roll7,2,4,rung0_none,0.0,0.0,0.0,0.0,0,20,0.0,0.0,8420,7300,0.1592631171897543,0.23338430109718475,0.5943864399144784,1.4654008110309598
india_daily,roll7,2,5,rung1_global,0.061534328027788535,0.04277477804171237,0.028874454520192598,0.020476302409826785,3,20,0.0,0.8375298525347895,8420,7300,0.19695810883022932,0.2697207882450078,0.5779579705347677,1.3694322607326477
india_daily,roll7,2,5,rung2_series,0.10784112568362159,0.08610106939326445,0.05086024805311817,0.04430843373833482,3,20,0.0,1.218841081281948,8420,7300,0.19695810883022932,0.2697207882450078,0.5779579705347677,1.3694322607326477
india_daily,roll7,2,5,rung3_cell,0.10214990628533727,0.08197664009435923,0.048664203197469016,0.04261279669245377,3,20,0.027553444180522565,2.4626979166549696,8420,7300,0.19695810883022932,0.2697207882450078,0.5779579705347677,1.3694322607326477
india_daily,roll7,2,5,rung5_raw_ratio,0.012158007394724552,-0.008625117965679774,0.0014464625547614296,-0.004030487645700909,5,20,0.37363420427553445,60067449750.209625,8420,7300,0.19695810883022932,0.2697207882450078,0.5779579705347677,1.3694322607326477
india_daily,roll7,2,5,rung5_ridge,0.020568031698366372,-0.009177908974597138,0.012298218340637546,-0.0001824546881992184,5,20,0.14346793349168646,529.7470647907314,8420,7300,0.19695810883022932,0.2697207882450078,0.5779579705347677,1.3694322607326477
india_daily,roll7,2,5,rung5_wls,0.03180690264142767,-0.002741807444939681,0.015477814505899157,0.00225439568533925,4,20,0.19192399049881234,4.335074352550634,8420,7300,0.19695810883022932,0.2697207882450078,0.5779579705347677,1.3694322607326477
india_daily,roll7,2,5,rung5_wls_bagged,0.03537376898658163,-0.007604033602959692,0.019254479467502437,0.005647019224784278,3,20,0.17125890736342042,4.23901821445631,8420,7300,0.19695810883022932,0.2697207882450078,0.5779579705347677,1.3694322607326477
india_daily,roll7,2,5,rung4_wls_series,0.07205106416185077,0.03353465735044747,0.03389133727403236,0.02195305719479046,3,20,0.05296912114014252,2.8900854406145613,8420,7300,0.19695810883022932,0.2697207882450078,0.5779579705347677,1.3694322607326477
india_daily,roll7,2,5,rung4_wls_cell,0.06984130671006701,0.0321483764945506,0.033138127011828555,0.021264244329450843,3,20,0.0675771971496437,2.893081860178205,8420,7300,0.19695810883022932,0.2697207882450078,0.5779579705347677,1.3694322607326477
india_daily,roll7,2,5,rung0_none,0.0,0.0,0.0,0.0,0,20,0.0,0.0,8420,7300,0.19695810883022932,0.2697207882450078,0.5779579705347677,1.3694322607326477
india_daily,roll7,2,6,rung1_global,0.06516397671862666,0.04136749035372134,0.033341802719413054,0.02322188706567152,2,20,0.0,0.8247515030583867,8420,7300,0.16196215487040191,0.21256354241292172,0.5675539594606782,1.312427230812098
india_daily,roll7,2,6,rung2_series,0.10745995946549096,0.08032395887617694,0.05236231538819976,0.044575360103673245,3,20,0.0,1.2411226968846427,8420,7300,0.16196215487040191,0.21256354241292172,0.5675539594606782,1.312427230812098
india_daily,roll7,2,6,rung3_cell,0.10173026529960387,0.07646920447321881,0.04998349927876389,0.042573690349375415,3,20,0.027553444180522565,2.6095761370849684,8420,7300,0.16196215487040191,0.21256354241292172,0.5675539594606782,1.312427230812098
india_daily,roll7,2,6,rung5_raw_ratio,0.05258523244953944,0.038339326724169065,0.021025984766825996,0.017823140721631048,3,20,0.3834916864608076,84469968668.59608,8420,7300,0.16196215487040191,0.21256354241292172,0.5675539594606782,1.312427230812098
india_daily,roll7,2,6,rung5_ridge,0.06916129880633104,0.04842674529388802,0.03329373594045538,0.02548662190294948,3,20,0.12695961995249405,216.52095230570407,8420,7300,0.16196215487040191,0.21256354241292172,0.5675539594606782,1.312427230812098
india_daily,roll7,2,6,rung5_wls,0.05794065435700972,0.021151248284998037,0.028784729479870458,0.016163689803377346,4,20,0.1334916864608076,4.417994534793705,8420,7300,0.16196215487040191,0.21256354241292172,0.5675539594606782,1.312427230812098
india_daily,roll7,2,6,rung5_wls_bagged,0.03371352954403261,-0.014189171827208913,0.020513077837861028,0.004476408359778583,4,20,0.12232779097387174,4.2509811814905545,8420,7300,0.16196215487040191,0.21256354241292172,0.5675539594606782,1.312427230812098
india_daily,roll7,2,6,rung4_wls_series,0.07386164049027581,0.03187276358670821,0.03592582405753174,0.022430521968875183,2,20,0.03194774346793349,2.859007343452644,8420,7300,0.16196215487040191,0.21256354241292172,0.5675539594606782,1.312427230812098
india_daily,roll7,2,6,rung4_wls_cell,0.07227365197213989,0.03057198806280992,0.03555919140367613,0.02188836362058666,3,20,0.052731591448931116,2.8656254390908993,8420,7300,0.16196215487040191,0.21256354241292172,0.5675539594606782,1.312427230812098
india_daily,roll7,2,6,rung0_none,0.0,0.0,0.0,0.0,0,20,0.0,0.0,8420,7300,0.16196215487040191,0.21256354241292172,0.5675539594606782,1.312427230812098
india_daily,roll7,2,7,rung1_global,0.08440756354963172,0.06764880646119054,0.039278028897361913,0.033178134439521556,2,20,0.0,0.8473803530137757,8420,7300,0.17425630627592725,0.23671651699722865,0.5759906825758486,1.3584387392121027
india_daily,roll7,2,7,rung2_series,0.11803896905129843,0.09987583649104614,0.05461227912893592,0.050176078344003505,1,20,0.0,1.2320000462561753,8420,7300,0.17425630627592725,0.23671651699722865,0.5759906825758486,1.3584387392121027
india_daily,roll7,2,7,rung3_cell,0.11305298501950545,0.0967627186161959,0.05209770666806233,0.04829921473263421,2,20,0.04346793349168646,2.6168631015770614,8420,7300,0.17425630627592725,0.23671651699722865,0.5759906825758486,1.3584387392121027
india_daily,roll7,2,7,rung5_raw_ratio,0.04895397088412533,0.03749868338612994,0.01640458093237631,0.016415041515858375,4,20,0.3630641330166271,110251774743.2986,8420,7300,0.17425630627592725,0.23671651699722865,0.5759906825758486,1.3584387392121027
india_daily,roll7,2,7,rung5_ridge,0.0653044465971258,0.04414059367407075,0.032368205210541234,0.02412470119663568,2,20,0.12897862232779098,454.0874473134075,8420,7300,0.17425630627592725,0.23671651699722865,0.5759906825758486,1.3584387392121027
india_daily,roll7,2,7,rung5_wls,0.0609300280575845,0.03018088488713977,0.025734704086390437,0.016040052441651298,2,20,0.17470308788598574,4.954798521064805,8420,7300,0.17425630627592725,0.23671651699722865,0.5759906825758486,1.3584387392121027
india_daily,roll7,2,7,rung5_wls_bagged,0.06664160109811845,0.036097469226589185,0.02774657240394207,0.017774899233554464,2,20,0.14477434679334916,3.7776115715512413,8420,7300,0.17425630627592725,0.23671651699722865,0.5759906825758486,1.3584387392121027
india_daily,roll7,2,7,rung4_wls_series,0.09869364231202776,0.07246365265016597,0.04285028241620928,0.035148676509204946,2,20,0.04299287410926366,2.6026716997722072,8420,7300,0.17425630627592725,0.23671651699722865,0.5759906825758486,1.3584387392121027
india_daily,roll7,2,7,rung4_wls_cell,0.09634609743548628,0.07113090903502184,0.04202460385144474,0.034500471808125766,2,20,0.06401425178147269,2.5965143415489176,8420,7300,0.17425630627592725,0.23671651699722865,0.5759906825758486,1.3584387392121027
india_daily,roll7,2,7,rung0_none,0.0,0.0,0.0,0.0,0,20,0.0,0.0,8420,7300,0.17425630627592725,0.23671651699722865,0.5759906825758486,1.3584387392121027
india_daily,roll7,2,8,rung1_global,0.05593064242049743,0.03228031179982194,0.025592408076873286,0.01657343816161816,2,20,0.0,0.8457084950362075,8420,7300,0.1814883697197983,0.2670058451392528,0.5953384375831138,1.471200857396459
india_daily,roll7,2,8,rung2_series,0.10419620004427418,0.07986796497754389,0.047537746279239276,0.04078201165882778,3,20,0.0,1.2107958446917662,8420,7300,0.1814883697197983,0.2670058451392528,0.5953384375831138,1.471200857396459
india_daily,roll7,2,8,rung3_cell,0.09875864455968571,0.07623283141763904,0.04482916473117031,0.03879454241744362,3,20,0.027909738717339667,2.7072283931410728,8420,7300,0.1814883697197983,0.2670058451392528,0.5953384375831138,1.471200857396459
india_daily,roll7,2,8,rung5_raw_ratio,0.03328068211079761,0.018384273406275464,0.01266080252361355,0.008493417022486516,4,20,0.3796912114014252,123137186660.51028,8420,7300,0.1814883697197983,0.2670058451392528,0.5953384375831138,1.471200857396459
india_daily,roll7,2,8,rung5_ridge,0.051918211219789664,0.027683553483378254,0.02737902547946779,0.016979734353991027,1,20,0.15534441805225654,253.32247752488385,8420,7300,0.1814883697197983,0.2670058451392528,0.5953384375831138,1.471200857396459
india_daily,roll7,2,8,rung5_wls,-0.007170908065270543,-0.0543872918511461,0.004094717994130187,-0.013002236330401873,5,20,0.19750593824228027,4.904848982575302,8420,7300,0.1814883697197983,0.2670058451392528,0.5953384375831138,1.471200857396459
india_daily,roll7,2,8,rung5_wls_bagged,-0.014298522315372741,-0.06412310082423733,0.005993941887578758,-0.011141391102236886,4,20,0.14144893111638954,4.112621954835455,8420,7300,0.1814883697197983,0.2670058451392528,0.5953384375831138,1.471200857396459
india_daily,roll7,2,8,rung4_wls_series,0.03952109657457984,-0.0041024761915093855,0.022772534728488964,0.008405836551259926,2,20,0.044180522565320665,2.876501378137027,8420,7300,0.1814883697197983,0.2670058451392528,0.5953384375831138,1.471200857396459
india_daily,roll7,2,8,rung4_wls_cell,0.03708758925327217,-0.005863111255108189,0.021437124746017944,0.007150637006812732,4,20,0.06247030878859858,2.8822226551531513,8420,7300,0.1814883697197983,0.2670058451392528,0.5953384375831138,1.471200857396459
india_daily,roll7,2,8,rung0_none,0.0,0.0,0.0,0.0,0,20,0.0,0.0,8420,7300,0.1814883697197983,0.2670058451392528,0.5953384375831138,1.471200857396459
india_daily,roll7,2,9,rung1_global,0.055396989238358764,0.02933277847118232,0.027214868212348437,0.016663789145431873,3,20,0.0,0.8097118057422232,8420,7300,0.17766791456146874,0.24436341811692783,0.579017241601684,1.3753941938254928
india_daily,roll7,2,9,rung2_series,0.10827730431672826,0.0799424879431665,0.049653925647918484,0.04190039666250123,3,20,0.0,1.2165490182916592,8420,7300,0.17766791456146874,0.24436341811692783,0.579017241601684,1.3753941938254928
india_daily,roll7,2,9,rung3_cell,0.10393151427067086,0.07538614836865298,0.047245576205981306,0.03984861640582871,3,20,0.04346793349168646,2.380382804793446,8420,7300,0.17766791456146874,0.24436341811692783,0.579017241601684,1.3753941938254928
india_daily,roll7,2,9,rung5_raw_ratio,0.035360051245043905,0.005557295826613573,0.00941608502706121,0.00254966002171364,5,20,0.40249406175771973,82996941494.54642,8420,7300,0.17766791456146874,0.24436341811692783,0.579017241601684,1.3753941938254928
india_daily,roll7,2,9,rung5_ridge,0.04842084507274917,0.010722652889653128,0.02312594408389624,0.00973871886079447,4,20,0.1521377672209026,193.55643505056275,8420,7300,0.17766791456146874,0.24436341811692783,0.579017241601684,1.3753941938254928
india_daily,roll7,2,9,rung5_wls,0.034790146647882714,-0.01749195166041706,0.018326386494395518,0.0028175312481197867,4,20,0.15950118764845606,5.822714451014732,8420,7300,0.17766791456146874,0.24436341811692783,0.579017241601684,1.3753941938254928
india_daily,roll7,2,9,rung5_wls_bagged,0.04531810285403962,-0.007725062107462266,0.021988874776533173,0.00591346834117934,2,20,0.13895486935866982,3.925602844581094,8420,7300,0.17766791456146874,0.24436341811692783,0.579017241601684,1.3753941938254928
india_daily,roll7,2,9,rung4_wls_series,0.08415985130319634,0.03941403912523278,0.037930829174999785,0.025106880778111185,2,20,0.04489311163895487,2.587593830354383,8420,7300,0.17766791456146874,0.24436341811692783,0.579017241601684,1.3753941938254928
india_daily,roll7,2,9,rung4_wls_cell,0.08225199076384057,0.03770888287486984,0.036840899937052266,0.024114139106840127,3,20,0.06413301662707839,2.807904691746458,8420,7300,0.17766791456146874,0.24436341811692783,0.579017241601684,1.3753941938254928
india_daily,roll7,2,9,rung0_none,0.0,0.0,0.0,0.0,0,20,0.0,0.0,8420,7300,0.17766791456146874,0.24436341811692783,0.579017241601684,1.3753941938254928
india_daily,roll7,3,0,rung1_global,0.05700858752994409,0.04589511135621338,0.025756882086464643,0.019421615097722444,2,20,0.0,0.7140706022634278,8400,7300,0.20425268808280964,0.3002268179110332,0.595121931305367,1.4698793965899386
india_daily,roll7,3,0,rung2_series,0.08819759593058632,0.08143379566154063,0.04020560389966731,0.03845817573489552,2,20,0.0,1.1762026715001663,8400,7300,0.20425268808280964,0.3002268179110332,0.595121931305367,1.4698793965899386
india_daily,roll7,3,0,rung3_cell,0.08100458574548992,0.07492211424627437,0.03731617904211106,0.035198170392738426,4,20,0.0275,2.650833412097597,8400,7300,0.20425268808280964,0.3002268179110332,0.595121931305367,1.4698793965899386
india_daily,roll7,3,0,rung5_raw_ratio,0.023788840371118745,0.019467882869624753,0.007067528878210832,0.005420037074358008,4,20,0.3711904761904762,96999659084.89825,8400,7300,0.20425268808280964,0.3002268179110332,0.595121931305367,1.4698793965899386
india_daily,roll7,3,0,rung5_ridge,0.03935774932078892,0.02635948821418521,0.020002126105424088,0.012223056626250561,2,20,0.1570238095238095,383.72339710229807,8400,7300,0.20425268808280964,0.3002268179110332,0.595121931305367,1.4698793965899386
india_daily,roll7,3,0,rung5_wls,0.03164466593783433,-0.0003330033517063846,0.013421582979549568,0.004958090633148227,3,20,0.21,4.457886307961652,8400,7300,0.20425268808280964,0.3002268179110332,0.595121931305367,1.4698793965899386
india_daily,roll7,3,0,rung5_wls_bagged,0.026112727082076646,-0.007960204415487837,0.013973768108853313,0.004076815326729877,3,20,0.1869047619047619,3.746976225589917,8400,7300,0.20425268808280964,0.3002268179110332,0.595121931305367,1.4698793965899386
india_daily,roll7,3,0,rung4_wls_series,0.06480853637766823,0.03816553588701721,0.029167182090268022,0.02202506600667775,3,20,0.05785714285714286,2.5896814478826236,8400,7300,0.20425268808280964,0.3002268179110332,0.595121931305367,1.4698793965899386
india_daily,roll7,3,0,rung4_wls_cell,0.06312188516719265,0.03651826360532828,0.02894548721576442,0.02142328339328159,3,20,0.07821428571428571,2.586970817294145,8400,7300,0.20425268808280964,0.3002268179110332,0.595121931305367,1.4698793965899386
india_daily,roll7,3,0,rung0_none,0.0,0.0,0.0,0.0,0,20,0.0,0.0,8400,7300,0.20425268808280964,0.3002268179110332,0.595121931305367,1.4698793965899386
india_daily,roll7,3,1,rung1_global,0.03981889168062912,0.025855905826796866,0.019353840094484587,0.009324553584949102,2,20,0.0,0.7166271617374076,8400,7300,0.1988799082970087,0.27188491905912276,0.5775387268969503,1.3670808750227694
india_daily,roll7,3,1,rung2_series,0.08730717381747463,0.07684653659634466,0.04006984185485139,0.035421646960595576,4,20,0.0,1.246782192304225,8400,7300,0.1988799082970087,0.27188491905912276,0.5775387268969503,1.3670808750227694
india_daily,roll7,3,1,rung3_cell,0.08180365824960704,0.07203616731293372,0.038589921463449355,0.033595777593152354,4,20,0.027976190476190477,2.3036935811690076,8400,7300,0.1988799082970087,0.27188491905912276,0.5775387268969503,1.3670808750227694
india_daily,roll7,3,1,rung5_raw_ratio,0.04368254470657108,0.048685672233381494,0.01750667674733064,0.01898871820869097,5,20,0.3653571428571429,49931081634.21574,8400,7300,0.1988799082970087,0.27188491905912276,0.5775387268969503,1.3670808750227694
india_daily,roll7,3,1,rung5_ridge,0.05930427878746256,0.05861434581449121,0.03089245215467449,0.027517998874114546,1,20,0.12297619047619048,214.9023292884397,8400,7300,0.1988799082970087,0.27188491905912276,0.5775387268969503,1.3670808750227694
india_daily,roll7,3,1,rung5_wls,0.012790301115717778,-0.023622623340868953,0.008263283668028837,-0.003426604355564189,3,20,0.14857142857142858,4.721924402373228,8400,7300,0.1988799082970087,0.27188491905912276,0.5775387268969503,1.3670808750227694
india_daily,roll7,3,1,rung5_wls_bagged,0.011733052951400442,-0.030574965964174083,0.008154961824465224,-0.005524429529144781,3,20,0.1326190476190476,4.769856485849822,8400,7300,0.1988799082970087,0.27188491905912276,0.5775387268969503,1.3670808750227694
india_daily,roll7,3,1,rung4_wls_series,0.05924143821739704,0.02839785112154436,0.02573386310352253,0.015211941255025452,3,20,0.03511904761904762,3.184289488087664,8400,7300,0.1988799082970087,0.27188491905912276,0.5775387268969503,1.3670808750227694
india_daily,roll7,3,1,rung4_wls_cell,0.057479799809261475,0.02664495371740927,0.0255592320124643,0.014693741162237539,3,20,0.05130952380952381,3.1414330478876895,8400,7300,0.1988799082970087,0.27188491905912276,0.5775387268969503,1.3670808750227694
india_daily,roll7,3,1,rung0_none,0.0,0.0,0.0,0.0,0,20,0.0,0.0,8400,7300,0.1988799082970087,0.27188491905912276,0.5775387268969503,1.3670808750227694
india_daily,roll7,3,2,rung1_global,0.04101518918828912,0.02562349081911819,0.019073368412402897,0.009152381370716944,2,20,0.0,0.6999945438734929,8400,7300,0.21047034036245332,0.2934231669109272,0.582311862874896,1.394130718872882
india_daily,roll7,3,2,rung2_series,0.07648777219832018,0.06592785864705475,0.03357602284604712,0.02946238101107579,4,20,0.0,1.2167914043667234,8400,7300,0.21047034036245332,0.2934231669109272,0.582311862874896,1.394130718872882
india_daily,roll7,3,2,rung3_cell,0.07103529636803152,0.061358250463998676,0.030995439577575577,0.026929942956141484,4,20,0.04345238095238095,1.901939685943551,8400,7300,0.21047034036245332,0.2934231669109272,0.582311862874896,1.394130718872882
india_daily,roll7,3,2,rung5_raw_ratio,-0.0006821834816692074,-0.012029750696040287,-0.00450854205624861,-0.009923874069408312,6,20,0.3939285714285714,136362062372.25026,8400,7300,0.21047034036245332,0.2934231669109272,0.582311862874896,1.394130718872882
india_daily,roll7,3,2,rung5_ridge,0.017791757713289447,0.001744065044514631,0.010570460608481002,-4.4555321439876394e-05,4,20,0.14511904761904762,932.6995594875776,8400,7300,0.21047034036245332,0.2934231669109272,0.582311862874896,1.394130718872882
india_daily,roll7,3,2,rung5_wls,-0.013510163665255676,-0.048160204228047565,-0.0046903353084004114,-0.017271763798847095,5,20,0.1911904761904762,4.218776913873055,8400,7300,0.21047034036245332,0.2934231669109272,0.582311862874896,1.394130718872882
india_daily,roll7,3,2,rung5_wls_bagged,-0.005942844629410376,-0.04584397593894418,-0.0005121873005944743,-0.012963125445467627,3,20,0.16797619047619047,3.5510696675196955,8400,7300,0.21047034036245332,0.2934231669109272,0.582311862874896,1.394130718872882
india_daily,roll7,3,2,rung4_wls_series,0.04253508246146205,0.012212674181976912,0.01764522408236659,0.008092326632420987,3,20,0.05107142857142857,2.460871554726698,8400,7300,0.21047034036245332,0.2934231669109272,0.582311862874896,1.394130718872882
india_daily,roll7,3,2,rung4_wls_cell,0.040834772446100634,0.01063082890208511,0.01750193755127492,0.007616203251403664,3,20,0.06190476190476191,2.61423409763759,8400,7300,0.21047034036245332,0.2934231669109272,0.582311862874896,1.394130718872882
india_daily,roll7,3,2,rung0_none,0.0,0.0,0.0,0.0,0,20,0.0,0.0,8400,7300,0.21047034036245332,0.2934231669109272,0.582311862874896,1.394130718872882
india_daily,roll7,3,3,rung1_global,0.027081920223189743,0.009280428189667789,0.010603151728231962,0.00021088840787952812,3,20,0.0,0.7281025053936114,8400,7300,0.18528221704656062,0.27153806112869777,0.5944089483359638,1.4655376293368805
india_daily,roll7,3,3,rung2_series,0.07702348164015026,0.059492920485114786,0.031285115972702476,0.026822252133394398,4,20,0.0,1.3464309549236622,8400,7300,0.18528221704656062,0.27153806112869777,0.5944089483359638,1.4655376293368805
india_daily,roll7,3,3,rung3_cell,0.06959122077318833,0.053003181842500635,0.028471486798895933,0.024107253516413518,4,20,0.04345238095238095,2.3676886298650794,8400,7300,0.18528221704656062,0.27153806112869777,0.5944089483359638,1.4655376293368805
india_daily,roll7,3,3,rung5_raw_ratio,-0.00034944865237363507,-0.001926925551198,-0.009598742535907524,-0.0106583977391832,5,20,0.4091666666666667,134652400811.87474,8400,7300,0.18528221704656062,0.27153806112869777,0.5944089483359638,1.4655376293368805
india_daily,roll7,3,3,rung5_ridge,0.02152256408674842,0.008733522026718177,0.008280942780362992,-0.0006204951769674949,3,20,0.17226190476190475,225.487252721228,8400,7300,0.18528221704656062,0.27153806112869777,0.5944089483359638,1.4655376293368805
india_daily,roll7,3,3,rung5_wls,-0.03550341997562519,-0.0779106695405194,-0.013320724373944376,-0.02535456531001601,4,20,0.17809523809523808,4.7604064724285955,8400,7300,0.18528221704656062,0.27153806112869777,0.5944089483359638,1.4655376293368805
india_daily,roll7,3,3,rung5_wls_bagged,-0.00791527400954985,-0.05792728921524626,-0.0012626661463422506,-0.014850692818670908,3,20,0.14583333333333334,4.003176735518851,8400,7300,0.18528221704656062,0.27153806112869777,0.5944089483359638,1.4655376293368805
india_daily,roll7,3,3,rung4_wls_series,0.042334328315788,0.0034991508944761662,0.015306092716821906,0.0047943544020767614,3,20,0.05154761904761905,2.794407262677966,8400,7300,0.18528221704656062,0.27153806112869777,0.5944089483359638,1.4655376293368805
india_daily,roll7,3,3,rung4_wls_cell,0.0402615138294823,0.0015750519976830413,0.014880158082380662,0.00428370516175991,3,20,0.06654761904761905,2.7626227167017854,8400,7300,0.18528221704656062,0.27153806112869777,0.5944089483359638,1.4655376293368805
india_daily,roll7,3,3,rung0_none,0.0,0.0,0.0,0.0,0,20,0.0,0.0,8400,7300,0.18528221704656062,0.27153806112869777,0.5944089483359638,1.4655376293368805
india_daily,roll7,3,4,rung1_global,0.022551634155883356,0.005349741233623639,0.007845469492219408,-0.0024904530500258204,3,20,0.0,0.7368231280566632,8400,7300,0.18574308939929685,0.26573023637714605,0.588584576774594,1.4306332323669857
india_daily,roll7,3,4,rung2_series,0.07622182712704012,0.061529603131826205,0.030862004308164947,0.025993614004256815,4,20,0.0,1.25967057193814,8400,7300,0.18574308939929685,0.26573023637714605,0.588584576774594,1.4306332323669857
india_daily,roll7,3,4,rung3_cell,0.07060722418648238,0.056272713874699454,0.028760208699705397,0.02331936413167013,4,20,0.027976190476190477,2.228626080390342,8400,7300,0.18574308939929685,0.26573023637714605,0.588584576774594,1.4306332323669857
india_daily,roll7,3,4,rung5_raw_ratio,0.0037058190905641664,-0.007621433220341922,-0.008275998231226345,-0.012599666221720929,4,20,0.3554761904761905,37677549919.26016,8400,7300,0.18574308939929685,0.26573023637714605,0.588584576774594,1.4306332323669857
india_daily,roll7,3,4,rung5_ridge,0.023688957210492283,0.0004919142627606288,0.009612335529898286,-0.0014797342773025246,3,20,0.13666666666666666,88.01792472329441,8400,7300,0.18574308939929685,0.26573023637714605,0.588584576774594,1.4306332323669857
india_daily,roll7,3,4,rung5_wls,-0.04877052596347924,-0.10207956480443547,-0.012973231320182872,-0.03150793062998658,4,20,0.16773809523809524,4.068843057427553,8400,7300,0.18574308939929685,0.26573023637714605,0.588584576774594,1.4306332323669857
india_daily,roll7,3,4,rung5_wls_bagged,-0.011761935462480517,-0.05533423961573858,0.00038030720372353997,-0.013852965984723964,3,20,0.15619047619047619,3.887019519748769,8400,7300,0.18574308939929685,0.26573023637714605,0.588584576774594,1.4306332323669857
india_daily,roll7,3,4,rung4_wls_series,0.04250582930058329,0.007919256070378466,0.017898587308778552,0.007224618557494122,3,20,0.043333333333333335,2.693851787361031,8400,7300,0.18574308939929685,0.26573023637714605,0.588584576774594,1.4306332323669857
india_daily,roll7,3,4,rung4_wls_cell,0.041581646854914125,0.0066617523739410656,0.01787290632223077,0.006809863340350719,3,20,0.05773809523809524,2.694026626872456,8400,7300,0.18574308939929685,0.26573023637714605,0.588584576774594,1.4306332323669857
india_daily,roll7,3,4,rung0_none,0.0,0.0,0.0,0.0,0,20,0.0,0.0,8400,7300,0.18574308939929685,0.26573023637714605,0.588584576774594,1.4306332323669857
india_daily,roll7,3,5,rung1_global,0.04495830716398502,0.027438321765647866,0.01967540556847398,0.00951861591789327,2,20,0.0,0.7279130881437259,8400,7300,0.18208584518891194,0.24128317038119018,0.569912207808316,1.3251066832287908
india_daily,roll7,3,5,rung2_series,0.085514334953342,0.07196691189657978,0.03812786451581491,0.0330340322204582,4,20,0.0,1.1844197596669388,8400,7300,0.18208584518891194,0.24128317038119018,0.569912207808316,1.3251066832287908
india_daily,roll7,3,5,rung3_cell,0.07996003137291692,0.06727205913671475,0.03584023446874972,0.030572514853899557,4,20,0.04345238095238095,2.446027241890094,8400,7300,0.18208584518891194,0.24128317038119018,0.569912207808316,1.3251066832287908
india_daily,roll7,3,5,rung5_raw_ratio,0.015446108216555721,0.005048096640308364,0.002359866000108929,-0.002820428258547558,4,20,0.3759523809523809,79031351061.71461,8400,7300,0.18208584518891194,0.24128317038119018,0.569912207808316,1.3251066832287908
india_daily,roll7,3,5,rung5_ridge,0.02845256469039148,0.012280134133505483,0.015145633210719028,0.005226414250071976,2,20,0.14892857142857144,144.94369604940914,8400,7300,0.18208584518891194,0.24128317038119018,0.569912207808316,1.3251066832287908
india_daily,roll7,3,5,rung5_wls,-0.016739897813427274,-0.06212569992374273,-0.0013022760928292632,-0.01567535144578658,3,20,0.1769047619047619,3.8796064117548354,8400,7300,0.18208584518891194,0.24128317038119018,0.569912207808316,1.3251066832287908
india_daily,roll7,3,5,rung5_wls_bagged,0.011919211430850996,-0.025022690912454904,0.010115329076725072,-0.0008830872486611518,3,20,0.15011904761904762,3.2884932207288244,8400,7300,0.18208584518891194,0.24128317038119018,0.569912207808316,1.3251066832287908
india_daily,roll7,3,5,rung4_wls_series,0.0628179562168272,0.03433818430288804,0.027798560550561645,0.01924818259040717,3,20,0.03773809523809524,2.3835569112516026,8400,7300,0.18208584518891194,0.24128317038119018,0.569912207808316,1.3251066832287908
india_daily,roll7,3,5,rung4_wls_cell,0.0614081568379965,0.032869641319731024,0.027866787512918052,0.018948226997576256,3,20,0.057261904761904764,2.6058074970387057,8400,7300,0.18208584518891194,0.24128317038119018,0.569912207808316,1.3251066832287908
india_daily,roll7,3,5,rung0_none,0.0,0.0,0.0,0.0,0,20,0.0,0.0,8400,7300,0.18208584518891194,0.24128317038119018,0.569912207808316,1.3251066832287908
india_daily,roll7,3,6,rung1_global,0.04232229991360694,0.028663503997537587,0.019826492613287217,0.011839112908196947,3,20,0.0,0.727966935660078,8400,7300,0.19557652881910562,0.24755710283338153,0.5586511272236723,1.2657812485380302
india_daily,roll7,3,6,rung2_series,0.08172335415226473,0.07413075373889444,0.037914657138016776,0.03567592212923809,2,20,0.0,1.2119200197446665,8400,7300,0.19557652881910562,0.24755710283338153,0.5586511272236723,1.2657812485380302
india_daily,roll7,3,6,rung3_cell,0.0748364065862685,0.06766037172221062,0.03509561015175013,0.032449384134293546,4,20,0.012023809523809523,2.6701091774806973,8400,7300,0.19557652881910562,0.24755710283338153,0.5586511272236723,1.2657812485380302
india_daily,roll7,3,6,rung5_raw_ratio,0.016937653315812574,0.006686268058293088,0.0035980055292259617,0.00044573190617303027,5,20,0.3163095238095238,162441564305.7944,8400,7300,0.19557652881910562,0.24755710283338153,0.5586511272236723,1.2657812485380302
india_daily,roll7,3,6,rung5_ridge,0.03572311406146371,0.01885232816642657,0.018500516670867856,0.010119204887735767,2,20,0.11821428571428572,462.88255535083965,8400,7300,0.19557652881910562,0.24755710283338153,0.5586511272236723,1.2657812485380302
india_daily,roll7,3,6,rung5_wls,-0.021616034232135223,-0.06452965865833793,-0.005149673731448434,-0.020655523429198297,3,20,0.17023809523809524,3.983852500111148,8400,7300,0.19557652881910562,0.24755710283338153,0.5586511272236723,1.2657812485380302
india_daily,roll7,3,6,rung5_wls_bagged,-0.041331276564232064,-0.09061371590138045,-0.007646108086534381,-0.023500687276327037,4,20,0.1336904761904762,3.926493417048845,8400,7300,0.19557652881910562,0.24755710283338153,0.5586511272236723,1.2657812485380302
india_daily,roll7,3,6,rung4_wls_series,0.03305571093408398,0.0004841014549999967,0.016386684801455408,0.005941258132327709,3,20,0.029166666666666667,2.7284195080800395,8400,7300,0.19557652881910562,0.24755710283338153,0.5586511272236723,1.2657812485380302
india_daily,roll7,3,6,rung4_wls_cell,0.03137873890843727,-0.0014037153715238393,0.01642962100221637,0.005398708746189307,3,20,0.04392857142857143,2.635006503069057,8400,7300,0.19557652881910562,0.24755710283338153,0.5586511272236723,1.2657812485380302
india_daily,roll7,3,6,rung0_none,0.0,0.0,0.0,0.0,0,20,0.0,0.0,8400,7300,0.19557652881910562,0.24755710283338153,0.5586511272236723,1.2657812485380302
india_daily,roll7,3,7,rung1_global,0.050042871385273746,0.033240072323530434,0.02089042179212152,0.010760015723426997,3,20,0.0,0.7299143273486309,8400,7300,0.1768064334124686,0.24445332836981334,0.5802911897769937,1.38260426191355
india_daily,roll7,3,7,rung2_series,0.09047404461959693,0.07744899578403563,0.038565264732942875,0.03397820593218426,4,20,0.0,1.212759479191668,8400,7300,0.1768064334124686,0.24445332836981334,0.5802911897769937,1.38260426191355
india_daily,roll7,3,7,rung3_cell,0.08349265979107212,0.07160450121598305,0.03553164589798829,0.030741659471280935,4,20,0.0275,2.1446743574365468,8400,7300,0.1768064334124686,0.24445332836981334,0.5802911897769937,1.38260426191355
india_daily,roll7,3,7,rung5_raw_ratio,0.01223165132648898,-0.0012267803290595403,0.0022158605753700377,-0.0034202189000942518,3,20,0.3807142857142857,130447454314.58554,8400,7300,0.1768064334124686,0.24445332836981334,0.5802911897769937,1.38260426191355
india_daily,roll7,3,7,rung5_ridge,0.029392759859291483,0.0064612433091387755,0.015132970178103628,0.0032530909828925036,1,20,0.1498809523809524,397.74992601729434,8400,7300,0.1768064334124686,0.24445332836981334,0.5802911897769937,1.38260426191355
india_daily,roll7,3,7,rung5_wls,-0.019486257716675247,-0.06841195666487199,-0.00713244958284045,-0.022222281373651676,3,20,0.19273809523809524,4.043135613713202,8400,7300,0.1768064334124686,0.24445332836981334,0.5802911897769937,1.38260426191355
india_daily,roll7,3,7,rung5_wls_bagged,0.003717760590851843,-0.03865905934207836,0.0015982669900866553,-0.010987890488463048,3,20,0.14273809523809525,3.400987909869837,8400,7300,0.1768064334124686,0.24445332836981334,0.5802911897769937,1.38260426191355
india_daily,roll7,3,7,rung4_wls_series,0.053243094779419534,0.023325977512671292,0.01982664396994664,0.010759283700959132,3,20,0.04178571428571429,2.367212655849529,8400,7300,0.1768064334124686,0.24445332836981334,0.5802911897769937,1.38260426191355
india_daily,roll7,3,7,rung4_wls_cell,0.0509100505622619,0.021220536078470853,0.019278159406455903,0.00996308507210153,3,20,0.05202380952380952,2.5096931055363876,8400,7300,0.1768064334124686,0.24445332836981334,0.5802911897769937,1.38260426191355
india_daily,roll7,3,7,rung0_none,0.0,0.0,0.0,0.0,0,20,0.0,0.0,8400,7300,0.1768064334124686,0.24445332836981334,0.5802911897769937,1.38260426191355
india_daily,roll7,3,8,rung1_global,0.029037693946592842,0.013608078290149095,0.011964105713391909,0.004018317282554973,3,20,0.0,0.7425505034604767,8400,7300,0.1972252176248813,0.2790965677643632,0.5859412194138649,1.4151160339708673
india_daily,roll7,3,8,rung2_series,0.07872520751204251,0.06773359983563854,0.03350813908061926,0.031233553786050416,5,20,0.0,1.2264046286882846,8400,7300,0.1972252176248813,0.2790965677643632,0.5859412194138649,1.4151160339708673
india_daily,roll7,3,8,rung3_cell,0.07194653640868823,0.06241650002790178,0.031184799934420488,0.02910017582989266,5,20,0.04345238095238095,2.592341253098196,8400,7300,0.1972252176248813,0.2790965677643632,0.5859412194138649,1.4151160339708673
india_daily,roll7,3,8,rung5_raw_ratio,0.018360217619117186,0.005417760301478558,0.0024109609066625902,0.00031675779639894763,6,20,0.35904761904761906,162079786739.27338,8400,7300,0.1972252176248813,0.2790965677643632,0.5859412194138649,1.4151160339708673
india_daily,roll7,3,8,rung5_ridge,0.03923917149124455,0.015521815162536035,0.019566569823485543,0.009901726626304508,3,20,0.12964285714285714,301.02122003893544,8400,7300,0.1972252176248813,0.2790965677643632,0.5859412194138649,1.4151160339708673
india_daily,roll7,3,8,rung5_wls,0.016080557804236985,-0.03269279753044296,0.007068080302597579,-0.006573737104547561,4,20,0.17,3.6412683406494906,8400,7300,0.1972252176248813,0.2790965677643632,0.5859412194138649,1.4151160339708673
india_daily,roll7,3,8,rung5_wls_bagged,-0.031090378749770737,-0.0854223422461946,-0.006345507313399534,-0.02199550658679117,4,20,0.16273809523809524,3.8563221068168914,8400,7300,0.1972252176248813,0.2790965677643632,0.5859412194138649,1.4151160339708673
india_daily,roll7,3,8,rung4_wls_series,0.031481338516355664,-0.009899495715084417,0.01319619238341993,0.0015457211750664612,3,20,0.04619047619047619,2.7164393226276857,8400,7300,0.1972252176248813,0.2790965677643632,0.5859412194138649,1.4151160339708673
india_daily,roll7,3,8,rung4_wls_cell,0.030053436322524087,-0.011046628009280246,0.013276573453160922,0.0015172471895351647,3,20,0.06392857142857143,2.9167095705231434,8400,7300,0.1972252176248813,0.2790965677643632,0.5859412194138649,1.4151160339708673
india_daily,roll7,3,8,rung0_none,0.0,0.0,0.0,0.0,0,20,0.0,0.0,8400,7300,0.1972252176248813,0.2790965677643632,0.5859412194138649,1.4151160339708673
india_daily,roll7,3,9,rung1_global,0.03902006747600019,0.025385335408535936,0.016031233236728393,0.007729391385700168,3,20,0.0,0.730803564246992,8400,7300,0.18314521651153418,0.27967249396020943,0.6042821776961457,1.5270532274185613
india_daily,roll7,3,9,rung2_series,0.08159466184908797,0.068863925408427,0.035798177803688165,0.032897356143908096,4,20,0.0,1.2747032096856148,8400,7300,0.18314521651153418,0.27967249396020943,0.6042821776961457,1.5270532274185613
india_daily,roll7,3,9,rung3_cell,0.07346126773993021,0.06291270327854115,0.032384102828494146,0.03010847834813335,5,20,0.05071428571428571,2.207166598717732,8400,7300,0.18314521651153418,0.27967249396020943,0.6042821776961457,1.5270532274185613
india_daily,roll7,3,9,rung5_raw_ratio,0.02292888330448605,0.026291373848706723,0.002678399127292325,0.005513425395523797,4,20,0.4076190476190476,58467016608.57177,8400,7300,0.18314521651153418,0.27967249396020943,0.6042821776961457,1.5270532274185613
india_daily,roll7,3,9,rung5_ridge,0.04252448949405309,0.03273990667391713,0.021627831683264487,0.014898719201893229,1,20,0.15857142857142856,86.1091279896317,8400,7300,0.18314521651153418,0.27967249396020943,0.6042821776961457,1.5270532274185613
india_daily,roll7,3,9,rung5_wls,-0.04468442517467441,-0.09736797181046386,-0.011841721559692254,-0.02835847711375017,4,20,0.1788095238095238,4.352059140856379,8400,7300,0.18314521651153418,0.27967249396020943,0.6042821776961457,1.5270532274185613
india_daily,roll7,3,9,rung5_wls_bagged,-0.032135152719790915,-0.08262241637662715,-0.006732245118017543,-0.021517202568172022,4,20,0.15273809523809523,3.8398200102163296,8400,7300,0.18314521651153418,0.27967249396020943,0.6042821776961457,1.5270532274185613
india_daily,roll7,3,9,rung4_wls_series,0.026227805039007436,-0.01228629791173197,0.012099769395405713,0.0009470165397417185,3,20,0.05345238095238095,2.671120501442818,8400,7300,0.18314521651153418,0.27967249396020943,0.6042821776961457,1.5270532274185613
india_daily,roll7,3,9,rung4_wls_cell,0.024150801207284876,-0.01388522247196744,0.011674570795118333,0.0005017553306893019,3,20,0.06571428571428571,2.7890142776823295,8400,7300,0.18314521651153418,0.27967249396020943,0.6042821776961457,1.5270532274185613
india_daily,roll7,3,9,rung0_none,0.0,0.0,0.0,0.0,0,20,0.0,0.0,8400,7300,0.18314521651153418,0.27967249396020943,0.6042821776961457,1.5270532274185613
india_daily,roll7,7,0,rung1_global,0.05984174182636139,0.05385172079765865,0.026483981016343777,0.01987968501860926,5,20,0.0,0.6361142076011516,8320,7300,0.18489503497949478,0.31306965155577776,0.6286985001568017,1.6932290885501484
india_daily,roll7,7,0,rung2_series,0.08390909659792603,0.07039336589423728,0.03616294986644906,0.02831206496672478,5,20,0.0,1.266855138720617,8320,7300,0.18489503497949478,0.31306965155577776,0.6286985001568017,1.6932290885501484
india_daily,roll7,7,0,rung3_cell,0.07945622509834124,0.06693358570420971,0.03439398014391181,0.02678918040102496,7,20,0.0,1.394280396173826,8320,7300,0.18489503497949478,0.31306965155577776,0.6286985001568017,1.6932290885501484
india_daily,roll7,7,0,rung5_raw_ratio,0.03220511781211989,0.035862039320429195,0.008792161465798882,0.008078956525894299,5,20,0.38353365384615384,40114552803.38958,8320,7300,0.18489503497949478,0.31306965155577776,0.6286985001568017,1.6932290885501484
india_daily,roll7,7,0,rung5_ridge,0.04553416503433545,0.044497564191693706,0.02043468145874231,0.015193145157090915,2,20,0.1675480769230769,139.89145720323714,8320,7300,0.18489503497949478,0.31306965155577776,0.6286985001568017,1.6932290885501484
india_daily,roll7,7,0,rung5_wls,-0.0176791253422178,-0.04578219811768669,-0.0138898789870682,-0.02790493969429586,8,20,0.21971153846153846,4.440181948890636,8320,7300,0.18489503497949478,0.31306965155577776,0.6286985001568017,1.6932290885501484
india_daily,roll7,7,0,rung5_wls_bagged,0.011504852836253581,-0.013868996602650174,-0.0022100079099928336,-0.012580581965607962,8,20,0.16935096153846155,4.2557627490601755,8320,7300,0.18489503497949478,0.31306965155577776,0.6286985001568017,1.6932290885501484
india_daily,roll7,7,0,rung4_wls_series,0.056387205797842996,0.034835120752451654,0.01908425685437058,0.010352841278883917,7,20,0.055408653846153844,3.081518073169131,8320,7300,0.18489503497949478,0.31306965155577776,0.6286985001568017,1.6932290885501484
india_daily,roll7,7,0,rung4_wls_cell,0.05530493409985563,0.03383456605255719,0.019161492525937667,0.0102439355450199,7,20,0.061778846153846156,3.174624768080894,8320,7300,0.18489503497949478,0.31306965155577776,0.6286985001568017,1.6932290885501484
india_daily,roll7,7,0,rung0_none,0.0,0.0,0.0,0.0,0,20,0.0,0.0,8320,7300,0.18489503497949478,0.31306965155577776,0.6286985001568017,1.6932290885501484
india_daily,roll7,7,1,rung1_global,0.05662782242752991,0.050568080405794524,0.02121867303413006,0.016005158820152854,5,20,0.0,0.6682537826283896,8320,7300,0.2034489405255749,0.3057125055634967,0.6004235157860244,1.5026497792209765
india_daily,roll7,7,1,rung2_series,0.08422407684804607,0.07073190953504149,0.031736816561784585,0.026346015324600347,4,20,0.0,1.1638106950629445,8320,7300,0.2034489405255749,0.3057125055634967,0.6004235157860244,1.5026497792209765
india_daily,roll7,7,1,rung3_cell,0.0730784377497693,0.06414385832790603,0.026617443347036994,0.022072147027850653,6,20,0.009375,1.6218252453379205,8320,7300,0.2034489405255749,0.3057125055634967,0.6004235157860244,1.5026497792209765
india_daily,roll7,7,1,rung5_raw_ratio,0.03691434228194232,0.04212924738751733,0.007954630264994244,0.01331067613406034,4,20,0.3971153846153846,38198532710.08395,8320,7300,0.2034489405255749,0.3057125055634967,0.6004235157860244,1.5026497792209765
india_daily,roll7,7,1,rung5_ridge,0.06351431114961766,0.05173875253237237,0.027593957094534865,0.023320969329113983,4,20,0.16538461538461538,338.1871499140399,8320,7300,0.2034489405255749,0.3057125055634967,0.6004235157860244,1.5026497792209765
india_daily,roll7,7,1,rung5_wls,0.02300318388202972,0.004649010983416746,0.0018274283260864665,-0.006146230032153532,7,20,0.20096153846153847,4.1068335166748495,8320,7300,0.2034489405255749,0.3057125055634967,0.6004235157860244,1.5026497792209765
india_daily,roll7,7,1,rung5_wls_bagged,0.02647038825294918,0.010160126455683316,0.0017316332032284941,-0.005398656370058097,7,20,0.17427884615384615,3.6038157278488905,8320,7300,0.2034489405255749,0.3057125055634967,0.6004235157860244,1.5026497792209765
india_daily,roll7,7,1,rung4_wls_series,0.06731274506523097,0.05180202076237639,0.021180866830817647,0.015168293539275957,7,20,0.053966346153846156,2.5699779638303064,8320,7300,0.2034489405255749,0.3057125055634967,0.6004235157860244,1.5026497792209765
india_daily,roll7,7,1,rung4_wls_cell,0.06443990896123877,0.05013524755085419,0.020274652233574924,0.014479323136404987,7,20,0.06117788461538461,2.5053254200768893,8320,7300,0.2034489405255749,0.3057125055634967,0.6004235157860244,1.5026497792209765
india_daily,roll7,7,1,rung0_none,0.0,0.0,0.0,0.0,0,20,0.0,0.0,8320,7300,0.2034489405255749,0.3057125055634967,0.6004235157860244,1.5026497792209765
india_daily,roll7,7,2,rung1_global,0.05496709811573426,0.05095493148011121,0.023394463642493694,0.017194971313182372,5,20,0.0,0.6587225946676418,8320,7300,0.18005729581623336,0.3243962197357378,0.6430646426971267,1.8016277444642779
india_daily,roll7,7,2,rung2_series,0.07934218082747331,0.06971727315311682,0.03237610109771151,0.026494442256161044,4,20,0.0,1.1623537514138083,8320,7300,0.18005729581623336,0.3243962197357378,0.6430646426971267,1.8016277444642779
india_daily,roll7,7,2,rung3_cell,0.06964344751788261,0.06331264632640687,0.026673289460346795,0.021677203111764798,7,20,0.0,1.3964443490282563,8320,7300,0.18005729581623336,0.3243962197357378,0.6430646426971267,1.8016277444642779
india_daily,roll7,7,2,rung5_raw_ratio,0.021636294365646996,0.019287503925979332,0.003168293692456242,0.0031935773281454027,5,20,0.40420673076923075,66087104614.750114,8320,7300,0.18005729581623336,0.3243962197357378,0.6430646426971267,1.8016277444642779
india_daily,roll7,7,2,rung5_ridge,0.03745884979026246,0.02975827278971299,0.016892915379645452,0.011262787298647825,2,20,0.16766826923076922,51.05270329385527,8320,7300,0.18005729581623336,0.3243962197357378,0.6430646426971267,1.8016277444642779
india_daily,roll7,7,2,rung5_wls,0.0015564739821895101,-0.009672667742196994,-0.004715362077083796,-0.012854265519338659,8,20,0.21790865384615385,4.253069982227554,8320,7300,0.18005729581623336,0.3243962197357378,0.6430646426971267,1.8016277444642779
india_daily,roll7,7,2,rung5_wls_bagged,-0.005450008971398701,-0.021823794047805878,-0.008140423360860776,-0.017911738207372352,7,20,0.16959134615384616,4.320974142417016,8320,7300,0.18005729581623336,0.3243962197357378,0.6430646426971267,1.8016277444642779
india_daily,roll7,7,2,rung4_wls_series,0.040994460849336535,0.025093783841395823,0.011973055037872927,0.0038273892458798864,7,20,0.06778846153846153,3.1320638124914852,8320,7300,0.18005729581623336,0.3243962197357378,0.6430646426971267,1.8016277444642779
india_daily,roll7,7,2,rung4_wls_cell,0.038943250370697444,0.02355114910073819,0.011016846785915885,0.00302136468923897,7,20,0.07211538461538461,3.110352454417379,8320,7300,0.18005729581623336,0.3243962197357378,0.6430646426971267,1.8016277444642779
india_daily,roll7,7,2,rung0_none,0.0,0.0,0.0,0.0,0,20,0.0,0.0,8320,7300,0.18005729581623336,0.3243962197357378,0.6430646426971267,1.8016277444642779
india_daily,roll7,7,3,rung1_global,0.06040453847884899,0.053142938985334065,0.022490149430215607,0.017365658779995297,6,20,0.0,0.6442644000634451,8320,7300,0.18396879895577758,0.34649153413134715,0.6531902811938214,1.8834255379067664
india_daily,roll7,7,3,rung2_series,0.07462677082011293,0.056786943172617455,0.029269045505854924,0.021677887043676347,5,20,0.0,1.2109311392585982,8320,7300,0.18396879895577758,0.34649153413134715,0.6531902811938214,1.8834255379067664
india_daily,roll7,7,3,rung3_cell,0.06324736947998526,0.04818223327356275,0.024062538766881685,0.016556194618030373,7,20,0.0,1.3491206137004343,8320,7300,0.18396879895577758,0.34649153413134715,0.6531902811938214,1.8834255379067664
india_daily,roll7,7,3,rung5_raw_ratio,0.022294355448945695,0.03327307806755153,0.0026816470027244523,0.0062153667908148025,4,20,0.39447115384615383,70852586824.75087,8320,7300,0.18396879895577758,0.34649153413134715,0.6531902811938214,1.8834255379067664
india_daily,roll7,7,3,rung5_ridge,0.04047215062682094,0.0393885892118484,0.017839028008977298,0.013505035992866121,4,20,0.15588942307692308,68.65838916245488,8320,7300,0.18396879895577758,0.34649153413134715,0.6531902811938214,1.8834255379067664
india_daily,roll7,7,3,rung5_wls,-0.020542067680480176,-0.03531404050665787,-0.016321457914901343,-0.024340660295773198,10,20,0.24254807692307692,3.925672736795206,8320,7300,0.18396879895577758,0.34649153413134715,0.6531902811938214,1.8834255379067664
india_daily,roll7,7,3,rung5_wls_bagged,0.0025995289743166393,-0.021236676226003004,-0.007055977170195127,-0.015532474971164056,9,20,0.2032451923076923,3.980299769523909,8320,7300,0.18396879895577758,0.34649153413134715,0.6531902811938214,1.8834255379067664
india_daily,roll7,7,3,rung4_wls_series,0.047208239247287107,0.024322882021524106,0.012985794686740932,0.005408505928087171,8,20,0.07824519230769231,2.94806034939822,8320,7300,0.18396879895577758,0.34649153413134715,0.6531902811938214,1.8834255379067664
india_daily,roll7,7,3,rung4_wls_cell,0.04468533784080394,0.022135101674214286,0.01212664803845972,0.004379943697143784,8,20,0.08173076923076923,2.8371461816922263,8320,7300,0.18396879895577758,0.34649153413134715,0.6531902811938214,1.8834255379067664
india_daily,roll7,7,3,rung0_none,0.0,0.0,0.0,0.0,0,20,0.0,0.0,8320,7300,0.18396879895577758,0.34649153413134715,0.6531902811938214,1.8834255379067664
india_daily,roll7,7,4,rung1_global,0.0585036252165503,0.0433172661339456,0.02152520833950195,0.014686248745851338,6,20,0.0,0.6771434583494091,8320,7300,0.20139160713956578,0.3366582807438991,0.6257008658959431,1.6716599342225447
india_daily,roll7,7,4,rung2_series,0.06575568150719055,0.04970685197033098,0.02321521446272421,0.017343782507578065,5,20,0.0,1.3034281704894344,8320,7300,0.20139160713956578,0.3366582807438991,0.6257008658959431,1.6716599342225447
india_daily,roll7,7,4,rung3_cell,0.057434405655241494,0.04532324009061561,0.019270775216314717,0.013914176066699202,5,20,0.0,1.4126623719119666,8320,7300,0.20139160713956578,0.3366582807438991,0.6257008658959431,1.6716599342225447
india_daily,roll7,7,4,rung5_raw_ratio,0.009221443717230016,-0.0008361882698202372,-0.004296600907289427,-0.0052142809178832294,5,20,0.42139423076923077,35063302860.08871,8320,7300,0.20139160713956578,0.3366582807438991,0.6257008658959431,1.6716599342225447
india_daily,roll7,7,4,rung5_ridge,0.034771449365339574,0.009194088987351745,0.014113691392991267,0.0045031015621321835,4,20,0.19903846153846153,312.4580572557263,8320,7300,0.20139160713956578,0.3366582807438991,0.6257008658959431,1.6716599342225447
india_daily,roll7,7,4,rung5_wls,-0.014791062192945698,-0.0407305196583847,-0.014109725629094072,-0.023845922991901025,9,20,0.23810096153846153,5.360911095254425,8320,7300,0.20139160713956578,0.3366582807438991,0.6257008658959431,1.6716599342225447
india_daily,roll7,7,4,rung5_wls_bagged,0.008084840356201706,-0.010877205483441843,-0.00392051004513666,-0.01076355906295623,8,20,0.19555288461538461,3.620219204782939,8320,7300,0.20139160713956578,0.3366582807438991,0.6257008658959431,1.6716599342225447
india_daily,roll7,7,4,rung4_wls_series,0.047188999244361304,0.027356364364703234,0.013860923213684272,0.00784324078357812,7,20,0.07608173076923076,2.6575869760542044,8320,7300,0.20139160713956578,0.3366582807438991,0.6257008658959431,1.6716599342225447
india_daily,roll7,7,4,rung4_wls_cell,0.0455266179627843,0.026465171788097708,0.013521539808986922,0.007503695360093543,7,20,0.08149038461538462,2.580973399428493,8320,7300,0.20139160713956578,0.3366582807438991,0.6257008658959431,1.6716599342225447
india_daily,roll7,7,4,rung0_none,0.0,0.0,0.0,0.0,0,20,0.0,0.0,8320,7300,0.20139160713956578,0.3366582807438991,0.6257008658959431,1.6716599342225447
india_daily,roll7,7,5,rung1_global,0.05704523717291967,0.045571920784417075,0.02331808117927956,0.01616684583514827,4,20,0.0,0.6465754496222444,8320,7300,0.18351623590561586,0.33182570890331753,0.6438942380798136,1.8081545061439612
india_daily,roll7,7,5,rung2_series,0.07646518670528629,0.05989904655802469,0.03130877161399667,0.02366400659054113,4,20,0.0,1.3816670713964125,8320,7300,0.18351623590561586,0.33182570890331753,0.6438942380798136,1.8081545061439612
india_daily,roll7,7,5,rung3_cell,0.06707795892459625,0.05318248787401536,0.02655837483490391,0.019198193748352854,8,20,0.0,1.3970204644301176,8320,7300,0.18351623590561586,0.33182570890331753,0.6438942380798136,1.8081545061439612
india_daily,roll7,7,5,rung5_raw_ratio,0.011954314075780703,0.0022429002563832956,0.0005189778622207708,-0.0031681971764423444,9,20,0.36033653846153846,54492228444.310356,8320,7300,0.18351623590561586,0.33182570890331753,0.6438942380798136,1.8081545061439612
india_daily,roll7,7,5,rung5_ridge,0.028384686826833032,0.011728266597400672,0.015102049238159537,0.00479160622155439,6,20,0.13834134615384616,23.306670790241586,8320,7300,0.18351623590561586,0.33182570890331753,0.6438942380798136,1.8081545061439612
india_daily,roll7,7,5,rung5_wls,-0.00920306269277687,-0.03062546110287756,-0.0101780562191349,-0.02125072760188651,9,20,0.2221153846153846,3.181426487512384,8320,7300,0.18351623590561586,0.33182570890331753,0.6438942380798136,1.8081545061439612
india_daily,roll7,7,5,rung5_wls_bagged,-0.0049784870299080354,-0.02878302360891105,-0.009723460406126655,-0.021263445287046823,8,20,0.19507211538461539,3.9716807741144664,8320,7300,0.18351623590561586,0.33182570890331753,0.6438942380798136,1.8081545061439612
india_daily,roll7,7,5,rung4_wls_series,0.04445087806702023,0.020471342369353773,0.012389348016564905,0.002249087425264751,7,20,0.06995192307692308,2.8718186687774336,8320,7300,0.18351623590561586,0.33182570890331753,0.6438942380798136,1.8081545061439612
india_daily,roll7,7,5,rung4_wls_cell,0.04250972538448285,0.01890156201270432,0.011487599822926969,0.0013020994380846806,8,20,0.07463942307692308,2.8735293328444858,8320,7300,0.18351623590561586,0.33182570890331753,0.6438942380798136,1.8081545061439612
india_daily,roll7,7,5,rung0_none,0.0,0.0,0.0,0.0,0,20,0.0,0.0,8320,7300,0.18351623590561586,0.33182570890331753,0.6438942380798136,1.8081545061439612
india_daily,roll7,7,6,rung1_global,0.06434755275803763,0.0613050091836157,0.02585530160408022,0.0214832731707304,5,20,0.0,0.6544199066630305,8320,7300,0.1935329592121438,0.2950857648008585,0.6039182501590057,1.524731322262252
india_daily,roll7,7,6,rung2_series,0.07860476482210148,0.07337119028795547,0.032759809779372845,0.028159823680044327,4,20,0.0,1.136935272538056,8320,7300,0.1935329592121438,0.2950857648008585,0.6039182501590057,1.524731322262252
india_daily,roll7,7,6,rung3_cell,0.07024537656183756,0.0679573010163288,0.02988703022467255,0.02584844543898146,7,20,0.0,1.3896253980300641,8320,7300,0.1935329592121438,0.2950857648008585,0.6039182501590057,1.524731322262252
india_daily,roll7,7,6,rung5_raw_ratio,0.01952770361424989,0.021758155440641747,0.002724648464946694,0.003589892021157337,5,20,0.35673076923076924,35240188002.814186,8320,7300,0.1935329592121438,0.2950857648008585,0.6039182501590057,1.524731322262252
india_daily,roll7,7,6,rung5_ridge,0.03756471110015221,0.031556425053223314,0.019032125712293724,0.013182986378676764,4,20,0.15432692307692308,548.958892807501,8320,7300,0.1935329592121438,0.2950857648008585,0.6039182501590057,1.524731322262252
india_daily,roll7,7,6,rung5_wls,-0.0009607216721117584,-0.020373194020818275,-0.0016894848182159139,-0.012870598231552455,8,20,0.20084134615384616,4.085848256922753,8320,7300,0.1935329592121438,0.2950857648008585,0.6039182501590057,1.524731322262252
india_daily,roll7,7,6,rung5_wls_bagged,0.02547692373259683,0.00803814302727901,0.006812637314404185,-0.0018828149708074449,7,20,0.1639423076923077,3.909181287269405,8320,7300,0.1935329592121438,0.2950857648008585,0.6039182501590057,1.524731322262252
india_daily,roll7,7,6,rung4_wls_series,0.06521909372901978,0.052008166099433595,0.025505492587216877,0.01924462122986559,7,20,0.049639423076923074,2.7618266549381185,8320,7300,0.1935329592121438,0.2950857648008585,0.6039182501590057,1.524731322262252
india_daily,roll7,7,6,rung4_wls_cell,0.06310028037630186,0.05019310590877779,0.025046094761847233,0.01873642749981075,8,20,0.05252403846153846,2.6341007784057897,8320,7300,0.1935329592121438,0.2950857648008585,0.6039182501590057,1.524731322262252
india_daily,roll7,7,6,rung0_none,0.0,0.0,0.0,0.0,0,20,0.0,0.0,8320,7300,0.1935329592121438,0.2950857648008585,0.6039182501590057,1.524731322262252
india_daily,roll7,7,7,rung1_global,0.060874620138152216,0.04630054571986775,0.02513881864215058,0.01803088982079093,5,20,0.0,0.6716873936413583,8320,7300,0.18893150078901844,0.3326206687515011,0.6377514813993305,1.7605357886980515
india_daily,roll7,7,7,rung2_series,0.08031725665560271,0.0533958851646027,0.03388234636142777,0.025314647307212224,4,20,0.0,1.3884216906818823,8320,7300,0.18893150078901844,0.3326206687515011,0.6377514813993305,1.7605357886980515
india_daily,roll7,7,7,rung3_cell,0.07217012396814168,0.047559829548433075,0.031120972834539205,0.02257046564120635,5,20,0.0,1.3884216906818823,8320,7300,0.18893150078901844,0.3326206687515011,0.6377514813993305,1.7605357886980515
india_daily,roll7,7,7,rung5_raw_ratio,0.02184969028044518,0.014141800620208644,0.006544727134296413,0.006100021509728881,6,20,0.3875,57477916066.684235,8320,7300,0.18893150078901844,0.3326206687515011,0.6377514813993305,1.7605357886980515
india_daily,roll7,7,7,rung5_ridge,0.04112950970325642,0.023261590423411582,0.021677891184053583,0.014275754338475388,4,20,0.1736778846153846,1305.73027490635,8320,7300,0.18893150078901844,0.3326206687515011,0.6377514813993305,1.7605357886980515
india_daily,roll7,7,7,rung5_wls,-0.037813605173161166,-0.06513989796467623,-0.02074258179755033,-0.031999759201433164,8,20,0.2049278846153846,4.195165960196438,8320,7300,0.18893150078901844,0.3326206687515011,0.6377514813993305,1.7605357886980515
india_daily,roll7,7,7,rung5_wls_bagged,-0.001574991838076961,-0.03878708106937112,-0.005854749973880619,-0.018667166066976604,6,20,0.18473557692307693,3.4797005200951667,8320,7300,0.18893150078901844,0.3326206687515011,0.6377514813993305,1.7605357886980515
india_daily,roll7,7,7,rung4_wls_series,0.04394878670804625,0.008420666410662636,0.01390110688997372,0.0024057220428377324,5,20,0.06899038461538462,2.618784827236808,8320,7300,0.18893150078901844,0.3326206687515011,0.6377514813993305,1.7605357886980515
india_daily,roll7,7,7,rung4_wls_cell,0.041578327153139465,0.006678909943127476,0.013505950769655972,0.001855861131703218,5,20,0.07283653846153847,2.6243194810442456,8320,7300,0.18893150078901844,0.3326206687515011,0.6377514813993305,1.7605357886980515
india_daily,roll7,7,7,rung0_none,0.0,0.0,0.0,0.0,0,20,0.0,0.0,8320,7300,0.18893150078901844,0.3326206687515011,0.6377514813993305,1.7605357886980515
india_daily,roll7,7,8,rung1_global,0.058730964177268155,0.04939481190623818,0.021178093557915872,0.01566932001777832,5,20,0.0,0.6777305635494668,8320,7300,0.19608480131400746,0.32134891594595283,0.6210436336612098,1.6388262312658755
india_daily,roll7,7,8,rung2_series,0.07620533339030802,0.06529697188420758,0.028918213447505704,0.023790883285675357,4,20,0.0,1.345851853781996,8320,7300,0.19608480131400746,0.32134891594595283,0.6210436336612098,1.6388262312658755
india_daily,roll7,7,8,rung3_cell,0.06643595249916529,0.06025248599396016,0.026144650160025467,0.02160945634200273,6,20,0.0,1.4267731667727641,8320,7300,0.19608480131400746,0.32134891594595283,0.6210436336612098,1.6388262312658755
india_daily,roll7,7,8,rung5_raw_ratio,0.00028841010128012877,-0.014244248708432883,-0.007510617475015658,-0.01389607587476882,5,20,0.3890625,92647266878.71585,8320,7300,0.19608480131400746,0.32134891594595283,0.6210436336612098,1.6388262312658755
india_daily,roll7,7,8,rung5_ridge,0.018508317333692348,-0.006150062321423455,0.004836781737625961,-0.0072809984609458756,4,20,0.1753605769230769,547.8268416906717,8320,7300,0.19608480131400746,0.32134891594595283,0.6210436336612098,1.6388262312658755
india_daily,roll7,7,8,rung5_wls,-0.0130366916012434,-0.037569669154877694,-0.01203609833280787,-0.022813644536672895,8,20,0.19915865384615383,3.403722851331315,8320,7300,0.19608480131400746,0.32134891594595283,0.6210436336612098,1.6388262312658755
india_daily,roll7,7,8,rung5_wls_bagged,0.008498724270066288,-0.02011737087338239,-0.0026844824260116194,-0.013776968840862436,8,20,0.1700721153846154,3.844724737967715,8320,7300,0.19608480131400746,0.32134891594595283,0.6210436336612098,1.6388262312658755
india_daily,roll7,7,8,rung4_wls_series,0.05340369136081413,0.03048231973479587,0.016676660897131733,0.008029770966787697,8,20,0.06658653846153846,2.738483343186403,8320,7300,0.19608480131400746,0.32134891594595283,0.6210436336612098,1.6388262312658755
india_daily,roll7,7,8,rung4_wls_cell,0.05135233083268211,0.02934517801517611,0.016074656435666957,0.007537811876737077,8,20,0.07019230769230769,2.6336997409676126,8320,7300,0.19608480131400746,0.32134891594595283,0.6210436336612098,1.6388262312658755
india_daily,roll7,7,8,rung0_none,0.0,0.0,0.0,0.0,0,20,0.0,0.0,8320,7300,0.19608480131400746,0.32134891594595283,0.6210436336612098,1.6388262312658755
india_daily,roll7,7,9,rung1_global,0.06328907977682083,0.05395204539416154,0.026637504378026873,0.020349472744356056,4,20,0.0,0.6510727907741998,8320,7300,0.17973558900634926,0.3839225791942423,0.6811266133512572,2.136040955031338
india_daily,roll7,7,9,rung2_series,0.07711768215417215,0.06802571997707296,0.031518027741537065,0.025630469049318094,4,20,0.0,1.229719947868843,8320,7300,0.17973558900634926,0.3839225791942423,0.6811266133512572,2.136040955031338
india_daily,roll7,7,9,rung3_cell,0.06672742632084341,0.06074621690964965,0.02639306180086428,0.020556907559366788,7,20,0.0,1.4331600351630165,8320,7300,0.17973558900634926,0.3839225791942423,0.6811266133512572,2.136040955031338
india_daily,roll7,7,9,rung5_raw_ratio,0.019857788955649224,0.01598851992156214,0.0022693319430975244,-0.00013079828799478221,6,20,0.38497596153846153,45923529358.9494,8320,7300,0.17973558900634926,0.3839225791942423,0.6811266133512572,2.136040955031338
india_daily,roll7,7,9,rung5_ridge,0.039602851813224295,0.023094091257952032,0.016505033192885342,0.006884079004151444,5,20,0.17596153846153847,42.22011238355079,8320,7300,0.17973558900634926,0.3839225791942423,0.6811266133512572,2.136040955031338
india_daily,roll7,7,9,rung5_wls,-0.003520526241405658,-0.019560430610307877,-0.008113158900927309,-0.01632050808621477,10,20,0.23389423076923077,4.534221533208148,8320,7300,0.17973558900634926,0.3839225791942423,0.6811266133512572,2.136040955031338
india_daily,roll7,7,9,rung5_wls_bagged,-0.005357228688441041,-0.03485128966395301,-0.012423786046372393,-0.02503926214742691,9,20,0.21165865384615384,4.488350262032105,8320,7300,0.17973558900634926,0.3839225791942423,0.6811266133512572,2.136040955031338
india_daily,roll7,7,9,rung4_wls_series,0.0353272621280981,0.010818888814995153,0.006150739789129838,-0.004087189595821439,8,20,0.09831730769230769,3.3711429081769095,8320,7300,0.17973558900634926,0.3839225791942423,0.6811266133512572,2.136040955031338
india_daily,roll7,7,9,rung4_wls_cell,0.033642762869574884,0.009703144532767771,0.005694813518456465,-0.0045281704086559404,8,20,0.10012019230769231,3.282712485632552,8320,7300,0.17973558900634926,0.3839225791942423,0.6811266133512572,2.136040955031338
india_daily,roll7,7,9,rung0_none,0.0,0.0,0.0,0.0,0,20,0.0,0.0,8320,7300,0.17973558900634926,0.3839225791942423,0.6811266133512572,2.136040955031338
india_daily,snaive7,1,0,rung1_global,0.31239350529224197,0.29292389701910515,0.17973454905862707,0.17450885075832157,1,20,0.0,1.0483893044875572,8440,7300,0.10518653218750283,0.09733165420410216,0.48060698122140033,0.9253242994131723
india_daily,snaive7,1,0,rung2_series,0.3326622584017562,0.3119809950547512,0.18973878077011944,0.1849802524723546,1,20,0.0,1.165081074553636,8440,7300,0.10518653218750283,0.09733165420410216,0.48060698122140033,0.9253242994131723
india_daily,snaive7,1,0,rung3_cell,0.3337425094188658,0.31499520608985887,0.19072253582641624,0.18650397326551693,1,20,0.04549763033175355,1.6091828234645165,8440,7300,0.10518653218750283,0.09733165420410216,0.48060698122140033,0.9253242994131723
india_daily,snaive7,1,0,rung5_raw_ratio,0.28870788065965,0.2663554702652018,0.16443728708866232,0.1577241870960009,1,20,0.31492890995260664,74721819117.65125,8440,7300,0.10518653218750283,0.09733165420410216,0.48060698122140033,0.9253242994131723
india_daily,snaive7,1,0,rung5_ridge,0.28490793718177954,0.2707454396191499,0.15943533893836592,0.15759020178058836,1,20,0.11007109004739336,391.35170600564885,8440,7300,0.10518653218750283,0.09733165420410216,0.48060698122140033,0.9253242994131723
india_daily,snaive7,1,0,rung5_wls,0.3021930780135206,0.27602350253500985,0.17273817151446055,0.1638232276385696,1,20,0.10130331753554503,4.110605565304413,8440,7300,0.10518653218750283,0.09733165420410216,0.48060698122140033,0.9253242994131723
india_daily,snaive7,1,0,rung5_wls_bagged,0.29978146254587135,0.27467723515183795,0.17231283350539855,0.16364119569423552,1,20,0.09040284360189574,3.180976615196012,8440,7300,0.10518653218750283,0.09733165420410216,0.48060698122140033,0.9253242994131723
india_daily,snaive7,1,0,rung4_wls_series,0.3230312792696754,0.30157361354697,0.18405143304805877,0.1778538938118457,1,20,0.009834123222748814,2.130610598716756,8440,7300,0.10518653218750283,0.09733165420410216,0.48060698122140033,0.9253242994131723
india_daily,snaive7,1,0,rung4_wls_cell,0.3241299246414942,0.3034820642166516,0.18495441808677074,0.1789059313494995,1,20,0.027962085308056873,2.1321749870649174,8440,7300,0.10518653218750283,0.09733165420410216,0.48060698122140033,0.9253242994131723
india_daily,snaive7,1,0,rung0_none,0.0,0.0,0.0,0.0,0,20,0.0,0.0,8440,7300,0.10518653218750283,0.09733165420410216,0.48060698122140033,0.9253242994131723
india_daily,snaive7,1,1,rung1_global,0.31792871150805124,0.29179546525440947,0.18219539438855484,0.17253854547002156,1,20,0.0,1.0579900055706728,8440,7300,0.09713491663914905,0.08600159267881477,0.46960375623135725,0.8853828844915369
india_daily,snaive7,1,1,rung2_series,0.3400455926884879,0.3134932313758646,0.19329724912932145,0.1848227634393309,1,20,0.0,1.1880651017572064,8440,7300,0.09713491663914905,0.08600159267881477,0.46960375623135725,0.8853828844915369
india_daily,snaive7,1,1,rung3_cell,0.33972031459970076,0.3147657962260936,0.19382235648120819,0.1857739642988142,1,20,0.04549763033175355,1.5260597499461932,8440,7300,0.09713491663914905,0.08600159267881477,0.46960375623135725,0.8853828844915369
india_daily,snaive7,1,1,rung5_raw_ratio,0.2929973536313111,0.26735012534130054,0.16773952795789665,0.1587024024325715,1,20,0.3241706161137441,59085099462.32264,8440,7300,0.09713491663914905,0.08600159267881477,0.46960375623135725,0.8853828844915369
india_daily,snaive7,1,1,rung5_ridge,0.2918796575992366,0.27374342652039163,0.16496083499977746,0.15976775137648436,1,20,0.10817535545023697,338.00298416621087,8440,7300,0.09713491663914905,0.08600159267881477,0.46960375623135725,0.8853828844915369
india_daily,snaive7,1,1,rung5_wls,0.3084991322084189,0.27601258368174175,0.17824478514725584,0.16557271816752062,1,20,0.10071090047393365,3.183549793978039,8440,7300,0.09713491663914905,0.08600159267881477,0.46960375623135725,0.8853828844915369
india_daily,snaive7,1,1,rung5_wls_bagged,0.31561776591304724,0.2813437424576424,0.18092383821862906,0.16836832842460003,1,20,0.07109004739336493,3.2125276803795835,8440,7300,0.09713491663914905,0.08600159267881477,0.46960375623135725,0.8853828844915369
india_daily,snaive7,1,1,rung4_wls_series,0.3355540421014933,0.3064054497412292,0.19135909530225756,0.181207780420911,1,20,0.00533175355450237,2.138760333028094,8440,7300,0.09713491663914905,0.08600159267881477,0.46960375623135725,0.8853828844915369
india_daily,snaive7,1,1,rung4_wls_cell,0.33646282989144743,0.308140687613928,0.19204439041739002,0.18208448728449944,1,20,0.015876777251184835,2.1447248266916157,8440,7300,0.09713491663914905,0.08600159267881477,0.46960375623135725,0.8853828844915369
india_daily,snaive7,1,1,rung0_none,0.0,0.0,0.0,0.0,0,20,0.0,0.0,8440,7300,0.09713491663914905,0.08600159267881477,0.46960375623135725,0.8853828844915369
india_daily,snaive7,1,2,rung1_global,0.32851562792100986,0.3034677328116704,0.18816176023281841,0.18113435239182185,1,20,0.0,1.0467642045768397,8440,7300,0.12154773517753871,0.12693087689993562,0.5108322033783705,1.0442882931099788
india_daily,snaive7,1,2,rung2_series,0.34187523722533947,0.31504359067965393,0.19490526503959626,0.1880691265469414,1,20,0.0,1.1790621792908977,8440,7300,0.12154773517753871,0.12693087689993562,0.5108322033783705,1.0442882931099788
india_daily,snaive7,1,2,rung3_cell,0.3418735181846923,0.31707455944405893,0.19562354955822536,0.18974862058703212,1,20,0.04549763033175355,1.633615358243161,8440,7300,0.12154773517753871,0.12693087689993562,0.5108322033783705,1.0442882931099788
india_daily,snaive7,1,2,rung5_raw_ratio,0.297233535135892,0.2727374135297812,0.16581779580499534,0.1601892304411383,1,20,0.3508293838862559,76649236770.87892,8440,7300,0.12154773517753871,0.12693087689993562,0.5108322033783705,1.0442882931099788
india_daily,snaive7,1,2,rung5_ridge,0.2973592010652425,0.2779531851483028,0.16561260364675695,0.16194327756040927,1,20,0.11587677725118484,4554.488495554468,8440,7300,0.12154773517753871,0.12693087689993562,0.5108322033783705,1.0442882931099788
india_daily,snaive7,1,2,rung5_wls,0.30260979250441195,0.26499508846345565,0.17342480466955718,0.16117643916720692,1,20,0.12156398104265403,4.98068605753877,8440,7300,0.12154773517753871,0.12693087689993562,0.5108322033783705,1.0442882931099788
india_daily,snaive7,1,2,rung5_wls_bagged,0.30354252193025977,0.2660378943982492,0.1740509915981046,0.16237525274622688,1,20,0.0981042654028436,3.996524809045833,8440,7300,0.12154773517753871,0.12693087689993562,0.5108322033783705,1.0442882931099788
india_daily,snaive7,1,2,rung4_wls_series,0.3252403118403823,0.29249161093927956,0.18569660639612687,0.17602679661177734,1,20,0.01943127962085308,2.569113239364784,8440,7300,0.12154773517753871,0.12693087689993562,0.5108322033783705,1.0442882931099788
india_daily,snaive7,1,2,rung4_wls_cell,0.3259576145644949,0.2943762270224368,0.1865812673696915,0.17731120851880522,1,20,0.034834123222748814,2.7020165637697673,8440,7300,0.12154773517753871,0.12693087689993562,0.5108322033783705,1.0442882931099788
india_daily,snaive7,1,2,rung0_none,0.0,0.0,0.0,0.0,0,20,0.0,0.0,8440,7300,0.12154773517753871,0.12693087689993562,0.5108322033783705,1.0442882931099788
india_daily,snaive7,1,3,rung1_global,0.31546521115322745,0.28661340021096426,0.18097778230276682,0.17291557561698,1,20,0.0,1.0456901384259052,8440,7300,0.08637913540451007,0.09558958474634101,0.5253077818379871,1.1066281724018048
india_daily,snaive7,1,3,rung2_series,0.3374253690742777,0.3091943659931189,0.19210695260393612,0.1855225757232054,1,20,0.0,1.157067452560697,8440,7300,0.08637913540451007,0.09558958474634101,0.5253077818379871,1.1066281724018048
india_daily,snaive7,1,3,rung3_cell,0.3393126806999166,0.3124180972993714,0.19403166890463344,0.1880498247985094,1,20,0.04549763033175355,1.5057472418930844,8440,7300,0.08637913540451007,0.09558958474634101,0.5253077818379871,1.1066281724018048
india_daily,snaive7,1,3,rung5_raw_ratio,0.28637563612476274,0.25700035434137003,0.16033023097748292,0.15229776812128093,1,20,0.28127962085308056,75691716182.79915,8440,7300,0.08637913540451007,0.09558958474634101,0.5253077818379871,1.1066281724018048
india_daily,snaive7,1,3,rung5_ridge,0.28565245302960673,0.26281617812368285,0.15872769692611055,0.1537629904167006,1,20,0.12796208530805686,1057.980612359465,8440,7300,0.08637913540451007,0.09558958474634101,0.5253077818379871,1.1066281724018048
india_daily,snaive7,1,3,rung5_wls,0.2961021716421306,0.2557856286429896,0.1711008926322733,0.15785431173615372,1,20,0.08270142180094786,4.063508786509409,8440,7300,0.08637913540451007,0.09558958474634101,0.5253077818379871,1.1066281724018048
india_daily,snaive7,1,3,rung5_wls_bagged,0.3089635595771581,0.2734288460823685,0.1776296102070482,0.16641093572129806,1,20,0.06504739336492892,3.4050833264776754,8440,7300,0.08637913540451007,0.09558958474634101,0.5253077818379871,1.1066281724018048
india_daily,snaive7,1,3,rung4_wls_series,0.3294416065409242,0.29876387988272124,0.18814073560268402,0.17988347426351503,1,20,0.006516587677725118,2.3272319250820326,8440,7300,0.08637913540451007,0.09558958474634101,0.5253077818379871,1.1066281724018048
india_daily,snaive7,1,3,rung4_wls_cell,0.33119834120253044,0.3011050257381582,0.18927857995443637,0.18127020606068378,1,20,0.010545023696682464,2.3304310974518367,8440,7300,0.08637913540451007,0.09558958474634101,0.5253077818379871,1.1066281724018048
india_daily,snaive7,1,3,rung0_none,0.0,0.0,0.0,0.0,0,20,0.0,0.0,8440,7300,0.08637913540451007,0.09558958474634101,0.5253077818379871,1.1066281724018048
india_daily,snaive7,1,4,rung1_global,0.3216970065064958,0.30009242269113057,0.18230927588003445,0.17444041574941094,1,20,0.0,1.0495496430541105,8440,7300,0.10397203418227215,0.09598801560953403,0.4800359657315276,0.9232099416392928
india_daily,snaive7,1,4,rung2_series,0.33665083235057314,0.31379147195214796,0.19043890303871125,0.18318955516735125,1,20,0.0,1.1534708999193921,8440,7300,0.10397203418227215,0.09598801560953403,0.4800359657315276,0.9232099416392928
india_daily,snaive7,1,4,rung3_cell,0.33672025805112915,0.3156539651080128,0.19084408072966846,0.18427360911529544,0,20,0.04549763033175355,1.567095569952554,8440,7300,0.10397203418227215,0.09598801560953403,0.4800359657315276,0.9232099416392928
india_daily,snaive7,1,4,rung5_raw_ratio,0.30418568035119176,0.2798071256698954,0.16852882557192275,0.16053284398387746,1,20,0.3349526066350711,63138729232.100945,8440,7300,0.10397203418227215,0.09598801560953403,0.4800359657315276,0.9232099416392928
india_daily,snaive7,1,4,rung5_ridge,0.30077332908548693,0.2890813753071432,0.1655190527876878,0.16258734914792672,1,20,0.11670616113744076,448.171245659591,8440,7300,0.10397203418227215,0.09598801560953403,0.4800359657315276,0.9232099416392928
india_daily,snaive7,1,4,rung5_wls,0.31239817377924883,0.27934022031606853,0.17613109196712484,0.1635997744211154,1,20,0.09265402843601896,3.642244603913029,8440,7300,0.10397203418227215,0.09598801560953403,0.4800359657315276,0.9232099416392928
india_daily,snaive7,1,4,rung5_wls_bagged,0.30679993433479347,0.27215071838022087,0.17271231424867262,0.15901371974085077,1,20,0.08909952606635071,3.377133887722162,8440,7300,0.10397203418227215,0.09598801560953403,0.4800359657315276,0.9232099416392928
india_daily,snaive7,1,4,rung4_wls_series,0.3274602964498603,0.29907477720124487,0.1840317709023775,0.174042373532448,1,20,0.010900473933649289,2.220909109730749,8440,7300,0.10397203418227215,0.09598801560953403,0.4800359657315276,0.9232099416392928
india_daily,snaive7,1,4,rung4_wls_cell,0.3285737539468928,0.30097420575126466,0.18482299610817096,0.17515661758043732,1,20,0.02156398104265403,2.2247136286292077,8440,7300,0.10397203418227215,0.09598801560953403,0.4800359657315276,0.9232099416392928
india_daily,snaive7,1,4,rung0_none,0.0,0.0,0.0,0.0,0,20,0.0,0.0,8440,7300,0.10397203418227215,0.09598801560953403,0.4800359657315276,0.9232099416392928
india_daily,snaive7,1,5,rung1_global,0.3235543497282258,0.29962375041354483,0.18795837367354618,0.180032452877815,1,20,0.0,1.069489449537807,8440,7300,0.11436190811349344,0.10786556996794987,0.48538358487071803,0.9431949129504156
india_daily,snaive7,1,5,rung2_series,0.3400990209433677,0.31326034497632194,0.1959226101271035,0.1880850749893902,1,20,0.0,1.2012331588386342,8440,7300,0.11436190811349344,0.10786556996794987,0.48538358487071803,0.9431949129504156
india_daily,snaive7,1,5,rung3_cell,0.3403136940186268,0.3156724951872897,0.19638931317677977,0.18922527949415735,1,20,0.06113744075829384,1.5512791634657412,8440,7300,0.11436190811349344,0.10786556996794987,0.48538358487071803,0.9431949129504156
india_daily,snaive7,1,5,rung5_raw_ratio,0.2853463803618127,0.2631175278212131,0.16164291300646322,0.15538136029694527,1,20,0.34845971563981043,120520801155.14856,8440,7300,0.11436190811349344,0.10786556996794987,0.48538358487071803,0.9431949129504156
india_daily,snaive7,1,5,rung5_ridge,0.282851151261492,0.2663565454220693,0.1595874267329458,0.15649699279828122,1,20,0.12701421800947868,204.0505247877802,8440,7300,0.11436190811349344,0.10786556996794987,0.48538358487071803,0.9431949129504156
india_daily,snaive7,1,5,rung5_wls,0.3019522324984828,0.26463830010015954,0.17591865171525947,0.16154172099490993,1,20,0.11706161137440758,3.7460507922093336,8440,7300,0.11436190811349344,0.10786556996794987,0.48538358487071803,0.9431949129504156
india_daily,snaive7,1,5,rung5_wls_bagged,0.3023474262663556,0.2619787687840309,0.17441186798666033,0.16017539161900596,1,20,0.10225118483412322,3.735444690829607,8440,7300,0.11436190811349344,0.10786556996794987,0.48538358487071803,0.9431949129504156
india_daily,snaive7,1,5,rung4_wls_series,0.3249418739711919,0.2897624814634978,0.1867340686197879,0.17500714328347655,1,20,0.011611374407582939,2.431297837057127,8440,7300,0.11436190811349344,0.10786556996794987,0.48538358487071803,0.9431949129504156
india_daily,snaive7,1,5,rung4_wls_cell,0.3257722440585401,0.2919039572813026,0.1872353682147584,0.17576702230924068,1,20,0.02428909952606635,2.4351501301106833,8440,7300,0.11436190811349344,0.10786556996794987,0.48538358487071803,0.9431949129504156
india_daily,snaive7,1,5,rung0_none,0.0,0.0,0.0,0.0,0,20,0.0,0.0,8440,7300,0.11436190811349344,0.10786556996794987,0.48538358487071803,0.9431949129504156
india_daily,snaive7,1,6,rung1_global,0.31803609150103374,0.2975164010456215,0.18336524300733906,0.17787413251833617,1,20,0.0,1.0605176447142473,8440,7300,0.104822075823008,0.10369790678180364,0.49730440932528064,0.98927545526667
india_daily,snaive7,1,6,rung2_series,0.3355768388136052,0.31238955107870425,0.192462388225679,0.18697820963165468,1,20,0.0,1.2041327783130713,8440,7300,0.104822075823008,0.10369790678180364,0.49730440932528064,0.98927545526667
india_daily,snaive7,1,6,rung3_cell,0.3354619624440506,0.31358554977012987,0.19286047201712214,0.18793602212863425,1,20,0.04549763033175355,1.6112308528297106,8440,7300,0.104822075823008,0.10369790678180364,0.49730440932528064,0.98927545526667
india_daily,snaive7,1,6,rung5_raw_ratio,0.2859523495679388,0.2664176516245349,0.16161252581451477,0.15574480603248175,1,20,0.37855450236966826,73821495633.28145,8440,7300,0.104822075823008,0.10369790678180364,0.49730440932528064,0.98927545526667
india_daily,snaive7,1,6,rung5_ridge,0.2865421722002141,0.2709764815663944,0.15958821951075727,0.15596601844711533,1,20,0.12132701421800948,403.3690469948717,8440,7300,0.104822075823008,0.10369790678180364,0.49730440932528064,0.98927545526667
india_daily,snaive7,1,6,rung5_wls,0.2972600633531635,0.2636781228932602,0.17169545688667223,0.1605159781261717,1,20,0.10485781990521327,3.95467940598974,8440,7300,0.104822075823008,0.10369790678180364,0.49730440932528064,0.98927545526667
india_daily,snaive7,1,6,rung5_wls_bagged,0.3063395793551912,0.2746054727605045,0.17662734263997715,0.16637710797465544,1,20,0.08199052132701422,4.032973574705368,8440,7300,0.104822075823008,0.10369790678180364,0.49730440932528064,0.98927545526667
india_daily,snaive7,1,6,rung4_wls_series,0.32684346090615246,0.30043277513021494,0.18749636441590373,0.17980136992834472,1,20,0.008175355450236966,2.5939686428095494,8440,7300,0.104822075823008,0.10369790678180364,0.49730440932528064,0.98927545526667
india_daily,snaive7,1,6,rung4_wls_cell,0.32751357957734106,0.3016848400345786,0.18803196926706195,0.18048904312753877,1,20,0.02239336492890995,2.599246980059618,8440,7300,0.104822075823008,0.10369790678180364,0.49730440932528064,0.98927545526667
india_daily,snaive7,1,6,rung0_none,0.0,0.0,0.0,0.0,0,20,0.0,0.0,8440,7300,0.104822075823008,0.10369790678180364,0.49730440932528064,0.98927545526667
india_daily,snaive7,1,7,rung1_global,0.32546349910725814,0.3063467438133176,0.1869637943654637,0.18127468320396423,1,20,0.0,1.0542743852602028,8440,7300,0.10300049394564248,0.10228382886892731,0.4982544573621374,0.9930421200009645
india_daily,snaive7,1,7,rung2_series,0.34225595439066436,0.32170581091288086,0.19489134794940682,0.18916666012976457,1,20,0.0,1.1711087539966283,8440,7300,0.10300049394564248,0.10228382886892731,0.4982544573621374,0.9930421200009645
india_daily,snaive7,1,7,rung3_cell,0.3423003484410224,0.3234522727138345,0.19549349766008323,0.1902243921219109,1,20,0.06113744075829384,1.5297761961980008,8440,7300,0.10300049394564248,0.10228382886892731,0.4982544573621374,0.9930421200009645
india_daily,snaive7,1,7,rung5_raw_ratio,0.30072238639493004,0.28551591933889553,0.1674647019685843,0.16245838104305643,1,20,0.31528436018957345,68970509235.66397,8440,7300,0.10300049394564248,0.10228382886892731,0.4982544573621374,0.9930421200009645
india_daily,snaive7,1,7,rung5_ridge,0.29487815356688907,0.28916956026269824,0.16436021702057496,0.1627609788037676,1,20,0.11149289099526066,607.2824316105429,8440,7300,0.10300049394564248,0.10228382886892731,0.4982544573621374,0.9930421200009645
india_daily,snaive7,1,7,rung5_wls,0.3114738351241829,0.27884163611400126,0.17784546023047706,0.16707303180144872,1,20,0.10699052132701421,4.1015377737340835,8440,7300,0.10300049394564248,0.10228382886892731,0.4982544573621374,0.9930421200009645
india_daily,snaive7,1,7,rung5_wls_bagged,0.31546876479927227,0.28592845515510157,0.18085523217325825,0.17148627407153594,1,20,0.08732227488151659,4.1387442440363476,8440,7300,0.10300049394564248,0.10228382886892731,0.4982544573621374,0.9930421200009645
india_daily,snaive7,1,7,rung4_wls_series,0.33475088895782035,0.31069777695656786,0.1910470355316194,0.18419655368342347,1,20,0.007227488151658768,2.6497463647349893,8440,7300,0.10300049394564248,0.10228382886892731,0.4982544573621374,0.9930421200009645
india_daily,snaive7,1,7,rung4_wls_cell,0.3357594204918891,0.3122618716458714,0.1916618047913806,0.1848706961581007,1,20,0.01694312796208531,2.6531311932675608,8440,7300,0.10300049394564248,0.10228382886892731,0.4982544573621374,0.9930421200009645
india_daily,snaive7,1,7,rung0_none,0.0,0.0,0.0,0.0,0,20,0.0,0.0,8440,7300,0.10300049394564248,0.10228382886892731,0.4982544573621374,0.9930421200009645
india_daily,snaive7,1,8,rung1_global,0.32368852856285163,0.29879382188121995,0.1864955944028262,0.1800224103014133,1,20,0.0,1.067442200061297,8440,7300,0.11051610020482867,0.09610452144027148,0.4651255071981366,0.8695974727858926
india_daily,snaive7,1,8,rung2_series,0.3377004158521846,0.3097913447713604,0.1930627820885644,0.18650785511531165,1,20,0.0,1.2348997333214957,8440,7300,0.11051610020482867,0.09610452144027148,0.4651255071981366,0.8695974727858926
india_daily,snaive7,1,8,rung3_cell,0.3364550184752566,0.31007989673676295,0.19308239329249896,0.1867015923404829,1,20,0.08033175355450237,1.6621825800587267,8440,7300,0.11051610020482867,0.09610452144027148,0.4651255071981366,0.8695974727858926
india_daily,snaive7,1,8,rung5_raw_ratio,0.287796580518468,0.26389960403844603,0.16382050663017236,0.1585068940008364,1,20,0.3651658767772512,35158009599.87444,8440,7300,0.11051610020482867,0.09610452144027148,0.4651255071981366,0.8695974727858926
india_daily,snaive7,1,8,rung5_ridge,0.2847381863926636,0.2691315266168771,0.16038467035405915,0.15910304916347529,1,20,0.12748815165876778,138.54080538841242,8440,7300,0.11051610020482867,0.09610452144027148,0.4651255071981366,0.8695974727858926
india_daily,snaive7,1,8,rung5_wls,0.30295913349281206,0.26430335694431406,0.17461965482741365,0.16309157004810793,1,20,0.1283175355450237,3.6346249013334933,8440,7300,0.11051610020482867,0.09610452144027148,0.4651255071981366,0.8695974727858926
india_daily,snaive7,1,8,rung5_wls_bagged,0.30539618926446765,0.27237507103910696,0.1779021329983685,0.16747184154684125,1,20,0.09691943127962085,3.764548290191321,8440,7300,0.11051610020482867,0.09610452144027148,0.4651255071981366,0.8695974727858926
india_daily,snaive7,1,8,rung4_wls_series,0.3273053227944865,0.29725143881951266,0.18798382137344874,0.1796569839483948,1,20,0.010071090047393365,2.3837104603715376,8440,7300,0.11051610020482867,0.09610452144027148,0.4651255071981366,0.8695974727858926
india_daily,snaive7,1,8,rung4_wls_cell,0.3274302595652818,0.2982293330739876,0.18846098442405884,0.18021400763045614,1,20,0.031161137440758293,2.3872392298236127,8440,7300,0.11051610020482867,0.09610452144027148,0.4651255071981366,0.8695974727858926
india_daily,snaive7,1,8,rung0_none,0.0,0.0,0.0,0.0,0,20,0.0,0.0,8440,7300,0.11051610020482867,0.09610452144027148,0.4651255071981366,0.8695974727858926
india_daily,snaive7,1,9,rung1_global,0.296954737556216,0.26203929739133713,0.17170086111074664,0.15892488502962665,1,20,0.0,1.0549556000704112,8440,7300,0.1009321563491507,0.09264775832380685,0.4786021239875535,0.9179211232078908
india_daily,snaive7,1,9,rung2_series,0.326010399456747,0.2917210118487491,0.18541764838983793,0.17456384828430738,1,20,0.0,1.1864200047820512,8440,7300,0.1009321563491507,0.09264775832380685,0.4786021239875535,0.9179211232078908
india_daily,snaive7,1,9,rung3_cell,0.32770543879934233,0.2958742781805723,0.1866512993602954,0.17668845378712916,1,20,0.04549763033175355,1.542380118254832,8440,7300,0.1009321563491507,0.09264775832380685,0.4786021239875535,0.9179211232078908
india_daily,snaive7,1,9,rung5_raw_ratio,0.27866125711545864,0.2425596020818802,0.15747693774933344,0.1465674060003126,1,20,0.3289099526066351,91546175819.85912,8440,7300,0.1009321563491507,0.09264775832380685,0.4786021239875535,0.9179211232078908
india_daily,snaive7,1,9,rung5_ridge,0.2767389076386529,0.2480665978928206,0.1561593347878992,0.14763446550086057,1,20,0.1061611374407583,137.16372532533387,8440,7300,0.1009321563491507,0.09264775832380685,0.4786021239875535,0.9179211232078908
india_daily,snaive7,1,9,rung5_wls,0.27404602321402094,0.22834385246912248,0.1606584066181175,0.1438531283440997,1,20,0.09834123222748815,4.031426396088975,8440,7300,0.1009321563491507,0.09264775832380685,0.4786021239875535,0.9179211232078908
india_daily,snaive7,1,9,rung5_wls_bagged,0.28696567620389646,0.24236609075955362,0.16772229310219275,0.15268109082224512,1,20,0.07523696682464455,3.5659754265556893,8440,7300,0.1009321563491507,0.09264775832380685,0.4786021239875535,0.9179211232078908
india_daily,snaive7,1,9,rung4_wls_series,0.3135683469182949,0.27330043527528736,0.18009560111160308,0.16697205744016475,1,20,0.0062796208530805685,2.3077749593077543,8440,7300,0.1009321563491507,0.09264775832380685,0.4786021239875535,0.9179211232078908
india_daily,snaive7,1,9,rung4_wls_cell,0.31572179464603556,0.27690373153683023,0.18116212673519821,0.1685608176317861,1,20,0.01848341232227488,2.3124446728086534,8440,7300,0.1009321563491507,0.09264775832380685,0.4786021239875535,0.9179211232078908
india_daily,snaive7,1,9,rung0_none,0.0,0.0,0.0,0.0,0,20,0.0,0.0,8440,7300,0.1009321563491507,0.09264775832380685,0.4786021239875535,0.9179211232078908
india_daily,snaive7,2,0,rung1_global,0.14127811908087723,0.11293128914437678,0.07877403778538476,0.07024870162365349,2,20,0.0,0.9578849386968841,8420,7300,0.17295432012659653,0.21903296316833615,0.5587756861069774,1.2664208850522591
india_daily,snaive7,2,0,rung2_series,0.18975472171529867,0.16568177332721135,0.0994562079268633,0.09455403609862201,1,20,0.0,1.2238868399429224,8420,7300,0.17295432012659653,0.21903296316833615,0.5587756861069774,1.2664208850522591
india_daily,snaive7,2,0,rung3_cell,0.1876580996211553,0.1656420927268878,0.09871791800219351,0.09442930937935845,1,20,0.027553444180522565,2.2893087606232427,8420,7300,0.17295432012659653,0.21903296316833615,0.5587756861069774,1.2664208850522591
india_daily,snaive7,2,0,rung5_raw_ratio,0.11349498915037004,0.07982841849931377,0.06208505294290403,0.05194287415826815,2,20,0.3671021377672209,87661769943.19423,8420,7300,0.17295432012659653,0.21903296316833615,0.5587756861069774,1.2664208850522591
india_daily,snaive7,2,0,rung5_ridge,0.11894846349366092,0.08652708038776569,0.06621020722848583,0.05551526563943743,1,20,0.12755344418052256,79.13152844468782,8420,7300,0.17295432012659653,0.21903296316833615,0.5587756861069774,1.2664208850522591
india_daily,snaive7,2,0,rung5_wls,0.1336043214818151,0.0876990488206717,0.0725686057239647,0.05900309395448522,2,20,0.18111638954869358,3.3135377205814716,8420,7300,0.17295432012659653,0.21903296316833615,0.5587756861069774,1.2664208850522591
india_daily,snaive7,2,0,rung5_wls_bagged,0.14450045409840492,0.09832201137788765,0.07850748798483145,0.06607966164921297,2,20,0.17541567695961996,3.67107075973488,8420,7300,0.17295432012659653,0.21903296316833615,0.5587756861069774,1.2664208850522591
india_daily,snaive7,2,0,rung4_wls_series,0.1746298087061327,0.13766023476374667,0.09256939416246679,0.083176265618366,2,20,0.050237529691211404,2.5208443558042974,8420,7300,0.17295432012659653,0.21903296316833615,0.5587756861069774,1.2664208850522591
india_daily,snaive7,2,0,rung4_wls_cell,0.17378501078937444,0.13745476230801612,0.09234464316533963,0.08314437433517563,2,20,0.0675771971496437,2.5230695144585313,8420,7300,0.17295432012659653,0.21903296316833615,0.5587756861069774,1.2664208850522591
india_daily,snaive7,2,0,rung0_none,0.0,0.0,0.0,0.0,0,20,0.0,0.0,8420,7300,0.17295432012659653,0.21903296316833615,0.5587756861069774,1.2664208850522591
india_daily,snaive7,2,1,rung1_global,0.1443478258839858,0.11855158888745576,0.08026251442165798,0.07158336507021779,2,20,0.0,0.989350066978968,8420,7300,0.17197539710640253,0.20648251919650273,0.5455891138798136,1.2006515040564225
india_daily,snaive7,2,1,rung2_series,0.19854089514698697,0.17712747485695124,0.10425470388813692,0.09911177996237497,1,20,0.0,1.2385939457149158,8420,7300,0.17197539710640253,0.20648251919650273,0.5455891138798136,1.2006515040564225
india_daily,snaive7,2,1,rung3_cell,0.19668047474354072,0.17715109828198383,0.10420936162787245,0.09896163401729496,1,20,0.027553444180522565,2.2988927089471187,8420,7300,0.17197539710640253,0.20648251919650273,0.5455891138798136,1.2006515040564225
india_daily,snaive7,2,1,rung5_raw_ratio,0.1443832197692158,0.12172795060412411,0.0723179936907729,0.0651085325812234,2,20,0.3669833729216152,89338404300.32341,8420,7300,0.17197539710640253,0.20648251919650273,0.5455891138798136,1.2006515040564225
india_daily,snaive7,2,1,rung5_ridge,0.14687388823276293,0.12754654496443874,0.07351774822792885,0.06678021987944538,1,20,0.14168646080760094,409.1205953811067,8420,7300,0.17197539710640253,0.20648251919650273,0.5455891138798136,1.2006515040564225
india_daily,snaive7,2,1,rung5_wls,0.14592365828057707,0.10194053464631236,0.08236666581170686,0.06920685204952437,1,20,0.1969121140142518,5.333691288841633,8420,7300,0.17197539710640253,0.20648251919650273,0.5455891138798136,1.2006515040564225
india_daily,snaive7,2,1,rung5_wls_bagged,0.1429583194568958,0.10132762026533826,0.07981483225350786,0.0668294159955597,1,20,0.1660332541567696,3.889886450937735,8420,7300,0.17197539710640253,0.20648251919650273,0.5455891138798136,1.2006515040564225
india_daily,snaive7,2,1,rung4_wls_series,0.17608715332859717,0.14151830772751206,0.09387355346391614,0.08379286507945838,1,20,0.04667458432304038,2.5821671908239425,8420,7300,0.17197539710640253,0.20648251919650273,0.5455891138798136,1.2006515040564225
india_daily,snaive7,2,1,rung4_wls_cell,0.17551689771331266,0.14120545799866657,0.09392436960021518,0.08371739355848828,1,20,0.06864608076009501,2.782321497814039,8420,7300,0.17197539710640253,0.20648251919650273,0.5455891138798136,1.2006515040564225
india_daily,snaive7,2,1,rung0_none,0.0,0.0,0.0,0.0,0,20,0.0,0.0,8420,7300,0.17197539710640253,0.20648251919650273,0.5455891138798136,1.2006515040564225
india_daily,snaive7,2,2,rung1_global,0.13490978050604358,0.11329020498252063,0.07647059449787119,0.06918004700554337,2,20,0.0,0.9778668226738411,8420,7300,0.20196659838476788,0.23155695587327718,0.5341277390788509,1.1465111445415173
india_daily,snaive7,2,2,rung2_series,0.19317894076193118,0.1755029099447596,0.10157584564185611,0.09756189546522642,1,20,0.0,1.2440124498456988,8420,7300,0.20196659838476788,0.23155695587327718,0.5341277390788509,1.1465111445415173
india_daily,snaive7,2,2,rung3_cell,0.18984277086071571,0.1726504211418477,0.09928156865999797,0.0955491173666615,1,20,0.04346793349168646,2.1119764637408176,8420,7300,0.20196659838476788,0.23155695587327718,0.5341277390788509,1.1465111445415173
india_daily,snaive7,2,2,rung5_raw_ratio,0.10675431045345644,0.08109066244588459,0.05878046051589999,0.051268670072649125,2,20,0.35261282660332544,119308457044.14232,8420,7300,0.20196659838476788,0.23155695587327718,0.5341277390788509,1.1465111445415173
india_daily,snaive7,2,2,rung5_ridge,0.10951732627674002,0.08387892624735815,0.061261123055924946,0.05225289710755332,2,20,0.1489311163895487,133.55034723749287,8420,7300,0.20196659838476788,0.23155695587327718,0.5341277390788509,1.1465111445415173
india_daily,snaive7,2,2,rung5_wls,0.1526666675930955,0.1201047312531014,0.08262438825979336,0.07412039971759377,2,20,0.17197149643705464,3.702740442006663,8420,7300,0.20196659838476788,0.23155695587327718,0.5341277390788509,1.1465111445415173
india_daily,snaive7,2,2,rung5_wls_bagged,0.15160140526088983,0.12501845454493654,0.08248326214206783,0.07554696582405207,2,20,0.16543942992874108,3.953288316136559,8420,7300,0.20196659838476788,0.23155695587327718,0.5341277390788509,1.1465111445415173
india_daily,snaive7,2,2,rung4_wls_series,0.17913850543818355,0.15703803397904537,0.0947702639322554,0.08943238590015357,1,20,0.04382422802850356,2.527741515960373,8420,7300,0.20196659838476788,0.23155695587327718,0.5341277390788509,1.1465111445415173
india_daily,snaive7,2,2,rung4_wls_cell,0.17805783435636366,0.15603204965622208,0.09430205335048417,0.08883675927138479,1,20,0.06805225653206651,2.715780380573664,8420,7300,0.20196659838476788,0.23155695587327718,0.5341277390788509,1.1465111445415173
india_daily,snaive7,2,2,rung0_none,0.0,0.0,0.0,0.0,0,20,0.0,0.0,8420,7300,0.20196659838476788,0.23155695587327718,0.5341277390788509,1.1465111445415173
india_daily,snaive7,2,3,rung1_global,0.13476461708176202,0.10174522200390956,0.07763912114976265,0.0673194279289685,2,20,0.0,0.9830395011093453,8420,7300,0.20048322407898944,0.2268332040019687,0.5308319294454871,1.1314323432498148
india_daily,snaive7,2,3,rung2_series,0.19456881410172017,0.1681648917693811,0.10390837013380509,0.09828019882991368,1,20,0.0,1.3012672741536904,8420,7300,0.20048322407898944,0.2268332040019687,0.5308319294454871,1.1314323432498148
india_daily,snaive7,2,3,rung3_cell,0.1932609451876289,0.1672339402522397,0.1037789472576369,0.09804422905711241,1,20,0.04346793349168646,2.45547470231476,8420,7300,0.20048322407898944,0.2268332040019687,0.5308319294454871,1.1314323432498148
india_daily,snaive7,2,3,rung5_raw_ratio,0.1178310825505596,0.08488517609338175,0.06356800258093065,0.053877870838806574,2,20,0.3811163895486936,101103292678.67596,8420,7300,0.20048322407898944,0.2268332040019687,0.5308319294454871,1.1314323432498148
india_daily,snaive7,2,3,rung5_ridge,0.11922640636420798,0.09007940114794766,0.0662918825556741,0.05602413534948192,1,20,0.15938242280285037,162.48282948473604,8420,7300,0.20048322407898944,0.2268332040019687,0.5308319294454871,1.1314323432498148
india_daily,snaive7,2,3,rung5_wls,0.14090903406452898,0.09037956466075048,0.07669333030121282,0.06291703593241427,2,20,0.16733966745843232,3.8396023809041258,8420,7300,0.20048322407898944,0.2268332040019687,0.5308319294454871,1.1314323432498148
india_daily,snaive7,2,3,rung5_wls_bagged,0.13890548996643187,0.09277506076181408,0.07941626362890367,0.06615386009683333,1,20,0.14156769596199525,4.876166533332765,8420,7300,0.20048322407898944,0.2268332040019687,0.5308319294454871,1.1314323432498148
india_daily,snaive7,2,3,rung4_wls_series,0.17568771896539506,0.140120200296461,0.09469405725838534,0.08559333178552286,1,20,0.031591448931116387,3.0351103432395563,8420,7300,0.20048322407898944,0.2268332040019687,0.5308319294454871,1.1314323432498148
india_daily,snaive7,2,3,rung4_wls_cell,0.17556400026393085,0.14004930185633635,0.09512568065942147,0.08575819602291745,1,20,0.05142517814726841,3.2264747799178566,8420,7300,0.20048322407898944,0.2268332040019687,0.5308319294454871,1.1314323432498148
india_daily,snaive7,2,3,rung0_none,0.0,0.0,0.0,0.0,0,20,0.0,0.0,8420,7300,0.20048322407898944,0.2268332040019687,0.5308319294454871,1.1314323432498148
india_daily,snaive7,2,4,rung1_global,0.1324031446035301,0.10550532949550351,0.07584541519568926,0.06701175423329708,2,20,0.0,1.0113155198339439,8420,7300,0.16189012265237654,0.19169802698759325,0.5421505986068365,1.1841242927415816
india_daily,snaive7,2,4,rung2_series,0.18969371092721696,0.16287794369636255,0.09967018679950905,0.09340473880343592,1,20,0.0,1.2861054604266373,8420,7300,0.16189012265237654,0.19169802698759325,0.5421505986068365,1.1841242927415816
india_daily,snaive7,2,4,rung3_cell,0.1880046932344795,0.16227135455685027,0.09889333540711438,0.09301348165684664,1,20,0.027553444180522565,2.277719501288437,8420,7300,0.16189012265237654,0.19169802698759325,0.5421505986068365,1.1841242927415816
india_daily,snaive7,2,4,rung5_raw_ratio,0.13395667469144876,0.11547622679335245,0.06844036701939515,0.06357006784081976,2,20,0.39156769596199525,44929519807.11076,8420,7300,0.16189012265237654,0.19169802698759325,0.5421505986068365,1.1841242927415816
india_daily,snaive7,2,4,rung5_ridge,0.13906488703188966,0.11871034826274862,0.0718703515874893,0.06529615465516314,1,20,0.15700712589073634,216.21086653059874,8420,7300,0.16189012265237654,0.19169802698759325,0.5421505986068365,1.1841242927415816
india_daily,snaive7,2,4,rung5_wls,0.15073253987913246,0.10862944313692235,0.07866989990113761,0.0670537888807754,2,20,0.17874109263657958,5.088748342331955,8420,7300,0.16189012265237654,0.19169802698759325,0.5421505986068365,1.1841242927415816
india_daily,snaive7,2,4,rung5_wls_bagged,0.1429347941267569,0.10495540393960912,0.07784698497646048,0.06782257820182958,1,20,0.1485748218527316,3.4473916694947335,8420,7300,0.16189012265237654,0.19169802698759325,0.5421505986068365,1.1841242927415816
india_daily,snaive7,2,4,rung4_wls_series,0.17646934829807845,0.14381828323165624,0.09283181688405528,0.08479776244488502,1,20,0.037410926365795724,2.424191733191,8420,7300,0.16189012265237654,0.19169802698759325,0.5421505986068365,1.1841242927415816
india_daily,snaive7,2,4,rung4_wls_cell,0.17593089615297913,0.143902233605404,0.09286537927496916,0.08494168927836654,1,20,0.057007125890736345,2.4320178775822416,8420,7300,0.16189012265237654,0.19169802698759325,0.5421505986068365,1.1841242927415816
india_daily,snaive7,2,4,rung0_none,0.0,0.0,0.0,0.0,0,20,0.0,0.0,8420,7300,0.16189012265237654,0.19169802698759325,0.5421505986068365,1.1841242927415816
india_daily,snaive7,2,5,rung1_global,0.1451726803548073,0.11338688188961876,0.08237135678180063,0.07355368629219239,2,20,0.0,0.9627477391305587,8420,7300,0.16606295756133452,0.19915254534739996,0.5453014556098051,1.199259294619295
india_daily,snaive7,2,5,rung2_series,0.19440173913907022,0.16344823066223635,0.10301763434852751,0.095970749573567,1,20,0.0,1.2865795827678794,8420,7300,0.16606295756133452,0.19915254534739996,0.5453014556098051,1.199259294619295
india_daily,snaive7,2,5,rung3_cell,0.1908543997913763,0.16234477248827683,0.10079869205382189,0.09490653048133968,1,20,0.027553444180522565,2.443661100859526,8420,7300,0.16606295756133452,0.19915254534739996,0.5453014556098051,1.199259294619295
india_daily,snaive7,2,5,rung5_raw_ratio,0.13257461823282468,0.10391822047023835,0.0697238296019172,0.06290255361223673,2,20,0.3299287410926366,102246995589.72325,8420,7300,0.16606295756133452,0.19915254534739996,0.5453014556098051,1.199259294619295
india_daily,snaive7,2,5,rung5_ridge,0.13360345932182024,0.10502980841769449,0.0713847184546472,0.06335334058984432,2,20,0.1351543942992874,82512.19808225296,8420,7300,0.16606295756133452,0.19915254534739996,0.5453014556098051,1.199259294619295
india_daily,snaive7,2,5,rung5_wls,0.12058269361927194,0.07325612779968449,0.06878501404173265,0.056178834618677786,2,20,0.1680522565320665,3.546866869797939,8420,7300,0.16606295756133452,0.19915254534739996,0.5453014556098051,1.199259294619295
india_daily,snaive7,2,5,rung5_wls_bagged,0.14122872770504502,0.08954678881012301,0.07822837247360208,0.06463458921933884,2,20,0.16425178147268407,2.9357949468636098,8420,7300,0.16606295756133452,0.19915254534739996,0.5453014556098051,1.199259294619295
india_daily,snaive7,2,5,rung4_wls_series,0.17553718781237365,0.13166364594442348,0.0939354154644785,0.08296043018342636,2,20,0.04584323040380048,2.107375751910446,8420,7300,0.16606295756133452,0.19915254534739996,0.5453014556098051,1.199259294619295
india_daily,snaive7,2,5,rung4_wls_cell,0.17431352974473135,0.13173028419315946,0.0935811193126847,0.08293876291769853,2,20,0.06805225653206651,2.3014566127685505,8420,7300,0.16606295756133452,0.19915254534739996,0.5453014556098051,1.199259294619295
india_daily,snaive7,2,5,rung0_none,0.0,0.0,0.0,0.0,0,20,0.0,0.0,8420,7300,0.16606295756133452,0.19915254534739996,0.5453014556098051,1.199259294619295
india_daily,snaive7,2,6,rung1_global,0.13170943697579338,0.09813125011838675,0.07934428474292703,0.06981603701464456,2,20,0.0,0.9785084020907001,8420,7300,0.17314049140641055,0.19207809250858934,0.5259263930372534,1.1093770783965653
india_daily,snaive7,2,6,rung2_series,0.19221545090278883,0.16483484616498045,0.10505217139759444,0.0999592222282567,1,20,0.0,1.2399227412469134,8420,7300,0.17314049140641055,0.19207809250858934,0.5259263930372534,1.1093770783965653
india_daily,snaive7,2,6,rung3_cell,0.19084674238893423,0.16448896452239503,0.10535127622101685,0.10031315967298149,1,20,0.027553444180522565,2.2227576589368394,8420,7300,0.17314049140641055,0.19207809250858934,0.5259263930372534,1.1093770783965653
india_daily,snaive7,2,6,rung5_raw_ratio,0.13488823846399112,0.10108139261767579,0.07351984341343167,0.06567048830413036,3,20,0.3637767220902613,129750229873.213,8420,7300,0.17314049140641055,0.19207809250858934,0.5259263930372534,1.1093770783965653
india_daily,snaive7,2,6,rung5_ridge,0.13900865731788464,0.10937646528068823,0.07514884741214474,0.06812317258946388,2,20,0.14002375296912115,689.3490211791451,8420,7300,0.17314049140641055,0.19207809250858934,0.5259263930372534,1.1093770783965653
india_daily,snaive7,2,6,rung5_wls,0.13716387313039213,0.09583370962934346,0.08129493922209415,0.06987621623874674,1,20,0.1636579572446556,4.1374272997567685,8420,7300,0.17314049140641055,0.19207809250858934,0.5259263930372534,1.1093770783965653
india_daily,snaive7,2,6,rung5_wls_bagged,0.14932869262016557,0.10760697582007805,0.08618687255077218,0.07582583104951823,1,20,0.14631828978622327,4.732023488342905,8420,7300,0.17314049140641055,0.19207809250858934,0.5259263930372534,1.1093770783965653
india_daily,snaive7,2,6,rung4_wls_series,0.17911421188628546,0.1438417718822086,0.09917277003748406,0.0914482043759196,1,20,0.02992874109263658,2.9141694864894916,8420,7300,0.17314049140641055,0.19207809250858934,0.5259263930372534,1.1093770783965653
india_daily,snaive7,2,6,rung4_wls_cell,0.17896327317477354,0.14444763374576042,0.0996317851280087,0.09189189725200475,1,20,0.05712589073634204,3.1665912967016365,8420,7300,0.17314049140641055,0.19207809250858934,0.5259263930372534,1.1093770783965653
india_daily,snaive7,2,6,rung0_none,0.0,0.0,0.0,0.0,0,20,0.0,0.0,8420,7300,0.17314049140641055,0.19207809250858934,0.5259263930372534,1.1093770783965653
india_daily,snaive7,2,7,rung1_global,0.16566242343982052,0.1420636074171291,0.08834630550739068,0.08405845026827463,2,20,0.0,0.9979859036067418,8420,7300,0.17882425144643144,0.20814615044464038,0.5378864880297264,1.1639704836510534
india_daily,snaive7,2,7,rung2_series,0.19791110323826552,0.17245992041665892,0.1021132222740456,0.09742061988425155,1,20,0.0,1.2806108802561988,8420,7300,0.17882425144643144,0.20814615044464038,0.5378864880297264,1.1639704836510534
india_daily,snaive7,2,7,rung3_cell,0.19422555601301933,0.17076282406510268,0.10051276677301373,0.09642377052649753,1,20,0.04346793349168646,2.225585880284689,8420,7300,0.17882425144643144,0.20814615044464038,0.5378864880297264,1.1639704836510534
india_daily,snaive7,2,7,rung5_raw_ratio,0.12593959443917646,0.10035783855858849,0.06409090641030354,0.05838896782329406,2,20,0.4141330166270784,70374790610.77213,8420,7300,0.17882425144643144,0.20814615044464038,0.5378864880297264,1.1639704836510534
india_daily,snaive7,2,7,rung5_ridge,0.13593952005632742,0.10366329180365197,0.07232290366813621,0.06237730519798812,1,20,0.18752969121140142,96.48251524147587,8420,7300,0.17882425144643144,0.20814615044464038,0.5378864880297264,1.1639704836510534
india_daily,snaive7,2,7,rung5_wls,0.15025922781287387,0.10771946361998097,0.07933044341884173,0.06757937295408056,1,20,0.15855106888361045,3.845426573893387,8420,7300,0.17882425144643144,0.20814615044464038,0.5378864880297264,1.1639704836510534
india_daily,snaive7,2,7,rung5_wls_bagged,0.16536091229592764,0.12523730827631274,0.08526597489727938,0.07404501448634249,1,20,0.13254156769596198,3.8804036554075565,8420,7300,0.17882425144643144,0.20814615044464038,0.5378864880297264,1.1639704836510534
india_daily,snaive7,2,7,rung4_wls_series,0.1892143170785125,0.1568611844170068,0.0971818966631003,0.08933196675170019,1,20,0.0339667458432304,2.6660045828111327,8420,7300,0.17882425144643144,0.20814615044464038,0.5378864880297264,1.1639704836510534
india_daily,snaive7,2,7,rung4_wls_cell,0.18779492515340968,0.1562245079616491,0.09683893355107069,0.08927097498961456,1,20,0.05261282660332542,2.4568897317809797,8420,7300,0.17882425144643144,0.20814615044464038,0.5378864880297264,1.1639704836510534
india_daily,snaive7,2,7,rung0_none,0.0,0.0,0.0,0.0,0,20,0.0,0.0,8420,7300,0.17882425144643144,0.20814615044464038,0.5378864880297264,1.1639704836510534
india_daily,snaive7,2,8,rung1_global,0.1367667673369645,0.10379226535616415,0.07616246102721291,0.06656773278053174,2,20,0.0,1.0212182675197363,8420,7300,0.19466688906265803,0.20342129608310627,0.510995562474735,1.0449712175635089
india_daily,snaive7,2,8,rung2_series,0.18748768744930758,0.15898579143775837,0.09798387732237243,0.09196510475965669,1,20,0.0,1.2656834174048768,8420,7300,0.19466688906265803,0.20342129608310627,0.510995562474735,1.0449712175635089
india_daily,snaive7,2,8,rung3_cell,0.1851453147428837,0.15877975575701841,0.0971725853207731,0.09210500792415977,1,20,0.04346793349168646,2.4343572540093077,8420,7300,0.19466688906265803,0.20342129608310627,0.510995562474735,1.0449712175635089
india_daily,snaive7,2,8,rung5_raw_ratio,0.12436553000657943,0.09977174658546784,0.06368541966108152,0.05836881164304064,2,20,0.3982185273159145,102757264653.32124,8420,7300,0.19466688906265803,0.20342129608310627,0.510995562474735,1.0449712175635089
india_daily,snaive7,2,8,rung5_ridge,0.12928518425106553,0.10321311139998046,0.0683086921110713,0.05975917074008974,1,20,0.15558194774346792,1146.3220872259667,8420,7300,0.19466688906265803,0.20342129608310627,0.510995562474735,1.0449712175635089
india_daily,snaive7,2,8,rung5_wls,0.10444272296567232,0.04737222771880589,0.0633987716453642,0.04694692590765259,2,20,0.17482185273159145,5.173018696178983,8420,7300,0.19466688906265803,0.20342129608310627,0.510995562474735,1.0449712175635089
india_daily,snaive7,2,8,rung5_wls_bagged,0.13504664715217182,0.08565109723951103,0.07643851820482599,0.06180136795455504,2,20,0.1483372921615202,3.92587939012681,8420,7300,0.19466688906265803,0.20342129608310627,0.510995562474735,1.0449712175635089
india_daily,snaive7,2,8,rung4_wls_series,0.16874860004275893,0.12865106971633655,0.09003137571708983,0.07916263106902943,1,20,0.034323040380047506,2.5271502600447637,8420,7300,0.19466688906265803,0.20342129608310627,0.510995562474735,1.0449712175635089
india_daily,snaive7,2,8,rung4_wls_cell,0.1681302894588381,0.12869861356815004,0.08978708425462029,0.07922263763028958,1,20,0.06045130641330166,2.6764687822789788,8420,7300,0.19466688906265803,0.20342129608310627,0.510995562474735,1.0449712175635089
india_daily,snaive7,2,8,rung0_none,0.0,0.0,0.0,0.0,0,20,0.0,0.0,8420,7300,0.19466688906265803,0.20342129608310627,0.510995562474735,1.0449712175635089
india_daily,snaive7,2,9,rung1_global,0.12432091847289665,0.09573938223123857,0.07056502701986964,0.06064983836318594,2,20,0.0,0.9729900951571631,8420,7300,0.16544783423936404,0.23297518074410914,0.5847432803392973,1.4081488694922952
india_daily,snaive7,2,9,rung2_series,0.18731743434951892,0.1590936120205808,0.09710185504235129,0.0899995303340344,1,20,0.0,1.3031751930450488,8420,7300,0.16544783423936404,0.23297518074410914,0.5847432803392973,1.4081488694922952
india_daily,snaive7,2,9,rung3_cell,0.18457062715659694,0.15768479829685667,0.09585525095710759,0.08956294398016718,1,20,0.04346793349168646,2.3648725890084314,8420,7300,0.16544783423936404,0.23297518074410914,0.5847432803392973,1.4081488694922952
india_daily,snaive7,2,9,rung5_raw_ratio,0.11510509247322494,0.09172654250695444,0.05826653564299324,0.05215451039232244,2,20,0.3823040380047506,88204599296.44289,8420,7300,0.16544783423936404,0.23297518074410914,0.5847432803392973,1.4081488694922952
india_daily,snaive7,2,9,rung5_ridge,0.12431843492647729,0.09883737011084848,0.0631314931884114,0.0542115498216984,2,20,0.1543942992874109,396.65209895221983,8420,7300,0.16544783423936404,0.23297518074410914,0.5847432803392973,1.4081488694922952
india_daily,snaive7,2,9,rung5_wls,0.14415482515893033,0.10271112532478532,0.07846677299798992,0.0672260750320155,2,20,0.1661520190023753,5.4642856522531815,8420,7300,0.16544783423936404,0.23297518074410914,0.5847432803392973,1.4081488694922952
india_daily,snaive7,2,9,rung5_wls_bagged,0.13690416092341412,0.09254515850958078,0.0755225010343599,0.062322061911204596,2,20,0.15688836104513065,4.46791932816144,8420,7300,0.16544783423936404,0.23297518074410914,0.5847432803392973,1.4081488694922952
india_daily,snaive7,2,9,rung4_wls_series,0.16674672122766712,0.12833413469494148,0.08838219602872453,0.07774665474900477,2,20,0.05178147268408551,3.0031767384590835,8420,7300,0.16544783423936404,0.23297518074410914,0.5847432803392973,1.4081488694922952
india_daily,snaive7,2,9,rung4_wls_cell,0.16590444145133865,0.1278577677871452,0.08812611631160466,0.07767575701004192,2,20,0.07387173396674585,3.207271127222679,8420,7300,0.16544783423936404,0.23297518074410914,0.5847432803392973,1.4081488694922952
india_daily,snaive7,2,9,rung0_none,0.0,0.0,0.0,0.0,0,20,0.0,0.0,8420,7300,0.16544783423936404,0.23297518074410914,0.5847432803392973,1.4081488694922952
india_daily,snaive7,3,0,rung1_global,0.062299744924544674,0.0413075370166629,0.03445772475440244,0.024179018308387645,2,20,0.0,0.8517388291536645,8400,7300,0.19000605934830758,0.2407803468920053,0.5589320911804416,1.2672245701944767
india_daily,snaive7,3,0,rung2_series,0.1296493166071222,0.11635540028780866,0.06332074671913428,0.05931115671774112,1,20,0.0,1.2812970238610075,8400,7300,0.19000605934830758,0.2407803468920053,0.5589320911804416,1.2672245701944767
india_daily,snaive7,3,0,rung3_cell,0.12737047810717989,0.11490542429546269,0.06363220697828291,0.059281704429628546,2,20,0.0275,2.3347853049750857,8400,7300,0.19000605934830758,0.2407803468920053,0.5589320911804416,1.2672245701944767
india_daily,snaive7,3,0,rung5_raw_ratio,0.06573628203116019,0.05764527877108516,0.03153266514013294,0.02551257461014811,3,20,0.37726190476190474,81344721528.73181,8400,7300,0.19000605934830758,0.2407803468920053,0.5589320911804416,1.2672245701944767
india_daily,snaive7,3,0,rung5_ridge,0.07135111143559561,0.06219584253162369,0.036894172891461255,0.029700402575188467,1,20,0.13833333333333334,127.6081192020052,8400,7300,0.19000605934830758,0.2407803468920053,0.5589320911804416,1.2672245701944767
india_daily,snaive7,3,0,rung5_wls,0.019563815631666547,-0.031657232918825606,0.02017240479910044,0.0027970499071693355,2,20,0.1894047619047619,3.66868749366311,8400,7300,0.19000605934830758,0.2407803468920053,0.5589320911804416,1.2672245701944767
india_daily,snaive7,3,0,rung5_wls_bagged,0.02002702707687684,-0.02477593272559253,0.02060467958787378,0.005030490898305984,3,20,0.16607142857142856,3.6522444471133104,8400,7300,0.19000605934830758,0.2407803468920053,0.5589320911804416,1.2672245701944767
india_daily,snaive7,3,0,rung4_wls_series,0.07978919564379275,0.04847740402281886,0.04136684740085516,0.03055766400169102,3,20,0.048214285714285716,2.5476299529036295,8400,7300,0.19000605934830758,0.2407803468920053,0.5589320911804416,1.2672245701944767
india_daily,snaive7,3,0,rung4_wls_cell,0.07937225857971916,0.048054176008374916,0.04204449216035276,0.030851813596211253,3,20,0.06571428571428571,2.417873038682331,8400,7300,0.19000605934830758,0.2407803468920053,0.5589320911804416,1.2672245701944767
india_daily,snaive7,3,0,rung0_none,0.0,0.0,0.0,0.0,0,20,0.0,0.0,8400,7300,0.19000605934830758,0.2407803468920053,0.5589320911804416,1.2672245701944767
india_daily,snaive7,3,1,rung1_global,0.08926135947679832,0.07519465425037863,0.04853613622916231,0.04212565001140944,1,20,0.0,0.8574155646924014,8400,7300,0.19705813291390106,0.23121034827058287,0.5398724361669406,1.1733103569574752
india_daily,snaive7,3,1,rung2_series,0.14091642730245593,0.1340873086844464,0.07193361029986552,0.07149933194880731,1,20,0.0,1.2927322228812308,8400,7300,0.19705813291390106,0.23121034827058287,0.5398724361669406,1.1733103569574752
india_daily,snaive7,3,1,rung3_cell,0.1358058614811668,0.12960846391361103,0.07169267594287321,0.07056372963769886,1,20,0.0275,2.628481505672095,8400,7300,0.19705813291390106,0.23121034827058287,0.5398724361669406,1.1733103569574752
india_daily,snaive7,3,1,rung5_raw_ratio,0.08345617051514898,0.07196335248883567,0.041804627130767234,0.03675385388603991,2,20,0.37226190476190474,105059090328.8429,8400,7300,0.19705813291390106,0.23121034827058287,0.5398724361669406,1.1733103569574752
india_daily,snaive7,3,1,rung5_ridge,0.08807495382828355,0.07658866825553667,0.04560128078813297,0.03986564503289802,1,20,0.14238095238095239,136.07284083062814,8400,7300,0.19705813291390106,0.23121034827058287,0.5398724361669406,1.1733103569574752
india_daily,snaive7,3,1,rung5_wls,0.05023371083635797,0.007181451177045606,0.03150535218033165,0.01794441418290027,2,20,0.17821428571428571,4.248288898372849,8400,7300,0.19705813291390106,0.23121034827058287,0.5398724361669406,1.1733103569574752
india_daily,snaive7,3,1,rung5_wls_bagged,0.052137378419327564,0.00879885204145936,0.03383055690528868,0.019017459668603354,2,20,0.1463095238095238,4.228670822575159,8400,7300,0.19705813291390106,0.23121034827058287,0.5398724361669406,1.1733103569574752
india_daily,snaive7,3,1,rung4_wls_series,0.09713813747622249,0.06686243385566637,0.05231512650665619,0.04281150547108137,2,20,0.03619047619047619,2.759090598509104,8400,7300,0.19705813291390106,0.23121034827058287,0.5398724361669406,1.1733103569574752
india_daily,snaive7,3,1,rung4_wls_cell,0.09478324258724187,0.06483118045521574,0.052403589386699354,0.04246704305219895,2,20,0.05452380952380952,2.7660189609059382,8400,7300,0.19705813291390106,0.23121034827058287,0.5398724361669406,1.1733103569574752
india_daily,snaive7,3,1,rung0_none,0.0,0.0,0.0,0.0,0,20,0.0,0.0,8400,7300,0.19705813291390106,0.23121034827058287,0.5398724361669406,1.1733103569574752
india_daily,snaive7,3,2,rung1_global,0.08900919102699108,0.06893784900564881,0.0458204475002746,0.03871706728293545,2,20,0.0,0.8731908041891925,8400,7300,0.18240589961137654,0.23326980046781595,0.5611821918466114,1.2788500863448335
india_daily,snaive7,3,2,rung2_series,0.1319087552685671,0.1161064814665339,0.06466015262784792,0.06186556850988145,2,20,0.0,1.3713346742537893,8400,7300,0.18240589961137654,0.23326980046781595,0.5611821918466114,1.2788500863448335
india_daily,snaive7,3,2,rung3_cell,0.12623095036656343,0.11191857057837074,0.06243482362743822,0.05969362756560015,2,20,0.035476190476190474,2.023473070850698,8400,7300,0.18240589961137654,0.23326980046781595,0.5611821918466114,1.2788500863448335
india_daily,snaive7,3,2,rung5_raw_ratio,0.0498985659671742,0.02422000831407589,0.02636098923832782,0.01725650985103655,3,20,0.4111904761904762,59021349780.39574,8400,7300,0.18240589961137654,0.23326980046781595,0.5611821918466114,1.2788500863448335
india_daily,snaive7,3,2,rung5_ridge,0.05543859315699799,0.03073268172677346,0.03015979894721337,0.020534800253141916,2,20,0.19785714285714287,117.09584090593026,8400,7300,0.18240589961137654,0.23326980046781595,0.5611821918466114,1.2788500863448335
india_daily,snaive7,3,2,rung5_wls,0.053175903484058165,0.0030756417767003885,0.02969186444779341,0.013020091527882305,3,20,0.1986904761904762,4.282103429275584,8400,7300,0.18240589961137654,0.23326980046781595,0.5611821918466114,1.2788500863448335
india_daily,snaive7,3,2,rung5_wls_bagged,0.06345271992639358,0.015356597865212707,0.033434834037794826,0.017974354148495908,3,20,0.15595238095238095,3.6057545779784306,8400,7300,0.18240589961137654,0.23326980046781595,0.5611821918466114,1.2788500863448335
india_daily,snaive7,3,2,rung4_wls_series,0.10277115447368823,0.06642148091015332,0.049330144884410995,0.03806355037336484,3,20,0.043333333333333335,2.4751850074819775,8400,7300,0.18240589961137654,0.23326980046781595,0.5611821918466114,1.2788500863448335
india_daily,snaive7,3,2,rung4_wls_cell,0.10094820034289928,0.06487571010397986,0.048998930793433246,0.037650489293306166,3,20,0.05440476190476191,2.4794286878783796,8400,7300,0.18240589961137654,0.23326980046781595,0.5611821918466114,1.2788500863448335
india_daily,snaive7,3,2,rung0_none,0.0,0.0,0.0,0.0,0,20,0.0,0.0,8400,7300,0.18240589961137654,0.23326980046781595,0.5611821918466114,1.2788500863448335
india_daily,snaive7,3,3,rung1_global,0.07805245355344742,0.05885942538646671,0.03981135908540589,0.030809754303069425,3,20,0.0,0.8623651119528968,8400,7300,0.18398292389528817,0.2653360085484146,0.5905293309261117,1.4421773658702568
india_daily,snaive7,3,3,rung2_series,0.13609541852647983,0.12238828707221139,0.06508594338373927,0.06201855203068696,1,20,0.0,1.3794191268269764,8400,7300,0.18398292389528817,0.2653360085484146,0.5905293309261117,1.4421773658702568
india_daily,snaive7,3,3,rung3_cell,0.13243773706719392,0.11981792004688485,0.06501243966453124,0.061754878976001626,2,20,0.0275,2.426705702584165,8400,7300,0.18398292389528817,0.2653360085484146,0.5905293309261117,1.4421773658702568
india_daily,snaive7,3,3,rung5_raw_ratio,0.06939776831894681,0.06344146006996043,0.03083178165487139,0.028194664195733465,3,20,0.34226190476190477,106705664288.39703,8400,7300,0.18398292389528817,0.2653360085484146,0.5905293309261117,1.4421773658702568
india_daily,snaive7,3,3,rung5_ridge,0.07934621717674636,0.07160064023684742,0.04020272004664817,0.03465690128558285,1,20,0.13023809523809524,91.75306122308912,8400,7300,0.18398292389528817,0.2653360085484146,0.5905293309261117,1.4421773658702568
india_daily,snaive7,3,3,rung5_wls,0.054323229456037535,0.010885054867510124,0.0291717172076768,0.014774732266404689,3,20,0.18583333333333332,4.823857846077675,8400,7300,0.18398292389528817,0.2653360085484146,0.5905293309261117,1.4421773658702568
india_daily,snaive7,3,3,rung5_wls_bagged,0.05581170887114821,0.016729473502778314,0.031080395619388863,0.018137154164078795,3,20,0.14333333333333334,4.9918160810015255,8400,7300,0.18398292389528817,0.2653360085484146,0.5905293309261117,1.4421773658702568
india_daily,snaive7,3,3,rung4_wls_series,0.09868605709059217,0.06845513643372425,0.04669754745746463,0.03720651945463915,2,20,0.05392857142857143,3.347328371657979,8400,7300,0.18398292389528817,0.2653360085484146,0.5905293309261117,1.4421773658702568
india_daily,snaive7,3,3,rung4_wls_cell,0.09754991628805862,0.06760912882496806,0.04719256347915767,0.037456244698797936,3,20,0.06571428571428571,3.4780259892075907,8400,7300,0.18398292389528817,0.2653360085484146,0.5905293309261117,1.4421773658702568
india_daily,snaive7,3,3,rung0_none,0.0,0.0,0.0,0.0,0,20,0.0,0.0,8400,7300,0.18398292389528817,0.2653360085484146,0.5905293309261117,1.4421773658702568
india_daily,snaive7,3,4,rung1_global,0.06838101660289958,0.04729378613074631,0.04013809226105352,0.031170317369947687,2,20,0.0,0.8461267310448385,8400,7300,0.20650589296006575,0.2634980152814825,0.560629413204929,1.2759830313047673
india_daily,snaive7,3,4,rung2_series,0.1351093144192058,0.12215626418532011,0.06769341473068216,0.06479277855594212,1,20,0.0,1.3600680971260624,8400,7300,0.20650589296006575,0.2634980152814825,0.560629413204929,1.2759830313047673
india_daily,snaive7,3,4,rung3_cell,0.13297092772916558,0.1204330217057753,0.06742013365020615,0.06422393414969962,2,20,0.0275,2.8378169124557466,8400,7300,0.20650589296006575,0.2634980152814825,0.560629413204929,1.2759830313047673
india_daily,snaive7,3,4,rung5_raw_ratio,0.072608886332993,0.06453329311834821,0.034764031123457,0.03318915386453225,2,20,0.3423809523809524,93057223182.10698,8400,7300,0.20650589296006575,0.2634980152814825,0.560629413204929,1.2759830313047673
india_daily,snaive7,3,4,rung5_ridge,0.08338904410832641,0.07055322914140472,0.04348312807144107,0.03833279390513544,1,20,0.11202380952380953,2125.3543279080836,8400,7300,0.20650589296006575,0.2634980152814825,0.560629413204929,1.2759830313047673
india_daily,snaive7,3,4,rung5_wls,0.013022841135734093,-0.04383800311713171,0.022802610347591883,0.004664468460950921,2,20,0.2001190476190476,4.452376361947308,8400,7300,0.20650589296006575,0.2634980152814825,0.560629413204929,1.2759830313047673
india_daily,snaive7,3,4,rung5_wls_bagged,0.04174833695663008,-0.0011619540907579218,0.032218025861036684,0.01871623557684532,2,20,0.18107142857142858,3.488435186761189,8400,7300,0.20650589296006575,0.2634980152814825,0.560629413204929,1.2759830313047673
india_daily,snaive7,3,4,rung4_wls_series,0.09404868723896828,0.060936637399559235,0.050344295497497124,0.04048344523511249,2,20,0.062380952380952384,2.41047943432343,8400,7300,0.20650589296006575,0.2634980152814825,0.560629413204929,1.2759830313047673
india_daily,snaive7,3,4,rung4_wls_cell,0.09315399704484222,0.06031195293600633,0.050396516891569654,0.04028106596608072,2,20,0.08154761904761905,2.5089162713679216,8400,7300,0.20650589296006575,0.2634980152814825,0.560629413204929,1.2759830313047673
india_daily,snaive7,3,4,rung0_none,0.0,0.0,0.0,0.0,0,20,0.0,0.0,8400,7300,0.20650589296006575,0.2634980152814825,0.560629413204929,1.2759830313047673
india_daily,snaive7,3,5,rung1_global,0.06943883336770527,0.0434814176435524,0.038885022292962666,0.02813950774572571,2,20,0.0,0.8427730723926222,8400,7300,0.20228759158300325,0.23074149675454875,0.5328544963119952,1.1406606552032146
india_daily,snaive7,3,5,rung2_series,0.1311750794405197,0.11336243870914098,0.06473286494338353,0.05998909521321749,2,20,0.0,1.2972969825579532,8400,7300,0.20228759158300325,0.23074149675454875,0.5328544963119952,1.1406606552032146
india_daily,snaive7,3,5,rung3_cell,0.12602711079033208,0.1096145673119483,0.06335616961699653,0.058261089104031716,2,20,0.0275,2.082629534752351,8400,7300,0.20228759158300325,0.23074149675454875,0.5328544963119952,1.1406606552032146
india_daily,snaive7,3,5,rung5_raw_ratio,0.07569278641251236,0.057723150420589064,0.033507273132507315,0.026450638780884717,3,20,0.3725,55559368972.87895,8400,7300,0.20228759158300325,0.23074149675454875,0.5328544963119952,1.1406606552032146
india_daily,snaive7,3,5,rung5_ridge,0.07906829672791767,0.05752448629696927,0.039026121067716184,0.029515787958727224,1,20,0.12011904761904763,472.15230089708723,8400,7300,0.20228759158300325,0.23074149675454875,0.5328544963119952,1.1406606552032146
india_daily,snaive7,3,5,rung5_wls,0.04057915801800498,-0.010873395620113024,0.02613314352075662,0.008946567029944008,3,20,0.20357142857142857,4.534817594054431,8400,7300,0.20228759158300325,0.23074149675454875,0.5328544963119952,1.1406606552032146
india_daily,snaive7,3,5,rung5_wls_bagged,0.044285079119762406,-0.005488899484758836,0.02944010587653994,0.014931625880632127,3,20,0.16547619047619047,3.587676468104008,8400,7300,0.20228759158300325,0.23074149675454875,0.5328544963119952,1.1406606552032146
india_daily,snaive7,3,5,rung4_wls_series,0.10120271882641836,0.06744542305304935,0.05015351294124417,0.040591162850872164,3,20,0.03869047619047619,2.3943203350645383,8400,7300,0.20228759158300325,0.23074149675454875,0.5328544963119952,1.1406606552032146
india_daily,snaive7,3,5,rung4_wls_cell,0.09956690427983061,0.06604744787472916,0.0504450680701747,0.040529718390015734,3,20,0.051904761904761905,2.4224547580157316,8400,7300,0.20228759158300325,0.23074149675454875,0.5328544963119952,1.1406606552032146
india_daily,snaive7,3,5,rung0_none,0.0,0.0,0.0,0.0,0,20,0.0,0.0,8400,7300,0.20228759158300325,0.23074149675454875,0.5328544963119952,1.1406606552032146
india_daily,snaive7,3,6,rung1_global,0.06972420774042296,0.044771812558453195,0.03760651879009927,0.02780931145361709,2,20,0.0,0.8595763921978284,8400,7300,0.18934415348037653,0.21848474508015234,0.5357264917991716,1.153902780012671
india_daily,snaive7,3,6,rung2_series,0.13362148974156368,0.11523651483530506,0.06279183194282652,0.05930001176754929,2,20,0.0,1.294498154704488,8400,7300,0.18934415348037653,0.21848474508015234,0.5357264917991716,1.153902780012671
india_daily,snaive7,3,6,rung3_cell,0.1304166928014824,0.1129456203095136,0.06312431435827884,0.05935343520964087,2,20,0.0275,2.55524379188516,8400,7300,0.18934415348037653,0.21848474508015234,0.5357264917991716,1.153902780012671
india_daily,snaive7,3,6,rung5_raw_ratio,0.06312873010621485,0.046888104540172115,0.030149270414632168,0.025494217019623067,2,20,0.3038095238095238,79835562555.94214,8400,7300,0.18934415348037653,0.21848474508015234,0.5357264917991716,1.153902780012671
india_daily,snaive7,3,6,rung5_ridge,0.07179227735485413,0.049815935851134974,0.03742842083150708,0.02919934496884924,1,20,0.11619047619047619,110.18865602360448,8400,7300,0.18934415348037653,0.21848474508015234,0.5357264917991716,1.153902780012671
india_daily,snaive7,3,6,rung5_wls,0.030557078169450275,-0.017922956881719188,0.021142307481740653,0.006811904471477059,4,20,0.19690476190476192,4.644926664031012,8400,7300,0.18934415348037653,0.21848474508015234,0.5357264917991716,1.153902780012671
india_daily,snaive7,3,6,rung5_wls_bagged,0.054137186990533895,0.010280232579440773,0.030198967836666306,0.01737197430915327,3,20,0.14642857142857144,4.6984481119209205,8400,7300,0.18934415348037653,0.21848474508015234,0.5357264917991716,1.153902780012671
india_daily,snaive7,3,6,rung4_wls_series,0.09985797854280122,0.06532224079806992,0.047420824411802155,0.038093640219318936,2,20,0.035,3.0018872932664222,8400,7300,0.18934415348037653,0.21848474508015234,0.5357264917991716,1.153902780012671
india_daily,snaive7,3,6,rung4_wls_cell,0.09900332235477179,0.06468007338267567,0.04837595766086626,0.03867192657581853,2,20,0.05285714285714286,3.0072062007800926,8400,7300,0.18934415348037653,0.21848474508015234,0.5357264917991716,1.153902780012671
india_daily,snaive7,3,6,rung0_none,0.0,0.0,0.0,0.0,0,20,0.0,0.0,8400,7300,0.18934415348037653,0.21848474508015234,0.5357264917991716,1.153902780012671
india_daily,snaive7,3,7,rung1_global,0.09923228248277012,0.08600636856113131,0.05024986083501717,0.04585983027440066,2,20,0.0,0.8623418404675777,8400,7300,0.18647487834619372,0.23525603358118988,0.557834455401974,1.2615963912545534
india_daily,snaive7,3,7,rung2_series,0.1336226762672758,0.1237031865655066,0.06554355324037338,0.06455353986594359,0,20,0.0,1.3150235018018799,8400,7300,0.18647487834619372,0.23525603358118988,0.557834455401974,1.2615963912545534
india_daily,snaive7,3,7,rung3_cell,0.12878379250962635,0.12074691598074272,0.06429744823228803,0.0635960298839997,1,20,0.0275,2.019116614432372,8400,7300,0.18647487834619372,0.23525603358118988,0.557834455401974,1.2615963912545534
india_daily,snaive7,3,7,rung5_raw_ratio,0.05686099300875598,0.04556417145552849,0.02740662600234982,0.025316958773786147,3,20,0.40190476190476193,86613510777.8125,8400,7300,0.18647487834619372,0.23525603358118988,0.557834455401974,1.2615963912545534
india_daily,snaive7,3,7,rung5_ridge,0.06729135375954834,0.050296922151329526,0.0363847612699923,0.03072396278947942,1,20,0.15142857142857144,166.59004212188785,8400,7300,0.18647487834619372,0.23525603358118988,0.557834455401974,1.2615963912545534
india_daily,snaive7,3,7,rung5_wls,0.07405417346763359,0.039183558105114646,0.036708771685481104,0.02726832961603043,4,20,0.20166666666666666,3.9449849947304902,8400,7300,0.18647487834619372,0.23525603358118988,0.557834455401974,1.2615963912545534
india_daily,snaive7,3,7,rung5_wls_bagged,0.08811815040975819,0.05986738566378613,0.042779758567268684,0.0359107976624744,2,20,0.16690476190476192,3.1829707922346775,8400,7300,0.18647487834619372,0.23525603358118988,0.557834455401974,1.2615963912545534
india_daily,snaive7,3,7,rung4_wls_series,0.11829694507437502,0.09857090783492717,0.057324948514978616,0.05373330091488804,1,20,0.05714285714285714,2.2348382360384282,8400,7300,0.18647487834619372,0.23525603358118988,0.557834455401974,1.2615963912545534
india_daily,snaive7,3,7,rung4_wls_cell,0.11651614821695429,0.09731136857286238,0.0572448668032647,0.05359284550237797,2,20,0.06857142857142857,2.2352934549606465,8400,7300,0.18647487834619372,0.23525603358118988,0.557834455401974,1.2615963912545534
india_daily,snaive7,3,7,rung0_none,0.0,0.0,0.0,0.0,0,20,0.0,0.0,8400,7300,0.18647487834619372,0.23525603358118988,0.557834455401974,1.2615963912545534
india_daily,snaive7,3,8,rung1_global,0.06181745594649757,0.03922134541692035,0.03339305705291866,0.023251048293691956,2,20,0.0,0.900520598655203,8400,7300,0.2119471289394051,0.25719960261450503,0.5482284865602862,1.2135083117263525
india_daily,snaive7,3,8,rung2_series,0.12137628707699377,0.10704218871434223,0.05857471931359064,0.05448173950680102,1,20,0.0,1.3830572087101187,8400,7300,0.2119471289394051,0.25719960261450503,0.5482284865602862,1.2135083117263525
india_daily,snaive7,3,8,rung3_cell,0.11832964785778044,0.1048112187491127,0.05952098849685363,0.05510627677055968,2,20,0.03702380952380952,2.4032587666546235,8400,7300,0.2119471289394051,0.25719960261450503,0.5482284865602862,1.2135083117263525
india_daily,snaive7,3,8,rung5_raw_ratio,0.06423284109929948,0.04720711369218322,0.03234293618731453,0.025559117811664533,2,20,0.3413095238095238,144206843653.10083,8400,7300,0.2119471289394051,0.25719960261450503,0.5482284865602862,1.2135083117263525
india_daily,snaive7,3,8,rung5_ridge,0.07192946083770065,0.052957806797436224,0.03703771493422593,0.028851398556188568,1,20,0.15488095238095237,425.0744690420548,8400,7300,0.2119471289394051,0.25719960261450503,0.5482284865602862,1.2135083117263525
india_daily,snaive7,3,8,rung5_wls,0.023160085650179983,-0.03514851002357666,0.01771777921743755,7.011455644523323e-05,2,20,0.18511904761904763,5.317583296546391,8400,7300,0.2119471289394051,0.25719960261450503,0.5482284865602862,1.2135083117263525
india_daily,snaive7,3,8,rung5_wls_bagged,0.04097823532518517,-0.003102662439564474,0.026279571146883274,0.010669833796793204,2,20,0.1667857142857143,6.356634713095404,8400,7300,0.2119471289394051,0.25719960261450503,0.5482284865602862,1.2135083117263525
india_daily,snaive7,3,8,rung4_wls_series,0.08954263016895818,0.057032741065081716,0.04356935595015246,0.032532636463084685,2,20,0.05333333333333334,3.8916052560977765,8400,7300,0.2119471289394051,0.25719960261450503,0.5482284865602862,1.2135083117263525
india_daily,snaive7,3,8,rung4_wls_cell,0.088829830593078,0.05645747594200634,0.04437121258602233,0.033013949471784265,2,20,0.07404761904761904,4.042089583482164,8400,7300,0.2119471289394051,0.25719960261450503,0.5482284865602862,1.2135083117263525
india_daily,snaive7,3,8,rung0_none,0.0,0.0,0.0,0.0,0,20,0.0,0.0,8400,7300,0.2119471289394051,0.25719960261450503,0.5482284865602862,1.2135083117263525
india_daily,snaive7,3,9,rung1_global,0.08469061431470211,0.064700526581561,0.0447237963921626,0.03517690285577435,1,20,0.0,0.8475856861341458,8400,7300,0.2005727194026407,0.2124772052067164,0.5144104684383303,1.0593524674718
india_daily,snaive7,3,9,rung2_series,0.1410160754912959,0.12814232154949445,0.06996466760636473,0.0661669445709906,1,20,0.0,1.2806304919482177,8400,7300,0.2005727194026407,0.2124772052067164,0.5144104684383303,1.0593524674718
india_daily,snaive7,3,9,rung3_cell,0.13679496466114333,0.12490058874641519,0.06917302592440737,0.06545214738175975,2,20,0.034761904761904765,2.465489072405561,8400,7300,0.2005727194026407,0.2124772052067164,0.5144104684383303,1.0593524674718
india_daily,snaive7,3,9,rung5_raw_ratio,0.06530188958191945,0.05586357452503443,0.033132894884561725,0.029318824544267486,2,20,0.31845238095238093,88334234836.46716,8400,7300,0.2005727194026407,0.2124772052067164,0.5144104684383303,1.0593524674718
india_daily,snaive7,3,9,rung5_ridge,0.06931325130978838,0.05811150733529147,0.03806749752194679,0.03232642035476829,1,20,0.12238095238095238,193.97003027725972,8400,7300,0.2005727194026407,0.2124772052067164,0.5144104684383303,1.0593524674718
india_daily,snaive7,3,9,rung5_wls,0.07489136554396807,0.029173582148661392,0.03698948066666192,0.024201750080382833,2,20,0.16976190476190475,3.6377512950971327,8400,7300,0.2005727194026407,0.2124772052067164,0.5144104684383303,1.0593524674718
india_daily,snaive7,3,9,rung5_wls_bagged,0.08096230220534134,0.05148680581052567,0.04222165034905623,0.03255292289386402,2,20,0.1473809523809524,3.930071404190825,8400,7300,0.2005727194026407,0.2124772052067164,0.5144104684383303,1.0593524674718
india_daily,snaive7,3,9,rung4_wls_series,0.12563736722939892,0.1052832311862234,0.060671107931180565,0.05420600135525111,1,20,0.0325,2.4820246815640914,8400,7300,0.2005727194026407,0.2124772052067164,0.5144104684383303,1.0593524674718
india_daily,snaive7,3,9,rung4_wls_cell,0.12397867640194223,0.10368885067703282,0.06062696415511979,0.05396314378875222,1,20,0.05202380952380952,2.6086125604856623,8400,7300,0.2005727194026407,0.2124772052067164,0.5144104684383303,1.0593524674718
india_daily,snaive7,3,9,rung0_none,0.0,0.0,0.0,0.0,0,20,0.0,0.0,8400,7300,0.2005727194026407,0.2124772052067164,0.5144104684383303,1.0593524674718
india_daily,operator_schedule,1,0,rung1_global,-0.09091581688228204,-0.0824991788488505,-0.04830274785989812,-0.037027803167420714,9,20,0.0,0.49615024745084596,8440,7300,0.13041377544195523,0.5211035339929929,0.7998306820810928,3.995770632565779
india_daily,operator_schedule,1,0,rung2_series,-0.007803125082785911,-0.021324851968689496,0.0015569521072359537,-0.006148125789790404,9,20,0.1,1.1739700558402453,8440,7300,0.13041377544195523,0.5211035339929929,0.7998306820810928,3.995770632565779
india_daily,operator_schedule,1,0,rung3_cell,-0.00971453831899165,-0.02516850473683796,-0.001332752657724523,-0.008036570980333613,8,20,0.10604265402843602,1.6689499223899442,8440,7300,0.13041377544195523,0.5211035339929929,0.7998306820810928,3.995770632565779
india_daily,operator_schedule,1,0,rung5_raw_ratio,-0.06582832874757634,-0.08207329651264161,-0.019820817798029154,-0.015465014549941536,12,20,0.3759478672985782,151719827110.34674,8440,7300,0.13041377544195523,0.5211035339929929,0.7998306820810928,3.995770632565779
india_daily,operator_schedule,1,0,rung5_ridge,-0.017741042235029397,-0.06711018340387365,0.0015707430739056282,-0.007134723805982901,10,20,0.284478672985782,1208.4371595443167,8440,7300,0.13041377544195523,0.5211035339929929,0.7998306820810928,3.995770632565779
india_daily,operator_schedule,1,0,rung5_wls,-0.052377439743237476,-0.10014602805436379,-0.0007301917573301064,-0.011667005517487228,9,20,0.3112559241706161,4.237942276920351,8440,7300,0.13041377544195523,0.5211035339929929,0.7998306820810928,3.995770632565779
india_daily,operator_schedule,1,0,rung5_wls_bagged,-0.053158525070530135,-0.110092105563244,-0.0007091316285634197,-0.015795213859405077,10,20,0.2821090047393365,4.589981531290066,8440,7300,0.13041377544195523,0.5211035339929929,0.7998306820810928,3.995770632565779
india_daily,operator_schedule,1,0,rung4_wls_series,-0.0229825291738381,-0.07226784736902547,0.010366967374282216,-0.0030324731912680924,10,20,0.23139810426540283,3.807031444518068,8440,7300,0.13041377544195523,0.5211035339929929,0.7998306820810928,3.995770632565779
india_daily,operator_schedule,1,0,rung4_wls_cell,-0.02293726444740281,-0.07235398952402927,0.010314750973511217,-0.0030809017511181924,10,20,0.23471563981042654,3.8189554434056014,8440,7300,0.13041377544195523,0.5211035339929929,0.7998306820810928,3.995770632565779
india_daily,operator_schedule,1,0,rung0_none,0.0,0.0,0.0,0.0,0,20,0.0,0.0,8440,7300,0.13041377544195523,0.5211035339929929,0.7998306820810928,3.995770632565779
india_daily,operator_schedule,1,1,rung1_global,-0.07907042488773935,-0.07487976335510482,-0.043755682528212506,-0.03252257564631522,9,20,0.0,0.49056639701814225,8440,7300,0.11874912171073693,0.5657183096813511,0.8265087332654794,4.763978895434648
india_daily,operator_schedule,1,1,rung2_series,-0.001781974820750154,-0.003600726809368293,0.007544013822274498,0.0027053333722609763,9,20,0.1,1.208906833185523,8440,7300,0.11874912171073693,0.5657183096813511,0.8265087332654794,4.763978895434648
india_daily,operator_schedule,1,1,rung3_cell,-0.0028020476820849625,-0.007446441700660333,0.004178567725013316,0.0004365403326364037,9,20,0.10604265402843602,1.6613353720383606,8440,7300,0.11874912171073693,0.5657183096813511,0.8265087332654794,4.763978895434648
india_daily,operator_schedule,1,1,rung5_raw_ratio,-0.08857115619440294,-0.09611985119774524,-0.02647787096027731,-0.01930081520241167,12,20,0.4131516587677725,149580070214.97586,8440,7300,0.11874912171073693,0.5657183096813511,0.8265087332654794,4.763978895434648
india_daily,operator_schedule,1,1,rung5_ridge,-0.023419045855866925,-0.07000025280384614,0.0017502400286146858,-0.006074939277164626,11,20,0.3080568720379147,115.36395385243661,8440,7300,0.11874912171073693,0.5657183096813511,0.8265087332654794,4.763978895434648
india_daily,operator_schedule,1,1,rung5_wls,-0.04332468543343022,-0.08366071216968018,0.007630488510962907,-0.002133427904555507,10,20,0.3028436018957346,4.188917769587379,8440,7300,0.11874912171073693,0.5657183096813511,0.8265087332654794,4.763978895434648
india_daily,operator_schedule,1,1,rung5_wls_bagged,-0.06014419708931249,-0.12536908280145065,-0.0020834562051016527,-0.018337769312855023,10,20,0.29928909952606636,4.226632286745365,8440,7300,0.11874912171073693,0.5657183096813511,0.8265087332654794,4.763978895434648
india_daily,operator_schedule,1,1,rung4_wls_series,-0.031763551742633775,-0.08795152315025967,0.008903784695456118,-0.0054651220519061905,10,20,0.24537914691943127,3.6100743690377697,8440,7300,0.11874912171073693,0.5657183096813511,0.8265087332654794,4.763978895434648
india_daily,operator_schedule,1,1,rung4_wls_cell,-0.031859304038850234,-0.08808641125890526,0.008670858022164663,-0.005694540911812096,10,20,0.24644549763033174,3.6207216666240445,8440,7300,0.11874912171073693,0.5657183096813511,0.8265087332654794,4.763978895434648
india_daily,operator_schedule,1,1,rung0_none,0.0,0.0,0.0,0.0,0,20,0.0,0.0,8440,7300,0.11874912171073693,0.5657183096813511,0.8265087332654794,4.763978895434648
india_daily,operator_schedule,1,2,rung1_global,-0.09002182783302887,-0.07814975919576894,-0.04846978841816603,-0.03638517219138948,9,20,0.0,0.4943544822793341,8440,7300,0.11961583474489948,0.5440821162691745,0.8197736868674422,4.548579353473722
india_daily,operator_schedule,1,2,rung2_series,-0.0053204232254248085,-0.01819098688500098,0.0028010912410930343,-0.005457874807011098,9,20,0.1,1.081015126123054,8440,7300,0.11961583474489948,0.5440821162691745,0.8197736868674422,4.548579353473722
india_daily,operator_schedule,1,2,rung3_cell,-0.010606558542622152,-0.020446993930214763,-0.002731805012567412,-0.008184295023383026,8,20,0.1,1.3341379399704374,8440,7300,0.11961583474489948,0.5440821162691745,0.8197736868674422,4.548579353473722
india_daily,operator_schedule,1,2,rung5_raw_ratio,-0.08649405718736085,-0.07428823112829153,-0.024291497940701103,-0.014007649683788426,12,20,0.41741706161137443,153032681353.3563,8440,7300,0.11961583474489948,0.5440821162691745,0.8197736868674422,4.548579353473722
india_daily,operator_schedule,1,2,rung5_ridge,-0.017364891414544455,-0.05731751560910414,0.0034430944320317236,-0.003452117658457876,12,20,0.31670616113744077,3574.969101212279,8440,7300,0.11961583474489948,0.5440821162691745,0.8197736868674422,4.548579353473722
india_daily,operator_schedule,1,2,rung5_wls,-0.043012532550647194,-0.0869976464675235,0.002174485964663331,-0.009585891167812388,11,20,0.3232227488151659,4.4776198893635035,8440,7300,0.11961583474489948,0.5440821162691745,0.8197736868674422,4.548579353473722
india_daily,operator_schedule,1,2,rung5_wls_bagged,-0.05727007962907453,-0.10350543276705837,-7.703711620968279e-05,-0.01297938876625726,10,20,0.29372037914691945,4.660786949071581,8440,7300,0.11961583474489948,0.5440821162691745,0.8197736868674422,4.548579353473722
india_daily,operator_schedule,1,2,rung4_wls_series,-0.02841451314114718,-0.06755818905530275,0.010681691387714843,-0.0007266341141753951,10,20,0.2433649289099526,3.940001225188946,8440,7300,0.11961583474489948,0.5440821162691745,0.8197736868674422,4.548579353473722
india_daily,operator_schedule,1,2,rung4_wls_cell,-0.02862748547911879,-0.06695307782967519,0.01059164458175016,-0.0005332860594626787,10,20,0.24372037914691944,3.950829083414935,8440,7300,0.11961583474489948,0.5440821162691745,0.8197736868674422,4.548579353473722
india_daily,operator_schedule,1,2,rung0_none,0.0,0.0,0.0,0.0,0,20,0.0,0.0,8440,7300,0.11961583474489948,0.5440821162691745,0.8197736868674422,4.548579353473722
india_daily,operator_schedule,1,3,rung1_global,-0.09005677970928853,-0.07967116092231885,-0.046977145288388915,-0.035555913105675296,9,20,0.0,0.5080853535247192,8440,7300,0.1408056321455089,0.5405938722410617,0.7933581823305418,3.8392915397191687
india_daily,operator_schedule,1,3,rung2_series,-0.017494386286003,-0.03266008171559576,-0.0005066664587769388,-0.008848323239208256,9,20,0.1,1.236244794233121,8440,7300,0.1408056321455089,0.5405938722410617,0.7933581823305418,3.8392915397191687
india_daily,operator_schedule,1,3,rung3_cell,-0.023343153253631583,-0.034957033931961146,-0.006211940492966528,-0.01170374309118305,8,20,0.1,1.4371874075304998,8440,7300,0.1408056321455089,0.5405938722410617,0.7933581823305418,3.8392915397191687
india_daily,operator_schedule,1,3,rung5_raw_ratio,-0.05909145447874187,-0.07685461371047486,-0.010738081770495206,-0.006929858116740739,12,20,0.398696682464455,183959727289.2661,8440,7300,0.1408056321455089,0.5405938722410617,0.7933581823305418,3.8392915397191687
india_daily,operator_schedule,1,3,rung5_ridge,-0.011042533825988604,-0.061295365313906114,0.007991777845526382,-0.0005328110985889367,12,20,0.3061611374407583,179.90872823637451,8440,7300,0.1408056321455089,0.5405938722410617,0.7933581823305418,3.8392915397191687
india_daily,operator_schedule,1,3,rung5_wls,-0.03486577768367037,-0.0822171668921634,0.008073477959640774,-0.002740878452512252,10,20,0.32061611374407584,3.8397769715809695,8440,7300,0.1408056321455089,0.5405938722410617,0.7933581823305418,3.8392915397191687
india_daily,operator_schedule,1,3,rung5_wls_bagged,-0.04874521685467907,-0.11141169352167868,0.001315849956214643,-0.015002682948180635,10,20,0.304739336492891,4.423091466466351,8440,7300,0.1408056321455089,0.5405938722410617,0.7933581823305418,3.8392915397191687
india_daily,operator_schedule,1,3,rung4_wls_series,-0.02146005013255951,-0.07504387374772525,0.012217371314469616,-0.0018797858475552154,10,20,0.24644549763033174,3.6493821956235637,8440,7300,0.1408056321455089,0.5405938722410617,0.7933581823305418,3.8392915397191687
india_daily,operator_schedule,1,3,rung4_wls_cell,-0.02188397905366362,-0.074466804790152,0.011872797545150176,-0.001821103822454262,10,20,0.24881516587677724,3.6620323901478287,8440,7300,0.1408056321455089,0.5405938722410617,0.7933581823305418,3.8392915397191687
india_daily,operator_schedule,1,3,rung0_none,0.0,0.0,0.0,0.0,0,20,0.0,0.0,8440,7300,0.1408056321455089,0.5405938722410617,0.7933581823305418,3.8392915397191687
india_daily,operator_schedule,1,4,rung1_global,-0.08564383616751817,-0.06866107851216263,-0.04553247427528913,-0.029972000137487464,9,20,0.0,0.49529616168577845,8440,7300,0.11287948963937039,0.50142588399531,0.8162485719903559,4.4421345773025305
india_daily,operator_schedule,1,4,rung2_series,0.0020137432721383576,-0.004131398152077637,0.009406650635667136,0.004329104948206153,8,20,0.1,1.0751979627107997,8440,7300,0.11287948963937039,0.50142588399531,0.8162485719903559,4.4421345773025305
india_daily,operator_schedule,1,4,rung3_cell,-0.0011146908331866989,-0.006600336488878034,0.005510235204194536,0.0021644642045874907,8,20,0.10604265402843602,1.516803273652184,8440,7300,0.11287948963937039,0.50142588399531,0.8162485719903559,4.4421345773025305
india_daily,operator_schedule,1,4,rung5_raw_ratio,-0.060780823489787306,-0.09423429247758541,-0.014303094059470889,-0.014259275420458906,12,20,0.4079383886255924,146683575825.72733,8440,7300,0.11287948963937039,0.50142588399531,0.8162485719903559,4.4421345773025305
india_daily,operator_schedule,1,4,rung5_ridge,-0.018754744057599814,-0.0835990186814155,0.004704263480062432,-0.008227255189794835,11,20,0.31954976303317534,297.1282537334012,8440,7300,0.11287948963937039,0.50142588399531,0.8162485719903559,4.4421345773025305
india_daily,operator_schedule,1,4,rung5_wls,-0.04800165057631871,-0.08430154673390633,-0.0007296023928587969,-0.007503589384059373,10,20,0.2947867298578199,4.445540873863703,8440,7300,0.11287948963937039,0.50142588399531,0.8162485719903559,4.4421345773025305
india_daily,operator_schedule,1,4,rung5_wls_bagged,-0.04610352798429039,-0.0972059906141427,0.0031968868859602153,-0.009193761637030118,10,20,0.28234597156398106,4.542086270725264,8440,7300,0.11287948963937039,0.50142588399531,0.8162485719903559,4.4421345773025305
india_daily,operator_schedule,1,4,rung4_wls_series,-0.019392582696797077,-0.06310724538246593,0.013902474238808183,0.00328054283256185,10,20,0.23803317535545024,3.8293159679777835,8440,7300,0.11287948963937039,0.50142588399531,0.8162485719903559,4.4421345773025305
india_daily,operator_schedule,1,4,rung4_wls_cell,-0.019346814890293256,-0.06271267690403826,0.013915146020060382,0.0034239712338373085,10,20,0.24063981042654028,3.839366969383621,8440,7300,0.11287948963937039,0.50142588399531,0.8162485719903559,4.4421345773025305
india_daily,operator_schedule,1,4,rung0_none,0.0,0.0,0.0,0.0,0,20,0.0,0.0,8440,7300,0.11287948963937039,0.50142588399531,0.8162485719903559,4.4421345773025305
india_daily,operator_schedule,1,5,rung1_global,-0.07830009321368894,-0.0700116482170221,-0.04128442043701812,-0.028358452384732002,9,20,0.0,0.48518477542197586,8440,7300,0.11530249634294779,0.5715965271626355,0.8321405441013696,4.957364717087462
india_daily,operator_schedule,1,5,rung2_series,0.002734677074779629,-0.00813126441014611,0.008969837064208059,0.002240058904946829,9,20,0.1,1.1025152764634314,8440,7300,0.11530249634294779,0.5715965271626355,0.8321405441013696,4.957364717087462
india_daily,operator_schedule,1,5,rung3_cell,0.001100923864903014,-0.008828749172159922,0.005074642148384595,0.00036291460761916916,8,20,0.1,1.345806328483809,8440,7300,0.11530249634294779,0.5715965271626355,0.8321405441013696,4.957364717087462
india_daily,operator_schedule,1,5,rung5_raw_ratio,-0.07852982368118909,-0.08545572382282884,-0.021073282786236824,-0.014438120374006491,12,20,0.3859004739336493,148041406180.86136,8440,7300,0.11530249634294779,0.5715965271626355,0.8321405441013696,4.957364717087462
india_daily,operator_schedule,1,5,rung5_ridge,-0.012671535302365389,-0.06458289495095926,0.007604176611108954,-0.0031865536462682975,11,20,0.28222748815165877,1632.65570283972,8440,7300,0.11530249634294779,0.5715965271626355,0.8321405441013696,4.957364717087462
india_daily,operator_schedule,1,5,rung5_wls,-0.06339844923692455,-0.11330398305010214,-0.0011679697725212434,-0.0128437325639712,10,20,0.3395734597156398,5.002383048783542,8440,7300,0.11530249634294779,0.5715965271626355,0.8321405441013696,4.957364717087462
india_daily,operator_schedule,1,5,rung5_wls_bagged,-0.05335399477440813,-0.11793822118718156,0.001723206165087554,-0.014967781098135458,10,20,0.30343601895734595,4.67421873018539,8440,7300,0.11530249634294779,0.5715965271626355,0.8321405441013696,4.957364717087462
india_daily,operator_schedule,1,5,rung4_wls_series,-0.029188028865722228,-0.08633702873766391,0.011006869900846683,-0.0037540394405526367,10,20,0.25734597156398104,4.003942504679861,8440,7300,0.11530249634294779,0.5715965271626355,0.8321405441013696,4.957364717087462
india_daily,operator_schedule,1,5,rung4_wls_cell,-0.02895967406068547,-0.08559016019112353,0.011091482104846184,-0.0035065165118102204,10,20,0.2580568720379147,4.013505542400606,8440,7300,0.11530249634294779,0.5715965271626355,0.8321405441013696,4.957364717087462
india_daily,operator_schedule,1,5,rung0_none,0.0,0.0,0.0,0.0,0,20,0.0,0.0,8440,7300,0.11530249634294779,0.5715965271626355,0.8321405441013696,4.957364717087462
india_daily,operator_schedule,1,6,rung1_global,-0.08314995354210426,-0.06511603889603346,-0.045206469668879354,-0.029892636414778684,9,20,0.0,0.49761337357236896,8440,7300,0.11011900930144493,0.5147166246038162,0.8237632373602088,4.674185028261622
india_daily,operator_schedule,1,6,rung2_series,-0.0005946357077775577,-0.011284245372743973,0.007543131908675627,0.0005143210912259555,8,20,0.1,1.0636132435457075,8440,7300,0.11011900930144493,0.5147166246038162,0.8237632373602088,4.674185028261622
india_daily,operator_schedule,1,6,rung3_cell,-0.004743206073085221,-0.012614645412003966,0.002725554062253449,-0.001790795767354858,8,20,0.10604265402843602,1.5210276997827978,8440,7300,0.11011900930144493,0.5147166246038162,0.8237632373602088,4.674185028261622
india_daily,operator_schedule,1,6,rung5_raw_ratio,-0.0990880606205384,-0.08726487573235575,-0.027645749869306714,-0.015122918564064225,12,20,0.4043838862559242,149355429990.29678,8440,7300,0.11011900930144493,0.5147166246038162,0.8237632373602088,4.674185028261622
india_daily,operator_schedule,1,6,rung5_ridge,-0.02100292566214258,-0.06872371320511639,0.002594840855129349,-0.004327825689456555,11,20,0.30781990521327013,505.5703591115096,8440,7300,0.11011900930144493,0.5147166246038162,0.8237632373602088,4.674185028261622
india_daily,operator_schedule,1,6,rung5_wls,-0.056315036675055954,-0.1020487212900727,-0.001413472125413201,-0.011625191847960403,10,20,0.31670616113744077,4.815745395475987,8440,7300,0.11011900930144493,0.5147166246038162,0.8237632373602088,4.674185028261622
india_daily,operator_schedule,1,6,rung5_wls_bagged,-0.042138983352790885,-0.09728534356956176,0.005488544085142233,-0.00581576118894489,10,20,0.2854265402843602,4.654866433647918,8440,7300,0.11011900930144493,0.5147166246038162,0.8237632373602088,4.674185028261622
india_daily,operator_schedule,1,6,rung4_wls_series,-0.016196582913869263,-0.06479434951854524,0.015283428569281915,0.005030687714503546,10,20,0.23992890995260663,3.9525910772360193,8440,7300,0.11011900930144493,0.5147166246038162,0.8237632373602088,4.674185028261622
india_daily,operator_schedule,1,6,rung4_wls_cell,-0.016485366980028414,-0.06458565245686976,0.01515897714554903,0.004998458522799343,10,20,0.24300947867298578,3.9624077144908973,8440,7300,0.11011900930144493,0.5147166246038162,0.8237632373602088,4.674185028261622
india_daily,operator_schedule,1,6,rung0_none,0.0,0.0,0.0,0.0,0,20,0.0,0.0,8440,7300,0.11011900930144493,0.5147166246038162,0.8237632373602088,4.674185028261622
india_daily,operator_schedule,1,7,rung1_global,-0.08002740971737575,-0.06365961157310696,-0.04147708852707009,-0.027216943435766083,9,20,0.0,0.4812246075830055,8440,7300,0.1189948641352928,0.49245382764086093,0.8053886356521051,4.138446068403078
india_daily,operator_schedule,1,7,rung2_series,-0.007769234838806727,-0.004093203538880097,0.005795419795956746,0.00198914151336238,9,20,0.1,1.2118923964648056,8440,7300,0.1189948641352928,0.49245382764086093,0.8053886356521051,4.138446068403078
india_daily,operator_schedule,1,7,rung3_cell,-0.010980565804296127,-0.008021679012601535,0.002089360573525456,-0.00013441581198758712,9,20,0.10604265402843602,1.5209652978000465,8440,7300,0.1189948641352928,0.49245382764086093,0.8053886356521051,4.138446068403078
india_daily,operator_schedule,1,7,rung5_raw_ratio,-0.08316255151066274,-0.08830717759193507,-0.02578631998980484,-0.018926998699062114,12,20,0.3696682464454976,147477545195.25186,8440,7300,0.1189948641352928,0.49245382764086093,0.8053886356521051,4.138446068403078
india_daily,operator_schedule,1,7,rung5_ridge,-0.02965371350761927,-0.07076178711167413,-0.0031162477038335855,-0.009586373690805727,12,20,0.2914691943127962,659.1930618857083,8440,7300,0.1189948641352928,0.49245382764086093,0.8053886356521051,4.138446068403078
india_daily,operator_schedule,1,7,rung5_wls,-0.05553704838911089,-0.0921503585465151,6.863719910570332e-05,-0.00871261396251155,10,20,0.31445497630331753,4.298318613487474,8440,7300,0.1189948641352928,0.49245382764086093,0.8053886356521051,4.138446068403078
india_daily,operator_schedule,1,7,rung5_wls_bagged,-0.05049657450027669,-0.09645584920510597,0.0002914870236388811,-0.010513841104106358,10,20,0.2995260663507109,4.209885571500289,8440,7300,0.1189948641352928,0.49245382764086093,0.8053886356521051,4.138446068403078
india_daily,operator_schedule,1,7,rung4_wls_series,-0.0223009427275258,-0.06100599616943558,0.012004300176270799,0.00274968903310413,10,20,0.25225118483412323,3.524620501359376,8440,7300,0.1189948641352928,0.49245382764086093,0.8053886356521051,4.138446068403078
india_daily,operator_schedule,1,7,rung4_wls_cell,-0.022713946496836418,-0.06112404443022168,0.01162947761625328,0.0025966430774757576,10,20,0.2563981042654028,3.5368175819219476,8440,7300,0.1189948641352928,0.49245382764086093,0.8053886356521051,4.138446068403078
india_daily,operator_schedule,1,7,rung0_none,0.0,0.0,0.0,0.0,0,20,0.0,0.0,8440,7300,0.1189948641352928,0.49245382764086093,0.8053886356521051,4.138446068403078
india_daily,operator_schedule,1,8,rung1_global,-0.0826654029197321,-0.0704034010743424,-0.045777429961134646,-0.03318325448204762,9,20,0.0,0.48277745974311104,8440,7300,0.11268434529690566,0.5899444672277219,0.8396246449216656,5.235372009069319
india_daily,operator_schedule,1,8,rung2_series,-0.005176839816725393,-0.010501549302849078,0.003624268294511562,-0.0019409129901923894,9,20,0.1,1.1737360480978984,8440,7300,0.11268434529690566,0.5899444672277219,0.8396246449216656,5.235372009069319
india_daily,operator_schedule,1,8,rung3_cell,-0.007481145433999819,-0.013337955381115707,-0.0004215698879466823,-0.004411669274477781,8,20,0.1,1.464591437333094,8440,7300,0.11268434529690566,0.5899444672277219,0.8396246449216656,5.235372009069319
india_daily,operator_schedule,1,8,rung5_raw_ratio,-0.07498625943202106,-0.07088850453158768,-0.020039494735654695,-0.00909041982845915,12,20,0.38175355450236964,178631752566.3096,8440,7300,0.11268434529690566,0.5899444672277219,0.8396246449216656,5.235372009069319
india_daily,operator_schedule,1,8,rung5_ridge,-0.016047846741461626,-0.05783310923088614,0.0032009728019405047,-0.002315396071818965,12,20,0.2919431279620853,636.0826305681088,8440,7300,0.11268434529690566,0.5899444672277219,0.8396246449216656,5.235372009069319
india_daily,operator_schedule,1,8,rung5_wls,-0.05536182319061389,-0.09002221703394597,-0.0015112005596996047,-0.007956942056827065,10,20,0.33045023696682463,4.736570828804489,8440,7300,0.11268434529690566,0.5899444672277219,0.8396246449216656,5.235372009069319
india_daily,operator_schedule,1,8,rung5_wls_bagged,-0.05645411256246752,-0.11215746948275673,0.0007222057335943388,-0.014198167687781371,10,20,0.30781990521327013,4.7188234368681705,8440,7300,0.11268434529690566,0.5899444672277219,0.8396246449216656,5.235372009069319
india_daily,operator_schedule,1,8,rung4_wls_series,-0.031860238219644704,-0.07928111478753652,0.009736598945031427,-0.003280638381963019,10,20,0.266824644549763,4.0710187685079005,8440,7300,0.11268434529690566,0.5899444672277219,0.8396246449216656,5.235372009069319
india_daily,operator_schedule,1,8,rung4_wls_cell,-0.03159547032167477,-0.07885400092459771,0.009796400276420574,-0.003107398838558151,10,20,0.26528436018957346,4.077563741908332,8440,7300,0.11268434529690566,0.5899444672277219,0.8396246449216656,5.235372009069319
india_daily,operator_schedule,1,8,rung0_none,0.0,0.0,0.0,0.0,0,20,0.0,0.0,8440,7300,0.11268434529690566,0.5899444672277219,0.8396246449216656,5.235372009069319
india_daily,operator_schedule,1,9,rung1_global,-0.08944355881941254,-0.07939293125557167,-0.04967115055903532,-0.03744319657987005,9,20,0.0,0.49668431248488437,8440,7300,0.12499318591863064,0.5323193309149489,0.8098420725034257,4.258786805078188
india_daily,operator_schedule,1,9,rung2_series,-0.007912833243262418,-0.021590013761339177,0.002552280456531675,-0.005495635572779545,9,20,0.1,1.147186825415448,8440,7300,0.12499318591863064,0.5323193309149489,0.8098420725034257,4.258786805078188
india_daily,operator_schedule,1,9,rung3_cell,-0.013069821705748635,-0.026319008476648698,-0.0026269561913112747,-0.008911880546532691,8,20,0.1,1.4852383387688752,8440,7300,0.12499318591863064,0.5323193309149489,0.8098420725034257,4.258786805078188
india_daily,operator_schedule,1,9,rung5_raw_ratio,-0.0957127962079716,-0.10220929064606699,-0.030363325905004408,-0.021997504056682216,12,20,0.41220379146919434,171768767751.55698,8440,7300,0.12499318591863064,0.5323193309149489,0.8098420725034257,4.258786805078188
india_daily,operator_schedule,1,9,rung5_ridge,-0.029028091925977734,-0.08532928000633233,-0.0025925520702859695,-0.012834242105678184,11,20,0.32109004739336494,77.80898327156221,8440,7300,0.12499318591863064,0.5323193309149489,0.8098420725034257,4.258786805078188
india_daily,operator_schedule,1,9,rung5_wls,-0.06157611596489807,-0.11530624104493992,-0.0031515646513124496,-0.01767798165279011,11,20,0.3191943127962085,4.1448401296499,8440,7300,0.12499318591863064,0.5323193309149489,0.8098420725034257,4.258786805078188
india_daily,operator_schedule,1,9,rung5_wls_bagged,-0.0642653997222622,-0.11916722800171331,-0.003865005149354633,-0.019500053610528534,11,20,0.30450236966824645,4.751330678738173,8440,7300,0.12499318591863064,0.5323193309149489,0.8098420725034257,4.258786805078188
india_daily,operator_schedule,1,9,rung4_wls_series,-0.03709097568742091,-0.0844874237800941,0.00597770152417994,-0.007983480374059715,11,20,0.24751184834123222,3.9719424653941933,8440,7300,0.12499318591863064,0.5323193309149489,0.8098420725034257,4.258786805078188
india_daily,operator_schedule,1,9,rung4_wls_cell,-0.03743653012071229,-0.08463429641417375,0.00549360933698081,-0.008339863224492206,11,20,0.24786729857819906,3.9810026835778687,8440,7300,0.12499318591863064,0.5323193309149489,0.8098420725034257,4.258786805078188
india_daily,operator_schedule,1,9,rung0_none,0.0,0.0,0.0,0.0,0,20,0.0,0.0,8440,7300,0.12499318591863064,0.5323193309149489,0.8098420725034257,4.258786805078188
india_daily,operator_schedule,2,0,rung1_global,-0.060708416045735035,-0.060074720773039214,-0.03203121524088226,-0.023407911070538523,9,20,0.0,0.4154548494005792,8420,7300,0.14023262504343717,0.6649875138278875,0.8258456063456127,4.742031418308735
india_daily,operator_schedule,2,0,rung2_series,-0.01905712147907323,-0.0009482103812583631,-0.004563452167453974,-0.0035276609556931238,8,20,0.15,1.22079399546014,8420,7300,0.14023262504343717,0.6649875138278875,0.8258456063456127,4.742031418308735
india_daily,operator_schedule,2,0,rung3_cell,-0.023854169918110894,-0.014697136335500849,-0.008839612655216506,-0.008597720019315469,10,20,0.17957244655581947,1.7200558199255838,8420,7300,0.14023262504343717,0.6649875138278875,0.8258456063456127,4.742031418308735
india_daily,operator_schedule,2,0,rung5_raw_ratio,-0.07280627416675309,-0.09787919376367116,-0.022735745286486607,-0.019816425841233665,11,20,0.41128266033254157,91186636339.45277,8420,7300,0.14023262504343717,0.6649875138278875,0.8258456063456127,4.742031418308735
india_daily,operator_schedule,2,0,rung5_ridge,-0.03432677705200256,-0.0865230172146021,-0.0036298189342491515,-0.013118864316708168,10,20,0.3241092636579572,2854.43688697573,8420,7300,0.14023262504343717,0.6649875138278875,0.8258456063456127,4.742031418308735
india_daily,operator_schedule,2,0,rung5_wls,-0.07251268139429028,-0.13487692562012654,-0.014154070157084891,-0.02856413366031174,10,20,0.35593824228028503,4.9245061041996205,8420,7300,0.14023262504343717,0.6649875138278875,0.8258456063456127,4.742031418308735
india_daily,operator_schedule,2,0,rung5_wls_bagged,-0.06536707305911833,-0.1251419708972179,-0.01075325337514843,-0.026004553835689892,10,20,0.33859857482185274,4.834830463034571,8420,7300,0.14023262504343717,0.6649875138278875,0.8258456063456127,4.742031418308735
india_daily,operator_schedule,2,0,rung4_wls_series,-0.04014308328627734,-0.09071652843197353,-0.001286427283442454,-0.014672438711485158,10,20,0.3003562945368171,4.10174060587108,8420,7300,0.14023262504343717,0.6649875138278875,0.8258456063456127,4.742031418308735
india_daily,operator_schedule,2,0,rung4_wls_cell,-0.040163798318687674,-0.09080611077366263,-0.0015890284735417038,-0.015001519556581133,10,20,0.3020190023752969,4.1092454558909965,8420,7300,0.14023262504343717,0.6649875138278875,0.8258456063456127,4.742031418308735
india_daily,operator_schedule,2,0,rung0_none,0.0,0.0,0.0,0.0,0,20,0.0,0.0,8420,7300,0.14023262504343717,0.6649875138278875,0.8258456063456127,4.742031418308735
india_daily,operator_schedule,2,1,rung1_global,-0.06653580129606833,-0.06656047365359874,-0.03582239977598409,-0.027118242395529624,9,20,0.0,0.4288910615427699,8420,7300,0.1351003643353038,0.6994476038262669,0.838115519431535,5.17724439358518
india_daily,operator_schedule,2,1,rung2_series,-0.02046611334367741,0.0037011086063784004,-0.005515862593926613,-0.0020500032454571215,8,20,0.15,1.0863983032783653,8420,7300,0.1351003643353038,0.6994476038262669,0.838115519431535,5.17724439358518
india_daily,operator_schedule,2,1,rung3_cell,-0.02626092345490887,-0.011903783426205905,-0.009828897656893192,-0.007980030998239407,10,20,0.17957244655581947,1.5111659098702421,8420,7300,0.1351003643353038,0.6994476038262669,0.838115519431535,5.17724439358518
india_daily,operator_schedule,2,1,rung5_raw_ratio,-0.09643951012512106,-0.09893595551058576,-0.03129794192810782,-0.02184159641404526,12,20,0.39287410926365796,173254548624.00934,8420,7300,0.1351003643353038,0.6994476038262669,0.838115519431535,5.17724439358518
india_daily,operator_schedule,2,1,rung5_ridge,-0.04235324835091123,-0.08181837343818654,-0.007420298502528494,-0.012982104851623877,11,20,0.298812351543943,878.9846925884654,8420,7300,0.1351003643353038,0.6994476038262669,0.838115519431535,5.17724439358518
india_daily,operator_schedule,2,1,rung5_wls,-0.06632413991453612,-0.11721928451284658,-0.01212680048233139,-0.02329139296983196,10,20,0.3152019002375297,5.285261698685903,8420,7300,0.1351003643353038,0.6994476038262669,0.838115519431535,5.17724439358518
india_daily,operator_schedule,2,1,rung5_wls_bagged,-0.06938300030062958,-0.12179980633433973,-0.01175445289850247,-0.0260044027883386,10,20,0.3178147268408551,5.069412468274594,8420,7300,0.1351003643353038,0.6994476038262669,0.838115519431535,5.17724439358518
india_daily,operator_schedule,2,1,rung4_wls_series,-0.04589434021713857,-0.0897798200806339,-0.003344253948294312,-0.015532122156912909,10,20,0.28230403800475057,4.35433761624767,8420,7300,0.1351003643353038,0.6994476038262669,0.838115519431535,5.17724439358518
india_daily,operator_schedule,2,1,rung4_wls_cell,-0.046094202857415015,-0.09021792277733942,-0.003536571825947371,-0.0157850434337663,10,20,0.2834916864608076,4.360144084918675,8420,7300,0.1351003643353038,0.6994476038262669,0.838115519431535,5.17724439358518
india_daily,operator_schedule,2,1,rung0_none,0.0,0.0,0.0,0.0,0,20,0.0,0.0,8420,7300,0.1351003643353038,0.6994476038262669,0.838115519431535,5.17724439358518
india_daily,operator_schedule,2,2,rung1_global,-0.06369681561787953,-0.05857205300016033,-0.034108231216346464,-0.02463311170773297,9,20,0.0,0.41769278095443235,8420,7300,0.1273703246930216,0.7259521823039484,0.8507360070212306,5.69953938685156
india_daily,operator_schedule,2,2,rung2_series,-0.01021279908401591,0.007903379932506782,0.0002395182529163431,0.0008188097431288677,8,20,0.15,0.9389444244276618,8420,7300,0.1273703246930216,0.7259521823039484,0.8507360070212306,5.69953938685156
india_daily,operator_schedule,2,2,rung3_cell,-0.015983570268800477,-0.004812484778347725,-0.0043503069130302,-0.004158156495696064,9,20,0.17363420427553444,1.3104598560468461,8420,7300,0.1273703246930216,0.7259521823039484,0.8507360070212306,5.69953938685156
india_daily,operator_schedule,2,2,rung5_raw_ratio,-0.07288644191561204,-0.08561911698313951,-0.018278964994252946,-0.014550867549690816,11,20,0.44346793349168645,104161288545.57146,8420,7300,0.1273703246930216,0.7259521823039484,0.8507360070212306,5.69953938685156
india_daily,operator_schedule,2,2,rung5_ridge,-0.03548499621745825,-0.07441658024155995,-0.003365468227574131,-0.00979723232406804,11,20,0.3505938242280285,3213.439968588587,8420,7300,0.1273703246930216,0.7259521823039484,0.8507360070212306,5.69953938685156
india_daily,operator_schedule,2,2,rung5_wls,-0.07310625422177902,-0.11611417637480237,-0.013415720752480587,-0.022157908403449555,10,20,0.3294536817102138,5.387002816234394,8420,7300,0.1273703246930216,0.7259521823039484,0.8507360070212306,5.69953938685156
india_daily,operator_schedule,2,2,rung5_wls_bagged,-0.07549365590578945,-0.11182482302572261,-0.01264737567643015,-0.021134617487001073,10,20,0.322209026128266,5.088341917613631,8420,7300,0.1273703246930216,0.7259521823039484,0.8507360070212306,5.69953938685156
india_daily,operator_schedule,2,2,rung4_wls_series,-0.052167343502007225,-0.08208824770981082,-0.0040709471829876885,-0.011274373813351612,10,20,0.28788598574821855,4.425784600505788,8420,7300,0.1273703246930216,0.7259521823039484,0.8507360070212306,5.69953938685156
india_daily,operator_schedule,2,2,rung4_wls_cell,-0.05226134465842182,-0.08214626823892957,-0.004322378582619829,-0.011518093291323472,10,20,0.28812351543942993,4.431346332708701,8420,7300,0.1273703246930216,0.7259521823039484,0.8507360070212306,5.69953938685156
india_daily,operator_schedule,2,2,rung0_none,0.0,0.0,0.0,0.0,0,20,0.0,0.0,8420,7300,0.1273703246930216,0.7259521823039484,0.8507360070212306,5.69953938685156
india_daily,operator_schedule,2,3,rung1_global,-0.06943511452205546,-0.06705104425351327,-0.037622459527967965,-0.030339544180853828,10,20,0.0,0.42186802365014614,8420,7300,0.1636623482139655,0.7923853259589679,0.828813611878144,4.841585951846637
india_daily,operator_schedule,2,3,rung2_series,-0.022503357390534245,-0.00532648064410135,-0.006076986213118807,-0.007314822532171528,8,20,0.15,1.0521849364898654,8420,7300,0.1636623482139655,0.7923853259589679,0.828813611878144,4.841585951846637
india_daily,operator_schedule,2,3,rung3_cell,-0.028337578488720556,-0.017620694652110913,-0.01154427670379673,-0.013018519860319211,10,20,0.17363420427553444,1.3955979666641365,8420,7300,0.1636623482139655,0.7923853259589679,0.828813611878144,4.841585951846637
india_daily,operator_schedule,2,3,rung5_raw_ratio,-0.07391654624708746,-0.08042424257500924,-0.021535572819095506,-0.017405513531210337,11,20,0.4318289786223278,92192461977.13156,8420,7300,0.1636623482139655,0.7923853259589679,0.828813611878144,4.841585951846637
india_daily,operator_schedule,2,3,rung5_ridge,-0.023688876441550766,-0.06613400518406354,-0.0023755013841589845,-0.011144151584230988,10,20,0.3388361045130641,70.72298064007236,8420,7300,0.1636623482139655,0.7923853259589679,0.828813611878144,4.841585951846637
india_daily,operator_schedule,2,3,rung5_wls,-0.07807150888138807,-0.1298223252352635,-0.015018334374869057,-0.027586344448407463,10,20,0.34168646080760096,5.8415730965799595,8420,7300,0.1636623482139655,0.7923853259589679,0.828813611878144,4.841585951846637
india_daily,operator_schedule,2,3,rung5_wls_bagged,-0.05663163808971272,-0.10425467193031412,-0.00599516733208717,-0.019135252815023707,10,20,0.3460807600950119,5.158834741970157,8420,7300,0.1636623482139655,0.7923853259589679,0.828813611878144,4.841585951846637
india_daily,operator_schedule,2,3,rung4_wls_series,-0.03475920033731266,-0.07632586708871236,0.001540957243557528,-0.01042495807573185,10,20,0.30736342042755344,4.250833876427327,8420,7300,0.1636623482139655,0.7923853259589679,0.828813611878144,4.841585951846637
india_daily,operator_schedule,2,3,rung4_wls_cell,-0.034575037490426334,-0.07585736836768575,0.0013373672661812941,-0.010475956606004644,10,20,0.31116389548693585,4.252195211080111,8420,7300,0.1636623482139655,0.7923853259589679,0.828813611878144,4.841585951846637
india_daily,operator_schedule,2,3,rung0_none,0.0,0.0,0.0,0.0,0,20,0.0,0.0,8420,7300,0.1636623482139655,0.7923853259589679,0.828813611878144,4.841585951846637
india_daily,operator_schedule,2,4,rung1_global,-0.056598432836829346,-0.055837917956379934,-0.030177947671347606,-0.0217846847642289,10,20,0.0,0.4058720869592067,8420,7300,0.11641943022225545,0.7108863312973337,0.859278835423052,6.10625159339971
india_daily,operator_schedule,2,4,rung2_series,-0.011781652268794901,0.007868485309532214,0.0002082874875169838,0.0010173316367645402,8,20,0.15,1.0899304731098254,8420,7300,0.11641943022225545,0.7108863312973337,0.859278835423052,6.10625159339971
india_daily,operator_schedule,2,4,rung3_cell,-0.014528820500957395,-0.0026906636719961075,-0.002965646268779487,-0.002995929337080927,9,20,0.17957244655581947,1.5410767536592027,8420,7300,0.11641943022225545,0.7108863312973337,0.859278835423052,6.10625159339971
india_daily,operator_schedule,2,4,rung5_raw_ratio,-0.05137647821680784,-0.06734781679396495,-0.00941160841980559,-0.004850226401907687,13,20,0.38824228028503566,116195463961.21877,8420,7300,0.11641943022225545,0.7108863312973337,0.859278835423052,6.10625159339971
india_daily,operator_schedule,2,4,rung5_ridge,-0.012496640258224612,-0.05604172770137339,0.005933918054886633,-0.000702861198670135,11,20,0.29275534441805223,243.54349578362238,8420,7300,0.11641943022225545,0.7108863312973337,0.859278835423052,6.10625159339971
india_daily,operator_schedule,2,4,rung5_wls,-0.079705859313933,-0.1290763067980476,-0.018505633022498396,-0.02961829057789056,10,20,0.3358669833729216,5.200550799999249,8420,7300,0.11641943022225545,0.7108863312973337,0.859278835423052,6.10625159339971
india_daily,operator_schedule,2,4,rung5_wls_bagged,-0.07386232153071279,-0.11785420984173722,-0.013493432917432036,-0.02575134324567463,10,20,0.34299287410926366,4.677533067477538,8420,7300,0.11641943022225545,0.7108863312973337,0.859278835423052,6.10625159339971
india_daily,operator_schedule,2,4,rung4_wls_series,-0.053105430652342966,-0.09030358752582801,-0.005811334659343503,-0.016785483279480262,10,20,0.30581947743467935,4.11150624657776,8420,7300,0.11641943022225545,0.7108863312973337,0.859278835423052,6.10625159339971
india_daily,operator_schedule,2,4,rung4_wls_cell,-0.05314207998402175,-0.09009386351733872,-0.005919830919183977,-0.016866284529007958,10,20,0.30676959619952493,4.11749652828384,8420,7300,0.11641943022225545,0.7108863312973337,0.859278835423052,6.10625159339971
india_daily,operator_schedule,2,4,rung0_none,0.0,0.0,0.0,0.0,0,20,0.0,0.0,8420,7300,0.11641943022225545,0.7108863312973337,0.859278835423052,6.10625159339971
india_daily,operator_schedule,2,5,rung1_global,-0.06549278245242043,-0.06703463594154879,-0.03502364116145457,-0.02744741920723781,10,20,0.0,0.4154421319098019,8420,7300,0.13449350119928727,0.7496784319715145,0.8478876153453898,5.574086668029186
india_daily,operator_schedule,2,5,rung2_series,-0.018624228234398944,-0.005880871520846487,-0.002397602539622379,-0.0031631959083147088,8,20,0.15,1.1997875816882224,8420,7300,0.13449350119928727,0.7496784319715145,0.8478876153453898,5.574086668029186
india_daily,operator_schedule,2,5,rung3_cell,-0.02203314099286522,-0.015828789722060366,-0.00584810264431781,-0.007024535419296152,9,20,0.17957244655581947,1.5530542121420652,8420,7300,0.13449350119928727,0.7496784319715145,0.8478876153453898,5.574086668029186
india_daily,operator_schedule,2,5,rung5_raw_ratio,-0.06934782593522466,-0.0828738309733994,-0.014632013245192577,-0.010807074827177798,12,20,0.41342042755344416,113571140260.25912,8420,7300,0.13449350119928727,0.7496784319715145,0.8478876153453898,5.574086668029186
india_daily,operator_schedule,2,5,rung5_ridge,-0.024748707275344405,-0.0675309282487655,0.003272312239630226,-0.003593028875468862,11,20,0.32244655581947745,376.5705072852058,8420,7300,0.13449350119928727,0.7496784319715145,0.8478876153453898,5.574086668029186
india_daily,operator_schedule,2,5,rung5_wls,-0.09735709043168701,-0.14900118290114905,-0.024796712130069953,-0.03737687032653447,10,20,0.3631828978622328,5.287281742229004,8420,7300,0.13449350119928727,0.7496784319715145,0.8478876153453898,5.574086668029186
india_daily,operator_schedule,2,5,rung5_wls_bagged,-0.08287081902063007,-0.145980858099922,-0.016748826874206514,-0.033744441701803574,11,20,0.3528503562945368,4.832169191424789,8420,7300,0.13449350119928727,0.7496784319715145,0.8478876153453898,5.574086668029186
india_daily,operator_schedule,2,5,rung4_wls_series,-0.05966490417566848,-0.1152596721232435,-0.008197499850480067,-0.023751938785837146,11,20,0.3133016627078385,4.193021064174479,8420,7300,0.13449350119928727,0.7496784319715145,0.8478876153453898,5.574086668029186
india_daily,operator_schedule,2,5,rung4_wls_cell,-0.059478855030515455,-0.11491401095115594,-0.008217960108787021,-0.02373034053499401,11,20,0.31425178147268407,4.196338559155027,8420,7300,0.13449350119928727,0.7496784319715145,0.8478876153453898,5.574086668029186
india_daily,operator_schedule,2,5,rung0_none,0.0,0.0,0.0,0.0,0,20,0.0,0.0,8420,7300,0.13449350119928727,0.7496784319715145,0.8478876153453898,5.574086668029186
india_daily,operator_schedule,2,6,rung1_global,-0.0659751755218597,-0.06688465250400077,-0.034645222845633504,-0.026778018200018794,10,20,0.0,0.4351829076415013,8420,7300,0.13287182572845724,0.7480781027558905,0.8491721022589106,5.630073182592494
india_daily,operator_schedule,2,6,rung2_series,-0.015913566359592422,0.0020028421355946513,-0.002023873819578287,-0.0007134682708458406,9,20,0.1,1.1535487565426181,8420,7300,0.13287182572845724,0.7480781027558905,0.8491721022589106,5.630073182592494
india_daily,operator_schedule,2,6,rung3_cell,-0.020227211426002284,-0.009013098111393614,-0.0059458675304059185,-0.005058159627784997,10,20,0.17909738717339668,1.648802249635818,8420,7300,0.13287182572845724,0.7480781027558905,0.8491721022589106,5.630073182592494
india_daily,operator_schedule,2,6,rung5_raw_ratio,-0.09144724103937132,-0.10132451211795535,-0.028036328170810428,-0.022531171714806897,12,20,0.4412114014251782,195738801741.9089,8420,7300,0.13287182572845724,0.7480781027558905,0.8491721022589106,5.630073182592494
india_daily,operator_schedule,2,6,rung5_ridge,-0.0392582260218325,-0.08575051902365916,-0.005976005366563087,-0.013812441559061028,11,20,0.3473871733966746,1259.6351141688372,8420,7300,0.13287182572845724,0.7480781027558905,0.8491721022589106,5.630073182592494
india_daily,operator_schedule,2,6,rung5_wls,-0.0772630636606625,-0.1339834101988604,-0.016420766922053888,-0.03166260753263139,10,20,0.36353919239904986,5.937768907400301,8420,7300,0.13287182572845724,0.7480781027558905,0.8491721022589106,5.630073182592494
india_daily,operator_schedule,2,6,rung5_wls_bagged,-0.0682084669186868,-0.13251835495401187,-0.012345717188374261,-0.028483433405393166,10,20,0.3241092636579572,5.649811515127752,8420,7300,0.13287182572845724,0.7480781027558905,0.8491721022589106,5.630073182592494
india_daily,operator_schedule,2,6,rung4_wls_series,-0.04669250516745334,-0.10200046243394278,-0.004212004830567479,-0.018422006315132577,10,20,0.2882422802850356,4.768795648630839,8420,7300,0.13287182572845724,0.7480781027558905,0.8491721022589106,5.630073182592494
india_daily,operator_schedule,2,6,rung4_wls_cell,-0.04665658139198954,-0.10164846300847419,-0.004495237125370338,-0.01856747574440254,10,20,0.29002375296912114,4.776437440568584,8420,7300,0.13287182572845724,0.7480781027558905,0.8491721022589106,5.630073182592494
india_daily,operator_schedule,2,6,rung0_none,0.0,0.0,0.0,0.0,0,20,0.0,0.0,8420,7300,0.13287182572845724,0.7480781027558905,0.8491721022589106,5.630073182592494
india_daily,operator_schedule,2,7,rung1_global,-0.06647028995666235,-0.06486995154601671,-0.036083383192000815,-0.02675842513308524,9,20,0.0,0.42447968850554224,8420,7300,0.13366722312859058,0.7366792093688502,0.8464206686697902,5.511292836989289
india_daily,operator_schedule,2,7,rung2_series,-0.01712984245838412,-0.00028885350054697057,-0.002645715359288081,-0.003041833372006808,8,20,0.15,1.0474143658495918,8420,7300,0.13366722312859058,0.7366792093688502,0.8464206686697902,5.511292836989289
india_daily,operator_schedule,2,7,rung3_cell,-0.019220522275778813,-0.0068463181405094,-0.005789029192071304,-0.006007261055145374,9,20,0.18978622327790973,1.5025441691057024,8420,7300,0.13366722312859058,0.7366792093688502,0.8464206686697902,5.511292836989289
india_daily,operator_schedule,2,7,rung5_raw_ratio,-0.08258146207066554,-0.08261406473647015,-0.023347338566019858,-0.01515854128715044,12,20,0.42529691211401427,127551762879.26506,8420,7300,0.13366722312859058,0.7366792093688502,0.8464206686697902,5.511292836989289
india_daily,operator_schedule,2,7,rung5_ridge,-0.037509698460797186,-0.07439080715045798,-0.005788809328700911,-0.010196549856185344,10,20,0.33978622327790975,1071.0898919936865,8420,7300,0.13366722312859058,0.7366792093688502,0.8464206686697902,5.511292836989289
india_daily,operator_schedule,2,7,rung5_wls,-0.08190180959992875,-0.14554082685515923,-0.01495581647505645,-0.031282383410879744,10,20,0.36033254156769595,5.259135278950629,8420,7300,0.13366722312859058,0.7366792093688502,0.8464206686697902,5.511292836989289
india_daily,operator_schedule,2,7,rung5_wls_bagged,-0.07258116848762369,-0.12203534120178139,-0.013571911685617994,-0.02584038330304672,10,20,0.33717339667458435,4.716431184331054,8420,7300,0.13366722312859058,0.7366792093688502,0.8464206686697902,5.511292836989289
india_daily,operator_schedule,2,7,rung4_wls_series,-0.04974370567021173,-0.0921386171245735,-0.00467694229775259,-0.015520790698461795,10,20,0.3009501187648456,4.092923511060256,8420,7300,0.13366722312859058,0.7366792093688502,0.8464206686697902,5.511292836989289
india_daily,operator_schedule,2,7,rung4_wls_cell,-0.0493319681112798,-0.09146673838880037,-0.004662426733977443,-0.015450265379977957,10,20,0.30142517814726844,4.09937278600053,8420,7300,0.13366722312859058,0.7366792093688502,0.8464206686697902,5.511292836989289
india_daily,operator_schedule,2,7,rung0_none,0.0,0.0,0.0,0.0,0,20,0.0,0.0,8420,7300,0.13366722312859058,0.7366792093688502,0.8464206686697902,5.511292836989289
india_daily,operator_schedule,2,8,rung1_global,-0.06205830236327801,-0.06250737389261007,-0.033709178774907644,-0.026497541936967295,9,20,0.0,0.41439358956145694,8420,7300,0.13617037549496647,0.7071063250469626,0.8385223077935664,5.192805868946882
india_daily,operator_schedule,2,8,rung2_series,-0.02017507394970309,-0.009692575336747833,-0.004377135599157716,-0.005503236521756216,8,20,0.15,1.0135679494182002,8420,7300,0.13617037549496647,0.7071063250469626,0.8385223077935664,5.192805868946882
india_daily,operator_schedule,2,8,rung3_cell,-0.027287082540315793,-0.019853599594580773,-0.0104797884676395,-0.01127280115991991,10,20,0.19774346793349168,1.3435539485387624,8420,7300,0.13617037549496647,0.7071063250469626,0.8385223077935664,5.192805868946882
india_daily,operator_schedule,2,8,rung5_raw_ratio,-0.08052085692340458,-0.09302117519201314,-0.026001570561151943,-0.020989572823603586,11,20,0.3995249406175772,76630455936.42021,8420,7300,0.13617037549496647,0.7071063250469626,0.8385223077935664,5.192805868946882
india_daily,operator_schedule,2,8,rung5_ridge,-0.03957635748745305,-0.08172200827825371,-0.008621509447188596,-0.015000995295776809,10,20,0.32007125890736343,734.1709615530089,8420,7300,0.13617037549496647,0.7071063250469626,0.8385223077935664,5.192805868946882
india_daily,operator_schedule,2,8,rung5_wls,-0.06763601554102727,-0.1248783290443074,-0.012345839625798183,-0.02954943617311212,10,20,0.352375296912114,5.178721747894385,8420,7300,0.13617037549496647,0.7071063250469626,0.8385223077935664,5.192805868946882
india_daily,operator_schedule,2,8,rung5_wls_bagged,-0.06802696369345897,-0.11757023056025617,-0.008153986222142556,-0.022017625663166118,10,20,0.3344418052256532,5.01734722595491,8420,7300,0.13617037549496647,0.7071063250469626,0.8385223077935664,5.192805868946882
india_daily,operator_schedule,2,8,rung4_wls_series,-0.045034958686325795,-0.08855071525377523,-3.700341101977589e-05,-0.012549599012149582,10,20,0.29263657957244654,4.305898974846683,8420,7300,0.13617037549496647,0.7071063250469626,0.8385223077935664,5.192805868946882
india_daily,operator_schedule,2,8,rung4_wls_cell,-0.045153293763604455,-0.0884844916913381,-0.00024159115555832944,-0.01272850433668804,10,20,0.29263657957244654,4.311767876817292,8420,7300,0.13617037549496647,0.7071063250469626,0.8385223077935664,5.192805868946882
india_daily,operator_schedule,2,8,rung0_none,0.0,0.0,0.0,0.0,0,20,0.0,0.0,8420,7300,0.13617037549496647,0.7071063250469626,0.8385223077935664,5.192805868946882
india_daily,operator_schedule,2,9,rung1_global,-0.06957277132853705,-0.0679278996799213,-0.0378457067856893,-0.028486764696653122,9,20,0.0,0.4194272473076712,8420,7300,0.1377119104028617,0.7562712099638392,0.8459569232734798,5.491690644269238
india_daily,operator_schedule,2,9,rung2_series,-0.020764895504660746,-0.006522455468445765,-0.005032478565479221,-0.0059951857378337525,7,20,0.15,0.9890777717991176,8420,7300,0.1377119104028617,0.7562712099638392,0.8459569232734798,5.491690644269238
india_daily,operator_schedule,2,9,rung3_cell,-0.02722781062250091,-0.017591646639066427,-0.010923156266649987,-0.011535905058339901,9,20,0.17363420427553444,1.4182301310073677,8420,7300,0.1377119104028617,0.7562712099638392,0.8459569232734798,5.491690644269238
india_daily,operator_schedule,2,9,rung5_raw_ratio,-0.08599756896193257,-0.08890924160396518,-0.026452177156870548,-0.018095656343917188,13,20,0.4328978622327791,114320029347.14523,8420,7300,0.1377119104028617,0.7562712099638392,0.8459569232734798,5.491690644269238
india_daily,operator_schedule,2,9,rung5_ridge,-0.038973688132379274,-0.07452185823476509,-0.00740207191107462,-0.011230406122658687,12,20,0.33788598574821854,113.93951161143194,8420,7300,0.1377119104028617,0.7562712099638392,0.8459569232734798,5.491690644269238
india_daily,operator_schedule,2,9,rung5_wls,-0.09864361406981195,-0.16621418815723588,-0.026516461289089677,-0.04113125671829643,10,20,0.34239904988123515,4.9860860828912905,8420,7300,0.1377119104028617,0.7562712099638392,0.8459569232734798,5.491690644269238
india_daily,operator_schedule,2,9,rung5_wls_bagged,-0.09219072796664525,-0.15638644856145434,-0.022157387117077487,-0.03685254961718254,10,20,0.35332541567695963,4.807917524658391,8420,7300,0.1377119104028617,0.7562712099638392,0.8459569232734798,5.491690644269238
india_daily,operator_schedule,2,9,rung4_wls_series,-0.07007790563768386,-0.12613351280706286,-0.014130280152162795,-0.027355638912173408,10,20,0.3095011876484561,4.165929217843226,8420,7300,0.1377119104028617,0.7562712099638392,0.8459569232734798,5.491690644269238
india_daily,operator_schedule,2,9,rung4_wls_cell,-0.07019536621673324,-0.12591251963744643,-0.014372721006228866,-0.027437964678933113,10,20,0.31175771971496435,4.169795930512506,8420,7300,0.1377119104028617,0.7562712099638392,0.8459569232734798,5.491690644269238
india_daily,operator_schedule,2,9,rung0_none,0.0,0.0,0.0,0.0,0,20,0.0,0.0,8420,7300,0.1377119104028617,0.7562712099638392,0.8459569232734798,5.491690644269238
india_daily,operator_schedule,3,0,rung1_global,-0.046812550645765845,-0.04900314995815003,-0.02646404279407319,-0.018825579103808998,10,20,0.0,0.3536214936492439,8400,7300,0.1464520883874808,0.8602756805617717,0.8545266228820364,5.874110024881768
india_daily,operator_schedule,3,0,rung2_series,-0.02226086846396272,-0.002387603342098865,-0.008018250532301258,-0.0055491601406074675,7,20,0.15,0.9679244456248264,8400,7300,0.1464520883874808,0.8602756805617717,0.8545266228820364,5.874110024881768
india_daily,operator_schedule,3,0,rung3_cell,-0.026885113465040456,-0.008998224132644284,-0.011323538369716835,-0.008293519445190745,9,20,0.1838095238095238,1.4088492449310892,8400,7300,0.1464520883874808,0.8602756805617717,0.8545266228820364,5.874110024881768
india_daily,operator_schedule,3,0,rung5_raw_ratio,-0.07799566584685408,-0.10927128747312809,-0.0245518508190627,-0.02447268810633374,12,20,0.42857142857142855,204107321534.599,8400,7300,0.1464520883874808,0.8602756805617717,0.8545266228820364,5.874110024881768
india_daily,operator_schedule,3,0,rung5_ridge,-0.036649427430213107,-0.09246221895879958,-0.009347625615496253,-0.018158841933930914,10,20,0.34833333333333333,2587.0479982815386,8400,7300,0.1464520883874808,0.8602756805617717,0.8545266228820364,5.874110024881768
india_daily,operator_schedule,3,0,rung5_wls,-0.07948847078881845,-0.13851573208013201,-0.023312299232161725,-0.036744466436088974,9,20,0.39285714285714285,5.666717115527744,8400,7300,0.1464520883874808,0.8602756805617717,0.8545266228820364,5.874110024881768
india_daily,operator_schedule,3,0,rung5_wls_bagged,-0.07670009216112669,-0.13185197174126229,-0.019249954629284787,-0.0320599836196096,8,20,0.36976190476190474,5.755710286702592,8400,7300,0.1464520883874808,0.8602756805617717,0.8545266228820364,5.874110024881768
india_daily,operator_schedule,3,0,rung4_wls_series,-0.05599662876439728,-0.10208504127814888,-0.01157000273248146,-0.022703823117056876,8,20,0.32726190476190475,5.002822470016612,8400,7300,0.1464520883874808,0.8602756805617717,0.8545266228820364,5.874110024881768
india_daily,operator_schedule,3,0,rung4_wls_cell,-0.055939419043950035,-0.10171862900032358,-0.011606280174222184,-0.022606748825534373,8,20,0.32976190476190476,5.002645966746545,8400,7300,0.1464520883874808,0.8602756805617717,0.8545266228820364,5.874110024881768
india_daily,operator_schedule,3,0,rung0_none,0.0,0.0,0.0,0.0,0,20,0.0,0.0,8400,7300,0.1464520883874808,0.8602756805617717,0.8545266228820364,5.874110024881768
india_daily,operator_schedule,3,1,rung1_global,-0.04498049417087221,-0.05605381334453141,-0.025074479864277566,-0.02184740898979376,11,20,0.0,0.34453127130999306,8400,7300,0.1500784946891302,0.8453666580642725,0.8492347928220727,5.632830072125585
india_daily,operator_schedule,3,1,rung2_series,-0.035446675494118854,-0.020547817333206764,-0.01366534637592956,-0.01458684394184262,8,20,0.15,0.9381617151870131,8400,7300,0.1500784946891302,0.8453666580642725,0.8492347928220727,5.632830072125585
india_daily,operator_schedule,3,1,rung3_cell,-0.04390349229852203,-0.028670064609526813,-0.019237403634618667,-0.01905794505517089,10,20,0.18,1.6136096237588486,8400,7300,0.1500784946891302,0.8453666580642725,0.8492347928220727,5.632830072125585
india_daily,operator_schedule,3,1,rung5_raw_ratio,-0.09451268991930398,-0.09394135416412652,-0.032762925693802875,-0.024557248151938937,12,20,0.42273809523809525,210877705972.22015,8400,7300,0.1500784946891302,0.8453666580642725,0.8492347928220727,5.632830072125585
india_daily,operator_schedule,3,1,rung5_ridge,-0.04633692801317464,-0.08278962974617388,-0.012287687596112411,-0.017671291580063198,11,20,0.3344047619047619,1330.150501169291,8400,7300,0.1500784946891302,0.8453666580642725,0.8492347928220727,5.632830072125585
india_daily,operator_schedule,3,1,rung5_wls,-0.1148975124211649,-0.17742429127467818,-0.03254931037924684,-0.04722522365580972,11,20,0.37523809523809526,5.822323360766425,8400,7300,0.1500784946891302,0.8453666580642725,0.8492347928220727,5.632830072125585
india_daily,operator_schedule,3,1,rung5_wls_bagged,-0.09067957796245404,-0.14399948093321369,-0.018364206657887145,-0.033023638748382655,11,20,0.37976190476190474,6.499381904360495,8400,7300,0.1500784946891302,0.8453666580642725,0.8492347928220727,5.632830072125585
india_daily,operator_schedule,3,1,rung4_wls_series,-0.06960742277895209,-0.11427188597538263,-0.011281559343448095,-0.024197371764099307,10,20,0.3367857142857143,5.606608366705636,8400,7300,0.1500784946891302,0.8453666580642725,0.8492347928220727,5.632830072125585
india_daily,operator_schedule,3,1,rung4_wls_cell,-0.07004169136895101,-0.11424103773331229,-0.011570565810696787,-0.024415852778385982,10,20,0.3382142857142857,5.605886269586475,8400,7300,0.1500784946891302,0.8453666580642725,0.8492347928220727,5.632830072125585
india_daily,operator_schedule,3,1,rung0_none,0.0,0.0,0.0,0.0,0,20,0.0,0.0,8400,7300,0.1500784946891302,0.8453666580642725,0.8492347928220727,5.632830072125585
india_daily,operator_schedule,3,2,rung1_global,-0.04985357189645541,-0.05112693725396822,-0.02761839852368278,-0.02015396933949898,10,20,0.0,0.3539708381206751,8400,7300,0.14853141146338816,0.8416361674272065,0.8499936630627657,5.666385036909605
india_daily,operator_schedule,3,2,rung2_series,-0.021290961735979202,0.0038429097750511954,-0.007983540413438083,-0.0033730097287558714,7,20,0.15,0.9492684379456378,8400,7300,0.14853141146338816,0.8416361674272065,0.8499936630627657,5.666385036909605
india_daily,operator_schedule,3,2,rung3_cell,-0.02694324046853295,-0.0032805101788291324,-0.011475774298869207,-0.0062434018463430885,9,20,0.23202380952380952,1.6773781071650384,8400,7300,0.14853141146338816,0.8416361674272065,0.8499936630627657,5.666385036909605
india_daily,operator_schedule,3,2,rung5_raw_ratio,-0.07664994245694542,-0.08493215953731292,-0.02459544236511128,-0.01747387532848932,12,20,0.4380952380952381,154082447831.3645,8400,7300,0.14853141146338816,0.8416361674272065,0.8499936630627657,5.666385036909605
india_daily,operator_schedule,3,2,rung5_ridge,-0.0299268205456907,-0.07279749564944549,-0.0034232212360111704,-0.010159786968905404,11,20,0.3529761904761905,8297.273313375552,8400,7300,0.14853141146338816,0.8416361674272065,0.8499936630627657,5.666385036909605
india_daily,operator_schedule,3,2,rung5_wls,-0.09328658579083378,-0.13781982256521608,-0.02694753157418499,-0.03623131436075333,10,20,0.38035714285714284,6.112975331435632,8400,7300,0.14853141146338816,0.8416361674272065,0.8499936630627657,5.666385036909605
india_daily,operator_schedule,3,2,rung5_wls_bagged,-0.08998411397768576,-0.12795773568999014,-0.022197575807264648,-0.032185892610257394,10,20,0.38,5.727473363175131,8400,7300,0.14853141146338816,0.8416361674272065,0.8499936630627657,5.666385036909605
india_daily,operator_schedule,3,2,rung4_wls_series,-0.06745090829292417,-0.09948141398000887,-0.013806539069083485,-0.022663119457728254,10,20,0.3382142857142857,4.9611833555769485,8400,7300,0.14853141146338816,0.8416361674272065,0.8499936630627657,5.666385036909605
india_daily,operator_schedule,3,2,rung4_wls_cell,-0.06792005004464458,-0.09946160142246674,-0.014173887609101293,-0.022919593145576345,10,20,0.3411904761904762,4.962670636322506,8400,7300,0.14853141146338816,0.8416361674272065,0.8499936630627657,5.666385036909605
india_daily,operator_schedule,3,2,rung0_none,0.0,0.0,0.0,0.0,0,20,0.0,0.0,8400,7300,0.14853141146338816,0.8416361674272065,0.8499936630627657,5.666385036909605
india_daily,operator_schedule,3,3,rung1_global,-0.04745473098157204,-0.04636189864177531,-0.027284615880112956,-0.019336525214737277,10,20,0.0,0.35414167984051587,8400,7300,0.16160080265742477,0.8559314481712308,0.8411836061944763,5.296579188320664
india_daily,operator_schedule,3,3,rung2_series,-0.01620164094717457,0.008243809633369237,-0.00586455744223478,-0.0019597563199045265,6,20,0.15,0.8998105971226216,8400,7300,0.16160080265742477,0.8559314481712308,0.8411836061944763,5.296579188320664
india_daily,operator_schedule,3,3,rung3_cell,-0.018502526050262747,0.005613996509153396,-0.007464466368967198,-0.0027694133520363984,8,20,0.19023809523809523,1.5132978065159846,8400,7300,0.16160080265742477,0.8559314481712308,0.8411836061944763,5.296579188320664
india_daily,operator_schedule,3,3,rung5_raw_ratio,-0.06582656417285263,-0.055649495079485245,-0.01784204906650432,-0.006785510539791151,11,20,0.4129761904761905,65552537500.54999,8400,7300,0.16160080265742477,0.8559314481712308,0.8411836061944763,5.296579188320664
india_daily,operator_schedule,3,3,rung5_ridge,-0.022504987212290682,-0.047973611502408975,-0.0009807676459604286,-0.0023060521426647718,9,20,0.34523809523809523,33.78603024742288,8400,7300,0.16160080265742477,0.8559314481712308,0.8411836061944763,5.296579188320664
india_daily,operator_schedule,3,3,rung5_wls,-0.08544056264937075,-0.12307584222678059,-0.024732217842843122,-0.03070300143079141,9,20,0.37785714285714284,6.790602662833678,8400,7300,0.16160080265742477,0.8559314481712308,0.8411836061944763,5.296579188320664
india_daily,operator_schedule,3,3,rung5_wls_bagged,-0.06363875817624695,-0.09607798832474113,-0.014107788225950834,-0.02058431956668616,9,20,0.3611904761904762,5.9378519151054405,8400,7300,0.16160080265742477,0.8559314481712308,0.8411836061944763,5.296579188320664
india_daily,operator_schedule,3,3,rung4_wls_series,-0.041742495873419105,-0.0685247632646826,-0.005567396003896635,-0.0108013759792287,9,20,0.3225,4.978417215193527,8400,7300,0.16160080265742477,0.8559314481712308,0.8411836061944763,5.296579188320664
india_daily,operator_schedule,3,3,rung4_wls_cell,-0.04125066223124916,-0.06763134179543218,-0.005471605196563245,-0.010554915341711268,9,20,0.32357142857142857,4.981980649397135,8400,7300,0.16160080265742477,0.8559314481712308,0.8411836061944763,5.296579188320664
india_daily,operator_schedule,3,3,rung0_none,0.0,0.0,0.0,0.0,0,20,0.0,0.0,8400,7300,0.16160080265742477,0.8559314481712308,0.8411836061944763,5.296579188320664
india_daily,operator_schedule,3,4,rung1_global,-0.051971258984916655,-0.057805679801773424,-0.029972703804049473,-0.023789993623642314,11,20,0.0,0.34658120693676464,8400,7300,0.14889325646558715,0.8146559305057992,0.8454741506932446,5.471409181611163
india_daily,operator_schedule,3,4,rung2_series,-0.0219252854395592,-0.008980077987204238,-0.008173062504632095,-0.008515152945747007,7,20,0.15,0.9584792384631607,8400,7300,0.14889325646558715,0.8146559305057992,0.8454741506932446,5.471409181611163
india_daily,operator_schedule,3,4,rung3_cell,-0.023127626791005197,-0.013590203887831054,-0.008432347151728081,-0.009202904886233876,9,20,0.18,1.5344711320046571,8400,7300,0.14889325646558715,0.8146559305057992,0.8454741506932446,5.471409181611163
india_daily,operator_schedule,3,4,rung5_raw_ratio,-0.07983243683342167,-0.08549910133854555,-0.02587338993165534,-0.017975585587046483,13,20,0.4601190476190476,87488788484.79536,8400,7300,0.14889325646558715,0.8146559305057992,0.8454741506932446,5.471409181611163
india_daily,operator_schedule,3,4,rung5_ridge,-0.028219987653217305,-0.07354127009104294,-0.006192764160223551,-0.012362434633065966,11,20,0.3641666666666667,783.6007899174749,8400,7300,0.14889325646558715,0.8146559305057992,0.8454741506932446,5.471409181611163
india_daily,operator_schedule,3,4,rung5_wls,-0.11491875814619748,-0.16059831828763493,-0.03291441705299571,-0.04269595143250782,9,20,0.38476190476190475,5.932042034557962,8400,7300,0.14889325646558715,0.8146559305057992,0.8454741506932446,5.471409181611163
india_daily,operator_schedule,3,4,rung5_wls_bagged,-0.0814698499382922,-0.13759442994597548,-0.01791807845915066,-0.030212072817434654,10,20,0.38023809523809526,5.6730471329559276,8400,7300,0.14889325646558715,0.8146559305057992,0.8454741506932446,5.471409181611163
india_daily,operator_schedule,3,4,rung4_wls_series,-0.05960469127159671,-0.10662211874459993,-0.01011859144151947,-0.021004131165818674,10,20,0.34035714285714286,4.893976463076568,8400,7300,0.14889325646558715,0.8146559305057992,0.8454741506932446,5.471409181611163
india_daily,operator_schedule,3,4,rung4_wls_cell,-0.059421064913293686,-0.10597088018350997,-0.009975287298602975,-0.020795671774640923,10,20,0.34214285714285714,4.8952008502508555,8400,7300,0.14889325646558715,0.8146559305057992,0.8454741506932446,5.471409181611163
india_daily,operator_schedule,3,4,rung0_none,0.0,0.0,0.0,0.0,0,20,0.0,0.0,8400,7300,0.14889325646558715,0.8146559305057992,0.8454741506932446,5.471409181611163
india_daily,operator_schedule,3,5,rung1_global,-0.04555096607493938,-0.04918920658724235,-0.025184592291492558,-0.019341568098995676,10,20,0.0,0.3523561546126474,8400,7300,0.13870735569997242,0.7610188152302272,0.8458338101285116,5.486506547470564
india_daily,operator_schedule,3,5,rung2_series,-0.02372496691843669,-0.0032928563280385514,-0.008546974459562956,-0.005301375410213804,7,20,0.15,0.9096673539177682,8400,7300,0.13870735569997242,0.7610188152302272,0.8458338101285116,5.486506547470564
india_daily,operator_schedule,3,5,rung3_cell,-0.025868736677204757,-0.009166928920157025,-0.010530151856454511,-0.007306615365670011,8,20,0.1838095238095238,1.3659991195807462,8400,7300,0.13870735569997242,0.7610188152302272,0.8458338101285116,5.486506547470564
india_daily,operator_schedule,3,5,rung5_raw_ratio,-0.07287484634082944,-0.07748328367639923,-0.019994692245336627,-0.015456017009299439,11,20,0.44761904761904764,106368676653.53326,8400,7300,0.13870735569997242,0.7610188152302272,0.8458338101285116,5.486506547470564
india_daily,operator_schedule,3,5,rung5_ridge,-0.037187431932144056,-0.0685180279424209,-0.006192577442558305,-0.010827649153947405,10,20,0.3570238095238095,381.60998865039915,8400,7300,0.13870735569997242,0.7610188152302272,0.8458338101285116,5.486506547470564
india_daily,operator_schedule,3,5,rung5_wls,-0.11569675464092721,-0.15871853854300366,-0.03697065804185225,-0.04450811266331156,11,20,0.3525,6.057460110062327,8400,7300,0.13870735569997242,0.7610188152302272,0.8458338101285116,5.486506547470564
india_daily,operator_schedule,3,5,rung5_wls_bagged,-0.08640953630092266,-0.13162523440025398,-0.02105453585275205,-0.03168453015490602,10,20,0.37273809523809526,5.915132301364662,8400,7300,0.13870735569997242,0.7610188152302272,0.8458338101285116,5.486506547470564
india_daily,operator_schedule,3,5,rung4_wls_series,-0.06375982878397968,-0.1023994125242802,-0.013477026335465558,-0.0226651840145502,10,20,0.3317857142857143,5.097461253709047,8400,7300,0.13870735569997242,0.7610188152302272,0.8458338101285116,5.486506547470564
india_daily,operator_schedule,3,5,rung4_wls_cell,-0.06386425480172433,-0.102277645159079,-0.013559411402494498,-0.02268447703655685,10,20,0.3311904761904762,5.097375369839347,8400,7300,0.13870735569997242,0.7610188152302272,0.8458338101285116,5.486506547470564
india_daily,operator_schedule,3,5,rung0_none,0.0,0.0,0.0,0.0,0,20,0.0,0.0,8400,7300,0.13870735569997242,0.7610188152302272,0.8458338101285116,5.486506547470564
india_daily,operator_schedule,3,6,rung1_global,-0.05040941127355732,-0.05293191435242739,-0.028263298129684044,-0.021351210618286265,10,20,0.0,0.36845240596898216,8400,7300,0.14151255770710483,0.8696273748160649,0.8600465146757892,6.145231129353011
india_daily,operator_schedule,3,6,rung2_series,-0.020304567211478847,0.00465817960573256,-0.007277265171705449,-0.0033963553715326,8,20,0.15,0.9550293697006208,8400,7300,0.14151255770710483,0.8696273748160649,0.8600465146757892,6.145231129353011
india_daily,operator_schedule,3,6,rung3_cell,-0.02722294774958169,-0.005166987257468003,-0.012233107465507426,-0.008049552418254224,10,20,0.17357142857142857,1.4363890398349524,8400,7300,0.14151255770710483,0.8696273748160649,0.8600465146757892,6.145231129353011
india_daily,operator_schedule,3,6,rung5_raw_ratio,-0.0821621538759696,-0.09496156714482207,-0.027618964959852867,-0.02426147835956094,10,20,0.4425,136171808874.27417,8400,7300,0.14151255770710483,0.8696273748160649,0.8600465146757892,6.145231129353011
india_daily,operator_schedule,3,6,rung5_ridge,-0.03945645305435319,-0.08459615676316834,-0.010055789527341935,-0.018807119433788433,10,20,0.35714285714285715,22180.07126290094,8400,7300,0.14151255770710483,0.8696273748160649,0.8600465146757892,6.145231129353011
india_daily,operator_schedule,3,6,rung5_wls,-0.08594530518687846,-0.12765892625326525,-0.023992496983801664,-0.033669561321201025,10,20,0.37452380952380954,6.354587206060662,8400,7300,0.14151255770710483,0.8696273748160649,0.8600465146757892,6.145231129353011
india_daily,operator_schedule,3,6,rung5_wls_bagged,-0.08692614169379075,-0.1411015770896702,-0.020862013566722275,-0.034502672218469144,10,20,0.36833333333333335,5.959955924277827,8400,7300,0.14151255770710483,0.8696273748160649,0.8600465146757892,6.145231129353011
india_daily,operator_schedule,3,6,rung4_wls_series,-0.06640626490128147,-0.11250858019683152,-0.013656088072678135,-0.025632184857832252,10,20,0.3345238095238095,5.21138202244382,8400,7300,0.14151255770710483,0.8696273748160649,0.8600465146757892,6.145231129353011
india_daily,operator_schedule,3,6,rung4_wls_cell,-0.06657383101871403,-0.1124129905522484,-0.013886222036765983,-0.025725184394796985,10,20,0.3354761904761905,5.211208031988994,8400,7300,0.14151255770710483,0.8696273748160649,0.8600465146757892,6.145231129353011
india_daily,operator_schedule,3,6,rung0_none,0.0,0.0,0.0,0.0,0,20,0.0,0.0,8400,7300,0.14151255770710483,0.8696273748160649,0.8600465146757892,6.145231129353011
india_daily,operator_schedule,3,7,rung1_global,-0.05001156165055922,-0.05147431919109313,-0.028692563212258458,-0.021573810618307876,10,20,0.0,0.3541654179756598,8400,7300,0.18101580268600387,0.8478992834102846,0.8240711938894985,4.6841174683576075
india_daily,operator_schedule,3,7,rung2_series,-0.022616822096044355,-0.0029780728952648605,-0.007856514770335032,-0.0059793922750224215,7,20,0.15,0.9880474436664649,8400,7300,0.18101580268600387,0.8478992834102846,0.8240711938894985,4.6841174683576075
india_daily,operator_schedule,3,7,rung3_cell,-0.02610288964158436,-0.008985996534896845,-0.010952995695547496,-0.00878988105146794,9,20,0.1838095238095238,1.3152073095181536,8400,7300,0.18101580268600387,0.8478992834102846,0.8240711938894985,4.6841174683576075
india_daily,operator_schedule,3,7,rung5_raw_ratio,-0.088896273011702,-0.0822950001850955,-0.029210667362410864,-0.019724947212387045,12,20,0.45630952380952383,84593885695.99063,8400,7300,0.18101580268600387,0.8478992834102846,0.8240711938894985,4.6841174683576075
india_daily,operator_schedule,3,7,rung5_ridge,-0.039357849754957375,-0.07285950875722991,-0.012392742288300822,-0.015890059293611536,10,20,0.3578571428571429,158.15901134042414,8400,7300,0.18101580268600387,0.8478992834102846,0.8240711938894985,4.6841174683576075
india_daily,operator_schedule,3,7,rung5_wls,-0.0867741261929463,-0.1308647690215583,-0.025589944186822266,-0.036118802239685,9,20,0.3861904761904762,6.030553024795905,8400,7300,0.18101580268600387,0.8478992834102846,0.8240711938894985,4.6841174683576075
india_daily,operator_schedule,3,7,rung5_wls_bagged,-0.07236515955951674,-0.10728637998321822,-0.01843604870816799,-0.026657601118153407,9,20,0.3688095238095238,5.737792254030431,8400,7300,0.18101580268600387,0.8478992834102846,0.8240711938894985,4.6841174683576075
india_daily,operator_schedule,3,7,rung4_wls_series,-0.04815121052479936,-0.07384373417353829,-0.009099024917318427,-0.01558361822852139,9,20,0.32071428571428573,4.836053159246474,8400,7300,0.18101580268600387,0.8478992834102846,0.8240711938894985,4.6841174683576075
india_daily,operator_schedule,3,7,rung4_wls_cell,-0.04801012408026466,-0.07330800775111879,-0.009256574378548038,-0.015563654514321401,9,20,0.32095238095238093,4.837611002114754,8400,7300,0.18101580268600387,0.8478992834102846,0.8240711938894985,4.6841174683576075
india_daily,operator_schedule,3,7,rung0_none,0.0,0.0,0.0,0.0,0,20,0.0,0.0,8400,7300,0.18101580268600387,0.8478992834102846,0.8240711938894985,4.6841174683576075
india_daily,operator_schedule,3,8,rung1_global,-0.05614860424102571,-0.06171755819182323,-0.030551507442665833,-0.024669070228985124,10,20,0.0,0.3690728343546662,8400,7300,0.1581662154159311,0.8830677782275647,0.8480973379840641,5.583163104113944
india_daily,operator_schedule,3,8,rung2_series,-0.032181333061394216,-0.009917529251523005,-0.012691004236228853,-0.01054424427809586,8,20,0.2,0.9972446356027534,8400,7300,0.1581662154159311,0.8830677782275647,0.8480973379840641,5.583163104113944
india_daily,operator_schedule,3,8,rung3_cell,-0.039451549854025714,-0.02015299487950939,-0.017470569545598676,-0.015268533221268088,10,20,0.2338095238095238,1.4470213994033458,8400,7300,0.1581662154159311,0.8830677782275647,0.8480973379840641,5.583163104113944
india_daily,operator_schedule,3,8,rung5_raw_ratio,-0.10740504095712504,-0.12908382161907483,-0.038495902450046124,-0.03515672555686744,11,20,0.46095238095238095,135292695607.5512,8400,7300,0.1581662154159311,0.8830677782275647,0.8480973379840641,5.583163104113944
india_daily,operator_schedule,3,8,rung5_ridge,-0.06101396646818709,-0.1145413215978941,-0.018357799563627125,-0.028075779570225556,10,20,0.37107142857142855,307.50814402812335,8400,7300,0.1581662154159311,0.8830677782275647,0.8480973379840641,5.583163104113944
india_daily,operator_schedule,3,8,rung5_wls,-0.109316187511768,-0.1529466818464995,-0.033189347718586414,-0.041947423533693406,10,20,0.3719047619047619,6.647228624326739,8400,7300,0.1581662154159311,0.8830677782275647,0.8480973379840641,5.583163104113944
india_daily,operator_schedule,3,8,rung5_wls_bagged,-0.09761477987351824,-0.14741538412419142,-0.024794220893558185,-0.03635233010082639,10,20,0.37452380952380954,6.580053999542471,8400,7300,0.1581662154159311,0.8830677782275647,0.8480973379840641,5.583163104113944
india_daily,operator_schedule,3,8,rung4_wls_series,-0.07502241012489877,-0.11694242807731992,-0.016719605382439152,-0.0269365524214793,10,20,0.3336904761904762,5.674406389779913,8400,7300,0.1581662154159311,0.8830677782275647,0.8480973379840641,5.583163104113944
india_daily,operator_schedule,3,8,rung4_wls_cell,-0.07516588728221861,-0.11688450746738632,-0.016838146843051193,-0.02693672942630676,10,20,0.33404761904761904,5.672850336228744,8400,7300,0.1581662154159311,0.8830677782275647,0.8480973379840641,5.583163104113944
india_daily,operator_schedule,3,8,rung0_none,0.0,0.0,0.0,0.0,0,20,0.0,0.0,8400,7300,0.1581662154159311,0.8830677782275647,0.8480973379840641,5.583163104113944
india_daily,operator_schedule,3,9,rung1_global,-0.05107603671489249,-0.056695933751016,-0.030284578908387223,-0.024035703094503758,10,20,0.0,0.3571617358638282,8400,7300,0.14376893744382324,0.8707782644893644,0.8582925100282411,6.056790012999958
india_daily,operator_schedule,3,9,rung2_series,-0.02361981148812371,-0.009432509058510119,-0.008284840268337285,-0.009296771653328095,7,20,0.15,0.9981161831186268,8400,7300,0.14376893744382324,0.8707782644893644,0.8582925100282411,6.056790012999958
india_daily,operator_schedule,3,9,rung3_cell,-0.027027329943768552,-0.014624514825929191,-0.011023480631069926,-0.0114111131965704,9,20,0.1838095238095238,1.3737816215537486,8400,7300,0.14376893744382324,0.8707782644893644,0.8582925100282411,6.056790012999958
india_daily,operator_schedule,3,9,rung5_raw_ratio,-0.09293473063829515,-0.0891866306685627,-0.035232924607725626,-0.025057975256272735,12,20,0.4280952380952381,236612668586.34613,8400,7300,0.14376893744382324,0.8707782644893644,0.8582925100282411,6.056790012999958
india_daily,operator_schedule,3,9,rung5_ridge,-0.04319494549021032,-0.07955374970389739,-0.013783242669775708,-0.018140225796901666,11,20,0.3463095238095238,868.5675707858493,8400,7300,0.14376893744382324,0.8707782644893644,0.8582925100282411,6.056790012999958
india_daily,operator_schedule,3,9,rung5_wls,-0.09626791834967877,-0.15213782944452925,-0.027107633666581237,-0.03984983727495428,9,20,0.3717857142857143,6.6150318140020765,8400,7300,0.14376893744382324,0.8707782644893644,0.8582925100282411,6.056790012999958
india_daily,operator_schedule,3,9,rung5_wls_bagged,-0.08696515811237174,-0.14591104195795945,-0.02235000002506814,-0.03643528704694865,9,20,0.37702380952380954,6.166426217006135,8400,7300,0.14376893744382324,0.8707782644893644,0.8582925100282411,6.056790012999958
india_daily,operator_schedule,3,9,rung4_wls_series,-0.06670356535894666,-0.11874871956800459,-0.01465941074888381,-0.02772206139062461,9,20,0.3370238095238095,5.378982749060713,8400,7300,0.14376893744382324,0.8707782644893644,0.8582925100282411,6.056790012999958
india_daily,operator_schedule,3,9,rung4_wls_cell,-0.06674817438152605,-0.11840929021647195,-0.01471414298065008,-0.027658835740986376,9,20,0.3379761904761905,5.380094316977586,8400,7300,0.14376893744382324,0.8707782644893644,0.8582925100282411,6.056790012999958
india_daily,operator_schedule,3,9,rung0_none,0.0,0.0,0.0,0.0,0,20,0.0,0.0,8400,7300,0.14376893744382324,0.8707782644893644,0.8582925100282411,6.056790012999958
india_daily,operator_schedule,7,0,rung1_global,-0.026941538914309004,-0.025629890878800854,-0.015667507770379202,-0.008733050880595394,10,20,0.0,0.26186165211858664,8320,7300,0.17131041980884754,0.7329970856787844,0.8105617627087244,4.278765334278446
india_daily,operator_schedule,7,0,rung2_series,-0.04906868298241285,-0.027101434069814134,-0.0170160563564379,-0.012571968610805229,8,20,0.2,0.9172778228789453,8320,7300,0.17131041980884754,0.7329970856787844,0.8105617627087244,4.278765334278446
india_daily,operator_schedule,7,0,rung3_cell,-0.06577343070481242,-0.038966504898003684,-0.024657539194593986,-0.019000111563549194,9,20,0.2899038461538462,2.0976231582651614,8320,7300,0.17131041980884754,0.7329970856787844,0.8105617627087244,4.278765334278446
india_daily,operator_schedule,7,0,rung5_raw_ratio,-0.1182943761061405,-0.1084211553432004,-0.044664576028981884,-0.034239985982435384,12,20,0.4753605769230769,101683870169.10767,8320,7300,0.17131041980884754,0.7329970856787844,0.8105617627087244,4.278765334278446
india_daily,operator_schedule,7,0,rung5_ridge,-0.07696601566800712,-0.09871017900119483,-0.026960929604363016,-0.02840040597099147,12,20,0.3870192307692308,1152.9955724213992,8320,7300,0.17131041980884754,0.7329970856787844,0.8105617627087244,4.278765334278446
india_daily,operator_schedule,7,0,rung5_wls,-0.12140016613502849,-0.13755524430351662,-0.0404531988916417,-0.042727865043728386,9,20,0.4151442307692308,6.435455655385299,8320,7300,0.17131041980884754,0.7329970856787844,0.8105617627087244,4.278765334278446
india_daily,operator_schedule,7,0,rung5_wls_bagged,-0.10334331595606243,-0.11597291538532928,-0.03272335465719371,-0.03379536607971145,9,20,0.39302884615384615,6.761450436079696,8320,7300,0.17131041980884754,0.7329970856787844,0.8105617627087244,4.278765334278446
india_daily,operator_schedule,7,0,rung4_wls_series,-0.07910495890831855,-0.08866240327391361,-0.022915760707456396,-0.024176339115751677,9,20,0.34555288461538464,5.581485334167246,8320,7300,0.17131041980884754,0.7329970856787844,0.8105617627087244,4.278765334278446
india_daily,operator_schedule,7,0,rung4_wls_cell,-0.0797058046318169,-0.08827961829986886,-0.02275484966650278,-0.0238658891395509,9,20,0.3487980769230769,5.568324253601682,8320,7300,0.17131041980884754,0.7329970856787844,0.8105617627087244,4.278765334278446
india_daily,operator_schedule,7,0,rung0_none,0.0,0.0,0.0,0.0,0,20,0.0,0.0,8320,7300,0.17131041980884754,0.7329970856787844,0.8105617627087244,4.278765334278446
india_daily,operator_schedule,7,1,rung1_global,-0.019853910947780423,-0.025028774144119526,-0.011952427836447722,-0.008792143824576826,10,20,0.0,0.20865024573492208,8320,7300,0.21577196008400015,0.83709900010576,0.7950632430349192,3.879554135671182
india_daily,operator_schedule,7,1,rung2_series,-0.06318171715180228,-0.04435658132872722,-0.026030863106777914,-0.024996515289665178,7,20,0.25,1.0261402896797005,8320,7300,0.21577196008400015,0.83709900010576,0.7950632430349192,3.879554135671182
india_daily,operator_schedule,7,1,rung3_cell,-0.08305601694964003,-0.05520836625193648,-0.03556023119261521,-0.03243551735897965,9,20,0.2840144230769231,1.9788290515750808,8320,7300,0.21577196008400015,0.83709900010576,0.7950632430349192,3.879554135671182
india_daily,operator_schedule,7,1,rung5_raw_ratio,-0.12410536529706226,-0.11481059451206499,-0.054010642941601475,-0.0444385106109495,14,20,0.4950721153846154,91260050001.21268,8320,7300,0.21577196008400015,0.83709900010576,0.7950632430349192,3.879554135671182
india_daily,operator_schedule,7,1,rung5_ridge,-0.08251737279697935,-0.10746557134713641,-0.037132679111795644,-0.04109241308596001,14,20,0.3986778846153846,288.42780296273185,8320,7300,0.21577196008400015,0.83709900010576,0.7950632430349192,3.879554135671182
india_daily,operator_schedule,7,1,rung5_wls,-0.12506038614983392,-0.13892030664075317,-0.04147397869530211,-0.04468794392026654,13,20,0.4542067307692308,7.2712445220916475,8320,7300,0.21577196008400015,0.83709900010576,0.7950632430349192,3.879554135671182
india_daily,operator_schedule,7,1,rung5_wls_bagged,-0.10927643718738103,-0.1202502560919354,-0.03805645695830903,-0.041041460932651486,12,20,0.4403846153846154,6.489573636096679,8320,7300,0.21577196008400015,0.83709900010576,0.7950632430349192,3.879554135671182
india_daily,operator_schedule,7,1,rung4_wls_series,-0.08611159041306607,-0.08991099260262247,-0.029487326709851762,-0.031623246292548535,12,20,0.39603365384615385,5.263606103210888,8320,7300,0.21577196008400015,0.83709900010576,0.7950632430349192,3.879554135671182
india_daily,operator_schedule,7,1,rung4_wls_cell,-0.08670141335609757,-0.08968870932745365,-0.029138845865486623,-0.031133289962743893,11,20,0.39915865384615384,5.247491600021,8320,7300,0.21577196008400015,0.83709900010576,0.7950632430349192,3.879554135671182
india_daily,operator_schedule,7,1,rung0_none,0.0,0.0,0.0,0.0,0,20,0.0,0.0,8320,7300,0.21577196008400015,0.83709900010576,0.7950632430349192,3.879554135671182
india_daily,operator_schedule,7,2,rung1_global,-0.01832492560886938,-0.018746107439394644,-0.009910314664715852,-0.004568852481383834,9,20,0.0,0.22128505325925465,8320,7300,0.16779216019770038,0.7817801468866172,0.8232971212977873,4.659217367280379
india_daily,operator_schedule,7,2,rung2_series,-0.04801928419065237,-0.014870401966820435,-0.018695612677978625,-0.011648875686287363,8,20,0.25,1.0307526804532452,8320,7300,0.16779216019770038,0.7817801468866172,0.8232971212977873,4.659217367280379
india_daily,operator_schedule,7,2,rung3_cell,-0.06786938098871904,-0.024891870215825618,-0.028438690253131206,-0.01908459154641351,10,20,0.35360576923076925,1.80257798620749,8320,7300,0.16779216019770038,0.7817801468866172,0.8232971212977873,4.659217367280379
india_daily,operator_schedule,7,2,rung5_raw_ratio,-0.12951303092998162,-0.11542433375355365,-0.047809329485227085,-0.035734832019946206,14,20,0.49783653846153847,78361794560.93044,8320,7300,0.16779216019770038,0.7817801468866172,0.8232971212977873,4.659217367280379
india_daily,operator_schedule,7,2,rung5_ridge,-0.09017843348290405,-0.10314369365469234,-0.031928807308095844,-0.030861714079554625,14,20,0.3997596153846154,153.81734993947012,8320,7300,0.16779216019770038,0.7817801468866172,0.8232971212977873,4.659217367280379
india_daily,operator_schedule,7,2,rung5_wls,-0.12507718497538928,-0.13017888113714826,-0.04082711995016279,-0.038868564094735936,11,20,0.4248798076923077,7.908247502114241,8320,7300,0.16779216019770038,0.7817801468866172,0.8232971212977873,4.659217367280379
india_daily,operator_schedule,7,2,rung5_wls_bagged,-0.12389082240867935,-0.14511218272758764,-0.04068859277387561,-0.04397354920562124,11,20,0.40661057692307695,6.530064168129722,8320,7300,0.16779216019770038,0.7817801468866172,0.8232971212977873,4.659217367280379
india_daily,operator_schedule,7,2,rung4_wls_series,-0.09711014400706133,-0.11280967061046332,-0.030404098942675956,-0.03314428932344393,11,20,0.37403846153846154,5.4667178058610135,8320,7300,0.16779216019770038,0.7817801468866172,0.8232971212977873,4.659217367280379
india_daily,operator_schedule,7,2,rung4_wls_cell,-0.09766214223869318,-0.11235158296519332,-0.030479794665673094,-0.03298527108336957,11,20,0.3735576923076923,5.456621973041012,8320,7300,0.16779216019770038,0.7817801468866172,0.8232971212977873,4.659217367280379
india_daily,operator_schedule,7,2,rung0_none,0.0,0.0,0.0,0.0,0,20,0.0,0.0,8320,7300,0.16779216019770038,0.7817801468866172,0.8232971212977873,4.659217367280379
india_daily,operator_schedule,7,3,rung1_global,-0.020727976787449726,-0.02508996837247457,-0.011515257962123193,-0.007638902949806736,10,20,0.0,0.22960203142118232,8320,7300,0.17465430267459273,0.7040226013261277,0.8012303477201109,4.03094908367547
india_daily,operator_schedule,7,3,rung2_series,-0.04276922662913593,-0.015847129499683366,-0.014358488112777512,-0.009430772866206194,7,20,0.25,0.9926653461919619,8320,7300,0.17465430267459273,0.7040226013261277,0.8012303477201109,4.03094908367547
india_daily,operator_schedule,7,3,rung3_cell,-0.061177731497825974,-0.026193409830897352,-0.023277036621931896,-0.016372197844191527,10,20,0.36490384615384613,1.8877482299013109,8320,7300,0.17465430267459273,0.7040226013261277,0.8012303477201109,4.03094908367547
india_daily,operator_schedule,7,3,rung5_raw_ratio,-0.13182882156417988,-0.10483481141939022,-0.05113500572230375,-0.033909235474378185,12,20,0.4735576923076923,91930763592.6819,8320,7300,0.17465430267459273,0.7040226013261277,0.8012303477201109,4.03094908367547
india_daily,operator_schedule,7,3,rung5_ridge,-0.08226300356006423,-0.09547528742617994,-0.030628879930056002,-0.02840871241819043,12,20,0.38040865384615385,351.4510627917873,8320,7300,0.17465430267459273,0.7040226013261277,0.8012303477201109,4.03094908367547
india_daily,operator_schedule,7,3,rung5_wls,-0.12139681231359842,-0.11874981854053002,-0.036397073991420684,-0.03445086952787757,11,20,0.43004807692307695,7.486662554344028,8320,7300,0.17465430267459273,0.7040226013261277,0.8012303477201109,4.03094908367547
india_daily,operator_schedule,7,3,rung5_wls_bagged,-0.09142463623689194,-0.09647627301756034,-0.022326856005133296,-0.02226868953049954,10,20,0.4012019230769231,6.350768132598626,8320,7300,0.17465430267459273,0.7040226013261277,0.8012303477201109,4.03094908367547
india_daily,operator_schedule,7,3,rung4_wls_series,-0.0684902638674597,-0.06976968785218451,-0.013481437479553382,-0.013299051234246129,10,20,0.35168269230769234,5.188041611456738,8320,7300,0.17465430267459273,0.7040226013261277,0.8012303477201109,4.03094908367547
india_daily,operator_schedule,7,3,rung4_wls_cell,-0.06845672728333978,-0.06909598244745108,-0.013332455859846848,-0.012976691063223855,10,20,0.3532451923076923,5.174579131732363,8320,7300,0.17465430267459273,0.7040226013261277,0.8012303477201109,4.03094908367547
india_daily,operator_schedule,7,3,rung0_none,0.0,0.0,0.0,0.0,0,20,0.0,0.0,8320,7300,0.17465430267459273,0.7040226013261277,0.8012303477201109,4.03094908367547
india_daily,operator_schedule,7,4,rung1_global,-0.01962374641864843,-0.02174803669705061,-0.011404262371447932,-0.0069525686332059244,9,20,0.0,0.21609048129521904,8320,7300,0.19510013413073227,0.7876985550576964,0.8014851502377957,4.037406527511032
india_daily,operator_schedule,7,4,rung2_series,-0.05883732038059997,-0.0373603117294663,-0.02536373937002028,-0.02127597544790749,8,20,0.25,0.9918620182836809,8320,7300,0.19510013413073227,0.7876985550576964,0.8014851502377957,4.037406527511032
india_daily,operator_schedule,7,4,rung3_cell,-0.07343458010546797,-0.04680079530451109,-0.03221273176627763,-0.026783207898774197,9,20,0.35360576923076925,2.019721217093578,8320,7300,0.19510013413073227,0.7876985550576964,0.8014851502377957,4.037406527511032
india_daily,operator_schedule,7,4,rung5_raw_ratio,-0.13135783459051104,-0.10112457941868125,-0.0511634419756168,-0.03821324001067272,15,20,0.5045673076923077,76786089882.7599,8320,7300,0.19510013413073227,0.7876985550576964,0.8014851502377957,4.037406527511032
india_daily,operator_schedule,7,4,rung5_ridge,-0.08650469573844793,-0.09149677972723214,-0.03427991176001734,-0.03250112049138387,14,20,0.4037259615384615,376.3099243583478,8320,7300,0.19510013413073227,0.7876985550576964,0.8014851502377957,4.037406527511032
india_daily,operator_schedule,7,4,rung5_wls,-0.13228396810974802,-0.12802888475794472,-0.044837496274684925,-0.042326138137891434,12,20,0.4455528846153846,8.027004167228474,8320,7300,0.19510013413073227,0.7876985550576964,0.8014851502377957,4.037406527511032
india_daily,operator_schedule,7,4,rung5_wls_bagged,-0.10183289178248041,-0.11164604785238708,-0.03229504922301916,-0.03306385770650522,12,20,0.42139423076923077,7.464666253039131,8320,7300,0.19510013413073227,0.7876985550576964,0.8014851502377957,4.037406527511032
india_daily,operator_schedule,7,4,rung4_wls_series,-0.07751702811310687,-0.08569585197167884,-0.022680667638141805,-0.023718638947112236,10,20,0.378125,6.080797615375546,8320,7300,0.19510013413073227,0.7876985550576964,0.8014851502377957,4.037406527511032
india_daily,operator_schedule,7,4,rung4_wls_cell,-0.07821613687145598,-0.08561876245668154,-0.022401295305684226,-0.023289303039613518,10,20,0.3819711538461538,6.0684315218333555,8320,7300,0.19510013413073227,0.7876985550576964,0.8014851502377957,4.037406527511032
india_daily,operator_schedule,7,4,rung0_none,0.0,0.0,0.0,0.0,0,20,0.0,0.0,8320,7300,0.19510013413073227,0.7876985550576964,0.8014851502377957,4.037406527511032
india_daily,operator_schedule,7,5,rung1_global,-0.019728200839094334,-0.02106676069709401,-0.010935874906360655,-0.005331491084301199,10,20,0.0,0.23068617135245725,8320,7300,0.15844701042387374,0.7006735511883999,0.8155706922826719,4.422131722864157
india_daily,operator_schedule,7,5,rung2_series,-0.04228333912874959,-0.015798484085908227,-0.013803005891460357,-0.007188110475906395,8,20,0.25,0.9130909002390373,8320,7300,0.15844701042387374,0.7006735511883999,0.8155706922826719,4.422131722864157
india_daily,operator_schedule,7,5,rung3_cell,-0.0624206822615709,-0.028427229106173124,-0.022046652945960525,-0.013929620361126993,10,20,0.3814903846153846,2.102206558026568,8320,7300,0.15844701042387374,0.7006735511883999,0.8155706922826719,4.422131722864157
india_daily,operator_schedule,7,5,rung5_raw_ratio,-0.1291822951174408,-0.10697379119858086,-0.04922463241714247,-0.03502242658465016,12,20,0.48990384615384613,73543597651.58707,8320,7300,0.15844701042387374,0.7006735511883999,0.8155706922826719,4.422131722864157
india_daily,operator_schedule,7,5,rung5_ridge,-0.08573725289457648,-0.09764056213059291,-0.03199345955776894,-0.030651271065664343,11,20,0.39122596153846156,1837.2476147682887,8320,7300,0.15844701042387374,0.7006735511883999,0.8155706922826719,4.422131722864157
india_daily,operator_schedule,7,5,rung5_wls,-0.11065750284074354,-0.13769329921214535,-0.03477029753047628,-0.03791219568401516,11,20,0.42932692307692305,7.137927182764679,8320,7300,0.15844701042387374,0.7006735511883999,0.8155706922826719,4.422131722864157
india_daily,operator_schedule,7,5,rung5_wls_bagged,-0.10523407576408213,-0.13277939670494,-0.030268815348773886,-0.03530548688435364,11,20,0.4153846153846154,6.2444430402543425,8320,7300,0.15844701042387374,0.7006735511883999,0.8155706922826719,4.422131722864157
india_daily,operator_schedule,7,5,rung4_wls_series,-0.08033771024782661,-0.0986581038105443,-0.0205717771408577,-0.02420698502233276,10,20,0.38293269230769234,5.189535523468745,8320,7300,0.15844701042387374,0.7006735511883999,0.8155706922826719,4.422131722864157
india_daily,operator_schedule,7,5,rung4_wls_cell,-0.07986917819668707,-0.09764860855258406,-0.019530467288941818,-0.023186353019132966,10,20,0.3858173076923077,5.179297008513968,8320,7300,0.15844701042387374,0.7006735511883999,0.8155706922826719,4.422131722864157
india_daily,operator_schedule,7,5,rung0_none,0.0,0.0,0.0,0.0,0,20,0.0,0.0,8320,7300,0.15844701042387374,0.7006735511883999,0.8155706922826719,4.422131722864157
india_daily,operator_schedule,7,6,rung1_global,-0.019598709020913922,-0.020483028053719154,-0.010138051187274294,-0.004950805490633536,10,20,0.0,0.22971151095692305,8320,7300,0.17781309760523836,0.7670244453644052,0.8118056390452393,4.313655493856087
india_daily,operator_schedule,7,6,rung2_series,-0.05054808454618407,-0.01778753892660756,-0.01740853054265974,-0.010286620348661346,8,20,0.25,1.0832644197344343,8320,7300,0.17781309760523836,0.7670244453644052,0.8118056390452393,4.313655493856087
india_daily,operator_schedule,7,6,rung3_cell,-0.06695652524928505,-0.026412978070626147,-0.02505150852101944,-0.01615621273771195,9,20,0.33185096153846155,2.266251586637043,8320,7300,0.17781309760523836,0.7670244453644052,0.8118056390452393,4.313655493856087
india_daily,operator_schedule,7,6,rung5_raw_ratio,-0.12124431764423957,-0.09065745607428988,-0.04676123962581498,-0.03044651887470695,11,20,0.5063701923076923,116584543624.18134,8320,7300,0.17781309760523836,0.7670244453644052,0.8118056390452393,4.313655493856087
india_daily,operator_schedule,7,6,rung5_ridge,-0.0686500356724036,-0.08333373531494837,-0.025973651640997315,-0.025473098951181328,11,20,0.39110576923076923,154.91411796703306,8320,7300,0.17781309760523836,0.7670244453644052,0.8118056390452393,4.313655493856087
india_daily,operator_schedule,7,6,rung5_wls,-0.13628840927756825,-0.14862573149159863,-0.046374674517914785,-0.04941386788013613,13,20,0.4596153846153846,7.210647053977813,8320,7300,0.17781309760523836,0.7670244453644052,0.8118056390452393,4.313655493856087
india_daily,operator_schedule,7,6,rung5_wls_bagged,-0.11078304788619775,-0.11385996603294424,-0.035056383849639564,-0.03579785710770911,11,20,0.4191105769230769,6.7452615382075525,8320,7300,0.17781309760523836,0.7670244453644052,0.8118056390452393,4.313655493856087
india_daily,operator_schedule,7,6,rung4_wls_series,-0.08382988603877589,-0.08211692171284835,-0.024677041502023996,-0.024827328565458107,11,20,0.38521634615384615,5.572636037178687,8320,7300,0.17781309760523836,0.7670244453644052,0.8118056390452393,4.313655493856087
india_daily,operator_schedule,7,6,rung4_wls_cell,-0.08337751548366752,-0.08125856645448937,-0.02411629401014348,-0.02412928005560433,11,20,0.38545673076923076,5.558219462350356,8320,7300,0.17781309760523836,0.7670244453644052,0.8118056390452393,4.313655493856087
india_daily,operator_schedule,7,6,rung0_none,0.0,0.0,0.0,0.0,0,20,0.0,0.0,8320,7300,0.17781309760523836,0.7670244453644052,0.8118056390452393,4.313655493856087
india_daily,operator_schedule,7,7,rung1_global,-0.020335869120248855,-0.026699525591720397,-0.0112889669947969,-0.00751980606891145,9,20,0.0,0.22457449046356331,8320,7300,0.19005267575418092,0.7488923780904749,0.7975891400929364,3.9404463795032902
india_daily,operator_schedule,7,7,rung2_series,-0.053549441396951857,-0.02682091566194722,-0.020956869343663476,-0.01606783785373267,8,20,0.3,1.0221707570222216,8320,7300,0.19005267575418092,0.7488923780904749,0.7975891400929364,3.9404463795032902
india_daily,operator_schedule,7,7,rung3_cell,-0.06771337706762046,-0.03411965821056118,-0.028191696974443077,-0.02077774597861315,9,20,0.36706730769230766,1.9607322985653972,8320,7300,0.19005267575418092,0.7488923780904749,0.7975891400929364,3.9404463795032902
india_daily,operator_schedule,7,7,rung5_raw_ratio,-0.14480057320105202,-0.12535348354652376,-0.05523508184493668,-0.0389576887307872,15,20,0.4890625,52813583590.24873,8320,7300,0.19005267575418092,0.7488923780904749,0.7975891400929364,3.9404463795032902
india_daily,operator_schedule,7,7,rung5_ridge,-0.08709319835542327,-0.11839793895650308,-0.03174235677986249,-0.03427856420842268,14,20,0.38677884615384617,656.6152460811325,8320,7300,0.19005267575418092,0.7488923780904749,0.7975891400929364,3.9404463795032902
india_daily,operator_schedule,7,7,rung5_wls,-0.10878650247724075,-0.13010428700338328,-0.03222177820189905,-0.03486397678579567,9,20,0.4385817307692308,8.787040886005522,8320,7300,0.19005267575418092,0.7488923780904749,0.7975891400929364,3.9404463795032902
india_daily,operator_schedule,7,7,rung5_wls_bagged,-0.09052968040485589,-0.10276941465420375,-0.027532373255331376,-0.02807962063941627,9,20,0.42752403846153847,7.780087378086809,8320,7300,0.19005267575418092,0.7488923780904749,0.7975891400929364,3.9404463795032902
india_daily,operator_schedule,7,7,rung4_wls_series,-0.06839680499736689,-0.076226527449478,-0.019149726971739518,-0.019463782530682927,8,20,0.38221153846153844,6.310675930706574,8320,7300,0.19005267575418092,0.7488923780904749,0.7975891400929364,3.9404463795032902
india_daily,operator_schedule,7,7,rung4_wls_cell,-0.06700387462483239,-0.07401280095302254,-0.01813961058272079,-0.01820818109703648,8,20,0.38665865384615383,6.294801681596298,8320,7300,0.19005267575418092,0.7488923780904749,0.7975891400929364,3.9404463795032902
india_daily,operator_schedule,7,7,rung0_none,0.0,0.0,0.0,0.0,0,20,0.0,0.0,8320,7300,0.19005267575418092,0.7488923780904749,0.7975891400929364,3.9404463795032902
india_daily,operator_schedule,7,8,rung1_global,-0.023234709153907313,-0.023834241257415734,-0.012207460332147224,-0.006770201681301824,10,20,0.0,0.23761628535245596,8320,7300,0.17229841021500172,0.7134603154493161,0.8054792967624698,4.140840966315523
india_daily,operator_schedule,7,8,rung2_series,-0.05379580006455942,-0.020432814780311892,-0.01699678173152062,-0.009720072808931501,8,20,0.25,1.0910514029427083,8320,7300,0.17229841021500172,0.7134603154493161,0.8054792967624698,4.140840966315523
india_daily,operator_schedule,7,8,rung3_cell,-0.07264574247376172,-0.03168224741455794,-0.0271348229607561,-0.017911369912365638,9,20,0.31622596153846155,1.8125135451880525,8320,7300,0.17229841021500172,0.7134603154493161,0.8054792967624698,4.140840966315523
india_daily,operator_schedule,7,8,rung5_raw_ratio,-0.11875829352794569,-0.10686754889227368,-0.042412193701948556,-0.03130774847463891,13,20,0.4909855769230769,78013838366.62024,8320,7300,0.17229841021500172,0.7134603154493161,0.8054792967624698,4.140840966315523
india_daily,operator_schedule,7,8,rung5_ridge,-0.08594842186783848,-0.09573599075300021,-0.028444817015676766,-0.026164891049325734,13,20,0.4026442307692308,286.14542246663024,8320,7300,0.17229841021500172,0.7134603154493161,0.8054792967624698,4.140840966315523
india_daily,operator_schedule,7,8,rung5_wls,-0.11870798121134438,-0.1341986488998641,-0.03892486850257747,-0.04048271990097985,11,20,0.42175480769230766,6.7159498542161185,8320,7300,0.17229841021500172,0.7134603154493161,0.8054792967624698,4.140840966315523
india_daily,operator_schedule,7,8,rung5_wls_bagged,-0.10793646619863453,-0.13030466839746424,-0.03218003170526091,-0.03598944660371606,10,20,0.4193509615384615,6.307644248540114,8320,7300,0.17229841021500172,0.7134603154493161,0.8054792967624698,4.140840966315523
india_daily,operator_schedule,7,8,rung4_wls_series,-0.08104074648884306,-0.09681770882597429,-0.021432937921132232,-0.02438548680560837,10,20,0.37704326923076925,5.182393683955274,8320,7300,0.17229841021500172,0.7134603154493161,0.8054792967624698,4.140840966315523
india_daily,operator_schedule,7,8,rung4_wls_cell,-0.08210752497687743,-0.09684727432333617,-0.021524153748239995,-0.024330015352174827,10,20,0.38100961538461536,5.172714079469215,8320,7300,0.17229841021500172,0.7134603154493161,0.8054792967624698,4.140840966315523
india_daily,operator_schedule,7,8,rung0_none,0.0,0.0,0.0,0.0,0,20,0.0,0.0,8320,7300,0.17229841021500172,0.7134603154493161,0.8054792967624698,4.140840966315523
india_daily,operator_schedule,7,9,rung1_global,-0.021483220315913033,-0.02484166051945058,-0.011762673504287969,-0.007548168714871739,9,20,0.0,0.23623869697572575,8320,7300,0.18504514755807885,0.7282449484257576,0.7973862320725814,3.9354987582000134
india_daily,operator_schedule,7,9,rung2_series,-0.04592700867427814,-0.01886616746350822,-0.0186350926390784,-0.012250624576092939,8,20,0.2,1.0457950077650742,8320,7300,0.18504514755807885,0.7282449484257576,0.7973862320725814,3.9354987582000134
india_daily,operator_schedule,7,9,rung3_cell,-0.05826611618914039,-0.023313690547865695,-0.023136670139446792,-0.015236220141491286,9,20,0.34146634615384613,1.7339167032860063,8320,7300,0.18504514755807885,0.7282449484257576,0.7973862320725814,3.9354987582000134
india_daily,operator_schedule,7,9,rung5_raw_ratio,-0.14491801204353977,-0.09836185674191777,-0.054277303247865005,-0.036802633521051176,15,20,0.4868990384615385,49140968274.91418,8320,7300,0.18504514755807885,0.7282449484257576,0.7973862320725814,3.9354987582000134
india_daily,operator_schedule,7,9,rung5_ridge,-0.07978692684539601,-0.08388045120083709,-0.02948322041213125,-0.02767804030216081,14,20,0.38317307692307695,853.6266365941914,8320,7300,0.18504514755807885,0.7282449484257576,0.7973862320725814,3.9354987582000134
india_daily,operator_schedule,7,9,rung5_wls,-0.10022458300382212,-0.11003710993317428,-0.03145819954442281,-0.03435631534643657,10,20,0.43810096153846156,7.48278545737759,8320,7300,0.18504514755807885,0.7282449484257576,0.7973862320725814,3.9354987582000134
india_daily,operator_schedule,7,9,rung5_wls_bagged,-0.10037485841528997,-0.09908155281835684,-0.033777282788898466,-0.032465976587851664,10,20,0.40108173076923076,6.509629226891148,8320,7300,0.18504514755807885,0.7282449484257576,0.7973862320725814,3.9354987582000134
india_daily,operator_schedule,7,9,rung4_wls_series,-0.07454756092792585,-0.06939750277238255,-0.02341345961900972,-0.021747189835885417,9,20,0.3609375,5.296551420311683,8320,7300,0.18504514755807885,0.7282449484257576,0.7973862320725814,3.9354987582000134
india_daily,operator_schedule,7,9,rung4_wls_cell,-0.07368616342672145,-0.06804596361996995,-0.022756362759115502,-0.020971221249904026,9,20,0.36177884615384615,5.2840539199462215,8320,7300,0.18504514755807885,0.7282449484257576,0.7973862320725814,3.9354987582000134
india_daily,operator_schedule,7,9,rung0_none,0.0,0.0,0.0,0.0,0,20,0.0,0.0,8320,7300,0.18504514755807885,0.7282449484257576,0.7973862320725814,3.9354987582000134
