url,path,status,bytes,sha256,retrieved_utc,note
https://webcdn.grid-india.in/files/grdw/uploads/download-manager-files/01.04.17_NLDC_PSP.pdf,2017-18/01.04.17_NLDC_PSP.pdf,200,444582,363d92bdd996b5115bc1442b1f4befb9aae41aaa3fd297fc82691198e3c39017,2026-09-14T13:41:57,01.04.17_NLDC_PSP|01-04-2017|attachment/pdf
https://webcdn.grid-india.in/files/grdw/uploads/download-manager-files/02.04.17_NLDC_PSP.pdf,2017-18/02.04.17_NLDC_PSP.pdf,200,443916,5b064bf1dbd66917d72d2847ffa185bcc2516d187bc8ad2b1124a2388613b01d,2026-09-14T13:41:57,02.04.17_NLDC_PSP|02-04-2017|attachment/pdf
https://webcdn.grid-india.in/files/grdw/uploads/download-manager-files/03.04.17_NLDC_PSP.pdf,2017-18/03.04.17_NLDC_PSP.pdf,200,1165826,5fd763c5bc738fbf6a9a2585ee778adac620ebbe806fe5e7de9034d5cbdd2c76,2026-09-14T13:41:58,03.04.17_NLDC_PSP|03-04-2017|attachment/pdf
https://webcdn.grid-india.in/files/grdw/uploads/download-manager-files/04.04.17_NLDC_PSP.pdf,2017-18/04.04.17_NLDC_PSP.pdf,200,467746,d0bb13298ae6c672c32fb84f1790ad897160b4fffcb8f093b073fff7bbf1471e,2026-09-14T13:41:58,04.04.17_NLDC_PSP|04-04-2017|attachment/pdf
https://webcdn.grid-india.in/files/grdw/uploads/download-manager-files/05.04.17_NLDC_PSP.pdf,2017-18/05.04.17_NLDC_PSP.pdf,200,427999,5c38b27f3422e4031013a4d661f0244648461ad9d8df0e73fc74ec1da363aff6,2026-09-14T13:41:59,05.04.17_NLDC_PSP|05-04-2017|attachment/pdf
https://webcdn.grid-india.in/files/grdw/uploads/download-manager-files/06.04.17_NLDC_PSP.pdf,2017-18/06.04.17_NLDC_PSP.pdf,200,428985,f28257fba039b2fb43dbdc0d6f97cf6047d57726e9b892c7ae98714beb56cf4c,2026-09-14T13:41:59,06.04.17_NLDC_PSP|06-04-2017|attachment/pdf
https://webcdn.grid-india.in/files/grdw/uploads/download-manager-files/07.04.17_NLDC_PSP_H&E.pdf,2017-18/07.04.17_NLDC_PSP_H&E.pdf,200,1167810,66cae2924e5b3badba195a1bb4a6683e2e63cf9c4638f1ac4c12815c83ff721f,2026-09-14T13:42:00,07.04.17_NLDC_PSP_H&E|07-04-2017|attachment/pdf
https://webcdn.grid-india.in/files/grdw/uploads/download-manager-files/08.04.17_NLDC_PSP.pdf,2017-18/08.04.17_NLDC_PSP.pdf,200,428240,73c16b3a1fc6f2d18fdb0eb63428f045a35821202c09ff816c5ec6c39f6194d0,2026-09-14T13:42:00,08.04.17_NLDC_PSP|08-04-2017|attachment/pdf
https://webcdn.grid-india.in/files/grdw/uploads/download-manager-files/09.04.17_NLDC_PSP.pdf,2017-18/09.04.17_NLDC_PSP.pdf,200,444498,b539f5ce1c075c1134819e12bacb719f2ce5ca7cc2fea7bf8ed5e4ff03c060d3,2026-09-14T13:42:01,09.04.17_NLDC_PSP|09-04-2017|attachment/pdf
https://webcdn.grid-india.in/files/grdw/uploads/download-manager-files/10.04.17_NLDC_PSP.pdf,2017-18/10.04.17_NLDC_PSP.pdf,200,429710,418661bec3a70f1bafb405d922e7574b84fdeaec980bab2a0b9b61a0bb4a1e28,2026-09-14T13:42:01,10.04.17_NLDC_PSP|10-04-2017|attachment/pdf
https://webcdn.grid-india.in/files/grdw/uploads/download-manager-files/11.04.17_NLDC_PSP.pdf,2017-18/11.04.17_NLDC_PSP.pdf,200,428525,78fed66531861ecb5018e944375f3cb30a65c94253b3f1f1faf249c816bed067,2026-09-14T13:42:02,11.04.17_NLDC_PSP|11-04-2017|attachment/pdf
https://webcdn.grid-india.in/files/grdw/uploads/download-manager-files/12.04.17_NLDC_PSP.pdf,2017-18/12.04.17_NLDC_PSP.pdf,200,428670,af1f9debca5c0e4b4ecdefd57b4a45dfcee5ae397aab6734982c67764e298c2e,2026-09-14T13:42:02,12.04.17_NLDC_PSP|12-04-2017|attachment/pdf
https://webcdn.grid-india.in/files/grdw/uploads/download-manager-files/13.04.17_NLDC_PSP.pdf,2017-18/13.04.17_NLDC_PSP.pdf,200,428331,eb97d143e199c09119e927ecac4fe7d017bd55ccf92f6fa93d0d4eb6a22a2cab,2026-09-14T13:42:03,13.04.17_NLDC_PSP|13-04-2017|attachment/pdf
https://webcdn.grid-india.in/files/grdw/uploads/download-manager-files/14.04.17_NLDC_PSP.pdf,2017-18/14.04.17_NLDC_PSP.pdf,200,428688,5c48e80fb50abb64727b86a5b8bcb167f2a06efc41561dce4bbdef0aa766c29f,2026-09-14T13:42:04,14.04.17_NLDC_PSP|14-04-2017|attachment/pdf
https://webcdn.grid-india.in/files/grdw/uploads/download-manager-files/15.04.17_NLDC_PSP.pdf,2017-18/15.04.17_NLDC_PSP.pdf,200,444091,bd5b7a18c1eacc0d80b4e19234017e799f78193e48e86d7a1fba2258b04127b8,2026-09-14T13:42:04,15.04.17_NLDC_PSP|15-04-2017|attachment/pdf
https://webcdn.grid-india.in/files/grdw/uploads/download-manager-files/16.04.17_NLDC_PSP.pdf,2017-18/16.04.17_NLDC_PSP.pdf,200,428639,c380ac582c26cc050bbc9994f688f35796535f7c24a7f307a83616b1402b69e1,2026-09-14T13:42:05,16.04.17_NLDC_PSP|16-04-2017|attachment/pdf
https://webcdn.grid-india.in/files/grdw/uploads/download-manager-files/17.04.17_NLDC_PSP.pdf,2017-18/17.04.17_NLDC_PSP.pdf,200,444241,18c6f2b3b223d57adaa814ebdd7e9288b941bef8c4a4a76943f5037be889cd81,2026-09-14T13:42:05,17.04.17_NLDC_PSP|17-04-2017|attachment/pdf
https://webcdn.grid-india.in/files/grdw/uploads/download-manager-files/18.04.17_NLDC_PSP.pdf,2017-18/18.04.17_NLDC_PSP.pdf,200,429707,4bc04b78e0c69dde3dd66131b5569ef52ca5ebf34a5565bd0efa0fe3056049f1,2026-09-14T13:42:06,18.04.17_NLDC_PSP|18-04-2017|attachment/pdf
https://webcdn.grid-india.in/files/grdw/uploads/download-manager-files/19.04.17_NLDC_PSP.pdf,2017-18/19.04.17_NLDC_PSP.pdf,200,428854,9a37ade915c766e5c10395a06178a6a0adba4c415f8ddb27a2b5e79d5aa9f524,2026-09-14T13:42:06,19.04.17_NLDC_PSP|19-04-2017|attachment/pdf
https://webcdn.grid-india.in/files/grdw/uploads/download-manager-files/20.04.17_NLDC_PSP.pdf,2017-18/20.04.17_NLDC_PSP.pdf,200,428345,4707e62caf8114a01344b0ed5380366e8c3944261643d2160b91b9c3b6fe6fab,2026-09-14T13:42:07,20.04.17_NLDC_PSP|20-04-2017|attachment/pdf
https://webcdn.grid-india.in/files/grdw/uploads/download-manager-files/21.04.17_NLDC_PSP.pdf,2017-18/21.04.17_NLDC_PSP.pdf,200,442081,32be69548ba5abb9b109305b21e4e5b475737e8fe68658788451cf78ccbe50ba,2026-09-14T13:42:07,21.04.17_NLDC_PSP|21-04-2017|attachment/pdf
https://webcdn.grid-india.in/files/grdw/uploads/download-manager-files/22.04.17_NLDC_PSP.pdf,2017-18/22.04.17_NLDC_PSP.pdf,200,426662,b15a0ba6570bb51b7c8aeb11ac018fc942a3cb8702e4ce44a4ce0dc1e2bfed5a,2026-09-14T13:42:08,22.04.17_NLDC_PSP|22-04-2017|attachment/pdf
https://webcdn.grid-india.in/files/grdw/uploads/download-manager-files/23.04.17_NLDC_PSP_R1.pdf,2017-18/23.04.17_NLDC_PSP_R1.pdf,200,460462,f7b4d6f8d80c926fda2a8b9fc7d4813475f2955320d0b39c1763b87b951ff5b8,2026-09-14T13:42:08,23.04.17_NLDC_PSP_R1|23-04-2017|attachment/pdf
https://webcdn.grid-india.in/files/grdw/uploads/download-manager-files/24.04.17_NLDC_PSP.pdf,2017-18/24.04.17_NLDC_PSP.pdf,200,442558,383a1779c1d7bcdec42f9ace22049bbb58dd913a8a7a335325782de57b48216e,2026-09-14T13:42:09,24.04.17_NLDC _PSP|24-04-2017|attachment/pdf
https://webcdn.grid-india.in/files/grdw/uploads/download-manager-files/25.04.17_NLDC_PSP.pdf,2017-18/25.04.17_NLDC_PSP.pdf,200,442576,3089c1e01b6d0b1b95efd2199448e5864c08370b097ceaca9e5fd4b3e2733371,2026-09-14T13:42:09,25.04.17_NLDC_PSP|25-04-2017|attachment/pdf
https://webcdn.grid-india.in/files/grdw/uploads/download-manager-files/26.04.17_NLDC_PSP.pdf,2017-18/26.04.17_NLDC_PSP.pdf,200,442254,77b88215ff1ef8c7f186e66f696e04eed14f2f6119808a4f547559b072d67b5e,2026-09-14T13:42:10,26.04.17_NLDC_PSP|26-04-2017|attachment/pdf
https://webcdn.grid-india.in/files/grdw/uploads/download-manager-files/28.04.17_NLDC_PSP.pdf,2017-18/28.04.17_NLDC_PSP.pdf,200,427083,44a8fb97abf92fee4f03e9077739cb6380c33ba0de66c52b8cccd6b701c385b3,2026-09-14T13:42:10,28.04.17_NLDC_PSP|28-04-2017|attachment/pdf
https://webcdn.grid-india.in/files/grdw/uploads/download-manager-files/29.04.17_NLDC_PSP.pdf,2017-18/29.04.17_NLDC_PSP.pdf,200,442352,7b99ac49c5aafba172a81540c30e0ddd64edf7aa28fc5b0501b9297193c6114d,2026-09-14T13:42:11,29.04.17_NLDC_PSP|29-04-2017|attachment/pdf
https://webcdn.grid-india.in/files/grdw/uploads/download-manager-files/30.04.17_NLDC_PSP.pdf,2017-18/30.04.17_NLDC_PSP.pdf,200,442538,f19acbf3785985b55dd8e658bfc2be080a387a1580b44a1bdbc4de70b0f9fc4d,2026-09-14T13:42:11,30.04.17_NLDC_PSP|30-04-2017|attachment/pdf
https://webcdn.grid-india.in/files/grdw/uploads/download-manager-files/01.05.17_NLDC_PSP.pdf,2017-18/01.05.17_NLDC_PSP.pdf,200,1910706,a2908978dab5822945b6587da07fd63301eee5440efeabeaf6e973e9f70e6eb9,2026-09-14T13:42:13,01.05.17_NLDC_PSP|01-05-2017|attachment/pdf
https://webcdn.grid-india.in/files/grdw/uploads/download-manager-files/02.05.17_NLDC_PSP.pdf,2017-18/02.05.17_NLDC_PSP.pdf,200,1907497,554c6be9fdab1a47203de51067d146b40d2477da5ab47ad9b02041d687cc58b0,2026-09-14T13:42:14,02.05.17_NLDC_PSP|02-05-2017|attachment/pdf
https://webcdn.grid-india.in/files/grdw/uploads/download-manager-files/03.05.17_NLDC_PSP.pdf,2017-18/03.05.17_NLDC_PSP.pdf,200,426434,58454700daca4d036cd3abe86c498685ebb57e8c7fdaa306c329d0dd378c0d28,2026-09-14T13:42:14,03.05.17_NLDC_PSP|03-05-2017|attachment/pdf
https://webcdn.grid-india.in/files/grdw/uploads/download-manager-files/04.05.17_NLDC_PSP.pdf,2017-18/04.05.17_NLDC_PSP.pdf,200,426909,484f16b3b5a14ba08f0245ee536a502d1c62daa3b419dafc30d6c9d1e97dc1de,2026-09-14T13:42:15,04.05.17_NLDC_PSP|04-05-2017|attachment/pdf
https://webcdn.grid-india.in/files/grdw/uploads/download-manager-files/05.05.17_NLDC_PSP.pdf,2017-18/05.05.17_NLDC_PSP.pdf,200,1165804,81059b9ad821d5e7e0315b9f4491cc2c8f79ea70573ce43e85209d3277c8fc4b,2026-09-14T13:42:16,05.05.17_NLDC_PSP|05-05-2017|attachment/pdf
https://webcdn.grid-india.in/files/grdw/uploads/download-manager-files/06.05.17_NLDC_PSP.pdf,2017-18/06.05.17_NLDC_PSP.pdf,200,1164460,a27ee566288af03b9b147871f144d2ae00e46ccd37eae3eb3e5a11ed623899d9,2026-09-14T13:42:17,06.05.17_NLDC_PSP|06-05-2017|attachment/pdf
https://webcdn.grid-india.in/files/grdw/uploads/download-manager-files/07.05.17_NLDC_PSP.pdf,2017-18/07.05.17_NLDC_PSP.pdf,200,426888,077895752ec57b24595ae7f88cc90400db828044180d75b374277acb9fc7f4c5,2026-09-14T13:42:17,07.05.17_NLDC_PSP|07-05-2017|attachment/pdf
https://webcdn.grid-india.in/files/grdw/uploads/download-manager-files/08.05.17_NLDC_PSP.pdf,2017-18/08.05.17_NLDC_PSP.pdf,200,443284,b6114c0576147b1ca5a34e9daf6985729bb79d5f1e1521641d1d49245c36128b,2026-09-14T13:42:17,08.05.17_NLDC_PSP|08-05-2017|attachment/pdf
https://webcdn.grid-india.in/files/grdw/uploads/download-manager-files/09.05.17_NLDC_PSP.pdf,2017-18/09.05.17_NLDC_PSP.pdf,200,445237,74286e7ee3f61833c8a3aae1c2c53bf9843c600ed26603be90a99a2264d1d8be,2026-09-14T13:42:18,09.05.17_NLDC_PSP|09-05-2017|attachment/pdf
https://webcdn.grid-india.in/files/grdw/uploads/download-manager-files/10.05.17_NLDC_PSP_H&E_.pdf,2017-18/10.05.17_NLDC_PSP_H&E_.pdf,200,1167234,7cebcd91ce2a80cd8326b4316b335827880756aa63c26d75ecbf014a29e741b3,2026-09-14T13:42:19,10.05.17_NLDC_PSP|10-05-2017|attachment/pdf
https://webcdn.grid-india.in/files/grdw/uploads/download-manager-files/11.05.17_NLDC_PSP.pdf,2017-18/11.05.17_NLDC_PSP.pdf,200,467930,01d75220219d0715d1a543cc9268c63033ed15f7834b9c815613b0e964be86bf,2026-09-14T13:42:19,11.05.17_NLDC_PSP|11-05-2017|attachment/pdf
https://webcdn.grid-india.in/files/grdw/uploads/download-manager-files/12.05.17_NLDC_PSP.pdf,2017-18/12.05.17_NLDC_PSP.pdf,200,427468,c5df13aa83788c5fbe5663564c92a7c75054b47ff1cda5a5972c54367756ab43,2026-09-14T13:42:19,12.05.17_NLDC_PSP|12-05-2017|attachment/pdf
https://webcdn.grid-india.in/files/grdw/uploads/download-manager-files/13.05.17_NLDC_PSP.pdf,2017-18/13.05.17_NLDC_PSP.pdf,200,1165769,52bda5f12c3a7e19b66f3c72ef3b69f186f68b7de8924c48a9f84bb074bc60c4,2026-09-14T13:42:20,13.05.17_NLDC_PSP|13-05-2017|attachment/pdf
https://webcdn.grid-india.in/files/grdw/uploads/download-manager-files/14.05.17_NLDC_PSP.pdf,2017-18/14.05.17_NLDC_PSP.pdf,200,428438,2d507b73f442132b20766ef0bc772ed081fac8b117bf9c0a14ba04f9266ed2db,2026-09-14T13:42:20,14.05.17_NLDC_PSP.pdf|14-05-2017|attachment/pdf
https://webcdn.grid-india.in/files/grdw/uploads/download-manager-files/15.05.17_NLDC_PSP.pdf,2017-18/15.05.17_NLDC_PSP.pdf,200,427995,a1666e71420807920c58fa041e65cd3a441d242a39e37b3eef31c2886fdbea29,2026-09-14T13:42:21,15.05.17_NLDC_PSP|15-05-2017|attachment/pdf
https://webcdn.grid-india.in/files/grdw/uploads/download-manager-files/16.05.17_NLDC_PSP.pdf,2017-18/16.05.17_NLDC_PSP.pdf,200,443580,de4c40bf7058a30f056f4b25915b6096b5be70b2f2760158057c1dadad630b8d,2026-09-14T13:42:22,16.05.17_NLDC_PSP|16-05-2017|attachment/pdf
https://webcdn.grid-india.in/files/grdw/uploads/download-manager-files/17.05.17_NLDC_PSP.pdf,2017-18/17.05.17_NLDC_PSP.pdf,200,1910674,f85e9047eb3c6e8c7cc7d713f9f86d521c7e17f114d83118f4c6a9c63688837e,2026-09-14T13:42:23,17.05.17_NLDC_PSP|17-05-2017|attachment/pdf
https://webcdn.grid-india.in/files/grdw/uploads/download-manager-files/18.05.17_NLDC_PSP.pdf,2017-18/18.05.17_NLDC_PSP.pdf,200,1165612,d6f86a00357d4310faa9df694837f07b871a3afc44ac10b3ab98cb42a7d6b4af,2026-09-14T13:42:23,18.05.17_NLDC_PSP|18-05-2017|attachment/pdf
https://webcdn.grid-india.in/files/grdw/uploads/download-manager-files/19.05.17_NLDC_PSP.pdf,2017-18/19.05.17_NLDC_PSP.pdf,200,443666,6a8184d0f2a8ec304049ef52e31bd1b0119e8101380a4a043ea4e2bf0b9926d6,2026-09-14T13:42:24,19.05.17_NLDC_PSP|19-05-2017|attachment/pdf
https://webcdn.grid-india.in/files/grdw/uploads/download-manager-files/20.05.17_NLDC_PSP.pdf,2017-18/20.05.17_NLDC_PSP.pdf,200,489076,136eefa2224ba1f0c320322fdc4d7d6dfe86a843eb6b1417f42af1c0d095ca07,2026-09-14T13:42:24,20.05.17_NLDC_PSP|20-05-2017|attachment/pdf
https://webcdn.grid-india.in/files/grdw/uploads/download-manager-files/21.05.17_NLDC_PSP.pdf,2017-18/21.05.17_NLDC_PSP.pdf,200,674303,3e890c318ba72efb54edaaecb4cfa7b076cdfb3c9dc24a17655a76c7d977ff7f,2026-09-14T13:42:25,21.05.17_NLDC_PSP|21-05-2017|attachment/pdf
https://webcdn.grid-india.in/files/grdw/uploads/download-manager-files/22.05.17_NLDC_PSP.pdf,2017-18/22.05.17_NLDC_PSP.pdf,200,1292107,69620774ab770c0019369ddbf8ca0f844eb630198168070d3392b63a12dac7e3,2026-09-14T13:42:26,22.05.17_NLDC_PSP|22-05-2017|attachment/pdf
https://webcdn.grid-india.in/files/grdw/uploads/download-manager-files/23.05.17_NLDC_PSP.pdf,2017-18/23.05.17_NLDC_PSP.pdf,200,434841,416f3e4ca930487639381b33c5ceba62400904d0fe39af48bdaf207a96bf19b6,2026-09-14T13:42:26,23.05.17_NLDC_PSP|23-05-2017|attachment/pdf
https://webcdn.grid-india.in/files/grdw/uploads/download-manager-files/24.05.17_NLDC_PSP.pdf,2017-18/24.05.17_NLDC_PSP.pdf,200,435897,8f95c33efb1272ce511cc8fb19c6279942fcdf517fede6200850a9a672eda43b,2026-09-14T13:42:26,24.05.17_NLDC_PSP|24-05-2017|attachment/pdf
https://webcdn.grid-india.in/files/grdw/uploads/download-manager-files/25.05.17_NLDC_PSP.pdf,2017-18/25.05.17_NLDC_PSP.pdf,200,435745,9e0d41c1ca6c2db518c4355fa569d47bd5626b7c9cd8de16d34555a57996b970,2026-09-14T13:42:27,25.05.17_NLDC_PSP|25-05-2017|attachment/pdf
https://webcdn.grid-india.in/files/grdw/uploads/download-manager-files/26.05.17_NLDC_PSP.pdf,2017-18/26.05.17_NLDC_PSP.pdf,200,1292414,b689c2754c999ffd28e27122a52e488662fbf802f7bc7def9387d9fb2a975c0e,2026-09-14T13:42:28,26.05.17_NLDC_PSP|26-05-2017|attachment/pdf
https://webcdn.grid-india.in/files/grdw/uploads/download-manager-files/27.05.17_NLDC_PSP.pdf,2017-18/27.05.17_NLDC_PSP.pdf,200,436119,754873d71656e13d22b78cae91d94ce7dbc69657543131e150c6b5e70fba6f91,2026-09-14T13:42:28,27.05.17_NLDC_PSP|27-05-2017|attachment/pdf
https://webcdn.grid-india.in/files/grdw/uploads/download-manager-files/28.05.17_NLDC_PSP.pdf,2017-18/28.05.17_NLDC_PSP.pdf,200,434724,63fa19b5312ff13b354189d9162cb2a66285a1eea9a08c048c0297e6123e842c,2026-09-14T13:42:29,28.05.17_NLDC_PSP|28-05-2017|attachment/pdf
https://webcdn.grid-india.in/files/grdw/uploads/download-manager-files/29.05.17_NLDC_PSP.pdf,2017-18/29.05.17_NLDC_PSP.pdf,200,435957,7f6cb7c36e13951671a2e3845577ff5278b1e8e5a4c2e0c358fb19aceecde2f5,2026-09-14T13:42:29,29.05.17_NLDC_PSP|29-05-2017|attachment/pdf
https://webcdn.grid-india.in/files/grdw/uploads/download-manager-files/30.05.17_NLDC_PSP.pdf,2017-18/30.05.17_NLDC_PSP.pdf,200,432399,e22800185be1fd80287e77b0860af7fb42189f8ccac19bc9aa7c4c41491a1e38,2026-09-14T13:42:29,30.05.17_NLDC_PSP|30-05-2017|attachment/pdf
https://webcdn.grid-india.in/files/grdw/uploads/download-manager-files/31.05.17_NLDC_PSP.pdf,2017-18/31.05.17_NLDC_PSP.pdf,200,436446,1cd568633d4ea1a6d7f371d53b951159f1551f93e4ebec473c52f5ad07f0e85a,2026-09-14T13:42:30,31.05.17_NLDC_PSP|31-05-2017|attachment/pdf
https://webcdn.grid-india.in/files/grdw/uploads/download-manager-files/01.06.17_NLDC_PSP.pdf,2017-18/01.06.17_NLDC_PSP.pdf,200,436730,efa39648a6056c930cc920bbffd2cf87c8539fe053a85042a76c1891fece7391,2026-09-14T13:42:31,01.06.17_NLDC_PSP|01-06-2017|attachment/pdf
https://webcdn.grid-india.in/files/grdw/uploads/download-manager-files/02.06.17_R0_NLDC_RLDC_PSP.pdf,2017-18/02.06.17_R0_NLDC_RLDC_PSP.pdf,200,431118,3acf1e2228ff5f57b57c8fd1ebff6e65fb9b110919201dbfd1e0583b019e4d1a,2026-09-14T13:42:32,02.06.17_NLDC_PSP|02-06-2017|attachment/pdf
https://webcdn.grid-india.in/files/grdw/uploads/download-manager-files/03.06.17_NLDC_PSP.pdf,2017-18/03.06.17_NLDC_PSP.pdf,200,435911,6bace83799114f4ad0565d7d504959851307e319e5cf84e65e527330b0c4d01b,2026-09-14T13:42:32,03.06.17_NLDC_PSP|03-06-2017|attachment/pdf
https://webcdn.grid-india.in/files/grdw/uploads/download-manager-files/04.06.17_NLDC_PSP_H&E.pdf,2017-18/04.06.17_NLDC_PSP_H&E.pdf,200,434491,358c8493a9610748153e126304e1c5f045034ee5c65ae41e868c563f5089a952,2026-09-14T13:42:33,04.06.17_NLDC_PSP_H&E|04-06-2017|attachment/pdf
https://webcdn.grid-india.in/files/grdw/uploads/download-manager-files/05.06.17_NLDC_PSP.pdf,2017-18/05.06.17_NLDC_PSP.pdf,200,434008,5ee451869ebd51e9a6b5a6bcc96b004f6b06db0908520f71a4fa7a2cd04e444d,2026-09-14T13:42:33,05.06.17_NLDC_PSP|05-06-2017|attachment/pdf
https://webcdn.grid-india.in/files/grdw/uploads/download-manager-files/06.06.17_NLDC_PSP.pdf,2017-18/06.06.17_NLDC_PSP.pdf,200,435885,68ab137461b0938a61fa2463f545b91374bd61b892ea5155aaa731d521a15408,2026-09-14T13:42:34,06.06.17_NLDC_PSP|06-06-2017|attachment/pdf
https://webcdn.grid-india.in/files/grdw/uploads/download-manager-files/07.06.17_NLDC_PSP.pdf,2017-18/07.06.17_NLDC_PSP.pdf,200,1292449,0c93322d7deb351ab549419209c4f6ab320626f07a6df17e99a977a3be856720,2026-09-14T13:42:34,07.06.17_NLDC_PSP|07-06-2017|attachment/pdf
https://webcdn.grid-india.in/files/grdw/uploads/download-manager-files/08.06.17_NLDC_PSP.pdf,2017-18/08.06.17_NLDC_PSP.pdf,200,430498,864afaae40cc38d67a518eb790e54aab7b67fbd08fa64c0083e73baca0535079,2026-09-14T13:42:35,08.06.17_NLDC_PSP|08-06-2017|attachment/pdf
https://webcdn.grid-india.in/files/grdw/uploads/download-manager-files/09.06.17_NLDC_PSP.pdf,2017-18/09.06.17_NLDC_PSP.pdf,200,1293524,1a28637326a321fe468030011d5a41e125de34605778a38b44cf1faae511ccfc,2026-09-14T13:42:36,09.06.17_NLDC_PSP|09-06-2017|attachment/pdf
https://webcdn.grid-india.in/files/grdw/uploads/download-manager-files/10.06.17_NLDC_PSP.pdf,2017-18/10.06.17_NLDC_PSP.pdf,200,436124,298a791208617b4c9273ab8681a77695efbca8a8e0ce0c28910c3be13728d335,2026-09-14T13:42:36,10.06.17_NLDC_PSP|10-06-2017|attachment/pdf
https://webcdn.grid-india.in/files/grdw/uploads/download-manager-files/11.06.17_NLDC_PSP.pdf,2017-18/11.06.17_NLDC_PSP.pdf,200,434559,83acb385afa06ab68bb9031161bcd1dd9a9e14b355566bf6d4139cf9e8a2e56a,2026-09-14T13:42:37,11.06.17_NLDC_PSP|11-06-2017|attachment/pdf
https://webcdn.grid-india.in/files/grdw/uploads/download-manager-files/12.06.17_NLDC_PSP_HE_IR.pdf,2017-18/12.06.17_NLDC_PSP_HE_IR.pdf,200,1509252,0e3e7725c3e62d109496f3fc357899b14852e2fbabf66c3cce9a1a50f3827ade,2026-09-14T13:42:38,12.06.17_NLDC_PSP|12-06-2017|attachment/pdf
https://webcdn.grid-india.in/files/grdw/uploads/download-manager-files/13.06.17_NLDC_PSP_IR.pdf,2017-18/13.06.17_NLDC_PSP_IR.pdf,200,1510208,917a7a9a40cfb6f34c59ec02c16ae2c4c25b3390e485f671c9015bc73e4dee0f,2026-09-14T13:42:39,13.06.17_NLDC_PSP_IR|13-06-2017|attachment/pdf
https://webcdn.grid-india.in/files/grdw/uploads/download-manager-files/14.06.17_NLDC_PSP.pdf,2017-18/14.06.17_NLDC_PSP.pdf,200,434835,b4a2a30ee9a75a8910dc15c311949aaaf4e7844cc18b83c057b235d8870cf4c1,2026-09-14T13:42:39,14.06.17_NLDC_PSP|14-06-2017|attachment/pdf
https://webcdn.grid-india.in/files/grdw/uploads/download-manager-files/15.06.17_NLDC_PSP.pdf,2017-18/15.06.17_NLDC_PSP.pdf,200,436054,77ad7026c6bf1d95bc78bf16386ae26c5481326b59f12124476c7e42525376e0,2026-09-14T13:42:40,15.06.17_NLDC_PSP|15-06-2017|attachment/pdf
https://webcdn.grid-india.in/files/grdw/uploads/download-manager-files/16.06.17_NLDC_PSP.pdf,2017-18/16.06.17_NLDC_PSP.pdf,200,108803,3779f5b1fcfc1dd94b4a9836441c1110a49ea591ebf0e15f52ae67d2196b1b37,2026-09-14T13:42:40,16.06.17_NLDC_PSP|16-06-2017|attachment/pdf
https://webcdn.grid-india.in/files/grdw/uploads/download-manager-files/17.06.17_R1_NLDC_PSP.pdf,2017-18/17.06.17_R1_NLDC_PSP.pdf,200,435041,4d7e62795473deeeea329d0c66524c1547529bdde235e29d2c1d1e0d26a423a8,2026-09-14T13:42:41,17.06.17_R1_NLDC_PSP|17-06-2017|attachment/pdf
https://webcdn.grid-india.in/files/grdw/uploads/download-manager-files/18.06.17_NLDC_PSP.pdf,2017-18/18.06.17_NLDC_PSP.pdf,200,435860,32caf3ea5b52a45d12d7a72f239bc7920e67436000d3e2e91a83dc6bb8d02bf4,2026-09-14T13:42:41,18.06.17_NLDC_PSP|18-06-2017|attachment/pdf
https://webcdn.grid-india.in/files/grdw/uploads/download-manager-files/19.06.17_NLDC_PSP.pdf,2017-18/19.06.17_NLDC_PSP.pdf,200,437081,6c6625bb0b4f2acfaa159adf05582f8dab94a0c5a168279e22135ac302784952,2026-09-14T13:42:42,19.06.17_NLDC_PSP|19-06-2017|attachment/pdf
https://webcdn.grid-india.in/files/grdw/uploads/download-manager-files/20.06.17_NLDC_PSP.pdf,2017-18/20.06.17_NLDC_PSP.pdf,200,434453,2139aabef6c0a6adf5ceb0711305f14c67cc38246ba6b2df42f7d2eb0e2db96c,2026-09-14T13:42:42,20.06.17_NLDC_PSP|20-06-2017|attachment/pdf
https://webcdn.grid-india.in/files/grdw/uploads/download-manager-files/21.06.17_NLDC_PSP.pdf,2017-18/21.06.17_NLDC_PSP.pdf,200,1327092,6bc3182f7758e547d9ea0e4e47bbb3bcb0f13ec2a647abe0925314272f3a7c46,2026-09-14T13:42:43,21.06.17_NLDC_PSP|21-06-2017|attachment/pdf
https://webcdn.grid-india.in/files/grdw/uploads/download-manager-files/22.06.17_NLDC_PSP.pdf,2017-18/22.06.17_NLDC_PSP.pdf,200,434276,836149e45d5a85e2f7ec10aa258d1d45652e5491a5baeb1f06ab59599eb2208e,2026-09-14T13:42:43,22.06.17_NLDC_PSP|22-06-2017|attachment/pdf
https://webcdn.grid-india.in/files/grdw/uploads/download-manager-files/23.06.17_NLDC_PSP.pdf,2017-18/23.06.17_NLDC_PSP.pdf,200,434400,7cbfb87b7a7d0994930a0fbdad44386d8dde0d33d62718417da38815405ca03e,2026-09-14T13:42:44,23.06.17_NLDC_PSP|23-06-2017|attachment/pdf
https://webcdn.grid-india.in/files/grdw/uploads/download-manager-files/24.06.17_NLDC_PSP.pdf,2017-18/24.06.17_NLDC_PSP.pdf,200,437267,798fbd689d50c94b9411283ede49794a41b4d5fa5819ded9a8d4cf750734dbfb,2026-09-14T13:42:44,24.06.17_NLDC_PSP|24-06-2017|attachment/pdf
https://webcdn.grid-india.in/files/grdw/uploads/download-manager-files/25.06.17_NLDC_PSP.pdf,2017-18/25.06.17_NLDC_PSP.pdf,200,435561,82113769ec0ee570645ca46ab92507e9f731195ea63745fd68a2da9a0bc11616,2026-09-14T13:42:45,25.06.17_NLDC_PSP|25-06-2017|attachment/pdf
https://webcdn.grid-india.in/files/grdw/uploads/download-manager-files/26.06.17_NLDC_PSP.pdf,2017-18/26.06.17_NLDC_PSP.pdf,200,1288799,9b0f886cb47c01a2213028202c671b46610aa70114eaa4227aea99606b5db9ef,2026-09-14T13:42:46,26.06.17_NLDC_PSP|26-06-2017|attachment/pdf
https://webcdn.grid-india.in/files/grdw/uploads/download-manager-files/27.06.17_NLDC_PSP_H&E_IR.pdf,2017-18/27.06.17_NLDC_PSP_H&E_IR.pdf,200,436014,e5e30b121416917f445948c8381d90e7dfb39dd28ecfa925b1412f1379cf8569,2026-09-14T13:42:46,27.06.17_NLDC_PSP_H&E_IR|27-06-2017|attachment/pdf
https://webcdn.grid-india.in/files/grdw/uploads/download-manager-files/28.06.17_NLDC_PSP.pdf,2017-18/28.06.17_NLDC_PSP.pdf,200,434319,febe7f3ff1fdbd910e90709f3f1202e6331bebe30940c772384b99e40a3239af,2026-09-14T13:42:47,28.06.17_NLDC_PSP|28-06-2017|attachment/pdf
https://webcdn.grid-india.in/files/grdw/uploads/download-manager-files/29.06.17_NLDC_PSP_H&E.pdf,2017-18/29.06.17_NLDC_PSP_H&E.pdf,200,434888,b5ff3667d501dc1d2d614688973cb78496a73215ce8c9a259fa8c46136299241,2026-09-14T13:42:47,29.06.17_NLDC_PSP_H&E|29-06-2017|attachment/pdf
https://webcdn.grid-india.in/files/grdw/uploads/download-manager-files/30.06.17_NLDC_PSP.pdf,2017-18/30.06.17_NLDC_PSP.pdf,200,434508,dc895c246692912e760fb554211c8d0f7525f4632c7574bd766ab1d964f3d478,2026-09-14T13:42:48,30.06.17_NLDC_PSP|30-06-2017|attachment/pdf
https://webcdn.grid-india.in/files/grdw/uploads/download-manager-files/01.07.17_NLDC_PSP.pdf,2017-18/01.07.17_NLDC_PSP.pdf,200,435042,a140a1a6d53e4991a34a67fd8dd660e6f50314c64f6e0f4f40ee88ecae25b1a0,2026-09-14T13:42:49,01.07.17_NLDC_PSP|01-07-2017|attachment/pdf
https://webcdn.grid-india.in/files/grdw/uploads/download-manager-files/02.07.17_NLDC_PSP.pdf,2017-18/02.07.17_NLDC_PSP.pdf,200,561096,e8e3f90e03ea486c85cda003c76bc861e0e20a46489dd10d83a05147fcf3e633,2026-09-14T13:42:49,02.07.17_NLDC_PSP|02-07-2017|attachment/pdf
https://webcdn.grid-india.in/files/grdw/uploads/download-manager-files/03.07.17_NLDC_PSP.pdf,2017-18/03.07.17_NLDC_PSP.pdf,200,1509187,aea1e75fbcd79ddad88fb0c34299d43994c0fdab142b02f4ad4d0c3fcf121645,2026-09-14T13:42:50,03.07.17_NLDC_PSP|03-07-2017|attachment/pdf
https://webcdn.grid-india.in/files/grdw/uploads/download-manager-files/04.07.17_NLDC_PSP.pdf,2017-18/04.07.17_NLDC_PSP.pdf,200,435850,ebf16ac0265789e32a6448a193a17bb7ac0b577dd22375341dbbfc5b6e2d6f77,2026-09-14T13:42:51,04.07.17_NLDC_PSP|04-07-2017|attachment/pdf
https://webcdn.grid-india.in/files/grdw/uploads/download-manager-files/05.07.17_NLDC_PSP.pdf,2017-18/05.07.17_NLDC_PSP.pdf,200,1596331,a3d821171d1e9047eee1e584d2f7dd67b82da6b2a8f86e951460ef41eecab19e,2026-09-14T13:42:52,05.07.17_NLDC_PSP|05-07-2017|attachment/pdf
https://webcdn.grid-india.in/files/grdw/uploads/download-manager-files/06.07.17_NLDC_PSP.pdf,2017-18/06.07.17_NLDC_PSP.pdf,200,436390,d0b2236259813a415756e4ccc436aff4269bf06672a0352f14a29a1f8d432470,2026-09-14T13:42:52,06.07.17_NLDC_PSP|06-07-2017|attachment/pdf
https://webcdn.grid-india.in/files/grdw/uploads/download-manager-files/07.07.17_NLDC_PSP_H&E.pdf,2017-18/07.07.17_NLDC_PSP_H&E.pdf,200,109046,a03b7440a4b3b5dc520b81d4845c570c1addf966a1770811bb6df0139733c537,2026-09-14T13:42:52,07.07.17_NLDC_PSP|07-07-2017|attachment/pdf
https://webcdn.grid-india.in/files/grdw/uploads/download-manager-files/08.07.17_NLDC_PSP_H&E.pdf,2017-18/08.07.17_NLDC_PSP_H&E.pdf,200,430983,379258e509dcddaadeac9357de25baaa457218c2a984810d3cbdd522ff5b3b85,2026-09-14T13:42:53,08.07.17_NLDC_PSP|08-07-2017|attachment/pdf
https://webcdn.grid-india.in/files/grdw/uploads/download-manager-files/09.07.17_NLDC_PSP_H&E.pdf,2017-18/09.07.17_NLDC_PSP_H&E.pdf,200,434858,ed4d0b9df5f388cd34dcef1570f83c65c697baaf5072ee3c6023106d7a823c57,2026-09-14T13:42:54,09.07.17_NLDC_PSP|09-07-2017|attachment/pdf
https://webcdn.grid-india.in/files/grdw/uploads/download-manager-files/10.07.17_NLDC_PSP.pdf,2017-18/10.07.17_NLDC_PSP.pdf,200,436332,bb2e65d96afdf093eb9b0712ea9eef5487f83571e21cf2ee24a5629ed8149173,2026-09-14T13:42:54,10.07.17_NLDC_PSP|10-07-2017|attachment/pdf
https://webcdn.grid-india.in/files/grdw/uploads/download-manager-files/11.07.17_NLDC_PSP.pdf,2017-18/11.07.17_NLDC_PSP.pdf,200,1290170,a5250b2556861a125dce6cbf36d4029553db6bb9e05d4b981dfcbdc9918aff95,2026-09-14T13:42:55,11.07.17_NLDC_PSP|11-07-2017|attachment/pdf
https://webcdn.grid-india.in/files/grdw/uploads/download-manager-files/12.07.17_NLDC_PSP.pdf,2017-18/12.07.17_NLDC_PSP.pdf,200,1815136,d2efc03486898f9abbdda2d4c5c2b1f0c0647d950e444caca093125482752f46,2026-09-14T13:42:56,12.07.17_NLDC_PSP|12-07-2017|attachment/pdf
https://webcdn.grid-india.in/files/grdw/uploads/download-manager-files/13.07.17_NLDC_PSP.pdf,2017-18/13.07.17_NLDC_PSP.pdf,200,479359,9c6e82f4b9aee6b2dc5d64ee4e813a24044f5c1cc4dc87871416346015810432,2026-09-14T13:42:56,13.07.17_NLDC_PSP|13-07-2017|attachment/pdf
https://webcdn.grid-india.in/files/grdw/uploads/download-manager-files/14.07.17_NLDC_PSP.pdf,2017-18/14.07.17_NLDC_PSP.pdf,200,678858,ed9be53f6ef8d518dbfb53bd014ad0a120520133f0a58fb86af9bd5c41a3bb93,2026-09-14T13:42:57,14.07.17_NLDC_PSP|14-07-2017|attachment/pdf
https://webcdn.grid-india.in/files/grdw/uploads/download-manager-files/15.07.17_NLDC_PSP.pdf,2017-18/15.07.17_NLDC_PSP.pdf,200,1510562,56492c8ac857f74e14a87f29babd9824e2ab6530f49cbf642ec24b1f2ecbf393,2026-09-14T13:42:58,15.07.17_NLDC_PSP|15-07-2017|attachment/pdf
https://webcdn.grid-india.in/files/grdw/uploads/download-manager-files/16.07.17_NLDC_PSP.pdf,2017-18/16.07.17_NLDC_PSP.pdf,200,1287522,71707965bf341e05f4c5748c527bd25ce4af3af69202e073b18ec3a2167ca4ef,2026-09-14T13:42:58,16.07.17_NLDC_PSP|16-07-2017|attachment/pdf
https://webcdn.grid-india.in/files/grdw/uploads/download-manager-files/17.07.17_NLDC_PSP.pdf,2017-18/17.07.17_NLDC_PSP.pdf,200,435858,3f5451a280022b09ca190ae872be553d449b927e40c48e35e2288eb451134922,2026-09-14T13:42:59,17.07.17_NLDC_PSP|17-07-2017|attachment/pdf
https://webcdn.grid-india.in/files/grdw/uploads/download-manager-files/18.07.17_NLDC_PSP.pdf,2017-18/18.07.17_NLDC_PSP.pdf,200,434061,fad4cff6b3ec178a14365272e8840737495aa35d40fd30712a40036b5309772c,2026-09-14T13:42:59,18.07.17_NLDC_PSP|18-07-2017|attachment/pdf
https://webcdn.grid-india.in/files/grdw/uploads/download-manager-files/19.07.17_NLDC_PSP.pdf,2017-18/19.07.17_NLDC_PSP.pdf,200,823667,f1668cc2034387c8a7e436b62191988cf9fd5bdae9918b099a0ce09f15561057,2026-09-14T13:43:00,19.07.17_NLDC_PSP|19-07-2017|attachment/pdf
https://webcdn.grid-india.in/files/grdw/uploads/download-manager-files/20.07.17_NLDC_PSP.pdf,2017-18/20.07.17_NLDC_PSP.pdf,200,562834,22d95c027afaa11b92a9cfa9e2841b6fab0e166022b78b9954d529598566defa,2026-09-14T13:43:00,20.07.17_NLDC_PSP|20-07-2017|attachment/pdf
https://webcdn.grid-india.in/files/grdw/uploads/download-manager-files/21.07.17_NLDC_PSP.pdf,2017-18/21.07.17_NLDC_PSP.pdf,200,434106,e0707228da4edd65a1ae0824b6b983972faa78ba81d79cf384b7c3d4ea912531,2026-09-14T13:43:01,21.07.17_NLDC_PSP|21-07-2017|attachment/pdf
https://webcdn.grid-india.in/files/grdw/uploads/download-manager-files/22.07.17_NLDC_PSP.pdf,2017-18/22.07.17_NLDC_PSP.pdf,200,434417,c3f744bf2518a87bfceebcf7840e63e25836ba797f87625d746cd248ca54114f,2026-09-14T13:43:02,22.07.17_NLDC_PSP|22-07-2017|attachment/pdf
https://webcdn.grid-india.in/files/grdw/uploads/download-manager-files/23.07.17_NLDC_PSP.pdf,2017-18/23.07.17_NLDC_PSP.pdf,200,434248,360850d1b84d464eee10f863806b09086ec0a9428adc1c7485c419980b7011d5,2026-09-14T13:43:02,23.07.17_NLDC_PSP|23-07-2017|attachment/pdf
https://webcdn.grid-india.in/files/grdw/uploads/download-manager-files/24.07.17_NLDC_PSP.pdf,2017-18/24.07.17_NLDC_PSP.pdf,200,436611,d934e764a1fd324a055e9ee3514767c01de7b6dea129ff4ce3e88a44c5a246fe,2026-09-14T13:43:03,24.07.17_NLDC_PSP|24-07-2017|attachment/pdf
https://webcdn.grid-india.in/files/grdw/uploads/download-manager-files/25.07.17_NLDC_PSP.pdf,2017-18/25.07.17_NLDC_PSP.pdf,200,683362,9c269de77ff80571e3d66b4815cac20f775752121bc415bc18add3da951d58cc,2026-09-14T13:43:03,25.07.17_NLDC_PSP|25-07-2017|attachment/pdf
https://webcdn.grid-india.in/files/grdw/uploads/download-manager-files/26.07.17_NLDC_PSP.pdf,2017-18/26.07.17_NLDC_PSP.pdf,200,435005,92b3df62f5fdd1b00e3c8d28fb654da0a28312b9686a3847c6c9a12e06ffd652,2026-09-14T13:43:04,26.07.17_NLDC_PSP|26-07-2017|attachment/pdf
https://webcdn.grid-india.in/files/grdw/uploads/download-manager-files/27.07.17_NLDC_PSP.pdf,2017-18/27.07.17_NLDC_PSP.pdf,200,435737,ee1f3e55a2dfc853a14a808ffa69017e18c06ad0653f86f837b233dca35228b6,2026-09-14T13:43:04,27.07.17_NLDC_PSP|27-07-2017|attachment/pdf
https://webcdn.grid-india.in/files/grdw/uploads/download-manager-files/28.07.17_NLDC_PSP.pdf,2017-18/28.07.17_NLDC_PSP.pdf,200,1506923,1a4848e7bd1dcc320f9e09f9a15d5e0dfa2937122309b6e274fadb49dce39663,2026-09-14T13:43:05,28.07.17_NLDC_PSP|28-07-2017|attachment/pdf
https://webcdn.grid-india.in/files/grdw/uploads/download-manager-files/29.07.17_NLDC_PSP_H&E.pdf,2017-18/29.07.17_NLDC_PSP_H&E.pdf,200,1473108,0c542bfbe5d3d59d85d85bedd5b30da41d419353784eb47ccd369c6126da6da2,2026-09-14T13:43:06,29.07.17_NLDC_PSP_H&E|29-07-2017|attachment/pdf
https://webcdn.grid-india.in/files/grdw/uploads/download-manager-files/30.07.17_NLDC_PSP.pdf,2017-18/30.07.17_NLDC_PSP.pdf,200,1287572,77696d69014a3a7544f193f8232c774f3aa4d146f0a4050c739a24f5294786fc,2026-09-14T13:43:07,30.07.17_NLDC_PSP|30-07-2017|attachment/pdf
https://webcdn.grid-india.in/files/grdw/uploads/download-manager-files/31.07.17_NLDC_PSP.pdf,2017-18/31.07.17_NLDC_PSP.pdf,200,468457,de3627224233370e6e5985d3906fbaab7aaf48b3eb6ab841be8b3ea88673c795,2026-09-14T13:43:07,31.07.17_NLDC_PSP|31-07-2017|attachment/pdf
https://webcdn.grid-india.in/files/grdw/uploads/download-manager-files/01.08.17_NLDC_PSP.pdf,2017-18/01.08.17_NLDC_PSP.pdf,200,434462,7ed9cd2cfca9e5653eacf89816d9a2f5e94461ffd142981afb18af2807c03ef3,2026-09-14T13:43:08,01.08.17_NLDC_PSP|01-08-2017|attachment/pdf
https://webcdn.grid-india.in/files/grdw/uploads/download-manager-files/02.08.17_NLDC_PSP.pdf,2017-18/02.08.17_NLDC_PSP.pdf,200,1328770,4e3b716370b6b1973355eb5432b47208808eda7d2153566855f95d499ade87bc,2026-09-14T13:43:09,02.08.17_NLDC_PSP|02-08-2017|attachment/pdf
https://webcdn.grid-india.in/files/grdw/uploads/download-manager-files/03.08.17_NLDC_PSP.pdf,2017-18/03.08.17_NLDC_PSP.pdf,200,1514112,215840b02b80007999966de4cb54da78a9b6e2b3790debe6c0d873ca8311e3a5,2026-09-14T13:43:10,03.08.17_NLDC_PSP|03-08-2017|attachment/pdf
https://webcdn.grid-india.in/files/grdw/uploads/download-manager-files/04.08.17_NLDC_PSP.pdf,2017-18/04.08.17_NLDC_PSP.pdf,200,435158,659c6d83ae221206c7d2891227292196a0f7103a422a3dcf9cf80e75633d4a16,2026-09-14T13:43:10,04.08.17_NLDC_PSP|04-08-2017|attachment/pdf
https://webcdn.grid-india.in/files/grdw/uploads/download-manager-files/05.08.17_NLDC_PSP.pdf,2017-18/05.08.17_NLDC_PSP.pdf,200,435431,18ff7f7c7d98e6b724178bf00f39dc9a3921b0f9798481aa05a7d56390233e17,2026-09-14T13:43:11,05.08.17_NLDC_PSP|05-08-2017|attachment/pdf
https://webcdn.grid-india.in/files/grdw/uploads/download-manager-files/06.08.17_NLDC_PSP.pdf,2017-18/06.08.17_NLDC_PSP.pdf,200,434828,b53d838288c14e678c922e990364ab7d01988bc6e228becfcb664c624ca5b4c3,2026-09-14T13:43:11,06.08.17_NLDC_PSP|06-08-2017|attachment/pdf
https://webcdn.grid-india.in/files/grdw/uploads/download-manager-files/07.08.17_NLDC_PSP.pdf,2017-18/07.08.17_NLDC_PSP.pdf,200,435386,6c8fa5ed176d2febb83f3af8d4377eb5087afb2456c7dacc38c70c164107492d,2026-09-14T13:43:12,07.08.17_NLDC_PSP|07-08-2017|attachment/pdf
https://webcdn.grid-india.in/files/grdw/uploads/download-manager-files/09.08.17_NLDC_PSP.pdf,2017-18/09.08.17_NLDC_PSP.pdf,200,435185,521b5fce035ca28d21b783f48e194f65214471675cdfa3c2f076fa3d6041e82d,2026-09-14T13:43:12,09.08.17_NLDC_PSP|09-08-2017|attachment/pdf
https://webcdn.grid-india.in/files/grdw/uploads/download-manager-files/10.08.17_NLDC_PSP.pdf,2017-18/10.08.17_NLDC_PSP.pdf,200,435230,76a40473cf9fa9442dd7d22555ae67495433ba7253fe8fb190eea71f8cc99acd,2026-09-14T13:43:13,10.08.17_NLDC_PSP|10-08-2017|attachment/pdf
https://webcdn.grid-india.in/files/grdw/uploads/download-manager-files/11.08.17_NLDC_PSP.pdf,2017-18/11.08.17_NLDC_PSP.pdf,200,434930,c17175aba81bd6efd28c974142a8c9b9344bc6358ad5edfdf2f7e383b79efe12,2026-09-14T13:43:13,11.08.17_NLDC_PSP|11-08-2017|attachment/pdf
https://webcdn.grid-india.in/files/grdw/uploads/download-manager-files/12.08.17_NLDC_PSP.pdf,2017-18/12.08.17_NLDC_PSP.pdf,200,562205,b2803cd648e711d35f93d621912553b5f3cc5b4fa6880813a6dabdef4b08b83f,2026-09-14T13:43:14,12.08.17_NLDC_PSP|12-08-2017|attachment/pdf
https://webcdn.grid-india.in/files/grdw/uploads/download-manager-files/13.08.17_NLDC_PSP.pdf,2017-18/13.08.17_NLDC_PSP.pdf,200,434629,27136215d68b5ccaf84e8fe1519d768ece4b42ab83af304f44ef414d26ccf9c6,2026-09-14T13:43:14,13.08.17_NLDC_PSP|13-08-2017|attachment/pdf
https://webcdn.grid-india.in/files/grdw/uploads/download-manager-files/14.08.17_NLDC_PSP.pdf,2017-18/14.08.17_NLDC_PSP.pdf,200,434840,6b34088d8eb0053f8a5f68042613815691a24b42547ee33700eeda7c9bf96103,2026-09-14T13:43:15,14.08.17_NLDC_PSP|14-08-2017|attachment/pdf
https://webcdn.grid-india.in/files/grdw/uploads/download-manager-files/15.08.17_NLDC_PSP.pdf,2017-18/15.08.17_NLDC_PSP.pdf,200,434880,64a1df0249041e433c85c8f6c749de1b0c54a437f1aea98090f259e5bfb9195e,2026-09-14T13:43:15,15.08.17_NLDC_PSP|15-08-2017|attachment/pdf
https://webcdn.grid-india.in/files/grdw/uploads/download-manager-files/16.08.17_NLDC_PSP.pdf,2017-18/16.08.17_NLDC_PSP.pdf,200,435217,c6bbbbe94a76fd71983058f4782d678a784e7ff872d0dbb3d8920dcbdf0b2499,2026-09-14T13:43:16,16.08.17_NLDC_PSP|16-08-2017|attachment/pdf
https://webcdn.grid-india.in/files/grdw/uploads/download-manager-files/17.08.17_NLDC_PSP.pdf,2017-18/17.08.17_NLDC_PSP.pdf,200,1289721,d9354c5f11dc2cc72e5bd7e0717a097c470c2b65986e4f2aa4b3e4f09027d75c,2026-09-14T13:43:17,17.08.17_NLDC_PSP|17-08-2017|attachment/pdf
https://webcdn.grid-india.in/files/grdw/uploads/download-manager-files/18.08.17_NLDC_PSP.pdf,2017-18/18.08.17_NLDC_PSP.pdf,200,4044608,bc3ca883f93ea70258018a0454b397bdcce8549eab23dd6d2ba1d541358b2c8e,2026-09-14T13:43:19,18.08.17_NLDC_PSP|18-08-2017|attachment/pdf
https://webcdn.grid-india.in/files/grdw/uploads/download-manager-files/19.08.17_NLDC_PSP.pdf,2017-18/19.08.17_NLDC_PSP.pdf,200,435942,5db6d8374cc81427a3c40b3e06094241f7cd783abbb4c942bddfd3409bcf4f2e,2026-09-14T13:43:19,19.08.17_NLDC_PSP|19-08-2017|attachment/pdf
https://webcdn.grid-india.in/files/grdw/uploads/download-manager-files/20.08.17_NLDC_PSP.pdf,2017-18/20.08.17_NLDC_PSP.pdf,200,469899,4948bfcb668e4a999455ce71a34c24b39658aca5427c6862913cb07e11a217a1,2026-09-14T13:43:19,20.08.17_NLDC_PSP|20-08-2017|attachment/pdf
https://webcdn.grid-india.in/files/grdw/uploads/download-manager-files/21.08.17_NLDC_PSP.pdf,2017-18/21.08.17_NLDC_PSP.pdf,200,469175,320f7b81192d9d3751e6c03505ff847545b032a32e89c7f666c6b516721f3c45,2026-09-14T13:43:20,21.08.17_NLDC_PSP|21-08-2017|attachment/pdf
https://webcdn.grid-india.in/files/grdw/uploads/download-manager-files/22.08.17_NLDC_PSP.pdf,2017-18/22.08.17_NLDC_PSP.pdf,200,566172,ce2159621d199c27875d16d0d9548afea870924ff75234abaef26ae79b2f4848,2026-09-14T13:43:20,22.08.17_NLDC_PSP|22-08-2017|attachment/pdf
https://webcdn.grid-india.in/files/grdw/uploads/download-manager-files/23.08.17_NLDC_PSP.pdf,2017-18/23.08.17_NLDC_PSP.pdf,200,104434,c865dffb9671f6267dfe883d86fff7751ae64c890f4a0d5094f89418a40d451b,2026-09-14T13:43:21,23.08.17_NLDC_PSP|23-08-2017|attachment/pdf
https://webcdn.grid-india.in/files/grdw/uploads/download-manager-files/24.08.17_NLDC_PSP.pdf,2017-18/24.08.17_NLDC_PSP.pdf,200,435702,3b5368a930d6e1b4a75f69b9b0981c8359ee734eb93bb0865f873e90e9e6423c,2026-09-14T13:43:21,24.08.17_NLDC_PSP|24-08-2017|attachment/pdf
https://webcdn.grid-india.in/files/grdw/uploads/download-manager-files/25.08.17_NLDC_PSP.pdf,2017-18/25.08.17_NLDC_PSP.pdf,200,573330,0747b53c68bb660b7233cf32f45d257b3ea98541d878e8a35ce2c1a19a550d7e,2026-09-14T13:43:22,25.08.17_NLDC_PSP|25-08-2017|attachment/pdf
https://webcdn.grid-india.in/files/grdw/uploads/download-manager-files/26.08.17_NLDC_PSP.pdf,2017-18/26.08.17_NLDC_PSP.pdf,200,1516643,14972a4aa1fbc193eb0ebd636a641544f94bc1afa7675b27b236bd0b357a1473,2026-09-14T13:43:23,26.08.17_NLDC_PSP.pdf|26-08-2017|attachment/pdf
https://webcdn.grid-india.in/files/grdw/uploads/download-manager-files/27.08.17_NLDC_PSP.pdf,2017-18/27.08.17_NLDC_PSP.pdf,200,438816,3cb8af60dfd341aa09f42348ad8d3a3ab8cd9bb4c605c7e8bd9e9d24d0bbba93,2026-09-14T13:43:23,27.08.17_NLDC_PSP|27-08-2017|attachment/pdf
https://webcdn.grid-india.in/files/grdw/uploads/download-manager-files/28.08.17_NLDC_PSP.pdf,2017-18/28.08.17_NLDC_PSP.pdf,200,1343966,795d5e7762d2ef8b5e44e7d45f01810b0cd3c4aebd1f0c820244ae742329054c,2026-09-14T13:43:24,28.08.17_NLDC_PSP|28-08-2017|attachment/pdf
https://webcdn.grid-india.in/files/grdw/uploads/download-manager-files/29.08.17_NLDC_PSP.pdf,2017-18/29.08.17_NLDC_PSP.pdf,200,1520965,5117d6d21a24be4e86238f8bee389e2aa8f371b1ae23101baeae2f5f429fe02e,2026-09-14T13:43:24,29.08.17_NLDC_PSP|29-08-2017|attachment/pdf
https://webcdn.grid-india.in/files/grdw/uploads/download-manager-files/30.08.17_NLDC_PSP.pdf,2017-18/30.08.17_NLDC_PSP.pdf,200,1518636,f18a7057028c4b7cbcf00c07cb5c247c0636018ab30336fb0d5aa3d980ceea00,2026-09-14T13:43:25,30.08.17_NLDC_PSP|30-08-2017|attachment/pdf
https://webcdn.grid-india.in/files/grdw/uploads/download-manager-files/01.09.17_NLDC_PSP.pdf,2017-18/01.09.17_NLDC_PSP.pdf,200,1521203,a444791c74fbd76b8fb639161d918aeda121c6215cf6ceebff4b3c445d4bb84b,2026-09-14T13:43:26,01.09.17_NLDC_PSP|01-09-2017|attachment/pdf
https://webcdn.grid-india.in/files/grdw/uploads/download-manager-files/02.09.17_NLDC_PSP.pdf,2017-18/02.09.17_NLDC_PSP.pdf,200,440137,5ba948712b11b4389a1fae93da8318803867a2162e4532cea6f9255ca854dbf1,2026-09-14T13:43:26,02.09.17_NLDC_PSP|02-09-2017|attachment/pdf
https://webcdn.grid-india.in/files/grdw/uploads/download-manager-files/03.09.17_NLDC_PSP.pdf,2017-18/03.09.17_NLDC_PSP.pdf,200,484489,6c43b837f720b8fc2ed8038a705ecd75748784c9a4e702341e2aee2ccadec327,2026-09-14T13:43:27,03.09.17_NLDC_PSP|03-09-2017|attachment/pdf
https://webcdn.grid-india.in/files/grdw/uploads/download-manager-files/04.09.17_NLDC_PSP.pdf,2017-18/04.09.17_NLDC_PSP.pdf,200,572030,7f0930cd0c67ddff08ad2f88b24e34a7793fc33420ac06f453c90c4591a460c9,2026-09-14T13:43:27,04.09.17_NLDC_PSP|04-09-2017|attachment/pdf
https://webcdn.grid-india.in/files/grdw/uploads/download-manager-files/05.09.17_NLDC_PSP.pdf,2017-18/05.09.17_NLDC_PSP.pdf,200,1514397,1ea15c94bd571770e2c16832928fcf1130fd0da8241387b71c79604cf4d395f2,2026-09-14T13:43:29,05.09.17_NLDC_PSP|05-09-2017|attachment/pdf
https://webcdn.grid-india.in/files/grdw/uploads/download-manager-files/06.09.17_NLDC_PSP_H&E.pdf,2017-18/06.09.17_NLDC_PSP_H&E.pdf,200,1335797,2be7fce6aa665eb8d1bed419a9e9f94a8d38ea11d781c0df1eab62d82447ecf4,2026-09-14T13:43:29,06.09.17_NLDC_PSP|06-09-2017|attachment/pdf
https://webcdn.grid-india.in/files/grdw/uploads/download-manager-files/07.09.17_NLDC_PSP.pdf,2017-18/07.09.17_NLDC_PSP.pdf,200,1513138,d9b889383dba8f14b0601891b6c2c32af60f4123260de57aa282c88f80e8e14e,2026-09-14T13:43:30,07.09.17_NLDC_PSP|07-09-2017|attachment/pdf
https://webcdn.grid-india.in/files/grdw/uploads/download-manager-files/08.09.17_NLDC_PSP.pdf,2017-18/08.09.17_NLDC_PSP.pdf,200,1517989,ea53988694e3b55def4b9b557bb01b102fead1d11d7fbc2af1fd64a7b8fdf1fb,2026-09-14T13:43:30,08.09.17_NLDC_PSP|08-09-2017|attachment/pdf
https://webcdn.grid-india.in/files/grdw/uploads/download-manager-files/09.09.17_NLDC_PSP.pdf,2017-18/09.09.17_NLDC_PSP.pdf,200,440618,06130907c79b9de78c13035420650b56e978adae0c198f0dfa7ba28e71734720,2026-09-14T13:43:30,09.09.17_NLDC_PSP|09-09-2017|attachment/pdf
https://webcdn.grid-india.in/files/grdw/uploads/download-manager-files/10.09.17_NLDC_PSP.pdf,2017-18/10.09.17_NLDC_PSP.pdf,200,440067,a10367e0548b5b5ea23b39d4358ecca0104a51389a322ab5818010d36a2dfdac,2026-09-14T13:43:31,10.09.17_NLDC_PSP|10-09-2017|attachment/pdf
https://webcdn.grid-india.in/files/grdw/uploads/download-manager-files/11.09.17_NLDC_PSP.pdf,2017-18/11.09.17_NLDC_PSP.pdf,200,439665,c36a9c02fedd6d6877f11f182ce7da91760be6457d2ffff686c67d6315eb656b,2026-09-14T13:43:32,11.09.17_NLDC_PSP|11-09-2017|attachment/pdf
https://webcdn.grid-india.in/files/grdw/uploads/download-manager-files/12.09.17_NLDC_PSP.pdf,2017-18/12.09.17_NLDC_PSP.pdf,200,566930,394f7d19f57367c4f8ebf9b9ceda14c7ae592a22ba2a6e8e075a86d27737c457,2026-09-14T13:43:32,12.09.17_NLDC_PSP|12-09-2017|attachment/pdf
https://webcdn.grid-india.in/files/grdw/uploads/download-manager-files/13.09.17_NLDC_PSP.pdf,2017-18/13.09.17_NLDC_PSP.pdf,200,1293846,052c1693f21a9b51b27e84dfc779c3df08c9775b3e8dd8ce86c56d4b45b029b8,2026-09-14T13:43:33,13.09.17_NLDC_PSP|13-09-2017|attachment/pdf
https://webcdn.grid-india.in/files/grdw/uploads/download-manager-files/14.09.17_NLDC_PSP.pdf,2017-18/14.09.17_NLDC_PSP.pdf,200,440508,105810e408bb3f66a29d5cd43767b4c648f5df8a117632b60d81b7ea17043bad,2026-09-14T13:43:33,14.09.17_NLDC_PSP|14-09-2017|attachment/pdf
https://webcdn.grid-india.in/files/grdw/uploads/download-manager-files/15.09.17_NLDC_PSP.pdf,2017-18/15.09.17_NLDC_PSP.pdf,200,566989,a7b1227bff739089b8b02ef53a492f19e4c95d9a8cc7558f99109592ba186e10,2026-09-14T13:43:34,15.09.17_NLDC_PSP|15-09-2017|attachment/pdf
https://webcdn.grid-india.in/files/grdw/uploads/download-manager-files/16.09.17_NLDC_PSP.pdf,2017-18/16.09.17_NLDC_PSP.pdf,200,108733,c5e8467028eb4c17735c6987dded1ad6231bb0cadb53e7868aa51a34a1b19ed2,2026-09-14T13:43:34,16.09.17_NLDC_PSP|16-09-2017|attachment/pdf
https://webcdn.grid-india.in/files/grdw/uploads/download-manager-files/17.09.17_NLDC_PSP.pdf,2017-18/17.09.17_NLDC_PSP.pdf,200,440083,c87c33c594892a9ee86c4b28ffbd5f7099fdaae39bfe92c705e39eac82a77b4e,2026-09-14T13:43:35,17.09.17_NLDC_PSP|17-09-2017|attachment/pdf
https://webcdn.grid-india.in/files/grdw/uploads/download-manager-files/18.09.17_NLDC_PSP.pdf,2017-18/18.09.17_NLDC_PSP.pdf,200,568382,afd53f3ca02fdc8fce82def5214119073a905f88c97b1670fb7d049dae78b9cd,2026-09-14T13:43:35,18.09.17_NLDC_PSP|18-09-2017|attachment/pdf
https://webcdn.grid-india.in/files/grdw/uploads/download-manager-files/19.09.17_NLDC_PSP.pdf,2017-18/19.09.17_NLDC_PSP.pdf,200,1556408,758d52b065f48095617e7e82928fcea1a14b97de9385e51fb4a62bb50a81ed97,2026-09-14T13:43:36,19.09.17_NLDC_PSP|19-09-2017|attachment/pdf
https://webcdn.grid-india.in/files/grdw/uploads/download-manager-files/20.09.17_NLDC_PSP.pdf,2017-18/20.09.17_NLDC_PSP.pdf,200,1334109,ee59322078076f4e83879dd8b843f88a5ca1704c2a95d35da5edc07448501308,2026-09-14T13:43:37,20.09.17_NLDC_PSP|20-09-2017|attachment/pdf
https://webcdn.grid-india.in/files/grdw/uploads/download-manager-files/21.09.17_NLDC_PSP.pdf,2017-18/21.09.17_NLDC_PSP.pdf,200,442675,90a527accb2a8f0924b7129d34b69e5bd0f0513a408cf3373e61d10d427e9563,2026-09-14T13:43:37,21.09.17_NLDC_PSP|21-09-2017|attachment/pdf
https://webcdn.grid-india.in/files/grdw/uploads/download-manager-files/22.09.17_NLDC_PSP__H&E.pdf,2017-18/22.09.17_NLDC_PSP__H&E.pdf,200,1334797,5fa477016af980441041c602e1ee9b0033893ec3e1f50d55effdeb44d3ec80cd,2026-09-14T13:43:38,22.09.17_NLDC_PSP|22-09-2017|attachment/pdf
https://webcdn.grid-india.in/files/grdw/uploads/download-manager-files/23.09.17_NLDC_PSP.pdf,2017-18/23.09.17_NLDC_PSP.pdf,200,442893,1eef947989f8463b6671f7491b2d411abce8cd6f47dee70350ecfde4bdb36427,2026-09-14T13:43:38,23.09.17_NLDC_PSP|23-09-2017|attachment/pdf
https://webcdn.grid-india.in/files/grdw/uploads/download-manager-files/24.09.17_NLDC_PSP.pdf,2017-18/24.09.17_NLDC_PSP.pdf,200,442914,080a298b1876d3ea9b6d8eacfe4135ac67e76405ca190f079b107e4a5a6df860,2026-09-14T13:43:39,24.09.17_NLDC_PSP|24-09-2017|attachment/pdf
https://webcdn.grid-india.in/files/grdw/uploads/download-manager-files/25.09.17_NLDC_PSP.pdf,2017-18/25.09.17_NLDC_PSP.pdf,200,1335725,3c723ca0d5c21d9ca6489b4cc29532069aeb97e8812e070f32c16e73198ce41e,2026-09-14T13:43:40,25.09.17_NLDC_PSP|25-09-2017|attachment/pdf
https://webcdn.grid-india.in/files/grdw/uploads/download-manager-files/26.09.17_NLDC_PSP.pdf,2017-18/26.09.17_NLDC_PSP.pdf,200,1516719,a8c68f055cd5a674096bd63126a7246ece270b582452bf2800f206bde96b21d9,2026-09-14T13:43:40,26.09.17_NLDC_PSP|26-09-2017|attachment/pdf
https://webcdn.grid-india.in/files/grdw/uploads/download-manager-files/27.09.17_NLDC_PSP.pdf,2017-18/27.09.17_NLDC_PSP.pdf,200,442621,93452cbe59e7300bad86ff6f6c4ae1d17025cf2e21650e7974b568a828fc38b3,2026-09-14T13:43:41,27.09.17_NLDC_PSP|27-09-2017|attachment/pdf
https://webcdn.grid-india.in/files/grdw/uploads/download-manager-files/28.09.17_NLDC_PSP.pdf,2017-18/28.09.17_NLDC_PSP.pdf,200,1475383,ffbffbe84a2c2bf7aa5fb5893e319733e26872d060d4f129a00dbe584055e06d,2026-09-14T13:43:42,28.09.17_NLDC_PSP|28-09-2017|attachment/pdf
https://webcdn.grid-india.in/files/grdw/uploads/download-manager-files/29.09.17_NLDC_PSP.pdf,2017-18/29.09.17_NLDC_PSP.pdf,200,1688306,b64cc0f86d25765046cae556d027442ab548933fb06d4991310ec370d4f7ba70,2026-09-14T13:43:43,29.09.17_NLDC_PSP|29-09-2017|attachment/pdf
https://webcdn.grid-india.in/files/grdw/uploads/download-manager-files/30.09.17_NLDC_PSP.pdf,2017-18/30.09.17_NLDC_PSP.pdf,200,473916,40e7c922f4c6737ddd343f5f5b0f6c9c642c2fdf3f94a7efb83d10a27b6ef80c,2026-09-14T13:43:43,30.09.17_NLDC_PSP|30-09-2017|attachment/pdf
https://webcdn.grid-india.in/files/grdw/uploads/download-manager-files/01.10.17_NLDC_PSP.pdf,2017-18/01.10.17_NLDC_PSP.pdf,200,443930,531fd7cc0302f9e9f6b267b353799973b30c3057b54ef0f006219ec92d7cfc9d,2026-09-14T13:43:44,01.10.17_NLDC_PSP|01-10-2017|attachment/pdf
https://webcdn.grid-india.in/files/grdw/uploads/download-manager-files/02.10.17_NLDC_PSP.pdf,2017-18/02.10.17_NLDC_PSP.pdf,200,418016,890ae15336e658582d44a0393a328f1490464a54962389957de9faa68eeca414,2026-09-14T13:43:44,02.10.17_NLDC_PSP|02-10-2017|attachment/pdf
https://webcdn.grid-india.in/files/grdw/uploads/download-manager-files/03.10.17_NLDC_PSP.pdf,2017-18/03.10.17_NLDC_PSP.pdf,200,1290462,033d37f9daf70b83608863f8611e8397eb1236106aa48b69c8b5480a31ad9ca2,2026-09-14T13:43:45,03.10.17_NLDC_PSP|03-10-2017|attachment/pdf
https://webcdn.grid-india.in/files/grdw/uploads/download-manager-files/04.10.17_NLDC_PSP.pdf,2017-18/04.10.17_NLDC_PSP.pdf,200,414199,cec7d01c70a7d531b3683ad5fc2e39fa99d1f1538f7a9a2cb43748f4901818be,2026-09-14T13:43:45,04.10.17_NLDC_PSP|04-10-2017|attachment/pdf
https://webcdn.grid-india.in/files/grdw/uploads/download-manager-files/05.10.17_NLDC_PSP.pdf,2017-18/05.10.17_NLDC_PSP.pdf,200,414458,0a124b2d9c8b99849e447c963890555f6777380c9947cb031dbd4c5b594bba5f,2026-09-14T13:43:46,05.10.17_NLDC_PSP|05-10-2017|attachment/pdf
https://webcdn.grid-india.in/files/grdw/uploads/download-manager-files/06.10.17_NLDC_PSP.pdf,2017-18/06.10.17_NLDC_PSP.pdf,200,416027,8a9ed1bb0b334b55fed95812bd42d1802a2bf61a5da84203013b97e1209ff55c,2026-09-14T13:43:46,06.10.17_NLDC_PSP|06-10-2017|attachment/pdf
https://webcdn.grid-india.in/files/grdw/uploads/download-manager-files/07.10.17_NLDC_PSP.pdf,2017-18/07.10.17_NLDC_PSP.pdf,200,415713,8b41a0600a25d1356acc4412135d735445edcfb5fe2f21053691f8bd307748e2,2026-09-14T13:43:47,07.10.17_NLDC_PSP|07-10-2017|attachment/pdf
https://webcdn.grid-india.in/files/grdw/uploads/download-manager-files/08.10.17_NLDC_PSP.pdf,2017-18/08.10.17_NLDC_PSP.pdf,200,334806,1d60d4dc11903837fab07b552367680a77c3367fdb5f9d9b201ed9f4f698c7e9,2026-09-14T13:43:47,08.10.17_NLDC_PSP|08-10-2017|attachment/pdf
https://webcdn.grid-india.in/files/grdw/uploads/download-manager-files/09.10.17_NLDC_PSP.pdf,2017-18/09.10.17_NLDC_PSP.pdf,200,414749,d427a6e6b72cba0cd574cf29dcce7b91eea17978cdbb81f6e2747a36cd7b1fbe,2026-09-14T13:43:48,09.10.17_NLDC_PSP|09-10-2017|attachment/pdf
https://webcdn.grid-india.in/files/grdw/uploads/download-manager-files/10.10.17_NLDC_PSP.pdf,2017-18/10.10.17_NLDC_PSP.pdf,200,414412,f0363de458d74adb30b51baaf5694746a1ecd6dfedfb12383d8fc42a58d500db,2026-09-14T13:43:49,10.10.17_NLDC_PSP|10-10-2017|attachment/pdf
https://webcdn.grid-india.in/files/grdw/uploads/download-manager-files/11.10.17_NLDC_PSP.pdf,2017-18/11.10.17_NLDC_PSP.pdf,200,455633,b20f9aa2f8fc736c6f38afdf32744d407e76a4c2dc7a88e8a71b12c53ab1031d,2026-09-14T13:43:49,11.10.17_NLDC_PSP|11-10-2017|attachment/pdf
https://webcdn.grid-india.in/files/grdw/uploads/download-manager-files/12.10.17_NLDC_PSP.pdf,2017-18/12.10.17_NLDC_PSP.pdf,200,1514437,1554ce17fa48ea01825ba7dfce130e20c0b4810fbafc527201dea4b38866dde9,2026-09-14T13:43:50,12.10.17_NLDC_PSP|12-10-2017|attachment/pdf
https://webcdn.grid-india.in/files/grdw/uploads/download-manager-files/13.10.17_NLDC_PSP.pdf,2017-18/13.10.17_NLDC_PSP.pdf,200,1395436,674eede66bbca5484c19a637148953a75b7f208f3a9c0a0cf89cf9dd6e482c32,2026-09-14T13:43:51,13.10.17_NLDC_PSP|13-10-2017|attachment/pdf
https://webcdn.grid-india.in/files/grdw/uploads/download-manager-files/14.10.17_NLDC_PSP.pdf,2017-18/14.10.17_NLDC_PSP.pdf,200,414616,7979043d79e1d38162c0c9fe736ddb62aebba85e527367a9abedcb44cc3b3572,2026-09-14T13:43:51,14.10.17_NLDC_PSP|14-10-2017|attachment/pdf
https://webcdn.grid-india.in/files/grdw/uploads/download-manager-files/15.10.17_NLDC_PSP.pdf,2017-18/15.10.17_NLDC_PSP.pdf,200,414769,0c135dd5ddaf33f2297a3837a806cd6dffd1de7f63d85bfbddf10da24458d44d,2026-09-14T13:43:52,15.10.17_NLDC_PSP|15-10-2017|attachment/pdf
https://webcdn.grid-india.in/files/grdw/uploads/download-manager-files/16.10.17_NLDC_PSP.pdf,2017-18/16.10.17_NLDC_PSP.pdf,200,415179,c013f83bc8ca68ac4a4ad8e0c573a14a2f59a8ccbb4c0980d0af8bf5a72bf557,2026-09-14T13:43:52,16.10.17_NLDC_PSP|16-10-2017|attachment/pdf
https://webcdn.grid-india.in/files/grdw/uploads/download-manager-files/17.10.17_NLDC_PSP_H&E.pdf,2017-18/17.10.17_NLDC_PSP_H&E.pdf,200,414468,40bbd231e0fe5d0504e3ad400fbbd22fb2ec4b775bac539b61256d8eb5f3af1b,2026-09-14T13:43:53,17.10.17_NLDC_PSP_H&E|17-10-2017|attachment/pdf
https://webcdn.grid-india.in/files/grdw/uploads/download-manager-files/18.10.17_NLDC_PSP.pdf,2017-18/18.10.17_NLDC_PSP.pdf,200,414372,37f9ce640535a86740f15cf2f9a28dd3f112f764173bd41f808ac198a023f148,2026-09-14T13:43:53,18.10.17_NLDC_PSP|18-10-2017|attachment/pdf
https://webcdn.grid-india.in/files/grdw/uploads/download-manager-files/19.10.17_NLDC_PSP.pdf,2017-18/19.10.17_NLDC_PSP.pdf,200,415029,3b941598718c8c73ea25260b82098248d21178144e237f3a810a65ca32c01603,2026-09-14T13:43:54,19.10.17_NLDC_PSP|19-10-2017|attachment/pdf
https://webcdn.grid-india.in/files/grdw/uploads/download-manager-files/20.10.17_NLDC_PSP.pdf,2017-18/20.10.17_NLDC_PSP.pdf,200,570937,a5c740f61375f5c514976855c83a040e693f82f3f692f97f724f21ffc1154ca9,2026-09-14T13:43:54,20.10.17_NLDC_PSP|20-10-2017|attachment/pdf
https://webcdn.grid-india.in/files/grdw/uploads/download-manager-files/21.10.17_NLDC_PSP.pdf,2017-18/21.10.17_NLDC_PSP.pdf,200,414376,9051aafae7866b1afb6bc1724d6657924c568e2a6a6dd43c5cb19729dc313b70,2026-09-14T13:43:55,21.10.17_NLDC_PSP|21-10-2017|attachment/pdf
https://webcdn.grid-india.in/files/grdw/uploads/download-manager-files/22.10.17_NLDC_PSP.pdf,2017-18/22.10.17_NLDC_PSP.pdf,200,414279,d041133fb866e0accdc8b56e284986206f7f92f91aec4af439d4915d44a1e66a,2026-09-14T13:43:55,22.10.17_NLDC_PSP|22-10-2017|attachment/pdf
https://webcdn.grid-india.in/files/grdw/uploads/download-manager-files/23.10.17_NLDC_PSP.pdf,2017-18/23.10.17_NLDC_PSP.pdf,200,1220774,ae7969e43bdf7cab761b3f391abb6c435e3b3df7cd14026be94e15707a115fb8,2026-09-14T13:43:56,23.10.17_NLDC_PSP|23-10-2017|attachment/pdf
https://webcdn.grid-india.in/files/grdw/uploads/download-manager-files/24.10.17_NLDC_PSP.pdf,2017-18/24.10.17_NLDC_PSP.pdf,200,414671,9664af023915c84ba4e0ab4d83d426084f0dc16a53ec30df4678f4df9457e6cf,2026-09-14T13:43:56,24.10.17_NLDC_PSP|24-10-2017|attachment/pdf
https://webcdn.grid-india.in/files/grdw/uploads/download-manager-files/25.10.17_NLDC_PSP.pdf,2017-18/25.10.17_NLDC_PSP.pdf,200,414660,a5e34572dbd883dcd9d0493333a04451350e9e46a00b7bb5f8fbbf5dbabc5615,2026-09-14T13:43:57,25.10.17_NLDC_PSP|25-10-2017|attachment/pdf
https://webcdn.grid-india.in/files/grdw/uploads/download-manager-files/26.10.17_NLDC_PSP.pdf,2017-18/26.10.17_NLDC_PSP.pdf,200,414625,c1a343ea16d722452d75ff7b6eae1af0936c8e9bc6f4151a2e92d8ac9e1fc4ea,2026-09-14T13:43:58,26.10.17_NLDC_PSP|26-10-2017|attachment/pdf
https://webcdn.grid-india.in/files/grdw/uploads/download-manager-files/27.10.17_NLDC_PSP_R0.pdf,2017-18/27.10.17_NLDC_PSP_R0.pdf,200,414962,18518e2289a60af054e56b8b305b89e1b912cfc293f70990b34f06a6e323ce51,2026-09-14T13:43:58,27.10.17_NLDC_PSP|27-10-2017|attachment/pdf
https://webcdn.grid-india.in/files/grdw/uploads/download-manager-files/28.10.17_NLDC_PSP.pdf,2017-18/28.10.17_NLDC_PSP.pdf,200,414668,949515dead2f60b6ce7f38ee1796b7ce27276a7d393d8796756dd56eeacffe8a,2026-09-14T13:43:59,28.10.17_NLDC_PSP|28-10-2017|attachment/pdf
https://webcdn.grid-india.in/files/grdw/uploads/download-manager-files/29.10.17_NLDC_PSP.pdf,2017-18/29.10.17_NLDC_PSP.pdf,200,414647,8ca6ab5d13dd73f2ee75110fb9ba18fecdfe78f46ce2195c1a72ac0855d990ad,2026-09-14T13:43:59,29.10.17_NLDC_PSP|29-10-2017|attachment/pdf
https://webcdn.grid-india.in/files/grdw/uploads/download-manager-files/30.10.17_NLDC_PSP.pdf,2017-18/30.10.17_NLDC_PSP.pdf,200,414864,54d853f3c4f9e80ed75a6cd3a6a3da14a49b9f42b37f5b29b172a67619947ea7,2026-09-14T13:43:59,30.10.17_NLDC_PSP|30-10-2017|attachment/pdf
https://webcdn.grid-india.in/files/grdw/uploads/download-manager-files/31.10.17_NLDC_PSP.pdf,2017-18/31.10.17_NLDC_PSP.pdf,200,414452,713c5c3577ed12c756311afbadb224d1d6c22b65b531b9cf6775d6bb7482d670,2026-09-14T13:44:00,31.10.17_NLDC_PSP|31-10-2017|attachment/pdf
https://webcdn.grid-india.in/files/grdw/uploads/download-manager-files/01.11.17_NLDC_PSP_H&E.pdf,2017-18/01.11.17_NLDC_PSP_H&E.pdf,200,1363649,421efc453f90dcfa6a29630f11810184bd8d52c16365f03433b1734889cd7712,2026-09-14T13:44:02,01.11.17_NLDC_PSP|01-11-2017|attachment/pdf
https://webcdn.grid-india.in/files/grdw/uploads/download-manager-files/02.11.17_NLDC_PSP.pdf,2017-18/02.11.17_NLDC_PSP.pdf,200,659122,9076c577c5d4e587184030455a667f5435eb52248ea49ab8d1f0ff2849477f51,2026-09-14T13:44:02,02.11.17_NLDC_PSP|02-11-2017|attachment/pdf
https://webcdn.grid-india.in/files/grdw/uploads/download-manager-files/03.11.17_NLDC_PSP.pdf,2017-18/03.11.17_NLDC_PSP.pdf,200,566803,7652c4ef973427c1159a5e3a1d451eca7adf11553fcd64f61be4bbc3eb312ee6,2026-09-14T13:44:02,03.11.17_NLDC_PSP|03-11-2017|attachment/pdf
https://webcdn.grid-india.in/files/grdw/uploads/download-manager-files/04.11.17_NLDC_PSP.pdf,2017-18/04.11.17_NLDC_PSP.pdf,200,1321798,a85a823c1725fb88f521f416262ee4498333e53e313e4d5d6cbc5005a7e3ccd2,2026-09-14T13:44:03,04.11.17_NLDC_PSP|04-11-2017|attachment/pdf
https://webcdn.grid-india.in/files/grdw/uploads/download-manager-files/05.11.17_NLDC_PSP.pdf,2017-18/05.11.17_NLDC_PSP.pdf,200,414120,9558cf613a40ba255b0dad106583f7ba1698c8a5c408f84f7762324da9789cd7,2026-09-14T13:44:03,05.11.17_NLDC_PSP|05-11-2017|attachment/pdf
https://webcdn.grid-india.in/files/grdw/uploads/download-manager-files/07.11.17_NLDC_PSP.pdf,2017-18/07.11.17_NLDC_PSP.pdf,200,414601,d17e365bcb38601f823f89396925d62484aad2d504de999dd2d69e0425b7c16f,2026-09-14T13:44:04,07.11.17_NLDC_PSP|07-11-2017|attachment/pdf
https://webcdn.grid-india.in/files/grdw/uploads/download-manager-files/08.11.17_NLDC_PSP.pdf,2017-18/08.11.17_NLDC_PSP.pdf,200,659336,70982f772f5d57cd3f4a241153487bd3570746ff51acfe26fa85de57115dbe7c,2026-09-14T13:44:04,08.11.17_NLDC_PSP|08-11-2017|attachment/pdf
https://webcdn.grid-india.in/files/grdw/uploads/download-manager-files/09.11.17_NLDC_PSP.pdf,2017-18/09.11.17_NLDC_PSP.pdf,200,1401494,b29de36df5b936ff03a25c2a9071301a31ce9e6dde487c3182234f9b5ff6bb0a,2026-09-14T13:44:05,09.11.17_NLDC_PSP|09-11-2017|attachment/pdf
https://webcdn.grid-india.in/files/grdw/uploads/download-manager-files/10.11.17_NLDC_PSP.pdf,2017-18/10.11.17_NLDC_PSP.pdf,200,1515154,193ce3a7d0677779c28e9e43366a461aaaef9377d0b62bad18354e034142235c,2026-09-14T13:44:06,10.11.17_NLDC_PSP|10-11-2017|attachment/pdf
https://webcdn.grid-india.in/files/grdw/uploads/download-manager-files/11.11.17_NLDC_PSP.pdf,2017-18/11.11.17_NLDC_PSP.pdf,200,455020,8b9756a97abac1da573668c132ad021049e1b4ebeb6ade3a3a75d02240e93c03,2026-09-14T13:44:06,11.11.17_NLDC_PSP|11-11-2017|attachment/pdf
https://webcdn.grid-india.in/files/grdw/uploads/download-manager-files/12.11.17_NLDC_PSP.pdf,2017-18/12.11.17_NLDC_PSP.pdf,200,413833,18638c220e2bb03e400298ec694d7a9b0c3f8d1bfafddfabb8d75a38336f00d9,2026-09-14T13:44:07,12.11.17_NLDC_PSP|12-11-2017|attachment/pdf
https://webcdn.grid-india.in/files/grdw/uploads/download-manager-files/13.11.17_NLDC_PSP.pdf,2017-18/13.11.17_NLDC_PSP.pdf,200,414133,7c35ebe83a206ab72a0d00642de15b77a2df129269283bdd4018b3579ad52445,2026-09-14T13:44:08,13.11.17_NLDC_PSP|13-11-2017|attachment/pdf
https://webcdn.grid-india.in/files/grdw/uploads/download-manager-files/14.11.17_NLDC_PSP.pdf,2017-18/14.11.17_NLDC_PSP.pdf,200,414267,4169e75477a48f6b8b972680ef275694bcab3fee15466e5a54b867cf8f8bc24a,2026-09-14T13:44:08,14.11.17_NLDC_PSP|14-11-2017|attachment/pdf
https://webcdn.grid-india.in/files/grdw/uploads/download-manager-files/15.11.17_NLDC_PSP.pdf,2017-18/15.11.17_NLDC_PSP.pdf,200,567290,7980925e7f0113aa3ba9b50ffbd60c822e0b99b354898baa4ebcf816ca529556,2026-09-14T13:44:08,15.11.17_NLDC_PSP|15-11-2017|attachment/pdf
https://webcdn.grid-india.in/files/grdw/uploads/download-manager-files/16.11.17_NLDC_PSP.pdf,2017-18/16.11.17_NLDC_PSP.pdf,200,414400,846633032e94117ea0d0ddc5ad9ff8e0b8151ec115810d8ff383557159cbb61f,2026-09-14T13:44:09,16.11.17_NLDC_PSP|16-11-2017|attachment/pdf
https://webcdn.grid-india.in/files/grdw/uploads/download-manager-files/17.11.17_NLDC_PSP.pdf,2017-18/17.11.17_NLDC_PSP.pdf,200,1514672,657c0e46735d9bc3a5059c39d87b379fbddb589f61a2ab09acc2447ad6a79ebb,2026-09-14T13:44:10,17.11.17_NLDC_PSP|17-11-2017|attachment/pdf
https://webcdn.grid-india.in/files/grdw/uploads/download-manager-files/18.11.17_NLDC_PSP.pdf,2017-18/18.11.17_NLDC_PSP.pdf,200,414340,7e5ffad5f0e3a6c5d9a061ae98c82f04c2e699161994a1cb9271a2e3d63da043,2026-09-14T13:44:10,18.11.17_NLDC_PSP|18-11-2017|attachment/pdf
https://webcdn.grid-india.in/files/grdw/uploads/download-manager-files/19.11.17_NLDC_PSP.pdf,2017-18/19.11.17_NLDC_PSP.pdf,200,414854,b02bcbcd216ac3cb0fb11beead87f2086bcd967bd33d5c35b64967e19f41e434,2026-09-14T13:44:11,19.11.17_NLDC_PSP|19-11-2017|attachment/pdf
https://webcdn.grid-india.in/files/grdw/uploads/download-manager-files/20.11.17_NLDC_PSP.pdf,2017-18/20.11.17_NLDC_PSP.pdf,200,414882,0fdc70fada4f6275c96cba38eac5939f35b9bc3e18b7da794228192e1f33ebbe,2026-09-14T13:44:11,20.11.17_NLDC_PSP|20-11-2017|attachment/pdf
https://webcdn.grid-india.in/files/grdw/uploads/download-manager-files/21.11.17_NLDC_PSP.pdf,2017-18/21.11.17_NLDC_PSP.pdf,200,574693,39b8900daaeeaed958f914a8950a7ac6a2886f8c05ac7e69cd65dc5e910c17c6,2026-09-14T13:44:12,21.11.17_NLDC_PSP|21-11-2017|attachment/pdf
https://webcdn.grid-india.in/files/grdw/uploads/download-manager-files/22.11.17_NLDC_PSP.pdf,2017-18/22.11.17_NLDC_PSP.pdf,200,414103,9a3dd81ee9e7377c8a7430bb77434fc8a872cca0ac2e2d34ce7284e351cd521f,2026-09-14T13:44:12,22.11.17_NLDC_PSP|22-11-2017|attachment/pdf
https://webcdn.grid-india.in/files/grdw/uploads/download-manager-files/23.11.17_NLDC_PSP.pdf,2017-18/23.11.17_NLDC_PSP.pdf,200,414339,d064c7aa28b1f2169256d91a198d3fb9df461144e08555481516dde1aa5fcef0,2026-09-14T13:44:13,23.11.17_NLDC_PSP|23-11-2017|attachment/pdf
https://webcdn.grid-india.in/files/grdw/uploads/download-manager-files/24.11.17_NLDC_PSP.pdf,2017-18/24.11.17_NLDC_PSP.pdf,200,414226,d961f3d83e4eaae384660952351f9071a534c684e19ae9bb769b27f60ae2fc80,2026-09-14T13:44:13,24.11.17_NLDC_PSP|24-11-2017|attachment/pdf
https://webcdn.grid-india.in/files/grdw/uploads/download-manager-files/25.11.17_NLDC_PSP.pdf,2017-18/25.11.17_NLDC_PSP.pdf,200,348928,fe9b553afd2d9bcc37a82d0b7cff8f6371b013daf80b01e815ccaad308fcd92b,2026-09-14T13:44:14,25.11.17_NLDC_PSP|25-11-2017|attachment/pdf
https://webcdn.grid-india.in/files/grdw/uploads/download-manager-files/26.11.17_NLDC_PSP_H&E.pdf,2017-18/26.11.17_NLDC_PSP_H&E.pdf,200,1396929,741ee80d01937980911023625cb94ac66f231879ec544168bd5a0c05d0d6e82f,2026-09-14T13:44:15,26.11.17_NLDC_PSP|26-11-2017|attachment/pdf
https://webcdn.grid-india.in/files/grdw/uploads/download-manager-files/27.11.17_NLDC_PSP.pdf,2017-18/27.11.17_NLDC_PSP.pdf,200,414312,176049da52e1cb8066cfc89902c3ae74ea3152fdc934dbdc97fe6018e7428790,2026-09-14T13:44:15,27.11.17_NLDC_PSP|27-11-2017|attachment/pdf
https://webcdn.grid-india.in/files/grdw/uploads/download-manager-files/28.11.17_NLDC_PSP.pdf,2017-18/28.11.17_NLDC_PSP.pdf,200,414543,7dcb3c7c4bd8e3f50dbe6323a54696047db97d8807e9979fc5026b477105cb17,2026-09-14T13:44:16,28.11.17_NLDC_PSP|28-11-2017|attachment/pdf
https://webcdn.grid-india.in/files/grdw/uploads/download-manager-files/29.11.17_NLDC_PSP.pdf,2017-18/29.11.17_NLDC_PSP.pdf,200,418071,6b36ebc8fcbdf4f76f8ff4d883aeb5c0ed3868d7ab4e81d868883dd1ca1cedb6,2026-09-14T13:44:16,29.11.17_NLDC_PSP|29-11-2017|attachment/pdf
https://webcdn.grid-india.in/files/grdw/uploads/download-manager-files/30.11.17_NLDC_PSP.pdf,2017-18/30.11.17_NLDC_PSP.pdf,200,418520,5315d82eb5f0e21e3c8a8772697e43eb9915183c3678772b2fb068a1028917c2,2026-09-14T13:44:17,30.11.17_NLDC_PSP|30-11-2017|attachment/pdf
https://webcdn.grid-india.in/files/grdw/uploads/download-manager-files/01.12.17_NLDC_PSP.pdf,2017-18/01.12.17_NLDC_PSP.pdf,200,566771,7562fc2f7ae6635a395896f2fc5ad2bf9bd6f592b188fe23620aa434c15d53dc,2026-09-14T13:44:18,01.12.17_NLDC_PSP|01-12-2017|attachment/pdf
https://webcdn.grid-india.in/files/grdw/uploads/download-manager-files/02.12.17_NLDC_PSP.pdf,2017-18/02.12.17_NLDC_PSP.pdf,200,416036,992071f959cb88b836bb84cf62daad9b00f86f05ce2189781405fb99861f8d4b,2026-09-14T13:44:18,02.12.17_NLDC_PSP|02-12-2017|attachment/pdf
https://webcdn.grid-india.in/files/grdw/uploads/download-manager-files/03.12.17_NLDC_PSP.pdf,2017-18/03.12.17_NLDC_PSP.pdf,200,1363929,5c284869df5ff8c46442358cdc39c0de69d2c567dd809d1b250d5f596cf8353d,2026-09-14T13:44:19,03.12.17_NLDC_PSP|03-12-2017|attachment/pdf
https://webcdn.grid-india.in/files/grdw/uploads/download-manager-files/04.12.17_NLDC_PSP.pdf,2017-18/04.12.17_NLDC_PSP.pdf,200,416241,31dbc46cb9fdbf957f68ffa53ad347de1ec0ca428982eac5bf107099d5aa117a,2026-09-14T13:44:19,04.12.17_NLDC_PSP|04-12-2017|attachment/pdf
https://webcdn.grid-india.in/files/grdw/uploads/download-manager-files/05.12.17_NLDC_PSP.pdf,2017-18/05.12.17_NLDC_PSP.pdf,200,456776,9732f780dcf499e515fdace34a4d5c0f8f9ebf45646d64555433d1e1ccac86d5,2026-09-14T13:44:20,05.12.17_NLDC_PSP|05-12-2017|attachment/pdf
https://webcdn.grid-india.in/files/grdw/uploads/download-manager-files/06.12.17_NLDC_PSP.pdf,2017-18/06.12.17_NLDC_PSP.pdf,200,415787,1cf98405bf826e5e9787310ad6abcb44b82c02ab9f4a0671d54b1ee839512e69,2026-09-14T13:44:20,06.12.17_NLDC_PSP|06-12-2017|attachment/pdf
https://webcdn.grid-india.in/files/grdw/uploads/download-manager-files/07.12.17_NLDC_PSP.pdf,2017-18/07.12.17_NLDC_PSP.pdf,200,415833,79a9ad25afab0c678eb63c3ce95d5dd3e83856e3dc66f18748552794862bccac,2026-09-14T13:44:21,07.12.17_NLDC_PSP|07-12-2017|attachment/pdf
https://webcdn.grid-india.in/files/grdw/uploads/download-manager-files/08.12.17_NLDC_PSP.pdf,2017-18/08.12.17_NLDC_PSP.pdf,200,415550,a56fe9b3c57ab1d648a3405977cf9c94ee686aa2c10cab0a87a436568e142f61,2026-09-14T13:44:21,08.12.17_NLDC_PSP|08-12-2017|attachment/pdf
https://webcdn.grid-india.in/files/grdw/uploads/download-manager-files/09.12.17_NLDC_PSP.pdf,2017-18/09.12.17_NLDC_PSP.pdf,200,416234,87c2fc92c716d7d331b736fe9d66d4ef6b5d493df692dc56c0332fca14059009,2026-09-14T13:44:22,09.12.17_NLDC_PSP|09-12-2017|attachment/pdf
https://webcdn.grid-india.in/files/grdw/uploads/download-manager-files/10.12.17_NLDC_PSP.pdf,2017-18/10.12.17_NLDC_PSP.pdf,200,447190,18bfc094ff527aa337970df782f25a36540c70d174c45984b3ce33ee1bc450aa,2026-09-14T13:44:22,10.12.17_NLDC_PSP|10-12-2017|attachment/pdf
https://webcdn.grid-india.in/files/grdw/uploads/download-manager-files/11.12.17_NLDC_PSP.pdf,2017-18/11.12.17_NLDC_PSP.pdf,200,1826462,ba7de9a34379bad4e4c795bc718b4302699b6c125809776ed8d1888a0195a657,2026-09-14T13:44:24,11.12.17_NLDC_PSP|11-12-2017|attachment/pdf
https://webcdn.grid-india.in/files/grdw/uploads/download-manager-files/12.12.17_NLDC_PSP.pdf,2017-18/12.12.17_NLDC_PSP.pdf,200,415586,5655e0e0d5bc0872ac94a151db45b285047a9357abbe2755dd31a5d1b2f4818b,2026-09-14T13:44:24,12.12.17_NLDC_PSP|12-12-2017|attachment/pdf
https://webcdn.grid-india.in/files/grdw/uploads/download-manager-files/13.12.17_NLDC_PSP.pdf,2017-18/13.12.17_NLDC_PSP.pdf,200,415911,d87f52ea2a2ef46dd40738eaff706199d6b02cdc5bfb28537d1ae836058c1c9e,2026-09-14T13:44:24,13.12.17_NLDC_PSP|13-12-2017|attachment/pdf
https://webcdn.grid-india.in/files/grdw/uploads/download-manager-files/14.12.17_NLDC_PSP.pdf,2017-18/14.12.17_NLDC_PSP.pdf,200,1295578,9db771d5a556537732eb95724f78489d992bd3045e3d4673bb4dc938010e7aa6,2026-09-14T13:44:26,14.12.17_NLDC_PSP|14-12-2017|attachment/pdf
https://webcdn.grid-india.in/files/grdw/uploads/download-manager-files/15.12.17_NLDC_PSP.pdf,2017-18/15.12.17_NLDC_PSP.pdf,200,1178117,3b8e6f3a9d30df3aaca662bbabbcf14e4f4292eca13aa2fe5eb95cdb589fa615,2026-09-14T13:44:26,15.12.17_NLDC_PSP|15-12-2017|attachment/pdf
https://webcdn.grid-india.in/files/grdw/uploads/download-manager-files/16.12.17_NLDC_PSP.pdf,2017-18/16.12.17_NLDC_PSP.pdf,200,416081,9eca5468c62ee894323a18e62bcc675f80eaba524f896eb97fb3aee0210cde17,2026-09-14T13:44:27,16.12.17_NLDC_PSP|16-12-2017|attachment/pdf
https://webcdn.grid-india.in/files/grdw/uploads/download-manager-files/17.12.17_NLDC_PSP.pdf,2017-18/17.12.17_NLDC_PSP.pdf,200,416043,52d52d16bc3761f4cf7fb6e65908a66421b84c4f1d5fd0f20798f94d8e318e55,2026-09-14T13:44:27,17.12.17_NLDC_PSP|17-12-2017|attachment/pdf
https://webcdn.grid-india.in/files/grdw/uploads/download-manager-files/18.12.17_NLDC_PSP.pdf,2017-18/18.12.17_NLDC_PSP.pdf,200,415853,f430db451396c0960815e81151cf228583022f238a003c8654d76bb2b6ca6614,2026-09-14T13:44:28,18.12.17_NLDC_PSP|18-12-2017|attachment/pdf
https://webcdn.grid-india.in/files/grdw/uploads/download-manager-files/19.12.17_NLDC_PSP.pdf,2017-18/19.12.17_NLDC_PSP.pdf,200,1513719,b7db0c4ef117c501ac0a20569640e01bb1fdc5456f7e850a81f8436ac53869fd,2026-09-14T13:44:29,19.12.17_NLDC_PSP|19-12-2017|attachment/pdf
https://webcdn.grid-india.in/files/grdw/uploads/download-manager-files/20.12.17_NLDC_PSP.pdf,2017-18/20.12.17_NLDC_PSP.pdf,200,1225033,002cda5b3035b83c62601ba0da72adba262e0c67d0ece442e024184f5abdfccc,2026-09-14T13:44:29,20.12.17_NLDC_PSP|20-12-2017|attachment/pdf
https://webcdn.grid-india.in/files/grdw/uploads/download-manager-files/21.12.17_NLDC_PSP.pdf,2017-18/21.12.17_NLDC_PSP.pdf,200,1293349,d1ac49599db5c200e4f68108d32ef1acaeda62d3bccabcdbab20409307b58020,2026-09-14T13:44:30,21.12.17_NLDC_PSP|21-12-2017|attachment/pdf
https://webcdn.grid-india.in/files/grdw/uploads/download-manager-files/22.12.17_NLDC_PSP.pdf,2017-18/22.12.17_NLDC_PSP.pdf,200,416222,33a78c93d8ddf26bab5b07ede609ad26f9befede2db16e357ecba72ede6ed4b4,2026-09-14T13:44:30,22.12.17_NLDC_PSP|22-12-2017|attachment/pdf
https://webcdn.grid-india.in/files/grdw/uploads/download-manager-files/23.12.17_NLDC_PSP.pdf,2017-18/23.12.17_NLDC_PSP.pdf,200,456908,a06a48b1391181c67a06d044ab520f7a984c00678d986e5ab00a6a3b9019866a,2026-09-14T13:44:30,23.12.17_NLDC_PSP|23-12-2017|attachment/pdf
https://webcdn.grid-india.in/files/grdw/uploads/download-manager-files/24.12.17_NLDC_PSP.pdf,2017-18/24.12.17_NLDC_PSP.pdf,200,416666,d030e3410cf227b22db5c752a724f6e437cf700a4a75d0f18408f282c47b4102,2026-09-14T13:44:31,24.12.17_NLDC_PSP|24-12-2017|attachment/pdf
https://webcdn.grid-india.in/files/grdw/uploads/download-manager-files/25.12.17_NLDC_PSP.pdf,2017-18/25.12.17_NLDC_PSP.pdf,200,447492,475cf39fe6ae9026101e348eebffdbfa314c61d2d061c61d80a6cb4458e89c2c,2026-09-14T13:44:31,25.12.17_NLDC_PSP|25-12-2017|attachment/pdf
https://webcdn.grid-india.in/files/grdw/uploads/download-manager-files/26.12.17_NLDC_PSP.pdf,2017-18/26.12.17_NLDC_PSP.pdf,200,416479,fc4db52b052fce0fff4b15c611a470ae30cdb9b1d8ad1a4cf719a7511a1c96c2,2026-09-14T13:44:32,26.12.17_NLDC_PSP|26-12-2017|attachment/pdf
https://webcdn.grid-india.in/files/grdw/uploads/download-manager-files/27.12.17_NLDC_PSP.pdf,2017-18/27.12.17_NLDC_PSP.pdf,200,1514037,515c2928678bfdfe145d059e12af654715a6eab5b44a977bdda04295fbbba3fa,2026-09-14T13:44:33,27.12.17_NLDC_PSP|27-12-2017|attachment/pdf
https://webcdn.grid-india.in/files/grdw/uploads/download-manager-files/28.12.17_NLDC_PSP.pdf,2017-18/28.12.17_NLDC_PSP.pdf,200,1511498,30cef4c2dd5028d6686f32adfdba4109fee607afabcc30fa0448e953c525a0dd,2026-09-14T13:44:34,28.12.17_NLDC_PSP|28-12-2017|attachment/pdf
https://webcdn.grid-india.in/files/grdw/uploads/download-manager-files/29.12.17_NLDC_PSP.pdf,2017-18/29.12.17_NLDC_PSP.pdf,200,1221433,5b8208863f667689010702f3ceeb1f5e4d2f2b682ae5d4007e1f1cd21dcac954,2026-09-14T13:44:35,29.12.17_NLDC_PSP|29-12-2017|attachment/pdf
https://webcdn.grid-india.in/files/grdw/uploads/download-manager-files/30.12.17_NLDC_PSP.pdf,2017-18/30.12.17_NLDC_PSP.pdf,200,456102,72d9d92d9b74a4ae99d7e04f40eb9aba6fdfa3b7612e0bc024fbf3dcf3e37660,2026-09-14T13:44:35,30.12.17_NLDC_PSP|30-12-2017|attachment/pdf
https://webcdn.grid-india.in/files/grdw/uploads/download-manager-files/31.12.17_NLDC_PSP.pdf,2017-18/31.12.17_NLDC_PSP.pdf,200,416868,dccb76551d24a66dba7df1774fbb2079e685a2df7020c65f1ff6ef29874d46b5,2026-09-14T13:44:36,31.12.17_NLDC_PSP|31-12-2017|attachment/pdf
https://webcdn.grid-india.in/files/grdw/uploads/download-manager-files/01.01.18_NLDC_PSP.pdf,2017-18/01.01.18_NLDC_PSP.pdf,200,1308833,6a54a47653df261d8c94821b69621d91505b3fccf07f2f952c362316eb5135d3,2026-09-14T13:44:37,01.01.18_NLDC_PSP|01-01-2018|attachment/pdf
https://webcdn.grid-india.in/files/grdw/uploads/download-manager-files/02.01.18_NLDC_PSP.pdf,2017-18/02.01.18_NLDC_PSP.pdf,200,446513,c63d46c5e072c871bc00d01258fd7e6ae0249843de253fe8147f97a5b0bf2a20,2026-09-14T13:44:37,02.01.18_NLDC_PSP|02-01-2018|attachment/pdf
https://webcdn.grid-india.in/files/grdw/uploads/download-manager-files/03.01.18_NLDC_PSP.pdf,2017-18/03.01.18_NLDC_PSP.pdf,200,566024,744b1448538b8a16ee8cbdfab3e6576ef8a507014a234672df35ef4d5bf5186c,2026-09-14T13:44:38,03.01.18_NLDC_PSP|03-01-2018|attachment/pdf
https://webcdn.grid-india.in/files/grdw/uploads/download-manager-files/04.01.18_NLDC_%20PSP.pdf,2017-18/04.01.18_NLDC_ PSP.pdf,200,1328740,185d836e7302fa3c391856668eb5a4e7fe2e225fa89cdcdba3eb37253cf3684c,2026-09-14T13:44:39,04.01.18_NLDC_ PSP|04-01-2018|attachment/pdf
https://webcdn.grid-india.in/files/grdw/uploads/download-manager-files/05.01.18_NLDC_PSP.pdf,2017-18/05.01.18_NLDC_PSP.pdf,200,415687,a635630b5d4ddd84f7f01a2267eb7f0ff4915c7b7d68b6b440c74f34733dd529,2026-09-14T13:44:39,05.01.18_NLDC_PSP|05-01-2018|attachment/pdf
https://webcdn.grid-india.in/files/grdw/uploads/download-manager-files/06.01.18_NLDC_%20PSP%20.pdf,2017-18/06.01.18_NLDC_ PSP .pdf,200,1123430,f03fe7081816aeeaa0e0c07d4cd033badd7bbd8abfcc68b436ab134732dc5d0f,2026-09-14T13:44:40,06.01.18_NLDC_PSP|06-01-2018|attachment/pdf
https://webcdn.grid-india.in/files/grdw/uploads/download-manager-files/07.01.18_NLDC_PSP.pdf,2017-18/07.01.18_NLDC_PSP.pdf,200,416078,704d6b18545e8a62eedd1064acc117beb8d7ca1dad21a8431e57afe3842b54a8,2026-09-14T13:44:40,07.01.18_NLDC_PSP|07-01-2018|attachment/pdf
https://webcdn.grid-india.in/files/grdw/uploads/download-manager-files/08.01.18_NLDC_PSP.pdf,2017-18/08.01.18_NLDC_PSP.pdf,200,109211,9137b1355ed9d98add64abdaf5883b9f36f459e3034542e7493aebc94a66c4c8,2026-09-14T13:44:40,08.01.18_NLDC_PSP|08-01-2018|attachment/pdf
https://webcdn.grid-india.in/files/grdw/uploads/download-manager-files/09.01.18_NLDC_PSP.pdf,2017-18/09.01.18_NLDC_PSP.pdf,200,411551,fe0da732ede2410f79c8dbc91a9f2aaa2ba06b6ade35a004c4a28b1caffab66a,2026-09-14T13:44:41,09.01.18_NLDC_PSP|09-01-2018|attachment/pdf
https://webcdn.grid-india.in/files/grdw/uploads/download-manager-files/10.01.18_NLDC_PSP.pdf,2017-18/10.01.18_NLDC_PSP.pdf,200,415814,fd525d5cfcd8ded4af71d84434f5cbae2c0189e229bdf4797ddfdc708ac939a4,2026-09-14T13:44:42,10.01.18_NLDC_PSP|10-01-2018|attachment/pdf
https://webcdn.grid-india.in/files/grdw/uploads/download-manager-files/11.01.18_NLDC_PSP.pdf,2017-18/11.01.18_NLDC_PSP.pdf,200,446529,025dcd5ffd1485b5a9933558a101622b7fa3e50172b9d738c96a5aa2f23d3d44,2026-09-14T13:44:42,11.01.18_NLDC_PSP|11-01-2018|attachment/pdf
https://webcdn.grid-india.in/files/grdw/uploads/download-manager-files/12.01.18_NLDC_PSP.pdf,2017-18/12.01.18_NLDC_PSP.pdf,200,409352,20673f1170a3edf762b39855f1c21593083d78c51e80b4e39ddb0950a8f4449b,2026-09-14T13:44:42,12.01.18_NLDC_PSP|12-01-2018|attachment/pdf
https://webcdn.grid-india.in/files/grdw/uploads/download-manager-files/13.01.18_NLDC_PSP.pdf,2017-18/13.01.18_NLDC_PSP.pdf,200,409576,b1aea48ba81e05cd3699f6ab33912bc65f5b7f585ccf7b29b3377964cc566a92,2026-09-14T13:44:43,13.01.18_NLDC_PSP|13-01-2018|attachment/pdf
https://webcdn.grid-india.in/files/grdw/uploads/download-manager-files/14.01.18_NLDC_PSP.pdf,2017-18/14.01.18_NLDC_PSP.pdf,200,409851,ebe651c6806c37b78f54fe231b1524551dc7e5d3556b913b608bb1cf32873e39,2026-09-14T13:44:43,14.01.18_NLDC_PSP|14-01-2018|attachment/pdf
https://webcdn.grid-india.in/files/grdw/uploads/download-manager-files/15.01.18_NLDC_PSP.pdf,2017-18/15.01.18_NLDC_PSP.pdf,200,409731,af3fffb0f38bcde9f8e98833bfa7965db88c5e2a69433a5bbf151435330acf39,2026-09-14T13:44:44,15.01.18_NLDC_PSP|15-01-2018|attachment/pdf
https://webcdn.grid-india.in/files/grdw/uploads/download-manager-files/16.01.18_NLDC_PSP.pdf,2017-18/16.01.18_NLDC_PSP.pdf,200,409980,8aec7819873a5038c09c89901bd33963d853139ab87b011acc9b73049c302f40,2026-09-14T13:44:44,16.01.18_NLDC_PSP|16-01-2018|attachment/pdf
https://webcdn.grid-india.in/files/grdw/uploads/download-manager-files/17.01.18_NLDC_PSP.pdf,2017-18/17.01.18_NLDC_PSP.pdf,200,410193,55b286e6294f58b586649b6d1bdc7d0c35bd5b220732772f490eb49c7c54a451,2026-09-14T13:44:45,17.01.18_NLDC_PSP|17-01-2018|attachment/pdf
https://webcdn.grid-india.in/files/grdw/uploads/download-manager-files/18.01.18_NLDC_PSP.pdf,2017-18/18.01.18_NLDC_PSP.pdf,200,409188,2f0c58496e24f379ef885c7d6411b1380b67ac604c0605eb9e809ad1779c0e98,2026-09-14T13:44:45,18.01.18_NLDC_PSP|18-01-2018|attachment/pdf
https://webcdn.grid-india.in/files/grdw/uploads/download-manager-files/19.01.18_NLDC_PSP.pdf,2017-18/19.01.18_NLDC_PSP.pdf,200,1510024,2d915be788889bbb427e2b5f12684103f17617e6a6dd27ca40de6cf49b9165a8,2026-09-14T13:44:46,19.01.18_NLDC_PSP|19-01-2018|attachment/pdf
https://webcdn.grid-india.in/files/grdw/uploads/download-manager-files/20.01.18_NLDC_PSP.pdf,2017-18/20.01.18_NLDC_PSP.pdf,200,409418,5e8b451606e500d1da7a5f287b9753297b32d3f4107269d46e301ceb6385a969,2026-09-14T13:44:46,20.01.18_NLDC_PSP|20-01-2018|attachment/pdf
https://webcdn.grid-india.in/files/grdw/uploads/download-manager-files/21.01.18_NLDC_PSP.pdf,2017-18/21.01.18_NLDC_PSP.pdf,200,409712,beb858d6450a7068a08793ab20f1ae3a365fabccf40edbd4740330ec194b0635,2026-09-14T13:44:47,21.01.18_NLDC_PSP|21-01-2018|attachment/pdf
https://webcdn.grid-india.in/files/grdw/uploads/download-manager-files/22.01.18_NLDC_PSP.pdf,2017-18/22.01.18_NLDC_PSP.pdf,200,409494,bd183312764fb6f6d83d76551ba3693cb4c8c903712003ec50c95243cbb9e4db,2026-09-14T13:44:47,22.01.18_NLDC_PSP|22-01-2018|attachment/pdf
https://webcdn.grid-india.in/files/grdw/uploads/download-manager-files/23.01.18_NLDC_PSP.pdf,2017-18/23.01.18_NLDC_PSP.pdf,200,1359139,3f086cfecf3aeae6fca8cddbceef243d2855b12d47dce10e084e06946566a66e,2026-09-14T13:44:49,23.01.18_NLDC_PSP|23-01-2018|attachment/pdf
https://webcdn.grid-india.in/files/grdw/uploads/download-manager-files/24.01.18_NLDC_PSP.pdf,2017-18/24.01.18_NLDC_PSP.pdf,200,1172620,d344b0cf86e2b2b8ddd3692be7b21721d5ce98120b1c8427c0118d5622530d9c,2026-09-14T13:44:49,24.01.18_NLDC_PSP|24-01-2018|attachment/pdf
https://webcdn.grid-india.in/files/grdw/uploads/download-manager-files/25.01.18_NLDC_PSP.pdf,2017-18/25.01.18_NLDC_PSP.pdf,200,409902,cd0d445132a58b074ec1c51f660174cba9a1a032dfae512ac455f977a8d235db,2026-09-14T13:44:50,25.01.18_NLDC_PSP|25-01-2018|attachment/pdf
https://webcdn.grid-india.in/files/grdw/uploads/download-manager-files/26.01.18_NLDC_PSP.pdf,2017-18/26.01.18_NLDC_PSP.pdf,200,409736,027a0d260ef9627ef42736288ec1a0e8d88e9c00b774b14f509d171c9cf34c12,2026-09-14T13:44:50,26.01.18_NLDC_PSP|26-01-2018|attachment/pdf
https://webcdn.grid-india.in/files/grdw/uploads/download-manager-files/27.01.18_NLDC_PSP.pdf,2017-18/27.01.18_NLDC_PSP.pdf,200,409965,f3b0d04d6dd94fe371140ae3f067ea9cb887920f3091de5e5153605d3972c372,2026-09-14T13:44:50,27.01.18_NLDC_PSP|27-01-2018|attachment/pdf
https://webcdn.grid-india.in/files/grdw/uploads/download-manager-files/28.01.18_NLDC_PSP.pdf,2017-18/28.01.18_NLDC_PSP.pdf,200,410140,b5286da3b9f9e168cb47cbb9941cb824f4cbae005d3e7e90a04caec7652f6580,2026-09-14T13:44:51,28.01.18_NLDC_PSP|28-01-2018|attachment/pdf
https://webcdn.grid-india.in/files/grdw/uploads/download-manager-files/29.01.18_NLDC_PSP.pdf,2017-18/29.01.18_NLDC_PSP.pdf,200,409873,2ebdb2bb91c5bc7c13c3e7e95efa0ba71e0c3b4ffad7a2c4387ee607f36ee7f5,2026-09-14T13:44:52,29.01.18_NLDC_PSP|29-01-2018|attachment/pdf
https://webcdn.grid-india.in/files/grdw/uploads/download-manager-files/30.01.18_NLDC_PSP.pdf,2017-18/30.01.18_NLDC_PSP.pdf,200,1286460,894920ce30a0ed54b9d93159bd43696a951fea0ce15c74812e4ee093c297c2f0,2026-09-14T13:44:53,30.01.18_NLDC_PSP|30-01-2018|attachment/pdf
https://webcdn.grid-india.in/files/grdw/uploads/download-manager-files/31.01.18_NLDC_PSP.pdf,2017-18/31.01.18_NLDC_PSP.pdf,200,1488804,00a63dc6bc1b044c8216587bb4f80cd987e576cc1b19ae2114a45bdf91bc1f99,2026-09-14T13:44:53,31.01.18_NLDC_PSP|31-01-2018|attachment/pdf
https://webcdn.grid-india.in/files/grdw/uploads/download-manager-files/01.02.18_NLDC_PSP.pdf,2017-18/01.02.18_NLDC_PSP.pdf,200,1487448,784e06ad42d50b2f25ca6ea22da0f50fc2a02b3becf98e666531009d1d306ba0,2026-09-14T13:44:55,01.02.18_NLDC_PSP|01-02-2018|attachment/pdf
https://webcdn.grid-india.in/files/grdw/uploads/download-manager-files/02.02.18_NLDC_PSP.pdf,2017-18/02.02.18_NLDC_PSP.pdf,200,633108,cf11ea6b5a6eb091ba78da16e2506cfb8d4708711a854a60d3a70237ea4a2c1b,2026-09-14T13:44:55,02.02.18_NLDC_PSP|02-02-2018|attachment/pdf
https://webcdn.grid-india.in/files/grdw/uploads/download-manager-files/03.02.18_NLDC_PSP.pdf,2017-18/03.02.18_NLDC_PSP.pdf,200,428921,ae4b2d571098f9973e52e744e01af7df4f8b77aeb537512afdad7a8a37b259dd,2026-09-14T13:44:55,03.02.18_NLDC_PSP|03-02-2018|attachment/pdf
https://webcdn.grid-india.in/files/grdw/uploads/download-manager-files/04.02.18_NLDC_PSP.pdf,2017-18/04.02.18_NLDC_PSP.pdf,200,631809,b2c540052378b4366a84b61d103db87b817d4a7e383fc0ee516e26daa93eb848,2026-09-14T13:44:56,04.02.18_NLDC_PSP|04-02-2018|attachment/pdf
https://webcdn.grid-india.in/files/grdw/uploads/download-manager-files/05.02.18_NLDC_PSP_H&_E.pdf,2017-18/05.02.18_NLDC_PSP_H&_E.pdf,200,1484812,0eba1add5e1bdc033429b533a7d82a0d1befa973c2f5483b19826737de3116a5,2026-09-14T13:44:57,05.02.18_NLDC_PSP|05-02-2018|attachment/pdf
https://webcdn.grid-india.in/files/grdw/uploads/download-manager-files/06.02.18_NLDC_PSP.pdf,2017-18/06.02.18_NLDC_PSP.pdf,200,1484847,50bbff4a925cc2dfa969eff33d0565a2d72b9e970bf0a57ad7a70b129646f366,2026-09-14T13:44:57,06.02.18_NLDC_PSP|06-02-2018|attachment/pdf
https://webcdn.grid-india.in/files/grdw/uploads/download-manager-files/07.02.18_NLDC_PSP.pdf,2017-18/07.02.18_NLDC_PSP.pdf,200,1484850,184215bdfbee66a429bb3ffd4739867aef4513fbe282389ace0b57e82901a604,2026-09-14T13:44:58,07.02.18_NLDC_PSP|07-02-2018|attachment/pdf
https://webcdn.grid-india.in/files/grdw/uploads/download-manager-files/08.02.18_NLDC_PSP.pdf,2017-18/08.02.18_NLDC_PSP.pdf,200,1486406,e3f9cd7866559b54196534ddd1f6a0ff246e5913951ff537d321a59873deba91,2026-09-14T13:44:59,08.02.18_NLDC_PSP|08-02-2018|attachment/pdf
https://webcdn.grid-india.in/files/grdw/uploads/download-manager-files/09.02.18_R0_NLDC_PSP.pdf,2017-18/09.02.18_R0_NLDC_PSP.pdf,200,386954,66d9f54df9716faa5a7ba87bb1620322eb1df74524bf94e8ddb2cccec2a6cb6a,2026-09-14T13:44:59,09.02.18_NLDC_PSP|09-02-2018|attachment/pdf
https://webcdn.grid-india.in/files/grdw/uploads/download-manager-files/10.02.18_NLDC_PSP.pdf,2017-18/10.02.18_NLDC_PSP.pdf,200,1484355,b5aaf32f000eb9efd67278544812db7c93c09c587ecef54578b68a9e9dc0c770,2026-09-14T13:45:00,10.02.18_NLDC_PSP|10-02-2018|attachment/pdf
https://webcdn.grid-india.in/files/grdw/uploads/download-manager-files/11.02.18_NLDC_PSP.pdf,2017-18/11.02.18_NLDC_PSP.pdf,200,1503367,26cc7e605a9baf127366b876c517c885b1d0018b21dabae90d698a388de520b1,2026-09-14T13:45:01,11.02.18_NLDC_PSP|11-02-2018|attachment/pdf
https://webcdn.grid-india.in/files/grdw/uploads/download-manager-files/12.02.18_NLDC_PSP.pdf,2017-18/12.02.18_NLDC_PSP.pdf,200,1483018,e9649695f630fc068155895ff5a81d7c8a9e8241471ed6e23ad24a421745feff,2026-09-14T13:45:02,12.02.18_NLDC_PSP|12-02-2018|attachment/pdf
https://webcdn.grid-india.in/files/grdw/uploads/download-manager-files/13.02.18_NLDC_PSP__H&E.pdf,2017-18/13.02.18_NLDC_PSP__H&E.pdf,200,1483051,fcb3b90f0b88db546c368ab7b2050c14592ff9570871725e95341f48d8b0bd11,2026-09-14T13:45:03,13.02.18_NLDC_PSP|13-02-2018|attachment/pdf
https://webcdn.grid-india.in/files/grdw/uploads/download-manager-files/14.02.18_NLDC_PSP.pdf,2017-18/14.02.18_NLDC_PSP.pdf,200,1625414,d57705a98ebef29e9e007f31c0f53f0957fbbb5ded5bc620c330ac06e7e09d8d,2026-09-14T13:45:04,14.02.18_NLDC_PSP|14-02-2018|attachment/pdf
https://webcdn.grid-india.in/files/grdw/uploads/download-manager-files/15.02.18_NLDC_PSP.pdf,2017-18/15.02.18_NLDC_PSP.pdf,200,1450505,0cda78f17e4635eab319fa7d89c01f86bb8319facf5046db49cce0900235d3c9,2026-09-14T13:45:04,15.02.18_NLDC_PSP|15-02-2018|attachment/pdf
https://webcdn.grid-india.in/files/grdw/uploads/download-manager-files/16.02.18_NLDC_PSP.pdf,2017-18/16.02.18_NLDC_PSP.pdf,200,1506226,06b26903db9dcd61fa881454e3a608c51d13ca8d2c6016d17867211edca3191c,2026-09-14T13:45:05,16.02.18_NLDC_PSP|16-02-2018|attachment/pdf
https://webcdn.grid-india.in/files/grdw/uploads/download-manager-files/17.02.18_NLDC_PSP.pdf,2017-18/17.02.18_NLDC_PSP.pdf,200,1485067,07a397dd34457c9d6d988030fd42a8b469b9202b2a19e2fd55e30ead00b8712b,2026-09-14T13:45:06,17.02.18_NLDC_PSP|17-02-2018|attachment/pdf
https://webcdn.grid-india.in/files/grdw/uploads/download-manager-files/18.02.18_NLDC_PSP.pdf,2017-18/18.02.18_NLDC_PSP.pdf,200,1483279,228e54749889758aeb5933a6c9acb3a543b609e88415f04299359462017dc84c,2026-09-14T13:45:06,18.02.18_NLDC_PSP|18-02-2018|attachment/pdf
https://webcdn.grid-india.in/files/grdw/uploads/download-manager-files/19.02.18_NLDC_PSP.pdf,2017-18/19.02.18_NLDC_PSP.pdf,200,631955,182ce0f07c705daf03e8214f4aa6a4b5ca5e06a93b451080ea59d406be56e4ff,2026-09-14T13:45:07,19.02.18_NLDC_PSP|19-02-2018|attachment/pdf
https://webcdn.grid-india.in/files/grdw/uploads/download-manager-files/20.02.18_NLDC_PSP.pdf,2017-18/20.02.18_NLDC_PSP.pdf,200,631921,dca9606e371e633bd89cfb425189b21dee1914bbcf437ca0c9e86a9442bcad86,2026-09-14T13:45:07,20.02.18_NLDC_PSP|20-02-2018|attachment/pdf
https://webcdn.grid-india.in/files/grdw/uploads/download-manager-files/21.02.18_NLDC_PSP.pdf,2017-18/21.02.18_NLDC_PSP.pdf,200,1483186,9796f37ce2e17b6f17b02ac4c3a9b919cc0df909d96a751c548107dd7105b6a6,2026-09-14T13:45:08,21.02.18_NLDC_PSP|21-02-2018|attachment/pdf
https://webcdn.grid-india.in/files/grdw/uploads/download-manager-files/22.02.18_NLDC_PSP.pdf,2017-18/22.02.18_NLDC_PSP.pdf,200,1483079,78a082be418115cdafc3d8efdd7e22e07e8c37b054cc4e4833fe7679db77e030,2026-09-14T13:45:09,22.02.18_NLDC_PSP|22-02-2018|attachment/pdf
https://webcdn.grid-india.in/files/grdw/uploads/download-manager-files/23.02.18_NLDC_PSP.pdf,2017-18/23.02.18_NLDC_PSP.pdf,200,1485168,f577ad75c3c1f895d1ef0d5dddbdc2562faa4ac8ac27f0ba623f91490c0b6c62,2026-09-14T13:45:10,23.02.18_NLDC_PSP|23-02-2018|attachment/pdf
https://webcdn.grid-india.in/files/grdw/uploads/download-manager-files/24.02.18_NLDC_PSP.pdf,2017-18/24.02.18_NLDC_PSP.pdf,200,1483940,1c6e261c33982f6e448e76b7466016ddb74bf0fa45a9c1c3fb655f5ddbfa40cc,2026-09-14T13:45:11,24.02.18_NLDC_PSP|24-02-2018|attachment/pdf
https://webcdn.grid-india.in/files/grdw/uploads/download-manager-files/25.02.18_NLDC_PSP.pdf,2017-18/25.02.18_NLDC_PSP.pdf,200,1399833,d9c3f6bac2390703979390fc88f36e3928970f0743aa4df7b20cd948a5ebcda4,2026-09-14T13:45:11,25.02.18_NLDC_PSP|25-02-2018|attachment/pdf
https://webcdn.grid-india.in/files/grdw/uploads/download-manager-files/26.02.18_NLDC_PSP.pdf,2017-18/26.02.18_NLDC_PSP.pdf,200,1399946,2d3ad709483ed0c7ed9b54c69491d00733874f60662cdc7d7d57c24d33179a62,2026-09-14T13:45:12,26.02.18_NLDC_PSP|26-02-2018|attachment/pdf
https://webcdn.grid-india.in/files/grdw/uploads/download-manager-files/27.02.18_NLDC_PSP.pdf,2017-18/27.02.18_NLDC_PSP.pdf,200,1421548,d23f6f706b9ef07111e3dbdaf1f005b36916d713138fdd285c95e1d52ed29794,2026-09-14T13:45:13,27.02.18_NLDC_PSP|27-02-2018|attachment/pdf
https://webcdn.grid-india.in/files/grdw/uploads/download-manager-files/28.02.18_NLDC_PSP.pdf,2017-18/28.02.18_NLDC_PSP.pdf,200,563840,167adcac52744005c17e37a1ca36cf0e652fd5468da075171e4960d4949ac8a4,2026-09-14T13:45:13,28.02.18_NLDC_PSP|28-02-2018|attachment/pdf
https://webcdn.grid-india.in/files/grdw/uploads/download-manager-files/01.03.18_NLDC_PSP.pdf,2017-18/01.03.18_NLDC_PSP.pdf,200,563622,b84c4aceccf0fe5965c76d51c68b0ae6286682148b37bc0a66ff8073cbc5d40a,2026-09-14T13:45:14,01.03.18_NLDC_PSP|01-03-2018|attachment/pdf
https://webcdn.grid-india.in/files/grdw/uploads/download-manager-files/02.03.18_NLDC_PSP.pdf,2017-18/02.03.18_NLDC_PSP.pdf,200,1539109,b8256eb3e5ccc52ee850f423246380f0ea71adb61d20e001173463283a35f54d,2026-09-14T13:45:15,02.03.18_NLDC_PSP|02-03-2018|attachment/pdf
https://webcdn.grid-india.in/files/grdw/uploads/download-manager-files/04.03.18_NLDC_PSP.pdf,2017-18/04.03.18_NLDC_PSP.pdf,200,1173600,ebb8d7b8c84828342f80eac22fdb42279e793c36ef72736d32e17a6e9b985b47,2026-09-14T13:45:15,04.03.18_NLDC_PSP|04-03-2018|attachment/pdf
https://webcdn.grid-india.in/files/grdw/uploads/download-manager-files/05.03.18_NLDC_PSP.pdf,2017-18/05.03.18_NLDC_PSP.pdf,200,1401815,458f5f6385f9e2a804bb991a140d4af3be1946d61597a5c13ef2c54a8bf9dc7a,2026-09-14T13:45:16,05.03.18_NLDC_PSP.pdf|05-03-2018|attachment/pdf
https://webcdn.grid-india.in/files/grdw/uploads/download-manager-files/06.03.18_NLDC_PSP.pdf,2017-18/06.03.18_NLDC_PSP.pdf,200,1401719,9e1075bebb41b325d22e55536406c1c87a7b02d3f957ac1577b8db81327f0998,2026-09-14T13:45:17,06.03.18_NLDC_PSP|06-03-2018|attachment/pdf
https://webcdn.grid-india.in/files/grdw/uploads/download-manager-files/07.03.18_NLDC_PSP.pdf,2017-18/07.03.18_NLDC_PSP.pdf,200,1403266,dbbf578907d77ecb54355825b1ca08408e02d0610e5f5a5fdff4240898bbde14,2026-09-14T13:45:18,07.03.18_NLDC_PSP|07-03-2018|attachment/pdf
https://webcdn.grid-india.in/files/grdw/uploads/download-manager-files/08.03.18_NLDC_PSP.pdf,2017-18/08.03.18_NLDC_PSP.pdf,200,1400739,027909380d5a9c5a3dda23f0793c5cb6617e49aa693058c6abeceb5460cc6647,2026-09-14T13:45:19,08.03.18_NLDC_PSP|08-03-2018|attachment/pdf
https://webcdn.grid-india.in/files/grdw/uploads/download-manager-files/09.03.18_NLDC_PSP.pdf,2017-18/09.03.18_NLDC_PSP.pdf,200,1173898,000bee917baec3c701a391f28d186219607f5474f6ff8847aaa67ee5416002b2,2026-09-14T13:45:20,09.03.18_NLDC_PSP|09-03-2018|attachment/pdf
https://webcdn.grid-india.in/files/grdw/uploads/download-manager-files/10.03.18_NLDC_PSP.pdf,2017-18/10.03.18_NLDC_PSP.pdf,200,1401617,dcac5202427197e6eff86fb881bf74959729151deb505be53d580de0dbd31f6d,2026-09-14T13:45:21,10.03.18_NLDC_PSP_H&E|10-03-2018|attachment/pdf
https://webcdn.grid-india.in/files/grdw/uploads/download-manager-files/11.03.18_NLDC_PSP.pdf,2017-18/11.03.18_NLDC_PSP.pdf,200,1485481,071b313993fa4b143be7fe83993dc3a075147e67c7507b6a0fb6b7b0f55fb061,2026-09-14T13:45:21,11.03.18_NLDC_PSP|11-03-2018|attachment/pdf
https://webcdn.grid-india.in/files/grdw/uploads/download-manager-files/12.03.18_NLDC_PSP.pdf,2017-18/12.03.18_NLDC_PSP.pdf,200,1401659,c7d321aa18de638986ef575f0fe793d7156fa46073cbae2248d9959073e17694,2026-09-14T13:45:22,12.03.18_NLDC_PSP|12-03-2018|attachment/pdf
https://webcdn.grid-india.in/files/grdw/uploads/download-manager-files/13.03.18_NLDC_PSP.pdf,2017-18/13.03.18_NLDC_PSP.pdf,200,1401069,d348eb92ff613fb9950ac7d2d41a09f043d051f4fcd01a76860563d284d2ef4d,2026-09-14T13:45:23,13.03.18_NLDC_PSP|13-03-2018|attachment/pdf
https://webcdn.grid-india.in/files/grdw/uploads/download-manager-files/14.03.18_NLDC_PSP.pdf,2017-18/14.03.18_NLDC_PSP.pdf,200,1401078,19af91c3913c1d3315d1ce1b88f4bd64028205cd4d519d523ceb3741c9acfb13,2026-09-14T13:45:23,14.03.18_NLDC_PSP|14-03-2018|attachment/pdf
https://webcdn.grid-india.in/files/grdw/uploads/download-manager-files/15.03.18_NLDC_PSP.pdf,2017-18/15.03.18_NLDC_PSP.pdf,200,1421865,571778f54647cc869f1ee55b9024319b02909c20141321e9b61db6f00b070e21,2026-09-14T13:45:24,15.03.18_NLDC_PSP|15-03-2018|attachment/pdf
https://webcdn.grid-india.in/files/grdw/uploads/download-manager-files/16.03.18_NLDC%20PSP.pdf,2017-18/16.03.18_NLDC PSP.pdf,200,281441,440ea8e7d8ecad6b1efa7a40745605c1742970b7c8c4add90f0f2141c9579472,2026-09-14T13:45:24,16.03.18_NLDC PSP|16-03-2018|attachment/pdf
https://webcdn.grid-india.in/files/grdw/uploads/download-manager-files/17.03.18_NLDC%20PSP.pdf,2017-18/17.03.18_NLDC PSP.pdf,200,1401528,f7b7dd69bccc017896b41ddd341121879c3c675a6e5d9d4aa851d35914093239,2026-09-14T13:45:26,17.03.18_NLDC PSP|17-03-2018|attachment/pdf
https://webcdn.grid-india.in/files/grdw/uploads/download-manager-files/18.03.18_NLDC_PSP.pdf,2017-18/18.03.18_NLDC_PSP.pdf,200,1400973,9b7e72642178fb4d51e9e614173e653d480587cd1f9e821d57b43af8f47b746f,2026-09-14T13:45:27,18.03.18_NLDC_PSP|18-03-2018|attachment/pdf
https://webcdn.grid-india.in/files/grdw/uploads/download-manager-files/19.03.18_NLDC_PSP.pdf,2017-18/19.03.18_NLDC_PSP.pdf,200,1400574,543be22b0addeae38fa4cb1725363fe3db72f92c9e0a329fa7c5b02a6e0e7dc4,2026-09-14T13:45:28,19.03.18_NLDC_PSP|19-03-2018|attachment/pdf
https://webcdn.grid-india.in/files/grdw/uploads/download-manager-files/20.03.18_NLDC_PSP.pdf,2017-18/20.03.18_NLDC_PSP.pdf,200,1402117,00681f6a181b246686a11fc2a718279238ae38f8e04e016390213852bbdf69f8,2026-09-14T13:45:28,20.03.18_NLDC_PSP|20-03-2018|attachment/pdf
https://webcdn.grid-india.in/files/grdw/uploads/download-manager-files/21.03.18_NLDC_PSP.pdf,2017-18/21.03.18_NLDC_PSP.pdf,200,1399832,1f2a503f618f8e1405a129a74a198dc3a479170b241f4656fc1badfc0f85b1ec,2026-09-14T13:45:29,21.03.18_NLDC_PSP.pdf|21-03-2018|attachment/pdf
https://webcdn.grid-india.in/files/grdw/uploads/download-manager-files/22.03.18_NLDC_PSP.pdf,2017-18/22.03.18_NLDC_PSP.pdf,200,563480,ec49e7e26897bcfad85345b1f1280b297ef1e80dbe8bd97f90627267ef711fc2,2026-09-14T13:45:30,22.03.18_NLDC_PSP|22-03-2018|attachment/pdf
https://webcdn.grid-india.in/files/grdw/uploads/download-manager-files/23.03.18_NLDC_PSP.pdf,2017-18/23.03.18_NLDC_PSP.pdf,200,1421705,a7ad3516a2dc7745e433e5e6058bf49da2b259531907f76acb966d700983cacf,2026-09-14T13:45:30,23.03.18_NLDC_PSP|23-03-2018|attachment/pdf
https://webcdn.grid-india.in/files/grdw/uploads/download-manager-files/24.03.18_NLDC_PSP.pdf,2017-18/24.03.18_NLDC_PSP.pdf,200,1399706,71c8716f34f0cbbc195521762fe702cb4cd17568bc5701b27d4f8d5885c8f528,2026-09-14T13:45:31,24.03.18_NLDC_PSP|24-03-2018|attachment/pdf
https://webcdn.grid-india.in/files/grdw/uploads/download-manager-files/25.03.18_NLDC_PSP.pdf,2017-18/25.03.18_NLDC_PSP.pdf,200,1403079,16398bfe1c740d970ef8ab6ac1133e196f0e236864c6d2b33bf103a90a2372fe,2026-09-14T13:45:32,25.03.18_NLDC_PSP|25-03-2018|attachment/pdf
https://webcdn.grid-india.in/files/grdw/uploads/download-manager-files/26.03.18_R0_NLDC_PSP.pdf,2017-18/26.03.18_R0_NLDC_PSP.pdf,200,1401298,8f608f7bc0304498c727aa7d0a33565d9a80e2ab64b91f4a7ee8611e10d6ae02,2026-09-14T13:45:32,26.03.18_NLDC PSP|26-03-2018|attachment/pdf
https://webcdn.grid-india.in/files/grdw/uploads/download-manager-files/26.03.18_NLDC_PSP__H&E.pdf,2017-18/26.03.18_NLDC_PSP__H&E.pdf,200,1401299,929374221182606df5a707a0c02fb43173af821a2647d4fb7508d15f2f655397,2026-09-14T13:45:33,26.03.18_NLDC_PSP__H&E|26-03-2018|attachment/pdf
https://webcdn.grid-india.in/files/grdw/uploads/download-manager-files/27.03.18_NLDC_PSP.pdf,2017-18/27.03.18_NLDC_PSP.pdf,200,1401324,f9b9422202541a2561e9de845882fd83abe621b4127c876d3935959b41e0e782,2026-09-14T13:45:34,27.03.18_NLDC_PSP|27-03-2018|attachment/pdf
https://webcdn.grid-india.in/files/grdw/uploads/download-manager-files/28.03.18_NLDC_PSP.pdf,2017-18/28.03.18_NLDC_PSP.pdf,200,1401079,823a58a1b4ee312a3c85d0cf405106cb0de8493dd57106491307fb691a8201bf,2026-09-14T13:45:34,28.03.18_NLDC_PSP|28-03-2018|attachment/pdf
https://webcdn.grid-india.in/files/grdw/uploads/download-manager-files/29.03.18_NLDC_PSP.pdf,2017-18/29.03.18_NLDC_PSP.pdf,200,1340474,ebdfc8a2674dedafd6ac96d5e36cc8d41fc8a9c86b0fb8dac25cdccc1d5cdeb0,2026-09-14T13:45:35,29.03.18_NLDC_PSP|29-03-2018|attachment/pdf
https://webcdn.grid-india.in/files/grdw/uploads/download-manager-files/30.03.18_NLDC_PSP.pdf,2017-18/30.03.18_NLDC_PSP.pdf,200,1343869,093c79d45ec899729e2f318d7dc0f5e53d0f4958db3369a93c1604c6e7908404,2026-09-14T13:45:37,30.03.18_NLDC_PSP|30-03-2018|attachment/pdf
https://webcdn.grid-india.in/files/grdw/uploads/download-manager-files/31.03.18_NLDC_PSP.pdf,2017-18/31.03.18_NLDC_PSP.pdf,200,1400120,98a7490cb6b04b6f8bb408e20780678f05389f18d7ba24efd76814702d27d5e4,2026-09-14T13:45:38,31.03.18_NLDC_PSP|31-03-2018|attachment/pdf
https://webcdn.grid-india.in/files/grdw/uploads/download-manager-files/Frequency%2023.03.18.pdf,2017-18/Frequency 23.03.18.pdf,200,708092,2a5443cc47112d83d491960dbef61783609a252c2f189d19d03ecde1433b4b71,2026-09-14T13:45:39,Frequency 23.03.18|23-03-2018|attachment/pdf
https://webcdn.grid-india.in/files/grdw/uploads/download-manager-files/01.04.18_NLDC_PSP.pdf,2018-19/01.04.18_NLDC_PSP.pdf,200,1400026,2ead8ccf5c9f4c7c3cfe37db76f088e2219bacfca57afa7c0d2c5a098cc80461,2026-09-14T13:45:40,01.04.18_NLDC_PSP|01-04-2018|attachment/pdf
https://webcdn.grid-india.in/files/grdw/uploads/download-manager-files/02.04.18_NLDC_PSP.pdf,2018-19/02.04.18_NLDC_PSP.pdf,200,1401580,a65716a08b0eb8f530dac55efa370dccfdfddab56ef86ac8494353ee6183c6f0,2026-09-14T13:45:41,02.04.18_NLDC_PSP|02-04-2018|attachment/pdf
https://webcdn.grid-india.in/files/grdw/uploads/download-manager-files/03.04.18_NLDC_PSP.pdf,2018-19/03.04.18_NLDC_PSP.pdf,200,1348453,e9cae9208f455d50807d78e47106dc4b7cc19669c80bd9cc7b9a6d0a4a9491e7,2026-09-14T13:45:47,03.04.18_NLDC_PSP|03-04-2018|attachment/pdf
https://webcdn.grid-india.in/files/grdw/uploads/download-manager-files/04.04.18_NLDC_PSP.pdf,2018-19/04.04.18_NLDC_PSP.pdf,200,1403274,e68cf8e30468dd559c93b3601b0ced4fc030a7d58f8e9ac718c92108a6603938,2026-09-14T13:45:48,04.04.18_NLDC_PSP|04-04-2018|attachment/pdf
https://webcdn.grid-india.in/files/grdw/uploads/download-manager-files/05.04.18_NLDC_PSP.pdf,2018-19/05.04.18_NLDC_PSP.pdf,200,1400513,405a91a56af11d97cd68b4e6c3400dd4e6b06a619bb3cd1f6094089da9f5bf8a,2026-09-14T13:45:49,05.04.18_NLDC_PSP|05-04-2018|attachment/pdf
https://webcdn.grid-india.in/files/grdw/uploads/download-manager-files/06.04.18_NLDC_PSP.pdf,2018-19/06.04.18_NLDC_PSP.pdf,200,564800,681f620108ef88ed6b3a79158526bfdb539862e85cc4257abc86f2cfe6cd1796,2026-09-14T13:45:49,06.04.18_NLDC_PSP|06-04-2018|attachment/pdf
https://webcdn.grid-india.in/files/grdw/uploads/download-manager-files/07.04.18_NLDC_PSP.pdf,2018-19/07.04.18_NLDC_PSP.pdf,200,1401467,308c9fe34d0dca17adf10c1bdd7f918711694557f74e551d82ca5dd5d6acc100,2026-09-14T13:45:50,07.04.18_NLDC_PSP|07-04-2018|attachment/pdf
https://webcdn.grid-india.in/files/grdw/uploads/download-manager-files/08.04.18_NLDC_PSP.pdf,2018-19/08.04.18_NLDC_PSP.pdf,200,1421968,f4491438ddc434bb6d25ba8aaabe3d910a59c0e50525c88c847ecb72e317468b,2026-09-14T13:45:51,08.04.18_NLDC_PSP|08-04-2018|attachment/pdf
https://webcdn.grid-india.in/files/grdw/uploads/download-manager-files/09.04.18_NLDC_PSP.pdf,2018-19/09.04.18_NLDC_PSP.pdf,200,1399610,3bc19c17dec981b41fe2109d211327caa3dec5d018cc83a06a08c719eb9c81ff,2026-09-14T13:45:52,09.04.18_NLDC_PSP|09-04-2018|attachment/pdf
https://webcdn.grid-india.in/files/grdw/uploads/download-manager-files/10.04.18_NLDC_PSP.pdf,2018-19/10.04.18_NLDC_PSP.pdf,200,1401226,d4c185a3a1d6ad19c5ec119fcd92908087488ec6b48dd5e12c74bd6480f9a5d1,2026-09-14T13:45:52,10.04.18_NLDC_PSP|10-04-2018|attachment/pdf
https://webcdn.grid-india.in/files/grdw/uploads/download-manager-files/11.04.18_NLDC_PSP_H&E_.pdf,2018-19/11.04.18_NLDC_PSP_H&E_.pdf,200,1400458,a122b9a15d033c10b44983431328dc1c4830fd558f32f602d91183399e6c3985,2026-09-14T13:45:54,11.04.18_NLDC_PSP_H&E|11-04-2018|attachment/pdf
https://webcdn.grid-india.in/files/grdw/uploads/download-manager-files/12.04.18_NLDC_PSP.pdf,2018-19/12.04.18_NLDC_PSP.pdf,200,1400353,9b24095580e420f8dbb6fee752814c0f4911556903c031f534e8272356d02585,2026-09-14T13:45:55,12.04.18_NLDC_PSP|12-04-2018|attachment/pdf
https://webcdn.grid-india.in/files/grdw/uploads/download-manager-files/13.04.18_NLDC_PSP.pdf,2018-19/13.04.18_NLDC_PSP.pdf,200,1400381,8cf462abb35910e955019ff7a16f02036ab94646edbd9017bee27a4259778824,2026-09-14T13:45:56,13.04.18_NLDC_PSP|13-04-2018|attachment/pdf
https://webcdn.grid-india.in/files/grdw/uploads/download-manager-files/14.04.18_NLDC_PSP.pdf,2018-19/14.04.18_NLDC_PSP.pdf,200,1401738,4eddd4d36cf2028601429832c8155fff44a276794534af3782a27a7f1a7b418a,2026-09-14T13:45:56,14.04.18_NLDC_PSP|14-04-2018|attachment/pdf
https://webcdn.grid-india.in/files/grdw/uploads/download-manager-files/15.04.18_NLDC_PSP.pdf,2018-19/15.04.18_NLDC_PSP.pdf,200,1400969,8a303734882c97fdfbe1aae7962adf077252b0f889bfb204c6a1fcd53bbccc15,2026-09-14T13:45:57,15.04.18_NLDC_PSP|15-04-2018|attachment/pdf
https://webcdn.grid-india.in/files/grdw/uploads/download-manager-files/16.04.18_NLDC_PSP.pdf,2018-19/16.04.18_NLDC_PSP.pdf,200,1399512,18507808677f9a87c21ce91d922651c8056ff5873d56727b1d9b97418a97e2b4,2026-09-14T13:45:57,16.04.18_NLDC_PSP|16-04-2018|attachment/pdf
https://webcdn.grid-india.in/files/grdw/uploads/download-manager-files/17.04.18_NLDC_PSP.pdf,2018-19/17.04.18_NLDC_PSP.pdf,200,1421038,0cc1452a6378971999c8980faee43bb5b345b2d91406824449d00f7e25459e3a,2026-09-14T13:45:58,17.04.18_NLDC_PSP|17-04-2018|attachment/pdf
https://webcdn.grid-india.in/files/grdw/uploads/download-manager-files/18.04.18_NLDC_PSP__H&E.pdf,2018-19/18.04.18_NLDC_PSP__H&E.pdf,200,1400727,a9f1544406b6992879c9ac1cfb72303c11734547e78a125de7706b68b52a0095,2026-09-14T13:45:59,18.04.18_NLDC_PSP__H&E|18-04-2018|attachment/pdf
https://webcdn.grid-india.in/files/grdw/uploads/download-manager-files/19.04.18_NLDC_PSP__H&E.pdf,2018-19/19.04.18_NLDC_PSP__H&E.pdf,200,1402587,5dd3e9bcb5f216672cea0d816a5018b937ae479c4984bc313e7be0943226938d,2026-09-14T13:46:00,19.04.18_NLDC_PSP__H&E|19-04-2018|attachment/pdf
https://webcdn.grid-india.in/files/grdw/uploads/download-manager-files/20.04.18_NLDC_PSP__H&E.pdf,2018-19/20.04.18_NLDC_PSP__H&E.pdf,200,1423345,1472fdc139b2aa31846a86efca6c745dd76065479f5a3293528580f35f6c7ec6,2026-09-14T13:46:00,20.04.18_NLDC_PSP__H&E|20-04-2018|attachment/pdf
https://webcdn.grid-india.in/files/grdw/uploads/download-manager-files/21.04.18_NLDC_PSP.pdf,2018-19/21.04.18_NLDC_PSP.pdf,200,1468120,c0e2dfabebda650d9e09da71d81477c08e9d43b1cab6756de73eb7c6e456ca52,2026-09-14T13:46:01,21.04.18_NLDC_PSP|21-04-2018|attachment/pdf
https://webcdn.grid-india.in/files/grdw/uploads/download-manager-files/22.04.18_NLDC_PSP.pdf,2018-19/22.04.18_NLDC_PSP.pdf,200,1402055,afe61a248666789f9106bc772141bc753962a8ba2bdebe616b946d6f3a8130e8,2026-09-14T13:46:02,22.04.18_NLDC_PSP|22-04-2018|attachment/pdf
https://webcdn.grid-india.in/files/grdw/uploads/download-manager-files/23.04.18_NLDC_PSP.pdf,2018-19/23.04.18_NLDC_PSP.pdf,200,1399121,1f665f6726cea649a2771ae910f24b2630a13f55925a7aac650bb30fdd637848,2026-09-14T13:46:03,23.04.18_NLDC_PSP|23-04-2018|attachment/pdf
https://webcdn.grid-india.in/files/grdw/uploads/download-manager-files/24.04.18_NLDC_PSP.pdf,2018-19/24.04.18_NLDC_PSP.pdf,200,1403459,e18107895307975307a0ff35b69474e46fd6c1a85dae056f9cf22be09759ba4e,2026-09-14T13:46:04,24.04.18_NLDC_PSP|24-04-2018|attachment/pdf
https://webcdn.grid-india.in/files/grdw/uploads/download-manager-files/25.04.18_NLDC_PSP.pdf,2018-19/25.04.18_NLDC_PSP.pdf,200,1418840,e139f7f62f18440602440d224c5ebd4ce9cf4c20896b4e446258456fc2f330a0,2026-09-14T13:46:05,25.04.18_NLDC_PSP|25-04-2018|attachment/pdf
https://webcdn.grid-india.in/files/grdw/uploads/download-manager-files/26.04.18_NLDC_PSP.pdf,2018-19/26.04.18_NLDC_PSP.pdf,200,1422662,2a51babaee297ebc490d07fc1262c7e29129606e62c0dbdd8c66737c9d2459d7,2026-09-14T13:46:05,26.04.18_NLDC_PSP|26-04-2018|attachment/pdf
https://webcdn.grid-india.in/files/grdw/uploads/download-manager-files/27.04.18_NLDC_PSP.pdf,2018-19/27.04.18_NLDC_PSP.pdf,200,380950,02ccc9186d9f20cdea5ce525a110660854e4f1790f29dbc0f2baaffb523d0ad3,2026-09-14T13:46:05,27.04.18_NLDC_PSP|27-04-2018|attachment/pdf
https://webcdn.grid-india.in/files/grdw/uploads/download-manager-files/28.04.18_NLDC_PSP.pdf,2018-19/28.04.18_NLDC_PSP.pdf,200,1403380,1d233b97c88f0149c02677184ed60007dc83025cf99e61b6357db1dc4ef6dabb,2026-09-14T13:46:06,28.04.18_NLDC_PSP|28-04-2018|attachment/pdf
https://webcdn.grid-india.in/files/grdw/uploads/download-manager-files/29.04.18_NLDC_PSP.pdf,2018-19/29.04.18_NLDC_PSP.pdf,200,1400573,2f060dcaadc31a9d2fc54370915b6d26e1efcd79c7375e6c1d5ba6f2b1472844,2026-09-14T13:46:07,29.04.18_NLDC_PSP|29-04-2018|attachment/pdf
https://webcdn.grid-india.in/files/grdw/uploads/download-manager-files/30.04.18_NLDC_PSP.pdf,2018-19/30.04.18_NLDC_PSP.pdf,200,1366377,d0ccd9fb703ceffa54f6c89380d7b26d02ddac1c0df649cd6c2d675af6d6d875,2026-09-14T13:46:08,30.04.18_NLDC_PSP|30-04-2018|attachment/pdf
https://webcdn.grid-india.in/files/grdw/uploads/download-manager-files/01.05.18_NLDC_PSP.pdf,2018-19/01.05.18_NLDC_PSP.pdf,200,1400976,64ac71b95df0d98f7f35658c0653a7b01f878a7281bb6306b7949af0baef29c7,2026-09-14T13:46:09,01.05.18_NLDC_PSP|01-05-2018|attachment/pdf
https://webcdn.grid-india.in/files/grdw/uploads/download-manager-files/02.05.18_NLDC_PSP.pdf,2018-19/02.05.18_NLDC_PSP.pdf,200,1402216,d8ce4aa88c268e413b9276049ad79e9c4681a29a68ad8648fb029a180a6b3713,2026-09-14T13:46:10,02.05.18_NLDC_PSP|02-05-2018|attachment/pdf
https://webcdn.grid-india.in/files/grdw/uploads/download-manager-files/03.05.18_NLDC_PSP.pdf,2018-19/03.05.18_NLDC_PSP.pdf,200,1419359,9714538e7a695394616b9c4f5a94ff901cdd59a643449e36b9d9fe4d7bf6ff01,2026-09-14T13:46:11,03.05.18_NLDC_PSP|03-05-2018|attachment/pdf
https://webcdn.grid-india.in/files/grdw/uploads/download-manager-files/04.05.18_NLDC_PSP_H&E.pdf,2018-19/04.05.18_NLDC_PSP_H&E.pdf,200,430956,17a5f389bc23e0f4bed30c84fc6336a813e94b9058181146c6ba4e746648d65d,2026-09-14T13:46:11,04.05.18_NLDC_PSP|04-05-2018|attachment/pdf
https://webcdn.grid-india.in/files/grdw/uploads/download-manager-files/05.05.18_NLDC_PSP.pdf,2018-19/05.05.18_NLDC_PSP.pdf,200,1174606,019a8fa164a165ec1c928229459f29078bf3b7e65a0ad0ab47672c805ca09480,2026-09-14T13:46:12,05.05.18_NLDC_PSP|05-05-2018|attachment/pdf
https://webcdn.grid-india.in/files/grdw/uploads/download-manager-files/06.05.18_NLDC_PSP.pdf,2018-19/06.05.18_NLDC_PSP.pdf,200,1465986,176ef32bd91444acb2ee11299049f4bd5daf29db4ab01792be499232f976299a,2026-09-14T13:46:13,06.05.18_NLDC_PSP|06-05-2018|attachment/pdf
https://webcdn.grid-india.in/files/grdw/uploads/download-manager-files/07.05.18_NLDC_PSP.pdf,2018-19/07.05.18_NLDC_PSP.pdf,200,623574,d639bb32f7e1e65ff011703476f4099a661c7a22de89c2cc5ad6a5885e05df93,2026-09-14T13:46:13,07.05.18_NLDC_PSP|07-05-2018|attachment/pdf
https://webcdn.grid-india.in/files/grdw/uploads/download-manager-files/08.05.18_NLDC_PSP.pdf,2018-19/08.05.18_NLDC_PSP.pdf,200,1406707,ec7a1803d1777a3cf532b1ae76b9bd501f032fbf5abde87d52a4e8269d00a54e,2026-09-14T13:46:14,08.05.18_NLDC_PSP|08-05-2018|attachment/pdf
https://webcdn.grid-india.in/files/grdw/uploads/download-manager-files/09.05.18_NLDC_PSP.pdf,2018-19/09.05.18_NLDC_PSP.pdf,200,1425580,45488c63319e3c089cd6a39253b210810a4d6f3ac5878a6b1a0a11e290eab0f3,2026-09-14T13:46:15,09.05.18_NLDC_PSP|09-05-2018|attachment/pdf
https://webcdn.grid-india.in/files/grdw/uploads/download-manager-files/10.05.18_NLDC_PSP.pdf,2018-19/10.05.18_NLDC_PSP.pdf,200,1428262,521c19992aabe0153e0cbea9f851d9518ab49ad974145b02402e01fc4990fc60,2026-09-14T13:46:15,10.05.18_NLDC_PSP|10-05-2018|attachment/pdf
https://webcdn.grid-india.in/files/grdw/uploads/download-manager-files/11.05.18_NLDC_PSP.pdf,2018-19/11.05.18_NLDC_PSP.pdf,200,1472824,47dd621b16740eec4ff7979ac28798b84d89e473c95e125971a0b1baaa169e7a,2026-09-14T13:46:16,11.05.18_NLDC_PSP|11-05-2018|attachment/pdf
https://webcdn.grid-india.in/files/grdw/uploads/download-manager-files/12.05.18_NLDC_PSP.pdf,2018-19/12.05.18_NLDC_PSP.pdf,200,1403574,5c8f00e9f426e5ab8d9d96245c26dd2e322af6b6b92ff1034b0025d2235f1605,2026-09-14T13:46:17,12.05.18_NLDC_PSP|12-05-2018|attachment/pdf
https://webcdn.grid-india.in/files/grdw/uploads/download-manager-files/13.05.18_NLDC_PSP.pdf,2018-19/13.05.18_NLDC_PSP.pdf,200,1402943,baaabef5676a6afb0d8383c45066728e7a07eb672c4f9d323e5693c22ac3899d,2026-09-14T13:46:18,13.05.18_NLDC_PSP|13-05-2018|attachment/pdf
https://webcdn.grid-india.in/files/grdw/uploads/download-manager-files/14.05.18_NLDC_PSP.pdf,2018-19/14.05.18_NLDC_PSP.pdf,200,1562700,c0133db882b358c701427a80a460ad8ed8d641e50495ab541db2fc98b6dd47b2,2026-09-14T13:46:19,14.05.18_NLDC_PSP|14-05-2018|attachment/pdf
https://webcdn.grid-india.in/files/grdw/uploads/download-manager-files/15.05.18_NLDC_PSP.pdf,2018-19/15.05.18_NLDC_PSP.pdf,200,1518708,99fe4eb807527885fe58fb2776a2721b8e4d834fdae8efd6863f572130833054,2026-09-14T13:46:20,15.05.18_NLDC_PSP|15-05-2018|attachment/pdf
https://webcdn.grid-india.in/files/grdw/uploads/download-manager-files/16.05.18_NLDC_PSP.pdf,2018-19/16.05.18_NLDC_PSP.pdf,200,1492582,8d5694c2db9181621d4601347b0c6559cf510f68877c542b4590a01ee45a7ada,2026-09-14T13:46:20,16.05.18_NLDC_PSP|16-05-2018|attachment/pdf
https://webcdn.grid-india.in/files/grdw/uploads/download-manager-files/17.05.18_NLDC_PSP.pdf,2018-19/17.05.18_NLDC_PSP.pdf,200,1493797,3e8f83e8585c44c5e5b62995ef2b73e535b583a67aa9519568d14cc41bf8773a,2026-09-14T13:46:22,17.05.18_NLDC_PSP|17-05-2018|attachment/pdf
https://webcdn.grid-india.in/files/grdw/uploads/download-manager-files/18.05.18_NLDC_PSP.pdf,2018-19/18.05.18_NLDC_PSP.pdf,200,1494940,d0af96d216622a8219b5ee990299ff4bdb2cf60978055c23e2c79f0d2797e47f,2026-09-14T13:46:23,18.05.18_NLDC_PSP|18-05-2018|attachment/pdf
https://webcdn.grid-india.in/files/grdw/uploads/download-manager-files/19.05.18_NLDC_PSP.pdf,2018-19/19.05.18_NLDC_PSP.pdf,200,1492584,7df2bdc6bb3774b1162ffc96661335be4d3f61b5164067fff22284dc872eef33,2026-09-14T13:46:24,19.05.18_NLDC_PSP|19-05-2018|attachment/pdf
https://webcdn.grid-india.in/files/grdw/uploads/download-manager-files/upload.pdf,2018-19/upload.pdf,404,0,,2026-09-14T13:46:24,20.05.18_NLDC_PSP|20-05-2018|attachment/pdf
https://webcdn.grid-india.in/files/grdw/uploads/download-manager-files/22.05.18_NLDC_PSP.pdf,2018-19/22.05.18_NLDC_PSP.pdf,200,1563864,9b5a9eb79700bf8f0ee7915fd71b129ed58e370df3c5817cf2079f2aef14a637,2026-09-14T13:46:25,22.05.18_NLDC_PSP|22-05-2018|attachment/pdf
https://webcdn.grid-india.in/files/grdw/uploads/download-manager-files/23.05.18_NLDC_PSP.pdf,2018-19/23.05.18_NLDC_PSP.pdf,200,1515903,0837c311822d4b2ab246a50d0f450a0c9474fbe823169d0ae9dd19580f781625,2026-09-14T13:46:26,23.05.18_NLDC_PSP|23-05-2018|attachment/pdf
https://webcdn.grid-india.in/files/grdw/uploads/download-manager-files/24.05.18_NLDC_PSP.pdf,2018-19/24.05.18_NLDC_PSP.pdf,200,1516951,d9c98d86084bf48bce218957c58321bdc90bfb39d279be81f4260455221537b9,2026-09-14T13:46:26,24.05.18_NLDC_PSP|24-05-2018|attachment/pdf
https://webcdn.grid-india.in/files/grdw/uploads/download-manager-files/25.05.18_NLDC_PSP.pdf,2018-19/25.05.18_NLDC_PSP.pdf,200,1565974,4435bcfab171d396e5d4945e820aedf64174d089f48c525ab247f62522e8095d,2026-09-14T13:46:27,25.05.18_NLDC_PSP|25-05-2018|attachment/pdf
https://webcdn.grid-india.in/files/grdw/uploads/download-manager-files/26.05.18_NLDC_PSP.pdf,2018-19/26.05.18_NLDC_PSP.pdf,200,1494510,0a4d0596fa68a63cf81c728641a165f5816cf044d213331c9df9870ecc38d5f6,2026-09-14T13:46:28,26.05.18_NLDC_PSP|26-05-2018|attachment/pdf
https://webcdn.grid-india.in/files/grdw/uploads/download-manager-files/27.05.18_NLDC_PSP.pdf,2018-19/27.05.18_NLDC_PSP.pdf,200,1698205,578c2d3fb089ad0f476338a2c2fe82905a431ddf98f386bdfe75b27822720f11,2026-09-14T13:46:29,27.05.18_NLDC_PSP|27-05-2018|attachment/pdf
https://webcdn.grid-india.in/files/grdw/uploads/download-manager-files/29.05.18_NLDC_PSP.pdf,2018-19/29.05.18_NLDC_PSP.pdf,200,1602993,1498e036863135e65b723b0032ec2eca294a6cc69d8b59bbda11af08884e303f,2026-09-14T13:46:30,29.05.18_NLDC_PSP|29-05-2018|attachment/pdf
https://webcdn.grid-india.in/files/grdw/uploads/download-manager-files/30.05.18_NLDC_PSP.pdf,2018-19/30.05.18_NLDC_PSP.pdf,200,1695505,b08e8add2377c9afb472ad32b6cd7be48fcfe2f73288b029e47aa1f2c758b2d0,2026-09-14T13:46:31,30.05.18_NLDC_PSP|30-05-2018|attachment/pdf
https://webcdn.grid-india.in/files/grdw/uploads/download-manager-files/31.05.18_NLDC_PSP.pdf,2018-19/31.05.18_NLDC_PSP.pdf,200,1604166,a07548c9908502f711787544675f2a2a9de4f0b6f98036ed16265bc953660cc4,2026-09-14T13:46:32,31.05.18_NLDC_PSP|31-05-2018|attachment/pdf
https://webcdn.grid-india.in/files/grdw/uploads/download-manager-files/System%20Reliability%20Indices%20for%2025.05.18.pdf,2018-19/System Reliability Indices for 25.05.18.pdf,200,47832,e782c2f7f19d21848f58e862c1c8e5df972e1d1f230881d793743035fe556be9,2026-09-14T13:46:32,System Reliability Indices for 25.05.18|25-05-2018|attachment/pdf
https://webcdn.grid-india.in/files/grdw/uploads/download-manager-files/01.06.18_NLDC_PSP.pdf,2018-19/01.06.18_NLDC_PSP.pdf,200,1599918,8348dd968abead2c2014400b0769923ea7876277555740e40d6eb406a29ea7f5,2026-09-14T13:46:34,01.06.18_NLDC_PSP|01-06-2018|attachment/pdf
https://webcdn.grid-india.in/files/grdw/uploads/download-manager-files/02.06.18_NLDC_PSP.pdf,2018-19/02.06.18_NLDC_PSP.pdf,200,288053,3dc390aa23d6b57af48004d7d7df081eabfb527a867d8c0de847cacd62dd7687,2026-09-14T13:46:34,02.06.18_NLDC_PSP|02-06-2018|attachment/pdf
https://webcdn.grid-india.in/files/grdw/uploads/download-manager-files/03.06.18_NLDC_PSP.pdf,2018-19/03.06.18_NLDC_PSP.pdf,200,1495530,77a0d5ac5e19352fc465977a75888f42fcb963bf427ee195f8f6454e11b910ee,2026-09-14T13:46:35,03.06.18_NLDC_PSP|03-06-2018|attachment/pdf
https://webcdn.grid-india.in/files/grdw/uploads/download-manager-files/04.06.18_NLDC_PSP.pdf,2018-19/04.06.18_NLDC_PSP.pdf,200,1695267,c4a0bf075afe6e417d7d4be36985a878b46ae7c947408c51dc01ecc5f31ad150,2026-09-14T13:46:36,04.06.18_NLDC_PSP|04-06-2018|attachment/pdf
https://webcdn.grid-india.in/files/grdw/uploads/download-manager-files/06.06.18_NLDC_PSP.pdf,2018-19/06.06.18_NLDC_PSP.pdf,200,1698212,389346124d8c4ae3d49db2af2d166c362ae805cef3cb45355afead6d073e6e9c,2026-09-14T13:46:37,06.06.18_NLDC_PSP|06-06-2018|attachment/pdf
https://webcdn.grid-india.in/files/grdw/uploads/download-manager-files/07.06.18_NLDC_PSP.pdf,2018-19/07.06.18_NLDC_PSP.pdf,200,1607692,9c4929cb37761625fcce65447d31935e3e4ff5099fab710e2e6a0558221a747f,2026-09-14T13:46:38,07.06.18_NLDC_PSP|07-06-2018|attachment/pdf
https://webcdn.grid-india.in/files/grdw/uploads/download-manager-files/08.06.18_NLDC_PSP.pdf,2018-19/08.06.18_NLDC_PSP.pdf,200,1695910,4c411aadfe9cae5d6eb1b8f6a58a5462584cdd6e16b42c084a11101cc33699e9,2026-09-14T13:46:39,08.06.18_NLDC_PSP|08-06-2018|attachment/pdf
https://webcdn.grid-india.in/files/grdw/uploads/download-manager-files/09.06.18_NLDC_PSP.pdf,2018-19/09.06.18_NLDC_PSP.pdf,200,1493163,6d3ffc84c92bf3d5383973a75e72a9f8e56ef64f756a6d7182d7f82377857e97,2026-09-14T13:46:40,09.06.18_NLDC_PSP|09-06-2018|attachment/pdf
https://webcdn.grid-india.in/files/grdw/uploads/download-manager-files/10.06.18_NLDC_PSP.pdf,2018-19/10.06.18_NLDC_PSP.pdf,200,1495810,078d271ee3fb5e3d67d4325155bc70d712de46273e6d63c9e4b3220235eadbf2,2026-09-14T13:46:41,10.06.18_NLDC_PSP|10-06-2018|attachment/pdf
https://webcdn.grid-india.in/files/grdw/uploads/download-manager-files/11.06.18_NLDC_PSP.pdf,2018-19/11.06.18_NLDC_PSP.pdf,200,1436773,a7eec3f58b8f220f8ff63c65731bf5f6ea6279207ebf690ada2229868d42b491,2026-09-14T13:46:42,11.06.18_NLDC_PSP|11-06-2018|attachment/pdf
https://webcdn.grid-india.in/files/grdw/uploads/download-manager-files/12.06.18_NLDC_PSP.pdf,2018-19/12.06.18_NLDC_PSP.pdf,200,1492988,cbd38282c8983ecffd317ff46da04ad10847bf91c22bc1353c4d668db75e274c,2026-09-14T13:46:42,12.06.18_NLDC_PSP|12-06-2018|attachment/pdf
https://webcdn.grid-india.in/files/grdw/uploads/download-manager-files/13.06.18_NLDC_PSP.pdf,2018-19/13.06.18_NLDC_PSP.pdf,200,1492196,fc2747284bf6d96c2052881e2079205a5f57d8e85042e7873ddffac498517298,2026-09-14T13:46:43,13.06.18_NLDC_PSP|13-06-2018|attachment/pdf
https://webcdn.grid-india.in/files/grdw/uploads/download-manager-files/14.06.18_NLDC_PSP.pdf,2018-19/14.06.18_NLDC_PSP.pdf,200,1447943,2ffa03ea0a80125f3b2caa1533d3ae6f9b0efb301b87bf22fb3541159c7f8f99,2026-09-14T13:46:43,14.06.18_NLDC_PSP|14-06-2018|attachment/pdf
https://webcdn.grid-india.in/files/grdw/uploads/download-manager-files/15.06.18_NLDC_PSP.pdf,2018-19/15.06.18_NLDC_PSP.pdf,200,4858780,5ed63e98f4e3fb3f01e43551bc143183ab8c4ebd30f559dfa452763fca7d80f9,2026-09-14T13:46:46,15.06.18_NLDC_PSP|15-06-2018|attachment/pdf
https://webcdn.grid-india.in/files/grdw/uploads/download-manager-files/16.06.18_NLDC_PSP.pdf,2018-19/16.06.18_NLDC_PSP.pdf,200,1552959,0ac9bb25031d3367bffbecd6c3b0fa741902d2927636a252037ee932fabb7de1,2026-09-14T13:46:47,16.06.18_NLDC_PSP|16-06-2018|attachment/pdf
https://webcdn.grid-india.in/files/grdw/uploads/download-manager-files/17.06.18_NLDC_PSP.pdf,2018-19/17.06.18_NLDC_PSP.pdf,200,1693409,7b8b025b47b45ade089a2d1097f7bdd7c9e07c99732c7dd14e1a02e154412b05,2026-09-14T13:46:48,17.06.18_NLDC_PSP.pdf|17-06-2018|attachment/pdf
https://webcdn.grid-india.in/files/grdw/uploads/download-manager-files/18.06.18_NLDC_PSP.pdf,2018-19/18.06.18_NLDC_PSP.pdf,200,1302863,718614db7b31ad10e925b50d59edb249b99b98a066154629559ec8ba6516e85f,2026-09-14T13:46:49,18.06.18_NLDC_PSP|18-06-2018|attachment/pdf
https://webcdn.grid-india.in/files/grdw/uploads/download-manager-files/19.06.18_NLDC_PSP.pdf,2018-19/19.06.18_NLDC_PSP.pdf,200,1523533,4f42ea2dee9a9800f7ea936e58ba991d6d2225e8fc6a28bd1bbb60901a615b66,2026-09-14T13:46:49,19.06.18_NLDC_PSP|19-06-2018|attachment/pdf
https://webcdn.grid-india.in/files/grdw/uploads/download-manager-files/20.06.18_NLDC_PSP.pdf,2018-19/20.06.18_NLDC_PSP.pdf,200,588497,1ba165934e0c5cf8e35b1650642136a8cef72a750a61b4152996b54e4ad08bd5,2026-09-14T13:46:50,20.06.18_NLDC_PSP|20-06-2018|attachment/pdf
https://webcdn.grid-india.in/files/grdw/uploads/download-manager-files/21.06.18_NLDC_PSP.pdf,2018-19/21.06.18_NLDC_PSP.pdf,200,570542,89ec3dbb02c60e9c2a89a554d9eedc139eece2600e9ef9b48a4108c2b08eeb9b,2026-09-14T13:46:50,21.06.18_NLDC_PSP|21-06-2018|attachment/pdf
https://webcdn.grid-india.in/files/grdw/uploads/download-manager-files/22.06.18_NLDC_PSP.pdf,2018-19/22.06.18_NLDC_PSP.pdf,200,1501606,a0cc6f9640179cfced84e874d12f9f8ac7d351e996f06d0b025fb2c1e46ec59e,2026-09-14T13:46:51,22.06.18_NLDC_PSP|22-06-2018|attachment/pdf
https://webcdn.grid-india.in/files/grdw/uploads/download-manager-files/23.06.18_NLDC_PSP.pdf,2018-19/23.06.18_NLDC_PSP.pdf,200,1630441,eae4070648cadeb5618ba71357712173c7b1b62ad6deb65bf232a0e4e2b665a4,2026-09-14T13:46:52,23.06.18_NLDC_PSP|23-06-2018|attachment/pdf
https://webcdn.grid-india.in/files/grdw/uploads/download-manager-files/24.06.18_NLDC_PSP.pdf,2018-19/24.06.18_NLDC_PSP.pdf,200,1524741,7c96e4a555e4ffbf33c6e70c5c3e1f6644ca5489c14f62e2658d822477c91237,2026-09-14T13:46:52,24.06.18_NLDC_PSP|24-06-2018|attachment/pdf
https://webcdn.grid-india.in/files/grdw/uploads/download-manager-files/25.06.18_NLDC_PSP.pdf,2018-19/25.06.18_NLDC_PSP.pdf,200,1523115,b3025082417390c8d1bbe150c04a8a879464724bab6ead4bedfbd3334a051dc7,2026-09-14T13:46:53,25.06.18_NLDC_PSP|25-06-2018|attachment/pdf
https://webcdn.grid-india.in/files/grdw/uploads/download-manager-files/26.06.18_NLDC_PSP.pdf,2018-19/26.06.18_NLDC_PSP.pdf,200,1524893,3d90b73170790b61cd245d381d018fd20d3ae1b92289118ce9ea0719250c1614,2026-09-14T13:46:54,26.06.18_NLDC_PSP|26-06-2018|attachment/pdf
https://webcdn.grid-india.in/files/grdw/uploads/download-manager-files/27.06.18_NLDC_PSP.pdf,2018-19/27.06.18_NLDC_PSP.pdf,200,1631755,10cb95d633800ff2a8bfa993d5892adbd1cbe01b24dc19f87518313800724e69,2026-09-14T13:46:55,27.06.18_NLDC_PSP|27-06-2018|attachment/pdf
https://webcdn.grid-india.in/files/grdw/uploads/download-manager-files/28.06.18_NLDC_PSP.pdf,2018-19/28.06.18_NLDC_PSP.pdf,200,1524168,171cdfc3e0cdc25035d42e4455b612c746ffcd87fbf60280c2ba15f8125153ea,2026-09-14T13:46:56,28.06.18_NLDC_PSP|28-06-2018|attachment/pdf
https://webcdn.grid-india.in/files/grdw/uploads/download-manager-files/29.06.18_NLDC_PSP.pdf,2018-19/29.06.18_NLDC_PSP.pdf,200,1522216,1ebbbe17e7c523e0337c38a2c77c8a72110dd469422ee17ee776d09a6e0e8238,2026-09-14T13:46:57,29.06.18_NLDC_PSP|29-06-2018|attachment/pdf
https://webcdn.grid-india.in/files/grdw/uploads/download-manager-files/30.06.18_NLDC_PSP.pdf,2018-19/30.06.18_NLDC_PSP.pdf,200,1606472,dca4e3f885349970157c95c79de33926ae6558ecde7750fc718b0483e63bf821,2026-09-14T13:46:58,30.06.18_NLDC_PSP|30-06-2018|attachment/pdf
https://webcdn.grid-india.in/files/grdw/uploads/download-manager-files/01.07.18_NLDC_PSP.pdf,2018-19/01.07.18_NLDC_PSP.pdf,200,1704403,1cf600019b1bc08c57afab13325bc7f567d139009e55a312bde67b4ff8681d89,2026-09-14T13:46:59,01.07.18_NLDC_PSP|01-07-2018|attachment/pdf
https://webcdn.grid-india.in/files/grdw/uploads/download-manager-files/02.07.18_NLDC_PSP.pdf,2018-19/02.07.18_NLDC_PSP.pdf,200,1584765,9d8370d38de86080191a4a4a5606bf9c3b161e35341fb57477388691b3ca5037,2026-09-14T13:47:00,02.07.18_NLDC_PSP|02-07-2018|attachment/pdf
https://webcdn.grid-india.in/files/grdw/uploads/download-manager-files/03.07.18_NLDC_PSP.pdf,2018-19/03.07.18_NLDC_PSP.pdf,200,1580410,d3f60cfd3aca0baae7751a0263bbc09745c00d87ee8c77c1bb7df9139114b6c9,2026-09-14T13:47:01,03.07.18_NLDC_PSP|03-07-2018|attachment/pdf
https://webcdn.grid-india.in/files/grdw/uploads/download-manager-files/04.07.18_NLDC_PSP.pdf,2018-19/04.07.18_NLDC_PSP.pdf,200,1584525,f98f52dab2a749b409fca9f47e6e9107c070bc1d484673ad62307e2538ce5b28,2026-09-14T13:47:02,04.07.18_NLDC_PSP|04-07-2018|attachment/pdf
https://webcdn.grid-india.in/files/grdw/uploads/download-manager-files/05.07.18_NLDC_PSP.pdf,2018-19/05.07.18_NLDC_PSP.pdf,200,1688850,d3508bdc13984762856711dfb26ce573e4bf51c92ce5d3e6aad34947b97c8fb2,2026-09-14T13:47:03,05.07.18_NLDC_PSP|05-07-2018|attachment/pdf
https://webcdn.grid-india.in/files/grdw/uploads/download-manager-files/06.07.18_NLDC_PSP.pdf,2018-19/06.07.18_NLDC_PSP.pdf,200,1587749,e9bdf067c23d6cc011a7a0e17887c4b26ce869397ef35e32e6b7c50b5721863a,2026-09-14T13:47:03,06.07.18_NLDC_PSP|06-07-2018|attachment/pdf
https://webcdn.grid-india.in/files/grdw/uploads/download-manager-files/07.07.18_NLDC_PSP___H&E.pdf,2018-19/07.07.18_NLDC_PSP___H&E.pdf,200,1585869,9ed16a01e0f48904052265067ace7362c9ef1234bf81709fcce62f4576feedfd,2026-09-14T13:47:04,07.07.18_NLDC_PSP|07-07-2018|attachment/pdf
https://webcdn.grid-india.in/files/grdw/uploads/download-manager-files/08.07.18_NLDC_PSP.pdf,2018-19/08.07.18_NLDC_PSP.pdf,200,1570861,f47e508432844e77d5ef9189349de7e5435009914391351383a0e4673c5befad,2026-09-14T13:47:05,08.07.18_NLDC_PSP|08-07-2018|attachment/pdf
https://webcdn.grid-india.in/files/grdw/uploads/download-manager-files/09.07.18_NLDC_PSP.pdf,2018-19/09.07.18_NLDC_PSP.pdf,200,1445082,55252fbecf9b6c3654218faacbf259626c046551b2c209021741e8e7e5de4649,2026-09-14T13:47:06,09.07.18_NLDC_PSP|09-07-2018|attachment/pdf
https://webcdn.grid-india.in/files/grdw/uploads/download-manager-files/10.07.18_NLDC_PSP.pdf,2018-19/10.07.18_NLDC_PSP.pdf,200,1585361,1eec91874871fd07d5982751a0c512a3b927b5f26ce3baa53a937f1663bf6ca8,2026-09-14T13:47:07,10.07.18_NLDC_PSP|10-07-2018|attachment/pdf
https://webcdn.grid-india.in/files/grdw/uploads/download-manager-files/11.07.18_NLDC_PSP.pdf,2018-19/11.07.18_NLDC_PSP.pdf,200,1579337,7aa9f69d811eddb65a3974ca07740eb06f0e5f5ca9501d06bc88e8b738a35c70,2026-09-14T13:47:08,11.07.18_NLDC_PSP|11-07-2018|attachment/pdf
https://webcdn.grid-india.in/files/grdw/uploads/download-manager-files/12.07.18_NLDC_PSP.pdf,2018-19/12.07.18_NLDC_PSP.pdf,200,1630301,5f3d90af24d94ab48559f837df805e69f96dfe30d580b6211e2d219a26f5e2ce,2026-09-14T13:47:09,12.07.18_NLDC_PSP|12-07-2018|attachment/pdf
https://webcdn.grid-india.in/files/grdw/uploads/download-manager-files/13.07.18_NLDC_PSP.pdf,2018-19/13.07.18_NLDC_PSP.pdf,200,1655102,433cdf44e0d616580a5693993ae0c891c01ad5f7ae5f4334e13e558fbd55d79e,2026-09-14T13:47:10,13.07.18_NLDC_PSP|13-07-2018|attachment/pdf
https://webcdn.grid-india.in/files/grdw/uploads/download-manager-files/14.07.18_NLDC_PSP.pdf,2018-19/14.07.18_NLDC_PSP.pdf,200,1578982,779451ebc87643cd87a855f8c18d2741732fe7ad66da76e51885a7341c9b8e0e,2026-09-14T13:47:11,14.07.18_NLDC_PSP|14-07-2018|attachment/pdf
https://webcdn.grid-india.in/files/grdw/uploads/download-manager-files/15.07.18_NLDC_PSP.pdf,2018-19/15.07.18_NLDC_PSP.pdf,200,1687254,83e2b1de0bb373d3d9ce19bea3dcdfd91d9d03d973d6d15578088e2ce04fd9ea,2026-09-14T13:47:11,15.07.18_NLDC_PSP|15-07-2018|attachment/pdf
https://webcdn.grid-india.in/files/grdw/uploads/download-manager-files/16.07.18_NLDC_PSP.pdf,2018-19/16.07.18_NLDC_PSP.pdf,200,1578733,2270e1f0479443ae9c2c7f267a9ae37cd880962beb881bafab951bf227ede18a,2026-09-14T13:47:12,16.07.18_NLDC_PSP|16-07-2018|attachment/pdf
https://webcdn.grid-india.in/files/grdw/uploads/download-manager-files/17.07.18_NLDC_PSP_H&E.pdf,2018-19/17.07.18_NLDC_PSP_H&E.pdf,200,426471,2bf44e40ac9fc9de5e880bf318e64886d83412d297e5171ab8ce5067436a079f,2026-09-14T13:47:12,17.07.18_NLDC_PSP|17-07-2018|attachment/pdf
https://webcdn.grid-india.in/files/grdw/uploads/download-manager-files/18.07.18_NLDC_PSP.pdf,2018-19/18.07.18_NLDC_PSP.pdf,200,1666984,83c73d7f637b012083a8875f34ef5c8296deca379c262bf3e928e2af1ad5fe88,2026-09-14T13:47:14,18.07.18_NLDC_PSP|18-07-2018|attachment/pdf
https://webcdn.grid-india.in/files/grdw/uploads/download-manager-files/19.07.18_NLDC_PSP.pdf,2018-19/19.07.18_NLDC_PSP.pdf,200,1684427,227dd2cf4559fb029f28d23ddbb5719a13bc33f2b781d5e0482fb1ae9dcacd28,2026-09-14T13:47:15,19.07.18_NLDC_PSP|19-07-2018|attachment/pdf
https://webcdn.grid-india.in/files/grdw/uploads/download-manager-files/20.07.18_NLDC_PSP.pdf,2018-19/20.07.18_NLDC_PSP.pdf,200,1431106,728f144131659dde650a1cf07165d1a5119f1d1f20955a82383a546ab49efc05,2026-09-14T13:47:16,20.07.18_NLDC_PSP|20-07-2018|attachment/pdf
https://webcdn.grid-india.in/files/grdw/uploads/download-manager-files/21.07.18_NLDC_PSP.pdf,2018-19/21.07.18_NLDC_PSP.pdf,200,1431393,a35a5a2c9562ac4d350d3f195234b63500884a54a71929bb6b1736088d945b74,2026-09-14T13:47:17,21.07.18_NLDC_PSP|21-07-2018|attachment/pdf
https://webcdn.grid-india.in/files/grdw/uploads/download-manager-files/22.07.18_NLDC_PSP.pdf,2018-19/22.07.18_NLDC_PSP.pdf,200,1435747,84e68b873740a2c8c573c7a6cb64773d57e82fca8209deb7f864275a788a2c8d,2026-09-14T13:47:18,22.07.18_NLDC_PSP|22-07-2018|attachment/pdf
https://webcdn.grid-india.in/files/grdw/uploads/download-manager-files/23.07.18_NLDC_PSP.pdf,2018-19/23.07.18_NLDC_PSP.pdf,200,1439039,94bb99cf9b3402766814104628cc349fc8db88a4df3e0dfb65c66b2421ac0030,2026-09-14T13:47:19,23.07.18_NLDC_PSP|23-07-2018|attachment/pdf
https://webcdn.grid-india.in/files/grdw/uploads/download-manager-files/24.07.18_NLDC_PSP.pdf,2018-19/24.07.18_NLDC_PSP.pdf,200,1433307,34f5dee79db59dad9c7c99411492e302ef3b0d82d45c228550f5316b9761041b,2026-09-14T13:47:20,24.07.18_NLDC_PSP|24-07-2018|attachment/pdf
https://webcdn.grid-india.in/files/grdw/uploads/download-manager-files/25.07.18_NLDC_PSP.pdf,2018-19/25.07.18_NLDC_PSP.pdf,200,1511762,5cc9d7ed51eeba51ca4a7e8f4962944edbe7fe5656425c67bc3abeb98aebe71c,2026-09-14T13:47:20,25.07.18_NLDC_PSP|25-07-2018|attachment/pdf
https://webcdn.grid-india.in/files/grdw/uploads/download-manager-files/26.07.18_NLDC_PSP.pdf,2018-19/26.07.18_NLDC_PSP.pdf,200,1438657,ba78c4eee576fe739435f59dad95c7574e32bbd44dd1c91432aedf43f8e5afbb,2026-09-14T13:47:21,26.07.18_NLDC_PSP|26-07-2018|attachment/pdf
https://webcdn.grid-india.in/files/grdw/uploads/download-manager-files/27.07.18_NLDC_PSP.pdf,2018-19/27.07.18_NLDC_PSP.pdf,200,1430462,8d3b88ab5538373a22d88cb71499033c5cbaaeda72ea890304a2ab379b81439d,2026-09-14T13:47:22,27.07.18_NLDC_PSP|27-07-2018|attachment/pdf
https://webcdn.grid-india.in/files/grdw/uploads/download-manager-files/28.07.18_NLDC_PSP.pdf,2018-19/28.07.18_NLDC_PSP.pdf,200,1441105,a55217bbaa979eddb764b32f7c9ae50f6e3f48a98c3fb050d85f45d0cd74fd59,2026-09-14T13:47:22,28.07.18_NLDC_PSP|28-07-2018|attachment/pdf
https://webcdn.grid-india.in/files/grdw/uploads/download-manager-files/29.07.18_NLDC_PSP.pdf,2018-19/29.07.18_NLDC_PSP.pdf,200,1431339,eb016606f9bbb84f9001b56dffbc093f281936014bbc9ff506d5564fdd1f649d,2026-09-14T13:47:23,29.07.18_NLDC_PSP|29-07-2018|attachment/pdf
https://webcdn.grid-india.in/files/grdw/uploads/download-manager-files/30.07.18_NLDC_PSP.pdf,2018-19/30.07.18_NLDC_PSP.pdf,200,1392886,ea69bbb5b810a9f2966d57d9c54e6313cf3aee4f29f3e90f5b8e8b9c449de5e5,2026-09-14T13:47:24,30.07.18_NLDC_PSP|30-07-2018|attachment/pdf
https://webcdn.grid-india.in/files/grdw/uploads/download-manager-files/31.07.18_NLDC_RLDC_PSP.pdf,2018-19/31.07.18_NLDC_RLDC_PSP.pdf,200,1438517,ee8d8e7358eed984344bdeb164641fcb9a36928ca5b7c6fe0e974138873b179f,2026-09-14T13:47:24,31.07.18_NLDC_RLDC_PSP|31-07-2018|attachment/pdf
https://webcdn.grid-india.in/files/grdw/uploads/download-manager-files/01.08.18_NLDC_PSP.pdf,2018-19/01.08.18_NLDC_PSP.pdf,200,1525744,92c64ae845dcd115a0371af847d3f16f7f89096a879e06da9e2cf49960e7e626,2026-09-14T13:47:26,01.08.18_NLDC_PSP|01-08-2018|attachment/pdf
https://webcdn.grid-india.in/files/grdw/uploads/download-manager-files/02.08.18_NLDC_PSP.pdf,2018-19/02.08.18_NLDC_PSP.pdf,200,1524530,a94329b17f8e19524cae11a06caf4dc89c840436f730b7894100ca40a989ed3d,2026-09-14T13:47:27,02.08.18_NLDC_PSP|02-08-2018|attachment/pdf
https://webcdn.grid-india.in/files/grdw/uploads/download-manager-files/03.08.18_NLDC_PSP.pdf,2018-19/03.08.18_NLDC_PSP.pdf,200,1493857,dfe6b1d61f2e06cd528f4b9f45c1c2358ed4e6e33db1f45d128c7139ea5eee1f,2026-09-14T13:47:28,03.08.18_NLDC_PSP|03-08-2018|attachment/pdf
https://webcdn.grid-india.in/files/grdw/uploads/download-manager-files/04.08.18_NLDC_PSP.pdf,2018-19/04.08.18_NLDC_PSP.pdf,200,1523166,cf24a4bbf980c4b439936a8289a8eba5f9b3a95ec3ebe3a201c3437c1d395207,2026-09-14T13:47:28,04.08.18_NLDC_PSP|04-08-2018|attachment/pdf
https://webcdn.grid-india.in/files/grdw/uploads/download-manager-files/05.08.18_NLDC_PSP.pdf,2018-19/05.08.18_NLDC_PSP.pdf,200,1522903,fc9feac8172f2e1161299f9ee50b81471cf38fef78bb41bab93178991209edb8,2026-09-14T13:47:29,05.08.18_NLDC_PSP|05-08-2018|attachment/pdf
https://webcdn.grid-india.in/files/grdw/uploads/download-manager-files/06.08.18_NLDC_PSP.pdf,2018-19/06.08.18_NLDC_PSP.pdf,200,1522685,6fab349467becce5eb8d6ecbf4e8a33f8905e90b8f72697dc550b31c49694030,2026-09-14T13:47:30,06.08.18_NLDC_PSP|06-08-2018|attachment/pdf
https://webcdn.grid-india.in/files/grdw/uploads/download-manager-files/07.08.18_NLDC_PSP.pdf,2018-19/07.08.18_NLDC_PSP.pdf,200,1522718,abf6ced1c1cdddb81c511193c53428580b0a1deab9f539ff12cfae92f00facdb,2026-09-14T13:47:30,07.08.18_NLDC_PSP|07-08-2018|attachment/pdf
https://webcdn.grid-india.in/files/grdw/uploads/download-manager-files/08.08.18_NLDC_PSP.pdf,2018-19/08.08.18_NLDC_PSP.pdf,200,1521790,00fc6acfaed90dcb23e33e8e467023766d6c38eb545dd236492921710614efea,2026-09-14T13:47:31,08.08.18_NLDC_PSP|08-08-2018|attachment/pdf
https://webcdn.grid-india.in/files/grdw/uploads/download-manager-files/09.08.18_NLDC_PSP.pdf,2018-19/09.08.18_NLDC_PSP.pdf,200,1521180,fb423d7407d9d6e45f5d4ce73d2d48263d5b7e085022a0ada3cd77a94773b30d,2026-09-14T13:47:32,09.08.18_NLDC_PSP|09-08-2018|attachment/pdf
https://webcdn.grid-india.in/files/grdw/uploads/download-manager-files/10.08.18_NLDC_PSP.pdf,2018-19/10.08.18_NLDC_PSP.pdf,200,1527225,8746e18e3f38cbc25fb53b34a39790356a9ccc5324ea4bff7487cdff12a57d95,2026-09-14T13:47:33,10.08.18_NLDC_PSP|10-08-2018|attachment/pdf
https://webcdn.grid-india.in/files/grdw/uploads/download-manager-files/11.08.18_NLDC_PSP.pdf,2018-19/11.08.18_NLDC_PSP.pdf,200,1444864,243917e7bed00de7d29708c7efac5052dc747925f387e7f4c8d1fb031026cbe0,2026-09-14T13:47:33,11.08.18_NLDC_PSP|11-08-2018|attachment/pdf
https://webcdn.grid-india.in/files/grdw/uploads/download-manager-files/12.08.18_NLDC_PSP.pdf,2018-19/12.08.18_NLDC_PSP.pdf,200,1523080,7a68f8d252d0865bb0912f94aef793434bf76c4f16fbc09d576e3128ac46db4f,2026-09-14T13:47:34,12.08.18_NLDC_PSP|12-08-2018|attachment/pdf
https://webcdn.grid-india.in/files/grdw/uploads/download-manager-files/13.08.18_NLDC_PSP.pdf,2018-19/13.08.18_NLDC_PSP.pdf,200,1458280,48dbb287fc6d1b80435294d5bd8cfc8e7e7beafdf609ed596cd00b494796dd01,2026-09-14T13:47:35,13.08.18_NLDC_PSP|13-08-2018|attachment/pdf
https://webcdn.grid-india.in/files/grdw/uploads/download-manager-files/14.08.18_NLDC_PSP.pdf,2018-19/14.08.18_NLDC_PSP.pdf,200,616733,fabaaec0ac350d9f8d456f9f7febeb0e322f99cfc5640fbd4c1ff759141a737b,2026-09-14T13:47:36,14.08.18_NLDC_PSP|14-08-2018|attachment/pdf
https://webcdn.grid-india.in/files/grdw/uploads/download-manager-files/15.08.18_NLDC_PSP.pdf,2018-19/15.08.18_NLDC_PSP.pdf,200,1521953,f4b5997f8400e4e3dca2d694e12169d9c537439fe2364460d1eeff87cd098234,2026-09-14T13:47:37,15.08.18_NLDC_PSP|15-08-2018|attachment/pdf
https://webcdn.grid-india.in/files/grdw/uploads/download-manager-files/18.08.18_NLDC_PSP.pdf,2018-19/18.08.18_NLDC_PSP.pdf,200,1635664,01bf408773c4336e6e2940dfb12669153c4aa1caa74bb399c6bc385a2e68d468,2026-09-14T13:47:38,18.08.18_NLDC_PSP|18-08-2018|attachment/pdf
https://webcdn.grid-india.in/files/grdw/uploads/download-manager-files/19.08.18_NLDC_PSP.pdf,2018-19/19.08.18_NLDC_PSP.pdf,200,1522736,6a5386f1c7cf2b2ddfa9281608e301639f5e3d613c7bc72d09c5263362b18d91,2026-09-14T13:47:39,19.08.18_NLDC_PSP|19-08-2018|attachment/pdf
https://webcdn.grid-india.in/files/grdw/uploads/download-manager-files/20.08.18_NLDC_PSP.pdf,2018-19/20.08.18_NLDC_PSP.pdf,200,2078489,71f35320fd498a01be2392d0c9bbff8a980e494f5f2173a4a4377329aec6af96,2026-09-14T13:47:40,20.08.18_NLDC_PSP|20-08-2018|attachment/pdf
https://webcdn.grid-india.in/files/grdw/uploads/download-manager-files/21.08.18_NLDC_PSP.pdf,2018-19/21.08.18_NLDC_PSP.pdf,200,2734591,d3e8f797a6b9fa14013c5a4300bb98e8954369f5d33d869608df6631ce5cbec4,2026-09-14T13:47:41,21.08.18_NLDC_PSP|21-08-2018|attachment/pdf
https://webcdn.grid-india.in/files/grdw/uploads/download-manager-files/22.08.18_NLDC_PSP.pdf,2018-19/22.08.18_NLDC_PSP.pdf,200,3141095,708afcacf12556e7a52482c21df5070290484a02c540a20060598f43ae4c89d8,2026-09-14T13:47:43,22.08.18_NLDC_PSP|22-08-2018|attachment/pdf
https://webcdn.grid-india.in/files/grdw/uploads/download-manager-files/23.08.18_NLDC_PSP.pdf,2018-19/23.08.18_NLDC_PSP.pdf,200,2894618,493dd183651f9a5cbdcfa1a1a0aff0b3626c7d16bef00d254412eb36f1ef3517,2026-09-14T13:47:45,23.08.18_NLDC_PSP|23-08-2018|attachment/pdf
https://webcdn.grid-india.in/files/grdw/uploads/download-manager-files/24.08.18_NLDC_PSP.pdf,2018-19/24.08.18_NLDC_PSP.pdf,200,1493767,8d6952810d7e2e7e5e1bcf9beece4d2d75dc34201f5ef730bf8aa0be4031ebe2,2026-09-14T13:47:45,24.08.18_NLDC_PSP|24-08-2018|attachment/pdf
https://webcdn.grid-india.in/files/grdw/uploads/download-manager-files/25.08.18_NLDC_PSP.pdf,2018-19/25.08.18_NLDC_PSP.pdf,200,1492984,8fdc82c975381c9f54c7b638c4c85c34fc279ebe36c5ef74a748eab8ac8bbe37,2026-09-14T13:47:46,25.08.18_NLDC_PSP|25-08-2018|attachment/pdf
https://webcdn.grid-india.in/files/grdw/uploads/download-manager-files/27.08.18_NLDC_PSP.pdf,2018-19/27.08.18_NLDC_PSP.pdf,200,1569149,c2c3aec4a8c9ae19c5c8cf733a33e0c329c2d7a1da1761ae587da7069b4842b5,2026-09-14T13:47:47,27.08.18_NLDC_PSP|27-08-2018|attachment/pdf
https://webcdn.grid-india.in/files/grdw/uploads/download-manager-files/28.08.18_NLDC_PSP.pdf,2018-19/28.08.18_NLDC_PSP.pdf,200,1495094,e0520029c0601580ccf422b7c2a6b498885581af0305634f0513e64aecb6594b,2026-09-14T13:47:48,28.08.18_NLDC_PSP|28-08-2018|attachment/pdf
https://webcdn.grid-india.in/files/grdw/uploads/download-manager-files/29.08.18_NLDC_PSP.pdf,2018-19/29.08.18_NLDC_PSP.pdf,200,1492257,83030a4eb303d05add28f202f55e9e04f9e423ce94b8b545b62e517f1e7129f7,2026-09-14T13:47:49,29.08.18_NLDC_PSP|29-08-2018|attachment/pdf
https://webcdn.grid-india.in/files/grdw/uploads/download-manager-files/30.08.18_NLDC_PSP.pdf,2018-19/30.08.18_NLDC_PSP.pdf,200,1527232,28c9ac7f015d3e200ed3fc4263e85c0ad930a6cc6a947620609831546298b5cc,2026-09-14T13:47:53,30.08.18_NLDC_PSP|30-08-2018|attachment/pdf
https://webcdn.grid-india.in/files/grdw/uploads/download-manager-files/31.08.18_NLDC_PSP.pdf,2018-19/31.08.18_NLDC_PSP.pdf,200,1524277,23a9a6fdd8ccbe71d2930d13d53e5abb109ce962ef5b79568c7c5dadcfa5b943,2026-09-14T13:47:54,31.08.18_NLDC_PSP|31-08-2018|attachment/pdf
https://webcdn.grid-india.in/files/grdw/uploads/download-manager-files/01.09.18_NLDC_PSP.pdf,2018-19/01.09.18_NLDC_PSP.pdf,200,1499598,dc4f210dee2a988627b7cf472e95e2d3b26177d9e91a8d6052f047c6ddb7b816,2026-09-14T13:47:56,01.09.18_NLDC_PSP|01-09-2018|attachment/pdf
https://webcdn.grid-india.in/files/grdw/uploads/download-manager-files/02.09.18_NLDC_PSP.pdf,2018-19/02.09.18_NLDC_PSP.pdf,200,1496191,7770d885501fce5ab1483e8b4e06e5238a060dd2e9ddc05467f9bd263bb95934,2026-09-14T13:47:57,02.09.18_NLDC_PSP|02-09-2018|attachment/pdf
https://webcdn.grid-india.in/files/grdw/uploads/download-manager-files/03.09.18_NLDC_PSP.pdf,2018-19/03.09.18_NLDC_PSP.pdf,200,1494978,0aa9e415ea78433f52d5431cc5e642dc5184dfdddb95646e9213c4aedd44496f,2026-09-14T13:47:58,03.09.18_NLDC_PSP|03-09-2018|attachment/pdf
https://webcdn.grid-india.in/files/grdw/uploads/download-manager-files/04.09.18_NLDC_PSP.pdf,2018-19/04.09.18_NLDC_PSP.pdf,200,1522771,2375309e18558e43ffb261b80640e862a1e7d127ef2b20e5a1e905b890e15cd5,2026-09-14T13:47:58,04.09.18_NLDC_PSP|04-09-2018|attachment/pdf
https://webcdn.grid-india.in/files/grdw/uploads/download-manager-files/05.09.18_NLDC_PSP.pdf,2018-19/05.09.18_NLDC_PSP.pdf,200,1496677,ce531972597f03f1b6f098f9d321beb2fd961640669bf3cb4b4fce930c5e1315,2026-09-14T13:47:59,05.09.18_NLDC_PSP.pdf|05-09-2018|attachment/pdf
https://webcdn.grid-india.in/files/grdw/uploads/download-manager-files/06.09.18_NLDC_PSP.pdf,2018-19/06.09.18_NLDC_PSP.pdf,200,1525334,aa36e0248fa3656d53fe0cf7780bc07dc13739e050eca25e10e0931c600cadd0,2026-09-14T13:48:00,06.09.18_NLDC_PSP|06-09-2018|attachment/pdf
https://webcdn.grid-india.in/files/grdw/uploads/download-manager-files/07.09.18_NLDC_PSP.pdf,2018-19/07.09.18_NLDC_PSP.pdf,200,1524208,e772c477b2fd532c888a310f8b882929e5cfb10e91fcf7040548a2b6d482d5b8,2026-09-14T13:48:02,07.09.18_NLDC_PSP|07-09-2018|attachment/pdf
https://webcdn.grid-india.in/files/grdw/uploads/download-manager-files/08.09.18_NLDC_PSP.pdf,2018-19/08.09.18_NLDC_PSP.pdf,200,1493170,4ec01ff1152ad08ae5c5f6a7f4a6f96cae7e803254bfc9d31394a94009a789ae,2026-09-14T13:48:03,08.09.18_NLDC_PSP|08-09-2018|attachment/pdf
https://webcdn.grid-india.in/files/grdw/uploads/download-manager-files/09.09.18_NLDC_PSP.pdf,2018-19/09.09.18_NLDC_PSP.pdf,200,1493014,cd293db5bee9242fecc024669f4f9a29a6aa33b4a056834371fd4ec348ed03f9,2026-09-14T13:48:05,09.09.18_NLDC_PSP|09-09-2018|attachment/pdf
https://webcdn.grid-india.in/files/grdw/uploads/download-manager-files/10.09.18_NLDC_PSP__H&E.pdf,2018-19/10.09.18_NLDC_PSP__H&E.pdf,200,1525554,1d2c12996991997b6ef54932381ecefe14906447929d984017bd4400fe4e26c5,2026-09-14T13:48:06,10.09.18_NLDC_PSP__H&E|10-09-2018|attachment/pdf
https://webcdn.grid-india.in/files/grdw/uploads/download-manager-files/11.09.18_NLDC_PSP_R1.pdf,2018-19/11.09.18_NLDC_PSP_R1.pdf,200,1628902,400358a917448ee1358b36fb6238944ad9d6daa8c7965e67248582724e9cdb80,2026-09-14T13:48:07,11.09.18_NLDC_PSP_R1|11-09-2018|attachment/pdf
https://webcdn.grid-india.in/files/grdw/uploads/download-manager-files/12.09.18_NLDC_PSP.pdf,2018-19/12.09.18_NLDC_PSP.pdf,200,1492604,a6811d4d8f36eb6d3a1ab6d926e35caa60b666e774f5fbaac389187fb771fda2,2026-09-14T13:48:07,12.09.18_NLDC_PSP|12-09-2018|attachment/pdf
https://webcdn.grid-india.in/files/grdw/uploads/download-manager-files/13.09.18_NLDC_PSP.pdf,2018-19/13.09.18_NLDC_PSP.pdf,200,1493493,bbc1e0a3ba76035b2a2c25b482f7488b0e453d15b24941653d39cfa40540e78b,2026-09-14T13:48:08,13.09.18_NLDC_PSP.pdf|13-09-2018|attachment/pdf
https://webcdn.grid-india.in/files/grdw/uploads/download-manager-files/14.09.18_NLDC_PSP.pdf,2018-19/14.09.18_NLDC_PSP.pdf,200,1566516,46ee8062e872ea74ae9632941f1cff38a0c8d72c9dfda0066f1ad25c8505ad22,2026-09-14T13:48:09,14.09.18_NLDC_PSP|14-09-2018|attachment/pdf
https://webcdn.grid-india.in/files/grdw/uploads/download-manager-files/15.09.18_NLDC_PSP.pdf,2018-19/15.09.18_NLDC_PSP.pdf,200,1521871,7d53c093cf79e36afd74493f73fabfb1d27e45938ccadb92b1d6f22dd59f12b2,2026-09-14T13:48:10,15.09.18_NLDC_PSP|15-09-2018|attachment/pdf
https://webcdn.grid-india.in/files/grdw/uploads/download-manager-files/16.09.18_NLDC_PSP.pdf,2018-19/16.09.18_NLDC_PSP.pdf,200,1492729,ea5183d381a47bb0e4f00c107931057015b153d239d8d938dec8dae93196a0f7,2026-09-14T13:48:11,16.09.18_NLDC_PSP.pdf|16-09-2018|attachment/pdf
https://webcdn.grid-india.in/files/grdw/uploads/download-manager-files/17.09.18_NLDC_PSP.pdf,2018-19/17.09.18_NLDC_PSP.pdf,200,1522334,2f8cf6d99249a08894522aba9f772a6544b9ec51b7a5cb4591c87de2416b407a,2026-09-14T13:48:11,17.09.18_NLDC_PSP|17-09-2018|attachment/pdf
https://webcdn.grid-india.in/files/grdw/uploads/download-manager-files/18.09.18_NLDC_PSP.pdf,2018-19/18.09.18_NLDC_PSP.pdf,200,1494997,fd959a0847de58b9b8751547f751b9b80df05e385475ec438daafc45cde9714c,2026-09-14T13:48:12,18.09.18_NLDC_PSP|18-09-2018|attachment/pdf
https://webcdn.grid-india.in/files/grdw/uploads/download-manager-files/19.09.18_NLDC_PSP.pdf,2018-19/19.09.18_NLDC_PSP.pdf,200,1564961,6d8ea84d21c063da81692b98d33d35abd4f915dc68f18da9e5a278df34a0947b,2026-09-14T13:48:13,19.09.18_NLDC_PSP|19-09-2018|attachment/pdf
https://webcdn.grid-india.in/files/grdw/uploads/download-manager-files/20.09.18_NLDC_PSP.pdf,2018-19/20.09.18_NLDC_PSP.pdf,200,1521482,d1797295612ae34fec83b596602976b63b5d9c20a11678031464109fdcbb8182,2026-09-14T13:48:14,20.09.18_NLDC_PSP|20-09-2018|attachment/pdf
https://webcdn.grid-india.in/files/grdw/uploads/download-manager-files/21.09.18_NLDC_PSP.pdf,2018-19/21.09.18_NLDC_PSP.pdf,200,1523410,3f4b61b338de6156d31f7beb00cfe43ec2d85da968637c72e1501fee5971fc68,2026-09-14T13:48:15,21.09.18_NLDC_PSP|21-09-2018|attachment/pdf
https://webcdn.grid-india.in/files/grdw/uploads/download-manager-files/22.09.18_NLDC_PSP.pdf,2018-19/22.09.18_NLDC_PSP.pdf,200,1523108,362dc9e70cd7618e00b881593727e1594a8d26854cd9161ad28a065b61b7433a,2026-09-14T13:48:15,22.09.18_NLDC_PSP.pdf|22-09-2018|attachment/pdf
https://webcdn.grid-india.in/files/grdw/uploads/download-manager-files/23.09.18_NLDC_PSP.pdf,2018-19/23.09.18_NLDC_PSP.pdf,200,1524532,8dfca3ea85b2fb7330da9cf316491c8c0681cb1258a58f290518b822433e6675,2026-09-14T13:48:16,23.09.18_NLDC_PSP|23-09-2018|attachment/pdf
https://webcdn.grid-india.in/files/grdw/uploads/download-manager-files/24.09.18_NLDC_PSP.pdf,2018-19/24.09.18_NLDC_PSP.pdf,200,1492925,d07cc40f0a07fe604c62e134200b79cfd6d97c43432509d0aac817bfec925a1f,2026-09-14T13:48:17,24.09.18_NLDC_PSP|24-09-2018|attachment/pdf
https://webcdn.grid-india.in/files/grdw/uploads/download-manager-files/25.09.18_NLDC_PSP.pdf,2018-19/25.09.18_NLDC_PSP.pdf,200,1495902,88ae68d6d1a0d227092fed82c25e53ddf34c28c75801b5b7f231a8abbb076428,2026-09-14T13:48:18,25.09.18_NLDC_PSP|25-09-2018|attachment/pdf
https://webcdn.grid-india.in/files/grdw/uploads/download-manager-files/26.09.18_NLDC_PSP.pdf,2018-19/26.09.18_NLDC_PSP.pdf,200,1488915,f1f527dfbc109774e2a0e4e966cdc1836b62f48fb3209c9e8be7e6d0fd41f872,2026-09-14T13:48:19,26.09.18_NLDC_PSP|26-09-2018|attachment/pdf
https://webcdn.grid-india.in/files/grdw/uploads/download-manager-files/27.09.18_NLDC_PSP.pdf,2018-19/27.09.18_NLDC_PSP.pdf,200,1495168,7cd2c6b84a234f002dd34eb99703e003351b7911701303afd74fcac10458b8e5,2026-09-14T13:48:19,27.09.18_NLDC_PSP|27-09-2018|attachment/pdf
https://webcdn.grid-india.in/files/grdw/uploads/download-manager-files/28.09.18_NLDC_PSP.pdf,2018-19/28.09.18_NLDC_PSP.pdf,200,1496330,c46b102769800a8b58f938f8ea6414f5af3d7394ab3cb3a86f9356a9dc4d6348,2026-09-14T13:48:20,28.09.18_NLDC_PSP|28-09-2018|attachment/pdf
https://webcdn.grid-india.in/files/grdw/uploads/download-manager-files/29.09.18_NLDC_PSP.pdf,2018-19/29.09.18_NLDC_PSP.pdf,200,1520476,dfba373d32c6ced9f0f02436fae1eb54e75bc810d0dba535aee77cf8a5f3aa48,2026-09-14T13:48:21,29.09.18_NLDC_PSP|29-09-2018|attachment/pdf
https://webcdn.grid-india.in/files/grdw/uploads/download-manager-files/30.09.18_NLDC_PSP.pdf,2018-19/30.09.18_NLDC_PSP.pdf,200,1492143,66a744a0b9949e5e1c4b8fe3f01cec24032a4a63fbbfe95ed9e7f2feed6c7b0a,2026-09-14T13:48:21,30.09.18_NLDC_PSP|30-09-2018|attachment/pdf
https://webcdn.grid-india.in/files/grdw/uploads/download-manager-files/01.10.18_NLDC_PSP.pdf,2018-19/01.10.18_NLDC_PSP.pdf,200,1524203,9376841d6bf6caecfe350f580673cb094cb2b8fa480cf8a5a9bb88c38853bc3f,2026-09-14T13:48:23,01.10.18_NLDC_PSP|01-10-2018|attachment/pdf
https://webcdn.grid-india.in/files/grdw/uploads/download-manager-files/02.10.18_NLDC_PSP.pdf,2018-19/02.10.18_NLDC_PSP.pdf,200,1495556,ba871b8cf0e5d5e9f9d08bdaf3903e385ab0378287e7883a82013664f8a86add,2026-09-14T13:48:23,02.10.18_NLDC_PSP|02-10-2018|attachment/pdf
https://webcdn.grid-india.in/files/grdw/uploads/download-manager-files/03.10.18_NLDC_PSP.pdf,2018-19/03.10.18_NLDC_PSP.pdf,200,1495634,054b6f25f2523a8eb8228b767ee990d2a35c19eb57d98181fa38a907ec455ef9,2026-09-14T13:48:24,03.10.18_NLDC_PSP|03-10-2018|attachment/pdf
https://webcdn.grid-india.in/files/grdw/uploads/download-manager-files/04.10.18_NLDC_PSP.pdf,2018-19/04.10.18_NLDC_PSP.pdf,200,1520961,238bf3a074cfbcaec65f2fa7c4553afe73ebc73a47ef114664eaef8b1d3b9111,2026-09-14T13:48:25,04.10.18_NLDC_PSP|04-10-2018|attachment/pdf
https://webcdn.grid-india.in/files/grdw/uploads/download-manager-files/05.10.18_NLDC_PSP.pdf,2018-19/05.10.18_NLDC_PSP.pdf,200,1523015,8bbb5663165968a41c678dbf8cfa5d50c399f6dc28358a2efa7de0e97a5d9a34,2026-09-14T13:48:25,05.10.18_NLDC_PSP|05-10-2018|attachment/pdf
https://webcdn.grid-india.in/files/grdw/uploads/download-manager-files/06.10.18_NLDC_PSP.pdf,2018-19/06.10.18_NLDC_PSP.pdf,200,1495302,35aae81b3d51460322e17d468d4837d44a132d2215810f81f41994c14aa6719a,2026-09-14T13:48:26,06.10.18_NLDC_PSP|06-10-2018|attachment/pdf
https://webcdn.grid-india.in/files/grdw/uploads/download-manager-files/07.10.18_NLDC_PSP.pdf,2018-19/07.10.18_NLDC_PSP.pdf,200,1490559,6f759a95fb157797015cc812485ccc69e40713206c3e607cff464d616b6ffa12,2026-09-14T13:48:27,07.10.18_NLDC_PSP|07-10-2018|attachment/pdf
https://webcdn.grid-india.in/files/grdw/uploads/download-manager-files/08.10.18_NLDC_PSP.pdf,2018-19/08.10.18_NLDC_PSP.pdf,200,631092,93289d5218e19937dfbc51229aadfdc1f2d17e469656aebb4564768fb4abdf30,2026-09-14T13:48:27,08.10.18_NLDC_PSP|08-10-2018|attachment/pdf
https://webcdn.grid-india.in/files/grdw/uploads/download-manager-files/09.10.18_NLDC_PSP.pdf,2018-19/09.10.18_NLDC_PSP.pdf,200,1493099,153a6cdfb8349ced570d7393787bce74151eab76fcc16dede6deadc407cb4646,2026-09-14T13:48:28,09.10.18_NLDC_PSP|09-10-2018|attachment/pdf
https://webcdn.grid-india.in/files/grdw/uploads/download-manager-files/10.10.18_NLDC_PSP.pdf,2018-19/10.10.18_NLDC_PSP.pdf,200,1493000,58ccc65043c16931e54fb3d74a898e9f91d876d7264dff7f38ca216101abcef0,2026-09-14T13:48:28,10.10.18_NLDC_PSP|10-10-2018|attachment/pdf
https://webcdn.grid-india.in/files/grdw/uploads/download-manager-files/11.10.18_NLDC_PSP.pdf,2018-19/11.10.18_NLDC_PSP.pdf,200,1490586,120ccccf442413e384aa23d9b4a783cc9ec6aba04c153e6c133545681e01f4cf,2026-09-14T13:48:29,11.10.18_NLDC_PSP|11-10-2018|attachment/pdf
https://webcdn.grid-india.in/files/grdw/uploads/download-manager-files/12.10.18_NLDC_PSP.pdf,2018-19/12.10.18_NLDC_PSP.pdf,200,618241,af1daf95e825dc3bb93419b07682b0dd3af7c9d8f4de638bd8240a7d48ee61d3,2026-09-14T13:48:30,12.10.18_NLDC_PSP|12-10-2018|attachment/pdf
https://webcdn.grid-india.in/files/grdw/uploads/download-manager-files/13.10.18_NLDC_PSP.pdf,2018-19/13.10.18_NLDC_PSP.pdf,200,1518963,0cd08023a6d3ee10c1f5443778d4493b0bf82d07c5576acaab1bfe4c41c4d801,2026-09-14T13:48:30,13.10.18_NLDC_PSP|13-10-2018|attachment/pdf
https://webcdn.grid-india.in/files/grdw/uploads/download-manager-files/14.10.18_NLDC_PSP.pdf,2018-19/14.10.18_NLDC_PSP.pdf,200,1486118,445726ad96f348fa15fe4916063458db2dc5874354d012f120530aaad53516f3,2026-09-14T13:48:31,14.10.18_NLDC_PSP|14-10-2018|attachment/pdf
https://webcdn.grid-india.in/files/grdw/uploads/download-manager-files/15.10.18_NLDC_PSP.pdf,2018-19/15.10.18_NLDC_PSP.pdf,200,1709126,15205b766381630a5008b33b87705f65c72875a2ec8bfcd7440debd664951cc8,2026-09-14T13:48:32,15.10.18_NLDC_PSP|15-10-2018|attachment/pdf
https://webcdn.grid-india.in/files/grdw/uploads/download-manager-files/16.10.18_NLDC_PSP.pdf,2018-19/16.10.18_NLDC_PSP.pdf,200,1493232,16f091a246b30c83e286c38363fbc8044700ddb07c774ebe9218b62e90920c6e,2026-09-14T13:48:33,16.10.18_NLDC_PSP|16-10-2018|attachment/pdf
https://webcdn.grid-india.in/files/grdw/uploads/download-manager-files/17.10.18_NLDC_PSP.pdf,2018-19/17.10.18_NLDC_PSP.pdf,200,1494368,ce0413b35879e42ca6e3c20627a9b98973f8659242b89434289d1005bf3259d6,2026-09-14T13:48:34,17.10.18_NLDC_PSP|17-10-2018|attachment/pdf
https://webcdn.grid-india.in/files/grdw/uploads/download-manager-files/18.10.18_NLDC_PSP.pdf,2018-19/18.10.18_NLDC_PSP.pdf,200,1444922,291d39130a3851c55ffbc193647c8d1d69e81143db759e3caa278a81bc5adac5,2026-09-14T13:48:34,18.10.18_NLDC_PSP|18-10-2018|attachment/pdf
https://webcdn.grid-india.in/files/grdw/uploads/download-manager-files/19.10.18_NLDC_PSP.pdf,2018-19/19.10.18_NLDC_PSP.pdf,200,1517595,5b02d825b88b0f0bcc6d05efc8879d1b23874a10cffd64161d3d73b3f2538593,2026-09-14T13:48:35,19.10.18_NLDC_PSP|19-10-2018|attachment/pdf
https://webcdn.grid-india.in/files/grdw/uploads/download-manager-files/20.10.18_NLDC_PSP.pdf,2018-19/20.10.18_NLDC_PSP.pdf,200,1520948,84e805a664a6789141bdb7e37dc53301be307cf0c92c7ffda2f7d70178b727c0,2026-09-14T13:48:37,20.10.18_NLDC_PSP|20-10-2018|attachment/pdf
https://webcdn.grid-india.in/files/grdw/uploads/download-manager-files/21.10.18_NLDC_PSP.pdf,2018-19/21.10.18_NLDC_PSP.pdf,200,1521746,aa6f0b48798ff082245f5794599732224b132a9f0035e2f83472ba4b2d9d2978,2026-09-14T13:48:37,21.10.18_NLDC_PSP|21-10-2018|attachment/pdf
https://webcdn.grid-india.in/files/grdw/uploads/download-manager-files/22.10.18_NLDC_PSP.pdf,2018-19/22.10.18_NLDC_PSP.pdf,200,1490174,b9da7dda9647ef10f8bc46f837d9c437661eee2f779da974b3adb7fb10b122a7,2026-09-14T13:48:38,22.10.18_NLDC_PSP|22-10-2018|attachment/pdf
https://webcdn.grid-india.in/files/grdw/uploads/download-manager-files/23.10.18_NLDC_PSP.pdf,2018-19/23.10.18_NLDC_PSP.pdf,200,1489718,91062612d59d775d1bf504eea09a1d41e673cf26f1258c96feaee4c7c03ace5e,2026-09-14T13:48:39,23.10.18_NLDC_PSP|23-10-2018|attachment/pdf
https://webcdn.grid-india.in/files/grdw/uploads/download-manager-files/24.10.18_NLDC_PSP.pdf,2018-19/24.10.18_NLDC_PSP.pdf,200,1494746,55f91957b8df016be78fb9764da40a85b675b6de1eb9776b5219615dc7f96ad1,2026-09-14T13:48:40,24.10.18_NLDC_PSP|24-10-2018|attachment/pdf
https://webcdn.grid-india.in/files/grdw/uploads/download-manager-files/25.10.18_NLDC_PSP.pdf,2018-19/25.10.18_NLDC_PSP.pdf,200,1493589,dba446a9c69746aa424b355bc76d4d8ee0b7b4b569ce375ff219a676ebb1ccd2,2026-09-14T13:48:41,25.10.18_NLDC_PSP|25-10-2018|attachment/pdf
https://webcdn.grid-india.in/files/grdw/uploads/download-manager-files/26.10.18_NLDC_PSP.pdf,2018-19/26.10.18_NLDC_PSP.pdf,200,1520940,855c8366269ca74e1f20dd0885b2231e713380262b414c4fb7e14606af0318fe,2026-09-14T13:48:41,26.10.18_NLDC_PSP|26-10-2018|attachment/pdf
https://webcdn.grid-india.in/files/grdw/uploads/download-manager-files/27.10.18_NLDC_PSP.pdf,2018-19/27.10.18_NLDC_PSP.pdf,200,1493715,da49b952fee030aa057938086dc5a125561d5eccd35e82d9c3440372409ad1c4,2026-09-14T13:48:42,27.10.18_NLDC_PSP|27-10-2018|attachment/pdf
https://webcdn.grid-india.in/files/grdw/uploads/download-manager-files/29.10.18_NLDC_PSP.pdf,2018-19/29.10.18_NLDC_PSP.pdf,200,1492246,6e4936182dbfa999d87dcfd1771a5f735240721a5c195124787c8d2dea195923,2026-09-14T13:48:43,29.10.18_NLDC_PSP|29-10-2018|attachment/pdf
https://webcdn.grid-india.in/files/grdw/uploads/download-manager-files/30.10.18_R1_NLDC_RLDC_PSP.pdf,2018-19/30.10.18_R1_NLDC_RLDC_PSP.pdf,200,1209955,b92fcf5d0c4887c7ea10427227342b962953a674cbda50609463e75d430f8b0e,2026-09-14T13:48:43,30.10.18_NLDC_PSP|30-10-2018|attachment/pdf
https://webcdn.grid-india.in/files/grdw/uploads/download-manager-files/31.10.18_NLDC_PSP.pdf,2018-19/31.10.18_NLDC_PSP.pdf,200,1523050,c38d4f7324e2fe512b0ee97430b7083166f6c88078b5449ecdd2bb9a5fb4381c,2026-09-14T13:48:44,31.10.18_NLDC_PSP|31-10-2018|attachment/pdf
https://webcdn.grid-india.in/files/grdw/uploads/download-manager-files/All-India_Angular_spread_091018.JPG,2018-19/All-India_Angular_spread_091018.JPG,200,149448,2195ac8ec27d523fae9d6cd984a725232da728424471ba8be17d883878a4d9b3,2026-09-14T13:48:44,All-India_Angular_spread_091018|09-10-2018|images/jpg
https://webcdn.grid-india.in/files/grdw/uploads/download-manager-files/01.11.18_NLDC_PSP.pdf,2018-19/01.11.18_NLDC_PSP.pdf,200,1522921,4448a611466187d0986ba28949381fd2fee6827d27b75f4fc1244ed9213beeb9,2026-09-14T13:48:48,01.11.18_NLDC_PSP|01-11-2018|attachment/pdf
https://webcdn.grid-india.in/files/grdw/uploads/download-manager-files/02.11.18_NLDC_PSP.pdf,2018-19/02.11.18_NLDC_PSP.pdf,200,1209024,d0d39c51fa9714739faaf390af3782afd33a524599193c68fb377b382a852ebc,2026-09-14T13:48:49,02.11.18_NLDC_PSP|02-11-2018|attachment/pdf
https://webcdn.grid-india.in/files/grdw/uploads/download-manager-files/03.11.18_NLDC_PSP.pdf,2018-19/03.11.18_NLDC_PSP.pdf,200,1666517,fd423646cc96a259b63a0948e93926ccca70c14271719914b102f98e23335abc,2026-09-14T13:48:49,03.11.18_NLDC_PSP|03-11-2018|attachment/pdf
https://webcdn.grid-india.in/files/grdw/uploads/download-manager-files/04.11.18_NLDC_PSP.pdf,2018-19/04.11.18_NLDC_PSP.pdf,200,1523269,89f89da68ea87d1e1922503f6dd9984362e83b2a89bf862b6cdb2066203c4813,2026-09-14T13:48:50,04.11.18_NLDC_PSP|04-11-2018|attachment/pdf
https://webcdn.grid-india.in/files/grdw/uploads/download-manager-files/05.11.18_NLDC_PSP.pdf,2018-19/05.11.18_NLDC_PSP.pdf,200,1523681,c93483890301f27e15b6b999d5e84b24dcbacf262439610827eca2a74ff31e19,2026-09-14T13:48:51,05.11.18_NLDC_PSP_H&E|05-11-2018|attachment/pdf
https://webcdn.grid-india.in/files/grdw/uploads/download-manager-files/06.11.18_NLDC_PSP.pdf,2018-19/06.11.18_NLDC_PSP.pdf,200,1522566,8cefc0355af9d712272ae6f9c5d54b7a52253a881a78e2c00b5957d4a3d5dbad,2026-09-14T13:48:52,06.11.18_NLDC_PSP|06-11-2018|attachment/pdf
https://webcdn.grid-india.in/files/grdw/uploads/download-manager-files/07.11.18_NLDC_PSP.pdf,2018-19/07.11.18_NLDC_PSP.pdf,200,1493470,591894f360d84adca7be7de82648fafb49f4d425e703b9008ccc24677ecec99f,2026-09-14T13:48:52,07.11.18_NLDC_PSP|07-11-2018|attachment/pdf
https://webcdn.grid-india.in/files/grdw/uploads/download-manager-files/08.11.18_NLDC_PSP.pdf,2018-19/08.11.18_NLDC_PSP.pdf,200,1586982,ef8e0d2fa84e4812173d16541274ccb20723430038c8756e90b892ebb18ff90c,2026-09-14T13:48:53,08.11.18_NLDC_PSP|08-11-2018|attachment/pdf
https://webcdn.grid-india.in/files/grdw/uploads/download-manager-files/09.11.18_NLDC_PSP.pdf,2018-19/09.11.18_NLDC_PSP.pdf,200,1586077,d4dba105e475d7ef2a304b0acb4bc80a915334bdd747f2a82a33e40308d28592,2026-09-14T13:48:54,09.11.18_NLDC_PSP|09-11-2018|attachment/pdf
https://webcdn.grid-india.in/files/grdw/uploads/download-manager-files/10.11.18_NLDC_PSP.pdf,2018-19/10.11.18_NLDC_PSP.pdf,200,1520322,66a5ff9119781435d3e22499216567e8e34febfecdb249d423ef83b32b79007e,2026-09-14T13:48:56,10.11.18_NLDC_PSP|10-11-2018|attachment/pdf
https://webcdn.grid-india.in/files/grdw/uploads/download-manager-files/11.11.18_NLDC_PSP.pdf,2018-19/11.11.18_NLDC_PSP.pdf,200,1518131,96aa1a636aeb6beb411b8785b8a62fcf9595a41559331baa28ca2fb8c11d2ffa,2026-09-14T13:48:57,11.11.18_NLDC_PSP|11-11-2018|attachment/pdf
https://webcdn.grid-india.in/files/grdw/uploads/download-manager-files/12.11.18_NLDC_PSP.pdf,2018-19/12.11.18_NLDC_PSP.pdf,200,1491192,4c716e22437b4a5cd95b50770436f80a510d98955bc3e1f55041057b63328c7e,2026-09-14T13:48:57,12.11.18_NLDC_PSP|12-11-2018|attachment/pdf
https://webcdn.grid-india.in/files/grdw/uploads/download-manager-files/13.11.18_NLDC_PSP__H&E.pdf,2018-19/13.11.18_NLDC_PSP__H&E.pdf,200,1520498,1b39260d018f6ed0224cad54e2557700310e177433069809c94159cb2575ab23,2026-09-14T13:48:58,13.11.18_NLDC_PSP|13-11-2018|attachment/pdf
https://webcdn.grid-india.in/files/grdw/uploads/download-manager-files/14.11.18_NLDC_PSP.pdf,2018-19/14.11.18_NLDC_PSP.pdf,200,1495084,d2c8b05385b015331c6d9ab5c7a2c2ae9e081315a34441f082fe6b7036cb07d1,2026-09-14T13:48:58,14.11.18_NLDC_PSP|14-11-2018|attachment/pdf
https://webcdn.grid-india.in/files/grdw/uploads/download-manager-files/15.11.18_NLDC_PSP.pdf,2018-19/15.11.18_NLDC_PSP.pdf,200,1523229,c6f314304df964c959560fc6a08975460cb0f3d6a1f65509f229acdcbd6380f1,2026-09-14T13:48:59,15.11.18_NLDC_PSP|15-11-2018|attachment/pdf
https://webcdn.grid-india.in/files/grdw/uploads/download-manager-files/16.11.18_NLDC_PSP.pdf,2018-19/16.11.18_NLDC_PSP.pdf,200,1522303,e9f55f067b3f0ae4266794af12a11a69837ea7b2c00a4f810fa4989c617648ce,2026-09-14T13:49:00,16.11.18_NLDC_PSP|16-11-2018|attachment/pdf
https://webcdn.grid-india.in/files/grdw/uploads/download-manager-files/17.11.18_NLDC_PSP.pdf,2018-19/17.11.18_NLDC_PSP.pdf,200,1492831,6eec6f80964c7e07079e190be2663b70bbc667320af102a7e4b7f5a767437849,2026-09-14T13:49:01,17.11.18_NLDC_PSP|17-11-2018|attachment/pdf
https://webcdn.grid-india.in/files/grdw/uploads/download-manager-files/18.11.18_NLDC_PSP.pdf,2018-19/18.11.18_NLDC_PSP.pdf,200,1519288,54fdc1123b3acd756ed3f5a49ea926b1685b18caff460c2b909b968bfd981c3f,2026-09-14T13:49:02,18.11.18_NLDC_PSP|18-11-2018|attachment/pdf
https://webcdn.grid-india.in/files/grdw/uploads/download-manager-files/19.11.18_NLDC_PSP.pdf,2018-19/19.11.18_NLDC_PSP.pdf,200,1521496,f2a8f4c01b490d72b5ca6cca492c4e4dd967605d33398c23fe4c02c8c4dbd4db,2026-09-14T13:49:03,19.11.18_NLDC_PSP|19-11-2018|attachment/pdf
https://webcdn.grid-india.in/files/grdw/uploads/download-manager-files/20.11.18_NLDC_PSP.pdf,2018-19/20.11.18_NLDC_PSP.pdf,200,1491903,5d0dba64d15671974aef9e74bfcecb006981f7e2fcbe1c39863b16a1617f0b03,2026-09-14T13:49:03,20.11.18_NLDC_PSP|20-11-2018|attachment/pdf
https://webcdn.grid-india.in/files/grdw/uploads/download-manager-files/21.11.18_NLDC_PSP.pdf,2018-19/21.11.18_NLDC_PSP.pdf,200,1518817,48c33786ce5d83b9c771c3409704ce4d4d1bd520eeb7444148fde32c4c8e61e8,2026-09-14T13:49:04,21.11.18_NLDC_PSP|21-11-2018|attachment/pdf
https://webcdn.grid-india.in/files/grdw/uploads/download-manager-files/22.11.18_NLDC_PSP.pdf,2018-19/22.11.18_NLDC_PSP.pdf,200,1495189,be1eae061c79775f9564920c4074397cf3cc8dd782d123a3dd64a8a0be56322d,2026-09-14T13:49:05,22.11.18_NLDC_PSP|22-11-2018|attachment/pdf
https://webcdn.grid-india.in/files/grdw/uploads/download-manager-files/23.11.18_NLDC_PSP.pdf,2018-19/23.11.18_NLDC_PSP.pdf,200,1491932,4c047f1e8d8b4779e18f3a47144fc45f4c36850fbebe1f1bee2b9ab140282051,2026-09-14T13:49:06,23.11.18_NLDC_PSP|23-11-2018|attachment/pdf
https://webcdn.grid-india.in/files/grdw/uploads/download-manager-files/24.11.18_NLDC_PSP.pdf,2018-19/24.11.18_NLDC_PSP.pdf,200,1520896,ade29197888ddd8e4806fbffefdff3e5df0dc6e3f5f6d0f744d5fcea2bdd3df4,2026-09-14T13:49:06,24.11.18_NLDC_PSP|24-11-2018|attachment/pdf
https://webcdn.grid-india.in/files/grdw/uploads/download-manager-files/25.11.18_NLDC_PSP.pdf,2018-19/25.11.18_NLDC_PSP.pdf,200,1520132,38b33ad972b3dd7f42d05302d49d237139d8e0ba237022116802aa7eeaae8952,2026-09-14T13:49:07,25.11.18_NLDC_PSP|25-11-2018|attachment/pdf
https://webcdn.grid-india.in/files/grdw/uploads/download-manager-files/26.11.18_NLDC_PSP.pdf,2018-19/26.11.18_NLDC_PSP.pdf,200,1494831,530056b3d480f535281d57af7102f8cb1f4b7d3afa89ce6cf58b4d7b7c453253,2026-09-14T13:49:08,26.11.18_NLDC_PSP|26-11-2018|attachment/pdf
https://webcdn.grid-india.in/files/grdw/uploads/download-manager-files/27.11.18_NLDC_PSP.pdf,2018-19/27.11.18_NLDC_PSP.pdf,200,4647987,b6a85e83a0e11544fbc9bfaa2b155c3a2d04bb12e8d7f9c14a2436dd77193f7a,2026-09-14T13:49:10,27.11.18_NLDC_PSP|27-11-2018|attachment/pdf
https://webcdn.grid-india.in/files/grdw/uploads/download-manager-files/28.11.18_NLDC_PSP.pdf,2018-19/28.11.18_NLDC_PSP.pdf,200,1494153,6827464f9a9f859eb6e4e480fbc425830ebcb55843fddd0fe31785670290e46c,2026-09-14T13:49:11,28.11.18_NLDC_PSP|28-11-2018|attachment/pdf
https://webcdn.grid-india.in/files/grdw/uploads/download-manager-files/29.11.18_NLDC_PSP.pdf,2018-19/29.11.18_NLDC_PSP.pdf,200,618605,86de7734f2defc05cc17665b5a2e1243d73b420aa9b9f90e0476f9985941d7d4,2026-09-14T13:49:11,29.11.18_NLDC_PSP|29-11-2018|attachment/pdf
https://webcdn.grid-india.in/files/grdw/uploads/download-manager-files/30.11.18_NLDC_PSP.pdf,2018-19/30.11.18_NLDC_PSP.pdf,200,1521741,de00523a595bcdcd07d9d530f73f73c5280930607179adbc95033d0eec541565,2026-09-14T13:49:12,30.11.18_NLDC_PSP|30-11-2018|attachment/pdf
https://webcdn.grid-india.in/files/grdw/uploads/download-manager-files/01.12.18_NLDC_PSP.pdf,2018-19/01.12.18_NLDC_PSP.pdf,200,1521717,848ce539efa11df052b44c9313acd4c14955796e24ccde5e75e08b53bb4eda45,2026-09-14T13:49:13,01.12.18_NLDC_PSP|01-12-2018|attachment/pdf
https://webcdn.grid-india.in/files/grdw/uploads/download-manager-files/02.12.18_NLDC_PSP.pdf,2018-19/02.12.18_NLDC_PSP.pdf,200,1519685,9df8aff085f76b9377f66be7898eaf84d6daeb699a2150605af067d867e0628f,2026-09-14T13:49:14,02.12.18_NLDC_PSP|02-12-2018|attachment/pdf
https://webcdn.grid-india.in/files/grdw/uploads/download-manager-files/03.12.18_NLDC_PSP.pdf,2018-19/03.12.18_NLDC_PSP.pdf,200,1490869,b79d93174c04eb74a0711fa50cd057008885417306224a471fe0e3672120a2d3,2026-09-14T13:49:15,03.12.18_NLDC_PSP|03-12-2018|attachment/pdf
https://webcdn.grid-india.in/files/grdw/uploads/download-manager-files/04.12.18_NLDC_PSP.pdf,2018-19/04.12.18_NLDC_PSP.pdf,200,1446078,ed776d1af656385244eae2c9c66062b8433d1445734e91c5e20ad1bb907c545d,2026-09-14T13:49:16,04.12.18_NLDC_PSP|04-12-2018|attachment/pdf
https://webcdn.grid-india.in/files/grdw/uploads/download-manager-files/05.12.18_NLDC_PSP.pdf,2018-19/05.12.18_NLDC_PSP.pdf,200,1595117,8827b8539ec2d57cad2c0bdf2927bc42fd5964365d94030cddbd0b34a45ba4eb,2026-09-14T13:49:16,05.12.18_NLDC_PSP|05-12-2018|attachment/pdf
https://webcdn.grid-india.in/files/grdw/uploads/download-manager-files/06.12.18_NLDC_PSP.pdf,2018-19/06.12.18_NLDC_PSP.pdf,200,1495416,bb142094fc8097af0a6d53ec60d51f22bc885d63181d61225ef098133c8b4071,2026-09-14T13:49:17,06.12.18_NLDC_PSP|06-12-2018|attachment/pdf
https://webcdn.grid-india.in/files/grdw/uploads/download-manager-files/07.12.18_NLDC_PSP_H&E_.pdf,2018-19/07.12.18_NLDC_PSP_H&E_.pdf,200,1519927,e07580c0b7858d497c7689e80d26ba8aaba1f010acb2ce6ce9a2fc0496c7701c,2026-09-14T13:49:18,07.12.18_NLDC_PSP_H&E|07-12-2018|attachment/pdf
https://webcdn.grid-india.in/files/grdw/uploads/download-manager-files/08.12.18_NLDC_PSP.pdf,2018-19/08.12.18_NLDC_PSP.pdf,200,1520700,c7d7ab84001ec59ddbfdf4b1c67ab5bb72b1721974ffb9024cb4cbcfe4e6b51f,2026-09-14T13:49:19,08.12.18_NLDC_PSP|08-12-2018|attachment/pdf
https://webcdn.grid-india.in/files/grdw/uploads/download-manager-files/09.12.18_NLDC_PSP.pdf,2018-19/09.12.18_NLDC_PSP.pdf,200,1519577,d1cce781978ac707809e207d26fdf4a32d003b76dccf0a3feb7af89a88e1a0a9,2026-09-14T13:49:20,09.12.18_NLDC_PSP|09-12-2018|attachment/pdf
https://webcdn.grid-india.in/files/grdw/uploads/download-manager-files/10.12.18_NLDC_PSP_H&E.pdf,2018-19/10.12.18_NLDC_PSP_H&E.pdf,200,1521469,d8e865aea6e579d12def16033df49fda2ed9ac370d41467893f8a7cd6265e851,2026-09-14T13:49:21,10.12.18_NLDC_PSP|10-12-2018|attachment/pdf
https://webcdn.grid-india.in/files/grdw/uploads/download-manager-files/11.12.18_NLDC_PSP_H&E.pdf,2018-19/11.12.18_NLDC_PSP_H&E.pdf,200,1519044,c5c54dc0f2b4c6c4c0c1248c76e63117b56e2f17d7a6f6fb13d5e11808efbf67,2026-09-14T13:49:21,11.12.18_NLDC_PSP|11-12-2018|attachment/pdf
https://webcdn.grid-india.in/files/grdw/uploads/download-manager-files/12.12.18_NLDC_PSP.pdf,2018-19/12.12.18_NLDC_PSP.pdf,200,1520028,0a38a5753315928af810679b04c43a7bec6f720b4f031c128d59d274c15c2de8,2026-09-14T13:49:22,12.12.18_NLDC_PSP|12-12-2018|attachment/pdf
https://webcdn.grid-india.in/files/grdw/uploads/download-manager-files/13.12.18_NLDC_PSP.pdf,2018-19/13.12.18_NLDC_PSP.pdf,200,1490151,0ccad0a2165fe337b0f9432e5d56a244c460021ee2b2aa83aff21fa426b54a12,2026-09-14T13:49:23,13.12.18_NLDC_PSP|13-12-2018|attachment/pdf
https://webcdn.grid-india.in/files/grdw/uploads/download-manager-files/14.12.18_NLDC_PSP.pdf,2018-19/14.12.18_NLDC_PSP.pdf,200,1519939,68bd1dacac73c4de0cff5b7ee8e34f6beabe323c9eb50bde50a364edd1361b83,2026-09-14T13:49:24,14.12.18_NLDC_PSP|14-12-2018|attachment/pdf
https://webcdn.grid-india.in/files/grdw/uploads/download-manager-files/15.12.18_NLDC_PSP_H&E_.pdf,2018-19/15.12.18_NLDC_PSP_H&E_.pdf,200,1521345,aca6c0df92484a4385276e7ac19525495b7b72a2fca15916bf0c3401a6b332a8,2026-09-14T13:49:24,15.12.18_NLDC_PSP|15-12-2018|attachment/pdf
https://webcdn.grid-india.in/files/grdw/uploads/download-manager-files/16.12.18_NLDC_PSP.pdf,2018-19/16.12.18_NLDC_PSP.pdf,200,1520677,dcdb5f9153ad2ea52bce07bf20ba9dcc5045943af8363c9c546e32b156094bc9,2026-09-14T13:49:25,16.12.18_NLDC_PSP|16-12-2018|attachment/pdf
https://webcdn.grid-india.in/files/grdw/uploads/download-manager-files/17.12.18_NLDC_PSP.pdf,2018-19/17.12.18_NLDC_PSP.pdf,200,1568731,80a4ac19366a1a78c8bd09ddb93f23e8c1fee6186a8868b8606280d2820fee63,2026-09-14T13:49:26,17.12.18_NLDC_PSP|17-12-2018|attachment/pdf
https://webcdn.grid-india.in/files/grdw/uploads/download-manager-files/18.12.18_NLDC_PSP.pdf,2018-19/18.12.18_NLDC_PSP.pdf,200,1493944,a330322b7966be9c672cdf16683f6f157cb250e5cd00ae9db825fe1538974485,2026-09-14T13:49:27,18.12.18_NLDC_PSP|18-12-2018|attachment/pdf
https://webcdn.grid-india.in/files/grdw/uploads/download-manager-files/19.12.18_NLDC_PSP.pdf,2018-19/19.12.18_NLDC_PSP.pdf,200,1492949,b63d1708aa30410160dcf39fe883fd8e05c5583224334fd9dcf391c0fa595e56,2026-09-14T13:49:28,19.12.18_NLDC_PSP|19-12-2018|attachment/pdf
https://webcdn.grid-india.in/files/grdw/uploads/download-manager-files/20.12.18_NLDC_PSP.pdf,2018-19/20.12.18_NLDC_PSP.pdf,200,1523799,0027b43dba5671b3173b8cfdffd03ad9a38e94d5f7295f80ff6a5112e1cf5456,2026-09-14T13:49:29,20.12.18_NLDC_PSP|20-12-2018|attachment/pdf
https://webcdn.grid-india.in/files/grdw/uploads/download-manager-files/21.12.18_NLDC_PSP.pdf,2018-19/21.12.18_NLDC_PSP.pdf,200,1521828,ee85c9be5eefc7f22304799eda95cf9c236c12e91b5d8ea65076ade9189259ae,2026-09-14T13:49:30,21.12.18_NLDC_PSP|21-12-2018|attachment/pdf
https://webcdn.grid-india.in/files/grdw/uploads/download-manager-files/22.12.18_NLDC.pdf,2018-19/22.12.18_NLDC.pdf,200,1519375,b8dde2f3fee64216ece3d865bf5e2492c18bbca446630bb88e2f6a0e93e271a1,2026-09-14T13:49:32,22.12.18_NLDC_PSP|22-12-2018|attachment/pdf
https://webcdn.grid-india.in/files/grdw/uploads/download-manager-files/23.12.18_NLDC_PSP.pdf,2018-19/23.12.18_NLDC_PSP.pdf,200,1493570,50ca2bd02830774369c4708c0191a3e060da7862cdef11dca6483cf3c23580dc,2026-09-14T13:49:32,23.12.18_NLDC_PSP|23-12-2018|attachment/pdf
https://webcdn.grid-india.in/files/grdw/uploads/download-manager-files/24.12.18_NLDC_PSP.pdf,2018-19/24.12.18_NLDC_PSP.pdf,200,1493893,e63fceb5fa7f9f65304e0061d649be2532b99b13bcdcc8081fa3156daa5b3688,2026-09-14T13:49:33,24.12.18_NLDC_PSP|24-12-2018|attachment/pdf
https://webcdn.grid-india.in/files/grdw/uploads/download-manager-files/25.12.18_NLDC_PSP.pdf,2018-19/25.12.18_NLDC_PSP.pdf,200,1493207,a821c829ea7187b943c69a9d6a18a2803777bcb30e5b8957811584f526821983,2026-09-14T13:49:34,25.12.18_NLDC_PSP|25-12-2018|attachment/pdf
https://webcdn.grid-india.in/files/grdw/uploads/download-manager-files/26.12.18_NLDC_PSP.pdf,2018-19/26.12.18_NLDC_PSP.pdf,200,1494043,6016514c5f9f5e5130f43f9b524ff5d0aba3d94defe74770aaf4bd4490a02086,2026-09-14T13:49:34,26.12.18_NLDC_PSP|26-12-2018|attachment/pdf
https://webcdn.grid-india.in/files/grdw/uploads/download-manager-files/27.12.18_NLDC_PSP.pdf,2018-19/27.12.18_NLDC_PSP.pdf,200,1447482,75648351a7adb2a5d24dd50baa1f18387a533a5c561b86c71bb093dc24214777,2026-09-14T13:49:35,27.12.18_NLDC_PSP|27-12-2018|attachment/pdf
https://webcdn.grid-india.in/files/grdw/uploads/download-manager-files/28.12.18_NLDC_PSP.pdf,2018-19/28.12.18_NLDC_PSP.pdf,200,1494414,ffe6a8cd97eb84097d26ccbce0604595accccc8fca2a2a960010e2c00f174098,2026-09-14T13:49:36,28.12.18_NLDC_PSP|28-12-2018|attachment/pdf
https://webcdn.grid-india.in/files/grdw/uploads/download-manager-files/29.12.18_NLDC_PSP.pdf,2018-19/29.12.18_NLDC_PSP.pdf,200,1490881,b6ffa9148b745433297a1117b7114b0d3e1b04a37ef59218e5ec8a3720b954c4,2026-09-14T13:49:37,29.12.18_NLDC_PSP|29-12-2018|attachment/pdf
https://webcdn.grid-india.in/files/grdw/uploads/download-manager-files/30.12.18_NLDC_PSP.pdf,2018-19/30.12.18_NLDC_PSP.pdf,200,1520375,c9364a25456e4548b4cafc2e7d6a709ccdbb964e878ce0fa88edef2a098f5b25,2026-09-14T13:49:38,30.12.18_NLDC_PSP|30-12-2018|attachment/pdf
https://webcdn.grid-india.in/files/grdw/uploads/download-manager-files/31.12.18_NLDC_PSP.pdf,2018-19/31.12.18_NLDC_PSP.pdf,200,453566,d62df3a0c2e5fcf066c32a293ac0ad937ac20c43871e6fd6300f3faed3eb6a81,2026-09-14T13:49:39,31.12.18_NLDC_PSP|31-12-2018|attachment/pdf
https://webcdn.grid-india.in/files/grdw/uploads/download-manager-files/01.01.19_NLDC_PSP.pdf,2018-19/01.01.19_NLDC_PSP.pdf,200,1521265,ee1c706e9df4873c21bf14db6177db93a436e8b12417c63fdee1f9334ef3f643,2026-09-14T13:49:40,01.01.19_NLDC_PSP|01-01-2019|attachment/pdf
https://webcdn.grid-india.in/files/grdw/uploads/download-manager-files/02.01.19_NLDC_PSP_Rev1.pdf,2018-19/02.01.19_NLDC_PSP_Rev1.pdf,200,1518098,10657a2a47c86ac9046fb12881ca721a1d83d7cbefa143a742d2bc27c173c72a,2026-09-14T13:49:41,02.01.19_NLDC_PSP_Rev1|02-01-2019|attachment/pdf
https://webcdn.grid-india.in/files/grdw/uploads/download-manager-files/03.01.19_NLDC_PSP.pdf,2018-19/03.01.19_NLDC_PSP.pdf,200,1492581,2341492c597fdf8263efa7deff165104cb3a20472a1eb3176d743901e4d05634,2026-09-14T13:49:42,03.01.19_NLDC_PSP|03-01-2019|attachment/pdf
https://webcdn.grid-india.in/files/grdw/uploads/download-manager-files/04.01.19_NLDC_PSP.pdf,2018-19/04.01.19_NLDC_PSP.pdf,200,1519699,7e51d6d98938645262b44cae0e4275093d5554528d5aa65e77f644262a3fb78b,2026-09-14T13:49:42,04.01.19_NLDC_PSP|04-01-2019|attachment/pdf
https://webcdn.grid-india.in/files/grdw/uploads/download-manager-files/05.01.19_NLDC_PSP.pdf,2018-19/05.01.19_NLDC_PSP.pdf,200,1491462,c6b2af7be6ea85325a16f969dc5aff88292fa5387be47647abc84df69e21b8d0,2026-09-14T13:49:43,05.01.19_NLDC_PSP.|05-01-2019|attachment/pdf
https://webcdn.grid-india.in/files/grdw/uploads/download-manager-files/06.01.19_NLDC_PSP.pdf,2018-19/06.01.19_NLDC_PSP.pdf,200,1494751,4bb6e5ff1ede2e72f0624fb22434ec730a3acc710cc0df98a716168f6bf7a4e9,2026-09-14T13:49:43,06.01.19_NLDC_PSP|06-01-2019|attachment/pdf
https://webcdn.grid-india.in/files/grdw/uploads/download-manager-files/07.01.19_NLDC_PSP.pdf,2018-19/07.01.19_NLDC_PSP.pdf,200,1493296,04fa7ceea87c62e5ffedfa770e68481f860481d35031dda9ab670b17f5035ac5,2026-09-14T13:49:44,07.01.19_NLDC_PSP|07-01-2019|attachment/pdf
https://webcdn.grid-india.in/files/grdw/uploads/download-manager-files/08.01.19_NLDC_PSP.pdf,2018-19/08.01.19_NLDC_PSP.pdf,200,1207457,21eb67761395641a75192227141979b41642d81628a1b3ce6331369e212ab484,2026-09-14T13:49:45,08.01.19_NLDC_PSP|08-01-2019|attachment/pdf
https://webcdn.grid-india.in/files/grdw/uploads/download-manager-files/09.01.19_NLDC_PSP.pdf,2018-19/09.01.19_NLDC_PSP.pdf,200,1491529,8613c7ea2baa39a7b962002a18243637eb8e1b5dc3971f6292168b7bd04f7c1c,2026-09-14T13:49:46,09.01.19_NLDC_PSP|09-01-2019|attachment/pdf
https://webcdn.grid-india.in/files/grdw/uploads/download-manager-files/10.01.19_NLDC_PSP.pdf,2018-19/10.01.19_NLDC_PSP.pdf,200,1493161,a3b7f6f51320ad45e53bd5c5609efac293ba3cf0664fb080bed7022f00e84507,2026-09-14T13:49:47,10.01.19_NLDC_PSP|10-01-2019|attachment/pdf
https://webcdn.grid-india.in/files/grdw/uploads/download-manager-files/11.01.19_NLDC_PSP.pdf,2018-19/11.01.19_NLDC_PSP.pdf,200,1490126,396f640f96f51cb0ea73ca22efcb97f05e76856a2ca1d1544a2ee933009eacba,2026-09-14T13:49:48,11.01.19_NLDC_PSP|11-01-2019|attachment/pdf
https://webcdn.grid-india.in/files/grdw/uploads/download-manager-files/12.01.19_NLDC_PSP.pdf,2018-19/12.01.19_NLDC_PSP.pdf,200,1491110,02cda6a06e39236b27687e12861343a3f02e53d7c0f6442c25dff8315db9c791,2026-09-14T13:49:49,12.01.19_NLDC_PSP|12-01-2019|attachment/pdf
https://webcdn.grid-india.in/files/grdw/uploads/download-manager-files/13.01.19_NLDC_PSP.pdf,2018-19/13.01.19_NLDC_PSP.pdf,200,1491301,ad166ca23f5484b6e430f7624cf1c8b24b508c3682f97b58a769160dce49b874,2026-09-14T13:49:50,13.01.19_NLDC_PSP|13-01-2019|attachment/pdf
https://webcdn.grid-india.in/files/grdw/uploads/download-manager-files/14.01.19_NLDC_PSP.pdf,2018-19/14.01.19_NLDC_PSP.pdf,200,1494590,a6e8fd79dacdfe372e14973fe9e933fdaa2b7ff4b219204425fe971d6e64fdab,2026-09-14T13:49:50,14.01.19_NLDC_PSP.pdf|14-01-2019|attachment/pdf
https://webcdn.grid-india.in/files/grdw/uploads/download-manager-files/15.01.19_NLDC_PSP.pdf,2018-19/15.01.19_NLDC_PSP.pdf,200,1494089,5a2bf4c32a2b6e7bc237e6ec8e0af93603b8732f3dc9068045380c9fbcca0a8d,2026-09-14T13:49:51,15.01.19_NLDC_PSP|15-01-2019|attachment/pdf
https://webcdn.grid-india.in/files/grdw/uploads/download-manager-files/16.01.19_NLDC_PSP.pdf,2018-19/16.01.19_NLDC_PSP.pdf,200,1521878,69971ec23b4a95afdd1175cbad51aee2d3587533ecbeb599786134dc5a17df02,2026-09-14T13:49:52,16.01.19_NLDC_PSP|16-01-2019|attachment/pdf
https://webcdn.grid-india.in/files/grdw/uploads/download-manager-files/17.01.19_NLDC_PSP.pdf,2018-19/17.01.19_NLDC_PSP.pdf,200,1519451,e09c534e18035a61460b2ba471f5147f99c56bf6d204ccb6091d778d8c3826d5,2026-09-14T13:49:53,17.01.19_NLDC_PSP|17-01-2019|attachment/pdf
https://webcdn.grid-india.in/files/grdw/uploads/download-manager-files/18.01.19_NLDC_PSP.pdf,2018-19/18.01.19_NLDC_PSP.pdf,200,1491729,81c876f07c6aba4072c1a758aa654973969be23959e53247b7e50b4a26771140,2026-09-14T13:49:54,18.01.19_NLDC_PSP|18-01-2019|attachment/pdf
https://webcdn.grid-india.in/files/grdw/uploads/download-manager-files/19.01.19_NLDC_PSP.pdf,2018-19/19.01.19_NLDC_PSP.pdf,200,1494298,2787bf13af0bb761be826fcc76c5246b4d1fb16bbbee976989ac524f9c8a5482,2026-09-14T13:49:54,19.01.19_NLDC_PSP|19-01-2019|attachment/pdf
https://webcdn.grid-india.in/files/grdw/uploads/download-manager-files/20.01.19_NLDC_PSP.pdf,2018-19/20.01.19_NLDC_PSP.pdf,200,1518924,17f4e87af4f69a1476f500c096084f24878273fcc6af64fb120950db26035063,2026-09-14T13:49:55,20.01.19_NLDC_PSP|20-01-2019|attachment/pdf
https://webcdn.grid-india.in/files/grdw/uploads/download-manager-files/21.01.19_NLDC_PSP.pdf,2018-19/21.01.19_NLDC_PSP.pdf,200,1491881,9a02bbc97fbdd05b26ab8b32a7ecd8f2d04748b6b92a75d135aad0f2466df420,2026-09-14T13:49:56,21.01.19_NLDC_PSP|21-01-2019|attachment/pdf
https://webcdn.grid-india.in/files/grdw/uploads/download-manager-files/22.01.19_NLDC_PSP.pdf,2018-19/22.01.19_NLDC_PSP.pdf,200,1443376,eefb71c2cd1f274ae23025eb203b701766ba86ce8607c87d37e802b88c227695,2026-09-14T13:49:57,22.01.19_NLDC_PSP|22-01-2019|attachment/pdf
https://webcdn.grid-india.in/files/grdw/uploads/download-manager-files/23.01.19_NLDC_PSP.pdf,2018-19/23.01.19_NLDC_PSP.pdf,200,1279357,90bd8284d87737abb8cfc70b8c3689994976db9dfb0176fe679337b0a6e74f43,2026-09-14T13:49:57,23.01.19_NLDC_PSP|23-01-2019|attachment/pdf
https://webcdn.grid-india.in/files/grdw/uploads/download-manager-files/24.01.19_NLDC_PSP.pdf,2018-19/24.01.19_NLDC_PSP.pdf,200,1207947,723542c3f197cb6fd2f7eaaaaf0df7b68355d913ed27b7afeaf6ed3e05f96be7,2026-09-14T13:49:58,24.01.19_NLDC_PSP|24-01-2019|attachment/pdf
https://webcdn.grid-india.in/files/grdw/uploads/download-manager-files/25.01.19_NLDC_PSP.pdf,2018-19/25.01.19_NLDC_PSP.pdf,200,1494048,0e874b8266d46020ddf1e5b60987719442442672955d9823612f4ac54cbc0494,2026-09-14T13:49:59,25.01.19_NLDC_PSP|25-01-2019|attachment/pdf
https://webcdn.grid-india.in/files/grdw/uploads/download-manager-files/26.01.19_NLDC_PSP.pdf,2018-19/26.01.19_NLDC_PSP.pdf,200,1522846,bd60e4cb391fdaa38a1f05b59123cb0dd16c03cd4a65b56f4523b82970993b4f,2026-09-14T13:49:59,26.01.19_NLDC_PSP|26-01-2019|attachment/pdf
https://webcdn.grid-india.in/files/grdw/uploads/download-manager-files/27.01.19_NLDC_PSP.pdf,2018-19/27.01.19_NLDC_PSP.pdf,200,1520369,e7ff2fad5f6aa9a677740e49df43220e59ed1db8eb4a93843d5f3d4a4aeceb6e,2026-09-14T13:50:00,27.01.19_NLDC_PSP|27-01-2019|attachment/pdf
https://webcdn.grid-india.in/files/grdw/uploads/download-manager-files/28.01.19_NLDC_PSP.pdf,2018-19/28.01.19_NLDC_PSP.pdf,200,616075,b90f2b22e32a9b06367c52a66e55bd894eaf5c5154177836cadd6259082f1e9c,2026-09-14T13:50:01,28.01.19_NLDC_PSP|28-01-2019|attachment/pdf
https://webcdn.grid-india.in/files/grdw/uploads/download-manager-files/29.01.19_NLDC_PSP.pdf,2018-19/29.01.19_NLDC_PSP.pdf,200,1293661,8da0e86973807be4476b672e4bcbd65e0ff3e8970548c694af961ac37dbc2aef,2026-09-14T13:50:01,29.01.19_NLDC_PSP|29-01-2019|attachment/pdf
https://webcdn.grid-india.in/files/grdw/uploads/download-manager-files/30.01.19_NLDC_PSP.pdf,2018-19/30.01.19_NLDC_PSP.pdf,200,1493752,00889caa4b31679e22a1c5816bbc3404a9db951fabedc652c9975d1db0c6ec5c,2026-09-14T13:50:02,30.01.19_NLDC_PSP|30-01-2019|attachment/pdf
https://webcdn.grid-india.in/files/grdw/uploads/download-manager-files/31.01.19_NLDC_PSP.pdf,2018-19/31.01.19_NLDC_PSP.pdf,200,1522870,04740aa48eaba45b61f73fcffbb7b82f0cf02773a027b950a942b86f42440d11,2026-09-14T13:50:03,31.01.19_NLDC_PSP|31-01-2019|attachment/pdf
https://webcdn.grid-india.in/files/grdw/uploads/download-manager-files/01.02.19_NLDC_PSP.pdf,2018-19/01.02.19_NLDC_PSP.pdf,200,1520616,f5bd31a1df914fd29534e43a32492e117e2ae93cc407a219eaedd65c0d2d5456,2026-09-14T13:50:04,01.02.19_NLDC_PSP|01-02-2019|attachment/pdf
https://webcdn.grid-india.in/files/grdw/uploads/download-manager-files/02.02.19_NLDC_PSP.pdf,2018-19/02.02.19_NLDC_PSP.pdf,200,1446228,a01f89ea1e206f1f32898c2b9c1904248a1de680f9baa18493e1359201a67022,2026-09-14T13:50:05,02.02.19_NLDC_PSP|02-02-2019|attachment/pdf
https://webcdn.grid-india.in/files/grdw/uploads/download-manager-files/03.02.19_NLDC_PSP.pdf,2018-19/03.02.19_NLDC_PSP.pdf,200,1205072,875d151308e794a0c81bcde3a6eb1acf17fbad59c5100c1b285920e592278265,2026-09-14T13:50:06,03.02.19_NLDC_PSP|03-02-2019|attachment/pdf
https://webcdn.grid-india.in/files/grdw/uploads/download-manager-files/04.02.19_NLDC_PSP.pdf,2018-19/04.02.19_NLDC_PSP.pdf,200,1519575,b269088da0991ed632a10168d6f48d4cc3ee2a97990b1d785ddc62095b0f1946,2026-09-14T13:50:07,04.02.19_NLDC_PSP|04-02-2019|attachment/pdf
https://webcdn.grid-india.in/files/grdw/uploads/download-manager-files/05.02.19_NLDC_PSP.pdf,2018-19/05.02.19_NLDC_PSP.pdf,200,1208444,f022dbc40514ab989bcc69b7f8ad53292da73f99db97b28002989f17d0b8749d,2026-09-14T13:50:07,05.02.19_NLDC_PSP|05-02-2019|attachment/pdf
https://webcdn.grid-india.in/files/grdw/uploads/download-manager-files/06.02.19_NLDC_PSP.pdf,2018-19/06.02.19_NLDC_PSP.pdf,200,1208364,9fc4079d333edeb5aa2618c24c15b08e0043459e0d206bd2cc5c022fcb9a3700,2026-09-14T13:50:08,06.02.19_NLDC_PSP|06-02-2019|attachment/pdf
https://webcdn.grid-india.in/files/grdw/uploads/download-manager-files/07.02.19_NLDC_PSP.pdf,2018-19/07.02.19_NLDC_PSP.pdf,200,1520557,a6953905f03112f2f40fcde368021e213dc75ed7ed462a58039f29e267caeb88,2026-09-14T13:50:08,07.02.19_NLDC_PSP|07-02-2019|attachment/pdf
https://webcdn.grid-india.in/files/grdw/uploads/download-manager-files/10.02.19_NLDC_PSP.pdf,2018-19/10.02.19_NLDC_PSP.pdf,200,1518498,3b69b2578b41c9e4fa9d5f4a68997326053335e622189c42e001d4f31c0acc31,2026-09-14T13:50:09,10.02.19_NLDC_PSP|10-02-2019|attachment/pdf
https://webcdn.grid-india.in/files/grdw/uploads/download-manager-files/11.02.19_NLDC_PSP.pdf,2018-19/11.02.19_NLDC_PSP.pdf,200,619774,f932aa8191bd1bec1c1546bebcc8add6f9b7899c11ef3c892ba681befd1edbd1,2026-09-14T13:50:09,11.02.19_NLDC_PSP|11-02-2019|attachment/pdf
https://webcdn.grid-india.in/files/grdw/uploads/download-manager-files/12.02.19_NLDC_PSP.pdf,2018-19/12.02.19_NLDC_PSP.pdf,200,1492711,8a2fd838181833a81870b4b84b3c3141e57c54a2c9b990cdff1a9a015dbca788,2026-09-14T13:50:10,12.02.19_NLDC_PSP|12-02-2019|attachment/pdf
https://webcdn.grid-india.in/files/grdw/uploads/download-manager-files/13.02.19_NLDC_PSP.pdf,2018-19/13.02.19_NLDC_PSP.pdf,200,1207454,049dcfaaa8244981669ee854aefa77fc3e47c5a2cf4875f4d11d18524ed9e9a0,2026-09-14T13:50:11,13.02.19_NLDC_PSP|13-02-2019|attachment/pdf
https://webcdn.grid-india.in/files/grdw/uploads/download-manager-files/14.02.19_NLDC_PSP.pdf,2018-19/14.02.19_NLDC_PSP.pdf,200,1521376,82666a37e2ce7a1b73b474ea80254af500e16d4a83ff716c7877ebce75328728,2026-09-14T13:50:12,14.02.19_NLDC_PSP|14-02-2019|attachment/pdf
https://webcdn.grid-india.in/files/grdw/uploads/download-manager-files/15.02.19_NLDC_PSP.pdf,2018-19/15.02.19_NLDC_PSP.pdf,200,1208272,1d7c76b4d1d2aad872d83343a641a7839a5a9b176dd6e3c165abce7c308e9597,2026-09-14T13:50:12,15.02.19_NLDC_PSP|15-02-2019|attachment/pdf
https://webcdn.grid-india.in/files/grdw/uploads/download-manager-files/16.02.19_NLDC_PSP.pdf,2018-19/16.02.19_NLDC_PSP.pdf,200,1521697,5f8bb71a5132e8ad1faac0d8663424160df645afdf5b8be626588e80215fec21,2026-09-14T13:50:13,16.02.19_NLDC_PSP|16-02-2019|attachment/pdf
https://webcdn.grid-india.in/files/grdw/uploads/download-manager-files/17.02.19_NLDC_PSP.pdf,2018-19/17.02.19_NLDC_PSP.pdf,200,1491896,39eec03fee42086415ba9d04db68996c38eabbfe4c678e0ed2f40e9c71407cc3,2026-09-14T13:50:14,17.02.19_NLDC_PSP|17-02-2019|attachment/pdf
https://webcdn.grid-india.in/files/grdw/uploads/download-manager-files/18.02.19_NLDC_PSP.pdf,2018-19/18.02.19_NLDC_PSP.pdf,200,1565514,89aec887cedaeb122fea39b798002c12672b9c2ab831974e18b5c9c051209236,2026-09-14T13:50:15,18.02.19_NLDC_PSP|18-02-2019|attachment/pdf
https://webcdn.grid-india.in/files/grdw/uploads/download-manager-files/19.02.19_NLDC_PSP.pdf,2018-19/19.02.19_NLDC_PSP.pdf,200,1495600,3a4f82347a9fd60d82c1614459ee6f3de483b87782d76822c44820c2494294cc,2026-09-14T13:50:15,19.02.19_NLDC_PSP|19-02-2019|attachment/pdf
https://webcdn.grid-india.in/files/grdw/uploads/download-manager-files/20.02.19_NLDC_PSP.pdf,2018-19/20.02.19_NLDC_PSP.pdf,200,1492972,2473f168f336dfa2f37370da5e7f1c788d71886b5da01ae75d16ea3eb0132555,2026-09-14T13:50:16,20.02.19_NLDC_PSP|20-02-2019|attachment/pdf
https://webcdn.grid-india.in/files/grdw/uploads/download-manager-files/21.02.19_NLDC_PSP.pdf,2018-19/21.02.19_NLDC_PSP.pdf,200,1492673,5402d0a848141a862c41fc0a476ed79cba31c5830196cc5b0dae93996f08d2a9,2026-09-14T13:50:17,21.02.19_NLDC_PSP|21-02-2019|attachment/pdf
https://webcdn.grid-india.in/files/grdw/uploads/download-manager-files/22.02.19_NLDC_PSP.pdf,2018-19/22.02.19_NLDC_PSP.pdf,200,1519557,d5291d81a404bf1dcf789664aac3126efee41e3d57790ea360c24d98d46c0b5b,2026-09-14T13:50:17,22.02.19_NLDC_PSP|22-02-2019|attachment/pdf
https://webcdn.grid-india.in/files/grdw/uploads/download-manager-files/23.02.19_NLDC_PSP.pdf,2018-19/23.02.19_NLDC_PSP.pdf,200,1520624,7fd0b3d46eb66f55e11cab4c2856f54bef6c7653cac8cc5e226be41f33a55be0,2026-09-14T13:50:18,23.02.19_NLDC_PSP|23-02-2019|attachment/pdf
https://webcdn.grid-india.in/files/grdw/uploads/download-manager-files/24.02.19_NLDC_PSP.pdf,2018-19/24.02.19_NLDC_PSP.pdf,200,1492644,cf28da6625127ac7544cc574283d13d16aa141e27b6328b173584b5a8f315956,2026-09-14T13:50:19,24.02.19_NLDC_PSP|24-02-2019|attachment/pdf
https://webcdn.grid-india.in/files/grdw/uploads/download-manager-files/25.02.19_NLDC_PSP.pdf,2018-19/25.02.19_NLDC_PSP.pdf,200,1492689,a2723383da2459bca632a70e2dc4b4bb0c27d083d2f2dd2bfd71264ef4e18642,2026-09-14T13:50:20,25.02.19_NLDC_PSP|25-02-2019|attachment/pdf
https://webcdn.grid-india.in/files/grdw/uploads/download-manager-files/26.02.19_NLDC_PSP.pdf,2018-19/26.02.19_NLDC_PSP.pdf,200,1526408,b553e3c2b6d4fbdb64844ab61adfdb60d861ed82e51ac9052fdcbac5813c4bc2,2026-09-14T13:50:21,26.02.19_NLDC_PSP|26-02-2019|attachment/pdf
https://webcdn.grid-india.in/files/grdw/uploads/download-manager-files/27.02.19_NLDC_PSP.pdf,2018-19/27.02.19_NLDC_PSP.pdf,200,1521083,1a645176a30c5b84fa76057370fdaa945485b3988debae1240f9dc67a7f10c13,2026-09-14T13:50:21,27.02.19_NLDC_PSP|27-02-2019|attachment/pdf
https://webcdn.grid-india.in/files/grdw/uploads/download-manager-files/28.02.19_NLDC_PSP.pdf,2018-19/28.02.19_NLDC_PSP.pdf,200,1493376,ec8ff075101a2a7e3d0b70f1519aa592a0a737cb9f4e65ae7155882e04c90381,2026-09-14T13:50:22,28.02.19_NLDC_PSP|28-02-2019|attachment/pdf
https://webcdn.grid-india.in/files/grdw/uploads/download-manager-files/01.03.19_NLDC_PSP.pdf,2018-19/01.03.19_NLDC_PSP.pdf,200,1519592,1749d854bf2fa276d2afc214db96deea071ddaa88f5078d94403d538287762f1,2026-09-14T13:50:24,01.03.19_NLDC_PSP|01-03-2019|attachment/pdf
https://webcdn.grid-india.in/files/grdw/uploads/download-manager-files/02.03.19_NLDC_PSP.pdf,2018-19/02.03.19_NLDC_PSP.pdf,200,1493358,cda4ca491ffe8262cacdd3eac21e4cecc7f09b4191d248e3c7f0dfc161c49d80,2026-09-14T13:50:25,02.03.19_NLDC_PSP|02-03-2019|attachment/pdf
https://webcdn.grid-india.in/files/grdw/uploads/download-manager-files/03.03.19_NLDC_PSP.pdf,2018-19/03.03.19_NLDC_PSP.pdf,200,1521018,932343ceda386e77607d51e108edf16a6f6cb5d75795acec24ea7bd36ca91f38,2026-09-14T13:50:25,03.03.19_NLDC_PSP|03-03-2019|attachment/pdf
https://webcdn.grid-india.in/files/grdw/uploads/download-manager-files/05.03.19_NLDC_PSP__H&E.pdf,2018-19/05.03.19_NLDC_PSP__H&E.pdf,200,1210243,36ec11da61bbb47e91cd825678a53ba25c20d00e7be8cc6f886b2cfb28de101f,2026-09-14T13:50:26,05.03.19_NLDC_PSP__H&E|05-03-2019|attachment/pdf
https://webcdn.grid-india.in/files/grdw/uploads/download-manager-files/06.03.19_NLDC_PSP.pdf,2018-19/06.03.19_NLDC_PSP.pdf,200,1523100,ac77edbfb442eada195961912cd5d38a2293da43767d4eeadc4d57c3eebcc0a0,2026-09-14T13:50:26,06.03.19_NLDC_PSP|06-03-2019|attachment/pdf
https://webcdn.grid-india.in/files/grdw/uploads/download-manager-files/07.03.19_NLDC_PSP.pdf,2018-19/07.03.19_NLDC_PSP.pdf,200,1496490,9784fa53091f02666c9328517be81fa1fa3d1fb32b3e204770ca9a7633461320,2026-09-14T13:50:27,07.03.19_NLDC_PSP|07-03-2019|attachment/pdf
https://webcdn.grid-india.in/files/grdw/uploads/download-manager-files/08.03.19_NLDC_PSP.pdf,2018-19/08.03.19_NLDC_PSP.pdf,200,1494452,7af823502b60c78e7684430b334b248e6203058b621503327f52634250c1ba11,2026-09-14T13:50:28,08.03.19_NLDC_PSP|08-03-2019|attachment/pdf
https://webcdn.grid-india.in/files/grdw/uploads/download-manager-files/09.03.19_NLDC_PSP.pdf,2018-19/09.03.19_NLDC_PSP.pdf,200,1494672,e7b4fbd8368977d0848374ebbd004e53fa0e7fb79015e255cbf574469c4bdcd1,2026-09-14T13:50:28,09.03.19_NLDC_PSP|09-03-2019|attachment/pdf
https://webcdn.grid-india.in/files/grdw/uploads/download-manager-files/10.03.19_NLDC_PSP.pdf,2018-19/10.03.19_NLDC_PSP.pdf,200,1521355,ad7f9453c7a9e652509ab984523491d47d8ba02c1f14be6cc6771f410cc303b2,2026-09-14T13:50:29,10.03.19_NLDC_PSP|10-03-2019|attachment/pdf
https://webcdn.grid-india.in/files/grdw/uploads/download-manager-files/11.03.19_NLDC_PSP.pdf,2018-19/11.03.19_NLDC_PSP.pdf,200,1520638,a38520725ea9a833d01a3d1431b4b7ffbe0a7385e72b55101b29348327744a20,2026-09-14T13:50:30,11.03.19_NLDC_PSP|11-03-2019|attachment/pdf
https://webcdn.grid-india.in/files/grdw/uploads/download-manager-files/12.03.19_NLDC_PSP.pdf,2018-19/12.03.19_NLDC_PSP.pdf,200,1493749,230abdc4a13384fefbb8a424af0f858b0fdcc97b7b58ad2412aa61ac1085608a,2026-09-14T13:50:31,12.03.19_NLDC_PSP|12-03-2019|attachment/pdf
https://webcdn.grid-india.in/files/grdw/uploads/download-manager-files/14.03.19_NLDC_PSP.pdf,2018-19/14.03.19_NLDC_PSP.pdf,200,1495583,7099135173a34b7a4b375274226f799bb7d8fb994bb1320f365b8d6d1d7988e2,2026-09-14T13:50:32,14.03.19_NLDC_PSP|14-03-2019|attachment/pdf
https://webcdn.grid-india.in/files/grdw/uploads/download-manager-files/15.03.19_NLDC_PSP.pdf,2018-19/15.03.19_NLDC_PSP.pdf,200,1521825,db44d64c5053f0b0a3fd5079c41b68fc1920829719e733996e0c97ad52f8c7dc,2026-09-14T13:50:33,15.03.19_NLDC_PSP|15-03-2019|attachment/pdf
https://webcdn.grid-india.in/files/grdw/uploads/download-manager-files/16.03.19_NLDC_PSP.pdf,2018-19/16.03.19_NLDC_PSP.pdf,200,1493787,0dda7108cdfcc30e2c5457cbbbbc798ddfecbe394cfa306f1355b57715700806,2026-09-14T13:50:33,16.03.19_NLDC_PSP|16-03-2019|attachment/pdf
https://webcdn.grid-india.in/files/grdw/uploads/download-manager-files/17.03.19_NLDC_PSP.pdf,2018-19/17.03.19_NLDC_PSP.pdf,200,1527137,305748666806aeb3223f692433789915faaf3ddf9aa85eaddda449a22a7914eb,2026-09-14T13:50:34,17.03.19_NLDC_PSP|17-03-2019|attachment/pdf
https://webcdn.grid-india.in/files/grdw/uploads/download-manager-files/18.03.19_NLDC_PSP.pdf,2018-19/18.03.19_NLDC_PSP.pdf,200,1494314,097e68dc7e53cbeef37670085620335b3d62dd97c8e3461803ad5a1a357f2706,2026-09-14T13:50:35,18.03.19_NLDC_PSP|18-03-2019|attachment/pdf
https://webcdn.grid-india.in/files/grdw/uploads/download-manager-files/19.03.19_NLDC_PSP.pdf,2018-19/19.03.19_NLDC_PSP.pdf,200,1573480,34006897378738a9051473f1c907ef5ef579843ef4cafd32709b76c65bc4d17f,2026-09-14T13:50:35,19.03.19_NLDC_PSP|19-03-2019|attachment/pdf
https://webcdn.grid-india.in/files/grdw/uploads/download-manager-files/20.03.19_NLDC_PSP.pdf,2018-19/20.03.19_NLDC_PSP.pdf,200,1521620,218b6d4266925ebf9aa0c7a51380c27f428cbaf9f64117d564c35fc0bffec187,2026-09-14T13:50:36,20.03.19_NLDC_PSP|20-03-2019|attachment/pdf
https://webcdn.grid-india.in/files/grdw/uploads/download-manager-files/21.03.19_NLDC_PSP.pdf,2018-19/21.03.19_NLDC_PSP.pdf,200,1493157,8d5dadbb1284ba8b2266a503a8c51e7710cadffc148167113da092d85526b390,2026-09-14T13:50:37,21.03.19_NLDC_PSP|21-03-2019|attachment/pdf
https://webcdn.grid-india.in/files/grdw/uploads/download-manager-files/22.03.19_NLDC_PSP.pdf,2018-19/22.03.19_NLDC_PSP.pdf,200,1494150,ae2b411d53e2926ae141b0ef55c27b38817f8b921660d931a90f7f4f3245f68b,2026-09-14T13:50:38,22.03.19_NLDC_PSP|22-03-2019|attachment/pdf
https://webcdn.grid-india.in/files/grdw/uploads/download-manager-files/23.03.19_NLDC_PSP.pdf,2018-19/23.03.19_NLDC_PSP.pdf,200,1493012,e9c39348964ad6959f2e1176d3b74e50e6a680ebac6c2018af49d2fccf6ace94,2026-09-14T13:50:38,23.03.19_NLDC_PSP|23-03-2019|attachment/pdf
https://webcdn.grid-india.in/files/grdw/uploads/download-manager-files/24.03.19_NLDC_PSP.pdf,2018-19/24.03.19_NLDC_PSP.pdf,200,1491849,b05fbe68f68a5550b2b32af41535f881ad841ab9efa293d4b1465c912fc3314e,2026-09-14T13:50:39,24.03.19_NLDC_PSP|24-03-2019|attachment/pdf
https://webcdn.grid-india.in/files/grdw/uploads/download-manager-files/25.03.19_NLDC_PSP.pdf,2018-19/25.03.19_NLDC_PSP.pdf,200,1524407,ab1f0989e602b6c6d07193f8e74af8c3a015b6695c3a7804892a2a5afe5fecfd,2026-09-14T13:50:40,25.03.19_NLDC_PSP|25-03-2019|attachment/pdf
https://webcdn.grid-india.in/files/grdw/uploads/download-manager-files/26.03.19_NLDC_PSP.pdf,2018-19/26.03.19_NLDC_PSP.pdf,200,1568141,5cc3372d398a9a14fe21fe96c5fcb9a1e6f9e936d03f25e865784c284001d0f6,2026-09-14T13:50:41,26.03.19_NLDC_PSP|26-03-2019|attachment/pdf
https://webcdn.grid-india.in/files/grdw/uploads/download-manager-files/27.03.19_NLDC_PSP.pdf,2018-19/27.03.19_NLDC_PSP.pdf,200,1494947,436be2ba0e4d0749f1390a2a856130acf5c8996bf1225fbcbc780f9575b65989,2026-09-14T13:50:42,27.03.19_NLDC_PSP|27-03-2019|attachment/pdf
https://webcdn.grid-india.in/files/grdw/uploads/download-manager-files/29.03.19_NLDC_PSP.pdf,2018-19/29.03.19_NLDC_PSP.pdf,200,1495259,bd249c17600d7adaaef8c462c505e70ad0597e6968cd3bf947fa32d465423781,2026-09-14T13:50:42,29.03.19_NLDC_PSP|29-03-2019|attachment/pdf
https://webcdn.grid-india.in/files/grdw/uploads/download-manager-files/30.03.19_NLDC_PSP.pdf,2018-19/30.03.19_NLDC_PSP.pdf,200,1492428,28b61a3b6054bb7dbff1fb46400a060a83c74eee9b09ae4c2954bad027e08550,2026-09-14T13:50:43,30.03.19_NLDC_PSP|30-03-2019|attachment/pdf
https://webcdn.grid-india.in/files/grdw/uploads/download-manager-files/31.03.19_NLDC_PSP.pdf,2018-19/31.03.19_NLDC_PSP.pdf,200,1521692,73d32babaa82eccfd592d9c70bf509e7280c871042747337f6a8092019e40e37,2026-09-14T13:50:44,31.03.19_NLDC_PSP|31-03-2019|attachment/pdf
https://webcdn.grid-india.in/files/grdw/uploads/download-manager-files/01.04.19_NLDC_PSP.pdf,2019-20/01.04.19_NLDC_PSP.pdf,200,1492992,1794fb04ba0d9fca4565b005255ffe934cbdcd3f50c229bca11bc38b8f76c750,2026-09-14T13:50:45,01.04.19_NLDC_PSP|01-04-2019|attachment/pdf
https://webcdn.grid-india.in/files/grdw/uploads/download-manager-files/02.04.19_NLDC_PSP.pdf,2019-20/02.04.19_NLDC_PSP.pdf,200,1492200,8f8d540c243a8e6263d0308c0ea2fdf295494dcf6c2135aca76b3196eb6829dc,2026-09-14T13:50:46,02.04.19_NLDC_PSP|02-04-2019|attachment/pdf
https://webcdn.grid-india.in/files/grdw/uploads/download-manager-files/03.04.19_NLDC_PSP.pdf,2019-20/03.04.19_NLDC_PSP.pdf,200,1495113,744d9ce6013d191ed9bffa33abf8f0a72e991381c7a5e901b87b52d96afdd0d5,2026-09-14T13:50:46,03.04.19_NLDC_PSP|03-04-2019|attachment/pdf
https://webcdn.grid-india.in/files/grdw/uploads/download-manager-files/04.04.19_NLDC_PSP.pdf,2019-20/04.04.19_NLDC_PSP.pdf,200,1493425,27dddd6c5980791645471cb5d5396e9869d22478ef7de8b229e2a9902364df8c,2026-09-14T13:50:48,04.04.19_NLDC_PSP|04-04-2019|attachment/pdf
https://webcdn.grid-india.in/files/grdw/uploads/download-manager-files/05.04.19_NLDC_PSP.pdf,2019-20/05.04.19_NLDC_PSP.pdf,200,1494048,7a1990bbc2f23aacacd42c68d441ba5923e0bbe9669580ee26b00814785fb3df,2026-09-14T13:50:49,05.04.19_NLDC_PSP|05-04-2019|attachment/pdf
https://webcdn.grid-india.in/files/grdw/uploads/download-manager-files/07.04.19_NLDC_PSP.pdf,2019-20/07.04.19_NLDC_PSP.pdf,200,1495962,4839647f91c2b162c72fc377fd49b0a7e8fa2d3fb04c83f4f82173b93c2d4549,2026-09-14T13:50:50,07.04.19_NLDC_PSP|07-04-2019|attachment/pdf
https://webcdn.grid-india.in/files/grdw/uploads/download-manager-files/08.04.19_NLDC_PSP.pdf,2019-20/08.04.19_NLDC_PSP.pdf,200,1494616,8bd20fc1e331b6f229911dcbacbba1593c89920ea22d79a71f1d8ec0de609771,2026-09-14T13:50:50,08.04.19_NLDC_PSP|08-04-2019|attachment/pdf
https://webcdn.grid-india.in/files/grdw/uploads/download-manager-files/09.04.19_NLDC_PSP.pdf,2019-20/09.04.19_NLDC_PSP.pdf,200,1488893,b78b6156a35cab062b895e1e2bc8ea64d90d01bd6fe208207c871bca599b92cf,2026-09-14T13:50:51,09.04.19_NLDC_PSP|09-04-2019|attachment/pdf
https://webcdn.grid-india.in/files/grdw/uploads/download-manager-files/10.04.19_NLDC_PSP.pdf,2019-20/10.04.19_NLDC_PSP.pdf,200,1494514,5fcfab56dbe0883edcdb462ecf59da3b537c29407375995220cffe91bf9d0dcc,2026-09-14T13:50:52,10.04.19_NLDC_PSP|10-04-2019|attachment/pdf
https://webcdn.grid-india.in/files/grdw/uploads/download-manager-files/11.04.19_NLDC_PSP.pdf,2019-20/11.04.19_NLDC_PSP.pdf,200,1492977,36d02f01e3bd85fe5150a9a2a6800b48e780928d85d7c36f8cc7d4b67eead896,2026-09-14T13:50:52,11.04.19_NLDC_PSP|11-04-2019|attachment/pdf
https://webcdn.grid-india.in/files/grdw/uploads/download-manager-files/12.04.19_NLDC_PSP.pdf,2019-20/12.04.19_NLDC_PSP.pdf,200,1492228,de9fd2a93bda21bec734f9286d500f6ee294f41ba0a4724fd01b2f1c91621b24,2026-09-14T13:50:53,12.04.19_NLDC_PSP|12-04-2019|attachment/pdf
https://webcdn.grid-india.in/files/grdw/uploads/download-manager-files/13.04.19_NLDC_PSP.pdf,2019-20/13.04.19_NLDC_PSP.pdf,200,1447824,b09befd33fcce7976704312dc5ba332dc92a024e7d4f3464158fa0207bbaacd9,2026-09-14T13:50:54,13.04.19_NLDC_PSP|13-04-2019|attachment/pdf
https://webcdn.grid-india.in/files/grdw/uploads/download-manager-files/15.04.19_NLDC_PSP.pdf,2019-20/15.04.19_NLDC_PSP.pdf,200,1520655,7de86f9942462dbf643edbebd89a3f9dc035cf28fd3e75b3406d1803ff146755,2026-09-14T13:50:55,15.04.19_NLDC_PSP|15-04-2019|attachment/pdf
https://webcdn.grid-india.in/files/grdw/uploads/download-manager-files/16.04.19_NLDC_PSP.pdf,2019-20/16.04.19_NLDC_PSP.pdf,200,1569902,2a6b3e5d47ba044cb2d363cc26b87da47625b558649635a01d67ed3c2a5b14d2,2026-09-14T13:50:56,16.04.19_NLDC_PSP|16-04-2019|attachment/pdf
https://webcdn.grid-india.in/files/grdw/uploads/download-manager-files/17.04.19_NLDC_PSP.pdf,2019-20/17.04.19_NLDC_PSP.pdf,200,1496295,ee268af30000d99ff2f3d0efee7c2795439bf48cc14b32ae645fb2248ff6fed4,2026-09-14T13:50:57,17.04.19_NLDC_PSP|17-04-2019|attachment/pdf
https://webcdn.grid-india.in/files/grdw/uploads/download-manager-files/18.04.19_NLDC_PSP.pdf,2019-20/18.04.19_NLDC_PSP.pdf,200,1493837,5f34c077e958a5ef7a768b78152305eed76aa834708ab631d82f9c5914b6c453,2026-09-14T13:50:58,18.04.19_NLDC_PSP|18-04-2019|attachment/pdf
https://webcdn.grid-india.in/files/grdw/uploads/download-manager-files/19.04.19_NLDC_PSP.pdf,2019-20/19.04.19_NLDC_PSP.pdf,200,1521307,046994a7a49b279debd0822b53736815a82016b94267a0987ae59575c33aef95,2026-09-14T13:50:58,19.04.19_NLDC_PSP|19-04-2019|attachment/pdf
https://webcdn.grid-india.in/files/grdw/uploads/download-manager-files/20.04.19_NLDC_PSP.pdf,2019-20/20.04.19_NLDC_PSP.pdf,200,1492235,a4cb3afa389d70fb449bfced858a1b833267f66d3dc178e92bad5b3ad4d56fef,2026-09-14T13:50:59,20.04.19_NLDC_PSP|20-04-2019|attachment/pdf
https://webcdn.grid-india.in/files/grdw/uploads/download-manager-files/22.04.19_NLDC_PSP.pdf,2019-20/22.04.19_NLDC_PSP.pdf,200,1495384,df8806d7c0f337ba280fce3de92afaa10d94af1ef20e33dac0992bc7d0eae778,2026-09-14T13:51:00,22.04.19_NLDC_PSP|22-04-2019|attachment/pdf
https://webcdn.grid-india.in/files/grdw/uploads/download-manager-files/23.04.19_NLDC_PSP.pdf,2019-20/23.04.19_NLDC_PSP.pdf,200,1493378,7cd48685dc2a41632d66ecdfba3f70d3c35dc3828aa779c6e21ee3123bcfcfed,2026-09-14T13:51:00,23.04.19_NLDC_PSP|23-04-2019|attachment/pdf
https://webcdn.grid-india.in/files/grdw/uploads/download-manager-files/24.04.19_NLDC_PSP.pdf,2019-20/24.04.19_NLDC_PSP.pdf,200,1571195,bc02bf993f7f26327bb3032a69e53de62ec4c87e43279bd1552bf99087062ed4,2026-09-14T13:51:01,24.04.19_NLDC_PSP|24-04-2019|attachment/pdf
https://webcdn.grid-india.in/files/grdw/uploads/download-manager-files/25.04.19_NLDC_PSP.pdf,2019-20/25.04.19_NLDC_PSP.pdf,200,1492870,61bb0ed404f097e0d1261ce2f43b7675b2470198e6f2bff299a44b2d3ee79645,2026-09-14T13:51:02,25.04.19_NLDC_PSP|25-04-2019|attachment/pdf
https://webcdn.grid-india.in/files/grdw/uploads/download-manager-files/26.04.19_NLDC_PSP.pdf,2019-20/26.04.19_NLDC_PSP.pdf,200,1210629,94a6e5bcf625aa7fc72831b4f420049a97ca3f197aca30ab4da015faa8833e2d,2026-09-14T13:51:03,26.04.19_NLDC_PSP|26-04-2019|attachment/pdf
https://webcdn.grid-india.in/files/grdw/uploads/download-manager-files/27.04.19_NLDC_PSP.pdf,2019-20/27.04.19_NLDC_PSP.pdf,200,1285490,f20bde81519d26612539545e2e6d42776fd6b0d4259b13f49a949628fc7b5c73,2026-09-14T13:51:03,27.04.19_NLDC_PSP|27-04-2019|attachment/pdf
https://webcdn.grid-india.in/files/grdw/uploads/download-manager-files/28.04.19_NLDC_PSP.pdf,2019-20/28.04.19_NLDC_PSP.pdf,200,1210576,e714f62830a9ead74f14e2637592a32cc3588dd4c1800e7ddc8f2ad9f0803d71,2026-09-14T13:51:04,28.04.19_NLDC_PSP|28-04-2019|attachment/pdf
https://webcdn.grid-india.in/files/grdw/uploads/download-manager-files/01.05.19_NLDC_PSP.pdf,2019-20/01.05.19_NLDC_PSP.pdf,200,1528721,e0c303998744f2525b29967346bbc81fefc818ca23a1fc953db046e7d39fda5b,2026-09-14T13:51:05,01.05.19_NLDC_PSP|01-05-2019|attachment/pdf
https://webcdn.grid-india.in/files/grdw/uploads/download-manager-files/02.05.19_NLDC_PSP.pdf,2019-20/02.05.19_NLDC_PSP.pdf,200,1523270,65ceee1301ca6038caaa3fe29598599514656463227500112a1a4430b49d6b1f,2026-09-14T13:51:06,02.05.19_NLDC_PSP|02-05-2019|attachment/pdf
https://webcdn.grid-india.in/files/grdw/uploads/download-manager-files/03.05.19_NLDC_PSP.pdf,2019-20/03.05.19_NLDC_PSP.pdf,200,1493367,5abfa99b5138b571f800570326c47ba3aff0fde8438476c1b4f9c64f27317133,2026-09-14T13:51:07,03.05.19_NLDC_PSP|03-05-2019|attachment/pdf
https://webcdn.grid-india.in/files/grdw/uploads/download-manager-files/04.05.19_NLDC_PSP.pdf,2019-20/04.05.19_NLDC_PSP.pdf,200,1212942,f90de688639272168bae91c7426638416f9db540ad0e7721b4f6b980f3430a00,2026-09-14T13:51:08,04.05.19_NLDC_PSP|04-05-2019|attachment/pdf
https://webcdn.grid-india.in/files/grdw/uploads/download-manager-files/05.05.19_NLDC_PSP.pdf,2019-20/05.05.19_NLDC_PSP.pdf,200,1496041,78dc3f4238310bc583eed4f4d3547036215216e86f4aa75b8f78a78ab4449a88,2026-09-14T13:51:08,05.05.19_NLDC_PSP|05-05-2019|attachment/pdf
https://webcdn.grid-india.in/files/grdw/uploads/download-manager-files/06.05.19_NLDC_PSP.pdf,2019-20/06.05.19_NLDC_PSP.pdf,200,1524031,802d0281f0a0225f7a0b86b8b53257dfbdea7dbb06d2970b6c008567f42a00bb,2026-09-14T13:51:09,06.05.19_NLDC_PSP|06-05-2019|attachment/pdf
https://webcdn.grid-india.in/files/grdw/uploads/download-manager-files/08.05.19_NLDC_PSP.pdf,2019-20/08.05.19_NLDC_PSP.pdf,200,1498652,c46eff64d97c7d49f159db87bec08ee184c5438947c7b50cdb62b8315623e888,2026-09-14T13:51:10,08.05.19_NLDC_PSP|08-05-2019|attachment/pdf
https://webcdn.grid-india.in/files/grdw/uploads/download-manager-files/09.05.19_NLDC_RLDC_PSP.pdf,2019-20/09.05.19_NLDC_RLDC_PSP.pdf,200,1495232,517240460ccdac9e3c36f35bd894a8587e46aaaca54ab87741810ed0cc71da34,2026-09-14T13:51:10,09.05.19_NLDC_RLDC_PSP|09-05-2019|attachment/pdf
https://webcdn.grid-india.in/files/grdw/uploads/download-manager-files/10.05.19_NLDC_PSP.pdf,2019-20/10.05.19_NLDC_PSP.pdf,200,1534431,9f8f7aff8bc091b485b3d13714efa8480ba6ed15a104832e8ddb29dea157d05c,2026-09-14T13:51:11,10.05.19_NLDC_PSP|10-05-2019|attachment/pdf
https://webcdn.grid-india.in/files/grdw/uploads/download-manager-files/11.05.19_NLDC_PSP.pdf,2019-20/11.05.19_NLDC_PSP.pdf,200,1526965,dd630425dc45a6ac377cf3e5f78f977e6f7342ca88d0b1518a1c886a3e6c7f49,2026-09-14T13:51:12,11.05.19_NLDC_PSP|11-05-2019|attachment/pdf
https://webcdn.grid-india.in/files/grdw/uploads/download-manager-files/12.05.19_NLDC_PSP.pdf,2019-20/12.05.19_NLDC_PSP.pdf,200,1528220,e2678fe0baf86a50e643700e2dbb117bc72327c5a49009889180132719a981c5,2026-09-14T13:51:13,12.05.19_NLDC_PSP|12-05-2019|attachment/pdf
https://webcdn.grid-india.in/files/grdw/uploads/download-manager-files/13.05.19_NLDC_PSP.pdf,2019-20/13.05.19_NLDC_PSP.pdf,200,1493703,0f92f58e3f444aaae6200011d9c0658c4cf5873fd0447fc6ca53f6c94ad4ff4c,2026-09-14T13:51:14,13.05.19_NLDC_PSP|13-05-2019|attachment/pdf
https://webcdn.grid-india.in/files/grdw/uploads/download-manager-files/14.05.19_NLDC_PSP.pdf,2019-20/14.05.19_NLDC_PSP.pdf,200,1497717,451097382fe552790fd4dd6d2030f6fee7ac610d3ccf97bf589be076f7a7dc69,2026-09-14T13:51:14,14.05.19_NLDC_PSP|14-05-2019|attachment/pdf
https://webcdn.grid-india.in/files/grdw/uploads/download-manager-files/16.05.19_NLDC_PSP_H&E.pdf,2019-20/16.05.19_NLDC_PSP_H&E.pdf,200,1496959,a3c0c0116ab91c6cee012d65c49f106506ed0cf27018b93b6c9ff7f3532bffa7,2026-09-14T13:51:16,16.05.19_NLDC_PSP|16-05-2019|attachment/pdf
https://webcdn.grid-india.in/files/grdw/uploads/download-manager-files/17.05.19_NLDC_PSP.pdf,2019-20/17.05.19_NLDC_PSP.pdf,200,351015,6eb175526448f4dfd2cfa11ea406841ee0b5aa45b7c42860baf5ef026d53f91f,2026-09-14T13:51:16,17.05.19_NLDC_PSP|17-05-2019|attachment/pdf
https://webcdn.grid-india.in/files/grdw/uploads/download-manager-files/18.05.19_NLDC_PSP.pdf,2019-20/18.05.19_NLDC_PSP.pdf,200,1526527,b06642417234c6f31a2c56e84257a8e894217abf8d61bf559c6e834760bd6e03,2026-09-14T13:51:17,18.05.19_NLDC_PSP|18-05-2019|attachment/pdf
https://webcdn.grid-india.in/files/grdw/uploads/download-manager-files/19.05.19_NLDC_PSP.pdf,2019-20/19.05.19_NLDC_PSP.pdf,200,1495968,edb114a547abc37fc9f063cdf38a43a2361735b0b5cfb5ed4d6cc49432548d87,2026-09-14T13:51:18,19.05.19_NLDC_PSP|19-05-2019|attachment/pdf
https://webcdn.grid-india.in/files/grdw/uploads/download-manager-files/20.05.19_NLDC_PSP.pdf,2019-20/20.05.19_NLDC_PSP.pdf,200,1289238,5f4917128bfd05c8e2456948e78365d855bb5277e6e8f4d0d8fb8b1927b62a96,2026-09-14T13:51:18,20.05.19_NLDC_PSP|20-05-2019|attachment/pdf
https://webcdn.grid-india.in/files/grdw/uploads/download-manager-files/21.05.19_NLDC_PSP.pdf,2019-20/21.05.19_NLDC_PSP.pdf,200,1446859,ec2f9dd75b3e28b4ea4f5ac1d750be57a832d89aa9a30800e54f368a4b269f54,2026-09-14T13:51:19,21.05.19_NLDC_PSP|21-05-2019|attachment/pdf
https://webcdn.grid-india.in/files/grdw/uploads/download-manager-files/22.05.19_NLDC_PSP.pdf,2019-20/22.05.19_NLDC_PSP.pdf,200,1211261,5ad54db8dd1189d605c25b2c40494fd8de4c7a34d50cf328ac640f66e20045f6,2026-09-14T13:51:20,22.05.19_NLDC_PSP|22-05-2019|attachment/pdf
https://webcdn.grid-india.in/files/grdw/uploads/download-manager-files/24.05.19_NLDC_PSP__H&E.pdf,2019-20/24.05.19_NLDC_PSP__H&E.pdf,200,1526296,caeb6df7da751071b6bc83d2748335d7cb8ea556c7a7a5d3658657580973ef82,2026-09-14T13:51:21,24.05.19_NLDC_PSP|24-05-2019|attachment/pdf
https://webcdn.grid-india.in/files/grdw/uploads/download-manager-files/25.05.19_NLDC_PSP.pdf,2019-20/25.05.19_NLDC_PSP.pdf,200,1502161,6e9bb3c1079133699f28b799838eefae7454e852b62d282d6567bd02f505f612,2026-09-14T13:51:22,25.05.19_NLDC_PSP|25-05-2019|attachment/pdf
https://webcdn.grid-india.in/files/grdw/uploads/download-manager-files/26.05.19_NLDC_PSP.pdf,2019-20/26.05.19_NLDC_PSP.pdf,200,1526128,602c8185cb9140ba0a9014b464a9579bb94e65216d0ddc76af62d1fa16abc819,2026-09-14T13:51:22,26.05.19_NLDC_PSP|26-05-2019|attachment/pdf
https://webcdn.grid-india.in/files/grdw/uploads/download-manager-files/27.05.19_NLDC_PSP.pdf,2019-20/27.05.19_NLDC_PSP.pdf,200,1498806,a2bf030e122d43396ddce22d45824f05a45de7c6790ba83ce482aa69398edf05,2026-09-14T13:51:23,27.05.19_NLDC_PSP|27-05-2019|attachment/pdf
https://webcdn.grid-india.in/files/grdw/uploads/download-manager-files/28.05.19_NLDC_PSP.pdf,2019-20/28.05.19_NLDC_PSP.pdf,200,1499261,4817a1d05d144497f80db75899026fce4e858db779cce09978a94abb9e3749f0,2026-09-14T13:51:24,28.05.19_NLDC_PSP|28-05-2019|attachment/pdf
https://webcdn.grid-india.in/files/grdw/uploads/download-manager-files/29.05.19_NLDC_PSP.pdf,2019-20/29.05.19_NLDC_PSP.pdf,200,1500454,695242ce07df016d360e6e485250211638d79e5de8c63d19a04026484ace4a18,2026-09-14T13:51:25,29.05.19_NLDC_PSP|29-05-2019|attachment/pdf
https://webcdn.grid-india.in/files/grdw/uploads/download-manager-files/30.05.19_NLDC_PSP.pdf,2019-20/30.05.19_NLDC_PSP.pdf,200,1495709,eacc5f88343b9530aa88c3b8c0d1a63e7564cf747ab2af4a422a4bef7419e0e1,2026-09-14T13:51:26,30.05.19_NLDC_PSP|30-05-2019|attachment/pdf
https://webcdn.grid-india.in/files/grdw/uploads/download-manager-files/01.06.19_NLDC_PSP_H&E.pdf,2019-20/01.06.19_NLDC_PSP_H&E.pdf,200,412873,91bc3035cfa99c125f0bb8629619adb658a32a881af45d247252f5bcb0b74e45,2026-09-14T13:51:27,01.06.19_NLDC_PSP|01-06-2019|attachment/pdf
https://webcdn.grid-india.in/files/grdw/uploads/download-manager-files/02.06.19_NLDC_PSP.pdf,2019-20/02.06.19_NLDC_PSP.pdf,200,1524711,30e05ca4a005382069b0e77d3880f01da93aa3076b67e4a3920e00d151da7fde,2026-09-14T13:51:27,02.06.19_NLDC_PSP|02-06-2019|attachment/pdf
https://webcdn.grid-india.in/files/grdw/uploads/download-manager-files/03.06.19_NLDC_PSP.pdf,2019-20/03.06.19_NLDC_PSP.pdf,200,636527,845583d2deccc70ba7906b1d2d138256c33620060f9f75a7af03886e5ec3ece8,2026-09-14T13:51:28,03.06.19_NLDC_PSP|03-06-2019|attachment/pdf
https://webcdn.grid-india.in/files/grdw/uploads/download-manager-files/04.06.19_NLDC_PSP.pdf,2019-20/04.06.19_NLDC_PSP.pdf,200,1494404,31cc3d893a7e504144c40e66481eb39e0ae5eb2bbb05953ec60693fa29b3ff53,2026-09-14T13:51:29,04.06.19_NLDC_PSP|04-06-2019|attachment/pdf
https://webcdn.grid-india.in/files/grdw/uploads/download-manager-files/05.06.19_NLDC_PSP.pdf,2019-20/05.06.19_NLDC_PSP.pdf,200,1498715,9a6cf42865a0c8c648c5c2a38a3c13f04493b031609c0f0b3805890b8b08ea71,2026-09-14T13:51:30,05.06.19_NLDC_PSP|05-06-2019|attachment/pdf
https://webcdn.grid-india.in/files/grdw/uploads/download-manager-files/06.06.19_NLDC_PSP.pdf,2019-20/06.06.19_NLDC_PSP.pdf,200,1493820,d589f495a5df2d8e6a4836aa1b75922f8607a70c10ec64c4d792dcc09652e009,2026-09-14T13:51:32,06.06.19_NLDC_PSP|06-06-2019|attachment/pdf
https://webcdn.grid-india.in/files/grdw/uploads/download-manager-files/07.06.19_NLDC_PSP.pdf,2019-20/07.06.19_NLDC_PSP.pdf,200,1494051,09363198f63213d8d5f278345ae990765483417ebf0013ec59aef981410c224b,2026-09-14T13:51:32,07.06.19_NLDC_PSP|07-06-2019|attachment/pdf
https://webcdn.grid-india.in/files/grdw/uploads/download-manager-files/08.06.19_NLDC_PSP.pdf,2019-20/08.06.19_NLDC_PSP.pdf,200,1526874,61aba3cc72727031bb8cc01aa9d844f26d86d40032f3ee38335a8745d1ac9fb5,2026-09-14T13:51:33,08.06.19_NLDC_PSP|08-06-2019|attachment/pdf
https://webcdn.grid-india.in/files/grdw/uploads/download-manager-files/10.06.19_NLDC_PSP_Rev1.pdf,2019-20/10.06.19_NLDC_PSP_Rev1.pdf,200,1568969,e661597b7914fdc391e332d2448e3c2b4fb585615d806f88292a54e726d40251,2026-09-14T13:51:34,10.06.19_NLDC_PSP_Rev1|10-06-2019|attachment/pdf
https://webcdn.grid-india.in/files/grdw/uploads/download-manager-files/11.06.19_NLDC_PSP.pdf,2019-20/11.06.19_NLDC_PSP.pdf,200,1498496,0b91ddfd858c1b5b129395efbbe89ae80d599e329ca29e29e1cecb8ff1a38d6c,2026-09-14T13:51:35,11.06.19_NLDC_PSP|11-06-2019|attachment/pdf
https://webcdn.grid-india.in/files/grdw/uploads/download-manager-files/12.06.19_NLDC_PSP.pdf,2019-20/12.06.19_NLDC_PSP.pdf,200,1568651,18890260580acf8332d207e431014486f1a469c7f934350489e20f19c1a1dcb9,2026-09-14T13:51:35,12.06.19_NLDC_PSP|12-06-2019|attachment/pdf
https://webcdn.grid-india.in/files/grdw/uploads/download-manager-files/13.06.19_NLDC_PSP.pdf,2019-20/13.06.19_NLDC_PSP.pdf,200,1495318,386fb87db7eb57a95973b06bf62a190df900f09743e63edef22e3265022e4bb1,2026-09-14T13:51:36,13.06.19_NLDC_PSP|13-06-2019|attachment/pdf
https://webcdn.grid-india.in/files/grdw/uploads/download-manager-files/14.06.19_NLDC_PSP.pdf,2019-20/14.06.19_NLDC_PSP.pdf,200,1496666,c5028c494d571cfb2be5925703a226b4e0e909e17579531b03b5d2bd0b261c25,2026-09-14T13:51:37,14.06.19_NLDC_PSP|14-06-2019|attachment/pdf
https://webcdn.grid-india.in/files/grdw/uploads/download-manager-files/15.06.19_NLDC_PSP.pdf,2019-20/15.06.19_NLDC_PSP.pdf,200,1493837,669bd587ff1d2c7f4dfe57b383543b4fa3842a9994008d83f9f327f0d0c92db4,2026-09-14T13:51:38,15.06.19_NLDC_PSP|15-06-2019|attachment/pdf
https://webcdn.grid-india.in/files/grdw/uploads/download-manager-files/17.06.19_NLDC_PSP.pdf,2019-20/17.06.19_NLDC_PSP.pdf,200,1498737,e81d1d859ea02ee6915266b35ec6a0d542713dcdbe0b888d8d11e2df062a280f,2026-09-14T13:51:38,17.06.19_NLDC_PSP|17-06-2019|attachment/pdf
https://webcdn.grid-india.in/files/grdw/uploads/download-manager-files/18.06.19_NLDC_PSP.pdf,2019-20/18.06.19_NLDC_PSP.pdf,200,1494555,89a483c0be55f802cd229c8109d95b767efcb5d69253a28a5983d75fbba9866b,2026-09-14T13:51:39,18.06.19_NLDC_PSP|18-06-2019|attachment/pdf
https://webcdn.grid-india.in/files/grdw/uploads/download-manager-files/19.06.19_NLDC_PSP.pdf,2019-20/19.06.19_NLDC_PSP.pdf,200,1496748,e9c2cd777506763021c79322d2610e6bcd4966415616d4f491794a47e018ca63,2026-09-14T13:51:40,19.06.19_NLDC_PSP|19-06-2019|attachment/pdf
https://webcdn.grid-india.in/files/grdw/uploads/download-manager-files/20.06.19_NLDC_PSP.pdf,2019-20/20.06.19_NLDC_PSP.pdf,200,1460977,3a0beb07c23dbfd3dce11dc8ceaac738d388b31c6876120c3d27b5d3897c714f,2026-09-14T13:51:41,20.06.19_NLDC_PSP|20-06-2019|attachment/pdf
https://webcdn.grid-india.in/files/grdw/uploads/download-manager-files/21.06.19_NLDC_PSP.pdf,2019-20/21.06.19_NLDC_PSP.pdf,200,350756,403ea9baa8d70a370f3cc4035843774f045bdc649436f38252caae526160b77a,2026-09-14T13:51:41,21.06.19_NLDC_PSP|21-06-2019|attachment/pdf
https://webcdn.grid-india.in/files/grdw/uploads/download-manager-files/22.06.19_NLDC_PSP.pdf,2019-20/22.06.19_NLDC_PSP.pdf,200,1495437,ea5a7ef84791229452c5e01ff290b7e101a52ac4378981ec097f743ce229b4c0,2026-09-14T13:51:42,22.06.19_NLDC_PSP|22-06-2019|attachment/pdf
https://webcdn.grid-india.in/files/grdw/uploads/download-manager-files/23.06.19_NLDC_PSP.pdf,2019-20/23.06.19_NLDC_PSP.pdf,200,1489148,ac2fd931d544aa5819fc3b92b9a88383c6c63c4278960565050c890f998b0980,2026-09-14T13:51:43,23.06.19_NLDC_PSP|23-06-2019|attachment/pdf
https://webcdn.grid-india.in/files/grdw/uploads/download-manager-files/24.06.19_NLDC_PSP.pdf,2019-20/24.06.19_NLDC_PSP.pdf,200,1499461,1259cab7e52e8880b0f8301605a00b8a8635fa1e045f86969f29907b23660b25,2026-09-14T13:51:44,24.06.19_NLDC_PSP|24-06-2019|attachment/pdf
https://webcdn.grid-india.in/files/grdw/uploads/download-manager-files/25.06.19_NLDC_PSP.pdf,2019-20/25.06.19_NLDC_PSP.pdf,200,1524388,46b7be6120399c2f61f70e8b4dd8aadc325c04cad6491ceedb6054dc4f77eaec,2026-09-14T13:51:44,25.06.19_NLDC_PSP|25-06-2019|attachment/pdf
https://webcdn.grid-india.in/files/grdw/uploads/download-manager-files/26.06.19_NLDC_PSP.pdf,2019-20/26.06.19_NLDC_PSP.pdf,200,1214261,501d3c59ca7385379a1c9f395b89fe3fedee2bca5ba520459edf18b4153d0409,2026-09-14T13:51:45,26.06.19_NLDC_PSP|26-06-2019|attachment/pdf
https://webcdn.grid-india.in/files/grdw/uploads/download-manager-files/27.06.19_NLDC_PSP.pdf,2019-20/27.06.19_NLDC_PSP.pdf,200,1523686,1075222b04176aac545ed69e2f4c65d7be6d3bd473917b7dfa21020d760fdb3a,2026-09-14T13:51:46,27.06.19_NLDC_PSP|27-06-2019|attachment/pdf
https://webcdn.grid-india.in/files/grdw/uploads/download-manager-files/28.06.19_NLDC_PSP.pdf,2019-20/28.06.19_NLDC_PSP.pdf,200,1495012,1acf397064683c2f5f8f783f9587ac2c39cc5d2cae2f6583000c1a3bf2c9d4d3,2026-09-14T13:51:47,28.06.19_NLDC_PSP|28-06-2019|attachment/pdf
https://webcdn.grid-india.in/files/grdw/uploads/download-manager-files/29.06.19_NLDC_PSP.pdf,2019-20/29.06.19_NLDC_PSP.pdf,200,1499405,2c10197b6da9275fc43ef2d20ed2acd853a0ae03599366416b9e3a5ce4b68925,2026-09-14T13:51:48,29.06.19_NLDC_PSP|29-06-2019|attachment/pdf
https://webcdn.grid-india.in/files/grdw/uploads/download-manager-files/30.06.19_NLDC_PSP.pdf,2019-20/30.06.19_NLDC_PSP.pdf,200,1524398,1a39faf48d8df9738edb086316b4e44aa2dd6abb884236b82224ca219eeb6dc8,2026-09-14T13:51:49,30.06.19_NLDC_PSP|30-06-2019|attachment/pdf
https://webcdn.grid-india.in/files/grdw/uploads/download-manager-files/01.07.19_NLDC_PSP.pdf,2019-20/01.07.19_NLDC_PSP.pdf,200,1497866,e660c535baa96441d96bf5e00097025ba8fdc62f103f9454113372fcbc56c362,2026-09-14T13:51:51,01.07.19_NLDC_PSP|01-07-2019|attachment/pdf
https://webcdn.grid-india.in/files/grdw/uploads/download-manager-files/02.07.19_NLDC_PSP.pdf,2019-20/02.07.19_NLDC_PSP.pdf,200,1495761,8582dcd8a8520a98f782329dc39fa2dcf20d4781248c3abfcd00cb0f4082fff4,2026-09-14T13:51:51,02.07.19_NLDC_PSP|02-07-2019|attachment/pdf
https://webcdn.grid-india.in/files/grdw/uploads/download-manager-files/03.07.19_NLDC_PSP.pdf,2019-20/03.07.19_NLDC_PSP.pdf,200,1498607,7595e395baa1154bae02c1b88111db3ef7c5dae7dbe43ae9b769ddf77505a815,2026-09-14T13:51:52,03.07.19_NLDC_PSP|03-07-2019|attachment/pdf
https://webcdn.grid-india.in/files/grdw/uploads/download-manager-files/04.07.19_NLDC_PSP.pdf,2019-20/04.07.19_NLDC_PSP.pdf,200,1495399,e45fa4e16c74e64b327ea1280dfdf71cb512fd0eb6c7b601900a3c571e1f9481,2026-09-14T13:51:53,04.07.19_NLDC_PSP|04-07-2019|attachment/pdf
https://webcdn.grid-india.in/files/grdw/uploads/download-manager-files/05.07.19_NLDC_PSP.pdf,2019-20/05.07.19_NLDC_PSP.pdf,200,1527881,fbfda1eb4db9f8aa4847b2d9464067ae30cdb1035779026cd64e36633af98e7d,2026-09-14T13:51:53,05.07.19_NLDC_PSP|05-07-2019|attachment/pdf
https://webcdn.grid-india.in/files/grdw/uploads/download-manager-files/06.07.19_NLDC_PSP.pdf,2019-20/06.07.19_NLDC_PSP.pdf,200,1495266,558df77d643a3e61ad32147f9b888f66311475a25e3c277ba6ac6535442ce345,2026-09-14T13:51:54,06.07.19_NLDC_PSP|06-07-2019|attachment/pdf
https://webcdn.grid-india.in/files/grdw/uploads/download-manager-files/07.07.19_NLDC_PSP.pdf,2019-20/07.07.19_NLDC_PSP.pdf,200,1523713,1e48cca75382ecfd4dacc8b262fa48d567cebf7a21bc738a12ede2d59391f393,2026-09-14T13:51:55,07.07.19_NLDC_PSP|07-07-2019|attachment/pdf
https://webcdn.grid-india.in/files/grdw/uploads/download-manager-files/08.07.19_NLDC_PSP.pdf,2019-20/08.07.19_NLDC_PSP.pdf,200,1497905,3d276b4132d2b0fdff8cebc6a8101c6bab36a7d10711cf63be0b15bfa6d57842,2026-09-14T13:51:56,08.07.19_NLDC_PSP|08-07-2019|attachment/pdf
https://webcdn.grid-india.in/files/grdw/uploads/download-manager-files/09.07.19_NLDC_PSP.pdf,2019-20/09.07.19_NLDC_PSP.pdf,200,1495130,4ce077fc213a9dfb1caddab21ddf2c9aafccdca5d944db8d9844eda4a077ba7e,2026-09-14T13:51:56,09.07.19_NLDC_PSP|09-07-2019|attachment/pdf
https://webcdn.grid-india.in/files/grdw/uploads/download-manager-files/10.07.19_NLDC_PSP.pdf,2019-20/10.07.19_NLDC_PSP.pdf,200,1526765,274f85d1c7ac4e796bc9bb9d6396cd5bd813ab1089c6ec4720d3e95de420b098,2026-09-14T13:51:57,10.07.19_NLDC_PSP|10-07-2019|attachment/pdf
https://webcdn.grid-india.in/files/grdw/uploads/download-manager-files/11.07.19_NLDC_PSP.pdf,2019-20/11.07.19_NLDC_PSP.pdf,200,1494731,7e25bb1ef00aae794b6c205753eddb370c6217b20a097d0f080e1a019bc2547c,2026-09-14T13:51:58,11.07.19_NLDC_PSP|11-07-2019|attachment/pdf
https://webcdn.grid-india.in/files/grdw/uploads/download-manager-files/12.07.19_NLDC_PSP.pdf,2019-20/12.07.19_NLDC_PSP.pdf,200,621874,594345ca87478323e64412a72e4e495f9370a76c0a2d02c629d2591f8beebd25,2026-09-14T13:51:59,12.07.19_NLDC_PSP|12-07-2019|attachment/pdf
https://webcdn.grid-india.in/files/grdw/uploads/download-manager-files/15.07.19_R0_NLDC_PSP.pdf,2019-20/15.07.19_R0_NLDC_PSP.pdf,200,1566831,3f110a178103dca45810e9ff0777dc008d758b6d9add524e24c2222a891eaf43,2026-09-14T13:51:59,15.07.19_NLDC_PSP|15-07-2019|attachment/pdf
https://webcdn.grid-india.in/files/grdw/uploads/download-manager-files/16.07.19_NLDC_PSP.pdf,2019-20/16.07.19_NLDC_PSP.pdf,200,1494512,0575621236b0d9ce5b00ce162a95a1325d796442309d0770c5f5de6d892e563f,2026-09-14T13:52:00,16.07.19_NLDC_PSP|16-07-2019|attachment/pdf
https://webcdn.grid-india.in/files/grdw/uploads/download-manager-files/17.07.19_NLDC_PSP.pdf,2019-20/17.07.19_NLDC_PSP.pdf,200,1565542,84389c231101e3d66e65b28cb2de2ffed80135a3403be3fd638d097e608f23b2,2026-09-14T13:52:01,17.07.19_NLDC_PSP|17-07-2019|attachment/pdf
https://webcdn.grid-india.in/files/grdw/uploads/download-manager-files/18.07.19_NLDC_PSP.pdf,2019-20/18.07.19_NLDC_PSP.pdf,200,1447824,6f146c2e0777978bb58e35b208c81f0e287f1f19e02fd7e271c050fca80613b5,2026-09-14T13:52:01,18.07.19_NLDC_PSP|18-07-2019|attachment/pdf
https://webcdn.grid-india.in/files/grdw/uploads/download-manager-files/19.07.19_NLDC_PSP.pdf,2019-20/19.07.19_NLDC_PSP.pdf,200,1529598,3fbc5768e4d529d2321aff56bb61ab14554b2af766ef30b7a417e5b7085e93ed,2026-09-14T13:52:02,19.07.19_NLDC_PSP|19-07-2019|attachment/pdf
https://webcdn.grid-india.in/files/grdw/uploads/download-manager-files/20.07.19_NLDC_PSP.pdf,2019-20/20.07.19_NLDC_PSP.pdf,200,1497960,765910efa6ffc24511a1dd0c1dea4e757119208acc4c8706e16b1871cfc42537,2026-09-14T13:52:03,20.07.19_NLDC_PSP|20-07-2019|attachment/pdf
https://webcdn.grid-india.in/files/grdw/uploads/download-manager-files/21.07.19_NLDC_PSP.pdf,2019-20/21.07.19_NLDC_PSP.pdf,200,1495978,20d3ee62a2de5dfaa2cd33f9234645afd515806c499cea18c6fd7e9a59d92183,2026-09-14T13:52:04,21.07.19_NLDC_PSP|21-07-2019|attachment/pdf
https://webcdn.grid-india.in/files/grdw/uploads/download-manager-files/22.07.19_NLDC_PSP.pdf,2019-20/22.07.19_NLDC_PSP.pdf,200,1493021,3ac707fe2f78c5e429e610b622649cc1e634f8a7ea3766bc7419619100a33d0c,2026-09-14T13:52:05,22.07.19_NLDC_PSP|22-07-2019|attachment/pdf
https://webcdn.grid-india.in/files/grdw/uploads/download-manager-files/23.07.19_NLDC_PSP.pdf,2019-20/23.07.19_NLDC_PSP.pdf,200,1493752,8ceb8024ec2f643bac857d3234b95a0b884ceecbe28c1f76badbf7f685522301,2026-09-14T13:52:05,23.07.19_NLDC_PSP|23-07-2019|attachment/pdf
https://webcdn.grid-india.in/files/grdw/uploads/download-manager-files/24.07.19_NLDC_PSP.pdf,2019-20/24.07.19_NLDC_PSP.pdf,200,1495424,ddbbaac116ebc3cd2f63863a5733ee6ad0525508605ed13715376cd7f96d729a,2026-09-14T13:52:06,24.07.19_NLDC_PSP|24-07-2019|attachment/pdf
https://webcdn.grid-india.in/files/grdw/uploads/download-manager-files/25.07.19_NLDC_PSP.pdf,2019-20/25.07.19_NLDC_PSP.pdf,200,1499077,01306070040b827a045b424adb24117937c724553ff49b48299d56e3faf3fbff,2026-09-14T13:52:07,25.07.19_NLDC_PSP|25-07-2019|attachment/pdf
https://webcdn.grid-india.in/files/grdw/uploads/download-manager-files/26.07.19_NLDC_PSP.pdf,2019-20/26.07.19_NLDC_PSP.pdf,200,1526343,33b9ed1565a8ba759126b52b649686d65e0dce84081af1c7a45a7f18460079ff,2026-09-14T13:52:08,26.07.19_NLDC_PSP|26-07-2019|attachment/pdf
https://webcdn.grid-india.in/files/grdw/uploads/download-manager-files/27.07.19_NLDC_PSP.pdf,2019-20/27.07.19_NLDC_PSP.pdf,200,1490348,7caf414bf3b7ae78f19050797874d8dd8a286a67e234a59a9c77c06dffadc45d,2026-09-14T13:52:09,27.07.19_NLDC_PSP|27-07-2019|attachment/pdf
https://webcdn.grid-india.in/files/grdw/uploads/download-manager-files/28.07.19_NLDC_PSP.pdf,2019-20/28.07.19_NLDC_PSP.pdf,200,1496144,3656f25fe18932289c796369027f63ddbba05a25ef9b60889e33a56de6b5834f,2026-09-14T13:52:09,28.07.19_NLDC_PSP|28-07-2019|attachment/pdf
https://webcdn.grid-india.in/files/grdw/uploads/download-manager-files/29.07.19_NLDC_PSP.pdf,2019-20/29.07.19_NLDC_PSP.pdf,200,1499093,7a0ef71ed4d676478a330c8c5e11b60915c828f08b6cf9e17cc7ca65560138ec,2026-09-14T13:52:10,29.07.19_NLDC_PSP|29-07-2019|attachment/pdf
https://webcdn.grid-india.in/files/grdw/uploads/download-manager-files/30.07.19_NLDC_PSP.pdf,2019-20/30.07.19_NLDC_PSP.pdf,200,1493634,69170c2d5ddafb20e8096d94896644a263d01df677e1605b572886a7537a960d,2026-09-14T13:52:10,30.07.19_NLDC_PSP|30-07-2019|attachment/pdf
https://webcdn.grid-india.in/files/grdw/uploads/download-manager-files/31.07.19_NLDC_PSP.pdf,2019-20/31.07.19_NLDC_PSP.pdf,200,1494856,12ec1557850894a0e952dd57bcd7426546b5b13528733050fefbb6b5cb81106a,2026-09-14T13:52:11,31.07.19_NLDC_PSP|31-07-2019|attachment/pdf
https://webcdn.grid-india.in/files/grdw/uploads/download-manager-files/01.08.19_NLDC_PSP.pdf,2019-20/01.08.19_NLDC_PSP.pdf,200,1497374,e401d8d007c7929f9f99056866ad9fa97f9a56df5fe4f6aea1cf63d6ca53ae38,2026-09-14T13:52:13,01.08.19_NLDC_PSP|01-08-2019|attachment/pdf
https://webcdn.grid-india.in/files/grdw/uploads/download-manager-files/02.08.19_NLDC_PSP.pdf,2019-20/02.08.19_NLDC_PSP.pdf,200,1495871,060ce7889f468df98fcb13ab0f6ed5cc0a353d8436b8b03ddfd451ae396476b6,2026-09-14T13:52:13,02.08.19_NLDC_PSP|02-08-2019|attachment/pdf
https://webcdn.grid-india.in/files/grdw/uploads/download-manager-files/04.08.19_NLDC_PSP.pdf,2019-20/04.08.19_NLDC_PSP.pdf,200,1548521,83cbde00f95f8e5839b53515e5b791b65f333bdbec58dc5994c28b975d84ce28,2026-09-14T13:52:14,04.08.19_NLDC_PSP|04-08-2019|attachment/pdf
https://webcdn.grid-india.in/files/grdw/uploads/download-manager-files/05.08.19_NLDC_PSP.pdf,2019-20/05.08.19_NLDC_PSP.pdf,200,1497455,fb2e3a502fbdbf42645c72b0789eee8fc2aa3b66c78ebe21cf25480da1862e36,2026-09-14T13:52:15,05.08.19_NLDC_PSP|05-08-2019|attachment/pdf
https://webcdn.grid-india.in/files/grdw/uploads/download-manager-files/06.08.19_NLDC_PSP.pdf,2019-20/06.08.19_NLDC_PSP.pdf,200,1500891,817ac3b5a0a61e933e544bf8a46c3094d189a735a0afd1a653337bdeb6b83823,2026-09-14T13:52:16,06.08.19_NLDC_PSP|06-08-2019|attachment/pdf
https://webcdn.grid-india.in/files/grdw/uploads/download-manager-files/07.08.19_NLDC_PSP.pdf,2019-20/07.08.19_NLDC_PSP.pdf,200,1528837,057416ee27fd4c502526b1903f7531f2513c31c7130051c0f59721eec0357292,2026-09-14T13:52:17,07.08.19_NLDC_PSP|07-08-2019|attachment/pdf
https://webcdn.grid-india.in/files/grdw/uploads/download-manager-files/08.08.19_NLDC_PSP.pdf,2019-20/08.08.19_NLDC_PSP.pdf,200,1498482,1dc4abc9a47dc210986e00edff317400825eaa6a205121a93f9209e09a6b52aa,2026-09-14T13:52:17,08.08.19_NLDC_PSP|08-08-2019|attachment/pdf
https://webcdn.grid-india.in/files/grdw/uploads/download-manager-files/09.08.19_NLDC_PSP.pdf,2019-20/09.08.19_NLDC_PSP.pdf,200,1498379,4a169bb399b978ae94ee4d44aac6dda188721713c3d7259a0f6a84b42184fe1e,2026-09-14T13:52:18,09.08.19_NLDC_PSP|09-08-2019|attachment/pdf
https://webcdn.grid-india.in/files/grdw/uploads/download-manager-files/10.08.19_NLDC_PSP.pdf,2019-20/10.08.19_NLDC_PSP.pdf,200,1494727,4ba86b3bcd47e9a4190bf441c295af3a09d8ae8bac69ff8b9f729ecdcc6652a2,2026-09-14T13:52:19,10.08.19_NLDC_PSP|10-08-2019|attachment/pdf
https://webcdn.grid-india.in/files/grdw/uploads/download-manager-files/13.08.19_NLDC_PSP.pdf,2019-20/13.08.19_NLDC_PSP.pdf,200,1210897,89b16d208b8594bf9f629a16697019accfb7f53549836db73b98f1746f5f0873,2026-09-14T13:52:20,13.08.19_NLDC_PSP|13-08-2019|attachment/pdf
https://webcdn.grid-india.in/files/grdw/uploads/download-manager-files/14.08.19_NLDC_PSP.pdf,2019-20/14.08.19_NLDC_PSP.pdf,200,1499505,787d4ac88458064883dcd3b1b52fdb0761759836adb21ec45ea4e8de071b3d73,2026-09-14T13:52:21,14.08.19_NLDC_PSP|14-08-2019|attachment/pdf
https://webcdn.grid-india.in/files/grdw/uploads/download-manager-files/15.08.19_NLDC_PSP.pdf,2019-20/15.08.19_NLDC_PSP.pdf,200,1527702,e3d4db921d29e7da5a769b69d8a18528ffe9acda1f0e5cdffd97d6a07be88849,2026-09-14T13:52:22,15.08.19_NLDC_PSP|15-08-2019|attachment/pdf
https://webcdn.grid-india.in/files/grdw/uploads/download-manager-files/16.08.19_NLDC_PSP.pdf,2019-20/16.08.19_NLDC_PSP.pdf,200,1526486,8715028ba4346b27110030793bf2f7ded4c99180565c2f315f5479b9192c6898,2026-09-14T13:52:23,16.08.19_NLDC_PSP|16-08-2019|attachment/pdf
https://webcdn.grid-india.in/files/grdw/uploads/download-manager-files/17.08.19_NLDC_PSP.pdf,2019-20/17.08.19_NLDC_PSP.pdf,200,1273744,cc9fcd41d0ba4a7aeba0a73263ab44846d196197c4f9ee26134e4133f9721869,2026-09-14T13:52:24,17.08.19_NLDC_PSP|17-08-2019|attachment/pdf
https://webcdn.grid-india.in/files/grdw/uploads/download-manager-files/18.08.19_NLDC_PSP.pdf,2019-20/18.08.19_NLDC_PSP.pdf,200,1496215,7372eca5922fdfa8f3884c4aef1107e3714c982aafe03d00163251f28ab0010c,2026-09-14T13:52:25,18.08.19_NLDC_PSP|18-08-2019|attachment/pdf
https://webcdn.grid-india.in/files/grdw/uploads/download-manager-files/21.08.19_NLDC_PSP.pdf,2019-20/21.08.19_NLDC_PSP.pdf,200,332619,9a37db707ade8a0fd6e7487897c0825152a80c833382951893abee9b0287d2b6,2026-09-14T13:52:25,21.08.19_NLDC_PSP|21-08-2019|attachment/pdf
https://webcdn.grid-india.in/files/grdw/uploads/download-manager-files/22.08.19_NLDC_PSP.pdf,2019-20/22.08.19_NLDC_PSP.pdf,200,1544464,fcc7440f70f513114421ffada32f68c232d5adfc64449a1727d182e2e23b9eb3,2026-09-14T13:52:26,22.08.19_NLDC_PSP|22-08-2019|attachment/pdf
https://webcdn.grid-india.in/files/grdw/uploads/download-manager-files/23.08.19_NLDC_PSP.pdf,2019-20/23.08.19_NLDC_PSP.pdf,200,1495210,523af47e127941ab4c0a97b66ff18ef360baa3518a380f8405a52cedf4310555,2026-09-14T13:52:26,23.08.19_NLDC_PSP|23-08-2019|attachment/pdf
https://webcdn.grid-india.in/files/grdw/uploads/download-manager-files/24.08.19_NLDC_PSP.pdf,2019-20/24.08.19_NLDC_PSP.pdf,200,1527748,2fc43179f8f67938d3cfd52e49eaf5c47ee769b48c7179ee7f82a29c7fab29e6,2026-09-14T13:52:27,24.08.19_NLDC_PSP|24-08-2019|attachment/pdf
https://webcdn.grid-india.in/files/grdw/uploads/download-manager-files/25.08.19_NLDC_PSP.pdf,2019-20/25.08.19_NLDC_PSP.pdf,200,1498633,e2f2de077b84c829e0fa6f802d204c379f22a64dabb809bd0cd2d9984cc1fde7,2026-09-14T13:52:29,25.08.19_NLDC_PSP.pdf|25-08-2019|attachment/pdf
https://webcdn.grid-india.in/files/grdw/uploads/download-manager-files/26.08.19_NLDC_PSP.pdf,2019-20/26.08.19_NLDC_PSP.pdf,200,1525998,53c53dd7555c111ddcd2727a7b51a2c5400828af64163c77341a41a8ff68922d,2026-09-14T13:52:30,26.08.19_NLDC_PSP|26-08-2019|attachment/pdf
https://webcdn.grid-india.in/files/grdw/uploads/download-manager-files/28.08.19_NLDC_PSP.pdf,2019-20/28.08.19_NLDC_PSP.pdf,200,462200,a134e9be84323cb842a466d57de411c85aa9be0b5fd7cf3033725fadcaf4179e,2026-09-14T13:52:30,28.08.19_NLDC_PSP|28-08-2019|attachment/pdf
https://webcdn.grid-india.in/files/grdw/uploads/download-manager-files/29.08.19_NLDC_PSP.pdf,2019-20/29.08.19_NLDC_PSP.pdf,200,1211399,0109c3ec3e342faea472aebf60340b04bd42da9923ac074556fb6b99bc78d490,2026-09-14T13:52:31,29.08.19_NLDC_PSP|29-08-2019|attachment/pdf
https://webcdn.grid-india.in/files/grdw/uploads/download-manager-files/30.08.19_NLDC_PSP.pdf,2019-20/30.08.19_NLDC_PSP.pdf,200,1495832,437d68eff484b39121bf5c1fb11dffe8bb62386c519853067fa3bf823528f057,2026-09-14T13:52:32,30.08.19_NLDC_PSP|30-08-2019|attachment/pdf
https://webcdn.grid-india.in/files/grdw/uploads/download-manager-files/31.08.19_NLDC_PSP.pdf,2019-20/31.08.19_NLDC_PSP.pdf,200,1497862,34e8ca845ae82a901c0c367a6991a6ea6633ec60f3f659119d6b7a9d13ad7aeb,2026-09-14T13:52:33,31.08.19_NLDC_PSP|31-08-2019|attachment/pdf
https://webcdn.grid-india.in/files/grdw/uploads/download-manager-files/01.09.19_NLDC_PSP.pdf,2019-20/01.09.19_NLDC_PSP.pdf,200,1525160,7ec5c428feb30d7bde0e1d0a5ff8e3aec636b57a6a3470f48a2910391dbf0c52,2026-09-14T13:52:34,01.09.19_NLDC_PSP|01-09-2019|attachment/pdf
https://webcdn.grid-india.in/files/grdw/uploads/download-manager-files/02.09.19_NLDC_PSP.pdf,2019-20/02.09.19_NLDC_PSP.pdf,200,1495770,ff837b20a2636b44875a39f84eb702bb2bf88f115a2e0f0b93a6dbbbbfad2a74,2026-09-14T13:52:34,02.09.19_NLDC_PSP|02-09-2019|attachment/pdf
https://webcdn.grid-india.in/files/grdw/uploads/download-manager-files/03.09.19_NLDC_PSP.pdf,2019-20/03.09.19_NLDC_PSP.pdf,200,1522804,3f5b93018d2ce982df976a36f690f86a5e5869c3944e8ac3290455fc6caeee5e,2026-09-14T13:52:35,03.09.19_NLDC_PSP|03-09-2019|attachment/pdf
https://webcdn.grid-india.in/files/grdw/uploads/download-manager-files/05.09.19_NLDC_PSP.pdf,2019-20/05.09.19_NLDC_PSP.pdf,200,1211782,e6e1f78a64227bb856ea53e16c70b6d4168483917848d2d900e6c3952ce2b003,2026-09-14T13:52:36,05.09.19_NLDC_PSP|05-09-2019|attachment/pdf
https://webcdn.grid-india.in/files/grdw/uploads/download-manager-files/06.09.19_NLDC_PSP.pdf,2019-20/06.09.19_NLDC_PSP.pdf,200,1211381,978c97459ef37e97ba012bd97f2adbcf069924ec8c67690e25babc7bcfedfd2a,2026-09-14T13:52:36,06.09.19_NLDC_PSP|06-09-2019|attachment/pdf
https://webcdn.grid-india.in/files/grdw/uploads/download-manager-files/07.09.19_NLDC_PSP.pdf,2019-20/07.09.19_NLDC_PSP.pdf,200,1493409,9f30c2ab49e3bebcef03d89419debf220cb5ee863ff8c07dfd0f77f3bde8e561,2026-09-14T13:52:37,07.09.19_NLDC_PSP|07-09-2019|attachment/pdf
https://webcdn.grid-india.in/files/grdw/uploads/download-manager-files/08.09.19_NLDC_PSP.pdf,2019-20/08.09.19_NLDC_PSP.pdf,200,1522574,19ded0d61e9ae23f52a5739f9a3135960e0810fa7c72fa62087e46a4805267cc,2026-09-14T13:52:38,08.09.19_NLDC_PSP|08-09-2019|attachment/pdf
https://webcdn.grid-india.in/files/grdw/uploads/download-manager-files/10.09.19_NLDC_PSP.pdf,2019-20/10.09.19_NLDC_PSP.pdf,200,1496575,88824995dfbdcb311b22b15c62f99706060e48157bd2131c523be34ee269a247,2026-09-14T13:52:39,10.09.19_NLDC_PSP|10-09-2019|attachment/pdf
https://webcdn.grid-india.in/files/grdw/uploads/download-manager-files/11.09.19_NLDC_PSP.pdf,2019-20/11.09.19_NLDC_PSP.pdf,200,1210160,53240975436a82ed6772c8f7cf599c2662b8a4b37247d6e7424d8ba95fdf8ae6,2026-09-14T13:52:39,11.09.19_NLDC_PSP.pdf|11-09-2019|attachment/pdf
https://webcdn.grid-india.in/files/grdw/uploads/download-manager-files/12.09.19_NLDC_PSP.pdf,2019-20/12.09.19_NLDC_PSP.pdf,200,1494551,8e5ce94b0681830ede19628047376f72c6765c52d1a3975ce513b6609a81ef5c,2026-09-14T13:52:40,12.09.19_NLDC_PSP|12-09-2019|attachment/pdf
https://webcdn.grid-india.in/files/grdw/uploads/download-manager-files/13.09.19_NLDC_PSP.pdf,2019-20/13.09.19_NLDC_PSP.pdf,200,1523259,481fc8ccc0b2552a61c6c612b4a38149cef14c40640096ea4efe2bc79bc6daa6,2026-09-14T13:52:41,13.09.19_NLDC_PSP|13-09-2019|attachment/pdf
https://webcdn.grid-india.in/files/grdw/uploads/download-manager-files/14.09.19_NLDC_PSP.pdf,2019-20/14.09.19_NLDC_PSP.pdf,200,1496527,afa96e758f329df4d2dd3116ca17d828ab5743fb6631a617ec5025c9db2e010d,2026-09-14T13:52:42,14.09.19_NLDC_PSP|14-09-2019|attachment/pdf
https://webcdn.grid-india.in/files/grdw/uploads/download-manager-files/15.09.19_NLDC_PSP.pdf,2019-20/15.09.19_NLDC_PSP.pdf,200,1493862,6b2d5c642fe04e9d58e5fae3a4292dd3b5a10aba85f7d23b99ece8e3df1680bb,2026-09-14T13:52:43,15.09.19_NLDC_PSP|15-09-2019|attachment/pdf
https://webcdn.grid-india.in/files/grdw/uploads/download-manager-files/16.09.19_NLDC_PSP.pdf,2019-20/16.09.19_NLDC_PSP.pdf,200,1525438,69c53948586bac71581646a672dda38a1b6580c674c5986b26b349ca78fd4c06,2026-09-14T13:52:43,16.09.19_NLDC_PSP|16-09-2019|attachment/pdf
https://webcdn.grid-india.in/files/grdw/uploads/download-manager-files/17.09.19_NLDC_PSP.pdf,2019-20/17.09.19_NLDC_PSP.pdf,200,1494079,1d509cf590e28082eff981ab22c984b555bf0258104bc40428b1d2171553a9ec,2026-09-14T13:52:44,17.09.19_NLDC_PSP|17-09-2019|attachment/pdf
https://webcdn.grid-india.in/files/grdw/uploads/download-manager-files/18.09.19_NLDC_PSP.pdf,2019-20/18.09.19_NLDC_PSP.pdf,200,1497795,fde49d4451c7fd6bde49ef9b3f69cee17c48a03eb7bf29ac04baa3145f03d32a,2026-09-14T13:52:45,18.09.19_NLDC_PSP|18-09-2019|attachment/pdf
https://webcdn.grid-india.in/files/grdw/uploads/download-manager-files/19.09.19_NLDC_PSP.pdf,2019-20/19.09.19_NLDC_PSP.pdf,200,1495253,7cc88ec749607a7fd6731686ac9703e8e4af81ad12d6be45e9221ef11d196f2b,2026-09-14T13:52:46,19.09.19_NLDC_PSP|19-09-2019|attachment/pdf
https://webcdn.grid-india.in/files/grdw/uploads/download-manager-files/22.09.19_NLDC_PSP.pdf,2019-20/22.09.19_NLDC_PSP.pdf,200,1493185,60918bc0a05ad29de579ddaf78c2d7a57b7cbd9cd529b6bbade989d542a0863d,2026-09-14T13:52:46,22.09.19_NLDC_PSP|22-09-2019|attachment/pdf
https://webcdn.grid-india.in/files/grdw/uploads/download-manager-files/23.09.19_NLDC_PSP.pdf,2019-20/23.09.19_NLDC_PSP.pdf,200,1562893,510629a852a6d2d7c659bff7653ee70165c142cc0fa23a5d4719309de60c52ed,2026-09-14T13:52:47,23.09.19_NLDC_PSP|23-09-2019|attachment/pdf
https://webcdn.grid-india.in/files/grdw/uploads/download-manager-files/24.09.19_NLDC_PSP.pdf,2019-20/24.09.19_NLDC_PSP.pdf,200,1524501,13c63f708a703f21bb144b34c5a420c30701bb095cb2a1f06e4ada509b40c7d6,2026-09-14T13:52:48,24.09.19_NLDC_PSP|24-09-2019|attachment/pdf
https://webcdn.grid-india.in/files/grdw/uploads/download-manager-files/25.09.19_NLDC_PSP__H&E.pdf,2019-20/25.09.19_NLDC_PSP__H&E.pdf,200,1525889,8eeda44101cfe9ee009be7fb54857da99ba4a869cc1d6647adc71aac0778b25a,2026-09-14T13:52:49,25.09.19_NLDC_PSP|25-09-2019|attachment/pdf
https://webcdn.grid-india.in/files/grdw/uploads/download-manager-files/26.09.19_NLDC_PSP.pdf,2019-20/26.09.19_NLDC_PSP.pdf,200,615314,c74c968c5049a5be42feebd14c53496b042ab9e463399fdba0dbac08234cc44a,2026-09-14T13:52:49,26.09.19_NLDC_PSP|26-09-2019|attachment/pdf
https://webcdn.grid-india.in/files/grdw/uploads/download-manager-files/27.09.19_NLDC_PSP.pdf,2019-20/27.09.19_NLDC_PSP.pdf,200,1492365,ecc45e3575599ba2df2a62f1df4156879bed76b6e5b7c4cde87dc6b18aaca2a3,2026-09-14T13:52:50,27.09.19_NLDC_PSP|27-09-2019|attachment/pdf
https://webcdn.grid-india.in/files/grdw/uploads/download-manager-files/30.09.19_NLDC_PSP.pdf,2019-20/30.09.19_NLDC_PSP.pdf,200,1491731,bc8307781c098aa746531ee19d4f27541fa462dca83c9576e3333938382c9996,2026-09-14T13:52:51,30.09.19_NLDC_PSP|30-09-2019|attachment/pdf
https://webcdn.grid-india.in/files/grdw/uploads/download-manager-files/01.10.19_NLDC_PSP.pdf,2019-20/01.10.19_NLDC_PSP.pdf,200,1493255,2daa16207253c7e4a11e2b20d5c905ace2efef84a11c51a3cc7a76870d81bce9,2026-09-14T13:52:52,01.10.19_NLDC_PSP|01-10-2019|attachment/pdf
https://webcdn.grid-india.in/files/grdw/uploads/download-manager-files/02.10.19_NLDC_PSP.pdf,2019-20/02.10.19_NLDC_PSP.pdf,200,1493017,b1444a12cce6b04014179d11f4290c47440701cf655a9a4b28af9d030bc368d2,2026-09-14T13:52:53,02.10.19_NLDC_PSP|02-10-2019|attachment/pdf
https://webcdn.grid-india.in/files/grdw/uploads/download-manager-files/03.10.19_NLDC_PSP.pdf,2019-20/03.10.19_NLDC_PSP.pdf,200,1444289,3eb0492ee46972e9e6521a068abf56d9ceba21fdb4e636dfefe2087c6ecf010a,2026-09-14T13:52:53,03.10.19_NLDC_PSP|03-10-2019|attachment/pdf
https://webcdn.grid-india.in/files/grdw/uploads/download-manager-files/04.10.19_NLDC_PSP.pdf,2019-20/04.10.19_NLDC_PSP.pdf,200,1522105,3543ae2a63cb9b9f28724b8e80752c410df3dac89bb700a1124f24775ec50509,2026-09-14T13:52:54,04.10.19_NLDC_PSP|04-10-2019|attachment/pdf
https://webcdn.grid-india.in/files/grdw/uploads/download-manager-files/05.10.19_NLDC_PSP.pdf,2019-20/05.10.19_NLDC_PSP.pdf,200,1492329,864e970f05ca4124a76aa5e56506ec8bcf3a0477b9ec0d645b3c252ac5f8e132,2026-09-14T13:52:55,05.10.19_NLDC_PSP|05-10-2019|attachment/pdf
https://webcdn.grid-india.in/files/grdw/uploads/download-manager-files/09.10.19_NLDC_PSP.pdf,2019-20/09.10.19_NLDC_PSP.pdf,200,1520628,cdf647b20549c004d89b004b017d2802a9b0e63dd2269cd313e65445901299c9,2026-09-14T13:52:56,09.10.19_NLDC_PSP|09-10-2019|attachment/pdf
https://webcdn.grid-india.in/files/grdw/uploads/download-manager-files/10.10.19_NLDC_PSP.pdf,2019-20/10.10.19_NLDC_PSP.pdf,200,1490538,852d43c1706baa6133d3171de6be8208f12f37f6e972a9b12ffe4fdb605f5dd5,2026-09-14T13:52:57,10.10.19_NLDC_PSP|10-10-2019|attachment/pdf
https://webcdn.grid-india.in/files/grdw/uploads/download-manager-files/11.10.19_NLDC_PSP.pdf,2019-20/11.10.19_NLDC_PSP.pdf,200,1519066,ceff8a6602255416b1850af93653507c5ba7bd793344a4b20043071326fa6b9a,2026-09-14T13:52:58,11.10.19_NLDC_PSP|11-10-2019|attachment/pdf
https://webcdn.grid-india.in/files/grdw/uploads/download-manager-files/12.10.19_NLDC_PSP.pdf,2019-20/12.10.19_NLDC_PSP.pdf,200,1493451,9a176249bcbb720e7171484790e515fb567cd94dde3bd399cf6b9043b5659298,2026-09-14T13:52:59,12.10.19_NLDC_PSP.pdf|12-10-2019|attachment/pdf
https://webcdn.grid-india.in/files/grdw/uploads/download-manager-files/13.10.19_NLDC_PSP.pdf,2019-20/13.10.19_NLDC_PSP.pdf,200,1568017,4ebb44af12c56b12d7b8a8827d78188e5a0563075b0e72514ef02cce9536dccf,2026-09-14T13:52:59,13.10.19_NLDC_PSP|13-10-2019|attachment/pdf
https://webcdn.grid-india.in/files/grdw/uploads/download-manager-files/16.10.19_NLDC_PSP.pdf,2019-20/16.10.19_NLDC_PSP.pdf,200,1495234,aee7dd73067978c19a35125293d44480ac020bc838a0d0bd1a7daefdaf07292d,2026-09-14T13:53:00,16.10.19_NLDC_PSP|16-10-2019|attachment/pdf
https://webcdn.grid-india.in/files/grdw/uploads/download-manager-files/17.10.19_NLDC_PSP.pdf,2019-20/17.10.19_NLDC_PSP.pdf,200,1495204,0474c6ae412df0d5fc886921a0f8acf9123a8819bce0cec526d08ce7d22990ba,2026-09-14T13:53:01,17.10.19_NLDC_PSP|17-10-2019|attachment/pdf
https://webcdn.grid-india.in/files/grdw/uploads/download-manager-files/18.10.19_NLDC_PSP.pdf,2019-20/18.10.19_NLDC_PSP.pdf,200,599175,f51faf4dbc0a6b3aca75dcc3f5ae1547e373144943e198846f178c323de7fc80,2026-09-14T13:53:01,18.10.19_NLDC_PSP|18-10-2019|attachment/pdf
https://webcdn.grid-india.in/files/grdw/uploads/download-manager-files/19.10.19_NLDC_PSP.pdf,2019-20/19.10.19_NLDC_PSP.pdf,200,1211219,9c2691b8e32c100e02202947586890403af72b113a12f43dfe655df8635d7b17,2026-09-14T13:53:02,19.10.19_NLDC_PSP|19-10-2019|attachment/pdf
https://webcdn.grid-india.in/files/grdw/uploads/download-manager-files/20.10.19_NLDC_PSP.pdf,2019-20/20.10.19_NLDC_PSP.pdf,200,1206807,23475d4005ead20c7a34536cb361c026f601aacb314c1912fed05e1f26c1b106,2026-09-14T13:53:02,20.10.19_NLDC_PSP|20-10-2019|attachment/pdf
https://webcdn.grid-india.in/files/grdw/uploads/download-manager-files/21.10.19_NLDC_PSP.pdf,2019-20/21.10.19_NLDC_PSP.pdf,200,1493234,4c65d45d034fa22af02cfd610abcca84a8cace93e012de57ede7ff6edd1b179c,2026-09-14T13:53:03,21.10.19_NLDC_PSP|21-10-2019|attachment/pdf
https://webcdn.grid-india.in/files/grdw/uploads/download-manager-files/24.10.19_NLDC_PSP.pdf,2019-20/24.10.19_NLDC_PSP.pdf,200,1520554,158461ff7bc0ce89e31c418c580af020513f124186bfb2995590524037922e73,2026-09-14T13:53:04,24.10.19_NLDC_PSP|24-10-2019|attachment/pdf
https://webcdn.grid-india.in/files/grdw/uploads/download-manager-files/25.10.19_NLDC_PSP.pdf,2019-20/25.10.19_NLDC_PSP.pdf,200,1492094,e602b862bd6cbcf0769ff9c1aac1722b4d6adb1921b7f4a77549ce3cf36529ae,2026-09-14T13:53:05,25.10.19_NLDC_PSP|25-10-2019|attachment/pdf
https://webcdn.grid-india.in/files/grdw/uploads/download-manager-files/26.10.19_NLDC_PSP.pdf,2019-20/26.10.19_NLDC_PSP.pdf,200,1492674,597122396ecbd6c1549421a960380286d142c3a6ade472197c007e17cc270890,2026-09-14T13:53:06,26.10.19_NLDC_PSP|26-10-2019|attachment/pdf
https://webcdn.grid-india.in/files/grdw/uploads/download-manager-files/27.10.19_NLDC_PSP.pdf,2019-20/27.10.19_NLDC_PSP.pdf,200,1522885,9418488f3e95ac44577cf6064ae6539e9a7d96d7f5ae0cbb1535a08c24b491cf,2026-09-14T13:53:07,27.10.19_NLDC_PSP|27-10-2019|attachment/pdf
https://webcdn.grid-india.in/files/grdw/uploads/download-manager-files/28.10.19_NLDC_PSP.pdf,2019-20/28.10.19_NLDC_PSP.pdf,200,1521210,9fd15e15bb1b55f1cb79f439a19e2d87d64ab057bcf066a330f792dc11bcea4a,2026-09-14T13:53:08,28.10.19_NLDC_PSP|28-10-2019|attachment/pdf
https://webcdn.grid-india.in/files/grdw/uploads/download-manager-files/29.10.19_NLDC_PSP.pdf,2019-20/29.10.19_NLDC_PSP.pdf,200,1495240,3101ad90cf08c52027c06f9adf2ea2bc713fe1a228ea7816b70ebdc9e31298d4,2026-09-14T13:53:09,29.10.19_NLDC_PSP|29-10-2019|attachment/pdf
https://webcdn.grid-india.in/files/grdw/uploads/download-manager-files/30.10.19_NLDC_PSP.pdf,2019-20/30.10.19_NLDC_PSP.pdf,200,1494659,7413bf23bf720f2e5d86351dc8d07fe02d42ff609c836791d0984a1da484498a,2026-09-14T13:53:09,30.10.19_NLDC_PSP|30-10-2019|attachment/pdf
https://webcdn.grid-india.in/files/grdw/uploads/download-manager-files/Frequency%2003.10.19.pdf,2019-20/Frequency 03.10.19.pdf,200,977636,960540cb4ce10856369f0ae1db6a196a903cef2b04e273577488ccd7dbf8aa65,2026-09-14T13:53:10,Frequency 03.10.19|03-10-2019|attachment/pdf
https://webcdn.grid-india.in/files/grdw/uploads/download-manager-files/01.11.19_NLDC_PSP.pdf,2019-20/01.11.19_NLDC_PSP.pdf,200,2014534,1fbe52f0aeb23e73506fc5ec242d51804619c03ca10338ba2cdebea89956c94f,2026-09-14T13:53:11,01.11.19_NLDC_PSP|01-11-2019|attachment/pdf
https://webcdn.grid-india.in/files/grdw/uploads/download-manager-files/02.11.19_NLDC_PSP.pdf,2019-20/02.11.19_NLDC_PSP.pdf,200,1206943,2398215d2f9523897b2a2ef41fd83791595ec892dc8581c9c460fac5aad3416d,2026-09-14T13:53:12,02.11.19_NLDC_PSP|02-11-2019|attachment/pdf
https://webcdn.grid-india.in/files/grdw/uploads/download-manager-files/03.11.19_NLDC_PSP.pdf,2019-20/03.11.19_NLDC_PSP.pdf,200,1519495,d460a5f495d4e3e36fc499c306c6471f69707f52d9f796e79159f01ff7237136,2026-09-14T13:53:12,03.11.19_NLDC_PSP|03-11-2019|attachment/pdf
https://webcdn.grid-india.in/files/grdw/uploads/download-manager-files/04.11.19_NLDC_PSP.pdf,2019-20/04.11.19_NLDC_PSP.pdf,200,1247893,0be9de703749e8b93522bbb6cdbd0a0914b6fe4c21254f6dc9bc6459a6e3cb7c,2026-09-14T13:53:13,04.11.19_NLDC_PSP|04-11-2019|attachment/pdf
https://webcdn.grid-india.in/files/grdw/uploads/download-manager-files/05.11.19_NLDC_PSP.pdf,2019-20/05.11.19_NLDC_PSP.pdf,200,1210548,e9fcfec252c0163706ea19420a4780cc52e8db28e36f321b4b7597d61b848b58,2026-09-14T13:53:14,05.11.19_NLDC_PSP|05-11-2019|attachment/pdf
https://webcdn.grid-india.in/files/grdw/uploads/download-manager-files/06.11.19_NLDC_PSP.pdf,2019-20/06.11.19_NLDC_PSP.pdf,200,1521316,29edd88ce0ff7ad207ea20898d6699dbdbe162c40df1496e0d0528a1baa497f3,2026-09-14T13:53:14,06.11.19_NLDC_PSP|06-11-2019|attachment/pdf
https://webcdn.grid-india.in/files/grdw/uploads/download-manager-files/09.11.19_NLDC_PSP.pdf,2019-20/09.11.19_NLDC_PSP.pdf,200,1495231,e3ecb0b404e7f4fb29f9063033dbf4c9c8551ba3a49c3b18f9a16f9ef7332492,2026-09-14T13:53:15,09.11.19_NLDC_PSP|09-11-2019|attachment/pdf
https://webcdn.grid-india.in/files/grdw/uploads/download-manager-files/10.11.19_NLDC_PSP.pdf,2019-20/10.11.19_NLDC_PSP.pdf,200,1440121,b77693ea85556b8f90db43b4c2d7ab48d4dcca2d75efb75f9b4e58d8662ed203,2026-09-14T13:53:15,10.11.19_NLDC_PSP|10-11-2019|attachment/pdf
https://webcdn.grid-india.in/files/grdw/uploads/download-manager-files/11.11.19_NLDC_PSP.pdf,2019-20/11.11.19_NLDC_PSP.pdf,200,1521357,d593653bca953cde94b36f5f7ac1ceabe402723d94b9fe054d75a8c4d3ddc3c3,2026-09-14T13:53:16,11.11.19_NLDC_PSP|11-11-2019|attachment/pdf
https://webcdn.grid-india.in/files/grdw/uploads/download-manager-files/12.11.19_NLDC_PSP.pdf,2019-20/12.11.19_NLDC_PSP.pdf,200,1492979,0bb65da67d52e1ea5f858b6379470138a062afa486691a79a6cac0be5f4c3879,2026-09-14T13:53:17,12.11.19_NLDC_PSP|12-11-2019|attachment/pdf
https://webcdn.grid-india.in/files/grdw/uploads/download-manager-files/13.11.19_NLDC_PSP.pdf,2019-20/13.11.19_NLDC_PSP.pdf,200,1208628,0c870d16ab9994fe38445f8d30e0fbc83ca782750bccc40ce8a9eaf2cf473ed6,2026-09-14T13:53:18,13.11.19_NLDC_PSP|13-11-2019|attachment/pdf
https://webcdn.grid-india.in/files/grdw/uploads/download-manager-files/14.11.19_NLDC_PSP.pdf,2019-20/14.11.19_NLDC_PSP.pdf,200,1209070,c68508cecc7102093d1a437c41f4e245f8bda19545b5a856f11a57f88228c730,2026-09-14T13:53:19,14.11.19_NLDC_PSP|14-11-2019|attachment/pdf
https://webcdn.grid-india.in/files/grdw/uploads/download-manager-files/UPLOADNEW.pdf,2019-20/UPLOADNEW.pdf,200,1412381,de2d2deff5074f5609880469a249484b2d1d96e0ec7514f1945f2fd388451a85,2026-09-14T13:53:19,19.11.19_NLDC_PSP|19-11-2019|attachment/pdf
https://webcdn.grid-india.in/files/grdw/uploads/download-manager-files/20.11.19_NLDC_PSP.pdf,2019-20/20.11.19_NLDC_PSP.pdf,200,1517354,6b2f27227b16a59157adc604297f538a0f0fdddf84be0209f1d79eb692f790e9,2026-09-14T13:53:20,21.11.19_NLDC_PSP|21-11-2019|attachment/pdf
https://webcdn.grid-india.in/files/grdw/uploads/download-manager-files/uload1.pdf,2019-20/uload1.pdf,200,1521890,a4f54245e0e40f336a7e29f68bc95dbe1811007c537815ddb6b00a2e73f87d7a,2026-09-14T13:53:21,24.11.19_NLDC_PSP|24-11-2019|attachment/pdf
https://webcdn.grid-india.in/files/grdw/uploads/download-manager-files/25.11.19_NLDC_PSP.pdf,2019-20/25.11.19_NLDC_PSP.pdf,200,1412357,ca26251cd21156dbd3ea6248cdf749360197cb2b4d7f3aedb51d0d99c9393dd3,2026-09-14T13:53:21,25.11.19_NLDC_PSP|25-11-2019|attachment/pdf
https://webcdn.grid-india.in/files/grdw/uploads/download-manager-files/26.11.19_NLDC_PSP.pdf,2019-20/26.11.19_NLDC_PSP.pdf,200,1493200,9408074f5bfe8dff6b710820e632b9fa4ba555c1438e6873cff83c0eeb318ab0,2026-09-14T13:53:22,26.11.19_NLDC_PSP|26-11-2019|attachment/pdf
https://webcdn.grid-india.in/files/grdw/uploads/download-manager-files/27.11.19_NLDC_PSP.pdf,2019-20/27.11.19_NLDC_PSP.pdf,200,617728,4c51d9c2a19208095fac1234f06df81e4a7496aae6a0bc80b87b2b84f420f3d1,2026-09-14T13:53:22,27.11.19_NLDC_PSP|27-11-2019|attachment/pdf
https://webcdn.grid-india.in/files/grdw/uploads/download-manager-files/28.11.19_NLDC_PSP.pdf,2019-20/28.11.19_NLDC_PSP.pdf,200,1494976,856e266a3ac00aca6aa5ba1e95da647fee8a2d678ef1b00ecaa2549f9f2063b8,2026-09-14T13:53:23,28.11.19_NLDC_PSP|28-11-2019|attachment/pdf
https://webcdn.grid-india.in/files/grdw/uploads/download-manager-files/29.11.19_NLDC_PSP.pdf,2019-20/29.11.19_NLDC_PSP.pdf,200,1493819,43bf82833c4401d15e61489a386f5a8cdea4e8d6c8766f9fa1ad9eeac1825bcb,2026-09-14T13:53:23,29.11.19_NLDC_PSP|29-11-2019|attachment/pdf
https://webcdn.grid-india.in/files/grdw/uploads/download-manager-files/30.11.19_NLDC_PSP.pdf,2019-20/30.11.19_NLDC_PSP.pdf,200,1519693,ba168d56dde37c2ae3a7b74f615b1cf50d05cf317416580c745bd30ff6b8e671,2026-09-14T13:53:24,30.11.19_NLDC_PSP|30-11-2019|attachment/pdf
https://webcdn.grid-india.in/files/grdw/uploads/download-manager-files/01.12.19_NLDC_PSP.pdf,2019-20/01.12.19_NLDC_PSP.pdf,200,1492781,59581b5eb11f83d92b8e16a37134205dd165eaf39521341d1ede416f8ec759f2,2026-09-14T13:53:25,01.12.19_NLDC_PSP|01-12-2019|attachment/pdf
https://webcdn.grid-india.in/files/grdw/uploads/download-manager-files/02.12.19_NLDC_PSP.pdf,2019-20/02.12.19_NLDC_PSP.pdf,200,1492007,9b5c3b57c196c2872cb496d2008a8604bbc080d55c7f205d500d89be2adc0262,2026-09-14T13:53:26,02.12.19_NLDC_PSP|02-12-2019|attachment/pdf
https://webcdn.grid-india.in/files/grdw/uploads/download-manager-files/04.12.19_NLDC_PSP.pdf,2019-20/04.12.19_NLDC_PSP.pdf,200,1520949,a030c5c553907ae5cc8da855084ac66754f6470dd939adf2b45aae8af6e81475,2026-09-14T13:53:26,04.12.19_NLDC_PSP|04-12-2019|attachment/pdf
https://webcdn.grid-india.in/files/grdw/uploads/download-manager-files/05.12.19_NLDC_PSP.pdf,2019-20/05.12.19_NLDC_PSP.pdf,200,1459555,657154e1a88f38d0d98537c0cc9d8a963130f41d210b498b94bd288c04146479,2026-09-14T13:53:27,05.12.19_NLDC_PSP|05-12-2019|attachment/pdf
https://webcdn.grid-india.in/files/grdw/uploads/download-manager-files/06.12.19_NLDC_PSP.pdf,2019-20/06.12.19_NLDC_PSP.pdf,200,1733823,e1a5b0c4369b76a5a8f3b867acc181ac067607046a5955833202e165e5c3f8b7,2026-09-14T13:53:28,06.12.19_NLDC_PSP.|06-12-2019|attachment/pdf
https://webcdn.grid-india.in/files/grdw/uploads/download-manager-files/07.12.19_NLDC_PSP.pdf,2019-20/07.12.19_NLDC_PSP.pdf,200,1521119,9a9cfdbc224060949a766a75d05cb0f89e6aa296c0b540d863fd1836684376c5,2026-09-14T13:53:28,07.12.19_NLDC_PSP|07-12-2019|attachment/pdf
https://webcdn.grid-india.in/files/grdw/uploads/download-manager-files/08.12.19_NLDC_PSP.pdf,2019-20/08.12.19_NLDC_PSP.pdf,200,1438143,84b86e1aa0969af70e3f4e7cb48e03a5c292bb33b1b44f44f2b0bc793571155a,2026-09-14T13:53:29,08.12.19_NLDC_PSP|08-12-2019|attachment/pdf
https://webcdn.grid-india.in/files/grdw/uploads/download-manager-files/10.12.19_NLDC_PSP.pdf,2019-20/10.12.19_NLDC_PSP.pdf,200,1519155,88a8539e3a073b6421f232ac9b43024c19d79fa834150a238ab211b9565b1587,2026-09-14T13:53:30,10.12.19_NLDC_PSP|10-12-2019|attachment/pdf
https://webcdn.grid-india.in/files/grdw/uploads/download-manager-files/11.12.19_NLDC_PSP.pdf,2019-20/11.12.19_NLDC_PSP.pdf,200,1493610,fa25a9d91d07606345901bac59557ff0e02ef4e85058bcbe5728b6f15527a527,2026-09-14T13:53:30,11.12.19_NLDC_PSP|11-12-2019|attachment/pdf
https://webcdn.grid-india.in/files/grdw/uploads/download-manager-files/13.12.19_NLDC_PSP.pdf,2019-20/13.12.19_NLDC_PSP.pdf,200,1491135,810f94a26732b5805182447bbcafec08412f1d611de6a0940de04aebd827aab6,2026-09-14T13:53:31,13.12.19_NLDC_PSP|13-12-2019|attachment/pdf
https://webcdn.grid-india.in/files/grdw/uploads/download-manager-files/14.12.19_NLDC_PSP.pdf,2019-20/14.12.19_NLDC_PSP.pdf,200,1521737,7fd37573360956cca90df0cf28ed15b54333b8c4b3dadaf12afc091578b6e5e9,2026-09-14T13:53:32,14.12.19_NLDC_PSP|14-12-2019|attachment/pdf
https://webcdn.grid-india.in/files/grdw/uploads/download-manager-files/15.12.19_NLDC_PSP.pdf,2019-20/15.12.19_NLDC_PSP.pdf,200,1487405,48067cb9b66a517e304243fb826b1ff0fe61bae55516ab3744fc68857227c6ad,2026-09-14T13:53:32,15.12.19_NLDC_PSP|15-12-2019|attachment/pdf
https://webcdn.grid-india.in/files/grdw/uploads/download-manager-files/16.12.19_NLDC_PSP.pdf,2019-20/16.12.19_NLDC_PSP.pdf,200,1493612,5f5a7a92c695fc6570b0dea5a32c24794e94719fe59e08e9932534b8052884a1,2026-09-14T13:53:33,16.12.19_NLDC_PSP|16-12-2019|attachment/pdf
https://webcdn.grid-india.in/files/grdw/uploads/download-manager-files/17.12.19_NLDC_PSP.pdf,2019-20/17.12.19_NLDC_PSP.pdf,200,1492439,bdc480eaae850b643515208615ac4e6912a8837981c0775e6a3dc374dbf37dbb,2026-09-14T13:53:34,17.12.19_NLDC_PSP|17-12-2019|attachment/pdf
https://webcdn.grid-india.in/files/grdw/uploads/download-manager-files/18.12.19_NLDC_PSP.pdf,2019-20/18.12.19_NLDC_PSP.pdf,200,1520175,be4ff081d29b0d19589b7843e16b441772a17a339a121b7a851945f235b4e579,2026-09-14T13:53:34,18.12.19_NLDC_PSP|18-12-2019|attachment/pdf
https://webcdn.grid-india.in/files/grdw/uploads/download-manager-files/20.12.19_NLDC_PSP.pdf,2019-20/20.12.19_NLDC_PSP.pdf,200,1491515,a1a3efbfc994c6a3f4743132c5b333ce70f3ba82346eef016d894a8e697f455f,2026-09-14T13:53:35,20.12.19_NLDC_PSP|20-12-2019|attachment/pdf
https://webcdn.grid-india.in/files/grdw/uploads/download-manager-files/22.12.19_NLDC_PSP.pdf,2019-20/22.12.19_NLDC_PSP.pdf,200,1490992,43e0e5cd178986eb78129595f17caa82ab0a0efc637fc015c9443e34377d1ded,2026-09-14T13:53:36,22.12.19_NLDC_PSP|22-12-2019|attachment/pdf
https://webcdn.grid-india.in/files/grdw/uploads/download-manager-files/23.12.19_NLDC_PSP.pdf,2019-20/23.12.19_NLDC_PSP.pdf,200,1491696,e45521ff6945e104e2e408071df1098b5b2682cae2cd7ab18a60e2abfdab719e,2026-09-14T13:53:37,23.12.19_NLDC_PSP|23-12-2019|attachment/pdf
https://webcdn.grid-india.in/files/grdw/uploads/download-manager-files/24.12.19_NLDC_PSP.pdf,2019-20/24.12.19_NLDC_PSP.pdf,200,1492389,a25a0eb39621207deaeef7757f4e71efe2673abae20faf62ab63776cd1c9ed77,2026-09-14T13:53:38,24.12.19_NLDC_PSP|24-12-2019|attachment/pdf
https://webcdn.grid-india.in/files/grdw/uploads/download-manager-files/26.12.19_NLDC_PSP.pdf,2019-20/26.12.19_NLDC_PSP.pdf,200,1834496,43fc2be86ac3cb16869ded27e1df76c4873a858d5b3b0480795fbe694a12b13c,2026-09-14T13:53:39,26.12.19_NLDC_PSP|26-12-2019|attachment/pdf
https://webcdn.grid-india.in/files/grdw/uploads/download-manager-files/27.12.19_NLDC_PSP.pdf,2019-20/27.12.19_NLDC_PSP.pdf,200,1520927,edf79940ca7a0d71f9eab0d46a8cb77ed82680a2572f9e38ee4d67e5cca7525f,2026-09-14T13:53:39,27.12.19_NLDC_PSP|27-12-2019|attachment/pdf
https://webcdn.grid-india.in/files/grdw/uploads/download-manager-files/28.12.19_NLDC_PSP.pdf,2019-20/28.12.19_NLDC_PSP.pdf,200,1494648,d0842cd754306feda682f5ec70ac437fab2a351a53c05ccec25ca118bdcfb8ce,2026-09-14T13:53:40,28.12.19_NLDC_PSP|28-12-2019|attachment/pdf
https://webcdn.grid-india.in/files/grdw/uploads/download-manager-files/29.12.19_NLDC_PSP.pdf,2019-20/29.12.19_NLDC_PSP.pdf,200,1440797,72135784057dbe06eedd4849d6a44ba30577174a71f94bbe48bb95f9ec483cd6,2026-09-14T13:53:41,29.12.19_NLDC_PSP|29-12-2019|attachment/pdf
https://webcdn.grid-india.in/files/grdw/uploads/download-manager-files/30.12.19_NLDC_PSP.pdf,2019-20/30.12.19_NLDC_PSP.pdf,200,600469,cad3350639a30f3e6c6c9c449f05cb3964a997d67238af767282f9a275cb4065,2026-09-14T13:53:41,30.12.19_NLDC_PSP|30-12-2019|attachment/pdf
https://webcdn.grid-india.in/files/grdw/uploads/download-manager-files/31.12.19_NLDC_PSP.pdf,2019-20/31.12.19_NLDC_PSP.pdf,200,1592175,b1194e16010f43b83c29023f04e1d5d5e20560218395dce38b16cd3992179189,2026-09-14T13:53:42,31.12.19_NLDC_PSP|31-12-2019|attachment/pdf
https://webcdn.grid-india.in/files/grdw/uploads/download-manager-files/01.01.20_NLDC_PSP.pdf,2019-20/01.01.20_NLDC_PSP.pdf,200,1521414,8eca46c77174ec97062d239fcc086e62851001eae2a73052e9172aac73a22a4e,2026-09-14T13:53:44,01.01.20_NLDC_PSP|01-01-2020|attachment/pdf
https://webcdn.grid-india.in/files/grdw/uploads/download-manager-files/02.01.20_NLDC_PSP.pdf,2019-20/02.01.20_NLDC_PSP.pdf,200,1488023,e77d09ad431e6991841cacce77f828d5df0320c145b4d7700e5d11912165b201,2026-09-14T13:53:45,02.01.20_NLDC_PSP|02-01-2020|attachment/pdf
https://webcdn.grid-india.in/files/grdw/uploads/download-manager-files/03.01.20_NLDC_PSP.pdf,2019-20/03.01.20_NLDC_PSP.pdf,200,1489251,4aa65ab7e88aa52fe58a715c4baadd3ef3332efcd7a1e7c5fbd5330206a8e81f,2026-09-14T13:53:46,03.01.20_NLDC_PSP|03-01-2020|attachment/pdf
https://webcdn.grid-india.in/files/grdw/uploads/download-manager-files/05.01.20_NLDC_PSP.pdf,2019-20/05.01.20_NLDC_PSP.pdf,200,1518121,58b6a7d30725ccb7d70bf89846c8be72417816e16990ea982338701b20e63975,2026-09-14T13:53:46,05.01.20_NLDC_PSP|05-01-2020|attachment/pdf
https://webcdn.grid-india.in/files/grdw/uploads/download-manager-files/06.01.20_NLDC_PSP.pdf,2019-20/06.01.20_NLDC_PSP.pdf,200,603405,c50182cfe280e88047615d8e2ae7f8983795fe6c0a429044659df66a61ec4020,2026-09-14T13:53:47,06.01.20_NLDC_PSP|06-01-2020|attachment/pdf
https://webcdn.grid-india.in/files/grdw/uploads/download-manager-files/07.01.20_NLDC_PSP.pdf,2019-20/07.01.20_NLDC_PSP.pdf,200,1490978,5ff58da53a5417d6afda8592fef596d0c8cc50faba8321110da203933e848932,2026-09-14T13:53:48,07.01.20_NLDC_PSP|07-01-2020|attachment/pdf
https://webcdn.grid-india.in/files/grdw/uploads/download-manager-files/08.01.20_NLDC_PSP.pdf,2019-20/08.01.20_NLDC_PSP.pdf,200,1518844,30b383a054afdbba1828298a849d32d142c5c7c36504f518fee5e8fb9e9b8c71,2026-09-14T13:53:48,08.01.20_NLDC_PSP|08-01-2020|attachment/pdf
https://webcdn.grid-india.in/files/grdw/uploads/download-manager-files/09.01.20_NLDC_PSP.pdf,2019-20/09.01.20_NLDC_PSP.pdf,200,1491318,200000638d634202920367133741842b5cb0324438ab0bf58e68c9138ec998d4,2026-09-14T13:53:49,09.01.20_NLDC_PSP|09-01-2020|attachment/pdf
https://webcdn.grid-india.in/files/grdw/uploads/download-manager-files/10.01.20_NLDC_PSP.pdf,2019-20/10.01.20_NLDC_PSP.pdf,200,1490247,20009d0179a449fce96e5667ef9982ecc620a6e61cdd81b298b1d6d10c56bd46,2026-09-14T13:53:49,10.01.20_NLDC_PSP|10-01-2020|attachment/pdf
https://webcdn.grid-india.in/files/grdw/uploads/download-manager-files/11.01.20_NLDC_PSP.pdf,2019-20/11.01.20_NLDC_PSP.pdf,200,1488606,62aab14908b7f250628598939162678164a230521d44499f8a4ad3e69e914f47,2026-09-14T13:53:50,11.01.20_NLDC_PSP|11-01-2020|attachment/pdf
https://webcdn.grid-india.in/files/grdw/uploads/download-manager-files/12.01.20_NLDC_PSP.pdf,2019-20/12.01.20_NLDC_PSP.pdf,200,1488486,d46d3ca48df63f3a7be8d1a35b1e281df6c4cbcc10a6c906f23ea37906e3c03d,2026-09-14T13:53:51,12.01.20_NLDC_PSP|12-01-2020|attachment/pdf
https://webcdn.grid-india.in/files/grdw/uploads/download-manager-files/16.01.20_NLDC_PSP.pdf,2019-20/16.01.20_NLDC_PSP.pdf,200,1566426,0fc3e3e98a40bec764f47beada8b7f29f58d8f9287f8fb8273424da7ff8b299d,2026-09-14T13:53:51,16.01.20_NLDC_PSP|16-01-2020|attachment/pdf
https://webcdn.grid-india.in/files/grdw/uploads/download-manager-files/17.01.20_NLDC_PSP.pdf,2019-20/17.01.20_NLDC_PSP.pdf,200,1490999,64e7f6cc62bf8030891af6d2f7bea7e293c223faced41fb6c6e533a77b89c02a,2026-09-14T13:53:52,17.01.20_NLDC_PSP|17-01-2020|attachment/pdf
https://webcdn.grid-india.in/files/grdw/uploads/download-manager-files/18.01.20_NLDC_PSP.pdf,2019-20/18.01.20_NLDC_PSP.pdf,200,1490936,3ff812044c2dc0a91cf89b3999018320e9749cab94f5ab9b9f5052b6eca83efc,2026-09-14T13:53:53,18.01.20_NLDC_PSP|18-01-2020|attachment/pdf
https://webcdn.grid-india.in/files/grdw/uploads/download-manager-files/19.01.20_NLDC_PSP.pdf,2019-20/19.01.20_NLDC_PSP.pdf,200,1437213,024922a0b41238591b0b6cc43a1ff01bf3e322071d8d8ea81824f8b1bce10733,2026-09-14T13:53:54,19.01.20_NLDC_PSP|19-01-2020|attachment/pdf
https://webcdn.grid-india.in/files/grdw/uploads/download-manager-files/20.01.20_NLDC_PSP.pdf,2019-20/20.01.20_NLDC_PSP.pdf,200,1523116,9c00ed3e78c93254cc3ca524939783aa02108654bf155b06ee7da56475e29284,2026-09-14T13:53:54,20.01.20_NLDC_PSP|20-01-2020|attachment/pdf
https://webcdn.grid-india.in/files/grdw/uploads/download-manager-files/21.01.20_NLDC_PSP.pdf,2019-20/21.01.20_NLDC_PSP.pdf,200,1519266,9035b1faf29fa2638c4c95df7f44a895630fe3107a4316a533332103ad6d7961,2026-09-14T13:53:55,21.01.20_NLDC_PSP|21-01-2020|attachment/pdf
https://webcdn.grid-india.in/files/grdw/uploads/download-manager-files/22.01.20_NLDC_PSP.pdf,2019-20/22.01.20_NLDC_PSP.pdf,200,1491228,0e790b486592a23858567575a46d4ca36859fdb8ec33a24e672950e3a2005316,2026-09-14T13:53:56,22.01.20_NLDC_PSP|22-01-2020|attachment/pdf
https://webcdn.grid-india.in/files/grdw/uploads/download-manager-files/23.01.20_NLDC_PSP.pdf,2019-20/23.01.20_NLDC_PSP.pdf,200,1488903,90ddce7b6c35345836e2de6bcabac83d321ca23c2375bc08f5aef5803a316871,2026-09-14T13:53:56,23.01.20_NLDC_PSP|23-01-2020|attachment/pdf
https://webcdn.grid-india.in/files/grdw/uploads/download-manager-files/24.01.20_NLDC_PSP.pdf,2019-20/24.01.20_NLDC_PSP.pdf,200,1492025,936cbdd562710b6435e255f5d780a5b495afafcac75c91fdf8d98f538600b246,2026-09-14T13:53:57,24.01.20_NLDC_PSP|24-01-2020|attachment/pdf
https://webcdn.grid-india.in/files/grdw/uploads/download-manager-files/25.01.20_NLDC_PSP.pdf,2019-20/25.01.20_NLDC_PSP.pdf,200,1491904,8315192fae8cf6a2ca18f860fbe13e949f5734915c134b431361278ba1962e65,2026-09-14T13:53:58,25.01.20_NLDC_PSP|25-01-2020|attachment/pdf
https://webcdn.grid-india.in/files/grdw/uploads/download-manager-files/26.01.20_NLDC_PSP.pdf,2019-20/26.01.20_NLDC_PSP.pdf,200,1410244,76c0bf1fb50ef2bcb9b3310398fcbf3a13e92b867c4501cd56332a980391f4b5,2026-09-14T13:53:58,26.01.20_NLDC_PSP|26-01-2020|attachment/pdf
https://webcdn.grid-india.in/files/grdw/uploads/download-manager-files/27.01.20_NLDC_PSP.pdf,2019-20/27.01.20_NLDC_PSP.pdf,200,1491324,d63978ff0b6411937685c3b530c3e886af09f2e05121477c6c12aa5e524e3f90,2026-09-14T13:53:59,27.01.20_NLDC_PSP|27-01-2020|attachment/pdf
https://webcdn.grid-india.in/files/grdw/uploads/download-manager-files/28.01.20_NLDC_PSP.pdf,2019-20/28.01.20_NLDC_PSP.pdf,200,601122,b77e4a16e9fb4ef3c8a28edbd597d955a852c65a7ca7cbffd1cc03ec710f4110,2026-09-14T13:53:59,28.01.20_NLDC_PSP|28-01-2020|attachment/pdf
https://webcdn.grid-india.in/files/grdw/uploads/download-manager-files/29.01.20_NLDC_PSP.pdf,2019-20/29.01.20_NLDC_PSP.pdf,200,1491621,aa3d80c69f51b09f4374dc9b14fad1b446c746f10e97460a48d8e1ecea51768e,2026-09-14T13:54:00,29.01.20_NLDC_PSP|29-01-2020|attachment/pdf
https://webcdn.grid-india.in/files/grdw/uploads/download-manager-files/30.01.20_NLDC_PSP.pdf,2019-20/30.01.20_NLDC_PSP.pdf,200,1561233,e3b50939743e6451297e945a974e1f2a1b78c27cfb4bc135fcee579a6f0a58f5,2026-09-14T13:54:01,30.01.20_NLDC_PSP|30-01-2020|attachment/pdf
https://webcdn.grid-india.in/files/grdw/uploads/download-manager-files/31.01.20_NLDC_PSP.pdf,2019-20/31.01.20_NLDC_PSP.pdf,200,1491183,bf543854c6905c922ddccd565bb595092f0a348c9d77777990e0c601f030a0c4,2026-09-14T13:54:02,31.01.20_NLDC_PSP|31-01-2020|attachment/pdf
https://webcdn.grid-india.in/files/grdw/uploads/download-manager-files/01.02.20_NLDC_PSP.pdf,2019-20/01.02.20_NLDC_PSP.pdf,200,2013850,0902f4f2a48766fccb19dd47499efc78f1cae7501277f0213afe3c802b3b256a,2026-09-14T13:54:04,01.02.20_NLDC_PSP|01-02-2020|attachment/pdf
https://webcdn.grid-india.in/files/grdw/uploads/download-manager-files/02.02.20_NLDC_PSP.pdf,2019-20/02.02.20_NLDC_PSP.pdf,200,1489312,aa7ecfa64b056b119a29c766fea3195750d72ca2f24bff0ed3dcf9b4854d0ce6,2026-09-14T13:54:04,02.02.20_NLDC_PSP|02-02-2020|attachment/pdf
https://webcdn.grid-india.in/files/grdw/uploads/download-manager-files/03.02.20_NLDC_PSP.pdf,2019-20/03.02.20_NLDC_PSP.pdf,200,1487666,d5a67d9da395d1942490cf7ed990ec9d414ffb800956e3496aa38d50b77a4964,2026-09-14T13:54:05,03.02.20_NLDC_PSP|03-02-2020|attachment/pdf
https://webcdn.grid-india.in/files/grdw/uploads/download-manager-files/04.02.20_NLDC_PSP.pdf,2019-20/04.02.20_NLDC_PSP.pdf,200,1489674,eab2f53252145e56b6ceb0e4a36221503eddb7e0d60ec5a3945bcd64eeee7cf1,2026-09-14T13:54:05,04.02.20_NLDC_PSP|04-02-2020|attachment/pdf
https://webcdn.grid-india.in/files/grdw/uploads/download-manager-files/05.02.20_NLDC_PSP.pdf,2019-20/05.02.20_NLDC_PSP.pdf,200,2010443,4ad2e9f5a63fd358c60f4934dbd3da4b8e1c63183075ea9d2d54f0947ca9ed38,2026-09-14T13:54:06,05.02.20_NLDC_PSP|05-02-2020|attachment/pdf
https://webcdn.grid-india.in/files/grdw/uploads/download-manager-files/06.02.17_NLDC_PSP.pdf,2019-20/06.02.17_NLDC_PSP.pdf,200,1152008,e7f225f98c2cb9d2c79cfb404772602a8b4e7945660f8c7a9882435cd8e6ac61,2026-09-14T13:54:07,06.02.2017 NLDC PSP|06-02-2020|attachment/pdf
https://webcdn.grid-india.in/files/grdw/uploads/download-manager-files/06.02.20_NLDC_PSP.pdf,2019-20/06.02.20_NLDC_PSP.pdf,200,1489656,14973ef62d264e088f443ce317beb84e2bb5958ddf4c25894f4edfdbfab20455,2026-09-14T13:54:08,06.02.20_NLDC_PSP|06-02-2020|attachment/pdf
https://webcdn.grid-india.in/files/grdw/uploads/download-manager-files/09.02.20_NLDC_PSP.pdf,2019-20/09.02.20_NLDC_PSP.pdf,200,1487911,39e224e7f4a046a96d108b3788cf1f406fb4c99c0967faad8d7d652ce9f63715,2026-09-14T13:54:09,09.02.20_NLDC_PSP|09-02-2020|attachment/pdf
https://webcdn.grid-india.in/files/grdw/uploads/download-manager-files/10.02.20_NLDC_PSP.pdf,2019-20/10.02.20_NLDC_PSP.pdf,200,1519970,189e970fed313a9189817469f10f116b1b263f3d0408c488c40bfc585f688f5c,2026-09-14T13:54:09,10.02.20_NLDC_PSP|10-02-2020|attachment/pdf
https://webcdn.grid-india.in/files/grdw/uploads/download-manager-files/11.02.20_NLDC_PSP.pdf,2019-20/11.02.20_NLDC_PSP.pdf,200,1490815,7fa533410ea636e0750a73816395839bf9ef7b4ac2786ecdf24f73ede748ea9d,2026-09-14T13:54:10,11.02.20_NLDC_PSP|11-02-2020|attachment/pdf
https://webcdn.grid-india.in/files/grdw/uploads/download-manager-files/12.02.20_NLDC_PSP.pdf,2019-20/12.02.20_NLDC_PSP.pdf,200,1515555,c3599bcb9df9f50f0a126a54fd3c4a3ee76b3bbedf45b31bbfa968d8f17a94ac,2026-09-14T13:54:11,12.02.20_NLDC_PSP|12-02-2020|attachment/pdf
https://webcdn.grid-india.in/files/grdw/uploads/download-manager-files/13.02.20_NLDC_PSP.pdf,2019-20/13.02.20_NLDC_PSP.pdf,200,1443082,a3f64d8ba411084e65990f74adcde41c94291f2bcd76acba61915886dbfa7948,2026-09-14T13:54:12,13.02.20_NLDC_PSP|13-02-2020|attachment/pdf
https://webcdn.grid-india.in/files/grdw/uploads/download-manager-files/14.02.17_NLDC_PSP.pdf,2019-20/14.02.17_NLDC_PSP.pdf,200,1155082,d4d02c097bd4b2b64e4db14845a40f3da1a2ff11b5f744c89bd7669c3460f823,2026-09-14T13:54:13,14.02.2017_NLDC_PSP|14-02-2020|attachment/pdf
https://webcdn.grid-india.in/files/grdw/uploads/download-manager-files/14.02.20_NLDC_PSP.pdf,2019-20/14.02.20_NLDC_PSP.pdf,200,1518643,36ef28854e084a0dc7ff6c036d8f7389e0fc23a5e97f6506d231f28f24b7aa6e,2026-09-14T13:54:13,14.02.20_NLDC_PSP|14-02-2020|attachment/pdf
https://webcdn.grid-india.in/files/grdw/uploads/download-manager-files/15.02.17_NLDC_PSP.pdf,2019-20/15.02.17_NLDC_PSP.pdf,200,1154085,350de0ea2880b60b45e6b101692eb368898d100edf3f0d85e78ed9133928f2b7,2026-09-14T13:54:14,15.02.2017_NLDC_PSP|15-02-2020|attachment/pdf
https://webcdn.grid-india.in/files/grdw/uploads/download-manager-files/17.02.17_NLDC_PSP.pdf,2019-20/17.02.17_NLDC_PSP.pdf,200,1154254,6549a6de9272a9ac636f2d8e0c9a8affa91d9825a81bff39247922b7d42a7681,2026-09-14T13:54:14,17.02.2017_NLDC_PSP|17-02-2020|attachment/pdf
https://webcdn.grid-india.in/files/grdw/uploads/download-manager-files/17.02.20_NLDC_PSP.pdf,2019-20/17.02.20_NLDC_PSP.pdf,200,1518069,b07cf8007ac10d35a98246ab3ee9311a88092b5491d709fc6c5b30dc30f38e65,2026-09-14T13:54:15,17.02.20_NLDC_PSP|17-02-2020|attachment/pdf
https://webcdn.grid-india.in/files/grdw/uploads/download-manager-files/18.02.20_NLDC_PSP.pdf,2019-20/18.02.20_NLDC_PSP.pdf,200,1517371,0c04a98ba06e42c6f5417bc8d1a932398e3d9e91e079543582515285e99ef924,2026-09-14T13:54:16,18.02.20_NLDC_PSP|18-02-2020|attachment/pdf
https://webcdn.grid-india.in/files/grdw/uploads/download-manager-files/19.02.20_NLDC_PSP.pdf,2019-20/19.02.20_NLDC_PSP.pdf,200,1493413,60ab506de01a2320a5eebad2f259e09a0fc89fe108f0e2ed075aab577f60f9ca,2026-09-14T13:54:16,19.02.20_NLDC_PSP|19-02-2020|attachment/pdf
https://webcdn.grid-india.in/files/grdw/uploads/download-manager-files/20.02.20_NLDC_PSP.pdf,2019-20/20.02.20_NLDC_PSP.pdf,200,1443480,db8b2416e626e145d3b0df09f224b196fb9535db67bad1b5dd2c247c0db5ee6a,2026-09-14T13:54:17,20.02.20_NLDC_PSP|20-02-2020|attachment/pdf
https://webcdn.grid-india.in/files/grdw/uploads/download-manager-files/21.02.2016_R0_NLDC_RLDCs_PSP.pdf,2019-20/21.02.2016_R0_NLDC_RLDCs_PSP.pdf,200,951800,70d7b7a26be914e911305a0a6501c7b00d0aacf7bac801e18575e8afc50249d9,2026-09-14T13:54:18,21.02.2016_R0_NLDC_RLDCs_PSP|21-02-2020|attachment/pdf
https://webcdn.grid-india.in/files/grdw/uploads/download-manager-files/21.02.20_NLDC_PSP.pdf,2019-20/21.02.20_NLDC_PSP.pdf,200,1487874,5862cdb0fdb10cf42bfd7616264cfcf267c3cca12e43795b8c1ece9d210b5057,2026-09-14T13:54:19,21.02.20_NLDC_PSP|21-02-2020|attachment/pdf
https://webcdn.grid-india.in/files/grdw/uploads/download-manager-files/23.02.20_NLDC_PSP.pdf,2019-20/23.02.20_NLDC_PSP.pdf,200,1481994,cfb6f23f6da94892b533c4b8ac3870c3dc2a1cc9d3626d099600400331327e4c,2026-09-14T13:54:20,23.02.20_NLDC_PSP|23-02-2020|attachment/pdf
https://webcdn.grid-india.in/files/grdw/uploads/download-manager-files/24.02.20_NLDC_PSP.pdf,2019-20/24.02.20_NLDC_PSP.pdf,200,1490889,83f53caa24ad0c0e548d6c3f5ad118ea8ced608b865842b34156b90711ea4065,2026-09-14T13:54:20,24.02.20_NLDC_PSP|24-02-2020|attachment/pdf
https://webcdn.grid-india.in/files/grdw/uploads/download-manager-files/25.02.20_NLDC_PSP.pdf,2019-20/25.02.20_NLDC_PSP.pdf,200,1519263,0982104e10616f61f56d14d501e4d1e4bf46e0563b993f49c26d58e5e296b091,2026-09-14T13:54:21,25.02.20_NLDC_PSP|25-02-2020|attachment/pdf
https://webcdn.grid-india.in/files/grdw/uploads/download-manager-files/26.02.20_NLDC_PSP.pdf,2019-20/26.02.20_NLDC_PSP.pdf,200,1491519,5ac2b863a3b5ae85528b9fad64dec75a73c6f7976474e249cf4421ac15292054,2026-09-14T13:54:22,26.02.20_NLDC_PSP|26-02-2020|attachment/pdf
https://webcdn.grid-india.in/files/grdw/uploads/download-manager-files/27.02.20_NLDC_PSP.pdf,2019-20/27.02.20_NLDC_PSP.pdf,200,566977,8775e592723562dd7a416f6cd17a88f53ca9728aa884b2ef2edc76f4442f52b5,2026-09-14T13:54:22,27.02.20_NLDC_PSP|27-02-2020|attachment/pdf
https://webcdn.grid-india.in/files/grdw/uploads/download-manager-files/28.02.20_NLDC_PSP.pdf,2019-20/28.02.20_NLDC_PSP.pdf,200,1490405,83b2f31294a4669db0e2d88ad31ba02ecc3dda5f0644acbf328ea0f522ec1951,2026-09-14T13:54:23,28.02.20_NLDC_PSP|28-02-2020|attachment/pdf
https://webcdn.grid-india.in/files/grdw/uploads/download-manager-files/29.02.20_NLDC_PSP_H&E.pdf,2019-20/29.02.20_NLDC_PSP_H&E.pdf,200,461354,4d9e1a41f0d105f9271098f44e3d6d88c85bff36dee3553687957f5dc6b9bd4e,2026-09-14T13:54:23,29.02.20_NLDC_PSP|29-02-2020|attachment/pdf
https://webcdn.grid-india.in/files/grdw/uploads/download-manager-files/01.03.20_NLDC_PSP.pdf,2019-20/01.03.20_NLDC_PSP.pdf,200,1491541,42edf69ab984372deec402c8c50cc4ba650b5d6cc19bab1f1283a9b4444022e8,2026-09-14T13:54:25,01.03.20_NLDC_PSP|01-03-2020|attachment/pdf
https://webcdn.grid-india.in/files/grdw/uploads/download-manager-files/02.03.20_NLDC_PSP.pdf,2019-20/02.03.20_NLDC_PSP.pdf,200,1494292,4298fe62dbe79c076fed9d656f454e7d421c5c66cdff10f214dff4a0839bfbe8,2026-09-14T13:54:26,02.03.20_NLDC_PSP|02-03-2020|attachment/pdf
https://webcdn.grid-india.in/files/grdw/uploads/download-manager-files/03.03.18_NLDC_PSP.pdf,2019-20/03.03.18_NLDC_PSP.pdf,200,1482549,93e15a1911ca78cc2b92595a4b99dd9f8cc7fa8b6e32dedaab0e3a1e5fd8243f,2026-09-14T13:54:26,03.03.2018_NLDC_PSP|03-03-2020|attachment/pdf
https://webcdn.grid-india.in/files/grdw/uploads/download-manager-files/03.03.20_NLDC_PSP.pdf,2019-20/03.03.20_NLDC_PSP.pdf,200,614813,9788593647a7f711508b21f9e0607a3f3bdc2bb061d4636b9a635d9e18ee8614,2026-09-14T13:54:27,03.03.20_NLDC_PSP|03-03-2020|attachment/pdf
https://webcdn.grid-india.in/files/grdw/uploads/download-manager-files/04.03.20_NLDC_PSP.pdf,2019-20/04.03.20_NLDC_PSP.pdf,200,1565246,7d379f51329a0e8190e24b48599a180f951116d3c16c7c19644b46b7ca351214,2026-09-14T13:54:28,04.03.20_NLDC_PSP|04-03-2020|attachment/pdf
https://webcdn.grid-india.in/files/grdw/uploads/download-manager-files/05.03.20_NLDC_PSP.pdf,2019-20/05.03.20_NLDC_PSP.pdf,200,1490941,d8aa4722c998b5d32851fa00764850aef0de9e6dc14dd35ca6cc148c2c6a8d52,2026-09-14T13:54:29,05.03.20_NLDC_PSP|05-03-2020|attachment/pdf
https://webcdn.grid-india.in/files/grdw/uploads/download-manager-files/06.03.20_NLDC_PSP.pdf,2019-20/06.03.20_NLDC_PSP.pdf,200,1489060,06b6f4b228d9b7c1e66ba8e99e2b1291ba937be9dff4fa8e68c0af6e80c4e92e,2026-09-14T13:54:29,06.03.20_NLDC_PSP|06-03-2020|attachment/pdf
https://webcdn.grid-india.in/files/grdw/uploads/download-manager-files/07.03.20_NLDC_PSP.pdf,2019-20/07.03.20_NLDC_PSP.pdf,200,1516939,2b98eb0287144fd115fc8dd0afe727b053263600f13cdc0ab417a02af714d443,2026-09-14T13:54:30,07.03.20_NLDC_PSP|07-03-2020|attachment/pdf
https://webcdn.grid-india.in/files/grdw/uploads/download-manager-files/08.03.20_NLDC_PSP.pdf,2019-20/08.03.20_NLDC_PSP.pdf,200,1441782,081da1b93bd774585341ad73dee91adb4c544e1f0ad48dd751bb526a1de9252b,2026-09-14T13:54:31,08.03.20_NLDC_PSP|08-03-2020|attachment/pdf
https://webcdn.grid-india.in/files/grdw/uploads/download-manager-files/09.03.20_NLDC_PSP.pdf,2019-20/09.03.20_NLDC_PSP.pdf,200,1517475,8ca43f6b350e61ca6f534699ea1ef4ae15f1da9fd9e249b7301d757455b41e96,2026-09-14T13:54:32,09.03.20_NLDC_PSP|09-03-2020|attachment/pdf
https://webcdn.grid-india.in/files/grdw/uploads/download-manager-files/10.03.20_NLDC_PSP.pdf,2019-20/10.03.20_NLDC_PSP.pdf,200,1517899,a02d03f7af9e4a40b294555da9c8cd0e4b2eef2de924f5cdae99e0f7bbc73b25,2026-09-14T13:54:32,10.03.20_NLDC_PSP|10-03-2020|attachment/pdf
https://webcdn.grid-india.in/files/grdw/uploads/download-manager-files/11.03.20_NLDC_PSP.pdf,2019-20/11.03.20_NLDC_PSP.pdf,200,1516923,1a099ac1325f0b8aa3dbc80280a7c9424c822b0d6e78b074e66b71ca4f549eee,2026-09-14T13:54:33,11.03.20_NLDC_PSP|11-03-2020|attachment/pdf
https://webcdn.grid-india.in/files/grdw/uploads/download-manager-files/12.03.20_NLDC_PSP.pdf,2019-20/12.03.20_NLDC_PSP.pdf,200,1488434,974d646ab44dcfdf05453ff92c1c541ce4ebf0a57f3267bd58ce3eb58ffe2c93,2026-09-14T13:54:33,12.03.20_NLDC_PSP|12-03-2020|attachment/pdf
https://webcdn.grid-india.in/files/grdw/uploads/download-manager-files/13.03.20_NLDC_PSP.pdf,2019-20/13.03.20_NLDC_PSP.pdf,200,1488432,7dd3e4faaf3cc5ec199dfab0ec5454fb798d1ac098d299d293c1ac04d756af99,2026-09-14T13:54:34,13.03.20_NLDC_PSP|13-03-2020|attachment/pdf
https://webcdn.grid-india.in/files/grdw/uploads/download-manager-files/14.03.20_NLDC_PSP.pdf,2019-20/14.03.20_NLDC_PSP.pdf,200,1488754,cfd3a32f855662b1062f47ecf95342be47a1eaf16b7559590aeae961c8e3787d,2026-09-14T13:54:35,14.03.20_NLDC_PSP|14-03-2020|attachment/pdf
https://webcdn.grid-india.in/files/grdw/uploads/download-manager-files/15.03.20_NLDC_PSP.pdf,2019-20/15.03.20_NLDC_PSP.pdf,200,1155352,520d7a1e236891a4f8f7526f2e4f61ff7da91c42b2fd08092bc5144d3fe1353e,2026-09-14T13:54:35,15.03.20_NLDC_PSP|15-03-2020|attachment/pdf
https://webcdn.grid-india.in/files/grdw/uploads/download-manager-files/16.03.20_NLDC_PSP.pdf,2019-20/16.03.20_NLDC_PSP.pdf,200,1490320,e0ef7a3ce2a61e8d92fdf37c21bb9f06290ee8585405a41667cac4faaa5bfe9e,2026-09-14T13:54:36,16.03.20_NLDC_PSP|16-03-2020|attachment/pdf
https://webcdn.grid-india.in/files/grdw/uploads/download-manager-files/17.03.20_NLDC_PSP.pdf,2019-20/17.03.20_NLDC_PSP.pdf,200,1490212,9052af1af18c456f4a0bcb573e9842c7c57f05c9577cae3dbfd2574595823ca8,2026-09-14T13:54:37,17.03.20_NLDC_PSP|17-03-2020|attachment/pdf
https://webcdn.grid-india.in/files/grdw/uploads/download-manager-files/18.03.20_NLDC_PSP.pdf,2019-20/18.03.20_NLDC_PSP.pdf,200,612630,6afaeef5750fb160dc4a46c400e4de4929216e41d365881bdcd13e766509c37a,2026-09-14T13:54:38,18.03.20_NLDC_PSP|18-03-2020|attachment/pdf
https://webcdn.grid-india.in/files/grdw/uploads/download-manager-files/19.03.20_NLDC_PSP.pdf,2019-20/19.03.20_NLDC_PSP.pdf,200,1156924,478f012095f7a14335d21e5de600a6f4a5a092ffee8e6dd72dece18a0ca37819,2026-09-14T13:54:38,19.03.20_NLDC_PSP|19-03-2020|attachment/pdf
https://webcdn.grid-india.in/files/grdw/uploads/download-manager-files/20.03.20_NLDC_PSP.pdf,2019-20/20.03.20_NLDC_PSP.pdf,200,1494347,2506b2ca6a07100c6ffbdc861941e051611e4cd6af193559260eb13b7ff78f34,2026-09-14T13:54:39,20.03.20_NLDC_PSP|20-03-2020|attachment/pdf
https://webcdn.grid-india.in/files/grdw/uploads/download-manager-files/21.03.20_NLDC_PSP.pdf,2019-20/21.03.20_NLDC_PSP.pdf,200,1228712,7fbd53ea61442dc9c538ddeaf910b8832384b5d3c746b0749b7b870380f1519d,2026-09-14T13:54:40,21.03.20_NLDC_PSP|21-03-2020|attachment/pdf
https://webcdn.grid-india.in/files/grdw/uploads/download-manager-files/22.03.20_NLDC_PSP.pdf,2019-20/22.03.20_NLDC_PSP.pdf,200,1229811,72602776221bdde334e14c402ce9fc5ba1f0f9363489fea850ed258dff471de0,2026-09-14T13:54:40,22.03.20_NLDC_PSP|22-03-2020|attachment/pdf
https://webcdn.grid-india.in/files/grdw/uploads/download-manager-files/23.03.20_NLDC_PSP.pdf,2019-20/23.03.20_NLDC_PSP.pdf,200,1153643,1f6bd3c1b3dc61d50eed6366e9819f853857f150dae92ea526357e07b0037360,2026-09-14T13:54:41,23.03.20_NLDC_PSP|23-03-2020|attachment/pdf
https://webcdn.grid-india.in/files/grdw/uploads/download-manager-files/24.03.20_NLDC_PSP.pdf,2019-20/24.03.20_NLDC_PSP.pdf,200,296860,98ce49c036a35fbe1223c1d76813b58a9e35e8ed4774ca7d097d004206540a89,2026-09-14T13:54:41,24.03.20_NLDC_PSP|24-03-2020|attachment/pdf
https://webcdn.grid-india.in/files/grdw/uploads/download-manager-files/25.03.20_NLDC_PSP.pdf,2019-20/25.03.20_NLDC_PSP.pdf,200,1516329,0f74a93b50c90a0ba547373671f7cd97adc605b010a2364dba7c1eab7b767cc5,2026-09-14T13:54:42,25.03.20_NLDC_PSP|25-03-2020|attachment/pdf
https://webcdn.grid-india.in/files/grdw/uploads/download-manager-files/26.03.20_NLDC_PSP.pdf,2019-20/26.03.20_NLDC_PSP.pdf,200,1442828,079d2c851d15064ecd415bfd0df98495399b2efb61339707464a11ecdd3112d2,2026-09-14T13:54:42,26.03.20_NLDC_PSP|26-03-2020|attachment/pdf
https://webcdn.grid-india.in/files/grdw/uploads/download-manager-files/27.03.20_NLDC_PSP.pdf,2019-20/27.03.20_NLDC_PSP.pdf,200,1525912,6d394900c0ce4e3bfe820632cf893c608fb4ba49ba0bcc593caea7962363daa3,2026-09-14T13:54:43,27.03.20_NLDC_PSP|27-03-2020|attachment/pdf
https://webcdn.grid-india.in/files/grdw/uploads/download-manager-files/28.03.20_NLDC_PSP.pdf,2019-20/28.03.20_NLDC_PSP.pdf,200,1227628,ea3fc5a697b5db6a8cdb1183bb78638be2b71489ab38fdf9b0999d6b1e418241,2026-09-14T13:54:44,28.03.20_NLDC_PSP|28-03-2020|attachment/pdf
https://webcdn.grid-india.in/files/grdw/uploads/download-manager-files/30.03.20_NLDC_PSP.pdf,2019-20/30.03.20_NLDC_PSP.pdf,200,1230783,77d3931930132c8cd03fd9e4c026bbb3ee648f2fdd9a70750ff89ad17eff7a13,2026-09-14T13:54:45,30.03.20_NLDC_PSP|30-03-2020|attachment/pdf
https://webcdn.grid-india.in/files/grdw/uploads/download-manager-files/31.03.20_-NLDC_PSP.pdf,2019-20/31.03.20_-NLDC_PSP.pdf,200,1250687,97a62ff2152ff5f68ab387828153f07e6ab71c9fff6aa671b11dac13b6731c61,2026-09-14T13:54:46,31.03.20_-NLDC_PSP|31-03-2020|attachment/pdf
https://webcdn.grid-india.in/files/grdw/uploads/download-manager-files/01.04.20_NLDC_PSP.pdf,2020-21/01.04.20_NLDC_PSP.pdf,200,1235890,b173f8bc9614d2fa367c32cad509016099bbbe8098254bb0b67c3db936f6d120,2026-09-14T13:54:47,01.04.20_NLDC_PSP|01-04-2020|attachment/pdf
https://webcdn.grid-india.in/files/grdw/uploads/download-manager-files/02.04.20_NLDC_PSP.pdf,2020-21/02.04.20_NLDC_PSP.pdf,200,1229482,b331ca66bf47a3f6272b3f7533a2f0a2cb3133c6e5eaae4b085732643366f97d,2026-09-14T13:54:48,02.04.20_NLDC_PSP|02-04-2020|attachment/pdf
https://webcdn.grid-india.in/files/grdw/uploads/download-manager-files/03.04.20_NLDC_PSP.pdf,2020-21/03.04.20_NLDC_PSP.pdf,200,310823,39ad83c1346e28974ca18cc6d3f9a9dcfad93ba5a83d2d080c9510da1f1f5633,2026-09-14T13:54:48,03.04.20_NLDC_PSP|03-04-2020|attachment/pdf
https://webcdn.grid-india.in/files/grdw/uploads/download-manager-files/04.04.20_NLDC_PSP.pdf,2020-21/04.04.20_NLDC_PSP.pdf,200,344040,dbf893a1bc18246737ab573ef650a65e9bce8888a9051f02c15c77411d9f8836,2026-09-14T13:54:49,04.04.20_NLDC_PSP|04-04-2020|attachment/pdf
https://webcdn.grid-india.in/files/grdw/uploads/download-manager-files/05.04.20_NLDC_PSP.pdf,2020-21/05.04.20_NLDC_PSP.pdf,200,1228399,d208a57a00aa79ea2bc8013b732fb442cf15222903bf434b1a4513287f5dece7,2026-09-14T13:54:50,05.04.20_NLDC_PSP|05-04-2020|attachment/pdf
https://webcdn.grid-india.in/files/grdw/uploads/download-manager-files/06.04.20_NLDC_PSP.pdf,2020-21/06.04.20_NLDC_PSP.pdf,200,1231805,471c9477502eb02d86202047bc5435fb090e0de659168f8d0fc60f3ff5274e4c,2026-09-14T13:54:50,07.04.20_NLDC_PSP|07-04-2020|attachment/pdf
https://webcdn.grid-india.in/files/grdw/uploads/download-manager-files/07.04.20_NLDC_PSP.pdf,2020-21/07.04.20_NLDC_PSP.pdf,200,1231071,d33f09b783e960effa04f1a0c02f09e2e4edd54f1f2689f7ab030ed969c1f7ea,2026-09-14T13:54:51,08.04.20_NLDC_PSP|08-04-2020|attachment/pdf
https://webcdn.grid-india.in/files/grdw/uploads/download-manager-files/09.04.20_NLDC_PSP.pdf,2020-21/09.04.20_NLDC_PSP.pdf,200,1230191,32ea6889565743f870b34e5911466c4146fac8f0b40d5dbc770502082b4ff86e,2026-09-14T13:54:51,09.04.20_NLDC_PSP|09-04-2020|attachment/pdf
https://webcdn.grid-india.in/files/grdw/uploads/download-manager-files/10.04.20_NLDC_PSP.pdf,2020-21/10.04.20_NLDC_PSP.pdf,200,1230227,065c2a2266bba14abdf3745b3e7c79d91e4856af25752c7086762ef1ccad44fe,2026-09-14T13:54:52,10.04.20_NLDC_PSP|10-04-2020|attachment/pdf
https://webcdn.grid-india.in/files/grdw/uploads/download-manager-files/11.04.20_NLDC_PSP.pdf,2020-21/11.04.20_NLDC_PSP.pdf,200,1235538,335353d8a1455945f778924f6e491a7e2f3816e4103543bd4ebb71e857ed7b86,2026-09-14T13:54:52,11.04.20_NLDC_PSP|11-04-2020|attachment/pdf
https://webcdn.grid-india.in/files/grdw/uploads/download-manager-files/12.04.20_NLDC_PSP.pdf,2020-21/12.04.20_NLDC_PSP.pdf,200,1154842,a9ee577fcde464bebd2da7b072e6ddf2dbb87144c11c8d80c782063325e445a6,2026-09-14T13:54:53,12.04.20_NLDC_PSP|12-04-2020|attachment/pdf
https://webcdn.grid-india.in/files/grdw/uploads/download-manager-files/13.04.20_NLDC_PSP.pdf,2020-21/13.04.20_NLDC_PSP.pdf,200,1231919,47cddeaf06fb2833a4e7fa63779e1dcf073120ef65f36b7b7394b192abb46d5a,2026-09-14T13:54:53,14.04.20_NLDC_PSP|14-04-2020|attachment/pdf
https://webcdn.grid-india.in/files/grdw/uploads/download-manager-files/14.04.20_NLDC_PSP.pdf,2020-21/14.04.20_NLDC_PSP.pdf,200,1229893,a225623c2e5af2187c005cb1ef8a8f4a7797061f253b1693a5cd1f4a020671a5,2026-09-14T13:54:54,15.04.20_NLDC_PSP|15-04-2020|attachment/pdf
https://webcdn.grid-india.in/files/grdw/uploads/download-manager-files/15.04.20_NLDC_PSP.pdf,2020-21/15.04.20_NLDC_PSP.pdf,200,1409325,9d1b0526cb2452fa072e728b962f85294ef5ca51142423530759d786f16818b4,2026-09-14T13:54:55,16.04.20_NLDC_PSP|16-04-2020|attachment/pdf
https://webcdn.grid-india.in/files/grdw/2026/02/1587189092wpdm_upload_120.pdf,2020-21/1587189092wpdm_upload_120.pdf,200,1230482,16d078bf94577c66bbd629a6b8d06be9601de22d35180a3407bb7ca4bc2c52e0,2026-09-14T13:54:56,17.04.20_NLDC_PSP|17-04-2020|application/pdf
https://webcdn.grid-india.in/files/grdw/2026/02/1587274346wpdm_upload_833.pdf,2020-21/1587274346wpdm_upload_833.pdf,200,1237117,ca7675b597810f755b5801ea3340eac819b8c6c1bad85325eb3cd9737581f19f,2026-09-14T13:54:56,18.04.20_NLDC_PSP|18-04-2020|application/pdf
https://webcdn.grid-india.in/files/grdw/uploads/download-manager-files/uplod1.pdf,2020-21/uplod1.pdf,200,1237114,319725dcf534b60e4c8d518d0f8b22fb9655ed1a5c040d65241735ee04116109,2026-09-14T13:54:57,19.04.20_NLDC_PSP|19-04-2020|attachment/pdf
https://webcdn.grid-india.in/files/grdw/2026/02/1587355546wpdm_upload_454.pdf,2020-21/1587355546wpdm_upload_454.pdf,200,1156895,dcd28f8b426765f22ff1acb819739c8fad3c4da1b1ff1bd48b60d8070795b98c,2026-09-14T13:54:57,20.04.20_NLDC_PSP|20-04-2020|application/pdf
https://webcdn.grid-india.in/files/grdw/uploads/download-manager-files/20.04.20_NLDC_PSP.pdf,2020-21/20.04.20_NLDC_PSP.pdf,200,1228269,141275c3d709da90c38aad8973b4be5657c0a469b5b0271acb75d83525543eb6,2026-09-14T13:54:58,21.04.20_NLDC_PSP|21-04-2020|attachment/pdf
https://webcdn.grid-india.in/files/grdw/uploads/download-manager-files/21.04.20_NLDC_PSP.pdf,2020-21/21.04.20_NLDC_PSP.pdf,200,1233488,ec29dc57abaf9331aeab4e3b76ca7295b9401fc09b7f683b6ed53d08c0e63190,2026-09-14T13:54:58,22.04.20_NLDC_PSP|22-04-2020|attachment/pdf
https://webcdn.grid-india.in/files/grdw/uploads/download-manager-files/22.04.20_NLDC_PSP.pdf,2020-21/22.04.20_NLDC_PSP.pdf,200,1228457,0fbe58908d6f0460070bbf3ee6599e56631132b123123e3792aca1fba11648fe,2026-09-14T13:54:59,23.04.20_NLDC_PSP|23-04-2020|attachment/pdf
https://webcdn.grid-india.in/files/grdw/uploads/download-manager-files/23.04.20_NLDC_PSP.pdf,2020-21/23.04.20_NLDC_PSP.pdf,200,1225481,8703c24ca10a9abfbc97049756cfaa300f4c59addebc43ae73c294577d7d38cd,2026-09-14T13:55:00,24.04.20_NLDC_PSP|24-04-2020|attachment/pdf
https://webcdn.grid-india.in/files/grdw/2026/02/1587873785wpdm_upload_863.pdf,2020-21/1587873785wpdm_upload_863.pdf,200,1224348,a739601873e77fa10cce253a01062277a87775eea8f13fd70fb9b24ca57aac70,2026-09-14T13:55:00,25.04.20_NLDC_PSP|25-04-2020|application/pdf
https://webcdn.grid-india.in/files/grdw/2026/02/1587962993wpdm_upload_200.pdf,2020-21/1587962993wpdm_upload_200.pdf,200,1230541,8c5594128b3b8d163634ba21d207cdbff03f3780d55de175046f86056d1c3821,2026-09-14T13:55:01,26.04.20_NLDC_PSP|26-04-2020|application/pdf
https://webcdn.grid-india.in/files/grdw/uploads/download-manager-files/27.04.17_NLDC_PSP.pdf,2020-21/27.04.17_NLDC_PSP.pdf,200,426708,ccde7d1d2c364a92696e773dabf721263eb3601bca85c034d9d5fb4635990d6f,2026-09-14T13:55:01,27.04.2017_NLDC_PSP|27-04-2020|attachment/pdf
https://webcdn.grid-india.in/files/grdw/2026/02/1588049518wpdm_upload_276.pdf,2020-21/1588049518wpdm_upload_276.pdf,200,1230541,8c5594128b3b8d163634ba21d207cdbff03f3780d55de175046f86056d1c3821,2026-09-14T13:55:02,27.04.20_NLDC_PSP|27-04-2020|application/pdf
https://webcdn.grid-india.in/files/grdw/2026/02/28.04.20_NLDC_PSP_923.pdf,2020-21/28.04.20_NLDC_PSP_923.pdf,200,1155728,35aa2bdffe7da98c2e4fc3d13dac494a7a8d3e715af8144dee990c6f2643747d,2026-09-14T13:55:03,28.04.20_NLDC_PSP|28-04-2020|application/pdf
https://webcdn.grid-india.in/files/grdw/uploads/download-manager-files/28.04.20_NLDC_PSP.pdf,2020-21/28.04.20_NLDC_PSP.pdf,200,1155728,35aa2bdffe7da98c2e4fc3d13dac494a7a8d3e715af8144dee990c6f2643747d,2026-09-14T13:55:03,29.04.20_NLDC_PSP|29-04-2020|attachment/pdf
https://webcdn.grid-india.in/files/grdw/uploads/download-manager-files/29.04.20_NLDC_PSP.pdf,2020-21/29.04.20_NLDC_PSP.pdf,200,1125518,b2bd809d6097995936db2fa88d7e62bdb16b3bb33afba7cd6347340da3f4c661,2026-09-14T13:55:04,30.04.20_NLDC_PSP|30-04-2020|attachment/pdf
https://webcdn.grid-india.in/files/grdw/uploads/download-manager-files/30.04.20_NLDC_PSP.pdf,2020-21/30.04.20_NLDC_PSP.pdf,200,1230673,c9c0774ddb1883d80d928ee637952b812164be83804378c018e64700b35f1662,2026-09-14T13:55:05,01.05.20_NLDC_PSP|01-05-2020|attachment/pdf
https://webcdn.grid-india.in/files/grdw/uploads/download-manager-files/02.05.20_NLDC_PSP.pdf,2020-21/02.05.20_NLDC_PSP.pdf,200,1230203,348444a437adc5cd913fc712dc11eabbecf6b24580893de00fd28772ac427fbf,2026-09-14T13:55:05,02.05.20_NLDC_PSP|02-05-2020|attachment/pdf
https://webcdn.grid-india.in/files/grdw/uploads/download-manager-files/03.05.20_NLDC_PSP.pdf,2020-21/03.05.20_NLDC_PSP.pdf,200,1228818,639dbef4217f7014716323d7d3c33fe5e33cbebbb3805be724550fa406e310ec,2026-09-14T13:55:06,03.05.20_NLDC_PSP|03-05-2020|attachment/pdf
https://webcdn.grid-india.in/files/grdw/2026/02/1588566796wpdm_upload_433.pdf,2020-21/1588566796wpdm_upload_433.pdf,200,1224958,1457794cd190a3c6a45f20a32ed90adb23c1139ca03e0ea3c986cbd0c3ba27b0,2026-09-14T13:55:06,04.05.20_NLDC_PSP|04-05-2020|application/pdf
https://webcdn.grid-india.in/files/grdw/2026/02/1588652669wpdm_upload_899.pdf,2020-21/1588652669wpdm_upload_899.pdf,200,1230573,3edc539ba91bd474bbb48a94beaa1f5c2a39b8da22c0eb2566d620b9206b1819,2026-09-14T13:55:07,05.05.20_NLDC_PSP|05-05-2020|application/pdf
https://webcdn.grid-india.in/files/grdw/uploads/download-manager-files/05.05.20_NLDC_PSP.pdf,2020-21/05.05.20_NLDC_PSP.pdf,200,1502421,28aafb7e3980105337a6d8454852d9600a4a96536a1140b50d7fec055d053eea,2026-09-14T13:55:08,06.05.20_NLDC_PSP|06-05-2020|attachment/pdf
https://webcdn.grid-india.in/files/grdw/uploads/download-manager-files/06.05.20_NLDC_PSP.pdf,2020-21/06.05.20_NLDC_PSP.pdf,200,1155749,d08849b1e4e3088147df6b719f8b8f800955bb865897fe3fc75cda1d4327df4e,2026-09-14T13:55:09,07.05.20_NLDC_PSP|07-05-2020|attachment/pdf
https://webcdn.grid-india.in/files/grdw/uploads/download-manager-files/07.05.20_NLDC_PSP.pdf,2020-21/07.05.20_NLDC_PSP.pdf,200,1227566,978a3ffa007e1ec0d258dc8344478921e616525631521f2711f32b6412b0ee1b,2026-09-14T13:55:09,08.05.20_NLDC_PSP|08-05-2020|attachment/pdf
https://webcdn.grid-india.in/files/grdw/uploads/download-manager-files/09.05.20_NLDC_PSP.pdf,2020-21/09.05.20_NLDC_PSP.pdf,200,1230914,b3235220fa82a01196ce9fbf0dbb8141436dd4b92f9710bca25493200d5f2089,2026-09-14T13:55:10,09.05.20_NLDC_PSP|09-05-2020|attachment/pdf
https://webcdn.grid-india.in/files/grdw/uploads/download-manager-files/10.05.20_NLDC_PSP.pdf,2020-21/10.05.20_NLDC_PSP.pdf,200,1230218,35904bbfc9ec63fbfa4145111602d449ef7227a74e03c588ca0f487b4978e439,2026-09-14T13:55:11,10.05.20_NLDC_PSP|10-05-2020|attachment/pdf
https://webcdn.grid-india.in/files/grdw/uploads/download-manager-files/11.05.20_NLDC_PSP.pdf,2020-21/11.05.20_NLDC_PSP.pdf,200,1224379,f3a3641adf0323c0041272f79d6e00cc29fde6396a2f10ead693b8be4c6ba5f6,2026-09-14T13:55:11,11.05.20_NLDC_PSP|11-05-2020|attachment/pdf
https://webcdn.grid-india.in/files/grdw/uploads/download-manager-files/12.05.20_NLDC_PSP.pdf,2020-21/12.05.20_NLDC_PSP.pdf,200,1224590,1349e9ea9df7a396259eea83cd92cc2bb8b12f006f5469ee03556c7867b61cc4,2026-09-14T13:55:12,12.05.20_NLDC_PSP|12-05-2020|attachment/pdf
https://webcdn.grid-india.in/files/grdw/2026/02/1589428945wpdm_UPLOAD_887.pdf,2020-21/1589428945wpdm_UPLOAD_887.pdf,200,1232347,57a1b78af38daaa659380c0bb64209c8e79debd11c6266a3d097696c63265434,2026-09-14T13:55:13,14.05.20_NLDC_PSP|14-05-2020|application/pdf
https://webcdn.grid-india.in/files/grdw/uploads/download-manager-files/14.05.20_NLDC_PSP.pdf,2020-21/14.05.20_NLDC_PSP.pdf,200,1231718,fa2aed46da551972cf8086f51a1b8f0732b9ba47bd5e75140740a14e745d7ca8,2026-09-14T13:55:13,15.05.20_NLDC_PSP|15-05-2020|attachment/pdf
https://webcdn.grid-india.in/files/grdw/uploads/download-manager-files/15.05.20_NLDC_PSP_H&E.pdf,2020-21/15.05.20_NLDC_PSP_H&E.pdf,200,1504305,77560a84e08c44c9322ecd4c15c67104f56186c8052f953a3b58ad075a5ebc58,2026-09-14T13:55:14,16.05.20_NLDC_PSP|16-05-2020|attachment/pdf
https://webcdn.grid-india.in/files/grdw/uploads/download-manager-files/16.05.20_NLDC_PSP.pdf,2020-21/16.05.20_NLDC_PSP.pdf,200,1231953,a946873730f276125e1269cf82b7414b0f094e6a72e0dba3838474d379bbebc9,2026-09-14T13:55:15,17.05.20_NLDC_PSP|17-05-2020|attachment/pdf
https://webcdn.grid-india.in/files/grdw/uploads/download-manager-files/18.05.20_NLDC_PSP.pdf,2020-21/18.05.20_NLDC_PSP.pdf,200,1231564,c3b3bb9f626d2e36c606119e75402eafde880f8fb4923a5c10bd0d16896f55af,2026-09-14T13:55:15,18.05.20_NLDC_PSP|18-05-2020|attachment/pdf
https://webcdn.grid-india.in/files/grdw/uploads/download-manager-files/19.05.20_NLDC_PSP.pdf,2020-21/19.05.20_NLDC_PSP.pdf,200,1232108,f0658516423176b226b3df8a05a4235044e10a30310c58eedb3e95aa97f7ee0c,2026-09-14T13:55:16,19.05.20_NLDC_PSP|19-05-2020|attachment/pdf
https://webcdn.grid-india.in/files/grdw/uploads/download-manager-files/20.05.20_NLDC_PSP.pdf,2020-21/20.05.20_NLDC_PSP.pdf,200,1232980,13bc33368244e4422aaa3f084247721be2b1409e7b7b0ad944744b3b404a63df,2026-09-14T13:55:16,20.05.20_NLDC_PSP|20-05-2020|attachment/pdf
https://webcdn.grid-india.in/files/grdw/uploads/download-manager-files/21.05.2015_NLDC_PSP_1.pdf,2020-21/21.05.2015_NLDC_PSP_1.pdf,200,299888,ec5bfd514c53e1cfe4c3a9f9350c7bde753ed0253031684cc06cbd3221e60968,2026-09-14T13:55:16,21.05.2015_NLDC_PSP_1|21-05-2020|attachment/pdf
https://webcdn.grid-india.in/files/grdw/uploads/download-manager-files/21.05.20_NLDC_PSP_H&E.pdf,2020-21/21.05.20_NLDC_PSP_H&E.pdf,200,1223468,ec7a4f614d28bba45bdb8c702643b318a1eacce5b0fb99c9d5ea3852cba630ee,2026-09-14T13:55:17,21.05.20_NLDC_PSP|21-05-2020|attachment/pdf
https://webcdn.grid-india.in/files/grdw/2026/02/1590122487wpdm_UPLOAD_919.pdf,2020-21/1590122487wpdm_UPLOAD_919.pdf,200,1231076,85e334e600af1002da52c0b8ce71635b9a387668c2219e692c175fac91e489e7,2026-09-14T13:55:18,22.05.20_NLDC_PSP|22-05-2020|application/pdf
https://webcdn.grid-india.in/files/grdw/uploads/download-manager-files/22.05.20_NLDC_PSP.pdf,2020-21/22.05.20_NLDC_PSP.pdf,200,1154557,42a85b9f7f2696c7de926af9d72a8271e86249e20e0fd2f19b1ef91b37926608,2026-09-14T13:55:19,23.05.20_NLDC_PSP|23-05-2020|attachment/pdf
https://webcdn.grid-india.in/files/grdw/uploads/download-manager-files/23.05.20_NLDC_PSP.pdf,2020-21/23.05.20_NLDC_PSP.pdf,200,1231621,c8967a25f494f7de83c80ef84c8d90b02bc35372868b154237148367a58c5bcb,2026-09-14T13:55:19,24.05.20_NLDC_PSP|24-05-2020|attachment/pdf
https://webcdn.grid-india.in/files/grdw/uploads/download-manager-files/24.05.20_NLDC_PSP.pdf,2020-21/24.05.20_NLDC_PSP.pdf,200,1156339,7bc9a57350d284a80e0339a016d289eb82e7401e543db0ffedce68ead31e31d7,2026-09-14T13:55:20,25.05.20_NLDC_PSP|25-05-2020|attachment/pdf
https://webcdn.grid-india.in/files/grdw/uploads/download-manager-files/26.05.20_NLDC_PSP.pdf,2020-21/26.05.20_NLDC_PSP.pdf,200,1154584,090b99126041a1b1300dc007438b949b37f61e53b9edd7b8a48b71f27831d8d6,2026-09-14T13:55:20,26.05.20_NLDC_PSP|26-05-2020|attachment/pdf
https://webcdn.grid-india.in/files/grdw/uploads/download-manager-files/27.05.20_NLDC_PSP.pdf,2020-21/27.05.20_NLDC_PSP.pdf,200,1165931,c502f6746f51dd91d3dbd330dc8134ceffaa0c63cc7ffbf2947096f03babd8a4,2026-09-14T13:55:21,28.05.20_NLDC_PSP|28-05-2020|attachment/pdf
https://webcdn.grid-india.in/files/grdw/uploads/download-manager-files/29.05.20_NLDC_PSP.pdf,2020-21/29.05.20_NLDC_PSP.pdf,200,1505410,874aac7a1618cb66c96f3e06d1b352cc5cb0a23d3b4b4277679b6ef83bbe97ab,2026-09-14T13:55:22,29.05.20_NLDC_PSP|29-05-2020|attachment/pdf
https://webcdn.grid-india.in/files/grdw/uploads/download-manager-files/30.05.20_NLDC_PSP.pdf,2020-21/30.05.20_NLDC_PSP.pdf,200,1231655,9b082f7c2d5cdecc6e24d369a89992ba20b800427579561b7deef6e52b31bed3,2026-09-14T13:55:22,31.05.20_NLDC_PSP|31-05-2020|attachment/pdf
https://webcdn.grid-india.in/files/grdw/uploads/download-manager-files/31.05.20_NLDC_PSP.pdf,2020-21/31.05.20_NLDC_PSP.pdf,200,1158073,4c3d5a3afc32f558f39eca9eb62cfb2e0a643d2d84129be018915eeb81956577,2026-09-14T13:55:23,01.06.20_NLDC_PSP|01-06-2020|attachment/pdf
https://webcdn.grid-india.in/files/grdw/uploads/download-manager-files/01.06.20_NLDC_PSP.pdf,2020-21/01.06.20_NLDC_PSP.pdf,200,1256338,99ecc6f98e96956715716d8787828d2a24f009e1fd99ae717daecbfc334436b9,2026-09-14T13:55:24,02.06.20_NLDC_PSP|02-06-2020|attachment/pdf
https://webcdn.grid-india.in/files/grdw/uploads/download-manager-files/02.06.20_NLDC_PSP.pdf,2020-21/02.06.20_NLDC_PSP.pdf,200,1154408,3ee3fe8169c2a0ad0c6e03f5b57e2db60f0ca74f97516de6e0c683fee805a979,2026-09-14T13:55:25,03.06.20_NLDC_PSP|03-06-2020|attachment/pdf
https://webcdn.grid-india.in/files/grdw/uploads/download-manager-files/03.06.20_NLDC_PSP.pdf,2020-21/03.06.20_NLDC_PSP.pdf,200,1231509,5b076e44eceab8eb2d4c92a6dad6ca0578de9cbaaa60caa3ba77ecd4a6216c78,2026-09-14T13:55:25,04.06.20_NLDC_PSP|04-06-2020|attachment/pdf
https://webcdn.grid-india.in/files/grdw/uploads/download-manager-files/04.06.20_NLDC_PSP.pdf,2020-21/04.06.20_NLDC_PSP.pdf,200,1231037,7b5f70bee9129d3b09034cb19243dd246a5d2795c362767eaa38671e644c76d9,2026-09-14T13:55:26,05.06.20_NLDC_PSP|05-06-2020|attachment/pdf
https://webcdn.grid-india.in/files/grdw/2026/02/05.06.20_NLDC_PSP_393.pdf,2020-21/05.06.20_NLDC_PSP_393.pdf,200,1231037,7b5f70bee9129d3b09034cb19243dd246a5d2795c362767eaa38671e644c76d9,2026-09-14T13:55:26,06.06.20_NLDC_PSP|06-06-2020|application/pdf
https://webcdn.grid-india.in/files/grdw/2026/02/06.06.20_NLDC_PSP_652.pdf,2020-21/06.06.20_NLDC_PSP_652.pdf,200,1231491,42b5ee796a5136145b586fa07da22db9341e19fbfe79280983078aa61603ee80,2026-09-14T13:55:27,07.06.20_NLDC_PSP|07-06-2020|application/pdf
https://webcdn.grid-india.in/files/grdw/uploads/download-manager-files/07.06.20_NLDC_PSP.pdf,2020-21/07.06.20_NLDC_PSP.pdf,200,1230492,524377f9cec0b81d7c26b15adabdcc3d4f577fb75baed4a279d7845c6206ad1b,2026-09-14T13:55:28,08.06.20_NLDC_PSP|08-06-2020|attachment/pdf
https://webcdn.grid-india.in/files/grdw/uploads/download-manager-files/08.06.20_NLDC_PSP.pdf,2020-21/08.06.20_NLDC_PSP.pdf,200,1225671,6de1ed422ca5fa17a4c11dc6f3fb640581b22bf528afdbad98836931c063d4aa,2026-09-14T13:55:29,09.06.20_NLDC_PSP|09-06-2020|attachment/pdf
https://webcdn.grid-india.in/files/grdw/uploads/download-manager-files/10.06.20_NLDC_PSP.pdf,2020-21/10.06.20_NLDC_PSP.pdf,200,1227112,236ef4b0cd5a1062c0e0a1df08f656dd09ad8927f3912b9f15d9dac22613dd76,2026-09-14T13:55:29,10.06.20_NLDC_PSP|10-06-2020|attachment/pdf
https://webcdn.grid-india.in/files/grdw/2026/02/11.06.20_NLDC_PSP_734.pdf,2020-21/11.06.20_NLDC_PSP_734.pdf,200,1503703,3f0292a075758698bc1a00d2bb23c09628ef0742e89ceb1a34dfd25011384bf3,2026-09-14T13:55:30,12.06.20_NLDC_PSP|12-06-2020|application/pdf
https://webcdn.grid-india.in/files/grdw/2026/02/12.06.20_NLDC_PSP_264.pdf,2020-21/12.06.20_NLDC_PSP_264.pdf,200,1224468,abd0bcc10aba60f5feeeeac5f798a6d5d03dd6223dba8664339c8eec988a4b14,2026-09-14T13:55:31,13.06.20_NLDC_PSP|13-06-2020|application/pdf
https://webcdn.grid-india.in/files/grdw/2026/02/13.06.20_NLDC_PSP_128.pdf,2020-21/13.06.20_NLDC_PSP_128.pdf,200,1155496,f5a27c3a22e64504a40e97fff27415df4e458397363ccd0f3ea9cd6200b16b9f,2026-09-14T13:55:31,14.06.20_NLDC_PSP|14-06-2020|application/pdf
https://webcdn.grid-india.in/files/grdw/2026/02/14.06.20_NLDC_PSP_263.pdf,2020-21/14.06.20_NLDC_PSP_263.pdf,200,1316513,d27dc1312d41604e932b9eb3fae46ecc10189625cd8ebaf8b08561e90ae32702,2026-09-14T13:55:32,15.06.20_NLDC_PSP|15-06-2020|application/pdf
https://webcdn.grid-india.in/files/grdw/uploads/download-manager-files/15.06.20_NLDC_PSP.pdf,2020-21/15.06.20_NLDC_PSP.pdf,200,1233531,899a792ef9d5ee53b95846cae359079016a33e7f807cb02529475e7db0b5edab,2026-09-14T13:55:32,16.06.20_NLDC_PSP|16-06-2020|attachment/pdf
https://webcdn.grid-india.in/files/grdw/uploads/download-manager-files/16.06.20_NLDC_PSP_H&E.pdf,2020-21/16.06.20_NLDC_PSP_H&E.pdf,200,1225159,5ba4a14f2f59736c5325df29ba790912441c5a7f61c8ff843c013170e51e9892,2026-09-14T13:55:33,17.06.20_NLDC_PSP|17-06-2020|attachment/pdf
https://webcdn.grid-india.in/files/grdw/uploads/download-manager-files/18.06.20_NLDC_PSP.pdf,2020-21/18.06.20_NLDC_PSP.pdf,200,1150477,d35d1a3d5e7b98a6d1318a281b5975f17a8c35211e41b7a85bb352adbe044b16,2026-09-14T13:55:33,18.06.20_NLDC_PSP|18-06-2020|attachment/pdf
https://webcdn.grid-india.in/files/grdw/uploads/download-manager-files/19.06.20_NLDC_PSP.pdf,2020-21/19.06.20_NLDC_PSP.pdf,200,1505822,89721de00f98ebd56a954eab806d0a87a4911f619b27c515f1e730d31c6ba005,2026-09-14T13:55:34,19.06.20_NLDC_PSP|19-06-2020|attachment/pdf
https://webcdn.grid-india.in/files/grdw/2026/02/20.06.20_NLDC_PSP_934.pdf,2020-21/20.06.20_NLDC_PSP_934.pdf,200,1227061,4622db487db010effff4bae56471b64aa0357aca9937c5c9f662b55b02570543,2026-09-14T13:55:35,20.06.20_NLDC_PSP|20-06-2020|application/pdf
https://webcdn.grid-india.in/files/grdw/2026/02/21.06.20_NLDC_PSP_189.pdf,2020-21/21.06.20_NLDC_PSP_189.pdf,200,1223625,200d341715c5ca7e1d0a0983a6adacc109e51efb09503be60005dbaeaba961cf,2026-09-14T13:55:36,21.06.20_NLDC_PSP|21-06-2020|application/pdf
https://webcdn.grid-india.in/files/grdw/uploads/download-manager-files/22.06.20_NLDC_PSP.pdf,2020-21/22.06.20_NLDC_PSP.pdf,200,1314453,0270c6a41dd940d3f726ba8cb45fd9f77253147db51c12c9b2403bc307c5e5d5,2026-09-14T13:55:36,22.06.20_NLDC_PSP|22-06-2020|attachment/pdf
https://webcdn.grid-india.in/files/grdw/uploads/download-manager-files/23.06.20_NLDC_PSP.pdf,2020-21/23.06.20_NLDC_PSP.pdf,200,1313029,fff7824f2ff91b45b1ed7480a9468cbe18707fa64f6c2e0d9547a91a8c8929cc,2026-09-14T13:55:37,23.06.20_NLDC_PSP|23-06-2020|attachment/pdf
https://webcdn.grid-india.in/files/grdw/uploads/download-manager-files/24.06.20_NLDC_PSP.pdf,2020-21/24.06.20_NLDC_PSP.pdf,200,1231169,9617c080fde4490a9fb1148f1d9733b2403fcbe892b6c2d1bea627b733a6a812,2026-09-14T13:55:38,25.06.20_NLDC_PSP|25-06-2020|attachment/pdf
https://webcdn.grid-india.in/files/grdw/uploads/download-manager-files/25.06.20_NLDC_PSP.pdf,2020-21/25.06.20_NLDC_PSP.pdf,200,1504742,e436aac1100ecf15edd5e8ee91b5bb816dcf421d899a206c039519ba56fcb45a,2026-09-14T13:55:39,26.06.20_NLDC_PSP.pdf|26-06-2020|attachment/pdf
https://webcdn.grid-india.in/files/grdw/uploads/download-manager-files/26.06.20_NLDC_PSP.pdf,2020-21/26.06.20_NLDC_PSP.pdf,200,1223795,fd4b0139e5aa8f4eb935d1e53e925ae9f2058b6007cc89924f0ae4ccb1baf3ea,2026-09-14T13:55:39,27.06.20_NLDC_PSP.pdf|27-06-2020|attachment/pdf
https://webcdn.grid-india.in/files/grdw/uploads/download-manager-files/27.06.20_NLDC_PSP.pdf,2020-21/27.06.20_NLDC_PSP.pdf,200,1231306,61cdcf349dbcdc0273dd5e132650839a075106af7782c5770243034bfe267e59,2026-09-14T13:55:40,28.06.20_NLDC_PSP|28-06-2020|attachment/pdf
https://webcdn.grid-india.in/files/grdw/uploads/download-manager-files/28.06.20_NLDC_PSP.pdf,2020-21/28.06.20_NLDC_PSP.pdf,200,1157242,d4ec00551dc12cdb45a69cefdfc88a284f8af232bfb05941c02786c8243e764c,2026-09-14T13:55:40,29.06.20_NLDC_PSP|29-06-2020|attachment/pdf
https://webcdn.grid-india.in/files/grdw/2026/02/29.06.20_NLDC_PSP_258.pdf,2020-21/29.06.20_NLDC_PSP_258.pdf,200,1157242,d4ec00551dc12cdb45a69cefdfc88a284f8af232bfb05941c02786c8243e764c,2026-09-14T13:55:41,30.06.20_NLDC_PSP|30-06-2020|application/pdf
https://webcdn.grid-india.in/files/grdw/2026/02/1593579987wpdm_upload_405.pdf,2020-21/1593579987wpdm_upload_405.pdf,200,1158081,7796aa13d8a12cbfde5625df7a42ebb54c6423faf580c5dfaa76ee07d0a347a0,2026-09-14T13:55:42,01.07.20_NLDC_PSP|01-07-2020|application/pdf
https://webcdn.grid-india.in/files/grdw/uploads/download-manager-files/01.07.20_NLDC_PSP_H&E.pdf,2020-21/01.07.20_NLDC_PSP_H&E.pdf,200,1322214,5db2e213e581c47420568ea619d9f3bed3bfa73bad8739a9ca8fc8ad37813f50,2026-09-14T13:55:43,02.07.20_NLDC_PSP|02-07-2020|attachment/pdf
https://webcdn.grid-india.in/files/grdw/uploads/download-manager-files/02.07.20_NLDC_PSP.pdf,2020-21/02.07.20_NLDC_PSP.pdf,200,1500745,ebe9db1740bbd28040c8db8a81579829e1933f85ead3f032fc012f5be75b0e83,2026-09-14T13:55:43,03.07.20_NLDC_PSP|03-07-2020|attachment/pdf
https://webcdn.grid-india.in/files/grdw/uploads/download-manager-files/04.07.20_NLDC_PSP.pdf,2020-21/04.07.20_NLDC_PSP.pdf,200,1226336,0d5004f25cc28e799e832ac5687b95c240a53aa9c66f12079bdded546162d2e2,2026-09-14T13:55:44,04.07.20_NLDC_PSP|04-07-2020|attachment/pdf
https://webcdn.grid-india.in/files/grdw/uploads/download-manager-files/05.07.20_NLDC_PSP.pdf,2020-21/05.07.20_NLDC_PSP.pdf,200,1225760,2f72a9541072e144076e78d163ee31097d29f0aa314b7e83126e98c6ce064d97,2026-09-14T13:55:45,05.07.20_NLDC_PSP|05-07-2020|attachment/pdf
https://webcdn.grid-india.in/files/grdw/2026/02/06.07.20_NLDC_PSP_629.pdf,2020-21/06.07.20_NLDC_PSP_629.pdf,200,1155129,d8435ca2edd25f0fe1bb67f532d940ecb99bcf3f540f5400f3a80e8101eb6980,2026-09-14T13:55:45,06.07.20_NLDC_PSP|06-07-2020|application/pdf
https://webcdn.grid-india.in/files/grdw/uploads/download-manager-files/07.07.20_NLDC_PSP.pdf,2020-21/07.07.20_NLDC_PSP.pdf,200,1155129,d8435ca2edd25f0fe1bb67f532d940ecb99bcf3f540f5400f3a80e8101eb6980,2026-09-14T13:55:46,07.07.20_NLDC_PSP|07-07-2020|attachment/pdf
https://webcdn.grid-india.in/files/grdw/uploads/download-manager-files/08.07.20_NLDC_PSP.pdf,2020-21/08.07.20_NLDC_PSP.pdf,200,1320191,4f6dbe1c4abb062dfe61fbc62fa82e04cdcc45de7f908f8fe0cd3a2c54c61ac0,2026-09-14T13:55:46,08.07.20_NLDC_PSP|08-07-2020|attachment/pdf
https://webcdn.grid-india.in/files/grdw/uploads/download-manager-files/09.07.20_NLDC_PSP_H&E.pdf,2020-21/09.07.20_NLDC_PSP_H&E.pdf,200,1227963,2007ebbbb0643f30fbcf5a364269bbadacbf517103aa727bf71ef043a2b5d947,2026-09-14T13:55:47,10.07.20_NLDC_PSP|10-07-2020|attachment/pdf
https://webcdn.grid-india.in/files/grdw/uploads/download-manager-files/10.07.20_NLDC_PSP_HE.pdf,2020-21/10.07.20_NLDC_PSP_HE.pdf,200,1322425,7df35042c542552dafcf8f937345f1bdf046df9c6bdc4e64511c901b28f2cb7d,2026-09-14T13:55:48,11.07.20_NLDC_PSP|11-07-2020|attachment/pdf
https://webcdn.grid-india.in/files/grdw/uploads/download-manager-files/12.07.20_NLDC_PSP.pdf,2020-21/12.07.20_NLDC_PSP.pdf,200,984178,9f792377feafdf9681a7f7adb16da170a064264fa2e12a237b1b920719f62b4a,2026-09-14T13:55:49,12.07.20_NLDC_PSP|12-07-2020|attachment/pdf
https://webcdn.grid-india.in/files/grdw/uploads/download-manager-files/13.07.20_NLDC_PSP.pdf,2020-21/13.07.20_NLDC_PSP.pdf,200,1502938,5d2d4cce6dbb535bd685b99653d9796c2ab45f6f1f97aa4cf3c50a87d9603f4e,2026-09-14T13:55:49,13.07.20_NLDC_PSP|13-07-2020|attachment/pdf
https://webcdn.grid-india.in/files/grdw/2026/02/14.07.20_NLDC_PSP_781.pdf,2020-21/14.07.20_NLDC_PSP_781.pdf,200,1226610,428f27d58deeae1d22cbe0ce1de02f505e1b8ae4b72f983d2a2041460cf7edba,2026-09-14T13:55:50,14.07.20_NLDC_PSP|14-07-2020|application/pdf
https://webcdn.grid-india.in/files/grdw/2026/02/1594873379wpdm_upload_356.pdf,2020-21/1594873379wpdm_upload_356.pdf,200,1232074,c8e9029d371f99454bebf3137ec06ad9458a155c3a1343f44bbff4f8863d814d,2026-09-14T13:55:50,15.07.20_NLDC_PSP|15-07-2020|application/pdf
https://webcdn.grid-india.in/files/grdw/2026/02/1594958926wpdm_upload_984.pdf,2020-21/1594958926wpdm_upload_984.pdf,200,1156078,c0529b9e4b2664d6e017c8f99bd6e3c092b0904689b639dba1be5857b039dc5e,2026-09-14T13:55:51,16.07.20_NLDC_PSP|16-07-2020|application/pdf
https://webcdn.grid-india.in/files/grdw/2026/02/17.07.20_NLDC_PSP_711.pdf,2020-21/17.07.20_NLDC_PSP_711.pdf,200,1230116,3e05d56d9a267afbd280f3b55edaf931f9a6932cc7c522dfeab3ed576422f95f,2026-09-14T13:55:51,17.07.20_NLDC_PSP|17-07-2020|application/pdf
https://webcdn.grid-india.in/files/grdw/uploads/download-manager-files/17.07.20_NLDC_PSP.pdf,2020-21/17.07.20_NLDC_PSP.pdf,200,1230116,3e05d56d9a267afbd280f3b55edaf931f9a6932cc7c522dfeab3ed576422f95f,2026-09-14T13:55:52,18.07.20_NLDC_PSP|18-07-2020|attachment/pdf
https://webcdn.grid-india.in/files/grdw/uploads/download-manager-files/18.07.20_NLDC_PSP.pdf,2020-21/18.07.20_NLDC_PSP.pdf,200,1226839,7048657bec90c9c74b00892f670fe8c0e233d108db0b301613937fc4654dd0b3,2026-09-14T13:55:52,19.07.20_NLDC_PSP|19-07-2020|attachment/pdf
https://webcdn.grid-india.in/files/grdw/uploads/download-manager-files/19.07.20_NLDC_PSP.pdf,2020-21/19.07.20_NLDC_PSP.pdf,200,495879,6b30823337bec63b3819310d6e05b54ca3f731b593de8fd560ddfbaecd6281a0,2026-09-14T13:55:53,20.07.20_NLDC_PSP.pdf|20-07-2020|attachment/pdf
https://webcdn.grid-india.in/files/grdw/uploads/download-manager-files/20.07.20_NLDC_PSP.pdf,2020-21/20.07.20_NLDC_PSP.pdf,200,1500642,08d99ff9567987185736dd2392fa4edfb8aa0bc877ce3fca3a5457b40df6baf7,2026-09-14T13:55:54,21.07.20_NLDC_PSP|21-07-2020|attachment/pdf
https://webcdn.grid-india.in/files/grdw/2026/02/21.07.20_NLDC_PSP_360.pdf,2020-21/21.07.20_NLDC_PSP_360.pdf,200,1500642,08d99ff9567987185736dd2392fa4edfb8aa0bc877ce3fca3a5457b40df6baf7,2026-09-14T13:55:54,22.07.20_NLDC_PSP|22-07-2020|application/pdf
https://webcdn.grid-india.in/files/grdw/uploads/download-manager-files/22.07.20_NLDC_PSP.pdf,2020-21/22.07.20_NLDC_PSP.pdf,200,1206815,9647113fc5557be9cb082318617a0c78ba25531eb226f83700e85448f4fbb491,2026-09-14T13:55:55,23.07.20_NLDC_PSP|23-07-2020|attachment/pdf
https://webcdn.grid-india.in/files/grdw/2026/02/23.07.20_NLDC_PSP_230.pdf,2020-21/23.07.20_NLDC_PSP_230.pdf,200,1206815,9647113fc5557be9cb082318617a0c78ba25531eb226f83700e85448f4fbb491,2026-09-14T13:55:56,24.07.20_NLDC_PSP|24-07-2020|application/pdf
https://webcdn.grid-india.in/files/grdw/2026/02/24.07.20_NLDC_PSP_327.pdf,2020-21/24.07.20_NLDC_PSP_327.pdf,200,1282126,1610ba76d63695e5440044bf20790812c433660ddfb51f0a2db08fa1378f9e84,2026-09-14T13:55:56,25.07.20_NLDC_PSP|25-07-2020|application/pdf
https://webcdn.grid-india.in/files/grdw/uploads/download-manager-files/25.07.20_NLDC_PSP.pdf,2020-21/25.07.20_NLDC_PSP.pdf,200,1225338,2cf2b3f39be6f1c15a23d4a6fe715207f118abd235591a21c0e1b6335325da05,2026-09-14T13:55:57,26.07.20_NLDC_PSP|26-07-2020|attachment/pdf
https://webcdn.grid-india.in/files/grdw/uploads/download-manager-files/26.07.20_NLDC_PSP.pdf,2020-21/26.07.20_NLDC_PSP.pdf,200,1225118,a76cb3ef1981b2b35d17d2a6993030736efdcf42b5fecd8d93a683d7e9c006a0,2026-09-14T13:55:57,27.07.20_NLDC_PSP|27-07-2020|attachment/pdf
https://webcdn.grid-india.in/files/grdw/uploads/download-manager-files/28.07.20_NLDC_PSP.pdf,2020-21/28.07.20_NLDC_PSP.pdf,200,1223203,e2af245158aa9bb6ec4ac2e011ed8cf5160644e3a140dfd15117714de402575a,2026-09-14T13:55:58,28.07.20_NLDC_PSP|28-07-2020|attachment/pdf
https://webcdn.grid-india.in/files/grdw/uploads/download-manager-files/29.07.20_NLDC_PSP.pdf,2020-21/29.07.20_NLDC_PSP.pdf,200,1225426,0832c3ebe04dc3f9b6290d4a0b6b3d74ee567f6eb07c62b62135dc48fb66b97a,2026-09-14T13:55:58,29.07.20_NLDC_PSP|29-07-2020|attachment/pdf
https://webcdn.grid-india.in/files/grdw/2026/02/30.07.20_NLDC_PSP_920.pdf,2020-21/30.07.20_NLDC_PSP_920.pdf,200,1225372,94555adfe97c1f3d5c0f9452cde4316c13c0919511edb87ab5fa75e9459498b9,2026-09-14T13:55:59,30.07.20_NLDC_PSP|30-07-2020|application/pdf
https://webcdn.grid-india.in/files/grdw/2026/02/31.07.20_NLDC_PSP_190.pdf,2020-21/31.07.20_NLDC_PSP_190.pdf,200,1325273,f1cef4d832546360922df791ef8f917601f08095492442dab16933694fc44731,2026-09-14T13:56:00,31.07.20_NLDC_PSP|31-07-2020|application/pdf
https://webcdn.grid-india.in/files/grdw/2026/02/31.07.20_NLDC_PSP_H&E_148.pdf,2020-21/31.07.20_NLDC_PSP_H&E_148.pdf,200,1325273,f1cef4d832546360922df791ef8f917601f08095492442dab16933694fc44731,2026-09-14T13:56:01,01.08.20_NLDC_PSP|01-08-2020|application/pdf
https://webcdn.grid-india.in/files/grdw/2026/02/01.08.20_NLDC_PSP_539.pdf,2020-21/01.08.20_NLDC_PSP_539.pdf,200,1323792,bd4d93ef3bdec1edbbd128bdc87f7a93dd6090a3a628c28b6d2203fdd56bc156,2026-09-14T13:56:01,02.08.20_NLDC_PSP|02-08-2020|application/pdf
https://webcdn.grid-india.in/files/grdw/uploads/download-manager-files/02.08.20_NLDC_PSP_H&E%20.pdf,2020-21/02.08.20_NLDC_PSP_H&E .pdf,200,1503888,d8d265b8613a3e4a45bd608698c19775cf554f6b9a2717e8601634bdea508462,2026-09-14T13:56:02,03.08.20_NLDC_PSP|03-08-2020|attachment/pdf
https://webcdn.grid-india.in/files/grdw/uploads/download-manager-files/03.08.20_NLDC_PSP.pdf,2020-21/03.08.20_NLDC_PSP.pdf,200,1506161,6afac35a71264eef7829a3fb7c418bb13b7b1c9eb9fbb284fe457e5b842cc7a2,2026-09-14T13:56:04,04.08.20_NLDC_PSP|04-08-2020|attachment/pdf
https://webcdn.grid-india.in/files/grdw/uploads/download-manager-files/05.08.20_NLDC_PSP.pdf,2020-21/05.08.20_NLDC_PSP.pdf,200,1505166,c8a734cdfe9b97222caef29179395ed1dfbe0d63495b3f756dcc13d00a67bcb7,2026-09-14T13:56:04,05.08.20_NLDC_PSP|05-08-2020|attachment/pdf
https://webcdn.grid-india.in/files/grdw/uploads/download-manager-files/06.08.20_NLDC_PSP.pdf,2020-21/06.08.20_NLDC_PSP.pdf,200,1505459,580c801c057374d8f7939910bec926246de62f3cebbf05e330daab0962246909,2026-09-14T13:56:05,06.08.20_NLDC_PSP|06-08-2020|attachment/pdf
https://webcdn.grid-india.in/files/grdw/uploads/download-manager-files/08.08.17_NLDC_PSP.pdf,2020-21/08.08.17_NLDC_PSP.pdf,200,479615,17127aed3062c90c62254f4d3e291ffe3076ea8d20c17f29fce40e0e9700da06,2026-09-14T13:56:06,08.08.2017_NLDC_PSP|08-08-2020|attachment/pdf
https://webcdn.grid-india.in/files/grdw/uploads/download-manager-files/07.08.20_NLDC_PSP.pdf,2020-21/07.08.20_NLDC_PSP.pdf,200,1242046,b191af20edc5e2d3b99914b421b842ca72d02a141e0d361400d8ab30af675b44,2026-09-14T13:56:06,08.08.20_NLDC_PSP|08-08-2020|attachment/pdf
https://webcdn.grid-india.in/files/grdw/2026/02/08.08.20_NLDC_PSP_622.pdf,2020-21/08.08.20_NLDC_PSP_622.pdf,200,1242046,b191af20edc5e2d3b99914b421b842ca72d02a141e0d361400d8ab30af675b44,2026-09-14T13:56:07,09.08.20_NLDC_PSP|09-08-2020|application/pdf
https://webcdn.grid-india.in/files/grdw/2026/02/09.08.20_NLDC_PSP_730.pdf,2020-21/09.08.20_NLDC_PSP_730.pdf,200,1228967,ab53c72cb14efbe7fb6203efdff891e2bd4b29e95ad1558e8ae0fd64a8f9536b,2026-09-14T13:56:07,10.08.20_NLDC_PSP|10-08-2020|application/pdf
https://webcdn.grid-india.in/files/grdw/2026/02/10.08.20_NLDC_PSP_600.pdf,2020-21/10.08.20_NLDC_PSP_600.pdf,200,1228127,2e7fb0115189052f46b4f982287474e2858724367a2db79f479e1543b83ebf1f,2026-09-14T13:56:08,11.08.20_NLDC_PSP|11-08-2020|application/pdf
https://webcdn.grid-india.in/files/grdw/uploads/download-manager-files/11.08.20_NLDC_PSP.pdf,2020-21/11.08.20_NLDC_PSP.pdf,200,1227620,7f3dee0016a7e95193a8d7d86250952b80e259340f9f35f7f9cd856200aab09f,2026-09-14T13:56:09,12.08.20_NLDC_PSP|12-08-2020|attachment/pdf
https://webcdn.grid-india.in/files/grdw/uploads/download-manager-files/12.08.20_NLDC_PSP.pdf,2020-21/12.08.20_NLDC_PSP.pdf,200,1504671,4080d6245e15c24ff5cc849254449968b308a4e5d2d8c3efb840190983806d21,2026-09-14T13:56:09,13.08.20_NLDC_PSP|13-08-2020|attachment/pdf
https://webcdn.grid-india.in/files/grdw/uploads/download-manager-files/13.08.20_NLDC_PSP.pdf,2020-21/13.08.20_NLDC_PSP.pdf,200,1325833,cc705b957221df29b237ab0e063125c2967ed8e31c183edad57731986cb41eb3,2026-09-14T13:56:10,14.08.20_NLDC_PSP.pdf|14-08-2020|attachment/pdf
https://webcdn.grid-india.in/files/grdw/uploads/download-manager-files/15.08.2014_NLDC_PSP.pdf,2020-21/15.08.2014_NLDC_PSP.pdf,200,82619,2f64b766fe25a98a0770fd4fa50394d38a565922399f7d8d35179c63319a3240,2026-09-14T13:56:10,15.08.2014_NLDC_PSP|15-08-2020|attachment/pdf
https://webcdn.grid-india.in/files/grdw/2026/02/15.08.2014_NLDC_PSP_690.pdf,2020-21/15.08.2014_NLDC_PSP_690.pdf,200,82619,2f64b766fe25a98a0770fd4fa50394d38a565922399f7d8d35179c63319a3240,2026-09-14T13:56:11,16.08.20_NLDC_PSP|16-08-2020|application/pdf
https://webcdn.grid-india.in/files/grdw/2026/02/17.08.20_NLDC_PSP_277.pdf,2020-21/17.08.20_NLDC_PSP_277.pdf,200,1229085,316bf9c8600d0d6bb8fe73611b3b2d22c8ca6bf7f41068732680a8dbc16dab78,2026-09-14T13:56:12,17.08.20_NLDC_PSP|17-08-2020|application/pdf
https://webcdn.grid-india.in/files/grdw/uploads/download-manager-files/18.08.2014_NLDC_PSP.pdf,2020-21/18.08.2014_NLDC_PSP.pdf,200,82278,a740d17bc56d0e7e8fadffb4ccc67aa7768e385e4b587a7a85d85f9a8c110557,2026-09-14T13:56:12,18.08.2014_NLDC_PSP|18-08-2020|attachment/pdf
https://webcdn.grid-india.in/files/grdw/uploads/download-manager-files/19.08.20_NLDC_PSP.pdf,2020-21/19.08.20_NLDC_PSP.pdf,200,1227578,ea54e25087980704cf3506b1c1172718007c820538e4105313813bb8b0b83ef9,2026-09-14T13:56:13,19.08.20_NLDC_PSP|19-08-2020|attachment/pdf
https://webcdn.grid-india.in/files/grdw/uploads/download-manager-files/20.08.20_NLDC_PSP.pdf,2020-21/20.08.20_NLDC_PSP.pdf,200,1228988,9449331d99b683114082d863c11eca54d1ddd8399571f02e4ecccabb693e6845,2026-09-14T13:56:14,20.08.20_NLDC_PSP|20-08-2020|attachment/pdf
https://webcdn.grid-india.in/files/grdw/uploads/download-manager-files/21.08.20_NLDC_PSP.pdf,2020-21/21.08.20_NLDC_PSP.pdf,200,1503285,b4a7e760ca7c5e1aef7122f3b9f1e91bfd6943145fce2896a28f74809d1186a7,2026-09-14T13:56:14,21.08.20_NLDC_PSP|21-08-2020|attachment/pdf
https://webcdn.grid-india.in/files/grdw/2026/02/22.08.20_NLDC_PSP_446.pdf,2020-21/22.08.20_NLDC_PSP_446.pdf,200,1226331,fc47bc8cd5b446ccd846cde640f5b01bb31b847ed0fb4cb8691b6275bd7411bb,2026-09-14T13:56:15,22.08.20_NLDC_PSP|22-08-2020|application/pdf
https://webcdn.grid-india.in/files/grdw/2026/02/23.08.20_NLDC_PSP_504.pdf,2020-21/23.08.20_NLDC_PSP_504.pdf,200,1224834,e99d06db53c88b5266234e61362e28c7224e7f2ee56e21e2c23b88f896c8a842,2026-09-14T13:56:16,23.08.20_NLDC_PSP|23-08-2020|application/pdf
https://webcdn.grid-india.in/files/grdw/uploads/download-manager-files/24.08.20_NLDC_PSP.pdf,2020-21/24.08.20_NLDC_PSP.pdf,200,1157548,c63dbe8d0fb7daed8315fbfea5c3aaebae7cdc236fc9b8cc690b2a874f608dfd,2026-09-14T13:56:16,24.08.20_NLDC_PSP|24-08-2020|attachment/pdf
https://webcdn.grid-india.in/files/grdw/uploads/download-manager-files/26.08.20_NLDC_PSP.pdf,2020-21/26.08.20_NLDC_PSP.pdf,200,1422685,df85cd31ceee6db71e608255da0161be96f0ee2d91151deed8f472589c70d0cb,2026-09-14T13:56:17,26.08.20_NLDC_PSP|26-08-2020|attachment/pdf
https://webcdn.grid-india.in/files/grdw/uploads/download-manager-files/27.08.20_NLDC_PSP.pdf,2020-21/27.08.20_NLDC_PSP.pdf,200,1228056,b9fdeab3bbc9f0678caee6083345211457e1ea894a575035cba37cf1eec84b19,2026-09-14T13:56:17,27.08.20_NLDC_PSP|27-08-2020|attachment/pdf
https://webcdn.grid-india.in/files/grdw/uploads/download-manager-files/27.08.20_NLDC_PSP_H&E.pdf,2020-21/27.08.20_NLDC_PSP_H&E.pdf,200,1293005,c59ced4f1ca6591ad1ad5baef9e666cbeffdbfbf75f76b4037032ad055048906,2026-09-14T13:56:18,28.08.20_NLDC_PSP|28-08-2020|attachment/pdf
https://webcdn.grid-india.in/files/grdw/uploads/download-manager-files/29.08.20_NLDC_PSP.pdf,2020-21/29.08.20_NLDC_PSP.pdf,200,1156051,a4f660773b2754f221a1ac119f93e798714a29efcaed87a1170b59ffe3e6b444,2026-09-14T13:56:18,29.08.20_NLDC_PSP|29-08-2020|attachment/pdf
https://webcdn.grid-india.in/files/grdw/uploads/download-manager-files/31.08.17_NLDC_PSP.pdf,2020-21/31.08.17_NLDC_PSP.pdf,200,440856,e42f4a065bb5ab0952b717fdd1928020a1741c7e891498a5870e09246fd5c7d0,2026-09-14T13:56:19,31.08.2017_NLDC_PSP|31-08-2020|attachment/pdf
https://webcdn.grid-india.in/files/grdw/uploads/download-manager-files/31.08.20_NLDC_PSP.pdf,2020-21/31.08.20_NLDC_PSP.pdf,200,1243463,50b5bb14bb2e41a994b3a2fdc8ddceb0bf2408e58e8c4131937f89bc75706ee4,2026-09-14T13:56:19,31.08.20_NLDC_PSP|31-08-2020|attachment/pdf
https://webcdn.grid-india.in/files/grdw/uploads/download-manager-files/01.09.20_NLDC_PSP.pdf,2020-21/01.09.20_NLDC_PSP.pdf,200,1244515,b821def1af467d4d8e5f0c6a4b4ebf7a3c42cf55f24cd11f49301becc55bfcb2,2026-09-14T13:56:21,01.09.20_NLDC_PSP|01-09-2020|attachment/pdf
https://webcdn.grid-india.in/files/grdw/2026/02/02.09.20_NLDC_PSP_486.pdf,2020-21/02.09.20_NLDC_PSP_486.pdf,200,1226529,02899b6d22858088508a5a8955b0539c2229a56b168fd55fd89361dd01e4c9bf,2026-09-14T13:56:21,02.09.20_NLDC_PSP|02-09-2020|application/pdf
https://webcdn.grid-india.in/files/grdw/uploads/download-manager-files/03.09.20_NLDC_PSP.pdf,2020-21/03.09.20_NLDC_PSP.pdf,200,292616,a53c6da1d60803cdf9aa84b5d18aae0d7969345767e9d615af6ca698b7bd92d7,2026-09-14T13:56:22,03.09.20_NLDC_PSP|03-09-2020|attachment/pdf
https://webcdn.grid-india.in/files/grdw/uploads/download-manager-files/03.09.20_NLDC_PSP_H&E.pdf,2020-21/03.09.20_NLDC_PSP_H&E.pdf,200,1505489,ffb94fbeabdefea35b4db61c15778d5bd67d48a86463a745057f7b78caecde26,2026-09-14T13:56:23,04.09.20_NLDC_PSP|04-09-2020|attachment/pdf
https://webcdn.grid-india.in/files/grdw/uploads/download-manager-files/04.09.20_NLDC_PSP%20.pdf,2020-21/04.09.20_NLDC_PSP .pdf,200,1227412,da0ad759126958db046187d1d4c6dc9f4b05931af215e7844e3418c55e4ac17b,2026-09-14T13:56:24,05.09.20_NLDC_PSP|05-09-2020|attachment/pdf
https://webcdn.grid-india.in/files/grdw/uploads/download-manager-files/05.09.20_NLDC_PSP.pdf,2020-21/05.09.20_NLDC_PSP.pdf,200,1226116,d9a53216cdafaab29783d909ef0f5fc3651025bc0f89f86d1a54cd1782282652,2026-09-14T13:56:24,06.09.20_NLDC_PSP.pdf|06-09-2020|attachment/pdf
https://webcdn.grid-india.in/files/grdw/uploads/download-manager-files/06.09.20_NLDC_PSP.pdf,2020-21/06.09.20_NLDC_PSP.pdf,200,1225958,cbe42f58d35631926600315b9109a7e1ee5b84d1dd0351d5f847faf1e8296484,2026-09-14T13:56:25,07.09.20_NLDC_PSP.pdf|07-09-2020|attachment/pdf
https://webcdn.grid-india.in/files/grdw/2026/02/07.09.20_NLDC_PSP_117.pdf,2020-21/07.09.20_NLDC_PSP_117.pdf,200,1225958,cbe42f58d35631926600315b9109a7e1ee5b84d1dd0351d5f847faf1e8296484,2026-09-14T13:56:25,08.09.20_NLDC_PSP|08-09-2020|application/pdf
https://webcdn.grid-india.in/files/grdw/uploads/download-manager-files/09.09.19_NLDC_PSP.pdf,2020-21/09.09.19_NLDC_PSP.pdf,200,1447484,75989583a52b9fa4d731261d56541fdf6d0bdd700b166e0dc7a8a5f0eb233929,2026-09-14T13:56:26,09.09.2019_NLDC_PSP|09-09-2020|attachment/pdf
https://webcdn.grid-india.in/files/grdw/2026/02/08.09.20_NLDC_PSP_319.pdf,2020-21/08.09.20_NLDC_PSP_319.pdf,200,1225219,f8c354cf543f338750341f48620044d6a042766b60f644ea17d7eb677aebc895,2026-09-14T13:56:26,09.09.20_NLDC_PSP|09-09-2020|application/pdf
https://webcdn.grid-india.in/files/grdw/uploads/download-manager-files/09.09.20_NLDC_PSP.pdf,2020-21/09.09.20_NLDC_PSP.pdf,200,1224100,2c2073731b4d1320c9d8ec690fad1faac44e17630ebf9ee8f35129238743ab19,2026-09-14T13:56:27,10.09.20_NLDC_PSP|10-09-2020|attachment/pdf
https://webcdn.grid-india.in/files/grdw/2026/02/10.09.20_NLDC_PSP_341.pdf,2020-21/10.09.20_NLDC_PSP_341.pdf,200,1224100,2c2073731b4d1320c9d8ec690fad1faac44e17630ebf9ee8f35129238743ab19,2026-09-14T13:56:27,11.09.20_NLDC_PSP|11-09-2020|application/pdf
https://webcdn.grid-india.in/files/grdw/uploads/download-manager-files/12.09.20_NLDC_PSP.pdf,2020-21/12.09.20_NLDC_PSP.pdf,200,1225681,8b5927489d5dc7c87bcc5eda81c5d37d8135d8f37b162a234f4004c3edffa686,2026-09-14T13:56:28,12.09.20_NLDC_PSP|12-09-2020|attachment/pdf
https://webcdn.grid-india.in/files/grdw/uploads/download-manager-files/13.09.20_NLDC_PSP.pdf,2020-21/13.09.20_NLDC_PSP.pdf,200,1227002,e19b553d021574bcaa192b651b232ddde6ca7418bb2c8a742d4180f20d69f2dd,2026-09-14T13:56:29,13.09.20_NLDC_PSP|13-09-2020|attachment/pdf
https://webcdn.grid-india.in/files/grdw/uploads/download-manager-files/14.09.20_NLDC_PSP.pdf,2020-21/14.09.20_NLDC_PSP.pdf,200,1228419,a28873ce193ba2bd42e249c3f4bccf342aed6fdc9faf50c7ead8c98f118d6dc4,2026-09-14T13:56:29,15.09.20_NLDC_PSP|15-09-2020|attachment/pdf
https://webcdn.grid-india.in/files/grdw/uploads/download-manager-files/16.09.20_NLDC_PSP.pdf,2020-21/16.09.20_NLDC_PSP.pdf,200,1227016,f955e72919ec59f9f97e17ebac4a1524a007f51830464d9a0fa1a3c58cab27ad,2026-09-14T13:56:30,16.09.20_NLDC_PSP|16-09-2020|attachment/pdf
https://webcdn.grid-india.in/files/grdw/uploads/download-manager-files/17.09.20_NLDC_PSP.pdf,2020-21/17.09.20_NLDC_PSP.pdf,200,1227023,f9e343af19c983d54dc38e6ab9069f623802c180a06d2393156f606a6c912f72,2026-09-14T13:56:31,17.09.20_NLDC_PSP|17-09-2020|attachment/pdf
https://webcdn.grid-india.in/files/grdw/uploads/download-manager-files/18.09.20_NLDC_PSP.pdf,2020-21/18.09.20_NLDC_PSP.pdf,200,1423410,fb8a3937cef9023ad1c6544942a9f1fc3ac9d87c127f5af73bb7404f26796326,2026-09-14T13:56:32,18.09.20_NLDC_PSP|18-09-2020|attachment/pdf
https://webcdn.grid-india.in/files/grdw/uploads/download-manager-files/20.09.20_NLDC_PSP.pdf,2020-21/20.09.20_NLDC_PSP.pdf,200,1227007,945a9733eca4803b7f3c57af470e650ae0bdb5838f2aba1b071236e81feaed0b,2026-09-14T13:56:32,20.09.20_NLDC_PSP|20-09-2020|attachment/pdf
https://webcdn.grid-india.in/files/grdw/uploads/download-manager-files/21.09.20_NLDC_PSP.pdf,2020-21/21.09.20_NLDC_PSP.pdf,200,1232521,f69340d39f3252c4c8dfa121cdabe52087836ab359a25fcf5d575c61acb6ecff,2026-09-14T13:56:33,21.09.20_NLDC_PSP|21-09-2020|attachment/pdf
https://webcdn.grid-india.in/files/grdw/uploads/download-manager-files/22.09.20_NLDC_PSP.pdf,2020-21/22.09.20_NLDC_PSP.pdf,200,1510055,ec5a658d1be910fde50f31ff804426140fbfdd925d4be91a65310deaeb3aec1f,2026-09-14T13:56:34,23.09.20_NLDC_PSP|23-09-2020|attachment/pdf
https://webcdn.grid-india.in/files/grdw/uploads/download-manager-files/23.09.20_NLDC_PSP.pdf,2020-21/23.09.20_NLDC_PSP.pdf,200,1210247,c6257fe129c8c7391e57afb26fd1495f9472d080b21ad4444954b4ff2549b289,2026-09-14T13:56:35,24.09.20_NLDC_PSP|24-09-2020|attachment/pdf
https://webcdn.grid-india.in/files/grdw/uploads/download-manager-files/24.09.20_NLDC_PSP.pdf,2020-21/24.09.20_NLDC_PSP.pdf,200,970416,c850d2b860383e25289fb79be6878b6f3ce1d48c69ad609204e75c0909cd2145,2026-09-14T13:56:35,25.09.20_NLDC_PSP|25-09-2020|attachment/pdf
https://webcdn.grid-india.in/files/grdw/2026/02/26.09.20_NLDC_PSP_840.pdf,2020-21/26.09.20_NLDC_PSP_840.pdf,200,974346,dadd60a3d8e7122279d78de8877f6aaae74557eb650dd2132cad4aed3339418e,2026-09-14T13:56:36,26.09.20_NLDC_PSP|26-09-2020|application/pdf
https://webcdn.grid-india.in/files/grdw/2026/02/27.09.20_NLDC_PSP_564.pdf,2020-21/27.09.20_NLDC_PSP_564.pdf,200,235181,8b7761980421563df348854ef9a1d5d3f5d5bedc474a0657e0900d76e8c71acc,2026-09-14T13:56:36,27.09.20_NLDC_PSP|27-09-2020|application/pdf
https://webcdn.grid-india.in/files/grdw/uploads/download-manager-files/28.09.20_NLDC_PSP.pdf,2020-21/28.09.20_NLDC_PSP.pdf,200,980800,aadb0206d6c46536ea5a19e0e269b647cae6f73ef9484f8a05c8a420d377236f,2026-09-14T13:56:37,28.09.20_NLDC_PSP|28-09-2020|attachment/pdf
https://webcdn.grid-india.in/files/grdw/uploads/download-manager-files/29.09.20_NLDC_PSP.pdf,2020-21/29.09.20_NLDC_PSP.pdf,200,964392,ac5176cb5708c9f4bf98c5a7944c4c99b6e20c045b1a336e3782d4d79b0dec4a,2026-09-14T13:56:37,29.09.20_NLDC_PSP|29-09-2020|attachment/pdf
https://webcdn.grid-india.in/files/grdw/uploads/download-manager-files/30.09.20_NLDC_PSP.pdf,2020-21/30.09.20_NLDC_PSP.pdf,200,1240875,cda466941f26ac4789f4c1bca535490ed9076aa9d6db508ba963a3d5586b0939,2026-09-14T13:56:38,30.09.20_NLDC_PSP|30-09-2020|attachment/pdf
https://webcdn.grid-india.in/files/grdw/uploads/download-manager-files/02.10.20_NLDC_PSP_H&E.pdf,2020-21/02.10.20_NLDC_PSP_H&E.pdf,200,1080873,6fe7489910e3b2e199921be09f313a6bf6ea9a6e690fa27d3a4a9f19051293e7,2026-09-14T13:56:39,02.10.20_NLDC_PSP|02-10-2020|attachment/pdf
https://webcdn.grid-india.in/files/grdw/uploads/download-manager-files/03.10.20_NLDC_PSP.pdf,2020-21/03.10.20_NLDC_PSP.pdf,200,1199335,12c0daef8c61ba9b9ae8cd780b660b4aab75d8faae0a37fd3fc20ef0a99d6f73,2026-09-14T13:56:40,03.10.20_NLDC_PSP|03-10-2020|attachment/pdf
https://webcdn.grid-india.in/files/grdw/uploads/download-manager-files/04.10.20_NLDC_PSP.pdf,2020-21/04.10.20_NLDC_PSP.pdf,200,1109679,85a0b379a74785bba6851e5d74a41e4d8d450d475bd43e6f98b5bd38f574afbf,2026-09-14T13:56:40,04.10.20_NLDC_PSP|04-10-2020|attachment/pdf
https://webcdn.grid-india.in/files/grdw/uploads/download-manager-files/05.10.20_NLDC_PSP.pdf,2020-21/05.10.20_NLDC_PSP.pdf,200,1393565,d0ce0486b51af78b77611f1adf24c1f1d9e0eef5d0f399446497644cd653e188,2026-09-14T13:56:41,05.10.20_NLDC_PSP|05-10-2020|attachment/pdf
https://webcdn.grid-india.in/files/grdw/uploads/download-manager-files/06.10.20_NLDC_PSP.pdf,2020-21/06.10.20_NLDC_PSP.pdf,200,1123532,b3016bebb886fb4aee0deff30c88ce56564db7f2d59d493359cceaa4b53af4cc,2026-09-14T13:56:42,06.10.20_NLDC_PSP|06-10-2020|attachment/pdf
https://webcdn.grid-india.in/files/grdw/uploads/download-manager-files/07.10.20_NLDC_PSP.pdf,2020-21/07.10.20_NLDC_PSP.pdf,200,1114118,2da768036abdc6c271d56d5de6853901419bbbe3c102cdd6d2285e971eb33a56,2026-09-14T13:56:42,07.10.20_NLDC_PSP|07-10-2020|attachment/pdf
https://webcdn.grid-india.in/files/grdw/uploads/download-manager-files/08.10.20_NLDC_PSP.pdf,2020-21/08.10.20_NLDC_PSP.pdf,200,1109299,b30a225d1f9e4ba2b0a71d82bf6d5b6e5464400257eb406de0ecdf337741ba20,2026-09-14T13:56:43,08.10.20_NLDC_PSP|08-10-2020|attachment/pdf
https://webcdn.grid-india.in/files/grdw/uploads/download-manager-files/09.10.20_NLDC_PSP.pdf,2020-21/09.10.20_NLDC_PSP.pdf,200,1115110,a1ed5f6e1785700580aa8815bd45808ab57eb11459f3867675556a4bd5683680,2026-09-14T13:56:43,09.10.20_NLDC_PSP|09-10-2020|attachment/pdf
https://webcdn.grid-india.in/files/grdw/uploads/download-manager-files/10.10.20_NLDC_PSP.pdf,2020-21/10.10.20_NLDC_PSP.pdf,200,1108240,f33c98d234607d98758ddc25523b29ad5f44be5cdcb6baea23489f1720f4c3e3,2026-09-14T13:56:44,10.10.20_NLDC_PSP|10-10-2020|attachment/pdf
https://webcdn.grid-india.in/files/grdw/uploads/download-manager-files/11.10.20_NLDC_PSP.pdf,2020-21/11.10.20_NLDC_PSP.pdf,200,1107946,725b67fe62ace26176441f398c146ee56c2492b2723c7d1f4278ec8cb2b89412,2026-09-14T13:56:44,11.10.20_NLDC_PSP|11-10-2020|attachment/pdf
https://webcdn.grid-india.in/files/grdw/2026/02/12.10.20_NLDC_PSP_354.pdf,2020-21/12.10.20_NLDC_PSP_354.pdf,200,1122464,995903f836e84cd614a94cb4e0d1dda26fc16d6b66c4571184bb462d408a29af,2026-09-14T13:56:45,12.10.20_NLDC_PSP|12-10-2020|application/pdf
https://webcdn.grid-india.in/files/grdw/2026/02/13.10.20_NLDC_PSP_745.pdf,2020-21/13.10.20_NLDC_PSP_745.pdf,200,1112997,4d05eb8198204ed4651332fd4fe78e2cb7113413e95ac838c5fec32ef4608e9c,2026-09-14T13:56:45,13.10.20_NLDC_PSP|13-10-2020|application/pdf
https://webcdn.grid-india.in/files/grdw/uploads/download-manager-files/14.10.20_NLDC_PSP.pdf,2020-21/14.10.20_NLDC_PSP.pdf,200,1111060,ca96d92ee6b7f728a046f714458010d682bba759dbadf7ff344a28a1b6bb2150,2026-09-14T13:56:46,14.10.20_NLDC_PSP|14-10-2020|attachment/pdf
https://webcdn.grid-india.in/files/grdw/uploads/download-manager-files/15.10.20_NLDC_PSP.pdf,2020-21/15.10.20_NLDC_PSP.pdf,200,1110585,003a1c41dbb8b7a1f4320a35b36b71d0964fb227bcac6824bc19ee78b20a1b0f,2026-09-14T13:56:46,15.10.20_NLDC_PSP|15-10-2020|attachment/pdf
https://webcdn.grid-india.in/files/grdw/uploads/download-manager-files/16.10.20_NLDC_PSP.pdf,2020-21/16.10.20_NLDC_PSP.pdf,200,1123657,0ca1ba4329f0c7fbfa950e9ddbb1ae0967b0d6200bd2b3117c2179668be30e89,2026-09-14T13:56:47,16.10.20_NLDC_PSP|16-10-2020|attachment/pdf
https://webcdn.grid-india.in/files/grdw/uploads/download-manager-files/17.10.20_NLDC_PSP.pdf,2020-21/17.10.20_NLDC_PSP.pdf,200,1112967,391d9dbdec757699d9966d855e21c3ea97516d951cf95755928dc1f51f8fe36d,2026-09-14T13:56:48,17.10.20_NLDC_PSP|17-10-2020|attachment/pdf
https://webcdn.grid-india.in/files/grdw/uploads/download-manager-files/18.10.20_NLDC_PSP.pdf,2020-21/18.10.20_NLDC_PSP.pdf,200,1113325,0bf4504cc84b3cb57745079282543d6215b27a1c2915f062abd712e0c9c0206e,2026-09-14T13:56:48,19.10.20_NLDC_PSP|19-10-2020|attachment/pdf
https://webcdn.grid-india.in/files/grdw/uploads/download-manager-files/20.10.20_NLDC_PSP.pdf,2020-21/20.10.20_NLDC_PSP.pdf,200,1205186,f07aac623fa38d8d41b8a85274d48e99d05040fb617dec983aab573076fe1ccc,2026-09-14T13:56:49,20.10.20_NLDC_PSP|20-10-2020|attachment/pdf
https://webcdn.grid-india.in/files/grdw/uploads/download-manager-files/21.10.20_NLDC_PSP.pdf,2020-21/21.10.20_NLDC_PSP.pdf,200,1304942,ed67a4ccc3dfdd33c9e52622728e570acadf53b1e73960aa803a59506aab8d0d,2026-09-14T13:56:50,21.10.20_NLDC_PSP|21-10-2020|attachment/pdf
https://webcdn.grid-india.in/files/grdw/uploads/download-manager-files/22.10.20_NLDC_PSP.pdf,2020-21/22.10.20_NLDC_PSP.pdf,200,1386768,a931edc672a4655e4b2bc025b50ebead47e97f77bf7ccc2e6a9d120c6e87c51a,2026-09-14T13:56:50,22.10.20_NLDC_PSP|22-10-2020|attachment/pdf
https://webcdn.grid-india.in/files/grdw/uploads/download-manager-files/23.10.20_NLDC_PSP.pdf,2020-21/23.10.20_NLDC_PSP.pdf,200,1211314,e17fadaacef1d357769053ef2a5c0015fa6edba46fc6d8a68f76729b5e000226,2026-09-14T13:56:51,23.10.20_NLDC_PSP|23-10-2020|attachment/pdf
https://webcdn.grid-india.in/files/grdw/uploads/download-manager-files/24.10.20_NLDC_PSP_HE.pdf,2020-21/24.10.20_NLDC_PSP_HE.pdf,200,1387793,b38e490ffb0b4d39250ce0956d91ec7e34ef660dc98a4de6af86f0f2b24b6334,2026-09-14T13:56:52,25.10.20_NLDC_PSP|25-10-2020|attachment/pdf
https://webcdn.grid-india.in/files/grdw/uploads/download-manager-files/26.10.20_NLDC_PSP.pdf,2020-21/26.10.20_NLDC_PSP.pdf,200,1123563,dd38608f019451b68aa5154e9e97871fa224d4ff93794f996d15abdb17752f3c,2026-09-14T13:56:52,26.10.20_NLDC_PSP|26-10-2020|attachment/pdf
https://webcdn.grid-india.in/files/grdw/uploads/download-manager-files/27.10.20_NLDC_PSP.pdf,2020-21/27.10.20_NLDC_PSP.pdf,200,1115614,f8d68e729ec38fd3f28162d50cd1ded1bf8bf935907c69adae00830a2131526f,2026-09-14T13:56:53,27.10.20_NLDC_PSP|27-10-2020|attachment/pdf
https://webcdn.grid-india.in/files/grdw/2026/02/27.10.20_NLDC_PSP_727.pdf,2020-21/27.10.20_NLDC_PSP_727.pdf,200,1115614,f8d68e729ec38fd3f28162d50cd1ded1bf8bf935907c69adae00830a2131526f,2026-09-14T13:56:53,28-10-20_NLDC_PSP|28-10-2020|application/pdf
https://webcdn.grid-india.in/files/grdw/2026/02/29.10.20_NLDC_PSP_H&E_319.pdf,2020-21/29.10.20_NLDC_PSP_H&E_319.pdf,200,1109738,341da4a99b175010a18686028d520ecb5fd4c16abb7e7185bbc7a80813382932,2026-09-14T13:56:54,29-10-20_NLDC_PSP|29-10-2020|application/pdf
https://webcdn.grid-india.in/files/grdw/uploads/download-manager-files/29.10.20_NLDC_PSP_H&E.pdf,2020-21/29.10.20_NLDC_PSP_H&E.pdf,200,1109738,341da4a99b175010a18686028d520ecb5fd4c16abb7e7185bbc7a80813382932,2026-09-14T13:56:54,30.10.20_NLDC_PSP|30-10-2020|attachment/pdf
https://webcdn.grid-india.in/files/grdw/uploads/download-manager-files/30.10.20_NLDC_PSP__H&E.pdf,2020-21/30.10.20_NLDC_PSP__H&E.pdf,200,1110984,75eb3e2369b92667c7938583e9b4634cd037ccb9166a5323fac9656a589ec0f0,2026-09-14T13:56:55,31.10.20_NLDC_PSP|31-10-2020|attachment/pdf
https://webcdn.grid-india.in/files/grdw/uploads/download-manager-files/01.11.20_NLDC_PSP.pdf,2020-21/01.11.20_NLDC_PSP.pdf,200,1117145,70422f3b1aa3d8e6209f8cd29d79e2a0365ff757b3efc47da314d75f81ffad99,2026-09-14T13:56:56,01.11.20_NLDC_PSP|01-11-2020|attachment/pdf
https://webcdn.grid-india.in/files/grdw/uploads/download-manager-files/02.11.20_NLDC_PSP.pdf,2020-21/02.11.20_NLDC_PSP.pdf,200,1230237,c66bd65dae668de98b5da3311a0994594871b02234b37602f89a74fe2a8837d0,2026-09-14T13:56:57,02.11.20_NLDC_PSP|02-11-2020|attachment/pdf
https://webcdn.grid-india.in/files/grdw/uploads/download-manager-files/03.11.20_NLDC_PSP.pdf,2020-21/03.11.20_NLDC_PSP.pdf,200,1386696,025510f6dbf5219e74fa2c6471b1bb5d45cfcbd191e1ff376a911602ad52c8ac,2026-09-14T13:56:57,03.11.20_NLDC_PSP|03-11-2020|attachment/pdf
https://webcdn.grid-india.in/files/grdw/uploads/download-manager-files/04.11.20_NLDC_PSP.pdf,2020-21/04.11.20_NLDC_PSP.pdf,200,1117109,4e44b38a29cb61b566bc0c806780201398aa5ead88c7845e4d7ecd7d57bf74c2,2026-09-14T13:56:58,04.11.20_NLDC_PSP|04-11-2020|attachment/pdf
https://webcdn.grid-india.in/files/grdw/uploads/download-manager-files/05.11.20_NLDC_PSP.pdf,2020-21/05.11.20_NLDC_PSP.pdf,200,1109917,4fda1c2161958d46a41fb2b31b324178b95eef227e3263ba685f2c752b242c67,2026-09-14T13:56:59,05.11.20_NLDC_PSP|05-11-2020|attachment/pdf
https://webcdn.grid-india.in/files/grdw/uploads/download-manager-files/06.11.17_NLDC_PSP.pdf,2020-21/06.11.17_NLDC_PSP.pdf,200,108466,df9a15281a4fbddd31f607c18c25787d648c3c25b7278327b554a3d9b113ba32,2026-09-14T13:56:59,06.11.2017_NLDC_PSP|06-11-2020|attachment/pdf
https://webcdn.grid-india.in/files/grdw/uploads/download-manager-files/06.11.20_NLDC_PSP.pdf,2020-21/06.11.20_NLDC_PSP.pdf,200,1114369,1628c267fac99836c17399f81f328669f2fd9432b95fe06c1beac0cbccb09396,2026-09-14T13:57:00,06.11.20_NLDC_PSP|06-11-2020|attachment/pdf
https://webcdn.grid-india.in/files/grdw/uploads/download-manager-files/07.11.20_NLDC_PSP.pdf,2020-21/07.11.20_NLDC_PSP.pdf,200,1128341,6aec9a97d8cb7b595a6cff3cad9ac1879e17476e6b2eeb2d8d5a77a8aca3e8ed,2026-09-14T13:57:00,07.11.20_NLDC_PSP|07-11-2020|attachment/pdf
https://webcdn.grid-india.in/files/grdw/uploads/download-manager-files/08.11.20_NLDC_PSP.pdf,2020-21/08.11.20_NLDC_PSP.pdf,200,1130162,8a474ffd59f8ea2be378bd3ebc98be8505a80fbfe5d5c899593e5e32e38a1c0d,2026-09-14T13:57:01,08.11.20_NLDC_PSP|08-11-2020|attachment/pdf
https://webcdn.grid-india.in/files/grdw/uploads/download-manager-files/09.11.20_NLDC_PSP.pdf,2020-21/09.11.20_NLDC_PSP.pdf,200,1387611,56baef6f2dafb91b00bec00e67265d19b412fe5a18939316fcca3f335b465fa7,2026-09-14T13:57:01,09.11.20_NLDC_PSP|09-11-2020|attachment/pdf
https://webcdn.grid-india.in/files/grdw/uploads/download-manager-files/10.11.20_NLDC_PSP.pdf,2020-21/10.11.20_NLDC_PSP.pdf,200,1211010,f23d78ab42f19af7458effaa4b7264745711a15b15762ea527475e4cbba84c48,2026-09-14T13:57:02,10.11.20_NLDC_PSP|10-11-2020|attachment/pdf
https://webcdn.grid-india.in/files/grdw/uploads/download-manager-files/12.11.20_NLDC_PSP.pdf,2020-21/12.11.20_NLDC_PSP.pdf,200,1118111,32e919c91eea63057925edd43389ee1cf01a7e9a671cde28b0a34c1e79c14b53,2026-09-14T13:57:02,12.11.20_NLDC_PSP|12-11-2020|attachment/pdf
https://webcdn.grid-india.in/files/grdw/2026/02/13.11.20_NLDC_PSP_268.pdf,2020-21/13.11.20_NLDC_PSP_268.pdf,200,1285659,ba4ec9ac1c0726461b9fe2d3e8e009eeaaf5a97501dca2dae9d8b6a15843e509,2026-09-14T13:57:03,13.11.20_NLDC_PSP|13-11-2020|application/pdf
https://webcdn.grid-india.in/files/grdw/2026/02/13.11.20_NLDC_PSP_900.pdf,2020-21/13.11.20_NLDC_PSP_900.pdf,200,1285659,ba4ec9ac1c0726461b9fe2d3e8e009eeaaf5a97501dca2dae9d8b6a15843e509,2026-09-14T13:57:04,14.11.20_NLDC_PSP|14-11-2020|application/pdf
https://webcdn.grid-india.in/files/grdw/uploads/download-manager-files/15.11.2020_NLDC_PSP.pdf,2020-21/15.11.2020_NLDC_PSP.pdf,200,1135835,0bd34a22b296460809aa6a7dacba9b8e2f16594a579781447ee8c8b53c6022c4,2026-09-14T13:57:04,15.11.2020_NLDC_PSP|15-11-2020|attachment/pdf
https://webcdn.grid-india.in/files/grdw/2026/02/16.11.20_NLDC_PSP_467.pdf,2020-21/16.11.20_NLDC_PSP_467.pdf,200,1122872,79085d72da518299a997ccfbe2d826cf58302cb304a5f7fe1af474a5a1088410,2026-09-14T13:57:05,16.11.2020_NLDC_PSP|16-11-2020|application/pdf
https://webcdn.grid-india.in/files/grdw/uploads/download-manager-files/16.11.20_R0_NLDC_RLDC_PSP.pdf,2020-21/16.11.20_R0_NLDC_RLDC_PSP.pdf,200,1122872,79085d72da518299a997ccfbe2d826cf58302cb304a5f7fe1af474a5a1088410,2026-09-14T13:57:06,17.11.20_NLDC_PSP|17-11-2020|attachment/pdf
https://webcdn.grid-india.in/files/grdw/uploads/download-manager-files/17.11.20_R0_NLDC_RLDC_PSP1.pdf,2020-21/17.11.20_R0_NLDC_RLDC_PSP1.pdf,200,1130214,3d7bae764c37149cc570b6bc0622901c655b85e1da4cd9b3291696e150732058,2026-09-14T13:57:06,18.11.20_NLDC_PSP|18-11-2020|attachment/pdf
https://webcdn.grid-india.in/files/grdw/2026/02/19.11.20_NLDC_PSP_739.pdf,2020-21/19.11.20_NLDC_PSP_739.pdf,200,1109012,fdb9c28d9a7c75640b7b7921a0f59ec060a20712696da26c4b1b75932ccf74a1,2026-09-14T13:57:07,19.11.20_NLDC_PSP|19-11-2020|application/pdf
https://webcdn.grid-india.in/files/grdw/2026/02/20.11.20_NLDC_PSP_615.pdf,2020-21/20.11.20_NLDC_PSP_615.pdf,200,1107509,d1ca579240f08a298bed398bcc212e8a50c046f70ddf48f7dcffa6fac3750efe,2026-09-14T13:57:07,20.11.20_NLDC_PSP|20-11-2020|application/pdf
https://webcdn.grid-india.in/files/grdw/uploads/download-manager-files/21.11.20_NLDC_PSP.pdf,2020-21/21.11.20_NLDC_PSP.pdf,200,1387895,49b525d2874b86307a7a2fd8a5377263856a48fd685dd3d895caa14292f246c0,2026-09-14T13:57:08,21.11.20_NLDC_PSP|21-11-2020|attachment/pdf
https://webcdn.grid-india.in/files/grdw/uploads/download-manager-files/22.11.20_NLDC_PSP.pdf,2020-21/22.11.20_NLDC_PSP.pdf,200,1113476,0f8dc59d5a250660d11e74fda70437643ec5070be9ff29c7844f6fba548c155e,2026-09-14T13:57:09,22.11.20_NLDC_PSP|22-11-2020|attachment/pdf
https://webcdn.grid-india.in/files/grdw/uploads/download-manager-files/23.11.20_NLDC_PSP.pdf,2020-21/23.11.20_NLDC_PSP.pdf,200,1114037,0eebb8038082a70397619b59adc3456322fb9e9533ec2b12a6d80b3db7461b50,2026-09-14T13:57:09,23.11.20_NLDC_PSP|23-11-2020|attachment/pdf
https://webcdn.grid-india.in/files/grdw/uploads/download-manager-files/24.11.20_NLDC_PSP.pdf,2020-21/24.11.20_NLDC_PSP.pdf,200,1115353,81cc6ed193640055314ff5f085feb9892249d1ecef1d6811b8c70b049e945b08,2026-09-14T13:57:10,24.11.20_NLDC_PSP|24-11-2020|attachment/pdf
https://webcdn.grid-india.in/files/grdw/uploads/download-manager-files/25.11.20%20NLDC%20PSP.pdf,2020-21/25.11.20 NLDC PSP.pdf,200,1130458,fffe3127004805a62e5f324963e2a6a053538d7a3da699a0f5c58fa5851b0ffa,2026-09-14T13:57:10,25.11.20 NLDC PSP|25-11-2020|attachment/pdf
https://webcdn.grid-india.in/files/grdw/uploads/download-manager-files/26.11.20_NLDC_PSP.pdf,2020-21/26.11.20_NLDC_PSP.pdf,200,1130533,cadc1d4a37ba0fd2db811654e85e33fa4a30e3b6f162dd6dc919f1f487a79050,2026-09-14T13:57:11,26.11.20_NLDC_PSP|26-11-2020|attachment/pdf
https://webcdn.grid-india.in/files/grdw/uploads/download-manager-files/27.11.20_NLDC_PSP.pdf,2020-21/27.11.20_NLDC_PSP.pdf,200,1393810,2c6884574e56bd54c049697d6dcb9b90e94b142de658d81547b590c86e9b990a,2026-09-14T13:57:11,27.11.20_NLDC_PSP|27-11-2020|attachment/pdf
https://webcdn.grid-india.in/files/grdw/uploads/download-manager-files/28.11.20_NLDC_PSP.pdf,2020-21/28.11.20_NLDC_PSP.pdf,200,1079034,7602420ee0377f67f13dc52cb5bada992fdbd1d7accbca8d6c011db79c65beec,2026-09-14T13:57:12,28.11.20_NLDC_PSP|28-11-2020|attachment/pdf
https://webcdn.grid-india.in/files/grdw/2026/02/29.11.20_NLDC_PSP_379.pdf,2020-21/29.11.20_NLDC_PSP_379.pdf,200,1135575,bd606c038a5ab5422885b801c358d2e2c642ee618d1159c9c3c907235dd3fc86,2026-09-14T13:57:12,29.11.20_NLDC_PSP|29-11-2020|application/pdf
https://webcdn.grid-india.in/files/grdw/2026/02/30.11.20_NLDC_PSP_803.pdf,2020-21/30.11.20_NLDC_PSP_803.pdf,200,1110948,942efb31b3cbc1a593decf46765f38250e5ff88176ded0add2051f3ddc1d60ee,2026-09-14T13:57:13,30.11.20_NLDC_PSP|30-11-2020|application/pdf
https://webcdn.grid-india.in/files/grdw/uploads/download-manager-files/01.12.20_NLDC_PSP.pdf,2020-21/01.12.20_NLDC_PSP.pdf,200,1130598,18e824f74589bb10908f0eb6ebbfd575d0dca9d96f95f53ddb5df4fca0c95c47,2026-09-14T13:57:14,01.12.20_NLDC_PSP|01-12-2020|attachment/pdf
https://webcdn.grid-india.in/files/grdw/uploads/download-manager-files/02.12.20_NLDC_PSP.pdf,2020-21/02.12.20_NLDC_PSP.pdf,200,1172409,8ca0be4ec7453342e2c760c8bfc9cbb88f056d112edc202fdde2ab71908440e0,2026-09-14T13:57:15,02.12.20_NLDC_PSP|02-12-2020|attachment/pdf
https://webcdn.grid-india.in/files/grdw/uploads/download-manager-files/03.12.20_NLDC_PSP.pdf,2020-21/03.12.20_NLDC_PSP.pdf,200,1164473,ef2531df50dcde057b03d224405168180dfe65c00aba998aa0240d6389e5c96e,2026-09-14T13:57:15,03.12.20_NLDC_PSP|03-12-2020|attachment/pdf
https://webcdn.grid-india.in/files/grdw/uploads/download-manager-files/04.12.20_NLDC_PSP.pdf,2020-21/04.12.20_NLDC_PSP.pdf,200,1165051,27a9ea18f44581a6be3d9c3c669343d6cc8bcba2c622380c586b01a0d7de7ce1,2026-09-14T13:57:16,05.12.20_NLDC_PSP|05-12-2020|attachment/pdf
https://webcdn.grid-india.in/files/grdw/uploads/download-manager-files/06.12.20_NLDC_PSP.pdf,2020-21/06.12.20_NLDC_PSP.pdf,200,1165452,be7b432a97e2fe1f075c8bb4e68b87f66f851d09fee31da52ced0e7d82e0f3f2,2026-09-14T13:57:17,06.12.20_NLDC_PSP|06-12-2020|attachment/pdf
https://webcdn.grid-india.in/files/grdw/2026/02/07.12.20_NLDC_PSP_341.pdf,2020-21/07.12.20_NLDC_PSP_341.pdf,200,1341769,a75f0af1c5bb961e51ae0e160eed04e0f74a0df4c452c75078692b6b111bb2fe,2026-09-14T13:57:17,07.12.20_NLDC_PSP|07-12-2020|application/pdf
https://webcdn.grid-india.in/files/grdw/2026/02/08.12.20_NLDC_PSP_713.pdf,2020-21/08.12.20_NLDC_PSP_713.pdf,200,1164133,80bc84d64889a6c4110e7c412bfdee878ce8b66bf71b923f09c8c02f71fd083c,2026-09-14T13:57:18,08.12.20_NLDC_PSP|08-12-2020|application/pdf
https://webcdn.grid-india.in/files/grdw/uploads/download-manager-files/09.12.20_NLDC_PSP.pdf,2020-21/09.12.20_NLDC_PSP.pdf,200,1161292,f139331aae9f28eaf0c229a099f8779b4c4d4ba8722658a74560ad89590f337d,2026-09-14T13:57:18,09.12.20_NLDC_PSP|09-12-2020|attachment/pdf
https://webcdn.grid-india.in/files/grdw/uploads/download-manager-files/10.12.20_NLDC_PSP.pdf,2020-21/10.12.20_NLDC_PSP.pdf,200,1165221,186708c3b925828c91b699ea9d653160c1444e9f5d40f47081bf6eee6b2a88f2,2026-09-14T13:57:19,10.12.20_NLDC_PSP|10-12-2020|attachment/pdf
https://webcdn.grid-india.in/files/grdw/uploads/download-manager-files/11.12.20_NLDC_PSP.pdf,2020-21/11.12.20_NLDC_PSP.pdf,200,1173524,4d704b56e81066e195ba965a0d6d83a80df1b7d846e9f4c5fc658eb9b7ae1964,2026-09-14T13:57:19,11.12.20_NLDC_PSP|11-12-2020|attachment/pdf
https://webcdn.grid-india.in/files/grdw/uploads/download-manager-files/12.12.20_NLDC_PSP.pdf,2020-21/12.12.20_NLDC_PSP.pdf,200,1154661,db63e1ddac25019b2dd49122c3b0be9e5724fc12ae9e58ae6037ed8cc6cb5d72,2026-09-14T13:57:20,12.12.20_NLDC_PSP|12-12-2020|attachment/pdf
https://webcdn.grid-india.in/files/grdw/uploads/download-manager-files/13.12.20_NLDC_PSP.pdf,2020-21/13.12.20_NLDC_PSP.pdf,200,1164237,016985265c71a98e33d8805afd32a0d4aec4116918cb987f3fe7c9eb4430d907,2026-09-14T13:57:21,13.12.20_NLDC_PSP|13-12-2020|attachment/pdf
https://webcdn.grid-india.in/files/grdw/uploads/download-manager-files/14.12.20_NLDC_PSP.pdf,2020-21/14.12.20_NLDC_PSP.pdf,200,1176658,8079026290ebdc7489c848a66b836fd05c8d03442de44a8db7093b86a9bbb75f,2026-09-14T13:57:22,14.12.20_NLDC_PSP|14-12-2020|attachment/pdf
https://webcdn.grid-india.in/files/grdw/uploads/download-manager-files/17-12-20_NLDC_PSP.pdf,2020-21/17-12-20_NLDC_PSP.pdf,200,1160613,388c77e227341c6ff91fa3fad5fef3fe7306f06b3b93808550489c59a50b69e5,2026-09-14T13:57:22,17-12-20_NLDC_PSP|17-12-2020|attachment/pdf
https://webcdn.grid-india.in/files/grdw/uploads/download-manager-files/18.12.20_NLDC_PSP.pdf,2020-21/18.12.20_NLDC_PSP.pdf,200,1159477,b9223252137e751e2394e93b7578ade56a63a0fd998a354493a20982b2ee75d5,2026-09-14T13:57:23,18.12.20_NLDC_PSP|18-12-2020|attachment/pdf
https://webcdn.grid-india.in/files/grdw/uploads/download-manager-files/19.12.20_NLDC_PSP.pdf,2020-21/19.12.20_NLDC_PSP.pdf,200,1155720,aeec5a96e08e4b0f013dda2549603b91874c3522df451f35e7b60af54293eb19,2026-09-14T13:57:24,19.12.20_NLDC_PSP|19-12-2020|attachment/pdf
https://webcdn.grid-india.in/files/grdw/uploads/download-manager-files/20.12.20_NLDC_PSP.pdf,2020-21/20.12.20_NLDC_PSP.pdf,200,1158827,0a9f9f06a37fb9c52b7bce54f34fc3ab5dc94e81c0ef412d06d451015feae6d1,2026-09-14T13:57:24,20.12.20_NLDC_PSP|20-12-2020|attachment/pdf
https://webcdn.grid-india.in/files/grdw/uploads/download-manager-files/21.12.20_NLDC_PSP.pdf,2020-21/21.12.20_NLDC_PSP.pdf,200,1164272,3f528a92e8ed07e530c2c3bc20f7a877a7cc338fcb921033adc40127cb010f90,2026-09-14T13:57:25,21.12.20_NLDC_PSP|21-12-2020|attachment/pdf
https://webcdn.grid-india.in/files/grdw/uploads/download-manager-files/22.12.20_NLDC_PSP.pdf,2020-21/22.12.20_NLDC_PSP.pdf,200,1158928,7738aaf61cc34ca81f1b068be011ae0cc20d8e3a965e809e8a99f1b2862ff6ff,2026-09-14T13:57:25,22.12.20_NLDC_PSP|22-12-2020|attachment/pdf
https://webcdn.grid-india.in/files/grdw/uploads/download-manager-files/23.12.20_NLDC_PSP.pdf,2020-21/23.12.20_NLDC_PSP.pdf,200,1171312,6d364e0579c545ef7bff78aa0c76ff1520b8711c0adb531cfe315c5e0db92c7c,2026-09-14T13:57:26,23.12.20_NLDC_PSP|23-12-2020|attachment/pdf
https://webcdn.grid-india.in/files/grdw/uploads/download-manager-files/24.12.20_NLDC_PSP.pdf,2020-21/24.12.20_NLDC_PSP.pdf,200,209278,f3de5b93438cf8da29da9e1f9d9e5578173cac52745c7624ad5c29dacbb9f63d,2026-09-14T13:57:26,24.12.20_NLDC_PSP|24-12-2020|attachment/pdf
https://webcdn.grid-india.in/files/grdw/uploads/download-manager-files/25.12.2016_NLDC_PSP.pdf,2020-21/25.12.2016_NLDC_PSP.pdf,200,439296,a0b9ce4fff6caed0cbe52ba65279568ec447308692731d8f9c27dfccf8d8e66d,2026-09-14T13:57:27,25.12.2016_NLDC_PSP|25-12-2020|attachment/pdf
https://webcdn.grid-india.in/files/grdw/uploads/download-manager-files/25.12.20_NLDC_PSP.pdf,2020-21/25.12.20_NLDC_PSP.pdf,200,1234354,2071e0df23316bcc6042c5b4fa740545a1fb952e82771bdb91f1add6d19eaec3,2026-09-14T13:57:28,25.12.20_NLDC_PSP|25-12-2020|attachment/pdf
https://webcdn.grid-india.in/files/grdw/uploads/download-manager-files/26.12.20_NLDC_PSP.pdf,2020-21/26.12.20_NLDC_PSP.pdf,200,1234508,efcb4a627cef3de8c1e6eea085a19e774cecc79c8a121ad4b41e5c7ef9c782bc,2026-09-14T13:57:29,26.12.20_NLDC_PSP|26-12-2020|attachment/pdf
https://webcdn.grid-india.in/files/grdw/uploads/download-manager-files/27.12.20_NLDC_PSP.pdf,2020-21/27.12.20_NLDC_PSP.pdf,200,1164587,9a91287c961f64ff0e54524bb7ed313949edd8541b70a0474590c8035f3937d7,2026-09-14T13:57:29,27.12.20_NLDC_PSP|27-12-2020|attachment/pdf
https://webcdn.grid-india.in/files/grdw/uploads/download-manager-files/28.12.20_NLDC_PSP.pdf,2020-21/28.12.20_NLDC_PSP.pdf,200,1164906,08ca23ebf7bcd0ef9775b3219dcb91523327ac9d31f067b0f44d839214a8f06e,2026-09-14T13:57:30,28.12.20_NLDC_PSP|28-12-2020|attachment/pdf
https://webcdn.grid-india.in/files/grdw/uploads/download-manager-files/29.12.20_NLDC_PSP.pdf,2020-21/29.12.20_NLDC_PSP.pdf,200,1165286,47f343d82f24378df6c04657f16254300598b6af42ef9fe0fe7df0c28d050d4b,2026-09-14T13:57:30,29.12.20_NLDC_PSP|29-12-2020|attachment/pdf
https://webcdn.grid-india.in/files/grdw/uploads/download-manager-files/30.12.20_NLDC_PSP.pdf,2020-21/30.12.20_NLDC_PSP.pdf,200,1163549,2430d50c8bd8d990185175f2ad6816bad96799c3d5ff9fbe5b3474afab4b9092,2026-09-14T13:57:31,30.12.20_NLDC_PSP|30-12-2020|attachment/pdf
https://webcdn.grid-india.in/files/grdw/uploads/download-manager-files/31.12.20_NLDC_PSP.pdf,2020-21/31.12.20_NLDC_PSP.pdf,200,1336765,9cf0f8981f188fcec345a7a1e6596f65ab6f7ef8dc65ddfb3b018bac00a00b87,2026-09-14T13:57:32,31.12.20_NLDC_PSP|31-12-2020|attachment/pdf
https://webcdn.grid-india.in/files/grdw/uploads/download-manager-files/02.01.21_NLDC_PSP.pdf,2020-21/02.01.21_NLDC_PSP.pdf,200,1172694,3f46f7e8e22914fa431d10b282530071cb423b0ac21fcf46e90d959d72852ab8,2026-09-14T13:57:33,01.01.21_NLDC_PSP|01-01-2021|attachment/pdf
https://webcdn.grid-india.in/files/grdw/uploads/download-manager-files/03.01.21_NLDC_PSP.pdf,2020-21/03.01.21_NLDC_PSP.pdf,200,1154695,0d44730c63415b3b787f5bf2843bb21e22728da8820329f85cd8d8d2a2102336,2026-09-14T13:57:34,03.01.21_NLDC_PSP|03-01-2021|attachment/pdf
https://webcdn.grid-india.in/files/grdw/uploads/download-manager-files/04.01.21_NLDC_PSP.pdf,2020-21/04.01.21_NLDC_PSP.pdf,200,1164020,0829a04ccc972ab6941e1dcef8a28df9be9dd7a7e2df145d3001af1f48bb0bf6,2026-09-14T13:57:34,04.01.21_NLDC_PSP|04-01-2021|attachment/pdf
https://webcdn.grid-india.in/files/grdw/uploads/download-manager-files/05.01.21_NLDC_PSP.pdf,2020-21/05.01.21_NLDC_PSP.pdf,200,1159494,74c4ca730e3691214e7c73c726288cca85755ec3fbdb6d0ad869d39f2376af5e,2026-09-14T13:57:35,05.01.21_NLDC_PSP|05-01-2021|attachment/pdf
https://webcdn.grid-india.in/files/grdw/uploads/download-manager-files/06.01.21_NLDC_PSP.pdf,2020-21/06.01.21_NLDC_PSP.pdf,200,1158382,b2d3eb1f6d7efbde4177efc042537e165022a018421eaaaf9e0de759bebc85de,2026-09-14T13:57:36,06.01.21_NLDC_PSP|06-01-2021|attachment/pdf
https://webcdn.grid-india.in/files/grdw/uploads/download-manager-files/07.01.21_NLDC_PSP.pdf,2020-21/07.01.21_NLDC_PSP.pdf,200,1155022,d38925dcddef2801a20b5e2c95f15115ceb1e8b0bde5c6947221a0dd04f6ec0b,2026-09-14T13:57:36,07.01.21_NLDC_PSP|07-01-2021|attachment/pdf
https://webcdn.grid-india.in/files/grdw/uploads/download-manager-files/08.01.21_NLDC_PSP.pdf,2020-21/08.01.21_NLDC_PSP.pdf,200,1155503,ea4f5e9d02b6115b0b7ea0d91005272d1ca357c31271a773457dee939ba06661,2026-09-14T13:57:37,08.01.21_NLDC_PSP|08-01-2021|attachment/pdf
https://webcdn.grid-india.in/files/grdw/uploads/download-manager-files/09.01.21_NLDC_PSP.pdf,2020-21/09.01.21_NLDC_PSP.pdf,200,1232959,692b2d884faefe221ec72a320a51db781df3bf1a4cc4701cd36a77139f391cca,2026-09-14T13:57:37,09.01.21_NLDC_PSP|09-01-2021|attachment/pdf
https://webcdn.grid-india.in/files/grdw/uploads/download-manager-files/10.01.21_NLDC_PSP.pdf,2020-21/10.01.21_NLDC_PSP.pdf,200,1164514,2009d1d014a03d8550f800d643085aaba9433476ba8477afb2f731c78f22cabc,2026-09-14T13:57:38,10.01.21_NLDC_PSP|10-01-2021|attachment/pdf
https://webcdn.grid-india.in/files/grdw/uploads/download-manager-files/11.01.21_NLDC_PSP.pdf,2020-21/11.01.21_NLDC_PSP.pdf,200,1340685,7747f00fe3bedadc1af32a4c9a4be1dddf7214373b0aeefb3e63517c02fe5dd1,2026-09-14T13:57:39,11.01.21_NLDC_PSP|11-01-2021|attachment/pdf
https://webcdn.grid-india.in/files/grdw/uploads/download-manager-files/12.01.21_NLDC_PSP.pdf,2020-21/12.01.21_NLDC_PSP.pdf,200,1154235,9fed33b802406c24da55969f3aecbbdaf03a022474d9fea5d8b0fe2ee10b5827,2026-09-14T13:57:39,12.01.21_NLDC_PSP|12-01-2021|attachment/pdf
https://webcdn.grid-india.in/files/grdw/uploads/download-manager-files/13.01.21_NLDC_PSP.pdf,2020-21/13.01.21_NLDC_PSP.pdf,200,1166305,4f6779c11baf60eadea374a78b39ab4700db2db7055968f47a9405be7c467ea6,2026-09-14T13:57:40,13.01.21_NLDC_PSP|13-01-2021|attachment/pdf
https://webcdn.grid-india.in/files/grdw/uploads/download-manager-files/14.01.21_NLDC_PSP.pdf,2020-21/14.01.21_NLDC_PSP.pdf,200,1166006,8eaa14ea6bc505bd7b1e577b576520a43bcac38706b21e13543b00df140653cb,2026-09-14T13:57:41,14.01.21_NLDC_PSP|14-01-2021|attachment/pdf
https://webcdn.grid-india.in/files/grdw/uploads/download-manager-files/16.01.21_NLDC_PSP.pdf,2020-21/16.01.21_NLDC_PSP.pdf,200,1420600,7f1618b2b082d5ff3b3e2af6eb78d3cb8da9b857dd74891d2126893098daf565,2026-09-14T13:57:41,16.01.21_NLDC_PSP|16-01-2021|attachment/pdf
https://webcdn.grid-india.in/files/grdw/uploads/download-manager-files/17.01.21_NLDC_PSP.pdf,2020-21/17.01.21_NLDC_PSP.pdf,200,1165068,e848f10801d357b51d1c64acfdd8a5b4a9010723dd759027b139071321a589ee,2026-09-14T13:57:42,17.01.21_NLDC_PSP|17-01-2021|attachment/pdf
https://webcdn.grid-india.in/files/grdw/uploads/download-manager-files/18.01.21_NLDC_PSP.pdf,2020-21/18.01.21_NLDC_PSP.pdf,200,1166202,0f41849084c874fe785552def91d5e94389dec0b74edcaaabf4adecc6a7e098e,2026-09-14T13:57:43,18.01.21_NLDC_PSP|18-01-2021|attachment/pdf
https://webcdn.grid-india.in/files/grdw/uploads/download-manager-files/19.01.21_NLDC_PSP.pdf,2020-21/19.01.21_NLDC_PSP.pdf,200,1163441,d048350f9e84f711514f9bdef9a36dce41d23d25d79f9ddc0bd9eebfa6101472,2026-09-14T13:57:43,19.01.21_NLDC_PSP|19-01-2021|attachment/pdf
https://webcdn.grid-india.in/files/grdw/uploads/download-manager-files/20.01.21_NLDC_PSP.pdf,2020-21/20.01.21_NLDC_PSP.pdf,200,1163360,d6a2d05381375b270c7e588bec5bc159c1f6fe403f7c690b1b7fb1c3ad907262,2026-09-14T13:57:44,20.01.21_NLDC_PSP|20-01-2021|attachment/pdf
https://webcdn.grid-india.in/files/grdw/uploads/download-manager-files/21.01.21_NLDC_PSP.pdf,2020-21/21.01.21_NLDC_PSP.pdf,200,1165106,6b82d7cdc1ad949982d4a836fef536b920c673e453669c903484df1bcf7e5ce8,2026-09-14T13:57:44,21.01.21_NLDC_PSP|21-01-2021|attachment/pdf
https://webcdn.grid-india.in/files/grdw/uploads/download-manager-files/22.01.21_NLDC_PSP.pdf,2020-21/22.01.21_NLDC_PSP.pdf,200,1158735,21121dce241ee86081be713a599a317fec1830171e105d2db2a5108bfe1538af,2026-09-14T13:57:45,22.01.21_NLDC_PSP|22-01-2021|attachment/pdf
https://webcdn.grid-india.in/files/grdw/2026/02/23.01.21_NLDC_PSP_338.pdf,2020-21/23.01.21_NLDC_PSP_338.pdf,200,1414688,c68a33c8462da3cb7173a6a78456f6ad45ec47c8719bf08ca1f38e193cf0d08f,2026-09-14T13:57:46,23.01.21_NLDC_PSP|23-01-2021|application/pdf
https://webcdn.grid-india.in/files/grdw/2026/02/24.01.21_NLDC_PSP_223.pdf,2020-21/24.01.21_NLDC_PSP_223.pdf,200,1177154,97455c00ff43df8b68e8443b416810753c228de9bb0139c5c900ff95fe149c66,2026-09-14T13:57:47,24.01.21_NLDC_PSP|24-01-2021|application/pdf
https://webcdn.grid-india.in/files/grdw/uploads/download-manager-files/25.01.21_NLDC_PSP.pdf,2020-21/25.01.21_NLDC_PSP.pdf,200,1165599,c4c4ada0bcd1f7ddcc18d41d26ef0f5e521fefcf5bdcf2b7f82ef7d9e09b8a9b,2026-09-14T13:57:48,25.01.21_NLDC_PSP|25-01-2021|attachment/pdf
https://webcdn.grid-india.in/files/grdw/uploads/download-manager-files/26.01.21_NLDC_PSP.pdf,2020-21/26.01.21_NLDC_PSP.pdf,200,1158746,9b1dc5d06285ee7eeed7d7af2cd1d89feceaf961cc9957d170829a728a11d541,2026-09-14T13:57:48,26.01.21_NLDC_PSP|26-01-2021|attachment/pdf
https://webcdn.grid-india.in/files/grdw/uploads/download-manager-files/27.01.21_NLDC_PSP.pdf,2020-21/27.01.21_NLDC_PSP.pdf,200,1178764,0cf08ee93098056dc0a2035f7890807590af76efc828e45e89db9838e1b3e285,2026-09-14T13:57:49,27.01.21_NLDC_PSP|27-01-2021|attachment/pdf
https://webcdn.grid-india.in/files/grdw/uploads/download-manager-files/28.01.21_NLDC_PSP.pdf,2020-21/28.01.21_NLDC_PSP.pdf,200,1165590,536c9e7759d0df9929c471ce9d3c5a942c17cf475512eeddbf0a83d38bdbbcc5,2026-09-14T13:57:50,28.01.21_NLDC_PSP|28-01-2021|attachment/pdf
https://webcdn.grid-india.in/files/grdw/uploads/download-manager-files/29.01.21_NLDC_PSP.pdf,2020-21/29.01.21_NLDC_PSP.pdf,200,217711,650f1ae25b870ef3c21a650d60583d8afa8afaa0c93888322a71994c58e078af,2026-09-14T13:57:50,29.01.21_NLDC_PSP|29-01-2021|attachment/pdf
https://webcdn.grid-india.in/files/grdw/uploads/download-manager-files/30.01.21_NLDC_PSP.pdf,2020-21/30.01.21_NLDC_PSP.pdf,200,218088,938e81fd329f471ec0e9f64c4d89bf94ff3e9996259d8c6f299f5f379b2ddbad,2026-09-14T13:57:50,30.01.21_NLDC_PSP|30-01-2021|attachment/pdf
https://webcdn.grid-india.in/files/grdw/uploads/download-manager-files/31.01.21_NLDC_PSP.pdf,2020-21/31.01.21_NLDC_PSP.pdf,200,1173818,01ae32288b92064a91e1055c2bb842075a63d01555df8c92a615c7d620989a87,2026-09-14T13:57:51,31.01.21_NLDC_PSP|31-01-2021|attachment/pdf
https://webcdn.grid-india.in/files/grdw/uploads/download-manager-files/01.02.21_NLDC_PSP.pdf,2020-21/01.02.21_NLDC_PSP.pdf,200,1129148,a4b364fb007565011d5959722bae25c1a5e807aed155d6f41c312ea94e994967,2026-09-14T13:57:53,01.02.21_NLDC_PSP|01-02-2021|attachment/pdf
https://webcdn.grid-india.in/files/grdw/uploads/download-manager-files/02.02.21_NLDC_PSP.pdf,2020-21/02.02.21_NLDC_PSP.pdf,200,1141490,722feec3b84d152615e48f22392dee66a52f6fac8b075fd5366960461576bb53,2026-09-14T13:57:53,02.02.21_NLDC_PSP|02-02-2021|attachment/pdf
https://webcdn.grid-india.in/files/grdw/uploads/download-manager-files/03.02.21_NLDC_PSP.pdf,2020-21/03.02.21_NLDC_PSP.pdf,200,1135473,4e5feb095413a8a45bcde71229f36ee05568c8420d118c07c1559d4dc993ad58,2026-09-14T13:57:54,03.02.21_NLDC_PSP|03-02-2021|attachment/pdf
https://webcdn.grid-india.in/files/grdw/uploads/download-manager-files/04.02.21_NLDC_PSP.pdf,2020-21/04.02.21_NLDC_PSP.pdf,200,1139798,d9043ac02eaa6c40c762208ff1f9bcaef97a49277ee0f60afc6d48d98ee2f4b3,2026-09-14T13:57:54,04.02.21_NLDC_PSP|04-02-2021|attachment/pdf
https://webcdn.grid-india.in/files/grdw/uploads/download-manager-files/05.02.21_NLDC_PSP.pdf,2020-21/05.02.21_NLDC_PSP.pdf,200,1139906,0f409212abdb0b6ef006f8f121aeafd38c9c833e79f494f16e63e36718bf0a48,2026-09-14T13:57:55,05.02.21_NLDC_PSP|05-02-2021|attachment/pdf
https://webcdn.grid-india.in/files/grdw/uploads/download-manager-files/06.02.21_NLDC_PSP.pdf,2020-21/06.02.21_NLDC_PSP.pdf,200,210565,d6437daa2c2488b826b4288a101ebfbc309d6e958e383772672408869dc1f15d,2026-09-14T13:57:55,06.02.21_NLDC_PSP|06-02-2021|attachment/pdf
https://webcdn.grid-india.in/files/grdw/uploads/download-manager-files/07.02.21_NLDC_PSP.pdf,2020-21/07.02.21_NLDC_PSP.pdf,200,213940,66a876d4bf90a8a0d072985d096b6b68a2200cd1ee7df81f7ad71d9b6028859a,2026-09-14T13:57:55,07.02.21_NLDC_PSP|07-02-2021|attachment/pdf
https://webcdn.grid-india.in/files/grdw/uploads/download-manager-files/08.02.21_NLDC_PSP.pdf,2020-21/08.02.21_NLDC_PSP.pdf,200,1130396,de5edd95f7228507a30537d0a6db5d6532232ff92c02841d21c856d6b88459b0,2026-09-14T13:57:56,08.02.21_NLDC_PSP|08-02-2021|attachment/pdf
https://webcdn.grid-india.in/files/grdw/uploads/download-manager-files/09.02.21_NLDC_PSP.pdf,2020-21/09.02.21_NLDC_PSP.pdf,200,1129117,cd807ceaec8c23edd86d17a4187e62520838c5d5891a1679799f77fbd53587d1,2026-09-14T13:57:57,09.02.21_NLDC_PSP|09-02-2021|attachment/pdf
https://webcdn.grid-india.in/files/grdw/uploads/download-manager-files/10.02.21_NLDC_PSP.pdf,2020-21/10.02.21_NLDC_PSP.pdf,200,1207084,3092fce13fd9dfcacda244ecedb103370e9ce12d42a95c4e1b1e9e0f60ba1f48,2026-09-14T13:57:58,10.02.21_NLDC_PSP|10-02-2021|attachment/pdf
https://webcdn.grid-india.in/files/grdw/uploads/download-manager-files/11.02.21_NLDC_PSP.pdf,2020-21/11.02.21_NLDC_PSP.pdf,200,1218235,6bb77a282491df57c2b20295eb620d2e190a9863c3c73f5ba27f11bfaf4d6226,2026-09-14T13:57:58,11.02.21_NLDC_PSP|11-02-2021|attachment/pdf
https://webcdn.grid-india.in/files/grdw/uploads/download-manager-files/12.02.21_NLDC_PSP.pdf,2020-21/12.02.21_NLDC_PSP.pdf,200,1138524,cd05ba02d0d2a48d7f8c83f19b0d218b84a6cf1a69ce10001f9b5c0788c9851f,2026-09-14T13:57:59,12.02.21_NLDC_PSP|12-02-2021|attachment/pdf
https://webcdn.grid-india.in/files/grdw/uploads/download-manager-files/13.02.21_NLDC_PSP.pdf,2020-21/13.02.21_NLDC_PSP.pdf,200,1140248,0f4ec33ebe04e486eb27e75592beb2996b97d59c3ad6ab16ff962a22e7e4e432,2026-09-14T13:57:59,13.02.21_NLDC_PSP|13-02-2021|attachment/pdf
https://webcdn.grid-india.in/files/grdw/uploads/download-manager-files/14.02.21_NLDC_PSP.pdf,2020-21/14.02.21_NLDC_PSP.pdf,200,1135046,c217c0ed150fc07a2a5721067f7f03c801ceaf603554bdd9797edb041c766916,2026-09-14T13:58:00,14.02.21_NLDC_PSP|14-02-2021|attachment/pdf
https://webcdn.grid-india.in/files/grdw/uploads/download-manager-files/15.02.21_NLDC_PSP.pdf,2020-21/15.02.21_NLDC_PSP.pdf,200,1135279,a9a050b9312114c94b10076edcf3d70fc7634a27d8bdba48585f0aa6cf9c603e,2026-09-14T13:58:01,15.02.21_NLDC_PSP|15-02-2021|attachment/pdf
https://webcdn.grid-india.in/files/grdw/uploads/download-manager-files/16.02.21_NLDC_PSP.pdf,2020-21/16.02.21_NLDC_PSP.pdf,200,1136960,bf68400d2f32293a718f0a01fe1ff1e8a55ec1d1c80f9be9179cb70097ce2d48,2026-09-14T13:58:01,16.02.21_NLDC_PSP|16-02-2021|attachment/pdf
https://webcdn.grid-india.in/files/grdw/uploads/download-manager-files/17.02.21_NLDC_PSP.pdf,2020-21/17.02.21_NLDC_PSP.pdf,200,295415,5b1257f5512de7c558c4baccb060cf1f28032eb723a50a4c717f8d1114a052ab,2026-09-14T13:58:02,17.02.21_NLDC_PSP|17-02-2021|attachment/pdf
https://webcdn.grid-india.in/files/grdw/uploads/download-manager-files/18.02.21_NLDC_PSP.pdf,2020-21/18.02.21_NLDC_PSP.pdf,200,295415,5b1257f5512de7c558c4baccb060cf1f28032eb723a50a4c717f8d1114a052ab,2026-09-14T13:58:02,18.02.21_NLDC_PSP|18-02-2021|attachment/pdf
https://webcdn.grid-india.in/files/grdw/uploads/download-manager-files/19.02.21_NLDC_PSP.pdf,2020-21/19.02.21_NLDC_PSP.pdf,200,208570,6e7e84a801a0059760a0f02c42ada6b55142eee17e4a442808bc898844a900c3,2026-09-14T13:58:03,19.02.21_NLDC_PSP|19-02-2021|attachment/pdf
https://webcdn.grid-india.in/files/grdw/uploads/download-manager-files/20.02.21_NLDC_PSP.pdf,2020-21/20.02.21_NLDC_PSP.pdf,200,1138688,b168e0cc596e0bf4c76ee277c23ba99eef67280269b79af457d0600c73f27b39,2026-09-14T13:58:04,20.02.21_NLDC_PSP|20-02-2021|attachment/pdf
https://webcdn.grid-india.in/files/grdw/uploads/download-manager-files/21.02.21_NLDC_PSP.pdf,2020-21/21.02.21_NLDC_PSP.pdf,200,1138671,35702d5991009065e50a4df91bcfa423edd2821cbf827206e5a9bdd92556cc0f,2026-09-14T13:58:04,21.02.21_NLDC_PSP|21-02-2021|attachment/pdf
https://webcdn.grid-india.in/files/grdw/uploads/download-manager-files/22.02.21_NLDC_PSP.pdf,2020-21/22.02.21_NLDC_PSP.pdf,200,216475,dc0f8aee216bbd8de2a1f9fadb9c7f950a22147ce359eeecd1354ccd26372aec,2026-09-14T13:58:04,22.02.21_NLDC_PSP|22-02-2021|attachment/pdf
https://webcdn.grid-india.in/files/grdw/uploads/download-manager-files/23.02.21_NLDC_PSP.pdf,2020-21/23.02.21_NLDC_PSP.pdf,200,213920,72ee6633c428929d29c97d47ffa3f699c2de9f63d68caa7249cc6b326afca84a,2026-09-14T13:58:05,23.02.21_NLDC_PSP|23-02-2021|attachment/pdf
https://webcdn.grid-india.in/files/grdw/uploads/download-manager-files/24.02.21_NLDC_PSP.pdf,2020-21/24.02.21_NLDC_PSP.pdf,200,1139073,515212fad2a6ecb18ab128e69f35310616433c3f97b6c33e7ec0e3306df6141d,2026-09-14T13:58:06,24.02.21_NLDC_PSP|24-02-2021|attachment/pdf
https://webcdn.grid-india.in/files/grdw/uploads/download-manager-files/25.02.21_NLDC_PSP.pdf,2020-21/25.02.21_NLDC_PSP.pdf,200,1136035,a16255176e2e5190f32b95966862f7447e18eaba68bc981ee0aa3f9a9cd48967,2026-09-14T13:58:06,25.02.21_NLDC_PSP|25-02-2021|attachment/pdf
https://webcdn.grid-india.in/files/grdw/uploads/download-manager-files/26.02.21_NLDC_PSP.pdf,2020-21/26.02.21_NLDC_PSP.pdf,200,1140253,ab96919f36a272c48ff87cd5179f673fac8aeb6730e623e15b8b3a90afd55991,2026-09-14T13:58:07,26.02.21_NLDC_PSP|26-02-2021|attachment/pdf
https://webcdn.grid-india.in/files/grdw/uploads/download-manager-files/27.02.21_NLDC_PSP.pdf,2020-21/27.02.21_NLDC_PSP.pdf,200,1140253,ab96919f36a272c48ff87cd5179f673fac8aeb6730e623e15b8b3a90afd55991,2026-09-14T13:58:08,27.02.21_NLDC_PSP|27-02-2021|attachment/pdf
https://webcdn.grid-india.in/files/grdw/uploads/download-manager-files/28.02.21_NLDC_PSP.pdf,2020-21/28.02.21_NLDC_PSP.pdf,200,1142343,f115a40214ef31c41fb0b66bffd5b743b19fe5fede513f47c0d82b0d2740ac2b,2026-09-14T13:58:08,28.02.21_NLDC_PSP|28-02-2021|attachment/pdf
https://webcdn.grid-india.in/files/grdw/uploads/download-manager-files/01.03.21_NLDC_PSP.pdf,2020-21/01.03.21_NLDC_PSP.pdf,200,1212142,73d3b8106defa7db3c757e1654057d69b28de9e3614de1018d2c879a14ef0d89,2026-09-14T13:58:09,01.03.21_NLDC_PSP|01-03-2021|attachment/pdf
https://webcdn.grid-india.in/files/grdw/uploads/download-manager-files/02.03.21_NLDC_PSP.pdf,2020-21/02.03.21_NLDC_PSP.pdf,200,277401,9178fe11a39d4c5afe7b94aafe16a30052e410088509bf5b769323b3626656ab,2026-09-14T13:58:09,02.03.21_NLDC_PSP|02-03-2021|attachment/pdf
https://webcdn.grid-india.in/files/grdw/uploads/download-manager-files/03.03.21_NLDC_PSP.pdf,2020-21/03.03.21_NLDC_PSP.pdf,200,279316,46657d52313721cac816287c60deb40811640bda53a0f3c4e6f9e5337c21c4dd,2026-09-14T13:58:10,03.03.21_NLDC_PSP|03-03-2021|attachment/pdf
https://webcdn.grid-india.in/files/grdw/uploads/download-manager-files/04.03.21_NLDC_PSP.pdf,2020-21/04.03.21_NLDC_PSP.pdf,200,1251917,497fa6c526f3398d0f70c99e0b49db272a7f92b4ed775d2fb39ae1349da752b1,2026-09-14T13:58:11,04.03.21_NLDC_PSP|04-03-2021|attachment/pdf
https://webcdn.grid-india.in/files/grdw/uploads/download-manager-files/05.03.21_NLDC_PSP.pdf,2020-21/05.03.21_NLDC_PSP.pdf,200,1257645,563b9050fa70d13347a0d6c907e28198d0c63e635fe0b1e69b3cb5c8780a9087,2026-09-14T13:58:11,05.03.21_NLDC_PSP|05-03-2021|attachment/pdf
https://webcdn.grid-india.in/files/grdw/uploads/download-manager-files/06.03.21_NLDC_PSP.pdf,2020-21/06.03.21_NLDC_PSP.pdf,200,333883,ecc170c9c09f6e41f5e1254abadfd5a84a9724353eeda12d7180d60ac69b211b,2026-09-14T13:58:12,06.03.21_NLDC_PSP|06-03-2021|attachment/pdf
https://webcdn.grid-india.in/files/grdw/uploads/download-manager-files/07.03.21_NLDC_PSP.pdf,2020-21/07.03.21_NLDC_PSP.pdf,200,1257789,ac01a590a1ed16323bd6fb7606a45e301e7a8f64ed8e13b608c24598666bb4d8,2026-09-14T13:58:13,07.03.21_NLDC_PSP|07-03-2021|attachment/pdf
https://webcdn.grid-india.in/files/grdw/uploads/download-manager-files/08.03.21_NLDC_PSP.pdf,2020-21/08.03.21_NLDC_PSP.pdf,200,1258020,29cdd276481de3d32a28759576e5497cbfb2c22ffe5f1eb61a29910a25e8b964,2026-09-14T13:58:13,08.03.21_NLDC_PSP|08-03-2021|attachment/pdf
https://webcdn.grid-india.in/files/grdw/uploads/download-manager-files/09.03.21_NLDC_PSP.pdf,2020-21/09.03.21_NLDC_PSP.pdf,200,1255780,c331b1fd595efcd6e486cb53e069acd26e2c67b9a653f1598a3834c7eec44ae9,2026-09-14T13:58:14,09.03.21_NLDC_PSP|09-03-2021|attachment/pdf
https://webcdn.grid-india.in/files/grdw/uploads/download-manager-files/10.03.21_NLDC_PSP.pdf,2020-21/10.03.21_NLDC_PSP.pdf,200,1212062,a6cf1f36dcf5658d9a1d456a7d542f98dc6fb9797c0a567e5607b4fefa35e374,2026-09-14T13:58:14,10.03.21_NLDC_PSP|10-03-2021|attachment/pdf
https://webcdn.grid-india.in/files/grdw/uploads/download-manager-files/11.03.21_NLDC_PSP.pdf,2020-21/11.03.21_NLDC_PSP.pdf,200,1212058,6d402d36f2970909dfdd553c179e5d7649a1deec42ed83870fbf0ff62fe8c2cc,2026-09-14T13:58:15,11.03.21_NLDC_PSP|11-03-2021|attachment/pdf
https://webcdn.grid-india.in/files/grdw/uploads/download-manager-files/12.03.21_NLDC_PSP.pdf,2020-21/12.03.21_NLDC_PSP.pdf,200,1209493,29fc678288f143082aaa350972e6f48deb1e40439762cafb104c83a69bf44756,2026-09-14T13:58:15,12.03.21_NLDC_PSP|12-03-2021|attachment/pdf
https://webcdn.grid-india.in/files/grdw/uploads/download-manager-files/13.03.21_NLDC_PSP.pdf,2020-21/13.03.21_NLDC_PSP.pdf,200,1204837,6c303ac9c51875563f83ca03a241e6aa413bdcaaf849b5031d0f5a4153bc8606,2026-09-14T13:58:16,13.03.21_NLDC_PSP|13-03-2021|attachment/pdf
https://webcdn.grid-india.in/files/grdw/uploads/download-manager-files/14.03.21_NLDC_PSP.pdf,2020-21/14.03.21_NLDC_PSP.pdf,200,1212822,45b2d4cbf062d264264694c08f2208b7a6c89693aaaf667920b5592cb19ac05a,2026-09-14T13:58:16,14.03.21_NLDC_PSP|14-03-2021|attachment/pdf
https://webcdn.grid-india.in/files/grdw/uploads/download-manager-files/15.03.21_NLDC_PSP.pdf,2020-21/15.03.21_NLDC_PSP.pdf,200,218659,caf476f24262e3f90ec1aae3b73a06665336daf34e533a628564cf16e29e35bf,2026-09-14T13:58:16,15.03.21_NLDC_PSP|15-03-2021|attachment/pdf
https://webcdn.grid-india.in/files/grdw/uploads/download-manager-files/16.03.21_NLDC_PSP.pdf,2020-21/16.03.21_NLDC_PSP.pdf,200,1209573,e3d67f190f76e96883175f97e30b81c35900f631c60821ba3ca5cf2dd24d8990,2026-09-14T13:58:17,16.03.21_NLDC_PSP|16-03-2021|attachment/pdf
https://webcdn.grid-india.in/files/grdw/uploads/download-manager-files/17.03.21_NLDC_PSP.pdf,2020-21/17.03.21_NLDC_PSP.pdf,200,1211017,a4077b11e0199739647c41aa3ec413990f9967536e42b99d9057b8e25ca29dd4,2026-09-14T13:58:18,17.03.21_NLDC_PSP|17-03-2021|attachment/pdf
https://webcdn.grid-india.in/files/grdw/uploads/download-manager-files/18.03.21_NLDC_PSP.pdf,2020-21/18.03.21_NLDC_PSP.pdf,200,182124,120dda30a1cdcad6a07029f702f9eb9914b87fc7cf352c9e6fe16424262288f9,2026-09-14T13:58:18,18.03.21_NLDC_PSP|18-03-2021|attachment/pdf
https://webcdn.grid-india.in/files/grdw/uploads/download-manager-files/19.03.21_NLDC_PSP.pdf,2020-21/19.03.21_NLDC_PSP.pdf,200,184973,4d3d309eab8127fea62a7699703c2ff5f39f155ca0062e8acecce1944e2715bb,2026-09-14T13:58:19,19.03.21_NLDC_PSP|19-03-2021|attachment/pdf
https://webcdn.grid-india.in/files/grdw/uploads/download-manager-files/20.03.21_NLDC_PSP.pdf,2020-21/20.03.21_NLDC_PSP.pdf,200,1186485,ed717aa6ef1b27fb5561b44d14c8afb2552d8c6f6035bf5f4014698e17e4cd7f,2026-09-14T13:58:20,20.03.21_NLDC_PSP|20-03-2021|attachment/pdf
https://webcdn.grid-india.in/files/grdw/uploads/download-manager-files/21.03.21_NLDC_PSP.pdf,2020-21/21.03.21_NLDC_PSP.pdf,200,1148987,eaa5c6314e72667903ce84f8683e0f6cbb9819ceb0bf2b096c59c07d3041d831,2026-09-14T13:58:20,21.03.21_NLDC_PSP|21-03-2021|attachment/pdf
https://webcdn.grid-india.in/files/grdw/uploads/download-manager-files/22.03.21_NLDC_PSP.pdf,2020-21/22.03.21_NLDC_PSP.pdf,200,315616,4a3699a06fe5c30895a1bcb7252cf454f77ef524b43ae6483fbdb0262e50e1a7,2026-09-14T13:58:20,22.03.21_NLDC_PSP|22-03-2021|attachment/pdf
https://webcdn.grid-india.in/files/grdw/uploads/download-manager-files/23.03.21_NLDC_PSP.pdf,2020-21/23.03.21_NLDC_PSP.pdf,200,1185458,d32d91b90fa934802d4156a76de5e1cb9dca7b796cf56e08719e1789edda79f6,2026-09-14T13:58:21,23.03.21_NLDC_PSP|23-03-2021|attachment/pdf
https://webcdn.grid-india.in/files/grdw/uploads/download-manager-files/24.03.21_NLDC_PSP.pdf,2020-21/24.03.21_NLDC_PSP.pdf,200,1188059,22137815d8ee5577a373f90eef158cd4961a1d9cc8ae194c0b9263ed4f53d75d,2026-09-14T13:58:22,24.03.21_NLDC_PSP|24-03-2021|attachment/pdf
https://webcdn.grid-india.in/files/grdw/uploads/download-manager-files/25.03.21_NLDC_PSP.pdf,2020-21/25.03.21_NLDC_PSP.pdf,200,1187342,a92bc24a6f15b078b841007a07128f658e0f2b20057cfb82075f40e9301b2fb0,2026-09-14T13:58:22,25.03.21_NLDC_PSP|25-03-2021|attachment/pdf
https://webcdn.grid-india.in/files/grdw/uploads/download-manager-files/26.03.21_NLDC_PSP.pdf,2020-21/26.03.21_NLDC_PSP.pdf,200,1186270,c589ab0fb9402ca83dc5a57b7589a59e758d0a3dc5286b6890d4f42de22b16e7,2026-09-14T13:58:23,26.03.21_NLDC_PSP|26-03-2021|attachment/pdf
https://webcdn.grid-india.in/files/grdw/uploads/download-manager-files/27.03.21_NLDC_PSP.pdf,2020-21/27.03.21_NLDC_PSP.pdf,200,1187679,ba2480c8e3d095aca486b6611fac0e2ec48a7c15834388795a72a8535622b540,2026-09-14T13:58:23,27.03.21_NLDC_PSP|27-03-2021|attachment/pdf
https://webcdn.grid-india.in/files/grdw/uploads/download-manager-files/28.03.21_NLDC_PSP.pdf,2020-21/28.03.21_NLDC_PSP.pdf,200,1188126,e37fcde3c37d932b8dbc018c989ef7d22368b2b4c0889c0d84c5df8292cfc13f,2026-09-14T13:58:24,28.03.21_NLDC_PSP|28-03-2021|attachment/pdf
https://webcdn.grid-india.in/files/grdw/uploads/download-manager-files/29.03.21_NLDC_PSP.pdf,2020-21/29.03.21_NLDC_PSP.pdf,200,1451128,ccac3939cbe0b489c1f4ab7255a20f2bf4c03e97cf32c4b4dee8492c58c0be05,2026-09-14T13:58:24,29.03.21_NLDC_PSP|29-03-2021|attachment/pdf
https://webcdn.grid-india.in/files/grdw/uploads/download-manager-files/30.03.21_NLDC_PSP.pdf,2020-21/30.03.21_NLDC_PSP.pdf,200,318660,0b07fd37b497f60b822e0818c3082110a3db319a1569465d95e34ecdfc7017cc,2026-09-14T13:58:25,30.03.21_NLDC_PSP|30-03-2021|attachment/pdf
https://webcdn.grid-india.in/files/grdw/uploads/download-manager-files/31.03.21_NLDC_PSP.pdf,2020-21/31.03.21_NLDC_PSP.pdf,200,1185512,75b33943736c423708d0f52aa8a4c09f2d1fee7e33594b8d9929444f4666e6d2,2026-09-14T13:58:25,31.03.21_NLDC_PSP|31-03-2021|attachment/pdf
https://webcdn.grid-india.in/files/grdw/uploads/download-manager-files/01.04.21_NLDC_PSP.pdf,2021-22/01.04.21_NLDC_PSP.pdf,200,662178,34b54761de4459f75fc99e881a3a623d33beef5c82198783081e77d69e554ed2,2026-09-14T13:58:26,01.04.21_NLDC_PSP|01-04-2021|attachment/pdf
https://webcdn.grid-india.in/files/grdw/uploads/download-manager-files/02.04.21_NLDC_PSP.pdf,2021-22/02.04.21_NLDC_PSP.pdf,200,1178031,faa7a7b5c9e8e5047ed62fa05a7998eacbbb85a95fab9bc903542f36dfa8ca33,2026-09-14T13:58:27,02.04.21_NLDC_PSP|02-04-2021|attachment/pdf
https://webcdn.grid-india.in/files/grdw/uploads/download-manager-files/03.04.21_NLDC_PSP.pdf,2021-22/03.04.21_NLDC_PSP.pdf,200,1187648,be03aa9865f571c9c8efe7c7063efdae76b6957d92a87888a9ea060e40d52552,2026-09-14T13:58:28,03.04.21_NLDC_PSP|03-04-2021|attachment/pdf
https://webcdn.grid-india.in/files/grdw/uploads/download-manager-files/04.04.21_NLDC_PSP.pdf,2021-22/04.04.21_NLDC_PSP.pdf,200,1178730,bb7953a032babe826455aaa92e8ee170ac235d2c33e15e2e64e5a467ade9acd6,2026-09-14T13:58:28,04.04.21_NLDC_PSP|04-04-2021|attachment/pdf
https://webcdn.grid-india.in/files/grdw/2026/02/1617681764wpdm_upload_839.pdf,2021-22/1617681764wpdm_upload_839.pdf,200,1187998,fd48970b67d78551e21648a8a13a2870e540a452f2e242b8a09e59837f3a2b69,2026-09-14T13:58:29,05.04.21_NLDC_PSP|05-04-2021|application/pdf
https://webcdn.grid-india.in/files/grdw/uploads/download-manager-files/06.04.21_NLDC_PSP.pdf,2021-22/06.04.21_NLDC_PSP.pdf,200,1186122,8d0001913f6bf0e523947e9708fb986c52fc9ab381e67eb9d7a06bfc8cbc5771,2026-09-14T13:58:29,06.04.21_NLDC_PSP|06-04-2021|attachment/pdf
https://webcdn.grid-india.in/files/grdw/uploads/download-manager-files/07.04.21_NLDC_PSP.pdf,2021-22/07.04.21_NLDC_PSP.pdf,200,1187321,b2d50abcddb7482fb494ff137f3aaaa63242d2fc617d012b0f52d43283b72c46,2026-09-14T13:58:30,07.04.21_NLDC_PSP|07-04-2021|attachment/pdf
https://webcdn.grid-india.in/files/grdw/uploads/download-manager-files/08.04.21_NLDC_PSP.pdf,2021-22/08.04.21_NLDC_PSP.pdf,200,1179798,1ed0ec60a42d447de82c1fd06c2571c95fbd5e0f0f087a38fa03fbb31fc9793d,2026-09-14T13:58:30,08.04.21_NLDC_PSP|08-04-2021|attachment/pdf
https://webcdn.grid-india.in/files/grdw/uploads/download-manager-files/09.04.21_NLDC_PSP.pdf,2021-22/09.04.21_NLDC_PSP.pdf,200,1183077,386c2c0aa66c1e8898dbf800155d4a745d41bb4a5891fdad2469d573d349f04c,2026-09-14T13:58:31,09.04.21_NLDC_PSP|09-04-2021|attachment/pdf
https://webcdn.grid-india.in/files/grdw/uploads/download-manager-files/10.04.21_NLDC_PSP.pdf,2021-22/10.04.21_NLDC_PSP.pdf,200,1183259,d96b715c9f75396f56b2a9f6c33275a916cfb845aece8f85137dea76a06560e3,2026-09-14T13:58:31,10.04.21_NLDC_PSP|10-04-2021|attachment/pdf
https://webcdn.grid-india.in/files/grdw/uploads/download-manager-files/11.04.21_NLDC_PSP.pdf,2021-22/11.04.21_NLDC_PSP.pdf,200,1185494,ffba660d0535526e9fe49bf3881c14c16af8f9495d7dd4c1c85afcbd4c5f79e9,2026-09-14T13:58:32,11.04.21_NLDC_PSP|11-04-2021|attachment/pdf
https://webcdn.grid-india.in/files/grdw/uploads/download-manager-files/12.04.21_NLDC_PSP.pdf,2021-22/12.04.21_NLDC_PSP.pdf,200,1178572,d7f7d094a28fd56ef8c083831acbd58cf738b2bff9d1b6e988e5b41ef7850e58,2026-09-14T13:58:32,12.04.21_NLDC_PSP|12-04-2021|attachment/pdf
https://webcdn.grid-india.in/files/grdw/2026/02/1618372833wpdm_upload_754.pdf,2021-22/1618372833wpdm_upload_754.pdf,200,1188149,625990948dba7c49fc5752fe1d6595aa4064145771cd89d53ecba90a454383f5,2026-09-14T13:58:33,13.04.21_NLDC_PSP|13-04-2021|application/pdf
https://webcdn.grid-india.in/files/grdw/2026/02/1618459477wpdm_upload_911.pdf,2021-22/1618459477wpdm_upload_911.pdf,200,1182944,a3ea476e4f27ab929562d7812611269e6342157efd627ba955b4a954b0ffc579,2026-09-14T13:58:33,14.04.21_NLDC_PSP|14-04-2021|application/pdf
https://webcdn.grid-india.in/files/grdw/uploads/download-manager-files/15.04.21_NLDC_PSP.pdf,2021-22/15.04.21_NLDC_PSP.pdf,200,1186983,f741f1b0409da9160f83657cd2b6b92452569a495da69e09a7bc20c93152a43b,2026-09-14T13:58:34,15.04.21_NLDC_PSP|15-04-2021|attachment/pdf
https://webcdn.grid-india.in/files/grdw/uploads/download-manager-files/16.04.21_NLDC_PSP.pdf,2021-22/16.04.21_NLDC_PSP.pdf,200,1186753,e302d21542432e5b1a2ff668ff16dda106b2f46703530dec90640734e16e3646,2026-09-14T13:58:34,16.04.21_NLDC_PSP|16-04-2021|attachment/pdf
https://webcdn.grid-india.in/files/grdw/uploads/download-manager-files/17.04.21_NLDC_PSP.pdf,2021-22/17.04.21_NLDC_PSP.pdf,200,1184231,bd15e8a3173c00bef7ceac1ab4ede4b0682ea32c4bc6bdcc55a04876bbff0774,2026-09-14T13:58:35,17.04.21_NLDC_PSP|17-04-2021|attachment/pdf
https://webcdn.grid-india.in/files/grdw/uploads/download-manager-files/18.04.21_NLDC_PSP.pdf,2021-22/18.04.21_NLDC_PSP.pdf,200,1185018,283df6fdca6dff96c8a8125563cb6832fc6ccf12d0df2e867a2adc6eb1b17be5,2026-09-14T13:58:36,18.04.21_NLDC_PSP|18-04-2021|attachment/pdf
https://webcdn.grid-india.in/files/grdw/uploads/download-manager-files/19.04.21_NLDC_PSP.pdf,2021-22/19.04.21_NLDC_PSP.pdf,200,1178562,ca458b391f132339f3c09a1f6f4d7501a0247110500a0a06f9e3d57c8c1d6421,2026-09-14T13:58:36,19.04.21_NLDC_PSP|19-04-2021|attachment/pdf
https://webcdn.grid-india.in/files/grdw/uploads/download-manager-files/20.04.21_NLDC_PSP.pdf,2021-22/20.04.21_NLDC_PSP.pdf,200,1178288,3601c322620ac37e55b161615fa721fbc5890f4e149c12cc7358d5341c29e224,2026-09-14T13:58:37,20.04.21_NLDC_PSP|20-04-2021|attachment/pdf
https://webcdn.grid-india.in/files/grdw/uploads/download-manager-files/21.04.21_NLDC_PSP.pdf,2021-22/21.04.21_NLDC_PSP.pdf,200,1185725,c1c5d53468d321f943e299a4c493b5ac606ec18319738cc1b1247144a4a599ec,2026-09-14T13:58:38,21.04.21_NLDC_PSP|21-04-2021|attachment/pdf
https://webcdn.grid-india.in/files/grdw/uploads/download-manager-files/22.04.21_NLDC_PSP.pdf,2021-22/22.04.21_NLDC_PSP.pdf,200,1284223,17d6f8cf7345c9a96255647195b034486879505c3a6620bdf5fcef01c5af0546,2026-09-14T13:58:38,22.04.21_NLDC_PSP|22-04-2021|attachment/pdf
https://webcdn.grid-india.in/files/grdw/uploads/download-manager-files/23.04.21_NLDC_PSP.pdf,2021-22/23.04.21_NLDC_PSP.pdf,200,1187821,900ad064ab70edc024e75eea6d334b85f0f1dc2d2206e7c2c42be3ae8bbeab22,2026-09-14T13:58:39,23.04.21_NLDC_PSP|23-04-2021|attachment/pdf
https://webcdn.grid-india.in/files/grdw/uploads/download-manager-files/24.04.21_NLDC_PSP.pdf,2021-22/24.04.21_NLDC_PSP.pdf,200,209318,d3042a426944c81573c9a49504863d27e324b10329e99872a062eaa2437aa26a,2026-09-14T13:58:39,24.04.21_NLDC_PSP|24-04-2021|attachment/pdf
https://webcdn.grid-india.in/files/grdw/uploads/download-manager-files/25.04.21_NLDC_PSP.pdf,2021-22/25.04.21_NLDC_PSP.pdf,200,215611,f04a2db0e87aaeb428629484d7451fdb107acb2be3617686008b540d806d5e63,2026-09-14T13:58:40,25.04.21_NLDC_PSP|25-04-2021|attachment/pdf
https://webcdn.grid-india.in/files/grdw/uploads/download-manager-files/26.04.21_NLDC_PSP.pdf,2021-22/26.04.21_NLDC_PSP.pdf,200,1184707,ab6065d711d81c93953863a35a1074f1d74fc4aaf319197a136a871e2c5f4b74,2026-09-14T13:58:41,26.04.21_NLDC_PSP|26-04-2021|attachment/pdf
https://webcdn.grid-india.in/files/grdw/uploads/download-manager-files/27.04.21_NLDC_PSP.pdf,2021-22/27.04.21_NLDC_PSP.pdf,200,1186911,7e80a6ee4ddc273783e0c7ef0de0e2b971c9f6fb4e43f454fcd4d49a998f884f,2026-09-14T13:58:41,27.04.21_NLDC_PSP|27-04-2021|attachment/pdf
https://webcdn.grid-india.in/files/grdw/uploads/download-manager-files/28.04.21_NLDC_PSP.pdf,2021-22/28.04.21_NLDC_PSP.pdf,200,1187586,4b3001d0d026dcb93cf3f38138a498daef9e38e2cd5d6fc1feef47791775a8bd,2026-09-14T13:58:42,28.04.21_NLDC_PSP|28-04-2021|attachment/pdf
https://webcdn.grid-india.in/files/grdw/uploads/download-manager-files/29.04.21_NLDC_PSP.pdf,2021-22/29.04.21_NLDC_PSP.pdf,200,1185843,1dc3c9b6e6e46e3ac6aaf44d8f414787f65c5ede783b080589946ce823d1f4e9,2026-09-14T13:58:42,29.04.21_NLDC_PSP|29-04-2021|attachment/pdf
https://webcdn.grid-india.in/files/grdw/uploads/download-manager-files/30.04.21_NLDC_PSP.pdf,2021-22/30.04.21_NLDC_PSP.pdf,200,1187801,bd56c650a55c0f86341f5e0c1482c00c2a8a945d90f66f8f94042c676fee4151,2026-09-14T13:58:43,30.04.21_NLDC_PSP|30-04-2021|attachment/pdf
https://webcdn.grid-india.in/files/grdw/uploads/download-manager-files/01.05.21_NLDC_PSP.pdf,2021-22/01.05.21_NLDC_PSP.pdf,200,1236657,2725ebb3d7450d14844fd0a4e23b9411f655daaf94fc7700add2af774591be1d,2026-09-14T13:58:44,01.05.21_NLDC_PSP|01-05-2021|attachment/pdf
https://webcdn.grid-india.in/files/grdw/uploads/download-manager-files/02.05.21_NLDC_PSP.pdf,2021-22/02.05.21_NLDC_PSP.pdf,200,1236645,6ae780519528d0b7dc252018fd8b0d09dc635739bb713db61d733f11a43a9fa5,2026-09-14T13:58:44,02.05.21_NLDC_PSP|02-05-2021|attachment/pdf
https://webcdn.grid-india.in/files/grdw/uploads/download-manager-files/03.05.21_NLDC_PSP.pdf,2021-22/03.05.21_NLDC_PSP.pdf,200,203663,6e66884bd24d564b1b33f76c567960689b3b7afe387565227bee6b092c769c92,2026-09-14T13:58:45,03.05.21_NLDC_PSP|03-05-2021|attachment/pdf
https://webcdn.grid-india.in/files/grdw/uploads/download-manager-files/04.05.21_NLDC_PSP.pdf,2021-22/04.05.21_NLDC_PSP.pdf,200,1238252,ef2c5cf0b39d02bea8d5a96aa963628a99ff4fd1ed63a199fd24ee5d54ec37ad,2026-09-14T13:58:45,04.05.21_NLDC_PSP|04-05-2021|attachment/pdf
https://webcdn.grid-india.in/files/grdw/uploads/download-manager-files/05.05.21_NLDC_PSP.pdf,2021-22/05.05.21_NLDC_PSP.pdf,200,1236653,a5dbc71d2ae7e378dd54a6859b2effc7a107ae8545e9f07df9a80264e4581edb,2026-09-14T13:58:46,05.05.21_NLDC_PSP|05-05-2021|attachment/pdf
https://webcdn.grid-india.in/files/grdw/uploads/download-manager-files/06.05.21_NLDC_PSP.pdf,2021-22/06.05.21_NLDC_PSP.pdf,200,1236704,8351c83e132356f9ed42379f4f4db1f703cf8fcf4c38f06682f276cbd2775c51,2026-09-14T13:58:47,06.05.21_NLDC_PSP|06-05-2021|attachment/pdf
https://webcdn.grid-india.in/files/grdw/uploads/download-manager-files/07.05.21_NLDC_PSP.pdf,2021-22/07.05.21_NLDC_PSP.pdf,200,1237843,0073c84ec6cce65676206106d10d5667c605ea5f69142c23af1226c499dae0bd,2026-09-14T13:58:47,07.05.21_NLDC_PSP|07-05-2021|attachment/pdf
https://webcdn.grid-india.in/files/grdw/uploads/download-manager-files/08.05.21_NLDC_PSP.pdf,2021-22/08.05.21_NLDC_PSP.pdf,200,1239212,66c8918b172b3a8b7d4020db330b27e5e2011401cd7615fb8a303f9f5eb6f3a0,2026-09-14T13:58:48,08.05.21_NLDC_PSP|08-05-2021|attachment/pdf
https://webcdn.grid-india.in/files/grdw/uploads/download-manager-files/09.05.21_NLDC_PSP.pdf,2021-22/09.05.21_NLDC_PSP.pdf,200,1237496,99320425cb0d3f46d4c7570a7018ce30931878adbbc4d619adf56978637f6028,2026-09-14T13:58:48,09.05.21_NLDC_PSP|09-05-2021|attachment/pdf
https://webcdn.grid-india.in/files/grdw/uploads/download-manager-files/10.05.21_NLDC_PSP.pdf,2021-22/10.05.21_NLDC_PSP.pdf,200,1237455,589781692068e00318e6a62ea9231868c455dadf24c052d8ed8f405b6ea6dae9,2026-09-14T13:58:49,10.05.21_NLDC_PSP|10-05-2021|attachment/pdf
https://webcdn.grid-india.in/files/grdw/uploads/download-manager-files/11.05.21_NLDC_PSP.pdf,2021-22/11.05.21_NLDC_PSP.pdf,200,1237422,88df4030f2cd6dec9a4ae731c0129ad17fea9962e7ef4ea874c1c00e1d0cf9ef,2026-09-14T13:58:49,11.05.21_NLDC_PSP|11-05-2021|attachment/pdf
https://webcdn.grid-india.in/files/grdw/uploads/download-manager-files/12.05.21_NLDC_PSP.pdf,2021-22/12.05.21_NLDC_PSP.pdf,200,1237497,d8757d36f92f03b4abd084334ef63fdbdaf6f14ac85b469562e7a5f0b4217ff8,2026-09-14T13:58:50,12.05.21_NLDC_PSP|12-05-2021|attachment/pdf
https://webcdn.grid-india.in/files/grdw/uploads/download-manager-files/13.05.21_NLDC_PSP.pdf,2021-22/13.05.21_NLDC_PSP.pdf,200,1239352,d3224aa8796c218713308649acc24fc0e26418ae721a6c0cbb221700f2fb0657,2026-09-14T13:58:51,13.05.21_NLDC_PSP|13-05-2021|attachment/pdf
https://webcdn.grid-india.in/files/grdw/uploads/download-manager-files/14.05.21_NLDC_PSP.pdf,2021-22/14.05.21_NLDC_PSP.pdf,200,1238998,bbf9a17b6a11b77b79f36eced2094b92ff69ce038e40dd5748e2e0dd1cb70ce9,2026-09-14T13:58:51,14.05.21_NLDC_PSP|14-05-2021|attachment/pdf
https://webcdn.grid-india.in/files/grdw/uploads/download-manager-files/15.05.21_NLDC_PSP.pdf,2021-22/15.05.21_NLDC_PSP.pdf,200,1237426,3331d9b13588858dbedfae7110826e794786394bfb99da57193e4c2d2225c489,2026-09-14T13:58:52,15.05.21_NLDC_PSP|15-05-2021|attachment/pdf
https://webcdn.grid-india.in/files/grdw/uploads/download-manager-files/16.05.21_NLDC_PSP.pdf,2021-22/16.05.21_NLDC_PSP.pdf,200,1237423,a36a9fb2029bc5b1039823bcbcf40bb76fe3f2c63f45cc40d2381538cd17892c,2026-09-14T13:58:54,16.05.21_NLDC_PSP|16-05-2021|attachment/pdf
https://webcdn.grid-india.in/files/grdw/uploads/download-manager-files/17.05.21_NLDC_PSP.pdf,2021-22/17.05.21_NLDC_PSP.pdf,200,1231374,fd4ca9706d367a93f7b2832476dbfe7d77118fe3ce30636f9f4cefa6ed3f176a,2026-09-14T13:58:55,17.05.21_NLDC_PSP|17-05-2021|attachment/pdf
https://webcdn.grid-india.in/files/grdw/uploads/download-manager-files/18.05.21_NLDC_PSP.pdf,2021-22/18.05.21_NLDC_PSP.pdf,200,1181817,82b5d9a490b552759eb6393fbc33c3c67c90f8a935778a48392d736dc272061e,2026-09-14T13:58:56,18.05.21_NLDC_PSP|18-05-2021|attachment/pdf
https://webcdn.grid-india.in/files/grdw/uploads/download-manager-files/19.05.21_NLDC_PSP.pdf,2021-22/19.05.21_NLDC_PSP.pdf,200,1237375,d231b32d7c099522a8ab5c60b4d5e171b9d46c760b0f9688e1ac1efdf3a9c5bd,2026-09-14T13:58:56,19.05.21_NLDC_PSP|19-05-2021|attachment/pdf
https://webcdn.grid-india.in/files/grdw/uploads/download-manager-files/20.05.21_NLDC_PSP.pdf,2021-22/20.05.21_NLDC_PSP.pdf,200,1237370,d7e6a8803fea47146583fa9ae011ad6f292d8d0bd5bbfd55383c761a78fb6f80,2026-09-14T13:58:57,20.05.21_NLDC_PSP|20-05-2021|attachment/pdf
https://webcdn.grid-india.in/files/grdw/uploads/download-manager-files/21.05.21_NLDC_PSP.pdf,2021-22/21.05.21_NLDC_PSP.pdf,200,1230027,153d19e93704dc32cff7fd2c95396c2ee540efba9f9dc2c7fd056283bbd4e23e,2026-09-14T13:58:58,21.05.21_NLDC_PSP|21-05-2021|attachment/pdf
https://webcdn.grid-india.in/files/grdw/uploads/download-manager-files/22.05.21_NLDC_PSP.pdf,2021-22/22.05.21_NLDC_PSP.pdf,200,1230372,f73d97d52f41fba3fb0273d45ab08088aa508059cdc41bd6c3b22f77364599f1,2026-09-14T13:58:58,22.05.21_NLDC_PSP|22-05-2021|attachment/pdf
https://webcdn.grid-india.in/files/grdw/uploads/download-manager-files/23.05.21_NLDC_PSP.pdf,2021-22/23.05.21_NLDC_PSP.pdf,200,1239295,45f68e103688399a9e4c678a399c69ceb9f76b9c4eb562c9911776fa1c97fd8e,2026-09-14T13:58:59,23.05.21_NLDC_PSP|23-05-2021|attachment/pdf
https://webcdn.grid-india.in/files/grdw/uploads/download-manager-files/24.05.21_NLDC_PSP.pdf,2021-22/24.05.21_NLDC_PSP.pdf,200,1239111,cb80481785b439753ca972df439251f0a5a25668d5761f21aea2a392302c158a,2026-09-14T13:58:59,24.05.21_NLDC_PSP|24-05-2021|attachment/pdf
https://webcdn.grid-india.in/files/grdw/uploads/download-manager-files/25.05.21_NLDC_PSP.pdf,2021-22/25.05.21_NLDC_PSP.pdf,200,1230278,5e0617be0699eb357797f8d27358a0f1ee5e68163510be0314a12b6c8041eeea,2026-09-14T13:59:00,25.05.21_NLDC_PSP|25-05-2021|attachment/pdf
https://webcdn.grid-india.in/files/grdw/uploads/download-manager-files/26.05.21_NLDC_PSP.pdf,2021-22/26.05.21_NLDC_PSP.pdf,200,1230022,8fda8b59963f4dab584db042e332a4d9bdb0e03d578199f66610e21b9a093c23,2026-09-14T13:59:00,26.05.21_NLDC_PSP|26-05-2021|attachment/pdf
https://webcdn.grid-india.in/files/grdw/uploads/download-manager-files/27.05.21_NLDC_PSP.pdf,2021-22/27.05.21_NLDC_PSP.pdf,200,1231638,0d45955b8b6b03e3f4f2a9e98dc389484e1e17169301b4bd0f9cc81e110d520e,2026-09-14T13:59:01,27.05.21_NLDC_PSP|27-05-2021|attachment/pdf
https://webcdn.grid-india.in/files/grdw/uploads/download-manager-files/28.05.21_NLDC_PSP.pdf,2021-22/28.05.21_NLDC_PSP.pdf,200,1232209,edfc2447a6cccfa96f0a9e3c8532036d4aee087d7581b08174e8dea977d0b19c,2026-09-14T13:59:02,28.05.21_NLDC_PSP|28-05-2021|attachment/pdf
https://webcdn.grid-india.in/files/grdw/uploads/download-manager-files/29.05.21_NLDC_PSP.pdf,2021-22/29.05.21_NLDC_PSP.pdf,200,1230466,75c62501a2a57f6dfdd9388bcdcbf9073c57298d015190751d0b76f1b7779771,2026-09-14T13:59:02,29.05.21_NLDC_PSP|29-05-2021|attachment/pdf
https://webcdn.grid-india.in/files/grdw/uploads/download-manager-files/30.05.21_NLDC_PSP.pdf,2021-22/30.05.21_NLDC_PSP.pdf,200,1239332,f182ba2479d7fa3cd5815c50523b84d30ce32a3b7e8b59bb50511ff847dbed4c,2026-09-14T13:59:03,30.05.21_NLDC_PSP|30-05-2021|attachment/pdf
https://webcdn.grid-india.in/files/grdw/uploads/download-manager-files/31.05.21_NLDC_PSP.pdf,2021-22/31.05.21_NLDC_PSP.pdf,200,1328280,8f9c6efdf93fc6dba469959994489dd77c105f46df021d03300a34481eb3eaea,2026-09-14T13:59:04,31.05.21_NLDC_PSP|31-05-2021|attachment/pdf
https://webcdn.grid-india.in/files/grdw/uploads/download-manager-files/01.06.21_NLDC_PSP.pdf,2021-22/01.06.21_NLDC_PSP.pdf,200,1372535,54f9e8548880e7d96dcf5167b70fd512c0b5c0ffa269987e74fdb9cf2c556c51,2026-09-14T13:59:05,01.06.21_NLDC_PSP|01-06-2021|attachment/pdf
https://webcdn.grid-india.in/files/grdw/uploads/download-manager-files/02.06.21_NLDC_PSP.pdf,2021-22/02.06.21_NLDC_PSP.pdf,200,1315925,ebd8c21ed4fac4e59fbd9c2089a51ce87d3aafe7b7ab0aa4bacd7d757481d9a8,2026-09-14T13:59:06,02.06.21_NLDC_PSP|02-06-2021|attachment/pdf
https://webcdn.grid-india.in/files/grdw/uploads/download-manager-files/03.06.21_NLDC_PSP.pdf,2021-22/03.06.21_NLDC_PSP.pdf,200,1317420,05e827654c60271a8f07aba26dd6859deba572ead5956e5830e0e0f7ac8a731d,2026-09-14T13:59:06,03.06.21_NLDC_PSP|03-06-2021|attachment/pdf
https://webcdn.grid-india.in/files/grdw/uploads/download-manager-files/04.06.21_NLDC_PSP.pdf,2021-22/04.06.21_NLDC_PSP.pdf,200,1323162,ddba47af276393043bb1020ceb0751d707bda4708f2fdde1762429a7d6111412,2026-09-14T13:59:07,04.06.21_NLDC_PSP|04-06-2021|attachment/pdf
https://webcdn.grid-india.in/files/grdw/uploads/download-manager-files/05.06.21_NLDC_PSP.pdf,2021-22/05.06.21_NLDC_PSP.pdf,200,1323289,90b90b94b7c024e8f8582221a7a756bb540a284c24fd0f6439cd3940272af9bb,2026-09-14T13:59:07,05.06.21_NLDC_PSP|05-06-2021|attachment/pdf
https://webcdn.grid-india.in/files/grdw/uploads/download-manager-files/06.06.21_NLDC_PSP.pdf,2021-22/06.06.21_NLDC_PSP.pdf,200,1321496,59cec13e1084357fe441a1c71fa82f215dbdef9221c6132d3f385dbafb447de2,2026-09-14T13:59:08,06.06.21_NLDC_PSP|06-06-2021|attachment/pdf
https://webcdn.grid-india.in/files/grdw/uploads/download-manager-files/07.06.21_NLDC_PSP.pdf,2021-22/07.06.21_NLDC_PSP.pdf,200,1322856,faaaeb75dc7b5db3583420742ed7cf281241d989956b36e185cc738f71273b4d,2026-09-14T13:59:09,07.06.21_NLDC_PSP|07-06-2021|attachment/pdf
https://webcdn.grid-india.in/files/grdw/uploads/download-manager-files/08.06.21_NLDC_PSP.pdf,2021-22/08.06.21_NLDC_PSP.pdf,200,1323518,8a98cde331121c9fe5ab82c3e67ed9ec396a2f894a68372bf2a488b707e0fc9d,2026-09-14T13:59:10,08.06.21_NLDC_PSP|08-06-2021|attachment/pdf
https://webcdn.grid-india.in/files/grdw/uploads/download-manager-files/09.06.21_NLDC_PSP.pdf,2021-22/09.06.21_NLDC_PSP.pdf,200,1322250,2b01422dc9eac54509b9a72478506e1391898300a476be10eef3b1eeec962c86,2026-09-14T13:59:10,09.06.21_NLDC_PSP|09-06-2021|attachment/pdf
https://webcdn.grid-india.in/files/grdw/uploads/download-manager-files/10.06.21_NLDC_PSP.pdf,2021-22/10.06.21_NLDC_PSP.pdf,200,1319216,43af608105cca16aec900a33b6272e0546a270d7b692ea520d58edbc299d9982,2026-09-14T13:59:11,10.06.21_NLDC_PSP|10-06-2021|attachment/pdf
https://webcdn.grid-india.in/files/grdw/uploads/download-manager-files/11.06.21_NLDC_PSP.pdf,2021-22/11.06.21_NLDC_PSP.pdf,200,1322057,89567603b3fce3d7c7dda12b8f05b419f370c43ee6292f362e5ce31a57e9d659,2026-09-14T13:59:12,11.06.21_NLDC_PSP|11-06-2021|attachment/pdf
https://webcdn.grid-india.in/files/grdw/uploads/download-manager-files/12.06.21_NLDC_PSP.pdf,2021-22/12.06.21_NLDC_PSP.pdf,200,1321357,cea99de8b6000b29f52cdd634c486da826d06baa6ece9115db6a544461689cfc,2026-09-14T13:59:13,12.06.21_NLDC_PSP|12-06-2021|attachment/pdf
https://webcdn.grid-india.in/files/grdw/uploads/download-manager-files/13.06.21_NLDC_PSP.pdf,2021-22/13.06.21_NLDC_PSP.pdf,200,1323568,2e4d2275fabbbf8566e96b86f6aa0c10a98ffcda738b8cb5d24b545914638bc3,2026-09-14T13:59:13,13.06.21_NLDC_PSP|13-06-2021|attachment/pdf
https://webcdn.grid-india.in/files/grdw/uploads/download-manager-files/14.06.21_NLDC_PSP.pdf,2021-22/14.06.21_NLDC_PSP.pdf,200,1323187,d424e8718f61209eade68bb58b57f867719c2b48781024cbadbbb1ed9bdd01c0,2026-09-14T13:59:14,14.06.21_NLDC_PSP|14-06-2021|attachment/pdf
https://webcdn.grid-india.in/files/grdw/uploads/download-manager-files/15.06.21_NLDC_PSP.pdf,2021-22/15.06.21_NLDC_PSP.pdf,200,1323315,fc6b8465cc82b9e95fc096bb870c722b95a705b2a15deda5f28b46021cd86bb6,2026-09-14T13:59:15,15.06.21_NLDC_PSP|15-06-2021|attachment/pdf
https://webcdn.grid-india.in/files/grdw/uploads/download-manager-files/16.06.21_NLDC_PSP.pdf,2021-22/16.06.21_NLDC_PSP.pdf,200,1314917,f5bf7f97423a6a97d2fb658a97022fd0035f65a745c856dd159b88a542577552,2026-09-14T13:59:15,16.06.21_NLDC_PSP|16-06-2021|attachment/pdf
https://webcdn.grid-india.in/files/grdw/uploads/download-manager-files/17.06.21_NLDC_PSP.pdf,2021-22/17.06.21_NLDC_PSP.pdf,200,1315512,ba69341716f095a0cbc0514718946f304268aa0d5cef89e1984b216fadb50189,2026-09-14T13:59:16,17.06.21_NLDC_PSP|17-06-2021|attachment/pdf
https://webcdn.grid-india.in/files/grdw/uploads/download-manager-files/18.06.21_NLDC_PSP.pdf,2021-22/18.06.21_NLDC_PSP.pdf,200,1316408,9a17f16e118b05f9eb1ac5fc951946afbc9f6719f972b37912d27fb9404082c0,2026-09-14T13:59:16,18.06.21_NLDC_PSP|18-06-2021|attachment/pdf
https://webcdn.grid-india.in/files/grdw/uploads/download-manager-files/19.06.21_NLDC_PSP.pdf,2021-22/19.06.21_NLDC_PSP.pdf,200,1314899,5b13457af36e50c1e9f7637c94840492959f9589ea23b9050897f4f48bae07ed,2026-09-14T13:59:17,19.06.21_NLDC_PSP|19-06-2021|attachment/pdf
https://webcdn.grid-india.in/files/grdw/uploads/download-manager-files/20.06.21_NLDC_PSP.pdf,2021-22/20.06.21_NLDC_PSP.pdf,200,1314084,63840bf1c9248c81dcaf2e45ded276d4d3e3b56b4f3f7a0f75fdbdfea2935fd4,2026-09-14T13:59:18,20.06.21_NLDC_PSP|20-06-2021|attachment/pdf
https://webcdn.grid-india.in/files/grdw/uploads/download-manager-files/21.06.21_NLDC_PSP.pdf,2021-22/21.06.21_NLDC_PSP.pdf,200,1403124,25d4bcd36c5474acc1b395701f0886402b926f9ef9718aad5ddd30f5b5adb0ac,2026-09-14T13:59:19,21.06.21_NLDC_PSP|21-06-2021|attachment/pdf
https://webcdn.grid-india.in/files/grdw/uploads/download-manager-files/22.06.21_NLDC_PSP.pdf,2021-22/22.06.21_NLDC_PSP.pdf,200,1403314,2b32a6d069c146a4f530bfa8605636045071b7a69cf3fd18e603db745ac069c4,2026-09-14T13:59:19,22.06.21_NLDC_PSP|22-06-2021|attachment/pdf
https://webcdn.grid-india.in/files/grdw/uploads/download-manager-files/23.06.21_NLDC_PSP.pdf,2021-22/23.06.21_NLDC_PSP.pdf,200,1315652,f30146fe1c8a2a9052b6ed0074f6deb0e72cc42dff479c4d3ed33fd7d8705a8e,2026-09-14T13:59:20,23.06.21_NLDC_PSP|23-06-2021|attachment/pdf
https://webcdn.grid-india.in/files/grdw/2026/02/1624595617wpdm_upload_644.pdf,2021-22/1624595617wpdm_upload_644.pdf,200,1323705,8f4ef7ee7ef30daf4249acfce1e312f01e53e61108a3b0c6424ff347bf5ea66c,2026-09-14T13:59:21,24.06.21_NLDC_PSP|24-06-2021|application/pdf
https://webcdn.grid-india.in/files/grdw/2026/02/1624682078wpdm_UPLOAD_368.pdf,2021-22/1624682078wpdm_UPLOAD_368.pdf,200,1320225,dab7916a9f03b3f98a861fa16cf3d63318c5a9d204a74a4253c66c0af2949a04,2026-09-14T13:59:21,25.06.21_NLDC_PSP|25-06-2021|application/pdf
https://webcdn.grid-india.in/files/grdw/uploads/download-manager-files/26.06.21_NLDC_PSP.pdf,2021-22/26.06.21_NLDC_PSP.pdf,200,1321536,f2d4cc0e5ff911cb49c20fa73829a4f688c743a05754d0605e24513ba98a0e95,2026-09-14T13:59:22,26.06.21_NLDC_PSP|26-06-2021|attachment/pdf
https://webcdn.grid-india.in/files/grdw/uploads/download-manager-files/27.06.21_NLDC_PSP.pdf,2021-22/27.06.21_NLDC_PSP.pdf,200,1319903,fc5206d4b0d82fa7ec9ddfb4d23680cb030d11e25532949d557aed35fd6657f8,2026-09-14T13:59:23,27.06.21_NLDC_PSP|27-06-2021|attachment/pdf
https://webcdn.grid-india.in/files/grdw/uploads/download-manager-files/28.06.21_NLDC_PSP.pdf,2021-22/28.06.21_NLDC_PSP.pdf,200,1322922,29f72c3bfea1d010cee4c9b4bf45775420633e3b0b4b70505c3e442bd239a01d,2026-09-14T13:59:23,28.06.21_NLDC_PSP|28-06-2021|attachment/pdf
https://webcdn.grid-india.in/files/grdw/uploads/download-manager-files/29.06.21_NLDC_PSP.pdf,2021-22/29.06.21_NLDC_PSP.pdf,200,1320507,354458ff9084587b07466ce3caf83bd9a6105624d69063b100d770f6e49cf11a,2026-09-14T13:59:24,29.06.21_NLDC_PSP|29-06-2021|attachment/pdf
https://webcdn.grid-india.in/files/grdw/uploads/download-manager-files/30.06.21_NLDC_PSP.pdf,2021-22/30.06.21_NLDC_PSP.pdf,200,1323036,0990bdad9d208c2bdd0396ee4ce9446b062e64efbc871cd95ef08969aba6b803,2026-09-14T13:59:24,30.06.21_NLDC_PSP|30-06-2021|attachment/pdf
https://webcdn.grid-india.in/files/grdw/uploads/download-manager-files/01.07.21_NLDC_PSP.pdf,2021-22/01.07.21_NLDC_PSP.pdf,200,1322183,4336739d775a1690df467c20f5d26a2f885b79c2a0428258d0bbcb5e9a481733,2026-09-14T13:59:25,01.07.21_NLDC_PSP|01-07-2021|attachment/pdf
https://webcdn.grid-india.in/files/grdw/uploads/download-manager-files/02.07.21_NLDC_PSP.pdf,2021-22/02.07.21_NLDC_PSP.pdf,200,1590422,63220f87c2e47c075ccf8ef3d8095fa804d8f75a2c728afe0cf5b452bd06bbe9,2026-09-14T13:59:26,02.07.21_NLDC_PSP|02-07-2021|attachment/pdf
https://webcdn.grid-india.in/files/grdw/uploads/download-manager-files/03.07.21_NLDC_PSP.pdf,2021-22/03.07.21_NLDC_PSP.pdf,200,1321936,5e0464bc9f5c9e80e27e4b63013b666922d9634dfc25232e45066cf002a11bfa,2026-09-14T13:59:27,03.07.21_NLDC_PSP|03-07-2021|attachment/pdf
https://webcdn.grid-india.in/files/grdw/uploads/download-manager-files/04.07.21_NLDC_PSP.pdf,2021-22/04.07.21_NLDC_PSP.pdf,200,1298880,d379768d332dcfa1cc55d6e042970ad83cb85eb0a93bfe8a7efd3d5ba4aa4f8e,2026-09-14T13:59:28,04.07.21_NLDC_PSP|04-07-2021|attachment/pdf
https://webcdn.grid-india.in/files/grdw/uploads/download-manager-files/05.07.21_NLDC_PSP.pdf,2021-22/05.07.21_NLDC_PSP.pdf,200,1299015,43f8c27f4a5a5cee809a7dff81311c1d35e4124e5bf581a1f37374ab15f01ae0,2026-09-14T13:59:29,05.07.21_NLDC_PSP|05-07-2021|attachment/pdf
https://webcdn.grid-india.in/files/grdw/uploads/download-manager-files/06.07.21_NLDC_PSP.pdf,2021-22/06.07.21_NLDC_PSP.pdf,200,1319816,ce7892f4f10121fdfbb1994958e7f460980e2908aafd9b24fe652ab190fff0fc,2026-09-14T13:59:29,06.07.21_NLDC_PSP|06-07-2021|attachment/pdf
https://webcdn.grid-india.in/files/grdw/uploads/download-manager-files/07.07.21_NLDC_PSP.pdf,2021-22/07.07.21_NLDC_PSP.pdf,200,1506708,5dc7fba11765b3d5b8131fbee553e8cf7f47a569d5390fa1da324a20f1a197ec,2026-09-14T13:59:30,07.07.21_NLDC_PSP|07-07-2021|attachment/pdf
https://webcdn.grid-india.in/files/grdw/uploads/download-manager-files/08.07.21_NLDC_PSP.pdf,2021-22/08.07.21_NLDC_PSP.pdf,200,1316843,bc5badf50f07e0b580976428c46238a346f0f673d298a7917eeb8496fbf58ba8,2026-09-14T13:59:31,08.07.21_NLDC_PSP.pdf|08-07-2021|attachment/pdf
https://webcdn.grid-india.in/files/grdw/uploads/download-manager-files/09.07.21_NLDC_PSP.pdf,2021-22/09.07.21_NLDC_PSP.pdf,200,1315088,93aa3fa47cdc38af224290bc7459a79f0be0aed1c8083a1156273d7edd4389bd,2026-09-14T13:59:32,09.07.21_NLDC_PSP.pdf|09-07-2021|attachment/pdf
https://webcdn.grid-india.in/files/grdw/uploads/download-manager-files/10.07.21_NLDC_PSP.pdf,2021-22/10.07.21_NLDC_PSP.pdf,200,1420326,09e944bf0d59fe17e278c3e6494f7bd2a9e5a3548b042dc48e8b1f63487e3f39,2026-09-14T13:59:32,10.07.21_NLDC_PSP|10-07-2021|attachment/pdf
https://webcdn.grid-india.in/files/grdw/uploads/download-manager-files/11.07.21_NLDC_PSP.pdf,2021-22/11.07.21_NLDC_PSP.pdf,200,1316002,eee04f0a1df13fe2c4f0a67a36a3c3375e31a914bb7fd459d3abe702467321b5,2026-09-14T13:59:33,11.07.21_NLDC_PSP|11-07-2021|attachment/pdf
https://webcdn.grid-india.in/files/grdw/uploads/download-manager-files/12.07.21_NLDC_PSP.pdf,2021-22/12.07.21_NLDC_PSP.pdf,200,1315069,eacaea95157d06fbad04772a4c4038af495dd83a5454c4f1b1f3e24e65126c85,2026-09-14T13:59:33,12.07.21_NLDC_PSP|12-07-2021|attachment/pdf
https://webcdn.grid-india.in/files/grdw/uploads/download-manager-files/13.07.21_NLDC_PSP.pdf,2021-22/13.07.21_NLDC_PSP.pdf,200,1317193,f7e34914bbf6f831844600605f129c667b4364c4357b071b7bea981bf4165784,2026-09-14T13:59:34,13.07.21_NLDC_PSP|13-07-2021|attachment/pdf
https://webcdn.grid-india.in/files/grdw/uploads/download-manager-files/14.07.21_NLDC_PSP.pdf,2021-22/14.07.21_NLDC_PSP.pdf,200,1317111,ceed338a37684ee449f8121c309abe3ed9a7e7586e0fb4c890ec81ab3dea8626,2026-09-14T13:59:34,14.07.21_NLDC_PSP|14-07-2021|attachment/pdf
https://webcdn.grid-india.in/files/grdw/uploads/download-manager-files/15.07.21_NLDC_PSP.pdf,2021-22/15.07.21_NLDC_PSP.pdf,200,1317130,ebcec32b20763d30f724920ad09eb0ebb3bb5a53a4c7d006eb49acde6a0090d5,2026-09-14T13:59:35,15.07.21_NLDC_PSP|15-07-2021|attachment/pdf
https://webcdn.grid-india.in/files/grdw/uploads/download-manager-files/16.07.21_NLDC_PSP.pdf,2021-22/16.07.21_NLDC_PSP.pdf,200,1403592,7c75fc7cfa0f654d9b8f917dc72ad7cc999d448763c58b505d176e5338c2acec,2026-09-14T13:59:36,16.07.21_NLDC_PSP|16-07-2021|attachment/pdf
https://webcdn.grid-india.in/files/grdw/uploads/download-manager-files/17.07.21_NLDC_PSP.pdf,2021-22/17.07.21_NLDC_PSP.pdf,200,1316305,168bac09d743e28ec4810b7bcf51ddfa77620e38cfbd939e910099d3723c8f2e,2026-09-14T13:59:37,17.07.21_NLDC_PSP|17-07-2021|attachment/pdf
https://webcdn.grid-india.in/files/grdw/uploads/download-manager-files/18.07.21_NLDC_PSP.pdf,2021-22/18.07.21_NLDC_PSP.pdf,200,1324133,b4757f8bd5caf1560fbff31e6006b8bc5009d0c860e3992365d861a18db30615,2026-09-14T13:59:38,18.07.21_NLDC_PSP|18-07-2021|attachment/pdf
https://webcdn.grid-india.in/files/grdw/uploads/download-manager-files/19.07.21_NLDC_PSP.pdf,2021-22/19.07.21_NLDC_PSP.pdf,200,1322324,f0364e84680fe82da6ad3d797ef7539ed4e32d956f908ab83470bebda0123e9d,2026-09-14T13:59:39,19.07.21_NLDC_PSP|19-07-2021|attachment/pdf
https://webcdn.grid-india.in/files/grdw/uploads/download-manager-files/20.07.21_NLDC_PSP.pdf,2021-22/20.07.21_NLDC_PSP.pdf,200,1314956,9265a26be1e7ae2f8e629c1b7a87161ddaf7ae54bf3d5714563d295b42475be8,2026-09-14T13:59:40,20.07.21_NLDC_PSP|20-07-2021|attachment/pdf
https://webcdn.grid-india.in/files/grdw/uploads/download-manager-files/21.07.21_NLDC_PSP.pdf,2021-22/21.07.21_NLDC_PSP.pdf,200,1315019,6f7125a70e388a9bbaaa52253916feeb18498f4fb5760e2732fcebd8dc9f0f4d,2026-09-14T13:59:41,21.07.21_NLDC_PSP|21-07-2021|attachment/pdf
https://webcdn.grid-india.in/files/grdw/uploads/download-manager-files/22.07.21_NLDC_PSP.pdf,2021-22/22.07.21_NLDC_PSP.pdf,200,1322056,96d50be078ea77396810b016618fdf016348c474c863bdcc1d7b527babb9782b,2026-09-14T13:59:42,22.07.21_NLDC_PSP|22-07-2021|attachment/pdf
https://webcdn.grid-india.in/files/grdw/uploads/download-manager-files/23.07.21_NLDC_PSP.pdf,2021-22/23.07.21_NLDC_PSP.pdf,200,1324303,ce1024edcf34ab87f93242526c9a877f6ef66b450ff3c11113df8b080cf084df,2026-09-14T13:59:42,23.07.21_NLDC_PSP|23-07-2021|attachment/pdf
https://webcdn.grid-india.in/files/grdw/uploads/download-manager-files/24.07.21_NLDC_PSP.pdf,2021-22/24.07.21_NLDC_PSP.pdf,200,1323651,d1de038d8324c33da963ca0a81108725da19be6dc5ebf5827f64104fcbeb011f,2026-09-14T13:59:43,24.07.21_NLDC_PSP|24-07-2021|attachment/pdf
https://webcdn.grid-india.in/files/grdw/uploads/download-manager-files/25.07.21_NLDC_PSP.pdf,2021-22/25.07.21_NLDC_PSP.pdf,200,1323839,422306451576e91bc4b829cad7b123f5fdb992bb958ddddb1d9c041c5e887021,2026-09-14T13:59:44,25.07.21_NLDC_PSP|25-07-2021|attachment/pdf
https://webcdn.grid-india.in/files/grdw/uploads/download-manager-files/26.07.21_NLDC_PSP.pdf,2021-22/26.07.21_NLDC_PSP.pdf,200,1322228,7e91ce70760eb1d3a915d56ec351acf1088cf2f42b729fbba73f824eafbc7d45,2026-09-14T13:59:44,26.07.21_NLDC_PSP|26-07-2021|attachment/pdf
https://webcdn.grid-india.in/files/grdw/uploads/download-manager-files/27.07.21_NLDC_PSP.pdf,2021-22/27.07.21_NLDC_PSP.pdf,200,1322190,09133d1417eae45123e8bf9e639fe8b57794733fc2d59d895666ed4e459bf325,2026-09-14T13:59:45,27.07.21_NLDC_PSP|27-07-2021|attachment/pdf
https://webcdn.grid-india.in/files/grdw/uploads/download-manager-files/28.07.21_NLDC_PSP.pdf,2021-22/28.07.21_NLDC_PSP.pdf,200,1322930,2e55258ab30901c4d6798c7bd0832d8188272b567e9e3ee106eab585341e88d4,2026-09-14T13:59:45,28.07.21_NLDC_PSP|28-07-2021|attachment/pdf
https://webcdn.grid-india.in/files/grdw/uploads/download-manager-files/29.07.21_NLDC_PSP.pdf,2021-22/29.07.21_NLDC_PSP.pdf,200,1320978,6a16211d28fb5ea11406711fd20239834438851f3a3168f7c264d9edd9d4ef0a,2026-09-14T13:59:46,29.07.21_NLDC_PSP|29-07-2021|attachment/pdf
https://webcdn.grid-india.in/files/grdw/uploads/download-manager-files/30.07.21_NLDC_PSP.pdf,2021-22/30.07.21_NLDC_PSP.pdf,200,1298756,8f4ce44c998ce7d1e1c2e9a3788c98a0899a5017fdd2e4cf6718c17ce4223608,2026-09-14T13:59:47,30.07.21_NLDC_PSP|30-07-2021|attachment/pdf
https://webcdn.grid-india.in/files/grdw/uploads/download-manager-files/31.07.21_NLDC_PSP.pdf,2021-22/31.07.21_NLDC_PSP.pdf,200,1325108,b6a3c3caee7c410fc05a7e6bbbbabf656eafc9daec3663438950a159c4955ce5,2026-09-14T13:59:48,31.07.21_NLDC_PSP|31-07-2021|attachment/pdf
https://webcdn.grid-india.in/files/grdw/uploads/download-manager-files/01.08.21_NLDC_PSP.pdf,2021-22/01.08.21_NLDC_PSP.pdf,200,1282350,3b715cb8d30b0ccf7fc17bae69488c6036fcfc52f7aa1bbc0b1435cd0effb67d,2026-09-14T13:59:49,01.08.21_NLDC_PSP|01-08-2021|attachment/pdf
https://webcdn.grid-india.in/files/grdw/uploads/download-manager-files/02.08.21_NLDC_PSP.pdf,2021-22/02.08.21_NLDC_PSP.pdf,200,1282078,80c36b1e199df17b0b62733a0c78695695a64c91844ea369f3226bdaa486054b,2026-09-14T13:59:50,02.08.21_NLDC_PSP|02-08-2021|attachment/pdf
https://webcdn.grid-india.in/files/grdw/2026/02/1628049659wpdm_UPLOAD_642.pdf,2021-22/1628049659wpdm_UPLOAD_642.pdf,200,1326336,6f200c87b325db101b01df9df42cd50abd35bd63d84d7a6f2922ecfc21c3c612,2026-09-14T13:59:50,03.08.21_NLDC_PSP|03-08-2021|application/pdf
https://webcdn.grid-india.in/files/grdw/2026/02/1628136298wpdm_UPLOAD_102.pdf,2021-22/1628136298wpdm_UPLOAD_102.pdf,200,1326027,ac407c676e17f43c8be5dfb706fa02c1f49d5645e24e7cc62559fba16bd285ea,2026-09-14T13:59:51,04.08.21_NLDC_PSP|04-08-2021|application/pdf
https://webcdn.grid-india.in/files/grdw/uploads/download-manager-files/05.08.21_NLDC_PSP.pdf,2021-22/05.08.21_NLDC_PSP.pdf,200,1283782,3c17c43cf17b468706586f9d62cdc2ee5255d377803164785d9bfc31b2e3a968,2026-09-14T13:59:51,05.08.21_NLDC_PSP|05-08-2021|attachment/pdf
https://webcdn.grid-india.in/files/grdw/uploads/download-manager-files/06.08.21_NLDC_PSP.pdf,2021-22/06.08.21_NLDC_PSP.pdf,200,1323154,19e1ed9de86f56258130b087502022c903e5ca2d82b31d268d16b6b59e8d1e77,2026-09-14T13:59:52,06.08.21_NLDC_PSP|06-08-2021|attachment/pdf
https://webcdn.grid-india.in/files/grdw/uploads/download-manager-files/07.08.21_NLDC_PSP.pdf,2021-22/07.08.21_NLDC_PSP.pdf,200,1325855,d0ab2c952e16add86848f20f8f465b9c47cdd19ef500e027f805e85c607dcb6b,2026-09-14T13:59:52,07.08.21_NLDC_PSP|07-08-2021|attachment/pdf
https://webcdn.grid-india.in/files/grdw/uploads/download-manager-files/08.08.21_NLDC_PSP.pdf,2021-22/08.08.21_NLDC_PSP.pdf,200,1324656,bc4bcde0bb56504428c7133c64524e7d75f47a0445476af91bb00cf5edaf5bc3,2026-09-14T13:59:53,08.08.21_NLDC_PSP|08-08-2021|attachment/pdf
https://webcdn.grid-india.in/files/grdw/uploads/download-manager-files/09.08.21_NLDC_PSP.pdf,2021-22/09.08.21_NLDC_PSP.pdf,200,1316669,3087b4d43922eb50f291549b63d1179a4f288c4ee5644cf4eb3f9f8e0cafc28b,2026-09-14T13:59:54,09.08.21_NLDC_PSP|09-08-2021|attachment/pdf
https://webcdn.grid-india.in/files/grdw/uploads/download-manager-files/10.08.21_NLDC_PSP.pdf,2021-22/10.08.21_NLDC_PSP.pdf,200,1316318,8afa77493ccc233138ec2f0eb9a4b9526e86db830ab911aa97bdc51135fa0bb4,2026-09-14T13:59:55,10.08.21_NLDC_PSP|10-08-2021|attachment/pdf
https://webcdn.grid-india.in/files/grdw/uploads/download-manager-files/11.08.21_NLDC_PSP.pdf,2021-22/11.08.21_NLDC_PSP.pdf,200,1324440,5292f3d1c28f4acbc420085c62b3188ffee119b644da43c11d347739ccf5968c,2026-09-14T13:59:55,11.08.21_NLDC_PSP|11-08-2021|attachment/pdf
https://webcdn.grid-india.in/files/grdw/uploads/download-manager-files/12.08.21_NLDC_PSP.pdf,2021-22/12.08.21_NLDC_PSP.pdf,200,1324421,b496b742f774b01ed74c0f8c2acebe8d4ca4ffba230c5d59a74b8ea381dce424,2026-09-14T13:59:56,12.08.21_NLDC_PSP|12-08-2021|attachment/pdf
https://webcdn.grid-india.in/files/grdw/uploads/download-manager-files/13.08.21_NLDC_PSP.pdf,2021-22/13.08.21_NLDC_PSP.pdf,200,1325912,e1addda32e8ed8c787ffd62a209a1475c96a36e8b56d580e5f5367488d72aacf,2026-09-14T13:59:57,13.08.21_NLDC_PSP|13-08-2021|attachment/pdf
https://webcdn.grid-india.in/files/grdw/uploads/download-manager-files/14.08.21_NLDC_PSP.pdf,2021-22/14.08.21_NLDC_PSP.pdf,200,1325553,a9542cff66f27a838825bd4045bd1647f323eb7c7c50cb0c180fb3c56f1f0e0a,2026-09-14T13:59:57,14.08.21_NLDC_PSP|14-08-2021|attachment/pdf
https://webcdn.grid-india.in/files/grdw/uploads/download-manager-files/15.08.21_NLDC_PSP.pdf,2021-22/15.08.21_NLDC_PSP.pdf,200,1326225,b41e3332c361d35803c70a067cda8dcd30aabf409afd7e6214c21ce47a5fd798,2026-09-14T13:59:58,15.08.21_NLDC_PSP|15-08-2021|attachment/pdf
https://webcdn.grid-india.in/files/grdw/uploads/download-manager-files/16.08.21_NLDC_PSP.pdf,2021-22/16.08.21_NLDC_PSP.pdf,200,200942,1838695bf1eeb8039439f62f7e4391ff6621ccfa26a96add63132d75d65f9de7,2026-09-14T13:59:58,16.08.21_NLDC_PSP|16-08-2021|attachment/pdf
https://webcdn.grid-india.in/files/grdw/uploads/download-manager-files/17.08.21_NLDC_PSP.pdf,2021-22/17.08.21_NLDC_PSP.pdf,200,1325280,7bd899bc558b9aaa5a5f13455f26d8cd2bbd2fff5638f670e274fc15f2853aa6,2026-09-14T13:59:59,17.08.21_NLDC_PSP|17-08-2021|attachment/pdf
https://webcdn.grid-india.in/files/grdw/uploads/download-manager-files/18.08.21_NLDC_PSP.pdf,2021-22/18.08.21_NLDC_PSP.pdf,200,1324195,4c7958408f67f72f3411f45805fed34fb76996b5da7cb81ff003b7098f477911,2026-09-14T14:00:00,18.08.21_NLDC_PSP|18-08-2021|attachment/pdf
https://webcdn.grid-india.in/files/grdw/uploads/download-manager-files/19.08.21_NLDC_PSP.pdf,2021-22/19.08.21_NLDC_PSP.pdf,200,359948,12939dfb48698c78f68d651dae049ede3ca3af1cb6ebf13ee2f5a4a016872de6,2026-09-14T14:00:00,19.08.21_NLDC_PSP|19-08-2021|attachment/pdf
https://webcdn.grid-india.in/files/grdw/uploads/download-manager-files/20.08.21_NLDC_PSP.pdf,2021-22/20.08.21_NLDC_PSP.pdf,200,332418,9df11393f1393bce69dccab0999d4b7f58eb608b7c6eaf4a79cba35f5d5fdeeb,2026-09-14T14:00:00,20.08.21_NLDC_PSP|20-08-2021|attachment/pdf
https://webcdn.grid-india.in/files/grdw/uploads/download-manager-files/21.08.21_NLDC_PSP.pdf,2021-22/21.08.21_NLDC_PSP.pdf,200,331837,034500d2d00400d5d7e57d720113bea44eea6a4426281b311ee3f5168f16d5ed,2026-09-14T14:00:01,21.08.21_NLDC_PSP|21-08-2021|attachment/pdf
https://webcdn.grid-india.in/files/grdw/uploads/download-manager-files/22.08.21_NLDC_PSP.pdf,2021-22/22.08.21_NLDC_PSP.pdf,200,331786,4226905467a061daac552153a6201ad37a454f51f2ba4ad68364e873ff877c4c,2026-09-14T14:00:01,22.08.21_NLDC_PSP|22-08-2021|attachment/pdf
https://webcdn.grid-india.in/files/grdw/uploads/download-manager-files/23.08.21_NLDC_PSP.pdf,2021-22/23.08.21_NLDC_PSP.pdf,200,1326260,05dfc049eb0b8b93cc0478a6ea628ce1446a5cedcb60eefc7dd3bf1ea7a2b321,2026-09-14T14:00:02,23.08.21_NLDC_PSP|23-08-2021|attachment/pdf
https://webcdn.grid-india.in/files/grdw/uploads/download-manager-files/24.08.21_NLDC_PSP.pdf,2021-22/24.08.21_NLDC_PSP.pdf,200,1325577,f87ee3aef0afcbdd0f0654fc8d9ec792c341b2541bb29e579f117f988183ba2c,2026-09-14T14:00:03,24.08.21_NLDC_PSP|24-08-2021|attachment/pdf
https://webcdn.grid-india.in/files/grdw/uploads/download-manager-files/25.08.21_NLDC_PSP.pdf,2021-22/25.08.21_NLDC_PSP.pdf,200,1325651,50409345b5b90feae6a98d3f29fd2d5eea356f24e3e47a67c8fb0d1bdf63c902,2026-09-14T14:00:04,25.08.21_NLDC_PSP|25-08-2021|attachment/pdf
https://webcdn.grid-india.in/files/grdw/uploads/download-manager-files/26.08.21_NLDC_PSP.pdf,2021-22/26.08.21_NLDC_PSP.pdf,200,1324079,6e78132b89804925505b5f05e0134394a271e50cc1cd6c311ca6e4d7b7dfbd79,2026-09-14T14:00:05,26.08.21_NLDC_PSP|26-08-2021|attachment/pdf
https://webcdn.grid-india.in/files/grdw/uploads/download-manager-files/27.08.21_NLDC_PSP.pdf,2021-22/27.08.21_NLDC_PSP.pdf,200,332948,3712b132703490f97f78d6aeb067ca8c763e2e9b168ce1bad07346f50882f2b1,2026-09-14T14:00:05,27.08.21_NLDC_PSP|27-08-2021|attachment/pdf
https://webcdn.grid-india.in/files/grdw/uploads/download-manager-files/29.08.21_NLDC_PSP.pdf,2021-22/29.08.21_NLDC_PSP.pdf,200,1324081,f30da7e4039737ebdfe5c472b7094d3549ed9c0f0552f0b8d1392659d08df999,2026-09-14T14:00:06,29.08.21_NLDC_PSP|29-08-2021|attachment/pdf
https://webcdn.grid-india.in/files/grdw/uploads/download-manager-files/30.08.21_NLDC_PSP.pdf,2021-22/30.08.21_NLDC_PSP.pdf,200,334592,d7e50267ba66b6f5eedf8210c15b212433b0d0ceb497e69bc242c234feed93e9,2026-09-14T14:00:06,30.08.21_NLDC_PSP|30-08-2021|attachment/pdf
https://webcdn.grid-india.in/files/grdw/uploads/download-manager-files/31.08.21_NLDC_PSP.pdf,2021-22/31.08.21_NLDC_PSP.pdf,200,1326147,783dcdc183870008f6ffead154e07ada28e0fc2085a9a82b3dec73d02a8e070a,2026-09-14T14:00:07,31.08.21_NLDC_PSP|31-08-2021|attachment/pdf
https://webcdn.grid-india.in/files/grdw/uploads/download-manager-files/01.09.21_NLDC_PSP.pdf,2021-22/01.09.21_NLDC_PSP.pdf,200,1278227,55d15120b244e25d6879958b575a24ca9e00a0bcbcb66a702e4edaa6f61e0bdc,2026-09-14T14:00:08,01.09.21_NLDC_PSP|01-09-2021|attachment/pdf
https://webcdn.grid-india.in/files/grdw/uploads/download-manager-files/02.09.21_NLDC_PSP.pdf,2021-22/02.09.21_NLDC_PSP.pdf,200,1278267,a080546668db5e113ddae49b40bc6782600b68d37ad2b58ef8053cfa2ed1819a,2026-09-14T14:00:09,02.09.21_NLDC_PSP|02-09-2021|attachment/pdf
https://webcdn.grid-india.in/files/grdw/uploads/download-manager-files/03.09.21_NLDC_PSP.pdf,2021-22/03.09.21_NLDC_PSP.pdf,200,1279752,a33617ffe2c614ce4fde01b3615c41660f62a682a1e5c97a9fb35a7fa47ec80e,2026-09-14T14:00:10,03.09.21_NLDC_PSP|03-09-2021|attachment/pdf
https://webcdn.grid-india.in/files/grdw/2026/02/1630815613wpdm_upload_544.pdf,2021-22/1630815613wpdm_upload_544.pdf,200,312316,329f863cad8e6de26b69b4f62f9499879fdee3f7b096d1fc4b4609d20fb74dbd,2026-09-14T14:00:10,04.09.21_NLDC_PSP|04-09-2021|application/pdf
https://webcdn.grid-india.in/files/grdw/uploads/download-manager-files/05.09.21_NLDC_PSP.pdf,2021-22/05.09.21_NLDC_PSP.pdf,200,1377526,1a0e12e78bceb51901afd96b7e879b460b967f098a7a2b78b85e95f3842cb024,2026-09-14T14:00:11,05.09.21_NLDC_PSP|05-09-2021|attachment/pdf
https://webcdn.grid-india.in/files/grdw/uploads/download-manager-files/06.09.21_NLDC_PSP.pdf,2021-22/06.09.21_NLDC_PSP.pdf,200,1278234,7693171e1fa454e3773d0301f14dc4c9826866d6720cb560e8fd09c770ecd114,2026-09-14T14:00:11,06.09.21_NLDC_PSP|06-09-2021|attachment/pdf
https://webcdn.grid-india.in/files/grdw/uploads/download-manager-files/07.09.21_NLDC_PSP.pdf,2021-22/07.09.21_NLDC_PSP.pdf,200,1279076,9cb779d2a83ccea137926f7c09bba34b931341e27efc09401a580edacabdc1ad,2026-09-14T14:00:12,07.09.21_NLDC_PSP|07-09-2021|attachment/pdf
https://webcdn.grid-india.in/files/grdw/uploads/download-manager-files/08.09.21_NLDC_PSP.pdf,2021-22/08.09.21_NLDC_PSP.pdf,200,1279666,16492f362c89a4073ed7a2fdefd039529c34ab0927e0f60b9f1dd1e4e1f768e8,2026-09-14T14:00:13,08.09.21_NLDC_PSP|08-09-2021|attachment/pdf
https://webcdn.grid-india.in/files/grdw/uploads/download-manager-files/09.09.21_NLDC_PSP.pdf,2021-22/09.09.21_NLDC_PSP.pdf,200,1278446,e86697f2df05a513674198fc530dfa9e08bd2b957fe9019b1c7bcd321345cf52,2026-09-14T14:00:13,09.09.21_NLDC_PSP|09-09-2021|attachment/pdf
https://webcdn.grid-india.in/files/grdw/uploads/download-manager-files/10.09.21_NLDC_PSP.pdf,2021-22/10.09.21_NLDC_PSP.pdf,200,310570,a46f05690732a75341c2054c56597248e4f18ee031698e73b0d5ea7ed936e12a,2026-09-14T14:00:14,10.09.21_NLDC_PSP|10-09-2021|attachment/pdf
https://webcdn.grid-india.in/files/grdw/uploads/download-manager-files/11.09.21_NLDC_PSP.pdf,2021-22/11.09.21_NLDC_PSP.pdf,200,1278287,ea01d39ebab670a9ee31d170dbcc18b5859b98c3dd2ea3e9092e6ace5f52b54a,2026-09-14T14:00:15,11.09.21_NLDC_PSP|11-09-2021|attachment/pdf
https://webcdn.grid-india.in/files/grdw/2026/02/1631507940wpdm_upload_465.pdf,2021-22/1631507940wpdm_upload_465.pdf,200,1606854,e92b2ffe5864a3c10e7e2363358e14ee6431ed98bd05b2572a93a2ad0697409d,2026-09-14T14:00:15,12.09.21_NLDC_PSP|12-09-2021|application/pdf
https://webcdn.grid-india.in/files/grdw/2026/02/1631593431wpdm_UPLOAD_799.pdf,2021-22/1631593431wpdm_UPLOAD_799.pdf,200,1280236,38dd24256850a802d985d9dcb00a2f9f36eb6ef4612a19c6450783184e8e1b48,2026-09-14T14:00:16,13.09.21_NLDC_PSP|13-09-2021|application/pdf
https://webcdn.grid-india.in/files/grdw/uploads/download-manager-files/14.09.21_NLDC_PSP.pdf,2021-22/14.09.21_NLDC_PSP.pdf,200,1279395,4cc753a0bdeaef9b76a064de61074b4da86f07a7650af7b95ca0ad17ed39f933,2026-09-14T14:00:16,14.09.21_NLDC_PSP|14-09-2021|attachment/pdf
https://webcdn.grid-india.in/files/grdw/uploads/download-manager-files/15.09.21_NLDC_PSP.pdf,2021-22/15.09.21_NLDC_PSP.pdf,200,1279924,1c344892b86b25093d1ef0e72a8c277e57344cc84b8e6a0ea169aa208debaf94,2026-09-14T14:00:17,15.09.21_NLDC_PSP|15-09-2021|attachment/pdf
https://webcdn.grid-india.in/files/grdw/uploads/download-manager-files/16.09.21_NLDC_PSP.pdf,2021-22/16.09.21_NLDC_PSP.pdf,200,1278432,b9bff284134e8992f548a288c1dfa5251cb99d230afdb6018294f62b82f0f317,2026-09-14T14:00:17,16.09.21_NLDC_PSP|16-09-2021|attachment/pdf
https://webcdn.grid-india.in/files/grdw/uploads/download-manager-files/17.09.21_NLDC_PSP.pdf,2021-22/17.09.21_NLDC_PSP.pdf,200,1279077,993289967c91a3937faf9fe42492292dbd60e615a6202f186c19f15fe00bd8e2,2026-09-14T14:00:18,17.09.21_NLDC_PSP|17-09-2021|attachment/pdf
https://webcdn.grid-india.in/files/grdw/uploads/download-manager-files/18.09.21_NLDC_PSP.pdf,2021-22/18.09.21_NLDC_PSP.pdf,200,312465,ce7605ae8fd9250c1cf15459e6228e76a7f28f718bdee67a8d37c0a637cd7931,2026-09-14T14:00:18,18.09.21_NLDC_PSP|18-09-2021|attachment/pdf
https://webcdn.grid-india.in/files/grdw/uploads/download-manager-files/19.09.21_NLDC_PSP.pdf,2021-22/19.09.21_NLDC_PSP.pdf,200,1278745,02a8abf4bdbdaf7c2b2c214158c3ef2f5c6734ba251c6ade4fe8032321b0f1ba,2026-09-14T14:00:19,19.09.21_NLDC_PSP|19-09-2021|attachment/pdf
https://webcdn.grid-india.in/files/grdw/uploads/download-manager-files/21.09.21_NLDC_PSP.pdf,2021-22/21.09.21_NLDC_PSP.pdf,200,404091,969fb5fee88d5c107ccbe94fb52f5291782ac88dce48ed80ada2b7c5f9d010da,2026-09-14T14:00:19,21.09.21_NLDC_PSP|21-09-2021|attachment/pdf
https://webcdn.grid-india.in/files/grdw/uploads/download-manager-files/22.09.21_NLDC_PSP.pdf,2021-22/22.09.21_NLDC_PSP.pdf,200,1278220,7dceb6d8f909a4db7d176be542a504c0fa12cb62eca2d419807b562aa15a9605,2026-09-14T14:00:20,22.09.21_NLDC_PSP|22-09-2021|attachment/pdf
https://webcdn.grid-india.in/files/grdw/uploads/download-manager-files/23.09.21_NLDC_PSP.pdf,2021-22/23.09.21_NLDC_PSP.pdf,200,1279770,81348a2d8dede9e5a0e36a042ff21ad51a991fca26502952c01061b10205bfe4,2026-09-14T14:00:21,23.09.21_NLDC_PSP|23-09-2021|attachment/pdf
https://webcdn.grid-india.in/files/grdw/uploads/download-manager-files/24.09.21_NLDC_PSP.pdf,2021-22/24.09.21_NLDC_PSP.pdf,200,1279397,8018a6c0a04d2866b7327e936b1f2b77bdde8e4c6503b3a62e509360b1b43788,2026-09-14T14:00:22,24.09.21_NLDC_PSP|24-09-2021|attachment/pdf
https://webcdn.grid-india.in/files/grdw/uploads/download-manager-files/25.09.21_NLDC_PSP.pdf,2021-22/25.09.21_NLDC_PSP.pdf,200,1279418,08afab7b6eec35c701432d0bffd834d3fddd8d40c23dc9481c9fbd64dcc197ac,2026-09-14T14:00:22,25.09.21_NLDC_PSP|25-09-2021|attachment/pdf
https://webcdn.grid-india.in/files/grdw/uploads/download-manager-files/26.09.21_NLDC_PSP.pdf,2021-22/26.09.21_NLDC_PSP.pdf,200,1278423,b94abfe183ef5c0530d6c04ec7b98286791274bccbc872d7fe5da8bac8d7b49c,2026-09-14T14:00:23,26.09.21_NLDC_PSP|26-09-2021|attachment/pdf
https://webcdn.grid-india.in/files/grdw/uploads/download-manager-files/27.09.21_NLDC_PSP.pdf,2021-22/27.09.21_NLDC_PSP.pdf,200,1279490,4dc32f9006cd384198e972ae88bdaf959a7fba284052bf7da8b3507a0cebc57f,2026-09-14T14:00:24,27.09.21_NLDC_PSP|27-09-2021|attachment/pdf
https://webcdn.grid-india.in/files/grdw/uploads/download-manager-files/28.09.21_NLDC_PSP.pdf,2021-22/28.09.21_NLDC_PSP.pdf,200,1280134,6abba49443dc818f3cb8e573fa5df1fe8c1500eafdd657a26d208d4f9e39196d,2026-09-14T14:00:25,28.09.21_NLDC_PSP|28-09-2021|attachment/pdf
https://webcdn.grid-india.in/files/grdw/uploads/download-manager-files/29.09.21_NLDC_PSP.pdf,2021-22/29.09.21_NLDC_PSP.pdf,200,1278769,0f559372c4297cdc454b73d6a1360ee94dcc19a42fe260a745df20039e34a1aa,2026-09-14T14:00:25,29.09.21_NLDC_PSP|29-09-2021|attachment/pdf
https://webcdn.grid-india.in/files/grdw/uploads/download-manager-files/30.09.21_NLDC_PSP.pdf,2021-22/30.09.21_NLDC_PSP.pdf,200,1279903,2ff8886637697a737726fe4a8eb87ae50ffaf00c46f097f56e465de774ba5d2b,2026-09-14T14:00:26,30.09.21_NLDC_PSP|30-09-2021|attachment/pdf
https://webcdn.grid-india.in/files/grdw/uploads/download-manager-files/01.10.21_NLDC_PSP.pdf,2021-22/01.10.21_NLDC_PSP.pdf,200,1278452,c81c7a3794f72b12f9561560be75fbbd9623afe038fecab3c8e18d40c43e3394,2026-09-14T14:00:27,01.10.21_NLDC_PSP|01-10-2021|attachment/pdf
https://webcdn.grid-india.in/files/grdw/uploads/download-manager-files/02.10.21_NLDC_PSP.pdf,2021-22/02.10.21_NLDC_PSP.pdf,200,1278617,bd59ef4cbdabd95770355790c638cb176b3e05e209a5ef1c54ac0a349a4f5cc7,2026-09-14T14:00:28,02.10.21_NLDC_PSP|02-10-2021|attachment/pdf
https://webcdn.grid-india.in/files/grdw/uploads/download-manager-files/03.10.21_NLDC_PSP.pdf,2021-22/03.10.21_NLDC_PSP.pdf,200,1280118,bb62cb6034a48e7da5ce32ce8619d839ebd9ef24d532a9055ff1c0ed76f9ed87,2026-09-14T14:00:29,03.10.21_NLDC_PSP|03-10-2021|attachment/pdf
https://webcdn.grid-india.in/files/grdw/uploads/download-manager-files/04.10.21_NLDC_PSP.pdf,2021-22/04.10.21_NLDC_PSP.pdf,200,1279853,11a4c01dcb631d4dbc6b023f4d255a883032ff6424cf0f4bec26ceabcc1a1c9a,2026-09-14T14:00:29,04.10.21_NLDC_PSP|04-10-2021|attachment/pdf
https://webcdn.grid-india.in/files/grdw/uploads/download-manager-files/05.10.21_NLDC_PSP.pdf,2021-22/05.10.21_NLDC_PSP.pdf,200,1279978,bc608703fad1ddeb41175d4dbfc6ec96ab8e49aef6545d736e653d99dc1406f1,2026-09-14T14:00:30,05.10.21_NLDC_PSP|05-10-2021|attachment/pdf
https://webcdn.grid-india.in/files/grdw/2026/02/1633579355wpdm_upload_983.pdf,2021-22/1633579355wpdm_upload_983.pdf,200,310921,9599e0430e8172f25fc20ed2b9de4965a8894fe9c40b6ab1e363e9f0645a051c,2026-09-14T14:00:30,06.10.21_NLDC_PSP|06-10-2021|application/pdf
https://webcdn.grid-india.in/files/grdw/uploads/download-manager-files/07.10.21_NLDC_PSP.pdf,2021-22/07.10.21_NLDC_PSP.pdf,200,1279287,d753b66dcf4e573218176fcfe319fe7b2773b3b8efaba26441cffbc148e8c551,2026-09-14T14:00:31,07.10.21_NLDC_PSP|07-10-2021|attachment/pdf
https://webcdn.grid-india.in/files/grdw/uploads/download-manager-files/08.10.21_NLDC_PSP.pdf,2021-22/08.10.21_NLDC_PSP.pdf,200,233422,eeeb186d17694b0191315121dd3fdd33d3b4cfeacd7c3e5cf970972f1a3c28f6,2026-09-14T14:00:32,08.10.21_NLDC_PSP|08-10-2021|attachment/pdf
https://webcdn.grid-india.in/files/grdw/uploads/download-manager-files/09.10.21_NLDC_PSP.pdf,2021-22/09.10.21_NLDC_PSP.pdf,200,143427,bdd01c073cde606341a349021d61bba9e727add62a7169313ba1037e42be171e,2026-09-14T14:00:32,09.10.21_NLDC_PSP|09-10-2021|attachment/pdf
https://webcdn.grid-india.in/files/grdw/uploads/download-manager-files/10.10.21_NLDC_PSP.pdf,2021-22/10.10.21_NLDC_PSP.pdf,200,1278640,db7fa5dd38d97f11a7f856f75a6760248f7feb4d2bec79e0750f6f7bf2ddad21,2026-09-14T14:00:33,10.10.21_NLDC_PSP|10-10-2021|attachment/pdf
https://webcdn.grid-india.in/files/grdw/uploads/download-manager-files/11.10.21_NLDC_PSP.pdf,2021-22/11.10.21_NLDC_PSP.pdf,200,1278652,fe439e8dd823510588065fa828685ff88dd5954405a21427c2ed0c3750c2e7fe,2026-09-14T14:00:34,11.10.21_NLDC_PSP|11-10-2021|attachment/pdf
https://webcdn.grid-india.in/files/grdw/uploads/download-manager-files/12.10.21_NLDC_PSP.pdf,2021-22/12.10.21_NLDC_PSP.pdf,200,1278777,db11fa263600c9d22dd44523103e4cdfc633ac74932eeb639ef1710184688c65,2026-09-14T14:00:34,12.10.21_NLDC_PSP|12-10-2021|attachment/pdf
https://webcdn.grid-india.in/files/grdw/uploads/download-manager-files/13.10.21_NLDC_PSP.pdf,2021-22/13.10.21_NLDC_PSP.pdf,200,1306326,e56064979c9e4e8ffdcb1409937c57483eb72c322a749e3f726ed00f26d917d6,2026-09-14T14:00:35,13.10.21_NLDC_PSP|13-10-2021|attachment/pdf
https://webcdn.grid-india.in/files/grdw/2026/02/1634281525wpdm_upload_853.pdf,2021-22/1634281525wpdm_upload_853.pdf,200,308694,2a04511ccefb2d038c6299ce5e31c0313ea5c5297837147390ae7d434adde88b,2026-09-14T14:00:35,14.10.21_NLDC_PSP|14-10-2021|application/pdf
https://webcdn.grid-india.in/files/grdw/uploads/download-manager-files/15.10.21_NLDC_PSP.pdf,2021-22/15.10.21_NLDC_PSP.pdf,200,1377519,542ae56695c8be982981b8eb628e4761912dc77beb6d68c1526b57d7145f887b,2026-09-14T14:00:36,15.10.21_NLDC_PSP|15-10-2021|attachment/pdf
https://webcdn.grid-india.in/files/grdw/uploads/download-manager-files/16.10.21_NLDC_PSP.pdf,2021-22/16.10.21_NLDC_PSP.pdf,200,1278956,52c7417bbc64989c4d7695d254782163a2f82e039ec5cfad3757bd2a70756463,2026-09-14T14:00:37,16.10.21_NLDC_PSP|16-10-2021|attachment/pdf
https://webcdn.grid-india.in/files/grdw/uploads/download-manager-files/17.10.21_NLDC_PSP.pdf,2021-22/17.10.21_NLDC_PSP.pdf,200,1279588,a5df2baa6297029e4793aea7478024dff2b4219be1b6343c7c063cd92b499575,2026-09-14T14:00:37,17.10.21_NLDC_PSP|17-10-2021|attachment/pdf
https://webcdn.grid-india.in/files/grdw/uploads/download-manager-files/18.10.21_NLDC_PSP.pdf,2021-22/18.10.21_NLDC_PSP.pdf,200,1280081,725a5cea73f4baafdefaa63290a27cd714ece6b2374da1dfd0782c878cceabaa,2026-09-14T14:00:38,18.10.21_NLDC_PSP|18-10-2021|attachment/pdf
https://webcdn.grid-india.in/files/grdw/uploads/download-manager-files/19.10.21_NLDC_PSP.pdf,2021-22/19.10.21_NLDC_PSP.pdf,200,310496,dd683df23bf14689e9df3ebe3f164a79d7ddf5d178be37116ca89f78464c1c77,2026-09-14T14:00:38,19.10.21_NLDC_PSP|19-10-2021|attachment/pdf
https://webcdn.grid-india.in/files/grdw/uploads/download-manager-files/20.10.21_NLDC_PSP.pdf,2021-22/20.10.21_NLDC_PSP.pdf,200,310643,8e28fa83af0fae898ac2baa4cdf93224eeeb4280e6aa9a1823f86eaf28401f45,2026-09-14T14:00:39,20.10.21_NLDC_PSP|20-10-2021|attachment/pdf
https://webcdn.grid-india.in/files/grdw/uploads/download-manager-files/21.10.21_NLDC_PSP.pdf,2021-22/21.10.21_NLDC_PSP.pdf,200,310571,f2efc1ac3d1b0c7af969c4d6a0a2b8a8d84b15fa84c33ef68bfcd23035dac87b,2026-09-14T14:00:39,21.10.21_NLDC_PSP|21-10-2021|attachment/pdf
https://webcdn.grid-india.in/files/grdw/2026/02/1634964862wpdm_UPLOAD_923.pdf,2021-22/1634964862wpdm_UPLOAD_923.pdf,200,1613034,b57bd7300428161c085ef0b321b6bf84a89493ca4f330f6b56eb886a4114b2df,2026-09-14T14:00:40,22.10.21_NLDC_PSP|22-10-2021|application/pdf
https://webcdn.grid-india.in/files/grdw/2026/02/1635049689wpdm_upload_266.pdf,2021-22/1635049689wpdm_upload_266.pdf,200,312822,743d655116b6abfa2c6c8819b1c951bb844902672f700c31c5e0b9c5f6eb2fb8,2026-09-14T14:00:41,23.10.21_NLDC_PSP|23-10-2021|application/pdf
https://webcdn.grid-india.in/files/grdw/uploads/download-manager-files/24.10.21_NLDC_PSP.pdf,2021-22/24.10.21_NLDC_PSP.pdf,200,1279475,cb0420f1371180d595ee229164d311e0ea7c21830e67bbf2423e90da343b49a8,2026-09-14T14:00:42,24.10.21_NLDC_PSP|24-10-2021|attachment/pdf
https://webcdn.grid-india.in/files/grdw/uploads/download-manager-files/25.10.21_NLDC_PSP.pdf,2021-22/25.10.21_NLDC_PSP.pdf,200,311825,b152401674916a98559d7d835d66e70ffdeb8b6d92df99b90bd0282025d586a3,2026-09-14T14:00:42,25.10.21_NLDC_PSP|25-10-2021|attachment/pdf
https://webcdn.grid-india.in/files/grdw/uploads/download-manager-files/26.10.21_NLDC_PSP.pdf,2021-22/26.10.21_NLDC_PSP.pdf,200,310402,d07b96863d672a4bc13b1ec3e7cacb7da5c9da1305abe6f2a79be63ea2272ee9,2026-09-14T14:00:42,26.10.21_NLDC_PSP|26-10-2021|attachment/pdf
https://webcdn.grid-india.in/files/grdw/uploads/download-manager-files/27.10.21_NLDC_PSP.pdf,2021-22/27.10.21_NLDC_PSP.pdf,200,311205,9c6ff9eb9ee5c3a28b57cd82d1e577df4e4f5542e7e4128d69ee2cebfdb162f7,2026-09-14T14:00:43,27.10.21_NLDC_PSP|27-10-2021|attachment/pdf
https://webcdn.grid-india.in/files/grdw/uploads/download-manager-files/28.10.21_NLDC_PSP.pdf,2021-22/28.10.21_NLDC_PSP.pdf,200,1280165,75da91e1683968c266e9641af8c28a5b4ee0c4e0637def916537e90e53a7cec7,2026-09-14T14:00:44,28.10.21_NLDC_PSP|28-10-2021|attachment/pdf
https://webcdn.grid-india.in/files/grdw/uploads/download-manager-files/29.10.21_NLDC_PSP.pdf,2021-22/29.10.21_NLDC_PSP.pdf,200,1278901,6840c2cd503755b1ba2b3179e80a4e824f6ba3a03687478c0985f0e7647c7bc8,2026-09-14T14:00:44,29.10.21_NLDC_PSP|29-10-2021|attachment/pdf
https://webcdn.grid-india.in/files/grdw/uploads/download-manager-files/30.10.21_NLDC_PSP.pdf,2021-22/30.10.21_NLDC_PSP.pdf,200,309217,a6a2b75d0c1c6fe0f9d4098e0d33410cd22db99a64f02ff9a76e86b179d18d66,2026-09-14T14:00:44,30.10.21_NLDC_PSP|30-10-2021|attachment/pdf
https://webcdn.grid-india.in/files/grdw/uploads/download-manager-files/31.10.21_NLDC_PSP.pdf,2021-22/31.10.21_NLDC_PSP.pdf,200,312797,8a5649f7d6edb233fe9719851032c4ba9c8336f925f5e105fd093f113f93f2d0,2026-09-14T14:00:45,31.10.21_NLDC_PSP|31-10-2021|attachment/pdf
https://webcdn.grid-india.in/files/grdw/uploads/download-manager-files/01.11.21_NLDC_PSP.pdf,2021-22/01.11.21_NLDC_PSP.pdf,200,1278493,3f506e22c33e8608dc4750deddb26075bc9496155ec257cdfcc0ec48258688fd,2026-09-14T14:00:46,01.11.21_NLDC_PSP|01-11-2021|attachment/pdf
https://webcdn.grid-india.in/files/grdw/uploads/download-manager-files/02.11.21_NLDC_PSP.pdf,2021-22/02.11.21_NLDC_PSP.pdf,200,1278565,6f7cbdeb0d118396ffad3c93e86611d0b8256b0a52323c53ba5032b1d3671974,2026-09-14T14:00:47,02.11.21_NLDC_PSP|02-11-2021|attachment/pdf
https://webcdn.grid-india.in/files/grdw/uploads/download-manager-files/03.11.21_NLDC_PSP.pdf,2021-22/03.11.21_NLDC_PSP.pdf,200,1279917,2df1c539d1556941ea67cf2f68eb7f23952218f58350c59630e18fcba9b9ce27,2026-09-14T14:00:48,03.11.21_NLDC_PSP|03-11-2021|attachment/pdf
https://webcdn.grid-india.in/files/grdw/uploads/download-manager-files/04.11.21_NLDC_PSP.pdf,2021-22/04.11.21_NLDC_PSP.pdf,200,1279460,bc0646ae946a8d2a32abaf7a2755683e66a16d3fdf5cce3ba4ff12cad3451500,2026-09-14T14:00:49,04.11.21_NLDC_PSP|04-11-2021|attachment/pdf
https://webcdn.grid-india.in/files/grdw/uploads/download-manager-files/05.11.21_NLDC_PSP.pdf,2021-22/05.11.21_NLDC_PSP.pdf,200,1279649,408739da81e0f51930eeca5bbb39d080fef40e4f0adf16f7b22c87bf5df398b8,2026-09-14T14:00:49,05.11.21_NLDC_PSP|05-11-2021|attachment/pdf
https://webcdn.grid-india.in/files/grdw/uploads/download-manager-files/06.11.21_NLDC_PSP.pdf,2021-22/06.11.21_NLDC_PSP.pdf,200,1278680,e2252e136e6b240ef43d920b24e15162897d54d1d009b8d4924c2ef6d553c6f5,2026-09-14T14:00:50,06.11.21_NLDC_PSP|06-11-2021|attachment/pdf
https://webcdn.grid-india.in/files/grdw/uploads/download-manager-files/07.11.21_NLDC_PSP.pdf,2021-22/07.11.21_NLDC_PSP.pdf,200,1279635,895624a031627f44e6afb5027a737a0064c0a8ffe610e25120eab665cc852eb7,2026-09-14T14:00:50,07.11.21_NLDC_PSP|07-11-2021|attachment/pdf
https://webcdn.grid-india.in/files/grdw/uploads/download-manager-files/08.11.21_NLDC_PSP.pdf,2021-22/08.11.21_NLDC_PSP.pdf,200,1280347,1e9616dd28138c6e896a8e9e582417ce95ac0e11400e6f7388e83277e0768f48,2026-09-14T14:00:51,08.11.21_NLDC_PSP|08-11-2021|attachment/pdf
https://webcdn.grid-india.in/files/grdw/uploads/download-manager-files/09.11.21_NLDC_PSP.pdf,2021-22/09.11.21_NLDC_PSP.pdf,200,1278704,8adeec42527e3e12b4e7d0bb1211597852eadcb61e8f8460dde33372fbf430a2,2026-09-14T14:00:52,09.11.21_NLDC_PSP|09-11-2021|attachment/pdf
https://webcdn.grid-india.in/files/grdw/uploads/download-manager-files/10.11.21_NLDC_PSP.pdf,2021-22/10.11.21_NLDC_PSP.pdf,200,1278557,ebd396e5ad784c48947154bea3e7e11a38db93c172cafc430e19eeeb3d6c6250,2026-09-14T14:00:52,10.11.21_NLDC_PSP|10-11-2021|attachment/pdf
https://webcdn.grid-india.in/files/grdw/uploads/download-manager-files/11.11.21_NLDC_PSP.pdf,2021-22/11.11.21_NLDC_PSP.pdf,200,310423,6b48768588b2907f984ec3275962f3de5f6d81ff87d24641e0a1f22aeb5de541,2026-09-14T14:00:52,11.11.21_NLDC_PSP|11-11-2021|attachment/pdf
https://webcdn.grid-india.in/files/grdw/uploads/download-manager-files/12.11.21_NLDC_PSP.pdf,2021-22/12.11.21_NLDC_PSP.pdf,200,1278485,7b7ca14be8f6081160f191af2c3612eb7b4c7302e55351588e303568ab5ae622,2026-09-14T14:00:53,12.11.21_NLDC_PSP|12-11-2021|attachment/pdf
https://webcdn.grid-india.in/files/grdw/uploads/download-manager-files/13.11.21_NLDC_PSP.pdf,2021-22/13.11.21_NLDC_PSP.pdf,200,1280061,845a5cbad38382b237e672a5ce26a4fc17cc329ed7681cee8b6a9ff504f5b9f2,2026-09-14T14:00:54,13.11.21_NLDC_PSP|13-11-2021|attachment/pdf
https://webcdn.grid-india.in/files/grdw/uploads/download-manager-files/14.11.21_NLDC_PSP.pdf,2021-22/14.11.21_NLDC_PSP.pdf,200,1279599,6c503d13b5638fb73fbf99a5db7129961b04f8e6b3baa200cf7216c0df2d9047,2026-09-14T14:00:55,14.11.21_NLDC_PSP|14-11-2021|attachment/pdf
https://webcdn.grid-india.in/files/grdw/uploads/download-manager-files/15.11.21_NLDC_PSP.pdf,2021-22/15.11.21_NLDC_PSP.pdf,200,311611,1f755694596dd4bb9f3431c1c88a283821e218e6b68613ae3401e64507ad3b20,2026-09-14T14:00:55,15.11.21_NLDC_PSP|15-11-2021|attachment/pdf
https://webcdn.grid-india.in/files/grdw/uploads/download-manager-files/16.11.21_NLDC_PSP.pdf,2021-22/16.11.21_NLDC_PSP.pdf,200,1304057,97a61f55b3e9916e05bcb0ad8e014e08e0c56cb68a9636fed573f2d469c23c0b,2026-09-14T14:00:56,16.11.21_NLDC_PSP|16-11-2021|attachment/pdf
https://webcdn.grid-india.in/files/grdw/uploads/download-manager-files/17.11.21_NLDC_PSP.pdf,2021-22/17.11.21_NLDC_PSP.pdf,200,1279309,252c9d680327cfbc5bb55632dff1b85801da690e33d8021b2ad530dc58f0042d,2026-09-14T14:00:56,17.11.21_NLDC_PSP|17-11-2021|attachment/pdf
https://webcdn.grid-india.in/files/grdw/uploads/download-manager-files/18.11.21_NLDC_PSP.pdf,2021-22/18.11.21_NLDC_PSP.pdf,200,1279964,8bcbbab4564f0113a351101424162261020630ebcd8c478c7ed299c63bc2bad3,2026-09-14T14:00:57,18.11.21_NLDC_PSP|18-11-2021|attachment/pdf
https://webcdn.grid-india.in/files/grdw/uploads/download-manager-files/19.11.21_NLDC_PSP.pdf,2021-22/19.11.21_NLDC_PSP.pdf,200,1278699,746c3ccef9bfaa96f1e310ae8f7e7f716ab40ae7bf683b6764890f5b1fa6102d,2026-09-14T14:00:58,19.11.21_NLDC_PSP|19-11-2021|attachment/pdf
https://webcdn.grid-india.in/files/grdw/uploads/download-manager-files/20.11.21_NLDC_PSP.pdf,2021-22/20.11.21_NLDC_PSP.pdf,200,1278487,952278bb76d85db4941775290a2e20384f2839a413dd9346478fd2819dd3a748,2026-09-14T14:00:59,20.11.21_NLDC_PSP|20-11-2021|attachment/pdf
https://webcdn.grid-india.in/files/grdw/uploads/download-manager-files/21.11.21_NLDC_PSP.pdf,2021-22/21.11.21_NLDC_PSP.pdf,200,1278881,51cd021e30988729433ceab2fd45e02064a9929b2a150f8e2b56aa0b3406c086,2026-09-14T14:00:59,21.11.21_NLDC_PSP|21-11-2021|attachment/pdf
https://webcdn.grid-india.in/files/grdw/uploads/download-manager-files/22.11.21_NLDC_PSP.pdf,2021-22/22.11.21_NLDC_PSP.pdf,200,1278518,20f49dfad59c280860e315f3023cd3df2dd7d416d026819a50a8742e300edab3,2026-09-14T14:01:00,22.11.21_NLDC_PSP|22-11-2021|attachment/pdf
https://webcdn.grid-india.in/files/grdw/uploads/download-manager-files/23.11.21_NLDC_PSP.pdf,2021-22/23.11.21_NLDC_PSP.pdf,200,312609,92f711b58a158a7191bd66fb0ac9eecd6aba80808c3493d967c9ebc3cbed2711,2026-09-14T14:01:00,23.11.21_NLDC_PSP|23-11-2021|attachment/pdf
https://webcdn.grid-india.in/files/grdw/uploads/download-manager-files/24.11.21_NLDC_PSP.pdf,2021-22/24.11.21_NLDC_PSP.pdf,200,1280041,d734702a76f0019704bbbc4188ee9dcf9da0bd8d3fb6cc864d19dfbbf7cef26f,2026-09-14T14:01:01,24.11.21_NLDC_PSP|24-11-2021|attachment/pdf
https://webcdn.grid-india.in/files/grdw/uploads/download-manager-files/25.11.21_NLDC_PSP.pdf,2021-22/25.11.21_NLDC_PSP.pdf,200,1279747,0de2029c934e42300228929f5e1639e620936130f5d6ee78e6345b19d6def5b5,2026-09-14T14:01:02,25.11.21_NLDC_PSP|25-11-2021|attachment/pdf
https://webcdn.grid-india.in/files/grdw/uploads/download-manager-files/26.11.21_NLDC_PSP.pdf,2021-22/26.11.21_NLDC_PSP.pdf,200,1278737,4e8b7f7c095e7caba70aa4fac1560719620af596d5597f9e257d3b7c078ec4d6,2026-09-14T14:01:02,26.11.21_NLDC_PSP|26-11-2021|attachment/pdf
https://webcdn.grid-india.in/files/grdw/uploads/download-manager-files/27.11.21_NLDC_PSP.pdf,2021-22/27.11.21_NLDC_PSP.pdf,200,311425,47db7cc8907f2325b0f1667b8538918212da12a81eae311d1b49110d0f5b5f19,2026-09-14T14:01:02,27.11.21_NLDC_PSP|27-11-2021|attachment/pdf
https://webcdn.grid-india.in/files/grdw/uploads/download-manager-files/28.11.21_NLDC_PSP.pdf,2021-22/28.11.21_NLDC_PSP.pdf,200,308471,ee14d1b44e729fb819e0d03f808f7128d7b6f8b7c093876e3a81e65874613176,2026-09-14T14:01:03,28.11.21_NLDC_PSP|28-11-2021|attachment/pdf
https://webcdn.grid-india.in/files/grdw/uploads/download-manager-files/29.11.21_NLDC_PSP.pdf,2021-22/29.11.21_NLDC_PSP.pdf,200,1278713,eeb43a62eae4a65ba950c5d3093dbae59e9af1018d974126e4b2606d53dbc5bc,2026-09-14T14:01:04,29.11.21_NLDC_PSP|29-11-2021|attachment/pdf
https://webcdn.grid-india.in/files/grdw/uploads/download-manager-files/30.11.21_NLDC_PSP.pdf,2021-22/30.11.21_NLDC_PSP.pdf,200,312499,595b648244176a020c0231487e655783e56ef3c856d4071f2aa1953da17e0eef,2026-09-14T14:01:04,30.11.21_NLDC_PSP|30-11-2021|attachment/pdf
https://webcdn.grid-india.in/files/grdw/uploads/download-manager-files/01.12.21_NLDC_PSP.pdf,2021-22/01.12.21_NLDC_PSP.pdf,200,310223,bf2b29260ff413c511d13eb2d1c71ceb0129ee630fe0de7a9136c8a8d2e79376,2026-09-14T14:01:05,01.12.21_NLDC_PSP|01-12-2021|attachment/pdf
https://webcdn.grid-india.in/files/grdw/uploads/download-manager-files/02.12.21_NLDC_PSP.pdf,2021-22/02.12.21_NLDC_PSP.pdf,200,1278897,1f4ff00ee1cdf6ed44b181773517c29dc2ac923427efe008e9e93468dc36b98c,2026-09-14T14:01:06,02.12.21_NLDC_PSP|02-12-2021|attachment/pdf
https://webcdn.grid-india.in/files/grdw/uploads/download-manager-files/03.12.21_NLDC_PSP.pdf,2021-22/03.12.21_NLDC_PSP.pdf,200,1279981,7ecb5cc43f598d7d540fa144714aeaf8c25a21dc684ccdf9d9064c13ebd9a6ed,2026-09-14T14:01:07,03.12.21_NLDC_PSP|03-12-2021|attachment/pdf
https://webcdn.grid-india.in/files/grdw/uploads/download-manager-files/04.12.21_NLDC_PSP.pdf,2021-22/04.12.21_NLDC_PSP.pdf,200,311841,2272615ecf0b64b99597621846dac6ef69a1434f2d524a372b357837fc13024e,2026-09-14T14:01:07,04.12.21_NLDC_PSP|04-12-2021|attachment/pdf
https://webcdn.grid-india.in/files/grdw/uploads/download-manager-files/05.12.21_NLDC_PSP.pdf,2021-22/05.12.21_NLDC_PSP.pdf,200,311972,133f1df5440388dbec04980c46dc741466705ee513d53d50abd235db9aa03c2a,2026-09-14T14:01:07,05.12.21_NLDC_PSP|05-12-2021|attachment/pdf
https://webcdn.grid-india.in/files/grdw/uploads/download-manager-files/06.12.21_NLDC_PSP.pdf,2021-22/06.12.21_NLDC_PSP.pdf,200,1278777,8adeebe4cba693356062dd2f89368ee591a8d441ef43dfe90089e54933619575,2026-09-14T14:01:08,06.12.21_NLDC_PSP|06-12-2021|attachment/pdf
https://webcdn.grid-india.in/files/grdw/uploads/download-manager-files/07.12.21_NLDC_PSP.pdf,2021-22/07.12.21_NLDC_PSP.pdf,200,1278863,b6ef231858ba5a93706f8a6331b4b163d97aeade112831e6f2db751149f5ce20,2026-09-14T14:01:09,07.12.21_NLDC_PSP|07-12-2021|attachment/pdf
https://webcdn.grid-india.in/files/grdw/uploads/download-manager-files/08.12.21_NLDC_PSP.pdf,2021-22/08.12.21_NLDC_PSP.pdf,200,1280064,621e6a042b07ce1dfacf1f4f42b3649088b259d086ebcddc7e85c392652a67ef,2026-09-14T14:01:09,08.12.21_NLDC_PSP.pdf|08-12-2021|attachment/pdf
https://webcdn.grid-india.in/files/grdw/uploads/download-manager-files/09.12.21_NLDC_PSP.pdf,2021-22/09.12.21_NLDC_PSP.pdf,200,1278639,49173019075704bdfa4f410f55a665b8e27bf735330cf6c5d5de06fd13857f36,2026-09-14T14:01:10,09.12.21_NLDC_PSP|09-12-2021|attachment/pdf
https://webcdn.grid-india.in/files/grdw/uploads/download-manager-files/10.12.21_NLDC_PSP.pdf,2021-22/10.12.21_NLDC_PSP.pdf,200,1278876,fad8fddf596527e911936f2cdeeef148810f8dda4e921f1aecabdfbafda82d61,2026-09-14T14:01:10,10.12.21_NLDC_PSP|10-12-2021|attachment/pdf
https://webcdn.grid-india.in/files/grdw/uploads/download-manager-files/11.12.21_NLDC_PSP.pdf,2021-22/11.12.21_NLDC_PSP.pdf,200,1278536,acc4db8f15646533787f10b87b1c0b21c3dd0f239dc67b940862566bccb7ef88,2026-09-14T14:01:11,11.12.21_NLDC_PSP|11-12-2021|attachment/pdf
https://webcdn.grid-india.in/files/grdw/uploads/download-manager-files/12.12.21_NLDC_PSP.pdf,2021-22/12.12.21_NLDC_PSP.pdf,200,1278536,acc4db8f15646533787f10b87b1c0b21c3dd0f239dc67b940862566bccb7ef88,2026-09-14T14:01:12,12.12.21_NLDC_PSP|12-12-2021|attachment/pdf
https://webcdn.grid-india.in/files/grdw/uploads/download-manager-files/13.12.21_NLDC_PSP.pdf,2021-22/13.12.21_NLDC_PSP.pdf,200,312191,1db6cfbeae29005dfa22975387ed8d837bebdde786426c6f965a0270c6aa660f,2026-09-14T14:01:12,13.12.21_NLDC_PSP|13-12-2021|attachment/pdf
https://webcdn.grid-india.in/files/grdw/uploads/download-manager-files/14.12.21_NLDC_PSP.pdf,2021-22/14.12.21_NLDC_PSP.pdf,200,311568,91a12a283e0e5eeecff099658f67b68c2c243a4fbb853ea37a83323bba0f4f86,2026-09-14T14:01:13,14.12.21_NLDC_PSP|14-12-2021|attachment/pdf
https://webcdn.grid-india.in/files/grdw/uploads/download-manager-files/15.12.21_NLDC_PSP.pdf,2021-22/15.12.21_NLDC_PSP.pdf,200,1279710,681b74c43f46d22884f4c73011bcc135a6941e69239e7fd3d12932230fc77f36,2026-09-14T14:01:14,15.12.21_NLDC_PSP|15-12-2021|attachment/pdf
https://webcdn.grid-india.in/files/grdw/uploads/download-manager-files/16.12.21_NLDC_PSP.pdf,2021-22/16.12.21_NLDC_PSP.pdf,200,1278716,2f5ed15cac6d99b6bca4121984b2a4b2425b7a356bc3c180b65376bce6f78d78,2026-09-14T14:01:14,16.12.21_NLDC_PSP|16-12-2021|attachment/pdf
https://webcdn.grid-india.in/files/grdw/uploads/download-manager-files/17.12.21_NLDC_PSP.pdf,2021-22/17.12.21_NLDC_PSP.pdf,200,1279682,78bbd4ce185a63fb7257a9b3a93a602cf0ac62329734f7f0b8ff1b3e134b22e9,2026-09-14T14:01:15,17.12.21_NLDC_PSP|17-12-2021|attachment/pdf
https://webcdn.grid-india.in/files/grdw/uploads/download-manager-files/18.12.21_NLDC_PSP.pdf,2021-22/18.12.21_NLDC_PSP.pdf,200,1280294,c18f509bac0cef4ed18318865bf0658d82f2b04932031bb3f14bedd57e7b13b2,2026-09-14T14:01:16,18.12.21_NLDC_PSP|18-12-2021|attachment/pdf
https://webcdn.grid-india.in/files/grdw/uploads/download-manager-files/19.12.21_NLDC_PSP.pdf,2021-22/19.12.21_NLDC_PSP.pdf,200,310558,564027543fb8b907fbc41b688f972e7cccb04e01557f7d5a48251ef0e3fd7b5b,2026-09-14T14:01:16,19.12.21_NLDC_PSP|19-12-2021|attachment/pdf
https://webcdn.grid-india.in/files/grdw/uploads/download-manager-files/20.12.21_NLDC_PSP.pdf,2021-22/20.12.21_NLDC_PSP.pdf,200,1278488,f91be2a551a2bec46bf4d6cb62436731a29598c856512c58c51b690eb0759f71,2026-09-14T14:01:17,20.12.21_NLDC_PSP|20-12-2021|attachment/pdf
https://webcdn.grid-india.in/files/grdw/uploads/download-manager-files/21.12.21_NLDC_PSP.pdf,2021-22/21.12.21_NLDC_PSP.pdf,200,1278510,1dc48ab2183f04e622cdbdbc8fbcc308363ceea386e1a5c1366d1961e6f6cc67,2026-09-14T14:01:17,21.12.21_NLDC_PSP|21-12-2021|attachment/pdf
https://webcdn.grid-india.in/files/grdw/uploads/download-manager-files/22.12.21_NLDC_PSP.pdf,2021-22/22.12.21_NLDC_PSP.pdf,200,1278535,fa4b2aa13bce06871c4b45276cdecc6760a5b92997e6f3b3465713b6b318b08e,2026-09-14T14:01:18,22.12.21_NLDC_PSP|22-12-2021|attachment/pdf
https://webcdn.grid-india.in/files/grdw/uploads/download-manager-files/23.12.21_NLDC_PSP.pdf,2021-22/23.12.21_NLDC_PSP.pdf,200,1280102,62ee1f3a563e7a9dafcea36e62f68cea6791209c8159a80ee93933240f4e628c,2026-09-14T14:01:19,23.12.21_NLDC_PSP|23-12-2021|attachment/pdf
https://webcdn.grid-india.in/files/grdw/uploads/download-manager-files/24.12.21_NLDC_PSP.pdf,2021-22/24.12.21_NLDC_PSP.pdf,200,1279649,2c14b8557f8478b0c09fbb870bda61b50f50ff8f5c353c4c033c656700671c93,2026-09-14T14:01:19,24.12.21_NLDC_PSP|24-12-2021|attachment/pdf
https://webcdn.grid-india.in/files/grdw/uploads/download-manager-files/25.12.21_NLDC_PSP.pdf,2021-22/25.12.21_NLDC_PSP.pdf,200,1279069,e4af26ea1ed8262472e14766d8c57042ab88d011f6326d8d29b06eea841ff210,2026-09-14T14:01:20,25.12.21_NLDC_PSP|25-12-2021|attachment/pdf
https://webcdn.grid-india.in/files/grdw/uploads/download-manager-files/26.12.21_NLDC_PSP.pdf,2021-22/26.12.21_NLDC_PSP.pdf,200,1279039,18643fbe56abb7ceb0947394305ec41f98f5385f129c2db5c62f2625faaf704c,2026-09-14T14:01:20,26.12.21_NLDC_PSP|26-12-2021|attachment/pdf
https://webcdn.grid-india.in/files/grdw/uploads/download-manager-files/27.12.21_NLDC_PSP.pdf,2021-22/27.12.21_NLDC_PSP.pdf,200,311356,39dddb45d9c69dadb52d8c46a7d1c9a7a0befc1713efa6bcb3d0fe9c553cda8e,2026-09-14T14:01:20,27.12.21_NLDC_PSP|27-12-2021|attachment/pdf
https://webcdn.grid-india.in/files/grdw/uploads/download-manager-files/28.12.21_NLDC_PSP.pdf,2021-22/28.12.21_NLDC_PSP.pdf,200,1279996,8e3ad3ec2fa1790ef1debcc7a0c6ec75c731d182ddab9d435f98f4c7b247b5ad,2026-09-14T14:01:21,28.12.21_NLDC_PSP|28-12-2021|attachment/pdf
https://webcdn.grid-india.in/files/grdw/uploads/download-manager-files/29.12.21_NLDC_PSP.pdf,2021-22/29.12.21_NLDC_PSP.pdf,200,1278424,1bbf27947bf1c722834ce223b5b7239a8987a1cc46b8df7d8ca5f64a7f2aecc7,2026-09-14T14:01:22,29.12.21_NLDC_PSP|29-12-2021|attachment/pdf
https://webcdn.grid-india.in/files/grdw/uploads/download-manager-files/30.12.21_NLDC_PSP.pdf,2021-22/30.12.21_NLDC_PSP.pdf,200,1279768,1fb2c1dfc903594009d5573817f849200c6bf4a493d1a40fa457bc39b1c6652c,2026-09-14T14:01:23,30.12.21_NLDC_PSP|30-12-2021|attachment/pdf
https://webcdn.grid-india.in/files/grdw/2026/02/1641013085wpdm_upload_537.pdf,2021-22/1641013085wpdm_upload_537.pdf,200,312345,c0bea780faae71925581aed3f883af3b94816e2d3e6b5a929bd6c1fab0849d35,2026-09-14T14:01:23,31.12.21_NLDC_PSP|31-12-2021|application/pdf
https://webcdn.grid-india.in/files/grdw/uploads/download-manager-files/01.01.22_NLDC_PSP.pdf,2021-22/01.01.22_NLDC_PSP.pdf,200,1278307,2d9167dd634e6b24759f8f503b434809535567be2e27c53cc3623ed3637c9d00,2026-09-14T14:01:25,01.01.22_NLDC_PSP|01-01-2022|attachment/pdf
https://webcdn.grid-india.in/files/grdw/2026/02/1641016092wpdm_upload_102.pdf,2021-22/1641016092wpdm_upload_102.pdf,200,312341,11a29b92a32e7898808ad87eb7fe1662ba21a001f42891651fe6392b3838c82a,2026-09-14T14:01:25,02.01.22_NLDC_PSP|02-01-2022|application/pdf
https://webcdn.grid-india.in/files/grdw/uploads/download-manager-files/03.01.22_NLDC_PSP.pdf,2021-22/03.01.22_NLDC_PSP.pdf,200,311890,7c704fd620bbfaf1f73b2645b9b48bda341a7b5cfd0a72d8060b3820f0fb252f,2026-09-14T14:01:25,03.01.22_NLDC_PSP|03-01-2022|attachment/pdf
https://webcdn.grid-india.in/files/grdw/uploads/download-manager-files/04.01.22_NLDC_PSP.pdf,2021-22/04.01.22_NLDC_PSP.pdf,200,1278892,e6007288fffe82703b067b34f875226e7682d629e64f79fdca06a5afc5559e51,2026-09-14T14:01:26,04.01.22_NLDC_PSP|04-01-2022|attachment/pdf
https://webcdn.grid-india.in/files/grdw/uploads/download-manager-files/05.01.22_NLDC_PSP.pdf,2021-22/05.01.22_NLDC_PSP.pdf,200,1279452,35947b0418e81127a9c5b0e6c979c27b383c07b78208007f3bc7d960a404a5b0,2026-09-14T14:01:27,05.01.22_NLDC_PSP|05-01-2022|attachment/pdf
https://webcdn.grid-india.in/files/grdw/uploads/download-manager-files/06.01.22_NLDC_PSP.pdf,2021-22/06.01.22_NLDC_PSP.pdf,200,1278421,c1f728188d46e00402838ff832708ac4332274522438654bb72b5dc1304f5963,2026-09-14T14:01:27,06.01.22_NLDC_PSP|06-01-2022|attachment/pdf
https://webcdn.grid-india.in/files/grdw/uploads/download-manager-files/07.01.22_NLDC_PSP.pdf,2021-22/07.01.22_NLDC_PSP.pdf,200,358263,477d4f2d17b2ba1e5d9baa18122c6120213bcb9041a0d27e727d5d2e59652792,2026-09-14T14:01:28,07.01.22_NLDC_PSP|07-01-2022|attachment/pdf
https://webcdn.grid-india.in/files/grdw/uploads/download-manager-files/08.01.22_NLDC_PSP.pdf,2021-22/08.01.22_NLDC_PSP.pdf,200,1273152,122582295a387f02255aba24a757a35b04d1d8edc97640ac62afbda80ce327a3,2026-09-14T14:01:29,08.01.22_NLDC_PSP|08-01-2022|attachment/pdf
https://webcdn.grid-india.in/files/grdw/uploads/download-manager-files/09.01.22_NLDC_PSP.pdf,2021-22/09.01.22_NLDC_PSP.pdf,200,1278404,445ba3056de3f2187875af5db563575e6ea47d05d37e93a6fa45c20793c75ab5,2026-09-14T14:01:29,09.01.22_NLDC_PSP|09-01-2022|attachment/pdf
https://webcdn.grid-india.in/files/grdw/uploads/download-manager-files/10.01.22_NLDC_PSP.pdf,2021-22/10.01.22_NLDC_PSP.pdf,200,309517,0d3875e438b7cbbcad7d02ee78329765091c78f0862e9b99fefb63b41e0c4c40,2026-09-14T14:01:29,10.01.22_NLDC_PSP|10-01-2022|attachment/pdf
https://webcdn.grid-india.in/files/grdw/uploads/download-manager-files/11.01.22_NLDC_PSP.pdf,2021-22/11.01.22_NLDC_PSP.pdf,200,309591,0c83919148a13e80d0a47fd63a6334c4eda57d1e9b476bf16cd5bd2b3883861f,2026-09-14T14:01:30,11.01.22_NLDC_PSP|11-01-2022|attachment/pdf
https://webcdn.grid-india.in/files/grdw/uploads/download-manager-files/12.01.22_NLDC_PSP.pdf,2021-22/12.01.22_NLDC_PSP.pdf,200,309837,da08beea621b661d60a6786a342a4265b6d8bfd2d1c586628c99bfbe8d4dd609,2026-09-14T14:01:30,12.01.22_NLDC_PSP|12-01-2022|attachment/pdf
https://webcdn.grid-india.in/files/grdw/uploads/download-manager-files/13.01.22_NLDC_PSP.pdf,2021-22/13.01.22_NLDC_PSP.pdf,200,312595,261bdcea8bcd2e9a5ad7eb88bcd265d6f510a907ef6623f0cbfc73e6983b3995,2026-09-14T14:01:31,13.01.22_NLDC_PSP|13-01-2022|attachment/pdf
https://webcdn.grid-india.in/files/grdw/uploads/download-manager-files/14.01.22_NLDC_PSP.pdf,2021-22/14.01.22_NLDC_PSP.pdf,200,213495,d7f1174d26db83d69dfdc92cc4708add0c09521b7d87ca7f8dd3e7749a9f507f,2026-09-14T14:01:31,14.01.22_NLDC_PSP|14-01-2022|attachment/pdf
https://webcdn.grid-india.in/files/grdw/uploads/download-manager-files/15.01.22_NLDC_PSP.pdf,2021-22/15.01.22_NLDC_PSP.pdf,200,311409,8d4ba662b0898ed60a579a9349a96d3c5e1b661a52be34b00a3719de3df43f84,2026-09-14T14:01:32,15.01.22_NLDC_PSP|15-01-2022|attachment/pdf
https://webcdn.grid-india.in/files/grdw/uploads/download-manager-files/16.01.22_NLDC_PSP.pdf,2021-22/16.01.22_NLDC_PSP.pdf,200,310011,3ef0a508998be1a60176330c079afcb2dc05dfe2a9c90fb014523bad75811aed,2026-09-14T14:01:32,16.01.22_NLDC_PSP|16-01-2022|attachment/pdf
https://webcdn.grid-india.in/files/grdw/uploads/download-manager-files/17.01.22_NLDC_PSP.pdf,2021-22/17.01.22_NLDC_PSP.pdf,200,310853,a6d03f98c6c37689d7758fc512088a4176a3b979b9523c9c168f522db23118e3,2026-09-14T14:01:33,17.01.22_NLDC_PSP|17-01-2022|attachment/pdf
https://webcdn.grid-india.in/files/grdw/uploads/download-manager-files/18.01.22_NLDC_PSP.pdf,2021-22/18.01.22_NLDC_PSP.pdf,200,1279881,1938baa9e8e2b485d4da26457e84ae6c2a4230dace855a0a8ee5497a01b73617,2026-09-14T14:01:34,18.01.22_NLDC_PSP|18-01-2022|attachment/pdf
https://webcdn.grid-india.in/files/grdw/uploads/download-manager-files/19.01.22_NLDC_PSP.pdf,2021-22/19.01.22_NLDC_PSP.pdf,200,1291143,f928cc5d12e75f4f6ae6dbbd3fa0b678f4a73be7a74bf2baf58bb0a2d9e57ea7,2026-09-14T14:01:35,19.01.22_NLDC_PSP|19-01-2022|attachment/pdf
https://webcdn.grid-india.in/files/grdw/uploads/download-manager-files/20.01.22_NLDC_PSP.pdf,2021-22/20.01.22_NLDC_PSP.pdf,200,310469,66365b410033f51711e6c37ac4c72713d2ed4ee261c3db002f862d57e4466ae1,2026-09-14T14:01:35,20.01.22_NLDC_PSP|20-01-2022|attachment/pdf
https://webcdn.grid-india.in/files/grdw/uploads/download-manager-files/21.01.22_NLDC_PSP.pdf,2021-22/21.01.22_NLDC_PSP.pdf,200,310493,39a6b76957353b63ba886e235367e82b650c44fc2a08e7ec0d532edeee53aa7e,2026-09-14T14:01:36,21.01.22_NLDC_PSP|21-01-2022|attachment/pdf
https://webcdn.grid-india.in/files/grdw/uploads/download-manager-files/22.01.22_NLDC_PSP.pdf,2021-22/22.01.22_NLDC_PSP.pdf,200,310310,a8833fddf5624aadcab241111a9d7a6c3cf15d5855dbcb0814f2227ba0249246,2026-09-14T14:01:36,22.01.22_NLDC_PSP|22-01-2022|attachment/pdf
https://webcdn.grid-india.in/files/grdw/uploads/download-manager-files/23.01.22_NLDC_PSP.pdf,2021-22/23.01.22_NLDC_PSP.pdf,200,312451,659af3d5c5cbaf42174ebfa21eb59d1566d5448f59d9973029f2e3d95370e435,2026-09-14T14:01:37,23.01.22_NLDC_PSP|23-01-2022|attachment/pdf
https://webcdn.grid-india.in/files/grdw/uploads/download-manager-files/24.01.22_NLDC_PSP.pdf,2021-22/24.01.22_NLDC_PSP.pdf,200,1539242,8a8386aaab77245378af85a73a3c794d491a6d80c4bfddd47f5c3c0eda87e9ac,2026-09-14T14:01:38,24.01.22_NLDC_PSP|24-01-2022|attachment/pdf
https://webcdn.grid-india.in/files/grdw/uploads/download-manager-files/25.01.22_NLDC_PSP.pdf,2021-22/25.01.22_NLDC_PSP.pdf,200,311914,fc9a13cdbf06a76d7d72c7a41e1d2191bcf30f702d83aba81e8b3825a2810e8c,2026-09-14T14:01:38,25.01.22_NLDC_PSP|25-01-2022|attachment/pdf
https://webcdn.grid-india.in/files/grdw/uploads/download-manager-files/26.01.22_NLDC_PSP.pdf,2021-22/26.01.22_NLDC_PSP.pdf,200,1278728,8112576bd527af8795613784ff7fe97979dce80d40a163afdda5e5700575f842,2026-09-14T14:01:39,26.01.22_NLDC_PSP|26-01-2022|attachment/pdf
https://webcdn.grid-india.in/files/grdw/uploads/download-manager-files/27.01.22_NLDC_PSP.pdf,2021-22/27.01.22_NLDC_PSP.pdf,200,1292113,969e3c007b548621baf133a249bdaa04a3c6844cfe63ccc54ab9dd6b4db50615,2026-09-14T14:01:40,27.01.22_NLDC_PSP|27-01-2022|attachment/pdf
https://webcdn.grid-india.in/files/grdw/uploads/download-manager-files/28.01.22_NLDC_PSP.pdf,2021-22/28.01.22_NLDC_PSP.pdf,200,312131,4719db122ae5bd0fa9629132df77ae7f51cad666b6ba1328eff03b84cc8835e6,2026-09-14T14:01:40,28.01.22_NLDC_PSP|28-01-2022|attachment/pdf
https://webcdn.grid-india.in/files/grdw/2026/02/1643515326wpdm_UPLOAD_418.pdf,2021-22/1643515326wpdm_UPLOAD_418.pdf,200,309804,c739d9d9df241f5c81a35e1d07152f745a4b498480bff25af238956c2e5ace07,2026-09-14T14:01:41,29.01.22_NLDC_PSP|29-01-2022|application/pdf
https://webcdn.grid-india.in/files/grdw/uploads/download-manager-files/30.01.22_NLDC_PSP.pdf,2021-22/30.01.22_NLDC_PSP.pdf,200,1542136,5bfc92da4270dc342b5cc07a1a7b5e8b2962bbc253016866d551be60b3f7ab96,2026-09-14T14:01:42,30.01.22_NLDC_PSP|30-01-2022|attachment/pdf
https://webcdn.grid-india.in/files/grdw/uploads/download-manager-files/31.01.22_NLDC_PSP.pdf,2021-22/31.01.22_NLDC_PSP.pdf,200,312506,7520f5cc18bc54ca9f0d6e2339ac641c3f63c00663122f8b43c620ec24e0b3a7,2026-09-14T14:01:42,31.01.22_NLDC_PSP|31-01-2022|attachment/pdf
https://webcdn.grid-india.in/files/grdw/uploads/download-manager-files/01.02.22_NLDC_PSP.pdf,2021-22/01.02.22_NLDC_PSP.pdf,200,310659,bd58f7bf23142461d6fd4dd8fe125363a52ec6af4b0644ddddf6f4c050945fd6,2026-09-14T14:01:43,01.02.22_NLDC_PSP|01-02-2022|attachment/pdf
https://webcdn.grid-india.in/files/grdw/uploads/download-manager-files/02.02.22_NLDC_PSP.pdf,2021-22/02.02.22_NLDC_PSP.pdf,200,1278752,d855905460fc9e1d8f2b18515b6fa6875c134182bb3b706054886e177e2a69d7,2026-09-14T14:01:44,02.02.22_NLDC_PSP|02-02-2022|attachment/pdf
https://webcdn.grid-india.in/files/grdw/uploads/download-manager-files/03.02.22_NLDC_PSP.pdf,2021-22/03.02.22_NLDC_PSP.pdf,200,1540471,39bf21ea1f6f7d788d19687439375f5ae86b1d6d2028d7f2d2815ab35c94806e,2026-09-14T14:01:45,03.02.22_NLDC_PSP|03-02-2022|attachment/pdf
https://webcdn.grid-india.in/files/grdw/2026/02/1644038855wpdm_upload_927.pdf,2021-22/1644038855wpdm_upload_927.pdf,200,312160,215b13a03a99215398744d43789c1b1a7bc81f5a4e8c40dc2abc03e3d8dd552e,2026-09-14T14:01:45,04.02.22_NLDC_PSP|04-02-2022|application/pdf
https://webcdn.grid-india.in/files/grdw/uploads/download-manager-files/05.02.22_NLDC_PSP.pdf,2021-22/05.02.22_NLDC_PSP.pdf,200,312061,326afb6c428f7935675ab0f7262ac01dd2dd4dd5c0f9b1a1bcbbad105d204b88,2026-09-14T14:01:46,05.02.22_NLDC_PSP|05-02-2022|attachment/pdf
https://webcdn.grid-india.in/files/grdw/uploads/download-manager-files/06.02.22_NLDC_PSP.pdf,2021-22/06.02.22_NLDC_PSP.pdf,200,310681,27de3e547bb0abdaedbbc6c500a9417f01a8a9b56b36626fc03518ce5442c7af,2026-09-14T14:01:46,06.02.22_NLDC_PSP|06-02-2022|attachment/pdf
https://webcdn.grid-india.in/files/grdw/uploads/download-manager-files/07.02.22_NLDC_PSP.pdf,2021-22/07.02.22_NLDC_PSP.pdf,200,311602,7adcc36043e1fe5a2b211c90f8660d30e79c4503153796c0e5d70b941f44acf4,2026-09-14T14:01:47,07.02.22_NLDC_PSP|07-02-2022|attachment/pdf
https://webcdn.grid-india.in/files/grdw/uploads/download-manager-files/08.02.22_NLDC_PSP.pdf,2021-22/08.02.22_NLDC_PSP.pdf,200,312462,270bc4d57a8c54363d760b033fbf09c662447758aefb64805f80320f27f67228,2026-09-14T14:01:47,08.02.22_NLDC_PSP|08-02-2022|attachment/pdf
https://webcdn.grid-india.in/files/grdw/uploads/download-manager-files/09.02.22_NLDC_PSP.pdf,2021-22/09.02.22_NLDC_PSP.pdf,200,1278935,fa22bf4b0288df688ab150b76d196e4f95efe3be6705b49ee2f4761dd47d9fd0,2026-09-14T14:01:48,09.02.22_NLDC_PSP|09-02-2022|attachment/pdf
https://webcdn.grid-india.in/files/grdw/uploads/download-manager-files/10.02.22_NLDC_PSP.pdf,2021-22/10.02.22_NLDC_PSP.pdf,200,1278709,3400332225c35d75c6a9ef76697514a488589940d84ca16fc32aa3ad96ac9580,2026-09-14T14:01:49,10.02.22_NLDC_PSP|10-02-2022|attachment/pdf
https://webcdn.grid-india.in/files/grdw/uploads/download-manager-files/11.02.22_NLDC_PSP.pdf,2021-22/11.02.22_NLDC_PSP.pdf,200,310521,bfbc597457bef36eaf886af7ba51c2b5128a17498e03b29e917ad2f496d04ccc,2026-09-14T14:01:49,11.02.22_NLDC_PSP|11-02-2022|attachment/pdf
https://webcdn.grid-india.in/files/grdw/uploads/download-manager-files/12.02.22_NLDC_PSP.pdf,2021-22/12.02.22_NLDC_PSP.pdf,200,1278781,c3e3b76c7548e604dc152f1d7ab4f933cf289539077bd30ea40ef9e00b3496c7,2026-09-14T14:01:50,12.02.22_NLDC_PSP|12-02-2022|attachment/pdf
https://webcdn.grid-india.in/files/grdw/uploads/download-manager-files/13.02.22_NLDC_PSP.pdf,2021-22/13.02.22_NLDC_PSP.pdf,200,312646,10c4bd3791e2ebd219c80b611733a44466c33c1c034234c2c7d311f5a2022c0d,2026-09-14T14:01:50,13.02.22_NLDC_PSP|13-02-2022|attachment/pdf
https://webcdn.grid-india.in/files/grdw/uploads/download-manager-files/14.02.22_NLDC_PSP.pdf,2021-22/14.02.22_NLDC_PSP.pdf,200,311990,cfc263f9fbf2121ba2894ac45c2b405b89104f26f1f177a674ee68d8cd938525,2026-09-14T14:01:51,14.02.22_NLDC_PSP|14-02-2022|attachment/pdf
https://webcdn.grid-india.in/files/grdw/uploads/download-manager-files/15.02.22_NLDC_PSP.pdf,2021-22/15.02.22_NLDC_PSP.pdf,200,312125,bc2061246832cb31b37ca1d70833021d050e1adce93ef59271f9fb3bae5b8485,2026-09-14T14:01:51,15.02.22_NLDC_PSP|15-02-2022|attachment/pdf
https://webcdn.grid-india.in/files/grdw/uploads/download-manager-files/16.02.22_NLDC_PSP.pdf,2021-22/16.02.22_NLDC_PSP.pdf,200,310735,ec8953e1cc0985383e060eeebef7c1b5dda313f2e7b3440330ce8f0a154c32bb,2026-09-14T14:01:52,16.02.22_NLDC_PSP|16-02-2022|attachment/pdf
https://webcdn.grid-india.in/files/grdw/uploads/download-manager-files/17.02.22_NLDC_PSP.pdf,2021-22/17.02.22_NLDC_PSP.pdf,200,311576,7cbbd37f45ea0be2115e4916c7af93ff835df732e927f6f73359ec36270156bb,2026-09-14T14:01:52,17.02.22_NLDC_PSP|17-02-2022|attachment/pdf
https://webcdn.grid-india.in/files/grdw/uploads/download-manager-files/18.02.22_NLDC_PSP.pdf,2021-22/18.02.22_NLDC_PSP.pdf,200,1279438,0aa91865e3fdb65decb0b75d9d48df301c977116870a74a7e0b01e6117da8b2d,2026-09-14T14:01:53,18.02.22_NLDC_PSP|18-02-2022|attachment/pdf
https://webcdn.grid-india.in/files/grdw/uploads/download-manager-files/19.02.22_NLDC_PSP.pdf,2021-22/19.02.22_NLDC_PSP.pdf,200,1295335,fe7cf4152da04908a8e482d7447028c028c3b583d081903fc86414b9e5655bef,2026-09-14T14:01:54,19.02.22_NLDC_PSP|19-02-2022|attachment/pdf
https://webcdn.grid-india.in/files/grdw/uploads/download-manager-files/20.02.22_NLDC_PSP.pdf,2021-22/20.02.22_NLDC_PSP.pdf,200,1295234,d6c7e20d71392d767d0070b9e1c1b9b022964fec997918c27c2ce1213793a459,2026-09-14T14:01:54,20.02.22_NLDC_PSP|20-02-2022|attachment/pdf
https://webcdn.grid-india.in/files/grdw/uploads/download-manager-files/21.02.22_NLDC_PSP.pdf,2021-22/21.02.22_NLDC_PSP.pdf,200,310553,87b1a90abfea3f1f13c52264cf9bfc273d088ad99cec346a427be621f9a83b7f,2026-09-14T14:01:54,21.02.22_NLDC_PSP|21-02-2022|attachment/pdf
https://webcdn.grid-india.in/files/grdw/uploads/download-manager-files/22.02.22_NLDC_PSP.pdf,2021-22/22.02.22_NLDC_PSP.pdf,200,310539,aa1ef3351b90ae7a2807054bea645fc2b9350b4b4e801393317e0cc1cb00508b,2026-09-14T14:01:55,22.02.22_NLDC_PSP|22-02-2022|attachment/pdf
https://webcdn.grid-india.in/files/grdw/uploads/download-manager-files/23.02.22_NLDC_PSP.pdf,2021-22/23.02.22_NLDC_PSP.pdf,200,1280154,fe1cb308d86ac82fb367c9cbc276a5f9bf596ce85c6b32cc43794b27145711de,2026-09-14T14:01:56,23.02.22_NLDC_PSP|23-02-2022|attachment/pdf
https://webcdn.grid-india.in/files/grdw/uploads/download-manager-files/24.02.22_NLDC_PSP.pdf,2021-22/24.02.22_NLDC_PSP.pdf,200,312066,bf5f4098005aca19c8ebee36f8052c21aec99f5755085868e5450767d6159411,2026-09-14T14:01:56,24.02.22_NLDC_PSP|24-02-2022|attachment/pdf
https://webcdn.grid-india.in/files/grdw/uploads/download-manager-files/25.02.22_NLDC_PSP.pdf,2021-22/25.02.22_NLDC_PSP.pdf,200,312081,fc1a61b12379272659878af933cda1bd15f1249e8105a014f02d719f61693f31,2026-09-14T14:01:57,25.02.22_NLDC_PSP|25-02-2022|attachment/pdf
https://webcdn.grid-india.in/files/grdw/uploads/download-manager-files/26.02.22_NLDC_PSP.pdf,2021-22/26.02.22_NLDC_PSP.pdf,200,1278907,6f62c830fd5ab3296d9af26b284fe7d7fa751f475e9530d8ab77fd2abe3b5c30,2026-09-14T14:01:58,26.02.22_NLDC_PSP|26-02-2022|attachment/pdf
https://webcdn.grid-india.in/files/grdw/uploads/download-manager-files/27.02.22_NLDC_PSP.pdf,2021-22/27.02.22_NLDC_PSP.pdf,200,1359318,77400decb7f704229224e64157952d3f2f25ace1665333d56c0944d9e4def8f3,2026-09-14T14:01:58,27.02.22_NLDC_PSP|27-02-2022|attachment/pdf
https://webcdn.grid-india.in/files/grdw/uploads/download-manager-files/28.02.22_NLDC_PSP.pdf,2021-22/28.02.22_NLDC_PSP.pdf,200,1279466,345784d9f0dc2e343a229d8c8fb2266433c07ba81c3f7846b056cbe0589efd7e,2026-09-14T14:01:59,28.02.22_NLDC_PSP|28-02-2022|attachment/pdf
https://webcdn.grid-india.in/files/grdw/uploads/download-manager-files/01.03.22_NLDC_PSP.pdf,2021-22/01.03.22_NLDC_PSP.pdf,200,1540452,9e43ea11942d8fb53f7601c9a373f179be4699c5cb944ce0b8c02b3d867c43b0,2026-09-14T14:02:00,01.03.22_NLDC_PSP|01-03-2022|attachment/pdf
https://webcdn.grid-india.in/files/grdw/uploads/download-manager-files/02.03.22_NLDC_PSP.pdf,2021-22/02.03.22_NLDC_PSP.pdf,200,312714,ec365f053c2c23ec58b52eb369502f7b4e631aa9deaac10db9a254ee34a43fd4,2026-09-14T14:02:01,02.03.22_NLDC_PSP|02-03-2022|attachment/pdf
https://webcdn.grid-india.in/files/grdw/uploads/download-manager-files/03.03.22_NLDC_PSP.pdf,2021-22/03.03.22_NLDC_PSP.pdf,200,312831,f1e463fe12c782baf20df421fea2b264557b42e3f5e8ab977cc306a9bdc5e7c6,2026-09-14T14:02:01,03.03.22_NLDC_PSP|03-03-2022|attachment/pdf
https://webcdn.grid-india.in/files/grdw/uploads/download-manager-files/04.03.22_NLDC_PSP.pdf,2021-22/04.03.22_NLDC_PSP.pdf,200,313869,ab94ce125e9411701d3a3a773efcd95f7b7d74fd3cb37dcaa64218cfe666811b,2026-09-14T14:02:02,04.03.22_NLDC_PSP|04-03-2022|attachment/pdf
https://webcdn.grid-india.in/files/grdw/uploads/download-manager-files/05.03.22_NLDC_PSP.pdf,2021-22/05.03.22_NLDC_PSP.pdf,200,1282045,d838de2d4ada041732a10322cba0532be7bdeadfbea0680d97fe9daf2f8d05c5,2026-09-14T14:02:02,05.03.22_NLDC_PSP|05-03-2022|attachment/pdf
https://webcdn.grid-india.in/files/grdw/uploads/download-manager-files/06.03.22_NLDC_PSP.pdf,2021-22/06.03.22_NLDC_PSP.pdf,200,1280396,87e41c0ecd0fab9af69552616ab71c2c91cb53872b6462044cb3f0598eb05c8e,2026-09-14T14:02:03,06.03.22_NLDC_PSP.pdf|06-03-2022|attachment/pdf
https://webcdn.grid-india.in/files/grdw/uploads/download-manager-files/07.03.22_NLDC_PSP.pdf,2021-22/07.03.22_NLDC_PSP.pdf,200,1281740,9b74cd74e7527b29b16e030a68d6acbf9cb4cceea5f333ed90b4f052a9b8d933,2026-09-14T14:02:04,07.03.22_NLDC_PSP|07-03-2022|attachment/pdf
https://webcdn.grid-india.in/files/grdw/uploads/download-manager-files/08.03.22_NLDC_PSP.pdf,2021-22/08.03.22_NLDC_PSP.pdf,200,1282199,9b93a4f755cdcfa5cdaa067e0dcc421628ac339b862be582c18fbb0b6f001fe4,2026-09-14T14:02:04,08.03.22_NLDC_PSP|08-03-2022|attachment/pdf
https://webcdn.grid-india.in/files/grdw/uploads/download-manager-files/09.03.22_NLDC_PSP_H&E.pdf,2021-22/09.03.22_NLDC_PSP_H&E.pdf,200,1280120,79098ec3a546a962fcbfa78bf539ac0ce971c6e20653c738efc107b1331a54fc,2026-09-14T14:02:05,09.03.22_NLDC_PSP|09-03-2022|attachment/pdf
https://webcdn.grid-india.in/files/grdw/uploads/download-manager-files/11.03.22_NLDC_PSP.pdf,2021-22/11.03.22_NLDC_PSP.pdf,200,1280196,edba65a7d49d955968a6a176a7613e0a0abc3ab7976884eabe3243af0a5e212a,2026-09-14T14:02:05,11.03.22_NLDC_PSP|11-03-2022|attachment/pdf
https://webcdn.grid-india.in/files/grdw/uploads/download-manager-files/12.03.22_NLDC_PSP.pdf,2021-22/12.03.22_NLDC_PSP.pdf,200,1280264,276ae0bfd9ac20078361f555a48ae389be62000ed9f9afb986fcdaf604d58697,2026-09-14T14:02:06,12.03.22_NLDC_PSP|12-03-2022|attachment/pdf
https://webcdn.grid-india.in/files/grdw/uploads/download-manager-files/13.03.22_NLDC_PSP.pdf,2021-22/13.03.22_NLDC_PSP.pdf,200,1280438,e1b4e771534fcaa4747175e8c01e4ddc738b697d69a910062e4d3ec8218c8602,2026-09-14T14:02:07,13.03.22_NLDC_PSP|13-03-2022|attachment/pdf
https://webcdn.grid-india.in/files/grdw/uploads/download-manager-files/14.03.22_NLDC_PSP.pdf,2021-22/14.03.22_NLDC_PSP.pdf,200,1282022,7536b7e30fec71112b29e8c43819a16afe210a96b5ead08fbd29027ea7c43e64,2026-09-14T14:02:07,14.03.22_NLDC_PSP|14-03-2022|attachment/pdf
https://webcdn.grid-india.in/files/grdw/2026/02/1647408331wpdm_upload_426.pdf,2021-22/1647408331wpdm_upload_426.pdf,200,1281504,7b09bc5ab546469f70eb477c99d5c85b43f43c36862bcc470dbb6b169e6d7ba6,2026-09-14T14:02:08,15.03.22_NLDC_PSP|15-03-2022|application/pdf
https://webcdn.grid-india.in/files/grdw/2026/02/1647501367wpdm_upload_478.pdf,2021-22/1647501367wpdm_upload_478.pdf,200,313024,b5d381b01c4de39b52b41c31b76308b3539f914c261f891d23192fa51d8f2cec,2026-09-14T14:02:08,16.03.22_NLDC_PSP|16-03-2022|application/pdf
https://webcdn.grid-india.in/files/grdw/uploads/download-manager-files/17.03.22_NLDC_PSP.pdf,2021-22/17.03.22_NLDC_PSP.pdf,200,1281718,f76f7c77aad2270a09241c84f78fa0e2237c1708686933b8ba47284d7e2b199b,2026-09-14T14:02:09,17.03.22_NLDC_PSP|17-03-2022|attachment/pdf
https://webcdn.grid-india.in/files/grdw/uploads/download-manager-files/18.03.22_NLDC_PSP.pdf,2021-22/18.03.22_NLDC_PSP.pdf,200,314629,d360168a62d2e1bb8afcd83a5202a49c1de1436fd4c15268dcf6f3ccb06c6404,2026-09-14T14:02:09,18.03.22_NLDC_PSP|18-03-2022|attachment/pdf
https://webcdn.grid-india.in/files/grdw/uploads/download-manager-files/19.03.22_NLDC_PSP.pdf,2021-22/19.03.22_NLDC_PSP.pdf,200,312861,e6c400d06484fb923491aa3df3a304b3bf61e4b5c6f1688e3ba2648e050697df,2026-09-14T14:02:10,19.03.22_NLDC_PSP|19-03-2022|attachment/pdf
https://webcdn.grid-india.in/files/grdw/uploads/download-manager-files/20.03.22_NLDC_PSP.pdf,2021-22/20.03.22_NLDC_PSP.pdf,200,313203,c050bb3ba20f587c532224c9582f7a10dd38687094fb4ef4ef34b18e5bba0cd1,2026-09-14T14:02:10,20.03.22_NLDC_PSP|20-03-2022|attachment/pdf
https://webcdn.grid-india.in/files/grdw/uploads/download-manager-files/21.03.22_NLDC_PSP.pdf,2021-22/21.03.22_NLDC_PSP.pdf,200,1280679,1f367688888a9508d1b5135ed242876a3502413091c811073e95615bdccd4f6e,2026-09-14T14:02:11,21.03.22_NLDC_PSP|21-03-2022|attachment/pdf
https://webcdn.grid-india.in/files/grdw/uploads/download-manager-files/22.03.22_NLDC_PSP.pdf,2021-22/22.03.22_NLDC_PSP.pdf,200,1280688,31dfaf1fa210ba19f0781d949f5d800b15cb27afe4770c5b672222a42adcff36,2026-09-14T14:02:12,22.03.22_NLDC_PSP|22-03-2022|attachment/pdf
https://webcdn.grid-india.in/files/grdw/2026/02/1648094203wpdm_upload_156.pdf,2021-22/1648094203wpdm_upload_156.pdf,200,1280933,c7bb0039cfd22d7f5b22c6df46e732b361aa28183f61b42970110d4c3008384e,2026-09-14T14:02:12,23.03.22_NLDC_PSP|23-03-2022|application/pdf
https://webcdn.grid-india.in/files/grdw/2026/02/1648182193wpdm_upload_385.pdf,2021-22/1648182193wpdm_upload_385.pdf,200,1282464,929a19fcbc9e18857a1278c00b187ddf49a64ebde8847b6b526a349271f4af84,2026-09-14T14:02:13,24.03.22_NLDC_PSP|24-03-2022|application/pdf
https://webcdn.grid-india.in/files/grdw/uploads/download-manager-files/25.03.22_NLDC_PSP.pdf,2021-22/25.03.22_NLDC_PSP.pdf,200,314631,0dcd46dcb7c9fdb024818ae3596518770221e79e36430ae2599c8ab04ec058f3,2026-09-14T14:02:13,25.03.22_NLDC_PSP|25-03-2022|attachment/pdf
https://webcdn.grid-india.in/files/grdw/uploads/download-manager-files/26.03.22_NLDC_PSP.pdf,2021-22/26.03.22_NLDC_PSP.pdf,200,313412,e4f0883771f0c6b23e767d1e974bc5269173652a250a487218f336e607d9680c,2026-09-14T14:02:14,26.03.22_NLDC_PSP|26-03-2022|attachment/pdf
https://webcdn.grid-india.in/files/grdw/uploads/download-manager-files/27.03.22_NLDC_PSP.pdf,2021-22/27.03.22_NLDC_PSP.pdf,200,314281,906941e3e66fba2be5dfdfa36d92eec68809b1190ec7f5c20f415278e453957e,2026-09-14T14:02:14,27.03.22_NLDC_PSP|27-03-2022|attachment/pdf
https://webcdn.grid-india.in/files/grdw/uploads/download-manager-files/28.03.22_NLDC_PSP.pdf,2021-22/28.03.22_NLDC_PSP.pdf,200,315148,b469d9199947d424a4eaa8280047f70bb17a6e60230a7015fac83f121bcb7603,2026-09-14T14:02:15,28.03.22_NLDC_PSP|28-03-2022|attachment/pdf
https://webcdn.grid-india.in/files/grdw/uploads/download-manager-files/29.03.22_NLDC_PSP.pdf,2021-22/29.03.22_NLDC_PSP.pdf,200,1280868,985ed1300e5b1a7e0d257b8ed77005210171de21861395639c997dac9a61524e,2026-09-14T14:02:16,29.03.22_NLDC_PSP|29-03-2022|attachment/pdf
https://webcdn.grid-india.in/files/grdw/uploads/download-manager-files/30.03.22_NLDC_PSP.pdf,2021-22/30.03.22_NLDC_PSP.pdf,200,1284725,6621f8d53e4f1c54223277ff45f385138c0d9fc9bd9d9c6058cc17e003e60e3b,2026-09-14T14:02:16,30.03.22_NLDC_PSP|30-03-2022|attachment/pdf
https://webcdn.grid-india.in/files/grdw/uploads/download-manager-files/31.03.22_NLDC_PSP.pdf,2021-22/31.03.22_NLDC_PSP.pdf,200,313449,1f60184a1e68927d6d115db2e1e59b26697776fda69794d72e987deead18d1fd,2026-09-14T14:02:16,31.03.22_NLDC_PSP|31-03-2022|attachment/pdf
https://webcdn.grid-india.in/files/grdw/2026/01/upload%20on%20website_579.pdf,2022-23/upload on website_579.pdf,200,1282863,a34bd9f25e4f282de9f79bf6b386a7adf2467351efa036b239bcd3811fd5a9cc,2026-09-14T14:02:18,01.04.22_NLDC_PSP|01-04-2022|application/pdf
https://webcdn.grid-india.in/files/grdw/uploads/download-manager-files/02.04.22_NLDC_PSP.pdf,2022-23/02.04.22_NLDC_PSP.pdf,200,1280487,d63b0e7b18aff7c83142fb16e8181ad4c64e25bf2fda4bb23f0721162fb6af4b,2026-09-14T14:02:19,02.04.22_NLDC_PSP|02-04-2022|attachment/pdf
https://webcdn.grid-india.in/files/grdw/uploads/download-manager-files/03.04.22_NLDC_PSP.pdf,2022-23/03.04.22_NLDC_PSP.pdf,200,314806,1acd7dcef22d040b97e84c1c9afb6d8d557227dc52212f2fa1f249b2aa82a58f,2026-09-14T14:02:19,03.04.22_NLDC_PSP|03-04-2022|attachment/pdf
https://webcdn.grid-india.in/files/grdw/uploads/download-manager-files/04.04.22_NLDC_PSP.pdf,2022-23/04.04.22_NLDC_PSP.pdf,200,1281044,da6592e1346094b87f6be798ffeb7ff4a89c2c865dc5c0fe78734eeb52aac222,2026-09-14T14:02:20,04.04.22_NLDC_PSP|04-04-2022|attachment/pdf
https://webcdn.grid-india.in/files/grdw/uploads/download-manager-files/05.04.22_NLDC_PSP.pdf,2022-23/05.04.22_NLDC_PSP.pdf,200,314403,f1c0fff9a6d6c681e5132cc5f7eacb8aad23953f35fca165e3bb024be2f72215,2026-09-14T14:02:20,05.04.22_NLDC_PSP|05-04-2022|attachment/pdf
https://webcdn.grid-india.in/files/grdw/uploads/download-manager-files/06.04.22_NLDC_PSP.pdf,2022-23/06.04.22_NLDC_PSP.pdf,200,1281047,694deeee8e45687b465a88b7908822ee9e8aa5eff68846d326d121669fdeb068,2026-09-14T14:02:21,06.04.22_NLDC_PSP|06-04-2022|attachment/pdf
https://webcdn.grid-india.in/files/grdw/uploads/download-manager-files/07.04.22_NLDC_PSP.pdf,2022-23/07.04.22_NLDC_PSP.pdf,200,1281404,3adb3c799e4a92b94d52f24a2c0259d186d5fba72de6fde6ee9a9ceec336d831,2026-09-14T14:02:21,07.04.22_NLDC_PSP|07-04-2022|attachment/pdf
https://webcdn.grid-india.in/files/grdw/2026/01/1649478909wpdm_upload_677.pdf,2022-23/1649478909wpdm_upload_677.pdf,200,314822,91ef689bd4540a5605602ff4174fb322931685d3ae8c48b00ad63485a51b3233,2026-09-14T14:02:22,08.04.22_NLDC_PSP|08-04-2022|application/pdf
https://webcdn.grid-india.in/files/grdw/2026/01/1649567095wpdm_UPLOAD_869.pdf,2022-23/1649567095wpdm_UPLOAD_869.pdf,200,313004,a25b6774e0d3d8d13170465493497814140c2eaa4b205130114ed536ad745eed,2026-09-14T14:02:22,09.04.22_NLDC_PSP|09-04-2022|application/pdf
https://webcdn.grid-india.in/files/grdw/uploads/download-manager-files/10.04.22_NLDC_PSP.pdf,2022-23/10.04.22_NLDC_PSP.pdf,200,312682,cb662057f2381683f475cfef5ccef1be79b4e46633d5cd9400f0ae519f8e85e4,2026-09-14T14:02:23,10.04.22_NLDC_PSP|10-04-2022|attachment/pdf
https://webcdn.grid-india.in/files/grdw/uploads/download-manager-files/11.04.22_NLDC_PSP.pdf,2022-23/11.04.22_NLDC_PSP.pdf,200,312816,e66715b27fcb484c28338924ab491f3a123c1a0032203487c04588af5d20f9d9,2026-09-14T14:02:23,11.04.22_NLDC_PSP|11-04-2022|attachment/pdf
https://webcdn.grid-india.in/files/grdw/uploads/download-manager-files/12.04.22_NLDC_PSP.pdf,2022-23/12.04.22_NLDC_PSP.pdf,200,312790,d1ed8fba11ded9142adfe076c44a35b03b3670cb714a2b4dcc1682c9904c7afc,2026-09-14T14:02:24,12.04.22_NLDC_PSP|12-04-2022|attachment/pdf
https://webcdn.grid-india.in/files/grdw/uploads/download-manager-files/13.04.22_NLDC_PSP.pdf,2022-23/13.04.22_NLDC_PSP.pdf,200,314913,9fe7a08f660b7211a61ebb652fd98b11040ff7626753f9b7fdad03ac3635c8e4,2026-09-14T14:02:24,13.04.22_NLDC_PSP|13-04-2022|attachment/pdf
https://webcdn.grid-india.in/files/grdw/uploads/download-manager-files/14.04.22_NLDC_PSP.pdf,2022-23/14.04.22_NLDC_PSP.pdf,200,312977,57eae8068760c096b09892a726c20d0a7b123c020c2e83fc630ca47934f7ae6f,2026-09-14T14:02:25,14.04.22_NLDC_PSP|14-04-2022|attachment/pdf
https://webcdn.grid-india.in/files/grdw/uploads/download-manager-files/15.04.22_NLDC_PSP.pdf,2022-23/15.04.22_NLDC_PSP.pdf,200,314190,a3595761da6eacbfc924cc2d2b791f6cd6e9a78ef31875ad603a2190b06d886c,2026-09-14T14:02:25,15.04.22_NLDC_PSP|15-04-2022|attachment/pdf
https://webcdn.grid-india.in/files/grdw/uploads/download-manager-files/16.04.22_NLDC_PSP.pdf,2022-23/16.04.22_NLDC_PSP.pdf,200,313043,506c59a007e66ec0b24569add4bc54bd23994e0cea874f4e9946e97fbbb4e608,2026-09-14T14:02:26,16.04.22_NLDC_PSP|16-04-2022|attachment/pdf
https://webcdn.grid-india.in/files/grdw/uploads/download-manager-files/17.04.22_NLDC_PSP.pdf,2022-23/17.04.22_NLDC_PSP.pdf,200,314049,a3b8fde45ef3b809f764d889ee48b9bb290e480077a06148f8c1cbba7262c8be,2026-09-14T14:02:26,17.04.22_NLDC_PSP|17-04-2022|attachment/pdf
https://webcdn.grid-india.in/files/grdw/uploads/download-manager-files/18.04.22_NLDC_PSP.pdf,2022-23/18.04.22_NLDC_PSP.pdf,200,314817,12d199447e820c746db069172feccd73b1da6bdd5bbd203b59d79e67c6afea26,2026-09-14T14:02:27,18.04.22_NLDC_PSP|18-04-2022|attachment/pdf
https://webcdn.grid-india.in/files/grdw/uploads/download-manager-files/19.04.22_NLDC_PSP.pdf,2022-23/19.04.22_NLDC_PSP.pdf,200,313412,2582217ec9850c80b9a40d5682098d5962061dd17d8f89496a1bc213363420c6,2026-09-14T14:02:27,19.04.22_NLDC_PSP|19-04-2022|attachment/pdf
https://webcdn.grid-india.in/files/grdw/uploads/download-manager-files/20.04.22_NLDC_PSP.pdf,2022-23/20.04.22_NLDC_PSP.pdf,200,313321,98d6f92bfb9fe9b8879f1fb72a1e49253069579f2055fb06b77b32d4893c1561,2026-09-14T14:02:28,20.04.22_NLDC_PSP|20-04-2022|attachment/pdf
https://webcdn.grid-india.in/files/grdw/uploads/download-manager-files/21.04.22_NLDC_PSP.pdf,2022-23/21.04.22_NLDC_PSP.pdf,200,312843,da42db839235470ba322cd1b57a3dde3f6659423761ba2e63e7cf24408a3c49f,2026-09-14T14:02:28,21.04.22_NLDC_PSP|21-04-2022|attachment/pdf
https://webcdn.grid-india.in/files/grdw/uploads/download-manager-files/22.04.22_NLDC_PSP.pdf,2022-23/22.04.22_NLDC_PSP.pdf,200,314120,1d98a80d7dca2cf9fe8730acc4cfd7262285660afa07fde064446591c3ee3b84,2026-09-14T14:02:29,22.04.22_NLDC_PSP|22-04-2022|attachment/pdf
https://webcdn.grid-india.in/files/grdw/uploads/download-manager-files/23.04.22_NLDC_PSP.pdf,2022-23/23.04.22_NLDC_PSP.pdf,200,315004,8d59164c5bbd606c9fbc274d8a6e2bf87629c16faaf241763091dab6b805ea24,2026-09-14T14:02:29,23.04.22_NLDC_PSP|23-04-2022|attachment/pdf
https://webcdn.grid-india.in/files/grdw/2026/01/1650864482wpdm_UPLOAD_150.pdf,2022-23/1650864482wpdm_UPLOAD_150.pdf,200,312443,1be6f98658fde84961c817bc20c74bcd78d29e7cffe7ab808a5c52663b7adda8,2026-09-14T14:02:30,24.04.22_NLDC_PSP|24-04-2022|application/pdf
https://webcdn.grid-india.in/files/grdw/2026/01/1650946197wpdm_UPLOAD_177.pdf,2022-23/1650946197wpdm_UPLOAD_177.pdf,200,314524,75da0dfdcd8454c8f64549c8778f9680364a3faacf446993598bf650df03de26,2026-09-14T14:02:30,25.04.22_NLDC_PSP|25-04-2022|application/pdf
https://webcdn.grid-india.in/files/grdw/uploads/download-manager-files/26.04.22_NLDC_PSP.pdf,2022-23/26.04.22_NLDC_PSP.pdf,200,313433,a57e8c36ea57cb5a1f9cdf6fd759ab121d7068ca9763d2c0f7c8dd4918e8d2eb,2026-09-14T14:02:31,26.04.22_NLDC_PSP|26-04-2022|attachment/pdf
https://webcdn.grid-india.in/files/grdw/uploads/download-manager-files/27.04.22_NLDC_PSP.pdf,2022-23/27.04.22_NLDC_PSP.pdf,200,314375,ead9a3c3fb11e413f1b71a7c5264ea93645446ed6a99bfde722a54495c241f21,2026-09-14T14:02:31,27.04.22_NLDC_PSP|27-04-2022|attachment/pdf
https://webcdn.grid-india.in/files/grdw/uploads/download-manager-files/28.04.22_NLDC_PSP.pdf,2022-23/28.04.22_NLDC_PSP.pdf,200,314186,747aa7cf5604e6ea0268c57b2e5b4ca5f14b4a73707b0c6e64ed46a8151c793b,2026-09-14T14:02:32,28.04.22_NLDC_PSP|28-04-2022|attachment/pdf
https://webcdn.grid-india.in/files/grdw/uploads/download-manager-files/29.04.22_NLDC_PSP.pdf,2022-23/29.04.22_NLDC_PSP.pdf,200,312759,fcd4f9757693ef1bf997b9e64892dcbc564ad1065d3a9e6e60b7c0f47303d888,2026-09-14T14:02:32,29.04.22_NLDC_PSP|29-04-2022|attachment/pdf
https://webcdn.grid-india.in/files/grdw/uploads/download-manager-files/30.04.22_NLDC_PSP.pdf,2022-23/30.04.22_NLDC_PSP.pdf,200,1545212,b61765a310cfd1f99e7573730859c1ff47c923409886ca46685d42dcf46ea143,2026-09-14T14:02:33,30.04.22_NLDC_PSP|30-04-2022|attachment/pdf
https://webcdn.grid-india.in/files/grdw/uploads/download-manager-files/01.05.22_NLDC_PSP.pdf,2022-23/01.05.22_NLDC_PSP.pdf,200,313097,6372440824c9fdf129d42dc6dab62e3f444928fb3d37aa9b95354255f75a4641,2026-09-14T14:02:34,01.05.22_NLDC_PSP|01-05-2022|attachment/pdf
https://webcdn.grid-india.in/files/grdw/uploads/download-manager-files/02.05.22_NLDC_PSP.pdf,2022-23/02.05.22_NLDC_PSP.pdf,200,313063,63c020b5be8a608536431322d7d6b65eac10e6afd1ab8afe31d67ab21accd138,2026-09-14T14:02:35,02.05.22_NLDC_PSP|02-05-2022|attachment/pdf
https://webcdn.grid-india.in/files/grdw/uploads/download-manager-files/03.05.22_NLDC_PSP.pdf,2022-23/03.05.22_NLDC_PSP.pdf,200,314555,5af110f020d5bf50913748f91752c22c7412d75f1cf8e0ea5312ac532c15a47e,2026-09-14T14:02:35,03.05.22_NLDC_PSP|03-05-2022|attachment/pdf
https://webcdn.grid-india.in/files/grdw/uploads/download-manager-files/04.05.22_NLDC_PSP.pdf,2022-23/04.05.22_NLDC_PSP.pdf,200,314598,9d8c990046c807713683698622f1ab501a32d4a4ff2a5795346c16f99d366e8a,2026-09-14T14:02:35,04.05.22_NLDC_PSP|04-05-2022|attachment/pdf
https://webcdn.grid-india.in/files/grdw/uploads/download-manager-files/05.05.22_NLDC_PSP.pdf,2022-23/05.05.22_NLDC_PSP.pdf,200,313065,171426e546f2331a8de792f2cd22a86b27154bcab9d1a72b5fb9e36fbe397c68,2026-09-14T14:02:36,05.05.22_NLDC_PSP|05-05-2022|attachment/pdf
https://webcdn.grid-india.in/files/grdw/uploads/download-manager-files/06.05.22_NLDC_PSP.pdf,2022-23/06.05.22_NLDC_PSP.pdf,200,313135,53c4a8b857abf3143fe7d54cd6d8f791bfdb4d54dad3ad7586e34ea5bcd271f2,2026-09-14T14:02:37,06.05.22_NLDC_PSP|06-05-2022|attachment/pdf
https://webcdn.grid-india.in/files/grdw/uploads/download-manager-files/07.05.22_NLDC_PSP.pdf,2022-23/07.05.22_NLDC_PSP.pdf,200,313786,d6bdfe0a4232a472d10661c6efb3d28eb36bc097960c799cdd562eaf13dd2da4,2026-09-14T14:02:37,07.05.22_NLDC_PSP|07-05-2022|attachment/pdf
https://webcdn.grid-india.in/files/grdw/uploads/download-manager-files/08.05.22_NLDC_PSP.pdf,2022-23/08.05.22_NLDC_PSP.pdf,200,1545273,313ec735c9f354e578f1304ebe16c9fabb8f4e99bf7af3a90843db013095d76e,2026-09-14T14:02:38,08.05.22_NLDC_PSP|08-05-2022|attachment/pdf
https://webcdn.grid-india.in/files/grdw/uploads/download-manager-files/09.05.22_NLDC_PSP.pdf,2022-23/09.05.22_NLDC_PSP.pdf,200,313273,4edc3c3a1e7300f5e56104b9c1b5509a47ff327937aa9fa36c03a7648dc00be0,2026-09-14T14:02:38,09.05.22_NLDC_PSP|09-05-2022|attachment/pdf
https://webcdn.grid-india.in/files/grdw/uploads/download-manager-files/10.05.22_NLDC_PSP.pdf,2022-23/10.05.22_NLDC_PSP.pdf,200,312999,6a14b4a692c5b7d037aac5e26c0211783c28c44e47a0a955dc063221b4f5909c,2026-09-14T14:02:39,10.05.22_NLDC_PSP|10-05-2022|attachment/pdf
https://webcdn.grid-india.in/files/grdw/2026/01/1652328596wpdm_upload_611.pdf,2022-23/1652328596wpdm_upload_611.pdf,200,1543343,fcb7b686c3c7c6ea6e7237fba17e479abbd9ca548984e3d2c45d720d57a7cf18,2026-09-14T14:02:40,11.05.22_NLDC_PSP|11-05-2022|application/pdf
https://webcdn.grid-india.in/files/grdw/uploads/download-manager-files/12.05.22_NLDC_PSP.pdf,2022-23/12.05.22_NLDC_PSP.pdf,200,486089,a3f6544e798c715db68beedc40e8eedefc4da2e5f713947abc92ff2526359ac5,2026-09-14T14:02:40,12.05.22_NLDC_PSP|12-05-2022|attachment/pdf
https://webcdn.grid-india.in/files/grdw/uploads/download-manager-files/13.05.22_NLDC_PSP.pdf,2022-23/13.05.22_NLDC_PSP.pdf,200,314509,3fc1f47f1a76effffaa51d3e41bd9ea57e7f33bdb846692ccd955531b629d169,2026-09-14T14:02:40,13.05.22_NLDC_PSP|13-05-2022|attachment/pdf
https://webcdn.grid-india.in/files/grdw/uploads/download-manager-files/14.05.22_NLDC_PSP.pdf,2022-23/14.05.22_NLDC_PSP.pdf,200,314544,2032d0ed150cdc5316c36ef267ebd2b1af8445e495ec29b704635c61d8b86761,2026-09-14T14:02:41,14.05.22_NLDC_PSP|14-05-2022|attachment/pdf
https://webcdn.grid-india.in/files/grdw/uploads/download-manager-files/15.05.22_NLDC_PSP.pdf,2022-23/15.05.22_NLDC_PSP.pdf,200,312972,13ceaa17c732f96094b97100eef5e810e46f06428ea0797a2e67642c5e49afd9,2026-09-14T14:02:41,15.05.22_NLDC_PSP|15-05-2022|attachment/pdf
https://webcdn.grid-india.in/files/grdw/uploads/download-manager-files/16.05.22_NLDC_PSP.pdf,2022-23/16.05.22_NLDC_PSP.pdf,200,1543528,a3c648a4556d44f13c5cde088b93195ba68988bfe7747d0fe5ddb89bd44aeebb,2026-09-14T14:02:43,16.05.22_NLDC_PSP|16-05-2022|attachment/pdf
https://webcdn.grid-india.in/files/grdw/uploads/download-manager-files/17.05.22_NLDC_PSP.pdf,2022-23/17.05.22_NLDC_PSP.pdf,200,1544530,a4eb8ad6aa5f940198250f5d4ba5523965f580bead57f16e99702e9f8dc96f83,2026-09-14T14:02:44,17.05.22_NLDC_PSP|17-05-2022|attachment/pdf
https://webcdn.grid-india.in/files/grdw/uploads/download-manager-files/18.05.22_NLDC_PSP.pdf,2022-23/18.05.22_NLDC_PSP.pdf,200,314916,94f0e1d723ce5c8e8e18d84468fd242d341c4ed1cf6e794a26f00d60e1da6cac,2026-09-14T14:02:44,18.05.22_NLDC_PSP|18-05-2022|attachment/pdf
https://webcdn.grid-india.in/files/grdw/2026/01/1653019538wpdm_upload_530.pdf,2022-23/1653019538wpdm_upload_530.pdf,200,313250,a5cdbee72739f039ee7b7212b1f1c31fdd2e6e459ae850e18623631c568b54ca,2026-09-14T14:02:44,19.05.22_NLDC_PSP|19-05-2022|application/pdf
https://webcdn.grid-india.in/files/grdw/uploads/download-manager-files/20.05.22_NLDC_PSP.pdf,2022-23/20.05.22_NLDC_PSP.pdf,200,313075,070c4986bc101771fea3c29940bae2262613d9aff36f184e60c4a2db4844f373,2026-09-14T14:02:45,20.05.22_NLDC_PSP|20-05-2022|attachment/pdf
https://webcdn.grid-india.in/files/grdw/uploads/download-manager-files/21.05.22_NLDC_PSP.pdf,2022-23/21.05.22_NLDC_PSP.pdf,200,313144,93fc68d425f6c73bbfbd185504311523c2c7219caead93f5ce93a8a6c5d5b527,2026-09-14T14:02:45,21.05.22_NLDC_PSP|21-05-2022|attachment/pdf
https://webcdn.grid-india.in/files/grdw/uploads/download-manager-files/22.05.22_NLDC_PSP.pdf,2022-23/22.05.22_NLDC_PSP.pdf,200,1638867,23f4e66241cc7d311e7f9608f1cd3d8865fd6ab652ed633e0fec802278c2ae62,2026-09-14T14:02:46,22.05.22_NLDC_PSP|22-05-2022|attachment/pdf
https://webcdn.grid-india.in/files/grdw/uploads/download-manager-files/23.05.22_NLDC_PSP.pdf,2022-23/23.05.22_NLDC_PSP.pdf,200,315249,137a0fba901e409b781ab39bcbe316d15b00c5fff92d70729f93ab1158287b79,2026-09-14T14:02:47,23.05.22_NLDC_PSP|23-05-2022|attachment/pdf
https://webcdn.grid-india.in/files/grdw/uploads/download-manager-files/24.05.22_NLDC_PSP.pdf,2022-23/24.05.22_NLDC_PSP.pdf,200,314592,ca5038db3cb23ded1530d6e6d06e634fbbf50a38779eb2a885b4835b59bbc712,2026-09-14T14:02:47,24.05.22_NLDC_PSP.pdf|24-05-2022|attachment/pdf
https://webcdn.grid-india.in/files/grdw/uploads/download-manager-files/25.05.22_NLDC_PSP.pdf,2022-23/25.05.22_NLDC_PSP.pdf,200,312292,8199e00221becfa4cf779129f265f3a2841a215ec5fe5f84e666cbb950fa9967,2026-09-14T14:02:48,25.05.22_NLDC_PSP|25-05-2022|attachment/pdf
https://webcdn.grid-india.in/files/grdw/uploads/download-manager-files/26.05.22_NLDC_PSP.pdf,2022-23/26.05.22_NLDC_PSP.pdf,200,313314,e3c1482b2ed3c1cc39b1fb2ddc26313244eaebe90eb4ad1f28c4d7478c05835c,2026-09-14T14:02:48,26.05.22_NLDC_PSP|26-05-2022|attachment/pdf
https://webcdn.grid-india.in/files/grdw/2026/01/1653714033wpdm_Upload%20on%20Website_905.pdf,2022-23/1653714033wpdm_Upload on Website_905.pdf,200,314222,965f34342a6c9ca5ec469fad9b06a719876bd09f45df9bf095af9be58f2b8bca,2026-09-14T14:02:49,27.05.22_NLDC_PSP|27-05-2022|application/pdf
https://webcdn.grid-india.in/files/grdw/uploads/download-manager-files/28.05.22_NLDC_PSP.pdf,2022-23/28.05.22_NLDC_PSP.pdf,200,314784,4169d292dce695c63b5b5400fe89f82845327929c6faa0ffe054f8b896eb166a,2026-09-14T14:02:49,28.05.22_NLDC_PSP|28-05-2022|attachment/pdf
https://webcdn.grid-india.in/files/grdw/uploads/download-manager-files/29.05.22_NLDC_PSP.pdf,2022-23/29.05.22_NLDC_PSP.pdf,200,312943,5e5d6cada16529a7e5d62f72376b05f78119c389c9433fad80de1f2c5c0b220c,2026-09-14T14:02:50,29.05.22_NLDC_PSP|29-05-2022|attachment/pdf
https://webcdn.grid-india.in/files/grdw/uploads/download-manager-files/30.05.22_NLDC_PSP.pdf,2022-23/30.05.22_NLDC_PSP.pdf,200,315145,46de735efd9f32210cacbaebb7d585ab14cb4f0a5e3b260ec34f60f1c4360331,2026-09-14T14:02:50,30.05.22_NLDC_PSP|30-05-2022|attachment/pdf
https://webcdn.grid-india.in/files/grdw/uploads/download-manager-files/31.05.22_NLDC_PSP.pdf,2022-23/31.05.22_NLDC_PSP.pdf,200,315258,86e6545e1340c2ca0822d5164dc274fea53a9dd0b70d3d7f187dce0fb0ec3dd9,2026-09-14T14:02:51,31.05.22_NLDC_PSP|31-05-2022|attachment/pdf
https://webcdn.grid-india.in/files/grdw/uploads/download-manager-files/01.06.22_NLDC_PSP.pdf,2022-23/01.06.22_NLDC_PSP.pdf,200,1611331,a41db8930db740b48ee2d24bfb72af46cbd3149f4c2c910a80ff55d87afb4355,2026-09-14T14:02:52,01.06.22_NLDC_PSP|01-06-2022|attachment/pdf
https://webcdn.grid-india.in/files/grdw/uploads/download-manager-files/02.06.22_NLDC_PSP.pdf,2022-23/02.06.22_NLDC_PSP.pdf,200,1611312,f2d4f3541690c0ad03eea958f296cc1d1a5cbccf415f316dd9bb6c923b12f74b,2026-09-14T14:02:53,02.06.22_NLDC_PSP|02-06-2022|attachment/pdf
https://webcdn.grid-india.in/files/grdw/uploads/download-manager-files/psp%20upload%20on%20website.pdf,2022-23/psp upload on website.pdf,200,314136,533666eb223f97609e08da0df77acc321d8310337132fd67733d1950529adbff,2026-09-14T14:02:54,03.06.22_NLDC_PSP|03-06-2022|attachment/pdf
https://webcdn.grid-india.in/files/grdw/uploads/download-manager-files/04.06.22_NLDC_PSP.pdf,2022-23/04.06.22_NLDC_PSP.pdf,200,313970,4553ef12c0ed146261b8fb3794877ecac1cd818a6d83243954ac65fcf64deb4d,2026-09-14T14:02:54,04.06.22_NLDC_PSP|04-06-2022|attachment/pdf
https://webcdn.grid-india.in/files/grdw/uploads/download-manager-files/05.06.22_NLDC_PSP.pdf,2022-23/05.06.22_NLDC_PSP.pdf,200,313997,13746db0cff661f3240c38a7f81941aeab7e2875a6352485e92d6ab99e608093,2026-09-14T14:02:55,05.06.22_NLDC_PSP|05-06-2022|attachment/pdf
https://webcdn.grid-india.in/files/grdw/uploads/download-manager-files/06.06.22_NLDC_PSP.pdf,2022-23/06.06.22_NLDC_PSP.pdf,200,312312,3cbc41012764c828b446c585d94a2ec85a892ff60e592b47e487f14739344d6f,2026-09-14T14:02:55,06.06.22_NLDC_PSP|06-06-2022|attachment/pdf
https://webcdn.grid-india.in/files/grdw/uploads/download-manager-files/07.06.22_NLDC_PSP.pdf,2022-23/07.06.22_NLDC_PSP.pdf,200,313454,a9b827de596b33767f0f840fb1a05983bfc00b3743b917e01030933ac75c3a60,2026-09-14T14:02:56,07.06.22_NLDC_PSP|07-06-2022|attachment/pdf
https://webcdn.grid-india.in/files/grdw/uploads/download-manager-files/08.06.22_NLDC_PSP.pdf,2022-23/08.06.22_NLDC_PSP.pdf,200,314039,bc3ab8ea20940e091c91ae9ce6d85d7436ef27e65889eeb78c8736b7ea594040,2026-09-14T14:02:56,08.06.22_NLDC_PSP|08-06-2022|attachment/pdf
https://webcdn.grid-india.in/files/grdw/uploads/download-manager-files/09.06.22_NLDC_PSP.pdf,2022-23/09.06.22_NLDC_PSP.pdf,200,1611541,d1cbff4f1570da713a7c5de872d7e0a0f613eabb92ef5dfd46a80bc5b1fc36d5,2026-09-14T14:02:57,09.06.22_NLDC_PSP|09-06-2022|attachment/pdf
https://webcdn.grid-india.in/files/grdw/uploads/download-manager-files/10.06.22_NLDC_PSP.pdf,2022-23/10.06.22_NLDC_PSP.pdf,200,312103,31ea2144dac33a2a0793478af88407ca67be0cb2969070179ff1379b0e0f62f5,2026-09-14T14:02:57,10.06.22_NLDC_PSP|10-06-2022|attachment/pdf
https://webcdn.grid-india.in/files/grdw/2026/01/1655008043wpdm_upload_482.pdf,2022-23/1655008043wpdm_upload_482.pdf,200,1610947,01047b319ca86f87a5730c3a45be469b7a1570ceb821a57228fc576b6ba690a9,2026-09-14T14:02:58,11.06.22_NLDC_PSP|11-06-2022|application/pdf
https://webcdn.grid-india.in/files/grdw/2026/01/1655092430wpdm_upload_610.pdf,2022-23/1655092430wpdm_upload_610.pdf,200,312080,2e6899d4cf08c7e6cf1c64c34aa32cd960c9cbc3eafbe416f50cc51a364d3db1,2026-09-14T14:02:58,12.06.22_NLDC_PSP|12-06-2022|application/pdf
https://webcdn.grid-india.in/files/grdw/uploads/download-manager-files/13.06.22_NLDC_PSP.pdf,2022-23/13.06.22_NLDC_PSP.pdf,200,314602,351c5528e507d1385a1011e943050eaee26aba33d2a0e44ea425508e3eba3172,2026-09-14T14:02:59,13.06.22_NLDC_PSP|13-06-2022|attachment/pdf
https://webcdn.grid-india.in/files/grdw/uploads/download-manager-files/14.06.22_NLDC_PSP.pdf,2022-23/14.06.22_NLDC_PSP.pdf,200,1613064,ceeada83c2b552b54e15a11cfd09a93d57f004d5d88b12871a54a203265b5022,2026-09-14T14:03:00,14.06.22_NLDC_PSP|14-06-2022|attachment/pdf
https://webcdn.grid-india.in/files/grdw/uploads/download-manager-files/15.06.22_NLDC_PSP.pdf,2022-23/15.06.22_NLDC_PSP.pdf,200,313959,8408bca9b263d9b862307388af7ee930ad9f1979fa766d8bf92e3f13bb425a1a,2026-09-14T14:03:00,15.06.22_NLDC_PSP|15-06-2022|attachment/pdf
https://webcdn.grid-india.in/files/grdw/uploads/download-manager-files/16.06.22_NLDC_PSP.pdf,2022-23/16.06.22_NLDC_PSP.pdf,200,312333,a9c8388159564490ced2c68592a1830e2e30f7c472455cf6f76b3a66033463a5,2026-09-14T14:03:01,16.06.22_NLDC_PSP|16-06-2022|attachment/pdf
https://webcdn.grid-india.in/files/grdw/uploads/download-manager-files/17.06.22_NLDC_PSP.pdf,2022-23/17.06.22_NLDC_PSP.pdf,200,1612156,f59a51c2e522cd2ea2079fdf768ca4d36415aa90beb386359ee148f826b40a2e,2026-09-14T14:03:02,17.06.22_NLDC_PSP|17-06-2022|attachment/pdf
https://webcdn.grid-india.in/files/grdw/uploads/download-manager-files/18.06.22_NLDC_PSP_1.pdf,2022-23/18.06.22_NLDC_PSP_1.pdf,200,1612771,1102c12e22180d6da832d6b5d474bec66b4698e009d7e4c0d020c3285da3f2b3,2026-09-14T14:03:03,18.06.22_NLDC_PSP|18-06-2022|attachment/pdf
https://webcdn.grid-india.in/files/grdw/2026/01/1655700068wpdm_upload_314.pdf,2022-23/1655700068wpdm_upload_314.pdf,200,1611491,559a00656a03ce0fdc44b04ac299cd7c0dd17ffe6b108624e03e2b7937b327d0,2026-09-14T14:03:04,19.06.22_NLDC_PSP|19-06-2022|application/pdf
https://webcdn.grid-india.in/files/grdw/uploads/download-manager-files/20.06.22_NLDC_PSP.pdf,2022-23/20.06.22_NLDC_PSP.pdf,200,312465,06e96c8a3d01708f7c8754eb3c02ffe7101f09ce978e6c386d07a36c8bc2806a,2026-09-14T14:03:04,20.06.22_NLDC_PSP|20-06-2022|attachment/pdf
https://webcdn.grid-india.in/files/grdw/uploads/download-manager-files/21.06.22_NLDC_PSP.pdf,2022-23/21.06.22_NLDC_PSP.pdf,200,312074,3fd8b7a0e7d2c7a4ea03cd6d399220574f86564f8dd283bcc8c41f0ee638f626,2026-09-14T14:03:05,21.06.22_NLDC_PSP|21-06-2022|attachment/pdf
https://webcdn.grid-india.in/files/grdw/uploads/download-manager-files/22.06.22_NLDC_PSP.pdf,2022-23/22.06.22_NLDC_PSP.pdf,200,312138,c9696e3d5e37a8e8b5d2915b54b27bb04528fb6c5bdc2ed0222cd367aec935d8,2026-09-14T14:03:05,22.06.22_NLDC_PSP|22-06-2022|attachment/pdf
https://webcdn.grid-india.in/files/grdw/uploads/download-manager-files/23.06.22_NLDC_PSP.pdf,2022-23/23.06.22_NLDC_PSP.pdf,200,314636,5d77af3844d990fd16102f4728536305c4eb78b23e197c3477fdc2a1edf5ff28,2026-09-14T14:03:06,23.06.22_NLDC_PSP|23-06-2022|attachment/pdf
https://webcdn.grid-india.in/files/grdw/uploads/download-manager-files/24.06.22_NLDC_PSP.pdf,2022-23/24.06.22_NLDC_PSP.pdf,200,313881,679dc11e05e7de7da2dd183f4cc6b65291b0916ecf9ca59540b0e11c072f2adb,2026-09-14T14:03:06,24.06.22_NLDC_PSP|24-06-2022|attachment/pdf
https://webcdn.grid-india.in/files/grdw/uploads/download-manager-files/25.06.22_NLDC_PSP.pdf,2022-23/25.06.22_NLDC_PSP.pdf,200,314123,42232d0ffdc7c66b047a5e41ec9aff2159aa402cb61ae9eb61e4bbaeba1d8315,2026-09-14T14:03:07,25.06.22_NLDC_PSP|25-06-2022|attachment/pdf
https://webcdn.grid-india.in/files/grdw/uploads/download-manager-files/26.06.22_NLDC_PSP.pdf,2022-23/26.06.22_NLDC_PSP.pdf,200,312679,e312d9caa8bdfa5d8da707c45feb8fe895eafed83cafae8038ed7df4c5b34e38,2026-09-14T14:03:07,26.06.22_NLDC_PSP|26-06-2022|attachment/pdf
https://webcdn.grid-india.in/files/grdw/uploads/download-manager-files/27.06.22_NLDC_PSP.pdf,2022-23/27.06.22_NLDC_PSP.pdf,200,313574,d7e2af6395b8ba8631c0e104d5577f44fb1981f77e4ad3b8fdaa8ef7658e89aa,2026-09-14T14:03:08,27.06.22_NLDC_PSP|27-06-2022|attachment/pdf
https://webcdn.grid-india.in/files/grdw/uploads/download-manager-files/28.06.22_NLDC_PSP.pdf,2022-23/28.06.22_NLDC_PSP.pdf,200,314420,6608e3f721129925be9b0ae0c63707c41835149c63c3e239034494c80e685a9b,2026-09-14T14:03:08,28.06.22_NLDC_PSP|28-06-2022|attachment/pdf
https://webcdn.grid-india.in/files/grdw/uploads/download-manager-files/29.06.22_NLDC_PSP.pdf,2022-23/29.06.22_NLDC_PSP.pdf,200,312260,34995dfed5d8885bc3808ecc73e44edef1800dfdc2700cae2cec861ff72ca48f,2026-09-14T14:03:09,29.06.22_NLDC_PSP|29-06-2022|attachment/pdf
https://webcdn.grid-india.in/files/grdw/uploads/download-manager-files/30.06.22_NLDC_PSP.pdf,2022-23/30.06.22_NLDC_PSP.pdf,200,314232,8bb667985e5ae8c2de27388e4e20a68d58829462ead2f8d3edb2c0d22d861703,2026-09-14T14:03:09,30.06.22_NLDC_PSP|30-06-2022|attachment/pdf
https://webcdn.grid-india.in/files/grdw/uploads/download-manager-files/01.07.22_NLDC_PSP.pdf,2022-23/01.07.22_NLDC_PSP.pdf,200,319197,56729d8563a84902bf853eec4570c1d03c55bc46317fb7f3ec40deae9b915f05,2026-09-14T14:03:10,01.07.22_NLDC_PSP|01-07-2022|attachment/pdf
https://webcdn.grid-india.in/files/grdw/uploads/download-manager-files/02.07.22_NLDC_PSP.pdf,2022-23/02.07.22_NLDC_PSP.pdf,200,318706,27cae0cb2d1dca1a741a89bda3e533415a4f519665018b4e65befd27b1fec149,2026-09-14T14:03:11,02.07.22_NLDC_PSP|02-07-2022|attachment/pdf
https://webcdn.grid-india.in/files/grdw/uploads/download-manager-files/03.07.22_NLDC_PSP.pdf,2022-23/03.07.22_NLDC_PSP.pdf,200,321300,61a0d9c7a6d25006d9d285f1e24a84aabd61f874a8fbfaf97d7ad3de8155f660,2026-09-14T14:03:11,03.07.22_NLDC_PSP|03-07-2022|attachment/pdf
https://webcdn.grid-india.in/files/grdw/uploads/download-manager-files/04.07.22_NLDC_PSP.pdf,2022-23/04.07.22_NLDC_PSP.pdf,200,320759,e56e7b9ebbe7d55f8db0e8032eba682834e2dbd9a271176e1c840d9d92766e1d,2026-09-14T14:03:12,04.07.22_NLDC_PSP|04-07-2022|attachment/pdf
https://webcdn.grid-india.in/files/grdw/uploads/download-manager-files/05.07.22_NLDC_PSP.pdf,2022-23/05.07.22_NLDC_PSP.pdf,200,320854,91f6bbc5a17f8c141bed77d4362128681ffa9328d9548a7a8648627e4636123c,2026-09-14T14:03:12,05.07.22_NLDC_PSP|05-07-2022|attachment/pdf
https://webcdn.grid-india.in/files/grdw/uploads/download-manager-files/06.07.22_NLDC_PSP.pdf,2022-23/06.07.22_NLDC_PSP.pdf,200,319370,33341643ee30855212c22c4432fb754dd71281787a708be33bd7621c858cc338,2026-09-14T14:03:13,06.07.22_NLDC_PSP|06-07-2022|attachment/pdf
https://webcdn.grid-india.in/files/grdw/uploads/download-manager-files/07.07.22_NLDC_PSP.pdf,2022-23/07.07.22_NLDC_PSP.pdf,200,318987,ca811948e292aa8a1e8f3ebb2764a8214f40715ebe4e8f5adf088489265c3326,2026-09-14T14:03:13,07.07.22_NLDC_PSP|07-07-2022|attachment/pdf
https://webcdn.grid-india.in/files/grdw/uploads/download-manager-files/uploadpdf.pdf,2022-23/uploadpdf.pdf,200,401258,2884112bba9a0110be6ff6becf18b0d538fbee948ef2fc394fec561cb1d00f64,2026-09-14T14:03:14,08.07.22_NLDC_PSP|08-07-2022|attachment/pdf
https://webcdn.grid-india.in/files/grdw/uploads/download-manager-files/09.07.22_NLDC_PSP.pdf,2022-23/09.07.22_NLDC_PSP.pdf,200,319418,0a98ad0a2050a2d9c42087a53c9b2c547cbbb442f4c75a6edeb94eabb4920e9b,2026-09-14T14:03:14,09.07.22_NLDC_PSP|09-07-2022|attachment/pdf
https://webcdn.grid-india.in/files/grdw/uploads/download-manager-files/10.07.22_NLDC_PSP.pdf,2022-23/10.07.22_NLDC_PSP.pdf,200,319118,5aaca72a7b68a3a23e27293659113d8f56317f54c516a76879cf68c43e43de5c,2026-09-14T14:03:15,10.07.22_NLDC_PSP|10-07-2022|attachment/pdf
https://webcdn.grid-india.in/files/grdw/uploads/download-manager-files/11.07.22_NLDC_PSP.pdf,2022-23/11.07.22_NLDC_PSP.pdf,200,318882,83f5f09231b7d55eb70268eca82d08db30b60bbb4b7e0c59145ef5c0e1df6311,2026-09-14T14:03:15,11.07.22_NLDC_PSP|11-07-2022|attachment/pdf
https://webcdn.grid-india.in/files/grdw/uploads/download-manager-files/12.07.22_NLDC_PSP.pdf,2022-23/12.07.22_NLDC_PSP.pdf,200,319210,546e13387975b8158f716b01aa510d0e7ef533edefbc3d6ba07d6922c3b9ba3e,2026-09-14T14:03:16,12.07.22_NLDC_PSP|12-07-2022|attachment/pdf
https://webcdn.grid-india.in/files/grdw/uploads/download-manager-files/13.07.22_NLDC_PSP.pdf,2022-23/13.07.22_NLDC_PSP.pdf,200,320954,2b2cb50f998b99856941dbf097d644ee08d102a5555850097aaade3b0cb5f7f2,2026-09-14T14:03:16,13.07.22_NLDC_PSP|13-07-2022|attachment/pdf
https://webcdn.grid-india.in/files/grdw/uploads/download-manager-files/14.07.22_NLDC_PSP.pdf,2022-23/14.07.22_NLDC_PSP.pdf,200,320723,b95447c2c03d3eab828569f7025109d657f249657c0d1890397f403c5b049a83,2026-09-14T14:03:17,14.07.22_NLDC_PSP|14-07-2022|attachment/pdf
https://webcdn.grid-india.in/files/grdw/uploads/download-manager-files/15.07.22_NLDC_PSP.pdf,2022-23/15.07.22_NLDC_PSP.pdf,200,320326,9f7e0d38d8eed53ee0688e18d56c6fb4cdfe82f685ba2083efc768825ed8a4af,2026-09-14T14:03:17,15.07.22_NLDC_PSP|15-07-2022|attachment/pdf
https://webcdn.grid-india.in/files/grdw/uploads/download-manager-files/16.07.22_NLDC_PSP.pdf,2022-23/16.07.22_NLDC_PSP.pdf,200,319352,a7906551022854f457cb6af5aa4249a332dedc04957a8ac8aeafeabed97c3a74,2026-09-14T14:03:18,16.07.22_NLDC_PSP|16-07-2022|attachment/pdf
https://webcdn.grid-india.in/files/grdw/uploads/download-manager-files/17.07.22_NLDC_PSP.pdf,2022-23/17.07.22_NLDC_PSP.pdf,200,319311,c1d15a6126f2a8cf41f5d6a4bb75a363932d79713c1d7448f8df554d770f9da9,2026-09-14T14:03:18,17.07.22_NLDC_PSP|17-07-2022|attachment/pdf
https://webcdn.grid-india.in/files/grdw/uploads/download-manager-files/18.07.22_NLDC_PSP.pdf,2022-23/18.07.22_NLDC_PSP.pdf,200,321095,47fbfcb1480cf4771615a4b801b2fb9b82594806dc14799613d11db3af31dfb2,2026-09-14T14:03:19,18.07.22_NLDC_PSP|18-07-2022|attachment/pdf
https://webcdn.grid-india.in/files/grdw/uploads/download-manager-files/19.07.22_NLDC_PSP.pdf,2022-23/19.07.22_NLDC_PSP.pdf,200,319084,4d356f2f96169dffa6ef29aa6d46915b4f9cfd2d43d77e71499d9f5c3100d293,2026-09-14T14:03:19,19.07.22_NLDC_PSP.pdf|19-07-2022|attachment/pdf
https://webcdn.grid-india.in/files/grdw/uploads/download-manager-files/20.07.22_NLDC_PSP.pdf,2022-23/20.07.22_NLDC_PSP.pdf,200,319400,a3bb65096a1753e1cc1579eb5be915bb6614272577e06e77946203cc577b2ae8,2026-09-14T14:03:20,20.07.22_NLDC_PSP.pdf|20-07-2022|attachment/pdf
https://webcdn.grid-india.in/files/grdw/uploads/download-manager-files/21.07.22_NLDC_PSP.pdf,2022-23/21.07.22_NLDC_PSP.pdf,200,319103,b23a4d92d43e75479fd18a9abe5ce3178f9945033e45cefb02763ec3d74ca7fc,2026-09-14T14:03:20,21.07.22_NLDC_PSP|21-07-2022|attachment/pdf
https://webcdn.grid-india.in/files/grdw/uploads/download-manager-files/22.07.22_NLDC_PSP.pdf,2022-23/22.07.22_NLDC_PSP.pdf,200,319056,d493b9eb6eacb628c242ad015ede30cddf84fde140186a8330fe75ae7b520164,2026-09-14T14:03:21,22.07.22_NLDC_PSP|22-07-2022|attachment/pdf
https://webcdn.grid-india.in/files/grdw/uploads/download-manager-files/23.07.22_NLDC_PSP.pdf,2022-23/23.07.22_NLDC_PSP.pdf,200,321310,c7b51c4a7dba0be8df67f458445c357490b32b49a6a37a99dd1d07fe3bc6888b,2026-09-14T14:03:21,23.07.22_NLDC_PSP|23-07-2022|attachment/pdf
https://webcdn.grid-india.in/files/grdw/uploads/download-manager-files/24.07.22_NLDC_PSP.pdf,2022-23/24.07.22_NLDC_PSP.pdf,200,320664,c04e83a67e6ac20ff61667493ec2cdef7664441bc208fd82d160a19e17166c1d,2026-09-14T14:03:22,24.07.22_NLDC_PSP|24-07-2022|attachment/pdf
https://webcdn.grid-india.in/files/grdw/uploads/download-manager-files/25.07.22_NLDC_PSP.pdf,2022-23/25.07.22_NLDC_PSP.pdf,200,320668,3ec1b781d429ff156a578444f68ed404c36fa5a1b705230a0848a85718cb481c,2026-09-14T14:03:22,25.07.22_NLDC_PSP|25-07-2022|attachment/pdf
https://webcdn.grid-india.in/files/grdw/uploads/download-manager-files/26.07.22_NLDC_PSP.pdf,2022-23/26.07.22_NLDC_PSP.pdf,200,319269,eb10fba8172af58a4804894341852fe558f54f5c51fe450c68f53a3befaf5bad,2026-09-14T14:03:23,26.07.22_NLDC_PSP|26-07-2022|attachment/pdf
https://webcdn.grid-india.in/files/grdw/uploads/download-manager-files/27.07.22_NLDC_PSP.pdf,2022-23/27.07.22_NLDC_PSP.pdf,200,319312,a4c311aa089152b62d423e0af757d0b7e7de9da835d697b73c9bd6e9d02692c7,2026-09-14T14:03:23,27.07.22_NLDC_PSP|27-07-2022|attachment/pdf
https://webcdn.grid-india.in/files/grdw/uploads/download-manager-files/28.07.22_NLDC_PSP.pdf,2022-23/28.07.22_NLDC_PSP.pdf,200,321140,3b870c23117d0d52395627cc7e8b121d46771b1542c042d648e206169d6b0209,2026-09-14T14:03:24,28.07.22_NLDC_PSP|28-07-2022|attachment/pdf
https://webcdn.grid-india.in/files/grdw/2026/01/1659154808wpdm_upload_866.pdf,2022-23/1659154808wpdm_upload_866.pdf,200,318959,cd662f00af75c7d527c20fa91874142a112f654678215472c05984174adffc52,2026-09-14T14:03:24,29.07.22_NLDC_PSP|29-07-2022|application/pdf
https://webcdn.grid-india.in/files/grdw/uploads/download-manager-files/30.07.22_NLDC_PSP.pdf,2022-23/30.07.22_NLDC_PSP.pdf,200,321275,f91ec9f83c4685c5616d7228b35169df6186fab65ab46df6261751fb406d3023,2026-09-14T14:03:25,30.07.22_NLDC_PSP|30-07-2022|attachment/pdf
https://webcdn.grid-india.in/files/grdw/uploads/download-manager-files/31.07.22_NLDC_PSP.pdf,2022-23/31.07.22_NLDC_PSP.pdf,200,321181,1faeb94d00745f36b3ed3b8d097ffe36c2501c66bed9763287718a0c32ffb775,2026-09-14T14:03:25,31.07.22_NLDC_PSP|31-07-2022|attachment/pdf
https://webcdn.grid-india.in/files/grdw/uploads/download-manager-files/01.08.22_NLDC_PSP.pdf,2022-23/01.08.22_NLDC_PSP.pdf,200,313270,ee86a0add744ed33e9ef44f5da06dd123896a3cd5bc8738de1e127edbb0d1a84,2026-09-14T14:03:26,01.08.22_NLDC_PSP|01-08-2022|attachment/pdf
https://webcdn.grid-india.in/files/grdw/uploads/download-manager-files/02.08.22_NLDC_PSP.pdf,2022-23/02.08.22_NLDC_PSP.pdf,200,314015,a58580a0033f79f9611ef6f3a353bc5ee6f75f614ffbf46e41acb1f6d90c539d,2026-09-14T14:03:27,02.08.22_NLDC_PSP|02-08-2022|attachment/pdf
https://webcdn.grid-india.in/files/grdw/uploads/download-manager-files/03.08.22_NLDC_PSP.pdf,2022-23/03.08.22_NLDC_PSP.pdf,200,316340,037d2bd30f1620650fd94e63430afafb523085c026bb2b619013bdc15be82d45,2026-09-14T14:03:27,03.08.22_NLDC_PSP|03-08-2022|attachment/pdf
https://webcdn.grid-india.in/files/grdw/uploads/download-manager-files/04.08.22_NLDC_PSP.pdf,2022-23/04.08.22_NLDC_PSP.pdf,200,315591,0aa186faa1ad6514b5b218c2cc31f042602366c47f94e4722597f2fdf21afbe4,2026-09-14T14:03:28,04.08.22_NLDC_PSP|04-08-2022|attachment/pdf
https://webcdn.grid-india.in/files/grdw/uploads/download-manager-files/05.08.22_NLDC_PSP.pdf,2022-23/05.08.22_NLDC_PSP.pdf,200,315288,0e46c65993a10a6d0417cca57710b299261451f06d8730cfd9264c250468cefb,2026-09-14T14:03:28,05.08.22_NLDC_PSP|05-08-2022|attachment/pdf
https://webcdn.grid-india.in/files/grdw/uploads/download-manager-files/06.08.22_NLDC_PSP.pdf,2022-23/06.08.22_NLDC_PSP.pdf,200,314195,c6249d132f6366d6bfcd6ae9eff7ca1277bf3a6ba2e94187612129967292c5fa,2026-09-14T14:03:29,06.08.22_NLDC_PSP|06-08-2022|attachment/pdf
https://webcdn.grid-india.in/files/grdw/uploads/download-manager-files/07.08.22_NLDC_PSP.pdf,2022-23/07.08.22_NLDC_PSP.pdf,200,315093,534747dcdf0266a444fb8a77ea2f73fbe834d830030167a8d88554d6a090f6ac,2026-09-14T14:03:30,07.08.22_NLDC_PSP|07-08-2022|attachment/pdf
https://webcdn.grid-india.in/files/grdw/uploads/download-manager-files/08.08.22_NLDC_PSP.pdf,2022-23/08.08.22_NLDC_PSP.pdf,200,314249,d48810d99de5ad8dd02b5d7b298a3b1306f581839be3b2288f8396a2fa6fbbcd,2026-09-14T14:03:30,08.08.22_NLDC_PSP|08-08-2022|attachment/pdf
https://webcdn.grid-india.in/files/grdw/uploads/download-manager-files/09.08.22_NLDC_PSP.pdf,2022-23/09.08.22_NLDC_PSP.pdf,200,314103,5fa5e22ab389b4d93deedd1c74158c9d6bd0025c16d6a253db3b7465a737d137,2026-09-14T14:03:31,09.08.22_NLDC_PSP|09-08-2022|attachment/pdf
https://webcdn.grid-india.in/files/grdw/uploads/download-manager-files/10.08.22_NLDC_PSP.pdf,2022-23/10.08.22_NLDC_PSP.pdf,200,313971,8eaaf754a48739915c3b0e78e3f0133a70d9621bbc19684d0803a9b4773faab6,2026-09-14T14:03:31,10.08.22_NLDC_PSP|10-08-2022|attachment/pdf
https://webcdn.grid-india.in/files/grdw/uploads/download-manager-files/11.08.22_NLDC_PSP.pdf,2022-23/11.08.22_NLDC_PSP.pdf,200,313963,66232500e44394527457b249a52af3d788098b8195e4df1978c026492b74aea9,2026-09-14T14:03:31,11.08.22_NLDC_PSP|11-08-2022|attachment/pdf
https://webcdn.grid-india.in/files/grdw/uploads/download-manager-files/12.08.22_NLDC_PSP.pdf,2022-23/12.08.22_NLDC_PSP.pdf,200,313678,9d41d8762f55919b1e0c756bd69e74e9bced196fdc930a5e2ec45d115f03288a,2026-09-14T14:03:32,12.08.22_NLDC_PSP|12-08-2022|attachment/pdf
https://webcdn.grid-india.in/files/grdw/uploads/download-manager-files/13.08.22_NLDC_PSP.pdf,2022-23/13.08.22_NLDC_PSP.pdf,200,238416,cde0bca9bd2b99593b3ca6058003ab654c76772b1040e1db5b240f61076c6861,2026-09-14T14:03:32,13.08.22_NLDC_PSP|13-08-2022|attachment/pdf
https://webcdn.grid-india.in/files/grdw/uploads/download-manager-files/14.08.22_NLDC_PSP.pdf,2022-23/14.08.22_NLDC_PSP.pdf,200,315504,f11f009fd1c23f780e1cbc0f1e74810cce54effba82d12190315d752c7909652,2026-09-14T14:03:33,14.08.22_NLDC_PSP|14-08-2022|attachment/pdf
https://webcdn.grid-india.in/files/grdw/uploads/download-manager-files/15.08.22_NLDC_PSP.pdf,2022-23/15.08.22_NLDC_PSP.pdf,200,316756,c46f2d1d5826eb547c294b2d6d8f391d0c999b50e8088f24e9ac10a9251b9ba0,2026-09-14T14:03:34,15.08.22_NLDC_PSP|15-08-2022|attachment/pdf
https://webcdn.grid-india.in/files/grdw/uploads/download-manager-files/16.08.22_NLDC_PSP.pdf,2022-23/16.08.22_NLDC_PSP.pdf,200,314075,b77433f1cd8022a1322854da5a996bb0c8551183ebabf00d0addc4ba77a1724a,2026-09-14T14:03:34,16.08.22_NLDC_PSP|16-08-2022|attachment/pdf
https://webcdn.grid-india.in/files/grdw/uploads/download-manager-files/17.08.22_NLDC_PSP.pdf,2022-23/17.08.22_NLDC_PSP.pdf,200,315056,17c0ac84e6db1189e662d10978873a2269e05333586b5c43510b9e03e6bfa5f0,2026-09-14T14:03:35,17.08.22_NLDC_PSP|17-08-2022|attachment/pdf
https://webcdn.grid-india.in/files/grdw/uploads/download-manager-files/18.08.22_NLDC_PSP.pdf,2022-23/18.08.22_NLDC_PSP.pdf,200,313902,7ae3163fc74cec4aff2404c6f4ba7275ce1934596be6bace2182420710fbb331,2026-09-14T14:03:35,18.08.22_NLDC_PSP|18-08-2022|attachment/pdf
https://webcdn.grid-india.in/files/grdw/uploads/download-manager-files/19.08.22_NLDC_PSP.pdf,2022-23/19.08.22_NLDC_PSP.pdf,200,237681,9f2147092de75298168975e312d5d2e880de23fe0da222dbeab7cb06c7850377,2026-09-14T14:03:36,19.08.22_NLDC_PSP|19-08-2022|attachment/pdf
https://webcdn.grid-india.in/files/grdw/uploads/download-manager-files/20.08.22_NLDC_PSP.pdf,2022-23/20.08.22_NLDC_PSP.pdf,200,259147,c41e1815d08b7c228643fc0ccc94820294b05880237cc3240fbcf56ab3d16bd3,2026-09-14T14:03:36,20.08.22_NLDC_PSP|20-08-2022|attachment/pdf
https://webcdn.grid-india.in/files/grdw/uploads/download-manager-files/21.08.22_NLDC_PSP.pdf,2022-23/21.08.22_NLDC_PSP.pdf,200,237934,b9241c16422e4365cc1e784371d8a8d98100eebb26f5d7157c54287033d6d526,2026-09-14T14:03:37,21.08.22_NLDC_PSP|21-08-2022|attachment/pdf
https://webcdn.grid-india.in/files/grdw/uploads/download-manager-files/Upload%20on%20Web.pdf,2022-23/Upload on Web.pdf,200,313565,5fea4abcdd0618ab5b0e15433d622b8258c27832366cf6bb7aad5c0d8e5312bd,2026-09-14T14:03:37,22.08.22_NLDC_PSP|22-08-2022|attachment/pdf
https://webcdn.grid-india.in/files/grdw/uploads/download-manager-files/23.08.22_NLDC_PSP.pdf,2022-23/23.08.22_NLDC_PSP.pdf,200,315699,0549837d2a685c930907dff3c5e704907c93a56c7311a2b75ad3109f66f11ffc,2026-09-14T14:03:38,23.08.22_NLDC_PSP|23-08-2022|attachment/pdf
https://webcdn.grid-india.in/files/grdw/uploads/download-manager-files/24.08.22_NLDC_PSP.pdf,2022-23/24.08.22_NLDC_PSP.pdf,200,315531,9c750e5defb113c4cf26f6a1aeeb3716ff36c54c03489ff110a5b144a4ce56ab,2026-09-14T14:03:38,24.08.22_NLDC_PSP|24-08-2022|attachment/pdf
https://webcdn.grid-india.in/files/grdw/uploads/download-manager-files/25.08.22_NLDC_PSP.pdf,2022-23/25.08.22_NLDC_PSP.pdf,200,315608,75e35f955a364c957c55ce16987de51faeccefc5b1eacbe538d9f0e46950346b,2026-09-14T14:03:39,25.08.22_NLDC_PSP|25-08-2022|attachment/pdf
https://webcdn.grid-india.in/files/grdw/uploads/download-manager-files/26.08.22_NLDC_PSP.pdf,2022-23/26.08.22_NLDC_PSP.pdf,200,313480,63de0e953968680f399c29b9bba72b116a5a10207324105e13192d9a161c91d6,2026-09-14T14:03:39,26.08.22_NLDC_PSP|26-08-2022|attachment/pdf
https://webcdn.grid-india.in/files/grdw/uploads/download-manager-files/27.08.22_NLDC_PSP.pdf,2022-23/27.08.22_NLDC_PSP.pdf,200,315119,5d560648abdcfa11d550a2199a9b88dca7111a091450589be741c8743fecac5a,2026-09-14T14:03:40,27.08.22_NLDC_PSP|27-08-2022|attachment/pdf
https://webcdn.grid-india.in/files/grdw/uploads/download-manager-files/28.08.22_NLDC_PSP.pdf,2022-23/28.08.22_NLDC_PSP.pdf,200,238214,0fc14438c3a4194fb6780e698b697b81bbff9d249048bebf17455bab030f0605,2026-09-14T14:03:40,28.08.22_NLDC_PSP|28-08-2022|attachment/pdf
https://webcdn.grid-india.in/files/grdw/uploads/download-manager-files/29.08.22_NLDC_PSP.pdf,2022-23/29.08.22_NLDC_PSP.pdf,200,269422,05c3e606f0aae694d44a06210df2b47af845cd46e2bc8684b4fe42d80fd08d32,2026-09-14T14:03:41,29.08.22_NLDC_PSP|29-08-2022|attachment/pdf
https://webcdn.grid-india.in/files/grdw/uploads/download-manager-files/web%20upload.pdf,2022-23/web upload.pdf,200,315723,bc6db6eef0073b0e72eb966f0708f6aeb55db6b91d67a8899e54675f64ebe797,2026-09-14T14:03:41,30.08.22_NLDC_PSP|30-08-2022|attachment/pdf
https://webcdn.grid-india.in/files/grdw/uploads/download-manager-files/01.09.22_NLDC_PSP.pdf,2022-23/01.09.22_NLDC_PSP.pdf,200,311413,532efdddbccb49970bc3cdc1565b339847bb4ed21a4562bc3a95e47e4af000fd,2026-09-14T14:03:42,01.09.22_NLDC_PSP|01-09-2022|attachment/pdf
https://webcdn.grid-india.in/files/grdw/uploads/download-manager-files/02.09.22_NLDC_PSP.pdf,2022-23/02.09.22_NLDC_PSP.pdf,200,311327,5d4dd7b2004147dd3e814509dcba766dadfd9206b3df81c110b74918ffa8888c,2026-09-14T14:03:43,02.09.22_NLDC_PSP|02-09-2022|attachment/pdf
https://webcdn.grid-india.in/files/grdw/uploads/download-manager-files/03.09.22_NLDC_PSP.pdf,2022-23/03.09.22_NLDC_PSP.pdf,200,313511,b63243244bd9323abf635a5c6e02438ce5225352411dfeec183f3db343529206,2026-09-14T14:03:43,03.09.22_NLDC_PSP|03-09-2022|attachment/pdf
https://webcdn.grid-india.in/files/grdw/uploads/download-manager-files/04.09.22_NLDC_PSP.pdf,2022-23/04.09.22_NLDC_PSP.pdf,200,312898,39e49403c4c3243085302f2d8757875c26c96ad8f6799806a81fbc269fd10797,2026-09-14T14:03:44,04.09.22_NLDC_PSP|04-09-2022|attachment/pdf
https://webcdn.grid-india.in/files/grdw/uploads/download-manager-files/05.09.22_NLDC_PSP.pdf,2022-23/05.09.22_NLDC_PSP.pdf,200,237625,e4ea1accfb520fbe875bfe661cdc280235b7720c9af49f8972a988fec8335329,2026-09-14T14:03:44,05.09.22_NLDC_PSP|05-09-2022|attachment/pdf
https://webcdn.grid-india.in/files/grdw/uploads/download-manager-files/06.09.22_NLDC_PSP.pdf,2022-23/06.09.22_NLDC_PSP.pdf,200,237604,88db89947fb861ea574adfca749aa9504dfb5bfcf62305c7c69f41b41a3ff5c7,2026-09-14T14:03:45,06.09.22_NLDC_PSP|06-09-2022|attachment/pdf
https://webcdn.grid-india.in/files/grdw/2026/01/1662613148wpdm_upload_723.pdf,2022-23/1662613148wpdm_upload_723.pdf,200,1610276,cb34fa01403c2539d420c58f4405a52605abb91f131c63cf85a4b3e3be1fc927,2026-09-14T14:03:46,07.09.22_NLDC_PSP|07-09-2022|application/pdf
https://webcdn.grid-india.in/files/grdw/2026/01/1662703560wpdm_upload_289.pdf,2022-23/1662703560wpdm_upload_289.pdf,200,312892,46f2ea6e56e0056a05f362e19adc7d144240f95500790b40b4666869999bcf03,2026-09-14T14:03:46,08.09.22_NLDC_PSP|08-09-2022|application/pdf
https://webcdn.grid-india.in/files/grdw/uploads/download-manager-files/09.09.22_NLDC_PSP.pdf,2022-23/09.09.22_NLDC_PSP.pdf,200,311324,806aae8caae82ed2465cd8a5f6e02fad61f0358688dce0c770dd23b31b682697,2026-09-14T14:03:47,09.09.22_NLDC_PSP|09-09-2022|attachment/pdf
https://webcdn.grid-india.in/files/grdw/uploads/download-manager-files/10.09.22_NLDC_PSP.pdf,2022-23/10.09.22_NLDC_PSP.pdf,200,311351,4b72c316d124005de5c9b9c33318da01a4244e4da4baae3d852994d4dbf6ec85,2026-09-14T14:03:47,10.09.22_NLDC_PSP|10-09-2022|attachment/pdf
https://webcdn.grid-india.in/files/grdw/uploads/download-manager-files/11.09.22_NLDC_PSP.pdf,2022-23/11.09.22_NLDC_PSP.pdf,200,312104,7fc58fca73c7cccb21cb9dd1b8cd3a394232ee83a1771862b1139cfcd773c730,2026-09-14T14:03:48,11.09.22_NLDC_PSP|11-09-2022|attachment/pdf
https://webcdn.grid-india.in/files/grdw/uploads/download-manager-files/12.09.22_NLDC_PSP.pdf,2022-23/12.09.22_NLDC_PSP.pdf,200,310521,d8a59b71a4ce213c32edcee758709600fffab30577ab2a4a69a10ebe42c4a551,2026-09-14T14:03:48,12.09.22_NLDC_PSP|12-09-2022|attachment/pdf
https://webcdn.grid-india.in/files/grdw/uploads/download-manager-files/13.09.22_NLDC_PSP.pdf,2022-23/13.09.22_NLDC_PSP.pdf,200,237902,9f3dad6ab226366e459a3f06d0a2987b7bff04fc09014f0621eb76ee116e1f08,2026-09-14T14:03:49,13.09.22_NLDC_PSP|13-09-2022|attachment/pdf
https://webcdn.grid-india.in/files/grdw/uploads/download-manager-files/14.09.22_NLDC_PSP.pdf,2022-23/14.09.22_NLDC_PSP.pdf,200,237791,090c718c9033502f019f69f75d563b7f0d79fdf23f6792ccd14c5ed9434b6485,2026-09-14T14:03:49,14.09.22_NLDC_PSP|14-09-2022|attachment/pdf
https://webcdn.grid-india.in/files/grdw/2026/01/1663390501wpdm_UPLOAD%20ON%20WEBSITE_545.pdf,2022-23/1663390501wpdm_UPLOAD ON WEBSITE_545.pdf,200,311123,aef6544d88f643831bb1f57ab181800dc3c9751d4b43582180d5088b5f6626a9,2026-09-14T14:03:50,16.09.22_NLDC_PSP|16-09-2022|application/pdf
https://webcdn.grid-india.in/files/grdw/uploads/download-manager-files/17.09.22_NLDC_PSP.pdf,2022-23/17.09.22_NLDC_PSP.pdf,200,312358,cd2798c12366cc5cd95d78afc2c80a06d836c8fc3826adc059cb23c6b5b194a6,2026-09-14T14:03:50,17.09.22_NLDC_PSP|17-09-2022|attachment/pdf
https://webcdn.grid-india.in/files/grdw/uploads/download-manager-files/18.09.22_NLDC_PSP.pdf,2022-23/18.09.22_NLDC_PSP.pdf,200,313221,bc8960aae50ec1c24409ece86a4410c39c761c61a3c4ed4f5dc5e06376930dce,2026-09-14T14:03:51,18.09.22_NLDC_PSP|18-09-2022|attachment/pdf
https://webcdn.grid-india.in/files/grdw/uploads/download-manager-files/19.09.22_NLDC_PSP.pdf,2022-23/19.09.22_NLDC_PSP.pdf,200,311579,f0a89b49415b105465b79cc2a3b38812a466114c6705c1ecfdcdf0418a40f5d3,2026-09-14T14:03:51,19.09.22_NLDC_PSP|19-09-2022|attachment/pdf
https://webcdn.grid-india.in/files/grdw/uploads/download-manager-files/20.09.22_NLDC_PSP.pdf,2022-23/20.09.22_NLDC_PSP.pdf,200,311448,434277fb3e7642d9a1825e16404dedd11464eee81f87572d7929d2ae85d941e6,2026-09-14T14:03:52,20.09.22_NLDC_PSP|20-09-2022|attachment/pdf
https://webcdn.grid-india.in/files/grdw/uploads/download-manager-files/21.09.22_NLDC_PSP.pdf,2022-23/21.09.22_NLDC_PSP.pdf,200,237357,884fd52ab9ebf1ce97cdcb3d8cb4511fa8eb8e246a4da189ee6e08f9d243806d,2026-09-14T14:03:52,21.09.22_NLDC_PSP|21-09-2022|attachment/pdf
https://webcdn.grid-india.in/files/grdw/uploads/download-manager-files/22.09.22_NLDC_PSP.pdf,2022-23/22.09.22_NLDC_PSP.pdf,200,237416,769ab6d7c616f0f94709c2e3554241842b179fdb4d8bba2722a24c619edc1835,2026-09-14T14:03:53,22.09.22_NLDC_PSP|22-09-2022|attachment/pdf
https://webcdn.grid-india.in/files/grdw/2026/01/1663995111wpdm_upload_830.pdf,2022-23/1663995111wpdm_upload_830.pdf,200,313017,afaaa6dac1e38ce81787707f3ad0f9ccc89cb2881da725e0093c71bace907221,2026-09-14T14:03:53,23.09.22_NLDC_PSP|23-09-2022|application/pdf
https://webcdn.grid-india.in/files/grdw/uploads/download-manager-files/uploadon%20website.pdf,2022-23/uploadon website.pdf,200,312348,6f1b9725f57ed19905a396cd77f00c88d22e57a3fc71826556be18226763f7f1,2026-09-14T14:03:54,24.09.22_NLDC_PSP|24-09-2022|attachment/pdf
https://webcdn.grid-india.in/files/grdw/uploads/download-manager-files/25.09.22_NLDC_PSP.pdf,2022-23/25.09.22_NLDC_PSP.pdf,200,314002,260bfd2eaf83099beed458c08fc55fb8017adca9d6e035e5d11f85ccadd87845,2026-09-14T14:03:54,25.09.22_NLDC_PSP|25-09-2022|attachment/pdf
https://webcdn.grid-india.in/files/grdw/uploads/download-manager-files/26.09.22_NLDC_PSP.pdf,2022-23/26.09.22_NLDC_PSP.pdf,200,311517,b90b412c2935529947be8f3511a565de8713aa65e4b5f212a6f056fe3c2468fe,2026-09-14T14:03:55,26.09.22_NLDC_PSP|26-09-2022|attachment/pdf
https://webcdn.grid-india.in/files/grdw/uploads/download-manager-files/27.09.22_NLDC_PSP.pdf,2022-23/27.09.22_NLDC_PSP.pdf,200,313586,f2a1f6a283f734efd76b7028880976d497ee875f382630a4c8aa35e848351a59,2026-09-14T14:03:56,27.09.22_NLDC_PSP|27-09-2022|attachment/pdf
https://webcdn.grid-india.in/files/grdw/uploads/download-manager-files/28.09.22_NLDC_PSP.pdf,2022-23/28.09.22_NLDC_PSP.pdf,200,314363,494489f5cbe508f79afddc31baca7fa77a615e0e5524601d918fbfa1c66671ce,2026-09-14T14:03:56,28.09.22_NLDC_PSP|28-09-2022|attachment/pdf
https://webcdn.grid-india.in/files/grdw/uploads/download-manager-files/29.09.22_NLDC_PSP.pdf,2022-23/29.09.22_NLDC_PSP.pdf,200,237919,cd6f93e8323247a1116b6a7e016ed5f664cb67071a3b1d5e4b8f3aa4f773f737,2026-09-14T14:03:56,29.09.22_NLDC-PSP|29-09-2022|attachment/pdf
https://webcdn.grid-india.in/files/grdw/uploads/download-manager-files/30.09.22_NLDC_PSP.pdf,2022-23/30.09.22_NLDC_PSP.pdf,200,313460,4365819009fb752b24c75870ca2023d020e53c81de31d9f050bc02c688c4cec7,2026-09-14T14:03:57,30.09.22_NLDC_PSP|30-09-2022|attachment/pdf
https://webcdn.grid-india.in/files/grdw/uploads/download-manager-files/site%20upload.pdf,2022-23/site upload.pdf,200,311422,84b337e54896cb2c9649e98d06f3cc88535b2435a807afc2284a79006e341652,2026-09-14T14:03:58,01.10.22_NLDC_PSP_|01-10-2022|attachment/pdf
https://webcdn.grid-india.in/files/grdw/uploads/download-manager-files/02.10.22_NLDC_PSP.pdf,2022-23/02.10.22_NLDC_PSP.pdf,200,310852,2bc1f7bc67058ba272650c1a2a98bd34df7fcf9b9f6511db49b4e12598ecce2c,2026-09-14T14:03:58,02.10.22_NLDC_PSP|02-10-2022|attachment/pdf
https://webcdn.grid-india.in/files/grdw/uploads/download-manager-files/03.10.22_NLDC_PSP.pdf,2022-23/03.10.22_NLDC_PSP.pdf,200,317923,0be0365f12b70d7859efc1f1d3c09ef1bd19ecc17b20064a4606cdc21adf132f,2026-09-14T14:03:59,03.10.22_NLDC_PSP|03-10-2022|attachment/pdf
https://webcdn.grid-india.in/files/grdw/uploads/download-manager-files/04.10.22_NLDC_PSP.pdf,2022-23/04.10.22_NLDC_PSP.pdf,200,313694,5219d172ac8ce5b1340e8c70bd37dbc945ddd7fcc041e27b2357a0add5562c6b,2026-09-14T14:03:59,04.10.22_NLDC_PSP|04-10-2022|attachment/pdf
https://webcdn.grid-india.in/files/grdw/uploads/download-manager-files/05.10.22_NLDC_PSP.pdf,2022-23/05.10.22_NLDC_PSP.pdf,200,314104,63a6b2cbea5ea3a5a85f4d998eafb3ee90924c735c19ab6b103184ecaec6430b,2026-09-14T14:04:00,05.10.22_NLDC_PSP|05-10-2022|attachment/pdf
https://webcdn.grid-india.in/files/grdw/uploads/download-manager-files/06.10.22_NLDC_PSP.pdf,2022-23/06.10.22_NLDC_PSP.pdf,200,311478,7e8abaad40705fe867552799158e04e4cd2b8cf7037d11785fab420d39f7f6b9,2026-09-14T14:04:00,06.10.22_NLDC_PSP|06-10-2022|attachment/pdf
https://webcdn.grid-india.in/files/grdw/uploads/download-manager-files/07.10.22_NLDC_PSP.pdf,2022-23/07.10.22_NLDC_PSP.pdf,200,312383,4c933f490e5114c16a162d281e84ec2d2d34b71584216dd356d2070c606545c4,2026-09-14T14:04:01,07.10.22_NLDC_PSP|07-10-2022|attachment/pdf
https://webcdn.grid-india.in/files/grdw/uploads/download-manager-files/08.10.22_NLDC_PSP.pdf,2022-23/08.10.22_NLDC_PSP.pdf,200,313237,c5e4d0002b4c22dc225b13c3cc1781b6402f7db2b45783646ef5de8f383ced33,2026-09-14T14:04:01,08.10.22_NLDC_PSP|08-10-2022|attachment/pdf
https://webcdn.grid-india.in/files/grdw/uploads/download-manager-files/10.10.22_NLDC_PSP.pdf,2022-23/10.10.22_NLDC_PSP.pdf,200,315390,4a47888dce2fee211c0061fbca40dbcfe1a6d561033e12ec1d7f3990b34f4871,2026-09-14T14:04:02,09.10.22_NLDC_PSP|09-10-2022|attachment/pdf
https://webcdn.grid-india.in/files/grdw/uploads/download-manager-files/upload%20on%20web%20site.pdf,2022-23/upload on web site.pdf,200,310885,f0777fe8b71a168421da408a34f0421fb2b861565bd548702bf52d0bb77d2103,2026-09-14T14:04:02,10.10.22_NLDC_PSP|10-10-2022|attachment/pdf
https://webcdn.grid-india.in/files/grdw/uploads/download-manager-files/11.10.22_NLDC_PSP.pdf,2022-23/11.10.22_NLDC_PSP.pdf,200,315761,e1855a7fca4530ca0199b58a7df7b046bd3411ee558bcceefe55f76c3abbd381,2026-09-14T14:04:03,11.10.22_NLDC_PSP|11-10-2022|attachment/pdf
https://webcdn.grid-india.in/files/grdw/uploads/download-manager-files/12.10.22_NLDC_PSP.pdf,2022-23/12.10.22_NLDC_PSP.pdf,200,315020,00676040c92bcdabf5d3e9772188affa7dce2c8e0878e420cd5e120d4cad6525,2026-09-14T14:04:04,12.10.22_NLDC_PSP|12-10-2022|attachment/pdf
https://webcdn.grid-india.in/files/grdw/uploads/download-manager-files/13.10.22_NLDC_PSP.pdf,2022-23/13.10.22_NLDC_PSP.pdf,200,317954,95b048a1ef0c4d51f76816272c7155ba5158c9a5694d5d20586089b00c82b325,2026-09-14T14:04:04,13.10.22_NLDC_PSP|13-10-2022|attachment/pdf
https://webcdn.grid-india.in/files/grdw/uploads/download-manager-files/14.10.22_NLDC_PSP.pdf,2022-23/14.10.22_NLDC_PSP.pdf,200,317165,5be6e2ab23b9196a06d2385203f037a561d7372b7aba9ced5df66f6e2fddc031,2026-09-14T14:04:05,14.10.22_NLDC_PSP|14-10-2022|attachment/pdf
https://webcdn.grid-india.in/files/grdw/uploads/download-manager-files/15.10.22_NLDC_PSP.pdf,2022-23/15.10.22_NLDC_PSP.pdf,200,312770,a43ff8b753470bcb29ba85da74c99899bcbcce686dff9ea63e58d6932caf5024,2026-09-14T14:04:05,15.10.22_NLDC_PSP|15-10-2022|attachment/pdf
https://webcdn.grid-india.in/files/grdw/uploads/download-manager-files/16.10.22_NLDC_PSP.pdf,2022-23/16.10.22_NLDC_PSP.pdf,200,237623,373cc2537d803efb140f10d3b176da7bbc2ff91e1dcc261646cac3df40547fdc,2026-09-14T14:04:06,16.10.22_NLDC_PSP|16-10-2022|attachment/pdf
https://webcdn.grid-india.in/files/grdw/2026/01/1666064884wpdm_upload_811.pdf,2022-23/1666064884wpdm_upload_811.pdf,200,316411,47b2c4b87b7f1ee594229331735c93fb78d6445828093adbe44511e62bdc77a6,2026-09-14T14:04:06,17.10.22_NLDC_PSP|17-10-2022|application/pdf
https://webcdn.grid-india.in/files/grdw/uploads/download-manager-files/18.10.22_NLDC_PSP.pdf,2022-23/18.10.22_NLDC_PSP.pdf,200,317181,7cc873529964a783c615442179fffc6bb90337e9b707d57b43ce4d4cac6505fe,2026-09-14T14:04:07,18.10.22_NLDC_PSP|18-10-2022|attachment/pdf
https://webcdn.grid-india.in/files/grdw/2026/01/1666240273wpdm_upload_795.pdf,2022-23/1666240273wpdm_upload_795.pdf,200,315639,89144e1ed3091f7b706b18647cee585519666382007dd5da9a1c0381f67fd3b3,2026-09-14T14:04:07,19.10.22_NLDC_PSP|19-10-2022|application/pdf
https://webcdn.grid-india.in/files/grdw/uploads/download-manager-files/20.10.22_NLDC_PSP.pdf,2022-23/20.10.22_NLDC_PSP.pdf,200,315757,223b2434c2158b344b1d81d24c6001d6a9a5c02023bc14a76da2a6fe99a4581e,2026-09-14T14:04:08,20.10.22_NLDC_PSP|20-10-2022|attachment/pdf
https://webcdn.grid-india.in/files/grdw/uploads/download-manager-files/21.10.22_NLDC_PSP.pdf,2022-23/21.10.22_NLDC_PSP.pdf,200,237538,a028c347b3b04a86b6d88b9bf589201ec2e59989b41079c7d36891caa1b631a8,2026-09-14T14:04:08,21.10.22_NLDC_PSP|21-10-2022|attachment/pdf
https://webcdn.grid-india.in/files/grdw/uploads/download-manager-files/22.10.22_NLDC_PSP.pdf,2022-23/22.10.22_NLDC_PSP.pdf,200,315447,c9085827065b8b15ddb0cecb389ef11d0e03adeb6192bad3935f7be6c190d8fe,2026-09-14T14:04:09,22.10.22_NLDC_PSP|22-10-2022|attachment/pdf
https://webcdn.grid-india.in/files/grdw/uploads/download-manager-files/23.10.22_NLDC_PSP.pdf,2022-23/23.10.22_NLDC_PSP.pdf,200,317860,ca2f8e257a5dd05b2b630e9d3d4e2f9c438df651c8211b084c8e9084905f29b2,2026-09-14T14:04:09,23.10.22_NLDC_PSP|23-10-2022|attachment/pdf
https://webcdn.grid-india.in/files/grdw/uploads/download-manager-files/24.10.22_NLDC_PSP.pdf,2022-23/24.10.22_NLDC_PSP.pdf,200,490171,173f11ff1c8d2faa96ef11cc2a584173209ebda908c0623d288aa400d9b29f8e,2026-09-14T14:04:10,24.10.22_NLDC_PSP|24-10-2022|attachment/pdf
https://webcdn.grid-india.in/files/grdw/uploads/download-manager-files/website.pdf,2022-23/website.pdf,200,1610554,54c52b174d7d45c977a89805825e6d915e24af34a84a9620bafd21a913ba51fd,2026-09-14T14:04:11,25.10.22_NLDC_PSP|25-10-2022|attachment/pdf
https://webcdn.grid-india.in/files/grdw/2026/01/1666848129wpdm_upload_883.pdf,2022-23/1666848129wpdm_upload_883.pdf,200,315269,9c01b9eb1cfa440357111fe38c74fc73cbd9e86e0d2b2dd12c14c69cc3531d4a,2026-09-14T14:04:11,26.10.22_NLDC_PSP|26-10-2022|application/pdf
https://webcdn.grid-india.in/files/grdw/uploads/download-manager-files/27.10.22_NLDC_PSP.pdf,2022-23/27.10.22_NLDC_PSP.pdf,200,316439,d3a07fbc0f8eb45db469a08241ac48dc0be4f072f4c3165cdb329022cea6b07c,2026-09-14T14:04:12,27.10.22_NLDC_PSP|27-10-2022|attachment/pdf
https://webcdn.grid-india.in/files/grdw/uploads/download-manager-files/28.10.22_NLDC_PSP.pdf,2022-23/28.10.22_NLDC_PSP.pdf,200,314240,d6e52cde0c6754ea8741343e67715d83140dd7646bbd3b28d7019fc2b8034b20,2026-09-14T14:04:12,28.10.22_NLDC_PSP|28-10-2022|attachment/pdf
https://webcdn.grid-india.in/files/grdw/uploads/download-manager-files/29.10.22_NLDC_PSP.pdf,2022-23/29.10.22_NLDC_PSP.pdf,200,315198,243e1acb4115869a7ac07e826f944a5830250bbaa0816ea8167cfb90cc975016,2026-09-14T14:04:13,29.10.22_NLDC_PSP|29-10-2022|attachment/pdf
https://webcdn.grid-india.in/files/grdw/uploads/download-manager-files/30.10.22_NLDC_PSP_H&E.pdf,2022-23/30.10.22_NLDC_PSP_H&E.pdf,200,1477487,fb7037b3495e3a84974e2158be956e1299dacef45496bb9539705dc37abd8573,2026-09-14T14:04:14,30.10.22_NLDC_PSP|30-10-2022|attachment/pdf
https://webcdn.grid-india.in/files/grdw/uploads/download-manager-files/31.10.22_NLDC_PSP.pdf,2022-23/31.10.22_NLDC_PSP.pdf,200,238806,5156dd43db4c75b0ba122168ec6c9db775606d6ab6784bd008acb0a8aa3a7c29,2026-09-14T14:04:14,31.10.22_NLDC_PSP|31-10-2022|attachment/pdf
https://webcdn.grid-india.in/files/grdw/uploads/download-manager-files/01.11.22_NLDC_PSP.pdf,2022-23/01.11.22_NLDC_PSP.pdf,200,238376,41b8d532e4ac62270fa92c2e393662a448bdca19680191e32484079ea84328a4,2026-09-14T14:04:15,01.11.22_NLDC_PSP|01-11-2022|attachment/pdf
https://webcdn.grid-india.in/files/grdw/uploads/download-manager-files/02.11.22_NLDC_PSP.pdf,2022-23/02.11.22_NLDC_PSP.pdf,200,315731,238eae9637ae53fc4277f1b2e129685f32e1c48933645ba012e966bc7fdaf10c,2026-09-14T14:04:15,02.11.22_NLDC_PSP|02-11-2022|attachment/pdf
https://webcdn.grid-india.in/files/grdw/uploads/download-manager-files/03.11.22_NLDC_PSP.pdf,2022-23/03.11.22_NLDC_PSP.pdf,200,317509,bd186d3cf75c7dbcb66b3d290bc0d731adc2d1e4dea951195c92bbf76d76c51d,2026-09-14T14:04:16,03.11.22_NLDC_PSP|03-11-2022|attachment/pdf
https://webcdn.grid-india.in/files/grdw/uploads/download-manager-files/04.11.22_NLDC_PSP.pdf,2022-23/04.11.22_NLDC_PSP.pdf,200,317132,9a56f0a2b16616f9eb582e705a7464082ccb20477d83d12b8796672504c0f786,2026-09-14T14:04:16,04.11.22_NLDC_PSP|04-11-2022|attachment/pdf
https://webcdn.grid-india.in/files/grdw/uploads/download-manager-files/05.11.22_NLDC_PSP.pdf,2022-23/05.11.22_NLDC_PSP.pdf,200,317364,70f40d91f8c626dcd20c28abace1368eaef4039a7326073faacf7c676e0f61ad,2026-09-14T14:04:17,05.11.22_NLDC_PSP|05-11-2022|attachment/pdf
https://webcdn.grid-india.in/files/grdw/uploads/download-manager-files/06.11.22_NLDC_PSP.pdf,2022-23/06.11.22_NLDC_PSP.pdf,200,1433640,57c61ba078e87ec06cb7ca9b1e9fd89a6309ac34fb1da6cb42ea78949062d405,2026-09-14T14:04:18,06.11.22_NLDC_PSP|06-11-2022|attachment/pdf
https://webcdn.grid-india.in/files/grdw/uploads/download-manager-files/07.11.22_NLDC_PSP.pdf,2022-23/07.11.22_NLDC_PSP.pdf,200,316320,fabeb8dcd8dd415bc0c617095a016bd23801ec4a305094257cebb515397a16a1,2026-09-14T14:04:18,07.11.22_NLDC_PSP|07-11-2022|attachment/pdf
https://webcdn.grid-india.in/files/grdw/uploads/download-manager-files/08.11.22_NLDC_PSP.pdf,2022-23/08.11.22_NLDC_PSP.pdf,200,1435430,08d38d9e306722e2e8e0ccdf633be4c531192b0b22b2bbe588cd015ba09bf2c6,2026-09-14T14:04:19,08.11.22_NLDC_PSP|08-11-2022|attachment/pdf
https://webcdn.grid-india.in/files/grdw/uploads/download-manager-files/09.11.22_NLDC_PSP.pdf,2022-23/09.11.22_NLDC_PSP.pdf,200,315926,322d6be9ada9424f3c3ed0c3e9c7e8179c245903ccbc9153c239287374db46aa,2026-09-14T14:04:19,09.11.22_NLDC_PSP|09-11-2022|attachment/pdf
https://webcdn.grid-india.in/files/grdw/uploads/download-manager-files/10.11.22_NLDC_PSP.pdf,2022-23/10.11.22_NLDC_PSP.pdf,200,315728,8648bacafc979b6f19e5a75f2562b67566ada264f4172a7ab7fc1dc5b94413b4,2026-09-14T14:04:20,10.11.22_NLDC_PSP|10-11-2022|attachment/pdf
https://webcdn.grid-india.in/files/grdw/uploads/download-manager-files/11.11.22_NLDC_PSP.pdf,2022-23/11.11.22_NLDC_PSP.pdf,200,315379,4d2a97bc675f740851702cb1a9f850ff83968811a34a1b2c4a2e4dbca3829935,2026-09-14T14:04:20,11.11.22_NLDC_PSP|11-11-2022|attachment/pdf
https://webcdn.grid-india.in/files/grdw/uploads/download-manager-files/12.11.22_NLDC_PSP.pdf,2022-23/12.11.22_NLDC_PSP.pdf,200,1609449,db8765f1a0a28b51e68a491b9918b4891c30d094e35ed2e7ca83a5e0abbfc464,2026-09-14T14:04:21,12.11.22_NLDC_PSP|12-11-2022|attachment/pdf
https://webcdn.grid-india.in/files/grdw/uploads/download-manager-files/13.11.22_NLDC_PSP.pdf,2022-23/13.11.22_NLDC_PSP.pdf,200,316830,c0b52bfb67036e1bd586139a7ce14ad295bfa58110f7bb9bfcd7b734c39a9791,2026-09-14T14:04:22,13.11.22_NLDC_PSP|13-11-2022|attachment/pdf
https://webcdn.grid-india.in/files/grdw/uploads/download-manager-files/14.11.22_NLDC_PSP.pdf,2022-23/14.11.22_NLDC_PSP.pdf,200,316793,9a5d9131c55990ea7163b56a8a2027ea5f32e099e0d19cf73ad321bb75c09781,2026-09-14T14:04:22,14.11.22_NLDC_PSP|14-11-2022|attachment/pdf
https://webcdn.grid-india.in/files/grdw/uploads/download-manager-files/15.11.22_NLDC_PSP_H&E%20v2.pdf,2022-23/15.11.22_NLDC_PSP_H&E v2.pdf,200,316835,35b1ef585dd40becb0318c1f48bb91588a47a97a9ffaf0856a700c3eca4d6adc,2026-09-14T14:04:23,15.11.22_NLDC_PSP|15-11-2022|attachment/pdf
https://webcdn.grid-india.in/files/grdw/uploads/download-manager-files/16.11.22_NLDC_PSP.pdf,2022-23/16.11.22_NLDC_PSP.pdf,200,315909,f61c898592807aacfdb323a198cf86dec69620b4a28f32664e9781d2ecf578ad,2026-09-14T14:04:23,16.11.22_NLDC_PSP|16-11-2022|attachment/pdf
https://webcdn.grid-india.in/files/grdw/uploads/download-manager-files/17.11.22_NLDC_PSP.pdf,2022-23/17.11.22_NLDC_PSP.pdf,200,316779,baa6fc99a59333f72e1c99bb2774d5bdc5f6c295f7acebe3fb10ef219e018d89,2026-09-14T14:04:24,17.11.22_NLDC_PSP|17-11-2022|attachment/pdf
https://webcdn.grid-india.in/files/grdw/uploads/download-manager-files/18.11.22_NLDC_PSP.pdf,2022-23/18.11.22_NLDC_PSP.pdf,200,317574,b7991e2947a2b22fee7846a2eae916a45d6a895d204df2be8424e19faae6c36f,2026-09-14T14:04:24,18.11.22_NLDC_PSP|18-11-2022|attachment/pdf
https://webcdn.grid-india.in/files/grdw/uploads/download-manager-files/19.11.22_NLDC_PSP.pdf,2022-23/19.11.22_NLDC_PSP.pdf,200,315898,7d8f134a72d90eea8f0dd5bb0fc51447dc0624e8bc3341ee5a33245ce0cb8dc5,2026-09-14T14:04:25,19.11.22_NLDC_PSP|19-11-2022|attachment/pdf
https://webcdn.grid-india.in/files/grdw/uploads/download-manager-files/20.11.22_NLDC_PSP_H&E.pdf,2022-23/20.11.22_NLDC_PSP_H&E.pdf,200,315372,7ea8dc04771822c701e2cf326083687eea5f3c826c1e597af709927146282ae3,2026-09-14T14:04:25,20.11.22_NLDC_PSP|20-11-2022|attachment/pdf
https://webcdn.grid-india.in/files/grdw/uploads/download-manager-files/21.11.22_NLDC_PSP.pdf,2022-23/21.11.22_NLDC_PSP.pdf,200,412505,3ee3a469b64627308959af80b6c9527e7692d74d85422d39980a0e2ef693ff76,2026-09-14T14:04:26,21.11.22_NLDC_PSP|21-11-2022|attachment/pdf
https://webcdn.grid-india.in/files/grdw/uploads/download-manager-files/22.11.22_NLDC_PSP.pdf,2022-23/22.11.22_NLDC_PSP.pdf,200,315741,2d7a0eb96e4a6c7bf2c25a30d9e8fb534e0ad2d595375057dc85662a20c4ab21,2026-09-14T14:04:26,22.11.22_NLDC_PSP|22-11-2022|attachment/pdf
https://webcdn.grid-india.in/files/grdw/uploads/download-manager-files/23.11.22_NLDC_PSP.pdf,2022-23/23.11.22_NLDC_PSP.pdf,200,317378,f1531b8cb1284a24e504e3e758543a2adad1543f8465a8d69f379dcdf267e2c9,2026-09-14T14:04:27,23.11.22_NLDC_PSP|23-11-2022|attachment/pdf
https://webcdn.grid-india.in/files/grdw/uploads/download-manager-files/24.11.22_NLDC_PSP.pdf,2022-23/24.11.22_NLDC_PSP.pdf,200,317203,d25267383fb2f3a3e1b5f5a375a6c080aa60264c25f1a24f14267b82257fe65a,2026-09-14T14:04:27,24.11.22_NLDC_PSP|24-11-2022|attachment/pdf
https://webcdn.grid-india.in/files/grdw/uploads/download-manager-files/25.11.22_NLDC_PSP.pdf,2022-23/25.11.22_NLDC_PSP.pdf,200,317338,a64a42d56e1d9ffea16b07fc63e6041a65d29157290d2dc1eea143e2b06d73c3,2026-09-14T14:04:28,25.11.22_NLDC_PSP|25-11-2022|attachment/pdf
https://webcdn.grid-india.in/files/grdw/uploads/download-manager-files/26.11.22_NLDC_PSP.pdf,2022-23/26.11.22_NLDC_PSP.pdf,200,315490,dc15cd7bfc2599436f6876410ffb3e712e74776b02abc9f3ec154581652ec31f,2026-09-14T14:04:28,26.11.22_NLDC_PSP|26-11-2022|attachment/pdf
https://webcdn.grid-india.in/files/grdw/uploads/download-manager-files/27.11.22_NLDC_PSP.pdf,2022-23/27.11.22_NLDC_PSP.pdf,200,316743,2656fedc53fcfb31234f54ca86c90834d06547d72cfec602ce4d3e1201d894b3,2026-09-14T14:04:29,27.11.22_NLDC_PSP|27-11-2022|attachment/pdf
https://webcdn.grid-india.in/files/grdw/uploads/download-manager-files/28.11.22_NLDC_PSP.pdf,2022-23/28.11.22_NLDC_PSP.pdf,200,317566,6024be179a562638c6efb4458175ff9bedbc1be57a9ac775a01e7b032d8a228c,2026-09-14T14:04:29,28.11.22_NLDC_PSP|28-11-2022|attachment/pdf
https://webcdn.grid-india.in/files/grdw/uploads/download-manager-files/29.11.22_NLDC_PSP.pdf,2022-23/29.11.22_NLDC_PSP.pdf,200,315462,f2553119c75e0da0368718449931267b21efeb62d7a64bd7715b6b7d659c47ea,2026-09-14T14:04:30,29.11.22_NLDC_PSP|29-11-2022|attachment/pdf
https://webcdn.grid-india.in/files/grdw/uploads/download-manager-files/30.11.22_NLDC_PSP.pdf,2022-23/30.11.22_NLDC_PSP.pdf,200,317185,147a5275e14579112998f7790e2eb4e8d1fd0bc6ba9cae072b1e07fa2da2060a,2026-09-14T14:04:30,30.11.22_NLDC_PSP|30-11-2022|attachment/pdf
https://webcdn.grid-india.in/files/grdw/uploads/download-manager-files/01.12.22_NLDC_PSP.pdf,2022-23/01.12.22_NLDC_PSP.pdf,200,315397,28b20a6bdb9dcd9b98c4019aaa07950cc6013af2fb9c3c9f8c76f9f025fd0af3,2026-09-14T14:04:31,01.12.22_NLDC_PSP|01-12-2022|attachment/pdf
https://webcdn.grid-india.in/files/grdw/uploads/download-manager-files/02.12.22_NLDC_PSP.pdf,2022-23/02.12.22_NLDC_PSP.pdf,200,196431,a72e65f387e6d1187ccabf608ffb7d3a60d962ed9e086565d0e034ce2757226b,2026-09-14T14:04:32,02.12.22_NLDC_PSP|02-12-2022|attachment/pdf
https://webcdn.grid-india.in/files/grdw/uploads/download-manager-files/03.12.22_NLDC_PSP.pdf,2022-23/03.12.22_NLDC_PSP.pdf,200,1615679,565ca6391164e50541df15591725777c822c2d1e462735ef022e1c1de9db4431,2026-09-14T14:04:33,03.12.22_NLDC_PSP|03-12-2022|attachment/pdf
https://webcdn.grid-india.in/files/grdw/uploads/download-manager-files/04.12.22_NLDC_PSP.pdf,2022-23/04.12.22_NLDC_PSP.pdf,200,326345,792903d9af65cbb40ae36fc0084931abe7c86fba4dd890f0e72ca702e3f6dafd,2026-09-14T14:04:33,04.12.22_NLDC_PSP|04-12-2022|attachment/pdf
https://webcdn.grid-india.in/files/grdw/uploads/download-manager-files/05.12.22_NLDC_PSP.pdf,2022-23/05.12.22_NLDC_PSP.pdf,200,326420,2e90a768b3ef64357146f43a619eb20ce67da5bd901fbb473053e05845560af3,2026-09-14T14:04:34,05.12.22_NLDC_PSP|05-12-2022|attachment/pdf
https://webcdn.grid-india.in/files/grdw/2026/01/1670387873wpdm_upload_332.pdf,2022-23/1670387873wpdm_upload_332.pdf,200,196627,83bdfdac819b3771f1b27995184eafe1de9d7c8f818cafc14cba3da6b609dbf1,2026-09-14T14:04:34,06.12.22_NLDC_PSP|06-12-2022|application/pdf
https://webcdn.grid-india.in/files/grdw/2026/01/07.12.22_NLDC_PSP_299.pdf,2022-23/07.12.22_NLDC_PSP_299.pdf,200,325573,467704c1767b03a00cf2baa221098ad50eca34f372072b23d0372202973c87f0,2026-09-14T14:04:35,07.12.22_NLDC_PSP|08-12-2022|application/pdf
https://webcdn.grid-india.in/files/grdw/2026/01/08.12.22_NLDC_PSP_805.pdf,2022-23/08.12.22_NLDC_PSP_805.pdf,200,326805,efff9ac857a8d539e84e3430fbf946c7c1a84b300ee50cf5f095cad530dbbc9c,2026-09-14T14:04:35,08.12.22_NLDC_PSP|09-12-2022|application/pdf
https://webcdn.grid-india.in/files/grdw/2026/01/09.12.22_NLDC_PSP_302.pdf,2022-23/09.12.22_NLDC_PSP_302.pdf,200,325128,af6ccf784a6c88a92488af73799d309ddecefd685878927a993b324d76bfa67d,2026-09-14T14:04:36,09.12.22_NLDC_PSP|10-12-2022|application/pdf
https://webcdn.grid-india.in/files/grdw/2026/01/10.12.22_NLDC_PSP_702.pdf,2022-23/10.12.22_NLDC_PSP_702.pdf,200,197953,920b021a3fe319ca398d699bfea054ca805c77fde5984d124ff135f0f9101fe6,2026-09-14T14:04:36,10.12.22_NLDC_PSP|11-12-2022|application/pdf
https://webcdn.grid-india.in/files/grdw/2026/01/11.12.22_NLDC_PSP_111.pdf,2022-23/11.12.22_NLDC_PSP_111.pdf,200,324807,c2717e158a89599057345cafc26c360bcadaa25dceb7242610992063b659f0c3,2026-09-14T14:04:37,11.12.22_NLDC_PSP|12-12-2022|application/pdf
https://webcdn.grid-india.in/files/grdw/2026/01/12.12.22_NLDC_PSP_963.pdf,2022-23/12.12.22_NLDC_PSP_963.pdf,200,325734,0096619e88c666b425c6ce8e3517215affaa3d7bb582614f03f5eab541726585,2026-09-14T14:04:37,12.12.22_NLDC_PSP|13-12-2022|application/pdf
https://webcdn.grid-india.in/files/grdw/2026/01/13.12.22_NLDC_PSP_513.pdf,2022-23/13.12.22_NLDC_PSP_513.pdf,200,326939,5978a2c876bc2fa62675c17bdef6933db930f245220cc6bc7facf78acb26baa3,2026-09-14T14:04:38,13.12.22_NLDC_PSP|14-12-2022|application/pdf
https://webcdn.grid-india.in/files/grdw/2026/01/14.12.22_NLDC_PSP_598.pdf,2022-23/14.12.22_NLDC_PSP_598.pdf,200,196777,00f112f252a0c44b45e8ba6cdae909cf5a0bee86812b6aed8f53c7dded01d17d,2026-09-14T14:04:38,14.12.22_NLDC_PSP|15-12-2022|application/pdf
https://webcdn.grid-india.in/files/grdw/2026/01/15.12.22_NLDC_PSP_637.pdf,2022-23/15.12.22_NLDC_PSP_637.pdf,200,1643949,d218f5a1d59ef38c214c7fa6407dd74e302fdf144add14a6f001db361450cb49,2026-09-14T14:04:39,15.12.22_NLDC_PSP|16-12-2022|application/pdf
https://webcdn.grid-india.in/files/grdw/2026/01/16.12.22_NLDC_PSP_788.pdf,2022-23/16.12.22_NLDC_PSP_788.pdf,200,325959,dadc0656cca5d0fd010fd8192fb797782899d58069fd60c97d99cfd2579263cd,2026-09-14T14:04:39,16.12.22_NLDC_PSP|17-12-2022|application/pdf
https://webcdn.grid-india.in/files/grdw/2026/01/17.12.22_NLDC_PSP_256.pdf,2022-23/17.12.22_NLDC_PSP_256.pdf,200,325768,518de44e05fb3a00239e6ce4f5e75b3d66e789f25426b49b294f2bbceb4d3938,2026-09-14T14:04:40,17.12.22_NLDC_PSP|18-12-2022|application/pdf
https://webcdn.grid-india.in/files/grdw/2026/01/18.12.22_NLDC_PSP_204.pdf,2022-23/18.12.22_NLDC_PSP_204.pdf,200,1644713,2fe53726a799c90cf303637da8787361e3d4c76144649a7a6b44c50a2529708d,2026-09-14T14:04:41,18.12.22_NLDC_PSP|19-12-2022|application/pdf
https://webcdn.grid-india.in/files/grdw/2026/01/19.12.22_NLDC_PSP_394.pdf,2022-23/19.12.22_NLDC_PSP_394.pdf,200,325083,a55acec40f011e404a8fcb349402dac1967c2774f57ae2022cd6f12a46197b67,2026-09-14T14:04:41,19.12.22_NLDC_PSP|20-12-2022|application/pdf
https://webcdn.grid-india.in/files/grdw/2026/01/20.12.22_NLDC_PSP_441.pdf,2022-23/20.12.22_NLDC_PSP_441.pdf,200,325205,d4355e4eae3b4861cc4cc493d29432ef02c7073823feb0217b3a48ecd26ef7e9,2026-09-14T14:04:42,20.12.22_NLDC_PSP|21-12-2022|application/pdf
https://webcdn.grid-india.in/files/grdw/2026/01/21.12.22_NLDC_PSP_478.pdf,2022-23/21.12.22_NLDC_PSP_478.pdf,200,325872,d3ebf55d403f164eb5644d136444075ce5d9d2ebe47f43f7bb7703ea820d9b05,2026-09-14T14:04:42,21.12.22_NLDC_PSP|22-12-2022|application/pdf
https://webcdn.grid-india.in/files/grdw/2026/01/22.12.22_NLDC_PSP_198.pdf,2022-23/22.12.22_NLDC_PSP_198.pdf,200,324895,46c3a7f362b5d8a8769ad81b454c2b36ea6b0f565bae0df4b024c2118c30d454,2026-09-14T14:04:43,22.12.22_NLDC_PSP|23-12-2022|application/pdf
https://webcdn.grid-india.in/files/grdw/2026/01/23.12.22_NLDC_PSP_710.pdf,2022-23/23.12.22_NLDC_PSP_710.pdf,200,328285,5484f0bbb22ec66e3cbd434f147bb681aac050a463c29d8cfe0e9caa4e7f2a84,2026-09-14T14:04:43,23.12.22_NLDC_PSP|24-12-2022|application/pdf
https://webcdn.grid-india.in/files/grdw/2026/01/24.12.22_NLDC_PSP_848.pdf,2022-23/24.12.22_NLDC_PSP_848.pdf,200,261403,dc88f697e882131f98934725984064b417c739c71a500294162a0ca7270d93e7,2026-09-14T14:04:44,24.12.22_NLDC_PSP|25-12-2022|application/pdf
https://webcdn.grid-india.in/files/grdw/2026/01/25.12.22_NLDC_PSP_638.pdf,2022-23/25.12.22_NLDC_PSP_638.pdf,200,262003,12d7c1742d2988f30f1eae5200498955ae81c3f86bc7c7d7ad23b8953de9bcc7,2026-09-14T14:04:44,25.12.22_NLDC_PSP|26-12-2022|application/pdf
https://webcdn.grid-india.in/files/grdw/2026/01/26.12.22_NLDC_PSP_493.pdf,2022-23/26.12.22_NLDC_PSP_493.pdf,200,325369,b0bc06d40ea67323ab15c80a84f645e6f0614554f514bd377eb0a5dace572284,2026-09-14T14:04:45,26.12.22_NLDC_PSP|27-12-2022|application/pdf
https://webcdn.grid-india.in/files/grdw/2026/01/27.12.22_NLDC_PSP_432.pdf,2022-23/27.12.22_NLDC_PSP_432.pdf,200,326299,9adec205846ef93fc80fe47ee41a29960f01a4635429eddffc88b9171e2f7ad9,2026-09-14T14:04:45,27.12.22_NLDC_PSP|28-12-2022|application/pdf
https://webcdn.grid-india.in/files/grdw/2026/01/28.12.22_NLDC_PSP_153.pdf,2022-23/28.12.22_NLDC_PSP_153.pdf,200,327699,c50bf6bbd6a4fef99328881fc8b7e0883c0d6dc2b8dd4b4389a5d5d4e6c5ea8c,2026-09-14T14:04:46,28.12.22_NLDC_PSP|29-12-2022|application/pdf
https://webcdn.grid-india.in/files/grdw/2026/01/29.12.22_NLDC_PSP_882.pdf,2022-23/29.12.22_NLDC_PSP_882.pdf,200,326423,31f16341b7ccba3d32904bd9996a5036336f121f8e9f32819c4811e29d20bc36,2026-09-14T14:04:46,29.12.22_NLDC_PSP|30-12-2022|application/pdf
https://webcdn.grid-india.in/files/grdw/2026/01/30.12.22_NLDC_PSP_117.pdf,2022-23/30.12.22_NLDC_PSP_117.pdf,200,327253,987678ee8ca757920268513188c7a4c5d9b2c4be2ea66ac40c2a70ed16239590,2026-09-14T14:04:47,30.12.22_NLDC_PSP|31-12-2022|application/pdf
https://webcdn.grid-india.in/files/grdw/2026/01/31.12.22_NLDC_PSP_632.pdf,2022-23/31.12.22_NLDC_PSP_632.pdf,200,328295,be0e7f999120cbcc2f84bfb6f0a31cabf4b1a3337f05bfa617d2ee5749284b6d,2026-09-14T14:04:47,31.12.22_NLDC_PSP|01-01-2023|application/pdf
https://webcdn.grid-india.in/files/grdw/2026/02/01.01.23_NLDC_PSP_210.xls,2022-23/01.01.23_NLDC_PSP_210.xls,200,261120,51868f9ecac236582c748ee1f9cda6193223eb330f0a1d99665ce2c5fd68d234,2026-09-14T14:04:48,01.01.23_NLDC_PSP|01-01-2023|application/vnd.ms-excel
https://webcdn.grid-india.in/files/grdw/2026/02/02.01.23_NLDC_PSP_129.xls,2022-23/02.01.23_NLDC_PSP_129.xls,200,290304,e3716b758b6dd57252af7d32624bbc7865c85d427473831d281cd122b907f10d,2026-09-14T14:04:49,02.01.23_NLDC_PSP|02-01-2023|application/vnd.ms-excel
https://webcdn.grid-india.in/files/grdw/2026/02/03.01.23_NLDC_PSP_120.xls,2022-23/03.01.23_NLDC_PSP_120.xls,200,278528,50b122511014260bca7cebba018f42c43b24bbc112c8f5f3138ff5ff8a88cf18,2026-09-14T14:04:49,03.01.23_NLDC_PSP|03-01-2023|application/vnd.ms-excel
https://webcdn.grid-india.in/files/grdw/2026/02/04.01.23_NLDC_PSP_379.xls,2022-23/04.01.23_NLDC_PSP_379.xls,200,266240,9ced4691db0023579284afa92971a4d129f4251de13c60d8ca06b187560fd09d,2026-09-14T14:04:50,04.01.23_NLDC_PSP|04-01-2023|application/vnd.ms-excel
https://webcdn.grid-india.in/files/grdw/2026/02/05.01.23_NLDC_PSP_570.xls,2022-23/05.01.23_NLDC_PSP_570.xls,200,250368,6dcdfe2fe92c87fe7b8b092dff5e674384514ad86db4149804fdf2326bd1216c,2026-09-14T14:04:50,05.01.23_NLDC_PSP|05-01-2023|application/vnd.ms-excel
https://webcdn.grid-india.in/files/grdw/2026/02/06.01.23_NLDC_PSP_114.xls,2022-23/06.01.23_NLDC_PSP_114.xls,200,266240,c1e225ca4e9b1852811d602beb299bb5fc6f8a72f73543cc5288b0fec0c43647,2026-09-14T14:04:51,06.01.23_NLDC_PSP|06-01-2023|application/vnd.ms-excel
https://webcdn.grid-india.in/files/grdw/2026/02/07.01.23_NLDC_PSP_610.xls,2022-23/07.01.23_NLDC_PSP_610.xls,200,266240,ed434b741835e3d4c8f1d0389b2d81cda813c099a59a698efefcc5a725a542d0,2026-09-14T14:04:51,07.01.23_NLDC_PSP|07-01-2023|application/vnd.ms-excel
https://webcdn.grid-india.in/files/grdw/2026/02/08.01.23_NLDC_PSP_473.xls,2022-23/08.01.23_NLDC_PSP_473.xls,200,250368,8548e0e97b1ae519e07fea1a88abc339db5231d0bc163422e0138b41dda288c8,2026-09-14T14:04:52,08.01.23_NLDC_PSP|08-01-2023|application/vnd.ms-excel
https://webcdn.grid-india.in/files/grdw/2026/02/09.01.23_NLDC_PSP_711.xls,2022-23/09.01.23_NLDC_PSP_711.xls,200,266240,2e15b29b09872610e3c2fc565b81896d4254cc5c57a65a1d5133c7ca823cfeea,2026-09-14T14:04:52,09.01.23_NLDC_PSP|09-01-2023|application/vnd.ms-excel
https://webcdn.grid-india.in/files/grdw/2026/02/10.01.23_NLDC_PSP_574.xls,2022-23/10.01.23_NLDC_PSP_574.xls,200,267264,7cb1ea703f468b8afe45cd2c72ffaf171fbaaad306f86d4af7a980e4f793762e,2026-09-14T14:04:53,10.01.23_NLDC_PSP|10-01-2023|application/vnd.ms-excel
https://webcdn.grid-india.in/files/grdw/2026/02/11.01.23_NLDC_PSP_204.xls,2022-23/11.01.23_NLDC_PSP_204.xls,200,250368,24e0bfbb0f885e437d4c8518b96099067909c45a0e0573b0fd44444b3170604b,2026-09-14T14:04:53,11.01.23_NLDC_PSP|11-01-2023|application/vnd.ms-excel
https://webcdn.grid-india.in/files/grdw/2026/02/12.01.23_NLDC_PSP_865.xls,2022-23/12.01.23_NLDC_PSP_865.xls,200,281600,dbb41c23765724b2f58612e3b610d6512bd3bc0a71f0cca4c2d91a243e1cb3ff,2026-09-14T14:04:54,12.01.23_NLDC_PSP|12-01-2023|application/vnd.ms-excel
https://webcdn.grid-india.in/files/grdw/2026/02/13.01.23_NLDC_PSP_513.xls,2022-23/13.01.23_NLDC_PSP_513.xls,200,250368,797701e6f9b06a71d3042e15b4b152136bca0f55350444498518863069fc6064,2026-09-14T14:04:54,13.01.23_NLDC_PSP|13-01-2023|application/vnd.ms-excel
https://webcdn.grid-india.in/files/grdw/2026/02/14.01.23_NLDC_PSP_728.xls,2022-23/14.01.23_NLDC_PSP_728.xls,200,266240,ee7abe59fc66a228db857be534e242c39ced9b051a7bb55c114471cba714ee0e,2026-09-14T14:04:55,14.01.23_NLDC_PSP|14-01-2023|application/vnd.ms-excel
https://webcdn.grid-india.in/files/grdw/2026/02/15.01.23_NLDC_PSP_165.xls,2022-23/15.01.23_NLDC_PSP_165.xls,200,266752,b8ae870b8549f9f5fe7270098a1ee48a513bb7cd598fdb441091f98980f0c9fd,2026-09-14T14:04:56,15.01.23_NLDC_PSP|15-01-2023|application/vnd.ms-excel
https://webcdn.grid-india.in/files/grdw/2026/02/16.01.23_NLDC_PSP_220.xls,2022-23/16.01.23_NLDC_PSP_220.xls,200,266240,18f0681b0f42b5cde62bfe973cb53093a2f6d47b8713fdd4bc3138697944ebe1,2026-09-14T14:04:56,16.01.23_NLDC_PSP|16-01-2023|application/vnd.ms-excel
https://webcdn.grid-india.in/files/grdw/2026/02/17.01.23_NLDC_PSP_143.xls,2022-23/17.01.23_NLDC_PSP_143.xls,200,266240,5c7e03ee3509404790e936c47f1ba27e25ff7b0aed05aba5b6b60960b8cf57ef,2026-09-14T14:04:57,17.01.23_NLDC_PSP|17-01-2023|application/vnd.ms-excel
https://webcdn.grid-india.in/files/grdw/2026/02/18.01.23_NLDC_PSP_907.xls,2022-23/18.01.23_NLDC_PSP_907.xls,200,266240,339de8d05f44f1bad475241b9febb66241e8ae001f418feb67509e6f66c34a89,2026-09-14T14:04:57,18.01.23_NLDC_PSP|18-01-2023|application/vnd.ms-excel
https://webcdn.grid-india.in/files/grdw/2026/02/19.01.23_NLDC_PSP_446.xls,2022-23/19.01.23_NLDC_PSP_446.xls,200,250368,322c355da0119ec9769990d6a3c0c140e614a4f548d517b14c78103f1222d408,2026-09-14T14:04:58,19.01.23_NLDC_PSP|19-01-2023|application/vnd.ms-excel
https://webcdn.grid-india.in/files/grdw/2026/02/20.01.23_NLDC_PSP_730.xls,2022-23/20.01.23_NLDC_PSP_730.xls,200,250368,d079c300e111c38cb8c16855313067b7add07385258fd7ac3e4036a474d98615,2026-09-14T14:04:58,20.01.23_NLDC_PSP|20-01-2023|application/vnd.ms-excel
https://webcdn.grid-india.in/files/grdw/2026/02/21.01.23_NLDC_PSP_886.xls,2022-23/21.01.23_NLDC_PSP_886.xls,200,250368,1a5a390d71751aa2ae7e670f135e8193c30546157e6ba4f6dd7dbb41e60dad13,2026-09-14T14:04:59,21.01.23_NLDC_PSP|21-01-2023|application/vnd.ms-excel
https://webcdn.grid-india.in/files/grdw/2026/02/22.01.23_NLDC_PSP_836.xls,2022-23/22.01.23_NLDC_PSP_836.xls,200,250368,238b020baf04d719c75ff979be55e84985e3e2ce7437381cb950ec243707d1b5,2026-09-14T14:04:59,22.01.23_NLDC_PSP|22-01-2023|application/vnd.ms-excel
https://webcdn.grid-india.in/files/grdw/2026/02/23.01.23_NLDC_PSP_640.xls,2022-23/23.01.23_NLDC_PSP_640.xls,200,266240,137a689c1dab59b2dc70cad39a62ffda43fe714698e599807569a19bf14149d2,2026-09-14T14:05:00,23.01.23_NLDC_PSP|23-01-2023|application/vnd.ms-excel
https://webcdn.grid-india.in/files/grdw/2026/02/24.01.23_NLDC_PSP_571.xls,2022-23/24.01.23_NLDC_PSP_571.xls,200,266240,b21ea95bc1683830a914e6faec7493aa19515790caad442e32c2f12eee71bf32,2026-09-14T14:05:00,24.01.23_NLDC_PSP|24-01-2023|application/vnd.ms-excel
https://webcdn.grid-india.in/files/grdw/2026/02/25.01.23_NLDC_PSP_896.xls,2022-23/25.01.23_NLDC_PSP_896.xls,200,266240,8b81b44690bfb67d72d53ae2ad45e1f49ac6c0a1505e8ed2ddc4c418ec264a28,2026-09-14T14:05:01,25.01.23_NLDC_PSP|25-01-2023|application/vnd.ms-excel
https://webcdn.grid-india.in/files/grdw/2026/02/26.01.23_NLDC_PSP_542.xls,2022-23/26.01.23_NLDC_PSP_542.xls,200,250368,3b2b2106d752f0f7f887ab331298cd2ad911886192f7205cf9e2542cb4049115,2026-09-14T14:05:01,26.01.23_NLDC_PSP|26-01-2023|application/vnd.ms-excel
https://webcdn.grid-india.in/files/grdw/2026/02/27.01.23_NLDC_PSP_570.xls,2022-23/27.01.23_NLDC_PSP_570.xls,200,265728,095508e4be1b7bea73f8f4762e3f21188f897bb06039969c76f5b53a3ac6615e,2026-09-14T14:05:02,27.01.23_NLDC_PSP|27-01-2023|application/vnd.ms-excel
https://webcdn.grid-india.in/files/grdw/2026/02/28.01.23_NLDC_PSP_471.xls,2022-23/28.01.23_NLDC_PSP_471.xls,200,265728,baee50adf9fbed6cbc773172a5a9a603f627a1752786d817bae5377ef30cb289,2026-09-14T14:05:02,28.01.23_NLDC_PSP|28-01-2023|application/vnd.ms-excel
https://webcdn.grid-india.in/files/grdw/2026/02/29.01.23_NLDC_PSP_514.xls,2022-23/29.01.23_NLDC_PSP_514.xls,200,265728,8379b4d78fcf5923a9c0b0bf96d10da16342f09ed34618d5f1f74bf7e9cd1f61,2026-09-14T14:05:03,29.01.23_NLDC_PSP|29-01-2023|application/vnd.ms-excel
https://webcdn.grid-india.in/files/grdw/2026/02/30.01.23_NLDC_PSP_253.xls,2022-23/30.01.23_NLDC_PSP_253.xls,200,294400,0b332789f065d92553c7253c096762c648c6730f0c4ddc97a8d73d38e94207cd,2026-09-14T14:05:03,30.01.23_NLDC_PSP|30-01-2023|application/vnd.ms-excel
https://webcdn.grid-india.in/files/grdw/2026/02/31.01.23_NLDC_PSP_289.xls,2022-23/31.01.23_NLDC_PSP_289.xls,200,280064,8e8f918c4af8ac5cff69b454500e94eaa84849b8b7244c27a9e15e5f1ef5be1b,2026-09-14T14:05:04,31.01.23_NLDC_PSP|31-01-2023|application/vnd.ms-excel
https://webcdn.grid-india.in/files/grdw/2026/02/01.02.23_NLDC_PSP_979.xls,2022-23/01.02.23_NLDC_PSP_979.xls,200,266240,d69a2c87b9d836420173f93e9a9558293003cb87cbcaa0824b2cbd279fdc8a47,2026-09-14T14:05:05,01.02.23_NLDC_PSP|01-02-2023|application/vnd.ms-excel
https://webcdn.grid-india.in/files/grdw/2026/02/02.02.23_NLDC_PSP_848.xls,2022-23/02.02.23_NLDC_PSP_848.xls,200,250368,c7731e46479ad85db602a7305f188aff48612787c47b5600da6ba1f3425b12ad,2026-09-14T14:05:05,02.02.23_NLDC_PSP|02-02-2023|application/vnd.ms-excel
https://webcdn.grid-india.in/files/grdw/2026/02/03.02.23_NLDC_PSP_460.xls,2022-23/03.02.23_NLDC_PSP_460.xls,200,265728,c305654de60f3f19bc65a2a339c147976abdfe8f4f6ec1027d39974b53ea4e5c,2026-09-14T14:05:06,03.02.23_NLDC_PSP|03-02-2023|application/vnd.ms-excel
https://webcdn.grid-india.in/files/grdw/2026/02/04.02.23_NLDC_PSP_851.xls,2022-23/04.02.23_NLDC_PSP_851.xls,200,250368,7b7f5cee4ae479d1f29c69795a4f0f94aae5e3f8b51af32f259c758fc1ecbf46,2026-09-14T14:05:06,04.02.23_NLDC_PSP|04-02-2023|application/vnd.ms-excel
https://webcdn.grid-india.in/files/grdw/2026/02/05.02.23_NLDC_PSP_160.xls,2022-23/05.02.23_NLDC_PSP_160.xls,200,280064,151725613268c0f2c9e8b5cbe267449af4283f12b8a45453a9987b40e65ed2bb,2026-09-14T14:05:07,05.02.23_NLDC_PSP|05-02-2023|application/vnd.ms-excel
https://webcdn.grid-india.in/files/grdw/2026/02/06.02.23_NLDC_PSP_201.xls,2022-23/06.02.23_NLDC_PSP_201.xls,200,280064,59daed3cbc51a7687efc7b7da5cb393db830737255bd86d5ed8979315c3f5bc2,2026-09-14T14:05:07,06.02.23_NLDC_PSP|06-02-2023|application/vnd.ms-excel
https://webcdn.grid-india.in/files/grdw/2026/02/07.02.23_NLDC_PSP_794.xls,2022-23/07.02.23_NLDC_PSP_794.xls,200,250368,5c1a26993c94bf61384ecd9d7a427a0cc3025f5da750a5a2c4aeabe197c11333,2026-09-14T14:05:08,07.02.23_NLDC_PSP|07-02-2023|application/vnd.ms-excel
https://webcdn.grid-india.in/files/grdw/2026/02/08.02.23_NLDC_PSP_834.xls,2022-23/08.02.23_NLDC_PSP_834.xls,200,266240,d9c68fcf75f6e42af8fa68ce985cd5fc24d21b676691423d8f4ede64f3aa098b,2026-09-14T14:05:08,08.02.23_NLDC_PSP|08-02-2023|application/vnd.ms-excel
https://webcdn.grid-india.in/files/grdw/2026/02/09.02.23_NLDC_PSP_454.xls,2022-23/09.02.23_NLDC_PSP_454.xls,200,280064,9e2fda920e641786b33c1207aa4dd2813707df07974a9bf66dad86c2e2274dcf,2026-09-14T14:05:09,09.02.23_NLDC_PSP|09-02-2023|application/vnd.ms-excel
https://webcdn.grid-india.in/files/grdw/2026/02/10.02.23_NLDC_PSP_846.xls,2022-23/10.02.23_NLDC_PSP_846.xls,200,266752,d278c80d7239d37540069271326c7c773264c358c42ce61fd93ddbdbcd2e524e,2026-09-14T14:05:09,10.02.23_NLDC_PSP|10-02-2023|application/vnd.ms-excel
https://webcdn.grid-india.in/files/grdw/2026/02/11.02.23_NLDC_PSP_427.xls,2022-23/11.02.23_NLDC_PSP_427.xls,200,250368,75ccb6237a65bccd0f9ffa5c76b117cbee3c69666141121c302740602bde09e4,2026-09-14T14:05:10,11.02.23_NLDC_PSP|11-02-2023|application/vnd.ms-excel
https://webcdn.grid-india.in/files/grdw/2026/02/12.02.23_NLDC_PSP_129.xls,2022-23/12.02.23_NLDC_PSP_129.xls,200,250368,526e40bb71ff6179c8b63b64756907c090f3cdc85f2de0f8d8ef4812d81b1cf5,2026-09-14T14:05:10,12.02.23_NLDC_PSP|12-02-2023|application/vnd.ms-excel
https://webcdn.grid-india.in/files/grdw/2026/02/13.02.23_NLDC_PSP_727.xls,2022-23/13.02.23_NLDC_PSP_727.xls,200,250368,97404e93d34cb41a47638b2249edd63e9be2fee8737c4d455f9f4ab32e71b787,2026-09-14T14:05:11,13.02.23_NLDC_PSP|13-02-2023|application/vnd.ms-excel
https://webcdn.grid-india.in/files/grdw/2026/02/14.02.23_NLDC_PSP_796.xls,2022-23/14.02.23_NLDC_PSP_796.xls,200,250368,4b44a2292d211454cbe05bbc37703856e6977844d3c8a92b9ebd23b364b3fd52,2026-09-14T14:05:11,14.02.23_NLDC_PSP|14-02-2023|application/vnd.ms-excel
https://webcdn.grid-india.in/files/grdw/2026/02/15.02.23_NLDC_PSP_332.xls,2022-23/15.02.23_NLDC_PSP_332.xls,200,267264,aad26a98b9e7551a5018466536d4756b3545ff8746076fe15025bcec404de86e,2026-09-14T14:05:12,15.02.23_NLDC_PSP|15-02-2023|application/vnd.ms-excel
https://webcdn.grid-india.in/files/grdw/2026/02/16.02.23_NLDC_PSP_108.xls,2022-23/16.02.23_NLDC_PSP_108.xls,200,266240,cf37f0aebceee0f05098117528d5c4e0a3f887f5989f577c3b04fbb233b939f1,2026-09-14T14:05:12,16.02.23_NLDC_PSP|16-02-2023|application/vnd.ms-excel
https://webcdn.grid-india.in/files/grdw/2026/02/17.02.23_NLDC_PSP_291.xls,2022-23/17.02.23_NLDC_PSP_291.xls,200,250368,635b6c8ea0b08df86bea93c16ac5c2defca5797dc9bd3c99ed0c6ff4b451f519,2026-09-14T14:05:13,17.02.23_NLDC_PSP|17-02-2023|application/vnd.ms-excel
https://webcdn.grid-india.in/files/grdw/2026/02/18.02.23_NLDC_PSP_570.xls,2022-23/18.02.23_NLDC_PSP_570.xls,200,250368,b9cc93c6ff97f7f7b942bbc1db8a85b956f01b1975114ec9f3620ae5f9e3d33f,2026-09-14T14:05:13,18.02.23_NLDC_PSP|18-02-2023|application/vnd.ms-excel
https://webcdn.grid-india.in/files/grdw/2026/02/19.02.23_NLDC_PSP_150.pdf,2022-23/19.02.23_NLDC_PSP_150.pdf,200,327456,cfb82e67e4fb6810bc6de38d388c65520ee66f64c39861c1b720edb6ccb6c11a,2026-09-14T14:05:14,19.02.23_NLDC_PSP|19-02-2023|application/pdf
https://webcdn.grid-india.in/files/grdw/2026/02/20.02.23_NLDC_PSP_603.xls,2022-23/20.02.23_NLDC_PSP_603.xls,200,250368,3f37775c5f77c1acfe7bb13c81aeac64223d703249430fe8aaf8d3144ca00b43,2026-09-14T14:05:14,20.02.23_NLDC_PSP|20-02-2023|application/vnd.ms-excel
https://webcdn.grid-india.in/files/grdw/2026/02/21.02.23_NLDC_PSP_992.xls,2022-23/21.02.23_NLDC_PSP_992.xls,200,251904,5f886f871a16be7710a4fc2eeb359b7574c8274e81dc09c9d23547f3877bfa48,2026-09-14T14:05:15,21.02.23_NLDC_PSP|21-02-2023|application/vnd.ms-excel
https://webcdn.grid-india.in/files/grdw/2026/02/22.02.23_NLDC_PSP_906.xls,2022-23/22.02.23_NLDC_PSP_906.xls,200,251904,e17b86b3cf77cef4d03101b8135366ebb16359fb0572def64159eda45383a386,2026-09-14T14:05:15,22.02.23_NLDC_PSP|22-02-2023|application/vnd.ms-excel
https://webcdn.grid-india.in/files/grdw/2026/02/23.02.23_NLDC_PSP_999.xls,2022-23/23.02.23_NLDC_PSP_999.xls,200,250368,9ba94e73ceba4e626ec12f2beb7dbaa931936c6b54ce6e9fbce1778b59abbbc7,2026-09-14T14:05:16,23.02.23_NLDC_PSP|23-02-2023|application/vnd.ms-excel
https://webcdn.grid-india.in/files/grdw/2026/02/24.02.23_NLDC_PSP_469.xls,2022-23/24.02.23_NLDC_PSP_469.xls,200,268800,97bad47cd5e0bb08dce1cf7c327863fb072f6a3e7fd0fe126567d85b936f0720,2026-09-14T14:05:16,24.02.23_NLDC_PSP|24-02-2023|application/vnd.ms-excel
https://webcdn.grid-india.in/files/grdw/2026/02/25.02.23_NLDC_PSP_668.xls,2022-23/25.02.23_NLDC_PSP_668.xls,200,266240,39df1d7586a123bb102f52532a7b976b04ab3af4d086ed4464a442072ceab298,2026-09-14T14:05:17,25.02.23_NLDC_PSP|25-02-2023|application/vnd.ms-excel
https://webcdn.grid-india.in/files/grdw/2026/02/26.02.23_NLDC_PSP_868.xls,2022-23/26.02.23_NLDC_PSP_868.xls,200,269312,fa49f797b196b24afbd023617ae2626097d3c3508d8c30ced96ab98a40d3c387,2026-09-14T14:05:17,26.02.23_NLDC_PSP|26-02-2023|application/vnd.ms-excel
https://webcdn.grid-india.in/files/grdw/2026/02/27.02.23_NLDC_PSP_312.xls,2022-23/27.02.23_NLDC_PSP_312.xls,200,266240,2208e7f8272c3d592711ebcccda16f252ca4f315b9b0b962277f6724fde35cd1,2026-09-14T14:05:18,27.02.23_NLDC_PSP|27-02-2023|application/vnd.ms-excel
https://webcdn.grid-india.in/files/grdw/2026/02/28.02.23_NLDC_PSP_506.xls,2022-23/28.02.23_NLDC_PSP_506.xls,200,250368,3659401f6bd849e5aaeaf8b8fc73c14cdae6e57ce5d541219cd2ed09edb23418,2026-09-14T14:05:18,28.02.23_NLDC_PSP|28-02-2023|application/vnd.ms-excel
https://webcdn.grid-india.in/files/grdw/2026/02/01.03.23_NLDC_PSP_308.xls,2022-23/01.03.23_NLDC_PSP_308.xls,200,250368,dd4f4d5e580a5332d655d3823320c0eed0dd47c1e8d3c4c6c1279cb7e28c2b70,2026-09-14T14:05:19,01.03.23_NLDC_PSP|01-03-2023|application/vnd.ms-excel
https://webcdn.grid-india.in/files/grdw/2026/02/02.03.23_NLDC_PSP_302.xls,2022-23/02.03.23_NLDC_PSP_302.xls,200,250368,59210af712d127e5185d404761b27f7cd75b02db3c152071c0a0fb3d34cf0a01,2026-09-14T14:05:20,02.03.23_NLDC_PSP|02-03-2023|application/vnd.ms-excel
https://webcdn.grid-india.in/files/grdw/2026/02/03.03.23_NLDC_PSP_372.xls,2022-23/03.03.23_NLDC_PSP_372.xls,200,266752,fb16273c978d9367ff3c76898279300430d31845c18161f109bf4ba376eb3159,2026-09-14T14:05:20,03.03.23_NLDC_PSP|03-03-2023|application/vnd.ms-excel
https://webcdn.grid-india.in/files/grdw/2026/02/04.03.23_NLDC_PSP_991.xls,2022-23/04.03.23_NLDC_PSP_991.xls,200,250368,158e997e9d7d80e48db0c9ddb92bb52249953fabb3a7ead39adb6d525d216adf,2026-09-14T14:05:21,04.03.23_NLDC_PSP|04-03-2023|application/vnd.ms-excel
https://webcdn.grid-india.in/files/grdw/2026/02/05.03.23_NLDC_PSP_868.xls,2022-23/05.03.23_NLDC_PSP_868.xls,200,250368,4856cce5b744a9a1aabc43c5acbe860de7bd1276f46ee8b31247c435f2d3dbb0,2026-09-14T14:05:21,05.03.23_NLDC_PSP|05-03-2023|application/vnd.ms-excel
https://webcdn.grid-india.in/files/grdw/2026/02/06.03.23_NLDC_PSP_501.xls,2022-23/06.03.23_NLDC_PSP_501.xls,200,250368,b985d6bc2b4b931be4ccde1047b39522b521d20c79e21cecf4107f57826a8763,2026-09-14T14:05:22,06.03.23_NLDC_PSP|06-03-2023|application/vnd.ms-excel
https://webcdn.grid-india.in/files/grdw/2026/02/07.03.23_NLDC_PSP_388.xls,2022-23/07.03.23_NLDC_PSP_388.xls,200,250368,30c551f12ad602bfd7151346ba19a0941adc4f49a3b610c10d8095547eb8e590,2026-09-14T14:05:22,07.03.23_NLDC_PSP|07-03-2023|application/vnd.ms-excel
https://webcdn.grid-india.in/files/grdw/2026/02/08.03.23_NLDC_PSP_716.xls,2022-23/08.03.23_NLDC_PSP_716.xls,200,266752,d6d86f66279eb3c538db40b33243934db6d008ab6288e5bdb3d51316172346b3,2026-09-14T14:05:23,08.03.23_NLDC_PSP|08-03-2023|application/vnd.ms-excel
https://webcdn.grid-india.in/files/grdw/2026/02/09.03.23_NLDC_PSP_558.xls,2022-23/09.03.23_NLDC_PSP_558.xls,200,250368,ef47771ded1fb7f7cf639640e17ce58f5f36e293e985b46293c52c2f492d2c58,2026-09-14T14:05:23,09.03.23_NLDC_PSP|09-03-2023|application/vnd.ms-excel
https://webcdn.grid-india.in/files/grdw/2026/02/10.03.23_NLDC_PSP_331.xls,2022-23/10.03.23_NLDC_PSP_331.xls,200,250368,1ec9c889e172488c58cf48e9c0fcb9a5be5a853cd11e8498c09d2e8767da5f00,2026-09-14T14:05:24,10.03.23_NLDC_PSP|10-03-2023|application/vnd.ms-excel
https://webcdn.grid-india.in/files/grdw/2026/02/11.03.23_NLDC_PSP_158.xls,2022-23/11.03.23_NLDC_PSP_158.xls,200,250368,c475b710b50aad5e4347ac0ed4aef8977a766d30d41487224872b69d9bbeda84,2026-09-14T14:05:25,11.03.23_NLDC_PSP|11-03-2023|application/vnd.ms-excel
https://webcdn.grid-india.in/files/grdw/2026/02/12.03.23_NLDC_PSP_587.xls,2022-23/12.03.23_NLDC_PSP_587.xls,200,266240,8097ab2852609ef13da3df8c999c6c3187fbf18d51ddfbe40d7717363a415823,2026-09-14T14:05:25,12.03.23_NLDC_PSP|12-03-2023|application/vnd.ms-excel
https://webcdn.grid-india.in/files/grdw/2026/02/13.03.23_NLDC_PSP_118.xls,2022-23/13.03.23_NLDC_PSP_118.xls,200,266752,2efbe1d6a6bfb34f9a21f0616d6b0d50e6686426ec276382ffd3e7fce4d8deb8,2026-09-14T14:05:25,13.03.23_NLDC_PSP|13-03-2023|application/vnd.ms-excel
https://webcdn.grid-india.in/files/grdw/2026/02/14.03.23_NLDC_PSP_784.xls,2022-23/14.03.23_NLDC_PSP_784.xls,200,267264,161e0918122a0bca04d15aee1a64b3d37baca4ce228f818d435bec8fa8f83ba4,2026-09-14T14:05:26,14.03.23_NLDC_PSP|14-03-2023|application/vnd.ms-excel
https://webcdn.grid-india.in/files/grdw/2026/02/15.03.23_NLDC_PSP_946.xls,2022-23/15.03.23_NLDC_PSP_946.xls,200,267264,c3063857445a7ff6554a3c24eb7c36ed709a68412ce8de0b64fae63222fa0133,2026-09-14T14:05:27,15.03.23_NLDC_PSP|15-03-2023|application/vnd.ms-excel
https://webcdn.grid-india.in/files/grdw/2026/02/16.03.23_NLDC_PSP_452.xls,2022-23/16.03.23_NLDC_PSP_452.xls,200,267264,6d4b148dca9a233ffb3ff412d1bd2c93aec7a6f580d1fbed23ef854159dc407e,2026-09-14T14:05:27,16.03.23_NLDC_PSP|16-03-2023|application/vnd.ms-excel
https://webcdn.grid-india.in/files/grdw/2026/02/17.03.23_NLDC_PSP_675.xls,2022-23/17.03.23_NLDC_PSP_675.xls,200,266752,23382a50fa24e37dd30eb5d2f17b403b9405129c6f7db0fbcfae8bd226974132,2026-09-14T14:05:28,17.03.23_NLDC_PSP|17-03-2023|application/vnd.ms-excel
https://webcdn.grid-india.in/files/grdw/2026/02/18.03.23_NLDC_PSP_100.xls,2022-23/18.03.23_NLDC_PSP_100.xls,200,294912,8c3dccdc1ca02c4527324b70f567af5f09e8283626d9584187f6dc3462b7ec80,2026-09-14T14:05:28,18.03.23_NLDC_PSP|18-03-2023|application/vnd.ms-excel
https://webcdn.grid-india.in/files/grdw/2026/02/19.03.23_NLDC_PSP_461.xls,2022-23/19.03.23_NLDC_PSP_461.xls,200,294912,704a91ab7701fdf7e625d87f7ee90b7a398ccbe15fb22767b0d6fc834f1bbf69,2026-09-14T14:05:28,19.03.23_NLDC_PSP|19-03-2023|application/vnd.ms-excel
https://webcdn.grid-india.in/files/grdw/2026/02/20.03.23_NLDC_PSP_519.xls,2022-23/20.03.23_NLDC_PSP_519.xls,200,266752,f3f975154df8ba107d561e2465d7e07adeaadc14b75aabd83fdf04419d65e1f3,2026-09-14T14:05:29,20.03.23_NLDC_PSP|20-03-2023|application/vnd.ms-excel
https://webcdn.grid-india.in/files/grdw/2026/02/21.03.23_NLDC_PSP_737.pdf,2022-23/21.03.23_NLDC_PSP_737.pdf,200,329798,9f436d131a27872a9be7101bfd418997671dc35f91b9b35fc431e7d27fe9677a,2026-09-14T14:05:30,21.03.23_NLDC_PSP|21-03-2023|application/pdf
https://webcdn.grid-india.in/files/grdw/2026/02/22.03.23_NLDC_PSP_351.xls,2022-23/22.03.23_NLDC_PSP_351.xls,200,266752,ad3bc8d2eccd3b9f6b1bba1ce4c9e0771b7650c28ed91defcd443b88c4119e5e,2026-09-14T14:05:30,22.03.23_NLDC_PSP|22-03-2023|application/vnd.ms-excel
https://webcdn.grid-india.in/files/grdw/2026/02/23.03.23_NLDC_PSP_226.xls,2022-23/23.03.23_NLDC_PSP_226.xls,200,250880,25c0752dbc25d871d3f4eaa0d9fb15b4b58d84c258c59b3bd882a51c015cd2ff,2026-09-14T14:05:31,23.03.23_NLDC_PSP|23-03-2023|application/vnd.ms-excel
https://webcdn.grid-india.in/files/grdw/2026/02/24.03.23_NLDC_PSP_967.xls,2022-23/24.03.23_NLDC_PSP_967.xls,200,266752,e9f4191dd479bf54a4d73388a937675a624253a19a655e490725c9674a1922f9,2026-09-14T14:05:31,24.03.23_NLDC_PSP|24-03-2023|application/vnd.ms-excel
https://webcdn.grid-india.in/files/grdw/2026/02/25.03.23_NLDC_PSP_183.xls,2022-23/25.03.23_NLDC_PSP_183.xls,200,266752,fea3f8fb83d5be70aa11dfe6a8f6d2c6408ed0fa5d6a37a0f87f5f777a3c3669,2026-09-14T14:05:32,25.03.23_NLDC_PSP|25-03-2023|application/vnd.ms-excel
https://webcdn.grid-india.in/files/grdw/2026/02/26.03.23_NLDC_PSP_512.xls,2022-23/26.03.23_NLDC_PSP_512.xls,200,266752,97ba60e809b90c9ca7bc3de56aadcf731486020329b584d3d3677e274e5b608b,2026-09-14T14:05:32,26.03.23_NLDC_PSP|26-03-2023|application/vnd.ms-excel
https://webcdn.grid-india.in/files/grdw/2026/02/27.03.23_NLDC_PSP_778.xls,2022-23/27.03.23_NLDC_PSP_778.xls,200,250880,5225c140432503783963492e502cfa6215454eecd093a77eb796f73b54da4704,2026-09-14T14:05:33,27.03.23_NLDC_PSP|27-03-2023|application/vnd.ms-excel
https://webcdn.grid-india.in/files/grdw/2026/02/28.03.23_NLDC_PSP_792.xls,2022-23/28.03.23_NLDC_PSP_792.xls,200,266752,b91194d5581eb2ffa52146867e5f9f1f92167403089d0fade089904b7c9a6625,2026-09-14T14:05:33,28.03.23_NLDC_PSP|28-03-2023|application/vnd.ms-excel
https://webcdn.grid-india.in/files/grdw/2026/02/29.03.23_NLDC_PSP_369.xls,2022-23/29.03.23_NLDC_PSP_369.xls,200,266752,a2601b2d55a255d71d7c0e2cb3b1711cee7d7404a68ac6f6e37809688665e328,2026-09-14T14:05:34,29.03.23_NLDC_PSP|29-03-2023|application/vnd.ms-excel
https://webcdn.grid-india.in/files/grdw/2026/02/30.03.23_NLDC_PSP_263.xls,2022-23/30.03.23_NLDC_PSP_263.xls,200,266752,0935267f75793d71b90361f0209d8eebef7eb45cfb98882aef7d441e2e3f16d2,2026-09-14T14:05:34,30.03.23_NLDC_PSP|30-03-2023|application/vnd.ms-excel
https://webcdn.grid-india.in/files/grdw/2026/02/31.03.23_NLDC_PSP_836.xls,2022-23/31.03.23_NLDC_PSP_836.xls,200,267776,ff3ebc5c7fc1bda3eff22967595fa41c28682fc738787be59d0e16e9cc116449,2026-09-14T14:05:35,31.03.23_NLDC_PSP|31-03-2023|application/vnd.ms-excel
https://webcdn.grid-india.in/files/grdw/uploads/daily-reports/psp-reports/2023-2024/01.04.23_NLDC_PSP.xls,2023-24/01.04.23_NLDC_PSP.xls,200,250880,7c0c566915cef649f52baa5fc0b24f2958d2d81abed529b408b1666442b5b828,2026-09-14T14:05:36,01.04.23_NLDC_PSP|01-04-2023|attachment/xls
https://webcdn.grid-india.in/files/grdw/uploads/daily-reports/psp-reports/2023-2024/02.04.23_NLDC_PSP.xls,2023-24/02.04.23_NLDC_PSP.xls,200,250880,d7a0225545ea49beae7defa34d3f4ad6d9eabfbe63e1e39b5b41c006fe332b40,2026-09-14T14:05:36,02.04.23_NLDC_PSP|02-04-2023|attachment/xls
https://webcdn.grid-india.in/files/grdw/uploads/daily-reports/psp-reports/2023-2024/03.04.23_NLDC_PSP.xls,2023-24/03.04.23_NLDC_PSP.xls,200,266752,df8256bac240c647045b3bb5603ec8118c4e34e195aee86898120a09f41c8aa5,2026-09-14T14:05:37,03.04.23_NLDC_PSP|03-04-2023|attachment/xls
https://webcdn.grid-india.in/files/grdw/uploads/daily-reports/psp-reports/2023-2024/04.04.23_NLDC_PSP.xls,2023-24/04.04.23_NLDC_PSP.xls,200,250880,97659bac772c64d250de51f6a825718e27d8c2f50126fe36fb670b0a7f3879d2,2026-09-14T14:05:37,04.04.23_NLDC_PSP|04-04-2023|attachment/xls
https://webcdn.grid-india.in/files/grdw/uploads/daily-reports/psp-reports/2023-2024/05.04.23_NLDC_PSP.xls,2023-24/05.04.23_NLDC_PSP.xls,200,250880,d6d791fff5baa418fa4d3b2309908b1792568d2302e4d0ef08a4c01f4851f948,2026-09-14T14:05:38,05.04.23_NLDC_PSP|05-04-2023|attachment/xls
https://webcdn.grid-india.in/files/grdw/uploads/daily-reports/psp-reports/2023-2024/06.04.23_NLDC_PSP.xls,2023-24/06.04.23_NLDC_PSP.xls,200,250880,ef8aacfb10cf08cc38f225148a930b30305c47144b063211f32b4b93a6232500,2026-09-14T14:05:38,06.04.23_NLDC_PSP|06-04-2023|attachment/xls
https://webcdn.grid-india.in/files/grdw/uploads/daily-reports/psp-reports/2023-2024/07.04.23_NLDC_PSP.xls,2023-24/07.04.23_NLDC_PSP.xls,200,266752,0fbc3a8d19f2ff972149988163e664a43dd5c9629cf7d6db0f27934bba0708e0,2026-09-14T14:05:39,07.04.23_NLDC_PSP|07-04-2023|attachment/xls
https://webcdn.grid-india.in/files/grdw/uploads/daily-reports/psp-reports/2023-2024/08.04.23_NLDC_PSP.xls,2023-24/08.04.23_NLDC_PSP.xls,200,266752,6f12356c7de5d05108f9c981a24bb309a99ff0329a931a48a87adbe0cc9fd31a,2026-09-14T14:05:39,08.04.23_NLDC_PSP|08-04-2023|attachment/xls
https://webcdn.grid-india.in/files/grdw/uploads/daily-reports/psp-reports/2023-2024/09.04.23_NLDC_PSP.xls,2023-24/09.04.23_NLDC_PSP.xls,200,280576,eb600558e159bffb365c14243e80f395c8608a4c7c6753bc8cf36acfb8e65e57,2026-09-14T14:05:40,09.04.23_NLDC_PSP|09-04-2023|attachment/xls
https://webcdn.grid-india.in/files/grdw/uploads/daily-reports/psp-reports/2023-2024/10.04.23_NLDC_PSP.xls,2023-24/10.04.23_NLDC_PSP.xls,200,280576,d767094da7a745950277b198373ea9a3de47ec2079671a4829310678a7030215,2026-09-14T14:05:40,10.04.23_NLDC_PSP|10-04-2023|attachment/xls
https://webcdn.grid-india.in/files/grdw/uploads/daily-reports/psp-reports/2023-2024/11.04.23_NLDC_PSP.xls,2023-24/11.04.23_NLDC_PSP.xls,200,266752,71aa02a03e18a4477da9b7583b59337104d76965cac05c1ace1779349dc90cfe,2026-09-14T14:05:41,11.04.23_NLDC_PSP|11-04-2023|attachment/xls
https://webcdn.grid-india.in/files/grdw/uploads/daily-reports/psp-reports/2023-2024/12.04.23_NLDC_PSP.xls,2023-24/12.04.23_NLDC_PSP.xls,200,266752,e758763aa4fc397456464c2bec1ba8b4ee6c778d9c6f0f4c5ab47432467bf506,2026-09-14T14:05:41,12.04.23_NLDC_PSP|12-04-2023|attachment/xls
https://webcdn.grid-india.in/files/grdw/uploads/daily-reports/psp-reports/2023-2024/13.04.23_NLDC_PSP.xls,2023-24/13.04.23_NLDC_PSP.xls,200,269312,765e2814f5c7341e0ef28bd17b77844aa98a0cc76e7e2ad5b25ec1bcc97e8975,2026-09-14T14:05:42,13.04.23_NLDC_PSP|13-04-2023|attachment/xls
https://webcdn.grid-india.in/files/grdw/uploads/daily-reports/psp-reports/2023-2024/14.04.23_NLDC_PSP.xls,2023-24/14.04.23_NLDC_PSP.xls,200,250880,f6a2a4410ae3b2c4aff92ff072b83a9859c31e1da6eba12ff5edccf9f24e724f,2026-09-14T14:05:42,14.04.23_NLDC_PSP|14-04-2023|attachment/xls
https://webcdn.grid-india.in/files/grdw/uploads/daily-reports/psp-reports/2023-2024/15.04.23_NLDC_PSP.xls,2023-24/15.04.23_NLDC_PSP.xls,200,267264,73b953f2f7fcf52dab6f4cc7c4b6fcd9ac52f5eb8126e628937c5b723a115c14,2026-09-14T14:05:43,15.04.23_NLDC_PSP|15-04-2023|attachment/xls
https://webcdn.grid-india.in/files/grdw/uploads/daily-reports/psp-reports/2023-2024/16.04.23_NLDC_PSP.xlsx,2023-24/16.04.23_NLDC_PSP.xlsx,200,113731,cc64c046e2036a6f16b1681be01cf08f99b41d2c8b378e056860a1c88d05e334,2026-09-14T14:05:43,16.04.23_NLDC_PSP|16-04-2023|attachment/xlsx
https://webcdn.grid-india.in/files/grdw/uploads/daily-reports/psp-reports/2023-2024/17.04.23_NLDC_PSP.xlsx,2023-24/17.04.23_NLDC_PSP.xlsx,200,113022,2da3e96a7176172c52ccb6bd64a1da8db1a786870b0454ff3d05ef0444f8fdfe,2026-09-14T14:05:44,17.04.23_NLDC_PSP|17-04-2023|attachment/xlsx
https://webcdn.grid-india.in/files/grdw/uploads/daily-reports/psp-reports/2023-2024/18.04.23_NLDC_PSP.xlsx,2023-24/18.04.23_NLDC_PSP.xlsx,200,113134,93b25a28af21d36c78344590cea3809093b374e579684d0e2faea73f73d42525,2026-09-14T14:05:44,18.04.23_NLDC_PSP|18-04-2023|attachment/xlsx
https://webcdn.grid-india.in/files/grdw/uploads/daily-reports/psp-reports/2023-2024/19.04.23_NLDC_PSP.xlsx,2023-24/19.04.23_NLDC_PSP.xlsx,200,112981,ab50c517b45ec49573a3eeeb3101884bf7c8910985dd39f117026c63a3b3b713,2026-09-14T14:05:45,19.04.23_NLDC_PSP|19-04-2023|attachment/xlsx
https://webcdn.grid-india.in/files/grdw/uploads/daily-reports/psp-reports/2023-2024/20.04.23_NLDC_PSP.xlsx,2023-24/20.04.23_NLDC_PSP.xlsx,200,115182,eb190d64faa4981165b25a80ade82e36954694282d1f2cd992573ad8a6ea9a59,2026-09-14T14:05:45,20.04.23_NLDC_PSP|20-04-2023|attachment/xlsx
https://webcdn.grid-india.in/files/grdw/uploads/daily-reports/psp-reports/2023-2024/21.04.23_NLDC_PSP.xlsx,2023-24/21.04.23_NLDC_PSP.xlsx,200,112900,ef4dc0f067caf2012c97eec7009714c0df4e29dfea49b256476558168c4acbae,2026-09-14T14:05:46,21.04.23_NLDC_PSP|21-04-2023|attachment/xlsx
https://webcdn.grid-india.in/files/grdw/uploads/daily-reports/psp-reports/2023-2024/22.04.23_NLDC_PSP.xlsx,2023-24/22.04.23_NLDC_PSP.xlsx,200,112891,5ad49630e706cf58c1e210cb12d1d51b964bb3010696a6001b407ebe32065748,2026-09-14T14:05:46,22.04.23_NLDC_PSP|22-04-2023|attachment/xlsx
https://webcdn.grid-india.in/files/grdw/uploads/daily-reports/psp-reports/2023-2024/23.04.23_NLDC_PSP.xlsx,2023-24/23.04.23_NLDC_PSP.xlsx,200,112997,803f68bd38c7def2d82b6f3fecb18b96a8e5d23b98462d4e332ff99f349b359d,2026-09-14T14:05:47,23.04.23_NLDC_PSP|23-04-2023|attachment/xlsx
https://webcdn.grid-india.in/files/grdw/uploads/daily-reports/psp-reports/2023-2024/24.04.23_NLDC_PSP.xlsx,2023-24/24.04.23_NLDC_PSP.xlsx,200,112919,8b366a9e0b466aec1c19895decccfc2299b156263c205ee4f76c7e1411c9332e,2026-09-14T14:05:47,24.04.23_NLDC_PSP|24-04-2023|attachment/xlsx
https://webcdn.grid-india.in/files/grdw/uploads/daily-reports/psp-reports/2023-2024/25.04.23_NLDC_PSP.xlsx,2023-24/25.04.23_NLDC_PSP.xlsx,200,113028,12ba2ed26a1649b5ea54a6de55900590c3a7a0f6f8e616b206aad9ea4b2f205a,2026-09-14T14:05:48,25.04.23_NLDC_PSP|25-04-2023|attachment/xlsx
https://webcdn.grid-india.in/files/grdw/uploads/daily-reports/psp-reports/2023-2024/26.04.23_NLDC_PSP.xlsx,2023-24/26.04.23_NLDC_PSP.xlsx,200,112991,647e309882f8ed37feabcec1e1ef2962458d40fc4a1a19ca1b873840a01a3e68,2026-09-14T14:05:48,26.04.23_NLDC_PSP|26-04-2023|attachment/xlsx
https://webcdn.grid-india.in/files/grdw/uploads/daily-reports/psp-reports/2023-2024/27.04.23_NLDC_PSP.xlsx,2023-24/27.04.23_NLDC_PSP.xlsx,200,113848,5c99d0aca50ee4a71558b88a680c073312ef7b3392de701007a4e3a3fb1695f0,2026-09-14T14:05:49,27.04.23_NLDC_PSP|27-04-2023|attachment/xlsx
https://webcdn.grid-india.in/files/grdw/uploads/daily-reports/psp-reports/2023-2024/28.04.23_NLDC_PSP.xlsx,2023-24/28.04.23_NLDC_PSP.xlsx,200,112961,c58a7602bc9238c50a8b19f4de5e487751f626bff0555fd3b481f23ff3b8a853,2026-09-14T14:05:49,28.04.23_NLDC_PSP|28-04-2023|attachment/xlsx
https://webcdn.grid-india.in/files/grdw/uploads/daily-reports/psp-reports/2023-2024/29.04.23_NLDC_PSP.xlsx,2023-24/29.04.23_NLDC_PSP.xlsx,200,112935,a0d5733cb20a2e4d89608263e353a5a4ccbe9a156755f87ab039f7a94e35aa26,2026-09-14T14:05:50,29.04.23_NLDC_PSP|29-04-2023|attachment/xlsx
https://webcdn.grid-india.in/files/grdw/uploads/daily-reports/psp-reports/2023-2024/30.04.23_NLDC_PSP.xls,2023-24/30.04.23_NLDC_PSP.xls,200,262656,5d4824ff1f03c0b7b56c2e7ca75b9c138b0ec5ddd34bc0b0b86338f186e377dc,2026-09-14T14:05:50,30.04.23_NLDC_PSP|30-04-2023|attachment/xls
https://webcdn.grid-india.in/files/grdw/uploads/daily-reports/psp-reports/2023-2024/01.05.23_NLDC_PSP.xls,2023-24/01.05.23_NLDC_PSP.xls,200,243200,83aff1771e66454cd2cc9b736c10102d1595fd446741d30ab7f2325e64502941,2026-09-14T14:05:51,01.05.23_NLDC_PSP|01-05-2023|attachment/xls
https://webcdn.grid-india.in/files/grdw/uploads/daily-reports/psp-reports/2023-2024/02.05.23_NLDC_PSP.xls,2023-24/02.05.23_NLDC_PSP.xls,200,243200,dd876f08e7df69cfd4908a26fb51e1b2e9a4d77d942043d560c56b5f404d89a7,2026-09-14T14:05:52,02.05.23_NLDC_PSP|02-05-2023|attachment/xls
https://webcdn.grid-india.in/files/grdw/uploads/daily-reports/psp-reports/2023-2024/03.05.23_NLDC_PSP.xls,2023-24/03.05.23_NLDC_PSP.xls,200,243200,861e569de42494479d33a71fac81091955dac4a42b7b5d9a70ae3155567d034e,2026-09-14T14:05:52,03.05.23_NLDC_PSP|03-05-2023|attachment/xls
https://webcdn.grid-india.in/files/grdw/uploads/daily-reports/psp-reports/2023-2024/04.05.23_NLDC_PSP.xls,2023-24/04.05.23_NLDC_PSP.xls,200,243200,7a52ee6bcde205f11f7d88bc490d69205db29b74baec4f72619b0752ee37c1b0,2026-09-14T14:05:53,04.05.23_NLDC_PSP|04-05-2023|attachment/xls
https://webcdn.grid-india.in/files/grdw/uploads/daily-reports/psp-reports/2023-2024/05.05.23_NLDC_PSP.xls,2023-24/05.05.23_NLDC_PSP.xls,200,258560,3ca97025e1df8b996a5ae7fc6afbad81d89f13f8b7817e3573c2db34da5038c0,2026-09-14T14:05:53,05.05.23_NLDC_PSP|05-05-2023|attachment/xls
https://webcdn.grid-india.in/files/grdw/uploads/daily-reports/psp-reports/2023-2024/06.05.23_NLDC_PSP.xls,2023-24/06.05.23_NLDC_PSP.xls,200,259072,42e6b99bfbe620a327d410141e2b1c7b1a73c4215f70be67eac40ffc17e642cd,2026-09-14T14:05:54,06.05.23_NLDC_PSP|06-05-2023|attachment/xls
https://webcdn.grid-india.in/files/grdw/uploads/daily-reports/psp-reports/2023-2024/07.05.23_NLDC_PSP.xls,2023-24/07.05.23_NLDC_PSP.xls,200,243200,24f57e51e850c344eb99911ef58fbf8bb950e2c97a9c91d127040628edad9fe1,2026-09-14T14:05:54,07.05.23_NLDC_PSP|07-05-2023|attachment/xls
https://webcdn.grid-india.in/files/grdw/uploads/daily-reports/psp-reports/2023-2024/08.05.23_NLDC_PSP.xls,2023-24/08.05.23_NLDC_PSP.xls,200,287744,315c50488cc698bb6170ed5d10d18423fc97a53e4af79af1ae9bfac839bf28ca,2026-09-14T14:05:55,08.05.23_NLDC_PSP|08-05-2023|attachment/xls
https://webcdn.grid-india.in/files/grdw/uploads/daily-reports/psp-reports/2023-2024/09.05.23_NLDC_PSP.xls,2023-24/09.05.23_NLDC_PSP.xls,200,259584,b39613f97b6960fef1bece79e2c6ca59162cc5ab5f323608072ee5d6e719114e,2026-09-14T14:05:55,09.05.23_NLDC_PSP|09-05-2023|attachment/xls
https://webcdn.grid-india.in/files/grdw/uploads/daily-reports/psp-reports/2023-2024/10.05.23_NLDC_PSP.xls,2023-24/10.05.23_NLDC_PSP.xls,200,259072,a59edc34d61ea2f6d44b43f13a07685c56db38e17f3a1171101e5cced8d64301,2026-09-14T14:05:56,10.05.23_NLDC_PSP|10-05-2023|attachment/xls
https://webcdn.grid-india.in/files/grdw/uploads/daily-reports/psp-reports/2023-2024/11.05.23_NLDC_PSP.xls,2023-24/11.05.23_NLDC_PSP.xls,200,243200,2550eec6bb101dd305b26274eb8dac29f8ec0d0dc62bf593471074b3d59220ff,2026-09-14T14:05:56,11.05.23_NLDC_PSP|11-05-2023|attachment/xls
https://webcdn.grid-india.in/files/grdw/uploads/daily-reports/psp-reports/2023-2024/12.05.23_NLDC_PSP.xls,2023-24/12.05.23_NLDC_PSP.xls,200,243200,8b32cb7290e9d36521e2240d928f51ec1f2904d7a81db28c19deab81bcea68b5,2026-09-14T14:05:57,12.05.23_NLDC_PSP|12-05-2023|attachment/xls
https://webcdn.grid-india.in/files/grdw/uploads/daily-reports/psp-reports/2023-2024/13.05.23_NLDC_PSP.xls,2023-24/13.05.23_NLDC_PSP.xls,200,258560,aef173f8680c9ee053980a77eca181d1eafb4305aa2505489642912a3331a182,2026-09-14T14:05:58,13.05.23_NLDC_PSP|13-05-2023|attachment/xls
https://webcdn.grid-india.in/files/grdw/uploads/daily-reports/psp-reports/2023-2024/14.05.23_NLDC_PSP.xls,2023-24/14.05.23_NLDC_PSP.xls,200,243200,d143011e2ca4de56cd807e890fd7449ef6124c73086c5f617f59d62ce66ddd33,2026-09-14T14:05:58,14.05.23_NLDC_PSP|14-05-2023|attachment/xls
https://webcdn.grid-india.in/files/grdw/uploads/daily-reports/psp-reports/2023-2024/15.05.23_NLDC_PSP.xls,2023-24/15.05.23_NLDC_PSP.xls,200,259072,fe1287d3cd54711677f55f2a7906a2c9e874ee7d977d0e40a941eefd307ac9e4,2026-09-14T14:05:59,15.05.23_NLDC_PSP|15-05-2023|attachment/xls
https://webcdn.grid-india.in/files/grdw/uploads/daily-reports/psp-reports/2023-2024/16.05.23_NLDC_PSP.xls,2023-24/16.05.23_NLDC_PSP.xls,200,259072,deda6527a1761c5c6996d36e0cef4b0dca0f04421ae8d4bf0d11fb53542e8632,2026-09-14T14:05:59,16.05.23_NLDC_PSP|16-05-2023|attachment/xls
https://webcdn.grid-india.in/files/grdw/uploads/daily-reports/psp-reports/2023-2024/17.05.23_NLDC_PSP.xls,2023-24/17.05.23_NLDC_PSP.xls,200,258560,010e108ca933d08a747ae9f2a644b75f5c7822254456ec9b621f6912379cdb40,2026-09-14T14:06:00,17.05.23_NLDC_PSP|17-05-2023|attachment/xls
https://webcdn.grid-india.in/files/grdw/uploads/daily-reports/psp-reports/2023-2024/18.05.23_NLDC_PSP.xls,2023-24/18.05.23_NLDC_PSP.xls,200,243200,445d32be88d84344548428296a3026eca1d97a738f8a55ceaa12931039236b56,2026-09-14T14:06:00,18.05.23_NLDC_PSP|18-05-2023|attachment/xls
https://webcdn.grid-india.in/files/grdw/uploads/daily-reports/psp-reports/2023-2024/19.05.23_NLDC_PSP.xls,2023-24/19.05.23_NLDC_PSP.xls,200,243200,b52ac3dfd4119cc250e584a3635c8dd372868594a03d46140e83acf535bd9264,2026-09-14T14:06:01,19.05.23_NLDC_PSP|19-05-2023|attachment/xls
https://webcdn.grid-india.in/files/grdw/uploads/daily-reports/psp-reports/2023-2024/20.05.23_NLDC_PSP.xls,2023-24/20.05.23_NLDC_PSP.xls,200,243200,a134d7bff9b8d7619712b6c04de0ec1fed8ab70b89dd792cfe948dbdb9c9ec9e,2026-09-14T14:06:01,20.05.23_NLDC_PSP|20-05-2023|attachment/xls
https://webcdn.grid-india.in/files/grdw/uploads/daily-reports/psp-reports/2023-2024/21.05.23_NLDC_PSP.xls,2023-24/21.05.23_NLDC_PSP.xls,200,243200,327a08362ec1b674d2958e85ea0ad87073a7668805aa894b1cd5ba089c2d2935,2026-09-14T14:06:02,21.05.23_NLDC_PSP|21-05-2023|attachment/xls
https://webcdn.grid-india.in/files/grdw/uploads/daily-reports/psp-reports/2023-2024/22.05.23_NLDC_PSP.xls,2023-24/22.05.23_NLDC_PSP.xls,200,287744,fee5b1342c76d83e0f48cc3538cb29ace6702c6ce0de21b8299f4daa81ad4a2b,2026-09-14T14:06:02,22.05.23_NLDC_PSP|22-05-2023|attachment/xls
https://webcdn.grid-india.in/files/grdw/uploads/daily-reports/psp-reports/2023-2024/23.05.23_NLDC_PSP.xls,2023-24/23.05.23_NLDC_PSP.xls,200,259072,e319cd42f8437cedb7358a7b35cd39c11d06b9e2dbf768bd0d74720c4a35e1ac,2026-09-14T14:06:03,23.05.23_NLDC_PSP|23-05-2023|attachment/xls
https://webcdn.grid-india.in/files/grdw/uploads/daily-reports/psp-reports/2023-2024/24.05.23_NLDC_PSP.xls,2023-24/24.05.23_NLDC_PSP.xls,200,258560,8fac42cf507eb6a4df9b9785629fafb926c606f572039b3126a21d8d85ac3a39,2026-09-14T14:06:03,24.05.23_NLDC_PSP|24-05-2023|attachment/xls
https://webcdn.grid-india.in/files/grdw/uploads/daily-reports/psp-reports/2023-2024/25.05.23_NLDC_PSP.xls,2023-24/25.05.23_NLDC_PSP.xls,200,259072,a05b40a8af3c201516557e356486f73b146ec396bd94147ab36e09dcd2fd5e8c,2026-09-14T14:06:04,25.05.23_NLDC_PSP|25-05-2023|attachment/xls
https://webcdn.grid-india.in/files/grdw/uploads/daily-reports/psp-reports/2023-2024/26.05.23_NLDC_PSP.xls,2023-24/26.05.23_NLDC_PSP.xls,200,258560,e325937e0cdda4b0824ce67523541110db59352dd640d15af7300153b9f4e9b9,2026-09-14T14:06:04,26.05.23_NLDC_PSP|26-05-2023|attachment/xls
https://webcdn.grid-india.in/files/grdw/uploads/daily-reports/psp-reports/2023-2024/27.05.23_NLDC_PSP.xls,2023-24/27.05.23_NLDC_PSP.xls,200,258560,ee632fcba60cd6ea11eaf10d1c45774f630d001034a134237241425039b0a1f4,2026-09-14T14:06:05,27.05.23_NLDC_PSP|27-05-2023|attachment/xls
https://webcdn.grid-india.in/files/grdw/uploads/daily-reports/psp-reports/2023-2024/28.05.23_NLDC_PSP.xls,2023-24/28.05.23_NLDC_PSP.xls,200,243200,2c3988cdbf4d5e063c7f831eb41093a929b5aef9a27fef21b79b22b7f0f73781,2026-09-14T14:06:05,28.05.23_NLDC_PSP|28-05-2023|attachment/xls
https://webcdn.grid-india.in/files/grdw/uploads/daily-reports/psp-reports/2023-2024/29.05.23_NLDC_PSP.xls,2023-24/29.05.23_NLDC_PSP.xls,200,243200,dfa5c50f86478d78faff9aeeede5ece9b36f817336bd5af56366940d1cf938dc,2026-09-14T14:06:06,29.05.23_NLDC_PSP|29-05-2023|attachment/xls
https://webcdn.grid-india.in/files/grdw/uploads/daily-reports/psp-reports/2023-2024/30.05.23_NLDC_PSP.xls,2023-24/30.05.23_NLDC_PSP.xls,200,260608,611aa8a7ca43e5c20e321e8044a0bef09e5c64af9845f9b2b15cfd5951a430d8,2026-09-14T14:06:06,30.05.23_NLDC_PSP|30-05-2023|attachment/xls
https://webcdn.grid-india.in/files/grdw/uploads/daily-reports/psp-reports/2023-2024/31.05.23_NLDC_PSP.xls,2023-24/31.05.23_NLDC_PSP.xls,200,258560,bd1fe4ecaabd8646bd86f63d8d9e1e176c82efc241dd070bb08025dd66bc8458,2026-09-14T14:06:07,31.05.23_NLDC_PSP|31-05-2023|attachment/xls
https://webcdn.grid-india.in/files/grdw/uploads/daily-reports/psp-reports/2023-2024/01.06.23_NLDC_PSP.xls,2023-24/01.06.23_NLDC_PSP.xls,200,243200,c425f0bb4747c1780e89991118de6c0a0c593c57eeb0bedb610093abc4c10540,2026-09-14T14:06:08,01.06.23_NLDC_PSP|01-06-2023|attachment/xls
https://webcdn.grid-india.in/files/grdw/uploads/daily-reports/psp-reports/2023-2024/02.06.23_NLDC_PSP.xls,2023-24/02.06.23_NLDC_PSP.xls,200,259072,2465c3679b0e90abffa4ca0d8a084a860f41a9fa729d888189953d71a99d5294,2026-09-14T14:06:08,02.06.23_NLDC_PSP|02-06-2023|attachment/xls
https://webcdn.grid-india.in/files/grdw/uploads/daily-reports/psp-reports/2023-2024/03.06.23_NLDC_PSP.xls,2023-24/03.06.23_NLDC_PSP.xls,200,258560,d8e864de9aa9b9af78b163712b9650b138cfeadaa966562ff6e39fbfdd6e5a9d,2026-09-14T14:06:09,03.06.23_NLDC_PSP|03-06-2023|attachment/xls
https://webcdn.grid-india.in/files/grdw/uploads/daily-reports/psp-reports/2023-2024/04.06.23_NLDC_PSP.xls,2023-24/04.06.23_NLDC_PSP.xls,200,243200,8e57a39604280d7b136b831aa880d9282367ee0b413b59d2a99d8e4f6dff987c,2026-09-14T14:06:09,04.06.23_NLDC_PSP|04-06-2023|attachment/xls
https://webcdn.grid-india.in/files/grdw/uploads/daily-reports/psp-reports/2023-2024/05.06.23_NLDC_PSP.xls,2023-24/05.06.23_NLDC_PSP.xls,200,243200,64fd73efc205814c87eb14470ebf204e082817b4ce50967979fe05eabebe0dc8,2026-09-14T14:06:10,05.06.23_NLDC_PSP|05-06-2023|attachment/xls
https://webcdn.grid-india.in/files/grdw/uploads/daily-reports/psp-reports/2023-2024/06.06.23_NLDC_PSP.xls,2023-24/06.06.23_NLDC_PSP.xls,200,259072,02aab7b84bbf302e33673d108aada6322b071b6d1fba33635218e1d3860c3303,2026-09-14T14:06:10,06.06.23_NLDC_PSP|06-06-2023|attachment/xls
https://webcdn.grid-india.in/files/grdw/uploads/daily-reports/psp-reports/2023-2024/07.06.23_NLDC_PSP.xls,2023-24/07.06.23_NLDC_PSP.xls,200,287232,1febcf502799599d0a429fee81da8f370f3ba9ba0c92126a462dec844ae7e78e,2026-09-14T14:06:11,07.06.23_NLDC_PSP|07-06-2023|attachment/xls
https://webcdn.grid-india.in/files/grdw/uploads/daily-reports/psp-reports/2023-2024/08.06.23_NLDC_PSP.xls,2023-24/08.06.23_NLDC_PSP.xls,200,287232,ba3bb93c4a883a0a27e338e858f5bc932a15f3880d8026cd7942f7ce3c9787fd,2026-09-14T14:06:11,08.06.23_NLDC_PSP|08-06-2023|attachment/xls
https://webcdn.grid-india.in/files/grdw/uploads/daily-reports/psp-reports/2023-2024/09.06.23_NLDC_PSP.xls,2023-24/09.06.23_NLDC_PSP.xls,200,259072,d671ad81d55577f5662e495c55678cf9fe1ba4ebf17d5300c4a59d0e2e6eaa57,2026-09-14T14:06:12,09.06.23_NLDC_PSP|09-06-2023|attachment/xls
https://webcdn.grid-india.in/files/grdw/uploads/daily-reports/psp-reports/2023-2024/10.06.23_NLDC_PSP.xls,2023-24/10.06.23_NLDC_PSP.xls,200,260608,a6e596bb9da3c4510dd8fe6c08d629618ad4ee4afec70222e13f4070d143e7c1,2026-09-14T14:06:12,10.06.23_NLDC_PSP|10-06-2023|attachment/xls
https://webcdn.grid-india.in/files/grdw/uploads/daily-reports/psp-reports/2023-2024/11.06.23_NLDC_PSP.xls,2023-24/11.06.23_NLDC_PSP.xls,200,260096,8d1ac4abb03573ab71b034e6ec079c79448e7aa68f1be70073253e0994763cb1,2026-09-14T14:06:13,11.06.23_NLDC_PSP|11-06-2023|attachment/xls
https://webcdn.grid-india.in/files/grdw/uploads/daily-reports/psp-reports/2023-2024/12.06.23_NLDC_PSP.xls,2023-24/12.06.23_NLDC_PSP.xls,200,243200,a4c679f956f96d709baa93edce8d49a425ce9375c32f748fc6f6d88f43c074c5,2026-09-14T14:06:13,12.06.23_NLDC_PSP|12-06-2023|attachment/xls
https://webcdn.grid-india.in/files/grdw/uploads/daily-reports/psp-reports/2023-2024/13.06.23_NLDC_PSP.xls,2023-24/13.06.23_NLDC_PSP.xls,200,259072,883f5ad3723608c4f6f21d161f5384ad05f0580f8be551b04c7eb1287891c8a6,2026-09-14T14:06:14,13.06.23_NLDC_PSP|13-06-2023|attachment/xls
https://webcdn.grid-india.in/files/grdw/uploads/daily-reports/psp-reports/2023-2024/14.06.23_NLDC_PSP.xls,2023-24/14.06.23_NLDC_PSP.xls,200,273408,55538cd175508c7ced225a23026c6992f40f1987b7593cb9476b8d117ba2313d,2026-09-14T14:06:14,14.06.23_NLDC_PSP|14-06-2023|attachment/xls
https://webcdn.grid-india.in/files/grdw/uploads/daily-reports/psp-reports/2023-2024/15.06.23_NLDC_PSP.xls,2023-24/15.06.23_NLDC_PSP.xls,200,258560,8e6204a82f7e71bf042e5db5ba987d5abdb2d4ae89e76783c9831bbe8317cd76,2026-09-14T14:06:15,15.06.23_NLDC_PSP|15-06-2023|attachment/xls
https://webcdn.grid-india.in/files/grdw/uploads/daily-reports/psp-reports/2023-2024/16.06.23_NLDC_PSP.xls,2023-24/16.06.23_NLDC_PSP.xls,200,259072,da17145d2e3b4c79caeddc657cd5ffb2c1a434ef46de47d677835fde1ff92fa4,2026-09-14T14:06:15,16.06.23_NLDC_PSP|16-06-2023|attachment/xls
https://webcdn.grid-india.in/files/grdw/uploads/daily-reports/psp-reports/2023-2024/17.06.23_NLDC_PSP.xls,2023-24/17.06.23_NLDC_PSP.xls,200,259072,1b095d5bff0983d511530a7f49dc12d018831a46e1b84686c4cc9bfbe350808b,2026-09-14T14:06:16,17.06.23_NLDC_PSP|17-06-2023|attachment/xls
https://webcdn.grid-india.in/files/grdw/uploads/daily-reports/psp-reports/2023-2024/18.06.23_NLDC_PSP.xls,2023-24/18.06.23_NLDC_PSP.xls,200,259072,329da9fd1a4f7a5c4f3e5c27044874aaa26fc9d2d069a8cc170c50e8bdcf8420,2026-09-14T14:06:16,18.06.23_NLDC_PSP|18-06-2023|attachment/xls
https://webcdn.grid-india.in/files/grdw/uploads/daily-reports/psp-reports/2023-2024/19.06.23_NLDC_PSP.xls,2023-24/19.06.23_NLDC_PSP.xls,200,258560,7386478af7592c911e9c0cf366631c1e8f1bb933cbd409a50dd78f34a9268270,2026-09-14T14:06:17,19.06.23_NLDC_PSP|19-06-2023|attachment/xls
https://webcdn.grid-india.in/files/grdw/uploads/daily-reports/psp-reports/2023-2024/20.06.23_NLDC_PSP.xls,2023-24/20.06.23_NLDC_PSP.xls,200,258560,51e41ad5013f41234e673992df35dd4a3d41aee6caa57936d5795ec0f9f066dd,2026-09-14T14:06:17,20.06.23_NLDC_PSP|20-06-2023|attachment/xls
https://webcdn.grid-india.in/files/grdw/uploads/daily-reports/psp-reports/2023-2024/21.06.23_NLDC_PSP.xls,2023-24/21.06.23_NLDC_PSP.xls,200,259072,e45bc2f50bd4d9b8725f3340ac8aada5815e10bf87bfe7da71150df337fd5b0d,2026-09-14T14:06:18,21.06.23_NLDC_PSP|21-06-2023|attachment/xls
https://webcdn.grid-india.in/files/grdw/uploads/daily-reports/psp-reports/2023-2024/22.06.23_NLDC_PSP.xls,2023-24/22.06.23_NLDC_PSP.xls,200,258560,8f84ea4113230cfa49d2e14b3631415c95f06637869a73549defb9a77970ac06,2026-09-14T14:06:18,22.06.23_NLDC_PSP|22-06-2023|attachment/xls
https://webcdn.grid-india.in/files/grdw/uploads/daily-reports/psp-reports/2023-2024/23.06.23_NLDC_PSP.xls,2023-24/23.06.23_NLDC_PSP.xls,200,258560,34605c1e5fdd1f928f8fea50158aeb35e0687ad753bac2cbab1627d63dd35e88,2026-09-14T14:06:19,23.06.23_NLDC_PSP|23-06-2023|attachment/xls
https://webcdn.grid-india.in/files/grdw/uploads/daily-reports/psp-reports/2023-2024/24.06.23_NLDC_PSP.xls,2023-24/24.06.23_NLDC_PSP.xls,200,243200,f210538ef9ea61fbc8ce8e070e87d4a96b87f8d1b52ccb24a563858d2bbc38c3,2026-09-14T14:06:19,24.06.23_NLDC_PSP|24-06-2023|attachment/xls
https://webcdn.grid-india.in/files/grdw/uploads/daily-reports/psp-reports/2023-2024/25.06.23_NLDC_PSP.xls,2023-24/25.06.23_NLDC_PSP.xls,200,260096,cd19133bd9276cf8349d8f62433e2117fc6329d2648a20835f5f9bd0ddd2933b,2026-09-14T14:06:20,25.06.23_NLDC_PSP|25-06-2023|attachment/xls
https://webcdn.grid-india.in/files/grdw/uploads/daily-reports/psp-reports/2023-2024/26.06.23_NLDC_PSP.xls,2023-24/26.06.23_NLDC_PSP.xls,200,287744,2af3614d2f1575427cfb1a6f389f2a2adef6c55495cbb79f8e5e8c8a0eb2ef3e,2026-09-14T14:06:20,26.06.23_NLDC_PSP|26-06-2023|attachment/xls
https://webcdn.grid-india.in/files/grdw/uploads/daily-reports/psp-reports/2023-2024/27.06.23_NLDC_PSP.xls,2023-24/27.06.23_NLDC_PSP.xls,200,273408,b17379b77c2d2ff4ed6017dee3a197e509d602cc462d3901c6a6e9250690ec99,2026-09-14T14:06:21,27.06.23_NLDC_PSP|27-06-2023|attachment/xls
https://webcdn.grid-india.in/files/grdw/uploads/daily-reports/psp-reports/2023-2024/28.06.23_NLDC_PSP.xls,2023-24/28.06.23_NLDC_PSP.xls,200,259072,3681da38f8f6ddff2b9aade0a5bee08f4a07db6bb7a72972ad90d69d6348344a,2026-09-14T14:06:21,28.06.23_NLDC_PSP|28-06-2023|attachment/xls
https://webcdn.grid-india.in/files/grdw/uploads/daily-reports/psp-reports/2023-2024/29.06.23_NLDC_PSP.xls,2023-24/29.06.23_NLDC_PSP.xls,200,259072,46c4a1a5667e6c4b25bca37f7e1091b54dab627fa0fae2a4ff9a3a54e0b602b6,2026-09-14T14:06:22,29.06.23_NLDC_PSP|29-06-2023|attachment/xls
https://webcdn.grid-india.in/files/grdw/uploads/daily-reports/psp-reports/2023-2024/30.06.23_NLDC_PSP.xls,2023-24/30.06.23_NLDC_PSP.xls,200,259584,21d064b48e74f48b377764604a5721cf37333b9dc0c06a77e4fb0ae319d225f1,2026-09-14T14:06:22,30.06.23_NLDC_PSP|30-06-2023|attachment/xls
https://webcdn.grid-india.in/files/grdw/uploads/daily-reports/psp-reports/2023-2024/01.07.23_NLDC_PSP.xls,2023-24/01.07.23_NLDC_PSP.xls,200,258560,02728e803439c0ac88b90ec530c6e614402585539689e3a090f01b668dfccb1d,2026-09-14T14:06:23,01.07.23_NLDC_PSP|01-07-2023|attachment/xls
https://webcdn.grid-india.in/files/grdw/uploads/daily-reports/psp-reports/2023-2024/02.07.23_NLDC_PSP.xls,2023-24/02.07.23_NLDC_PSP.xls,200,258560,6ca7572d4b2fefcbe74c1a40dcc60cc88915d628f750661ed03ffd5c7a8eb403,2026-09-14T14:06:24,02.07.23_NLDC_PSP|02-07-2023|attachment/xls
https://webcdn.grid-india.in/files/grdw/uploads/daily-reports/psp-reports/2023-2024/03.07.23_NLDC_PSP.xls,2023-24/03.07.23_NLDC_PSP.xls,200,258560,0b602704d16a79a1bb92a471872b874bd9a71fe836405711c49f1fd4459448fc,2026-09-14T14:06:25,03.07.23_NLDC_PSP|03-07-2023|attachment/xls
https://webcdn.grid-india.in/files/grdw/uploads/daily-reports/psp-reports/2023-2024/04.07.23_NLDC_PSP.xls,2023-24/04.07.23_NLDC_PSP.xls,200,258560,d0659789867248681cc54bacdbae321b5630685a918e0db2687e7f0ade5f799b,2026-09-14T14:06:25,04.07.23_NLDC_PSP|04-07-2023|attachment/xls
https://webcdn.grid-india.in/files/grdw/uploads/daily-reports/psp-reports/2023-2024/05.07.23_NLDC_PSP.xls,2023-24/05.07.23_NLDC_PSP.xls,200,258560,21e821877466928c58e342c26c9ef73ed4c93a0fd6d2f8e402eaa764d0901aaa,2026-09-14T14:06:26,05.07.23_NLDC_PSP|05-07-2023|attachment/xls
https://webcdn.grid-india.in/files/grdw/uploads/daily-reports/psp-reports/2023-2024/06.07.23_NLDC_PSP.xls,2023-24/06.07.23_NLDC_PSP.xls,200,265216,1930c16892bee981cd3b066bad7ef4337fb905991e66d7179e26c4845975e225,2026-09-14T14:06:26,06.07.23_NLDC_PSP|06-07-2023|attachment/xls
https://webcdn.grid-india.in/files/grdw/uploads/daily-reports/psp-reports/2023-2024/07.07.23_NLDC_PSP.xls,2023-24/07.07.23_NLDC_PSP.xls,200,250368,edacb06896f1c36dca947b647ef3c4a5fc18c535546c0701476092d787fb4d8e,2026-09-14T14:06:27,07.07.23_NLDC_PSP|07-07-2023|attachment/xls
https://webcdn.grid-india.in/files/grdw/uploads/daily-reports/psp-reports/2023-2024/08.07.23_NLDC_PSP.xls,2023-24/08.07.23_NLDC_PSP.xls,200,269312,024e5ea4f24db813bb8319af2d24f43e33de72f9f48093e0ab6f843226019313,2026-09-14T14:06:27,08.07.23_NLDC_PSP|08-07-2023|attachment/xls
https://webcdn.grid-india.in/files/grdw/uploads/daily-reports/psp-reports/2023-2024/09.07.23_NLDC_PSP.xls,2023-24/09.07.23_NLDC_PSP.xls,200,282112,136bc4c46d14cf2589b016b94a42297ed5feff909c14ad25b57926f7b5294c22,2026-09-14T14:06:28,09.07.23_NLDC_PSP|09-07-2023|attachment/xls
https://webcdn.grid-india.in/files/grdw/uploads/daily-reports/psp-reports/2023-2024/10.07.23_NLDC_PSP.xls,2023-24/10.07.23_NLDC_PSP.xls,200,265728,1f25aa07b3cedbe403660ea715fd1342935253f5b0eb787a25af257576615e0f,2026-09-14T14:06:28,10.07.23_NLDC_PSP|10-07-2023|attachment/xls
https://webcdn.grid-india.in/files/grdw/uploads/daily-reports/psp-reports/2023-2024/11.07.23_NLDC_PSP.xls,2023-24/11.07.23_NLDC_PSP.xls,200,265728,0e626134b5bdb18d66ff5d3ba21b9cea6c6b5c57f80c90f6fe3038489abce461,2026-09-14T14:06:29,11.07.23_NLDC_PSP|11-07-2023|attachment/xls
https://webcdn.grid-india.in/files/grdw/uploads/daily-reports/psp-reports/2023-2024/12.07.23_NLDC_PSP.xls,2023-24/12.07.23_NLDC_PSP.xls,200,265728,311241532037600a3522f538df1401af34cee3ce2ff949bd7dd65cb3ee2855ad,2026-09-14T14:06:29,12.07.23_NLDC_PSP|12-07-2023|attachment/xls
https://webcdn.grid-india.in/files/grdw/uploads/daily-reports/psp-reports/2023-2024/13.07.23_NLDC_PSP.xls,2023-24/13.07.23_NLDC_PSP.xls,200,265728,8dc4642f3339b62ec39c495eef70b98d705c80ae49f0e28a5f5b0b1c1f851ede,2026-09-14T14:06:30,13.07.23_NLDC_PSP|13-07-2023|attachment/xls
https://webcdn.grid-india.in/files/grdw/uploads/daily-reports/psp-reports/2023-2024/14.07.23_NLDC_PSP.xls,2023-24/14.07.23_NLDC_PSP.xls,200,250368,29fff355bfb975d234336df7cf9f694d05883633c704a0f82d49ae638f875491,2026-09-14T14:06:30,14.07.23_NLDC_PSP|14-07-2023|attachment/xls
https://webcdn.grid-india.in/files/grdw/uploads/daily-reports/psp-reports/2023-2024/15.07.23_NLDC_PSP.xls,2023-24/15.07.23_NLDC_PSP.xls,200,279552,92daa454876ea59b0d3e7d1466a93234e394d9a83c21be868b564659aaed6333,2026-09-14T14:06:31,15.07.23_NLDC_PSP|15-07-2023|attachment/xls
https://webcdn.grid-india.in/files/grdw/uploads/daily-reports/psp-reports/2023-2024/16.07.23_NLDC_PSP.xls,2023-24/16.07.23_NLDC_PSP.xls,200,267264,e56e8a291b3ce1061a35435049bcc28e277a84e66c3d9895a4f658df06d66313,2026-09-14T14:06:31,16.07.23_NLDC_PSP|16-07-2023|attachment/xls
https://webcdn.grid-india.in/files/grdw/uploads/daily-reports/psp-reports/2023-2024/17.07.23_NLDC_PSP.xls,2023-24/17.07.23_NLDC_PSP.xls,200,307712,1cf7a17b0451f78f5cfd2be99b4b31924d3d9e9cf87e32675ce00860026e1a53,2026-09-14T14:06:32,17.07.23_NLDC_PSP|17-07-2023|attachment/xls
https://webcdn.grid-india.in/files/grdw/uploads/daily-reports/psp-reports/2023-2024/18.07.23_NLDC_PSP.xls,2023-24/18.07.23_NLDC_PSP.xls,200,250368,246c4c90a5371efc1086e5ce5b6553a673befef100aa21bec4980a97ad9de0f0,2026-09-14T14:06:32,18.07.23_NLDC_PSP|18-07-2023|attachment/xls
https://webcdn.grid-india.in/files/grdw/uploads/daily-reports/psp-reports/2023-2024/19.07.23_NLDC_PSP.xls,2023-24/19.07.23_NLDC_PSP.xls,200,265216,08d8de0b3c57de6c6329da1e5b091edf9c32abc11190ec0fe52e1609763a87fe,2026-09-14T14:06:33,19.07.23_NLDC_PSP|19-07-2023|attachment/xls
https://webcdn.grid-india.in/files/grdw/uploads/daily-reports/psp-reports/2023-2024/20.07.23_NLDC_PSP.xls,2023-24/20.07.23_NLDC_PSP.xls,200,266240,05d3e981e62e24d3ddd3873c99f7e3b1ce77dcf8f4dd9af6c424238b1043966d,2026-09-14T14:06:33,20.07.23_NLDC_PSP|20-07-2023|attachment/xls
https://webcdn.grid-india.in/files/grdw/uploads/daily-reports/psp-reports/2023-2024/21.07.23_NLDC_PSP.xls,2023-24/21.07.23_NLDC_PSP.xls,200,250368,8a3ad7bcedc8276d2855d9bd7b3f65fdd9305cb58dd421f80f962c2f545d247c,2026-09-14T14:06:34,21.07.23_NLDC_PSP|21-07-2023|attachment/xls
https://webcdn.grid-india.in/files/grdw/uploads/daily-reports/psp-reports/2023-2024/22.07.23_NLDC_PSP.xls,2023-24/22.07.23_NLDC_PSP.xls,200,250368,8427104fdab9b7b5b791e1b775d19651e460d923215062fcfbf92e9fe3606103,2026-09-14T14:06:34,22.07.23_NLDC_PSP|22-07-2023|attachment/xls
https://webcdn.grid-india.in/files/grdw/uploads/daily-reports/psp-reports/2023-2024/23.07.23_NLDC_PSP.xls,2023-24/23.07.23_NLDC_PSP.xls,200,265728,d6ac88c2f6d6131a1b396ac6078399366970fbbd6990815a257536b1f7f9d3d8,2026-09-14T14:06:35,23.07.23_NLDC_PSP|23-07-2023|attachment/xls
https://webcdn.grid-india.in/files/grdw/uploads/daily-reports/psp-reports/2023-2024/24.07.23_NLDC_PSP.xls,2023-24/24.07.23_NLDC_PSP.xls,200,250368,4fee1bb65a63758544eff81966496ef3beebcb93f5766c294e48cdbc39b2e47a,2026-09-14T14:06:35,24.07.23_NLDC_PSP|24-07-2023|attachment/xls
https://webcdn.grid-india.in/files/grdw/uploads/daily-reports/psp-reports/2023-2024/25.07.23_NLDC_PSP.xls,2023-24/25.07.23_NLDC_PSP.xls,200,265728,852a0eb2c10450f411c6bedf19b2dc0a1719ed39d71b7c5bdcee5b0ec3d4060b,2026-09-14T14:06:36,25.07.23_NLDC_PSP|25-07-2023|attachment/xls
https://webcdn.grid-india.in/files/grdw/uploads/daily-reports/psp-reports/2023-2024/26.07.23_NLDC_PSP.xls,2023-24/26.07.23_NLDC_PSP.xls,200,250368,dd6e21d2360364f15aae5c7c4c625645cf80d5287654648507ff6fa5ed200f6f,2026-09-14T14:06:36,26.07.23_NLDC_PSP|26-07-2023|attachment/xls
https://webcdn.grid-india.in/files/grdw/uploads/daily-reports/psp-reports/2023-2024/27.07.23_NLDC_PSP.xls,2023-24/27.07.23_NLDC_PSP.xls,200,250368,27fdc8112db8b6aa0672fb03ece91201877ffe48c3b0454151422f8de9e86c56,2026-09-14T14:06:37,27.07.23_NLDC_PSP|27-07-2023|attachment/xls
https://webcdn.grid-india.in/files/grdw/uploads/daily-reports/psp-reports/2023-2024/28.07.23_NLDC_PSP.xls,2023-24/28.07.23_NLDC_PSP.xls,200,265728,2c04ebea0f9ef2a20e47e8ff17539058f29ddd2dfa5e594d5dce49bc513a5dcb,2026-09-14T14:06:37,28.07.23_NLDC_PSP|28-07-2023|attachment/xls
https://webcdn.grid-india.in/files/grdw/uploads/daily-reports/psp-reports/2023-2024/29.07.23_NLDC_PSP.xls,2023-24/29.07.23_NLDC_PSP.xls,200,265728,93a0459b6fdaf11a9b7412b65e9da39cce10e3743c83c89f9866ddb24fd879b3,2026-09-14T14:06:38,29.07.23_NLDC_PSP|29-07-2023|attachment/xls
https://webcdn.grid-india.in/files/grdw/uploads/daily-reports/psp-reports/2023-2024/30.07.23_NLDC_PSP.xls,2023-24/30.07.23_NLDC_PSP.xls,200,250368,6cea3f25c7f9ea4bb01a37cc0d8a1a9dc936e3d3c65bd3a7fb0223e36489269b,2026-09-14T14:06:38,30.07.23_NLDC_PSP|30-07-2023|attachment/xls
https://webcdn.grid-india.in/files/grdw/uploads/daily-reports/psp-reports/2023-2024/31.07.23_NLDC_PSP.xls,2023-24/31.07.23_NLDC_PSP.xls,200,250368,b88ef7cfe4885768e4db98cddab7addcf4021e7456db24d80caedab07f256d0e,2026-09-14T14:06:39,31.07.23_NLDC_PSP|31-07-2023|attachment/xls
https://webcdn.grid-india.in/files/grdw/uploads/daily-reports/psp-reports/2023-2024/01.08.23_NLDC_PSP.xls,2023-24/01.08.23_NLDC_PSP.xls,200,250368,fb04070b288eeca022c348bdd306ed751b6933aa63ab3bac1e9aabf3a2a40b31,2026-09-14T14:06:40,01.08.23_NLDC_PSP|01-08-2023|attachment/xls
https://webcdn.grid-india.in/files/grdw/uploads/daily-reports/psp-reports/2023-2024/02.08.23_NLDC_PSP.xls,2023-24/02.08.23_NLDC_PSP.xls,200,265728,e357f559fc6b2adb533e022a54a680299c69b9f22371c3c86833c0e6690948c3,2026-09-14T14:06:40,02.08.23_NLDC_PSP|02-08-2023|attachment/xls
https://webcdn.grid-india.in/files/grdw/uploads/daily-reports/psp-reports/2023-2024/03.08.23_NLDC_PSP.xls,2023-24/03.08.23_NLDC_PSP.xls,200,265728,085b4a96b728c1414fa3add93864920c0e76f790049993cefe60ea8b357e93cf,2026-09-14T14:06:41,03.08.23_NLDC_PSP|03-08-2023|attachment/xls
https://webcdn.grid-india.in/files/grdw/uploads/daily-reports/psp-reports/2023-2024/04.08.23_NLDC_PSP.xls,2023-24/04.08.23_NLDC_PSP.xls,200,265728,7ca4271ef99b6472ff6fe18bf566cce1178c1668830136cadea96eb1ffd83c39,2026-09-14T14:06:41,04.08.23_NLDC_PSP|04-08-2023|attachment/xls
https://webcdn.grid-india.in/files/grdw/uploads/daily-reports/psp-reports/2023-2024/05.08.23_NLDC_PSP.xls,2023-24/05.08.23_NLDC_PSP.xls,200,266752,72044a50fb99c052a576a6d7a8a06c3a228449d8e2b226f10255c2a01f6f0584,2026-09-14T14:06:42,05.08.23_NLDC_PSP|05-08-2023|attachment/xls
https://webcdn.grid-india.in/files/grdw/uploads/daily-reports/psp-reports/2023-2024/06.08.23_NLDC_PSP.xls,2023-24/06.08.23_NLDC_PSP.xls,200,265216,21da331fda86b8ca2699d1095800a62e9cbe10a779b4339dad9749780a803d18,2026-09-14T14:06:42,06.08.23_NLDC_PSP|06-08-2023|attachment/xls
https://webcdn.grid-india.in/files/grdw/uploads/daily-reports/psp-reports/2023-2024/07.08.23_NLDC_PSP.xls,2023-24/07.08.23_NLDC_PSP.xls,200,265728,262caa17272ba5c3f5330594e98ce67a9d5c08ba428adc2c6d5600f38cc983ec,2026-09-14T14:06:43,07.08.23_NLDC_PSP|07-08-2023|attachment/xls
https://webcdn.grid-india.in/files/grdw/uploads/daily-reports/psp-reports/2023-2024/08.08.23_NLDC_PSP.xls,2023-24/08.08.23_NLDC_PSP.xls,200,250368,c9c1526fbb7d7160cd2bf4d989b6854b3046c0452ea2c29a72a0a19bac2895a6,2026-09-14T14:06:43,08.08.23_NLDC_PSP|08-08-2023|attachment/xls
https://webcdn.grid-india.in/files/grdw/uploads/daily-reports/psp-reports/2023-2024/09.08.23_NLDC_PSP.xls,2023-24/09.08.23_NLDC_PSP.xls,200,250368,e70424c6b86f34996d10d3a93e8f5911777b79834d356aa9984c5fd06f03ac57,2026-09-14T14:06:44,09.08.23_NLDC_PSP|09-08-2023|attachment/xls
https://webcdn.grid-india.in/files/grdw/uploads/daily-reports/psp-reports/2023-2024/10.08.23_NLDC_PSP.xls,2023-24/10.08.23_NLDC_PSP.xls,200,250368,cf406dc7d9b7a95f86f4102d2dd881100a37d85888c9f346221b1ddfd6dc82b1,2026-09-14T14:06:44,10.08.23_NLDC_PSP|10-08-2023|attachment/xls
https://webcdn.grid-india.in/files/grdw/uploads/daily-reports/psp-reports/2023-2024/11.08.23_NLDC_PSP.xls,2023-24/11.08.23_NLDC_PSP.xls,200,250368,4ce99866bb47ff415392204f14aa2801e042e2dde7c979923ffe3f9625787fd0,2026-09-14T14:06:45,11.08.23_NLDC_PSP|11-08-2023|attachment/xls
https://webcdn.grid-india.in/files/grdw/uploads/daily-reports/psp-reports/2023-2024/12.08.23_NLDC_PSP.xls,2023-24/12.08.23_NLDC_PSP.xls,200,265728,0eb8e3f631a8a94ab2431e83093f9d85f91a017d15a0a6c109353f39a25ef1a6,2026-09-14T14:06:45,12.08.23_NLDC_PSP|12-08-2023|attachment/xls
https://webcdn.grid-india.in/files/grdw/uploads/daily-reports/psp-reports/2023-2024/13.08.23_NLDC_PSP.xls,2023-24/13.08.23_NLDC_PSP.xls,200,265728,2250fe9c5740c951fdb6afb4458a087b8b1e916f7c34d65674bb8a797a5f50ab,2026-09-14T14:06:46,13.08.23_NLDC_PSP|13-08-2023|attachment/xls
https://webcdn.grid-india.in/files/grdw/uploads/daily-reports/psp-reports/2023-2024/14.08.23_NLDC_PSP.xls,2023-24/14.08.23_NLDC_PSP.xls,200,266752,0f9a5c59d899ba13dd383f3a46a23a80b4f5808c2690bf4a485d20d8e50a56b5,2026-09-14T14:06:46,14.08.23_NLDC_PSP|14-08-2023|attachment/xls
https://webcdn.grid-india.in/files/grdw/uploads/daily-reports/psp-reports/2023-2024/15.08.23_NLDC_PSP.xls,2023-24/15.08.23_NLDC_PSP.xls,200,250368,a5fb22cd8ab009ee1608debafc4b6cb38486bd4c77e951a51e96871a1b6c0eb5,2026-09-14T14:06:47,15.08.23_NLDC_PSP|15-08-2023|attachment/xls
https://webcdn.grid-india.in/files/grdw/uploads/daily-reports/psp-reports/2023-2024/16.08.23_NLDC_PSP.xls,2023-24/16.08.23_NLDC_PSP.xls,200,250368,709932521912e376e20b9fa89ac02b3396473c0f009a0a709b3562c06d646e3f,2026-09-14T14:06:47,16.08.23_NLDC_PSP|16-08-2023|attachment/xls
https://webcdn.grid-india.in/files/grdw/uploads/daily-reports/psp-reports/2023-2024/17.08.23_NLDC_PSP.xls,2023-24/17.08.23_NLDC_PSP.xls,200,250368,725f1889b4ee10867a9dc7749b81040a10ad6b0956dcfc8c14332cd366b94b0b,2026-09-14T14:06:48,17.08.23_NLDC_PSP|17-08-2023|attachment/xls
https://webcdn.grid-india.in/files/grdw/uploads/daily-reports/psp-reports/2023-2024/18.08.23_NLDC_PSP.xls,2023-24/18.08.23_NLDC_PSP.xls,200,265728,62f6ae530124a44364b2c04626e90406b1b2a9db8b0ccca902668600718e05bf,2026-09-14T14:06:48,18.08.23_NLDC_PSP|18-08-2023|attachment/xls
https://webcdn.grid-india.in/files/grdw/uploads/daily-reports/psp-reports/2023-2024/19.08.23_NLDC_PSP.xls,2023-24/19.08.23_NLDC_PSP.xls,200,250368,c5848e301a165a68c44f4dc5ffb407ccb505dea35791f3583472d32bb6ab0a74,2026-09-14T14:06:49,19.08.23_NLDC_PSP|19-08-2023|attachment/xls
https://webcdn.grid-india.in/files/grdw/uploads/daily-reports/psp-reports/2023-2024/20.08.23_NLDC_PSP.xls,2023-24/20.08.23_NLDC_PSP.xls,200,250368,d98282ba3f53e49afdcdabb1215f11f68476e1ffbb6a29d6e6720068f4740403,2026-09-14T14:06:50,20.08.23_NLDC_PSP|20-08-2023|attachment/xls
https://webcdn.grid-india.in/files/grdw/uploads/daily-reports/psp-reports/2023-2024/21.08.23_NLDC_PSP.xls,2023-24/21.08.23_NLDC_PSP.xls,200,250368,cc77ba8bbcca73d91f22e23f097103b600c580120534e6319abbc3444976d32c,2026-09-14T14:06:50,21.08.23_NLDC_PSP|21-08-2023|attachment/xls
https://webcdn.grid-india.in/files/grdw/uploads/daily-reports/psp-reports/2023-2024/22.08.23_NLDC_PSP.xls,2023-24/22.08.23_NLDC_PSP.xls,200,268288,9c4120113dd4bcfdfb775dfb02db1919c07e6fee4463cc18418bfb18107516ab,2026-09-14T14:06:50,22.08.23_NLDC_PSP|22-08-2023|attachment/xls
https://webcdn.grid-india.in/files/grdw/uploads/daily-reports/psp-reports/2023-2024/23.08.23_NLDC_PSP.xls,2023-24/23.08.23_NLDC_PSP.xls,200,265216,3c2350d9563d88f25cd20f0e30083d04b7d1b993969222fd8aadf0f643a3738f,2026-09-14T14:06:51,23.08.23_NLDC_PSP|23-08-2023|attachment/xls
https://webcdn.grid-india.in/files/grdw/uploads/daily-reports/psp-reports/2023-2024/24.08.23_NLDC_PSP.xls,2023-24/24.08.23_NLDC_PSP.xls,200,265728,8694438cfcf0d41bf386d6300c15b1d23e40f95d7a465460ab38cdb1fd9d0b50,2026-09-14T14:06:51,24.08.23_NLDC_PSP|24-08-2023|attachment/xls
https://webcdn.grid-india.in/files/grdw/uploads/daily-reports/psp-reports/2023-2024/25.08.23_NLDC_PSP.xls,2023-24/25.08.23_NLDC_PSP.xls,200,250368,3d12fac366a9a7de1c7e9f5e62b2569af6a77352bdad458a2973b1e932d1c9c8,2026-09-14T14:06:52,25.08.23_NLDC_PSP|25-08-2023|attachment/xls
https://webcdn.grid-india.in/files/grdw/uploads/daily-reports/psp-reports/2023-2024/26.08.23_NLDC_PSP.xls,2023-24/26.08.23_NLDC_PSP.xls,200,265728,e11b3d0c222a05cd4e6148d3e4c7db0f8ae3dbdd8614973d5bf72350369fc9a6,2026-09-14T14:06:52,26.08.23_NLDC_PSP|26-08-2023|attachment/xls
https://webcdn.grid-india.in/files/grdw/uploads/daily-reports/psp-reports/2023-2024/27.08.23_NLDC_PSP.xls,2023-24/27.08.23_NLDC_PSP.xls,200,265728,d2f95ddd2a5865d64e1fa2122aaacc53d646497f3db804a65c738ed5f7dc0f8e,2026-09-14T14:06:53,27.08.23_NLDC_PSP|27-08-2023|attachment/xls
https://webcdn.grid-india.in/files/grdw/uploads/daily-reports/psp-reports/2023-2024/28.08.23_NLDC_PSP.xls,2023-24/28.08.23_NLDC_PSP.xls,200,265728,3c4d22e05325c642d46bbb83327921e2fff7f0838930a8c3c6ae59f417912837,2026-09-14T14:06:53,28.08.23_NLDC_PSP|28-08-2023|attachment/xls
https://webcdn.grid-india.in/files/grdw/uploads/daily-reports/psp-reports/2023-2024/29.08.23_NLDC_PSP.xls,2023-24/29.08.23_NLDC_PSP.xls,200,265728,03c9f7311fecdf3c5f5e7e1712d390e4069b2df53fce77bad87cfd4005103272,2026-09-14T14:06:54,29.08.23_NLDC_PSP|29-08-2023|attachment/xls
https://webcdn.grid-india.in/files/grdw/uploads/daily-reports/psp-reports/2023-2024/30.08.23_NLDC_PSP.xls,2023-24/30.08.23_NLDC_PSP.xls,200,265728,aeb8a8c4cc1833a4e32a940b59f9107ccd19a3259aa6da90a06ac2f17eec79f7,2026-09-14T14:06:54,30.08.23_NLDC_PSP|30-08-2023|attachment/xls
https://webcdn.grid-india.in/files/grdw/uploads/daily-reports/psp-reports/2023-2024/31.08.23_NLDC_PSP.xls,2023-24/31.08.23_NLDC_PSP.xls,200,250368,3fedcffc8b95c91430c8228197482f591094558a35fa8a1e17502c041bed53b0,2026-09-14T14:06:55,31.08.23_NLDC_PSP|31-08-2023|attachment/xls
https://webcdn.grid-india.in/files/grdw/uploads/daily-reports/psp-reports/2023-2024/01.09.23_NLDC_PSP.xls,2023-24/01.09.23_NLDC_PSP.xls,200,265728,4669ac24421e62cc4ef294f01ae18739cc2253c0220c934346acbda9857da059,2026-09-14T14:06:56,01.09.23_NLDC_PSP|01-09-2023|attachment/xls
https://webcdn.grid-india.in/files/grdw/uploads/daily-reports/psp-reports/2023-2024/02.09.23_NLDC_PSP.xls,2023-24/02.09.23_NLDC_PSP.xls,200,266240,629810e15a7477f1281703a9c665d405fba434a3728ba8f5c12374190309c0dc,2026-09-14T14:06:56,02.09.23_NLDC_PSP|02-09-2023|attachment/xls
https://webcdn.grid-india.in/files/grdw/uploads/daily-reports/psp-reports/2023-2024/03.09.23_NLDC_PSP.xls,2023-24/03.09.23_NLDC_PSP.xls,200,265728,5f5b9013cd3912f540a7fd87f66db157e4f6ccd09be6fd9becb919604e4b6c66,2026-09-14T14:06:57,03.09.23_NLDC_PSP|03-09-2023|attachment/xls
https://webcdn.grid-india.in/files/grdw/uploads/daily-reports/psp-reports/2023-2024/04.09.23_NLDC_PSP.xls,2023-24/04.09.23_NLDC_PSP.xls,200,250368,6191ec9341ff79b9cde6fa08ceaa6ee8f70365f48f52db54cef2b87e4fa4e66c,2026-09-14T14:06:58,04.09.23_NLDC_PSP|04-09-2023|attachment/xls
https://webcdn.grid-india.in/files/grdw/uploads/daily-reports/psp-reports/2023-2024/05.09.23_NLDC_PSP.xls,2023-24/05.09.23_NLDC_PSP.xls,200,265728,85efe04159e07f553d39b04c592494ac22cba64c23fdfda89b7491220a655120,2026-09-14T14:06:58,05.09.23_NLDC_PSP|05-09-2023|attachment/xls
https://webcdn.grid-india.in/files/grdw/uploads/daily-reports/psp-reports/2023-2024/06.09.23_NLDC_PSP.xls,2023-24/06.09.23_NLDC_PSP.xls,200,250368,feabe6c9ed8494865b8677deedc978ffb62f6c0d5b21f3aa77208ab7a0861fc0,2026-09-14T14:06:59,06.09.23_NLDC_PSP|06-09-2023|attachment/xls
https://webcdn.grid-india.in/files/grdw/uploads/daily-reports/psp-reports/2023-2024/07.09.23_NLDC_PSP.xls,2023-24/07.09.23_NLDC_PSP.xls,200,265728,c09e1c9ddf69b6ae25f71f87e3c87f2c406e737be8157dacf5c6f1756387b6fc,2026-09-14T14:06:59,07.09.23_NLDC_PSP|07-09-2023|attachment/xls
https://webcdn.grid-india.in/files/grdw/uploads/daily-reports/psp-reports/2023-2024/08.09.23_NLDC_PSP.xls,2023-24/08.09.23_NLDC_PSP.xls,200,265216,9ce14e036c6dd529f169311ac50aefeb7607d2aca2100b1af90c32764ac84c54,2026-09-14T14:07:00,08.09.23_NLDC_PSP|08-09-2023|attachment/xls
https://webcdn.grid-india.in/files/grdw/uploads/daily-reports/psp-reports/2023-2024/09.09.23_NLDC_PSP.xls,2023-24/09.09.23_NLDC_PSP.xls,200,265728,3e5bcad34ae475380315152cd8b1409510d41af83d9e5da3e4b3cee9a29cc765,2026-09-14T14:07:00,09.09.23_NLDC_PSP|09-09-2023|attachment/xls
https://webcdn.grid-india.in/files/grdw/uploads/daily-reports/psp-reports/2023-2024/10.09.23_NLDC_PSP.xls,2023-24/10.09.23_NLDC_PSP.xls,200,265216,faa4b74c1679c1a61b6b79039b9f09dbed0778c1e5471c6949e28820bdefbf36,2026-09-14T14:07:01,10.09.23_NLDC_PSP|10-09-2023|attachment/xls
https://webcdn.grid-india.in/files/grdw/uploads/daily-reports/psp-reports/2023-2024/11.09.23_NLDC_PSP.xls,2023-24/11.09.23_NLDC_PSP.xls,200,265728,4e096c6d82765378c039460a28eeae22939d060d87d8493353c2758bd6720634,2026-09-14T14:07:01,11.09.23_NLDC_PSP|11-09-2023|attachment/xls
https://webcdn.grid-india.in/files/grdw/uploads/daily-reports/psp-reports/2023-2024/12.09.23_NLDC_PSP.xls,2023-24/12.09.23_NLDC_PSP.xls,200,250368,649c05bc951adf2f35de7015240144994b836ee5240ce841319d9831ce4022a0,2026-09-14T14:07:02,12.09.23_NLDC_PSP|12-09-2023|attachment/xls
https://webcdn.grid-india.in/files/grdw/uploads/daily-reports/psp-reports/2023-2024/13.09.23_NLDC_PSP.xls,2023-24/13.09.23_NLDC_PSP.xls,200,265728,75bf9ffa45691265f6b2ef88887af393154c797227270152d22a8490d89211fc,2026-09-14T14:07:02,13.09.23_NLDC_PSP|13-09-2023|attachment/xls
https://webcdn.grid-india.in/files/grdw/uploads/daily-reports/psp-reports/2023-2024/14.09.23_NLDC_PSP.xls,2023-24/14.09.23_NLDC_PSP.xls,200,265728,f7a6f783fdd7735bcf4e6b6de87d604553eab618f10c6242d22d10c1d5af9565,2026-09-14T14:07:03,14.09.23_NLDC_PSP|14-09-2023|attachment/xls
https://webcdn.grid-india.in/files/grdw/uploads/daily-reports/psp-reports/2023-2024/15.09.23_NLDC_PSP.xls,2023-24/15.09.23_NLDC_PSP.xls,200,265216,f059be2192a1f1e789cc79525ecb165c9cacd737a4bbe6cf5de8c97ba504d6c9,2026-09-14T14:07:03,15.09.23_NLDC_PSP|15-09-2023|attachment/xls
https://webcdn.grid-india.in/files/grdw/uploads/daily-reports/psp-reports/2023-2024/16.09.23_NLDC_PSP.xls,2023-24/16.09.23_NLDC_PSP.xls,200,265728,0ff6f9ba386bd62575c927efdd3e965ae7647de6cdd2992535b578f0806d48b6,2026-09-14T14:07:04,16.09.23_NLDC_PSP|16-09-2023|attachment/xls
https://webcdn.grid-india.in/files/grdw/uploads/daily-reports/psp-reports/2023-2024/17.09.23_NLDC_PSP.xls,2023-24/17.09.23_NLDC_PSP.xls,200,265728,5f21e302b7a677dadefd41823d3e129d8a84b11232c8a08a38665cfcb2e2891c,2026-09-14T14:07:04,17.09.23_NLDC_PSP|17-09-2023|attachment/xls
https://webcdn.grid-india.in/files/grdw/uploads/daily-reports/psp-reports/2023-2024/18.09.23_NLDC_PSP.xls,2023-24/18.09.23_NLDC_PSP.xls,200,265728,8fd530ba7ecf9b128303f0083c13bd6421adedce58c07b67a9ab24dd50282939,2026-09-14T14:07:05,18.09.23_NLDC_PSP|18-09-2023|attachment/xls
https://webcdn.grid-india.in/files/grdw/uploads/daily-reports/psp-reports/2023-2024/19.09.23_NLDC_PSP.xls,2023-24/19.09.23_NLDC_PSP.xls,200,265728,292e3b1c32d4818c8b076b923e85feff6d2db792214e954c9fb5b4517b1941d9,2026-09-14T14:07:05,19.09.23_NLDC_PSP|19-09-2023|attachment/xls
https://webcdn.grid-india.in/files/grdw/uploads/daily-reports/psp-reports/2023-2024/20.09.23_NLDC_PSP.xls,2023-24/20.09.23_NLDC_PSP.xls,200,265216,e2f96d39a131b6498da8409376e1875cba82cfc000f401f816cec160f063f4f1,2026-09-14T14:07:06,20.09.23_NLDC_PSP|20-09-2023|attachment/xls
https://webcdn.grid-india.in/files/grdw/uploads/daily-reports/psp-reports/2023-2024/21.09.23_NLDC_PSP.xls,2023-24/21.09.23_NLDC_PSP.xls,200,265728,ed3a87d741d457de44b9f208e72844a73edf5d4478cee4540289407a455e7acf,2026-09-14T14:07:06,21.09.23_NLDC_PSP|21-09-2023|attachment/xls
https://webcdn.grid-india.in/files/grdw/uploads/daily-reports/psp-reports/2023-2024/22.09.23_NLDC_PSP.xls,2023-24/22.09.23_NLDC_PSP.xls,200,250368,ad9b221cfe86c19c73d2aec546dee05cb1fa0429f06b0f8b410ad98fc8e3b489,2026-09-14T14:07:07,22.09.23_NLDC_PSP|22-09-2023|attachment/xls
https://webcdn.grid-india.in/files/grdw/uploads/daily-reports/psp-reports/2023-2024/23.09.23_NLDC_PSP.xls,2023-24/23.09.23_NLDC_PSP.xls,200,265216,3c7dd6fdf6ad4de144366a031a6ee2ae58d20ad28e40a1caf1f2bf5960f45891,2026-09-14T14:07:07,23.09.23_NLDC_PSP|23-09-2023|attachment/xls
https://webcdn.grid-india.in/files/grdw/uploads/daily-reports/psp-reports/2023-2024/24.09.23_NLDC_PSP.xls,2023-24/24.09.23_NLDC_PSP.xls,200,265728,fde4b4a2da2b7b9376fad57a499557d3a07c60205d533ad76cbf759aeca71873,2026-09-14T14:07:08,24.09.23_NLDC_PSP|24-09-2023|attachment/xls
https://webcdn.grid-india.in/files/grdw/uploads/daily-reports/psp-reports/2023-2024/25.09.23_NLDC_PSP.xls,2023-24/25.09.23_NLDC_PSP.xls,200,265216,4909a53dbdf4233dec48a32c9a72feabafdb2300571c96dcdfe7139035cd6f73,2026-09-14T14:07:08,25.09.23_NLDC_PSP|25-09-2023|attachment/xls
https://webcdn.grid-india.in/files/grdw/uploads/daily-reports/psp-reports/2023-2024/26.09.23_NLDC_PSP.xls,2023-24/26.09.23_NLDC_PSP.xls,200,250368,ca2bde888077cccf3923612397cbd0937d7692fc21e995c0c55b315698395716,2026-09-14T14:07:09,26.09.23_NLDC_PSP|26-09-2023|attachment/xls
https://webcdn.grid-india.in/files/grdw/uploads/daily-reports/psp-reports/2023-2024/27.09.23_NLDC_PSP.xls,2023-24/27.09.23_NLDC_PSP.xls,200,265216,6529b7bf144c583b1bd985004f542a3086402f19af5d5ad67779c8a69afb9851,2026-09-14T14:07:09,27.09.23_NLDC_PSP|27-09-2023|attachment/xls
https://webcdn.grid-india.in/files/grdw/uploads/daily-reports/psp-reports/2023-2024/28.09.23_NLDC_PSP.xls,2023-24/28.09.23_NLDC_PSP.xls,200,250368,6972785cc8c9ba811a6c1f02b747cdb08967234e084eae29526ec5c0689fc7d4,2026-09-14T14:07:10,28.09.23_NLDC_PSP|28-09-2023|attachment/xls
https://webcdn.grid-india.in/files/grdw/uploads/daily-reports/psp-reports/2023-2024/29.09.23_NLDC_PSP.xls,2023-24/29.09.23_NLDC_PSP.xls,200,265728,317fa2f9b4d09bc3954ed576f5b2afb48bb7e4a49d344cbb145e070c9d903f93,2026-09-14T14:07:10,29.09.23_NLDC_PSP|29-09-2023|attachment/xls
https://webcdn.grid-india.in/files/grdw/uploads/daily-reports/psp-reports/2023-2024/30.09.23_NLDC_PSP.xls,2023-24/30.09.23_NLDC_PSP.xls,200,307712,8bd2c7e2142f89cd27a2b3ea163241dde80d59f13867643468c17113c9273611,2026-09-14T14:07:11,30.09.23_NLDC_PSP|30-09-2023|attachment/xls
https://webcdn.grid-india.in/files/grdw/uploads/daily-reports/psp-reports/2023-2024/01.10.23_NLDC_PSP.xls,2023-24/01.10.23_NLDC_PSP.xls,200,266240,5966c0c78abff931e0873c22a79ab7e68c226146ed9f62628bd8a29fce30e1d2,2026-09-14T14:07:12,01.10.23_NLDC_PSP|01-10-2023|attachment/xls
https://webcdn.grid-india.in/files/grdw/uploads/daily-reports/psp-reports/2023-2024/02.10.23_NLDC_PSP.xls,2023-24/02.10.23_NLDC_PSP.xls,200,266240,fc802e0161c49d512455902a5e5b8eddee0eb3913ce849bfc5275fc6188343c4,2026-09-14T14:07:12,02.10.23_NLDC_PSP|02-10-2023|attachment/xls
https://webcdn.grid-india.in/files/grdw/uploads/daily-reports/psp-reports/2023-2024/03.10.23_NLDC_PSP.xls,2023-24/03.10.23_NLDC_PSP.xls,200,250368,4fcf723acffdd846f808ca6acac8a2d341eb30938c1d5e1e1cb8c539a97dd693,2026-09-14T14:07:13,03.10.23_NLDC_PSP|03-10-2023|attachment/xls
https://webcdn.grid-india.in/files/grdw/uploads/daily-reports/psp-reports/2023-2024/04.10.23_NLDC_PSP.xls,2023-24/04.10.23_NLDC_PSP.xls,200,265728,dba2d9bc8fc69db4439e23c80a9865f1707d054a7d6c0696721568256b39741d,2026-09-14T14:07:13,04.10.23_NLDC_PSP|04-10-2023|attachment/xls
https://webcdn.grid-india.in/files/grdw/uploads/daily-reports/psp-reports/2023-2024/05.10.23_NLDC_PSP.xls,2023-24/05.10.23_NLDC_PSP.xls,200,250368,2caec29893304f7009b841a1758b913fd8db16533cc4058ecac37a4ed2e7fbfc,2026-09-14T14:07:14,05.10.23_NLDC_PSP|05-10-2023|attachment/xls
https://webcdn.grid-india.in/files/grdw/uploads/daily-reports/psp-reports/2023-2024/06.10.23_NLDC_PSP.xls,2023-24/06.10.23_NLDC_PSP.xls,200,250368,e4dc6dddc6f83d542a0500eee623e72e50ee46b5221165e4762532a9ab39220c,2026-09-14T14:07:14,06.10.23_NLDC_PSP|06-10-2023|attachment/xls
https://webcdn.grid-india.in/files/grdw/uploads/daily-reports/psp-reports/2023-2024/07.10.23_NLDC_PSP.xls,2023-24/07.10.23_NLDC_PSP.xls,200,265728,29017ca97f20d789e2a6ea4e73d2b1dcefd5d041f922b53da2378cf71ee8c9c1,2026-09-14T14:07:15,07.10.23_NLDC_PSP|07-10-2023|attachment/xls
https://webcdn.grid-india.in/files/grdw/uploads/daily-reports/psp-reports/2023-2024/08.10.23_NLDC_PSP.xls,2023-24/08.10.23_NLDC_PSP.xls,200,250368,9fba729e1c0bcbb3a9a8c366b844eacb560f96b92fcd876436204cd9f8337ab1,2026-09-14T14:07:15,08.10.23_NLDC_PSP|08-10-2023|attachment/xls
https://webcdn.grid-india.in/files/grdw/uploads/daily-reports/psp-reports/2023-2024/09.10.23_NLDC_PSP.xls,2023-24/09.10.23_NLDC_PSP.xls,200,265728,311fb4d2348738a2aa4cd8e01836b381fc08225cb1ad59da157ad615e62947be,2026-09-14T14:07:16,09.10.23_NLDC_PSP|09-10-2023|attachment/xls
https://webcdn.grid-india.in/files/grdw/uploads/daily-reports/psp-reports/2023-2024/10.10.23_NLDC_PSP.xls,2023-24/10.10.23_NLDC_PSP.xls,200,265728,d25bd5bbeb696f3407fa75062472040f3afecd5a862b81327ba2ea51ca8bb78a,2026-09-14T14:07:16,10.10.23_NLDC_PSP|10-10-2023|attachment/xls
https://webcdn.grid-india.in/files/grdw/uploads/daily-reports/psp-reports/2023-2024/11.10.23_NLDC_PSP.xls,2023-24/11.10.23_NLDC_PSP.xls,200,265728,18cd793ab9d1a35356df675838d113ed58f2508186d23b5c795d9b0814faab71,2026-09-14T14:07:17,11.10.23_NLDC_PSP|11-10-2023|attachment/xls
https://webcdn.grid-india.in/files/grdw/uploads/daily-reports/psp-reports/2023-2024/12.10.23_NLDC_PSP.xls,2023-24/12.10.23_NLDC_PSP.xls,200,250368,bf681c6ac847003976d4acf34617c151be2406f4d3e22cbb90b6246cb0a03a8d,2026-09-14T14:07:17,12.10.23_NLDC_PSP|12-10-2023|attachment/xls
https://webcdn.grid-india.in/files/grdw/uploads/daily-reports/psp-reports/2023-2024/13.10.23_NLDC_PSP.xls,2023-24/13.10.23_NLDC_PSP.xls,200,265216,5ebe012b7182338ecea03bc6d0a94052a5de6830194c5c77b8024197acbd89ff,2026-09-14T14:07:18,13.10.23_NLDC_PSP|13-10-2023|attachment/xls
https://webcdn.grid-india.in/files/grdw/uploads/daily-reports/psp-reports/2023-2024/14.10.23_NLDC_PSP.xls,2023-24/14.10.23_NLDC_PSP.xls,200,265216,fee1096b828465474096358c5f0c38e5525b065c5e12c24bda0cc2b474ed8494,2026-09-14T14:07:18,14.10.23_NLDC_PSP|14-10-2023|attachment/xls
https://webcdn.grid-india.in/files/grdw/uploads/daily-reports/psp-reports/2023-2024/15.10.23_NLDC_PSP.xls,2023-24/15.10.23_NLDC_PSP.xls,200,265728,2b801b8d289135bc74264be7d4d8ae7f3b42831635a5ce45cf0a7441c9ace903,2026-09-14T14:07:19,15.10.23_NLDC_PSP|15-10-2023|attachment/xls
https://webcdn.grid-india.in/files/grdw/uploads/daily-reports/psp-reports/2023-2024/16.10.23_NLDC_PSP.xls,2023-24/16.10.23_NLDC_PSP.xls,200,250368,8af9c2b8038e672bcd607b854e779a5a182a72c744ec1e62eb441f1d00cc6390,2026-09-14T14:07:19,16.10.23_NLDC_PSP|16-10-2023|attachment/xls
https://webcdn.grid-india.in/files/grdw/uploads/daily-reports/psp-reports/2023-2024/17.10.23_NLDC_PSP.xls,2023-24/17.10.23_NLDC_PSP.xls,200,265728,11041a06fd70849e2e375c0399a7c79757a398aee1fe6530899bbe2d12a0acd9,2026-09-14T14:07:20,17.10.23_NLDC_PSP|17-10-2023|attachment/xls
https://webcdn.grid-india.in/files/grdw/uploads/daily-reports/psp-reports/2023-2024/18.10.23_NLDC_PSP.xls,2023-24/18.10.23_NLDC_PSP.xls,200,265728,d25a513a3cb89a4047fe8bd59630de17401cf4f7c14145632543bd399c6d9723,2026-09-14T14:07:20,18.10.23_NLDC_PSP|18-10-2023|attachment/xls
https://webcdn.grid-india.in/files/grdw/uploads/daily-reports/psp-reports/2023-2024/19.10.23_NLDC_PSP.xls,2023-24/19.10.23_NLDC_PSP.xls,200,265728,87b1ef4f1b7e3cac6c6ef14439fc5efc2fea9db009ea54b0f169ea0a0e8d0312,2026-09-14T14:07:21,19.10.23_NLDC_PSP|19-10-2023|attachment/xls
https://webcdn.grid-india.in/files/grdw/uploads/daily-reports/psp-reports/2023-2024/20.10.23_NLDC_PSP.xls,2023-24/20.10.23_NLDC_PSP.xls,200,307712,1b1a1e8aa68aed0f2bc930db90c0a0d51d301a5f9ec13e774c16693aeab56524,2026-09-14T14:07:21,20.10.23_NLDC_PSP|20-10-2023|attachment/xls
https://webcdn.grid-india.in/files/grdw/uploads/daily-reports/psp-reports/2023-2024/21.10.23_NLDC_PSP.xls,2023-24/21.10.23_NLDC_PSP.xls,200,265728,7493235ddd609e5b52f183dca857a2e8f3fddc12cd7e47d0a769a7a867154f49,2026-09-14T14:07:22,21.10.23_NLDC_PSP|21-10-2023|attachment/xls
https://webcdn.grid-india.in/files/grdw/uploads/daily-reports/psp-reports/2023-2024/22.10.23_NLDC_PSP.xls,2023-24/22.10.23_NLDC_PSP.xls,200,265728,b8115c74996118a1f70d63880ea3234a9adc1e16788ce5ad311c534c7a0722f6,2026-09-14T14:07:22,22.10.23_NLDC_PSP|22-10-2023|attachment/xls
https://webcdn.grid-india.in/files/grdw/uploads/daily-reports/psp-reports/2023-2024/23.10.23_NLDC_PSP.xls,2023-24/23.10.23_NLDC_PSP.xls,200,265728,fc618ecd1978d5e0a0eb911b233bed0f33becb75b63774ac97445e4b659b948c,2026-09-14T14:07:23,23.10.23_NLDC_PSP|23-10-2023|attachment/xls
https://webcdn.grid-india.in/files/grdw/uploads/daily-reports/psp-reports/2023-2024/24.10.23_NLDC_PSP.xls,2023-24/24.10.23_NLDC_PSP.xls,200,265728,eba96acd9af5f55b0be323884ecf71b65ad0bf1ef521ac811693e6243036b95c,2026-09-14T14:07:23,24.10.23_NLDC_PSP|24-10-2023|attachment/xls
https://webcdn.grid-india.in/files/grdw/uploads/daily-reports/psp-reports/2023-2024/25.10.23_NLDC_PSP.xls,2023-24/25.10.23_NLDC_PSP.xls,200,265728,3fbcd9d8519c5f231fdd4ab0a678fba938eacabc85f15522ba9b58e09657fdad,2026-09-14T14:07:24,25.10.23_NLDC_PSP|25-10-2023|attachment/xls
https://webcdn.grid-india.in/files/grdw/uploads/daily-reports/psp-reports/2023-2024/26.10.23_NLDC_PSP.xls,2023-24/26.10.23_NLDC_PSP.xls,200,265728,73f065532faffce59ac0ed7f202a80fa17f2d2e3149484229a11efb63b530b9d,2026-09-14T14:07:24,26.10.23_NLDC_PSP|26-10-2023|attachment/xls
https://webcdn.grid-india.in/files/grdw/uploads/daily-reports/psp-reports/2023-2024/27.10.23_NLDC_PSP.xls,2023-24/27.10.23_NLDC_PSP.xls,200,265728,37511bc8c243de468cc65e18f34f9d602637f77537d068c7ba2c5d2937aae70c,2026-09-14T14:07:25,27.10.23_NLDC_PSP|27-10-2023|attachment/xls
https://webcdn.grid-india.in/files/grdw/uploads/daily-reports/psp-reports/2023-2024/28.10.23_NLDC_PSP.xls,2023-24/28.10.23_NLDC_PSP.xls,200,250880,f42ec3aae4f80cae96c674ee2300f0fac5a6c382564cb252a51d364aa7d43b58,2026-09-14T14:07:25,28.10.23_NLDC_PSP|28-10-2023|attachment/xls
https://webcdn.grid-india.in/files/grdw/uploads/daily-reports/psp-reports/2023-2024/29.10.23_NLDC_PSP.xls,2023-24/29.10.23_NLDC_PSP.xls,200,265728,f31182e0a34ff9fa48ab213fe0127a010b52cd5700ef554b54a2ce41d26c1b42,2026-09-14T14:07:26,29.10.23_NLDC_PSP|29-10-2023|attachment/xls
https://webcdn.grid-india.in/files/grdw/uploads/daily-reports/psp-reports/2023-2024/30.10.23_NLDC_PSP.xls,2023-24/30.10.23_NLDC_PSP.xls,200,265728,bee3e98cf91b520d37d77456c4037d588973400f692b9ec4f437621522178213,2026-09-14T14:07:26,30.10.23_NLDC_PSP|30-10-2023|attachment/xls
https://webcdn.grid-india.in/files/grdw/uploads/daily-reports/psp-reports/2023-2024/31.10.23_NLDC_PSP.xls,2023-24/31.10.23_NLDC_PSP.xls,200,250880,213edf15eccc67ffb3831f8ed5d7740b63515eda0f603a16e9b477f4b61a73a7,2026-09-14T14:07:27,31.10.23_NLDC_PSP|31-10-2023|attachment/xls
https://webcdn.grid-india.in/files/grdw/uploads/daily-reports/psp-reports/2023-2024/01.11.23_NLDC_PSP.xls,2023-24/01.11.23_NLDC_PSP.xls,200,265728,9e52431cf00efeec520234eb02ca21e0a4d55b9d26a87493a3345c6b5035b607,2026-09-14T14:07:28,01.11.23_NLDC_PSP|01-11-2023|attachment/xls
https://webcdn.grid-india.in/files/grdw/uploads/daily-reports/psp-reports/2023-2024/02.11.23_NLDC_PSP.xls,2023-24/02.11.23_NLDC_PSP.xls,200,265728,39420ef9a92729f25076df86aa7252e173d47a6a3003b2382a5765c79fc27ac6,2026-09-14T14:07:29,02.11.23_NLDC_PSP|02-11-2023|attachment/xls
https://webcdn.grid-india.in/files/grdw/uploads/daily-reports/psp-reports/2023-2024/03.11.23_NLDC_PSP.xls,2023-24/03.11.23_NLDC_PSP.xls,200,265728,98becb29f274585ca92ff2b4c36b3a39c5baa71201d7aad4a197350ffe163118,2026-09-14T14:07:29,03.11.23_NLDC_PSP|03-11-2023|attachment/xls
https://webcdn.grid-india.in/files/grdw/uploads/daily-reports/psp-reports/2023-2024/04.11.23_NLDC_PSP.xls,2023-24/04.11.23_NLDC_PSP.xls,200,265728,4b938a2736aefa1bc36651fa31d3f0e7cb20b35c74043ed20420d0fb16038b0b,2026-09-14T14:07:30,04.11.23_NLDC_PSP|04-11-2023|attachment/xls
https://webcdn.grid-india.in/files/grdw/uploads/daily-reports/psp-reports/2023-2024/05.11.23_NLDC_PSP.xls,2023-24/05.11.23_NLDC_PSP.xls,200,265728,43ad296d85e835266855c6b12458f5e3e6bcfa741697023b06a309a9b1d21b4d,2026-09-14T14:07:30,05.11.23_NLDC_PSP|05-11-2023|attachment/xls
https://webcdn.grid-india.in/files/grdw/uploads/daily-reports/psp-reports/2023-2024/06.11.23_NLDC_PSP.xls,2023-24/06.11.23_NLDC_PSP.xls,200,265728,5cc2972dd0251a407e830094f019cd4d6713dc42bec200ac842630342ce7637b,2026-09-14T14:07:30,06.11.23_NLDC_PSP|06-11-2023|attachment/xls
https://webcdn.grid-india.in/files/grdw/uploads/daily-reports/psp-reports/2023-2024/07.11.23_NLDC_PSP.xls,2023-24/07.11.23_NLDC_PSP.xls,200,250880,ae7a0ae8b3f0213e2b4949f4622724306c7e7ba89d1fc5108eb7ec830d533ca1,2026-09-14T14:07:31,07.11.23_NLDC_PSP|07-11-2023|attachment/xls
https://webcdn.grid-india.in/files/grdw/uploads/daily-reports/psp-reports/2023-2024/08.11.23_NLDC_PSP.xls,2023-24/08.11.23_NLDC_PSP.xls,200,265728,7e7d3376636cdfbc32be350a7981c589bff5692648223aa815aeb27e7cf36797,2026-09-14T14:07:31,08.11.23_NLDC_PSP|08-11-2023|attachment/xls
https://webcdn.grid-india.in/files/grdw/uploads/daily-reports/psp-reports/2023-2024/09.11.23_NLDC_PSP.xls,2023-24/09.11.23_NLDC_PSP.xls,200,250880,6909cc8412e49874b8c2b913eadff1bd892abf6e73fecb61dc9ac35f4bab28fc,2026-09-14T14:07:32,09.11.23_NLDC_PSP|09-11-2023|attachment/xls
https://webcdn.grid-india.in/files/grdw/uploads/daily-reports/psp-reports/2023-2024/10.11.23_NLDC_PSP.xls,2023-24/10.11.23_NLDC_PSP.xls,200,265728,0968ad6d05a1bd1b405caaa7bafc6042b108e48228d55c5bca495f5bd25716a8,2026-09-14T14:07:33,10.11.23_NLDC_PSP|10-11-2023|attachment/xls
https://webcdn.grid-india.in/files/grdw/uploads/daily-reports/psp-reports/2023-2024/11.11.23_NLDC_PSP.xls,2023-24/11.11.23_NLDC_PSP.xls,200,265728,507f35b1ddae24bf46e4f7fdb44937217de47caceeded0612552a9b882cb87e6,2026-09-14T14:07:33,11.11.23_NLDC_PSP|11-11-2023|attachment/xls
https://webcdn.grid-india.in/files/grdw/uploads/daily-reports/psp-reports/2023-2024/12.11.23_NLDC_PSP.xls,2023-24/12.11.23_NLDC_PSP.xls,200,265728,4cd37734347ab042018f0eae3dafb3a5961391b2fb5baee9ca93dc69f0133ece,2026-09-14T14:07:34,12.11.23_NLDC_PSP|12-11-2023|attachment/xls
https://webcdn.grid-india.in/files/grdw/uploads/daily-reports/psp-reports/2023-2024/13.11.23_NLDC_PSP.xls,2023-24/13.11.23_NLDC_PSP.xls,200,265728,23f5a68eb1e2a288204b5ddb430c8bc0d3e39c6556659117c9d3422f4874e4bb,2026-09-14T14:07:34,13.11.23_NLDC_PSP|13-11-2023|attachment/xls
https://webcdn.grid-india.in/files/grdw/uploads/daily-reports/psp-reports/2023-2024/14.11.23_NLDC_PSP.xls,2023-24/14.11.23_NLDC_PSP.xls,200,250880,e4bb5213f04ddc0bc2b086b917f2084ee8d3adaff73cc03f0204e02fda241e67,2026-09-14T14:07:34,14.11.23_NLDC_PSP|14-11-2023|attachment/xls
https://webcdn.grid-india.in/files/grdw/uploads/daily-reports/psp-reports/2023-2024/15.11.23_NLDC_PSP.xls,2023-24/15.11.23_NLDC_PSP.xls,200,265216,e640cfdeee432d00fbd5f2ff1d43c0de9575473f2962f3c2446633ffb512f5b1,2026-09-14T14:07:35,15.11.23_NLDC_PSP|15-11-2023|attachment/xls
https://webcdn.grid-india.in/files/grdw/uploads/daily-reports/psp-reports/2023-2024/16.11.23_NLDC_PSP.xls,2023-24/16.11.23_NLDC_PSP.xls,200,308224,ff13fd80079970e07864263065fb23238b3e6fda4d538c529fc8ec5abafabf6a,2026-09-14T14:07:36,16.11.23_NLDC_PSP|16-11-2023|attachment/xls
https://webcdn.grid-india.in/files/grdw/uploads/daily-reports/psp-reports/2023-2024/17.11.23_NLDC_PSP.xls,2023-24/17.11.23_NLDC_PSP.xls,200,250880,38ffd4cf2d9199d8b05406e2ef8e93945f8d91dfe71553d2a59aa4d9749457e4,2026-09-14T14:07:36,17.11.23_NLDC_PSP|17-11-2023|attachment/xls
https://webcdn.grid-india.in/files/grdw/uploads/daily-reports/psp-reports/2023-2024/18.11.23_NLDC_PSP.xls,2023-24/18.11.23_NLDC_PSP.xls,200,265728,5f2a47e131e140ceddb317a3de1dbfe2bbbf576918685720b8e1a8ac3afa4505,2026-09-14T14:07:37,18.11.23_NLDC_PSP|18-11-2023|attachment/xls
https://webcdn.grid-india.in/files/grdw/uploads/daily-reports/psp-reports/2023-2024/19.11.23_NLDC_PSP.xls,2023-24/19.11.23_NLDC_PSP.xls,200,265728,106545f67b82428ede09a11b58c529f42ab3888b51e08a7ea7efcc092145c205,2026-09-14T14:07:37,19.11.23_NLDC_PSP|19-11-2023|attachment/xls
https://webcdn.grid-india.in/files/grdw/uploads/daily-reports/psp-reports/2023-2024/20.11.23_NLDC_PSP.xls,2023-24/20.11.23_NLDC_PSP.xls,200,269312,0b75c8f8b403d915f4d258d1dff3566201386d0bb9223ab54fb125178ae19180,2026-09-14T14:07:38,20.11.23_NLDC_PSP|20-11-2023|attachment/xls
https://webcdn.grid-india.in/files/grdw/uploads/daily-reports/psp-reports/2023-2024/21.11.23_NLDC_PSP.xls,2023-24/21.11.23_NLDC_PSP.xls,200,308224,dc5344b3b54a25b199c3732a63c567d2b3908637afd9aa1f8234dbf4f42bd74e,2026-09-14T14:07:38,21.11.23_NLDC_PSP|21-11-2023|attachment/xls
https://webcdn.grid-india.in/files/grdw/uploads/daily-reports/psp-reports/2023-2024/22.11.23_NLDC_PSP.xls,2023-24/22.11.23_NLDC_PSP.xls,200,266240,ea33e63d7627640927a54680a8d28ea3c37b29d5f8c0db63800fc6467e9f2a18,2026-09-14T14:07:39,22.11.23_NLDC_PSP|22-11-2023|attachment/xls
https://webcdn.grid-india.in/files/grdw/uploads/daily-reports/psp-reports/2023-2024/23.11.23_NLDC_PSP.xls,2023-24/23.11.23_NLDC_PSP.xls,200,265728,2e38a88b6169043caa139fed804e2c63ccf7c0805559a569d2b8fa9de7940182,2026-09-14T14:07:39,23.11.23_NLDC_PSP|23-11-2023|attachment/xls
https://webcdn.grid-india.in/files/grdw/uploads/daily-reports/psp-reports/2023-2024/24.11.23_NLDC_PSP.xls,2023-24/24.11.23_NLDC_PSP.xls,200,265728,5a5bf7339eb194dacedc9a594c02bbd705e4341117fbed1c727d5a5805d97666,2026-09-14T14:07:40,24.11.23_NLDC_PSP|24-11-2023|attachment/xls
https://webcdn.grid-india.in/files/grdw/uploads/daily-reports/psp-reports/2023-2024/25.11.23_NLDC_PSP.xls,2023-24/25.11.23_NLDC_PSP.xls,200,307712,f6b3e1dc54b95aafa6fc6b99e5a06005f1f079906c98ed9d45784e73bbbb0809,2026-09-14T14:07:40,25.11.23_NLDC_PSP|25-11-2023|attachment/xls
https://webcdn.grid-india.in/files/grdw/uploads/daily-reports/psp-reports/2023-2024/26.11.23_NLDC_PSP.xls,2023-24/26.11.23_NLDC_PSP.xls,200,265728,8434f689b969e1fa60291eef408ddd85114cab23db31d2d5d90b205883bb0630,2026-09-14T14:07:41,26.11.23_NLDC_PSP|26-11-2023|attachment/xls
https://webcdn.grid-india.in/files/grdw/uploads/daily-reports/psp-reports/2023-2024/27.11.23_NLDC_PSP.xls,2023-24/27.11.23_NLDC_PSP.xls,200,265728,2b7cec5e7f057f00ca239ea0943357d8d514db630a1956e5764d97e5ce4aa976,2026-09-14T14:07:41,27.11.23_NLDC_PSP|27-11-2023|attachment/xls
https://webcdn.grid-india.in/files/grdw/uploads/daily-reports/psp-reports/2023-2024/28.11.23_NLDC_PSP.xls,2023-24/28.11.23_NLDC_PSP.xls,200,265728,3fdb1345bff04b45d3b19510a5c31e280e6ec64828d285ed330f08d6e729da74,2026-09-14T14:07:42,28.11.23_NLDC_PSP|28-11-2023|attachment/xls
https://webcdn.grid-india.in/files/grdw/uploads/daily-reports/psp-reports/2023-2024/29.11.23_NLDC_PSP.xls,2023-24/29.11.23_NLDC_PSP.xls,200,266240,0e4f1fb42a0ce9be9215f2433aacc748f8be32ae877698eb84a4003c6bfdef5f,2026-09-14T14:07:42,29.11.23_NLDC_PSP|29-11-2023|attachment/xls
https://webcdn.grid-india.in/files/grdw/uploads/daily-reports/psp-reports/2023-2024/30.11.23_NLDC_PSP.xls,2023-24/30.11.23_NLDC_PSP.xls,200,265728,c06a887564b4cb76fb69bc09d2b3fe2e0e9bb61c65185c11da9d7f0e66588333,2026-09-14T14:07:43,30.11.23_NLDC_PSP|30-11-2023|attachment/xls
https://webcdn.grid-india.in/files/grdw/uploads/daily-reports/psp-reports/2023-2024/01.12.23_NLDC_PSP.xls,2023-24/01.12.23_NLDC_PSP.xls,200,266240,cfc6a8bb124b4ee77219bb554e096631bf5a47589b0bb191a7288472b758577a,2026-09-14T14:07:44,01.12.23_NLDC_PSP|01-12-2023|attachment/xls
https://webcdn.grid-india.in/files/grdw/uploads/daily-reports/psp-reports/2023-2024/02.12.23_NLDC_PSP.xls,2023-24/02.12.23_NLDC_PSP.xls,200,265728,6c9e0acea8d17759fe341a54cddc98f9902beef1a740ee4396cf288adc3dea18,2026-09-14T14:07:44,02.12.23_NLDC_PSP|02-12-2023|attachment/xls
https://webcdn.grid-india.in/files/grdw/uploads/daily-reports/psp-reports/2023-2024/03.12.23_NLDC_PSP.xls,2023-24/03.12.23_NLDC_PSP.xls,200,250880,49cc1b1043c130371a2bdf76f878e4cd4dfa1ff9ebe90a5184c2adad53f32dfc,2026-09-14T14:07:45,03.12.23_NLDC_PSP|03-12-2023|attachment/xls
https://webcdn.grid-india.in/files/grdw/uploads/daily-reports/psp-reports/2023-2024/04.12.23_NLDC_PSP.xls,2023-24/04.12.23_NLDC_PSP.xls,200,250880,b95f3b4af707ede06f87c0361be5c63b962ce4dd49a76cdf558d3ff45efca81c,2026-09-14T14:07:45,04.12.23_NLDC_PSP|04-12-2023|attachment/xls
https://webcdn.grid-india.in/files/grdw/uploads/daily-reports/psp-reports/2023-2024/05.12.23_NLDC_PSP.xls,2023-24/05.12.23_NLDC_PSP.xls,200,265728,828438a9ca3cf4d8d4ba36b70257b3148abc6697d0e6a47aaf8da51d5c65b035,2026-09-14T14:07:46,05.12.23_NLDC_PSP|05-12-2023|attachment/xls
https://webcdn.grid-india.in/files/grdw/uploads/daily-reports/psp-reports/2023-2024/06.12.23_NLDC_PSP.xls,2023-24/06.12.23_NLDC_PSP.xls,200,265728,38f48a03854388c73e70530276741730b1d4bd6dbf2a3a1829d069ba1a1e54ba,2026-09-14T14:07:46,06.12.23_NLDC_PSP|06-12-2023|attachment/xls
https://webcdn.grid-india.in/files/grdw/uploads/daily-reports/psp-reports/2023-2024/07.12.23_NLDC_PSP.xls,2023-24/07.12.23_NLDC_PSP.xls,200,265728,bea90a91a59cb1a6eb60a12cb99d75660db5e92670ab1f97509a312753b964a1,2026-09-14T14:07:47,07.12.23_NLDC_PSP|07-12-2023|attachment/xls
https://webcdn.grid-india.in/files/grdw/uploads/daily-reports/psp-reports/2023-2024/08.12.23_NLDC_PSP.xls,2023-24/08.12.23_NLDC_PSP.xls,200,265728,c1526523fb687f33bbcb55b38abcce79501ca0287cded25ab34984998e6e2417,2026-09-14T14:07:47,08.12.23_NLDC_PSP|08-12-2023|attachment/xls
https://webcdn.grid-india.in/files/grdw/uploads/daily-reports/psp-reports/2023-2024/09.12.23_NLDC_PSP.xls,2023-24/09.12.23_NLDC_PSP.xls,200,250880,c60a454f9192f28fa011d151fc9223e8ffde9c2c11b5eeb72d614c0cde0e644b,2026-09-14T14:07:48,09.12.23_NLDC_PSP|09-12-2023|attachment/xls
https://webcdn.grid-india.in/files/grdw/uploads/daily-reports/psp-reports/2023-2024/10.12.23_NLDC_PSP.xls,2023-24/10.12.23_NLDC_PSP.xls,200,266752,b5d39bd1293b6ef9682c2f9a862b1c7b36582b02f60af4b04ef52196ea4f6130,2026-09-14T14:07:48,10.12.23_NLDC_PSP|10-12-2023|attachment/xls
https://webcdn.grid-india.in/files/grdw/uploads/daily-reports/psp-reports/2023-2024/11.12.23_NLDC_PSP.xls,2023-24/11.12.23_NLDC_PSP.xls,200,265728,0392da963a33dc3d9816beb636f552687de1ac9486b2a0506dfd5d300b88834f,2026-09-14T14:07:49,11.12.23_NLDC_PSP|11-12-2023|attachment/xls
https://webcdn.grid-india.in/files/grdw/uploads/daily-reports/psp-reports/2023-2024/12.12.23_NLDC_PSP.xls,2023-24/12.12.23_NLDC_PSP.xls,200,265728,811c58495a6637fce88922598dc3a68a036a98404564b185843978f4f8dc2726,2026-09-14T14:07:49,12.12.23_NLDC_PSP|12-12-2023|attachment/xls
https://webcdn.grid-india.in/files/grdw/uploads/daily-reports/psp-reports/2023-2024/13.12.23_NLDC_PSP.xls,2023-24/13.12.23_NLDC_PSP.xls,200,265728,957bd78b5461fa01ecc19a627fe31cb6f3a40dcc3b611e0fc681ac7ca64df29d,2026-09-14T14:07:50,13.12.23_NLDC_PSP|13-12-2023|attachment/xls
https://webcdn.grid-india.in/files/grdw/uploads/daily-reports/psp-reports/2023-2024/14.12.23_NLDC_PSP.xls,2023-24/14.12.23_NLDC_PSP.xls,200,265728,1756f42a5673958976cab7c3ff9263c870f93e398829d94ec626fc7617d031e0,2026-09-14T14:07:50,14.12.23_NLDC_PSP|14-12-2023|attachment/xls
https://webcdn.grid-india.in/files/grdw/uploads/daily-reports/psp-reports/2023-2024/15.12.23_NLDC_PSP.xls,2023-24/15.12.23_NLDC_PSP.xls,200,266240,a57df265231ec04667691c0a61e43d718b148ca985f87779729a33cd6eac48d9,2026-09-14T14:07:51,15.12.23_NLDC_PSP|15-12-2023|attachment/xls
https://webcdn.grid-india.in/files/grdw/uploads/daily-reports/psp-reports/2023-2024/16.12.23_NLDC_PSP.xls,2023-24/16.12.23_NLDC_PSP.xls,200,265728,0b045a4310de50b575ba29ef1618ad815271026fe152cefb130fab51790901d1,2026-09-14T14:07:51,16.12.23_NLDC_PSP|16-12-2023|attachment/xls
https://webcdn.grid-india.in/files/grdw/uploads/daily-reports/psp-reports/2023-2024/17.12.23_NLDC_PSP.xls,2023-24/17.12.23_NLDC_PSP.xls,200,265728,e4dd949fd4cf5ab1e08f6f7abb44538ecfa1a9554b8b96d833ed06f880cd77b1,2026-09-14T14:07:52,17.12.23_NLDC_PSP|17-12-2023|attachment/xls
https://webcdn.grid-india.in/files/grdw/uploads/daily-reports/psp-reports/2023-2024/18.12.23_NLDC_PSP.xls,2023-24/18.12.23_NLDC_PSP.xls,200,250880,c925e14837bb3364b2ef6cab069e234b92850ae189fe92266e1c2dbbb06732d1,2026-09-14T14:07:52,18.12.23_NLDC_PSP|18-12-2023|attachment/xls
https://webcdn.grid-india.in/files/grdw/uploads/daily-reports/psp-reports/2023-2024/19.12.23_NLDC_PSP.xls,2023-24/19.12.23_NLDC_PSP.xls,200,307712,f3c41d477b5c496d3ed6f787a2e13cb6f6020e5d329ce266152541477e2da725,2026-09-14T14:07:53,19.12.23_NLDC_PSP|19-12-2023|attachment/xls
https://webcdn.grid-india.in/files/grdw/uploads/daily-reports/psp-reports/2023-2024/20.12.23_NLDC_PSP.xls,2023-24/20.12.23_NLDC_PSP.xls,200,250880,0ade21d971e63c6cf5be9618394e7e0ff001137f83c8c30762a86897fa9cfe77,2026-09-14T14:07:53,20.12.23_NLDC_PSP|20-12-2023|attachment/xls
https://webcdn.grid-india.in/files/grdw/uploads/daily-reports/psp-reports/2023-2024/21.12.23_NLDC_PSP.xls,2023-24/21.12.23_NLDC_PSP.xls,200,265728,0786428723f4ac69f0da1767ed0f9626521cc421575c8954064aa17e9442222a,2026-09-14T14:07:54,21.12.23_NLDC_PSP|21-12-2023|attachment/xls
https://webcdn.grid-india.in/files/grdw/uploads/daily-reports/psp-reports/2023-2024/22.12.23_NLDC_PSP.xls,2023-24/22.12.23_NLDC_PSP.xls,200,265728,d273851aece8d0b16c57d55611004e0314a15b678fe9f6b6450461fbb2a9872d,2026-09-14T14:07:54,22.12.23_NLDC_PSP|22-12-2023|attachment/xls
https://webcdn.grid-india.in/files/grdw/uploads/daily-reports/psp-reports/2023-2024/23.12.23_NLDC_PSP.xls,2023-24/23.12.23_NLDC_PSP.xls,200,265728,e923ae193356635e5d15c38c36b1e96a099463036aa16a10e608f7ae1c5ea66a,2026-09-14T14:07:55,23.12.23_NLDC_PSP|23-12-2023|attachment/xls
https://webcdn.grid-india.in/files/grdw/uploads/daily-reports/psp-reports/2023-2024/24.12.23_NLDC_PSP.xls,2023-24/24.12.23_NLDC_PSP.xls,200,265728,a778489d32ed3ca350609b8f9df8819c5afdd958680e88b0ada783d21fd88bf8,2026-09-14T14:07:55,24.12.23_NLDC_PSP|24-12-2023|attachment/xls
https://webcdn.grid-india.in/files/grdw/uploads/daily-reports/psp-reports/2023-2024/25.12.23_NLDC_PSP.xls,2023-24/25.12.23_NLDC_PSP.xls,200,265728,3b84bc7c0f09f05bbfab59cf55ad0cccdf95093ee033c7b3bb9d642dfa41dce9,2026-09-14T14:07:56,25.12.23_NLDC_PSP|25-12-2023|attachment/xls
https://webcdn.grid-india.in/files/grdw/uploads/daily-reports/psp-reports/2023-2024/26.12.23_NLDC_PSP.xls,2023-24/26.12.23_NLDC_PSP.xls,200,266240,abfe246fe2173e50449a481fc6c0d821513716fd8942719a4644ee6c9d8fec99,2026-09-14T14:07:56,26.12.23_NLDC_PSP|26-12-2023|attachment/xls
https://webcdn.grid-india.in/files/grdw/uploads/daily-reports/psp-reports/2023-2024/27.12.23_NLDC_PSP.xls,2023-24/27.12.23_NLDC_PSP.xls,200,265728,f2e23eb457f4678369986d3065ade8581c571189c56956e0dec03f34329ceaaf,2026-09-14T14:07:57,27.12.23_NLDC_PSP|27-12-2023|attachment/xls
https://webcdn.grid-india.in/files/grdw/uploads/daily-reports/psp-reports/2023-2024/28.12.23_NLDC_PSP.xls,2023-24/28.12.23_NLDC_PSP.xls,200,265728,3ad076c1ba4cf4e6b0c73758da0ed6afa4f46adb6800ca445ba624146d949051,2026-09-14T14:07:57,28.12.23_NLDC_PSP|28-12-2023|attachment/xls
https://webcdn.grid-india.in/files/grdw/uploads/daily-reports/psp-reports/2023-2024/29.12.23_NLDC_PSP.xls,2023-24/29.12.23_NLDC_PSP.xls,200,265728,696c1080a3676828897abef33584d8844eeeb330bda6d96346a9d8fa3d2d948f,2026-09-14T14:07:58,29.12.23_NLDC_PSP|29-12-2023|attachment/xls
https://webcdn.grid-india.in/files/grdw/uploads/daily-reports/psp-reports/2023-2024/30.12.23_NLDC_PSP.xls,2023-24/30.12.23_NLDC_PSP.xls,200,265728,83ab3b3a065b4605b92cefde21841af3cee6491bf2a6add47a505d20b022b7a6,2026-09-14T14:07:58,30.12.23_NLDC_PSP|30-12-2023|attachment/xls
https://webcdn.grid-india.in/files/grdw/uploads/daily-reports/psp-reports/2023-2024/31.12.23_NLDC_PSP.xls,2023-24/31.12.23_NLDC_PSP.xls,200,250880,b0178fba62410225a3f5ed1363775991c596344293f58f14c7c447cc72c143f9,2026-09-14T14:07:59,31.12.23_NLDC_PSP|31-12-2023|attachment/xls
https://webcdn.grid-india.in/files/grdw/uploads/daily-reports/psp-reports/2023-2024/01.01.24_NLDC_PSP.xls,2023-24/01.01.24_NLDC_PSP.xls,200,265728,136e8e0707efeef281b4e8bc3f64e6a50e2c86ad5b750629dc881654107dac35,2026-09-14T14:08:00,01.01.24_NLDC_PSP|01-01-2024|attachment/xls
https://webcdn.grid-india.in/files/grdw/uploads/daily-reports/psp-reports/2023-2024/02.01.24_NLDC_PSP.xls,2023-24/02.01.24_NLDC_PSP.xls,200,265728,49c27a75767bb5335235e76185545f89efdef6722f757da87813a625a5bbe4ee,2026-09-14T14:08:00,02.01.24_NLDC_PSP|02-01-2024|attachment/xls
https://webcdn.grid-india.in/files/grdw/uploads/daily-reports/psp-reports/2023-2024/03.01.24_NLDC_PSP.xls,2023-24/03.01.24_NLDC_PSP.xls,200,250880,8ad5cb1d7bf31baf7efadc54c077b96463fc54f1c163e0a0e3f278197fdea7b2,2026-09-14T14:08:01,03.01.24_NLDC_PSP|03-01-2024|attachment/xls
https://webcdn.grid-india.in/files/grdw/uploads/daily-reports/psp-reports/2023-2024/04.01.24_NLDC_PSP.xls,2023-24/04.01.24_NLDC_PSP.xls,200,265728,633ef5faa72911a76fdcaf8ae512b39d78d944ad426d8e973df96b650b5e081d,2026-09-14T14:08:01,04.01.24_NLDC_PSP|04-01-2024|attachment/xls
https://webcdn.grid-india.in/files/grdw/uploads/daily-reports/psp-reports/2023-2024/05.01.24_NLDC_PSP.xls,2023-24/05.01.24_NLDC_PSP.xls,200,250880,a3cf7c9fea049f14b6b0a7e7d220b783b46952f945ff22e4651737ea6b538b26,2026-09-14T14:08:02,05.01.24_NLDC_PSP|05-01-2024|attachment/xls
https://webcdn.grid-india.in/files/grdw/uploads/daily-reports/psp-reports/2023-2024/06.01.24_NLDC_PSP.xls,2023-24/06.01.24_NLDC_PSP.xls,200,266240,ef764bd7d3798382ad9b6fa39bfd31ecdd1f52db74514f7851648fe5ac803507,2026-09-14T14:08:02,06.01.24_NLDC_PSP|06-01-2024|attachment/xls
https://webcdn.grid-india.in/files/grdw/uploads/daily-reports/psp-reports/2023-2024/07.01.24_NLDC_PSP.xls,2023-24/07.01.24_NLDC_PSP.xls,200,266240,e9f8178d88d9ade330135105fe73779083f0ff158d19684784da68362172590b,2026-09-14T14:08:03,07.01.24_NLDC_PSP|07-01-2024|attachment/xls
https://webcdn.grid-india.in/files/grdw/uploads/daily-reports/psp-reports/2023-2024/08.01.24_NLDC_PSP.xls,2023-24/08.01.24_NLDC_PSP.xls,200,308224,57e784b2508f5fda08eff2b2b5f1deb2530c915558121b8840d9122a1efb6d64,2026-09-14T14:08:03,08.01.24_NLDC_PSP|08-01-2024|attachment/xls
https://webcdn.grid-india.in/files/grdw/uploads/daily-reports/psp-reports/2023-2024/09.01.24_NLDC_PSP.xls,2023-24/09.01.24_NLDC_PSP.xls,200,266240,b972b210074c521686ee75eda0f03d0150f2bed357681fd87471d3499aa5ee9f,2026-09-14T14:08:04,09.01.24_NLDC_PSP|09-01-2024|attachment/xls
https://webcdn.grid-india.in/files/grdw/uploads/daily-reports/psp-reports/2023-2024/10.01.24_NLDC_PSP.xls,2023-24/10.01.24_NLDC_PSP.xls,200,266240,94d0a7cd3a6af02a0fccf4f0dc2418573323909f08f2a99574524c8ef8d13f49,2026-09-14T14:08:04,10.01.24_NLDC_PSP|10-01-2024|attachment/xls
https://webcdn.grid-india.in/files/grdw/uploads/daily-reports/psp-reports/2023-2024/11.01.24_NLDC_PSP.xls,2023-24/11.01.24_NLDC_PSP.xls,200,265728,e205e9fdf07873e858f01dee8536e6072352e60ac50d7cec37926b2ea1e5afbe,2026-09-14T14:08:05,11.01.24_NLDC_PSP|11-01-2024|attachment/xls
https://webcdn.grid-india.in/files/grdw/uploads/daily-reports/psp-reports/2023-2024/12.01.24_NLDC_PSP.xls,2023-24/12.01.24_NLDC_PSP.xls,200,266240,b43f2a508c68c7b3357721521a7cb9e050863e3519049c6b5311ada8a74cf08d,2026-09-14T14:08:05,12.01.24_NLDC_PSP|12-01-2024|attachment/xls
https://webcdn.grid-india.in/files/grdw/uploads/daily-reports/psp-reports/2023-2024/13.01.24_NLDC_PSP.xls,2023-24/13.01.24_NLDC_PSP.xls,200,265728,716a3c9905b31fce21f3c08bec6b6634abc1b88a30ffa00665c1986a4c56a9b6,2026-09-14T14:08:06,13.01.24_NLDC_PSP|13-01-2024|attachment/xls
https://webcdn.grid-india.in/files/grdw/uploads/daily-reports/psp-reports/2023-2024/14.01.24_NLDC_PSP.xls,2023-24/14.01.24_NLDC_PSP.xls,200,265728,18c6867144264c3ccfe992709778554a3261e2e562389d99d45605c32c7c1fc0,2026-09-14T14:08:07,14.01.24_NLDC_PSP|14-01-2024|attachment/xls
https://webcdn.grid-india.in/files/grdw/uploads/daily-reports/psp-reports/2023-2024/15.01.24_NLDC_PSP.xls,2023-24/15.01.24_NLDC_PSP.xls,200,266240,eca2a5ac17d31d275c7dd91e3b194a0bd413d3c23871d9b7c173c2dab9c437b6,2026-09-14T14:08:07,15.01.24_NLDC_PSP|15-01-2024|attachment/xls
https://webcdn.grid-india.in/files/grdw/uploads/daily-reports/psp-reports/2023-2024/16.01.24_NLDC_PSP.xls,2023-24/16.01.24_NLDC_PSP.xls,200,265728,cfa0064d96a567945fb0f8c56345aa5c4f89d9909eaae4e518dcb2bc9b1c9c8e,2026-09-14T14:08:08,16.01.24_NLDC_PSP|16-01-2024|attachment/xls
https://webcdn.grid-india.in/files/grdw/uploads/daily-reports/psp-reports/2023-2024/17.01.24_NLDC_PSP.xls,2023-24/17.01.24_NLDC_PSP.xls,200,265728,22a49601742fec8e95fd722cc82b544900ba3cd757f991c9e426f9cd7d81553f,2026-09-14T14:08:08,17.01.24_NLDC_PSP|17-01-2024|attachment/xls
https://webcdn.grid-india.in/files/grdw/uploads/daily-reports/psp-reports/2023-2024/18.01.24_NLDC_PSP.xls,2023-24/18.01.24_NLDC_PSP.xls,200,266240,0fca6ad8a9dea53626f0fc0d987659da0de2f0e1a9310ef761b3743e46a1ed08,2026-09-14T14:08:08,18.01.24_NLDC_PSP|18-01-2024|attachment/xls
https://webcdn.grid-india.in/files/grdw/uploads/daily-reports/psp-reports/2023-2024/19.01.24_NLDC_PSP.xls,2023-24/19.01.24_NLDC_PSP.xls,200,266240,880c3621febbf87a3afa0041435beaa92dbf2284961e76cfe72d7f82668ffb0f,2026-09-14T14:08:09,19.01.24_NLDC_PSP|19-01-2024|attachment/xls
https://webcdn.grid-india.in/files/grdw/uploads/daily-reports/psp-reports/2023-2024/20.01.24_NLDC_PSP.xls,2023-24/20.01.24_NLDC_PSP.xls,200,265728,0df73b79e1059982fa141176ca0b2db575ce023a6bbc7ddb7ad6c2bb0efba9d5,2026-09-14T14:08:09,20.01.24_NLDC_PSP|20-01-2024|attachment/xls
https://webcdn.grid-india.in/files/grdw/uploads/daily-reports/psp-reports/2023-2024/21.01.24_NLDC_PSP.xls,2023-24/21.01.24_NLDC_PSP.xls,200,250880,6fc809a2deb85e0c1596268f093091e696ed80b275a3cff4845a9644c8e91f36,2026-09-14T14:08:10,21.01.24_NLDC_PSP|21-01-2024|attachment/xls
https://webcdn.grid-india.in/files/grdw/uploads/daily-reports/psp-reports/2023-2024/22.01.24_NLDC_PSP.xls,2023-24/22.01.24_NLDC_PSP.xls,200,250880,7c8c3617253dd25532c259701b3553b70d3cce5899d0d8d13d112bbe5ef50f2a,2026-09-14T14:08:11,22.01.24_NLDC_PSP|22-01-2024|attachment/xls
https://webcdn.grid-india.in/files/grdw/uploads/daily-reports/psp-reports/2023-2024/23.01.24_NLDC_PSP.xls,2023-24/23.01.24_NLDC_PSP.xls,200,265728,d759124db8e8da78d9f10cba23de69801af826609dd33eb06875088ca93cbabe,2026-09-14T14:08:11,23.01.24_NLDC_PSP|23-01-2024|attachment/xls
https://webcdn.grid-india.in/files/grdw/uploads/daily-reports/psp-reports/2023-2024/24.01.24_NLDC_PSP.xls,2023-24/24.01.24_NLDC_PSP.xls,200,266240,f398741517ff0c389ea275bf2a5f3eb1ac7e2c588069c288e191e46a48d3ece8,2026-09-14T14:08:12,24.01.24_NLDC_PSP|24-01-2024|attachment/xls
https://webcdn.grid-india.in/files/grdw/uploads/daily-reports/psp-reports/2023-2024/25.01.24_NLDC_PSP.xls,2023-24/25.01.24_NLDC_PSP.xls,200,265728,a1b5ccfc75ff65a7df6540e43fc1f6988b7c39c488b99b9dc35a9a368cdb728f,2026-09-14T14:08:12,25.01.24_NLDC_PSP|25-01-2024|attachment/xls
https://webcdn.grid-india.in/files/grdw/uploads/daily-reports/psp-reports/2023-2024/26.01.24_NLDC_PSP.xls,2023-24/26.01.24_NLDC_PSP.xls,200,307712,dc97e5d4434f4b31210c0dea7578f8671260135a8cbe4ce12857d37d7f0604ab,2026-09-14T14:08:13,26.01.24_NLDC_PSP|26-01-2024|attachment/xls
https://webcdn.grid-india.in/files/grdw/uploads/daily-reports/psp-reports/2023-2024/27.01.24_NLDC_PSP.xls,2023-24/27.01.24_NLDC_PSP.xls,200,266240,6ce9850b72359115ab87432c9ed6594aeb45d0f0cd0ad26f64d83750066febed,2026-09-14T14:08:13,27.01.24_NLDC_PSP|27-01-2024|attachment/xls
https://webcdn.grid-india.in/files/grdw/uploads/daily-reports/psp-reports/2023-2024/28.01.24_NLDC_PSP.xls,2023-24/28.01.24_NLDC_PSP.xls,200,250880,0da0f99d16e621538070c209493ef82bd00741ea4d1225f7fb9137677178079d,2026-09-14T14:08:13,28.01.24_NLDC_PSP|28-01-2024|attachment/xls
https://webcdn.grid-india.in/files/grdw/uploads/daily-reports/psp-reports/2023-2024/29.01.24_NLDC_PSP.xls,2023-24/29.01.24_NLDC_PSP.xls,200,250880,d0afb91020e0b680248ec68ce25c95237349e655eaa016d74c2ff141058b311d,2026-09-14T14:08:14,29.01.24_NLDC_PSP|29-01-2024|attachment/xls
https://webcdn.grid-india.in/files/grdw/uploads/daily-reports/psp-reports/2023-2024/30.01.24_NLDC_PSP.xls,2023-24/30.01.24_NLDC_PSP.xls,200,250880,864304085d54f9e31807951adcca460d48d946af8227d4ee5fdfb0a7ad8a0659,2026-09-14T14:08:15,30.01.24_NLDC_PSP|30-01-2024|attachment/xls
https://webcdn.grid-india.in/files/grdw/uploads/daily-reports/psp-reports/2023-2024/31.01.24_NLDC_PSP.xls,2023-24/31.01.24_NLDC_PSP.xls,200,265728,da1447cbb7661f9d0f54874593da7ffdf55bfa1857834c02cf2d7fd2dacd72d3,2026-09-14T14:08:15,31.01.24_NLDC_PSP|31-01-2024|attachment/xls
https://webcdn.grid-india.in/files/grdw/uploads/daily-reports/psp-reports/2023-2024/01.02.24_NLDC_PSP.xls,2023-24/01.02.24_NLDC_PSP.xls,200,266240,bd06a7b26bd7c73752f0874a04553d35dc285910ac720cab6766d9dedb93c29d,2026-09-14T14:08:16,01.02.24_NLDC_PSP|01-02-2024|attachment/xls
https://webcdn.grid-india.in/files/grdw/uploads/daily-reports/psp-reports/2023-2024/02.02.24_NLDC_PSP.xls,2023-24/02.02.24_NLDC_PSP.xls,200,265728,b726ce326c5f800965b1f9dba7e22351105a084b19ae64a92a34db552a699945,2026-09-14T14:08:17,02.02.24_NLDC_PSP|02-02-2024|attachment/xls
https://webcdn.grid-india.in/files/grdw/uploads/daily-reports/psp-reports/2023-2024/03.02.24_NLDC_PSP.xls,2023-24/03.02.24_NLDC_PSP.xls,200,250880,39bc2b36a62137562cc6b44bd782f75a062b255f0f979f596fb1ad07c11860a7,2026-09-14T14:08:17,03.02.24_NLDC_PSP|03-02-2024|attachment/xls
https://webcdn.grid-india.in/files/grdw/uploads/daily-reports/psp-reports/2023-2024/04.02.24_NLDC_PSP.xls,2023-24/04.02.24_NLDC_PSP.xls,200,250880,41dbb5954222492b8b9c67813ae4010027f76b88ec7ddc827c37260e6023fd6c,2026-09-14T14:08:18,04.02.24_NLDC_PSP|04-02-2024|attachment/xls
https://webcdn.grid-india.in/files/grdw/uploads/daily-reports/psp-reports/2023-2024/05.02.24_NLDC_PSP.xls,2023-24/05.02.24_NLDC_PSP.xls,200,250880,67b0f4fb24ef24fe12b0e21e1169ac0c1e51e314bb85188969009ac3d94b7964,2026-09-14T14:08:18,05.02.24_NLDC_PSP|05-02-2024|attachment/xls
https://webcdn.grid-india.in/files/grdw/uploads/daily-reports/psp-reports/2023-2024/06.02.24_NLDC_PSP.xls,2023-24/06.02.24_NLDC_PSP.xls,200,266240,c1b310d613d086769862c6c60a12d7b4e9155c9bbb2f2f3ec7b8c1bf69d5f864,2026-09-14T14:08:19,06.02.24_NLDC_PSP|06-02-2024|attachment/xls
https://webcdn.grid-india.in/files/grdw/uploads/daily-reports/psp-reports/2023-2024/07.02.24_NLDC_PSP.xls,2023-24/07.02.24_NLDC_PSP.xls,200,307712,ac29ab910e92c7473bcf8fd3a1378ac3a13b898f9358c6d489ec19147e7cdb25,2026-09-14T14:08:19,07.02.24_NLDC_PSP|07-02-2024|attachment/xls
https://webcdn.grid-india.in/files/grdw/uploads/daily-reports/psp-reports/2023-2024/08.02.24_NLDC_PSP.xls,2023-24/08.02.24_NLDC_PSP.xls,200,250880,ce4cf8e067fa7a733951258d062e8c920e9782e6093b178e3ad322fa1ab4890e,2026-09-14T14:08:20,08.02.24_NLDC_PSP|08-02-2024|attachment/xls
https://webcdn.grid-india.in/files/grdw/uploads/daily-reports/psp-reports/2023-2024/09.02.24_NLDC_PSP.xls,2023-24/09.02.24_NLDC_PSP.xls,200,266240,5721f886c7c8be479150023e65a697c211cfc0819e0d0852ef10434826222771,2026-09-14T14:08:20,09.02.24_NLDC_PSP|09-02-2024|attachment/xls
https://webcdn.grid-india.in/files/grdw/uploads/daily-reports/psp-reports/2023-2024/10.02.24_NLDC_PSP.xls,2023-24/10.02.24_NLDC_PSP.xls,200,250880,145104665d5b3e866459984bb9ccc7ae4066b73cb9d73370a4dfe1cb38e12c0c,2026-09-14T14:08:21,10.02.24_NLDC_PSP|10-02-2024|attachment/xls
https://webcdn.grid-india.in/files/grdw/uploads/daily-reports/psp-reports/2023-2024/11.02.24_NLDC_PSP.xls,2023-24/11.02.24_NLDC_PSP.xls,200,265728,02492b997d3a38690bf973d42f2220af0e709e37364ecd8d5cd34318f15c5b29,2026-09-14T14:08:21,11.02.24_NLDC_PSP|11-02-2024|attachment/xls
https://webcdn.grid-india.in/files/grdw/uploads/daily-reports/psp-reports/2023-2024/12.02.24_NLDC_PSP.xls,2023-24/12.02.24_NLDC_PSP.xls,200,265728,38d0bb16ada11002332ab76b84631a77bdf75665b4e0a1d1d8142c25293b0fab,2026-09-14T14:08:22,12.02.24_NLDC_PSP|12-02-2024|attachment/xls
https://webcdn.grid-india.in/files/grdw/uploads/daily-reports/psp-reports/2023-2024/13.02.24_NLDC_PSP.xls,2023-24/13.02.24_NLDC_PSP.xls,200,250880,64f06eb8cd6f8275603daa0e04f3ea0db803cc996147b10a56b6bd8dc7fb620a,2026-09-14T14:08:22,13.02.24_NLDC_PSP|13-02-2024|attachment/xls
https://webcdn.grid-india.in/files/grdw/uploads/daily-reports/psp-reports/2023-2024/14.02.24_NLDC_PSP.xls,2023-24/14.02.24_NLDC_PSP.xls,200,250880,58b6b1808856f640adf0035d39dceacb7ffddcbfd2397dcbd62e211d8994213c,2026-09-14T14:08:23,14.02.24_NLDC_PSP|14-02-2024|attachment/xls
https://webcdn.grid-india.in/files/grdw/uploads/daily-reports/psp-reports/2023-2024/15.02.24_NLDC_PSP.xls,2023-24/15.02.24_NLDC_PSP.xls,200,265728,9ca15ead8ca0f26a0db48f730913b8b72a43431e54cfc3eb153f272ffe9eefe0,2026-09-14T14:08:24,15.02.24_NLDC_PSP|15-02-2024|attachment/xls
https://webcdn.grid-india.in/files/grdw/uploads/daily-reports/psp-reports/2023-2024/16.02.24_NLDC_PSP.xls,2023-24/16.02.24_NLDC_PSP.xls,200,250880,bf2e4d15e2616351db778ef97a15020baf2612e34141554397e00c27a902c9bc,2026-09-14T14:08:24,16.02.24_NLDC_PSP|16-02-2024|attachment/xls
https://webcdn.grid-india.in/files/grdw/uploads/daily-reports/psp-reports/2023-2024/17.02.24_NLDC_PSP.xls,2023-24/17.02.24_NLDC_PSP.xls,200,266240,6faeb9708e3a4381e2f43833b3997585e32c1f407318051b87bc209c12d4cda2,2026-09-14T14:08:24,17.02.24_NLDC_PSP|17-02-2024|attachment/xls
https://webcdn.grid-india.in/files/grdw/uploads/daily-reports/psp-reports/2023-2024/18.02.24_NLDC_PSP.xls,2023-24/18.02.24_NLDC_PSP.xls,200,250880,910024218c8e22b5bdecfd0ead2b21ab59a3ea98da4eb5e76f32ea1958fab94c,2026-09-14T14:08:25,18.02.24_NLDC_PSP|18-02-2024|attachment/xls
https://webcdn.grid-india.in/files/grdw/uploads/daily-reports/psp-reports/2023-2024/19.02.24_NLDC_PSP.xls,2023-24/19.02.24_NLDC_PSP.xls,200,250880,92fb12700ec3fbaf0f418d607001259eb52c00c91d887f01191b0144c411404f,2026-09-14T14:08:25,19.02.24_NLDC_PSP|19-02-2024|attachment/xls
https://webcdn.grid-india.in/files/grdw/uploads/daily-reports/psp-reports/2023-2024/20.02.24_NLDC_PSP.xls,2023-24/20.02.24_NLDC_PSP.xls,200,266752,fc0a62b633e8ef68f10f7a8772e483956a21560095e6af01091b71f54afc06cd,2026-09-14T14:08:26,20.02.24_NLDC_PSP|20-02-2024|attachment/xls
https://webcdn.grid-india.in/files/grdw/uploads/daily-reports/psp-reports/2023-2024/21.02.24_NLDC_PSP.xls,2023-24/21.02.24_NLDC_PSP.xls,200,250880,d742febb90e10e89e795bbbc932e7aea7501790ab0377699d60d0814d235cc86,2026-09-14T14:08:26,21.02.24_NLDC_PSP|21-02-2024|attachment/xls
https://webcdn.grid-india.in/files/grdw/uploads/daily-reports/psp-reports/2023-2024/22.02.24_NLDC_PSP.xls,2023-24/22.02.24_NLDC_PSP.xls,200,250880,09e6e48c66068c730619409ecd0a5f1b91271e8de41becc2821fd4956c94cd6d,2026-09-14T14:08:27,22.02.24_NLDC_PSP|22-02-2024|attachment/xls
https://webcdn.grid-india.in/files/grdw/uploads/daily-reports/psp-reports/2023-2024/23.02.24_NLDC_PSP.xls,2023-24/23.02.24_NLDC_PSP.xls,200,265728,1d75df6e4ea2ff049a4ba678eafccec95e2dd3eef405577f0db58859eb398038,2026-09-14T14:08:27,23.02.24_NLDC_PSP|23-02-2024|attachment/xls
https://webcdn.grid-india.in/files/grdw/uploads/daily-reports/psp-reports/2023-2024/24.02.24_NLDC_PSP.xls,2023-24/24.02.24_NLDC_PSP.xls,200,266240,566eefbd827bada52715e7d178ae6371c27b07dc598085f1f560b325e01499f3,2026-09-14T14:08:28,24.02.24_NLDC_PSP|24-02-2024|attachment/xls
https://webcdn.grid-india.in/files/grdw/uploads/daily-reports/psp-reports/2023-2024/25.02.24_NLDC_PSP.xls,2023-24/25.02.24_NLDC_PSP.xls,200,265728,636b057b39dab5a1dc381d6bd30aa28956f538a75a78839357a2f60766b38ad6,2026-09-14T14:08:28,25.02.24_NLDC_PSP|25-02-2024|attachment/xls
https://webcdn.grid-india.in/files/grdw/uploads/daily-reports/psp-reports/2023-2024/26.02.24_NLDC_PSP.xls,2023-24/26.02.24_NLDC_PSP.xls,200,266240,ce55bb604c92e9aabf65cde6d13cedfc617cd27c0b4e05d06700d17931dc758b,2026-09-14T14:08:29,26.02.24_NLDC_PSP|26-02-2024|attachment/xls
https://webcdn.grid-india.in/files/grdw/uploads/daily-reports/psp-reports/2023-2024/27.02.24_NLDC_PSP.xls,2023-24/27.02.24_NLDC_PSP.xls,200,307712,5edd878b08e2ebb2efea359b99feea0d86d69cce1377d0b30b8cbd2a17248979,2026-09-14T14:08:29,27.02.24_NLDC_PSP|27-02-2024|attachment/xls
https://webcdn.grid-india.in/files/grdw/uploads/daily-reports/psp-reports/2023-2024/28.02.24_NLDC_PSP.xls,2023-24/28.02.24_NLDC_PSP.xls,200,266240,2803de348b3346fb0c5a354ed5e156f07728b227b268194d7a97ca0a912ded71,2026-09-14T14:08:30,28.02.24_NLDC_PSP|28-02-2024|attachment/xls
https://webcdn.grid-india.in/files/grdw/uploads/daily-reports/psp-reports/2023-2024/29.02.24_NLDC_PSP.xls,2023-24/29.02.24_NLDC_PSP.xls,200,265728,977439c13852e66b77dbb364de33492c22f499d2f66300d8f48fc7df70a4d3b4,2026-09-14T14:08:30,29.02.24_NLDC_PSP|29-02-2024|attachment/xls
https://webcdn.grid-india.in/files/grdw/uploads/daily-reports/psp-reports/2023-2024/01.03.24_NLDC_PSP.xls,2023-24/01.03.24_NLDC_PSP.xls,200,250880,962d20b4a93396a5907b8f440a7cd0eae234846923221b809e18e2587d16b7aa,2026-09-14T14:08:31,01.03.24_NLDC_PSP|01-03-2024|attachment/xls
https://webcdn.grid-india.in/files/grdw/uploads/daily-reports/psp-reports/2023-2024/02.03.24_NLDC_PSP.xls,2023-24/02.03.24_NLDC_PSP.xls,200,250880,f0d2ef20ae5f7a0c9d846797c40dd6f5f19da3add44b4ef19b32d7f7a97395b1,2026-09-14T14:08:32,02.03.24_NLDC_PSP|02-03-2024|attachment/xls
https://webcdn.grid-india.in/files/grdw/uploads/daily-reports/psp-reports/2023-2024/03.03.24_NLDC_PSP.xls,2023-24/03.03.24_NLDC_PSP.xls,200,266752,e1fb1e52d49069fe8c3bb51e39a73eb945f6a924690105983fdb77df42d3103d,2026-09-14T14:08:32,03.03.24_NLDC_PSP|03-03-2024|attachment/xls
https://webcdn.grid-india.in/files/grdw/uploads/daily-reports/psp-reports/2023-2024/04.03.24_NLDC_PSP.xls,2023-24/04.03.24_NLDC_PSP.xls,200,266240,dd9b52c4ade5201eb37801bbca47e0ca5287dc8186f1f0b4ea92444b9e47415f,2026-09-14T14:08:33,04.03.24_NLDC_PSP|04-03-2024|attachment/xls
https://webcdn.grid-india.in/files/grdw/uploads/daily-reports/psp-reports/2023-2024/05.03.24_NLDC_PSP.xls,2023-24/05.03.24_NLDC_PSP.xls,200,308224,4654cc716699e3a3a405d417d717512b655f6e4efe058aa48fcc0df196aff6f7,2026-09-14T14:08:33,05.03.24_NLDC_PSP|05-03-2024|attachment/xls
https://webcdn.grid-india.in/files/grdw/uploads/daily-reports/psp-reports/2023-2024/06.03.24_NLDC_PSP.xls,2023-24/06.03.24_NLDC_PSP.xls,200,250880,1a32052e3cceda5d04aa14319d53510e6f4c69d9e225db1afb4d572ac00e2732,2026-09-14T14:08:34,06.03.24_NLDC_PSP|06-03-2024|attachment/xls
https://webcdn.grid-india.in/files/grdw/uploads/daily-reports/psp-reports/2023-2024/07.03.24_NLDC_PSP.xls,2023-24/07.03.24_NLDC_PSP.xls,200,266240,e57ba552acfb8b9cd593ba97083374b67b144d2e316b4c2f2613c3e3b01a25d6,2026-09-14T14:08:34,07.03.24_NLDC_PSP|07-03-2024|attachment/xls
https://webcdn.grid-india.in/files/grdw/uploads/daily-reports/psp-reports/2023-2024/08.03.24_NLDC_PSP.xls,2023-24/08.03.24_NLDC_PSP.xls,200,250880,6a2273fba5ae30129663961fa23923f07c9db239725a53bc632f04c86addf9de,2026-09-14T14:08:35,08.03.24_NLDC_PSP|08-03-2024|attachment/xls
https://webcdn.grid-india.in/files/grdw/uploads/daily-reports/psp-reports/2023-2024/09.03.24_NLDC_PSP.xls,2023-24/09.03.24_NLDC_PSP.xls,200,250880,5d3f37884acf4c41260c9f71c9a83f662e52ea44787ab27d4277dac6eff31110,2026-09-14T14:08:35,09.03.24_NLDC_PSP|09-03-2024|attachment/xls
https://webcdn.grid-india.in/files/grdw/uploads/daily-reports/psp-reports/2023-2024/10.03.24_NLDC_PSP.xls,2023-24/10.03.24_NLDC_PSP.xls,200,265728,107bbce0cdca532174e030acefe856d8456ca6cc79f761b528bc289937ee5733,2026-09-14T14:08:36,10.03.24_NLDC_PSP|10-03-2024|attachment/xls
https://webcdn.grid-india.in/files/grdw/uploads/daily-reports/psp-reports/2023-2024/11.03.24_NLDC_PSP.xls,2023-24/11.03.24_NLDC_PSP.xls,200,267264,28ad83fd480fcb0c2c16469ac968d8d6adc6b1f7aafe84b8547eaf52d0d8e82e,2026-09-14T14:08:37,11.03.24_NLDC_PSP|11-03-2024|attachment/xls
https://webcdn.grid-india.in/files/grdw/uploads/daily-reports/psp-reports/2023-2024/12.03.24_NLDC_PSP.xls,2023-24/12.03.24_NLDC_PSP.xls,200,266240,f1605855f0d9562156a7675fcf276583e0eb869721912f3f6225f689ad4bd53d,2026-09-14T14:08:37,12.03.24_NLDC_PSP|12-03-2024|attachment/xls
https://webcdn.grid-india.in/files/grdw/uploads/daily-reports/psp-reports/2023-2024/13.03.24_NLDC_PSP.xls,2023-24/13.03.24_NLDC_PSP.xls,200,266240,c405c0fd58dc2f4c5ffeb42948f029aaddef41527b0d84dd056a3109c5bd0c09,2026-09-14T14:08:37,13.03.24_NLDC_PSP|13-03-2024|attachment/xls
https://webcdn.grid-india.in/files/grdw/uploads/daily-reports/psp-reports/2023-2024/14.03.24_NLDC_PSP.xls,2023-24/14.03.24_NLDC_PSP.xls,200,266752,1cb3a9d0423e51e4806d0b1eae1c2a6d628ac07ab91c72c02fba430b2fce2d64,2026-09-14T14:08:38,14.03.24_NLDC_PSP|14-03-2024|attachment/xls
https://webcdn.grid-india.in/files/grdw/uploads/daily-reports/psp-reports/2023-2024/15.03.24_NLDC_PSP.xls,2023-24/15.03.24_NLDC_PSP.xls,200,266240,e71c545522bc28c018038cbf18236c68c844a611d27fbbd8372dc1a33eef6184,2026-09-14T14:08:39,15.03.24_NLDC_PSP|15-03-2024|attachment/xls
https://webcdn.grid-india.in/files/grdw/uploads/daily-reports/psp-reports/2023-2024/16.03.24_NLDC_PSP.xls,2023-24/16.03.24_NLDC_PSP.xls,200,250880,16fa8f3c906a43ac2bfb5c6db2be45f89b15b59e5e26ec1e77ba18ef20e2e38a,2026-09-14T14:08:39,16.03.24_NLDC_PSP|16-03-2024|attachment/xls
https://webcdn.grid-india.in/files/grdw/uploads/daily-reports/psp-reports/2023-2024/17.03.24_NLDC_PSP.xls,2023-24/17.03.24_NLDC_PSP.xls,200,266240,1b9acbca4ee664979dcc8f04076ca192c79138cfbdab99691e37a4dc6c7a2044,2026-09-14T14:08:40,17.03.24_NLDC_PSP|17-03-2024|attachment/xls
https://webcdn.grid-india.in/files/grdw/uploads/daily-reports/psp-reports/2023-2024/18.03.24_NLDC_PSP.xls,2023-24/18.03.24_NLDC_PSP.xls,200,266240,b7be9965ccf56f803a5d4b9818d33dd7701e8a1ac40dc01489dc40d25db01b9c,2026-09-14T14:08:40,18.03.24_NLDC_PSP|18-03-2024|attachment/xls
https://webcdn.grid-india.in/files/grdw/uploads/daily-reports/psp-reports/2023-2024/19.03.24_NLDC_PSP.xls,2023-24/19.03.24_NLDC_PSP.xls,200,265728,c727c26f32628b439c04f7f9efe453976a3bd534dfd45bdbc6d1fe4fedb1691d,2026-09-14T14:08:41,19.03.24_NLDC_PSP|19-03-2024|attachment/xls
https://webcdn.grid-india.in/files/grdw/uploads/daily-reports/psp-reports/2023-2024/20.03.24_NLDC_PSP.xls,2023-24/20.03.24_NLDC_PSP.xls,200,266240,f1c7cb6b6785a12291695f992289c54d263c2611fb731e5928645317be2ee64c,2026-09-14T14:08:41,20.03.24_NLDC_PSP|20-03-2024|attachment/xls
https://webcdn.grid-india.in/files/grdw/uploads/daily-reports/psp-reports/2023-2024/21.03.24_NLDC_PSP.xls,2023-24/21.03.24_NLDC_PSP.xls,200,250880,eed0c6c34e22254b14d91f13031277743d33797b14e0c641309d47f62b760ece,2026-09-14T14:08:42,21.03.24_NLDC_PSP|21-03-2024|attachment/xls
https://webcdn.grid-india.in/files/grdw/uploads/daily-reports/psp-reports/2023-2024/22.03.24_NLDC_PSP.xls,2023-24/22.03.24_NLDC_PSP.xls,200,250880,ff383aa5863366579a4bd44182e383afb23c7b8b25c7569107aa54497fb5a814,2026-09-14T14:08:42,22.03.24_NLDC_PSP|22-03-2024|attachment/xls
https://webcdn.grid-india.in/files/grdw/uploads/daily-reports/psp-reports/2023-2024/23.03.24_NLDC_PSP.xls,2023-24/23.03.24_NLDC_PSP.xls,200,265728,47228f4cac2c845230d91a4cff1bc7d49ea82a197580a7c239ed68f50bd4ab21,2026-09-14T14:08:43,23.03.24_NLDC_PSP|23-03-2024|attachment/xls
https://webcdn.grid-india.in/files/grdw/uploads/daily-reports/psp-reports/2023-2024/24.03.24_NLDC_PSP.xls,2023-24/24.03.24_NLDC_PSP.xls,200,250880,5e5d181f00ef6cf6f824bb8b36164ec8d44f6618d97250c890310f8878e32cf4,2026-09-14T14:08:43,24.03.24_NLDC_PSP|24-03-2024|attachment/xls
https://webcdn.grid-india.in/files/grdw/uploads/daily-reports/psp-reports/2023-2024/25.03.24_NLDC_PSP.xls,2023-24/25.03.24_NLDC_PSP.xls,200,266240,9e829cee3723d4d5b0a7a1c16dbfd61d1afb033449d7d98ffb5788726bb344e4,2026-09-14T14:08:44,25.03.24_NLDC_PSP|25-03-2024|attachment/xls
https://webcdn.grid-india.in/files/grdw/uploads/daily-reports/psp-reports/2023-2024/26.03.24_NLDC_PSP.xls,2023-24/26.03.24_NLDC_PSP.xls,200,250880,425e126f33028350cbb8b4bd00628c1613ba9b922ab0f37ad833d2195274ab35,2026-09-14T14:08:44,26.03.24_NLDC_PSP|26-03-2024|attachment/xls
https://webcdn.grid-india.in/files/grdw/uploads/daily-reports/psp-reports/2023-2024/27.03.24_NLDC_PSP.xls,2023-24/27.03.24_NLDC_PSP.xls,200,266240,1848cd756d19f8d629a2aaea39b9afe2552a0a83c3c4e000df5467a7b762ca48,2026-09-14T14:08:45,27.03.24_NLDC_PSP|27-03-2024|attachment/xls
https://webcdn.grid-india.in/files/grdw/uploads/daily-reports/psp-reports/2023-2024/28.03.24_NLDC_PSP.xls,2023-24/28.03.24_NLDC_PSP.xls,200,266752,2dd47ceefd4b8b21a3db13ea18371157a51ca8033bed01afad5a4d836b5bde84,2026-09-14T14:08:45,28.03.24_NLDC_PSP|28-03-2024|attachment/xls
https://webcdn.grid-india.in/files/grdw/uploads/daily-reports/psp-reports/2023-2024/29.03.24_NLDC_PSP.xls,2023-24/29.03.24_NLDC_PSP.xls,200,265728,8e2f715a0013c3628f5be7b235e43163673457ca8135bede8848c11813e6f757,2026-09-14T14:08:46,29.03.24_NLDC_PSP|29-03-2024|attachment/xls
https://webcdn.grid-india.in/files/grdw/uploads/daily-reports/psp-reports/2023-2024/30.03.24_NLDC_PSP.xls,2023-24/30.03.24_NLDC_PSP.xls,200,250880,6aade21dc0799452210f26093c329aa1e5883267147bc3e3d8f0b056d7075d2c,2026-09-14T14:08:46,30.03.24_NLDC_PSP|30-03-2024|attachment/xls
https://webcdn.grid-india.in/files/grdw/uploads/daily-reports/psp-reports/2023-2024/31.03.24_NLDC_PSP.xls,2023-24/31.03.24_NLDC_PSP.xls,200,266240,c08934ecadbe9858854f6aa8c039d787294fafbfa91caa7ba78766aa24b3fb44,2026-09-14T14:08:47,31.03.24_NLDC_PSP|31-03-2024|attachment/xls
https://webcdn.grid-india.in/files/grdw/uploads/daily-reports/psp-reports/2024-2025/01.04.24_NLDC_PSP.xls,2024-25/01.04.24_NLDC_PSP.xls,200,250880,5cf918de42f1709f844a240e6972ceb6c7c84f4e0f590a97eb213d21b080f52a,2026-09-14T14:08:48,01.04.24_NLDC_PSP|01-04-2024|attachment/xls
https://webcdn.grid-india.in/files/grdw/uploads/daily-reports/psp-reports/2024-2025/02.04.24_NLDC_PSP.xls,2024-25/02.04.24_NLDC_PSP.xls,200,266240,ab43cfe9e257fb6c9d4d54b120435c284891fb95bed0cea856490366cbe2f560,2026-09-14T14:08:48,02.04.24_NLDC_PSP|02-04-2024|attachment/xls
https://webcdn.grid-india.in/files/grdw/uploads/daily-reports/psp-reports/2024-2025/03.04.24_NLDC_PSP.xls,2024-25/03.04.24_NLDC_PSP.xls,200,266240,e6b0d45dabc73cbf449a8ef7143a79abf18c60445b128f64410d6c1cf8dc39e1,2026-09-14T14:08:49,03.04.24_NLDC_PSP|03-04-2024|attachment/xls
https://webcdn.grid-india.in/files/grdw/uploads/daily-reports/psp-reports/2024-2025/04.04.24_NLDC_PSP.xls,2024-25/04.04.24_NLDC_PSP.xls,200,251392,6ce780383f3e09724ce2fe63e42f4499b135b35308f0a6ad5ae097344e9ceab4,2026-09-14T14:08:49,04.04.24_NLDC_PSP|04-04-2024|attachment/xls
https://webcdn.grid-india.in/files/grdw/uploads/daily-reports/psp-reports/2024-2025/05.04.24_NLDC_PSP.xls,2024-25/05.04.24_NLDC_PSP.xls,200,266752,41451be18f42ba61d2f700215a6830bbacdf4b83d68cb6778d0facddefa75690,2026-09-14T14:08:50,05.04.24_NLDC_PSP|05-04-2024|attachment/xls
https://webcdn.grid-india.in/files/grdw/uploads/daily-reports/psp-reports/2024-2025/06.04.24_NLDC_PSP.xls,2024-25/06.04.24_NLDC_PSP.xls,200,251392,85c73d46f150bec1421a1ca41d0a2c071f262cce27372ae54a4fd66f1209cb79,2026-09-14T14:08:51,06.04.24_NLDC_PSP|06-04-2024|attachment/xls
https://webcdn.grid-india.in/files/grdw/uploads/daily-reports/psp-reports/2024-2025/07.04.24_NLDC_PSP.xls,2024-25/07.04.24_NLDC_PSP.xls,200,251392,d779904a71845f7f03ff4cd70025caefe36e74db32682315e47332b1be01f3cf,2026-09-14T14:08:51,07.04.24_NLDC_PSP|07-04-2024|attachment/xls
https://webcdn.grid-india.in/files/grdw/uploads/daily-reports/psp-reports/2024-2025/08.04.24_NLDC_PSP.xls,2024-25/08.04.24_NLDC_PSP.xls,200,266240,50340dedc082b95968e7006744c81cb9b217c47a3c8948bbe2311449f3b3a6ca,2026-09-14T14:08:52,08.04.24_NLDC_PSP|08-04-2024|attachment/xls
https://webcdn.grid-india.in/files/grdw/uploads/daily-reports/psp-reports/2024-2025/09.04.24_NLDC_PSP.xls,2024-25/09.04.24_NLDC_PSP.xls,200,266752,41c73dd52312798f5c9e98a4c51be7c9b185283743bd693d38686fa61b1c5efd,2026-09-14T14:08:52,09.04.24_NLDC_PSP|09-04-2024|attachment/xls
https://webcdn.grid-india.in/files/grdw/uploads/daily-reports/psp-reports/2024-2025/10.04.24_NLDC_PSP.xls,2024-25/10.04.24_NLDC_PSP.xls,200,266240,2985532c66214a1771028f19fd8efd8711ccd2dbf2cbe55c49e45b9b107d2a98,2026-09-14T14:08:53,10.04.24_NLDC_PSP|10-04-2024|attachment/xls
https://webcdn.grid-india.in/files/grdw/uploads/daily-reports/psp-reports/2024-2025/11.04.24_NLDC_PSP.xls,2024-25/11.04.24_NLDC_PSP.xls,200,308224,571adb380454eb3c43433fce9752fbaa6f5e596774d134064e0647457feb9dc0,2026-09-14T14:08:53,11.04.24_NLDC_PSP|11-04-2024|attachment/xls
https://webcdn.grid-india.in/files/grdw/uploads/daily-reports/psp-reports/2024-2025/12.04.24_NLDC_PSP.xls,2024-25/12.04.24_NLDC_PSP.xls,200,266240,46ecd171e73f6177a1e50939100b124276238825061468ca32eceb07b8473be1,2026-09-14T14:08:54,12.04.24_NLDC_PSP|12-04-2024|attachment/xls
https://webcdn.grid-india.in/files/grdw/uploads/daily-reports/psp-reports/2024-2025/13.04.24_NLDC_PSP.xls,2024-25/13.04.24_NLDC_PSP.xls,200,266240,579dc2a60b0f289dbc6c9df3897f01f9fe9d167bf10aca227607f71591b62351,2026-09-14T14:08:54,13.04.24_NLDC_PSP|13-04-2024|attachment/xls
https://webcdn.grid-india.in/files/grdw/uploads/daily-reports/psp-reports/2024-2025/14.04.24_NLDC_PSP.xls,2024-25/14.04.24_NLDC_PSP.xls,200,266752,00ce44c7045ea8e13c1fe52e47d8373df24b19db7f84c2b772b3aca420dca19c,2026-09-14T14:08:55,14.04.24_NLDC_PSP|14-04-2024|attachment/xls
https://webcdn.grid-india.in/files/grdw/uploads/daily-reports/psp-reports/2024-2025/15.04.24_NLDC_PSP.xls,2024-25/15.04.24_NLDC_PSP.xls,200,266240,ab0f09b6812af3f09d16eaa3154095d03a570d85a365cf02c2c884bbd9823f63,2026-09-14T14:08:55,15.04.24_NLDC_PSP|15-04-2024|attachment/xls
https://webcdn.grid-india.in/files/grdw/uploads/daily-reports/psp-reports/2024-2025/16.04.24_NLDC_PSP.xls,2024-25/16.04.24_NLDC_PSP.xls,200,266240,84a0e0ce181fb9abba0fe215c79bf28985a15986ca43598d31c187c47fa89f50,2026-09-14T14:08:56,16.04.24_NLDC_PSP|16-04-2024|attachment/xls
https://webcdn.grid-india.in/files/grdw/uploads/daily-reports/psp-reports/2024-2025/17.04.24_NLDC_PSP.xls,2024-25/17.04.24_NLDC_PSP.xls,200,266752,f91d8b3ccb9c32efc6abc3f68f91a32df77e0902a9227c50b5f0e123b79ea451,2026-09-14T14:08:56,17.04.24_NLDC_PSP|17-04-2024|attachment/xls
https://webcdn.grid-india.in/files/grdw/uploads/daily-reports/psp-reports/2024-2025/18.04.24_NLDC_PSP.xls,2024-25/18.04.24_NLDC_PSP.xls,200,254464,ff99b708d996423c5043862f844371ce80d7fe7ddcb954be882c480296de5d9d,2026-09-14T14:08:57,18.04.24_NLDC_PSP|18-04-2024|attachment/xls
https://webcdn.grid-india.in/files/grdw/uploads/daily-reports/psp-reports/2024-2025/19.04.24_NLDC_PSP.xls,2024-25/19.04.24_NLDC_PSP.xls,200,254464,430ceef98a18e1bce76240dfbc1cd8276d0d75c17838e0ac055ea170a19052cf,2026-09-14T14:08:57,19.04.24_NLDC_PSP|19-04-2024|attachment/xls
https://webcdn.grid-india.in/files/grdw/uploads/daily-reports/psp-reports/2024-2025/20.04.24_NLDC_PSP.xls,2024-25/20.04.24_NLDC_PSP.xls,200,254464,e967049c76dcb7f41607952066b6cedfb45f6bcbe4df5f879bbe4a4a62ac7d6d,2026-09-14T14:08:58,20.04.24_NLDC_PSP|20-04-2024|attachment/xls
https://webcdn.grid-india.in/files/grdw/uploads/daily-reports/psp-reports/2024-2025/21.04.24_NLDC_PSP.xls,2024-25/21.04.24_NLDC_PSP.xls,200,269312,a0254bed343324fa45ddece988bf52d939becf5bb100db690f0cb032f132c271,2026-09-14T14:08:58,21.04.24_NLDC_PSP|21-04-2024|attachment/xls
https://webcdn.grid-india.in/files/grdw/uploads/daily-reports/psp-reports/2024-2025/22.04.24_NLDC_PSP.xls,2024-25/22.04.24_NLDC_PSP.xls,200,254464,2503cffa1c660df22adfd6fbabcfb7d21dccbc55ee84b5627e87707aa5bea336,2026-09-14T14:08:59,22.04.24_NLDC_PSP|22-04-2024|attachment/xls
https://webcdn.grid-india.in/files/grdw/uploads/daily-reports/psp-reports/2024-2025/23.04.24_NLDC_PSP.xls,2024-25/23.04.24_NLDC_PSP.xls,200,269312,f9de3147feec90a194807bc612b3dc835b57c42bc7f9f84420627152f42ed261,2026-09-14T14:08:59,23.04.24_NLDC_PSP|23-04-2024|attachment/xls
https://webcdn.grid-india.in/files/grdw/uploads/daily-reports/psp-reports/2024-2025/24.04.24_NLDC_PSP.xls,2024-25/24.04.24_NLDC_PSP.xls,200,254464,372af700dbf17a6fdd35bd4df52db0aff531394ffb75da329702f364694da12b,2026-09-14T14:09:00,24.04.24_NLDC_PSP|24-04-2024|attachment/xls
https://webcdn.grid-india.in/files/grdw/uploads/daily-reports/psp-reports/2024-2025/25.04.24_NLDC_PSP.xls,2024-25/25.04.24_NLDC_PSP.xls,200,254464,84cad276abbaf9edd46a60900c1e741a33ea272dfa2a2e18b82d93a8dd15bf3a,2026-09-14T14:09:00,25.04.24_NLDC_PSP|25-04-2024|attachment/xls
https://webcdn.grid-india.in/files/grdw/uploads/daily-reports/psp-reports/2024-2025/26.04.24_NLDC_PSP.xls,2024-25/26.04.24_NLDC_PSP.xls,200,269312,fa299be9ae7b949666875eecac1816d1bcb1cd2125d082f95d8b2eda17ba6ccb,2026-09-14T14:09:01,26.04.24_NLDC_PSP|26-04-2024|attachment/xls
https://webcdn.grid-india.in/files/grdw/uploads/daily-reports/psp-reports/2024-2025/27.04.24_NLDC_PSP.xls,2024-25/27.04.24_NLDC_PSP.xls,200,254464,ad4204e43730a34b6eba502a6e961c93c2cd4f5acd3f1fd437542badebdb2b67,2026-09-14T14:09:01,27.04.24_NLDC_PSP|27-04-2024|attachment/xls
https://webcdn.grid-india.in/files/grdw/uploads/daily-reports/psp-reports/2024-2025/28.04.24_NLDC_PSP.xls,2024-25/28.04.24_NLDC_PSP.xls,200,269312,fd765837b4faa5ed7c3574a405c7ef25815564c7249e490eeee955b68ab9b63b,2026-09-14T14:09:02,28.04.24_NLDC_PSP|28-04-2024|attachment/xls
https://webcdn.grid-india.in/files/grdw/uploads/daily-reports/psp-reports/2024-2025/29.04.24_NLDC_PSP.xls,2024-25/29.04.24_NLDC_PSP.xls,200,254464,3c39083891efb865320ac3772927d91f1f6347a8bc9fc015b5bd23f785c2adb2,2026-09-14T14:09:02,29.04.24_NLDC_PSP|29-04-2024|attachment/xls
https://webcdn.grid-india.in/files/grdw/uploads/daily-reports/psp-reports/2024-2025/30.04.24_NLDC_PSP.xls,2024-25/30.04.24_NLDC_PSP.xls,200,268800,41f4b2578e02548a503300619257c28284ac4bf1908f95fc83d0d90517ffbc8e,2026-09-14T14:09:03,30.04.24_NLDC_PSP|30-04-2024|attachment/xls
https://webcdn.grid-india.in/files/grdw/uploads/daily-reports/psp-reports/2024-2025/01.05.24_NLDC_PSP.xls,2024-25/01.05.24_NLDC_PSP.xls,200,272896,92d54c6848283c56cc39818fa0280e60e92882f0592a862b4b770a59e2ca05b7,2026-09-14T14:09:04,01.05.24_NLDC_PSP|01-05-2024|attachment/xls
https://webcdn.grid-india.in/files/grdw/uploads/daily-reports/psp-reports/2024-2025/02.05.24_NLDC_PSP.xls,2024-25/02.05.24_NLDC_PSP.xls,200,269312,bafe2298da77047728a7a1c23bbff6bdb0910e9101bc076748a5c5fca9acfebe,2026-09-14T14:09:04,02.05.24_NLDC_PSP|02-05-2024|attachment/xls
https://webcdn.grid-india.in/files/grdw/uploads/daily-reports/psp-reports/2024-2025/03.05.24_NLDC_PSP.xls,2024-25/03.05.24_NLDC_PSP.xls,200,311296,a66f217ae942dfe2966905d49d740d2f5a4f0669a4e32bfcb89b2377286ff7ac,2026-09-14T14:09:05,03.05.24_NLDC_PSP|03-05-2024|attachment/xls
https://webcdn.grid-india.in/files/grdw/uploads/daily-reports/psp-reports/2024-2025/04.05.24_NLDC_PSP.xls,2024-25/04.05.24_NLDC_PSP.xls,200,269312,999c708844c39818dd262832346e69150cbbd0c20123f85980a0defdc4076c31,2026-09-14T14:09:05,04.05.24_NLDC_PSP|04-05-2024|attachment/xls
https://webcdn.grid-india.in/files/grdw/uploads/daily-reports/psp-reports/2024-2025/05.05.24_NLDC_PSP.xls,2024-25/05.05.24_NLDC_PSP.xls,200,269312,42109f9020ab40834330ae7707955ec1d2b1df33bc5a50dd186cfb41e77fa04e,2026-09-14T14:09:06,05.05.24_NLDC_PSP|05-05-2024|attachment/xls
https://webcdn.grid-india.in/files/grdw/uploads/daily-reports/psp-reports/2024-2025/06.05.24_NLDC_PSP.xls,2024-25/06.05.24_NLDC_PSP.xls,200,254464,76a1c4e650183ed22f9fbf89a024179ac9be702621f00c3221257b50c537bd08,2026-09-14T14:09:06,06.05.24_NLDC_PSP|06-05-2024|attachment/xls
https://webcdn.grid-india.in/files/grdw/uploads/daily-reports/psp-reports/2024-2025/07.05.24_NLDC_PSP.xls,2024-25/07.05.24_NLDC_PSP.xls,200,269824,d03e5790cd3e7358a3bb21fea202f77ef8bd047cc657d4ae4310153734710983,2026-09-14T14:09:07,07.05.24_NLDC_PSP|07-05-2024|attachment/xls
https://webcdn.grid-india.in/files/grdw/uploads/daily-reports/psp-reports/2024-2025/08.05.24_NLDC_PSP.xls,2024-25/08.05.24_NLDC_PSP.xls,200,254464,6dc6a7f60846c883cdae4f2bd1298e28caeadf9ac73cbba853306135b87264c2,2026-09-14T14:09:07,08.05.24_NLDC_PSP|08-05-2024|attachment/xls
https://webcdn.grid-india.in/files/grdw/uploads/daily-reports/psp-reports/2024-2025/09.05.24_NLDC_PSP.xls,2024-25/09.05.24_NLDC_PSP.xls,200,254464,68c2329b8ff4ddd983e2a51da5d59610352ac1087420518b21f3c4902287a130,2026-09-14T14:09:08,09.05.24_NLDC_PSP|09-05-2024|attachment/xls
https://webcdn.grid-india.in/files/grdw/uploads/daily-reports/psp-reports/2024-2025/10.05.24_NLDC_PSP.xls,2024-25/10.05.24_NLDC_PSP.xls,200,269312,5e391d55e5d50ae6e6274346594d2a6bc8bdf71ec30e0acddb7fc0135c860503,2026-09-14T14:09:08,10.05.24_NLDC_PSP|10-05-2024|attachment/xls
https://webcdn.grid-india.in/files/grdw/uploads/daily-reports/psp-reports/2024-2025/11.05.24_NLDC_PSP.xls,2024-25/11.05.24_NLDC_PSP.xls,200,254464,d482ea29597784074d7da7b0bd1cb9a27ae935a239a0cc912abd5fc50b23db05,2026-09-14T14:09:09,11.05.24_NLDC_PSP|11-05-2024|attachment/xls
https://webcdn.grid-india.in/files/grdw/uploads/daily-reports/psp-reports/2024-2025/12.05.24_NLDC_PSP.xls,2024-25/12.05.24_NLDC_PSP.xls,200,254464,ed69dc208d0500448cddaf6d28c6f1c76398fd91de106cd640ef144991e5a766,2026-09-14T14:09:09,12.05.24_NLDC_PSP|12-05-2024|attachment/xls
https://webcdn.grid-india.in/files/grdw/uploads/daily-reports/psp-reports/2024-2025/13.05.24_NLDC_PSP.xls,2024-25/13.05.24_NLDC_PSP.xls,200,254464,68c1843230ccc3805328c6765325eecb4bcbfd065e53c0fc87eeec024133de27,2026-09-14T14:09:10,13.05.24_NLDC_PSP|13-05-2024|attachment/xls
https://webcdn.grid-india.in/files/grdw/uploads/daily-reports/psp-reports/2024-2025/14.05.24_NLDC_PSP.xls,2024-25/14.05.24_NLDC_PSP.xls,200,254464,8b3f15ed8e97ec5fac10bf2c48e0606d2247503e75c6659cb2f95dfee211586b,2026-09-14T14:09:10,14.05.24_NLDC_PSP|14-05-2024|attachment/xls
https://webcdn.grid-india.in/files/grdw/uploads/daily-reports/psp-reports/2024-2025/15.05.24_NLDC_PSP.xls,2024-25/15.05.24_NLDC_PSP.xls,200,269312,5fb4aa3ee686dc77f3cba04d197404bfe8c5f5f44b80bfe426f4c8d99f72776f,2026-09-14T14:09:11,15.05.24_NLDC_PSP|15-05-2024|attachment/xls
https://webcdn.grid-india.in/files/grdw/uploads/daily-reports/psp-reports/2024-2025/16.05.24_NLDC_PSP.xls,2024-25/16.05.24_NLDC_PSP.xls,200,254464,f49fd6e98394af40b6e7f0c1d312b1554089b3833dfc90ec1fd3ad45370aaa1c,2026-09-14T14:09:11,16.05.24_NLDC_PSP|16-05-2024|attachment/xls
https://webcdn.grid-india.in/files/grdw/uploads/daily-reports/psp-reports/2024-2025/17.05.24_NLDC_PSP.xls,2024-25/17.05.24_NLDC_PSP.xls,200,269312,1a599682882a240fb16a52fe29badc5e7375f638249958d19f9953eab1d8500c,2026-09-14T14:09:12,17.05.24_NLDC_PSP|17-05-2024|attachment/xls
https://webcdn.grid-india.in/files/grdw/uploads/daily-reports/psp-reports/2024-2025/18.05.24_NLDC_PSP.xls,2024-25/18.05.24_NLDC_PSP.xls,200,254464,35e828438a7e07eed29875043729f130e8549db6547589f6b4f673d74ec340be,2026-09-14T14:09:12,18.05.24_NLDC_PSP|18-05-2024|attachment/xls
https://webcdn.grid-india.in/files/grdw/uploads/daily-reports/psp-reports/2024-2025/19.05.24_NLDC_PSP.xls,2024-25/19.05.24_NLDC_PSP.xls,200,254464,d3491e9965651db7e4af20f2e3b60a989b51328ada3718f174850180bfbc8ec8,2026-09-14T14:09:13,19.05.24_NLDC_PSP|19-05-2024|attachment/xls
https://webcdn.grid-india.in/files/grdw/uploads/daily-reports/psp-reports/2024-2025/20.05.24_NLDC_PSP.xls,2024-25/20.05.24_NLDC_PSP.xls,200,269312,a64aa1025d3f5817ba6e6bd13c548bad1e19945cb3dae657c808abc2618677c5,2026-09-14T14:09:13,20.05.24_NLDC_PSP|20-05-2024|attachment/xls
https://webcdn.grid-india.in/files/grdw/uploads/daily-reports/psp-reports/2024-2025/21.05.24_NLDC_PSP.xls,2024-25/21.05.24_NLDC_PSP.xls,200,254464,cb633a7d23753eebbbeb19f5c52ec271a785018f22ad40fafd9032acbf1cdfd1,2026-09-14T14:09:14,21.05.24_NLDC_PSP|21-05-2024|attachment/xls
https://webcdn.grid-india.in/files/grdw/uploads/daily-reports/psp-reports/2024-2025/22.05.24_NLDC_PSP.xls,2024-25/22.05.24_NLDC_PSP.xls,200,254464,389ccd5e68dfae2e6b195b23d7da3facf2f65c9a01289b683d92e5459ce757e3,2026-09-14T14:09:14,22.05.24_NLDC_PSP|22-05-2024|attachment/xls
https://webcdn.grid-india.in/files/grdw/uploads/daily-reports/psp-reports/2024-2025/23.05.24_NLDC_PSP.xls,2024-25/23.05.24_NLDC_PSP.xls,200,254464,afc14a617902d60b7ad328e3d59774fe3a0bdf1b85be3bd385be7ae236e6eb35,2026-09-14T14:09:15,23.05.24_NLDC_PSP|23-05-2024|attachment/xls
https://webcdn.grid-india.in/files/grdw/uploads/daily-reports/psp-reports/2024-2025/24.05.24_NLDC_PSP.xls,2024-25/24.05.24_NLDC_PSP.xls,200,268800,fca57a199d8c697c0e1e56b5f133a5582978ff8cba025041817ad031da4a710d,2026-09-14T14:09:16,24.05.24_NLDC_PSP|24-05-2024|attachment/xls
https://webcdn.grid-india.in/files/grdw/uploads/daily-reports/psp-reports/2024-2025/25.05.24_NLDC_PSP.xls,2024-25/25.05.24_NLDC_PSP.xls,200,269312,5ccf887c5e5429483f19ec1f08971b65dd586c78ca8b4d4cb59e920dfc465d87,2026-09-14T14:09:16,25.05.24_NLDC_PSP|25-05-2024|attachment/xls
https://webcdn.grid-india.in/files/grdw/uploads/daily-reports/psp-reports/2024-2025/26.05.24_NLDC_PSP.xls,2024-25/26.05.24_NLDC_PSP.xls,200,269312,1eb0952b9256e06347b496bb9ec5841f43d280482f00db51ea50d8b39acd65ad,2026-09-14T14:09:16,26.05.24_NLDC_PSP|26-05-2024|attachment/xls
https://webcdn.grid-india.in/files/grdw/uploads/daily-reports/psp-reports/2024-2025/27.05.24_NLDC_PSP.xls,2024-25/27.05.24_NLDC_PSP.xls,200,269312,3566adc0ba8d78ba8ca36cc226c5d5e7371d85d06233b5eb825581f867451838,2026-09-14T14:09:17,27.05.24_NLDC_PSP|27-05-2024|attachment/xls
https://webcdn.grid-india.in/files/grdw/uploads/daily-reports/psp-reports/2024-2025/28.05.24_NLDC_PSP.xls,2024-25/28.05.24_NLDC_PSP.xls,200,269312,78b380354bc1cfd95eefe861c504b12d3386426ab6b559876a667d924df3a91d,2026-09-14T14:09:17,28.05.24_NLDC_PSP|28-05-2024|attachment/xls
https://webcdn.grid-india.in/files/grdw/uploads/daily-reports/psp-reports/2024-2025/29.05.24_NLDC_PSP.xls,2024-25/29.05.24_NLDC_PSP.xls,200,254464,2987c7f9481d31088472567893e41e39104382e073aa1ed4d6da15cd2285cbf3,2026-09-14T14:09:18,29.05.24_NLDC_PSP|29-05-2024|attachment/xls
https://webcdn.grid-india.in/files/grdw/uploads/daily-reports/psp-reports/2024-2025/30.05.24_NLDC_PSP.xls,2024-25/30.05.24_NLDC_PSP.xls,200,254464,0c88aab76e0654084f2f0e5846f0fcd0e0061f79572cb3f42644048fb7e76938,2026-09-14T14:09:18,30.05.24_NLDC_PSP|30-05-2024|attachment/xls
https://webcdn.grid-india.in/files/grdw/uploads/daily-reports/psp-reports/2024-2025/31.05.24_NLDC_PSP.xls,2024-25/31.05.24_NLDC_PSP.xls,200,271360,739c345a07748fda0c3eebee8cf6ba51fa9e638bdba7f34cd7b5ac6b083223ef,2026-09-14T14:09:19,31.05.24_NLDC_PSP|31-05-2024|attachment/xls
https://webcdn.grid-india.in/files/grdw/uploads/daily-reports/psp-reports/2024-2025/01.06.24_NLDC_PSP.xls,2024-25/01.06.24_NLDC_PSP.xls,200,269312,a12c2b12e0093b6ce4f522abf8a05b56abcd1ac88d823ae42754e40cc158b00e,2026-09-14T14:09:20,01.06.24_NLDC_PSP|01-06-2024|attachment/xls
https://webcdn.grid-india.in/files/grdw/uploads/daily-reports/psp-reports/2024-2025/02.06.24_NLDC_PSP.xls,2024-25/02.06.24_NLDC_PSP.xls,200,254464,5131dba191631373ce2eb89c13f99057dd9a1f70ee34a5d4902376d35bc8d422,2026-09-14T14:09:20,02.06.24_NLDC_PSP|02-06-2024|attachment/xls
https://webcdn.grid-india.in/files/grdw/uploads/daily-reports/psp-reports/2024-2025/03.06.24_NLDC_PSP.xls,2024-25/03.06.24_NLDC_PSP.xls,200,254464,2a3547459dee363ec2c9e37c7e0d4304d6090e4e9902fea2a7595e941b1df839,2026-09-14T14:09:21,03.06.24_NLDC_PSP|03-06-2024|attachment/xls
https://webcdn.grid-india.in/files/grdw/uploads/daily-reports/psp-reports/2024-2025/04.06.24_NLDC_PSP.xls,2024-25/04.06.24_NLDC_PSP.xls,200,311296,2398ce9ae418552822b1db06eba1e351f731dcc54f5f6f723d1ce50e6ab0a767,2026-09-14T14:09:22,04.06.24_NLDC_PSP|04-06-2024|attachment/xls
https://webcdn.grid-india.in/files/grdw/uploads/daily-reports/psp-reports/2024-2025/05.06.24_NLDC_PSP.xls,2024-25/05.06.24_NLDC_PSP.xls,200,254464,de5477baab57600e6117a0b837ac69fa8e70463e33f02a7763f61d9c99742b7a,2026-09-14T14:09:22,05.06.24_NLDC_PSP|05-06-2024|attachment/xls
https://webcdn.grid-india.in/files/grdw/uploads/daily-reports/psp-reports/2024-2025/06.06.24_NLDC_PSP.xls,2024-25/06.06.24_NLDC_PSP.xls,200,254464,f5d8446b29bd09bb06159207681afa2bb5a384255186896fffbda0e0fc5e93c2,2026-09-14T14:09:23,06.06.24_NLDC_PSP|06-06-2024|attachment/xls
https://webcdn.grid-india.in/files/grdw/uploads/daily-reports/psp-reports/2024-2025/07.06.24_NLDC_PSP.xls,2024-25/07.06.24_NLDC_PSP.xls,200,269312,575d1e7ff5dd09037f2a5fc13f73e93822f970f661ab89d90c68eba3dff5216f,2026-09-14T14:09:24,07.06.24_NLDC_PSP|07-06-2024|attachment/xls
https://webcdn.grid-india.in/files/grdw/uploads/daily-reports/psp-reports/2024-2025/08.06.24_NLDC_PSP.xls,2024-25/08.06.24_NLDC_PSP.xls,200,269824,4e1022e63fc93c9a90a7848d29305f56c5bfac7cd94a762718169f9f9b958ec9,2026-09-14T14:09:24,08.06.24_NLDC_PSP|08-06-2024|attachment/xls
https://webcdn.grid-india.in/files/grdw/uploads/daily-reports/psp-reports/2024-2025/09.06.24_NLDC_PSP.xls,2024-25/09.06.24_NLDC_PSP.xls,200,254464,a8cb1df04448054f76ae2e300c73157e7dfb776362fbe09db112a175c5c77ac2,2026-09-14T14:09:24,09.06.24_NLDC_PSP|09-06-2024|attachment/xls
https://webcdn.grid-india.in/files/grdw/uploads/daily-reports/psp-reports/2024-2025/10.06.24_NLDC_PSP.xls,2024-25/10.06.24_NLDC_PSP.xls,200,254464,e4a387fece5b53a72779922a04e0b52cf0c87631aa56d72621e1638b2c771db3,2026-09-14T14:09:25,10.06.24_NLDC_PSP|10-06-2024|attachment/xls
https://webcdn.grid-india.in/files/grdw/uploads/daily-reports/psp-reports/2024-2025/11.06.24_NLDC_PSP.xls,2024-25/11.06.24_NLDC_PSP.xls,200,254464,b94d9d0127c9c43b2c093ef2e680931c956d2adf568a9761a020ec532793002e,2026-09-14T14:09:25,11.06.24_NLDC_PSP|11-06-2024|attachment/xls
https://webcdn.grid-india.in/files/grdw/uploads/daily-reports/psp-reports/2024-2025/12.06.24_NLDC_PSP.xls,2024-25/12.06.24_NLDC_PSP.xls,200,254464,12a6ef9a261851234ef7a3b3f83d606f5f49a479fe82aa237a40e440e16ec17a,2026-09-14T14:09:26,12.06.24_NLDC_PSP|12-06-2024|attachment/xls
https://webcdn.grid-india.in/files/grdw/uploads/daily-reports/psp-reports/2024-2025/13.06.24_NLDC_PSP.xls,2024-25/13.06.24_NLDC_PSP.xls,200,254464,4e825f7276a82f5ef1a05127e79c49655d502e2e779460bcf770c98b4ea63e29,2026-09-14T14:09:26,13.06.24_NLDC_PSP|13-06-2024|attachment/xls
https://webcdn.grid-india.in/files/grdw/uploads/daily-reports/psp-reports/2024-2025/14.06.24_NLDC_PSP.xls,2024-25/14.06.24_NLDC_PSP.xls,200,254464,a5df139e2afc6befaa72bfeb0330e6b60450ab949d3297ad0ca665ac8eaf4c07,2026-09-14T14:09:27,14.06.24_NLDC_PSP|14-06-2024|attachment/xls
https://webcdn.grid-india.in/files/grdw/uploads/daily-reports/psp-reports/2024-2025/15.06.24_NLDC_PSP.xls,2024-25/15.06.24_NLDC_PSP.xls,200,268800,8c2be8d2e1c371fa3e68641e4e133d92812f0ff1c1af2096f38268ae56cef31c,2026-09-14T14:09:27,15.06.24_NLDC_PSP|15-06-2024|attachment/xls
https://webcdn.grid-india.in/files/grdw/uploads/daily-reports/psp-reports/2024-2025/16.06.24_NLDC_PSP.xls,2024-25/16.06.24_NLDC_PSP.xls,200,254464,608b27ca85e6aa92e849e7c6d4cb9ada4085fba4952e416eeb011b49c18eaa07,2026-09-14T14:09:28,16.06.24_NLDC_PSP|16-06-2024|attachment/xls
https://webcdn.grid-india.in/files/grdw/uploads/daily-reports/psp-reports/2024-2025/17.06.24_NLDC_PSP.xls,2024-25/17.06.24_NLDC_PSP.xls,200,254464,59723ac1fc44d0ddf8e882147cac765226d13d3aba172ce4f753c88cad5fade9,2026-09-14T14:09:28,17.06.24_NLDC_PSP|17-06-2024|attachment/xls
https://webcdn.grid-india.in/files/grdw/uploads/daily-reports/psp-reports/2024-2025/18.06.24_NLDC_PSP.xls,2024-25/18.06.24_NLDC_PSP.xls,200,268800,5e555301e5a2bafaaa4dc1f11838d05c241ca04f7a9a374e273dd5c050e3ef40,2026-09-14T14:09:29,18.06.24_NLDC_PSP|18-06-2024|attachment/xls
https://webcdn.grid-india.in/files/grdw/uploads/daily-reports/psp-reports/2024-2025/19.06.24_NLDC_PSP.xls,2024-25/19.06.24_NLDC_PSP.xls,200,254464,76ca14b46014922ec9c75a422b2f5f67596948f09503b899995c4c51ae15234f,2026-09-14T14:09:29,19.06.24_NLDC_PSP|19-06-2024|attachment/xls
https://webcdn.grid-india.in/files/grdw/uploads/daily-reports/psp-reports/2024-2025/20.06.24_NLDC_PSP.xls,2024-25/20.06.24_NLDC_PSP.xls,200,254464,4d1625ff5812b13ea6f656fb2f92df2f5f5e34354cd7d9c3210c42c605dace96,2026-09-14T14:09:30,20.06.24_NLDC_PSP|20-06-2024|attachment/xls
https://webcdn.grid-india.in/files/grdw/uploads/daily-reports/psp-reports/2024-2025/21.06.24_NLDC_PSP.xls,2024-25/21.06.24_NLDC_PSP.xls,200,254464,ba9723f1b9de3497cac4b7f5fe5820bf5ff07fe430ea555ab471eba09835da2d,2026-09-14T14:09:30,21.06.24_NLDC_PSP|21-06-2024|attachment/xls
https://webcdn.grid-india.in/files/grdw/uploads/daily-reports/psp-reports/2024-2025/22.06.24_NLDC_PSP.xls,2024-25/22.06.24_NLDC_PSP.xls,200,254464,7792357b832ed167bd6c3c2729dac8a4b8b48b5f336e51e87487592648c6029f,2026-09-14T14:09:31,22.06.24_NLDC_PSP|22-06-2024|attachment/xls
https://webcdn.grid-india.in/files/grdw/uploads/daily-reports/psp-reports/2024-2025/23.06.24_NLDC_PSP.xls,2024-25/23.06.24_NLDC_PSP.xls,200,254464,25bdfb899582a8adec0cad2d78946dfcd6c1e7e069e77273b30aebad121fae58,2026-09-14T14:09:31,23.06.24_NLDC_PSP|23-06-2024|attachment/xls
https://webcdn.grid-india.in/files/grdw/uploads/daily-reports/psp-reports/2024-2025/24.06.24_NLDC_PSP.xls,2024-25/24.06.24_NLDC_PSP.xls,200,270336,a90b7f207041a7029e7839fe4212eabb5aba7a09b6e2e98601544e63a6a37db9,2026-09-14T14:09:32,24.06.24_NLDC_PSP|24-06-2024|attachment/xls
https://webcdn.grid-india.in/files/grdw/uploads/daily-reports/psp-reports/2024-2025/25.06.24_NLDC_PSP.xls,2024-25/25.06.24_NLDC_PSP.xls,200,254464,7a2a72cbf8cf71a63eb5c9a8738439c0dc817b60c68cf69ea4ec8c6b80344a79,2026-09-14T14:09:32,25.06.24_NLDC_PSP|25-06-2024|attachment/xls
https://webcdn.grid-india.in/files/grdw/uploads/daily-reports/psp-reports/2024-2025/26.06.24_NLDC_PSP.xls,2024-25/26.06.24_NLDC_PSP.xls,200,311296,186e5e8171341be3b944ae79738d67b6b3eb61a47cb4e6e819db38faaed9bbc5,2026-09-14T14:09:33,26.06.24_NLDC_PSP|26-06-2024|attachment/xls
https://webcdn.grid-india.in/files/grdw/uploads/daily-reports/psp-reports/2024-2025/27.06.24_NLDC_PSP.xls,2024-25/27.06.24_NLDC_PSP.xls,200,269312,3114e9cbead6b5a9f967838d17549d7d28299d58e39f7d80ef131ba378222b56,2026-09-14T14:09:33,27.06.24_NLDC_PSP|27-06-2024|attachment/xls
https://webcdn.grid-india.in/files/grdw/uploads/daily-reports/psp-reports/2024-2025/28.06.24_NLDC_PSP.xls,2024-25/28.06.24_NLDC_PSP.xls,200,250880,ca05ce04fe23befc4e57198282a48cbfd5be387931bcc4fc6db2f757c7798388,2026-09-14T14:09:34,28.06.24_NLDC_PSP|28-06-2024|attachment/xls
https://webcdn.grid-india.in/files/grdw/uploads/daily-reports/psp-reports/2024-2025/29.06.24_NLDC_PSP.xls,2024-25/29.06.24_NLDC_PSP.xls,200,254464,a45f5b6eef1486321d7e93b79f387e39689f89ed0d2c341030022b5a951faf61,2026-09-14T14:09:34,29.06.24_NLDC_PSP|29-06-2024|attachment/xls
https://webcdn.grid-india.in/files/grdw/uploads/daily-reports/psp-reports/2024-2025/30.06.24_NLDC_PSP.xls,2024-25/30.06.24_NLDC_PSP.xls,200,266752,46bac7bf3189703d115c761ac7ddc4826ec73deff4b01cd2d6e01cb680b9b76e,2026-09-14T14:09:35,30.06.24_NLDC_PSP|30-06-2024|attachment/xls
https://webcdn.grid-india.in/files/grdw/uploads/daily-reports/psp-reports/2024-2025/01.07.24_NLDC_PSP.xls,2024-25/01.07.24_NLDC_PSP.xls,200,254464,e5fe42d9f88e2a690157dc6e869dd381df4c30017cd88557681086b33acc5b00,2026-09-14T14:09:36,01.07.24_NLDC_PSP|01-07-2024|attachment/xls
https://webcdn.grid-india.in/files/grdw/uploads/daily-reports/psp-reports/2024-2025/02.07.24_NLDC_PSP.xls,2024-25/02.07.24_NLDC_PSP.xls,200,254464,0e395cd354dc1ee76137f22f843d84d18720c5607ac6d01cdeb4776ed12eed49,2026-09-14T14:09:36,02.07.24_NLDC_PSP|02-07-2024|attachment/xls
https://webcdn.grid-india.in/files/grdw/uploads/daily-reports/psp-reports/2024-2025/03.07.24_NLDC_PSP.xls,2024-25/03.07.24_NLDC_PSP.xls,200,269312,5797a604add7c52fbd2a3faec3f54fd08f08ec05afe4ee59a183ecba816f6bbe,2026-09-14T14:09:37,03.07.24_NLDC_PSP|03-07-2024|attachment/xls
https://webcdn.grid-india.in/files/grdw/uploads/daily-reports/psp-reports/2024-2025/04.07.24_NLDC_PSP.xls,2024-25/04.07.24_NLDC_PSP.xls,200,269312,038a2886d2a1edbcf492188d40aa38ecbecda0cb046a622c8c884d008135bb62,2026-09-14T14:09:38,04.07.24_NLDC_PSP|04-07-2024|attachment/xls
https://webcdn.grid-india.in/files/grdw/uploads/daily-reports/psp-reports/2024-2025/05.07.24_NLDC_PSP.xls,2024-25/05.07.24_NLDC_PSP.xls,200,269312,f0450e28c9d410ccbbdc5fde3de9856566e006c58e32591b16d0ad3b155b52b6,2026-09-14T14:09:38,05.07.24_NLDC_PSP|05-07-2024|attachment/xls
https://webcdn.grid-india.in/files/grdw/uploads/daily-reports/psp-reports/2024-2025/06.07.24_NLDC_PSP.xls,2024-25/06.07.24_NLDC_PSP.xls,200,254464,c3b21f6d29ff8f484d667de2ffa3198974d8f7a745a8bd2e6377cb4156d8a83f,2026-09-14T14:09:39,06.07.24_NLDC_PSP|06-07-2024|attachment/xls
https://webcdn.grid-india.in/files/grdw/uploads/daily-reports/psp-reports/2024-2025/07.07.24_NLDC_PSP.xls,2024-25/07.07.24_NLDC_PSP.xls,200,254464,d800200a8d1fc728a387d1786be64dd558cdca741c4a2db5717e429e778c6e53,2026-09-14T14:09:39,07.07.24_NLDC_PSP|07-07-2024|attachment/xls
https://webcdn.grid-india.in/files/grdw/uploads/daily-reports/psp-reports/2024-2025/08.07.24_NLDC_PSP.xls,2024-25/08.07.24_NLDC_PSP.xls,200,254464,93bcfe722b8963fe6fa9de2b7185433a60281991a4bbef0d38f38df8052349a6,2026-09-14T14:09:40,08.07.24_NLDC_PSP|08-07-2024|attachment/xls
https://webcdn.grid-india.in/files/grdw/uploads/daily-reports/psp-reports/2024-2025/09.07.24_NLDC_PSP.xls,2024-25/09.07.24_NLDC_PSP.xls,200,254464,abe810b417637a3109e52a85da1f2bf08d43c7b9f23b13bba18bcda71c9c0d9e,2026-09-14T14:09:40,09.07.24_NLDC_PSP|09-07-2024|attachment/xls
https://webcdn.grid-india.in/files/grdw/uploads/daily-reports/psp-reports/2024-2025/10.07.24_NLDC_PSP.xls,2024-25/10.07.24_NLDC_PSP.xls,200,283136,a5e0274147af325ae7b1494ae0b579018a9c5d24d9ab7def5571bc36d3b7c984,2026-09-14T14:09:41,10.07.24_NLDC_PSP|10-07-2024|attachment/xls
https://webcdn.grid-india.in/files/grdw/uploads/daily-reports/psp-reports/2024-2025/11.07.24_NLDC_PSP.xls,2024-25/11.07.24_NLDC_PSP.xls,200,268800,96d0ed37555bcda7cdcf1ea8d41ae01ef1d3574322f1f8a5a295f016a8c3578c,2026-09-14T14:09:41,11.07.24_NLDC_PSP|11-07-2024|attachment/xls
https://webcdn.grid-india.in/files/grdw/uploads/daily-reports/psp-reports/2024-2025/12.07.24_NLDC_PSP.xls,2024-25/12.07.24_NLDC_PSP.xls,200,269312,1e546aabef71411c9a0ab4cd42c0120ede1cae66b657770450577cb9b50b96d1,2026-09-14T14:09:42,12.07.24_NLDC_PSP|12-07-2024|attachment/xls
https://webcdn.grid-india.in/files/grdw/uploads/daily-reports/psp-reports/2024-2025/13.07.24_NLDC_PSP.xls,2024-25/13.07.24_NLDC_PSP.xls,200,309760,f6e034885ac6ab59a891dfd9f5c28eaac0633eda1b6e98ebc0d3b4568198adbf,2026-09-14T14:09:42,13.07.24_NLDC_PSP|13-07-2024|attachment/xls
https://webcdn.grid-india.in/files/grdw/uploads/daily-reports/psp-reports/2024-2025/14.07.24_NLDC_PSP.xls,2024-25/14.07.24_NLDC_PSP.xls,200,311296,841fcb6ae2d2fcd2ccafe6fa84faa265121594dcd2bc4ec05a513491e9d4c6d0,2026-09-14T14:09:43,14.07.24_NLDC_PSP|14-07-2024|attachment/xls
https://webcdn.grid-india.in/files/grdw/uploads/daily-reports/psp-reports/2024-2025/15.07.24_NLDC_PSP.xls,2024-25/15.07.24_NLDC_PSP.xls,200,254464,eb9c39264ae611a25e673c7e2067795b7455a74a14ff3ae34aa49318c86a141c,2026-09-14T14:09:43,15.07.24_NLDC_PSP|15-07-2024|attachment/xls
https://webcdn.grid-india.in/files/grdw/uploads/daily-reports/psp-reports/2024-2025/16.07.24_NLDC_PSP.xls,2024-25/16.07.24_NLDC_PSP.xls,200,254464,14ca9c4126ef06f5102ef3f89a1dd04ada4c2c33cd98d6b5440ee4a24a5eee93,2026-09-14T14:09:44,16.07.24_NLDC_PSP|16-07-2024|attachment/xls
https://webcdn.grid-india.in/files/grdw/uploads/daily-reports/psp-reports/2024-2025/17.07.24_NLDC_PSP.xls,2024-25/17.07.24_NLDC_PSP.xls,200,254464,66e248b8a008e89206465ffb78379377a40a351da514b09e9154c783ef2045fd,2026-09-14T14:09:44,17.07.24_NLDC_PSP|17-07-2024|attachment/xls
https://webcdn.grid-india.in/files/grdw/uploads/daily-reports/psp-reports/2024-2025/18.07.24_NLDC_PSP.xls,2024-25/18.07.24_NLDC_PSP.xls,200,268800,b7bd89a6028d6f0f6be8b8f338fd36a50e9259d7c4393262756df46033172d2b,2026-09-14T14:09:45,18.07.24_NLDC_PSP|18-07-2024|attachment/xls
https://webcdn.grid-india.in/files/grdw/uploads/daily-reports/psp-reports/2024-2025/19.07.24_NLDC_PSP.xls,2024-25/19.07.24_NLDC_PSP.xls,200,268800,cbf24b703bfd15e60179456e074d825eb91022eadde50af52980c0b319d66270,2026-09-14T14:09:45,19.07.24_NLDC_PSP|19-07-2024|attachment/xls
https://webcdn.grid-india.in/files/grdw/uploads/daily-reports/psp-reports/2024-2025/20.07.24_NLDC_PSP.xls,2024-25/20.07.24_NLDC_PSP.xls,200,269312,254bb05706c063e7630bf5afe799f2fc9f06aebc6588f005d834dd55684e6953,2026-09-14T14:09:46,20.07.24_NLDC_PSP|20-07-2024|attachment/xls
https://webcdn.grid-india.in/files/grdw/uploads/daily-reports/psp-reports/2024-2025/21.07.24_NLDC_PSP.xls,2024-25/21.07.24_NLDC_PSP.xls,200,254464,4fc48114fc457993de0f31fa9c9b275995d98fda7936225b38f29822651ae65f,2026-09-14T14:09:46,21.07.24_NLDC_PSP|21-07-2024|attachment/xls
https://webcdn.grid-india.in/files/grdw/uploads/daily-reports/psp-reports/2024-2025/22.07.24_NLDC_PSP.xls,2024-25/22.07.24_NLDC_PSP.xls,200,268800,8adc6f63f5534a81a65846a7948ca28b42e1adf7334c1b165bd65849f24c5d1e,2026-09-14T14:09:47,22.07.24_NLDC_PSP|22-07-2024|attachment/xls
https://webcdn.grid-india.in/files/grdw/uploads/daily-reports/psp-reports/2024-2025/23.07.24_NLDC_PSP.xls,2024-25/23.07.24_NLDC_PSP.xls,200,254464,f64b962b9c73187f2035dfc6dcff676147bba71fdb77424c7c9b3c3502d02ad6,2026-09-14T14:09:47,23.07.24_NLDC_PSP|23-07-2024|attachment/xls
https://webcdn.grid-india.in/files/grdw/uploads/daily-reports/psp-reports/2024-2025/24.07.24_NLDC_PSP.xls,2024-25/24.07.24_NLDC_PSP.xls,200,268800,e938685f0006abe404a8127c6f154f2cf80e8874d9b138605cdec9a0f7d766ab,2026-09-14T14:09:48,24.07.24_NLDC_PSP|24-07-2024|attachment/xls
https://webcdn.grid-india.in/files/grdw/uploads/daily-reports/psp-reports/2024-2025/25.07.24_NLDC_PSP.xls,2024-25/25.07.24_NLDC_PSP.xls,200,269312,28465b6ae05b762b2470d67f1f2b4d973882b6d2285678152ed10bf8a13d9f4c,2026-09-14T14:09:48,25.07.24_NLDC_PSP|25-07-2024|attachment/xls
https://webcdn.grid-india.in/files/grdw/uploads/daily-reports/psp-reports/2024-2025/26.07.24_NLDC_PSP.xls,2024-25/26.07.24_NLDC_PSP.xls,200,254464,6d7ab74cbbc0885d6417211f581cdae1579ce231880c51375960f4300264a5fd,2026-09-14T14:09:49,26.07.24_NLDC_PSP|26-07-2024|attachment/xls
https://webcdn.grid-india.in/files/grdw/uploads/daily-reports/psp-reports/2024-2025/27.07.24_NLDC_PSP.xls,2024-25/27.07.24_NLDC_PSP.xls,200,254464,81975be34147416aa99f8934fdd16ffb0cd06ff33487c634ab93d114393ef63b,2026-09-14T14:09:49,27.07.24_NLDC_PSP|27-07-2024|attachment/xls
https://webcdn.grid-india.in/files/grdw/uploads/daily-reports/psp-reports/2024-2025/28.07.24_NLDC_PSP.xls,2024-25/28.07.24_NLDC_PSP.xls,200,269312,08cc76095a1e2540d7b81fd5872c74a791e6adabfaca9b40ff4aa895a37e5b37,2026-09-14T14:09:50,28.07.24_NLDC_PSP|28-07-2024|attachment/xls
https://webcdn.grid-india.in/files/grdw/uploads/daily-reports/psp-reports/2024-2025/29.07.24_NLDC_PSP.xls,2024-25/29.07.24_NLDC_PSP.xls,200,269312,ee6b6b572c8e38935c0df3444c3364c92e130d32a2c06ad678daf8c5673c174a,2026-09-14T14:09:50,29.07.24_NLDC_PSP|29-07-2024|attachment/xls
https://webcdn.grid-india.in/files/grdw/uploads/daily-reports/psp-reports/2024-2025/30.07.24_NLDC_PSP.xls,2024-25/30.07.24_NLDC_PSP.xls,200,254464,8eceed4ced40790d9682320964c71c8f8aa8456837114e7365a7d22b6ed17e5a,2026-09-14T14:09:51,30.07.24_NLDC_PSP|30-07-2024|attachment/xls
https://webcdn.grid-india.in/files/grdw/uploads/daily-reports/psp-reports/2024-2025/31.07.24_NLDC_PSP.xls,2024-25/31.07.24_NLDC_PSP.xls,200,254464,7bbc2a9808bd1c3ae76ca88e78362508e915a1ac0f6222362d895e387f705375,2026-09-14T14:09:51,31.07.24_NLDC_PSP|31-07-2024|attachment/xls
https://webcdn.grid-india.in/files/grdw/uploads/daily-reports/psp-reports/2024-2025/01.08.24_NLDC_PSP.xls,2024-25/01.08.24_NLDC_PSP.xls,200,254464,ae3ab4f38016670a866a6c04a8fd6eca8523e259a3812c0b4af7e650d075f4d5,2026-09-14T14:09:52,01.08.24_NLDC_PSP|01-08-2024|attachment/xls
https://webcdn.grid-india.in/files/grdw/uploads/daily-reports/psp-reports/2024-2025/02.08.24_NLDC_PSP.xls,2024-25/02.08.24_NLDC_PSP.xls,200,269312,e9e85f344cf60be6b49780c93630a6c97486fbb695fd6c30205198f2472b0dcd,2026-09-14T14:09:53,02.08.24_NLDC_PSP|02-08-2024|attachment/xls
https://webcdn.grid-india.in/files/grdw/uploads/daily-reports/psp-reports/2024-2025/03.08.24_NLDC_PSP.xls,2024-25/03.08.24_NLDC_PSP.xls,200,270336,4d2212bbe85bce63853f51bb74632213d4002f6d700a666c50ec72c73b39c693,2026-09-14T14:09:53,03.08.24_NLDC_PSP|03-08-2024|attachment/xls
https://webcdn.grid-india.in/files/grdw/uploads/daily-reports/psp-reports/2024-2025/04.08.24_NLDC_PSP.xls,2024-25/04.08.24_NLDC_PSP.xls,200,270336,8610683c5c6d6a528bfc42a91cc87f0813e311732ec5275f02297b0d68fb144f,2026-09-14T14:09:54,04.08.24_NLDC_PSP|04-08-2024|attachment/xls
https://webcdn.grid-india.in/files/grdw/uploads/daily-reports/psp-reports/2024-2025/05.08.24%20NLDC_PSP.xls,2024-25/05.08.24 NLDC_PSP.xls,200,266752,b0c35b9d94ea89694005a1891c6bfcec32aee42c7dd2dd9482ba677990374c40,2026-09-14T14:09:54,05.08.24 NLDC_PSP|05-08-2024|attachment/xls
https://webcdn.grid-india.in/files/grdw/uploads/daily-reports/psp-reports/2024-2025/05.08.24_NLDC_PSP.pdf,2024-25/05.08.24_NLDC_PSP.pdf,200,1384724,a8d76e06047797d48834f8e301fb65f8eee24dd2b639ac17dedb3857900a4daf,2026-09-14T14:09:55,05.08.24_NLDC_PSP|05-08-2024|attachment/pdf
https://webcdn.grid-india.in/files/grdw/uploads/daily-reports/psp-reports/2024-2025/06.08.24_NLDC_PSP.xls,2024-25/06.08.24_NLDC_PSP.xls,200,284160,06ffdcb4b1b5c734086dfecaf2cc7ae435d052184899390f64d57b3edfa8277a,2026-09-14T14:09:56,06.08.24_NLDC_PSP|06-08-2024|attachment/xls
https://webcdn.grid-india.in/files/grdw/uploads/daily-reports/psp-reports/2024-2025/07.08.24_NLDC_PSP.xls,2024-25/07.08.24_NLDC_PSP.xls,200,309760,54c323e8b4cb8bc1f81f77e05df0aafdb2b00e5b6ec2e01f9897c8a722460a47,2026-09-14T14:09:56,07.08.24_NLDC_PSP|07-08-2024|attachment/xls
https://webcdn.grid-india.in/files/grdw/uploads/daily-reports/psp-reports/2024-2025/08.08.24_NLDC_PSP.xls,2024-25/08.08.24_NLDC_PSP.xls,200,268800,2b544bb5d41d62b7f5b00e4c07e4a3720aa2d8aad1c7c3f3639f6655d1962a13,2026-09-14T14:09:57,08.08.24_NLDC_PSP|08-08-2024|attachment/xls
https://webcdn.grid-india.in/files/grdw/uploads/daily-reports/psp-reports/2024-2025/09.08.24_NLDC_PSP.xls,2024-25/09.08.24_NLDC_PSP.xls,200,268800,f5a5d0070ec34517c23522b9f51e1f04162d841bffb1dfa19d4ead317cfeec3b,2026-09-14T14:09:57,09.08.24_NLDC_PSP|09-08-2024|attachment/xls
https://webcdn.grid-india.in/files/grdw/uploads/daily-reports/psp-reports/2024-2025/10.08.24_NLDC_PSP.xls,2024-25/10.08.24_NLDC_PSP.xls,200,254464,bb0f93d8de357daf2131d3cea3e388b7598b10a17875b91aab3cc9fba4cc0807,2026-09-14T14:09:58,10.08.24_NLDC_PSP|10-08-2024|attachment/xls
https://webcdn.grid-india.in/files/grdw/uploads/daily-reports/psp-reports/2024-2025/11.08.24_NLDC_PSP.xls,2024-25/11.08.24_NLDC_PSP.xls,200,254464,a5636c3c821fb5efc786d3044711e12f3e7dc4dc358f03bad056bf14c512917a,2026-09-14T14:09:58,11.08.24_NLDC_PSP|11-08-2024|attachment/xls
https://webcdn.grid-india.in/files/grdw/uploads/daily-reports/psp-reports/2024-2025/12.08.24_NLDC_PSP.xls,2024-25/12.08.24_NLDC_PSP.xls,200,283136,d844ec09916eb8fc1c25be6d46a2721c3a42716ddbdec4177420c4de675cd133,2026-09-14T14:09:59,12.08.24_NLDC_PSP|12-08-2024|attachment/xls
https://webcdn.grid-india.in/files/grdw/uploads/daily-reports/psp-reports/2024-2025/13.08.24_NLDC_PSP.xls,2024-25/13.08.24_NLDC_PSP.xls,200,269312,13de4228e1a6b938ad082d6f58d6c7bd0cd3454d5eb67f1e787f99ab7789874a,2026-09-14T14:09:59,13.08.24_NLDC_PSP|13-08-2024|attachment/xls
https://webcdn.grid-india.in/files/grdw/uploads/daily-reports/psp-reports/2024-2025/14.08.24_NLDC_PSP.xls,2024-25/14.08.24_NLDC_PSP.xls,200,269312,cb2e017d965339211559d7d3997923e0f527fcf6ac393db120fd3a507bd7e484,2026-09-14T14:10:00,14.08.24_NLDC_PSP|14-08-2024|attachment/xls
https://webcdn.grid-india.in/files/grdw/uploads/daily-reports/psp-reports/2024-2025/15.08.24_NLDC_PSP.xls,2024-25/15.08.24_NLDC_PSP.xls,200,269824,07261737a8627a57b6479618bbb84a36dadbb716e2bc85c8a4a354cdd2f3201c,2026-09-14T14:10:00,15.08.24_NLDC_PSP|15-08-2024|attachment/xls
https://webcdn.grid-india.in/files/grdw/uploads/daily-reports/psp-reports/2024-2025/16.08.24_NLDC_PSP.xls,2024-25/16.08.24_NLDC_PSP.xls,200,254464,6af8b3af7e088fb6e297353b9e441621298c011bf5588fcda4ac842dc4dbd06c,2026-09-14T14:10:01,16.08.24_NLDC_PSP|16-08-2024|attachment/xls
https://webcdn.grid-india.in/files/grdw/uploads/daily-reports/psp-reports/2024-2025/17.08.24_NLDC_PSP.xls,2024-25/17.08.24_NLDC_PSP.xls,200,254464,a919dcb7cd88d6c2ad4e2360d74f5ef72374d9fc5459f3596646bb6ae58ba216,2026-09-14T14:10:01,17.08.24_NLDC_PSP|17-08-2024|attachment/xls
https://webcdn.grid-india.in/files/grdw/uploads/daily-reports/psp-reports/2024-2025/18.08.24_NLDC_PSP.xls,2024-25/18.08.24_NLDC_PSP.xls,200,254464,f9dfca91b90b0125c2cf1099a1afc59edb19305c245d8d5273f82a71415475a1,2026-09-14T14:10:02,18.08.24_NLDC_PSP|18-08-2024|attachment/xls
https://webcdn.grid-india.in/files/grdw/uploads/daily-reports/psp-reports/2024-2025/19.08.24_NLDC_PSP.pdf,2024-25/19.08.24_NLDC_PSP.pdf,200,1346514,ef4ec5feb5cddc57fbc9efdae31fdd659e9eca73b06ba7fe65f6a48dac1ef4e9,2026-09-14T14:10:03,19.08.24_NLDC_PSP|19-08-2024|attachment/pdf
https://webcdn.grid-india.in/files/grdw/uploads/daily-reports/psp-reports/2024-2025/19.08.24_NLDC_PSp.xls,2024-25/19.08.24_NLDC_PSp.xls,200,269312,064a7dc29a4c515d007c9ea062c889e4a6f5b5ea72869bed2b0511b5db3f25b0,2026-09-14T14:10:03,19.08.24_NLDC_PSp|19-08-2024|attachment/xls
https://webcdn.grid-india.in/files/grdw/uploads/daily-reports/psp-reports/2024-2025/20.08.24_NLDC_PSP.xls,2024-25/20.08.24_NLDC_PSP.xls,200,269312,64e835de811efe66b9b18a04ab7e16bd1de140f96be64fef4d10fa341367193a,2026-09-14T14:10:03,20.08.24_NLDC_PSP|20-08-2024|attachment/xls
https://webcdn.grid-india.in/files/grdw/uploads/daily-reports/psp-reports/2024-2025/21.08.24_NLDC_PSP.xls,2024-25/21.08.24_NLDC_PSP.xls,200,254464,2a2edb7de6295399baaea1a2bab1c4c5e17d3a9c2b22842f960dda8ff0255c76,2026-09-14T14:10:04,21.08.24_NLDC_PSP|21-08-2024|attachment/xls
https://webcdn.grid-india.in/files/grdw/uploads/daily-reports/psp-reports/2024-2025/22.08.24_NLDC_PSP.xls,2024-25/22.08.24_NLDC_PSP.xls,200,254464,bc2902471224967993dc714c5491417562cac4b071c7c0d7fdd4b2063bdb84c8,2026-09-14T14:10:05,22.08.24_NLDC_PSP|22-08-2024|attachment/xls
https://webcdn.grid-india.in/files/grdw/uploads/daily-reports/psp-reports/2024-2025/23.08.24_NLDC_PSP.xls,2024-25/23.08.24_NLDC_PSP.xls,200,254464,bb3332c6510facf2d81557ff36725a68bef96f2410d7f633b123f729be760dbd,2026-09-14T14:10:05,23.08.24_NLDC_PSP|23-08-2024|attachment/xls
https://webcdn.grid-india.in/files/grdw/uploads/daily-reports/psp-reports/2024-2025/24.08.24_NLDC_PSP.xls,2024-25/24.08.24_NLDC_PSP.xls,200,254464,b67d828b93b752773ab73ad19dd72d2dee307eb032474e94f7fe9aaef83d36da,2026-09-14T14:10:05,24.08.24_NLDC_PSP|24-08-2024|attachment/xls
https://webcdn.grid-india.in/files/grdw/uploads/daily-reports/psp-reports/2024-2025/25.08.24_NLDC_PSP.xls,2024-25/25.08.24_NLDC_PSP.xls,200,254464,f1bc4c40cc99efdbea80a11caf7b3037e75f6f8b293d3f28dc4c41e209e973aa,2026-09-14T14:10:06,25.08.24_NLDC_PSP|25-08-2024|attachment/xls
https://webcdn.grid-india.in/files/grdw/uploads/daily-reports/psp-reports/2024-2025/26.08.24_NLDC_PSP.xls,2024-25/26.08.24_NLDC_PSP.xls,200,254464,7f0d39ad15766d6a53b9fb795e5e21255cf32d3325a453822fb1daadab7c51c8,2026-09-14T14:10:07,26.08.24_NLDC_PSP|26-08-2024|attachment/xls
https://webcdn.grid-india.in/files/grdw/uploads/daily-reports/psp-reports/2024-2025/27.08.24_NLDC_PSP.xls,2024-25/27.08.24_NLDC_PSP.xls,200,254464,3ceeff250df46231a463a9f9db92c3f9b17ab67235bafaec2da881f159ae1062,2026-09-14T14:10:07,27.08.24_NLDC_PSP|27-08-2024|attachment/xls
https://webcdn.grid-india.in/files/grdw/uploads/daily-reports/psp-reports/2024-2025/28.08.24_NLDC_PSP.xls,2024-25/28.08.24_NLDC_PSP.xls,200,254464,25c2a7766f3049822250e86c6000242f1720574a265899f8db9c82d799ff322e,2026-09-14T14:10:08,28.08.24_NLDC_PSP|28-08-2024|attachment/xls
https://webcdn.grid-india.in/files/grdw/uploads/daily-reports/psp-reports/2024-2025/29.08.24_NLDC_PSP.xls,2024-25/29.08.24_NLDC_PSP.xls,200,297472,0182e4191d0d9c0bdc6cf90415b1d75b338aec6b25919983627cca9a7db12122,2026-09-14T14:10:08,29.08.24_NLDC_PSP|29-08-2024|attachment/xls
https://webcdn.grid-india.in/files/grdw/uploads/daily-reports/psp-reports/2024-2025/30.08.24_NLDC_PSP.xls,2024-25/30.08.24_NLDC_PSP.xls,200,254464,cd11cc6226a3b0926d82f798093da6ee483bad0469e431493a42688e77cec720,2026-09-14T14:10:09,30.08.24_NLDC_PSP|30-08-2024|attachment/xls
https://webcdn.grid-india.in/files/grdw/uploads/daily-reports/psp-reports/2024-2025/31.08.24_NLDC_PSP.xls,2024-25/31.08.24_NLDC_PSP.xls,200,269312,326b489e9e7adc06d167ae2a408812fefcca87030396fb7908e46d35acee895f,2026-09-14T14:10:09,31.08.24_NLDC_PSP|31-08-2024|attachment/xls
https://webcdn.grid-india.in/files/grdw/uploads/daily-reports/psp-reports/2024-2025/01.09.24_NLDC_PSP.xls,2024-25/01.09.24_NLDC_PSP.xls,200,254464,4e38b374ce49f1315063d07ee5626d2587ca5ee89c0738486ba77880c60cf478,2026-09-14T14:10:10,01.09.24_NLDC_PSP|01-09-2024|attachment/xls
https://webcdn.grid-india.in/files/grdw/uploads/daily-reports/psp-reports/2024-2025/02.09.24_NLDC_PSP.xls,2024-25/02.09.24_NLDC_PSP.xls,200,268800,f64086240518ed9cfbc24c5c1cd6e8a35dbc9d717ef52ade4ed65f5d8e6af489,2026-09-14T14:10:11,02.09.24_NLDC_PSP|02-09-2024|attachment/xls
https://webcdn.grid-india.in/files/grdw/uploads/daily-reports/psp-reports/2024-2025/03.09.24_NLDC_PSP.xls,2024-25/03.09.24_NLDC_PSP.xls,200,254464,1d1dcbfac8730421c58aeb391d30ade4e0d7a6e8f3fa562fdb9c0a93505d4a30,2026-09-14T14:10:11,03.09.24_NLDC_PSP|03-09-2024|attachment/xls
https://webcdn.grid-india.in/files/grdw/uploads/daily-reports/psp-reports/2024-2025/04.09.24_NLDC_PSP.xls,2024-25/04.09.24_NLDC_PSP.xls,200,254464,00bd92a8777e87e8cfad853b0946987dde0d5b2d8081a9266dd4706d7925d65d,2026-09-14T14:10:12,04.09.24_NLDC_PSP|04-09-2024|attachment/xls
https://webcdn.grid-india.in/files/grdw/uploads/daily-reports/psp-reports/2024-2025/05.09.24_NLDC_PSP.xls,2024-25/05.09.24_NLDC_PSP.xls,200,311296,ccd38e4aac8147d9033907e90d9b5eec9795da8c5feb1a3bc11ad4c4a362341b,2026-09-14T14:10:12,05.09.24_NLDC_PSP|05-09-2024|attachment/xls
https://webcdn.grid-india.in/files/grdw/uploads/daily-reports/psp-reports/2024-2025/06.09.24_NLDC_PSP.xls,2024-25/06.09.24_NLDC_PSP.xls,200,254464,6758a23a0ff2b645b1242e150de1c7fdd65429577f2090019f0d651ba1b2b1e6,2026-09-14T14:10:13,06.09.24_NLDC_PSP|06-09-2024|attachment/xls
https://webcdn.grid-india.in/files/grdw/uploads/daily-reports/psp-reports/2024-2025/07.09.24_NLDC_PSP.xls,2024-25/07.09.24_NLDC_PSP.xls,200,269312,79013094fbcd008ca5baa8b83b34ab9a5725c6c251a16424be2071cf3233d643,2026-09-14T14:10:13,07.09.24_NLDC_PSP|07-09-2024|attachment/xls
https://webcdn.grid-india.in/files/grdw/uploads/daily-reports/psp-reports/2024-2025/08.09.24_NLDC_PSP.xls,2024-25/08.09.24_NLDC_PSP.xls,200,254464,290ca1d3bcdd536564510a88451041ec3bcb505adfe4865ebce5e36f0d14d613,2026-09-14T14:10:14,08.09.24_NLDC_PSP|08-09-2024|attachment/xls
https://webcdn.grid-india.in/files/grdw/uploads/daily-reports/psp-reports/2024-2025/09.09.24_NLDC_PSP.xls,2024-25/09.09.24_NLDC_PSP.xls,200,254464,fd65c0c9290adcf0f66a58acc7102c797ce0f21845c55df39d26ea5a467463e8,2026-09-14T14:10:14,09.09.24_NLDC_PSP|09-09-2024|attachment/xls
https://webcdn.grid-india.in/files/grdw/uploads/daily-reports/psp-reports/2024-2025/10.09.24_NLDC_PSP.xls,2024-25/10.09.24_NLDC_PSP.xls,200,254464,6d2fabf332a4e6223bf4c0283ca90c50f1f7720fb4aa2dae0b7c174b78451e7c,2026-09-14T14:10:15,10.09.24_NLDC_PSP|10-09-2024|attachment/xls
https://webcdn.grid-india.in/files/grdw/uploads/daily-reports/psp-reports/2024-2025/11.09.24_NLDC_PSP.xls,2024-25/11.09.24_NLDC_PSP.xls,200,268800,1ce8e46724349a22d7b014caa791e810d89cf72122b436069a9573d2d544527a,2026-09-14T14:10:15,11.09.24_NLDC_PSP|11-09-2024|attachment/xls
https://webcdn.grid-india.in/files/grdw/uploads/daily-reports/psp-reports/2024-2025/12.09.24_NLDC_PSP.xls,2024-25/12.09.24_NLDC_PSP.xls,200,254464,e752343d23f90ba5a4fad12de7d26b0fc2e020c43dcd44ee90800318191b7aed,2026-09-14T14:10:16,12.09.24_NLDC_PSP|12-09-2024|attachment/xls
https://webcdn.grid-india.in/files/grdw/uploads/daily-reports/psp-reports/2024-2025/13.09.24_NLDC_PSP.xls,2024-25/13.09.24_NLDC_PSP.xls,200,269312,6785ac16833337d22580e89fe371076e35e7cd01f0df3b6138fa3ff7d9e38b85,2026-09-14T14:10:16,13.09.24_NLDC_PSP|13-09-2024|attachment/xls
https://webcdn.grid-india.in/files/grdw/uploads/daily-reports/psp-reports/2024-2025/14.09.24_NLDC_PSP.xls,2024-25/14.09.24_NLDC_PSP.xls,200,269312,2a4800c091b898cdb53963e88125d0fcc5bd71e178cfc0deb140d1ca1e7c765b,2026-09-14T14:10:17,14.09.24_NLDC_PSP|14-09-2024|attachment/xls
https://webcdn.grid-india.in/files/grdw/uploads/daily-reports/psp-reports/2024-2025/15.09.24_NLDC_PSP.xls,2024-25/15.09.24_NLDC_PSP.xls,200,269312,7f3530155a2faafe9d6aa372dc77b2de20a2a680320b65aa739f9a38d4f8ec06,2026-09-14T14:10:17,15.09.24_NLDC_PSP|15-09-2024|attachment/xls
https://webcdn.grid-india.in/files/grdw/uploads/daily-reports/psp-reports/2024-2025/16.09.24_NLDC_PSP.xls,2024-25/16.09.24_NLDC_PSP.xls,200,269312,77b66dbb820604fbd2cdc540c0a50ebf25413e8d821d6b0de28a600455fd90d1,2026-09-14T14:10:18,16.09.24_NLDC_PSP|16-09-2024|attachment/xls
https://webcdn.grid-india.in/files/grdw/uploads/daily-reports/psp-reports/2024-2025/17.09.24_NLDC_PSP.xls,2024-25/17.09.24_NLDC_PSP.xls,200,268800,c44a659e19ac2b46cf42c54c7e7ff629918908a0a173e581ca3c0f0f3a636a0a,2026-09-14T14:10:18,17.09.24_NLDC_PSP|17-09-2024|attachment/xls
https://webcdn.grid-india.in/files/grdw/uploads/daily-reports/psp-reports/2024-2025/18.09.24_NLDC_PSP.xls,2024-25/18.09.24_NLDC_PSP.xls,200,254464,4582b67825d156fff92600411e4ddb17fcd0765af235ca46b392528d725a4fc0,2026-09-14T14:10:19,18.09.24_NLDC_PSP|18-09-2024|attachment/xls
https://webcdn.grid-india.in/files/grdw/uploads/daily-reports/psp-reports/2024-2025/19.09.24_NLDC_PSP.xls,2024-25/19.09.24_NLDC_PSP.xls,200,269312,a18626955bb3df999940b8248bd4a6af6748d5fbf020209d3c4dd6c6f09a32d8,2026-09-14T14:10:19,19.09.24_NLDC_PSP|19-09-2024|attachment/xls
https://webcdn.grid-india.in/files/grdw/uploads/daily-reports/psp-reports/2024-2025/20.09.24_NLDC_PSP.xls,2024-25/20.09.24_NLDC_PSP.xls,200,254464,5820e74fc97e5e98385cbea9fb89276f99167da5cf92a905032c02d021683ee4,2026-09-14T14:10:20,20.09.24_NLDC_PSP|20-09-2024|attachment/xls
https://webcdn.grid-india.in/files/grdw/uploads/daily-reports/psp-reports/2024-2025/21.09.24_NLDC_PSP.xls,2024-25/21.09.24_NLDC_PSP.xls,200,254464,4a96dbfa52a3e616dca859e5591ef6153d26dd627d60c509d0ca38cc76f8f36b,2026-09-14T14:10:20,21.09.24_NLDC_PSP|21-09-2024|attachment/xls
https://webcdn.grid-india.in/files/grdw/uploads/daily-reports/psp-reports/2024-2025/22.09.24_NLDC_PSP.xls,2024-25/22.09.24_NLDC_PSP.xls,200,268800,0bac590bea38da217ae0da61ed8d520ff84c618ff7ac2bfa5990041ed5c64e34,2026-09-14T14:10:21,22.09.24_NLDC_PSP|22-09-2024|attachment/xls
https://webcdn.grid-india.in/files/grdw/uploads/daily-reports/psp-reports/2024-2025/23.09.24_NLDC_PSP.xls,2024-25/23.09.24_NLDC_PSP.xls,200,254464,bb9c567872bb0a1cdc92bd0a9b2f1571bde0dea674dd01298a7bc1e0e903a4b3,2026-09-14T14:10:21,23.09.24_NLDC_PSP|23-09-2024|attachment/xls
https://webcdn.grid-india.in/files/grdw/uploads/daily-reports/psp-reports/2024-2025/24.09.24_NLDC_PSP.xls,2024-25/24.09.24_NLDC_PSP.xls,200,268800,0ed1c501fe60f2ba0f47e9a4f4a347419982ea46218c362d42798d698c5ea18c,2026-09-14T14:10:22,24.09.24_NLDC_PSP|24-09-2024|attachment/xls
https://webcdn.grid-india.in/files/grdw/uploads/daily-reports/psp-reports/2024-2025/25.09.24_NLDC_PSP.xls,2024-25/25.09.24_NLDC_PSP.xls,200,269312,e3491592b0d024168ea39a12c022bd774863edb5b80dbf6b24786011c894301b,2026-09-14T14:10:22,25.09.24_NLDC_PSP|25-09-2024|attachment/xls
https://webcdn.grid-india.in/files/grdw/uploads/daily-reports/psp-reports/2024-2025/26.09.24_NLDC_PSP.xls,2024-25/26.09.24_NLDC_PSP.xls,200,254464,e15f47035f8858e48711b3625e1101fee3e6456d8d2db5e65898e016154986f4,2026-09-14T14:10:23,26.09.24_NLDC_PSP|26-09-2024|attachment/xls
https://webcdn.grid-india.in/files/grdw/uploads/daily-reports/psp-reports/2024-2025/27.09.24_NLDC_PSP.xls,2024-25/27.09.24_NLDC_PSP.xls,200,269312,99dae9b61ea9ae6bf624ff6dc5c22f5220084c242289a64ffcfb683043f80016,2026-09-14T14:10:23,27.09.24_NLDC_PSP|27-09-2024|attachment/xls
https://webcdn.grid-india.in/files/grdw/uploads/daily-reports/psp-reports/2024-2025/28.09.24_NLDC_PSP.xls,2024-25/28.09.24_NLDC_PSP.xls,200,254464,80ca11026fddeb2a5ed9658b3fb86e9d795f182213ef9d185f136856642b7f43,2026-09-14T14:10:24,28.09.24_NLDC_PSP|28-09-2024|attachment/xls
https://webcdn.grid-india.in/files/grdw/uploads/daily-reports/psp-reports/2024-2025/29.09.24_NLDC_PSP.xls,2024-25/29.09.24_NLDC_PSP.xls,200,254464,eecd231bdda1e0e91e0bb7005d710ba668c11f9b68a940954a1ac92ea543bb00,2026-09-14T14:10:24,29.09.24_NLDC_PSP|29-09-2024|attachment/xls
https://webcdn.grid-india.in/files/grdw/uploads/daily-reports/psp-reports/2024-2025/30.09.24_NLDC_PSP.xls,2024-25/30.09.24_NLDC_PSP.xls,200,254464,9f1af68972e2a452516fef914057df2e77799e3d4c15bd316b61cc2a176d2e56,2026-09-14T14:10:25,30.09.24_NLDC_PSP|30-09-2024|attachment/xls
https://webcdn.grid-india.in/files/grdw/uploads/daily-reports/psp-reports/2024-2025/01.10.24_NLDC_PSP.xls,2024-25/01.10.24_NLDC_PSP.xls,200,269312,43e579f2fa4d6396a647d4b74a41a26ef9bc7b0c16acf85a58846beb7a41dbc5,2026-09-14T14:10:26,01.10.24_NLDC_PSP|01-10-2024|attachment/xls
https://webcdn.grid-india.in/files/grdw/uploads/daily-reports/psp-reports/2024-2025/02.10.24_NLDC_PSP.xls,2024-25/02.10.24_NLDC_PSP.xls,200,254464,53481f1b17fa35672ec1015de2566d3fd3f5b1fa8c71e2e0bc79ee95fd4bc310,2026-09-14T14:10:26,02.10.24_NLDC_PSP|02-10-2024|attachment/xls
https://webcdn.grid-india.in/files/grdw/uploads/daily-reports/psp-reports/2024-2025/03.10.24_NLDC_PSP.xls,2024-25/03.10.24_NLDC_PSP.xls,200,269312,827636d0bbb90ef2dec4a9090fee1ec5a489b880342240bfe44d4828ced60409,2026-09-14T14:10:27,03.10.24_NLDC_PSP|03-10-2024|attachment/xls
https://webcdn.grid-india.in/files/grdw/uploads/daily-reports/psp-reports/2024-2025/04.10.24_NLDC_PSP.xls,2024-25/04.10.24_NLDC_PSP.xls,200,254464,2c14c925de1480c8200eff42c298cb53e9ef5ff67a0005416f94425032fdd633,2026-09-14T14:10:27,04.10.24_NLDC_PSP|04-10-2024|attachment/xls
https://webcdn.grid-india.in/files/grdw/uploads/daily-reports/psp-reports/2024-2025/05.10.24_NLDC_PSP.xls,2024-25/05.10.24_NLDC_PSP.xls,200,254464,11349c740d76e8f61da575d460d9f9092d61592d52ebe7d4aeb4238da881f437,2026-09-14T14:10:28,05.10.24_NLDC_PSP|05-10-2024|attachment/xls
https://webcdn.grid-india.in/files/grdw/uploads/daily-reports/psp-reports/2024-2025/06.10.24_NLDC_PSP.xls,2024-25/06.10.24_NLDC_PSP.xls,200,254464,ba0e49735dcdbe4e762faa347877c314cbcb4ed1f63dae854a6ee067293dc444,2026-09-14T14:10:28,06.10.24_NLDC_PSP|06-10-2024|attachment/xls
https://webcdn.grid-india.in/files/grdw/uploads/daily-reports/psp-reports/2024-2025/07.10.24_NLDC_PSP.xls,2024-25/07.10.24_NLDC_PSP.xls,200,269312,18c38004b4a991a20bebbb12dfe4eaa1d100dfbbc0dd22d0cfb9ab417419305a,2026-09-14T14:10:29,07.10.24_NLDC_PSP|07-10-2024|attachment/xls
https://webcdn.grid-india.in/files/grdw/uploads/daily-reports/psp-reports/2024-2025/08.10.24_NLDC_PSP.xls,2024-25/08.10.24_NLDC_PSP.xls,200,269312,3dd64cff23832630ef1ac836109cc8f2ec0c25fe816a0ae664415ff9d614f177,2026-09-14T14:10:29,08.10.24_NLDC_PSP|08-10-2024|attachment/xls
https://webcdn.grid-india.in/files/grdw/uploads/daily-reports/psp-reports/2024-2025/09.10.24_NLDC_PSP.xls,2024-25/09.10.24_NLDC_PSP.xls,200,269312,9e9eaf17e45d938a92a5de36780a5ea0622bba9b6843c58b5b09554cad0dc571,2026-09-14T14:10:30,09.10.24_NLDC_PSP|09-10-2024|attachment/xls
https://webcdn.grid-india.in/files/grdw/uploads/daily-reports/psp-reports/2024-2025/10.10.24_NLDC_PSP.xls,2024-25/10.10.24_NLDC_PSP.xls,200,268800,d840344ff0ddb58dee487cee6d02f0a58cb9aaa0ea5798330d4937a0a34cb90b,2026-09-14T14:10:30,10.10.24_NLDC_PSP|10-10-2024|attachment/xls
https://webcdn.grid-india.in/files/grdw/uploads/daily-reports/psp-reports/2024-2025/11.10.24_NLDC_PSP.xls,2024-25/11.10.24_NLDC_PSP.xls,200,254464,2b49d28d435f07bd7def399516d5495b602c1dd8f3c66633d0d18e1a59c924c9,2026-09-14T14:10:31,11.10.24_NLDC_PSP|11-10-2024|attachment/xls
https://webcdn.grid-india.in/files/grdw/uploads/daily-reports/psp-reports/2024-2025/12.10.24_NLDC_PSP.xls,2024-25/12.10.24_NLDC_PSP.xls,200,268800,e652fa5cda890292e1dacf38a9bd2a60300d21fb286c810e2c9b4975a97ad6c9,2026-09-14T14:10:32,12.10.24_NLDC_PSP|12-10-2024|attachment/xls
https://webcdn.grid-india.in/files/grdw/uploads/daily-reports/psp-reports/2024-2025/13.10.24_NLDC_PSP.xls,2024-25/13.10.24_NLDC_PSP.xls,200,254464,96da414e38a75cdd5d21999511b267edc32f72b7785fe4194a7669464d827bba,2026-09-14T14:10:32,13.10.24_NLDC_PSP|13-10-2024|attachment/xls
https://webcdn.grid-india.in/files/grdw/uploads/daily-reports/psp-reports/2024-2025/14.10.24_NLDC_PSP.xls,2024-25/14.10.24_NLDC_PSP.xls,200,269312,affa89d42e8244d0df3663c629579b566cd09f65d1ba845ce5a472d9d3d886ab,2026-09-14T14:10:33,14.10.24_NLDC_PSP|14-10-2024|attachment/xls
https://webcdn.grid-india.in/files/grdw/uploads/daily-reports/psp-reports/2024-2025/15.10.24_NLDC_PSP.xls,2024-25/15.10.24_NLDC_PSP.xls,200,254464,57a817429efdd696a694cca653368b3230f0de561da864a2e8b86961b13898e7,2026-09-14T14:10:33,15.10.24_NLDC_PSP|15-10-2024|attachment/xls
https://webcdn.grid-india.in/files/grdw/uploads/daily-reports/psp-reports/2024-2025/16.10.24_NLDC_PSP.xls,2024-25/16.10.24_NLDC_PSP.xls,200,268288,0d6d7a1aefe019a8e9ad585da6ae63ccbebc90f32266d31c06123ac715042aef,2026-09-14T14:10:33,16.10.24_NLDC_PSP|16-10-2024|attachment/xls
https://webcdn.grid-india.in/files/grdw/uploads/daily-reports/psp-reports/2024-2025/17.10.24_NLDC_PSP.xls,2024-25/17.10.24_NLDC_PSP.xls,200,254464,bf16d09237b8a04ae013854fd97733adafecd845203bfadb998a95208c2cc27c,2026-09-14T14:10:34,17.10.24_NLDC_PSP|17-10-2024|attachment/xls
https://webcdn.grid-india.in/files/grdw/uploads/daily-reports/psp-reports/2024-2025/18.10.24_NLDC_PSP.xls,2024-25/18.10.24_NLDC_PSP.xls,200,269312,606f6f018df0c2a4db61d2ab05738c7572670140b159a101c9c2bd4395dc47a0,2026-09-14T14:10:34,18.10.24_NLDC_PSP|18-10-2024|attachment/xls
https://webcdn.grid-india.in/files/grdw/uploads/daily-reports/psp-reports/2024-2025/19.10.24_NLDC_PSP.xls,2024-25/19.10.24_NLDC_PSP.xls,200,254464,cfd1147f721d65eae8bcbc0c830b22e51813089489db9bb35f76f3f859551bd2,2026-09-14T14:10:35,19.10.24_NLDC_PSP|19-10-2024|attachment/xls
https://webcdn.grid-india.in/files/grdw/uploads/daily-reports/psp-reports/2024-2025/20.10.24_NLDC_PSP.xls,2024-25/20.10.24_NLDC_PSP.xls,200,254464,9d03062706a10133e2a45bc897d0c217638c159ee06047222fdb99cad8383843,2026-09-14T14:10:35,20.10.24_NLDC_PSP|20-10-2024|attachment/xls
https://webcdn.grid-india.in/files/grdw/uploads/daily-reports/psp-reports/2024-2025/21.10.24_NLDC_PSP.xls,2024-25/21.10.24_NLDC_PSP.xls,200,268288,e97caefd104a2136bfe0411619eabe4eb425ad3fb3080905bcb95e3ea0297a13,2026-09-14T14:10:36,21.10.24_NLDC_PSP|21-10-2024|attachment/xls
https://webcdn.grid-india.in/files/grdw/uploads/daily-reports/psp-reports/2024-2025/22.10.24_NLDC_PSP.xls,2024-25/22.10.24_NLDC_PSP.xls,200,273920,fdf443338cc1f1dc3c44cdc07618f6f5231f72ba1d83e580c9139610ba76ed22,2026-09-14T14:10:37,22.10.24_NLDC_PSP|22-10-2024|attachment/xls
https://webcdn.grid-india.in/files/grdw/uploads/daily-reports/psp-reports/2024-2025/23.10.24_NLDC_PSP.xls,2024-25/23.10.24_NLDC_PSP.xls,200,254464,a261d82c63fb3d62247387bb89f50ef0644f6dcc3af4e97dd793074418f7faab,2026-09-14T14:10:37,23.10.24_NLDC_PSP|23-10-2024|attachment/xls
https://webcdn.grid-india.in/files/grdw/uploads/daily-reports/psp-reports/2024-2025/24.10.24_NLDC_PSP.xls,2024-25/24.10.24_NLDC_PSP.xls,200,268288,83cc8585b0da19fcf03f6c7c3c4b9ad233610d3b2b1f04f42f25a27dfb3ca53b,2026-09-14T14:10:38,24.10.24_NLDC_PSP|24-10-2024|attachment/xls
https://webcdn.grid-india.in/files/grdw/uploads/daily-reports/psp-reports/2024-2025/25.10.24_NLDC_PSP.xls,2024-25/25.10.24_NLDC_PSP.xls,200,268288,6213fcd8c0ef32fa287631b30175cb0848ded308499ff92da3041ead4fcae143,2026-09-14T14:10:38,25.10.24_NLDC_PSP|25-10-2024|attachment/xls
https://webcdn.grid-india.in/files/grdw/uploads/daily-reports/psp-reports/2024-2025/26.10.24_NLDC_PSP.xls,2024-25/26.10.24_NLDC_PSP.xls,200,254464,3e01d52822055ddd2dfca69798a31cfcde08c5312f9e6c6367ce2a6a46e8af9d,2026-09-14T14:10:39,26.10.24_NLDC_PSP|26-10-2024|attachment/xls
https://webcdn.grid-india.in/files/grdw/uploads/daily-reports/psp-reports/2024-2025/27.10.24_NLDC_PSP.xls,2024-25/27.10.24_NLDC_PSP.xls,200,254464,14c8637c3e99c2cc4613c5804aad6cb1c956fd7edd0589e9f3da3232a061a71a,2026-09-14T14:10:39,27.10.24_NLDC_PSP|27-10-2024|attachment/xls
https://webcdn.grid-india.in/files/grdw/uploads/daily-reports/psp-reports/2024-2025/28.10.24_NLDC_PSP.xls,2024-25/28.10.24_NLDC_PSP.xls,200,269312,c24651c2dec2826b9a47e667ae0a90cc98b7c441b550a119306e1a2c1162a5e3,2026-09-14T14:10:40,28.10.24_NLDC_PSP|28-10-2024|attachment/xls
https://webcdn.grid-india.in/files/grdw/uploads/daily-reports/psp-reports/2024-2025/29.10.24_NLDC_PSP.xls,2024-25/29.10.24_NLDC_PSP.xls,200,254464,eca1e8861ae393c2d4b8e522f6be96cebe6d2c6d789f5cfdd42417977060c49d,2026-09-14T14:10:40,29.10.24_NLDC_PSP|29-10-2024|attachment/xls
https://webcdn.grid-india.in/files/grdw/uploads/daily-reports/psp-reports/2024-2025/30.10.24_NLDC_PSP.xls,2024-25/30.10.24_NLDC_PSP.xls,200,254464,336589571e266b6e454ff57e332b67839b2bc72a0c1a696ba3db2c92dd8776a6,2026-09-14T14:10:41,30.10.24_NLDC_PSP|30-10-2024|attachment/xls
https://webcdn.grid-india.in/files/grdw/uploads/daily-reports/psp-reports/2024-2025/31.10.24_NLDC_PSP.xls,2024-25/31.10.24_NLDC_PSP.xls,200,269312,77101e90599962af9d919074f637e2b92b78e40370b8d76a6a84bc5bbd5da681,2026-09-14T14:10:41,31.10.24_NLDC_PSP|31-10-2024|attachment/xls
https://webcdn.grid-india.in/files/grdw/uploads/daily-reports/psp-reports/2024-2025/01.11.24_NLDC_PSP.xls,2024-25/01.11.24_NLDC_PSP.xls,200,269312,3e80d9b759e58d6c154f03bf3f5b63e649839ffd5d908c09ce31f809a17f1fe6,2026-09-14T14:10:42,01.11.24_NLDC_PSP|01-11-2024|attachment/xls
https://webcdn.grid-india.in/files/grdw/uploads/daily-reports/psp-reports/2024-2025/02.11.24_NLDC_PSP.xls,2024-25/02.11.24_NLDC_PSP.xls,200,254464,8e4cee5db3630f7bb09b5767e0d44109e8c254e851e1b7438a8dd8370c7f0034,2026-09-14T14:10:43,02.11.24_NLDC_PSP|02-11-2024|attachment/xls
https://webcdn.grid-india.in/files/grdw/uploads/daily-reports/psp-reports/2024-2025/03.11.24_NLDC_PSP.xls,2024-25/03.11.24_NLDC_PSP.xls,200,254464,245b0fb4136c517d6a9c8ae32472273ad03cbae4086c994c62438a2b7f06540d,2026-09-14T14:10:43,03.11.24_NLDC_PSP|03-11-2024|attachment/xls
https://webcdn.grid-india.in/files/grdw/uploads/daily-reports/psp-reports/2024-2025/04.11.24_NLDC_PSP.xls,2024-25/04.11.24_NLDC_PSP.xls,200,284160,b2369b45ce171d61d298be0ebaa4677245a793f05ceceddcc129536117f0e8f6,2026-09-14T14:10:44,04.11.24_NLDC_PSP|04-11-2024|attachment/xls
https://webcdn.grid-india.in/files/grdw/uploads/daily-reports/psp-reports/2024-2025/05.11.24_NLDC_PSP.xls,2024-25/05.11.24_NLDC_PSP.xls,200,290816,a664f99a97bdd7ad8f76ebf65e43596ef206c78feed5bd0c29c2953c8ca27e90,2026-09-14T14:10:44,05.11.24_NLDC_PSP|05-11-2024|attachment/xls
https://webcdn.grid-india.in/files/grdw/uploads/daily-reports/psp-reports/2024-2025/06.11.24_NLDC_PSP.xls,2024-25/06.11.24_NLDC_PSP.xls,200,305664,12ebbde17eab78a0c06d8aae4e70bd893cc74d46d2dd43188fcceeb1e2bd382d,2026-09-14T14:10:45,06.11.24_NLDC_PSP|06-11-2024|attachment/xls
https://webcdn.grid-india.in/files/grdw/uploads/daily-reports/psp-reports/2024-2025/07.11.24_NLDC_PSP.xls,2024-25/07.11.24_NLDC_PSP.xls,200,282624,8299fb276ef651ad40902f00fd21ae02d4b7434548ee30a984a77a95e0b9f433,2026-09-14T14:10:45,07.11.24_NLDC_PSP|07-11-2024|attachment/xls
https://webcdn.grid-india.in/files/grdw/uploads/daily-reports/psp-reports/2024-2025/08.11.24_NLDC_PSP.xls,2024-25/08.11.24_NLDC_PSP.xls,200,339968,5f7677254f98229c5be635fcfe966bdc5467c011aec3f15935c53fa5a208f0a8,2026-09-14T14:10:46,08.11.24_NLDC_PSP|08-11-2024|attachment/xls
https://webcdn.grid-india.in/files/grdw/uploads/daily-reports/psp-reports/2024-2025/09.11.24_NLDC_PSP.xls,2024-25/09.11.24_NLDC_PSP.xls,200,284160,5b832f02688c4fe5935712aa23b139fe89b3231f480b3e3d39ca1f01636e2410,2026-09-14T14:10:46,09.11.24_NLDC_PSP|09-11-2024|attachment/xls
https://webcdn.grid-india.in/files/grdw/uploads/daily-reports/psp-reports/2024-2025/10.11.24_NLDC_PSP.xls,2024-25/10.11.24_NLDC_PSP.xls,200,282624,3aa62622a81bbdb6bdd49cd97603498b72c2851b773f57946819a07fce48f392,2026-09-14T14:10:47,10.11.24_NLDC_PSP|10-11-2024|attachment/xls
https://webcdn.grid-india.in/files/grdw/uploads/daily-reports/psp-reports/2024-2025/11.11.24_NLDC_PSP.xls,2024-25/11.11.24_NLDC_PSP.xls,200,285696,03366cf053f38efbbc62ed446465e4ec6bd5ff02c29161372c525fad988355a0,2026-09-14T14:10:47,11.11.24_NLDC_PSP|11-11-2024|attachment/xls
https://webcdn.grid-india.in/files/grdw/uploads/daily-reports/psp-reports/2024-2025/12.11.24_NLDC_PSP.xls,2024-25/12.11.24_NLDC_PSP.xls,200,295424,1eb625de10bacd2ea284c09b61e288d6937ff625ddda54e526f50c4da3f6ca95,2026-09-14T14:10:48,12.11.24_NLDC_PSP|12-11-2024|attachment/xls
https://webcdn.grid-india.in/files/grdw/uploads/daily-reports/psp-reports/2024-2025/13.11.24_NLDC_PSP.xls,2024-25/13.11.24_NLDC_PSP.xls,200,285184,00a151ec669c8255896dcad5445cc1781dd195e210bb2c88a1167ccfe2a8e00c,2026-09-14T14:10:48,13.11.24_NLDC_PSP|13-11-2024|attachment/xls
https://webcdn.grid-india.in/files/grdw/uploads/daily-reports/psp-reports/2024-2025/14.11.24_NLDC_PSP.xls,2024-25/14.11.24_NLDC_PSP.xls,200,282624,8cc4f29d1e37543b79e22d51776ad9138fe553fc1b48e70ca6caeb92f89aad29,2026-09-14T14:10:49,14.11.24_NLDC_PSP|14-11-2024|attachment/xls
https://webcdn.grid-india.in/files/grdw/uploads/daily-reports/psp-reports/2024-2025/15.11.24_NLDC_PSP.xls,2024-25/15.11.24_NLDC_PSP.xls,200,291328,153319d5f373cd7a82f6941ebbfcf0ab987db8f58bfc8d6ec859741ffac8a903,2026-09-14T14:10:49,15.11.24_NLDC_PSP|15-11-2024|attachment/xls
https://webcdn.grid-india.in/files/grdw/uploads/daily-reports/psp-reports/2024-2025/16.11.24_NLDC_PSP.xls,2024-25/16.11.24_NLDC_PSP.xls,200,300032,3e0b539d5bd64ebbebd1c43780b7cad5e610736f908f282656b4579367d7995c,2026-09-14T14:10:50,16.11.24_NLDC_PSP|16-11-2024|attachment/xls
https://webcdn.grid-india.in/files/grdw/uploads/daily-reports/psp-reports/2024-2025/17.11.24_NLDC_PSP.xls,2024-25/17.11.24_NLDC_PSP.xls,200,284672,738acf8a9ad335e5ea58e19dc4908d5a1b203c0d9c12e2e08c14ac0a48c5971b,2026-09-14T14:10:50,17.11.24_NLDC_PSP|17-11-2024|attachment/xls
https://webcdn.grid-india.in/files/grdw/uploads/daily-reports/psp-reports/2024-2025/18.11.24_NLDC_PSP.xls,2024-25/18.11.24_NLDC_PSP.xls,200,292352,8c08aa82a3a9e85da6f1b06fb774cb1eb5ac09e7458c263f64310ae22b04d7a5,2026-09-14T14:10:51,18.11.24_NLDC_PSP|18-11-2024|attachment/xls
https://webcdn.grid-india.in/files/grdw/uploads/daily-reports/psp-reports/2024-2025/19.11.24_NLDC_PSP.xls,2024-25/19.11.24_NLDC_PSP.xls,200,297984,2adcba1085a1ec1629bffeb5f685def64d6fb7dfe5037ac7c9c61c045fa1bf76,2026-09-14T14:10:51,19.11.24_NLDC_PSP|19-11-2024|attachment/xls
https://webcdn.grid-india.in/files/grdw/uploads/daily-reports/psp-reports/2024-2025/20.11.24_NLDC_PSP.xls,2024-25/20.11.24_NLDC_PSP.xls,200,257536,b850bdfd511f3319d4fe2d988b441570a0f41daf945e54ddd5750f2c5ca86c81,2026-09-14T14:10:52,20.11.24_NLDC_PSP|20-11-2024|attachment/xls
https://webcdn.grid-india.in/files/grdw/uploads/daily-reports/psp-reports/2024-2025/21.11.24_NLDC_PSP.xls,2024-25/21.11.24_NLDC_PSP.xls,200,298496,bbac5ea8db42f6e716f25de4a5fd977ec75195cdc1025f882c2e779caf42c790,2026-09-14T14:10:52,21.11.24_NLDC_PSP|21-11-2024|attachment/xls
https://webcdn.grid-india.in/files/grdw/uploads/daily-reports/psp-reports/2024-2025/22.11.24_NLDC_PSP.xls,2024-25/22.11.24_NLDC_PSP.xls,200,297984,34565d11447cfea4d4b3616197bac4bdec202eefea430b7a12066e37cb67ce95,2026-09-14T14:10:53,22.11.24_NLDC_PSP|22-11-2024|attachment/xls
https://webcdn.grid-india.in/files/grdw/uploads/daily-reports/psp-reports/2024-2025/23.11.24_NLDC_PSP.xls,2024-25/23.11.24_NLDC_PSP.xls,200,284672,8dcbb6a47b482f09360aed0314d4954ab4fd31529e1ea98b79529037d3e41128,2026-09-14T14:10:53,23.11.24_NLDC_PSP|23-11-2024|attachment/xls
https://webcdn.grid-india.in/files/grdw/uploads/daily-reports/psp-reports/2024-2025/24.11.24_NLDC_PSP.xls,2024-25/24.11.24_NLDC_PSP.xls,200,287232,0f2919078a014dab68a9738e915dc1536a6973eb6bdd04b8526985c92c6e7165,2026-09-14T14:10:54,24.11.24_NLDC_PSP|24-11-2024|attachment/xls
https://webcdn.grid-india.in/files/grdw/uploads/daily-reports/psp-reports/2024-2025/25.11.24_NLDC_PSP.xls,2024-25/25.11.24_NLDC_PSP.xls,200,282624,0070897d4ba2658d10f144b47d110290f51cc9bbe651559383e553b63364969e,2026-09-14T14:10:54,25.11.24_NLDC_PSP|25-11-2024|attachment/xls
https://webcdn.grid-india.in/files/grdw/uploads/daily-reports/psp-reports/2024-2025/26.11.24_NLDC_PSP.xls,2024-25/26.11.24_NLDC_PSP.xls,200,283648,c7599202d47c9fb2e1e4e390ab040dffc6fdbc8019030cbfc297351d217481bd,2026-09-14T14:10:55,26.11.24_NLDC_PSP|26-11-2024|attachment/xls
https://webcdn.grid-india.in/files/grdw/uploads/daily-reports/psp-reports/2024-2025/27.11.24_NLDC_PSP.xls,2024-25/27.11.24_NLDC_PSP.xls,200,284672,259ec068cd625644e1031e3b993e344f72a93e087e84a8949a07e24a7b5fd659,2026-09-14T14:10:55,27.11.24_NLDC_PSP|27-11-2024|attachment/xls
https://webcdn.grid-india.in/files/grdw/uploads/daily-reports/psp-reports/2024-2025/28.11.24_NLDC_PSP.xls,2024-25/28.11.24_NLDC_PSP.xls,200,298496,4b12ce7ef018141e79e4b1e6de9c655144d4f327e3de93c6e0ef666090d0fbf8,2026-09-14T14:10:56,28.11.24_NLDC_PSP|28-11-2024|attachment/xls
https://webcdn.grid-india.in/files/grdw/uploads/daily-reports/psp-reports/2024-2025/29.11.24_NLDC_PSP.xls,2024-25/29.11.24_NLDC_PSP.xls,200,283648,7966874555d24a9d384cc64eca3c1a3c4daf691cb0b7352062fd8549440f55d6,2026-09-14T14:10:56,29.11.24_NLDC_PSP|29-11-2024|attachment/xls
https://webcdn.grid-india.in/files/grdw/uploads/daily-reports/psp-reports/2024-2025/30.11.24_NLDC_PSP.xls,2024-25/30.11.24_NLDC_PSP.xls,200,297984,1a8717e65371e8c67627499089d83eaefe057fe04de3c9d4154fc9b221d513b7,2026-09-14T14:10:57,30.11.24_NLDC_PSP|30-11-2024|attachment/xls
https://webcdn.grid-india.in/files/grdw/uploads/daily-reports/psp-reports/2024-2025/01.12.24_NLDC_PSP.xls,2024-25/01.12.24_NLDC_PSP.xls,200,299520,1c0671356dd944a39e7b66dc76435a1bff9aeee9b6c525469590635ffc863188,2026-09-14T14:10:58,01.12.24_NLDC_PSP|01-12-2024|attachment/xls
https://webcdn.grid-india.in/files/grdw/uploads/daily-reports/psp-reports/2024-2025/02.12.24_NLDC_PSP.xls,2024-25/02.12.24_NLDC_PSP.xls,200,340480,9be8ddf5388ea1c02bccd220083b5af781c0e6158d2215a3e31474d32f2eb52e,2026-09-14T14:10:58,02.12.24_NLDC_PSP|02-12-2024|attachment/xls
https://webcdn.grid-india.in/files/grdw/uploads/daily-reports/psp-reports/2024-2025/03.12.24_NLDC_PSP.xls,2024-25/03.12.24_NLDC_PSP.xls,200,283648,cdaca349dcf45e07461b0a4096634a13e1feaea30b3f7e6e61245d8de982d936,2026-09-14T14:10:59,03.12.24_NLDC_PSP|03-12-2024|attachment/xls
https://webcdn.grid-india.in/files/grdw/uploads/daily-reports/psp-reports/2024-2025/04.12.24_NLDC_PSP.xls,2024-25/04.12.24_NLDC_PSP.xls,200,295424,e1fa19033dc4c6442cd4b48807878f2da030a0b4f1cc1df252414491bb98286a,2026-09-14T14:10:59,04.12.24_NLDC_PSP|04-12-2024|attachment/xls
https://webcdn.grid-india.in/files/grdw/uploads/daily-reports/psp-reports/2024-2025/05.12.24_NLDC_PSP.xls,2024-25/05.12.24_NLDC_PSP.xls,200,342528,41dce932242fbda5d2e9db0446d7f9592a269bd2871d30cb9b457174a73ea709,2026-09-14T14:11:00,05.12.24_NLDC_PSP|05-12-2024|attachment/xls
https://webcdn.grid-india.in/files/grdw/uploads/daily-reports/psp-reports/2024-2025/06.12.24_NLDC_PSP.xls,2024-25/06.12.24_NLDC_PSP.xls,200,284672,c52046e043a38b6292dddc3073be3ca9c0736c79e9501842a39c113d09db8107,2026-09-14T14:11:00,06.12.24_NLDC_PSP|06-12-2024|attachment/xls
https://webcdn.grid-india.in/files/grdw/uploads/daily-reports/psp-reports/2024-2025/07.12.24_NLDC_PSP.xls,2024-25/07.12.24_NLDC_PSP.xls,200,283136,33b42d3bac7e40ebf17847b162be8e0c5bafecaa6e0a29b27d034e248163e87a,2026-09-14T14:11:01,07.12.24_NLDC_PSP|07-12-2024|attachment/xls
https://webcdn.grid-india.in/files/grdw/uploads/daily-reports/psp-reports/2024-2025/08.12.24_NLDC_PSP.xls,2024-25/08.12.24_NLDC_PSP.xls,200,283136,398568554a6bdcf8963d50d43668bb1d277835a128edb8d0c8d136cb6b508c93,2026-09-14T14:11:01,08.12.24_NLDC_PSP|08-12-2024|attachment/xls
https://webcdn.grid-india.in/files/grdw/uploads/daily-reports/psp-reports/2024-2025/09.12.24_NLDC_PSP.xls,2024-25/09.12.24_NLDC_PSP.xls,200,284672,80a9e6f943d4fa706a1c17543369abc1f9cc29f9fd1a87c324519541854dd5a0,2026-09-14T14:11:02,09.12.24_NLDC_PSP|09-12-2024|attachment/xls
https://webcdn.grid-india.in/files/grdw/uploads/daily-reports/psp-reports/2024-2025/10.12.24_NLDC_PSP.xls,2024-25/10.12.24_NLDC_PSP.xls,200,283136,a902cebc0ececa7d7b0dcc7f5c6edf1725028d920bc2853b6465b503b4b8d6e8,2026-09-14T14:11:02,10.12.24_NLDC_PSP|10-12-2024|attachment/xls
https://webcdn.grid-india.in/files/grdw/uploads/daily-reports/psp-reports/2024-2025/11.12.24_NLDC_PSP.xls,2024-25/11.12.24_NLDC_PSP.xls,200,284160,0a10ccffef74dbfc289f3d1bfa0c1783f8cce4e52a85a91b34fb765bdce936f4,2026-09-14T14:11:03,11.12.24_NLDC_PSP|11-12-2024|attachment/xls
https://webcdn.grid-india.in/files/grdw/uploads/daily-reports/psp-reports/2024-2025/12.12.24_NLDC_PSP.xls,2024-25/12.12.24_NLDC_PSP.xls,200,285184,6902c81e76a58543c9cdca644853b6828b667e2bac9819204602482b99d9b12c,2026-09-14T14:11:03,12.12.24_NLDC_PSP|12-12-2024|attachment/xls
https://webcdn.grid-india.in/files/grdw/uploads/daily-reports/psp-reports/2024-2025/13.12.24_NLDC_PSP.xls,2024-25/13.12.24_NLDC_PSP.xls,200,299008,e53167c44449b8fbc3456309cd8e4b46205c7b034187b92082a342673bac4f42,2026-09-14T14:11:04,13.12.24_NLDC_PSP|13-12-2024|attachment/xls
https://webcdn.grid-india.in/files/grdw/uploads/daily-reports/psp-reports/2024-2025/14.12.24_NLDC_PSP.xls,2024-25/14.12.24_NLDC_PSP.xls,200,297984,bf0222f7d6db1f653e144976bd801b6fb54a5db82a86c178dc9e0be6742b5e31,2026-09-14T14:11:04,14.12.24_NLDC_PSP|14-12-2024|attachment/xls
https://webcdn.grid-india.in/files/grdw/uploads/daily-reports/psp-reports/2024-2025/15.12.24_NLDC_PSP.xls,2024-25/15.12.24_NLDC_PSP.xls,200,283136,316ba10a03a9bc9f23eae1325c41bdc14aef6fe985835abc38e999861fad3880,2026-09-14T14:11:05,15.12.24_NLDC_PSP|15-12-2024|attachment/xls
https://webcdn.grid-india.in/files/grdw/uploads/daily-reports/psp-reports/2024-2025/16.12.24_NLDC_PSP.xls,2024-25/16.12.24_NLDC_PSP.xls,200,339968,535f8fe9251639f318074572b8795792cbcf0970fff44ddba2d1b8b17f5f6b44,2026-09-14T14:11:06,16.12.24_NLDC_PSP|16-12-2024|attachment/xls
https://webcdn.grid-india.in/files/grdw/uploads/daily-reports/psp-reports/2024-2025/17.12.24_NLDC_PSP.xls,2024-25/17.12.24_NLDC_PSP.xls,200,284672,3b103d70a2b5458811d8d013295db52580cee0930a71b64dcdb20e0ee82da70e,2026-09-14T14:11:06,17.12.24_NLDC_PSP|17-12-2024|attachment/xls
https://webcdn.grid-india.in/files/grdw/uploads/daily-reports/psp-reports/2024-2025/18.12.24_NLDC_PSP.xls,2024-25/18.12.24_NLDC_PSP.xls,200,284672,e383837bd6f35007609e79b8eda7c2623c60be4f896e3f8eccab226ee36b67c8,2026-09-14T14:11:06,18.12.24_NLDC_PSP|18-12-2024|attachment/xls
https://webcdn.grid-india.in/files/grdw/uploads/daily-reports/psp-reports/2024-2025/19.12.24_NLDC_PSP.xls,2024-25/19.12.24_NLDC_PSP.xls,200,283136,99761f5f7f60e13abd352c3313608cc7cd824fa55e88b698e25a8631dcbafa1a,2026-09-14T14:11:07,19.12.24_NLDC_PSP|19-12-2024|attachment/xls
https://webcdn.grid-india.in/files/grdw/uploads/daily-reports/psp-reports/2024-2025/20.12.24_NLDC_PSP.xls,2024-25/20.12.24_NLDC_PSP.xls,200,340992,c513c2eadb3c5b5227cb006214f6d3630f112f4ea1623027666c17efe7935334,2026-09-14T14:11:08,20.12.24_NLDC_PSP|20-12-2024|attachment/xls
https://webcdn.grid-india.in/files/grdw/uploads/daily-reports/psp-reports/2024-2025/21.12.24_NLDC_PSP.xls,2024-25/21.12.24_NLDC_PSP.xls,200,299008,4bdedb76cac28a8c64f543d9e8ef186ae3f26ac48a4446438eeed61088ae1b58,2026-09-14T14:11:08,21.12.24_NLDC_PSP|21-12-2024|attachment/xls
https://webcdn.grid-india.in/files/grdw/uploads/daily-reports/psp-reports/2024-2025/22.12.24_NLDC_PSP.xls,2024-25/22.12.24_NLDC_PSP.xls,200,284160,f9a7f08eaef2ebb16c4f4acfbfdfa0eca7b2b4f9f2cb9502c6efa3acd97d130b,2026-09-14T14:11:08,22.12.24_NLDC_PSP|22-12-2024|attachment/xls
https://webcdn.grid-india.in/files/grdw/uploads/daily-reports/psp-reports/2024-2025/23.12.24_NLDC_PSP.xls,2024-25/23.12.24_NLDC_PSP.xls,200,339968,35b70a614f0a618d827647a278a333298b5bede9b57525d559463c396485d9c6,2026-09-14T14:11:09,23.12.24_NLDC_PSP|23-12-2024|attachment/xls
https://webcdn.grid-india.in/files/grdw/uploads/daily-reports/psp-reports/2024-2025/24.12.24_NLDC_PSP.xls,2024-25/24.12.24_NLDC_PSP.xls,200,340480,8ab0ce956295ad13dae5b0f21685cc1dfc5a032d7aafbef895accad0003867e0,2026-09-14T14:11:10,24.12.24_NLDC_PSP|24-12-2024|attachment/xls
https://webcdn.grid-india.in/files/grdw/uploads/daily-reports/psp-reports/2024-2025/25.12.24_NLDC_PSP.xls,2024-25/25.12.24_NLDC_PSP.xls,200,283136,7a9b0f2280bf1a5437554f8dda7de626fd9dc61c165f7358c32bb493a156f5a8,2026-09-14T14:11:10,25.12.24_NLDC_PSP|25-12-2024|attachment/xls
https://webcdn.grid-india.in/files/grdw/uploads/daily-reports/psp-reports/2024-2025/26.12.24_NLDC_PSP.xls,2024-25/26.12.24_NLDC_PSP.xls,200,283136,28025d683821be59588662be2eb64b663cd6c05d55b9d23d9f080a01fdd6a103,2026-09-14T14:11:11,26.12.24_NLDC_PSP|26-12-2024|attachment/xls
https://webcdn.grid-india.in/files/grdw/uploads/daily-reports/psp-reports/2024-2025/27.12.24_NLDC_PSP.xls,2024-25/27.12.24_NLDC_PSP.xls,200,283136,115f278d550fd26e24f394c8c7a7a057b107ab2bcfa04c9e6c1d2ea9955800ef,2026-09-14T14:11:11,27.12.24_NLDC_PSP|27-12-2024|attachment/xls
https://webcdn.grid-india.in/files/grdw/uploads/daily-reports/psp-reports/2024-2025/28.12.24_NLDC_PSP.xls,2024-25/28.12.24_NLDC_PSP.xls,200,284160,e4b9ef0e5f54a3592f9a1214344d60c06fb8de3c51190c0792c77b8feec700bb,2026-09-14T14:11:12,28.12.24_NLDC_PSP|28-12-2024|attachment/xls
https://webcdn.grid-india.in/files/grdw/uploads/daily-reports/psp-reports/2024-2025/29.12.24_NLDC_PSP.xls,2024-25/29.12.24_NLDC_PSP.xls,200,284160,a43e89d3d1ba7b0c4f33794678b79b5a957992a9c20247997449cc3aa666a0c6,2026-09-14T14:11:12,29.12.24_NLDC_PSP|29-12-2024|attachment/xls
https://webcdn.grid-india.in/files/grdw/uploads/daily-reports/psp-reports/2024-2025/30.12.24_NLDC_PSP.xls,2024-25/30.12.24_NLDC_PSP.xls,404,0,,2026-09-14T14:11:12,30.12.24_NLDC_PSP|30-12-2024|attachment/xls
https://webcdn.grid-india.in/files/grdw/uploads/daily-reports/psp-reports/2024-2025/31.12.24_NLDC_PSP.xls,2024-25/31.12.24_NLDC_PSP.xls,404,0,,2026-09-14T14:11:13,31.12.24_NLDC_PSP|31-12-2024|attachment/xls
https://webcdn.grid-india.in/files/grdw/uploads/daily-reports/psp-reports/2024-2025/01.01.25_NLDC_PSP.xls,2024-25/01.01.25_NLDC_PSP.xls,200,284672,216945bdd0bea937220f16d75ad1d0c13e64aef363194c094cc7d5b3a24e8140,2026-09-14T14:11:14,01.01.25_NLDC_PSP|01-01-2025|attachment/xls
https://webcdn.grid-india.in/files/grdw/uploads/daily-reports/psp-reports/2024-2025/02.01.25_NLDC_PSP.xls,2024-25/02.01.25_NLDC_PSP.xls,200,283648,b38b96e59bb94bd659394bdc814137b537615f015235265c51b5d9555f46e731,2026-09-14T14:11:15,02.01.25_NLDC_PSP|02-01-2025|attachment/xls
https://webcdn.grid-india.in/files/grdw/uploads/daily-reports/psp-reports/2024-2025/03.01.25_NLDC_PSP.xls,2024-25/03.01.25_NLDC_PSP.xls,200,285184,c308b560e50fb88deb17c0c80a378ab5f819b266e1e45fe4e3ad93a0b599e230,2026-09-14T14:11:15,03.01.25_NLDC_PSP|03-01-2025|attachment/xls
https://webcdn.grid-india.in/files/grdw/uploads/daily-reports/psp-reports/2024-2025/04.01.25_NLDC_PSP.xls,2024-25/04.01.25_NLDC_PSP.xls,200,285184,5836c27f6040d5153d779b7a404d962678087ea2cc286add781174693a84ab37,2026-09-14T14:11:16,04.01.25_NLDC_PSP|04-01-2025|attachment/xls
https://webcdn.grid-india.in/files/grdw/uploads/daily-reports/psp-reports/2024-2025/05.01.25_NLDC_PSP.xls,2024-25/05.01.25_NLDC_PSP.xls,200,284160,b6f22e2336c68df522f90cbc9ba429de8ddf751f8e1a9d960c19f93393b88ced,2026-09-14T14:11:16,05.01.25_NLDC_PSP|05-01-2025|attachment/xls
https://webcdn.grid-india.in/files/grdw/uploads/daily-reports/psp-reports/2024-2025/06.01.25_NLDC_PSP.xls,2024-25/06.01.25_NLDC_PSP.xls,200,298496,ef26147e3e4cf29796c0fa873de7945626adc160ab50705c88f4b0b7b9640cf0,2026-09-14T14:11:17,06.01.25_NLDC_PSP|06-01-2025|attachment/xls
https://webcdn.grid-india.in/files/grdw/uploads/daily-reports/psp-reports/2024-2025/07.01.25_NLDC_PSP.xls,2024-25/07.01.25_NLDC_PSP.xls,200,297472,6eeb166106eeb5351a9acafc9f5a52c5500c1addd2874c595e2a9e653824b78d,2026-09-14T14:11:17,07.01.25_NLDC_PSP|07-01-2025|attachment/xls
https://webcdn.grid-india.in/files/grdw/uploads/daily-reports/psp-reports/2024-2025/08.01.25_NLDC_PSP.xls,2024-25/08.01.25_NLDC_PSP.xls,200,284160,48be32c31e39071627c81149c8501e3b20dea1b7febd73860f03ece09e60da94,2026-09-14T14:11:18,08.01.25_NLDC_PSP|08-01-2025|attachment/xls
https://webcdn.grid-india.in/files/grdw/uploads/daily-reports/psp-reports/2024-2025/09.01.25_NLDC_PSP.xls,2024-25/09.01.25_NLDC_PSP.xls,200,283136,f78873c6948ff3db00a7de102fc483b2d2d3363ddefc5f63bdc0b9cbb30d59ee,2026-09-14T14:11:18,09.01.25_NLDC_PSP|09-01-2025|attachment/xls
https://webcdn.grid-india.in/files/grdw/uploads/daily-reports/psp-reports/2024-2025/10.01.25_NLDC_PSP.xls,2024-25/10.01.25_NLDC_PSP.xls,200,295424,49d51e6f3aedbd626c4ee1d1519500e920e06c0a268e756877256a0587d9c4fd,2026-09-14T14:11:19,10.01.25_NLDC_PSP|10-01-2025|attachment/xls
https://webcdn.grid-india.in/files/grdw/uploads/daily-reports/psp-reports/2024-2025/11.01.25_NLDC_PSP.xls,2024-25/11.01.25_NLDC_PSP.xls,200,299008,80b2867d076738b9e4583d4ff36e52b4d0ccbe44658883d1ccd778d2b8b0859c,2026-09-14T14:11:19,11.01.25_NLDC_PSP|11-01-2025|attachment/xls
https://webcdn.grid-india.in/files/grdw/uploads/daily-reports/psp-reports/2024-2025/12.01.25_NLDC_PSP.xls,2024-25/12.01.25_NLDC_PSP.xls,200,284672,d0ebed39e97151e4958698ec7c0d03ad046ad7e5cc17a36a80b625d06fd2c19d,2026-09-14T14:11:20,12.01.25_NLDC_PSP|12-01-2025|attachment/xls
https://webcdn.grid-india.in/files/grdw/uploads/daily-reports/psp-reports/2024-2025/13.01.25_NLDC_PSP.xls,2024-25/13.01.25_NLDC_PSP.xls,200,342528,43d49d575fe4b49bc81195b8202272ae619e19523cbb66415f4c782326f73c26,2026-09-14T14:11:20,13.01.25_NLDC_PSP|13-01-2025|attachment/xls
https://webcdn.grid-india.in/files/grdw/uploads/daily-reports/psp-reports/2024-2025/14.01.25_NLDC_PSP.xls,2024-25/14.01.25_NLDC_PSP.xls,200,298496,1e4e333c43380fb82515cefe7ef2ed4ab5af353c19104d3e73ed80b463111337,2026-09-14T14:11:21,14.01.25_NLDC_PSP|14-01-2025|attachment/xls
https://webcdn.grid-india.in/files/grdw/uploads/daily-reports/psp-reports/2024-2025/15.01.25_NLDC_PSP.xls,2024-25/15.01.25_NLDC_PSP.xls,200,298496,2deba8f7fa4aae92a2ff57ba085251c6e8cf2dbf7352444afcdd822b2e7faf45,2026-09-14T14:11:21,15.01.25_NLDC_PSP|15-01-2025|attachment/xls
https://webcdn.grid-india.in/files/grdw/uploads/daily-reports/psp-reports/2024-2025/16.01.25_NLDC_PSP.xls,2024-25/16.01.25_NLDC_PSP.xls,200,284672,eea236860e2436c0208ae407e58f3cf9b3384c223f719496632e74b720293443,2026-09-14T14:11:22,16.01.25_NLDC_PSP|16-01-2025|attachment/xls
https://webcdn.grid-india.in/files/grdw/uploads/daily-reports/psp-reports/2024-2025/17.01.25_NLDC_PSP.xls,2024-25/17.01.25_NLDC_PSP.xls,200,284672,b24b327bd17a985da10eb801bdfd7564038026b1a82a590ea8bff55fd0eebff5,2026-09-14T14:11:22,17.01.25_NLDC_PSP|17-01-2025|attachment/xls
https://webcdn.grid-india.in/files/grdw/uploads/daily-reports/psp-reports/2024-2025/18.01.25_NLDC_PSP.xls,2024-25/18.01.25_NLDC_PSP.xls,200,283136,9bf02ab3a2f6921b9fade73e753cbea1d4f9e20c9504c3b81f415819e22c4ea2,2026-09-14T14:11:23,18.01.25_NLDC_PSP|18-01-2025|attachment/xls
https://webcdn.grid-india.in/files/grdw/uploads/daily-reports/psp-reports/2024-2025/19.01.25_NLDC_PSP.xls,2024-25/19.01.25_NLDC_PSP.xls,200,284160,90204cbdd46e65a2ff478a971b930a1da636764a29f20cb3dbe45040311cbc0c,2026-09-14T14:11:23,19.01.25_NLDC_PSP|19-01-2025|attachment/xls
https://webcdn.grid-india.in/files/grdw/uploads/daily-reports/psp-reports/2024-2025/20.01.25_NLDC_PSP.xls,2024-25/20.01.25_NLDC_PSP.xls,200,284672,9bde4096d910f1c9fa661c630459afe0a493d7090a59ae177239924c73737c8d,2026-09-14T14:11:24,20.01.25_NLDC_PSP|20-01-2025|attachment/xls
https://webcdn.grid-india.in/files/grdw/uploads/daily-reports/psp-reports/2024-2025/21.01.25_NLDC_PSP.xls,2024-25/21.01.25_NLDC_PSP.xls,200,284672,1bc1877ce9ea068eb5af0d12b4aff2de7f899df4048cecead8b3e8a71991fcf1,2026-09-14T14:11:24,21.01.25_NLDC_PSP|21-01-2025|attachment/xls
https://webcdn.grid-india.in/files/grdw/uploads/daily-reports/psp-reports/2024-2025/22.01.25_NLDC_PSP.xls,2024-25/22.01.25_NLDC_PSP.xls,200,284672,8bd41d3b17dca9968ea20be67c2f25c239d42d3cf50d3ed0502324f59b97e80b,2026-09-14T14:11:25,22.01.25_NLDC_PSP|22-01-2025|attachment/xls
https://webcdn.grid-india.in/files/grdw/uploads/daily-reports/psp-reports/2024-2025/23.01.25_NLDC_PSP.xls,2024-25/23.01.25_NLDC_PSP.xls,200,288256,a00dc3f8ede0faad3e040b9ae4590417e685d03aaccf9796d79a3103d2a6f5a0,2026-09-14T14:11:25,23.01.25_NLDC_PSP|23-01-2025|attachment/xls
https://webcdn.grid-india.in/files/grdw/uploads/daily-reports/psp-reports/2024-2025/24.01.25_NLDC_PSP.xls,2024-25/24.01.25_NLDC_PSP.xls,200,283136,8539db21bc0b97edb35225a34cadb7e20de8a910bcee11e7afa42842ec6f7229,2026-09-14T14:11:26,24.01.25_NLDC_PSP|24-01-2025|attachment/xls
https://webcdn.grid-india.in/files/grdw/uploads/daily-reports/psp-reports/2024-2025/25.01.25_NLDC_PSP.xls,2024-25/25.01.25_NLDC_PSP.xls,200,283136,1e16bff2d4243960cb1bbf3fc2c31ba3c91dc444802ca92c4ce0bda077d2d71a,2026-09-14T14:11:26,25.01.25_NLDC_PSP|25-01-2025|attachment/xls
https://webcdn.grid-india.in/files/grdw/uploads/daily-reports/psp-reports/2024-2025/26.01.25_NLDC_PSP.xls,2024-25/26.01.25_NLDC_PSP.xls,200,284672,f6f70882ea6859a33ada80c7f1ac179d9a63abc72d6207510a3bea96c3179683,2026-09-14T14:11:27,26.01.25_NLDC_PSP|26-01-2025|attachment/xls
https://webcdn.grid-india.in/files/grdw/uploads/daily-reports/psp-reports/2024-2025/27.01.25_NLDC_PSP.xls,2024-25/27.01.25_NLDC_PSP.xls,200,284672,bd8cba73da1fc82bfed352c01d3abbfc3c9603ff131d475665c9491e6be57df1,2026-09-14T14:11:27,27.01.25_NLDC_PSP|27-01-2025|attachment/xls
https://webcdn.grid-india.in/files/grdw/uploads/daily-reports/psp-reports/2024-2025/28.01.25_NLDC_PSP.xls,2024-25/28.01.25_NLDC_PSP.xls,200,283136,74ca61cb9e9ac360d960af483de407fb1287a79bfc329a7ee7618894121eca37,2026-09-14T14:11:28,28.01.25_NLDC_PSP|28-01-2025|attachment/xls
https://webcdn.grid-india.in/files/grdw/uploads/daily-reports/psp-reports/2024-2025/29.01.25_NLDC_PSP.xls,2024-25/29.01.25_NLDC_PSP.xls,200,285184,ec756d7144c8e2386e617047c074ae806d17f41ca760c9737194511966f801c1,2026-09-14T14:11:28,29.01.25_NLDC_PSP|29-01-2025|attachment/xls
https://webcdn.grid-india.in/files/grdw/uploads/daily-reports/psp-reports/2024-2025/30.01.25_NLDC_PSP.xls,2024-25/30.01.25_NLDC_PSP.xls,200,284672,c9ff114ed4ae1f150f2e44262aa12aeec9e04bb33328313b67690cbf3f8610e2,2026-09-14T14:11:29,30.01.25_NLDC_PSP|30-01-2025|attachment/xls
https://webcdn.grid-india.in/files/grdw/uploads/daily-reports/psp-reports/2024-2025/31.01.25_NLDC_PSP.xls,2024-25/31.01.25_NLDC_PSP.xls,200,284672,79ab623ca8d8ad22d48b58270a2f0444872fab94eb77c2f0613f4e57a0b5eddf,2026-09-14T14:11:29,31.01.25_NLDC_PSP|31-01-2025|attachment/xls
https://webcdn.grid-india.in/files/grdw/uploads/daily-reports/psp-reports/2024-2025/01.02.25_NLDC_PSP.xls,2024-25/01.02.25_NLDC_PSP.xls,200,300032,bff7c011c24fed2abcfafa117f0d8631b9c8aff7541fa932b529d9708fcfba6e,2026-09-14T14:11:30,01.02.25_NLDC_PSP|01-02-2025|attachment/xls
https://webcdn.grid-india.in/files/grdw/uploads/daily-reports/psp-reports/2024-2025/02.02.25_NLDC_PSP.xls,2024-25/02.02.25_NLDC_PSP.xls,200,300032,9a3f4015b1fb243eee312e0648821ef86c3b141f025af6767d9bae6b9d7b2312,2026-09-14T14:11:31,02.02.25_NLDC_PSP|02-02-2025|attachment/xls
https://webcdn.grid-india.in/files/grdw/uploads/daily-reports/psp-reports/2024-2025/03.02.25_NLDC_PSP.xls,2024-25/03.02.25_NLDC_PSP.xls,200,287232,7037613b335f49799ec61990d5a09de03ee238c36be3af26f01eae26959a1299,2026-09-14T14:11:31,03.02.25_NLDC_PSP|03-02-2025|attachment/xls
https://webcdn.grid-india.in/files/grdw/uploads/daily-reports/psp-reports/2024-2025/04.02.25_NLDC_PSP.xls,2024-25/04.02.25_NLDC_PSP.xls,200,283136,9372955194aef9bfec72ac0bfad884fba84e090f50b22bcd81e2c1e3002155f9,2026-09-14T14:11:32,04.02.25_NLDC_PSP|04-02-2025|attachment/xls
https://webcdn.grid-india.in/files/grdw/uploads/daily-reports/psp-reports/2024-2025/05.02.25_NLDC_PSP.xls,2024-25/05.02.25_NLDC_PSP.xls,200,284672,75c777502e0d9e7e53472233fda13faddc3bba0e72cbbf8b5d42931cd264c22e,2026-09-14T14:11:32,05.02.25_NLDC_PSP|05-02-2025|attachment/xls
https://webcdn.grid-india.in/files/grdw/uploads/daily-reports/psp-reports/2024-2025/06.02.25_NLDC_PSP.xls,2024-25/06.02.25_NLDC_PSP.xls,200,300544,e7005a64b6a0e2167ac68d7aadc5e5cdaa8cfe820e1fc8ce2d5e34d805820745,2026-09-14T14:11:33,06.02.25_NLDC_PSP|06-02-2025|attachment/xls
https://webcdn.grid-india.in/files/grdw/uploads/daily-reports/psp-reports/2024-2025/07.02.25_NLDC_PSP.xls,2024-25/07.02.25_NLDC_PSP.xls,200,284672,a733421cf266220c0890b2cdaf10bd760420cf4d016b2410aae22d5c1d50add1,2026-09-14T14:11:33,07.02.25_NLDC_PSP|07-02-2025|attachment/xls
https://webcdn.grid-india.in/files/grdw/uploads/daily-reports/psp-reports/2024-2025/08.02.25_NLDC_PSP.xls,2024-25/08.02.25_NLDC_PSP.xls,200,284672,6dc7b4b2f633b82764b8c651d1c0a2e36fa56124bb9b5b1260c6a6aa6d172000,2026-09-14T14:11:34,08.02.25_NLDC_PSP|08-02-2025|attachment/xls
https://webcdn.grid-india.in/files/grdw/uploads/daily-reports/psp-reports/2024-2025/09.02.25_NLDC_PSP.xls,2024-25/09.02.25_NLDC_PSP.xls,200,284672,2f4356e806e2927f5da1df423dc2c9563ad6d7dc6ad17ab943e5577258155100,2026-09-14T14:11:34,09.02.25_NLDC_PSP|09-02-2025|attachment/xls
https://webcdn.grid-india.in/files/grdw/uploads/daily-reports/psp-reports/2024-2025/10.02.25_NLDC_PSP.xls,2024-25/10.02.25_NLDC_PSP.xls,200,300032,1980c0f89543b624a8a272ef2d66436b95b29a444a66ef8fb2104ff596546e0a,2026-09-14T14:11:35,10.02.25_NLDC_PSP|10-02-2025|attachment/xls
https://webcdn.grid-india.in/files/grdw/uploads/daily-reports/psp-reports/2024-2025/11.02.25_NLDC_PSP.xls,2024-25/11.02.25_NLDC_PSP.xls,200,284672,e5a0522b4c5bac8f29f7fb02b58d79c3ec3de095ab089b2180c9c855ba15fd23,2026-09-14T14:11:35,11.02.25_NLDC_PSP|11-02-2025|attachment/xls
https://webcdn.grid-india.in/files/grdw/uploads/daily-reports/psp-reports/2024-2025/12.02.25_NLDC_PSP.xls,2024-25/12.02.25_NLDC_PSP.xls,200,283136,21d2f1e20ad96293aaa1da804c7c41b0b2538389854ace8d07385704d5a1e1c7,2026-09-14T14:11:36,12.02.25_NLDC_PSP|12-02-2025|attachment/xls
https://webcdn.grid-india.in/files/grdw/uploads/daily-reports/psp-reports/2024-2025/13.02.25_NLDC_PSP.xls,2024-25/13.02.25_NLDC_PSP.xls,200,285696,2560b81abc4c849e83a4cc8551a612593513ba9244002cf3a7876f9b37cae4c9,2026-09-14T14:11:37,13.02.25_NLDC_PSP|13-02-2025|attachment/xls
https://webcdn.grid-india.in/files/grdw/uploads/daily-reports/psp-reports/2024-2025/14.02.25_NLDC_PSP.xls,2024-25/14.02.25_NLDC_PSP.xls,200,306688,d6a3c15cd0b8e943ca5a9a5f4b7705daad7c0f969a353051fdf509fb73b9680f,2026-09-14T14:11:37,14.02.25_NLDC_PSP|14-02-2025|attachment/xls
https://webcdn.grid-india.in/files/grdw/uploads/daily-reports/psp-reports/2024-2025/15.02.25_NLDC_PSP.xls,2024-25/15.02.25_NLDC_PSP.xls,200,295936,256318c947ae7b1c14b62a3c74bc6ddc0efbb4eac7a2c306aa5260ecfb9553c5,2026-09-14T14:11:38,15.02.25_NLDC_PSP|15-02-2025|attachment/xls
https://webcdn.grid-india.in/files/grdw/uploads/daily-reports/psp-reports/2024-2025/16.02.25_NLDC_PSP.xls,2024-25/16.02.25_NLDC_PSP.xls,200,340480,6785c951226c7a2b17425844ca28659a74b0295e51933d3a1bfa6fa187aadc72,2026-09-14T14:11:38,16.02.25_NLDC_PSP|16-02-2025|attachment/xls
https://webcdn.grid-india.in/files/grdw/uploads/daily-reports/psp-reports/2024-2025/17.02.25_NLDC_PSP.xls,2024-25/17.02.25_NLDC_PSP.xls,200,283136,e93082f83d185535a3f39689c1c0206afbe889ac399798cd049a08eac2a1fcb6,2026-09-14T14:11:39,17.02.25_NLDC_PSP|17-02-2025|attachment/xls
https://webcdn.grid-india.in/files/grdw/uploads/daily-reports/psp-reports/2024-2025/18.02.25_NLDC_PSP.xls,2024-25/18.02.25_NLDC_PSP.xls,200,283136,85a723ce707149c14df1872cf9130dbac62902f18c6448b268ff9fd723769433,2026-09-14T14:11:39,18.02.25_NLDC_PSP|18-02-2025|attachment/xls
https://webcdn.grid-india.in/files/grdw/uploads/daily-reports/psp-reports/2024-2025/19.02.25_NLDC_PSP.xls,2024-25/19.02.25_NLDC_PSP.xls,200,288256,fe6b3fb9a994fffb80c944306e787fa43dfcac104e24d85335a63aaa0e144e8b,2026-09-14T14:11:40,19.02.25_NLDC_PSP|19-02-2025|attachment/xls
https://webcdn.grid-india.in/files/grdw/uploads/daily-reports/psp-reports/2024-2025/20.02.25_NLDC_PSP.xls,2024-25/20.02.25_NLDC_PSP.xls,200,295424,9543b300166bad7d088208eca9d29802345431d375b3447623edb04ca9408b94,2026-09-14T14:11:40,20.02.25_NLDC_PSP|20-02-2025|attachment/xls
https://webcdn.grid-india.in/files/grdw/uploads/daily-reports/psp-reports/2024-2025/21.02.25_NLDC_PSP.xls,2024-25/21.02.25_NLDC_PSP.xls,200,284160,2afbaab159edeebd6bc1b2a43796122b256a6c9f98854a52fbbc2ea399dc7144,2026-09-14T14:11:41,21.02.25_NLDC_PSP|21-02-2025|attachment/xls
https://webcdn.grid-india.in/files/grdw/uploads/daily-reports/psp-reports/2024-2025/22.02.25_NLDC_PSP.xls,2024-25/22.02.25_NLDC_PSP.xls,200,284160,46987914265c849ff8e8142e46994d06dd4fffca8ab65a4fb7fc0052c89d9e35,2026-09-14T14:11:41,22.02.25_NLDC_PSP|22-02-2025|attachment/xls
https://webcdn.grid-india.in/files/grdw/uploads/daily-reports/psp-reports/2024-2025/23.02.25_NLDC_PSP.xls,2024-25/23.02.25_NLDC_PSP.xls,200,299520,f626e130f8e8d68929e953c1a94296f60d9c44c205cf48dc471dfcbad19febcd,2026-09-14T14:11:42,23.02.25_NLDC_PSP|23-02-2025|attachment/xls
https://webcdn.grid-india.in/files/grdw/uploads/daily-reports/psp-reports/2024-2025/24.02.25_NLDC_PSP.xls,2024-25/24.02.25_NLDC_PSP.xls,200,295424,c8a832a97ad77703022b36fe68d98b8d7156d5266f4a7bdcac6a8dde1aa18b77,2026-09-14T14:11:42,24.02.25_NLDC_PSP|24-02-2025|attachment/xls
https://webcdn.grid-india.in/files/grdw/2026/02/24.02.26_NLDC_PSP_409.xls,2024-25/24.02.26_NLDC_PSP_409.xls,200,285184,79529e2a51aae973309cd13015546abbb7932a4e8a0bd014bbcf98b1554768b9,2026-09-14T14:11:43,24.02.26_NLDC_PSP|25-02-2026|application/vnd.ms-excel
https://webcdn.grid-india.in/files/grdw/uploads/daily-reports/psp-reports/2024-2025/25.02.25_NLDC_PSP.xls,2024-25/25.02.25_NLDC_PSP.xls,200,283136,52f30d9b4a4bdb5f6d702999fd1b92231d619ea4a2b7f3b01e73a9585b6c9764,2026-09-14T14:11:43,25.02.25_NLDC_PSP|25-02-2025|attachment/xls
https://webcdn.grid-india.in/files/grdw/uploads/daily-reports/psp-reports/2024-2025/26.02.25_NLDC_PSP.xls,2024-25/26.02.25_NLDC_PSP.xls,200,283136,15b3691ae68df83c870be67699b26b19be22ff9464fae4fd79ce4c777f9f33ad,2026-09-14T14:11:44,26.02.25_NLDC_PSP|26-02-2025|attachment/xls
https://webcdn.grid-india.in/files/grdw/uploads/daily-reports/psp-reports/2024-2025/27.02.25_NLDC_PSP.xls,2024-25/27.02.25_NLDC_PSP.xls,200,284672,776bf6149d729c06aceade7f965d162f221b823438e7b26e76c6a2e8e8ff3ee0,2026-09-14T14:11:44,27.02.25_NLDC_PSP|27-02-2025|attachment/xls
https://webcdn.grid-india.in/files/grdw/uploads/daily-reports/psp-reports/2024-2025/28.02.25_NLDC_PSP.xls,2024-25/28.02.25_NLDC_PSP.xls,200,295424,63f662a2bea84fe4a7f51676f3a10e7ba2cc5129c66f4713154a873f4e6fd64e,2026-09-14T14:11:45,28.02.25_NLDC_PSP|28-02-2025|attachment/xls
https://webcdn.grid-india.in/files/grdw/uploads/daily-reports/psp-reports/2024-2025/01.03.25_NLDC_PSP.xls,2024-25/01.03.25_NLDC_PSP.xls,200,284672,7999d4a97b753e096fcdebd26a2f20db9ac0e209bc098da602d7d0b0fc553710,2026-09-14T14:11:46,01.03.25_NLDC_PSP|01-03-2025|attachment/xls
https://webcdn.grid-india.in/files/grdw/uploads/daily-reports/psp-reports/2024-2025/02.03.25_NLDC_PSP.xls,2024-25/02.03.25_NLDC_PSP.xls,200,284160,45441ead0b1ff4b3dbb6cedf2e7f31bf611292a054f9b72cf1ee3b466672de0d,2026-09-14T14:11:46,02.03.25_NLDC_PSP|02-03-2025|attachment/xls
https://webcdn.grid-india.in/files/grdw/uploads/daily-reports/psp-reports/2024-2025/03.03.25_NLDC_PSP.xls,2024-25/03.03.25_NLDC_PSP.xls,200,295424,825a99343f784b0c8280f3572b29a89c06c49b58a03f5dba08d72ded3f4a9fb0,2026-09-14T14:11:47,03.03.25_NLDC_PSP|03-03-2025|attachment/xls
https://webcdn.grid-india.in/files/grdw/uploads/daily-reports/psp-reports/2024-2025/04.03.25_NLDC_PSP.xls,2024-25/04.03.25_NLDC_PSP.xls,200,295424,9c68785033df16e37ce8b9cc92b9710dcb81c1e5d960fcbc228278e8eaf887ca,2026-09-14T14:11:47,04.03.25_NLDC_PSP|04-03-2025|attachment/xls
https://webcdn.grid-india.in/files/grdw/uploads/daily-reports/psp-reports/2024-2025/05.03.25_NLDC_PSP.xls,2024-25/05.03.25_NLDC_PSP.xls,200,284672,041e77554378ea11a468bb385c0ca7605185e151ebbdc4a87ed23572f66b4b1a,2026-09-14T14:11:48,05.03.25_NLDC_PSP|05-03-2025|attachment/xls
https://webcdn.grid-india.in/files/grdw/uploads/daily-reports/psp-reports/2024-2025/06.03.25_NLDC_PSP.xls,2024-25/06.03.25_NLDC_PSP.xls,200,295424,5fdb00b3266f073916d7af66a32be0dc6250478533351a8fc8706cc9b1d44089,2026-09-14T14:11:49,06.03.25_NLDC_PSP|06-03-2025|attachment/xls
https://webcdn.grid-india.in/files/grdw/uploads/daily-reports/psp-reports/2024-2025/07.03.25_NLDC_PSP.xls,2024-25/07.03.25_NLDC_PSP.xls,200,341504,dcd918b430b7e20ed8563b6823e3a1fb6a89c97df04eee2cec5a016922be4485,2026-09-14T14:11:49,07.03.25_NLDC_PSP|07-03-2025|attachment/xls
https://webcdn.grid-india.in/files/grdw/uploads/daily-reports/psp-reports/2024-2025/08.03.25_NLDC_PSP.xls,2024-25/08.03.25_NLDC_PSP.xls,200,283136,47759cd02892304ceb849ba1281843ef412bf622add4cda98167fa78a64ff52f,2026-09-14T14:11:49,08.03.25_NLDC_PSP|08-03-2025|attachment/xls
https://webcdn.grid-india.in/files/grdw/uploads/daily-reports/psp-reports/2024-2025/09.03.25_NLDC_PSP.xls,2024-25/09.03.25_NLDC_PSP.xls,200,284672,c5425fd499872b9b99abbae80cc0188b91a034122b45587981ad0f1273a5a4df,2026-09-14T14:11:50,09.03.25_NLDC_PSP|09-03-2025|attachment/xls
https://webcdn.grid-india.in/files/grdw/uploads/daily-reports/psp-reports/2024-2025/10.03.25_NLDC_PSP.xls,2024-25/10.03.25_NLDC_PSP.xls,200,288256,7ea4bedff87b16a330a71aee75a67cdd49580bb078b488ac4a682a68676e34fe,2026-09-14T14:11:50,10.03.25_NLDC_PSP|10-03-2025|attachment/xls
https://webcdn.grid-india.in/files/grdw/uploads/daily-reports/psp-reports/2024-2025/11.03.25_NLDC_PSP.xls,2024-25/11.03.25_NLDC_PSP.xls,200,284672,602c7123a1cd4fae2a0807d61b97b7fd3ae9bb1040f7a67ecb0795449951ae41,2026-09-14T14:11:51,11.03.25_NLDC_PSP|11-03-2025|attachment/xls
https://webcdn.grid-india.in/files/grdw/uploads/daily-reports/psp-reports/2024-2025/12.03.25_NLDC_PSP.xls,2024-25/12.03.25_NLDC_PSP.xls,200,284672,340d28bcc8c258bb45bd7e9a1f8d1dd454c727787c1a461f82edaff95ccd16ca,2026-09-14T14:11:51,12.03.25_NLDC_PSP|12-03-2025|attachment/xls
https://webcdn.grid-india.in/files/grdw/uploads/daily-reports/psp-reports/2024-2025/13.03.25_NLDC_PSP.xls,2024-25/13.03.25_NLDC_PSP.xls,200,342016,45c18f4a10ced6c2c9679e641162e08be251bd3a7b6905448b7c962bc07857c8,2026-09-14T14:11:52,13.03.25_NLDC_PSP|13-03-2025|attachment/xls
https://webcdn.grid-india.in/files/grdw/uploads/daily-reports/psp-reports/2024-2025/14.03.25_NLDC_PSP.xls,2024-25/14.03.25_NLDC_PSP.xls,200,342016,b6e4a3aae38cb4090a96e3765426010ed7aa0633312e7c34d5f3ccfd79011271,2026-09-14T14:11:53,14.03.25_NLDC_PSP|14-03-2025|attachment/xls
https://webcdn.grid-india.in/files/grdw/uploads/daily-reports/psp-reports/2024-2025/15.03.25_NLDC_PSP.xls,2024-25/15.03.25_NLDC_PSP.xls,200,284672,d4e7a6506aa64c6ba8cb3cca99c9998576f2c7f70eff876fad154358af2ce2b7,2026-09-14T14:11:53,15.03.25_NLDC_PSP|15-03-2025|attachment/xls
https://webcdn.grid-india.in/files/grdw/uploads/daily-reports/psp-reports/2024-2025/16.03.25_NLDC_PSP.xls,2024-25/16.03.25_NLDC_PSP.xls,200,295424,ad0327b666888e8ad0f8689de9254bcc93cf8d246654b49a7e995d6bbda685f4,2026-09-14T14:11:54,16.03.25_NLDC_PSP|16-03-2025|attachment/xls
https://webcdn.grid-india.in/files/grdw/uploads/daily-reports/psp-reports/2024-2025/17.03.25_NLDC_PSP.xls,2024-25/17.03.25_NLDC_PSP.xls,200,283136,e4407affdfc201a2e51171edfac2010ebec0be64e9302f98fa36e3dbc25467a3,2026-09-14T14:11:54,17.03.25_NLDC_PSP|17-03-2025|attachment/xls
https://webcdn.grid-india.in/files/grdw/uploads/daily-reports/psp-reports/2024-2025/18.03.25_NLDC_PSP.xls,2024-25/18.03.25_NLDC_PSP.xls,200,284672,4b3eaf20a79c4024bddf90991cb42175ed6427d837cddeb1acebee6c95cecc13,2026-09-14T14:11:55,18.03.25_NLDC_PSP|18-03-2025|attachment/xls
https://webcdn.grid-india.in/files/grdw/uploads/daily-reports/psp-reports/2024-2025/19.03.25_NLDC_PSP.xls,2024-25/19.03.25_NLDC_PSP.xls,200,287232,8e971e7a95f0e339e827b0350fff6a99ddfe09aecad6e2f69a32ea14827122a4,2026-09-14T14:11:55,19.03.25_NLDC_PSP|19-03-2025|attachment/xls
https://webcdn.grid-india.in/files/grdw/uploads/daily-reports/psp-reports/2024-2025/20.03.25_NLDC_PSP.xls,2024-25/20.03.25_NLDC_PSP.xls,200,295424,d1920a96a6e457716c54826c683228fa3e6d1ab4ac2d5258198b6536cc71a374,2026-09-14T14:11:56,20.03.25_NLDC_PSP|20-03-2025|attachment/xls
https://webcdn.grid-india.in/files/grdw/uploads/daily-reports/psp-reports/2024-2025/21.03.25_NLDC_PSP.xls,2024-25/21.03.25_NLDC_PSP.xls,200,342528,0811557ccc27eed264aa0154fef4dfae2e6bc046cfc51e620a5a7d4649de5913,2026-09-14T14:11:56,21.03.25_NLDC_PSP|21-03-2025|attachment/xls
https://webcdn.grid-india.in/files/grdw/uploads/daily-reports/psp-reports/2024-2025/22.03.25_NLDC_PSP.xls,2024-25/22.03.25_NLDC_PSP.xls,200,295424,806ea95e4129d7611d0363df7a8eb43b58b76eabca6438ad9197b75b31c4b67f,2026-09-14T14:11:57,22.03.25_NLDC_PSP|22-03-2025|attachment/xls
https://webcdn.grid-india.in/files/grdw/uploads/daily-reports/psp-reports/2024-2025/23.03.25_NLDC_PSP.xls,2024-25/23.03.25_NLDC_PSP.xls,200,306176,d69849293f6491142ff7e3dc90d95405943136e5bd5568f8f634fa8266c1410c,2026-09-14T14:11:57,23.03.25_NLDC_PSP|23-03-2025|attachment/xls
https://webcdn.grid-india.in/files/grdw/uploads/daily-reports/psp-reports/2024-2025/24.03.25_NLDC_PSP.xls,2024-25/24.03.25_NLDC_PSP.xls,200,306176,1be88e4ca257b557fecea6827e117e3b4c1c822b70338853b8bfdd99584ad010,2026-09-14T14:11:58,24.03.25_NLDC_PSP|24-03-2025|attachment/xls
https://webcdn.grid-india.in/files/grdw/uploads/daily-reports/psp-reports/2024-2025/25.03.25_NLDC_PSP.xls,2024-25/25.03.25_NLDC_PSP.xls,200,284160,09a030409f1764ce4c24e500737e125e1d38973d8640843fd0a81a86b2c05292,2026-09-14T14:11:58,25.03.25_NLDC_PSP|25-03-2025|attachment/xls
https://webcdn.grid-india.in/files/grdw/uploads/daily-reports/psp-reports/2024-2025/26.03.25_NLDC_PSP.xls,2024-25/26.03.25_NLDC_PSP.xls,200,284160,cbc5419ef480ba273b4f01c17c69889b0fc659349837cf7156bec5f38d646de7,2026-09-14T14:11:59,26.03.25_NLDC_PSP|26-03-2025|attachment/xls
https://webcdn.grid-india.in/files/grdw/uploads/daily-reports/psp-reports/2024-2025/27.03.25_NLDC_PSP.xls,2024-25/27.03.25_NLDC_PSP.xls,200,295424,1fe183015666cc4d98a0af7dc01a1f683c6682d68fdd870a01a41463c8844879,2026-09-14T14:11:59,27.03.25_NLDC_PSP|27-03-2025|attachment/xls
https://webcdn.grid-india.in/files/grdw/uploads/daily-reports/psp-reports/2024-2025/28.03.25_NLDC_PSP.xls,2024-25/28.03.25_NLDC_PSP.xls,200,295424,2fb5822f8ad4fd1ff0e6a7867d34042c071ee65e1ca971462d6f9a27f2353c9b,2026-09-14T14:12:00,28.03.25_NLDC_PSP|28-03-2025|attachment/xls
https://webcdn.grid-india.in/files/grdw/uploads/daily-reports/psp-reports/2024-2025/29.03.25_NLDC_PSP.xls,2024-25/29.03.25_NLDC_PSP.xls,200,342016,dfd40ceb0d23e653a35d2d18b5ebb32e6d54e3dd1abeeea0e355ba93bdc88252,2026-09-14T14:12:00,29.03.25_NLDC_PSP|29-03-2025|attachment/xls
https://webcdn.grid-india.in/files/grdw/uploads/daily-reports/psp-reports/2024-2025/30.03.25_NLDC_PSP.xls,2024-25/30.03.25_NLDC_PSP.xls,200,342016,47d2757616342e4ac4fa077ac7344c89e7b8a91d8c6fe2a59897b318f4de4dd2,2026-09-14T14:12:01,30.03.25_NLDC_PSP|30-03-2025|attachment/xls
https://webcdn.grid-india.in/files/grdw/uploads/daily-reports/psp-reports/2024-2025/31.03.25_NLDC_PSP.xls,2024-25/31.03.25_NLDC_PSP.xls,200,342016,d85c6586ee6508ae082e899e70fd9729a4e26932167ed6c45deb097e26f8d55d,2026-09-14T14:12:01,31.03.25_NLDC_PSP|31-03-2025|attachment/xls
https://webcdn.grid-india.in/files/grdw/uploads/daily-reports/psp-reports/2025-2026/01.04.25_NLDC_PSP.xls,2025-26/01.04.25_NLDC_PSP.xls,200,295424,ecf1fb2ee67071b66515766390e6fc28f3e1dc597f8b7ead9d9282b8f6bb0b74,2026-09-14T14:12:02,01.04.25_NLDC_PSP|01-04-2025|attachment/xls
https://webcdn.grid-india.in/files/grdw/uploads/daily-reports/psp-reports/2025-2026/02.04.25_NLDC_PSP.xls,2025-26/02.04.25_NLDC_PSP.xls,200,284672,5477f6a50c35552f9d47a355763bf19d74c6a29236d0f4254248d9b701eacfd0,2026-09-14T14:12:03,02.04.25_NLDC_PSP|02-04-2025|attachment/xls
https://webcdn.grid-india.in/files/grdw/uploads/daily-reports/psp-reports/2025-2026/03.04.25_NLDC_PSP.xls,2025-26/03.04.25_NLDC_PSP.xls,200,295936,9b37298317a7d57541150308b0a6fca1200decfad106226fe14b689e763f5b6e,2026-09-14T14:12:03,03.04.25_NLDC_PSP|03-04-2025|attachment/xls
https://webcdn.grid-india.in/files/grdw/uploads/daily-reports/psp-reports/2025-2026/04.04.25_NLDC_PSP.xls,2025-26/04.04.25_NLDC_PSP.xls,200,295936,59915b8d2e11b05646a8681b28cc4afabc90e923267d2d4a61a0f6867b0a0bdd,2026-09-14T14:12:04,04.04.25_NLDC_PSP|04-04-2025|attachment/xls
https://webcdn.grid-india.in/files/grdw/uploads/daily-reports/psp-reports/2025-2026/05.04.25_NLDC_PSP.xls,2025-26/05.04.25_NLDC_PSP.xls,200,288256,bf2faeab6e89273ac8f79e60eaad14f0e7a2ce2f704b8ad491c7bd29ac222ed4,2026-09-14T14:12:04,05.04.25_NLDC_PSP|05-04-2025|attachment/xls
https://webcdn.grid-india.in/files/grdw/uploads/daily-reports/psp-reports/2025-2026/06.04.25_NLDC_PSP.xls,2025-26/06.04.25_NLDC_PSP.xls,200,300032,e5341a0952159284fe417900d75a6ed9d27253176a80f975d3693312b8afb7d6,2026-09-14T14:12:05,06.04.25_NLDC_PSP|06-04-2025|attachment/xls
https://webcdn.grid-india.in/files/grdw/uploads/daily-reports/psp-reports/2025-2026/07.04.25_NLDC_PSP.xls,2025-26/07.04.25_NLDC_PSP.xls,200,295424,83ed6c55604db56a2546756ed3c79f63239e77a9b05a4f72ea2f931ecceba063,2026-09-14T14:12:05,07.04.25_NLDC_PSP|07-04-2025|attachment/xls
https://webcdn.grid-india.in/files/grdw/uploads/daily-reports/psp-reports/2025-2026/08.04.25_NLDC_PSP.xls,2025-26/08.04.25_NLDC_PSP.xls,200,295424,cfbf08a4870bc51656b781194c372527c5a67e9ff33b3c4d674cdee161b6e3ba,2026-09-14T14:12:06,08.04.25_NLDC_PSP|08-04-2025|attachment/xls
https://webcdn.grid-india.in/files/grdw/uploads/daily-reports/psp-reports/2025-2026/09.04.25_NLDC_PSP.xls,2025-26/09.04.25_NLDC_PSP.xls,200,342016,9077975f885550c63ff10f3a6d5f1a913d20c9922f65399ae38a76afb6ad1522,2026-09-14T14:12:06,09.04.25_NLDC_PSP|09-04-2025|attachment/xls
https://webcdn.grid-india.in/files/grdw/uploads/daily-reports/psp-reports/2025-2026/10.04.25_NLDC_PSP.xls,2025-26/10.04.25_NLDC_PSP.xls,200,295424,eca27fd3410fef34f3c1fa0b99418e2eec6fc9cac85a1150bbb588d2c7eed896,2026-09-14T14:12:07,10.04.25_NLDC_PSP|10-04-2025|attachment/xls
https://webcdn.grid-india.in/files/grdw/uploads/daily-reports/psp-reports/2025-2026/11.04.25_NLDC_PSP.xls,2025-26/11.04.25_NLDC_PSP.xls,200,342016,8f173e47a5761955def07c4fecfe315410c9ed97e6b04ad0adf8a333c768e456,2026-09-14T14:12:07,11.04.25_NLDC_PSP|11-04-2025|attachment/xls
https://webcdn.grid-india.in/files/grdw/uploads/daily-reports/psp-reports/2025-2026/12.04.25_NLDC_PSP.xls,2025-26/12.04.25_NLDC_PSP.xls,200,299008,e0364d695ad2f0bd45fe99ae3e36ff4b90423b23715fa5f8f4f4e2e08ee9a93d,2026-09-14T14:12:08,12.04.25_NLDC_PSP|12-04-2025|attachment/xls
https://webcdn.grid-india.in/files/grdw/uploads/daily-reports/psp-reports/2025-2026/13.04.25_NLDC_PSP.xls,2025-26/13.04.25_NLDC_PSP.xls,200,342016,ac00f1d89a5a3bdeb29680bb74a96551109de78537bd725c035917adccb16e5c,2026-09-14T14:12:08,13.04.25_NLDC_PSP|13-04-2025|attachment/xls
https://webcdn.grid-india.in/files/grdw/uploads/daily-reports/psp-reports/2025-2026/14.04.25_NLDC_PSP.xls,2025-26/14.04.25_NLDC_PSP.xls,200,295424,827c40a73b6bc4ba60f29569086dd8c257b94c1b6e672dc56a70856631b6fec6,2026-09-14T14:12:09,14.04.25_NLDC_PSP|14-04-2025|attachment/xls
https://webcdn.grid-india.in/files/grdw/uploads/daily-reports/psp-reports/2025-2026/15.04.25_NLDC_PSP.xls,2025-26/15.04.25_NLDC_PSP.xls,200,295424,f72d99f8dd2a8b62db6e9c3254acb0bbd3c5aba65fe38fe52cdf79dd628682c9,2026-09-14T14:12:09,15.04.25_NLDC_PSP|15-04-2025|attachment/xls
https://webcdn.grid-india.in/files/grdw/uploads/daily-reports/psp-reports/2025-2026/16.04.25_NLDC_PSP.xls,2025-26/16.04.25_NLDC_PSP.xls,200,342016,9241794b9e9e4fcd4c4eb827362aeec1c588c76e4a9b62a451d42493ea5a82aa,2026-09-14T14:12:10,16.04.25_NLDC_PSP|16-04-2025|attachment/xls
https://webcdn.grid-india.in/files/grdw/uploads/daily-reports/psp-reports/2025-2026/17.04.25_NLDC_PSP.xls,2025-26/17.04.25_NLDC_PSP.xls,200,342016,7a1aaf4019e781da29d6013e890346bca9aadc3359143148d3ca43b7a4558345,2026-09-14T14:12:10,17.04.25_NLDC_PSP|17-04-2025|attachment/xls
https://webcdn.grid-india.in/files/grdw/uploads/daily-reports/psp-reports/2025-2026/18.04.25_NLDC_PSP.xls,2025-26/18.04.25_NLDC_PSP.xls,200,295424,0c03e481bdaff6e02afc606a5882384db02eadf1716fe56c398f742b7307c64f,2026-09-14T14:12:11,18.04.25_NLDC_PSP|18-04-2025|attachment/xls
https://webcdn.grid-india.in/files/grdw/uploads/daily-reports/psp-reports/2025-2026/19.04.25_NLDC_PSP.xls,2025-26/19.04.25_NLDC_PSP.xls,200,284672,2e9493a9774e3633f6944949b9c54b9b200fa143af2ca2c07c785bd9feb6bfaa,2026-09-14T14:12:11,19.04.25_NLDC_PSP|19-04-2025|attachment/xls
https://webcdn.grid-india.in/files/grdw/uploads/daily-reports/psp-reports/2025-2026/20.04.25_NLDC_PSP.xls,2025-26/20.04.25_NLDC_PSP.xls,200,283136,4f5e738316cd1cfc5b1a45601f6affb870d2abae2c846b635f52bec933c25a6f,2026-09-14T14:12:12,20.04.25_NLDC_PSP|20-04-2025|attachment/xls
https://webcdn.grid-india.in/files/grdw/uploads/daily-reports/psp-reports/2025-2026/21.04.25_NLDC_PSP.xls,2025-26/21.04.25_NLDC_PSP.xls,200,295424,9df3b026b84c1e125bc2800c0c56bf08006bf3d78b1db7e344b592fcf7de718a,2026-09-14T14:12:12,21.04.25_NLDC_PSP|21-04-2025|attachment/xls
https://webcdn.grid-india.in/files/grdw/uploads/daily-reports/psp-reports/2025-2026/22.04.25_NLDC_PSP.xls,2025-26/22.04.25_NLDC_PSP.xls,200,295936,4dced8b51eae3a5fa7fe7315a23bd2906d9ee831071f8da60741963ccf0e9df5,2026-09-14T14:12:13,22.04.25_NLDC_PSP|22-04-2025|attachment/xls
https://webcdn.grid-india.in/files/grdw/uploads/daily-reports/psp-reports/2025-2026/23.04.25_NLDC_PSP.xls,2025-26/23.04.25_NLDC_PSP.xls,200,295424,a1573e8adf4b173b10081ba0f9ceabc6a76309fb8931ac01a83f3c9c84ae857e,2026-09-14T14:12:13,23.04.25_NLDC_PSP|23-04-2025|attachment/xls
https://webcdn.grid-india.in/files/grdw/2025/05/24.04.25_NLDC_PSP_796.xls,2025-26/24.04.25_NLDC_PSP_796.xls,200,342016,2a4951598914300522003e27431942d0db3e0b993f3cb76d496fac18ba0d95b2,2026-09-14T14:12:14,24.04.25_NLDC_PSP|24-04-2025|application/vnd.ms-excel
https://webcdn.grid-india.in/files/grdw/2025/05/25.04.25_NLDC_PSP_790.xls,2025-26/25.04.25_NLDC_PSP_790.xls,200,299008,6bea0b4aae70575143dd8a65f4943a4ed880653c1162b576d36a5412a519bc5d,2026-09-14T14:12:14,25.04.25_NLDC_PSP|25-04-2025|application/vnd.ms-excel
https://webcdn.grid-india.in/files/grdw/2025/05/26.04.25_NLDC_PSP_429.xls,2025-26/26.04.25_NLDC_PSP_429.xls,200,284160,9b0312536bb476d921c381f8e961e35006d88a0de3ea26a8a4424746f6512470,2026-09-14T14:12:15,26.04.25_NLDC_PSP|26-04-2025|application/vnd.ms-excel
https://webcdn.grid-india.in/files/grdw/2025/05/27.04.25_NLDC_PSP_839.xls,2025-26/27.04.25_NLDC_PSP_839.xls,200,288256,ffa9ae86bc70a8a531c4721b85b673660a1fe89de91c98c8dde57aaf1f4475b8,2026-09-14T14:12:15,27.04.25_NLDC_PSP|27-04-2025|application/vnd.ms-excel
https://webcdn.grid-india.in/files/grdw/2025/05/28.04.25_NLDC_PSP_887.xls,2025-26/28.04.25_NLDC_PSP_887.xls,200,295936,1bcecc1ac2eafef89ed4721d702abec75c0f25268b8f47d428d3ccae2a33928f,2026-09-14T14:12:16,28.04.25_NLDC_PSP|28-04-2025|application/vnd.ms-excel
https://webcdn.grid-india.in/files/grdw/2025/05/29.04.25_NLDC_PSP_695.xls,2025-26/29.04.25_NLDC_PSP_695.xls,200,295424,e9358880b693fe79c5bd914439680a04cf2a37218409f8e8edf584c6435a1035,2026-09-14T14:12:16,29.04.25_NLDC_PSP|29-04-2025|application/vnd.ms-excel
https://webcdn.grid-india.in/files/grdw/2025/05/30.04.25_NLDC_PSP_139.xls,2025-26/30.04.25_NLDC_PSP_139.xls,200,295424,63ee27304f05d8442924241cdeb70a09af333f69d38c7d7ffc8d506951dfa171,2026-09-14T14:12:17,30.04.25_NLDC_PSP|30-04-2025|application/vnd.ms-excel
https://webcdn.grid-india.in/files/grdw/2025/05/01.05.25_NLDC_PSP_653.xls,2025-26/01.05.25_NLDC_PSP_653.xls,200,295424,41e2179966efa9131ec2488232a5c170e4197a36df0461002b64a714e2c99649,2026-09-14T14:12:18,01.05.25_NLDC_PSP|01-05-2025|application/vnd.ms-excel
https://webcdn.grid-india.in/files/grdw/2025/05/02.05.25_NLDC_PSP_787.xls,2025-26/02.05.25_NLDC_PSP_787.xls,200,291840,fce6d34ea348ee956922698f895d853ca61eaf497c6d8d80933cfb7a6614155e,2026-09-14T14:12:18,02.05.25_NLDC_PSP|02-05-2025|application/vnd.ms-excel
https://webcdn.grid-india.in/files/grdw/2025/05/03.05.25_NLDC_PSP_929.xls,2025-26/03.05.25_NLDC_PSP_929.xls,200,342016,360b659ffa7f485cacd8396639be6c3efd8bddadb4d19b483f1b065e3f7e2e7c,2026-09-14T14:12:19,03.05.25_NLDC_PSP|03-05-2025|application/vnd.ms-excel
https://webcdn.grid-india.in/files/grdw/2025/05/04.05.25_NLDC_PSP_727.xls,2025-26/04.05.25_NLDC_PSP_727.xls,200,300032,fe09f0e3f26189ef4a6e011eb29c333cb59c49bab4c50241b75818ec41e84fa5,2026-09-14T14:12:19,04.05.25_NLDC_PSP|04-05-2025|application/vnd.ms-excel
https://webcdn.grid-india.in/files/grdw/2025/05/05.05.25_NLDC_PSP_683.xls,2025-26/05.05.25_NLDC_PSP_683.xls,200,288256,289b95c571492633c8098d2311c2755ebb3ac40e18629dc070368d465f1f9ac2,2026-09-14T14:12:20,05.05.25_NLDC_PSP|05-05-2025|application/vnd.ms-excel
https://webcdn.grid-india.in/files/grdw/2025/05/06.05.25_NLDC_PSP_636.xls,2025-26/06.05.25_NLDC_PSP_636.xls,200,342016,d9947fc2f0a9486000becd1244f1f43988cf3c7f62028b52f0e73e889a593617,2026-09-14T14:12:20,06.05.25_NLDC_PSP|06-05-2025|application/vnd.ms-excel
https://webcdn.grid-india.in/files/grdw/2025/05/07.05.25_NLDC_PSP_728.xls,2025-26/07.05.25_NLDC_PSP_728.xls,200,306176,4ac8d8691d72710799e2cbb18b16a2826055f5db47ee8e6453c7e3820ebd32bc,2026-09-14T14:12:21,07.05.25_NLDC_PSP|07-05-2025|application/vnd.ms-excel
https://webcdn.grid-india.in/files/grdw/2025/05/08.05.25_NLDC_PSP_167.xls,2025-26/08.05.25_NLDC_PSP_167.xls,200,300032,edf2ed2cdeeed7978afef860a40e766c958e8b9a0fe21d87592efd53eab4d3f7,2026-09-14T14:12:22,08.05.25_NLDC_PSP|08-05-2025|application/vnd.ms-excel
https://webcdn.grid-india.in/files/grdw/2025/05/09.05.25_NLDC_PSP_999.xls,2025-26/09.05.25_NLDC_PSP_999.xls,200,299520,2edf1f2ca79e4b550880c108fef6d1606892b78000efda9dc304073fddbc1ed1,2026-09-14T14:12:22,09.05.25_NLDC_PSP|09-05-2025|application/vnd.ms-excel
https://webcdn.grid-india.in/files/grdw/2025/05/10.05.25_NLDC_PSP_287.xls,2025-26/10.05.25_NLDC_PSP_287.xls,200,291328,bb8e518b7cdbcf0a94b8f5c011521900ae47bd7a0547ac2c957365041991bda7,2026-09-14T14:12:23,10.05.25_NLDC_PSP|10-05-2025|application/vnd.ms-excel
https://webcdn.grid-india.in/files/grdw/2025/05/11.05.25_NLDC_PSP_249.xls,2025-26/11.05.25_NLDC_PSP_249.xls,200,342016,48f7c2b257d6261e82346c350ee92056428f1ef9faa659fb7fb714b28b03aaff,2026-09-14T14:12:23,11.05.25_NLDC_PSP|11-05-2025|application/vnd.ms-excel
https://webcdn.grid-india.in/files/grdw/2025/05/12.05.25_NLDC_PSP_710.xls,2025-26/12.05.25_NLDC_PSP_710.xls,200,283136,9d3e21d186b4f942ad35a2b80fc6bf481493b164c18076ee7666149634c7d4d6,2026-09-14T14:12:24,12.05.25_NLDC_PSP|12-05-2025|application/vnd.ms-excel
https://webcdn.grid-india.in/files/grdw/2025/05/13.05.25_NLDC_PSP_804.xls,2025-26/13.05.25_NLDC_PSP_804.xls,200,283136,f09a5fa2bb76e3af79b05f51d80e498a7e06f618afa1e4009e7833ec0d681a18,2026-09-14T14:12:24,13.05.25_NLDC_PSP|13-05-2025|application/vnd.ms-excel
https://webcdn.grid-india.in/files/grdw/2025/05/14.05.25_NLDC_PSP_764.xls,2025-26/14.05.25_NLDC_PSP_764.xls,200,298496,6c6ea680480924c79dcb60b2d951968afc9a85208f5ca534442ee76534da6018,2026-09-14T14:12:25,14.05.25_NLDC_PSP|14-05-2025|application/vnd.ms-excel
https://webcdn.grid-india.in/files/grdw/2025/05/15.05.25_NLDC_PSP_723.xls,2025-26/15.05.25_NLDC_PSP_723.xls,200,284160,bc8756c7d7121930f0dfbbdf9c0c3bc86650bea030b0c9bb80ad133791af322b,2026-09-14T14:12:25,15.05.25_NLDC_PSP|15-05-2025|application/vnd.ms-excel
https://webcdn.grid-india.in/files/grdw/2025/05/16.05.25_NLDC_PSP_332.xls,2025-26/16.05.25_NLDC_PSP_332.xls,200,300032,d01c44aa5f80a5b887236b57d6cd4ec3e55afa5e174cce589868ee6bf3073c05,2026-09-14T14:12:26,16.05.25_NLDC_PSP|16-05-2025|application/vnd.ms-excel
https://webcdn.grid-india.in/files/grdw/2025/05/17.05.25_NLDC_PSP_558.xls,2025-26/17.05.25_NLDC_PSP_558.xls,200,284672,55a8d1495e9f932dd4fb5ac59bb838575d7c18916095c663d5b30f4780fd9533,2026-09-14T14:12:26,17.05.25_NLDC_PSP|17-05-2025|application/vnd.ms-excel
https://webcdn.grid-india.in/files/grdw/2025/05/18.05.25_NLDC_PSP_H&E%20v2_874.xls,2025-26/18.05.25_NLDC_PSP_H&E v2_874.xls,200,299520,0215fc4f1dc9f6167f385a05076bbebf943810b169dfd3b541b27d6115e9cd33,2026-09-14T14:12:27,18.05.25_NLDC_PSP|18-05-2025|application/vnd.ms-excel
https://webcdn.grid-india.in/files/grdw/2025/05/19.05.25_NLDC_PSP_H&E%20v2_156.xls,2025-26/19.05.25_NLDC_PSP_H&E v2_156.xls,200,300032,2f53a63971ad5174728ad0004585c3bc4da83715a2d6c41466117f4c590d4b80,2026-09-14T14:12:27,19.05.25_NLDC_PSP|19-05-2025|application/vnd.ms-excel
https://webcdn.grid-india.in/files/grdw/2025/05/20.05.25_NLDC_PSP_267.xls,2025-26/20.05.25_NLDC_PSP_267.xls,200,288256,c8f66c2fe0590c86a7b7f381692446e12fc2e3470d4e0c4d42c24572645d385c,2026-09-14T14:12:28,20.05.25_NLDC_PSP|20-05-2025|application/vnd.ms-excel
https://webcdn.grid-india.in/files/grdw/2025/05/21.05.25_NLDC_PSP_885.xls,2025-26/21.05.25_NLDC_PSP_885.xls,200,283136,984362e52c207ce29331e239eb7f68bb458d6848fdd6b2465610f66463c77042,2026-09-14T14:12:28,21.05.25_NLDC_PSP|21-05-2025|application/vnd.ms-excel
https://webcdn.grid-india.in/files/grdw/2025/05/22.05.25_NLDC_PSP_244.xls,2025-26/22.05.25_NLDC_PSP_244.xls,200,299520,e7060b9ec0971870b823c3d6307a682ff19977f47b053d5e864c577026f39876,2026-09-14T14:12:29,22.05.25_NLDC_PSP|22-05-2025|application/vnd.ms-excel
https://webcdn.grid-india.in/files/grdw/2025/05/23.05.25_NLDC_PSP_H&E%20v1_183.xls,2025-26/23.05.25_NLDC_PSP_H&E v1_183.xls,200,285184,95f812a41ddec77a4b069741a2675115f625a5a33fa1bb731342d55087cd3ab7,2026-09-14T14:12:29,23.05.25_NLDC_PSP|23-05-2025|application/vnd.ms-excel
https://webcdn.grid-india.in/files/grdw/2025/05/24.05.25_NLDC_PSP_H&E%20v2_390.xls,2025-26/24.05.25_NLDC_PSP_H&E v2_390.xls,200,284160,d22371a82bad558cc08c1d9fc6b045b6b5c844b410348c47ddde7de4e699303c,2026-09-14T14:12:30,24.05.25_NLDC_PSP|24-05-2025|application/vnd.ms-excel
https://webcdn.grid-india.in/files/grdw/2025/05/25.05.25_NLDC_PSP_H&E%20v3_353.xls,2025-26/25.05.25_NLDC_PSP_H&E v3_353.xls,200,284672,672492d30902cdd65e7efa18a2ec2ddfdb497bc15fcdb589f8e843e828e13e40,2026-09-14T14:12:30,25.05.25_NLDC_PSP|25-05-2025|application/vnd.ms-excel
https://webcdn.grid-india.in/files/grdw/2025/05/26.05.25_NLDC_PSP_289.xls,2025-26/26.05.25_NLDC_PSP_289.xls,200,342528,1f299e6084db5efeb7cdd2ec532723a38c653ba1739bc07c0cf1ca697100f3b3,2026-09-14T14:12:31,26.05.25_NLDC_PSP|26-05-2025|application/vnd.ms-excel
https://webcdn.grid-india.in/files/grdw/2025/05/27.05.25_NLDC_PSP_279.xls,2025-26/27.05.25_NLDC_PSP_279.xls,200,283136,afaeacf56336529b3c5280ac0f0d5ee355191aeb07c44853b66cf3d3545c6e2b,2026-09-14T14:12:31,27.05.25_NLDC_PSP|27-05-2025|application/vnd.ms-excel
https://webcdn.grid-india.in/files/grdw/2025/05/28.05.25_NLDC_PSP_771.xls,2025-26/28.05.25_NLDC_PSP_771.xls,200,284160,fe9a88825fc8053de646d0036c2d20222b283edabab768c6db8c8dd30c7a0547,2026-09-14T14:12:32,28.05.25_NLDC_PSP|29-05-2025|application/vnd.ms-excel
https://webcdn.grid-india.in/files/grdw/2025/05/29.05.25_NLDC_PSP_576.xls,2025-26/29.05.25_NLDC_PSP_576.xls,200,287232,dc52d8f831550f082278eb219ba22ade9b09a6f707c471c369f6820353c5a81f,2026-09-14T14:12:33,29.05.25_NLDC_PSP|30-05-2025|application/vnd.ms-excel
https://webcdn.grid-india.in/files/grdw/2025/05/30.05.25_NLDC_PSP_816.xls,2025-26/30.05.25_NLDC_PSP_816.xls,200,282624,a167bd836353f670469945dd2e2d1bc2cbf7ac475350b6036ee9fc2cc697b267,2026-09-14T14:12:35,30.05.25_NLDC_PSP|30-05-2025|application/vnd.ms-excel
https://webcdn.grid-india.in/files/grdw/2025/06/31.05.25_NLDC_PSP_524.xls,2025-26/31.05.25_NLDC_PSP_524.xls,200,282624,7a8af3b81c952c0fd0bf629ca9e05938cd795683a7a9e66be9dcbe6cdfddfdd0,2026-09-14T14:12:36,31.05.25_NLDC_PSP|31-05-2025|application/vnd.ms-excel
https://webcdn.grid-india.in/files/grdw/2025/06/01.06.25_NLDC_PSP_838.xls,2025-26/01.06.25_NLDC_PSP_838.xls,200,282624,f33796413641c1ac4605b0ccb31491f7cba6f4323290eeed82f6ed4d7f600647,2026-09-14T14:12:36,01.06.25_NLDC_PSP|02-06-2025|application/vnd.ms-excel
https://webcdn.grid-india.in/files/grdw/2025/06/02.06.25_NLDC_PSP_425.xls,2025-26/02.06.25_NLDC_PSP_425.xls,200,284160,b43e5c39d306d1ee19781362b064ebe63e32e7cd6cfc3242cff47457a2fae312,2026-09-14T14:12:37,02.06.25_NLDC_PSP|03-06-2025|application/vnd.ms-excel
https://webcdn.grid-india.in/files/grdw/2025/06/03.06.25_NLDC_PSP_248.xls,2025-26/03.06.25_NLDC_PSP_248.xls,200,300032,c7994a4bddf0f74afdb742d718bdbc2f44c6ba568b1d314ae5fd0baa16b2ffb3,2026-09-14T14:12:40,03.06.25_NLDC_PSP|04-06-2025|application/vnd.ms-excel
https://webcdn.grid-india.in/files/grdw/2025/06/04.06.25_NLDC_PSP_HE_314.XLS,2025-26/04.06.25_NLDC_PSP_HE_314.XLS,200,295936,5f3f45abe8d6c60e7930fe2013dd9bb26eb871325f1ad4b624d8c4804fda7d63,2026-09-14T14:12:40,04.06.25_NLDC_PSP|05-06-2025|application/vnd.ms-excel
https://webcdn.grid-india.in/files/grdw/2025/06/05.06.25_NLDC_PSP_249.xls,2025-26/05.06.25_NLDC_PSP_249.xls,200,284160,5bb5a8521d40c0b96bdb4f9796823a929e4495b91dbe9913e6ccef5606e8e527,2026-09-14T14:12:41,05.06.25_NLDC_PSP|05-06-2025|application/vnd.ms-excel
https://webcdn.grid-india.in/files/grdw/2025/06/06.06.25_NLDC_PSP_896.xls,2025-26/06.06.25_NLDC_PSP_896.xls,200,282624,ff56d75ce87e9f85f0db80fb1ee61a13995ed2fff202cf929a4dbf8b02048c2f,2026-09-14T14:12:41,06.06.25_NLDC_PSP|06-06-2025|application/vnd.ms-excel
https://webcdn.grid-india.in/files/grdw/2025/06/07.06.25_NLDC_PSP_512.xls,2025-26/07.06.25_NLDC_PSP_512.xls,200,327168,e30922f5fa7a4e5ab2f75fd330f73bb7860525f5ae94b63656d6994f045f6ce9,2026-09-14T14:12:42,07.06.25_NLDC_PSP|07-06-2025|application/vnd.ms-excel
https://webcdn.grid-india.in/files/grdw/2025/06/08.06.25_NLDC_PSP_396.xls,2025-26/08.06.25_NLDC_PSP_396.xls,200,291840,40a200d2ec881104978f620dd0bf8b638cedc58f221afe09cf98d690c5151c31,2026-09-14T14:12:42,08.06.25_NLDC_PSP|08-06-2025|application/vnd.ms-excel
https://webcdn.grid-india.in/files/grdw/2025/06/09.06.25_NLDC_PSP_465.xls,2025-26/09.06.25_NLDC_PSP_465.xls,200,284160,1228517348076ef04c3aa14b1ca2a764aa4b4393cb980d894710133f84a7e0a7,2026-09-14T14:12:43,09.06.25_NLDC_PSP|10-06-2025|application/vnd.ms-excel
https://webcdn.grid-india.in/files/grdw/2025/06/10.06.25_NLDC_PSP_922.xls,2025-26/10.06.25_NLDC_PSP_922.xls,200,284160,a907d6d4a81c7ca376962227db2e3c8cae53dc837b66461a94d2815bed68f71e,2026-09-14T14:12:43,10.06.25_NLDC_PSP|11-06-2025|application/vnd.ms-excel
https://webcdn.grid-india.in/files/grdw/2025/06/11.06.25_NLDC_PSP_H&E_962.xls,2025-26/11.06.25_NLDC_PSP_H&E_962.xls,200,291840,addaea0fe2995c2db28e7a72a4cf9cd705e73143248f3055ca1a4f6417fb8a6d,2026-09-14T14:12:44,11.06.25_NLDC_PSP|12-06-2025|application/vnd.ms-excel
https://webcdn.grid-india.in/files/grdw/2025/06/12.06.25_NLDC_PSP_H&E%20v4_579.xls,2025-26/12.06.25_NLDC_PSP_H&E v4_579.xls,200,340992,3c1063b9c2535d93369fa18068a1bbeda697650b5bf180d157b821cdf1eab7b2,2026-09-14T14:12:44,12.06.25_NLDC_PSP|13-06-2025|application/vnd.ms-excel
https://webcdn.grid-india.in/files/grdw/2025/06/13.06.25_NLDC_PSP_309.xls,2025-26/13.06.25_NLDC_PSP_309.xls,200,283136,064eaf6a6e4ef24c86f05cf5bff3d6ad18799e4e44cd7731bde270526255e05d,2026-09-14T14:12:45,13.06.25_NLDC_PSP|14-06-2025|application/vnd.ms-excel
https://webcdn.grid-india.in/files/grdw/2025/06/14.06.25_NLDC_PSP_412.xls,2025-26/14.06.25_NLDC_PSP_412.xls,200,284672,7414da4e5db09855974b1a0e121c63484d270464dfcd05ec7934d0e63f4e31bd,2026-09-14T14:12:45,14.06.25_NLDC_PSP|15-06-2025|application/vnd.ms-excel
https://webcdn.grid-india.in/files/grdw/2025/06/15.06.25_NLDC_PSP_497.xls,2025-26/15.06.25_NLDC_PSP_497.xls,200,287744,9c09c2a897ad27e33ff7831799afeb2c7e95ef13445e295aaabc3c5d4664bfbc,2026-09-14T14:12:46,15.06.25_NLDC_PSP|15-06-2025|application/vnd.ms-excel
https://webcdn.grid-india.in/files/grdw/2025/06/16.06.25_NLDC_PSP_237.xls,2025-26/16.06.25_NLDC_PSP_237.xls,200,283136,ee33fb76cd42a43160a995283bf347d02908dcd662a9ff4fb74ccc2ba302ff29,2026-09-14T14:12:46,16.06.25_NLDC_PSP|16-06-2025|application/vnd.ms-excel
https://webcdn.grid-india.in/files/grdw/2025/06/17.06.25_NLDC_PSP_188.pdf,2025-26/17.06.25_NLDC_PSP_188.pdf,200,1817476,c699819f711c0bbb92f14f1fd7bf635f72380e582ac84b2b77ccf44e64b69134,2026-09-14T14:12:47,17.06.25_NLDC_PSP.PDF|17-06-2025|application/pdf
https://webcdn.grid-india.in/files/grdw/2025/06/17.06.25_NLDC_PSP_998.xls,2025-26/17.06.25_NLDC_PSP_998.xls,200,306176,119eb26108ae621b3537f2712bc16975cfb3d3a6b5d055d1cdd5abda6bb4f4c8,2026-09-14T14:12:47,17.06.25_NLDC_PSP.XLS|17-06-2025|application/vnd.ms-excel
https://webcdn.grid-india.in/files/grdw/2025/06/18.06.25_NLDC_PSP_116.xls,2025-26/18.06.25_NLDC_PSP_116.xls,200,288256,e76cc75a44318b6d9a59acbb91839af7f8376ba135f131099b1e03ca6b5964f6,2026-09-14T14:12:48,18.06.25_NLDC_PSP|18-06-2025|application/vnd.ms-excel
https://webcdn.grid-india.in/files/grdw/2025/06/19.06.25_NLDC_PSP_H&E%20v4_525.xls,2025-26/19.06.25_NLDC_PSP_H&E v4_525.xls,200,300032,cae731dad0780e5365aaf4e4b6512d43828170c4223f00d5236419237c00a9df,2026-09-14T14:12:49,19.06.25_NLDC_PSP|20-06-2025|application/vnd.ms-excel
https://webcdn.grid-india.in/files/grdw/2025/06/20.06.25_NLDC_PSP_512.xls,2025-26/20.06.25_NLDC_PSP_512.xls,200,300032,9114bb09056804ac706d4f9256d690be9f5e08461ec3062e72e2b92fc897e371,2026-09-14T14:12:49,20.06.25_NLDC_PSP|21-06-2025|application/vnd.ms-excel
https://webcdn.grid-india.in/files/grdw/2025/06/21.06.25_NLDC_PSP_178.xls,2025-26/21.06.25_NLDC_PSP_178.xls,200,283136,406057291260d6732cadd1e797efc68412c1b571c635764859e8e6794a4fb4cf,2026-09-14T14:12:50,21.06.25_NLDC_PSP|22-06-2025|application/vnd.ms-excel
https://webcdn.grid-india.in/files/grdw/2025/06/22.06.25_NLDC_PSP_996.xls,2025-26/22.06.25_NLDC_PSP_996.xls,200,297984,da3c8cc660d3805ec3cc4c731319bfa62f8680284266447b92111b5a95d21fd5,2026-09-14T14:12:50,22.06.25_NLDC_PSP|23-06-2025|application/vnd.ms-excel
https://webcdn.grid-india.in/files/grdw/2025/06/23.06.25_NLDC_PSP_571.xls,2025-26/23.06.25_NLDC_PSP_571.xls,200,283136,bb4c50ce0f029510b24840556a851e5db911f0a83327d7bdae4fff30015c50ec,2026-09-14T14:12:51,23.06.25_NLDC_PSP|24-06-2025|application/vnd.ms-excel
https://webcdn.grid-india.in/files/grdw/2025/06/24.06.25_NLDC_PSP_168.xls,2025-26/24.06.25_NLDC_PSP_168.xls,200,284160,3869eb5d4661db7db82835fa9b87a00e26d973da840ae96e922a80442dd8fca6,2026-09-14T14:12:51,24.06.25_NLDC_PSP|25-06-2025|application/vnd.ms-excel
https://webcdn.grid-india.in/files/grdw/2025/06/25.06.25_NLDC_PSP_171.xls,2025-26/25.06.25_NLDC_PSP_171.xls,200,284160,60e146e91abcc8d83a0c016d4c10eda9b9c315b329adc9ad337b4bc808483d7a,2026-09-14T14:12:52,25.06.25_NLDC_PSP|26-06-2025|application/vnd.ms-excel
https://webcdn.grid-india.in/files/grdw/2025/06/26.06.25_NLDC_PSP_296.xls,2025-26/26.06.25_NLDC_PSP_296.xls,200,283136,c15fe100999c23276dd182169b6fd42ab3dc05101f8013a89852cf26314b45ac,2026-09-14T14:12:52,26.06.25_NLDC_PSP|27-06-2025|application/vnd.ms-excel
https://webcdn.grid-india.in/files/grdw/2025/06/27.06.25_NLDC_PSP_725.xls,2025-26/27.06.25_NLDC_PSP_725.xls,200,295936,21f38d9c146328ea1bb0bad29bebce3314914142a21b3d355269b99e932b5c54,2026-09-14T14:12:53,27.06.25_NLDC_PSP|28-06-2025|application/vnd.ms-excel
https://webcdn.grid-india.in/files/grdw/2025/06/28.06.25_NLDC_PSP_792.pdf,2025-26/28.06.25_NLDC_PSP_792.pdf,200,1814436,04ebf8d21fb72101ba98b56f260b703d9712f233632440ff62ce8ea0f1bfbb4c,2026-09-14T14:12:54,28.06.25_NLDC_PSP.pdf|29-06-2025|application/pdf
https://webcdn.grid-india.in/files/grdw/2025/06/28.06.25_NLDC_PSP_H&E%20v10_806.xls,2025-26/28.06.25_NLDC_PSP_H&E v10_806.xls,200,306176,b677386b147becf59a00c1f1b7cc746b565ac5820516ced9e8c2d22e708777fe,2026-09-14T14:12:54,28.06.25_NLDC_PSP.xls|29-06-2025|application/vnd.ms-excel
https://webcdn.grid-india.in/files/grdw/2025/06/29.06.25_NLDC_PSP_418.pdf,2025-26/29.06.25_NLDC_PSP_418.pdf,200,1739717,e159d536cc1e996e9da97e37d2b0afb5017732e2edae22d93b70d28c58d441db,2026-09-14T14:12:55,29.06.25_NLDC_PSP.pdf|30-06-2025|application/pdf
https://webcdn.grid-india.in/files/grdw/2025/06/29.06.25_NLDC_PSP_524.xls,2025-26/29.06.25_NLDC_PSP_524.xls,200,284160,414a81250eaa5d148cbc1a174e65403d6dbf768641bbc5d7ffa4dce69e788f18,2026-09-14T14:12:55,29.06.25_NLDC_PSP.xls|30-06-2025|application/vnd.ms-excel
https://webcdn.grid-india.in/files/grdw/2025/07/01.07.25_NLDC_PSP_602.pdf,2025-26/01.07.25_NLDC_PSP_602.pdf,200,1740814,c29d47421868041a893359ae1998a1995e8ab893fc8d7142350209b7271e004d,2026-09-14T14:12:57,01.07.25_NLDC_PSP.pdf|02-07-2025|application/pdf
https://webcdn.grid-india.in/files/grdw/2025/07/01.07.25_NLDC_PSP_173.xls,2025-26/01.07.25_NLDC_PSP_173.xls,200,283136,f0a01feff1ed5e40c31d99b771080631ce9b731d1bdd481cf444e8196aed21d4,2026-09-14T14:12:57,01.07.25_NLDC_PSP.xls|02-07-2025|application/vnd.ms-excel
https://webcdn.grid-india.in/files/grdw/2025/07/02.07.25_NLDC_PSP_483.pdf,2025-26/02.07.25_NLDC_PSP_483.pdf,200,1740877,f130888b225ace7679444fe0efa53ed6917fce9dd46bf7acfacf6a4f0db84d54,2026-09-14T14:12:58,02.07.25_NLDC_PSP.pdf|03-07-2025|application/pdf
https://webcdn.grid-india.in/files/grdw/2025/07/02.07.25_NLDC_PSP_963.xls,2025-26/02.07.25_NLDC_PSP_963.xls,200,283136,076cda1e955e80787fa084cd1ee7fe2deb4bbb5f0fd0c16ce422bca94041b4e6,2026-09-14T14:12:59,02.07.25_NLDC_PSP.xls|03-07-2025|application/vnd.ms-excel
https://webcdn.grid-india.in/files/grdw/2025/07/03.07.25_NLDC_PSP_881.xls,2025-26/03.07.25_NLDC_PSP_881.xls,200,284160,598cc29026359982434fba6e1fec08006e49c3dfbed7ccceaeaf3f5c5d453181,2026-09-14T14:12:59,03.07.25_NLDC_PSP|04-07-2025|application/vnd.ms-excel
https://webcdn.grid-india.in/files/grdw/2025/07/04.07.25_NLDC_PSP_773.xls,2025-26/04.07.25_NLDC_PSP_773.xls,200,283136,75113b807e08fd78e73d2db427b09db2b7097c739af95b6ad50598552d5ce059,2026-09-14T14:13:00,04.07.25_NLDC_PSP|05-07-2025|application/vnd.ms-excel
https://webcdn.grid-india.in/files/grdw/2025/07/05.07.25_NLDC_PSP_747.xls,2025-26/05.07.25_NLDC_PSP_747.xls,200,342016,f5dfc7bc7eb7f9c24f596250352e9949798a74e7c13c1d1438c8806e7bbf3afb,2026-09-14T14:13:00,05.07.25_NLDC_PSP|06-07-2025|application/vnd.ms-excel
https://webcdn.grid-india.in/files/grdw/2025/07/06.07.25_NLDC_PSP_982.xls,2025-26/06.07.25_NLDC_PSP_982.xls,200,342016,f5a552b57328b58ea3da4d363914c3909759a455c0faf7f0b04883f1ec4b4823,2026-09-14T14:13:01,06.07.25_NLDC_PSP|07-07-2025|application/vnd.ms-excel
https://webcdn.grid-india.in/files/grdw/2025/07/07.07.25_NLDC_PSP_597.pdf,2025-26/07.07.25_NLDC_PSP_597.pdf,200,1741026,28718fe919c98e7a4c7463c06d78602fb50516b1b95c2d577d55e57cc0d6fab5,2026-09-14T14:13:02,07.07.25_NLDC_PSP.pdf|08-07-2025|application/pdf
https://webcdn.grid-india.in/files/grdw/2025/07/07.07.25_NLDC_PSP_446.xls,2025-26/07.07.25_NLDC_PSP_446.xls,200,284160,f0b39642f34d24b486f30e50cac1681721eeeeffa6d1ea1b82ddabc05cdd0fc4,2026-09-14T14:13:02,07.07.25_NLDC_PSP.xls|08-07-2025|application/vnd.ms-excel
https://webcdn.grid-india.in/files/grdw/2025/07/08.07.25_NLDC_PSP_372.pdf,2025-26/08.07.25_NLDC_PSP_372.pdf,200,1742240,ae6f6f55808cca19b7e8df5e7332d25c946a57d0f0e449e38e400faef8e01a08,2026-09-14T14:13:03,08.07.25_NLDC_PSP.pdf|09-07-2025|application/pdf
https://webcdn.grid-india.in/files/grdw/2025/07/08.07.25_NLDC_PSP_504.xls,2025-26/08.07.25_NLDC_PSP_504.xls,200,283136,a555bce1efd0559b07bc28303898632b56e5980a89b9cd66f783de7eb0422c20,2026-09-14T14:13:03,08.07.25_NLDC_PSP.xls|09-07-2025|application/vnd.ms-excel
https://webcdn.grid-india.in/files/grdw/2025/07/09.07.25_NLDC_PSP_612.pdf,2025-26/09.07.25_NLDC_PSP_612.pdf,200,1741082,b2d749ca990bee8dc28b687916b8453ea1f976718f03a12e92b12886bec68cd0,2026-09-14T14:13:04,09.07.25_NLDC_PSP.pdf|10-07-2025|application/pdf
https://webcdn.grid-india.in/files/grdw/2025/07/09.07.25_NLDC_PSP_767.xls,2025-26/09.07.25_NLDC_PSP_767.xls,200,283136,92fefdf921642e4a5108b7528dcb9c666c543921be26ac55ff662d2301b6cad3,2026-09-14T14:13:05,09.07.25_NLDC_PSP.xls|10-07-2025|application/vnd.ms-excel
https://webcdn.grid-india.in/files/grdw/2025/07/10.07.25_NLDC_PSP_364.pdf,2025-26/10.07.25_NLDC_PSP_364.pdf,200,1740904,6f9cba7a6687f861a668385568f8e21e934c0aa402e8d97f5bfc5ef9c0c4dd48,2026-09-14T14:13:06,10.07.25_NLDC_PSP.pdf|11-07-2025|application/pdf
https://webcdn.grid-india.in/files/grdw/2025/07/10.07.25_NLDC_PSP_167.xls,2025-26/10.07.25_NLDC_PSP_167.xls,200,284160,082a03751843cc14417c42bea5fad087a42f9678ab828a9bdeb18e0be7917925,2026-09-14T14:13:06,10.07.25_NLDC_PSP.xls|11-07-2025|application/vnd.ms-excel
https://webcdn.grid-india.in/files/grdw/2025/07/11.07.25_NLDC_PSP_623.xls,2025-26/11.07.25_NLDC_PSP_623.xls,200,283136,5e5fac2f813df289e4682355ac7851c74cf8ee3a49faaa6e1fffce6011fd536d,2026-09-14T14:13:07,11.07.25_NLDC_PSP|12-07-2025|application/vnd.ms-excel
https://webcdn.grid-india.in/files/grdw/2025/07/12.07.25_NLDC_PSP_566.xls,2025-26/12.07.25_NLDC_PSP_566.xls,200,283136,31d7178511d55788a35dfecbc7e0ca09806bc608288d400c5ef6aefb5b033f13,2026-09-14T14:13:07,12.07.25_NLDC_PSP|13-07-2025|application/vnd.ms-excel
https://webcdn.grid-india.in/files/grdw/2025/07/13.07.25_NLDC_PSP_204.pdf,2025-26/13.07.25_NLDC_PSP_204.pdf,200,1741577,10f3b1e3b05dec42a92672e3d19b70406be31600cc040a62d23eddabf47f139e,2026-09-14T14:13:08,13.07.25_NLDC_PSP.pdf|14-07-2025|application/pdf
https://webcdn.grid-india.in/files/grdw/2025/07/13.07.25_NLDC_PSP_H&E%20v4_566.xls,2025-26/13.07.25_NLDC_PSP_H&E v4_566.xls,200,342528,234a8a22dfe0ef3abd052822db9ac6b011609b64d799daf5b3921f834d51e7ad,2026-09-14T14:13:08,13.07.25_NLDC_PSP.xls|14-07-2025|application/vnd.ms-excel
https://webcdn.grid-india.in/files/grdw/2025/07/14.07.25_NLDC_PSP_269.pdf,2025-26/14.07.25_NLDC_PSP_269.pdf,200,1741793,0a765b33cc0124d3746643e2aedfc223c60d0cc3fbb0caa2f6db30ff6bcd0e89,2026-09-14T14:13:09,14.07.25_NLDC_PSP.pdf|15-07-2025|application/pdf
https://webcdn.grid-india.in/files/grdw/2025/07/14.07.25_NLDC_PSP_660.xls,2025-26/14.07.25_NLDC_PSP_660.xls,200,284672,0290e889d9342f5fa9559bbc2740ca4be457df32d07e289758971dc7de99c4b3,2026-09-14T14:13:10,14.07.25_NLDC_PSP.xls|15-07-2025|application/vnd.ms-excel
https://webcdn.grid-india.in/files/grdw/2025/07/15.07.25_NLDC_PSP_883.pdf,2025-26/15.07.25_NLDC_PSP_883.pdf,200,1704970,2caf882fa7fac9b623763ac37edb7422445c8c4e5c17e7edc17c7fc1ad5ead85,2026-09-14T14:13:11,15.07.25_NLDC_PSP|16-07-2025|application/pdf
https://webcdn.grid-india.in/files/grdw/2025/07/15.07.25_NLDC_PSP_195.xls,2025-26/15.07.25_NLDC_PSP_195.xls,200,272384,4658028c94ce06e0548a46f2a3ddd2fad45af02d133fbe62c69393b07240f0a9,2026-09-14T14:13:11,15.07.25_NLDC_PSP.xls|16-07-2025|application/vnd.ms-excel
https://webcdn.grid-india.in/files/grdw/2025/07/16.07.25_NLDC_PSP_556.pdf,2025-26/16.07.25_NLDC_PSP_556.pdf,200,1741049,6d446c20ad8fc89f3ee7c33049e9041d6b4510ea8598d5e087954d92914feb97,2026-09-14T14:13:12,16.07.25_NLDC_PSP|17-07-2025|application/pdf
https://webcdn.grid-india.in/files/grdw/2025/07/16.07.25_NLDC_PSP_340.xls,2025-26/16.07.25_NLDC_PSP_340.xls,200,284160,5f86e017b71834eed40928b68f7945f3f3b2d9fd0a4b5364ee00a5fcd98a6d12,2026-09-14T14:13:12,16.07.25_NLDC_PSP.xls|17-07-2025|application/vnd.ms-excel
https://webcdn.grid-india.in/files/grdw/2025/07/17.07.25_NLDC_PSP_669.pdf,2025-26/17.07.25_NLDC_PSP_669.pdf,200,1740994,60ce3bfaf4c411085b21e1fc4735fbdec0e465910056e54d583f64ad1a4bbb89,2026-09-14T14:13:13,17.07.25_NLDC_PSP.pdf|17-07-2025|application/pdf
https://webcdn.grid-india.in/files/grdw/2025/07/17.07.25_NLDC_PSP_966.xls,2025-26/17.07.25_NLDC_PSP_966.xls,200,283136,866d33c926933faac818a2d96a3a117bc2fa87892aff25fb4f8a536dd6b94998,2026-09-14T14:13:13,17.07.25_NLDC_PSP.xls|17-07-2025|application/vnd.ms-excel
https://webcdn.grid-india.in/files/grdw/2025/07/18.07.25_NLDC_PSP_181.pdf,2025-26/18.07.25_NLDC_PSP_181.pdf,200,2116147,6af9dd67d259f52821514bfd2623ad16292717c558452e818d1303cf0e865213,2026-09-14T14:13:15,18.07.25_NLDC_PSP.pdf|18-07-2025|application/pdf
https://webcdn.grid-india.in/files/grdw/2025/07/18.07.25_NLDC_PSP_100.xls,2025-26/18.07.25_NLDC_PSP_100.xls,200,284672,9ad1329e0140a9cc5a35e6092cf6b19d6a87364d0045b0ac7bc323da19ca93ae,2026-09-14T14:13:15,18.07.25_NLDC_PSP.xls|18-07-2025|application/vnd.ms-excel
https://webcdn.grid-india.in/files/grdw/2025/07/19.07.25_NLDC_PSP_274.xls,2025-26/19.07.25_NLDC_PSP_274.xls,200,284672,3fc5303759179c262ff0b4654990771db644e6be8df904fcb30ff48db3235733,2026-09-14T14:13:15,19.07.25_NLDC_PSP|20-07-2025|application/vnd.ms-excel
https://webcdn.grid-india.in/files/grdw/2025/07/20.07.25_NLDC_PSP_146.xls,2025-26/20.07.25_NLDC_PSP_146.xls,200,283136,5f84125a7b96f718c2bc1cfe318835c6b7843e79ab69fd3c0eab9898e7a007de,2026-09-14T14:13:16,20.07.25_NLDC_PSP|21-07-2025|application/vnd.ms-excel
https://webcdn.grid-india.in/files/grdw/2025/07/21.07.25_NLDC_PSP_812.xls,2025-26/21.07.25_NLDC_PSP_812.xls,200,342016,a30795d26612ae3c009be161fd0062ed49e708a305a328c28b4adc8fb64cf3ed,2026-09-14T14:13:16,21.07.25_NLDC_PSP|22-07-2025|application/vnd.ms-excel
https://webcdn.grid-india.in/files/grdw/2025/07/22.07.25_NLDC_PSP_822.xls,2025-26/22.07.25_NLDC_PSP_822.xls,200,295424,61b74b5df22ba2c1959cb8c503943ea5b49d126bdb6f3fe99623365b0a4fcc16,2026-09-14T14:13:17,22.07.25_NLDC_PSP|23-07-2025|application/vnd.ms-excel
https://webcdn.grid-india.in/files/grdw/2025/07/23.07.25_NLDC_PSP1_804.pdf,2025-26/23.07.25_NLDC_PSP1_804.pdf,200,1819155,35562cf8c18b2f5f59a1c6ee938d155d1f9c27bcb8dc20559050555b857325e4,2026-09-14T14:13:18,23.07.25_NLDC_PSP.pdf|24-07-2025|application/pdf
https://webcdn.grid-india.in/files/grdw/2025/07/23.07.25_NLDC_PSP_543.xls,2025-26/23.07.25_NLDC_PSP_543.xls,200,300032,6a31d9f1f0c4999159c08f736034adc3655ef425dbd399c92dc932c38f4b0203,2026-09-14T14:13:18,23.07.25_NLDC_PSP.xls|24-07-2025|application/vnd.ms-excel
https://webcdn.grid-india.in/files/grdw/2025/07/24.07.25_NLDC_PSP1_673.pdf,2025-26/24.07.25_NLDC_PSP1_673.pdf,200,1818413,a8edbf6569ce151c65e200093ee381ef64bab93634b574cbd834b9709d95437d,2026-09-14T14:13:19,24.07.25_NLDC_PSP.pdf|25-07-2025|application/pdf
https://webcdn.grid-india.in/files/grdw/2025/07/24.07.25_NLDC_PSP_583.xls,2025-26/24.07.25_NLDC_PSP_583.xls,200,342016,2b8ec233606152dc0eed0d9ba2d304c5fbca4597037210bbf568fb50b9c8cc65,2026-09-14T14:13:19,24.07.25_NLDC_PSP.xls|25-07-2025|application/vnd.ms-excel
https://webcdn.grid-india.in/files/grdw/2025/07/25.07.25_NLDC_PSP_186.pdf,2025-26/25.07.25_NLDC_PSP_186.pdf,200,1740871,5c1615cae1f2fc4501b13dbff40b20b97df6570bd3a07bf558de959251413e2d,2026-09-14T14:13:21,25.07.25_NLDC_PSP.pdf|26-07-2025|application/pdf
https://webcdn.grid-india.in/files/grdw/2025/07/25.07.25_NLDC_PSP_725.xls,2025-26/25.07.25_NLDC_PSP_725.xls,200,283136,90d14a1e7bf55fd5ec8f78c8deaff35aad211ddb98828dbe32a0b04e2cbc2554,2026-09-14T14:13:21,25.07.25_NLDC_PSP.xls|26-07-2025|application/vnd.ms-excel
https://webcdn.grid-india.in/files/grdw/2025/07/26.07.25_NLDC_PSP_684.pdf,2025-26/26.07.25_NLDC_PSP_684.pdf,200,1741107,682e242119197feccdc3a6ed3527712a5b7a9c61b3d1a4e32b8c43ab9cb3c26d,2026-09-14T14:13:22,26.07.25_NLDC_PSP.pdf|27-07-2025|application/pdf
https://webcdn.grid-india.in/files/grdw/2025/07/26.07.25_NLDC_PSP_913.xls,2025-26/26.07.25_NLDC_PSP_913.xls,200,283136,883b48fafb08399d560fa5836d5731b22f4abec78b11b58696c6688d1876df14,2026-09-14T14:13:22,26.07.25_NLDC_PSP.xls|27-07-2025|application/vnd.ms-excel
https://webcdn.grid-india.in/files/grdw/2025/07/27.07.25_NLDC_PSP_258.xls,2025-26/27.07.25_NLDC_PSP_258.xls,200,284672,877c625672e6133680e1f0add2cbcc974f0ad4044d6117a8a04c6d861ebdb0fd,2026-09-14T14:13:22,27.07.25_NLDC_PSP|28-07-2025|application/vnd.ms-excel
https://webcdn.grid-india.in/files/grdw/2025/07/28.07.25_NLDC_PSP_296.xls,2025-26/28.07.25_NLDC_PSP_296.xls,200,284672,41e3127622c06692177bcc0e30393fe0604f43fea9d2ea1bcddfd5a7e37035b0,2026-09-14T14:13:23,28.07.25_NLDC_PSP|29-07-2025|application/vnd.ms-excel
https://webcdn.grid-india.in/files/grdw/2025/10/29.07.25_NLDC_PSP_H&E_372.xls,2025-26/29.07.25_NLDC_PSP_H&E_372.xls,200,285696,00b0567f87bc3db37f98083f7c2cb094a435a449fef3c16f6d5ca9ddefb459c1,2026-09-14T14:13:23,29.07.25_NLDC_PSP|30-07-2025|application/vnd.ms-excel
https://webcdn.grid-india.in/files/grdw/2025/07/30.06.25_NLDC_PSP_824.pdf,2025-26/30.06.25_NLDC_PSP_824.pdf,200,1741223,09efa28abfdde99b5228b1630a5d345f8d3b08540fd78856f25682cbb224a61d,2026-09-14T14:13:25,30.06.25_NLDC_PSP.pdf|01-07-2025|application/pdf
https://webcdn.grid-india.in/files/grdw/2025/07/30.06.25_NLDC_PSP_148.xls,2025-26/30.06.25_NLDC_PSP_148.xls,200,284160,a825a630fc316d98556b150ee4471e970279e0ee36b64e9da9ad2ecd56f82785,2026-09-14T14:13:25,30.06.25_NLDC_PSP.xls|01-07-2025|application/vnd.ms-excel
https://webcdn.grid-india.in/files/grdw/2025/07/30.07.25_NLDC_PSP_863.xls,2025-26/30.07.25_NLDC_PSP_863.xls,200,295936,96001568c44ba30b5120d0adaac9f1804300c934d535d655d5821b23ee7e5007,2026-09-14T14:13:25,30.07.25_NLDC_PSP|31-07-2025|application/vnd.ms-excel
https://webcdn.grid-india.in/files/grdw/2025/08/01.08.25_NLDC_PSP_866.pdf,2025-26/01.08.25_NLDC_PSP_866.pdf,200,1781375,16399fc0ba9195985695e320d6ff0a7d8a0b4e8afb6341d6842365a6c494d29f,2026-09-14T14:13:27,01.08.25_NLDC_PSP.pdf|02-08-2025|application/pdf
https://webcdn.grid-india.in/files/grdw/2025/08/01.08.25_NLDC_PSP_153.xls,2025-26/01.08.25_NLDC_PSP_153.xls,200,284672,444843a094392beaa47bcc49270fcad11490c2c33e5f2cd60f31d83a6246b711,2026-09-14T14:13:27,01.08.25_NLDC_PSP.xls|02-08-2025|application/vnd.ms-excel
https://webcdn.grid-india.in/files/grdw/2025/08/02.08.25_NLDC_PSP_193.pdf,2025-26/02.08.25_NLDC_PSP_193.pdf,200,1741936,4d61e532c58952164637e60f15b38fccd6914faf963af65c5b1e609954dde1fc,2026-09-14T14:13:28,02.08.25_NLDC_PSP.pdf|03-08-2025|application/pdf
https://webcdn.grid-india.in/files/grdw/2025/08/02.08.25_NLDC_PSP_705.xls,2025-26/02.08.25_NLDC_PSP_705.xls,200,283136,44d6a7c6c6a7bbe0344c4d8092c5f40fc8aa8a1961a376dd53ea611e7c65e681,2026-09-14T14:13:28,02.08.25_NLDC_PSP.xls|03-08-2025|application/vnd.ms-excel
https://webcdn.grid-india.in/files/grdw/2025/08/03.08.25_NLDC_PSP_314.pdf,2025-26/03.08.25_NLDC_PSP_314.pdf,200,1743948,c5f8c1ff61b4443b1665cc9bc581cd793d0fe95deb8727cbc7aea871adb84e03,2026-09-14T14:13:30,03.08.25_NLDC_PSP.pdf|04-08-2025|application/pdf
https://webcdn.grid-india.in/files/grdw/2025/08/03.08.25_NLDC_PSP_930.xls,2025-26/03.08.25_NLDC_PSP_930.xls,200,283136,e4ba818c3a0c2fa83be7f80fee917148fc5ad716b83b6651763d6c85a17e8aca,2026-09-14T14:13:30,03.08.25_NLDC_PSP.xls|04-08-2025|application/vnd.ms-excel
https://webcdn.grid-india.in/files/grdw/2025/08/04.08.25_NLDC_PSP_924.pdf,2025-26/04.08.25_NLDC_PSP_924.pdf,200,1743560,2989a4b5b632e6e2db1339cd6b36c6dca3a999f7595dd9a5d11d5d04773341e6,2026-09-14T14:13:31,04.08.25_NLDC_PSP.pdf|04-08-2025|application/pdf
https://webcdn.grid-india.in/files/grdw/2025/08/04.08.25_NLDC_PSP_239.xls,2025-26/04.08.25_NLDC_PSP_239.xls,200,283136,570c33d7d74d4cda2f00f1bef2be19d0f565321ef79abd6266e2f67268bb8c57,2026-09-14T14:13:31,04.08.25_NLDC_PSP.xls|04-08-2025|application/vnd.ms-excel
https://webcdn.grid-india.in/files/grdw/2025/08/05.08.25_NLDC_PSP_553.pdf,2025-26/05.08.25_NLDC_PSP_553.pdf,200,1742023,d445df34f4bfdfd546deb8a107073be9b0cae5170b1662121f271b6a0fe7e8ae,2026-09-14T14:13:32,05.08.25_NLDC_PSP.pdf|06-08-2025|application/pdf
https://webcdn.grid-india.in/files/grdw/2025/08/05.08.25_NLDC_PSP_191.xls,2025-26/05.08.25_NLDC_PSP_191.xls,200,284160,2cbe206a255f3e2dfaa93b8e4659b19970084764298ee82ce12768b4db62a499,2026-09-14T14:13:32,05.08.25_NLDC_PSP.xls|06-08-2025|application/vnd.ms-excel
https://webcdn.grid-india.in/files/grdw/2025/08/06.08.25_NLDC_PSP_751.xls,2025-26/06.08.25_NLDC_PSP_751.xls,200,342016,49e0090cb551c0f67eee4e345ef2c6cbaf3774e14ab29f427955ad1cdede1917,2026-09-14T14:13:33,06.08.25_NLDC_PSP|07-08-2025|application/vnd.ms-excel
https://webcdn.grid-india.in/files/grdw/2025/08/07.08.25_NLDC_PSP_H&E%20v1_304.xls,2025-26/07.08.25_NLDC_PSP_H&E v1_304.xls,200,283136,c77e339ecc752222f4eb103b7d46f8e03a510882e02a41448a398487200f08a0,2026-09-14T14:13:34,07.08.25_NLDC_PSP|07-08-2025|application/vnd.ms-excel
https://webcdn.grid-india.in/files/grdw/2025/08/08.08.25_NLDC_PSP_670.pdf,2025-26/08.08.25_NLDC_PSP_670.pdf,200,1742066,bab66693aaa5d007844f7d11c60280a4ae124fb918a66763a84f50a365b2cac5,2026-09-14T14:13:35,08.08.25_NLDC_PSP.pdf|09-08-2025|application/pdf
https://webcdn.grid-india.in/files/grdw/2025/08/08.08.25_NLDC_PSP_164.xls,2025-26/08.08.25_NLDC_PSP_164.xls,200,284160,31593c27f5423ceddcc9361a01938fbf2e72fda6125deb3c7d107c5eb48e2332,2026-09-14T14:13:35,08.08.25_NLDC_PSP.xls|09-08-2025|application/vnd.ms-excel
https://webcdn.grid-india.in/files/grdw/2025/08/09.08.25_NLDC_PSP_442.pdf,2025-26/09.08.25_NLDC_PSP_442.pdf,200,1742196,aa74e36faf98f6f2cb3de9cb438e5b1ba8dffffd065cf8c3feb7b6d1ee41bda3,2026-09-14T14:13:36,09.08.25_NLDC_PSP.pdf|10-08-2025|application/pdf
https://webcdn.grid-india.in/files/grdw/2025/08/09.08.25_NLDC_PSP_104.xls,2025-26/09.08.25_NLDC_PSP_104.xls,200,283136,8ff0ca8232e3c6a0c724c405dfe139a576eead45ac52d8bad6318486b128701c,2026-09-14T14:13:37,09.08.25_NLDC_PSP.xls|10-08-2025|application/vnd.ms-excel
https://webcdn.grid-india.in/files/grdw/2025/08/10.08.25_NLDC_PSP_687.pdf,2025-26/10.08.25_NLDC_PSP_687.pdf,200,1742041,bab101748b115d887fb87d8accae4a1a1bf6b151f38b5dabb17f63a86ee3c878,2026-09-14T14:13:38,10.08.25_NLDC_PSP.pdf|11-08-2025|application/pdf
https://webcdn.grid-india.in/files/grdw/2025/08/10.08.25_NLDC_PSP_190.xls,2025-26/10.08.25_NLDC_PSP_190.xls,200,284160,71ac2f2f07ce95f75aca6eaed08b7e9fd3763716989f1f9339a1c73cd1d4aae9,2026-09-14T14:13:38,10.08.25_NLDC_PSP.xls|11-08-2025|application/vnd.ms-excel
https://webcdn.grid-india.in/files/grdw/2025/08/11.08.25_NLDC_PSP_420.pdf,2025-26/11.08.25_NLDC_PSP_420.pdf,200,1742056,ca3f741e9595d554cdcbd752fe5b55550f5a907c596263cb6b2088b4c3ef1066,2026-09-14T14:13:39,11.08.25_NLDC_PSP.pdf|11-08-2025|application/pdf
https://webcdn.grid-india.in/files/grdw/2025/08/11.08.25_NLDC_PSP_371.xls,2025-26/11.08.25_NLDC_PSP_371.xls,200,283136,b36177ea5a5550680fab0b6e7f4c73badc79198aee6e6c14629d09a1829e2910,2026-09-14T14:13:39,11.08.25_NLDC_PSP.xls|11-08-2025|application/vnd.ms-excel
https://webcdn.grid-india.in/files/grdw/2025/08/12.08.25_NLDC_PSP_497.xls,2025-26/12.08.25_NLDC_PSP_497.xls,200,284160,d9b8f31cd198f1271202b6f13f24d6fc59e619f7c18b44737cde0021dada23d8,2026-09-14T14:13:40,12.08.25_NLDC_PSP|13-08-2025|application/vnd.ms-excel
https://webcdn.grid-india.in/files/grdw/2025/08/13.08.25_NLDC_PSP_733.xls,2025-26/13.08.25_NLDC_PSP_733.xls,200,283136,939c8d1923aa61665d5f3493508d3631101669af86b68bebb5ad303c9169f877,2026-09-14T14:13:40,13.08.25_NLDC_PSP|14-08-2025|application/vnd.ms-excel
https://webcdn.grid-india.in/files/grdw/2025/08/14.08.25_NLDC_PSP_248.xls,2025-26/14.08.25_NLDC_PSP_248.xls,200,300032,3b8bf5a786263b0267d1e02cb84df722847e6468a4a0f0ae871ccd6fe1101e3d,2026-09-14T14:13:41,14.08.25_NLDC_PSP|15-08-2025|application/vnd.ms-excel
https://webcdn.grid-india.in/files/grdw/2025/08/15.08.25_NLDC_PSP_827.xls,2025-26/15.08.25_NLDC_PSP_827.xls,200,342016,2ba913b694d408a4ea365cc887f62ae779756b850f50e02953433b1720324d7e,2026-09-14T14:13:41,15.08.25_NLDC_PSP|16-08-2025|application/vnd.ms-excel
https://webcdn.grid-india.in/files/grdw/2025/08/16.08.25_NLDC_PSP_976.pdf,2025-26/16.08.25_NLDC_PSP_976.pdf,200,1742229,0b12dff99a92293194beb199290176607a3736030d39be88a24d0f48bff6d4e1,2026-09-14T14:13:43,16.08.25_NLDC_PSP.pdf|17-08-2025|application/pdf
https://webcdn.grid-india.in/files/grdw/2025/08/16.08.25_NLDC_PSP_668.xls,2025-26/16.08.25_NLDC_PSP_668.xls,200,283136,e9deaacf017bdaed27bf6adee0ac5c95336e9728f448c5bb0756a8675a3ae38f,2026-09-14T14:13:43,16.08.25_NLDC_PSP.xls|17-08-2025|application/vnd.ms-excel
https://webcdn.grid-india.in/files/grdw/2025/08/17.08.25_NLDC_PSP_573.pdf,2025-26/17.08.25_NLDC_PSP_573.pdf,200,1743097,b0beb6886404e549be603c1e3d19434e1aaa4d1fd35c0335e90f19ec5faa6e0a,2026-09-14T14:13:44,17.08.25_NLDC_PSP.pdf|18-08-2025|application/pdf
https://webcdn.grid-india.in/files/grdw/2025/08/17.08.25_NLDC_PSP_467.xls,2025-26/17.08.25_NLDC_PSP_467.xls,200,284672,8b9481dd6a1769100c0fe7a3b39fe1932b84f00df1c4bca54db31a2bc598d0eb,2026-09-14T14:13:44,17.08.25_NLDC_PSP.xls|18-08-2025|application/vnd.ms-excel
https://webcdn.grid-india.in/files/grdw/2025/08/18.08.25_NLDC_PSP_983.pdf,2025-26/18.08.25_NLDC_PSP_983.pdf,200,1741580,3d3a2e635b10ccbbe75fd0a51911a7e114f60530d9659dc6e25f9aa67b8d04ee,2026-09-14T14:13:45,18.08.25_NLDC_PSP.pdf|19-08-2025|application/pdf
https://webcdn.grid-india.in/files/grdw/2025/08/18.08.25_NLDC_PSP_287.xls,2025-26/18.08.25_NLDC_PSP_287.xls,200,283136,739dc929fea5cdb7750f1a249b47e0d2bb4a7195c922b0285ab168dba8eebc51,2026-09-14T14:13:46,18.08.25_NLDC_PSP.xls|19-08-2025|application/vnd.ms-excel
https://webcdn.grid-india.in/files/grdw/2025/08/19.08.25_NLDC_PSP_206.pdf,2025-26/19.08.25_NLDC_PSP_206.pdf,200,1741825,04eda2ff35c0d69376dc01dee7be1561592c16fa2c7e120fe0aed3e1eb0c4326,2026-09-14T14:13:47,19.08.25_NLDC_PSP.pdf|20-08-2025|application/pdf
https://webcdn.grid-india.in/files/grdw/2025/08/19.08.25_NLDC_PSP_605.xls,2025-26/19.08.25_NLDC_PSP_605.xls,200,291840,ae7085c441fd1a24a53523d20a0c7c5339a4aacba0ca3a9dc9859d6c3bd4e24f,2026-09-14T14:13:47,19.08.25_NLDC_PSP.xls|20-08-2025|application/vnd.ms-excel
https://webcdn.grid-india.in/files/grdw/2025/08/20.08.25_NLDC_PSP_520.xls,2025-26/20.08.25_NLDC_PSP_520.xls,200,269824,65b75ad18a70caa0011e6195f98a214bde863e0dd1917ac6d9ee7037da89c0b9,2026-09-14T14:13:48,20.08.25_NLDC_PSP|21-08-2025|application/vnd.ms-excel
https://webcdn.grid-india.in/files/grdw/2025/08/21.08.25_NLDC_PSP_H&E_311.xls,2025-26/21.08.25_NLDC_PSP_H&E_311.xls,200,283136,f08351b4fc59960da3210655c5fd626192777cc4f71fdf7f02b319d7b1a28151,2026-09-14T14:13:48,21.08.25_NLDC_PSP|22-08-2025|application/vnd.ms-excel
https://webcdn.grid-india.in/files/grdw/2025/08/22.08.25_NLDC_PSP_225.xls,2025-26/22.08.25_NLDC_PSP_225.xls,200,342528,62abf60e94f7ee1d3274fba4a58c32382b5cc1d19212d5c9c27ccb579af583ee,2026-09-14T14:13:49,22.08.25_NLDC_PSP|23-08-2025|application/vnd.ms-excel
https://webcdn.grid-india.in/files/grdw/2025/08/23.08.25_NLDC_PSP_875.xls,2025-26/23.08.25_NLDC_PSP_875.xls,200,342528,0590bcd801e75e669e158cd988015c665eed82c519f073b953172ae2f97225a4,2026-09-14T14:13:49,23.08.25_NLDC_PSP|24-08-2025|application/vnd.ms-excel
https://webcdn.grid-india.in/files/grdw/2025/08/24.08.25_NLDC_PSP_327.pdf,2025-26/24.08.25_NLDC_PSP_327.pdf,200,1743241,05f732d4c44573d9f606e08523d00c1b9d09f1014a7e032ba33224c65a0e036f,2026-09-14T14:13:50,24.08.25_NLDC_PSP.pdf|25-08-2025|application/pdf
https://webcdn.grid-india.in/files/grdw/2025/08/24.08.25_NLDC_PSP_854.xls,2025-26/24.08.25_NLDC_PSP_854.xls,200,284160,6c7caae944750bdd42ecce660907ce25e83fdb6ffc8019bf5ca311b03044442f,2026-09-14T14:13:50,24.08.25_NLDC_PSP.xls|25-08-2025|application/vnd.ms-excel
https://webcdn.grid-india.in/files/grdw/2025/08/25.08.25_NLDC_PSP_485.pdf,2025-26/25.08.25_NLDC_PSP_485.pdf,200,1777834,a2ba763678092ad60ea2cfb089f24dfcd61086aa17ab110d7e352f9df1f3e320,2026-09-14T14:13:52,25.08.25_NLDC_PSP.pdf|26-08-2025|application/pdf
https://webcdn.grid-india.in/files/grdw/2025/08/25.08.25_NLDC_PSP_161.xls,2025-26/25.08.25_NLDC_PSP_161.xls,200,283136,ad6725d2ba1cad1894278c579659e1f69c231ec99d0cf8ee25c62e49f81671bd,2026-09-14T14:13:52,25.08.25_NLDC_PSP.xls|26-08-2025|application/vnd.ms-excel
https://webcdn.grid-india.in/files/grdw/2025/08/26.08.25_NLDC_PSP_787.xls,2025-26/26.08.25_NLDC_PSP_787.xls,200,298496,f2e60d6a3ef02f6fd7739e64c41934d2d17dfac3401b72ebe48634debe4b2460,2026-09-14T14:13:52,26.08.25_NLDC_PSP|27-08-2025|application/vnd.ms-excel
https://webcdn.grid-india.in/files/grdw/2025/08/27.08.25_NLDC_PSP_602.pdf,2025-26/27.08.25_NLDC_PSP_602.pdf,200,2115039,fea099a1b8db269a5b8f7e7aff6928f8dbb216a9060711ca2e850ea9fc8b0593,2026-09-14T14:13:54,27.08.25_NLDC_PSP.pdf|27-08-2025|application/pdf
https://webcdn.grid-india.in/files/grdw/2025/08/27.08.25_NLDC_PSP_136.xls,2025-26/27.08.25_NLDC_PSP_136.xls,200,283136,3f9b420b869d964a2716f4b370f47f606a0cf15e4693b717d876f45473d19108,2026-09-14T14:13:54,27.08.25_NLDC_PSP.xls|27-08-2025|application/vnd.ms-excel
https://webcdn.grid-india.in/files/grdw/2025/08/28.08.25_NLDC_PSP_435.xls,2025-26/28.08.25_NLDC_PSP_435.xls,200,283136,091e0104eddb8f3e0bfd6f2c4b994320db913012117258fb1d5c2597ddfa919e,2026-09-14T14:13:54,28.08.25_NLDC_PSP|29-08-2025|application/vnd.ms-excel
https://webcdn.grid-india.in/files/grdw/2025/08/29.08.25_NLDC_PSP_800.xls,2025-26/29.08.25_NLDC_PSP_800.xls,200,300032,88d251758c06c05637a370330166150040bbdad14dedfb1901252e9cbb42d076,2026-09-14T14:13:55,29.08.25_NLDC_PSP|30-08-2025|application/vnd.ms-excel
https://webcdn.grid-india.in/files/grdw/2025/08/30.08.25_NLDC_PSP_793.xls,2025-26/30.08.25_NLDC_PSP_793.xls,200,283136,fe26d4e3b4d1c66abbd5a20606e7b7bcfbc4d124523929c26579a3e79347f590,2026-09-14T14:13:55,30.08.25_NLDC_PSP|31-08-2025|application/vnd.ms-excel
https://webcdn.grid-india.in/files/grdw/2025/08/31.07.25_NLDC_PSP_626.pdf,2025-26/31.07.25_NLDC_PSP_626.pdf,200,1742455,2d94379dd3687d0ffecf113a31d191a3024ae7cfd8cdf32997a2dea8e9c7eea0,2026-09-14T14:13:57,31.07.25_NLDC_PSP.pdf|01-08-2025|application/pdf
https://webcdn.grid-india.in/files/grdw/2025/08/31.07.25_NLDC_PSP_597.xls,2025-26/31.07.25_NLDC_PSP_597.xls,200,283136,a3627f6228ecebfd3058204f312af308fd5ad50e66653a5259829bb025575f85,2026-09-14T14:13:57,31.07.25_NLDC_PSP.xls|01-08-2025|application/vnd.ms-excel
https://webcdn.grid-india.in/files/grdw/2025/09/31.08.25_NLDC_PSP_550.xls,2025-26/31.08.25_NLDC_PSP_550.xls,200,300032,169fe2f33872815d8cfa13bc98ef0a06e78283c9bde5cc7ed75045d0d675b7db,2026-09-14T14:13:57,31.08.25_NLDC_PSP|01-09-2025|application/vnd.ms-excel
https://webcdn.grid-india.in/files/grdw/2025/09/01.09.25_NLDC_PSP_894.xls,2025-26/01.09.25_NLDC_PSP_894.xls,200,283136,2d26bb353838f241fe3b19166fb5f1a4ff8fcd1179fd752ca6f5921239f64178,2026-09-14T14:13:58,01.09.25_NLDC_PSP|02-09-2025|application/vnd.ms-excel
https://webcdn.grid-india.in/files/grdw/2025/09/02.09.25_NLDC_PSP_871.pdf,2025-26/02.09.25_NLDC_PSP_871.pdf,200,1739082,6105c7a35ded26aec9d9ab08c1b0e596765c1ad3ee02feb97a748aff4b986fb3,2026-09-14T14:13:59,02.09.25_NLDC_PSP|03-09-2025|application/pdf
https://webcdn.grid-india.in/files/grdw/2025/09/02.09.25_NLDC_PSP_859.xls,2025-26/02.09.25_NLDC_PSP_859.xls,200,283136,244af3037518b16d19cbefd14496a8817db24aaae9863c5a1f27d907031fb4aa,2026-09-14T14:14:00,02.09.25_NLDC_PSP.xls|03-09-2025|application/vnd.ms-excel
https://webcdn.grid-india.in/files/grdw/2025/09/03.09.25_NLDC_PSP_387.pdf,2025-26/03.09.25_NLDC_PSP_387.pdf,200,1740838,a099c50d16dba5294b82abb4423aa0ce38c2f095a63c158eff72310cb5cd596f,2026-09-14T14:14:01,03.09.25_NLDC_PSP.pdf|04-09-2025|application/pdf
https://webcdn.grid-india.in/files/grdw/2025/09/03.09.25_NLDC_PSP_799.xls,2025-26/03.09.25_NLDC_PSP_799.xls,200,284160,2272fe5608e43f302607f8a9fc401b14858b29e6e6cb974f278d800024536b6c,2026-09-14T14:14:01,03.09.25_NLDC_PSP.xls|04-09-2025|application/vnd.ms-excel
https://webcdn.grid-india.in/files/grdw/2025/09/04.09.25_NLDC_PSP_546.pdf,2025-26/04.09.25_NLDC_PSP_546.pdf,200,1740685,507daff51efe5f1d48e124c8c0c57abc9762dd2faeaba7e6efcbde10b1803a4f,2026-09-14T14:14:02,04.09.25_NLDC_PSP.pdf|04-09-2025|application/pdf
https://webcdn.grid-india.in/files/grdw/2025/09/04.09.25_NLDC_PSP_419.xls,2025-26/04.09.25_NLDC_PSP_419.xls,200,283136,d3bc961c244fc55f2d24ff0d8282d298c00e91e4625ff993d9bd9e470c071b8b,2026-09-14T14:14:03,04.09.25_NLDC_PSP.xls|04-09-2025|application/vnd.ms-excel
https://webcdn.grid-india.in/files/grdw/2025/09/05.09.25_NLDC_PSP_767.xls,2025-26/05.09.25_NLDC_PSP_767.xls,200,284672,7824bcf270de0bb7b8068978468158ab6795e6af94d630da091faafa896c4c53,2026-09-14T14:14:03,05.09.25_NLDC_PSP|06-09-2025|application/vnd.ms-excel
https://webcdn.grid-india.in/files/grdw/2025/09/06.09.25_NLDC_PSP_907.xls,2025-26/06.09.25_NLDC_PSP_907.xls,200,284672,8d58e6afee22b77e15bc8a6f5f2d49f3fa73f0e3d075023ea962dd3c792c4649,2026-09-14T14:14:04,06.09.25_NLDC_PSP|07-09-2025|application/vnd.ms-excel
https://webcdn.grid-india.in/files/grdw/2025/09/07.09.25_NLDC_PSP_899.pdf,2025-26/07.09.25_NLDC_PSP_899.pdf,200,2113953,883233fe9d47ffdde86e1d9f6785d2be73e64821169436edb40935ab87470ad4,2026-09-14T14:14:05,07.09.25_NLDC_PSP.pdf|08-09-2025|application/pdf
https://webcdn.grid-india.in/files/grdw/2025/09/07.09.25_NLDC_PSP_945.xls,2025-26/07.09.25_NLDC_PSP_945.xls,200,284672,8b2adbf2f3f5220c2a56283c9e5b163ce7854823530e2d4059cfbaf97242ca78,2026-09-14T14:14:05,07.09.25_NLDC_PSP.xls|08-09-2025|application/vnd.ms-excel
https://webcdn.grid-india.in/files/grdw/2025/09/08.09.25_NLDC_PSP_705.xls,2025-26/08.09.25_NLDC_PSP_705.xls,200,300032,56ec70e1a1d2075c2d9f79eb1fd0b6f607304d135b8c90a03ca002713adf27d2,2026-09-14T14:14:06,08.09.25_NLDC_PSP|09-09-2025|application/vnd.ms-excel
https://webcdn.grid-india.in/files/grdw/2025/09/09.09.25_NLDC_PSP_931.XLS,2025-26/09.09.25_NLDC_PSP_931.XLS,200,283136,e900c5e042156a0d9c052f49af114e96bb2a39dd73cab2ef1601b1aaee020801,2026-09-14T14:14:06,09.09.25_NLDC_PSP|10-09-2025|application/vnd.ms-excel
https://webcdn.grid-india.in/files/grdw/2025/09/09.09.25_NLDC_PSP_829.pdf,2025-26/09.09.25_NLDC_PSP_829.pdf,200,1780204,d272d181e6c6619e0a6f456bba8f7da811082fc4746cad5a7d567ebd5a97d9f4,2026-09-14T14:14:07,09.09.25_NLDC_PSP.pdf|10-09-2025|application/pdf
https://webcdn.grid-india.in/files/grdw/2025/09/10.09.25_NLDC_PSP_379.pdf,2025-26/10.09.25_NLDC_PSP_379.pdf,200,1871070,a649e2051a5347882ebb477ad42763e62fb45353a87e7b85f9fa939284c3f022,2026-09-14T14:14:08,10.09.25_NLDC_PSP|11-09-2025|application/pdf
https://webcdn.grid-india.in/files/grdw/2025/09/10.09.25_NLDC_PSP_424.xls,2025-26/10.09.25_NLDC_PSP_424.xls,200,342016,70df3d9343d51026cd9fb33d7e591f16784d98fa05fecbb1d3427139b9fead10,2026-09-14T14:14:08,10.09.25_NLDC_PSP.xls|11-09-2025|application/vnd.ms-excel
https://webcdn.grid-india.in/files/grdw/2025/09/11.09.25_NLDC_PSP_137.pdf,2025-26/11.09.25_NLDC_PSP_137.pdf,200,1739155,2d036a5b2c50ceb30554f07cff941452fb23a092e759e556e13194a56748ff18,2026-09-14T14:14:10,11.09.25_NLDC_PSP.pdf|12-09-2025|application/pdf
https://webcdn.grid-india.in/files/grdw/2025/09/11.09.25_NLDC_PSP_382.xls,2025-26/11.09.25_NLDC_PSP_382.xls,200,283136,ad5dd069142e14dc87682750968dc93635ee835dc8e66a71c8b0e8488617cb01,2026-09-14T14:14:10,11.09.25_NLDC_PSP.xls|12-09-2025|application/vnd.ms-excel
https://webcdn.grid-india.in/files/grdw/2025/09/12.09.25_NLDC_PSP_598.pdf,2025-26/12.09.25_NLDC_PSP_598.pdf,200,1739106,f40f59a94f34f2cc7f41644fb849af57b16cd4922a0014c4923c575e73c66719,2026-09-14T14:14:11,12.09.25_NLDC_PSP.pdf|13-09-2025|application/pdf
https://webcdn.grid-india.in/files/grdw/2025/09/12.09.25_NLDC_PSP_581.xls,2025-26/12.09.25_NLDC_PSP_581.xls,200,283136,aef3cb4930a1f45020a250dd59f683d976b7020a2cd6e0e52d7bbfc9d6d93bf1,2026-09-14T14:14:11,12.09.25_NLDC_PSP.xls|13-09-2025|application/vnd.ms-excel
https://webcdn.grid-india.in/files/grdw/2025/09/13.09.25_NLDC_PSP_410.pdf,2025-26/13.09.25_NLDC_PSP_410.pdf,200,1740850,f63d180931a7bde6a8cc229f672caa5278085b218bcd101109a304f425606e9c,2026-09-14T14:14:13,13.09.25_NLDC_PSP.pdf|14-09-2025|application/pdf
https://webcdn.grid-india.in/files/grdw/2025/09/13.09.25_NLDC_PSP_208.xls,2025-26/13.09.25_NLDC_PSP_208.xls,200,283136,b4eddb1c0a8980b57c8e7906dc263f12b504f14b1a1b7ae74f0da83e7c5e74ce,2026-09-14T14:14:13,13.09.25_NLDC_PSP.xls|14-09-2025|application/vnd.ms-excel
https://webcdn.grid-india.in/files/grdw/2025/09/14.09.25_NLDC_PSP_956.xls,2025-26/14.09.25_NLDC_PSP_956.xls,200,284672,d17f9a23df73736221275fffe36f0bdca60765cf50c74a80a61a0eca880d62d3,2026-09-14T14:14:13,14.09.25_NLDC_PSP|15-09-2025|application/vnd.ms-excel
https://webcdn.grid-india.in/files/grdw/2025/09/15.09.25_NLDC_PSP_276.xls,2025-26/15.09.25_NLDC_PSP_276.xls,200,342016,7a025c815ea8258bcdab3f092296de37d750f235b88967848c787f3552e91406,2026-09-14T14:14:14,15.09.25_NLDC_PSP|16-09-2025|application/vnd.ms-excel
https://webcdn.grid-india.in/files/grdw/2025/09/16.09.25_NLDC_PSP_715.xls,2025-26/16.09.25_NLDC_PSP_715.xls,200,300032,1a13c13b70cd6e5399b832044d27cbec5e54749c65161844cc4ecfd43e25c4dc,2026-09-14T14:14:14,16.09.25_NLDC_PSP|17-09-2025|application/vnd.ms-excel
https://webcdn.grid-india.in/files/grdw/2025/09/17.09.25_NLDC_PSP_947.pdf,2025-26/17.09.25_NLDC_PSP_947.pdf,200,1740422,a7ea30e9783b6d608aff4741d2e3ebe51091ba669dc64c1b5b1a189b2386b579,2026-09-14T14:14:15,17.09.25_NLDC_PSP|18-09-2025|application/pdf
https://webcdn.grid-india.in/files/grdw/2025/09/17.09.25_NLDC_PSP_884.xls,2025-26/17.09.25_NLDC_PSP_884.xls,200,284160,e2ff35df55e70045ca5b334da997f450fc2d118eb3619f28489525bd8064e231,2026-09-14T14:14:16,17.09.25_NLDC_PSP.xls|18-09-2025|application/vnd.ms-excel
https://webcdn.grid-india.in/files/grdw/2025/09/18.09.25_NLDC_PSP_147.xls,2025-26/18.09.25_NLDC_PSP_147.xls,200,342016,cc45218ae02c4893ae93a682531fb09fa9d9bded0334a9429a85208d5cf9a84d,2026-09-14T14:14:16,18.09.25_NLDC_PSP|19-09-2025|application/vnd.ms-excel
https://webcdn.grid-india.in/files/grdw/2025/09/19.09.25_NLDC_PSP_680.pdf,2025-26/19.09.25_NLDC_PSP_680.pdf,200,1739354,db73c8905b38acfe601456a94cc73e4a5ca21da786af10e8fe52950924195d1d,2026-09-14T14:14:17,19.09.25_NLDC_PSP.pdf|20-09-2025|application/pdf
https://webcdn.grid-india.in/files/grdw/2025/09/19.09.25_NLDC_PSP_931.xls,2025-26/19.09.25_NLDC_PSP_931.xls,200,298496,42213e91eee96a2c34e7cd9c7e6ca92d037fb521c047ba170842d68c08ff8709,2026-09-14T14:14:17,19.09.25_NLDC_PSP.xls|20-09-2025|application/vnd.ms-excel
https://webcdn.grid-india.in/files/grdw/2025/09/20.09.25_NLDC_PSP_749.pdf,2025-26/20.09.25_NLDC_PSP_749.pdf,200,1739125,a402b663855bdd3bc8a4cf5f5b7b1a508a40dfe5d5425deada28e9187a563a1e,2026-09-14T14:14:19,20.09.25_NLDC_PSP.pdf|21-09-2025|application/pdf
https://webcdn.grid-india.in/files/grdw/2025/09/20.09.25_NLDC_PSP_615.xls,2025-26/20.09.25_NLDC_PSP_615.xls,200,288256,6f18d65594222292fbf23ebbe3a09e4144026e96e797729184369f21fb14d55b,2026-09-14T14:14:19,20.09.25_NLDC_PSP.xls|21-09-2025|application/vnd.ms-excel
https://webcdn.grid-india.in/files/grdw/2025/09/21.09.25_NLDC_PSP_635.xls,2025-26/21.09.25_NLDC_PSP_635.xls,200,284160,dba9d6b7feeab2c62963c7a7dcf76abe1c7666d1219d56f5079d603115c2896b,2026-09-14T14:14:19,21.09.25_NLDC_PSP|22-09-2025|application/vnd.ms-excel
https://webcdn.grid-india.in/files/grdw/2025/09/22.09.25_NLDC_PSP_495.xls,2025-26/22.09.25_NLDC_PSP_495.xls,200,489472,526cfbdbda12da2463a7ce4a7f311b1cafd6d4dc0adac54632b67bfffb9a2039,2026-09-14T14:14:20,22.09.25_NLDC_PSP|23-09-2025|application/vnd.ms-excel
https://webcdn.grid-india.in/files/grdw/2025/09/23.09.25_NLDC_PSP_479.xls,2025-26/23.09.25_NLDC_PSP_479.xls,200,300032,9bb72f50c8a4a706f30c7ed08dbe4626b5a08613bbef5dc4ddfc51b764284b81,2026-09-14T14:14:20,23.09.25_NLDC_PSP|24-09-2025|application/vnd.ms-excel
https://webcdn.grid-india.in/files/grdw/2025/09/24.09.25_NLDC_PSP_509.xls,2025-26/24.09.25_NLDC_PSP_509.xls,200,291328,42279e9de19ae55b46b0a9fb0560c4b1be96075538ba01b0eefaa6694729090b,2026-09-14T14:14:21,24.09.25_NLDC_PSP|25-09-2025|application/vnd.ms-excel
https://webcdn.grid-india.in/files/grdw/2025/09/25.09.25_NLDC_PSP_326.xls,2025-26/25.09.25_NLDC_PSP_326.xls,200,284672,41d0d6ebc5ff7b19e49b4517d18fd6d832d972bd277dd05e32c8bf39f74430de,2026-09-14T14:14:21,25.09.25_NLDC_PSP|26-09-2025|application/vnd.ms-excel
https://webcdn.grid-india.in/files/grdw/2025/09/26.09.25_NLDC_PSP_868.xls,2025-26/26.09.25_NLDC_PSP_868.xls,200,283136,134daf75cf8394caed570fc41dde603a17fa76cd3d9be6371e54225c0cd19b37,2026-09-14T14:14:22,26.09.25_NLDC_PSP|27-09-2025|application/vnd.ms-excel
https://webcdn.grid-india.in/files/grdw/2025/09/27.09.25_NLDC_PSP_120.pdf,2025-26/27.09.25_NLDC_PSP_120.pdf,200,1740569,d241252a9290bc8fa9da64c16cfe5f870eb23219a20882a8c43870b132c290a5,2026-09-14T14:14:23,27.09.25_NLDC_PSP.pdf|27-09-2025|application/pdf
https://webcdn.grid-india.in/files/grdw/2025/09/27.09.25_NLDC_PSP_961.xls,2025-26/27.09.25_NLDC_PSP_961.xls,200,283136,d33ef292b0d45c60b3f57334d3410a7b87c650d6a0a874eed357c563251ed3f0,2026-09-14T14:14:23,27.09.25_NLDC_PSP.xls|27-09-2025|application/vnd.ms-excel
https://webcdn.grid-india.in/files/grdw/2025/09/28.09.25_NLDC_PSP_832.pdf,2025-26/28.09.25_NLDC_PSP_832.pdf,200,1740768,3b90f2892264fef3bd9775d2ecec51a0772df06d38c4ca4a2a86996dcedfeb3a,2026-09-14T14:14:24,28.09.25_NLDC_PSP.pdf|28-09-2025|application/pdf
https://webcdn.grid-india.in/files/grdw/2025/09/28.09.25_NLDC_PSP_645.xls,2025-26/28.09.25_NLDC_PSP_645.xls,200,288256,540cf43c16ed4574bd750e009da6fbeb395dc5d4c30074a6dd4e1439d2df32bb,2026-09-14T14:14:24,28.09.25_NLDC_PSP.xls|28-09-2025|application/vnd.ms-excel
https://webcdn.grid-india.in/files/grdw/2025/09/29.09.25_NLDC_PSP_295.xls,2025-26/29.09.25_NLDC_PSP_295.xls,200,283136,2fc52dd5b4f45aa5f814dd06c15ab52e5c9cceee31fb85c21060fbce8b2ad79f,2026-09-14T14:14:25,29.09.25_NLDC_PSP|30-09-2025|application/vnd.ms-excel
https://webcdn.grid-india.in/files/grdw/2025/10/30.09.25_NLDC_PSP_675.xls,2025-26/30.09.25_NLDC_PSP_675.xls,200,283136,cdeb1f5178cc3a56a3a01dd5f33133c17d4e0afa97dbee89bcae0461f774d8e3,2026-09-14T14:14:25,30.09.25_NLDC_PSP|01-10-2025|application/vnd.ms-excel
https://webcdn.grid-india.in/files/grdw/2025/10/01.10.25_NLDC_PSP_903.xls,2025-26/01.10.25_NLDC_PSP_903.xls,200,342016,5c26b0a8572a7403d7ed759cc332c88e64d5d548552a6a0266d9a6f30ebbf86e,2026-09-14T14:14:26,01.10.25_NLDC_PSP|02-10-2025|application/vnd.ms-excel
https://webcdn.grid-india.in/files/grdw/2025/10/02.10.25_NLDC_PSP_573.xls,2025-26/02.10.25_NLDC_PSP_573.xls,200,337920,0f0a0820d43858209469be8292e9ec2f9908f0d2a2b524f89eb4ecf497de1c10,2026-09-14T14:14:27,02.10.25_NLDC_PSP|03-10-2025|application/vnd.ms-excel
https://webcdn.grid-india.in/files/grdw/2025/10/03.10.25_NLDC_PSP_103.xls,2025-26/03.10.25_NLDC_PSP_103.xls,200,284672,5d37f669d06727ace49bfab11cf90da44b0b2d2d005527734c5ea2b814da70f7,2026-09-14T14:14:27,03.10.25_NLDC_PSP|04-10-2025|application/vnd.ms-excel
https://webcdn.grid-india.in/files/grdw/2025/10/04.10.25_NLDC_PSP_736.xls,2025-26/04.10.25_NLDC_PSP_736.xls,200,284160,5fcbef703de3044a57383a163b22ee2e8ca5c2fdaa59330ba07a7255f656ef2c,2026-09-14T14:14:28,04.10.25_NLDC_PSP|05-10-2025|application/vnd.ms-excel
https://webcdn.grid-india.in/files/grdw/2025/10/05.10.25_NLDC_PSP_234.pdf,2025-26/05.10.25_NLDC_PSP_234.pdf,200,1739176,5cbc3853dc4b2d93d6c6b30c5d8e5cd637bb65d77d0d35f5242c7fc9330d5007,2026-09-14T14:14:29,05.10.25_NLDC_PSP.pdf|06-10-2025|application/pdf
https://webcdn.grid-india.in/files/grdw/2025/10/05.10.25_NLDC_PSP_770.xls,2025-26/05.10.25_NLDC_PSP_770.xls,200,283136,4ec10565007f7b54f2a7e361baf301ca0e24a0769d34183436f9e4672937104a,2026-09-14T14:14:29,05.10.25_NLDC_PSP.xls|06-10-2025|application/vnd.ms-excel
https://webcdn.grid-india.in/files/grdw/2025/10/06.10.25_NLDC_PSP_265.pdf,2025-26/06.10.25_NLDC_PSP_265.pdf,200,1739268,d3b809a19477d6ef1d8b3d0c64966aa30b78dcfd21c704c6e0c532be7c62f51e,2026-09-14T14:14:30,06.10.25_NLDC_PSP.pdf|07-10-2025|application/pdf
https://webcdn.grid-india.in/files/grdw/2025/10/06.10.25_NLDC_PSP_382.xls,2025-26/06.10.25_NLDC_PSP_382.xls,200,283136,b352908f689ba8ea428e5045f57220fc24a08a1c47d67dbf19a7f71e475ba47b,2026-09-14T14:14:31,06.10.25_NLDC_PSP.xls|07-10-2025|application/vnd.ms-excel
https://webcdn.grid-india.in/files/grdw/2025/10/07.10.25_NLDC_PSP_974.xls,2025-26/07.10.25_NLDC_PSP_974.xls,200,283136,da40485ee731a880195ca435eacb19b48de1fc3c90bbc088c0b6067418143269,2026-09-14T14:14:31,07.10.25_NLDC_PSP|08-10-2025|application/vnd.ms-excel
https://webcdn.grid-india.in/files/grdw/2025/10/08.10.25_NLDC_PSP_974.xls,2025-26/08.10.25_NLDC_PSP_974.xls,200,283136,a7c6753b7a30ec73222c01074fbe8a4d9806ed94ceb7ffd81d7d13c0bd8f48de,2026-09-14T14:14:32,08.10.25_NLDC_PSP|09-10-2025|application/vnd.ms-excel
https://webcdn.grid-india.in/files/grdw/2025/10/09.10.25_NLDC_PSP_758.xls,2025-26/09.10.25_NLDC_PSP_758.xls,200,342016,525d490ff8d2e878df1a35c479cfc91471122afd5c2836b32545ea05e4d620b9,2026-09-14T14:14:32,09.10.25_NLDC_PSP|10-10-2025|application/vnd.ms-excel
https://webcdn.grid-india.in/files/grdw/2025/10/10.10.25_NLDC_PSP_792.xls,2025-26/10.10.25_NLDC_PSP_792.xls,200,342016,3c1865b741784c30efee916775348919114fe362849ee34e03e393f80a5f78e3,2026-09-14T14:14:33,10.10.25_NLDC_PSP|11-10-2025|application/vnd.ms-excel
https://webcdn.grid-india.in/files/grdw/2025/10/11.10.25_NLDC_PSP_623.xls,2025-26/11.10.25_NLDC_PSP_623.xls,200,283136,6f0b59df035c491a13de8a6d51f717ed9b1efc612ae83a85f0ba2f8cf46b4899,2026-09-14T14:14:33,11.10.25_NLDC_PSP|12-10-2025|application/vnd.ms-excel
https://webcdn.grid-india.in/files/grdw/2025/10/12.10.25_NLDC_PSP_451.xls,2025-26/12.10.25_NLDC_PSP_451.xls,200,284160,348d999e253b465b074adcf325090dd916f0e860817f2f0ad7b39576d2e0b9a1,2026-09-14T14:14:34,12.10.25_NLDC_PSP|13-10-2025|application/vnd.ms-excel
https://webcdn.grid-india.in/files/grdw/2025/10/13.10.25_NLDC_PSP_159.xls,2025-26/13.10.25_NLDC_PSP_159.xls,200,283136,2fd2468dda31a4decff0fef1ae395c7f2cfa285d7c250ef3cdddc2dc659b8c1e,2026-09-14T14:14:34,13.10.25_NLDC_PSP|14-10-2025|application/vnd.ms-excel
https://webcdn.grid-india.in/files/grdw/2025/10/14.10.25_NLDC_PSP_130.pdf,2025-26/14.10.25_NLDC_PSP_130.pdf,200,1740582,f5152902b8dc01c9ee94203165e77440d62db091fce840075736fdc27dd7fb47,2026-09-14T14:14:35,14.10.25_NLDC_PSP.pdf|15-10-2025|application/pdf
https://webcdn.grid-india.in/files/grdw/2025/10/14.10.25_NLDC_PSP_336.xls,2025-26/14.10.25_NLDC_PSP_336.xls,200,283136,0be25aaa1bc3697f8bd9936f3099795c5559127f84b9083677f09aece9d2ca75,2026-09-14T14:14:36,14.10.25_NLDC_PSP.xls|15-10-2025|application/vnd.ms-excel
https://webcdn.grid-india.in/files/grdw/2025/10/15.10.25_NLDC_PSP_667.xls,2025-26/15.10.25_NLDC_PSP_667.xls,200,283136,b9d4fd71ff86110896e0cd7056aa05dcf166b6420a5f91fddd41f1c87c0811c6,2026-09-14T14:14:36,15.10.25_NLDC_PSP|16-10-2025|application/vnd.ms-excel
https://webcdn.grid-india.in/files/grdw/2025/10/16.10.25_NLDC_PSP_867.xls,2025-26/16.10.25_NLDC_PSP_867.xls,200,284160,3749b8c053d4dae8e52ffadd39554c870d8897cf51e3df2e96aee2524c2f643d,2026-09-14T14:14:37,16.10.25_NLDC_PSP|17-10-2025|application/vnd.ms-excel
https://webcdn.grid-india.in/files/grdw/2025/10/17.10.25_NLDC_PSP_242.xls,2025-26/17.10.25_NLDC_PSP_242.xls,200,342016,0e455f7b559ad5c83699ca7330afd3addff3df6d934e6274928665fee0f6286b,2026-09-14T14:14:37,17.10.25_NLDC_PSP|18-10-2025|application/vnd.ms-excel
https://webcdn.grid-india.in/files/grdw/2025/10/18.10.25_NLDC_PSP_233.xls,2025-26/18.10.25_NLDC_PSP_233.xls,200,283136,07bbbf3d6a51e09178005b2ab33761423890b6305f481f73edf501cab87dbee5,2026-09-14T14:14:38,18.10.25_NLDC_PSP|19-10-2025|application/vnd.ms-excel
https://webcdn.grid-india.in/files/grdw/2025/10/19.10.25_NLDC_PSP_747.xls,2025-26/19.10.25_NLDC_PSP_747.xls,200,283136,cfcc51f17db6540a21f714ad57c1ccf46a2b961c45d6527be07062aaefe0f86f,2026-09-14T14:14:38,19.10.25_NLDC_PSP|20-10-2025|application/vnd.ms-excel
https://webcdn.grid-india.in/files/grdw/2025/10/20.10.25_NLDC_PSP_631.xls,2025-26/20.10.25_NLDC_PSP_631.xls,200,284160,346d17c7aa22ed882af284ecb5f67a834ca23eb849f8a655ba3540486cb0abfc,2026-09-14T14:14:39,20.10.25_NLDC_PSP|21-10-2025|application/vnd.ms-excel
https://webcdn.grid-india.in/files/grdw/2025/10/21.10.25_NLDC_PSP_476.pdf,2025-26/21.10.25_NLDC_PSP_476.pdf,200,1738916,6fde7993e40ca91528794ddc20a6bd1e6ee142cbeecf63e6848e5699a8cce677,2026-09-14T14:14:40,21.10.25_NLDC_PSP.pdf|21-10-2025|application/pdf
https://webcdn.grid-india.in/files/grdw/2025/10/21.10.25_NLDC_PSP_670.xls,2025-26/21.10.25_NLDC_PSP_670.xls,200,283136,67ab48bda8cd94139460dab9b55490d97876797063220080af5b8b0612f7eaee,2026-09-14T14:14:40,21.10.25_NLDC_PSP.xls|21-10-2025|application/vnd.ms-excel
https://webcdn.grid-india.in/files/grdw/2025/10/22.10.25_NLDC_PSP_729.pdf,2025-26/22.10.25_NLDC_PSP_729.pdf,200,1738913,0309a0e0d13e17d55306d4a7045c97594c757693fedd8edd323d61381edac3e2,2026-09-14T14:14:41,22.10.25_NLDC_PSP.pdf|22-10-2025|application/pdf
https://webcdn.grid-india.in/files/grdw/2025/10/22.10.25_NLDC_PSP_539.xls,2025-26/22.10.25_NLDC_PSP_539.xls,200,283136,5b362e1af90ff411c3a63c02cae70c156d3b61a7c8090cb89906c30ef8186f3e,2026-09-14T14:14:41,22.10.25_NLDC_PSP.xls|22-10-2025|application/vnd.ms-excel
https://webcdn.grid-india.in/files/grdw/2025/10/23.10.25_NLDC_PSP_862.xls,2025-26/23.10.25_NLDC_PSP_862.xls,200,283136,34918269fd90f6c419f66688c99fc873ebeb1dac33bbeef9f5753566d9e3b32a,2026-09-14T14:14:42,23.10.25_NLDC_PSP|23-10-2025|application/vnd.ms-excel
https://webcdn.grid-india.in/files/grdw/2025/10/24.10.25_NLDC_PSP_107.xls,2025-26/24.10.25_NLDC_PSP_107.xls,200,283136,e5a619440393bbe735393175f4f61ecacf9edff30945017eedc07afe80410c42,2026-09-14T14:14:42,24.10.25_NLDC_PSP|24-10-2025|application/vnd.ms-excel
https://webcdn.grid-india.in/files/grdw/2025/10/25.10.25_NLDC_PSP_886.pdf,2025-26/25.10.25_NLDC_PSP_886.pdf,200,1738967,4421e34576b77d4da85aeb2a324f518dbe52d41f29d91308540044ca96a7f066,2026-09-14T14:14:43,25.10.25_NLDC_PSP.pdf|25-10-2025|application/pdf
https://webcdn.grid-india.in/files/grdw/2025/10/25.10.25_NLDC_PSP_244.xls,2025-26/25.10.25_NLDC_PSP_244.xls,200,283136,22162a34e1f8cbd25a2e0c5731797b8745ed2c020e127e6a4d918a89206c5aec,2026-09-14T14:14:44,25.10.25_NLDC_PSP.xls|25-10-2025|application/vnd.ms-excel
https://webcdn.grid-india.in/files/grdw/2025/10/26.10.25_NLDC_PSP_731.pdf,2025-26/26.10.25_NLDC_PSP_731.pdf,200,1739185,594be06d3b8ec66c5d5381dd0278b57a468936ad7c7bf47d20198a329a98e780,2026-09-14T14:14:45,26.10.25_NLDC_PSP.pdf|26-10-2025|application/pdf
https://webcdn.grid-india.in/files/grdw/2025/10/26.10.25_NLDC_PSP_773.xls,2025-26/26.10.25_NLDC_PSP_773.xls,200,283136,cc222fccb1e2d8437c776ffdefcddd0bf4ac6090813cd4435f2780eee6d85229,2026-09-14T14:14:45,26.10.25_NLDC_PSP.xls|26-10-2025|application/vnd.ms-excel
https://webcdn.grid-india.in/files/grdw/2025/10/27.10.25_NLDC_PSP_410.xls,2025-26/27.10.25_NLDC_PSP_410.xls,200,284672,c85b8e2b2dfd5eb401800f774c743d47b68f1322be1de93f4a56f7307f7cc45c,2026-09-14T14:14:45,27.10.25_NLDC_PSP|27-10-2025|application/vnd.ms-excel
https://webcdn.grid-india.in/files/grdw/2025/10/28.10.25_NLDC_PSP_725.xls,2025-26/28.10.25_NLDC_PSP_725.xls,200,284160,bd8ed0d43aaa87d12d9c2cfcec09999f548f547e89a69bd8b11ddc71e2286f4b,2026-09-14T14:14:46,28.10.25_NLDC_PSP|29-10-2025|application/vnd.ms-excel
https://webcdn.grid-india.in/files/grdw/2025/10/29.10.25_NLDC_PSP_937.xls,2025-26/29.10.25_NLDC_PSP_937.xls,200,286208,caf550e16315fdc61fb6fbf97562aec8652214ae227f951ccebbde66afb58794,2026-09-14T14:14:46,29.10.25_NLDC_PSP|29-10-2025|application/vnd.ms-excel
https://webcdn.grid-india.in/files/grdw/2025/10/30.10.25_NLDC_PSP_492.xls,2025-26/30.10.25_NLDC_PSP_492.xls,200,283136,7a382a6e0831e542c1aa8bfe1afe7b7f0e4636128f5259269ba5b31a93593b0a,2026-09-14T14:14:47,30.10.25_NLDC_PSP|30-10-2025|application/vnd.ms-excel
https://webcdn.grid-india.in/files/grdw/2025/11/01.11.25_NLDC_PSP_338.xls,2025-26/01.11.25_NLDC_PSP_338.xls,200,283136,e8f05da6643a9f560dc763161385efb7e2692acb26a0d37a95a6de08791b0574,2026-09-14T14:14:48,01.11.25_NLDC_PSP|01-11-2025|application/vnd.ms-excel
https://webcdn.grid-india.in/files/grdw/2025/11/02.11.25_NLDC_PSP_722.xls,2025-26/02.11.25_NLDC_PSP_722.xls,200,300032,f41c2ff6942eedb2efc0e572554ee1b12514d0c70fc8b3fcf4876422aa075748,2026-09-14T14:14:48,02.11.25_NLDC_PSP|03-11-2025|application/vnd.ms-excel
https://webcdn.grid-india.in/files/grdw/2025/11/03.11.25_NLDC_PSP_609.xls,2025-26/03.11.25_NLDC_PSP_609.xls,200,300032,8a620eacbc959ef10f7d0bc306ad675b9a1f05af2ce53a339b571c531fbe092c,2026-09-14T14:14:49,03.11.25_NLDC_PSP|04-11-2025|application/vnd.ms-excel
https://webcdn.grid-india.in/files/grdw/2025/11/04.11.25_NLDC_PSP_714.xls,2025-26/04.11.25_NLDC_PSP_714.xls,200,284160,5fd841fe9bed4623ffa2a68d718dd253621f756c872bbb8788ea13b2b9c714c1,2026-09-14T14:14:50,04.11.25_NLDC_PSP|05-11-2025|application/vnd.ms-excel
https://webcdn.grid-india.in/files/grdw/2025/11/05.11.25_NLDC_PSP_337.xls,2025-26/05.11.25_NLDC_PSP_337.xls,200,284672,8aa9bdc35d0532bdc32ca51a1f097e9a3d88f6c29f9552b60bcae031d4aa6e81,2026-09-14T14:14:50,05.11.25_NLDC_PSP|06-11-2025|application/vnd.ms-excel
https://webcdn.grid-india.in/files/grdw/2025/11/06.11.25_NLDC_PSP_498.xls,2025-26/06.11.25_NLDC_PSP_498.xls,200,283136,c90d039119e150758e6a9bcbb3faf3ad1887270124f6ef07db2ee0798880f4d9,2026-09-14T14:14:51,06.11.25_NLDC_PSP|07-11-2025|application/vnd.ms-excel
https://webcdn.grid-india.in/files/grdw/2025/11/06.11.25_NLDC_PSP_200.pdf,2025-26/06.11.25_NLDC_PSP_200.pdf,200,2139208,36520bff85a488ec53f6105b50207a52d30e3d9b9026ee1d2baef8706765e710,2026-09-14T14:14:52,06.11.25_NLDC_PSP.pdf|06-11-2025|application/pdf
https://webcdn.grid-india.in/files/grdw/2025/11/07.11.25_NLDC_PSP_915.pdf,2025-26/07.11.25_NLDC_PSP_915.pdf,200,1740417,4c4134d6608ad396ff9447f1e198101645d76ab293666aee470783a75215e2fb,2026-09-14T14:14:53,07.11.25_NLDC_PSP.pdf|07-11-2025|application/pdf
https://webcdn.grid-india.in/files/grdw/2025/11/07.11.25_NLDC_PSP_938.xls,2025-26/07.11.25_NLDC_PSP_938.xls,200,283136,ca84e685c5ca989d224dc9f1cc9730bc38fec4ead647525a53816ed7079379c7,2026-09-14T14:14:53,07.11.25_NLDC_PSP.xls|07-11-2025|application/vnd.ms-excel
https://webcdn.grid-india.in/files/grdw/2025/11/08.11.25_NLDC_PSP_694.xls,2025-26/08.11.25_NLDC_PSP_694.xls,200,284160,37cf70512e7039e57a151e2af68df68f740d8756250135e890df3173a7e2b534,2026-09-14T14:14:54,08.11.25_NLDC_PSP|09-11-2025|application/vnd.ms-excel
https://webcdn.grid-india.in/files/grdw/2025/11/09.11.25_NLDC_PSP_684.xls,2025-26/09.11.25_NLDC_PSP_684.xls,200,284160,66b7202649ae89ac81eff050588cb9623e012481f06735b2cc3fb532327db771,2026-09-14T14:14:54,09.11.25_NLDC_PSP|10-11-2025|application/vnd.ms-excel
https://webcdn.grid-india.in/files/grdw/2025/11/10.11.25_NLDC_PSP_336.pdf,2025-26/10.11.25_NLDC_PSP_336.pdf,200,2098537,a3ca3a62e6477972fb02c3a5188d1a3fdd116a473557d5438cac5abefb6f051b,2026-09-14T14:14:55,10.11.25_NLDC_PSP|11-11-2025|application/pdf
https://webcdn.grid-india.in/files/grdw/2025/11/11.11.25_NLDC_PSP_680.xls,2025-26/11.11.25_NLDC_PSP_680.xls,200,295424,405e557aaf0f3d74b55ff45aa08533ecd2a13029650a9b460304e342c2aa8bcf,2026-09-14T14:14:56,11.11.25_NLDC_PSP|12-11-2025|application/vnd.ms-excel
https://webcdn.grid-india.in/files/grdw/2025/11/12.11.25_NLDC_PSP_491.xls,2025-26/12.11.25_NLDC_PSP_491.xls,200,283136,84b2c1058b87d0ed10287c1d1fe3f0478a63f8b989bacf01caa2323cb854b41a,2026-09-14T14:14:56,12.11.25_NLDC_PSP|13-11-2025|application/vnd.ms-excel
https://webcdn.grid-india.in/files/grdw/2025/11/13.11.25_NLDC_PSP_474.xls,2025-26/13.11.25_NLDC_PSP_474.xls,200,283136,27b05611787a929bbaba2419cb3e19a5bb45c3e28c2904a1a6c6a0eca4c5e469,2026-09-14T14:14:57,13.11.25_NLDC_PSP|14-11-2025|application/vnd.ms-excel
https://webcdn.grid-india.in/files/grdw/2025/11/14.11.25_NLDC_PSP_736.pdf,2025-26/14.11.25_NLDC_PSP_736.pdf,200,2100871,cdd2a861ed1dd870b07641bfe7dd2f066ced16102ea716def995145a219c1244,2026-09-14T14:14:58,14.11.25_NLDC_PSP.pdf|15-11-2025|application/pdf
https://webcdn.grid-india.in/files/grdw/2025/11/14.11.25_NLDC_PSP_658.xls,2025-26/14.11.25_NLDC_PSP_658.xls,200,284672,1427ae6365827b67ef02a3f4e5cc33c6e40c30ea87fd75bf223c085e8fc1b335,2026-09-14T14:14:58,14.11.25_NLDC_PSP.xls|15-11-2025|application/vnd.ms-excel
https://webcdn.grid-india.in/files/grdw/2025/11/15.11.25_NLDC_PSP_593.pdf,2025-26/15.11.25_NLDC_PSP_593.pdf,200,1739254,cf8c94ef3530a7971a32389af117c00301da730e4311e2906352e0f92a63426d,2026-09-14T14:15:00,15.11.25_NLDC_PSP.pdf|15-11-2025|application/pdf
https://webcdn.grid-india.in/files/grdw/2025/11/15.11.25_NLDC_PSP_612.xls,2025-26/15.11.25_NLDC_PSP_612.xls,200,283136,5eac57424e9647b70433d51ab579c474a314ae905f65bb4a03d6385ce2e18880,2026-09-14T14:15:00,15.11.25_NLDC_PSP.xls|15-11-2025|application/vnd.ms-excel
https://webcdn.grid-india.in/files/grdw/2025/11/16.11.25_NLDC_PSP_830.xls,2025-26/16.11.25_NLDC_PSP_830.xls,200,283136,cc68e5170b8bd67c749cface3e994e3fffb607b65a837933302abb6042155da7,2026-09-14T14:15:00,16.11.25_NLDC_PSP|16-11-2025|application/vnd.ms-excel
https://webcdn.grid-india.in/files/grdw/2025/11/17.11.25_NLDC_PSP_217.xls,2025-26/17.11.25_NLDC_PSP_217.xls,200,282624,e384bab136fd5d212616b2213f79281bfd610bed5a1f4997139e45556ab25360,2026-09-14T14:15:01,17.11.25_NLDC_PSP|17-11-2025|application/vnd.ms-excel
https://webcdn.grid-india.in/files/grdw/2025/11/18.11.25_NLDC_PSP_285.xls,2025-26/18.11.25_NLDC_PSP_285.xls,200,283136,2573e81849cda7582253a2c34b19c8fd3d093df44cae2d66e969c43c78de27c8,2026-09-14T14:15:01,18.11.25_NLDC_PSP|19-11-2025|application/vnd.ms-excel
https://webcdn.grid-india.in/files/grdw/2025/11/19.11.25_NLDC_PSP_365.xls,2025-26/19.11.25_NLDC_PSP_365.xls,200,300032,88843bff243bfe19be61bb8d326a1bc3f7c8344154d292dde471716627208231,2026-09-14T14:15:02,19.11.25_NLDC_PSP|20-11-2025|application/vnd.ms-excel
https://webcdn.grid-india.in/files/grdw/2025/11/20.11.25_NLDC_PSP_467.xls,2025-26/20.11.25_NLDC_PSP_467.xls,200,284672,1014541ae54f6f181722642977999be40eec5726e08a046e3b899817a1767c0e,2026-09-14T14:15:02,20.11.25_NLDC_PSP|21-11-2025|application/vnd.ms-excel
https://webcdn.grid-india.in/files/grdw/2025/12/21.11.25_NLDC_PSP_851.xls,2025-26/21.11.25_NLDC_PSP_851.xls,200,306688,a4efb1357dbe7956b0b2ae099747e8f2fb35396b73b8ba165e8623458f4fe9d7,2026-09-14T14:15:03,21.11.25_NLDC_PSP|22-11-2025|application/vnd.ms-excel
https://webcdn.grid-india.in/files/grdw/2025/11/22.11.25_NLDC_PSP_509.pdf,2025-26/22.11.25_NLDC_PSP_509.pdf,200,1739373,ed4bd4e31e099b12bf9b69b96ea5e5dec1b6fcb87a6e04ef244b1a9b0716a3ac,2026-09-14T14:15:04,22.11.25_NLDC_PSP.pdf|23-11-2025|application/pdf
https://webcdn.grid-india.in/files/grdw/2025/11/22.11.25_NLDC_PSP_687.xls,2025-26/22.11.25_NLDC_PSP_687.xls,200,284160,642da50513716d8289d7f213657cdadffb2b140a410ebac192ca48a78c20fdd3,2026-09-14T14:15:04,22.11.25_NLDC_PSP.xls|23-11-2025|application/vnd.ms-excel
https://webcdn.grid-india.in/files/grdw/2025/12/23.11.25_NLDC_PSP_136.xls,2025-26/23.11.25_NLDC_PSP_136.xls,200,306176,347fd6e826c5a5307f922af9b9b31776fc6788ee47045524ed8e048cdf58fc98,2026-09-14T14:15:05,23.11.25_NLDC_PSP|24-11-2025|application/vnd.ms-excel
https://webcdn.grid-india.in/files/grdw/2025/11/24.11.25_NLDC_PSP_321.xls,2025-26/24.11.25_NLDC_PSP_321.xls,200,284160,23a4c43ee7aee2e05398c2ac0e02ce7e817d2224a3040b3dea39b1060ada37be,2026-09-14T14:15:05,24.11.25_NLDC_PSP|25-11-2025|application/vnd.ms-excel
https://webcdn.grid-india.in/files/grdw/2025/11/25.11.25_NLDC_PSP_677.xls,2025-26/25.11.25_NLDC_PSP_677.xls,200,284160,d306d4fc41b7a2202952b31b3e02492dbdbc48dc40fcdf237db9fbb316c2bdcb,2026-09-14T14:15:06,25.11.25_NLDC_PSP|26-11-2025|application/vnd.ms-excel
https://webcdn.grid-india.in/files/grdw/2025/12/26.11.25_NLDC_PSP_998.xls,2025-26/26.11.25_NLDC_PSP_998.xls,200,306176,3a48f55c451f236ac5f146f21802c6f4dda1f3c971fdc66656c0d275511340fb,2026-09-14T14:15:06,26.11.25_NLDC_PSP|27-11-2025|application/vnd.ms-excel
https://webcdn.grid-india.in/files/grdw/2025/11/27.11.25_NLDC_PSP_490.xls,2025-26/27.11.25_NLDC_PSP_490.xls,200,300032,0c8f214faacea63ca7de6ff699b673ac6e458994014a6e888ff7818020a9020d,2026-09-14T14:15:07,27.11.25_NLDC_PSP|28-11-2025|application/vnd.ms-excel
https://webcdn.grid-india.in/files/grdw/2025/11/28.11.25_NLDC_PSP_501.xls,2025-26/28.11.25_NLDC_PSP_501.xls,200,283136,cce3632a4ef65d54dc848f69c783a76ad4c3da12057fde341f46a93714596bf5,2026-09-14T14:15:07,28.11.25_NLDC_PSP|29-11-2025|application/vnd.ms-excel
https://webcdn.grid-india.in/files/grdw/2025/11/29.11.25_NLDC_PSP_833.xls,2025-26/29.11.25_NLDC_PSP_833.xls,200,283136,589a798ba380700fabfbd3b55d14d325ae9ae0d5f16e2d52b003fad62012b9d2,2026-09-14T14:15:08,29.11.25_NLDC_PSP|30-11-2025|application/vnd.ms-excel
https://webcdn.grid-india.in/files/grdw/2025/11/31.10.25_NLDC_PSP_389.xls,2025-26/31.10.25_NLDC_PSP_389.xls,200,284160,53508117c241b0d20c9ccabe2048ee038e225beb4bc0dacd15050ec9abc83b96,2026-09-14T14:15:09,31.10.25_NLDC_PSP|01-11-2025|application/vnd.ms-excel
https://webcdn.grid-india.in/files/grdw/2025/12/01.12.25_NLDC_PSP_869.xls,2025-26/01.12.25_NLDC_PSP_869.xls,200,283136,dff8064a9ea43a994d0a2f0a45fe834da39dc223204e924b40c268a8a6d0d131,2026-09-14T14:15:10,01.12.25_NLDC_PSP|02-12-2025|application/vnd.ms-excel
https://webcdn.grid-india.in/files/grdw/2025/12/02.12.25_NLDC_PSP_125.xls,2025-26/02.12.25_NLDC_PSP_125.xls,200,284160,a15492abc8fcd018cdea8509cd574a0e4602c0b497bfa0f3e0d014f0537d7ed3,2026-09-14T14:15:10,02.12.25_NLDC_PSP|03-12-2025|application/vnd.ms-excel
https://webcdn.grid-india.in/files/grdw/2025/12/03.12.25_NLDC_PSP_612.xls,2025-26/03.12.25_NLDC_PSP_612.xls,200,284672,68d91b4711b13dc91ef26f40dcae38791854d19ca3b6986ed47316bb7bcbfd90,2026-09-14T14:15:10,03.12.25_NLDC_PSP|04-12-2025|application/vnd.ms-excel
https://webcdn.grid-india.in/files/grdw/2025/12/04.12.25_NLDC_PSP_740.xls,2025-26/04.12.25_NLDC_PSP_740.xls,200,342016,d24a6eed6b86dc00de289119a1b8afae5e54b3ca887f4df8cec2aedd5afe4449,2026-09-14T14:15:11,04.12.25_NLDC_PSP|05-12-2025|application/vnd.ms-excel
https://webcdn.grid-india.in/files/grdw/2025/12/05.12.25_NLDC_PSP_163.xls,2025-26/05.12.25_NLDC_PSP_163.xls,200,342016,eb0fc99e71daf5c4ee74e0e4d3a161031ebd8dc4c4e87a939818d2562ee2c5ac,2026-09-14T14:15:12,05.12.25_NLDC_PSP|06-12-2025|application/vnd.ms-excel
https://webcdn.grid-india.in/files/grdw/2025/12/06.12.25_NLDC_PSP_950.xls,2025-26/06.12.25_NLDC_PSP_950.xls,200,284672,f57e2b6b65a23bf3c1c64db76b75bac5558746eb40b7e0dc804e615647949eb0,2026-09-14T14:15:12,06.12.25_NLDC_PSP|07-12-2025|application/vnd.ms-excel
https://webcdn.grid-india.in/files/grdw/2025/12/07.12.25_NLDC_PSP_569.xls,2025-26/07.12.25_NLDC_PSP_569.xls,200,284672,c8f992a8b8d7713489bdfc0c652ac7e2e21a6788062746c0b96838b2ce9ea1a8,2026-09-14T14:15:13,07.12.25_NLDC_PSP|08-12-2025|application/vnd.ms-excel
https://webcdn.grid-india.in/files/grdw/2025/12/08.12.25_NLDC_PSP_988.xls,2025-26/08.12.25_NLDC_PSP_988.xls,200,283136,9f6e16c2ccecfed8ab570fb0190aa28f36293fca3d1d702c5d99eb44b5ef4c1d,2026-09-14T14:15:13,08.12.25_NLDC_PSP|09-12-2025|application/vnd.ms-excel
https://webcdn.grid-india.in/files/grdw/2025/12/08.12.25_NLDC_PSP_506.pdf,2025-26/08.12.25_NLDC_PSP_506.pdf,200,1741046,aa34091bc756cac9e19b7428170e7d4bcab81213a9cb73b1958447b4f53389ce,2026-09-14T14:15:14,08.12.25_NLDC_PSP.pdf|09-12-2025|application/pdf
https://webcdn.grid-india.in/files/grdw/2025/12/09.12.25_NLDC_PSP_250.pdf,2025-26/09.12.25_NLDC_PSP_250.pdf,200,1739681,768d6284ad145ed55379924f0ab81153373e69eaf04a02f7ac47ac1d62f0ab40,2026-09-14T14:15:15,09.12.25_NLDC_PSP.pdf|10-12-2025|application/pdf
https://webcdn.grid-india.in/files/grdw/2025/12/09.12.25_NLDC_PSP_332.xls,2025-26/09.12.25_NLDC_PSP_332.xls,200,283136,f30d1c061054bd6920d820ee65f823f5340a3b492ba0458b9130ca74619186d3,2026-09-14T14:15:15,09.12.25_NLDC_PSP.xls|10-12-2025|application/vnd.ms-excel
https://webcdn.grid-india.in/files/grdw/2025/12/10.12.25_NLDC_PSP_142.xls,2025-26/10.12.25_NLDC_PSP_142.xls,200,283136,598dc9509d23c9fe0af82811d752942556af99f1452ef9895f8b395fe6157efd,2026-09-14T14:15:16,10.12.25_NLDC_PSP|10-12-2025|application/vnd.ms-excel
https://webcdn.grid-india.in/files/grdw/2025/12/11.12.25_NLDC_PSP_699.xls,2025-26/11.12.25_NLDC_PSP_699.xls,200,283136,4d8b03fd76f7d5b3eb0ed98180a31e3477b47bb6e2502c34c4204e56a493c039,2026-09-14T14:15:16,11.12.25_NLDC_PSP|11-12-2025|application/vnd.ms-excel
https://webcdn.grid-india.in/files/grdw/2025/12/12.12.25_NLDC_PSP_887.xls,2025-26/12.12.25_NLDC_PSP_887.xls,200,342016,0d283720c8890b686b90df41ab48bbba6c591a81ef8035898af7845ee248af26,2026-09-14T14:15:17,12.12.25_NLDC_PSP|13-12-2025|application/vnd.ms-excel
https://webcdn.grid-india.in/files/grdw/2025/12/13.12.25_NLDC_PSP_796.xls,2025-26/13.12.25_NLDC_PSP_796.xls,200,342528,24ef42cef639ac2c870a0253f3c629a0ee2fa007ceb4f51cb3c2dbca369b36de,2026-09-14T14:15:17,13.12.25_NLDC_PSP|14-12-2025|application/vnd.ms-excel
https://webcdn.grid-india.in/files/grdw/2025/12/14.12.25_NLDC_PSP_375.xls,2025-26/14.12.25_NLDC_PSP_375.xls,200,284160,6d4b83406097e999b61b9fd46226b28bd02770f7e70f9e9b38c000dac6f1c653,2026-09-14T14:15:18,14.12.25_NLDC_PSP|15-12-2025|application/vnd.ms-excel
https://webcdn.grid-india.in/files/grdw/2025/12/15.12.25_NLDC_PSP_593.xls,2025-26/15.12.25_NLDC_PSP_593.xls,200,284672,baa97e6aaa79ce5007b4be6bfd587a06ebf6c4d658de213cc1d353c2c91e4811,2026-09-14T14:15:18,15.12.25_NLDC_PSP|16-12-2025|application/vnd.ms-excel
https://webcdn.grid-india.in/files/grdw/2025/12/16.12.25_NLDC_PSP_805.xls,2025-26/16.12.25_NLDC_PSP_805.xls,200,283136,9b0ff6dda03cb32cd78818da1597e92e138dbb8c270c175c8421ae59bce61778,2026-09-14T14:15:19,16.12.25_NLDC_PSP|16-12-2025|application/vnd.ms-excel
https://webcdn.grid-india.in/files/grdw/2025/12/17.12.25_NLDC_PSP_258.xls,2025-26/17.12.25_NLDC_PSP_258.xls,200,283136,e610614603ce4978fca04f31f9754ebb4ee694186451c796c1801186ddd42957,2026-09-14T14:15:19,17.12.25_NLDC_PSP|17-12-2025|application/vnd.ms-excel
https://webcdn.grid-india.in/files/grdw/2025/12/18.12.25_NLDC_PSP_386.xls,2025-26/18.12.25_NLDC_PSP_386.xls,200,283136,58acbee7f6e315d23be50ef766cf96df8a67af2dd84a92c64acbc5b013205114,2026-09-14T14:15:20,18.12.25_NLDC_PSP|18-12-2025|application/vnd.ms-excel
https://webcdn.grid-india.in/files/grdw/2025/12/19.12.25_NLDC_PSP_625.xls,2025-26/19.12.25_NLDC_PSP_625.xls,200,300032,5e4033b141cddb97ea551e7bd5c498830db643251cdc3eb3ec01d9988b556e82,2026-09-14T14:15:20,19.12.25_NLDC_PSP|20-12-2025|application/vnd.ms-excel
https://webcdn.grid-india.in/files/grdw/2026/03/20.12.25_NLDC_PSP_858.xls,2025-26/20.12.25_NLDC_PSP_858.xls,200,284160,49919a1f77172aaa119242fed9377715e6cdf9ac9780e7c70fd3d33d58f6f333,2026-09-14T14:15:21,20.12.25_NLDC_PSP|21-12-2025|application/vnd.ms-excel
https://webcdn.grid-india.in/files/grdw/2025/12/21.12.25_NLDC_PSP_284.xls,2025-26/21.12.25_NLDC_PSP_284.xls,200,300032,d977b80ad069dc0d7c2d59199ac1c72d5b71f2c517a9b7cd61f11958f421f9a6,2026-09-14T14:15:21,21.12.25_NLDC_PSP|22-12-2025|application/vnd.ms-excel
https://webcdn.grid-india.in/files/grdw/2025/12/22.12.25_NLDC_PSP_117.xls,2025-26/22.12.25_NLDC_PSP_117.xls,200,284672,fd5f3c85587a2f340150f6a64c443e5e75285285f05c80c916fac89f59382b62,2026-09-14T14:15:22,22.12.25_NLDC_PSP|23-12-2025|application/vnd.ms-excel
https://webcdn.grid-india.in/files/grdw/2025/12/23.12.25_NLDC_PSP_326.xls,2025-26/23.12.25_NLDC_PSP_326.xls,200,284160,b2eff317b61a0a6da315cc2ede3806eb2053c840694a916788efd03d6b7bd48b,2026-09-14T14:15:22,23.12.25_NLDC_PSP|24-12-2025|application/vnd.ms-excel
https://webcdn.grid-india.in/files/grdw/2025/12/24.12.25_NLDC_PSP_640.xls,2025-26/24.12.25_NLDC_PSP_640.xls,200,284160,26707c3cede854db980e1d5fb96107a0f02230e0e47846094b6903ea1b7e54a3,2026-09-14T14:15:23,24.12.25_NLDC_PSP|25-12-2025|application/vnd.ms-excel
https://webcdn.grid-india.in/files/grdw/2025/12/25.12.25_NLDC_PSP_696.xls,2025-26/25.12.25_NLDC_PSP_696.xls,200,284160,108b76262431539ac92acf1ae496a23983ccdcceec5b131f3832b5f0c904016a,2026-09-14T14:15:23,25.12.25_NLDC_PSP|26-12-2025|application/vnd.ms-excel
https://webcdn.grid-india.in/files/grdw/2025/12/26.12.25_NLDC_PSP_978.xls,2025-26/26.12.25_NLDC_PSP_978.xls,200,283136,6f1f9aa8ff1a2827eb9d080d2bf3876ea01989fbae421265f6ab096690c57c6f,2026-09-14T14:15:24,26.12.25_NLDC_PSP|26-12-2025|application/vnd.ms-excel
https://webcdn.grid-india.in/files/grdw/2025/12/27.12.25_NLDC_PSP_723.xls,2025-26/27.12.25_NLDC_PSP_723.xls,200,284160,00e14dfb416a8eeab78fc0e5a1ac4abcf2a76f28dc7f81216f5dc017aa018ed6,2026-09-14T14:15:24,27.12.25_NLDC_PSP|27-12-2025|application/vnd.ms-excel
https://webcdn.grid-india.in/files/grdw/2025/12/28.12.25_NLDC_PSP_405.xls,2025-26/28.12.25_NLDC_PSP_405.xls,200,284672,8c96e9a9d6dbee970a388b3af51d428b457836a2f674cdef7f6e3881b6bbf19c,2026-09-14T14:15:25,28.12.25_NLDC_PSP|28-12-2025|application/vnd.ms-excel
https://webcdn.grid-india.in/files/grdw/2025/12/29.12.25_NLDC_PSP_952.pdf,2025-26/29.12.25_NLDC_PSP_952.pdf,200,1739571,f30a883e183144152fd968c2fbf66dfa9b006838a1ca0e87b7e29e765283f833,2026-09-14T14:15:26,29.12.25_NLDC_PSP.pdf|29-12-2025|application/pdf
https://webcdn.grid-india.in/files/grdw/2025/12/29.12.25_NLDC_PSP_289.xls,2025-26/29.12.25_NLDC_PSP_289.xls,200,283136,0031b0b2a5eeb70929abd52939e0e3a815be544d30ee5a349c3f1c5863d7d28a,2026-09-14T14:15:26,29.12.25_NLDC_PSP.xls|29-12-2025|application/vnd.ms-excel
https://webcdn.grid-india.in/files/grdw/2025/12/30.11.25_NLDC_PSP_634.xls,2025-26/30.11.25_NLDC_PSP_634.xls,200,283136,3c965f76457bca34a10537ef96833d2e79948f2fca7e4c3115e0921749120431,2026-09-14T14:15:27,30.11.25_NLDC_PSP|01-12-2025|application/vnd.ms-excel
https://webcdn.grid-india.in/files/grdw/2025/12/30.12.25_NLDC_PSP_143.xls,2025-26/30.12.25_NLDC_PSP_143.xls,200,284160,0bea5ba906bce2b0f50e18adfa0e32b8d2f1ccaa7e58ff6e169e7e547d69b60f,2026-09-14T14:15:27,30.12.25_NLDC_PSP|31-12-2025|application/vnd.ms-excel
https://webcdn.grid-india.in/files/grdw/2026/01/31.12.25_NLDC_PSP_998.xls,2025-26/31.12.25_NLDC_PSP_998.xls,200,283136,c8c4cad176889cdc8706306251ac48bd3aba26caec375c6a8290ee6f1f7834c8,2026-09-14T14:15:28,31.12.25_NLDC_PSP|01-01-2026|application/vnd.ms-excel
https://webcdn.grid-india.in/files/grdw/2026/01/01.01.26_NLDC_PSP_881.xls,2025-26/01.01.26_NLDC_PSP_881.xls,200,284160,3eebb717db1ed95426c59c3d05a532ed71237c594b6e0259749ea06879ed6f2a,2026-09-14T14:15:29,01.01.26_NLDC_PSP|02-01-2026|application/vnd.ms-excel
https://webcdn.grid-india.in/files/grdw/2026/01/02.01.26_NLDC_PSP_128.xls,2025-26/02.01.26_NLDC_PSP_128.xls,200,284672,041c8da237708d70c4e12800aef81250895f7dce4c5ee0cdb2966a4571f18685,2026-09-14T14:15:29,02.01.26_NLDC_PSP|03-01-2026|application/vnd.ms-excel
https://webcdn.grid-india.in/files/grdw/2026/01/03.01.26_NLDC_PSP_386.xls,2025-26/03.01.26_NLDC_PSP_386.xls,200,283136,de27c1d21726a475559b4cace1652ad9f68582b687dffaa7efdc8b0c58bd0277,2026-09-14T14:15:30,03.01.26_NLDC_PSP|03-01-2026|application/vnd.ms-excel
https://webcdn.grid-india.in/files/grdw/2026/01/04.01.26_NLDC_PSP_605.xls,2025-26/04.01.26_NLDC_PSP_605.xls,200,284160,bf87dd94434c03752bf37b0c4768cf2430cf74c960c01e441790ba5c312c67b2,2026-09-14T14:15:30,04.01.26_NLDC_PSP|04-01-2026|application/vnd.ms-excel
https://webcdn.grid-india.in/files/grdw/2026/02/04.02.26_NLDC_PSP_727.xls,2025-26/04.02.26_NLDC_PSP_727.xls,200,282624,dd9283ca694759fb2e998446d862241ea4ae16956954a4f9c79dc39f03630fde,2026-09-14T14:15:31,04.02.26_NLDC_PSP|05-02-2026|application/vnd.ms-excel
https://webcdn.grid-india.in/files/grdw/2026/01/05.01.26_NLDC_PSP_928.xls,2025-26/05.01.26_NLDC_PSP_928.xls,200,300032,fb7a3b92c46f411f7d6ad30c16c54fb9fe0e091ae8d3ea349688eead6acc8685,2026-09-14T14:15:31,05.01.26_NLDC_PSP|06-01-2026|application/vnd.ms-excel
https://webcdn.grid-india.in/files/grdw/2026/02/05.02.26_NLDC_PSP_904.xls,2025-26/05.02.26_NLDC_PSP_904.xls,200,282624,57ee27d4878f674a7f095d7334dc155f699db8e800cf18104173de97ff5a0e8e,2026-09-14T14:15:32,05.02.26_NLDC_PSP|06-02-2026|application/vnd.ms-excel
https://webcdn.grid-india.in/files/grdw/2026/01/06.01.26_NLDC_PSP_749.xls,2025-26/06.01.26_NLDC_PSP_749.xls,200,300032,b840e827918c403bc337e1a23422818019dfd868c39fa34e662b29d2302fa4a7,2026-09-14T14:15:32,06.01.26_NLDC_PSP|07-01-2026|application/vnd.ms-excel
https://webcdn.grid-india.in/files/grdw/2026/01/07.01.26_NLDC_PSP_236.xls,2025-26/07.01.26_NLDC_PSP_236.xls,200,284672,f12c9b30e019bf13c066e06834b2af49f011c3b1bc419af3ff8a0022d540de3a,2026-09-14T14:15:33,07.01.26_NLDC_PSP|08-01-2026|application/vnd.ms-excel
https://webcdn.grid-india.in/files/grdw/2026/01/08.01.26_NLDC_PSP_756.xls,2025-26/08.01.26_NLDC_PSP_756.xls,200,284160,0458cc0ace41c41e8ae298478f50d9ddd49db40b4df22c216d598bd8601ff55f,2026-09-14T14:15:33,08.01.26_NLDC_PSP|09-01-2026|application/vnd.ms-excel
https://webcdn.grid-india.in/files/grdw/2026/01/09.01.26_NLDC_PSP_825.xls,2025-26/09.01.26_NLDC_PSP_825.xls,200,282624,729cc02f8ac302e4272a8ec390b949b5be3a52259d2f04c1289090efa6270471,2026-09-14T14:15:34,09.01.26_NLDC_PSP|10-01-2026|application/vnd.ms-excel
https://webcdn.grid-india.in/files/grdw/2026/01/10.01.26_NLDC_PSP_659.xls,2025-26/10.01.26_NLDC_PSP_659.xls,200,284160,6e435c7d0d920e5839faad0340e46c102316d2dcd5746d38ef87adcfba2b4af2,2026-09-14T14:15:34,10.01.26_NLDC_PSP|11-01-2026|application/vnd.ms-excel
https://webcdn.grid-india.in/files/grdw/2026/01/11.01.26_NLDC_PSP_443.xls,2025-26/11.01.26_NLDC_PSP_443.xls,200,284160,982bfcf8315d29be8a202bfd7d58b261bbb5bf91fda1168b1247f0b7b60c17e3,2026-09-14T14:15:35,11.01.26_NLDC_PSP|12-01-2026|application/vnd.ms-excel
https://webcdn.grid-india.in/files/grdw/2026/01/12.01.26_NLDC_PSP_832.pdf,2025-26/12.01.26_NLDC_PSP_832.pdf,200,1738513,22f46eedd5298fcb5750f4c9b2f79a99099f519951678ca179e83257733acc22,2026-09-14T14:15:36,12.01.26_NLDC_PSP|13-01-2026|application/pdf
https://webcdn.grid-india.in/files/grdw/2026/01/12.01.26_NLDC_PSP_216.xls,2025-26/12.01.26_NLDC_PSP_216.xls,200,284160,8f7a9b6dfc80b5d16ce7b7769f188787cd85f919e90076bf41292fb0c9115b84,2026-09-14T14:15:36,12.01.26_NLDC_PSP.xls|13-01-2026|application/vnd.ms-excel
https://webcdn.grid-india.in/files/grdw/2026/01/13.01.26_NLDC_PSP_558.xls,2025-26/13.01.26_NLDC_PSP_558.xls,200,290816,85068b7c9717730d17266e81b008115c7b7bdf1f7ad3e1fd477e5a9f03178baa,2026-09-14T14:15:37,13.01.26_NLDC_PSP|14-01-2026|application/vnd.ms-excel
https://webcdn.grid-india.in/files/grdw/2026/01/14.01.26_NLDC_PSP_788.xls,2025-26/14.01.26_NLDC_PSP_788.xls,200,301056,90ab611baff7f5f9449e1366c9f6cab2bb70608e654c521df2d947ce4de9a3d1,2026-09-14T14:15:37,14.01.26_NLDC_PSP|15-01-2026|application/vnd.ms-excel
https://webcdn.grid-india.in/files/grdw/2026/01/15.01.26_NLDC_PSP_270.xls,2025-26/15.01.26_NLDC_PSP_270.xls,200,284160,ecac1fbeb0613e1a7ab66e3891417e3bd3df9ea7829dcaa9775de2c163ab637e,2026-09-14T14:15:38,15.01.26_NLDC_PSP|15-01-2026|application/vnd.ms-excel
https://webcdn.grid-india.in/files/grdw/2026/01/16.01.26_NLDC_PSP_440.xls,2025-26/16.01.26_NLDC_PSP_440.xls,200,284672,797b4c405a971bd06b8f9e188e344846f7038c9c6c0048b3e88525cd12378a18,2026-09-14T14:15:38,16.01.26_NLDC_PSP|17-01-2026|application/vnd.ms-excel
https://webcdn.grid-india.in/files/grdw/2026/01/17.01.26_NLDC_PSP_694.xls,2025-26/17.01.26_NLDC_PSP_694.xls,200,282624,bcea80f7259044e74e13ab335d37bc7c56e11408130e66658a759937ce34facf,2026-09-14T14:15:39,17.01.26_NLDC_PSP|18-01-2026|application/vnd.ms-excel
https://webcdn.grid-india.in/files/grdw/2026/01/18.01.26_NLDC_PSP_983.xls,2025-26/18.01.26_NLDC_PSP_983.xls,200,285696,b3e4c7ec969249550f023f81c09cd617b3004db890f848f5cefe429768cb60af,2026-09-14T14:15:39,18.01.26_NLDC_PSP|19-01-2026|application/vnd.ms-excel
https://webcdn.grid-india.in/files/grdw/2026/01/19.01.26_NLDC_PSP_709.xls,2025-26/19.01.26_NLDC_PSP_709.xls,200,285184,81afc0815334267fc3d4d5b36f160df0f429dbde489bfcf646ba6dc925b8739e,2026-09-14T14:15:40,19.01.26_NLDC_PSP|20-01-2026|application/vnd.ms-excel
https://webcdn.grid-india.in/files/grdw/2026/01/20.01.26_NLDC_PSP_328.xls,2025-26/20.01.26_NLDC_PSP_328.xls,200,300032,76835fe848dcb81b0b9bf1786a74d9acca0ab661aa1d97276eeacda7081b7d17,2026-09-14T14:15:40,20.01.26_NLDC_PSP|21-01-2026|application/vnd.ms-excel
https://webcdn.grid-india.in/files/grdw/2026/01/21.01.26_NLDC_PSP_173.xls,2025-26/21.01.26_NLDC_PSP_173.xls,200,300032,e88f8551930e0de4534cd73615ebf7e660781842608baf1caa5d2fe9cec06805,2026-09-14T14:15:41,21.01.26_NLDC_PSP|22-01-2026|application/vnd.ms-excel
https://webcdn.grid-india.in/files/grdw/2026/01/22.01.26_NLDC_PSP_641.xls,2025-26/22.01.26_NLDC_PSP_641.xls,200,300032,7fedf8e77b283e5839d9926417b50414f9ee9fb90f61e8ac39bcc73bc96b4ee4,2026-09-14T14:15:41,22.01.26_NLDC_PSP|23-01-2026|application/vnd.ms-excel
https://webcdn.grid-india.in/files/grdw/2026/01/23.01.26_NLDC_PSP_939.xls,2025-26/23.01.26_NLDC_PSP_939.xls,200,282624,89f547dba7f0b369e0509332dbda0633cf64fbe7a9ccd34b6c59e16970232daa,2026-09-14T14:15:42,23.01.26_NLDC_PSP|23-01-2026|application/vnd.ms-excel
https://webcdn.grid-india.in/files/grdw/2026/01/24.01.26_NLDC_PSP_129.xls,2025-26/24.01.26_NLDC_PSP_129.xls,200,284672,d598b6a6ed396d1bb8356db9627783450284b590744a4977cff2a0d1a5aa8b7e,2026-09-14T14:15:42,24.01.26_NLDC_PSP|25-01-2026|application/vnd.ms-excel
https://webcdn.grid-india.in/files/grdw/2026/01/25.01.26_NLDC_PSP_692.xls,2025-26/25.01.26_NLDC_PSP_692.xls,200,284160,4d9a19bf00d10bd91e0dfdb7b9f084cb93a1aa4b0aaf2b76fc28bbdae4ef0e91,2026-09-14T14:15:43,25.01.26_NLDC_PSP|26-01-2026|application/vnd.ms-excel
https://webcdn.grid-india.in/files/grdw/2026/01/26.01.26_NLDC_PSP_492.xls,2025-26/26.01.26_NLDC_PSP_492.xls,200,284160,fc9b106ceef9737313c5c1833fb943bd6bf34572b45a9876ccfda1719184328e,2026-09-14T14:15:43,26.01.26_NLDC_PSP|27-01-2026|application/vnd.ms-excel
https://webcdn.grid-india.in/files/grdw/2026/01/27.01.26_NLDC_PSP_813.xls,2025-26/27.01.26_NLDC_PSP_813.xls,200,284672,22b836f859b9c9a07d0c879feb949d8d84ca6ee564bc29c5df25e0187a6fdf41,2026-09-14T14:15:44,27.01.26_NLDC_PSP|28-01-2026|application/vnd.ms-excel
https://webcdn.grid-india.in/files/grdw/2026/01/28.01.26_NLDC_PSP_468.xls,2025-26/28.01.26_NLDC_PSP_468.xls,200,285184,be15f6399d91af750b759d989e9a2b45e608da810f0f8805cf4b9c6b698393ad,2026-09-14T14:15:44,28.01.26_NLDC_PSP|29-01-2026|application/vnd.ms-excel
https://webcdn.grid-india.in/files/grdw/2026/01/29.01.26_NLDC_PSP_368.xls,2025-26/29.01.26_NLDC_PSP_368.xls,200,291328,5a461eff3010238c051aafb2a63d56af8431ff41049f0bf3473782fd44b05cb5,2026-09-14T14:15:45,29.01.26_NLDC_PSP|30-01-2026|application/vnd.ms-excel
https://webcdn.grid-india.in/files/grdw/2026/01/30.01.26_NLDC_PSP_458.xls,2025-26/30.01.26_NLDC_PSP_458.xls,200,342016,5271317c237e24584639ef81a1dcc5dc594f15aad3c52599f3d77e3cba3f0fde,2026-09-14T14:15:45,30.01.26_NLDC_PSP|31-01-2026|application/vnd.ms-excel
https://webcdn.grid-india.in/files/grdw/2026/02/31.01.26_NLDC_PSP_154.xls,2025-26/31.01.26_NLDC_PSP_154.xls,200,284672,b6fad83515bfb0f1b44a0b5d1bd5a6a177e0366f616c50932d540acbb541f42a,2026-09-14T14:15:46,31.01.26_NLDC_PSP|31-01-2026|application/vnd.ms-excel
https://webcdn.grid-india.in/files/grdw/2026/02/01.02.26_NLDC_PSP_336.xls,2025-26/01.02.26_NLDC_PSP_336.xls,200,284672,e3d08db306de39de66a8f4795a6277d2012c8b31c3441bfb6f83e19cb214344b,2026-09-14T14:15:47,01.02.26_NLDC_PSP|02-02-2026|application/vnd.ms-excel
https://webcdn.grid-india.in/files/grdw/2026/02/02.02.26_NLDC_PSP_554.xls,2025-26/02.02.26_NLDC_PSP_554.xls,200,282624,8610614661be486e4c2749df4b2a905e0d65619b26a816d50ca8f20505347c0b,2026-09-14T14:15:47,02.02.26_NLDC_PSP|03-02-2026|application/vnd.ms-excel
https://webcdn.grid-india.in/files/grdw/2026/02/03.02.26_NLDC_PSP_865.xls,2025-26/03.02.26_NLDC_PSP_865.xls,200,282624,d47df57cbfac65f3ca8380b2cdeeeda4c3d9339fb9a378cdb670ffb1f80496c1,2026-09-14T14:15:48,03.02.26_NLDC_PSP|04-02-2026|application/vnd.ms-excel
https://webcdn.grid-india.in/files/grdw/2026/02/06.02.26_NLDC_PSP_494.xls,2025-26/06.02.26_NLDC_PSP_494.xls,200,342016,b0ccd84e887d37a0989022d5270543367cc48ce5407264ab92999433fb0a28c0,2026-09-14T14:15:48,06.02.26_NLDC_PSP|07-02-2026|application/vnd.ms-excel
https://webcdn.grid-india.in/files/grdw/2026/02/07.02.26_NLDC_PSP_301.xls,2025-26/07.02.26_NLDC_PSP_301.xls,200,342016,0bb0bd3bfbeb595e0aa89fc60035d7209cdec9e4c0890bd2e7e36902f58db04c,2026-09-14T14:15:49,07.02.26_NLDC_PSP|08-02-2026|application/vnd.ms-excel
https://webcdn.grid-india.in/files/grdw/2026/02/08.02.26_NLDC_PSP_228.xls,2025-26/08.02.26_NLDC_PSP_228.xls,200,284672,4dc02df629910390fe5a03290469b6d52ec01f6593a65cae65838485045db0d3,2026-09-14T14:15:49,08.02.26_NLDC_PSP|09-02-2026|application/vnd.ms-excel
https://webcdn.grid-india.in/files/grdw/2026/02/09.02.26_NLDC_PSP_196.xls,2025-26/09.02.26_NLDC_PSP_196.xls,200,284672,fa5defd7b0cf8b657c90f817d0d4ff2e08d5834bb212dd5834214f9ed8afe257,2026-09-14T14:15:50,09.02.26_NLDC_PSP|10-02-2026|application/vnd.ms-excel
https://webcdn.grid-india.in/files/grdw/2026/02/10.02.26_NLDC_PSP_397.xls,2025-26/10.02.26_NLDC_PSP_397.xls,200,284672,193f4d554fdafc7e0476d2d98c1bafdb0adb3cc30157f6681a7bfeb174735144,2026-09-14T14:15:50,10.02.26_NLDC_PSP|11-02-2026|application/vnd.ms-excel
https://webcdn.grid-india.in/files/grdw/2026/02/11.02.26_NLDC_PSP_193.xls,2025-26/11.02.26_NLDC_PSP_193.xls,200,284672,43871a83adad2a7e42766e47b3987ad8ce7af171b450166d49626f5b74c5d44f,2026-09-14T14:15:51,11.02.26_NLDC_PSP|12-02-2026|application/vnd.ms-excel
https://webcdn.grid-india.in/files/grdw/2026/02/12.02.26_NLDC_PSP_792.xls,2025-26/12.02.26_NLDC_PSP_792.xls,200,282624,d1c0fc818ed9a0aa9518ed07b423d7180ea3d13ff34299bfe6b204c008a66193,2026-09-14T14:15:51,12.02.26_NLDC_PSP|13-02-2026|application/vnd.ms-excel
https://webcdn.grid-india.in/files/grdw/2026/02/13.02.26_NLDC_PSP_947.xls,2025-26/13.02.26_NLDC_PSP_947.xls,200,283136,98ca4d13d9467543f2901c896170694364be59c746d28c48d74c56ef1fc15150,2026-09-14T14:15:52,13.02.26_NLDC_PSP|14-02-2026|application/vnd.ms-excel
https://webcdn.grid-india.in/files/grdw/2026/02/14.02.26_NLDC_PSP_360.xls,2025-26/14.02.26_NLDC_PSP_360.xls,200,301056,12173eaa315a5134dc81a0ec7561bbc32e690c8432bc0db4a038e02a25f0c34e,2026-09-14T14:15:52,14.02.26_NLDC_PSP|15-02-2026|application/vnd.ms-excel
https://webcdn.grid-india.in/files/grdw/2026/02/15.02.26_NLDC_PSP_521.xls,2025-26/15.02.26_NLDC_PSP_521.xls,200,301056,a4ad1d8d61f3ddd524dbbc171560c072a3c1e410abb77499adb8e1799f1ff905,2026-09-14T14:15:53,15.02.26_NLDC_PSP|16-02-2026|application/vnd.ms-excel
https://webcdn.grid-india.in/files/grdw/2026/02/16.02.26_NLDC_PSP_315.xls,2025-26/16.02.26_NLDC_PSP_315.xls,200,285696,58d5afc9e26d8c37ba10c5e4b5f6e5a65e97e272042d7724ff992c0bf6478498,2026-09-14T14:15:53,16.02.26_NLDC_PSP|17-02-2026|application/vnd.ms-excel
https://webcdn.grid-india.in/files/grdw/2026/02/17.02.26_NLDC_PSP_654.xls,2025-26/17.02.26_NLDC_PSP_654.xls,200,283136,23e7678c434e2542181b7df7203ffd3df3a20b50c3e63537bd92b307c19271aa,2026-09-14T14:15:54,17.02.26_NLDC_PSP|18-02-2026|application/vnd.ms-excel
https://webcdn.grid-india.in/files/grdw/2026/02/18.02.26_NLDC_PSP_482.xls,2025-26/18.02.26_NLDC_PSP_482.xls,200,283136,bc3ee1834d6cbb46c0699feff0aafc009888f483a6cf55d2ce4d1effe8538d06,2026-09-14T14:15:54,18.02.26_NLDC_PSP|19-02-2026|application/vnd.ms-excel
https://webcdn.grid-india.in/files/grdw/2026/02/19.02.26_NLDC_PSP_842.xls,2025-26/19.02.26_NLDC_PSP_842.xls,200,285696,15f0eedd03e0122f9bc76b831afec0e4663fb1d7d68b2d746623d70fe828766d,2026-09-14T14:15:55,19.02.26_NLDC_PSP|20-02-2026|application/vnd.ms-excel
https://webcdn.grid-india.in/files/grdw/2026/02/20.02.26_NLDC_PSP_196.xls,2025-26/20.02.26_NLDC_PSP_196.xls,200,285184,7d46f6e9c91c7f131f738a8a7817195a6566a4b1c0802a5abe8be1d40111bd33,2026-09-14T14:15:55,20.02.26_NLDC_PSP|20-02-2026|application/vnd.ms-excel
https://webcdn.grid-india.in/files/grdw/2026/02/21.02.26_NLDC_PSP_672.xls,2025-26/21.02.26_NLDC_PSP_672.xls,200,285696,c3c2bd45ee741f33dc7f81cd36744111948550542887f6195d64d443bf65a22d,2026-09-14T14:15:56,21.02.26_NLDC_PSP|21-02-2026|application/vnd.ms-excel
https://webcdn.grid-india.in/files/grdw/2026/02/22.02.26_NLDC_PSP_574.xls,2025-26/22.02.26_NLDC_PSP_574.xls,200,343552,1ec81258bbcbf0a24821d93c92c3ff377a86608e2eb94d745d5c9108db2a3dda,2026-09-14T14:15:56,22.02.26_NLDC_PSP|23-02-2026|application/vnd.ms-excel
https://webcdn.grid-india.in/files/grdw/2026/02/23.02.26_NLDC_PSP_160.xls,2025-26/23.02.26_NLDC_PSP_160.xls,200,343040,30499fd9c87c37814146fe39a17eddb801ea7f8841d9bd6872c2c82910ce4a9c,2026-09-14T14:15:57,23.02.26_NLDC_PSP|24-02-2026|application/vnd.ms-excel
https://webcdn.grid-india.in/files/grdw/2026/02/24.02.26_NLDC_PSP_573.xls,2025-26/24.02.26_NLDC_PSP_573.xls,200,285184,79529e2a51aae973309cd13015546abbb7932a4e8a0bd014bbcf98b1554768b9,2026-09-14T14:15:57,24.02.26_NLDC_PSP|25-02-2026|application/vnd.ms-excel
https://webcdn.grid-india.in/files/grdw/2026/02/25.02.26_NLDC_PSP_305.xls,2025-26/25.02.26_NLDC_PSP_305.xls,200,285696,60305533877519aa3145f10a8b8fecb76a1ebc53bebe56ed60d990877caeb1dc,2026-09-14T14:15:58,25.02.26_NLDC_PSP|26-02-2026|application/vnd.ms-excel
https://webcdn.grid-india.in/files/grdw/2026/02/26.02.26_NLDC_PSP_388.xls,2025-26/26.02.26_NLDC_PSP_388.xls,200,285696,ad35e0226b41e9366109c628685c80ed904883411f24939893b72dc319bea0da,2026-09-14T14:15:58,26.02.26_NLDC_PSP.XLS|26-02-2026|application/vnd.ms-excel
https://webcdn.grid-india.in/files/grdw/2026/02/26.02.26_NLDC_PSP_638.pdf,2025-26/26.02.26_NLDC_PSP_638.pdf,200,1663385,85a75ab83aa98fd86b21ef411be6143f44315608ef7e04c7edb4ebb5e04e4798,2026-09-14T14:16:00,26.02.26_NLDC_PSP.pdf|26-02-2026|application/pdf
https://webcdn.grid-india.in/files/grdw/2026/02/27.02.26_NLDC_PSP_352.xls,2025-26/27.02.26_NLDC_PSP_352.xls,200,285184,f2b2c2417125f326c49c3924b2f5946ef0f28ed38b4c4769c9571998e452dab1,2026-09-14T14:16:00,27.02.26_NLDC_PSP|27-02-2026|application/vnd.ms-excel
https://webcdn.grid-india.in/files/grdw/2026/03/28.02.26_NLDC_PSP_211.xls,2025-26/28.02.26_NLDC_PSP_211.xls,200,283136,a3be60e8e74b9831b2b51604b2397e5762bc78fb6beef0e48939ec913aafdd56,2026-09-14T14:16:00,28.02.26_NLDC_PSP|28-02-2026|application/vnd.ms-excel
https://webcdn.grid-india.in/files/grdw/2026/03/01.03.26_NLDC_PSP_140.xls,2025-26/01.03.26_NLDC_PSP_140.xls,200,285696,db1eae3b5cb76674431a6fcc21d37c6c78aa637984b03ee43099ccdfe0832f2e,2026-09-14T14:16:01,01.03.26_NLDC_PSP|01-03-2026|application/vnd.ms-excel
https://webcdn.grid-india.in/files/grdw/2026/03/02.03.26_NLDC_PSP_957.xls,2025-26/02.03.26_NLDC_PSP_957.xls,200,285696,ceb6fb33a08fa244b12067470db877165b131facfd9a133f52fd70f7a38b1ed5,2026-09-14T14:16:02,02.03.26_NLDC_PSP|03-03-2026|application/vnd.ms-excel
https://webcdn.grid-india.in/files/grdw/2026/03/03.03.26_NLDC_PSP_122.xls,2025-26/03.03.26_NLDC_PSP_122.xls,200,343552,9a24c8909b1da1fda63df12f52571c4ed252906998feaaec9575d3fa49aa8e8c,2026-09-14T14:16:02,03.03.26_NLDC_PSP|04-03-2026|application/vnd.ms-excel
https://webcdn.grid-india.in/files/grdw/2026/03/04.03.26_NLDC_PSP_183.xls,2025-26/04.03.26_NLDC_PSP_183.xls,200,285696,4fa8779e3c689bb1a12d6fec473e84eb8bed5a0ba2c32d873f97e1fbff2be582,2026-09-14T14:16:03,04.03.26_NLDC_PSP|05-03-2026|application/vnd.ms-excel
https://webcdn.grid-india.in/files/grdw/2026/03/05.03.26_NLDC_PSP_800.xls,2025-26/05.03.26_NLDC_PSP_800.xls,200,285696,3de86be9da2474b22ccf2823719deef4d62eb47899292732907f383b775da3a0,2026-09-14T14:16:03,05.03.26_NLDC_PSP|06-03-2026|application/vnd.ms-excel
https://webcdn.grid-india.in/files/grdw/2026/03/06.03.26_NLDC_PSP_121.xls,2025-26/06.03.26_NLDC_PSP_121.xls,200,285184,183aad883c24c942946b152eea9d082423084b7cec661328db873339041bf296,2026-09-14T14:16:04,06.03.26_NLDC_PSP|07-03-2026|application/vnd.ms-excel
https://webcdn.grid-india.in/files/grdw/2026/03/07.03.26_NLDC_PSP_146.xls,2025-26/07.03.26_NLDC_PSP_146.xls,200,283136,c80b8688fe0cede8359209f913be6fbc8d72b2f9fc0eb4d238ce1a9cfbc75df6,2026-09-14T14:16:04,07.03.26_NLDC_PSP|08-03-2026|application/vnd.ms-excel
https://webcdn.grid-india.in/files/grdw/2026/03/08.03.26_NLDC_PSP_246.xls,2025-26/08.03.26_NLDC_PSP_246.xls,200,285696,c06eb134cc73b2f0cc7f54be14063773ed68cb8ec19db4293b89a58264def8ef,2026-09-14T14:16:05,08.03.26_NLDC_PSP|09-03-2026|application/vnd.ms-excel
https://webcdn.grid-india.in/files/grdw/2026/03/09.03.26_NLDC_PSP_700.xls,2025-26/09.03.26_NLDC_PSP_700.xls,200,285696,d88efb2f02529a2ca3ccfa910c9ed09df9b9d642bf48c9026153f423328af208,2026-09-14T14:16:05,09.03.26_NLDC_PSP|10-03-2026|application/vnd.ms-excel
https://webcdn.grid-india.in/files/grdw/2026/03/10.03.26_NLDC_PSP_927.xls,2025-26/10.03.26_NLDC_PSP_927.xls,200,285696,00d8db8607fa28e4ca220d3953b0c20821062b2589f615e93ffdb7337b5b68a5,2026-09-14T14:16:06,10.03.26_NLDC_PSP|11-03-2026|application/vnd.ms-excel
https://webcdn.grid-india.in/files/grdw/2026/06/11.03.26_NLDC_PSP_176.xls,2025-26/11.03.26_NLDC_PSP_176.xls,200,285184,6e1d90be60dc859be6b3e69350782720db60c61fb0baf7178ea214615aad2e74,2026-09-14T14:16:06,11.03.26_NLDC_PSP|12-03-2026|application/vnd.ms-excel
https://webcdn.grid-india.in/files/grdw/2026/03/12.03.26_NLDC_PSP_568.xls,2025-26/12.03.26_NLDC_PSP_568.xls,200,285696,c34ac14f31883c8525f290a83b70b07cb9f7b058f09bcd4176a773cab9dc3700,2026-09-14T14:16:07,12.03.26_NLDC_PSP|13-03-2026|application/vnd.ms-excel
https://webcdn.grid-india.in/files/grdw/2026/03/13.03.26_NLDC_PSP_791.xls,2025-26/13.03.26_NLDC_PSP_791.xls,200,285696,e732d08d36124d81934441f7a6b3affb08f02ae25b438c42505e73dace3171ca,2026-09-14T14:16:08,13.03.26_NLDC_PSP|14-03-2026|application/vnd.ms-excel
https://webcdn.grid-india.in/files/grdw/2026/03/14.03.26_NLDC_PSP_734.xls,2025-26/14.03.26_NLDC_PSP_734.xls,200,305664,bcb6b08e8edc54fabee28a37f496a1a414d1f87cfbf23d65fee25bc79ae9434d,2026-09-14T14:16:08,14.03.26_NLDC_PSP|15-03-2026|application/vnd.ms-excel
https://webcdn.grid-india.in/files/grdw/2026/03/15.03.26_NLDC_PSP_511.pdf,2025-26/15.03.26_NLDC_PSP_511.pdf,200,1706901,2700bff0fa74953123d62924dc390b4c64a896abf4b24913b9e8bbf04d0b309e,2026-09-14T14:16:09,15.03.26_NLDC_PSP.pdf|16-03-2026|application/pdf
https://webcdn.grid-india.in/files/grdw/2026/03/15.03.26_NLDC_PSP_472.xls,2025-26/15.03.26_NLDC_PSP_472.xls,200,283136,27602c68de9dbd64e1c494edc3dc6fa654cde14925ed477bb3aac5e39628a234,2026-09-14T14:16:09,15.03.26_NLDC_PSP.xls|16-03-2026|application/vnd.ms-excel
https://webcdn.grid-india.in/files/grdw/2026/03/16.03.26_NLDC_PSP_254.xls,2025-26/16.03.26_NLDC_PSP_254.xls,200,285696,4b3c0180673097d26895105a6a8eb7e0e5850f31b79827187af12c1314e6a5e1,2026-09-14T14:16:10,16.03.26_NLDC_PSP|17-03-2026|application/vnd.ms-excel
https://webcdn.grid-india.in/files/grdw/2026/03/17.03.26_NLDC_PSP_234.xls,2025-26/17.03.26_NLDC_PSP_234.xls,200,285696,d83f60177a20772ec260221cb12bbb4ded4baf80de15f50678f5d07b10203205,2026-09-14T14:16:10,17.03.26_NLDC_PSP|18-03-2026|application/vnd.ms-excel
https://webcdn.grid-india.in/files/grdw/2026/03/18.03.26_NLDC_PSP_632.xls,2025-26/18.03.26_NLDC_PSP_632.xls,200,301056,9debb15b6a9c5acdbf5131808658764ea7b12a77b16a6cb465fcd0c6cc234a22,2026-09-14T14:16:11,18.03.26_NLDC_PSP|19-03-2026|application/vnd.ms-excel
https://webcdn.grid-india.in/files/grdw/2026/03/19.03.26_NLDC_PSP_828.xls,2025-26/19.03.26_NLDC_PSP_828.xls,200,300544,629bcc57aa954b94a7d3228ff9cf9c8e09d94c15d4d5dc9576523e57ec8022ff,2026-09-14T14:16:11,19.03.26_NLDC_PSP|20-03-2026|application/vnd.ms-excel
https://webcdn.grid-india.in/files/grdw/2026/03/20.03.26_NLDC_PSP_278.xls,2025-26/20.03.26_NLDC_PSP_278.xls,200,283136,9e3ffe9295b3c6378e293a715d4412e5f26489e3f24912c64f96dbac786e4655,2026-09-14T14:16:12,20.03.26_NLDC_PSP|21-03-2026|application/vnd.ms-excel
https://webcdn.grid-india.in/files/grdw/2026/03/21.03.26_NLDC_PSP_914.xls,2025-26/21.03.26_NLDC_PSP_914.xls,200,285184,75ce1033e40587a582f4cac4d788b39f182e27da1bf2671aa31b0f8b4abac192,2026-09-14T14:16:12,21.03.26_NLDC_PSP|22-03-2026|application/vnd.ms-excel
https://webcdn.grid-india.in/files/grdw/2026/03/22.03.26_NLDC_PSP_626.xls,2025-26/22.03.26_NLDC_PSP_626.xls,200,283136,9c02a76c6369d9765398fba2d6ec73c00b3d49e388ed3f7a426b0ccf6ea8cb4e,2026-09-14T14:16:13,22.03.26_NLDC_PSP|23-03-2026|application/vnd.ms-excel
https://webcdn.grid-india.in/files/grdw/2026/03/23.03.26_NLDC_PSP_993.xls,2025-26/23.03.26_NLDC_PSP_993.xls,200,284672,ff45d2b4c2773b398a7f24379ec964b7ecdb3bebbbb1ac8e10c132a2ea2c4b96,2026-09-14T14:16:14,23.03.26_NLDC_PSP|24-03-2026|application/vnd.ms-excel
https://webcdn.grid-india.in/files/grdw/2026/03/24.03.26_NLDC_PSP_204.xls,2025-26/24.03.26_NLDC_PSP_204.xls,200,284672,35c009e4d8eb7b86fc0c8614891c95e706800243b12dc90dc212c4417792818f,2026-09-14T14:16:14,24.03.26_NLDC_PSP|24-03-2026|application/vnd.ms-excel
https://webcdn.grid-india.in/files/grdw/2026/03/25.03.26_NLDC_PSP_614.xls,2025-26/25.03.26_NLDC_PSP_614.xls,200,285696,126be8f8849e65b37ae4ae31bf4cd32dce3c15230bb54588f5f5202b8edc2ba6,2026-09-14T14:16:14,25.03.26_NLDC_PSP|26-03-2026|application/vnd.ms-excel
https://webcdn.grid-india.in/files/grdw/2026/03/26.03.26_NLDC_PSP_291.pdf,2025-26/26.03.26_NLDC_PSP_291.pdf,200,1663378,211b69adc80250c59ff38490c714a48a7ac9016e1cc74433dec42e0ab28e5917,2026-09-14T14:16:16,26.03.26_NLDC_PSP.pdf|27-03-2026|application/pdf
https://webcdn.grid-india.in/files/grdw/2026/03/26.03.26_NLDC_PSP_867.xls,2025-26/26.03.26_NLDC_PSP_867.xls,200,284672,d32c09c6403fb5ae05928a0105b1069bb71a9d6358a4c137f981959c56a3ca85,2026-09-14T14:16:16,26.03.26_NLDC_PSP.xls|27-03-2026|application/vnd.ms-excel
https://webcdn.grid-india.in/files/grdw/2026/03/27.03.26_NLDC_PSP_370.pdf,2025-26/27.03.26_NLDC_PSP_370.pdf,200,1664236,659826b43ff747841b3ce6180298918134d2dd1e802f966e7dfa41431db87f1e,2026-09-14T14:16:17,27.03.26_NLDC_PSP|27-03-2026|application/pdf
https://webcdn.grid-india.in/files/grdw/2026/03/27.03.26_NLDC_PSP_H&E%20v3_507.xls,2025-26/27.03.26_NLDC_PSP_H&E v3_507.xls,200,284160,57453894b15b3544ede5eb36e7ec8f4fa59b1b7bda8e93e733e0aa337ab710e3,2026-09-14T14:16:17,27.03.26_NLDC_PSP_H&E|27-03-2026|application/vnd.ms-excel
https://webcdn.grid-india.in/files/grdw/2026/03/28.03.26_NLDC_PSP_545.xls,2025-26/28.03.26_NLDC_PSP_545.xls,200,285696,47d3f809fe064a399849225f17b7eb7c6eada96ce710b4fcba425a7fc605557f,2026-09-14T14:16:18,28.03.26_NLDC_PSP.XLS|28-03-2026|application/vnd.ms-excel
https://webcdn.grid-india.in/files/grdw/2026/03/28.03.26_NLDC_PSP_880.pdf,2025-26/28.03.26_NLDC_PSP_880.pdf,200,1664418,091d37a52eb742b54f945cfab5ef5d892e9ab7af4199a535d3a646ffe8cf775b,2026-09-14T14:16:19,28.03.26_NLDC_PSP.pdf|28-03-2026|application/pdf
https://webcdn.grid-india.in/files/grdw/2026/03/29.03.26_NLDC_PSP_428.xls,2025-26/29.03.26_NLDC_PSP_428.xls,200,285184,08b38f06ae31f24c948fc8e607fad843bb0e66c9199cbf906e2b6b8f5b7165af,2026-09-14T14:16:19,29.03.26_NLDC_PSP|30-03-2026|application/vnd.ms-excel
https://webcdn.grid-india.in/files/grdw/2026/03/30.03.26_NLDC_PSP_356.pdf,2025-26/30.03.26_NLDC_PSP_356.pdf,200,1663438,2e84e6d62e9a99c9a9635647e380dda73bc172303b6e2c18b8f7ccfdd87edc56,2026-09-14T14:16:20,30.03.26_NLDC_PSP.pdf|31-03-2026|application/pdf
https://webcdn.grid-india.in/files/grdw/2026/03/30.03.26_NLDC_PSP_502.xls,2025-26/30.03.26_NLDC_PSP_502.xls,200,285184,38e5f69c61c84a7fce28972c00bb34065fc53eba00360ef51c6c9ae73f198f25,2026-09-14T14:16:21,30.03.26_NLDC_PSP.xls|31-03-2026|application/vnd.ms-excel
https://webcdn.grid-india.in/files/grdw/2026/04/31.03.26_NLDC_PSP_819.xls,2025-26/31.03.26_NLDC_PSP_819.xls,200,285184,d1b5df41a30c4112502e11b9af5f196de097a8fbced406f00b9f5ca7c380abc5,2026-09-14T14:16:21,31.03.26_NLDC_PSP|31-03-2026|application/vnd.ms-excel
https://webcdn.grid-india.in/files/grdw/2026/04/01.04.26_NLDC_PSP_726.xls,2026-27/01.04.26_NLDC_PSP_726.xls,200,284672,d09d7ee8d5000fc827d6ad8fc525b6c1545dbf93141480127ca856bdb04ab9e2,2026-09-14T14:16:22,01.04.26_NLDC_PSP|02-04-2026|application/vnd.ms-excel
https://webcdn.grid-india.in/files/grdw/2026/04/02.04.26_NLDC_PSP_314.xls,2026-27/02.04.26_NLDC_PSP_314.xls,200,284672,2fa454c77855ca69d6e2bf0fde697336986dc144be286fde05d710002709bb60,2026-09-14T14:16:23,02.04.26_NLDC_PSP|02-04-2026|application/vnd.ms-excel
https://webcdn.grid-india.in/files/grdw/2026/04/03.04.26_NLDC_PSP_243.xls,2026-27/03.04.26_NLDC_PSP_243.xls,200,342528,a271465bb4408b12c39bebebba4347dd6606f5e5e5fa1c378e7d2d08b9726b76,2026-09-14T14:16:23,03.04.26_NLDC_PSP|04-04-2026|application/vnd.ms-excel
https://webcdn.grid-india.in/files/grdw/2026/04/04.04.26_NLDC_PSP_152.xls,2026-27/04.04.26_NLDC_PSP_152.xls,200,284672,a6543a8005eaa6fffdf33678f1f9f2173d491a4b8f8c341ccb742c2d8d0669a2,2026-09-14T14:16:24,04.04.26_NLDC_PSP|05-04-2026|application/vnd.ms-excel
https://webcdn.grid-india.in/files/grdw/2026/04/05.04.26_NLDC_PSP_783.xls,2026-27/05.04.26_NLDC_PSP_783.xls,200,285696,0a525b1258679eb021aa96f2387ebd88484881b819421fd69f8c2ec08aa86688,2026-09-14T14:16:24,05.04.26_NLDC_PSP|06-04-2026|application/vnd.ms-excel
https://webcdn.grid-india.in/files/grdw/2026/04/06.04.26_NLDC_PSP_582.xls,2026-27/06.04.26_NLDC_PSP_582.xls,200,285184,1d99bc791ba6820388329adbd569b8ace8594c23c0c31e173a5d36c39e2b508a,2026-09-14T14:16:25,06.04.26_NLDC_PSP|07-04-2026|application/vnd.ms-excel
https://webcdn.grid-india.in/files/grdw/2026/04/07.04.26_NLDC_PSP_882.pdf,2026-27/07.04.26_NLDC_PSP_882.pdf,200,1663740,88d577bf9126eb33876ff0292b028b592faa45328d82d5e262ae524cb92feb61,2026-09-14T14:16:26,07.04.26_NLDC_PSP.pdf|08-04-2026|application/pdf
https://webcdn.grid-india.in/files/grdw/2026/04/07.04.26_NLDC_PSP_950.xls,2026-27/07.04.26_NLDC_PSP_950.xls,200,283136,7952636cc365cef30ca68199e1f78761607a9bad9de21620e22093f11655b0ba,2026-09-14T14:16:26,07.04.26_NLDC_PSP.xls|08-04-2026|application/vnd.ms-excel
https://webcdn.grid-india.in/files/grdw/2026/04/08.04.26_NLDC_PSP_266.pdf,2026-27/08.04.26_NLDC_PSP_266.pdf,200,1663850,b18b6456374a5497c9081d5a647483b6de8470d6429d259fe50580c160e1266f,2026-09-14T14:16:27,08.04.26_NLDC_PSP.pdf|09-04-2026|application/pdf
https://webcdn.grid-india.in/files/grdw/2026/04/08.04.26_NLDC_PSP_456.xls,2026-27/08.04.26_NLDC_PSP_456.xls,200,283136,1a61f8183a62a49a02b47d027ae882b40ba2186393c4f9c4e9b81717ed4f7b23,2026-09-14T14:16:27,08.04.26_NLDC_PSP.xls|09-04-2026|application/vnd.ms-excel
https://webcdn.grid-india.in/files/grdw/2026/04/09.04.26_NLDC_PSP_295.xls,2026-27/09.04.26_NLDC_PSP_295.xls,200,283136,270ffe00237f09865f6c49dc0f1aed29097032792741165fedaac8444a49ee31,2026-09-14T14:16:28,09.04.26_NLDC_PSP|10-04-2026|application/vnd.ms-excel
https://webcdn.grid-india.in/files/grdw/2026/04/10.04.26_NLDC_PSP_200.xls,2026-27/10.04.26_NLDC_PSP_200.xls,200,283136,2656fc7ac1ae9625e72a3172890eae9d5474506dca992a6c27cc80cad9ddfa80,2026-09-14T14:16:28,10.04.26_NLDC_PSP|11-04-2026|application/vnd.ms-excel
https://webcdn.grid-india.in/files/grdw/2026/04/11.04.26_NLDC_PSP_464.xls,2026-27/11.04.26_NLDC_PSP_464.xls,200,283136,dc6e5b5e10f884cbcb53a6b8f88a74a333fe36230274a6068ffd85614752e29d,2026-09-14T14:16:29,11.04.26_NLDC_PSP|12-04-2026|application/vnd.ms-excel
https://webcdn.grid-india.in/files/grdw/2026/04/12.04.26_NLDC_PSP_484.xls,2026-27/12.04.26_NLDC_PSP_484.xls,200,342528,7271cf2992e1dec8daf105c62fb63f3ff8a099a6398a7eea6cdecbbbe4cc0807,2026-09-14T14:16:30,12.04.26_NLDC_PSP|13-04-2026|application/vnd.ms-excel
https://webcdn.grid-india.in/files/grdw/2026/04/13.04.26_NLDC_PSP_980.pdf,2026-27/13.04.26_NLDC_PSP_980.pdf,200,1664063,aa0264f2e32300a912dbab4b9866ab64c36dfd0cc673117937a7f5e212727917,2026-09-14T14:16:31,13.04.26_NLDC_PSP.pdf|14-04-2026|application/pdf
https://webcdn.grid-india.in/files/grdw/2026/04/13.04.26_NLDC_PSP_477.xls,2026-27/13.04.26_NLDC_PSP_477.xls,200,283136,ddfca85082ab7450feed738e6eddf26bfff780ce6e19c8d60925ca773b0d090c,2026-09-14T14:16:31,13.04.26_NLDC_PSP.xls|14-04-2026|application/vnd.ms-excel
https://webcdn.grid-india.in/files/grdw/2026/04/14.04.26_NLDC_PSP_684.pdf,2026-27/14.04.26_NLDC_PSP_684.pdf,200,1662600,ce8fc9c0eb9462621c35f438e67c76cde20dae7380d6979b27eb7c1b1b86e278,2026-09-14T14:16:32,14.04.26_NLDC_PSP|15-04-2026|application/pdf
https://webcdn.grid-india.in/files/grdw/2026/04/14.04.26_NLDC_PSP_379.xls,2026-27/14.04.26_NLDC_PSP_379.xls,200,283136,bca1e8ecc47deaee0237f13b738320e65e5a8f5a1c2125e6d9af36cdc2abadf0,2026-09-14T14:16:32,14.04.26_NLDC_PSP.xls|15-04-2026|application/vnd.ms-excel
https://webcdn.grid-india.in/files/grdw/2026/04/15.04.26_NLDC_PSP_843.pdf,2026-27/15.04.26_NLDC_PSP_843.pdf,200,1664259,bf0721e3aa02e1c383c25713a8587b82ac5475f1d55604502e603bef802a247b,2026-09-14T14:16:33,15.04.26_NLDC_PSP.pdf|16-04-2026|application/pdf
https://webcdn.grid-india.in/files/grdw/2026/04/15.04.26_NLDC_PSP_107.xls,2026-27/15.04.26_NLDC_PSP_107.xls,200,284672,2d2f4eb4f0837ff31e83fa6a0b7e6a342c7066a26c4380cf43c4af23307447a4,2026-09-14T14:16:33,15.04.26_NLDC_PSP.xls|16-04-2026|application/vnd.ms-excel
https://webcdn.grid-india.in/files/grdw/2026/04/16.04.26_NLDC_PSP_408.pdf,2026-27/16.04.26_NLDC_PSP_408.pdf,200,1662538,92cf4d9472beaab0a5a28b7363669e32bd7b6c0c5081a10c4ed25308a597ed2f,2026-09-14T14:16:35,16.04.26_NLDC_PSP.pdf|17-04-2026|application/pdf
https://webcdn.grid-india.in/files/grdw/2026/04/16.04.26_NLDC_PSP_238.xls,2026-27/16.04.26_NLDC_PSP_238.xls,200,284672,4ae2511e7c9a276f4ca9b2a8099b508e0d90416d6d0af05d375121eb71015a6a,2026-09-14T14:16:35,16.04.26_NLDC_PSP.xls|17-04-2026|application/vnd.ms-excel
https://webcdn.grid-india.in/files/grdw/2026/04/17.04.26_NLDC_PSP_246.xls,2026-27/17.04.26_NLDC_PSP_246.xls,200,284672,57ced1aee19fb819bfc31a6562959c04651f1ce81855fea54399e2c86c1b4762,2026-09-14T14:16:35,17.04.26_NLDC_PSP|18-04-2026|application/vnd.ms-excel
https://webcdn.grid-india.in/files/grdw/2026/04/18.04.26_NLDC_PSP_544.xls,2026-27/18.04.26_NLDC_PSP_544.xls,200,283136,a38095a111de03a8efb59b0d10c4a9dd7aa575dec402dedfc5283a8963587f4d,2026-09-14T14:16:36,18.04.26_NLDC_PSP|19-04-2026|application/vnd.ms-excel
https://webcdn.grid-india.in/files/grdw/2026/04/19.04.26_NLDC_PSP_574.xls,2026-27/19.04.26_NLDC_PSP_574.xls,200,283136,0fa4175569c287d34f127cfb22ed4fef1f7d6be3e363016aa56be2da41e8ab12,2026-09-14T14:16:36,19.04.26_NLDC_PSP|20-04-2026|application/vnd.ms-excel
https://webcdn.grid-india.in/files/grdw/2026/04/20.04.26_NLDC_PSP_912.xls,2026-27/20.04.26_NLDC_PSP_912.xls,200,284672,7ecaac2aacd22f994674186139c129e60ac7bfd01ee04a17900c85d52fca0328,2026-09-14T14:16:37,20.04.26_NLDC_PSP|21-04-2026|application/vnd.ms-excel
https://webcdn.grid-india.in/files/grdw/2026/04/21.04.26_NLDC_PSP_762.xls,2026-27/21.04.26_NLDC_PSP_762.xls,200,285184,061a90645620cea7123ca8a2441fe1940f6d77e0d2b43cd6ad341e975051d3fd,2026-09-14T14:16:37,21.04.26_NLDC_PSP|22-04-2026|application/vnd.ms-excel
https://webcdn.grid-india.in/files/grdw/2026/04/22.04.26_NLDC_PSP_929.xls,2026-27/22.04.26_NLDC_PSP_929.xls,200,285184,14070242ce764f95875a279b3b0e7f8b09ac0c6a3cd6dd29dbb050d0bdf81e65,2026-09-14T14:16:38,22.04.26_NLDC_PSP|23-04-2026|application/vnd.ms-excel
https://webcdn.grid-india.in/files/grdw/2026/04/23.04.26_NLDC_PSP_748.xls,2026-27/23.04.26_NLDC_PSP_748.xls,200,285184,1ad52d53d852c1e42f394bf6f24232ac0fb44cf2f1f8cb4362f0c1c0aa9a25f3,2026-09-14T14:16:38,23.04.26_NLDC_PSP|24-04-2026|application/vnd.ms-excel
https://webcdn.grid-india.in/files/grdw/2026/04/24.04.26_NLDC_PSP_524.xls,2026-27/24.04.26_NLDC_PSP_524.xls,200,285696,e7216a0691c4b18dcaf66bdd4800d0c405f3f1d494b0fbba19f269e77607bb79,2026-09-14T14:16:39,24.04.26_NLDC_PSP|25-04-2026|application/vnd.ms-excel
https://webcdn.grid-india.in/files/grdw/2026/04/25.04.26_NLDC_PSP_859.xls,2026-27/25.04.26_NLDC_PSP_859.xls,200,285184,b55be15acd42547d2f840a4a7d9b6e5e9c85730f95c7b038786ba0c0eb043c88,2026-09-14T14:16:39,25.04.26_NLDC_PSP|26-04-2026|application/vnd.ms-excel
https://webcdn.grid-india.in/files/grdw/2026/04/26.04.26_NLDC_PSP_624.xls,2026-27/26.04.26_NLDC_PSP_624.xls,200,285184,b7a611605b7d6a94c940999a66a38ff5f5f0ce44445c46a867d1af4bbdcad639,2026-09-14T14:16:40,26.04.26_NLDC_PSP|27-04-2026|application/vnd.ms-excel
https://webcdn.grid-india.in/files/grdw/2026/04/27.04.26_NLDC_PSP_347.xls,2026-27/27.04.26_NLDC_PSP_347.xls,200,342528,ab6d4580db2fadd316ef3ae213b32a7c833676b9b9b83819794606812f5f89d9,2026-09-14T14:16:40,27.04.26_NLDC_PSP|28-04-2026|application/vnd.ms-excel
https://webcdn.grid-india.in/files/grdw/2026/04/28.04.26_NLDC_PSP_119.xls,2026-27/28.04.26_NLDC_PSP_119.xls,200,342528,c7989c07b4a8aa8e845e36b9d049968a2ebfc327f9a82669ba3cfc85dfb94900,2026-09-14T14:16:41,28.04.26_NLDC_PSP|29-04-2026|application/vnd.ms-excel
https://webcdn.grid-india.in/files/grdw/2026/04/29.04.26_NLDC_PSP_218.xls,2026-27/29.04.26_NLDC_PSP_218.xls,200,285184,173a752d6fade762b733252463d6916b7d92f5ad1d595845e1252fb1825a8c8f,2026-09-14T14:16:41,29.04.26_NLDC_PSP|30-04-2026|application/vnd.ms-excel
https://webcdn.grid-india.in/files/grdw/2026/05/30.04.26_NLDC_PSP_368.xls,2026-27/30.04.26_NLDC_PSP_368.xls,200,285184,4a1827b013769c90b370ee1da43028f039edd6e8acfa8c526fb407b105593f39,2026-09-14T14:16:42,30.04.26_NLDC_PSP|01-05-2026|application/vnd.ms-excel
https://webcdn.grid-india.in/files/grdw/2026/05/01.05.26_NLDC_PSP_243.xls,2026-27/01.05.26_NLDC_PSP_243.xls,200,283136,63412889432837a2f32e13160941f078e1a001d91da808f5daf69489f0e5477e,2026-09-14T14:16:43,01.05.26_NLDC_PSP|01-05-2026|application/vnd.ms-excel
https://webcdn.grid-india.in/files/grdw/2026/05/02.05.26_NLDC_PSP_251.xls,2026-27/02.05.26_NLDC_PSP_251.xls,200,283136,70167f28a25a037ceecc5f564405e8e164b780ef714920fe45b0fbcaa9fe6cc8,2026-09-14T14:16:44,02.05.26_NLDC_PSP|03-05-2026|application/vnd.ms-excel
https://webcdn.grid-india.in/files/grdw/2026/05/03.05.26_NLDC_PSP_421.xls,2026-27/03.05.26_NLDC_PSP_421.xls,200,285184,8552b41abbbc7bfe763d78739d468f3ec3430d34489428da5e64ed18c537ea5a,2026-09-14T14:16:44,03.05.26_NLDC_PSP|04-05-2026|application/vnd.ms-excel
https://webcdn.grid-india.in/files/grdw/2026/05/04.05.26_NLDC_PSP_581.xls,2026-27/04.05.26_NLDC_PSP_581.xls,200,285184,f71c6bea079266f84f7295ffd162a99d51f3d2b505bf4ac59f10b311250c2b88,2026-09-14T14:16:45,04.05.26_NLDC_PSP|05-05-2026|application/vnd.ms-excel
https://webcdn.grid-india.in/files/grdw/2026/05/05.05.26_NLDC_PSP_898.xls,2026-27/05.05.26_NLDC_PSP_898.xls,200,285184,e952cb295c264090ee4c7f67d78f3e3b67e201dbcfbd447ed4540f28d06407b1,2026-09-14T14:16:45,05.05.26_NLDC_PSP|06-05-2026|application/vnd.ms-excel
https://webcdn.grid-india.in/files/grdw/2026/05/06.05.26_NLDC_PSP_950.xls,2026-27/06.05.26_NLDC_PSP_950.xls,200,287232,72520227b63ca38669fca93b258f8f5364cd553636baf584bcf6d7123b6ecaad,2026-09-14T14:16:46,06.05.26_NLDC_PSP|07-05-2026|application/vnd.ms-excel
https://webcdn.grid-india.in/files/grdw/2026/05/07.05.26_NLDC_PSP_829.xls,2026-27/07.05.26_NLDC_PSP_829.xls,200,288768,7c75636fd63553e4214a7b2d923f6fa8d1587462fb2375f892ad554a21496b0f,2026-09-14T14:16:46,07.05.26_NLDC_PSP|08-05-2026|application/vnd.ms-excel
https://webcdn.grid-india.in/files/grdw/2026/05/08.05.26_NLDC_PSP_147.xls,2026-27/08.05.26_NLDC_PSP_147.xls,200,288256,b60ba30f31285de34787384cc9170b56810e42563005244e22d55674cc994b6c,2026-09-14T14:16:47,08.05.26_NLDC_PSP|09-05-2026|application/vnd.ms-excel
https://webcdn.grid-india.in/files/grdw/2026/05/09.05.26_NLDC_PSP_287.xls,2026-27/09.05.26_NLDC_PSP_287.xls,200,288256,1e8680f493d2c0dd5dcb3dbbdd7e33db087f9b15aff864ab5bc688ddcb88505e,2026-09-14T14:16:47,09.05.26_NLDC_PSP|10-05-2026|application/vnd.ms-excel
https://webcdn.grid-india.in/files/grdw/2026/05/10.05.26_NLDC_PSP_692.pdf,2026-27/10.05.26_NLDC_PSP_692.pdf,200,1665111,79ee123711fa9a7d5b33011bfe3d533aa1be200fc024089572c8dacb592ed03c,2026-09-14T14:16:48,10.05.26_NLDC_PSP.pdf|10-05-2026|application/pdf
https://webcdn.grid-india.in/files/grdw/2026/05/10.05.26_NLDC_PSP_572.xls,2026-27/10.05.26_NLDC_PSP_572.xls,200,287232,f41c01cc78f24ee95989576af52496c6034b7f003cec8803b3b7b64d3b64045f,2026-09-14T14:16:48,10.05.26_NLDC_PSP.xls|10-05-2026|application/vnd.ms-excel
https://webcdn.grid-india.in/files/grdw/2026/05/11.05.26_NLDC_PSP_615.xls,2026-27/11.05.26_NLDC_PSP_615.xls,200,288256,a1b2f082b81cbc64d04645c1649332b3e11433caadb89384f898ff18587f97ff,2026-09-14T14:16:49,11.05.26_NLDC_PSP|12-05-2026|application/vnd.ms-excel
https://webcdn.grid-india.in/files/grdw/2026/05/12.05.26_NLDC_PSP_351.xls,2026-27/12.05.26_NLDC_PSP_351.xls,200,288256,2d52e34a152b9b9c9992ba811c20715f2a1e2aa00c3916fc22f8f4341dd34ff9,2026-09-14T14:16:49,12.05.26_NLDC_PSP|13-05-2026|application/vnd.ms-excel
https://webcdn.grid-india.in/files/grdw/2026/05/13.05.26_NLDC_PSP_376.xls,2026-27/13.05.26_NLDC_PSP_376.xls,200,303616,1e894897411a65f253515dc9f5fb5db9372b23db27e8ab369efee1597f27866b,2026-09-14T14:16:50,13.05.26_NLDC_PSP|14-05-2026|application/vnd.ms-excel
https://webcdn.grid-india.in/files/grdw/2026/05/14.05.26_NLDC_PSP_325.xls,2026-27/14.05.26_NLDC_PSP_325.xls,200,346112,ae3965b57b241b9d84261af05b0f2522913c3745da416e39e1dc634979b92da8,2026-09-14T14:16:50,14.05.26_NLDC_PSP|15-05-2026|application/vnd.ms-excel
https://webcdn.grid-india.in/files/grdw/2026/05/15.05.26_NLDC_PSP_899.xls,2026-27/15.05.26_NLDC_PSP_899.xls,200,288768,35df7d4a6079c1bba3a17e0e92f19c7550713bdfdcb24bb51ae0f02f8bcdb1f4,2026-09-14T14:16:51,15.05.26_NLDC_PSP|16-05-2026|application/vnd.ms-excel
https://webcdn.grid-india.in/files/grdw/2026/05/16.05.26_NLDC_PSP_927.xls,2026-27/16.05.26_NLDC_PSP_927.xls,200,291328,081bf6dedb109403d41d7e7aef1bec1303ff9d87810f674fd88dc181588f4f7b,2026-09-14T14:16:51,16.05.26_NLDC_PSP|17-05-2026|application/vnd.ms-excel
https://webcdn.grid-india.in/files/grdw/2026/05/17.05.26_NLDC_PSP_627.xls,2026-27/17.05.26_NLDC_PSP_627.xls,200,292352,2afb0ee0272aa6e7b3b330cb1b0d04aa01666fe3582e9c3cbb9b976eace0d5ea,2026-09-14T14:16:52,17.05.26_NLDC_PSP|18-05-2026|application/vnd.ms-excel
https://webcdn.grid-india.in/files/grdw/2026/05/18.05.26_NLDC_PSP_757.xls,2026-27/18.05.26_NLDC_PSP_757.xls,200,287232,a915fb1fd9ec23496027af62e272f89e752202fcfff4ec8b8f34f23509c4afda,2026-09-14T14:16:52,18.05.26_NLDC_PSP|19-05-2026|application/vnd.ms-excel
https://webcdn.grid-india.in/files/grdw/2026/05/19.05.26_NLDC_PSP_979.xls,2026-27/19.05.26_NLDC_PSP_979.xls,200,288256,84e38942767abd60714af354c0a33b8249800d389e43b5bd98ef7782ff24eb29,2026-09-14T14:16:53,19.05.26_NLDC_PSP|20-05-2026|application/vnd.ms-excel
https://webcdn.grid-india.in/files/grdw/2026/05/20.05.26_NLDC_PSP_110.xls,2026-27/20.05.26_NLDC_PSP_110.xls,200,288768,bea9e2d2cea00cb9bc3fda780860f01ccaae9bc45f051e513d17943a1b6b1e1f,2026-09-14T14:16:53,20.05.26_NLDC_PSP|21-05-2026|application/vnd.ms-excel
https://webcdn.grid-india.in/files/grdw/2026/05/21.05.26_NLDC_PSP_717.xls,2026-27/21.05.26_NLDC_PSP_717.xls,200,346112,c521efa0f516b8b4bd1ce1304b2e7e36aa887ccb48e4277b53f3268499c73839,2026-09-14T14:16:54,21.05.26_NLDC_PSP|22-05-2026|application/vnd.ms-excel
https://webcdn.grid-india.in/files/grdw/2026/05/22.05.26_NLDC_PSP_686.xls,2026-27/22.05.26_NLDC_PSP_686.xls,200,346112,94d5d03047c283b9bd32d391b81261ad7aef505b02e34d403309065254078d42,2026-09-14T14:16:54,22.05.26_NLDC_PSP|23-05-2026|application/vnd.ms-excel
https://webcdn.grid-india.in/files/grdw/2026/05/23.05.26_NLDC_PSP_282.xls,2026-27/23.05.26_NLDC_PSP_282.xls,200,287232,18112a821f96c437642bc6f6aa938dcce52a4a21f7cf6ebddae48d9a4ad9a998,2026-09-14T14:16:55,23.05.26_NLDC_PSP|24-05-2026|application/vnd.ms-excel
https://webcdn.grid-india.in/files/grdw/2026/05/24.05.26_NLDC_PSP_163.xls,2026-27/24.05.26_NLDC_PSP_163.xls,200,288768,0a0792904696a376f0ccc5c489f94b719247a3fadd31f63cd369a433040cfbeb,2026-09-14T14:16:55,24.05.26_NLDC_PSP|25-05-2026|application/vnd.ms-excel
https://webcdn.grid-india.in/files/grdw/2026/05/25.05.26_NLDC_PSP_406.xls,2026-27/25.05.26_NLDC_PSP_406.xls,200,287232,ef87f8e5ea45e7c2f6eb37a36bda4399e008195a69c847d2d09384db3eeae03f,2026-09-14T14:16:56,25.05.26_NLDC_PSP|26-05-2026|application/vnd.ms-excel
https://webcdn.grid-india.in/files/grdw/2026/05/26.05.26_NLDC_PSP_536.xls,2026-27/26.05.26_NLDC_PSP_536.xls,200,287744,a3f95e744d5b7a4d65f858a7eb3953e560ce5b1d3efe33fead945f2690e5e17a,2026-09-14T14:16:56,26.05.26_NLDC_PSP|27-05-2026|application/vnd.ms-excel
https://webcdn.grid-india.in/files/grdw/2026/05/27.05.26_NLDC_PSP_314.xls,2026-27/27.05.26_NLDC_PSP_314.xls,200,286720,4f4ecd652d26a0c21c7bc81cd94f2ed01dcdb3816dc5ec81ebb84f7648931748,2026-09-14T14:16:57,27.05.26_NLDC_PSP|28-05-2026|application/vnd.ms-excel
https://webcdn.grid-india.in/files/grdw/2026/05/28.05.26_NLDC_PSP_635.xls,2026-27/28.05.26_NLDC_PSP_635.xls,200,288768,0ee7904b3fccba718f7023417b6e13b7b114045692ac1a3971f1dcf6d31ba83b,2026-09-14T14:16:57,28.05.26_NLDC_PSP|29-05-2026|application/vnd.ms-excel
https://webcdn.grid-india.in/files/grdw/2026/05/29.05.26_NLDC_PSP_941.xls,2026-27/29.05.26_NLDC_PSP_941.xls,200,288256,207467bfbc6b6583b1abb54e2682f94c956ddb43619321ea602bc664f6c40382,2026-09-14T14:16:58,29.05.26_NLDC_PSP|30-05-2026|application/vnd.ms-excel
https://webcdn.grid-india.in/files/grdw/2026/05/30.05.26_NLDC_PSP_176.xls,2026-27/30.05.26_NLDC_PSP_176.xls,200,346112,d1f82c5173d2e6713922fa0d76c658d0ade116f7672723d598d38af250e5afbc,2026-09-14T14:16:58,30.05.26_NLDC_PSP|31-05-2026|application/vnd.ms-excel
https://webcdn.grid-india.in/files/grdw/2026/06/31.05.26_NLDC_PSP_240.xls,2026-27/31.05.26_NLDC_PSP_240.xls,200,288256,67dfb82c94d24cd6fb0c90f2a2cf419ebca7e215580f9d74e04df678c2de15a1,2026-09-14T14:16:59,31.05.26_NLDC_PSP|01-06-2026|application/vnd.ms-excel
https://webcdn.grid-india.in/files/grdw/2026/06/01.06.26_NLDC_PSP_672.xls,2026-27/01.06.26_NLDC_PSP_672.xls,200,289280,c1bbb06d7f51b094e26c597906ba9ea03022e8a8350733de1e8dbfabbcc579c3,2026-09-14T14:17:00,01.06.26_NLDC_PSP|02-06-2026|application/vnd.ms-excel
https://webcdn.grid-india.in/files/grdw/2026/06/02.06.26_NLDC_PSP_169.xls,2026-27/02.06.26_NLDC_PSP_169.xls,200,289280,c80da8d7229ccc70ae79e4adbb9fe5bc783fac9869dcd90822f58ed5dfbbd031,2026-09-14T14:17:00,02.06.26_NLDC_PSP|03-06-2026|application/vnd.ms-excel
https://webcdn.grid-india.in/files/grdw/2026/06/03.06.26_NLDC_PSP_173.xls,2026-27/03.06.26_NLDC_PSP_173.xls,200,289280,99506050e295c0f4f482aa1059cc923c9614b6af40ee10e68f1d6aa752342b5e,2026-09-14T14:17:01,03.06.26_NLDC_PSP|04-06-2026|application/vnd.ms-excel
https://webcdn.grid-india.in/files/grdw/2026/06/04.06.26_NLDC_PSP_330.xls,2026-27/04.06.26_NLDC_PSP_330.xls,200,289280,a03edb75e3cfeaf0f7fee12814d221935a8bfd15534aa44c7e628d5295e719c6,2026-09-14T14:17:01,04.06.26_NLDC_PSP|05-06-2026|application/vnd.ms-excel
https://webcdn.grid-india.in/files/grdw/2026/06/05.06.26_NLDC_PSP_700.xls,2026-27/05.06.26_NLDC_PSP_700.xls,200,289280,9f8991db9054cf962feedb5f1aa3d8b055bd4cbc26e4524dc2598d3c88f4a146,2026-09-14T14:17:02,05.06.26_NLDC_PSP|05-06-2026|application/vnd.ms-excel
https://webcdn.grid-india.in/files/grdw/2026/06/06.06.26_NLDC_PSP_996.xls,2026-27/06.06.26_NLDC_PSP_996.xls,200,347136,44009f7ef75f86e20d688a0051c1075f0121f6e4918b5ba44d56f50cefc228fa,2026-09-14T14:17:03,06.06.26_NLDC_PSP|07-06-2026|application/vnd.ms-excel
https://webcdn.grid-india.in/files/grdw/2026/06/07.06.26_NLDC_PSP_969.xls,2026-27/07.06.26_NLDC_PSP_969.xls,200,347136,a9b81a3261a01d7c8ad6e1f619c9c883da3b4a211d9293c773c6e950825942f3,2026-09-14T14:17:03,07.06.26_NLDC_PSP|08-06-2026|application/vnd.ms-excel
https://webcdn.grid-india.in/files/grdw/2026/06/08.06.26_NLDC_PSP_354.xls,2026-27/08.06.26_NLDC_PSP_354.xls,200,289280,fb1589b9290887483791e6342c011eaa7131383ea937d7b940020c8d04e6f5e1,2026-09-14T14:17:04,08.06.26_NLDC_PSP|09-06-2026|application/vnd.ms-excel
https://webcdn.grid-india.in/files/grdw/2026/06/09.06.26_NLDC_PSP_128.xls,2026-27/09.06.26_NLDC_PSP_128.xls,200,289280,9239211825987c13a93f80b0c5614bf017c67afe376163bf4f8ee67900e16964,2026-09-14T14:17:04,09.06.26_NLDC_PSP|10-06-2026|application/vnd.ms-excel
https://webcdn.grid-india.in/files/grdw/2026/06/10.06.26_NLDC_PSP_679.xls,2026-27/10.06.26_NLDC_PSP_679.xls,200,289280,ac73db13dc5bd239a6a0989315acadb80f0d698ef355999ecf78e74b14916c25,2026-09-14T14:17:05,10.06.26_NLDC_PSP|11-06-2026|application/vnd.ms-excel
https://webcdn.grid-india.in/files/grdw/2026/06/11.06.26_NLDC_PSP_189.xls,2026-27/11.06.26_NLDC_PSP_189.xls,200,289280,78ce5ebe410bfe1972bba43ee7b0fb484bf6c2f032096c9db328ff1b60e599ae,2026-09-14T14:17:05,11.06.26_NLDC_PSP|12-06-2026|application/vnd.ms-excel
https://webcdn.grid-india.in/files/grdw/2026/06/12.06.26_NLDC_PSP_301.xls,2026-27/12.06.26_NLDC_PSP_301.xls,200,289280,6a939e99224ffc80e8db950e38a9e55407637efadb8d1aad824d34731d867b5a,2026-09-14T14:17:06,12.06.26_NLDC_PSP|13-06-2026|application/vnd.ms-excel
https://webcdn.grid-india.in/files/grdw/2026/06/13.06.26_NLDC_PSP_911.xls,2026-27/13.06.26_NLDC_PSP_911.xls,200,289280,d296dd7b82b5d90ef620fcef820ea783554cebebefd3d736d9a806ed7cbd6cc2,2026-09-14T14:17:06,13.06.26_NLDC_PSP|14-06-2026|application/vnd.ms-excel
https://webcdn.grid-india.in/files/grdw/2026/06/14.06.26_NLDC_PSP_525.xls,2026-27/14.06.26_NLDC_PSP_525.xls,200,289280,b2c2ceb948a315d13064bd5492000a9a1b125700c7e12789d1c32e85663192a7,2026-09-14T14:17:07,14.06.26_NLDC_PSP|15-06-2026|application/vnd.ms-excel
https://webcdn.grid-india.in/files/grdw/2026/06/15.06.26_NLDC_PSP_483.xls,2026-27/15.06.26_NLDC_PSP_483.xls,200,347136,395b1fc79aef10778c49befdbca2b11eb4a2c8d2d3cea0c67300162e5a1a2efa,2026-09-14T14:17:07,15.06.26_NLDC_PSP|16-06-2026|application/vnd.ms-excel
https://webcdn.grid-india.in/files/grdw/2026/06/16.06.26_NLDC_PSP_523.xls,2026-27/16.06.26_NLDC_PSP_523.xls,200,289792,f7d8863584cc94bd41ccb3e447f5da07134e385819b898610a1fc9777b774927,2026-09-14T14:17:08,16.06.26_NLDC_PSP|17-06-2026|application/vnd.ms-excel
https://webcdn.grid-india.in/files/grdw/2026/06/17.06.26_NLDC_PSP_832.xls,2026-27/17.06.26_NLDC_PSP_832.xls,200,289792,a607e5fcf04191209bdcc037077f94ab33c392f964f3b8bbbd826fda61066716,2026-09-14T14:17:08,17.06.26_NLDC_PSP|18-06-2026|application/vnd.ms-excel
https://webcdn.grid-india.in/files/grdw/2026/06/18.06.26_NLDC_PSP_683.xls,2026-27/18.06.26_NLDC_PSP_683.xls,200,289280,d5cc4367afe811fd1de70db7a48110c7e40bae5b94852c674e136adadc6c04f6,2026-09-14T14:17:09,18.06.26_NLDC_PSP|19-06-2026|application/vnd.ms-excel
https://webcdn.grid-india.in/files/grdw/2026/06/19.06.26_NLDC_PSP_769.xls,2026-27/19.06.26_NLDC_PSP_769.xls,200,289280,7f94fbd508b07796f285ce97df30f4e3a93c64a5d46768f655313f8f8c865f6e,2026-09-14T14:17:09,19.06.26_NLDC_PSP|20-06-2026|application/vnd.ms-excel
https://webcdn.grid-india.in/files/grdw/2026/06/20.06.26_NLDC_PSP_534.xls,2026-27/20.06.26_NLDC_PSP_534.xls,200,289280,a358d37ceed450a7bc6c8bb7206df48d0a64001b5a8a4b2b3373370bcdb49f3a,2026-09-14T14:17:10,20.06.26_NLDC_PSP|21-06-2026|application/vnd.ms-excel
https://webcdn.grid-india.in/files/grdw/2026/06/21.06.26_NLDC_PSP_993.xls,2026-27/21.06.26_NLDC_PSP_993.xls,200,289280,f4d3fe009ef35c8ff001b1848b3ddc95a45bb31cc5ba0a2d4d4f2826cf01f66f,2026-09-14T14:17:10,21.06.26_NLDC_PSP|22-06-2026|application/vnd.ms-excel
https://webcdn.grid-india.in/files/grdw/2026/06/22.06.26_NLDC_PSP_655.xls,2026-27/22.06.26_NLDC_PSP_655.xls,200,347136,519024dfe213e56de35e9244a2728446e272a56829112616351109f443c14b04,2026-09-14T14:17:11,22.06.26_NLDC_PSP|23-06-2026|application/vnd.ms-excel
https://webcdn.grid-india.in/files/grdw/2026/06/23.06.26_NLDC_PSP_158.xls,2026-27/23.06.26_NLDC_PSP_158.xls,200,289280,8d5bd8fd90ed10cbe465643d503c17d360b8eaa14ecd555d8af872a0f73ad3be,2026-09-14T14:17:11,23.06.26_NLDC_PSP|24-06-2026|application/vnd.ms-excel
https://webcdn.grid-india.in/files/grdw/2026/06/24.06.26_NLDC_PSP_243.xls,2026-27/24.06.26_NLDC_PSP_243.xls,200,289280,e59e1abea30fd1e511bb1ff6014fe2a8693800734dd0b3fe843a7feaac7a9793,2026-09-14T14:17:12,24.06.26_NLDC_PSP|25-06-2026|application/vnd.ms-excel
https://webcdn.grid-india.in/files/grdw/2026/06/25.06.26_NLDC_PSP_644.xls,2026-27/25.06.26_NLDC_PSP_644.xls,200,289280,17a4559fcbc6f3351b407ec57a7587c96f469ec97d7394ab78ede75af9381bcc,2026-09-14T14:17:12,25.06.26_NLDC_PSP|26-06-2026|application/vnd.ms-excel
https://webcdn.grid-india.in/files/grdw/2026/06/26.06.26_NLDC_PSP_651.xls,2026-27/26.06.26_NLDC_PSP_651.xls,200,289280,58a140f94c979f6c445e7a6fd0df2a6d6dc2295b39b2b26d54c955f29c364a58,2026-09-14T14:17:13,26.06.26_NLDC_PSP|27-06-2026|application/vnd.ms-excel
https://webcdn.grid-india.in/files/grdw/2026/06/27.06.26_NLDC_PSP_652.xls,2026-27/27.06.26_NLDC_PSP_652.xls,200,289280,70fbb98c19454abaad5eed5db96b830608e5495b8687205f0c366db17bd40f68,2026-09-14T14:17:13,27.06.26_NLDC_PSP|28-06-2026|application/vnd.ms-excel
https://webcdn.grid-india.in/files/grdw/2026/06/28.06.26_NLDC_PSP_944.xls,2026-27/28.06.26_NLDC_PSP_944.xls,200,289280,f0d850e4ce43282f26ad60e002f92be7171bf6a5a751f7bb05614e801815b397,2026-09-14T14:17:14,28.06.26_NLDC_PSP|29-06-2026|application/vnd.ms-excel
https://webcdn.grid-india.in/files/grdw/2026/06/29.06.26_NLDC_PSP_560.xls,2026-27/29.06.26_NLDC_PSP_560.xls,200,289280,d6e5d60896f030723cd3bd02cff7cedc3b18f6906f6b09db793e40f227ac6f9e,2026-09-14T14:17:14,29.06.26_NLDC_PSP|30-06-2026|application/vnd.ms-excel
https://webcdn.grid-india.in/files/grdw/2026/07/01.07.26_NLDC_PSP_549.xls,2026-27/01.07.26_NLDC_PSP_549.xls,200,347136,57317dd6e006b9ed0fc6d2f675975ef6818f764654d1b32ba73869b5ad7efc43,2026-09-14T14:17:15,01.07.26_NLDC_PSP|02-07-2026|application/vnd.ms-excel
https://webcdn.grid-india.in/files/grdw/2026/07/02.07.26_NLDC_PSP_326.xls,2026-27/02.07.26_NLDC_PSP_326.xls,200,289792,f14feadab0eeb3d23c317d0180b8dfa728fa418944a17e4de4d8ddfc35c58810,2026-09-14T14:17:16,02.07.26_NLDC_PSP|03-07-2026|application/vnd.ms-excel
https://webcdn.grid-india.in/files/grdw/2026/07/03.07.26_NLDC_PSP_730.xls,2026-27/03.07.26_NLDC_PSP_730.xls,200,289792,3b25baec95ca946061aab7384e0964b66a3afdd4a3b9544c2da9fae61cfce860,2026-09-14T14:17:16,03.07.26_NLDC_PSP|04-07-2026|application/vnd.ms-excel
https://webcdn.grid-india.in/files/grdw/2026/07/04.07.26_NLDC_PSP_907.xls,2026-27/04.07.26_NLDC_PSP_907.xls,200,289280,4ea430a7448f96e843907ec03adbc9f22f84d4701cbb8778d504e170b4ccc986,2026-09-14T14:17:17,04.07.26_NLDC_PSP|05-07-2026|application/vnd.ms-excel
https://webcdn.grid-india.in/files/grdw/2026/07/05.07.26_NLDC_PSP_247.xls,2026-27/05.07.26_NLDC_PSP_247.xls,200,289792,2c5b701b12c02593345281637a566ece641d8b6eb1dcc57ee0a81c25018a78e9,2026-09-14T14:17:17,05.07.26_NLDC_PSP|06-07-2026|application/vnd.ms-excel
https://webcdn.grid-india.in/files/grdw/2026/07/06.07.26_NLDC_PSP_549.xls,2026-27/06.07.26_NLDC_PSP_549.xls,200,289280,6d53b5f6c7197e0dd898544b7969d27ed15b2de33cc6ea2423ac78323be89cf4,2026-09-14T14:17:18,06.07.26_NLDC_PSP|07-07-2026|application/vnd.ms-excel
https://webcdn.grid-india.in/files/grdw/2026/07/07.07.26_NLDC_PSP_433.xls,2026-27/07.07.26_NLDC_PSP_433.xls,200,289792,32408c35aee0bc9737f95acd3f42c2c2674830ddcadc282e56d0e4b6ccc3e2b8,2026-09-14T14:17:18,07.07.26_NLDC_PSP|07-07-2026|application/vnd.ms-excel
https://webcdn.grid-india.in/files/grdw/2026/07/08.07.26_NLDC_PSP_H&E%20v1_222.xls,2026-27/08.07.26_NLDC_PSP_H&E v1_222.xls,200,290304,bc82d581db701e8fcc70068bf53369f4d7dfc467fcd14b508da826ffafaaa47e,2026-09-14T14:17:19,08.07.26_NLDC_PSP|09-07-2026|application/vnd.ms-excel
https://webcdn.grid-india.in/files/grdw/2026/07/09.07.26_NLDC_PSP_746.xls,2026-27/09.07.26_NLDC_PSP_746.xls,200,289280,eec69c968e68928f95886b9ebfe1b39d66479edbdc10a47e19dd44f15f52882e,2026-09-14T14:17:19,09.07.26_NLDC_PSP|09-07-2026|application/vnd.ms-excel
https://webcdn.grid-india.in/files/grdw/2026/07/10.07.26_NLDC_PSP_903.xls,2026-27/10.07.26_NLDC_PSP_903.xls,200,289792,221beffc6e720b30157bd241fdef2fdb74fe825877ceaed19e7c2db9a857e456,2026-09-14T14:17:20,10.07.26_NLDC_PSP|11-07-2026|application/vnd.ms-excel
https://webcdn.grid-india.in/files/grdw/2026/07/11.07.26_NLDC_PSP_854.xls,2026-27/11.07.26_NLDC_PSP_854.xls,200,289792,2137d168d2a2e46ac26505c2f4799c447a2aa2f3f4929b45c9b3c7d69b1f5da9,2026-09-14T14:17:20,11.07.26_NLDC_PSP|12-07-2026|application/vnd.ms-excel
https://webcdn.grid-india.in/files/grdw/2026/07/12.07.26_NLDC_PSP_941.xls,2026-27/12.07.26_NLDC_PSP_941.xls,200,289280,c4b9adef8b88893678044c63632681c223bce83d9c199fec6a1b677876a28c0c,2026-09-14T14:17:21,12.07.26_NLDC_PSP|13-07-2026|application/vnd.ms-excel
https://webcdn.grid-india.in/files/grdw/2026/07/13.07.26_NLDC_PSP_532.xls,2026-27/13.07.26_NLDC_PSP_532.xls,200,289280,1b787d33a6ff40d2c9621a45af00ca04a394cab91b59acbad734062d4aff7ee0,2026-09-14T14:17:21,13.07.26_NLDC_PSP|14-07-2026|application/vnd.ms-excel
https://webcdn.grid-india.in/files/grdw/2026/07/14.07.26_NLDC_PSP_368.xls,2026-27/14.07.26_NLDC_PSP_368.xls,200,289280,e624be0b53a80edf661002ec7fb0cfb1fc6e02a39bdd0dc8a028add805851605,2026-09-14T14:17:22,14.07.26_NLDC_PSP|15-07-2026|application/vnd.ms-excel
https://webcdn.grid-india.in/files/grdw/2026/07/15.07.26_NLDC_PSP_564.xls,2026-27/15.07.26_NLDC_PSP_564.xls,200,301056,912710b433477144f534e03c00648d11b0e890e61ec9f1e9f33b496a332ed581,2026-09-14T14:17:22,15.07.26_NLDC_PSP|16-07-2026|application/vnd.ms-excel
https://webcdn.grid-india.in/files/grdw/2026/07/16.07.26_NLDC_PSP_106.xls,2026-27/16.07.26_NLDC_PSP_106.xls,200,347648,9942fe3e540a62c56504a10b1bc4c0ec91c04c79bdb5c08b60efb110db6d7a5f,2026-09-14T14:17:23,16.07.26_NLDC_PSP|17-07-2026|application/vnd.ms-excel
https://webcdn.grid-india.in/files/grdw/2026/07/17.07.26_NLDC_PSP_996.xls,2026-27/17.07.26_NLDC_PSP_996.xls,200,289280,d8639b6b3094284ca9f610ce0a70af9192e26a363d75384029ecd18e02225acf,2026-09-14T14:17:23,17.07.26_NLDC_PSP|18-07-2026|application/vnd.ms-excel
https://webcdn.grid-india.in/files/grdw/2026/07/18.07.26_NLDC_PSP_642.xls,2026-27/18.07.26_NLDC_PSP_642.xls,200,289280,b733a313d563ff8b26d5532cd229a4f6be61a26a8ef4c3419157effcc4f23a1a,2026-09-14T14:17:24,18.07.26_NLDC_PSP|19-07-2026|application/vnd.ms-excel
https://webcdn.grid-india.in/files/grdw/2026/07/19.07.26_NLDC_PSP_632.xls,2026-27/19.07.26_NLDC_PSP_632.xls,200,289280,911260d81344dc137a06a8b5570ece0bc771aab083c7d539449c8b8f2b828c0c,2026-09-14T14:17:24,19.07.26_NLDC_PSP|20-07-2026|application/vnd.ms-excel
https://webcdn.grid-india.in/files/grdw/2026/07/20.07.26_NLDC_PSP_128.xls,2026-27/20.07.26_NLDC_PSP_128.xls,200,289280,1696bae9e85d90e162bc933a753a5302155b5712e7ef22bb7cfa170b1b1ff280,2026-09-14T14:17:25,20.07.26_NLDC_PSP|21-07-2026|application/vnd.ms-excel
https://webcdn.grid-india.in/files/grdw/2026/07/21.07.26_NLDC_PSP_413.xls,2026-27/21.07.26_NLDC_PSP_413.xls,200,289280,b69b27c9f0e7381a33eead23d43cf50926b1c0b1ad46f8a7899a8c3bb57a7923,2026-09-14T14:17:25,21.07.26_NLDC_PSP|22-07-2026|application/vnd.ms-excel
https://webcdn.grid-india.in/files/grdw/2026/07/22.07.26_NLDC_PSP_874.xls,2026-27/22.07.26_NLDC_PSP_874.xls,200,289280,64d08e84b018c173289c123813a5ee88824e940bcd0a6a3aac594d27b1fd1e03,2026-09-14T14:17:26,22.07.26_NLDC_PSP|23-07-2026|application/vnd.ms-excel
https://webcdn.grid-india.in/files/grdw/2026/07/23.07.26_NLDC_PSP_675.xls,2026-27/23.07.26_NLDC_PSP_675.xls,200,289280,d1a3bfb6c1e04386bd520d1ca70e2a98a7f69432e5086cfb733fd6b3ec081655,2026-09-14T14:17:26,23.07.26_NLDC_PSP|24-07-2026|application/vnd.ms-excel
https://webcdn.grid-india.in/files/grdw/2026/07/24.07.26_NLDC_PSP_439.xls,2026-27/24.07.26_NLDC_PSP_439.xls,200,289792,59cab72ac1f12a47d71c4220c8f8be15aa29edf9c8774e06e60f860a2670659e,2026-09-14T14:17:27,24.07.26_NLDC_PSP|25-07-2026|application/vnd.ms-excel
https://webcdn.grid-india.in/files/grdw/2026/07/25.07.26_NLDC_PSP_705.xls,2026-27/25.07.26_NLDC_PSP_705.xls,200,305152,4f53640d0f3dfccf4f2107691a048b1580a2c34dfeebf2f5e766f9bdc6a24cf5,2026-09-14T14:17:27,25.07.26_NLDC_PSP|26-07-2026|application/vnd.ms-excel
https://webcdn.grid-india.in/files/grdw/2026/07/26.07.26_NLDC_PSP_392.xls,2026-27/26.07.26_NLDC_PSP_392.xls,200,289280,a2bfdd0c438ef44c4dac3eeed7baadf8df2a561f8bf81bd5a0d4a70808a46ed1,2026-09-14T14:17:28,26.07.26_NLDC_PSP|27-07-2026|application/vnd.ms-excel
https://webcdn.grid-india.in/files/grdw/2026/07/27.07.26_NLDC_PSP_702.xls,2026-27/27.07.26_NLDC_PSP_702.xls,200,289280,58a5ac558d801e44d2b2698db0c817a222514e721f9ab73848f4985992fcc218,2026-09-14T14:17:28,27.07.26_NLDC_PSP|28-07-2026|application/vnd.ms-excel
https://webcdn.grid-india.in/files/grdw/2026/07/28.07.26_NLDC_PSP_413.xls,2026-27/28.07.26_NLDC_PSP_413.xls,200,289280,cc026871865acf9552090d001ff19eed1e74334da14bdf54fd4dd805c2adda5a,2026-09-14T14:17:29,28.07.26_NLDC_PSP|29-07-2026|application/vnd.ms-excel
https://webcdn.grid-india.in/files/grdw/2026/07/29.07.26_NLDC_PSP_639.xls,2026-27/29.07.26_NLDC_PSP_639.xls,200,289280,b8f0d25db09eb570187b8ceb5c845cf14f96c312b8f36109ab4396919d9dfbea,2026-09-14T14:17:29,29.07.26_NLDC_PSP|30-07-2026|application/vnd.ms-excel
https://webcdn.grid-india.in/files/grdw/2026/07/30.06.26_NLDC_PSP_477.xls,2026-27/30.06.26_NLDC_PSP_477.xls,200,347136,7b9157d36fe40067f61de376a38a56e3d3da8d894f749ae2660b51a1951a452a,2026-09-14T14:17:30,30.06.26_NLDC_PSP|01-07-2026|application/vnd.ms-excel
https://webcdn.grid-india.in/files/grdw/2026/07/30.07.26_NLDC_PSP_696.xls,2026-27/30.07.26_NLDC_PSP_696.xls,200,289280,a6ec6fc17b72c0f3edc70bae9546d6c3f5c063f08cd9f26bd506704c27533313,2026-09-14T14:17:30,30.07.26_NLDC_PSP|31-07-2026|application/vnd.ms-excel
https://webcdn.grid-india.in/files/grdw/2026/08/01.08.26_NLDC_PSP_136.xls,2026-27/01.08.26_NLDC_PSP_136.xls,200,289280,563c42a9647c2de4c76c5075281b7b2bb8175edfc78b101447bd6d82ddbf65fd,2026-09-14T14:17:31,01.08.26_NLDC_PSP|02-08-2026|application/vnd.ms-excel
https://webcdn.grid-india.in/files/grdw/2026/08/02.08.26_NLDC_PSP_901.xls,2026-27/02.08.26_NLDC_PSP_901.xls,200,289280,ed322da8f4f14f7a2d835d3c9ac1ad268034e68f5907dfcc1b9b9f10a12b9993,2026-09-14T14:17:32,02.08.26_NLDC_PSP|03-08-2026|application/vnd.ms-excel
https://webcdn.grid-india.in/files/grdw/2026/08/03.08.26_NLDC_PSP_867.xls,2026-27/03.08.26_NLDC_PSP_867.xls,200,289792,c9c91f394b0853068aec4b534d812eb5e3108926062cacf944c7128a735d03d2,2026-09-14T14:17:33,03.08.26_NLDC_PSP|04-08-2026|application/vnd.ms-excel
https://webcdn.grid-india.in/files/grdw/2026/08/04.08.26_NLDC_PSP_269.xls,2026-27/04.08.26_NLDC_PSP_269.xls,200,289792,f23a2dd409cfd9c10c65ea18597179de177915f46fe53ba9e72ba6b26f9b33ee,2026-09-14T14:17:33,04.08.26_NLDC_PSP|05-08-2026|application/vnd.ms-excel
https://webcdn.grid-india.in/files/grdw/2026/08/05.08.26_NLDC_PSP_169.xls,2026-27/05.08.26_NLDC_PSP_169.xls,200,289280,6f7d5d777c23b2c0e871a6a8a8624b22f978a33830b6e180cdf3e36a09effa17,2026-09-14T14:17:34,05.08.26_NLDC_PSP|06-08-2026|application/vnd.ms-excel
https://webcdn.grid-india.in/files/grdw/2026/08/06.08.26_NLDC_PSP_783.xls,2026-27/06.08.26_NLDC_PSP_783.xls,200,289280,7ab55ad5a5f4dc1849b906b5556177d800643a9dedfca1e898a613db6274f602,2026-09-14T14:17:34,06.08.26_NLDC_PSP|07-08-2026|application/vnd.ms-excel
https://webcdn.grid-india.in/files/grdw/2026/08/07.08.26_NLDC_PSP_473.xls,2026-27/07.08.26_NLDC_PSP_473.xls,200,305664,15578f22eadfb8e258ef4fee0563aeb44ec94af7be4f4d46777b6923caff5a82,2026-09-14T14:17:35,07.08.26_NLDC_PSP|08-08-2026|application/vnd.ms-excel
https://webcdn.grid-india.in/files/grdw/2026/08/08.08.26_NLDC_PSP_537.xls,2026-27/08.08.26_NLDC_PSP_537.xls,200,289792,c7e8caa1a49a18265e82d708bdd7f6a86245c8d08260a4f602bf66c983f729ba,2026-09-14T14:17:35,08.08.26_NLDC_PSP|09-08-2026|application/vnd.ms-excel
https://webcdn.grid-india.in/files/grdw/2026/08/09.08.26_NLDC_PSP_357.xls,2026-27/09.08.26_NLDC_PSP_357.xls,200,305152,c64bac19c95707f43a56229bfa51c95aada823c3bc6b0d98b7129c83531396f2,2026-09-14T14:17:36,09.08.26_NLDC_PSP|10-08-2026|application/vnd.ms-excel
https://webcdn.grid-india.in/files/grdw/2026/08/10.08.26_NLDC_PSP_521.xls,2026-27/10.08.26_NLDC_PSP_521.xls,200,347648,88deed54858ae8939e98602240991820793b5f3d4a781bbf9a9d8407cdec681f,2026-09-14T14:17:36,10.08.26_NLDC_PSP|11-08-2026|application/vnd.ms-excel
https://webcdn.grid-india.in/files/grdw/2026/08/11.08.26_NLDC_PSP_650.xls,2026-27/11.08.26_NLDC_PSP_650.xls,200,289280,e5dd5674447945095d205a1910c242795eb1df38ea4e7a67dd416c2b0be4d347,2026-09-14T14:17:37,11.08.26_NLDC_PSP|12-08-2026|application/vnd.ms-excel
https://webcdn.grid-india.in/files/grdw/2026/08/12.08.26_NLDC_PSP_374.xls,2026-27/12.08.26_NLDC_PSP_374.xls,200,289792,4d8f0c5541a6f25a07723e50d8788f1a2c91132cbd594ea622d6fc26b37a82ce,2026-09-14T14:17:37,12.08.26_NLDC_PSP|13-08-2026|application/vnd.ms-excel
https://webcdn.grid-india.in/files/grdw/2026/08/13.08.26_NLDC_PSP_569.xls,2026-27/13.08.26_NLDC_PSP_569.xls,200,289792,84d0c8effdcc974f3759a757755ff97d8172a7eefc4d77e0670299f86590402d,2026-09-14T14:17:38,13.08.26_NLDC_PSP|14-08-2026|application/vnd.ms-excel
https://webcdn.grid-india.in/files/grdw/2026/08/14.08.26_NLDC_PSP_120.xls,2026-27/14.08.26_NLDC_PSP_120.xls,200,289792,cf82dc73be02abf8ba4f3dce94c6cb10d807e145a8141eadb8aa91f71442e343,2026-09-14T14:17:38,14.08.26_NLDC_PSP|15-08-2026|application/vnd.ms-excel
https://webcdn.grid-india.in/files/grdw/2026/08/15.08.26_NLDC_PSP_626.xls,2026-27/15.08.26_NLDC_PSP_626.xls,200,289792,e0118f8c2b35c0bcc5bdd074fde84d1bc535c1e17f6ca5ad524aef4f58700ceb,2026-09-14T14:17:39,15.08.26_NLDC_PSP|16-08-2026|application/vnd.ms-excel
https://webcdn.grid-india.in/files/grdw/2026/08/16.08.26_NLDC_PSP_513.xls,2026-27/16.08.26_NLDC_PSP_513.xls,200,290304,504eaffd4358120f35fab42ab67261641f018360d7b4e95b5e27beacb8653b8d,2026-09-14T14:17:39,16.08.26_NLDC_PSP|17-08-2026|application/vnd.ms-excel
https://webcdn.grid-india.in/files/grdw/2026/08/17.08.26_NLDC_PSP_740.xls,2026-27/17.08.26_NLDC_PSP_740.xls,200,347648,69bfe854797f8a9a4aee2056e2981abfebe6fb65cf22e6a1e91d45b3c82cd47b,2026-09-14T14:17:40,17.08.26_NLDC_PSP|18-08-2026|application/vnd.ms-excel
https://webcdn.grid-india.in/files/grdw/2026/08/18.08.26_NLDC_PSP_135.xls,2026-27/18.08.26_NLDC_PSP_135.xls,200,290304,ec2bb58a050cfac0f0c99d988fe2f0c15b31783b1b13f65bb1ac3e26b496e1fd,2026-09-14T14:17:40,18.08.26_NLDC_PSP|19-08-2026|application/vnd.ms-excel
https://webcdn.grid-india.in/files/grdw/2026/08/19.08.26_NLDC_PSP_538.xls,2026-27/19.08.26_NLDC_PSP_538.xls,200,289280,a0b4bd64205a50d583b9636eb48c1b08b4b4708f62a8ca73b8a37170457464c3,2026-09-14T14:17:41,19.08.26_NLDC_PSP|20-08-2026|application/vnd.ms-excel
https://webcdn.grid-india.in/files/grdw/2026/08/20.08.26_NLDC_PSP_848.xls,2026-27/20.08.26_NLDC_PSP_848.xls,200,289280,36a5c3e74d3a021bd77c89dc5de062eca429a8bfc1d046a1ca5d404ad547d57e,2026-09-14T14:17:41,20.08.26_NLDC_PSP|21-08-2026|application/vnd.ms-excel
https://webcdn.grid-india.in/files/grdw/2026/08/21.08.26_NLDC_PSP_678.xls,2026-27/21.08.26_NLDC_PSP_678.xls,200,290304,128ec5ebaad2d1bb075f37ca7c6c540549e6891936d0cee36dc288e82064adda,2026-09-14T14:17:42,21.08.26_NLDC_PSP|22-08-2026|application/vnd.ms-excel
https://webcdn.grid-india.in/files/grdw/2026/08/22.08.26_NLDC_PSP_371.xls,2026-27/22.08.26_NLDC_PSP_371.xls,200,289280,128431c4236d9e049f3ca280ed67110afaf30450ef3b76a10d97e3640fa9fe5f,2026-09-14T14:17:42,22.08.26_NLDC_PSP|23-08-2026|application/vnd.ms-excel
https://webcdn.grid-india.in/files/grdw/2026/08/23.08.26_NLDC_PSP_470.xls,2026-27/23.08.26_NLDC_PSP_470.xls,200,289792,b35b4d5b70bf3e40724af419a2d91bb8b0035f2ecf05d7e52b10e9a26d73ae73,2026-09-14T14:17:43,23.08.26_NLDC_PSP|23-08-2026|application/vnd.ms-excel
https://webcdn.grid-india.in/files/grdw/2026/08/24.08.26_NLDC_PSP_562.xls,2026-27/24.08.26_NLDC_PSP_562.xls,200,289792,73c2f4a7413b8f07f62f11f5307632115c3bdbf0e35a8434567a396934d72046,2026-09-14T14:17:43,24.08.26_NLDC_PSP|24-08-2026|application/vnd.ms-excel
https://webcdn.grid-india.in/files/grdw/2026/08/25.08.26_NLDC_PSP_116.xls,2026-27/25.08.26_NLDC_PSP_116.xls,200,295424,134f1b312cc32b9f176a811f62e34cf069c61e7b1d0acf2a1b433a9dcff9f5aa,2026-09-14T14:17:44,25.08.26_NLDC_PSP|26-08-2026|application/vnd.ms-excel
https://webcdn.grid-india.in/files/grdw/2026/08/26.08.26_NLDC_PSP_408.xls,2026-27/26.08.26_NLDC_PSP_408.xls,200,289280,57b300ce7a798e03a3968718245c53626ebce14814c28a6883f79090655a6c79,2026-09-14T14:17:44,26.08.26_NLDC_PSP|27-08-2026|application/vnd.ms-excel
https://webcdn.grid-india.in/files/grdw/2026/08/27.08.26_NLDC_PSP_310.xls,2026-27/27.08.26_NLDC_PSP_310.xls,200,290304,03d76da0b3f749a8d2a31f089531fae1500dd5a80f6c45b5a72ca08dcfac63d2,2026-09-14T14:17:45,27.08.26_NLDC_PSP|28-08-2026|application/vnd.ms-excel
https://webcdn.grid-india.in/files/grdw/2026/08/28.08.26_NLDC_PSP_928.xls,2026-27/28.08.26_NLDC_PSP_928.xls,200,289792,e9d6b287375c307a652492b79063d4f66fae1fe42c859f39f5cac1284784c086,2026-09-14T14:17:45,28.08.26_NLDC_PSP|29-08-2026|application/vnd.ms-excel
https://webcdn.grid-india.in/files/grdw/2026/08/29.08.26_NLDC_PSP_858.xls,2026-27/29.08.26_NLDC_PSP_858.xls,200,289792,6910046623eff3779cc6af82e3c13d3752501c7cfcb72ce6d141cc29c2d823db,2026-09-14T14:17:46,29.08.26_NLDC_PSP|29-08-2026|application/vnd.ms-excel
https://webcdn.grid-india.in/files/grdw/2026/08/30.08.26_NLDC_PSP_307.xls,2026-27/30.08.26_NLDC_PSP_307.xls,200,289280,5af6d9bc6ed8b877d1e620320df5982036613a314f47720c68954ea16dccd4d2,2026-09-14T14:17:46,30.08.26_NLDC_PSP|31-08-2026|application/vnd.ms-excel
https://webcdn.grid-india.in/files/grdw/2026/08/31.07.26_NLDC_PSP_624.xls,2026-27/31.07.26_NLDC_PSP_624.xls,200,289792,76aba24fae36892bd9f935a3a7683a5868e6ed9b8151ae55b572a404c9d0c85a,2026-09-14T14:17:47,31.07.26_NLDC_PSP|01-08-2026|application/vnd.ms-excel
https://webcdn.grid-india.in/files/grdw/2026/09/31.08.26_NLDC_PSP_198.xls,2026-27/31.08.26_NLDC_PSP_198.xls,200,289792,0194895be459cfa18b225d62d7dc80a78eaaeab7c8501107a8808809fd4f7351,2026-09-14T14:17:47,31.08.26_NLDC_PSP|31-08-2026|application/vnd.ms-excel
https://webcdn.grid-india.in/files/grdw/2026/09/01.09.26_NLDC_PSP_868.xls,2026-27/01.09.26_NLDC_PSP_868.xls,200,289792,6d6f750b832525054e6d614dfda706bcfad15ff1c84b72287bfb5582aff34d4b,2026-09-14T14:17:48,01.09.26_NLDC_PSP|01-09-2026|application/vnd.ms-excel
https://webcdn.grid-india.in/files/grdw/2026/09/02.09.26_NLDC_PSP_997.xls,2026-27/02.09.26_NLDC_PSP_997.xls,200,289280,3962f38fff76441799e54bac578b98f1ae0a711017b79477ed8097a16de08946,2026-09-14T14:17:49,02.09.26_NLDC_PSP|03-09-2026|application/vnd.ms-excel
https://webcdn.grid-india.in/files/grdw/2026/09/03.09.26_NLDC_PSP_912.xls,2026-27/03.09.26_NLDC_PSP_912.xls,200,289792,6fb0675cbde85f0351ad9a10f3e53b122db9fdc87b9c3bcac261053a780b36d1,2026-09-14T14:17:49,03.09.26_NLDC_PSP|04-09-2026|application/vnd.ms-excel
https://webcdn.grid-india.in/files/grdw/2026/09/04.09.26_NLDC_PSP_876.xls,2026-27/04.09.26_NLDC_PSP_876.xls,200,289792,c2dc7a8698b6cf0a79b0a4b9800ddb3dc7260f312d6871ba7318ead11f2c0165,2026-09-14T14:17:50,04.09.26_NLDC_PSP|05-09-2026|application/vnd.ms-excel
https://webcdn.grid-india.in/files/grdw/2026/09/05.09.26_NLDC_PSP_131.xls,2026-27/05.09.26_NLDC_PSP_131.xls,200,289792,114e90d1bbe53af55cc49ce9af5cd6a2e170c9b6c3866d3e4f7ab962495221ea,2026-09-14T14:17:50,05.09.26_NLDC_PSP|06-09-2026|application/vnd.ms-excel
https://webcdn.grid-india.in/files/grdw/2026/09/06.09.26_NLDC_PSP_800.xls,2026-27/06.09.26_NLDC_PSP_800.xls,200,289280,e43d8bbcb3735c13ede2cb7bf5bf04140fbb46fa7a12dd7bded5d347b178a46f,2026-09-14T14:17:51,06.09.26_NLDC_PSP|07-09-2026|application/vnd.ms-excel
https://webcdn.grid-india.in/files/grdw/2026/09/07.09.26_NLDC_PSP_454.xls,2026-27/07.09.26_NLDC_PSP_454.xls,200,289280,8760c46fd472a945a2f7b694d3df7ee668442721ed41d8432f488df29275d739,2026-09-14T14:17:51,07.09.26_NLDC_PSP|08-09-2026|application/vnd.ms-excel
https://webcdn.grid-india.in/files/grdw/2026/09/08.09.26_NLDC_PSP_561.xls,2026-27/08.09.26_NLDC_PSP_561.xls,200,289280,d7731690974706361dcd1eb04308899102e3018518d371feed9b3d7335a37edf,2026-09-14T14:17:52,08.09.26_NLDC_PSP|09-09-2026|application/vnd.ms-excel
https://webcdn.grid-india.in/files/grdw/2026/09/09.09.26_NLDC_PSP_764.xls,2026-27/09.09.26_NLDC_PSP_764.xls,200,289280,c0d8a84877d2b54eb943eefe8bb5092af9bfb3898a62e4250138367958200bc9,2026-09-14T14:17:52,09.09.26_NLDC_PSP|10-09-2026|application/vnd.ms-excel
https://webcdn.grid-india.in/files/grdw/2026/09/10.09.26_NLDC_PSP_372.xls,2026-27/10.09.26_NLDC_PSP_372.xls,200,305152,679f5f78f3bdcac3b853ca3abe1c376590a6cfda0093c38d14531b84899d5290,2026-09-14T14:17:53,10.09.26_NLDC_PSP|11-09-2026|application/vnd.ms-excel
https://webcdn.grid-india.in/files/grdw/2026/09/11.09.26_NLDC_PSP_608.xls,2026-27/11.09.26_NLDC_PSP_608.xls,200,289792,13c09266aee92e5159665e18fa2fb8dd9a90f023056b68b2a7a16208dc915bde,2026-09-14T14:17:53,11.09.26_NLDC_PSP|12-09-2026|application/vnd.ms-excel
https://webcdn.grid-india.in/files/grdw/2026/09/12.09.26_NLDC_PSP_752.xls,2026-27/12.09.26_NLDC_PSP_752.xls,200,289280,ab129742af3e32fff7d5df83a99b6f174cd923add6885b174df75a51410bbf8e,2026-09-14T14:17:54,12.09.26_NLDC_PSP|13-09-2026|application/vnd.ms-excel
https://webcdn.grid-india.in/files/grdw/2026/09/13.09.26_NLDC_PSP_508.xls,2026-27/13.09.26_NLDC_PSP_508.xls,200,289280,5c6f1b102a29e8c1d6cd00775fafec1542643c9fe7a9c16239369c13a9ebc40f,2026-09-14T14:17:54,13.09.26_NLDC_PSP|14-09-2026|application/vnd.ms-excel
https://webcdn.grid-india.in/files/grdw/uploads/daily-reports/psp-reports/2024-2025/30.12.24_NLDC_PSP.pdf,2024-25/30.12.24_NLDC_PSP.pdf,empty,0,,2026-09-14T14:18:35,30.12.24_NLDC_PSP|30-12-2024|attachment/pdf (fallback: xls 404) 714 bytes
https://webcdn.grid-india.in/files/grdw/uploads/daily-reports/psp-reports/2024-2025/31.12.24_NLDC_PSP.pdf,2024-25/31.12.24_NLDC_PSP.pdf,empty,0,,2026-09-14T14:18:35,31.12.24_NLDC_PSP|31-12-2024|attachment/pdf (fallback: xls 404) 714 bytes
https://webcdn.grid-india.in/files/grdw/uploads/daily-reports/psp-reports/2024-2025/30.12.24_NLDC_PSP.pdf,2024-25/30.12.24_NLDC_PSP.pdf,404,0,,2026-09-14T14:25:24,30.12.24_NLDC_PSP|30-12-2024|attachment/pdf (fallback: xls 404)
https://webcdn.grid-india.in/files/grdw/uploads/daily-reports/psp-reports/2024-2025/31.12.24_NLDC_PSP.pdf,2024-25/31.12.24_NLDC_PSP.pdf,404,0,,2026-09-14T14:25:25,31.12.24_NLDC_PSP|31-12-2024|attachment/pdf (fallback: xls 404)
