file,status,sha256,data_date,reported_on,file_name_date,rows,content,size,used,choice
2022-23/01.01.23_NLDC_PSP_210.xls,no_timeseries_sheet,51868f9ecac236582c748ee1f9cda6193223eb330f0a1d99665ce2c5fd68d234,,,,,,,False,
2022-23/01.02.23_NLDC_PSP_979.xls,no_timeseries_sheet,d69a2c87b9d836420173f93e9a9558293003cb87cbcaa0824b2cbd279fdc8a47,,,,,,,False,
2022-23/01.03.23_NLDC_PSP_308.xls,no_timeseries_sheet,dd4f4d5e580a5332d655d3823320c0eed0dd47c1e8d3c4c6c1279cb7e28c2b70,,,,,,,False,
2022-23/02.01.23_NLDC_PSP_129.xls,no_timeseries_sheet,e3716b758b6dd57252af7d32624bbc7865c85d427473831d281cd122b907f10d,,,,,,,False,
2022-23/02.02.23_NLDC_PSP_848.xls,no_timeseries_sheet,c7731e46479ad85db602a7305f188aff48612787c47b5600da6ba1f3425b12ad,,,,,,,False,
2022-23/02.03.23_NLDC_PSP_302.xls,no_timeseries_sheet,59210af712d127e5185d404761b27f7cd75b02db3c152071c0a0fb3d34cf0a01,,,,,,,False,
2022-23/03.01.23_NLDC_PSP_120.xls,no_timeseries_sheet,50b122511014260bca7cebba018f42c43b24bbc112c8f5f3138ff5ff8a88cf18,,,,,,,False,
2022-23/03.02.23_NLDC_PSP_460.xls,no_timeseries_sheet,c305654de60f3f19bc65a2a339c147976abdfe8f4f6ec1027d39974b53ea4e5c,,,,,,,False,
2022-23/03.03.23_NLDC_PSP_372.xls,no_timeseries_sheet,fb16273c978d9367ff3c76898279300430d31845c18161f109bf4ba376eb3159,,,,,,,False,
2022-23/04.01.23_NLDC_PSP_379.xls,no_timeseries_sheet,9ced4691db0023579284afa92971a4d129f4251de13c60d8ca06b187560fd09d,,,,,,,False,
2022-23/04.02.23_NLDC_PSP_851.xls,no_timeseries_sheet,7b7f5cee4ae479d1f29c69795a4f0f94aae5e3f8b51af32f259c758fc1ecbf46,,,,,,,False,
2022-23/04.03.23_NLDC_PSP_991.xls,no_timeseries_sheet,158e997e9d7d80e48db0c9ddb92bb52249953fabb3a7ead39adb6d525d216adf,,,,,,,False,
2022-23/05.01.23_NLDC_PSP_570.xls,no_timeseries_sheet,6dcdfe2fe92c87fe7b8b092dff5e674384514ad86db4149804fdf2326bd1216c,,,,,,,False,
2022-23/05.02.23_NLDC_PSP_160.xls,no_timeseries_sheet,151725613268c0f2c9e8b5cbe267449af4283f12b8a45453a9987b40e65ed2bb,,,,,,,False,
2022-23/05.03.23_NLDC_PSP_868.xls,no_timeseries_sheet,4856cce5b744a9a1aabc43c5acbe860de7bd1276f46ee8b31247c435f2d3dbb0,,,,,,,False,
2022-23/06.01.23_NLDC_PSP_114.xls,no_timeseries_sheet,c1e225ca4e9b1852811d602beb299bb5fc6f8a72f73543cc5288b0fec0c43647,,,,,,,False,
2022-23/06.02.23_NLDC_PSP_201.xls,no_timeseries_sheet,59daed3cbc51a7687efc7b7da5cb393db830737255bd86d5ed8979315c3f5bc2,,,,,,,False,
2022-23/06.03.23_NLDC_PSP_501.xls,no_timeseries_sheet,b985d6bc2b4b931be4ccde1047b39522b521d20c79e21cecf4107f57826a8763,,,,,,,False,
2022-23/07.01.23_NLDC_PSP_610.xls,no_timeseries_sheet,ed434b741835e3d4c8f1d0389b2d81cda813c099a59a698efefcc5a725a542d0,,,,,,,False,
2022-23/07.02.23_NLDC_PSP_794.xls,no_timeseries_sheet,5c1a26993c94bf61384ecd9d7a427a0cc3025f5da750a5a2c4aeabe197c11333,,,,,,,False,
2022-23/07.03.23_NLDC_PSP_388.xls,no_timeseries_sheet,30c551f12ad602bfd7151346ba19a0941adc4f49a3b610c10d8095547eb8e590,,,,,,,False,
2022-23/08.01.23_NLDC_PSP_473.xls,no_timeseries_sheet,8548e0e97b1ae519e07fea1a88abc339db5231d0bc163422e0138b41dda288c8,,,,,,,False,
2022-23/08.02.23_NLDC_PSP_834.xls,no_timeseries_sheet,d9c68fcf75f6e42af8fa68ce985cd5fc24d21b676691423d8f4ede64f3aa098b,,,,,,,False,
2022-23/08.03.23_NLDC_PSP_716.xls,no_timeseries_sheet,d6d86f66279eb3c538db40b33243934db6d008ab6288e5bdb3d51316172346b3,,,,,,,False,
2022-23/09.01.23_NLDC_PSP_711.xls,no_timeseries_sheet,2e15b29b09872610e3c2fc565b81896d4254cc5c57a65a1d5133c7ca823cfeea,,,,,,,False,
2022-23/09.02.23_NLDC_PSP_454.xls,no_timeseries_sheet,9e2fda920e641786b33c1207aa4dd2813707df07974a9bf66dad86c2e2274dcf,,,,,,,False,
2022-23/09.03.23_NLDC_PSP_558.xls,no_timeseries_sheet,ef47771ded1fb7f7cf639640e17ce58f5f36e293e985b46293c52c2f492d2c58,,,,,,,False,
2022-23/10.01.23_NLDC_PSP_574.xls,no_timeseries_sheet,7cb1ea703f468b8afe45cd2c72ffaf171fbaaad306f86d4af7a980e4f793762e,,,,,,,False,
2022-23/10.02.23_NLDC_PSP_846.xls,no_timeseries_sheet,d278c80d7239d37540069271326c7c773264c358c42ce61fd93ddbdbcd2e524e,,,,,,,False,
2022-23/10.03.23_NLDC_PSP_331.xls,no_timeseries_sheet,1ec9c889e172488c58cf48e9c0fcb9a5be5a853cd11e8498c09d2e8767da5f00,,,,,,,False,
2022-23/11.01.23_NLDC_PSP_204.xls,no_timeseries_sheet,24e0bfbb0f885e437d4c8518b96099067909c45a0e0573b0fd44444b3170604b,,,,,,,False,
2022-23/11.02.23_NLDC_PSP_427.xls,no_timeseries_sheet,75ccb6237a65bccd0f9ffa5c76b117cbee3c69666141121c302740602bde09e4,,,,,,,False,
2022-23/11.03.23_NLDC_PSP_158.xls,no_timeseries_sheet,c475b710b50aad5e4347ac0ed4aef8977a766d30d41487224872b69d9bbeda84,,,,,,,False,
2022-23/12.01.23_NLDC_PSP_865.xls,no_timeseries_sheet,dbb41c23765724b2f58612e3b610d6512bd3bc0a71f0cca4c2d91a243e1cb3ff,,,,,,,False,
2022-23/12.02.23_NLDC_PSP_129.xls,no_timeseries_sheet,526e40bb71ff6179c8b63b64756907c090f3cdc85f2de0f8d8ef4812d81b1cf5,,,,,,,False,
2022-23/12.03.23_NLDC_PSP_587.xls,no_timeseries_sheet,8097ab2852609ef13da3df8c999c6c3187fbf18d51ddfbe40d7717363a415823,,,,,,,False,
2022-23/13.01.23_NLDC_PSP_513.xls,no_timeseries_sheet,797701e6f9b06a71d3042e15b4b152136bca0f55350444498518863069fc6064,,,,,,,False,
2022-23/13.02.23_NLDC_PSP_727.xls,no_timeseries_sheet,97404e93d34cb41a47638b2249edd63e9be2fee8737c4d455f9f4ab32e71b787,,,,,,,False,
2022-23/13.03.23_NLDC_PSP_118.xls,no_timeseries_sheet,2efbe1d6a6bfb34f9a21f0616d6b0d50e6686426ec276382ffd3e7fce4d8deb8,,,,,,,False,
2022-23/14.01.23_NLDC_PSP_728.xls,no_timeseries_sheet,ee7abe59fc66a228db857be534e242c39ced9b051a7bb55c114471cba714ee0e,,,,,,,False,
2022-23/14.02.23_NLDC_PSP_796.xls,no_timeseries_sheet,4b44a2292d211454cbe05bbc37703856e6977844d3c8a92b9ebd23b364b3fd52,,,,,,,False,
2022-23/14.03.23_NLDC_PSP_784.xls,no_timeseries_sheet,161e0918122a0bca04d15aee1a64b3d37baca4ce228f818d435bec8fa8f83ba4,,,,,,,False,
2022-23/15.01.23_NLDC_PSP_165.xls,no_timeseries_sheet,b8ae870b8549f9f5fe7270098a1ee48a513bb7cd598fdb441091f98980f0c9fd,,,,,,,False,
2022-23/15.02.23_NLDC_PSP_332.xls,no_timeseries_sheet,aad26a98b9e7551a5018466536d4756b3545ff8746076fe15025bcec404de86e,,,,,,,False,
2022-23/15.03.23_NLDC_PSP_946.xls,no_timeseries_sheet,c3063857445a7ff6554a3c24eb7c36ed709a68412ce8de0b64fae63222fa0133,,,,,,,False,
2022-23/16.01.23_NLDC_PSP_220.xls,no_timeseries_sheet,18f0681b0f42b5cde62bfe973cb53093a2f6d47b8713fdd4bc3138697944ebe1,,,,,,,False,
2022-23/16.02.23_NLDC_PSP_108.xls,no_timeseries_sheet,cf37f0aebceee0f05098117528d5c4e0a3f887f5989f577c3b04fbb233b939f1,,,,,,,False,
2022-23/16.03.23_NLDC_PSP_452.xls,no_timeseries_sheet,6d4b148dca9a233ffb3ff412d1bd2c93aec7a6f580d1fbed23ef854159dc407e,,,,,,,False,
2022-23/17.01.23_NLDC_PSP_143.xls,no_timeseries_sheet,5c7e03ee3509404790e936c47f1ba27e25ff7b0aed05aba5b6b60960b8cf57ef,,,,,,,False,
2022-23/17.02.23_NLDC_PSP_291.xls,no_timeseries_sheet,635b6c8ea0b08df86bea93c16ac5c2defca5797dc9bd3c99ed0c6ff4b451f519,,,,,,,False,
2022-23/17.03.23_NLDC_PSP_675.xls,no_timeseries_sheet,23382a50fa24e37dd30eb5d2f17b403b9405129c6f7db0fbcfae8bd226974132,,,,,,,False,
2022-23/18.01.23_NLDC_PSP_907.xls,no_timeseries_sheet,339de8d05f44f1bad475241b9febb66241e8ae001f418feb67509e6f66c34a89,,,,,,,False,
2022-23/18.02.23_NLDC_PSP_570.xls,no_timeseries_sheet,b9cc93c6ff97f7f7b942bbc1db8a85b956f01b1975114ec9f3620ae5f9e3d33f,,,,,,,False,
2022-23/18.03.23_NLDC_PSP_100.xls,no_timeseries_sheet,8c3dccdc1ca02c4527324b70f567af5f09e8283626d9584187f6dc3462b7ec80,,,,,,,False,
2022-23/19.01.23_NLDC_PSP_446.xls,no_timeseries_sheet,322c355da0119ec9769990d6a3c0c140e614a4f548d517b14c78103f1222d408,,,,,,,False,
2022-23/19.03.23_NLDC_PSP_461.xls,no_timeseries_sheet,704a91ab7701fdf7e625d87f7ee90b7a398ccbe15fb22767b0d6fc834f1bbf69,,,,,,,False,
2022-23/20.01.23_NLDC_PSP_730.xls,no_timeseries_sheet,d079c300e111c38cb8c16855313067b7add07385258fd7ac3e4036a474d98615,,,,,,,False,
2022-23/20.02.23_NLDC_PSP_603.xls,no_timeseries_sheet,3f37775c5f77c1acfe7bb13c81aeac64223d703249430fe8aaf8d3144ca00b43,,,,,,,False,
2022-23/20.03.23_NLDC_PSP_519.xls,no_timeseries_sheet,f3f975154df8ba107d561e2465d7e07adeaadc14b75aabd83fdf04419d65e1f3,,,,,,,False,
2022-23/21.01.23_NLDC_PSP_886.xls,no_timeseries_sheet,1a5a390d71751aa2ae7e670f135e8193c30546157e6ba4f6dd7dbb41e60dad13,,,,,,,False,
2022-23/21.02.23_NLDC_PSP_992.xls,no_timeseries_sheet,5f886f871a16be7710a4fc2eeb359b7574c8274e81dc09c9d23547f3877bfa48,,,,,,,False,
2022-23/22.01.23_NLDC_PSP_836.xls,no_timeseries_sheet,238b020baf04d719c75ff979be55e84985e3e2ce7437381cb950ec243707d1b5,,,,,,,False,
2022-23/22.02.23_NLDC_PSP_906.xls,no_timeseries_sheet,e17b86b3cf77cef4d03101b8135366ebb16359fb0572def64159eda45383a386,,,,,,,False,
2022-23/22.03.23_NLDC_PSP_351.xls,no_timeseries_sheet,ad3bc8d2eccd3b9f6b1bba1ce4c9e0771b7650c28ed91defcd443b88c4119e5e,,,,,,,False,
2022-23/23.01.23_NLDC_PSP_640.xls,no_timeseries_sheet,137a689c1dab59b2dc70cad39a62ffda43fe714698e599807569a19bf14149d2,,,,,,,False,
2022-23/23.02.23_NLDC_PSP_999.xls,no_timeseries_sheet,9ba94e73ceba4e626ec12f2beb7dbaa931936c6b54ce6e9fbce1778b59abbbc7,,,,,,,False,
2022-23/23.03.23_NLDC_PSP_226.xls,no_timeseries_sheet,25c0752dbc25d871d3f4eaa0d9fb15b4b58d84c258c59b3bd882a51c015cd2ff,,,,,,,False,
2022-23/24.01.23_NLDC_PSP_571.xls,no_timeseries_sheet,b21ea95bc1683830a914e6faec7493aa19515790caad442e32c2f12eee71bf32,,,,,,,False,
2022-23/24.02.23_NLDC_PSP_469.xls,no_timeseries_sheet,97bad47cd5e0bb08dce1cf7c327863fb072f6a3e7fd0fe126567d85b936f0720,,,,,,,False,
2022-23/24.03.23_NLDC_PSP_967.xls,no_timeseries_sheet,e9f4191dd479bf54a4d73388a937675a624253a19a655e490725c9674a1922f9,,,,,,,False,
2022-23/25.01.23_NLDC_PSP_896.xls,no_timeseries_sheet,8b81b44690bfb67d72d53ae2ad45e1f49ac6c0a1505e8ed2ddc4c418ec264a28,,,,,,,False,
2022-23/25.02.23_NLDC_PSP_668.xls,no_timeseries_sheet,39df1d7586a123bb102f52532a7b976b04ab3af4d086ed4464a442072ceab298,,,,,,,False,
2022-23/25.03.23_NLDC_PSP_183.xls,no_timeseries_sheet,fea3f8fb83d5be70aa11dfe6a8f6d2c6408ed0fa5d6a37a0f87f5f777a3c3669,,,,,,,False,
2022-23/26.01.23_NLDC_PSP_542.xls,no_timeseries_sheet,3b2b2106d752f0f7f887ab331298cd2ad911886192f7205cf9e2542cb4049115,,,,,,,False,
2022-23/26.02.23_NLDC_PSP_868.xls,no_timeseries_sheet,fa49f797b196b24afbd023617ae2626097d3c3508d8c30ced96ab98a40d3c387,,,,,,,False,
2022-23/26.03.23_NLDC_PSP_512.xls,no_timeseries_sheet,97ba60e809b90c9ca7bc3de56aadcf731486020329b584d3d3677e274e5b608b,,,,,,,False,
2022-23/27.01.23_NLDC_PSP_570.xls,no_timeseries_sheet,095508e4be1b7bea73f8f4762e3f21188f897bb06039969c76f5b53a3ac6615e,,,,,,,False,
2022-23/27.02.23_NLDC_PSP_312.xls,no_timeseries_sheet,2208e7f8272c3d592711ebcccda16f252ca4f315b9b0b962277f6724fde35cd1,,,,,,,False,
2022-23/27.03.23_NLDC_PSP_778.xls,no_timeseries_sheet,5225c140432503783963492e502cfa6215454eecd093a77eb796f73b54da4704,,,,,,,False,
2022-23/28.01.23_NLDC_PSP_471.xls,no_timeseries_sheet,baee50adf9fbed6cbc773172a5a9a603f627a1752786d817bae5377ef30cb289,,,,,,,False,
2022-23/28.02.23_NLDC_PSP_506.xls,no_timeseries_sheet,3659401f6bd849e5aaeaf8b8fc73c14cdae6e57ce5d541219cd2ed09edb23418,,,,,,,False,
2022-23/28.03.23_NLDC_PSP_792.xls,no_timeseries_sheet,b91194d5581eb2ffa52146867e5f9f1f92167403089d0fade089904b7c9a6625,,,,,,,False,
2022-23/29.01.23_NLDC_PSP_514.xls,no_timeseries_sheet,8379b4d78fcf5923a9c0b0bf96d10da16342f09ed34618d5f1f74bf7e9cd1f61,,,,,,,False,
2022-23/29.03.23_NLDC_PSP_369.xls,no_timeseries_sheet,a2601b2d55a255d71d7c0e2cb3b1711cee7d7404a68ac6f6e37809688665e328,,,,,,,False,
2022-23/30.01.23_NLDC_PSP_253.xls,no_timeseries_sheet,0b332789f065d92553c7253c096762c648c6730f0c4ddc97a8d73d38e94207cd,,,,,,,False,
2022-23/30.03.23_NLDC_PSP_263.xls,no_timeseries_sheet,0935267f75793d71b90361f0209d8eebef7eb45cfb98882aef7d441e2e3f16d2,,,,,,,False,
2022-23/31.01.23_NLDC_PSP_289.xls,no_timeseries_sheet,8e8f918c4af8ac5cff69b454500e94eaa84849b8b7244c27a9e15e5f1ef5be1b,,,,,,,False,
2022-23/31.03.23_NLDC_PSP_836.xls,no_timeseries_sheet,ff3ebc5c7fc1bda3eff22967595fa41c28682fc738787be59d0e16e9cc116449,,,,,,,False,
2023-24/01.01.24_NLDC_PSP.xls,no_timeseries_sheet,136e8e0707efeef281b4e8bc3f64e6a50e2c86ad5b750629dc881654107dac35,,,,,,,False,
2023-24/01.02.24_NLDC_PSP.xls,no_timeseries_sheet,bd06a7b26bd7c73752f0874a04553d35dc285910ac720cab6766d9dedb93c29d,,,,,,,False,
2023-24/01.03.24_NLDC_PSP.xls,no_timeseries_sheet,962d20b4a93396a5907b8f440a7cd0eae234846923221b809e18e2587d16b7aa,,,,,,,False,
2023-24/01.04.23_NLDC_PSP.xls,no_timeseries_sheet,7c0c566915cef649f52baa5fc0b24f2958d2d81abed529b408b1666442b5b828,,,,,,,False,
2023-24/01.05.23_NLDC_PSP.xls,no_timeseries_sheet,83aff1771e66454cd2cc9b736c10102d1595fd446741d30ab7f2325e64502941,,,,,,,False,
2023-24/01.06.23_NLDC_PSP.xls,no_timeseries_sheet,c425f0bb4747c1780e89991118de6c0a0c593c57eeb0bedb610093abc4c10540,,,,,,,False,
2023-24/01.07.23_NLDC_PSP.xls,no_timeseries_sheet,02728e803439c0ac88b90ec530c6e614402585539689e3a090f01b668dfccb1d,,,,,,,False,
2023-24/01.08.23_NLDC_PSP.xls,no_timeseries_sheet,fb04070b288eeca022c348bdd306ed751b6933aa63ab3bac1e9aabf3a2a40b31,,,,,,,False,
2023-24/01.09.23_NLDC_PSP.xls,no_timeseries_sheet,4669ac24421e62cc4ef294f01ae18739cc2253c0220c934346acbda9857da059,,,,,,,False,
2023-24/01.10.23_NLDC_PSP.xls,no_timeseries_sheet,5966c0c78abff931e0873c22a79ab7e68c226146ed9f62628bd8a29fce30e1d2,,,,,,,False,
2023-24/01.11.23_NLDC_PSP.xls,no_timeseries_sheet,9e52431cf00efeec520234eb02ca21e0a4d55b9d26a87493a3345c6b5035b607,,,,,,,False,
2023-24/01.12.23_NLDC_PSP.xls,no_timeseries_sheet,cfc6a8bb124b4ee77219bb554e096631bf5a47589b0bb191a7288472b758577a,,,,,,,False,
2023-24/02.01.24_NLDC_PSP.xls,no_timeseries_sheet,49c27a75767bb5335235e76185545f89efdef6722f757da87813a625a5bbe4ee,,,,,,,False,
2023-24/02.02.24_NLDC_PSP.xls,no_timeseries_sheet,b726ce326c5f800965b1f9dba7e22351105a084b19ae64a92a34db552a699945,,,,,,,False,
2023-24/02.03.24_NLDC_PSP.xls,no_timeseries_sheet,f0d2ef20ae5f7a0c9d846797c40dd6f5f19da3add44b4ef19b32d7f7a97395b1,,,,,,,False,
2023-24/02.04.23_NLDC_PSP.xls,no_timeseries_sheet,d7a0225545ea49beae7defa34d3f4ad6d9eabfbe63e1e39b5b41c006fe332b40,,,,,,,False,
2023-24/02.05.23_NLDC_PSP.xls,no_timeseries_sheet,dd876f08e7df69cfd4908a26fb51e1b2e9a4d77d942043d560c56b5f404d89a7,,,,,,,False,
2023-24/02.06.23_NLDC_PSP.xls,no_timeseries_sheet,2465c3679b0e90abffa4ca0d8a084a860f41a9fa729d888189953d71a99d5294,,,,,,,False,
2023-24/02.07.23_NLDC_PSP.xls,no_timeseries_sheet,6ca7572d4b2fefcbe74c1a40dcc60cc88915d628f750661ed03ffd5c7a8eb403,,,,,,,False,
2023-24/02.08.23_NLDC_PSP.xls,no_timeseries_sheet,e357f559fc6b2adb533e022a54a680299c69b9f22371c3c86833c0e6690948c3,,,,,,,False,
2023-24/02.09.23_NLDC_PSP.xls,no_timeseries_sheet,629810e15a7477f1281703a9c665d405fba434a3728ba8f5c12374190309c0dc,,,,,,,False,
2023-24/02.10.23_NLDC_PSP.xls,no_timeseries_sheet,fc802e0161c49d512455902a5e5b8eddee0eb3913ce849bfc5275fc6188343c4,,,,,,,False,
2023-24/02.11.23_NLDC_PSP.xls,no_timeseries_sheet,39420ef9a92729f25076df86aa7252e173d47a6a3003b2382a5765c79fc27ac6,,,,,,,False,
2023-24/02.12.23_NLDC_PSP.xls,no_timeseries_sheet,6c9e0acea8d17759fe341a54cddc98f9902beef1a740ee4396cf288adc3dea18,,,,,,,False,
2023-24/03.01.24_NLDC_PSP.xls,no_timeseries_sheet,8ad5cb1d7bf31baf7efadc54c077b96463fc54f1c163e0a0e3f278197fdea7b2,,,,,,,False,
2023-24/03.02.24_NLDC_PSP.xls,no_timeseries_sheet,39bc2b36a62137562cc6b44bd782f75a062b255f0f979f596fb1ad07c11860a7,,,,,,,False,
2023-24/03.03.24_NLDC_PSP.xls,no_timeseries_sheet,e1fb1e52d49069fe8c3bb51e39a73eb945f6a924690105983fdb77df42d3103d,,,,,,,False,
2023-24/03.04.23_NLDC_PSP.xls,no_timeseries_sheet,df8256bac240c647045b3bb5603ec8118c4e34e195aee86898120a09f41c8aa5,,,,,,,False,
2023-24/03.05.23_NLDC_PSP.xls,no_timeseries_sheet,861e569de42494479d33a71fac81091955dac4a42b7b5d9a70ae3155567d034e,,,,,,,False,
2023-24/03.06.23_NLDC_PSP.xls,no_timeseries_sheet,d8e864de9aa9b9af78b163712b9650b138cfeadaa966562ff6e39fbfdd6e5a9d,,,,,,,False,
2023-24/03.07.23_NLDC_PSP.xls,no_timeseries_sheet,0b602704d16a79a1bb92a471872b874bd9a71fe836405711c49f1fd4459448fc,,,,,,,False,
2023-24/03.08.23_NLDC_PSP.xls,no_timeseries_sheet,085b4a96b728c1414fa3add93864920c0e76f790049993cefe60ea8b357e93cf,,,,,,,False,
2023-24/03.09.23_NLDC_PSP.xls,no_timeseries_sheet,5f5b9013cd3912f540a7fd87f66db157e4f6ccd09be6fd9becb919604e4b6c66,,,,,,,False,
2023-24/03.10.23_NLDC_PSP.xls,no_timeseries_sheet,4fcf723acffdd846f808ca6acac8a2d341eb30938c1d5e1e1cb8c539a97dd693,,,,,,,False,
2023-24/03.11.23_NLDC_PSP.xls,no_timeseries_sheet,98becb29f274585ca92ff2b4c36b3a39c5baa71201d7aad4a197350ffe163118,,,,,,,False,
2023-24/03.12.23_NLDC_PSP.xls,no_timeseries_sheet,49cc1b1043c130371a2bdf76f878e4cd4dfa1ff9ebe90a5184c2adad53f32dfc,,,,,,,False,
2023-24/04.01.24_NLDC_PSP.xls,no_timeseries_sheet,633ef5faa72911a76fdcaf8ae512b39d78d944ad426d8e973df96b650b5e081d,,,,,,,False,
2023-24/04.02.24_NLDC_PSP.xls,no_timeseries_sheet,41dbb5954222492b8b9c67813ae4010027f76b88ec7ddc827c37260e6023fd6c,,,,,,,False,
2023-24/04.03.24_NLDC_PSP.xls,no_timeseries_sheet,dd9b52c4ade5201eb37801bbca47e0ca5287dc8186f1f0b4ea92444b9e47415f,,,,,,,False,
2023-24/04.04.23_NLDC_PSP.xls,no_timeseries_sheet,97659bac772c64d250de51f6a825718e27d8c2f50126fe36fb670b0a7f3879d2,,,,,,,False,
2023-24/04.05.23_NLDC_PSP.xls,no_timeseries_sheet,7a52ee6bcde205f11f7d88bc490d69205db29b74baec4f72619b0752ee37c1b0,,,,,,,False,
2023-24/04.06.23_NLDC_PSP.xls,no_timeseries_sheet,8e57a39604280d7b136b831aa880d9282367ee0b413b59d2a99d8e4f6dff987c,,,,,,,False,
2023-24/04.07.23_NLDC_PSP.xls,no_timeseries_sheet,d0659789867248681cc54bacdbae321b5630685a918e0db2687e7f0ade5f799b,,,,,,,False,
2023-24/04.08.23_NLDC_PSP.xls,no_timeseries_sheet,7ca4271ef99b6472ff6fe18bf566cce1178c1668830136cadea96eb1ffd83c39,,,,,,,False,
2023-24/04.09.23_NLDC_PSP.xls,no_timeseries_sheet,6191ec9341ff79b9cde6fa08ceaa6ee8f70365f48f52db54cef2b87e4fa4e66c,,,,,,,False,
2023-24/04.10.23_NLDC_PSP.xls,no_timeseries_sheet,dba2d9bc8fc69db4439e23c80a9865f1707d054a7d6c0696721568256b39741d,,,,,,,False,
2023-24/04.11.23_NLDC_PSP.xls,no_timeseries_sheet,4b938a2736aefa1bc36651fa31d3f0e7cb20b35c74043ed20420d0fb16038b0b,,,,,,,False,
2023-24/04.12.23_NLDC_PSP.xls,no_timeseries_sheet,b95f3b4af707ede06f87c0361be5c63b962ce4dd49a76cdf558d3ff45efca81c,,,,,,,False,
2023-24/05.01.24_NLDC_PSP.xls,no_timeseries_sheet,a3cf7c9fea049f14b6b0a7e7d220b783b46952f945ff22e4651737ea6b538b26,,,,,,,False,
2023-24/05.02.24_NLDC_PSP.xls,no_timeseries_sheet,67b0f4fb24ef24fe12b0e21e1169ac0c1e51e314bb85188969009ac3d94b7964,,,,,,,False,
2023-24/05.03.24_NLDC_PSP.xls,no_timeseries_sheet,4654cc716699e3a3a405d417d717512b655f6e4efe058aa48fcc0df196aff6f7,,,,,,,False,
2023-24/05.04.23_NLDC_PSP.xls,no_timeseries_sheet,d6d791fff5baa418fa4d3b2309908b1792568d2302e4d0ef08a4c01f4851f948,,,,,,,False,
2023-24/05.05.23_NLDC_PSP.xls,no_timeseries_sheet,3ca97025e1df8b996a5ae7fc6afbad81d89f13f8b7817e3573c2db34da5038c0,,,,,,,False,
2023-24/05.06.23_NLDC_PSP.xls,no_timeseries_sheet,64fd73efc205814c87eb14470ebf204e082817b4ce50967979fe05eabebe0dc8,,,,,,,False,
2023-24/05.07.23_NLDC_PSP.xls,no_timeseries_sheet,21e821877466928c58e342c26c9ef73ed4c93a0fd6d2f8e402eaa764d0901aaa,,,,,,,False,
2023-24/05.08.23_NLDC_PSP.xls,no_timeseries_sheet,72044a50fb99c052a576a6d7a8a06c3a228449d8e2b226f10255c2a01f6f0584,,,,,,,False,
2023-24/05.09.23_NLDC_PSP.xls,no_timeseries_sheet,85efe04159e07f553d39b04c592494ac22cba64c23fdfda89b7491220a655120,,,,,,,False,
2023-24/05.10.23_NLDC_PSP.xls,no_timeseries_sheet,2caec29893304f7009b841a1758b913fd8db16533cc4058ecac37a4ed2e7fbfc,,,,,,,False,
2023-24/05.11.23_NLDC_PSP.xls,no_timeseries_sheet,43ad296d85e835266855c6b12458f5e3e6bcfa741697023b06a309a9b1d21b4d,,,,,,,False,
2023-24/05.12.23_NLDC_PSP.xls,no_timeseries_sheet,828438a9ca3cf4d8d4ba36b70257b3148abc6697d0e6a47aaf8da51d5c65b035,,,,,,,False,
2023-24/06.01.24_NLDC_PSP.xls,no_timeseries_sheet,ef764bd7d3798382ad9b6fa39bfd31ecdd1f52db74514f7851648fe5ac803507,,,,,,,False,
2023-24/06.02.24_NLDC_PSP.xls,no_timeseries_sheet,c1b310d613d086769862c6c60a12d7b4e9155c9bbb2f2f3ec7b8c1bf69d5f864,,,,,,,False,
2023-24/06.03.24_NLDC_PSP.xls,no_timeseries_sheet,1a32052e3cceda5d04aa14319d53510e6f4c69d9e225db1afb4d572ac00e2732,,,,,,,False,
2023-24/06.04.23_NLDC_PSP.xls,no_timeseries_sheet,ef8aacfb10cf08cc38f225148a930b30305c47144b063211f32b4b93a6232500,,,,,,,False,
2023-24/06.05.23_NLDC_PSP.xls,no_timeseries_sheet,42e6b99bfbe620a327d410141e2b1c7b1a73c4215f70be67eac40ffc17e642cd,,,,,,,False,
2023-24/06.06.23_NLDC_PSP.xls,no_timeseries_sheet,02aab7b84bbf302e33673d108aada6322b071b6d1fba33635218e1d3860c3303,,,,,,,False,
2023-24/06.07.23_NLDC_PSP.xls,no_timeseries_sheet,1930c16892bee981cd3b066bad7ef4337fb905991e66d7179e26c4845975e225,,,,,,,False,
2023-24/06.08.23_NLDC_PSP.xls,no_timeseries_sheet,21da331fda86b8ca2699d1095800a62e9cbe10a779b4339dad9749780a803d18,,,,,,,False,
2023-24/06.09.23_NLDC_PSP.xls,no_timeseries_sheet,feabe6c9ed8494865b8677deedc978ffb62f6c0d5b21f3aa77208ab7a0861fc0,,,,,,,False,
2023-24/06.10.23_NLDC_PSP.xls,no_timeseries_sheet,e4dc6dddc6f83d542a0500eee623e72e50ee46b5221165e4762532a9ab39220c,,,,,,,False,
2023-24/06.11.23_NLDC_PSP.xls,no_timeseries_sheet,5cc2972dd0251a407e830094f019cd4d6713dc42bec200ac842630342ce7637b,,,,,,,False,
2023-24/06.12.23_NLDC_PSP.xls,no_timeseries_sheet,38f48a03854388c73e70530276741730b1d4bd6dbf2a3a1829d069ba1a1e54ba,,,,,,,False,
2023-24/07.01.24_NLDC_PSP.xls,no_timeseries_sheet,e9f8178d88d9ade330135105fe73779083f0ff158d19684784da68362172590b,,,,,,,False,
2023-24/07.02.24_NLDC_PSP.xls,no_timeseries_sheet,ac29ab910e92c7473bcf8fd3a1378ac3a13b898f9358c6d489ec19147e7cdb25,,,,,,,False,
2023-24/07.03.24_NLDC_PSP.xls,no_timeseries_sheet,e57ba552acfb8b9cd593ba97083374b67b144d2e316b4c2f2613c3e3b01a25d6,,,,,,,False,
2023-24/07.04.23_NLDC_PSP.xls,no_timeseries_sheet,0fbc3a8d19f2ff972149988163e664a43dd5c9629cf7d6db0f27934bba0708e0,,,,,,,False,
2023-24/07.05.23_NLDC_PSP.xls,no_timeseries_sheet,24f57e51e850c344eb99911ef58fbf8bb950e2c97a9c91d127040628edad9fe1,,,,,,,False,
2023-24/07.06.23_NLDC_PSP.xls,no_timeseries_sheet,1febcf502799599d0a429fee81da8f370f3ba9ba0c92126a462dec844ae7e78e,,,,,,,False,
2023-24/07.07.23_NLDC_PSP.xls,no_timeseries_sheet,edacb06896f1c36dca947b647ef3c4a5fc18c535546c0701476092d787fb4d8e,,,,,,,False,
2023-24/07.08.23_NLDC_PSP.xls,no_timeseries_sheet,262caa17272ba5c3f5330594e98ce67a9d5c08ba428adc2c6d5600f38cc983ec,,,,,,,False,
2023-24/07.09.23_NLDC_PSP.xls,no_timeseries_sheet,c09e1c9ddf69b6ae25f71f87e3c87f2c406e737be8157dacf5c6f1756387b6fc,,,,,,,False,
2023-24/07.10.23_NLDC_PSP.xls,no_timeseries_sheet,29017ca97f20d789e2a6ea4e73d2b1dcefd5d041f922b53da2378cf71ee8c9c1,,,,,,,False,
2023-24/07.11.23_NLDC_PSP.xls,no_timeseries_sheet,ae7a0ae8b3f0213e2b4949f4622724306c7e7ba89d1fc5108eb7ec830d533ca1,,,,,,,False,
2023-24/07.12.23_NLDC_PSP.xls,no_timeseries_sheet,bea90a91a59cb1a6eb60a12cb99d75660db5e92670ab1f97509a312753b964a1,,,,,,,False,
2023-24/08.01.24_NLDC_PSP.xls,no_timeseries_sheet,57e784b2508f5fda08eff2b2b5f1deb2530c915558121b8840d9122a1efb6d64,,,,,,,False,
2023-24/08.02.24_NLDC_PSP.xls,no_timeseries_sheet,ce4cf8e067fa7a733951258d062e8c920e9782e6093b178e3ad322fa1ab4890e,,,,,,,False,
2023-24/08.03.24_NLDC_PSP.xls,no_timeseries_sheet,6a2273fba5ae30129663961fa23923f07c9db239725a53bc632f04c86addf9de,,,,,,,False,
2023-24/08.04.23_NLDC_PSP.xls,no_timeseries_sheet,6f12356c7de5d05108f9c981a24bb309a99ff0329a931a48a87adbe0cc9fd31a,,,,,,,False,
2023-24/08.05.23_NLDC_PSP.xls,no_timeseries_sheet,315c50488cc698bb6170ed5d10d18423fc97a53e4af79af1ae9bfac839bf28ca,,,,,,,False,
2023-24/08.06.23_NLDC_PSP.xls,no_timeseries_sheet,ba3bb93c4a883a0a27e338e858f5bc932a15f3880d8026cd7942f7ce3c9787fd,,,,,,,False,
2023-24/08.07.23_NLDC_PSP.xls,no_timeseries_sheet,024e5ea4f24db813bb8319af2d24f43e33de72f9f48093e0ab6f843226019313,,,,,,,False,
2023-24/08.08.23_NLDC_PSP.xls,no_timeseries_sheet,c9c1526fbb7d7160cd2bf4d989b6854b3046c0452ea2c29a72a0a19bac2895a6,,,,,,,False,
2023-24/08.09.23_NLDC_PSP.xls,no_timeseries_sheet,9ce14e036c6dd529f169311ac50aefeb7607d2aca2100b1af90c32764ac84c54,,,,,,,False,
2023-24/08.10.23_NLDC_PSP.xls,no_timeseries_sheet,9fba729e1c0bcbb3a9a8c366b844eacb560f96b92fcd876436204cd9f8337ab1,,,,,,,False,
2023-24/08.11.23_NLDC_PSP.xls,no_timeseries_sheet,7e7d3376636cdfbc32be350a7981c589bff5692648223aa815aeb27e7cf36797,,,,,,,False,
2023-24/08.12.23_NLDC_PSP.xls,no_timeseries_sheet,c1526523fb687f33bbcb55b38abcce79501ca0287cded25ab34984998e6e2417,,,,,,,False,
2023-24/09.01.24_NLDC_PSP.xls,no_timeseries_sheet,b972b210074c521686ee75eda0f03d0150f2bed357681fd87471d3499aa5ee9f,,,,,,,False,
2023-24/09.02.24_NLDC_PSP.xls,no_timeseries_sheet,5721f886c7c8be479150023e65a697c211cfc0819e0d0852ef10434826222771,,,,,,,False,
2023-24/09.03.24_NLDC_PSP.xls,no_timeseries_sheet,5d3f37884acf4c41260c9f71c9a83f662e52ea44787ab27d4277dac6eff31110,,,,,,,False,
2023-24/09.04.23_NLDC_PSP.xls,no_timeseries_sheet,eb600558e159bffb365c14243e80f395c8608a4c7c6753bc8cf36acfb8e65e57,,,,,,,False,
2023-24/09.05.23_NLDC_PSP.xls,no_timeseries_sheet,b39613f97b6960fef1bece79e2c6ca59162cc5ab5f323608072ee5d6e719114e,,,,,,,False,
2023-24/09.06.23_NLDC_PSP.xls,no_timeseries_sheet,d671ad81d55577f5662e495c55678cf9fe1ba4ebf17d5300c4a59d0e2e6eaa57,,,,,,,False,
2023-24/09.07.23_NLDC_PSP.xls,no_timeseries_sheet,136bc4c46d14cf2589b016b94a42297ed5feff909c14ad25b57926f7b5294c22,,,,,,,False,
2023-24/09.08.23_NLDC_PSP.xls,no_timeseries_sheet,e70424c6b86f34996d10d3a93e8f5911777b79834d356aa9984c5fd06f03ac57,,,,,,,False,
2023-24/09.09.23_NLDC_PSP.xls,no_timeseries_sheet,3e5bcad34ae475380315152cd8b1409510d41af83d9e5da3e4b3cee9a29cc765,,,,,,,False,
2023-24/09.10.23_NLDC_PSP.xls,no_timeseries_sheet,311fb4d2348738a2aa4cd8e01836b381fc08225cb1ad59da157ad615e62947be,,,,,,,False,
2023-24/09.11.23_NLDC_PSP.xls,no_timeseries_sheet,6909cc8412e49874b8c2b913eadff1bd892abf6e73fecb61dc9ac35f4bab28fc,,,,,,,False,
2023-24/09.12.23_NLDC_PSP.xls,no_timeseries_sheet,c60a454f9192f28fa011d151fc9223e8ffde9c2c11b5eeb72d614c0cde0e644b,,,,,,,False,
2023-24/10.01.24_NLDC_PSP.xls,no_timeseries_sheet,94d0a7cd3a6af02a0fccf4f0dc2418573323909f08f2a99574524c8ef8d13f49,,,,,,,False,
2023-24/10.02.24_NLDC_PSP.xls,no_timeseries_sheet,145104665d5b3e866459984bb9ccc7ae4066b73cb9d73370a4dfe1cb38e12c0c,,,,,,,False,
2023-24/10.03.24_NLDC_PSP.xls,no_timeseries_sheet,107bbce0cdca532174e030acefe856d8456ca6cc79f761b528bc289937ee5733,,,,,,,False,
2023-24/10.04.23_NLDC_PSP.xls,no_timeseries_sheet,d767094da7a745950277b198373ea9a3de47ec2079671a4829310678a7030215,,,,,,,False,
2023-24/10.05.23_NLDC_PSP.xls,no_timeseries_sheet,a59edc34d61ea2f6d44b43f13a07685c56db38e17f3a1171101e5cced8d64301,,,,,,,False,
2023-24/10.06.23_NLDC_PSP.xls,no_timeseries_sheet,a6e596bb9da3c4510dd8fe6c08d629618ad4ee4afec70222e13f4070d143e7c1,,,,,,,False,
2023-24/10.07.23_NLDC_PSP.xls,no_timeseries_sheet,1f25aa07b3cedbe403660ea715fd1342935253f5b0eb787a25af257576615e0f,,,,,,,False,
2023-24/10.08.23_NLDC_PSP.xls,no_timeseries_sheet,cf406dc7d9b7a95f86f4102d2dd881100a37d85888c9f346221b1ddfd6dc82b1,,,,,,,False,
2023-24/10.09.23_NLDC_PSP.xls,no_timeseries_sheet,faa4b74c1679c1a61b6b79039b9f09dbed0778c1e5471c6949e28820bdefbf36,,,,,,,False,
2023-24/10.10.23_NLDC_PSP.xls,no_timeseries_sheet,d25bd5bbeb696f3407fa75062472040f3afecd5a862b81327ba2ea51ca8bb78a,,,,,,,False,
2023-24/10.11.23_NLDC_PSP.xls,no_timeseries_sheet,0968ad6d05a1bd1b405caaa7bafc6042b108e48228d55c5bca495f5bd25716a8,,,,,,,False,
2023-24/10.12.23_NLDC_PSP.xls,no_timeseries_sheet,b5d39bd1293b6ef9682c2f9a862b1c7b36582b02f60af4b04ef52196ea4f6130,,,,,,,False,
2023-24/11.01.24_NLDC_PSP.xls,no_timeseries_sheet,e205e9fdf07873e858f01dee8536e6072352e60ac50d7cec37926b2ea1e5afbe,,,,,,,False,
2023-24/11.02.24_NLDC_PSP.xls,no_timeseries_sheet,02492b997d3a38690bf973d42f2220af0e709e37364ecd8d5cd34318f15c5b29,,,,,,,False,
2023-24/11.03.24_NLDC_PSP.xls,no_timeseries_sheet,28ad83fd480fcb0c2c16469ac968d8d6adc6b1f7aafe84b8547eaf52d0d8e82e,,,,,,,False,
2023-24/11.04.23_NLDC_PSP.xls,no_timeseries_sheet,71aa02a03e18a4477da9b7583b59337104d76965cac05c1ace1779349dc90cfe,,,,,,,False,
2023-24/11.05.23_NLDC_PSP.xls,no_timeseries_sheet,2550eec6bb101dd305b26274eb8dac29f8ec0d0dc62bf593471074b3d59220ff,,,,,,,False,
2023-24/11.06.23_NLDC_PSP.xls,no_timeseries_sheet,8d1ac4abb03573ab71b034e6ec079c79448e7aa68f1be70073253e0994763cb1,,,,,,,False,
2023-24/11.07.23_NLDC_PSP.xls,no_timeseries_sheet,0e626134b5bdb18d66ff5d3ba21b9cea6c6b5c57f80c90f6fe3038489abce461,,,,,,,False,
2023-24/11.08.23_NLDC_PSP.xls,no_timeseries_sheet,4ce99866bb47ff415392204f14aa2801e042e2dde7c979923ffe3f9625787fd0,,,,,,,False,
2023-24/11.09.23_NLDC_PSP.xls,no_timeseries_sheet,4e096c6d82765378c039460a28eeae22939d060d87d8493353c2758bd6720634,,,,,,,False,
2023-24/11.10.23_NLDC_PSP.xls,no_timeseries_sheet,18cd793ab9d1a35356df675838d113ed58f2508186d23b5c795d9b0814faab71,,,,,,,False,
2023-24/11.11.23_NLDC_PSP.xls,no_timeseries_sheet,507f35b1ddae24bf46e4f7fdb44937217de47caceeded0612552a9b882cb87e6,,,,,,,False,
2023-24/11.12.23_NLDC_PSP.xls,no_timeseries_sheet,0392da963a33dc3d9816beb636f552687de1ac9486b2a0506dfd5d300b88834f,,,,,,,False,
2023-24/12.01.24_NLDC_PSP.xls,no_timeseries_sheet,b43f2a508c68c7b3357721521a7cb9e050863e3519049c6b5311ada8a74cf08d,,,,,,,False,
2023-24/12.02.24_NLDC_PSP.xls,no_timeseries_sheet,38d0bb16ada11002332ab76b84631a77bdf75665b4e0a1d1d8142c25293b0fab,,,,,,,False,
2023-24/12.03.24_NLDC_PSP.xls,no_timeseries_sheet,f1605855f0d9562156a7675fcf276583e0eb869721912f3f6225f689ad4bd53d,,,,,,,False,
2023-24/12.04.23_NLDC_PSP.xls,no_timeseries_sheet,e758763aa4fc397456464c2bec1ba8b4ee6c778d9c6f0f4c5ab47432467bf506,,,,,,,False,
2023-24/12.05.23_NLDC_PSP.xls,no_timeseries_sheet,8b32cb7290e9d36521e2240d928f51ec1f2904d7a81db28c19deab81bcea68b5,,,,,,,False,
2023-24/12.06.23_NLDC_PSP.xls,no_timeseries_sheet,a4c679f956f96d709baa93edce8d49a425ce9375c32f748fc6f6d88f43c074c5,,,,,,,False,
2023-24/12.07.23_NLDC_PSP.xls,no_timeseries_sheet,311241532037600a3522f538df1401af34cee3ce2ff949bd7dd65cb3ee2855ad,,,,,,,False,
2023-24/12.08.23_NLDC_PSP.xls,no_timeseries_sheet,0eb8e3f631a8a94ab2431e83093f9d85f91a017d15a0a6c109353f39a25ef1a6,,,,,,,False,
2023-24/12.09.23_NLDC_PSP.xls,no_timeseries_sheet,649c05bc951adf2f35de7015240144994b836ee5240ce841319d9831ce4022a0,,,,,,,False,
2023-24/12.10.23_NLDC_PSP.xls,no_timeseries_sheet,bf681c6ac847003976d4acf34617c151be2406f4d3e22cbb90b6246cb0a03a8d,,,,,,,False,
2023-24/12.11.23_NLDC_PSP.xls,no_timeseries_sheet,4cd37734347ab042018f0eae3dafb3a5961391b2fb5baee9ca93dc69f0133ece,,,,,,,False,
2023-24/12.12.23_NLDC_PSP.xls,no_timeseries_sheet,811c58495a6637fce88922598dc3a68a036a98404564b185843978f4f8dc2726,,,,,,,False,
2023-24/13.01.24_NLDC_PSP.xls,no_timeseries_sheet,716a3c9905b31fce21f3c08bec6b6634abc1b88a30ffa00665c1986a4c56a9b6,,,,,,,False,
2023-24/13.02.24_NLDC_PSP.xls,no_timeseries_sheet,64f06eb8cd6f8275603daa0e04f3ea0db803cc996147b10a56b6bd8dc7fb620a,,,,,,,False,
2023-24/13.03.24_NLDC_PSP.xls,no_timeseries_sheet,c405c0fd58dc2f4c5ffeb42948f029aaddef41527b0d84dd056a3109c5bd0c09,,,,,,,False,
2023-24/13.04.23_NLDC_PSP.xls,no_timeseries_sheet,765e2814f5c7341e0ef28bd17b77844aa98a0cc76e7e2ad5b25ec1bcc97e8975,,,,,,,False,
2023-24/13.05.23_NLDC_PSP.xls,no_timeseries_sheet,aef173f8680c9ee053980a77eca181d1eafb4305aa2505489642912a3331a182,,,,,,,False,
2023-24/13.06.23_NLDC_PSP.xls,no_timeseries_sheet,883f5ad3723608c4f6f21d161f5384ad05f0580f8be551b04c7eb1287891c8a6,,,,,,,False,
2023-24/13.07.23_NLDC_PSP.xls,no_timeseries_sheet,8dc4642f3339b62ec39c495eef70b98d705c80ae49f0e28a5f5b0b1c1f851ede,,,,,,,False,
2023-24/13.08.23_NLDC_PSP.xls,no_timeseries_sheet,2250fe9c5740c951fdb6afb4458a087b8b1e916f7c34d65674bb8a797a5f50ab,,,,,,,False,
2023-24/13.09.23_NLDC_PSP.xls,no_timeseries_sheet,75bf9ffa45691265f6b2ef88887af393154c797227270152d22a8490d89211fc,,,,,,,False,
2023-24/13.10.23_NLDC_PSP.xls,no_timeseries_sheet,5ebe012b7182338ecea03bc6d0a94052a5de6830194c5c77b8024197acbd89ff,,,,,,,False,
2023-24/13.11.23_NLDC_PSP.xls,no_timeseries_sheet,23f5a68eb1e2a288204b5ddb430c8bc0d3e39c6556659117c9d3422f4874e4bb,,,,,,,False,
2023-24/13.12.23_NLDC_PSP.xls,no_timeseries_sheet,957bd78b5461fa01ecc19a627fe31cb6f3a40dcc3b611e0fc681ac7ca64df29d,,,,,,,False,
2023-24/14.01.24_NLDC_PSP.xls,no_timeseries_sheet,18c6867144264c3ccfe992709778554a3261e2e562389d99d45605c32c7c1fc0,,,,,,,False,
2023-24/14.02.24_NLDC_PSP.xls,no_timeseries_sheet,58b6b1808856f640adf0035d39dceacb7ffddcbfd2397dcbd62e211d8994213c,,,,,,,False,
2023-24/14.03.24_NLDC_PSP.xls,no_timeseries_sheet,1cb3a9d0423e51e4806d0b1eae1c2a6d628ac07ab91c72c02fba430b2fce2d64,,,,,,,False,
2023-24/14.04.23_NLDC_PSP.xls,no_timeseries_sheet,f6a2a4410ae3b2c4aff92ff072b83a9859c31e1da6eba12ff5edccf9f24e724f,,,,,,,False,
2023-24/14.05.23_NLDC_PSP.xls,no_timeseries_sheet,d143011e2ca4de56cd807e890fd7449ef6124c73086c5f617f59d62ce66ddd33,,,,,,,False,
2023-24/14.06.23_NLDC_PSP.xls,no_timeseries_sheet,55538cd175508c7ced225a23026c6992f40f1987b7593cb9476b8d117ba2313d,,,,,,,False,
2023-24/14.07.23_NLDC_PSP.xls,no_timeseries_sheet,29fff355bfb975d234336df7cf9f694d05883633c704a0f82d49ae638f875491,,,,,,,False,
2023-24/14.08.23_NLDC_PSP.xls,no_timeseries_sheet,0f9a5c59d899ba13dd383f3a46a23a80b4f5808c2690bf4a485d20d8e50a56b5,,,,,,,False,
2023-24/14.09.23_NLDC_PSP.xls,no_timeseries_sheet,f7a6f783fdd7735bcf4e6b6de87d604553eab618f10c6242d22d10c1d5af9565,,,,,,,False,
2023-24/14.10.23_NLDC_PSP.xls,no_timeseries_sheet,fee1096b828465474096358c5f0c38e5525b065c5e12c24bda0cc2b474ed8494,,,,,,,False,
2023-24/14.11.23_NLDC_PSP.xls,no_timeseries_sheet,e4bb5213f04ddc0bc2b086b917f2084ee8d3adaff73cc03f0204e02fda241e67,,,,,,,False,
2023-24/14.12.23_NLDC_PSP.xls,no_timeseries_sheet,1756f42a5673958976cab7c3ff9263c870f93e398829d94ec626fc7617d031e0,,,,,,,False,
2023-24/15.01.24_NLDC_PSP.xls,no_timeseries_sheet,eca2a5ac17d31d275c7dd91e3b194a0bd413d3c23871d9b7c173c2dab9c437b6,,,,,,,False,
2023-24/15.02.24_NLDC_PSP.xls,no_timeseries_sheet,9ca15ead8ca0f26a0db48f730913b8b72a43431e54cfc3eb153f272ffe9eefe0,,,,,,,False,
2023-24/15.03.24_NLDC_PSP.xls,no_timeseries_sheet,e71c545522bc28c018038cbf18236c68c844a611d27fbbd8372dc1a33eef6184,,,,,,,False,
2023-24/15.04.23_NLDC_PSP.xls,no_timeseries_sheet,73b953f2f7fcf52dab6f4cc7c4b6fcd9ac52f5eb8126e628937c5b723a115c14,,,,,,,False,
2023-24/15.05.23_NLDC_PSP.xls,no_timeseries_sheet,fe1287d3cd54711677f55f2a7906a2c9e874ee7d977d0e40a941eefd307ac9e4,,,,,,,False,
2023-24/15.06.23_NLDC_PSP.xls,no_timeseries_sheet,8e6204a82f7e71bf042e5db5ba987d5abdb2d4ae89e76783c9831bbe8317cd76,,,,,,,False,
2023-24/15.07.23_NLDC_PSP.xls,no_timeseries_sheet,92daa454876ea59b0d3e7d1466a93234e394d9a83c21be868b564659aaed6333,,,,,,,False,
2023-24/15.08.23_NLDC_PSP.xls,no_timeseries_sheet,a5fb22cd8ab009ee1608debafc4b6cb38486bd4c77e951a51e96871a1b6c0eb5,,,,,,,False,
2023-24/15.09.23_NLDC_PSP.xls,no_timeseries_sheet,f059be2192a1f1e789cc79525ecb165c9cacd737a4bbe6cf5de8c97ba504d6c9,,,,,,,False,
2023-24/15.10.23_NLDC_PSP.xls,no_timeseries_sheet,2b801b8d289135bc74264be7d4d8ae7f3b42831635a5ce45cf0a7441c9ace903,,,,,,,False,
2023-24/15.11.23_NLDC_PSP.xls,no_timeseries_sheet,e640cfdeee432d00fbd5f2ff1d43c0de9575473f2962f3c2446633ffb512f5b1,,,,,,,False,
2023-24/15.12.23_NLDC_PSP.xls,no_timeseries_sheet,a57df265231ec04667691c0a61e43d718b148ca985f87779729a33cd6eac48d9,,,,,,,False,
2023-24/16.01.24_NLDC_PSP.xls,no_timeseries_sheet,cfa0064d96a567945fb0f8c56345aa5c4f89d9909eaae4e518dcb2bc9b1c9c8e,,,,,,,False,
2023-24/16.02.24_NLDC_PSP.xls,no_timeseries_sheet,bf2e4d15e2616351db778ef97a15020baf2612e34141554397e00c27a902c9bc,,,,,,,False,
2023-24/16.03.24_NLDC_PSP.xls,no_timeseries_sheet,16fa8f3c906a43ac2bfb5c6db2be45f89b15b59e5e26ec1e77ba18ef20e2e38a,,,,,,,False,
2023-24/16.04.23_NLDC_PSP.xlsx,no_timeseries_sheet,cc64c046e2036a6f16b1681be01cf08f99b41d2c8b378e056860a1c88d05e334,,,,,,,False,
2023-24/16.05.23_NLDC_PSP.xls,no_timeseries_sheet,deda6527a1761c5c6996d36e0cef4b0dca0f04421ae8d4bf0d11fb53542e8632,,,,,,,False,
2023-24/16.06.23_NLDC_PSP.xls,no_timeseries_sheet,da17145d2e3b4c79caeddc657cd5ffb2c1a434ef46de47d677835fde1ff92fa4,,,,,,,False,
2023-24/16.07.23_NLDC_PSP.xls,no_timeseries_sheet,e56e8a291b3ce1061a35435049bcc28e277a84e66c3d9895a4f658df06d66313,,,,,,,False,
2023-24/16.08.23_NLDC_PSP.xls,no_timeseries_sheet,709932521912e376e20b9fa89ac02b3396473c0f009a0a709b3562c06d646e3f,,,,,,,False,
2023-24/16.09.23_NLDC_PSP.xls,no_timeseries_sheet,0ff6f9ba386bd62575c927efdd3e965ae7647de6cdd2992535b578f0806d48b6,,,,,,,False,
2023-24/16.10.23_NLDC_PSP.xls,no_timeseries_sheet,8af9c2b8038e672bcd607b854e779a5a182a72c744ec1e62eb441f1d00cc6390,,,,,,,False,
2023-24/16.11.23_NLDC_PSP.xls,no_timeseries_sheet,ff13fd80079970e07864263065fb23238b3e6fda4d538c529fc8ec5abafabf6a,,,,,,,False,
2023-24/16.12.23_NLDC_PSP.xls,no_timeseries_sheet,0b045a4310de50b575ba29ef1618ad815271026fe152cefb130fab51790901d1,,,,,,,False,
2023-24/17.01.24_NLDC_PSP.xls,no_timeseries_sheet,22a49601742fec8e95fd722cc82b544900ba3cd757f991c9e426f9cd7d81553f,,,,,,,False,
2023-24/17.02.24_NLDC_PSP.xls,no_timeseries_sheet,6faeb9708e3a4381e2f43833b3997585e32c1f407318051b87bc209c12d4cda2,,,,,,,False,
2023-24/17.03.24_NLDC_PSP.xls,no_timeseries_sheet,1b9acbca4ee664979dcc8f04076ca192c79138cfbdab99691e37a4dc6c7a2044,,,,,,,False,
2023-24/17.04.23_NLDC_PSP.xlsx,no_timeseries_sheet,2da3e96a7176172c52ccb6bd64a1da8db1a786870b0454ff3d05ef0444f8fdfe,,,,,,,False,
2023-24/17.05.23_NLDC_PSP.xls,no_timeseries_sheet,010e108ca933d08a747ae9f2a644b75f5c7822254456ec9b621f6912379cdb40,,,,,,,False,
2023-24/17.06.23_NLDC_PSP.xls,no_timeseries_sheet,1b095d5bff0983d511530a7f49dc12d018831a46e1b84686c4cc9bfbe350808b,,,,,,,False,
2023-24/17.07.23_NLDC_PSP.xls,no_timeseries_sheet,1cf7a17b0451f78f5cfd2be99b4b31924d3d9e9cf87e32675ce00860026e1a53,,,,,,,False,
2023-24/17.08.23_NLDC_PSP.xls,no_timeseries_sheet,725f1889b4ee10867a9dc7749b81040a10ad6b0956dcfc8c14332cd366b94b0b,,,,,,,False,
2023-24/17.09.23_NLDC_PSP.xls,no_timeseries_sheet,5f21e302b7a677dadefd41823d3e129d8a84b11232c8a08a38665cfcb2e2891c,,,,,,,False,
2023-24/17.10.23_NLDC_PSP.xls,no_timeseries_sheet,11041a06fd70849e2e375c0399a7c79757a398aee1fe6530899bbe2d12a0acd9,,,,,,,False,
2023-24/17.11.23_NLDC_PSP.xls,no_timeseries_sheet,38ffd4cf2d9199d8b05406e2ef8e93945f8d91dfe71553d2a59aa4d9749457e4,,,,,,,False,
2023-24/17.12.23_NLDC_PSP.xls,no_timeseries_sheet,e4dd949fd4cf5ab1e08f6f7abb44538ecfa1a9554b8b96d833ed06f880cd77b1,,,,,,,False,
2023-24/18.01.24_NLDC_PSP.xls,no_timeseries_sheet,0fca6ad8a9dea53626f0fc0d987659da0de2f0e1a9310ef761b3743e46a1ed08,,,,,,,False,
2023-24/18.02.24_NLDC_PSP.xls,no_timeseries_sheet,910024218c8e22b5bdecfd0ead2b21ab59a3ea98da4eb5e76f32ea1958fab94c,,,,,,,False,
2023-24/18.03.24_NLDC_PSP.xls,no_timeseries_sheet,b7be9965ccf56f803a5d4b9818d33dd7701e8a1ac40dc01489dc40d25db01b9c,,,,,,,False,
2023-24/18.04.23_NLDC_PSP.xlsx,no_timeseries_sheet,93b25a28af21d36c78344590cea3809093b374e579684d0e2faea73f73d42525,,,,,,,False,
2023-24/18.05.23_NLDC_PSP.xls,no_timeseries_sheet,445d32be88d84344548428296a3026eca1d97a738f8a55ceaa12931039236b56,,,,,,,False,
2023-24/18.06.23_NLDC_PSP.xls,no_timeseries_sheet,329da9fd1a4f7a5c4f3e5c27044874aaa26fc9d2d069a8cc170c50e8bdcf8420,,,,,,,False,
2023-24/18.07.23_NLDC_PSP.xls,no_timeseries_sheet,246c4c90a5371efc1086e5ce5b6553a673befef100aa21bec4980a97ad9de0f0,,,,,,,False,
2023-24/18.08.23_NLDC_PSP.xls,no_timeseries_sheet,62f6ae530124a44364b2c04626e90406b1b2a9db8b0ccca902668600718e05bf,,,,,,,False,
2023-24/18.09.23_NLDC_PSP.xls,no_timeseries_sheet,8fd530ba7ecf9b128303f0083c13bd6421adedce58c07b67a9ab24dd50282939,,,,,,,False,
2023-24/18.10.23_NLDC_PSP.xls,no_timeseries_sheet,d25a513a3cb89a4047fe8bd59630de17401cf4f7c14145632543bd399c6d9723,,,,,,,False,
2023-24/18.11.23_NLDC_PSP.xls,no_timeseries_sheet,5f2a47e131e140ceddb317a3de1dbfe2bbbf576918685720b8e1a8ac3afa4505,,,,,,,False,
2023-24/18.12.23_NLDC_PSP.xls,no_timeseries_sheet,c925e14837bb3364b2ef6cab069e234b92850ae189fe92266e1c2dbbb06732d1,,,,,,,False,
2023-24/19.01.24_NLDC_PSP.xls,no_timeseries_sheet,880c3621febbf87a3afa0041435beaa92dbf2284961e76cfe72d7f82668ffb0f,,,,,,,False,
2023-24/19.02.24_NLDC_PSP.xls,no_timeseries_sheet,92fb12700ec3fbaf0f418d607001259eb52c00c91d887f01191b0144c411404f,,,,,,,False,
2023-24/19.03.24_NLDC_PSP.xls,no_timeseries_sheet,c727c26f32628b439c04f7f9efe453976a3bd534dfd45bdbc6d1fe4fedb1691d,,,,,,,False,
2023-24/19.04.23_NLDC_PSP.xlsx,no_timeseries_sheet,ab50c517b45ec49573a3eeeb3101884bf7c8910985dd39f117026c63a3b3b713,,,,,,,False,
2023-24/19.05.23_NLDC_PSP.xls,no_timeseries_sheet,b52ac3dfd4119cc250e584a3635c8dd372868594a03d46140e83acf535bd9264,,,,,,,False,
2023-24/19.06.23_NLDC_PSP.xls,no_timeseries_sheet,7386478af7592c911e9c0cf366631c1e8f1bb933cbd409a50dd78f34a9268270,,,,,,,False,
2023-24/19.07.23_NLDC_PSP.xls,no_timeseries_sheet,08d8de0b3c57de6c6329da1e5b091edf9c32abc11190ec0fe52e1609763a87fe,,,,,,,False,
2023-24/19.08.23_NLDC_PSP.xls,no_timeseries_sheet,c5848e301a165a68c44f4dc5ffb407ccb505dea35791f3583472d32bb6ab0a74,,,,,,,False,
2023-24/19.09.23_NLDC_PSP.xls,no_timeseries_sheet,292e3b1c32d4818c8b076b923e85feff6d2db792214e954c9fb5b4517b1941d9,,,,,,,False,
2023-24/19.10.23_NLDC_PSP.xls,no_timeseries_sheet,87b1ef4f1b7e3cac6c6ef14439fc5efc2fea9db009ea54b0f169ea0a0e8d0312,,,,,,,False,
2023-24/19.11.23_NLDC_PSP.xls,no_timeseries_sheet,106545f67b82428ede09a11b58c529f42ab3888b51e08a7ea7efcc092145c205,,,,,,,False,
2023-24/19.12.23_NLDC_PSP.xls,no_timeseries_sheet,f3c41d477b5c496d3ed6f787a2e13cb6f6020e5d329ce266152541477e2da725,,,,,,,False,
2023-24/20.01.24_NLDC_PSP.xls,no_timeseries_sheet,0df73b79e1059982fa141176ca0b2db575ce023a6bbc7ddb7ad6c2bb0efba9d5,,,,,,,False,
2023-24/20.02.24_NLDC_PSP.xls,no_timeseries_sheet,fc0a62b633e8ef68f10f7a8772e483956a21560095e6af01091b71f54afc06cd,,,,,,,False,
2023-24/20.03.24_NLDC_PSP.xls,no_timeseries_sheet,f1c7cb6b6785a12291695f992289c54d263c2611fb731e5928645317be2ee64c,,,,,,,False,
2023-24/20.04.23_NLDC_PSP.xlsx,no_timeseries_sheet,eb190d64faa4981165b25a80ade82e36954694282d1f2cd992573ad8a6ea9a59,,,,,,,False,
2023-24/20.05.23_NLDC_PSP.xls,no_timeseries_sheet,a134d7bff9b8d7619712b6c04de0ec1fed8ab70b89dd792cfe948dbdb9c9ec9e,,,,,,,False,
2023-24/20.06.23_NLDC_PSP.xls,no_timeseries_sheet,51e41ad5013f41234e673992df35dd4a3d41aee6caa57936d5795ec0f9f066dd,,,,,,,False,
2023-24/20.07.23_NLDC_PSP.xls,no_timeseries_sheet,05d3e981e62e24d3ddd3873c99f7e3b1ce77dcf8f4dd9af6c424238b1043966d,,,,,,,False,
2023-24/20.08.23_NLDC_PSP.xls,no_timeseries_sheet,d98282ba3f53e49afdcdabb1215f11f68476e1ffbb6a29d6e6720068f4740403,,,,,,,False,
2023-24/20.09.23_NLDC_PSP.xls,no_timeseries_sheet,e2f96d39a131b6498da8409376e1875cba82cfc000f401f816cec160f063f4f1,,,,,,,False,
2023-24/20.10.23_NLDC_PSP.xls,no_timeseries_sheet,1b1a1e8aa68aed0f2bc930db90c0a0d51d301a5f9ec13e774c16693aeab56524,,,,,,,False,
2023-24/20.11.23_NLDC_PSP.xls,no_timeseries_sheet,0b75c8f8b403d915f4d258d1dff3566201386d0bb9223ab54fb125178ae19180,,,,,,,False,
2023-24/20.12.23_NLDC_PSP.xls,no_timeseries_sheet,0ade21d971e63c6cf5be9618394e7e0ff001137f83c8c30762a86897fa9cfe77,,,,,,,False,
2023-24/21.01.24_NLDC_PSP.xls,no_timeseries_sheet,6fc809a2deb85e0c1596268f093091e696ed80b275a3cff4845a9644c8e91f36,,,,,,,False,
2023-24/21.02.24_NLDC_PSP.xls,no_timeseries_sheet,d742febb90e10e89e795bbbc932e7aea7501790ab0377699d60d0814d235cc86,,,,,,,False,
2023-24/21.03.24_NLDC_PSP.xls,no_timeseries_sheet,eed0c6c34e22254b14d91f13031277743d33797b14e0c641309d47f62b760ece,,,,,,,False,
2023-24/21.04.23_NLDC_PSP.xlsx,no_timeseries_sheet,ef4dc0f067caf2012c97eec7009714c0df4e29dfea49b256476558168c4acbae,,,,,,,False,
2023-24/21.05.23_NLDC_PSP.xls,no_timeseries_sheet,327a08362ec1b674d2958e85ea0ad87073a7668805aa894b1cd5ba089c2d2935,,,,,,,False,
2023-24/21.06.23_NLDC_PSP.xls,no_timeseries_sheet,e45bc2f50bd4d9b8725f3340ac8aada5815e10bf87bfe7da71150df337fd5b0d,,,,,,,False,
2023-24/21.07.23_NLDC_PSP.xls,no_timeseries_sheet,8a3ad7bcedc8276d2855d9bd7b3f65fdd9305cb58dd421f80f962c2f545d247c,,,,,,,False,
2023-24/21.08.23_NLDC_PSP.xls,no_timeseries_sheet,cc77ba8bbcca73d91f22e23f097103b600c580120534e6319abbc3444976d32c,,,,,,,False,
2023-24/21.09.23_NLDC_PSP.xls,no_timeseries_sheet,ed3a87d741d457de44b9f208e72844a73edf5d4478cee4540289407a455e7acf,,,,,,,False,
2023-24/21.10.23_NLDC_PSP.xls,no_timeseries_sheet,7493235ddd609e5b52f183dca857a2e8f3fddc12cd7e47d0a769a7a867154f49,,,,,,,False,
2023-24/21.11.23_NLDC_PSP.xls,no_timeseries_sheet,dc5344b3b54a25b199c3732a63c567d2b3908637afd9aa1f8234dbf4f42bd74e,,,,,,,False,
2023-24/21.12.23_NLDC_PSP.xls,no_timeseries_sheet,0786428723f4ac69f0da1767ed0f9626521cc421575c8954064aa17e9442222a,,,,,,,False,
2023-24/22.01.24_NLDC_PSP.xls,no_timeseries_sheet,7c8c3617253dd25532c259701b3553b70d3cce5899d0d8d13d112bbe5ef50f2a,,,,,,,False,
2023-24/22.02.24_NLDC_PSP.xls,no_timeseries_sheet,09e6e48c66068c730619409ecd0a5f1b91271e8de41becc2821fd4956c94cd6d,,,,,,,False,
2023-24/22.03.24_NLDC_PSP.xls,no_timeseries_sheet,ff383aa5863366579a4bd44182e383afb23c7b8b25c7569107aa54497fb5a814,,,,,,,False,
2023-24/22.04.23_NLDC_PSP.xlsx,no_timeseries_sheet,5ad49630e706cf58c1e210cb12d1d51b964bb3010696a6001b407ebe32065748,,,,,,,False,
2023-24/22.05.23_NLDC_PSP.xls,no_timeseries_sheet,fee5b1342c76d83e0f48cc3538cb29ace6702c6ce0de21b8299f4daa81ad4a2b,,,,,,,False,
2023-24/22.06.23_NLDC_PSP.xls,no_timeseries_sheet,8f84ea4113230cfa49d2e14b3631415c95f06637869a73549defb9a77970ac06,,,,,,,False,
2023-24/22.07.23_NLDC_PSP.xls,no_timeseries_sheet,8427104fdab9b7b5b791e1b775d19651e460d923215062fcfbf92e9fe3606103,,,,,,,False,
2023-24/22.08.23_NLDC_PSP.xls,no_timeseries_sheet,9c4120113dd4bcfdfb775dfb02db1919c07e6fee4463cc18418bfb18107516ab,,,,,,,False,
2023-24/22.09.23_NLDC_PSP.xls,no_timeseries_sheet,ad9b221cfe86c19c73d2aec546dee05cb1fa0429f06b0f8b410ad98fc8e3b489,,,,,,,False,
2023-24/22.10.23_NLDC_PSP.xls,no_timeseries_sheet,b8115c74996118a1f70d63880ea3234a9adc1e16788ce5ad311c534c7a0722f6,,,,,,,False,
2023-24/22.11.23_NLDC_PSP.xls,no_timeseries_sheet,ea33e63d7627640927a54680a8d28ea3c37b29d5f8c0db63800fc6467e9f2a18,,,,,,,False,
2023-24/22.12.23_NLDC_PSP.xls,no_timeseries_sheet,d273851aece8d0b16c57d55611004e0314a15b678fe9f6b6450461fbb2a9872d,,,,,,,False,
2023-24/23.01.24_NLDC_PSP.xls,no_timeseries_sheet,d759124db8e8da78d9f10cba23de69801af826609dd33eb06875088ca93cbabe,,,,,,,False,
2023-24/23.02.24_NLDC_PSP.xls,no_timeseries_sheet,1d75df6e4ea2ff049a4ba678eafccec95e2dd3eef405577f0db58859eb398038,,,,,,,False,
2023-24/23.03.24_NLDC_PSP.xls,no_timeseries_sheet,47228f4cac2c845230d91a4cff1bc7d49ea82a197580a7c239ed68f50bd4ab21,,,,,,,False,
2023-24/23.04.23_NLDC_PSP.xlsx,no_timeseries_sheet,803f68bd38c7def2d82b6f3fecb18b96a8e5d23b98462d4e332ff99f349b359d,,,,,,,False,
2023-24/23.05.23_NLDC_PSP.xls,no_timeseries_sheet,e319cd42f8437cedb7358a7b35cd39c11d06b9e2dbf768bd0d74720c4a35e1ac,,,,,,,False,
2023-24/23.06.23_NLDC_PSP.xls,no_timeseries_sheet,34605c1e5fdd1f928f8fea50158aeb35e0687ad753bac2cbab1627d63dd35e88,,,,,,,False,
2023-24/23.07.23_NLDC_PSP.xls,no_timeseries_sheet,d6ac88c2f6d6131a1b396ac6078399366970fbbd6990815a257536b1f7f9d3d8,,,,,,,False,
2023-24/23.08.23_NLDC_PSP.xls,no_timeseries_sheet,3c2350d9563d88f25cd20f0e30083d04b7d1b993969222fd8aadf0f643a3738f,,,,,,,False,
2023-24/23.09.23_NLDC_PSP.xls,no_timeseries_sheet,3c7dd6fdf6ad4de144366a031a6ee2ae58d20ad28e40a1caf1f2bf5960f45891,,,,,,,False,
2023-24/23.10.23_NLDC_PSP.xls,no_timeseries_sheet,fc618ecd1978d5e0a0eb911b233bed0f33becb75b63774ac97445e4b659b948c,,,,,,,False,
2023-24/23.11.23_NLDC_PSP.xls,no_timeseries_sheet,2e38a88b6169043caa139fed804e2c63ccf7c0805559a569d2b8fa9de7940182,,,,,,,False,
2023-24/23.12.23_NLDC_PSP.xls,no_timeseries_sheet,e923ae193356635e5d15c38c36b1e96a099463036aa16a10e608f7ae1c5ea66a,,,,,,,False,
2023-24/24.01.24_NLDC_PSP.xls,no_timeseries_sheet,f398741517ff0c389ea275bf2a5f3eb1ac7e2c588069c288e191e46a48d3ece8,,,,,,,False,
2023-24/24.02.24_NLDC_PSP.xls,no_timeseries_sheet,566eefbd827bada52715e7d178ae6371c27b07dc598085f1f560b325e01499f3,,,,,,,False,
2023-24/24.03.24_NLDC_PSP.xls,no_timeseries_sheet,5e5d181f00ef6cf6f824bb8b36164ec8d44f6618d97250c890310f8878e32cf4,,,,,,,False,
2023-24/24.04.23_NLDC_PSP.xlsx,no_timeseries_sheet,8b366a9e0b466aec1c19895decccfc2299b156263c205ee4f76c7e1411c9332e,,,,,,,False,
2023-24/24.05.23_NLDC_PSP.xls,no_timeseries_sheet,8fac42cf507eb6a4df9b9785629fafb926c606f572039b3126a21d8d85ac3a39,,,,,,,False,
2023-24/24.06.23_NLDC_PSP.xls,no_timeseries_sheet,f210538ef9ea61fbc8ce8e070e87d4a96b87f8d1b52ccb24a563858d2bbc38c3,,,,,,,False,
2023-24/24.07.23_NLDC_PSP.xls,no_timeseries_sheet,4fee1bb65a63758544eff81966496ef3beebcb93f5766c294e48cdbc39b2e47a,,,,,,,False,
2023-24/24.08.23_NLDC_PSP.xls,no_timeseries_sheet,8694438cfcf0d41bf386d6300c15b1d23e40f95d7a465460ab38cdb1fd9d0b50,,,,,,,False,
2023-24/24.09.23_NLDC_PSP.xls,no_timeseries_sheet,fde4b4a2da2b7b9376fad57a499557d3a07c60205d533ad76cbf759aeca71873,,,,,,,False,
2023-24/24.10.23_NLDC_PSP.xls,no_timeseries_sheet,eba96acd9af5f55b0be323884ecf71b65ad0bf1ef521ac811693e6243036b95c,,,,,,,False,
2023-24/24.11.23_NLDC_PSP.xls,no_timeseries_sheet,5a5bf7339eb194dacedc9a594c02bbd705e4341117fbed1c727d5a5805d97666,,,,,,,False,
2023-24/24.12.23_NLDC_PSP.xls,no_timeseries_sheet,a778489d32ed3ca350609b8f9df8819c5afdd958680e88b0ada783d21fd88bf8,,,,,,,False,
2023-24/25.01.24_NLDC_PSP.xls,no_timeseries_sheet,a1b5ccfc75ff65a7df6540e43fc1f6988b7c39c488b99b9dc35a9a368cdb728f,,,,,,,False,
2023-24/25.02.24_NLDC_PSP.xls,no_timeseries_sheet,636b057b39dab5a1dc381d6bd30aa28956f538a75a78839357a2f60766b38ad6,,,,,,,False,
2023-24/25.03.24_NLDC_PSP.xls,no_timeseries_sheet,9e829cee3723d4d5b0a7a1c16dbfd61d1afb033449d7d98ffb5788726bb344e4,,,,,,,False,
2023-24/25.04.23_NLDC_PSP.xlsx,no_timeseries_sheet,12ba2ed26a1649b5ea54a6de55900590c3a7a0f6f8e616b206aad9ea4b2f205a,,,,,,,False,
2023-24/25.05.23_NLDC_PSP.xls,no_timeseries_sheet,a05b40a8af3c201516557e356486f73b146ec396bd94147ab36e09dcd2fd5e8c,,,,,,,False,
2023-24/25.06.23_NLDC_PSP.xls,no_timeseries_sheet,cd19133bd9276cf8349d8f62433e2117fc6329d2648a20835f5f9bd0ddd2933b,,,,,,,False,
2023-24/25.07.23_NLDC_PSP.xls,no_timeseries_sheet,852a0eb2c10450f411c6bedf19b2dc0a1719ed39d71b7c5bdcee5b0ec3d4060b,,,,,,,False,
2023-24/25.08.23_NLDC_PSP.xls,no_timeseries_sheet,3d12fac366a9a7de1c7e9f5e62b2569af6a77352bdad458a2973b1e932d1c9c8,,,,,,,False,
2023-24/25.09.23_NLDC_PSP.xls,no_timeseries_sheet,4909a53dbdf4233dec48a32c9a72feabafdb2300571c96dcdfe7139035cd6f73,,,,,,,False,
2023-24/25.10.23_NLDC_PSP.xls,no_timeseries_sheet,3fbcd9d8519c5f231fdd4ab0a678fba938eacabc85f15522ba9b58e09657fdad,,,,,,,False,
2023-24/25.11.23_NLDC_PSP.xls,no_timeseries_sheet,f6b3e1dc54b95aafa6fc6b99e5a06005f1f079906c98ed9d45784e73bbbb0809,,,,,,,False,
2023-24/25.12.23_NLDC_PSP.xls,no_timeseries_sheet,3b84bc7c0f09f05bbfab59cf55ad0cccdf95093ee033c7b3bb9d642dfa41dce9,,,,,,,False,
2023-24/26.01.24_NLDC_PSP.xls,no_timeseries_sheet,dc97e5d4434f4b31210c0dea7578f8671260135a8cbe4ce12857d37d7f0604ab,,,,,,,False,
2023-24/26.02.24_NLDC_PSP.xls,no_timeseries_sheet,ce55bb604c92e9aabf65cde6d13cedfc617cd27c0b4e05d06700d17931dc758b,,,,,,,False,
2023-24/26.03.24_NLDC_PSP.xls,no_timeseries_sheet,425e126f33028350cbb8b4bd00628c1613ba9b922ab0f37ad833d2195274ab35,,,,,,,False,
2023-24/26.04.23_NLDC_PSP.xlsx,no_timeseries_sheet,647e309882f8ed37feabcec1e1ef2962458d40fc4a1a19ca1b873840a01a3e68,,,,,,,False,
2023-24/26.05.23_NLDC_PSP.xls,no_timeseries_sheet,e325937e0cdda4b0824ce67523541110db59352dd640d15af7300153b9f4e9b9,,,,,,,False,
2023-24/26.06.23_NLDC_PSP.xls,no_timeseries_sheet,2af3614d2f1575427cfb1a6f389f2a2adef6c55495cbb79f8e5e8c8a0eb2ef3e,,,,,,,False,
2023-24/26.07.23_NLDC_PSP.xls,no_timeseries_sheet,dd6e21d2360364f15aae5c7c4c625645cf80d5287654648507ff6fa5ed200f6f,,,,,,,False,
2023-24/26.08.23_NLDC_PSP.xls,no_timeseries_sheet,e11b3d0c222a05cd4e6148d3e4c7db0f8ae3dbdd8614973d5bf72350369fc9a6,,,,,,,False,
2023-24/26.09.23_NLDC_PSP.xls,no_timeseries_sheet,ca2bde888077cccf3923612397cbd0937d7692fc21e995c0c55b315698395716,,,,,,,False,
2023-24/26.10.23_NLDC_PSP.xls,no_timeseries_sheet,73f065532faffce59ac0ed7f202a80fa17f2d2e3149484229a11efb63b530b9d,,,,,,,False,
2023-24/26.11.23_NLDC_PSP.xls,no_timeseries_sheet,8434f689b969e1fa60291eef408ddd85114cab23db31d2d5d90b205883bb0630,,,,,,,False,
2023-24/26.12.23_NLDC_PSP.xls,no_timeseries_sheet,abfe246fe2173e50449a481fc6c0d821513716fd8942719a4644ee6c9d8fec99,,,,,,,False,
2023-24/27.01.24_NLDC_PSP.xls,no_timeseries_sheet,6ce9850b72359115ab87432c9ed6594aeb45d0f0cd0ad26f64d83750066febed,,,,,,,False,
2023-24/27.02.24_NLDC_PSP.xls,no_timeseries_sheet,5edd878b08e2ebb2efea359b99feea0d86d69cce1377d0b30b8cbd2a17248979,,,,,,,False,
2023-24/27.03.24_NLDC_PSP.xls,no_timeseries_sheet,1848cd756d19f8d629a2aaea39b9afe2552a0a83c3c4e000df5467a7b762ca48,,,,,,,False,
2023-24/27.04.23_NLDC_PSP.xlsx,no_timeseries_sheet,5c99d0aca50ee4a71558b88a680c073312ef7b3392de701007a4e3a3fb1695f0,,,,,,,False,
2023-24/27.05.23_NLDC_PSP.xls,no_timeseries_sheet,ee632fcba60cd6ea11eaf10d1c45774f630d001034a134237241425039b0a1f4,,,,,,,False,
2023-24/27.06.23_NLDC_PSP.xls,no_timeseries_sheet,b17379b77c2d2ff4ed6017dee3a197e509d602cc462d3901c6a6e9250690ec99,,,,,,,False,
2023-24/27.07.23_NLDC_PSP.xls,no_timeseries_sheet,27fdc8112db8b6aa0672fb03ece91201877ffe48c3b0454151422f8de9e86c56,,,,,,,False,
2023-24/27.08.23_NLDC_PSP.xls,no_timeseries_sheet,d2f95ddd2a5865d64e1fa2122aaacc53d646497f3db804a65c738ed5f7dc0f8e,,,,,,,False,
2023-24/27.09.23_NLDC_PSP.xls,no_timeseries_sheet,6529b7bf144c583b1bd985004f542a3086402f19af5d5ad67779c8a69afb9851,,,,,,,False,
2023-24/27.10.23_NLDC_PSP.xls,no_timeseries_sheet,37511bc8c243de468cc65e18f34f9d602637f77537d068c7ba2c5d2937aae70c,,,,,,,False,
2023-24/27.11.23_NLDC_PSP.xls,no_timeseries_sheet,2b7cec5e7f057f00ca239ea0943357d8d514db630a1956e5764d97e5ce4aa976,,,,,,,False,
2023-24/27.12.23_NLDC_PSP.xls,no_timeseries_sheet,f2e23eb457f4678369986d3065ade8581c571189c56956e0dec03f34329ceaaf,,,,,,,False,
2023-24/28.01.24_NLDC_PSP.xls,no_timeseries_sheet,0da0f99d16e621538070c209493ef82bd00741ea4d1225f7fb9137677178079d,,,,,,,False,
2023-24/28.02.24_NLDC_PSP.xls,no_timeseries_sheet,2803de348b3346fb0c5a354ed5e156f07728b227b268194d7a97ca0a912ded71,,,,,,,False,
2023-24/28.03.24_NLDC_PSP.xls,no_timeseries_sheet,2dd47ceefd4b8b21a3db13ea18371157a51ca8033bed01afad5a4d836b5bde84,,,,,,,False,
2023-24/28.04.23_NLDC_PSP.xlsx,no_timeseries_sheet,c58a7602bc9238c50a8b19f4de5e487751f626bff0555fd3b481f23ff3b8a853,,,,,,,False,
2023-24/28.05.23_NLDC_PSP.xls,no_timeseries_sheet,2c3988cdbf4d5e063c7f831eb41093a929b5aef9a27fef21b79b22b7f0f73781,,,,,,,False,
2023-24/28.06.23_NLDC_PSP.xls,no_timeseries_sheet,3681da38f8f6ddff2b9aade0a5bee08f4a07db6bb7a72972ad90d69d6348344a,,,,,,,False,
2023-24/28.07.23_NLDC_PSP.xls,no_timeseries_sheet,2c04ebea0f9ef2a20e47e8ff17539058f29ddd2dfa5e594d5dce49bc513a5dcb,,,,,,,False,
2023-24/28.08.23_NLDC_PSP.xls,no_timeseries_sheet,3c4d22e05325c642d46bbb83327921e2fff7f0838930a8c3c6ae59f417912837,,,,,,,False,
2023-24/28.09.23_NLDC_PSP.xls,no_timeseries_sheet,6972785cc8c9ba811a6c1f02b747cdb08967234e084eae29526ec5c0689fc7d4,,,,,,,False,
2023-24/28.10.23_NLDC_PSP.xls,no_timeseries_sheet,f42ec3aae4f80cae96c674ee2300f0fac5a6c382564cb252a51d364aa7d43b58,,,,,,,False,
2023-24/28.11.23_NLDC_PSP.xls,no_timeseries_sheet,3fdb1345bff04b45d3b19510a5c31e280e6ec64828d285ed330f08d6e729da74,,,,,,,False,
2023-24/28.12.23_NLDC_PSP.xls,no_timeseries_sheet,3ad076c1ba4cf4e6b0c73758da0ed6afa4f46adb6800ca445ba624146d949051,,,,,,,False,
2023-24/29.01.24_NLDC_PSP.xls,no_timeseries_sheet,d0afb91020e0b680248ec68ce25c95237349e655eaa016d74c2ff141058b311d,,,,,,,False,
2023-24/29.02.24_NLDC_PSP.xls,no_timeseries_sheet,977439c13852e66b77dbb364de33492c22f499d2f66300d8f48fc7df70a4d3b4,,,,,,,False,
2023-24/29.03.24_NLDC_PSP.xls,no_timeseries_sheet,8e2f715a0013c3628f5be7b235e43163673457ca8135bede8848c11813e6f757,,,,,,,False,
2023-24/29.04.23_NLDC_PSP.xlsx,no_timeseries_sheet,a0d5733cb20a2e4d89608263e353a5a4ccbe9a156755f87ab039f7a94e35aa26,,,,,,,False,
2023-24/29.05.23_NLDC_PSP.xls,no_timeseries_sheet,dfa5c50f86478d78faff9aeeede5ece9b36f817336bd5af56366940d1cf938dc,,,,,,,False,
2023-24/29.06.23_NLDC_PSP.xls,no_timeseries_sheet,46c4a1a5667e6c4b25bca37f7e1091b54dab627fa0fae2a4ff9a3a54e0b602b6,,,,,,,False,
2023-24/29.07.23_NLDC_PSP.xls,no_timeseries_sheet,93a0459b6fdaf11a9b7412b65e9da39cce10e3743c83c89f9866ddb24fd879b3,,,,,,,False,
2023-24/29.08.23_NLDC_PSP.xls,no_timeseries_sheet,03c9f7311fecdf3c5f5e7e1712d390e4069b2df53fce77bad87cfd4005103272,,,,,,,False,
2023-24/29.09.23_NLDC_PSP.xls,no_timeseries_sheet,317fa2f9b4d09bc3954ed576f5b2afb48bb7e4a49d344cbb145e070c9d903f93,,,,,,,False,
2023-24/29.10.23_NLDC_PSP.xls,no_timeseries_sheet,f31182e0a34ff9fa48ab213fe0127a010b52cd5700ef554b54a2ce41d26c1b42,,,,,,,False,
2023-24/29.11.23_NLDC_PSP.xls,no_timeseries_sheet,0e4f1fb42a0ce9be9215f2433aacc748f8be32ae877698eb84a4003c6bfdef5f,,,,,,,False,
2023-24/29.12.23_NLDC_PSP.xls,no_timeseries_sheet,696c1080a3676828897abef33584d8844eeeb330bda6d96346a9d8fa3d2d948f,,,,,,,False,
2023-24/30.01.24_NLDC_PSP.xls,no_timeseries_sheet,864304085d54f9e31807951adcca460d48d946af8227d4ee5fdfb0a7ad8a0659,,,,,,,False,
2023-24/30.03.24_NLDC_PSP.xls,no_timeseries_sheet,6aade21dc0799452210f26093c329aa1e5883267147bc3e3d8f0b056d7075d2c,,,,,,,False,
2023-24/30.04.23_NLDC_PSP.xls,no_timeseries_sheet,5d4824ff1f03c0b7b56c2e7ca75b9c138b0ec5ddd34bc0b0b86338f186e377dc,,,,,,,False,
2023-24/30.05.23_NLDC_PSP.xls,no_timeseries_sheet,611aa8a7ca43e5c20e321e8044a0bef09e5c64af9845f9b2b15cfd5951a430d8,,,,,,,False,
2023-24/30.06.23_NLDC_PSP.xls,no_timeseries_sheet,21d064b48e74f48b377764604a5721cf37333b9dc0c06a77e4fb0ae319d225f1,,,,,,,False,
2023-24/30.07.23_NLDC_PSP.xls,no_timeseries_sheet,6cea3f25c7f9ea4bb01a37cc0d8a1a9dc936e3d3c65bd3a7fb0223e36489269b,,,,,,,False,
2023-24/30.08.23_NLDC_PSP.xls,no_timeseries_sheet,aeb8a8c4cc1833a4e32a940b59f9107ccd19a3259aa6da90a06ac2f17eec79f7,,,,,,,False,
2023-24/30.09.23_NLDC_PSP.xls,no_timeseries_sheet,8bd2c7e2142f89cd27a2b3ea163241dde80d59f13867643468c17113c9273611,,,,,,,False,
2023-24/30.10.23_NLDC_PSP.xls,no_timeseries_sheet,bee3e98cf91b520d37d77456c4037d588973400f692b9ec4f437621522178213,,,,,,,False,
2023-24/30.11.23_NLDC_PSP.xls,no_timeseries_sheet,c06a887564b4cb76fb69bc09d2b3fe2e0e9bb61c65185c11da9d7f0e66588333,,,,,,,False,
2023-24/30.12.23_NLDC_PSP.xls,no_timeseries_sheet,83ab3b3a065b4605b92cefde21841af3cee6491bf2a6add47a505d20b022b7a6,,,,,,,False,
2023-24/31.01.24_NLDC_PSP.xls,no_timeseries_sheet,da1447cbb7661f9d0f54874593da7ffdf55bfa1857834c02cf2d7fd2dacd72d3,,,,,,,False,
2023-24/31.03.24_NLDC_PSP.xls,no_timeseries_sheet,c08934ecadbe9858854f6aa8c039d787294fafbfa91caa7ba78766aa24b3fb44,,,,,,,False,
2023-24/31.05.23_NLDC_PSP.xls,no_timeseries_sheet,bd1fe4ecaabd8646bd86f63d8d9e1e176c82efc241dd070bb08025dd66bc8458,,,,,,,False,
2023-24/31.07.23_NLDC_PSP.xls,no_timeseries_sheet,b88ef7cfe4885768e4db98cddab7addcf4021e7456db24d80caedab07f256d0e,,,,,,,False,
2023-24/31.08.23_NLDC_PSP.xls,no_timeseries_sheet,3fedcffc8b95c91430c8228197482f591094558a35fa8a1e17502c041bed53b0,,,,,,,False,
2023-24/31.10.23_NLDC_PSP.xls,no_timeseries_sheet,213edf15eccc67ffb3831f8ed5d7740b63515eda0f603a16e9b477f4b61a73a7,,,,,,,False,
2023-24/31.12.23_NLDC_PSP.xls,no_timeseries_sheet,b0178fba62410225a3f5ed1363775991c596344293f58f14c7c447cc72c143f9,,,,,,,False,
2024-25/01.01.25_NLDC_PSP.xls,ok,216945bdd0bea937220f16d75ad1d0c13e64aef363194c094cc7d5b3a24e8140,2025-01-01,2025-01-02,2025-01-01,96.0,708eac99bc924a49bb60f18e410beb279b027caaf29deee5193e5b439f1f94c8,284672.0,True,
2024-25/01.02.25_NLDC_PSP.xls,ok,bff7c011c24fed2abcfafa117f0d8631b9c8aff7541fa932b529d9708fcfba6e,2025-02-01,2025-02-02,2025-02-01,96.0,ccf0969214975364009ec955abbdd34203f54f5b2faef299ec02ed8e94732af8,300032.0,True,
2024-25/01.03.25_NLDC_PSP.xls,ok,7999d4a97b753e096fcdebd26a2f20db9ac0e209bc098da602d7d0b0fc553710,2025-03-01,2025-03-02,2025-03-01,96.0,76e9f335e0ac36af313aa980c3dffdcbaf4ed5b51a7f1a60031835ce2e55a1ba,284672.0,True,
2024-25/01.04.24_NLDC_PSP.xls,no_timeseries_sheet,5cf918de42f1709f844a240e6972ceb6c7c84f4e0f590a97eb213d21b080f52a,,,,,,,False,
2024-25/01.05.24_NLDC_PSP.xls,no_timeseries_sheet,92d54c6848283c56cc39818fa0280e60e92882f0592a862b4b770a59e2ca05b7,,,,,,,False,
2024-25/01.06.24_NLDC_PSP.xls,no_timeseries_sheet,a12c2b12e0093b6ce4f522abf8a05b56abcd1ac88d823ae42754e40cc158b00e,,,,,,,False,
2024-25/01.07.24_NLDC_PSP.xls,no_timeseries_sheet,e5fe42d9f88e2a690157dc6e869dd381df4c30017cd88557681086b33acc5b00,,,,,,,False,
2024-25/01.08.24_NLDC_PSP.xls,no_timeseries_sheet,ae3ab4f38016670a866a6c04a8fd6eca8523e259a3812c0b4af7e650d075f4d5,,,,,,,False,
2024-25/01.09.24_NLDC_PSP.xls,no_timeseries_sheet,4e38b374ce49f1315063d07ee5626d2587ca5ee89c0738486ba77880c60cf478,,,,,,,False,
2024-25/01.10.24_NLDC_PSP.xls,no_timeseries_sheet,43e579f2fa4d6396a647d4b74a41a26ef9bc7b0c16acf85a58846beb7a41dbc5,,,,,,,False,
2024-25/01.11.24_NLDC_PSP.xls,no_timeseries_sheet,3e80d9b759e58d6c154f03bf3f5b63e649839ffd5d908c09ce31f809a17f1fe6,,,,,,,False,
2024-25/01.12.24_NLDC_PSP.xls,ok,1c0671356dd944a39e7b66dc76435a1bff9aeee9b6c525469590635ffc863188,2024-12-01,2024-12-02,2024-12-01,96.0,e4ceee96e2a90a1cc27670a4bedd71b6534d8138b4b16803dce95ce8d7bf9ce1,299520.0,True,
2024-25/02.01.25_NLDC_PSP.xls,ok,b38b96e59bb94bd659394bdc814137b537615f015235265c51b5d9555f46e731,2025-01-02,2025-01-03,2025-01-02,96.0,9df72883df0fadca20c6e56f046dcb14b7ead7a2e72f16be8a0289ab0f80d17b,283648.0,True,
2024-25/02.02.25_NLDC_PSP.xls,ok,9a3f4015b1fb243eee312e0648821ef86c3b141f025af6767d9bae6b9d7b2312,2025-02-02,2025-02-03,2025-02-02,96.0,08c374e7b9ed59c8ccffab02466f4a462bfa5c66e2c2445be9f0a18c11a5e987,300032.0,True,
2024-25/02.03.25_NLDC_PSP.xls,ok,45441ead0b1ff4b3dbb6cedf2e7f31bf611292a054f9b72cf1ee3b466672de0d,2025-03-02,2025-03-03,2025-03-02,96.0,e6fb300291b89861cdaa5ba62c4cb1c53fd08064578cda5756fc387262a33171,284160.0,True,
2024-25/02.04.24_NLDC_PSP.xls,no_timeseries_sheet,ab43cfe9e257fb6c9d4d54b120435c284891fb95bed0cea856490366cbe2f560,,,,,,,False,
2024-25/02.05.24_NLDC_PSP.xls,no_timeseries_sheet,bafe2298da77047728a7a1c23bbff6bdb0910e9101bc076748a5c5fca9acfebe,,,,,,,False,
2024-25/02.06.24_NLDC_PSP.xls,no_timeseries_sheet,5131dba191631373ce2eb89c13f99057dd9a1f70ee34a5d4902376d35bc8d422,,,,,,,False,
2024-25/02.07.24_NLDC_PSP.xls,no_timeseries_sheet,0e395cd354dc1ee76137f22f843d84d18720c5607ac6d01cdeb4776ed12eed49,,,,,,,False,
2024-25/02.08.24_NLDC_PSP.xls,no_timeseries_sheet,e9e85f344cf60be6b49780c93630a6c97486fbb695fd6c30205198f2472b0dcd,,,,,,,False,
2024-25/02.09.24_NLDC_PSP.xls,no_timeseries_sheet,f64086240518ed9cfbc24c5c1cd6e8a35dbc9d717ef52ade4ed65f5d8e6af489,,,,,,,False,
2024-25/02.10.24_NLDC_PSP.xls,no_timeseries_sheet,53481f1b17fa35672ec1015de2566d3fd3f5b1fa8c71e2e0bc79ee95fd4bc310,,,,,,,False,
2024-25/02.11.24_NLDC_PSP.xls,no_timeseries_sheet,8e4cee5db3630f7bb09b5767e0d44109e8c254e851e1b7438a8dd8370c7f0034,,,,,,,False,
2024-25/02.12.24_NLDC_PSP.xls,ok,9be8ddf5388ea1c02bccd220083b5af781c0e6158d2215a3e31474d32f2eb52e,2024-12-02,2024-12-03,2024-12-02,96.0,bae3d0ca1af8417b6ab7ead260fddc28b6627191203a9d2d8f2401c9934ed555,340480.0,True,
2024-25/03.01.25_NLDC_PSP.xls,ok,c308b560e50fb88deb17c0c80a378ab5f819b266e1e45fe4e3ad93a0b599e230,2025-01-03,2025-01-04,2025-01-03,96.0,d60ab83919b8b4609882a9ddf6bca62fe5b085a5f9aa193be84f24333cc886fd,285184.0,True,
2024-25/03.02.25_NLDC_PSP.xls,ok,7037613b335f49799ec61990d5a09de03ee238c36be3af26f01eae26959a1299,2025-02-03,2025-02-04,2025-02-03,96.0,6d05569db9ec9ce2d9041365ff8affc78b0e0d49ba86337679369db7714a2f60,287232.0,True,
2024-25/03.03.25_NLDC_PSP.xls,ok,825a99343f784b0c8280f3572b29a89c06c49b58a03f5dba08d72ded3f4a9fb0,2025-03-03,2025-03-04,2025-03-03,96.0,5418ac8a2b1b43eb44f08ed231fb49fe36ed83e5a380ce5e862fe3a5d96b5555,295424.0,True,
2024-25/03.04.24_NLDC_PSP.xls,no_timeseries_sheet,e6b0d45dabc73cbf449a8ef7143a79abf18c60445b128f64410d6c1cf8dc39e1,,,,,,,False,
2024-25/03.05.24_NLDC_PSP.xls,no_timeseries_sheet,a66f217ae942dfe2966905d49d740d2f5a4f0669a4e32bfcb89b2377286ff7ac,,,,,,,False,
2024-25/03.06.24_NLDC_PSP.xls,no_timeseries_sheet,2a3547459dee363ec2c9e37c7e0d4304d6090e4e9902fea2a7595e941b1df839,,,,,,,False,
2024-25/03.07.24_NLDC_PSP.xls,no_timeseries_sheet,5797a604add7c52fbd2a3faec3f54fd08f08ec05afe4ee59a183ecba816f6bbe,,,,,,,False,
2024-25/03.08.24_NLDC_PSP.xls,no_timeseries_sheet,4d2212bbe85bce63853f51bb74632213d4002f6d700a666c50ec72c73b39c693,,,,,,,False,
2024-25/03.09.24_NLDC_PSP.xls,no_timeseries_sheet,1d1dcbfac8730421c58aeb391d30ade4e0d7a6e8f3fa562fdb9c0a93505d4a30,,,,,,,False,
2024-25/03.10.24_NLDC_PSP.xls,no_timeseries_sheet,827636d0bbb90ef2dec4a9090fee1ec5a489b880342240bfe44d4828ced60409,,,,,,,False,
2024-25/03.11.24_NLDC_PSP.xls,no_timeseries_sheet,245b0fb4136c517d6a9c8ae32472273ad03cbae4086c994c62438a2b7f06540d,,,,,,,False,
2024-25/03.12.24_NLDC_PSP.xls,ok,cdaca349dcf45e07461b0a4096634a13e1feaea30b3f7e6e61245d8de982d936,2024-12-03,2024-12-04,2024-12-03,96.0,0d163f40212293336aee5a13f3345a1cd6f8e1c0be16fc7b973b25f45b4de799,283648.0,True,
2024-25/04.01.25_NLDC_PSP.xls,ok,5836c27f6040d5153d779b7a404d962678087ea2cc286add781174693a84ab37,2025-01-04,2025-01-05,2025-01-04,96.0,cbd3234694e59b4a520cc5294117b016c4f7bd99388a0ecf7e77187b7b67d217,285184.0,True,
2024-25/04.02.25_NLDC_PSP.xls,ok,9372955194aef9bfec72ac0bfad884fba84e090f50b22bcd81e2c1e3002155f9,2025-02-04,2025-02-05,2025-02-04,96.0,2d1049b8bcf0f735b9f9a92f97c0b348bbaa86473c3311a51fc83b7bbe54df07,283136.0,True,
2024-25/04.03.25_NLDC_PSP.xls,ok,9c68785033df16e37ce8b9cc92b9710dcb81c1e5d960fcbc228278e8eaf887ca,2025-03-04,2025-03-05,2025-03-04,96.0,1e6bf56d03a0bb85f39c7c8723302c543ec75fae60b8dee36d193eecf7b8a705,295424.0,True,
2024-25/04.04.24_NLDC_PSP.xls,no_timeseries_sheet,6ce780383f3e09724ce2fe63e42f4499b135b35308f0a6ad5ae097344e9ceab4,,,,,,,False,
2024-25/04.05.24_NLDC_PSP.xls,no_timeseries_sheet,999c708844c39818dd262832346e69150cbbd0c20123f85980a0defdc4076c31,,,,,,,False,
2024-25/04.06.24_NLDC_PSP.xls,no_timeseries_sheet,2398ce9ae418552822b1db06eba1e351f731dcc54f5f6f723d1ce50e6ab0a767,,,,,,,False,
2024-25/04.07.24_NLDC_PSP.xls,no_timeseries_sheet,038a2886d2a1edbcf492188d40aa38ecbecda0cb046a622c8c884d008135bb62,,,,,,,False,
2024-25/04.08.24_NLDC_PSP.xls,no_timeseries_sheet,8610683c5c6d6a528bfc42a91cc87f0813e311732ec5275f02297b0d68fb144f,,,,,,,False,
2024-25/04.09.24_NLDC_PSP.xls,no_timeseries_sheet,00bd92a8777e87e8cfad853b0946987dde0d5b2d8081a9266dd4706d7925d65d,,,,,,,False,
2024-25/04.10.24_NLDC_PSP.xls,no_timeseries_sheet,2c14c925de1480c8200eff42c298cb53e9ef5ff67a0005416f94425032fdd633,,,,,,,False,
2024-25/04.11.24_NLDC_PSP.xls,ok,b2369b45ce171d61d298be0ebaa4677245a793f05ceceddcc129536117f0e8f6,2024-11-04,2024-11-05,2024-11-04,96.0,dba5267cc7b8f95d144da62c1e2cd6d64ed5213dd5cbe7431903f0f162934e52,284160.0,True,
2024-25/04.12.24_NLDC_PSP.xls,ok,e1fa19033dc4c6442cd4b48807878f2da030a0b4f1cc1df252414491bb98286a,2024-12-04,2024-12-05,2024-12-04,96.0,da61fd2cb95cc878a5b6b16903658ed878062ddb3ed88feff22c655cfe43a5d8,295424.0,True,
2024-25/05.01.25_NLDC_PSP.xls,ok,b6f22e2336c68df522f90cbc9ba429de8ddf751f8e1a9d960c19f93393b88ced,2025-01-05,2025-01-06,2025-01-05,96.0,8020aec3594d200eadf4c6bfa7ce00b232c578a2a4abd4291f783bd53774f084,284160.0,True,
2024-25/05.02.25_NLDC_PSP.xls,ok,75c777502e0d9e7e53472233fda13faddc3bba0e72cbbf8b5d42931cd264c22e,2025-02-05,2025-02-06,2025-02-05,96.0,6ca80d69249f21a83f85bfc3526caf4421086ad742e1b4c8c544a5565ca198f8,284672.0,True,
2024-25/05.03.25_NLDC_PSP.xls,ok,041e77554378ea11a468bb385c0ca7605185e151ebbdc4a87ed23572f66b4b1a,2025-03-05,2025-03-06,2025-03-05,96.0,8fa885d55e2ae0aac20b2e8e1577b21e66d6417cf5d053e181b71ec8d8652090,284672.0,True,
2024-25/05.04.24_NLDC_PSP.xls,no_timeseries_sheet,41451be18f42ba61d2f700215a6830bbacdf4b83d68cb6778d0facddefa75690,,,,,,,False,
2024-25/05.05.24_NLDC_PSP.xls,no_timeseries_sheet,42109f9020ab40834330ae7707955ec1d2b1df33bc5a50dd186cfb41e77fa04e,,,,,,,False,
2024-25/05.06.24_NLDC_PSP.xls,no_timeseries_sheet,de5477baab57600e6117a0b837ac69fa8e70463e33f02a7763f61d9c99742b7a,,,,,,,False,
2024-25/05.07.24_NLDC_PSP.xls,no_timeseries_sheet,f0450e28c9d410ccbbdc5fde3de9856566e006c58e32591b16d0ad3b155b52b6,,,,,,,False,
2024-25/05.08.24 NLDC_PSP.xls,no_timeseries_sheet,b0c35b9d94ea89694005a1891c6bfcec32aee42c7dd2dd9482ba677990374c40,,,,,,,False,
2024-25/05.09.24_NLDC_PSP.xls,no_timeseries_sheet,ccd38e4aac8147d9033907e90d9b5eec9795da8c5feb1a3bc11ad4c4a362341b,,,,,,,False,
2024-25/05.10.24_NLDC_PSP.xls,no_timeseries_sheet,11349c740d76e8f61da575d460d9f9092d61592d52ebe7d4aeb4238da881f437,,,,,,,False,
2024-25/05.11.24_NLDC_PSP.xls,ok,a664f99a97bdd7ad8f76ebf65e43596ef206c78feed5bd0c29c2953c8ca27e90,2024-11-05,2024-11-06,2024-11-05,96.0,31a5dc804fbc9d483ff150a90bce0f6d5ee26e332f5cac8893ef3d28f4e1a639,290816.0,True,
2024-25/05.12.24_NLDC_PSP.xls,ok,41dce932242fbda5d2e9db0446d7f9592a269bd2871d30cb9b457174a73ea709,2024-12-05,2024-12-06,2024-12-05,96.0,515958def0fbc2ca722e3d553d1e060edfe1f7f5156751c2e03fc8d301f14445,342528.0,True,
2024-25/06.01.25_NLDC_PSP.xls,ok,ef26147e3e4cf29796c0fa873de7945626adc160ab50705c88f4b0b7b9640cf0,2025-01-06,2025-01-07,2025-01-06,96.0,f625fc9b2817605c750729e2bf239bfb77261854e3c8dff7dec0c0cd0a1bbe63,298496.0,True,
2024-25/06.02.25_NLDC_PSP.xls,ok,e7005a64b6a0e2167ac68d7aadc5e5cdaa8cfe820e1fc8ce2d5e34d805820745,2025-02-06,2025-02-07,2025-02-06,96.0,4c7743f76d7cb44a25b7de4ac5db39a1c664f394e0b2a2774f2a0db16e6c4f16,300544.0,True,
2024-25/06.03.25_NLDC_PSP.xls,ok,5fdb00b3266f073916d7af66a32be0dc6250478533351a8fc8706cc9b1d44089,2025-03-06,2025-03-07,2025-03-06,96.0,2a281b4d5f36fa14ee67b1b65615bd7b712674f812de4e41684b3a15e3461c21,295424.0,True,
2024-25/06.04.24_NLDC_PSP.xls,no_timeseries_sheet,85c73d46f150bec1421a1ca41d0a2c071f262cce27372ae54a4fd66f1209cb79,,,,,,,False,
2024-25/06.05.24_NLDC_PSP.xls,no_timeseries_sheet,76a1c4e650183ed22f9fbf89a024179ac9be702621f00c3221257b50c537bd08,,,,,,,False,
2024-25/06.06.24_NLDC_PSP.xls,no_timeseries_sheet,f5d8446b29bd09bb06159207681afa2bb5a384255186896fffbda0e0fc5e93c2,,,,,,,False,
2024-25/06.07.24_NLDC_PSP.xls,no_timeseries_sheet,c3b21f6d29ff8f484d667de2ffa3198974d8f7a745a8bd2e6377cb4156d8a83f,,,,,,,False,
2024-25/06.08.24_NLDC_PSP.xls,no_timeseries_sheet,06ffdcb4b1b5c734086dfecaf2cc7ae435d052184899390f64d57b3edfa8277a,,,,,,,False,
2024-25/06.09.24_NLDC_PSP.xls,no_timeseries_sheet,6758a23a0ff2b645b1242e150de1c7fdd65429577f2090019f0d651ba1b2b1e6,,,,,,,False,
2024-25/06.10.24_NLDC_PSP.xls,no_timeseries_sheet,ba0e49735dcdbe4e762faa347877c314cbcb4ed1f63dae854a6ee067293dc444,,,,,,,False,
2024-25/06.11.24_NLDC_PSP.xls,ok,12ebbde17eab78a0c06d8aae4e70bd893cc74d46d2dd43188fcceeb1e2bd382d,2024-11-06,2024-11-07,2024-11-06,96.0,2bca96661f13e5423ed4f1715c54cce29f75f76c9fff771adff999bb2c2011f0,305664.0,True,
2024-25/06.12.24_NLDC_PSP.xls,ok,c52046e043a38b6292dddc3073be3ca9c0736c79e9501842a39c113d09db8107,2024-12-06,2024-12-07,2024-12-06,96.0,7f1de3b6dc4d138ea6ad33d644ec1f131f395255521e49bda8a705c5339daaec,284672.0,True,
2024-25/07.01.25_NLDC_PSP.xls,ok,6eeb166106eeb5351a9acafc9f5a52c5500c1addd2874c595e2a9e653824b78d,2025-01-07,2025-01-08,2025-01-07,96.0,902250ea5d880acc71b831e2cc89627a5b82b6298214189ebf4b88a429ede460,297472.0,True,
2024-25/07.02.25_NLDC_PSP.xls,ok,a733421cf266220c0890b2cdaf10bd760420cf4d016b2410aae22d5c1d50add1,2025-02-07,2025-02-08,2025-02-07,96.0,0c939ece2061772ca06ab67d75b7c946c298278783051e9f697cb2e9a2425972,284672.0,True,
2024-25/07.03.25_NLDC_PSP.xls,ok,dcd918b430b7e20ed8563b6823e3a1fb6a89c97df04eee2cec5a016922be4485,2025-03-07,2025-03-08,2025-03-07,96.0,3f3b8095672cf683f49e15b1e7c95f18dff78979cff05384823485c590997315,341504.0,True,
2024-25/07.04.24_NLDC_PSP.xls,no_timeseries_sheet,d779904a71845f7f03ff4cd70025caefe36e74db32682315e47332b1be01f3cf,,,,,,,False,
2024-25/07.05.24_NLDC_PSP.xls,no_timeseries_sheet,d03e5790cd3e7358a3bb21fea202f77ef8bd047cc657d4ae4310153734710983,,,,,,,False,
2024-25/07.06.24_NLDC_PSP.xls,no_timeseries_sheet,575d1e7ff5dd09037f2a5fc13f73e93822f970f661ab89d90c68eba3dff5216f,,,,,,,False,
2024-25/07.07.24_NLDC_PSP.xls,no_timeseries_sheet,d800200a8d1fc728a387d1786be64dd558cdca741c4a2db5717e429e778c6e53,,,,,,,False,
2024-25/07.08.24_NLDC_PSP.xls,no_timeseries_sheet,54c323e8b4cb8bc1f81f77e05df0aafdb2b00e5b6ec2e01f9897c8a722460a47,,,,,,,False,
2024-25/07.09.24_NLDC_PSP.xls,no_timeseries_sheet,79013094fbcd008ca5baa8b83b34ab9a5725c6c251a16424be2071cf3233d643,,,,,,,False,
2024-25/07.10.24_NLDC_PSP.xls,no_timeseries_sheet,18c38004b4a991a20bebbb12dfe4eaa1d100dfbbc0dd22d0cfb9ab417419305a,,,,,,,False,
2024-25/07.11.24_NLDC_PSP.xls,ok,8299fb276ef651ad40902f00fd21ae02d4b7434548ee30a984a77a95e0b9f433,2024-11-07,2024-11-08,2024-11-07,96.0,a56143ed352a39615e1e78764ae7a4b4cad0d24eaa8706d4b3a3bf8c42f346ba,282624.0,True,
2024-25/07.12.24_NLDC_PSP.xls,ok,33b42d3bac7e40ebf17847b162be8e0c5bafecaa6e0a29b27d034e248163e87a,2024-12-07,2024-12-08,2024-12-07,96.0,75146129302980be9d711cd97ba8cab1f0d39ed5a90f7c1c93f69165563670fc,283136.0,True,
2024-25/08.01.25_NLDC_PSP.xls,ok,48be32c31e39071627c81149c8501e3b20dea1b7febd73860f03ece09e60da94,2025-01-08,2025-01-09,2025-01-08,96.0,dd77623603e8bbcfee49a4112bc8c3b3a7a07691276d418761e2ba91f528e107,284160.0,True,
2024-25/08.02.25_NLDC_PSP.xls,ok,6dc7b4b2f633b82764b8c651d1c0a2e36fa56124bb9b5b1260c6a6aa6d172000,2025-02-08,2025-02-09,2025-02-08,96.0,e7778d8126ddba45b2344601024ab103abea2cf223c655781fe94326b49c5637,284672.0,True,
2024-25/08.03.25_NLDC_PSP.xls,ok,47759cd02892304ceb849ba1281843ef412bf622add4cda98167fa78a64ff52f,2025-03-08,2025-03-09,2025-03-08,96.0,95716a9b6cb1bf05219555b24f60a62decacb9427178554246493feb17fdba3f,283136.0,True,
2024-25/08.04.24_NLDC_PSP.xls,no_timeseries_sheet,50340dedc082b95968e7006744c81cb9b217c47a3c8948bbe2311449f3b3a6ca,,,,,,,False,
2024-25/08.05.24_NLDC_PSP.xls,no_timeseries_sheet,6dc6a7f60846c883cdae4f2bd1298e28caeadf9ac73cbba853306135b87264c2,,,,,,,False,
2024-25/08.06.24_NLDC_PSP.xls,no_timeseries_sheet,4e1022e63fc93c9a90a7848d29305f56c5bfac7cd94a762718169f9f9b958ec9,,,,,,,False,
2024-25/08.07.24_NLDC_PSP.xls,no_timeseries_sheet,93bcfe722b8963fe6fa9de2b7185433a60281991a4bbef0d38f38df8052349a6,,,,,,,False,
2024-25/08.08.24_NLDC_PSP.xls,no_timeseries_sheet,2b544bb5d41d62b7f5b00e4c07e4a3720aa2d8aad1c7c3f3639f6655d1962a13,,,,,,,False,
2024-25/08.09.24_NLDC_PSP.xls,no_timeseries_sheet,290ca1d3bcdd536564510a88451041ec3bcb505adfe4865ebce5e36f0d14d613,,,,,,,False,
2024-25/08.10.24_NLDC_PSP.xls,no_timeseries_sheet,3dd64cff23832630ef1ac836109cc8f2ec0c25fe816a0ae664415ff9d614f177,,,,,,,False,
2024-25/08.11.24_NLDC_PSP.xls,ok,5f7677254f98229c5be635fcfe966bdc5467c011aec3f15935c53fa5a208f0a8,2024-11-08,2024-11-09,2024-11-08,96.0,9587748aab616e8854ac9b163dde9617719d911beee7d6cf46f6263014aaa9c6,339968.0,True,
2024-25/08.12.24_NLDC_PSP.xls,ok,398568554a6bdcf8963d50d43668bb1d277835a128edb8d0c8d136cb6b508c93,2024-12-08,2024-12-09,2024-12-08,96.0,d3090ab83bc740d1e6e1e9cd83514bf28b3ca60146e015c619ed69269290d2aa,283136.0,True,
2024-25/09.01.25_NLDC_PSP.xls,ok,f78873c6948ff3db00a7de102fc483b2d2d3363ddefc5f63bdc0b9cbb30d59ee,2025-01-09,2025-01-10,2025-01-09,96.0,b14784cd8f2b64081a06283418bc5b288bbac58ca76ed2673ba614f9f3d5f92c,283136.0,True,
2024-25/09.02.25_NLDC_PSP.xls,ok,2f4356e806e2927f5da1df423dc2c9563ad6d7dc6ad17ab943e5577258155100,2025-02-09,2025-02-10,2025-02-09,96.0,68221961e2e4f2f84b7d3532ee7a5845a53654f84fd933f75f57cbc8761926a8,284672.0,True,
2024-25/09.03.25_NLDC_PSP.xls,ok,c5425fd499872b9b99abbae80cc0188b91a034122b45587981ad0f1273a5a4df,2025-03-09,2025-03-10,2025-03-09,96.0,45bd7fd4fca45b0347672818de996d8f36bb4b28703075c617f43c01fc5e0891,284672.0,True,
2024-25/09.04.24_NLDC_PSP.xls,no_timeseries_sheet,41c73dd52312798f5c9e98a4c51be7c9b185283743bd693d38686fa61b1c5efd,,,,,,,False,
2024-25/09.05.24_NLDC_PSP.xls,no_timeseries_sheet,68c2329b8ff4ddd983e2a51da5d59610352ac1087420518b21f3c4902287a130,,,,,,,False,
2024-25/09.06.24_NLDC_PSP.xls,no_timeseries_sheet,a8cb1df04448054f76ae2e300c73157e7dfb776362fbe09db112a175c5c77ac2,,,,,,,False,
2024-25/09.07.24_NLDC_PSP.xls,no_timeseries_sheet,abe810b417637a3109e52a85da1f2bf08d43c7b9f23b13bba18bcda71c9c0d9e,,,,,,,False,
2024-25/09.08.24_NLDC_PSP.xls,no_timeseries_sheet,f5a5d0070ec34517c23522b9f51e1f04162d841bffb1dfa19d4ead317cfeec3b,,,,,,,False,
2024-25/09.09.24_NLDC_PSP.xls,no_timeseries_sheet,fd65c0c9290adcf0f66a58acc7102c797ce0f21845c55df39d26ea5a467463e8,,,,,,,False,
2024-25/09.10.24_NLDC_PSP.xls,no_timeseries_sheet,9e9eaf17e45d938a92a5de36780a5ea0622bba9b6843c58b5b09554cad0dc571,,,,,,,False,
2024-25/09.11.24_NLDC_PSP.xls,ok,5b832f02688c4fe5935712aa23b139fe89b3231f480b3e3d39ca1f01636e2410,2024-11-09,2024-11-10,2024-11-09,96.0,06f14f08815c4fdbb8caa5862c489e81a7fca945dfaf787ddddb5bffc23a3d36,284160.0,True,
2024-25/09.12.24_NLDC_PSP.xls,ok,80a9e6f943d4fa706a1c17543369abc1f9cc29f9fd1a87c324519541854dd5a0,2024-12-09,2024-12-10,2024-12-09,96.0,c6191f7855873fa496436774a840511d2be9b0f16cb5444cf69a6a0581e81780,284672.0,True,
2024-25/10.01.25_NLDC_PSP.xls,ok,49d51e6f3aedbd626c4ee1d1519500e920e06c0a268e756877256a0587d9c4fd,2025-01-10,2025-01-11,2025-01-10,96.0,d5ce1b778a21d089748fd1ea3ae93c4c78e2ff803fd1c13e042a411cae6982cb,295424.0,True,
2024-25/10.02.25_NLDC_PSP.xls,ok,1980c0f89543b624a8a272ef2d66436b95b29a444a66ef8fb2104ff596546e0a,2025-02-10,2025-02-11,2025-02-10,96.0,7c2a61fcf5bf8c3de3435bcb133d3a442d2f09fe895117c81628840c21d4f6e0,300032.0,True,
2024-25/10.03.25_NLDC_PSP.xls,ok,7ea4bedff87b16a330a71aee75a67cdd49580bb078b488ac4a682a68676e34fe,2025-03-10,2025-03-11,2025-03-10,96.0,f0c3682f7112840f7b828c52e0edf8b87b94ddab824e36a03d322c39c28e819d,288256.0,True,
2024-25/10.04.24_NLDC_PSP.xls,no_timeseries_sheet,2985532c66214a1771028f19fd8efd8711ccd2dbf2cbe55c49e45b9b107d2a98,,,,,,,False,
2024-25/10.05.24_NLDC_PSP.xls,no_timeseries_sheet,5e391d55e5d50ae6e6274346594d2a6bc8bdf71ec30e0acddb7fc0135c860503,,,,,,,False,
2024-25/10.06.24_NLDC_PSP.xls,no_timeseries_sheet,e4a387fece5b53a72779922a04e0b52cf0c87631aa56d72621e1638b2c771db3,,,,,,,False,
2024-25/10.07.24_NLDC_PSP.xls,no_timeseries_sheet,a5e0274147af325ae7b1494ae0b579018a9c5d24d9ab7def5571bc36d3b7c984,,,,,,,False,
2024-25/10.08.24_NLDC_PSP.xls,no_timeseries_sheet,bb0f93d8de357daf2131d3cea3e388b7598b10a17875b91aab3cc9fba4cc0807,,,,,,,False,
2024-25/10.09.24_NLDC_PSP.xls,no_timeseries_sheet,6d2fabf332a4e6223bf4c0283ca90c50f1f7720fb4aa2dae0b7c174b78451e7c,,,,,,,False,
2024-25/10.10.24_NLDC_PSP.xls,no_timeseries_sheet,d840344ff0ddb58dee487cee6d02f0a58cb9aaa0ea5798330d4937a0a34cb90b,,,,,,,False,
2024-25/10.11.24_NLDC_PSP.xls,ok,3aa62622a81bbdb6bdd49cd97603498b72c2851b773f57946819a07fce48f392,2024-11-10,2024-11-11,2024-11-10,96.0,5235892191263a6f8a2da87a18d193ec6412a919eb4a10346aa8c38364994b3f,282624.0,True,
2024-25/10.12.24_NLDC_PSP.xls,ok,a902cebc0ececa7d7b0dcc7f5c6edf1725028d920bc2853b6465b503b4b8d6e8,2024-12-10,2024-12-11,2024-12-10,96.0,ef015cbe574a2927739b8de5fa9ccfce167bb70812f48a6a649d940d38de57bb,283136.0,True,
2024-25/11.01.25_NLDC_PSP.xls,ok,80b2867d076738b9e4583d4ff36e52b4d0ccbe44658883d1ccd778d2b8b0859c,2025-01-11,2025-01-12,2025-01-11,96.0,fe30166c051ce4f03f925fdea4d8d506cc33d78d9eb5bdf6e44c1a9e54bad58b,299008.0,True,
2024-25/11.02.25_NLDC_PSP.xls,ok,e5a0522b4c5bac8f29f7fb02b58d79c3ec3de095ab089b2180c9c855ba15fd23,2025-02-11,2025-02-12,2025-02-11,96.0,4029122e58361388b4a7401daf77748fa73f9bd868dd890d2a26c7169ea1fdfc,284672.0,True,
2024-25/11.03.25_NLDC_PSP.xls,ok,602c7123a1cd4fae2a0807d61b97b7fd3ae9bb1040f7a67ecb0795449951ae41,2025-03-11,2025-03-12,2025-03-11,96.0,3ed12b8b5049176af4b8cccad0cbea30d9ceb20265ec1fa435a40f1a6fe5bb25,284672.0,True,
2024-25/11.04.24_NLDC_PSP.xls,no_timeseries_sheet,571adb380454eb3c43433fce9752fbaa6f5e596774d134064e0647457feb9dc0,,,,,,,False,
2024-25/11.05.24_NLDC_PSP.xls,no_timeseries_sheet,d482ea29597784074d7da7b0bd1cb9a27ae935a239a0cc912abd5fc50b23db05,,,,,,,False,
2024-25/11.06.24_NLDC_PSP.xls,no_timeseries_sheet,b94d9d0127c9c43b2c093ef2e680931c956d2adf568a9761a020ec532793002e,,,,,,,False,
2024-25/11.07.24_NLDC_PSP.xls,no_timeseries_sheet,96d0ed37555bcda7cdcf1ea8d41ae01ef1d3574322f1f8a5a295f016a8c3578c,,,,,,,False,
2024-25/11.08.24_NLDC_PSP.xls,no_timeseries_sheet,a5636c3c821fb5efc786d3044711e12f3e7dc4dc358f03bad056bf14c512917a,,,,,,,False,
2024-25/11.09.24_NLDC_PSP.xls,no_timeseries_sheet,1ce8e46724349a22d7b014caa791e810d89cf72122b436069a9573d2d544527a,,,,,,,False,
2024-25/11.10.24_NLDC_PSP.xls,no_timeseries_sheet,2b49d28d435f07bd7def399516d5495b602c1dd8f3c66633d0d18e1a59c924c9,,,,,,,False,
2024-25/11.11.24_NLDC_PSP.xls,ok,03366cf053f38efbbc62ed446465e4ec6bd5ff02c29161372c525fad988355a0,2024-11-11,2024-11-12,2024-11-11,96.0,7608347616004027c2d2572301d26418979b7849157b02a839fd225cef527585,285696.0,True,
2024-25/11.12.24_NLDC_PSP.xls,ok,0a10ccffef74dbfc289f3d1bfa0c1783f8cce4e52a85a91b34fb765bdce936f4,2024-12-11,2024-12-12,2024-12-11,96.0,4d396f2d68b87dfb3a10b01c62a47965223c764698b6c465b0071997d8d3769e,284160.0,True,
2024-25/12.01.25_NLDC_PSP.xls,ok,d0ebed39e97151e4958698ec7c0d03ad046ad7e5cc17a36a80b625d06fd2c19d,2025-01-12,2025-01-13,2025-01-12,96.0,8ecd316f505c5d9534fb1c0fa1e88fe5659f39b4ab3c4eaefbe387c82fe30fc7,284672.0,True,
2024-25/12.02.25_NLDC_PSP.xls,ok,21d2f1e20ad96293aaa1da804c7c41b0b2538389854ace8d07385704d5a1e1c7,2025-02-12,2025-02-13,2025-02-12,96.0,2828c2ea4e313f894f9033fc6f4a53336f715ab81b4cc051248abad6a7e63582,283136.0,True,
2024-25/12.03.25_NLDC_PSP.xls,ok,340d28bcc8c258bb45bd7e9a1f8d1dd454c727787c1a461f82edaff95ccd16ca,2025-03-12,2025-03-13,2025-03-12,96.0,d4dfa985b5e683d8944985a5bf765acbd922c7df55b9ef6d0e161cf10d86a6e0,284672.0,True,
2024-25/12.04.24_NLDC_PSP.xls,no_timeseries_sheet,46ecd171e73f6177a1e50939100b124276238825061468ca32eceb07b8473be1,,,,,,,False,
2024-25/12.05.24_NLDC_PSP.xls,no_timeseries_sheet,ed69dc208d0500448cddaf6d28c6f1c76398fd91de106cd640ef144991e5a766,,,,,,,False,
2024-25/12.06.24_NLDC_PSP.xls,no_timeseries_sheet,12a6ef9a261851234ef7a3b3f83d606f5f49a479fe82aa237a40e440e16ec17a,,,,,,,False,
2024-25/12.07.24_NLDC_PSP.xls,no_timeseries_sheet,1e546aabef71411c9a0ab4cd42c0120ede1cae66b657770450577cb9b50b96d1,,,,,,,False,
2024-25/12.08.24_NLDC_PSP.xls,no_timeseries_sheet,d844ec09916eb8fc1c25be6d46a2721c3a42716ddbdec4177420c4de675cd133,,,,,,,False,
2024-25/12.09.24_NLDC_PSP.xls,no_timeseries_sheet,e752343d23f90ba5a4fad12de7d26b0fc2e020c43dcd44ee90800318191b7aed,,,,,,,False,
2024-25/12.10.24_NLDC_PSP.xls,no_timeseries_sheet,e652fa5cda890292e1dacf38a9bd2a60300d21fb286c810e2c9b4975a97ad6c9,,,,,,,False,
2024-25/12.11.24_NLDC_PSP.xls,ok,1eb625de10bacd2ea284c09b61e288d6937ff625ddda54e526f50c4da3f6ca95,2024-11-12,2024-11-13,2024-11-12,96.0,b696712683adc7d76f5824bf83598fad5727acf793b4ae7611fbc9daf03b12a0,295424.0,True,
2024-25/12.12.24_NLDC_PSP.xls,ok,6902c81e76a58543c9cdca644853b6828b667e2bac9819204602482b99d9b12c,2024-12-12,2024-12-13,2024-12-12,96.0,ac52d96faa56abd8919a035271f676345766453d578828d5d9aaf98f40c8c19d,285184.0,True,
2024-25/13.01.25_NLDC_PSP.xls,ok,43d49d575fe4b49bc81195b8202272ae619e19523cbb66415f4c782326f73c26,2025-01-13,2025-01-14,2025-01-13,96.0,053822676304edd0ff96ee3c2f7212a41200567a762e004fdbc6085283cb8961,342528.0,True,
2024-25/13.02.25_NLDC_PSP.xls,ok,2560b81abc4c849e83a4cc8551a612593513ba9244002cf3a7876f9b37cae4c9,2025-02-13,2025-02-14,2025-02-13,96.0,88f5060e548d9eb459b3e5c71cb2dec31b2c7ee3aff1cacc299c02a9672b612c,285696.0,True,
2024-25/13.03.25_NLDC_PSP.xls,ok,45c18f4a10ced6c2c9679e641162e08be251bd3a7b6905448b7c962bc07857c8,2025-03-13,2025-03-14,2025-03-13,96.0,dfa4f750958eef0f3d1f66ca25e4a9e586c2b5ae664e15c7d1af6530dc40842f,342016.0,True,
2024-25/13.04.24_NLDC_PSP.xls,no_timeseries_sheet,579dc2a60b0f289dbc6c9df3897f01f9fe9d167bf10aca227607f71591b62351,,,,,,,False,
2024-25/13.05.24_NLDC_PSP.xls,no_timeseries_sheet,68c1843230ccc3805328c6765325eecb4bcbfd065e53c0fc87eeec024133de27,,,,,,,False,
2024-25/13.06.24_NLDC_PSP.xls,no_timeseries_sheet,4e825f7276a82f5ef1a05127e79c49655d502e2e779460bcf770c98b4ea63e29,,,,,,,False,
2024-25/13.07.24_NLDC_PSP.xls,no_timeseries_sheet,f6e034885ac6ab59a891dfd9f5c28eaac0633eda1b6e98ebc0d3b4568198adbf,,,,,,,False,
2024-25/13.08.24_NLDC_PSP.xls,no_timeseries_sheet,13de4228e1a6b938ad082d6f58d6c7bd0cd3454d5eb67f1e787f99ab7789874a,,,,,,,False,
2024-25/13.09.24_NLDC_PSP.xls,no_timeseries_sheet,6785ac16833337d22580e89fe371076e35e7cd01f0df3b6138fa3ff7d9e38b85,,,,,,,False,
2024-25/13.10.24_NLDC_PSP.xls,no_timeseries_sheet,96da414e38a75cdd5d21999511b267edc32f72b7785fe4194a7669464d827bba,,,,,,,False,
2024-25/13.11.24_NLDC_PSP.xls,ok,00a151ec669c8255896dcad5445cc1781dd195e210bb2c88a1167ccfe2a8e00c,2024-11-13,2024-11-14,2024-11-13,96.0,602bebfb728e2e572ccc03e07fb6d1f6c63b45622f2c816ce2bf1d6158d363c8,285184.0,True,
2024-25/13.12.24_NLDC_PSP.xls,ok,e53167c44449b8fbc3456309cd8e4b46205c7b034187b92082a342673bac4f42,2024-12-13,2024-12-14,2024-12-13,96.0,9f7fcb0d317a9c2fa95456747aaaafcad72d3cd8e37d67ffc2f63ac09ee9ef93,299008.0,True,
2024-25/14.01.25_NLDC_PSP.xls,ok,1e4e333c43380fb82515cefe7ef2ed4ab5af353c19104d3e73ed80b463111337,2025-01-14,2025-01-15,2025-01-14,96.0,d9dd3019215f4f35416be50f953c7afb6c537126a42285832c7fd5fa172ddbe4,298496.0,True,
2024-25/14.02.25_NLDC_PSP.xls,ok,d6a3c15cd0b8e943ca5a9a5f4b7705daad7c0f969a353051fdf509fb73b9680f,2025-02-14,2025-02-15,2025-02-14,96.0,4d2aa21ca9539a8b7c6fa382de94361d85b7934e0117e3bf9537c55a2ab5c3ee,306688.0,True,
2024-25/14.03.25_NLDC_PSP.xls,ok,b6e4a3aae38cb4090a96e3765426010ed7aa0633312e7c34d5f3ccfd79011271,2025-03-14,2025-03-15,2025-03-14,96.0,4a5a22b6270d0d706900f25320abe1083e181c62f9fc3747cf042b40dd257e20,342016.0,True,
2024-25/14.04.24_NLDC_PSP.xls,no_timeseries_sheet,00ce44c7045ea8e13c1fe52e47d8373df24b19db7f84c2b772b3aca420dca19c,,,,,,,False,
2024-25/14.05.24_NLDC_PSP.xls,no_timeseries_sheet,8b3f15ed8e97ec5fac10bf2c48e0606d2247503e75c6659cb2f95dfee211586b,,,,,,,False,
2024-25/14.06.24_NLDC_PSP.xls,no_timeseries_sheet,a5df139e2afc6befaa72bfeb0330e6b60450ab949d3297ad0ca665ac8eaf4c07,,,,,,,False,
2024-25/14.07.24_NLDC_PSP.xls,no_timeseries_sheet,841fcb6ae2d2fcd2ccafe6fa84faa265121594dcd2bc4ec05a513491e9d4c6d0,,,,,,,False,
2024-25/14.08.24_NLDC_PSP.xls,no_timeseries_sheet,cb2e017d965339211559d7d3997923e0f527fcf6ac393db120fd3a507bd7e484,,,,,,,False,
2024-25/14.09.24_NLDC_PSP.xls,no_timeseries_sheet,2a4800c091b898cdb53963e88125d0fcc5bd71e178cfc0deb140d1ca1e7c765b,,,,,,,False,
2024-25/14.10.24_NLDC_PSP.xls,no_timeseries_sheet,affa89d42e8244d0df3663c629579b566cd09f65d1ba845ce5a472d9d3d886ab,,,,,,,False,
2024-25/14.11.24_NLDC_PSP.xls,ok,8cc4f29d1e37543b79e22d51776ad9138fe553fc1b48e70ca6caeb92f89aad29,2024-11-14,2024-11-15,2024-11-14,96.0,7b2bcada285b547d71b5cb42f25ab0515857b171aa4bd8c1a087f8e40a775944,282624.0,True,
2024-25/14.12.24_NLDC_PSP.xls,ok,bf0222f7d6db1f653e144976bd801b6fb54a5db82a86c178dc9e0be6742b5e31,2024-12-14,2024-12-15,2024-12-14,96.0,aa6e62f475209d67678a20c7ca6e6432456f2887588a74517fd33111a9e2f7f7,297984.0,True,
2024-25/15.01.25_NLDC_PSP.xls,ok,2deba8f7fa4aae92a2ff57ba085251c6e8cf2dbf7352444afcdd822b2e7faf45,2025-01-15,2025-01-16,2025-01-15,96.0,4262a16690a4abb3fbadcbe9f4263ddcba279991f69031d5a5d2a9b4bb2e59b8,298496.0,True,
2024-25/15.02.25_NLDC_PSP.xls,ok,256318c947ae7b1c14b62a3c74bc6ddc0efbb4eac7a2c306aa5260ecfb9553c5,2025-02-15,2025-02-16,2025-02-15,96.0,0147192c9ecf461c6991c5db034fee60273311aba314e1fb7592e87fb8edf0cb,295936.0,True,
2024-25/15.03.25_NLDC_PSP.xls,ok,d4e7a6506aa64c6ba8cb3cca99c9998576f2c7f70eff876fad154358af2ce2b7,2025-03-15,2025-03-16,2025-03-15,96.0,f22525a03fa59851e7996376d1524d2162493aec2e3980d771498c25fed3995a,284672.0,True,
2024-25/15.04.24_NLDC_PSP.xls,no_timeseries_sheet,ab0f09b6812af3f09d16eaa3154095d03a570d85a365cf02c2c884bbd9823f63,,,,,,,False,
2024-25/15.05.24_NLDC_PSP.xls,no_timeseries_sheet,5fb4aa3ee686dc77f3cba04d197404bfe8c5f5f44b80bfe426f4c8d99f72776f,,,,,,,False,
2024-25/15.06.24_NLDC_PSP.xls,no_timeseries_sheet,8c2be8d2e1c371fa3e68641e4e133d92812f0ff1c1af2096f38268ae56cef31c,,,,,,,False,
2024-25/15.07.24_NLDC_PSP.xls,no_timeseries_sheet,eb9c39264ae611a25e673c7e2067795b7455a74a14ff3ae34aa49318c86a141c,,,,,,,False,
2024-25/15.08.24_NLDC_PSP.xls,no_timeseries_sheet,07261737a8627a57b6479618bbb84a36dadbb716e2bc85c8a4a354cdd2f3201c,,,,,,,False,
2024-25/15.09.24_NLDC_PSP.xls,no_timeseries_sheet,7f3530155a2faafe9d6aa372dc77b2de20a2a680320b65aa739f9a38d4f8ec06,,,,,,,False,
2024-25/15.10.24_NLDC_PSP.xls,no_timeseries_sheet,57a817429efdd696a694cca653368b3230f0de561da864a2e8b86961b13898e7,,,,,,,False,
2024-25/15.11.24_NLDC_PSP.xls,ok,153319d5f373cd7a82f6941ebbfcf0ab987db8f58bfc8d6ec859741ffac8a903,2024-11-15,2024-11-16,2024-11-15,96.0,56c9555d9dde5a82ff397a99249a5fc3dde8a7712d3938594c1a81a56523cca5,291328.0,True,
2024-25/15.12.24_NLDC_PSP.xls,ok,316ba10a03a9bc9f23eae1325c41bdc14aef6fe985835abc38e999861fad3880,2024-12-15,2024-12-16,2024-12-15,96.0,4d6598f5a1e2e537fd3051f5567988f18e8e77797011598ab50340bb0746360b,283136.0,True,
2024-25/16.01.25_NLDC_PSP.xls,ok,eea236860e2436c0208ae407e58f3cf9b3384c223f719496632e74b720293443,2025-01-16,2025-01-17,2025-01-16,96.0,7c3cdb112cd4c47c8c59281c9964c82e68af1f1086dfa20137df2709b1b5e025,284672.0,True,
2024-25/16.02.25_NLDC_PSP.xls,ok,6785c951226c7a2b17425844ca28659a74b0295e51933d3a1bfa6fa187aadc72,2025-02-16,2025-02-17,2025-02-16,96.0,5a1471547283794239ec08fbf328cd1312f058e69f02b58460cdc0d49fcf0f4f,340480.0,True,
2024-25/16.03.25_NLDC_PSP.xls,ok,ad0327b666888e8ad0f8689de9254bcc93cf8d246654b49a7e995d6bbda685f4,2025-03-16,2025-03-17,2025-03-16,96.0,bd895a9a6cae1baa6c9a820152440266b9036f1ea10bbb9457b1b431f305d6a3,295424.0,True,
2024-25/16.04.24_NLDC_PSP.xls,no_timeseries_sheet,84a0e0ce181fb9abba0fe215c79bf28985a15986ca43598d31c187c47fa89f50,,,,,,,False,
2024-25/16.05.24_NLDC_PSP.xls,no_timeseries_sheet,f49fd6e98394af40b6e7f0c1d312b1554089b3833dfc90ec1fd3ad45370aaa1c,,,,,,,False,
2024-25/16.06.24_NLDC_PSP.xls,no_timeseries_sheet,608b27ca85e6aa92e849e7c6d4cb9ada4085fba4952e416eeb011b49c18eaa07,,,,,,,False,
2024-25/16.07.24_NLDC_PSP.xls,no_timeseries_sheet,14ca9c4126ef06f5102ef3f89a1dd04ada4c2c33cd98d6b5440ee4a24a5eee93,,,,,,,False,
2024-25/16.08.24_NLDC_PSP.xls,no_timeseries_sheet,6af8b3af7e088fb6e297353b9e441621298c011bf5588fcda4ac842dc4dbd06c,,,,,,,False,
2024-25/16.09.24_NLDC_PSP.xls,no_timeseries_sheet,77b66dbb820604fbd2cdc540c0a50ebf25413e8d821d6b0de28a600455fd90d1,,,,,,,False,
2024-25/16.10.24_NLDC_PSP.xls,no_timeseries_sheet,0d6d7a1aefe019a8e9ad585da6ae63ccbebc90f32266d31c06123ac715042aef,,,,,,,False,
2024-25/16.11.24_NLDC_PSP.xls,ok,3e0b539d5bd64ebbebd1c43780b7cad5e610736f908f282656b4579367d7995c,2024-11-16,2024-11-17,2024-11-16,98.0,8ec6c7593ea6bea300aa9674d4b92604fcd31e75f44a808e437d2bdd4683ff95,300032.0,True,
2024-25/16.12.24_NLDC_PSP.xls,ok,535f8fe9251639f318074572b8795792cbcf0970fff44ddba2d1b8b17f5f6b44,2024-12-16,2024-12-17,2024-12-16,96.0,3bd8ee446c8726a8d530b645b837cb149aa8d1b7ae5fe6ebf492fd265ba08efe,339968.0,True,
2024-25/17.01.25_NLDC_PSP.xls,ok,b24b327bd17a985da10eb801bdfd7564038026b1a82a590ea8bff55fd0eebff5,2025-01-17,2025-01-18,2025-01-17,96.0,b8099b82f9ac80712c542f5f0983b9031d96fe4ab80a71a4ee3192602be95dab,284672.0,True,
2024-25/17.02.25_NLDC_PSP.xls,ok,e93082f83d185535a3f39689c1c0206afbe889ac399798cd049a08eac2a1fcb6,2025-02-17,2025-02-18,2025-02-17,96.0,73bf87ab3e3ee04b64e6c30e7459d36f4c6e2fe32d7d7ac9deb11a4c938c196a,283136.0,True,
2024-25/17.03.25_NLDC_PSP.xls,ok,e4407affdfc201a2e51171edfac2010ebec0be64e9302f98fa36e3dbc25467a3,2025-03-17,2025-03-18,2025-03-17,96.0,df6e7c1136df5d068200be4484d33775768448a357a1a869491635d145772072,283136.0,True,
2024-25/17.04.24_NLDC_PSP.xls,no_timeseries_sheet,f91d8b3ccb9c32efc6abc3f68f91a32df77e0902a9227c50b5f0e123b79ea451,,,,,,,False,
2024-25/17.05.24_NLDC_PSP.xls,no_timeseries_sheet,1a599682882a240fb16a52fe29badc5e7375f638249958d19f9953eab1d8500c,,,,,,,False,
2024-25/17.06.24_NLDC_PSP.xls,no_timeseries_sheet,59723ac1fc44d0ddf8e882147cac765226d13d3aba172ce4f753c88cad5fade9,,,,,,,False,
2024-25/17.07.24_NLDC_PSP.xls,no_timeseries_sheet,66e248b8a008e89206465ffb78379377a40a351da514b09e9154c783ef2045fd,,,,,,,False,
2024-25/17.08.24_NLDC_PSP.xls,no_timeseries_sheet,a919dcb7cd88d6c2ad4e2360d74f5ef72374d9fc5459f3596646bb6ae58ba216,,,,,,,False,
2024-25/17.09.24_NLDC_PSP.xls,no_timeseries_sheet,c44a659e19ac2b46cf42c54c7e7ff629918908a0a173e581ca3c0f0f3a636a0a,,,,,,,False,
2024-25/17.10.24_NLDC_PSP.xls,no_timeseries_sheet,bf16d09237b8a04ae013854fd97733adafecd845203bfadb998a95208c2cc27c,,,,,,,False,
2024-25/17.11.24_NLDC_PSP.xls,ok,738acf8a9ad335e5ea58e19dc4908d5a1b203c0d9c12e2e08c14ac0a48c5971b,2024-11-17,2024-11-18,2024-11-17,96.0,58eb9092a04a429067762d7a0edabba5cb59aa5174be76f765ff1edcf70ba565,284672.0,True,
2024-25/17.12.24_NLDC_PSP.xls,ok,3b103d70a2b5458811d8d013295db52580cee0930a71b64dcdb20e0ee82da70e,2024-12-17,2024-12-18,2024-12-17,96.0,053ac36eb285f5a3b7b694d0e4cf0db711c8d370d9b067d5fb96f2879a35bbe9,284672.0,True,
2024-25/18.01.25_NLDC_PSP.xls,ok,9bf02ab3a2f6921b9fade73e753cbea1d4f9e20c9504c3b81f415819e22c4ea2,2025-01-18,2025-01-19,2025-01-18,96.0,ab7de25694d8f806b7104d1926b58155d9158115a4bc69add7180b9284da928a,283136.0,True,
2024-25/18.02.25_NLDC_PSP.xls,ok,85a723ce707149c14df1872cf9130dbac62902f18c6448b268ff9fd723769433,2025-02-18,2025-02-19,2025-02-18,96.0,c146caa843b27d0d7ab50692e649190b503bf7b226eac0c43dd26d2fb36aa8fc,283136.0,True,
2024-25/18.03.25_NLDC_PSP.xls,ok,4b3eaf20a79c4024bddf90991cb42175ed6427d837cddeb1acebee6c95cecc13,2025-03-18,2025-03-19,2025-03-18,96.0,f890ff2917dcde1c524e764225bd960fab92eba678617d955b5128449bb059f5,284672.0,True,
2024-25/18.04.24_NLDC_PSP.xls,no_timeseries_sheet,ff99b708d996423c5043862f844371ce80d7fe7ddcb954be882c480296de5d9d,,,,,,,False,
2024-25/18.05.24_NLDC_PSP.xls,no_timeseries_sheet,35e828438a7e07eed29875043729f130e8549db6547589f6b4f673d74ec340be,,,,,,,False,
2024-25/18.06.24_NLDC_PSP.xls,no_timeseries_sheet,5e555301e5a2bafaaa4dc1f11838d05c241ca04f7a9a374e273dd5c050e3ef40,,,,,,,False,
2024-25/18.07.24_NLDC_PSP.xls,no_timeseries_sheet,b7bd89a6028d6f0f6be8b8f338fd36a50e9259d7c4393262756df46033172d2b,,,,,,,False,
2024-25/18.08.24_NLDC_PSP.xls,no_timeseries_sheet,f9dfca91b90b0125c2cf1099a1afc59edb19305c245d8d5273f82a71415475a1,,,,,,,False,
2024-25/18.09.24_NLDC_PSP.xls,no_timeseries_sheet,4582b67825d156fff92600411e4ddb17fcd0765af235ca46b392528d725a4fc0,,,,,,,False,
2024-25/18.10.24_NLDC_PSP.xls,no_timeseries_sheet,606f6f018df0c2a4db61d2ab05738c7572670140b159a101c9c2bd4395dc47a0,,,,,,,False,
2024-25/18.11.24_NLDC_PSP.xls,ok,8c08aa82a3a9e85da6f1b06fb774cb1eb5ac09e7458c263f64310ae22b04d7a5,2024-11-18,2024-11-19,2024-11-18,96.0,4943dc49f8de8ea175dcf187c92b7c31cf42168b02f66805235153a971256eaf,292352.0,True,
2024-25/18.12.24_NLDC_PSP.xls,ok,e383837bd6f35007609e79b8eda7c2623c60be4f896e3f8eccab226ee36b67c8,2024-12-18,2024-12-19,2024-12-18,96.0,58077349b2c60e5399aa5b4c7bdeb98e6dcebe5503bac6acbff2f75c19a2c570,284672.0,True,
2024-25/19.01.25_NLDC_PSP.xls,ok,90204cbdd46e65a2ff478a971b930a1da636764a29f20cb3dbe45040311cbc0c,2025-01-19,2025-01-20,2025-01-19,96.0,7ca08e531592eab7f25de24740a84290e27ef613224bc5dd6141ed7f29e8f04f,284160.0,True,
2024-25/19.02.25_NLDC_PSP.xls,ok,fe6b3fb9a994fffb80c944306e787fa43dfcac104e24d85335a63aaa0e144e8b,2025-02-19,2025-02-20,2025-02-19,96.0,75b7c68729d3e5134f366c5c0050d25169ff1f856d46fd608ceedbb641fdd4e7,288256.0,True,
2024-25/19.03.25_NLDC_PSP.xls,ok,8e971e7a95f0e339e827b0350fff6a99ddfe09aecad6e2f69a32ea14827122a4,2025-03-19,2025-03-20,2025-03-19,96.0,9b071a1a2baf8041cb13a88bf0432976d53ca5beb1811aec89fdc00868f44359,287232.0,True,
2024-25/19.04.24_NLDC_PSP.xls,no_timeseries_sheet,430ceef98a18e1bce76240dfbc1cd8276d0d75c17838e0ac055ea170a19052cf,,,,,,,False,
2024-25/19.05.24_NLDC_PSP.xls,no_timeseries_sheet,d3491e9965651db7e4af20f2e3b60a989b51328ada3718f174850180bfbc8ec8,,,,,,,False,
2024-25/19.06.24_NLDC_PSP.xls,no_timeseries_sheet,76ca14b46014922ec9c75a422b2f5f67596948f09503b899995c4c51ae15234f,,,,,,,False,
2024-25/19.07.24_NLDC_PSP.xls,no_timeseries_sheet,cbf24b703bfd15e60179456e074d825eb91022eadde50af52980c0b319d66270,,,,,,,False,
2024-25/19.08.24_NLDC_PSp.xls,no_timeseries_sheet,064a7dc29a4c515d007c9ea062c889e4a6f5b5ea72869bed2b0511b5db3f25b0,,,,,,,False,
2024-25/19.09.24_NLDC_PSP.xls,no_timeseries_sheet,a18626955bb3df999940b8248bd4a6af6748d5fbf020209d3c4dd6c6f09a32d8,,,,,,,False,
2024-25/19.10.24_NLDC_PSP.xls,no_timeseries_sheet,cfd1147f721d65eae8bcbc0c830b22e51813089489db9bb35f76f3f859551bd2,,,,,,,False,
2024-25/19.11.24_NLDC_PSP.xls,ok,2adcba1085a1ec1629bffeb5f685def64d6fb7dfe5037ac7c9c61c045fa1bf76,2024-11-19,2024-11-20,2024-11-19,96.0,336878d4fb05d63ac7cd39cae9fb23be2e4b3c2a047ebe9c323f4128ece9de6d,297984.0,True,
2024-25/19.12.24_NLDC_PSP.xls,ok,99761f5f7f60e13abd352c3313608cc7cd824fa55e88b698e25a8631dcbafa1a,2024-12-19,2024-12-20,2024-12-19,96.0,440fedcc2f70efce104d74893d2c084decaf63635a44f30119c0b3e681f92074,283136.0,True,
2024-25/20.01.25_NLDC_PSP.xls,ok,9bde4096d910f1c9fa661c630459afe0a493d7090a59ae177239924c73737c8d,2025-01-20,2025-01-21,2025-01-20,96.0,577e4904c0b59962485e865e4b801f80512133574a40297ee824782c425a25ec,284672.0,True,
2024-25/20.02.25_NLDC_PSP.xls,ok,9543b300166bad7d088208eca9d29802345431d375b3447623edb04ca9408b94,2025-02-20,2025-02-21,2025-02-20,96.0,b03a7e80520a45a8de33791b4a4e246a0c79cb5a387e18f917e03b605ef828a4,295424.0,True,
2024-25/20.03.25_NLDC_PSP.xls,ok,d1920a96a6e457716c54826c683228fa3e6d1ab4ac2d5258198b6536cc71a374,2025-03-20,2025-03-21,2025-03-20,96.0,ac4ad747a11d47743f89511a1923856d2626e2ca0fc0a17462a6ff25f5218d65,295424.0,True,
2024-25/20.04.24_NLDC_PSP.xls,no_timeseries_sheet,e967049c76dcb7f41607952066b6cedfb45f6bcbe4df5f879bbe4a4a62ac7d6d,,,,,,,False,
2024-25/20.05.24_NLDC_PSP.xls,no_timeseries_sheet,a64aa1025d3f5817ba6e6bd13c548bad1e19945cb3dae657c808abc2618677c5,,,,,,,False,
2024-25/20.06.24_NLDC_PSP.xls,no_timeseries_sheet,4d1625ff5812b13ea6f656fb2f92df2f5f5e34354cd7d9c3210c42c605dace96,,,,,,,False,
2024-25/20.07.24_NLDC_PSP.xls,no_timeseries_sheet,254bb05706c063e7630bf5afe799f2fc9f06aebc6588f005d834dd55684e6953,,,,,,,False,
2024-25/20.08.24_NLDC_PSP.xls,no_timeseries_sheet,64e835de811efe66b9b18a04ab7e16bd1de140f96be64fef4d10fa341367193a,,,,,,,False,
2024-25/20.09.24_NLDC_PSP.xls,no_timeseries_sheet,5820e74fc97e5e98385cbea9fb89276f99167da5cf92a905032c02d021683ee4,,,,,,,False,
2024-25/20.10.24_NLDC_PSP.xls,no_timeseries_sheet,9d03062706a10133e2a45bc897d0c217638c159ee06047222fdb99cad8383843,,,,,,,False,
2024-25/20.11.24_NLDC_PSP.xls,ok,b850bdfd511f3319d4fe2d988b441570a0f41daf945e54ddd5750f2c5ca86c81,2024-11-20,2024-11-21,2024-11-20,1.0,422fbba14745b1d56cb10acfaed692c9e8227cc068554a15594dddb37da24c10,257536.0,True,
2024-25/20.12.24_NLDC_PSP.xls,ok,c513c2eadb3c5b5227cb006214f6d3630f112f4ea1623027666c17efe7935334,2024-12-20,2024-12-21,2024-12-20,96.0,1f80c5abb5b443673888373688c21d985001409c28bc5aeb38dd7c061568c7d9,340992.0,True,
2024-25/21.01.25_NLDC_PSP.xls,ok,1bc1877ce9ea068eb5af0d12b4aff2de7f899df4048cecead8b3e8a71991fcf1,2025-01-21,2025-01-22,2025-01-21,96.0,1798d6b258e9d5ed2022870bf9ce8dfc193bbd15e8cb0824f64b26da4442e74f,284672.0,True,
2024-25/21.02.25_NLDC_PSP.xls,ok,2afbaab159edeebd6bc1b2a43796122b256a6c9f98854a52fbbc2ea399dc7144,2025-02-21,2025-02-22,2025-02-21,96.0,db8cc2cd0e38065265912e8da3e882015d4e1d623a38b0471e2120770ae6fd7b,284160.0,True,
2024-25/21.03.25_NLDC_PSP.xls,ok,0811557ccc27eed264aa0154fef4dfae2e6bc046cfc51e620a5a7d4649de5913,2025-03-21,2025-03-22,2025-03-21,96.0,f9bbd9755a488ff2e748f1647d6587997abe62f9821cf1e642283ba33e153169,342528.0,True,
2024-25/21.04.24_NLDC_PSP.xls,no_timeseries_sheet,a0254bed343324fa45ddece988bf52d939becf5bb100db690f0cb032f132c271,,,,,,,False,
2024-25/21.05.24_NLDC_PSP.xls,no_timeseries_sheet,cb633a7d23753eebbbeb19f5c52ec271a785018f22ad40fafd9032acbf1cdfd1,,,,,,,False,
2024-25/21.06.24_NLDC_PSP.xls,no_timeseries_sheet,ba9723f1b9de3497cac4b7f5fe5820bf5ff07fe430ea555ab471eba09835da2d,,,,,,,False,
2024-25/21.07.24_NLDC_PSP.xls,no_timeseries_sheet,4fc48114fc457993de0f31fa9c9b275995d98fda7936225b38f29822651ae65f,,,,,,,False,
2024-25/21.08.24_NLDC_PSP.xls,no_timeseries_sheet,2a2edb7de6295399baaea1a2bab1c4c5e17d3a9c2b22842f960dda8ff0255c76,,,,,,,False,
2024-25/21.09.24_NLDC_PSP.xls,no_timeseries_sheet,4a96dbfa52a3e616dca859e5591ef6153d26dd627d60c509d0ca38cc76f8f36b,,,,,,,False,
2024-25/21.10.24_NLDC_PSP.xls,no_timeseries_sheet,e97caefd104a2136bfe0411619eabe4eb425ad3fb3080905bcb95e3ea0297a13,,,,,,,False,
2024-25/21.11.24_NLDC_PSP.xls,ok,bbac5ea8db42f6e716f25de4a5fd977ec75195cdc1025f882c2e779caf42c790,2024-11-21,2024-11-22,2024-11-21,96.0,097d268b7e0b97342658e4a96d01c1e8435149be78d1bcbcb6c9984ba21616ce,298496.0,True,
2024-25/21.12.24_NLDC_PSP.xls,ok,4bdedb76cac28a8c64f543d9e8ef186ae3f26ac48a4446438eeed61088ae1b58,2024-12-21,2024-12-22,2024-12-21,96.0,4aedef5ec40492a3b815196ad64c9f48c45601f03871fbfb4393498fa87ffa5c,299008.0,True,
2024-25/22.01.25_NLDC_PSP.xls,ok,8bd41d3b17dca9968ea20be67c2f25c239d42d3cf50d3ed0502324f59b97e80b,2025-01-22,2025-01-23,2025-01-22,96.0,ddb14c3b6b4a56c24c4fc062f5e83dd4b9a92f2cfef80b577ef3727748130402,284672.0,True,
2024-25/22.02.25_NLDC_PSP.xls,ok,46987914265c849ff8e8142e46994d06dd4fffca8ab65a4fb7fc0052c89d9e35,2025-02-22,2025-02-23,2025-02-22,96.0,dfab4dac0a716eb9715c10e1caa20b46467f974d61e864c214a20bc9db00e3fd,284160.0,True,
2024-25/22.03.25_NLDC_PSP.xls,ok,806ea95e4129d7611d0363df7a8eb43b58b76eabca6438ad9197b75b31c4b67f,2025-03-22,2025-03-23,2025-03-22,96.0,d96afc7683d8ec288d5f6f151e2203485d93813816f6fb067fcbfdc8b1815794,295424.0,True,
2024-25/22.04.24_NLDC_PSP.xls,no_timeseries_sheet,2503cffa1c660df22adfd6fbabcfb7d21dccbc55ee84b5627e87707aa5bea336,,,,,,,False,
2024-25/22.05.24_NLDC_PSP.xls,no_timeseries_sheet,389ccd5e68dfae2e6b195b23d7da3facf2f65c9a01289b683d92e5459ce757e3,,,,,,,False,
2024-25/22.06.24_NLDC_PSP.xls,no_timeseries_sheet,7792357b832ed167bd6c3c2729dac8a4b8b48b5f336e51e87487592648c6029f,,,,,,,False,
2024-25/22.07.24_NLDC_PSP.xls,no_timeseries_sheet,8adc6f63f5534a81a65846a7948ca28b42e1adf7334c1b165bd65849f24c5d1e,,,,,,,False,
2024-25/22.08.24_NLDC_PSP.xls,no_timeseries_sheet,bc2902471224967993dc714c5491417562cac4b071c7c0d7fdd4b2063bdb84c8,,,,,,,False,
2024-25/22.09.24_NLDC_PSP.xls,no_timeseries_sheet,0bac590bea38da217ae0da61ed8d520ff84c618ff7ac2bfa5990041ed5c64e34,,,,,,,False,
2024-25/22.10.24_NLDC_PSP.xls,no_timeseries_sheet,fdf443338cc1f1dc3c44cdc07618f6f5231f72ba1d83e580c9139610ba76ed22,,,,,,,False,
2024-25/22.11.24_NLDC_PSP.xls,ok,34565d11447cfea4d4b3616197bac4bdec202eefea430b7a12066e37cb67ce95,2024-11-22,2024-11-23,2024-11-22,96.0,4246854496c6408a42ade30bfbd2e04d8a9b1780e13e69f08275ea31ee065b28,297984.0,True,
2024-25/22.12.24_NLDC_PSP.xls,ok,f9a7f08eaef2ebb16c4f4acfbfdfa0eca7b2b4f9f2cb9502c6efa3acd97d130b,2024-12-22,2024-12-23,2024-12-22,96.0,3216c658d3e1e45a764aa8dc7bb644e914c752ca31db874efe887079cde7f763,284160.0,True,
2024-25/23.01.25_NLDC_PSP.xls,ok,a00dc3f8ede0faad3e040b9ae4590417e685d03aaccf9796d79a3103d2a6f5a0,2025-01-23,2025-01-24,2025-01-23,96.0,b857ad295907eac2e147a0d8f198ba425069691716f6e72dd0b550302a677cfc,288256.0,True,
2024-25/23.02.25_NLDC_PSP.xls,ok,f626e130f8e8d68929e953c1a94296f60d9c44c205cf48dc471dfcbad19febcd,2025-02-23,2025-02-24,2025-02-23,96.0,2df080b7f9b1b4b3abaa4c4098cf105a077ae49ba655c85259797b64e8c2d3cf,299520.0,True,
2024-25/23.03.25_NLDC_PSP.xls,ok,d69849293f6491142ff7e3dc90d95405943136e5bd5568f8f634fa8266c1410c,2025-03-23,2025-03-24,2025-03-23,96.0,8dbb305737efae90c89f2a84f725fedbede8dfe86078843834834c47f7f5be00,306176.0,True,
2024-25/23.04.24_NLDC_PSP.xls,no_timeseries_sheet,f9de3147feec90a194807bc612b3dc835b57c42bc7f9f84420627152f42ed261,,,,,,,False,
2024-25/23.05.24_NLDC_PSP.xls,no_timeseries_sheet,afc14a617902d60b7ad328e3d59774fe3a0bdf1b85be3bd385be7ae236e6eb35,,,,,,,False,
2024-25/23.06.24_NLDC_PSP.xls,no_timeseries_sheet,25bdfb899582a8adec0cad2d78946dfcd6c1e7e069e77273b30aebad121fae58,,,,,,,False,
2024-25/23.07.24_NLDC_PSP.xls,no_timeseries_sheet,f64b962b9c73187f2035dfc6dcff676147bba71fdb77424c7c9b3c3502d02ad6,,,,,,,False,
2024-25/23.08.24_NLDC_PSP.xls,no_timeseries_sheet,bb3332c6510facf2d81557ff36725a68bef96f2410d7f633b123f729be760dbd,,,,,,,False,
2024-25/23.09.24_NLDC_PSP.xls,no_timeseries_sheet,bb9c567872bb0a1cdc92bd0a9b2f1571bde0dea674dd01298a7bc1e0e903a4b3,,,,,,,False,
2024-25/23.10.24_NLDC_PSP.xls,no_timeseries_sheet,a261d82c63fb3d62247387bb89f50ef0644f6dcc3af4e97dd793074418f7faab,,,,,,,False,
2024-25/23.11.24_NLDC_PSP.xls,ok,8dcbb6a47b482f09360aed0314d4954ab4fd31529e1ea98b79529037d3e41128,2024-11-23,2024-11-24,2024-11-23,96.0,abe3c8ccdf51cc88c3f59b7805f43ba525fbc3610f9df95f9f00f00bd7a0b922,284672.0,True,
2024-25/23.12.24_NLDC_PSP.xls,ok,35b70a614f0a618d827647a278a333298b5bede9b57525d559463c396485d9c6,2024-12-23,2024-12-24,2024-12-23,96.0,3d1460015fd1e0cde797c59b36f01bc002732ff329cfb77826adeab603debc5b,339968.0,True,
2024-25/24.01.25_NLDC_PSP.xls,ok,8539db21bc0b97edb35225a34cadb7e20de8a910bcee11e7afa42842ec6f7229,2025-01-24,2025-01-25,2025-01-24,96.0,2a8c49dac24bd086e9b001d1fb1987e5e90b014d0601bab06bc8bc21666d3b1c,283136.0,True,
2024-25/24.02.25_NLDC_PSP.xls,ok,c8a832a97ad77703022b36fe68d98b8d7156d5266f4a7bdcac6a8dde1aa18b77,2025-02-24,2025-02-25,2025-02-24,96.0,9ef94633dfed6fd8bf47f918a575038fdec8a42831bf27fa279cac521fc28a93,295424.0,True,
2024-25/24.02.26_NLDC_PSP_409.xls,ok,79529e2a51aae973309cd13015546abbb7932a4e8a0bd014bbcf98b1554768b9,2026-02-24,2026-02-25,2026-02-24,96.0,650eb0338f0ede90adba7c0d8acc7ddd5d8cd8245384fd3feca3156727a2325d,285184.0,True,
2024-25/24.03.25_NLDC_PSP.xls,ok,1be88e4ca257b557fecea6827e117e3b4c1c822b70338853b8bfdd99584ad010,2025-03-24,2025-03-25,2025-03-24,96.0,021bbca351ba9d856b437399622e37fcc2a9aae5b67ede7b387440dfda15c5fb,306176.0,True,
2024-25/24.04.24_NLDC_PSP.xls,no_timeseries_sheet,372af700dbf17a6fdd35bd4df52db0aff531394ffb75da329702f364694da12b,,,,,,,False,
2024-25/24.05.24_NLDC_PSP.xls,no_timeseries_sheet,fca57a199d8c697c0e1e56b5f133a5582978ff8cba025041817ad031da4a710d,,,,,,,False,
2024-25/24.06.24_NLDC_PSP.xls,no_timeseries_sheet,a90b7f207041a7029e7839fe4212eabb5aba7a09b6e2e98601544e63a6a37db9,,,,,,,False,
2024-25/24.07.24_NLDC_PSP.xls,no_timeseries_sheet,e938685f0006abe404a8127c6f154f2cf80e8874d9b138605cdec9a0f7d766ab,,,,,,,False,
2024-25/24.08.24_NLDC_PSP.xls,no_timeseries_sheet,b67d828b93b752773ab73ad19dd72d2dee307eb032474e94f7fe9aaef83d36da,,,,,,,False,
2024-25/24.09.24_NLDC_PSP.xls,no_timeseries_sheet,0ed1c501fe60f2ba0f47e9a4f4a347419982ea46218c362d42798d698c5ea18c,,,,,,,False,
2024-25/24.10.24_NLDC_PSP.xls,no_timeseries_sheet,83cc8585b0da19fcf03f6c7c3c4b9ad233610d3b2b1f04f42f25a27dfb3ca53b,,,,,,,False,
2024-25/24.11.24_NLDC_PSP.xls,ok,0f2919078a014dab68a9738e915dc1536a6973eb6bdd04b8526985c92c6e7165,2024-11-24,2024-11-25,2024-11-24,96.0,adfb4f2e4f6c5208be9881023fc5c4e2be765c0b69546007f53b0ff278e362ff,287232.0,True,
2024-25/24.12.24_NLDC_PSP.xls,ok,8ab0ce956295ad13dae5b0f21685cc1dfc5a032d7aafbef895accad0003867e0,2024-12-24,2024-12-25,2024-12-24,96.0,ce348cfea1e2e67fecdb615f848be8638dc52de2a25c10fb85d3db4129d1cf56,340480.0,True,
2024-25/25.01.25_NLDC_PSP.xls,ok,1e16bff2d4243960cb1bbf3fc2c31ba3c91dc444802ca92c4ce0bda077d2d71a,2025-01-25,2025-01-26,2025-01-25,96.0,3a1c1fd83c13270eb5114ba8e7aba57cf4a661f25795c5067d911c11e5ed4a30,283136.0,True,
2024-25/25.02.25_NLDC_PSP.xls,ok,52f30d9b4a4bdb5f6d702999fd1b92231d619ea4a2b7f3b01e73a9585b6c9764,2025-02-25,2025-02-26,2025-02-25,96.0,cdbec524426cea0fa4e316894d29fa72df54c862bd75300a064b6d6d276412ce,283136.0,True,
2024-25/25.03.25_NLDC_PSP.xls,ok,09a030409f1764ce4c24e500737e125e1d38973d8640843fd0a81a86b2c05292,2025-03-25,2025-03-26,2025-03-25,96.0,2f082813d099d30a19bf727af3bf8ca66cbda4b8bd61c18d1e815b19ba3a6185,284160.0,True,
2024-25/25.04.24_NLDC_PSP.xls,no_timeseries_sheet,84cad276abbaf9edd46a60900c1e741a33ea272dfa2a2e18b82d93a8dd15bf3a,,,,,,,False,
2024-25/25.05.24_NLDC_PSP.xls,no_timeseries_sheet,5ccf887c5e5429483f19ec1f08971b65dd586c78ca8b4d4cb59e920dfc465d87,,,,,,,False,
2024-25/25.06.24_NLDC_PSP.xls,no_timeseries_sheet,7a2a72cbf8cf71a63eb5c9a8738439c0dc817b60c68cf69ea4ec8c6b80344a79,,,,,,,False,
2024-25/25.07.24_NLDC_PSP.xls,no_timeseries_sheet,28465b6ae05b762b2470d67f1f2b4d973882b6d2285678152ed10bf8a13d9f4c,,,,,,,False,
2024-25/25.08.24_NLDC_PSP.xls,no_timeseries_sheet,f1bc4c40cc99efdbea80a11caf7b3037e75f6f8b293d3f28dc4c41e209e973aa,,,,,,,False,
2024-25/25.09.24_NLDC_PSP.xls,no_timeseries_sheet,e3491592b0d024168ea39a12c022bd774863edb5b80dbf6b24786011c894301b,,,,,,,False,
2024-25/25.10.24_NLDC_PSP.xls,no_timeseries_sheet,6213fcd8c0ef32fa287631b30175cb0848ded308499ff92da3041ead4fcae143,,,,,,,False,
2024-25/25.11.24_NLDC_PSP.xls,ok,0070897d4ba2658d10f144b47d110290f51cc9bbe651559383e553b63364969e,2024-11-25,2024-11-26,2024-11-25,96.0,763be63b9f66740adc2190a08de9ff3edb940881675502989b7bc8f80ced47e4,282624.0,True,
2024-25/25.12.24_NLDC_PSP.xls,ok,7a9b0f2280bf1a5437554f8dda7de626fd9dc61c165f7358c32bb493a156f5a8,2024-12-25,2024-12-26,2024-12-25,96.0,f753c459c3cf1319327316d7510b0b26e8bcc672851113036eb66ebb65310238,283136.0,True,
2024-25/26.01.25_NLDC_PSP.xls,ok,f6f70882ea6859a33ada80c7f1ac179d9a63abc72d6207510a3bea96c3179683,2025-01-26,2025-01-27,2025-01-26,96.0,63d638996f63887f33439d5b9bcb35ed72c9343fd8507440d10ae4f57e5ea3e3,284672.0,True,
2024-25/26.02.25_NLDC_PSP.xls,ok,15b3691ae68df83c870be67699b26b19be22ff9464fae4fd79ce4c777f9f33ad,2025-02-26,2025-02-27,2025-02-26,96.0,123e577984a786da0e2c8b315dd824f5a83bbbe5de63eed1337214b024e71f1d,283136.0,True,
2024-25/26.03.25_NLDC_PSP.xls,ok,cbc5419ef480ba273b4f01c17c69889b0fc659349837cf7156bec5f38d646de7,2025-03-26,2025-03-27,2025-03-26,96.0,8a6c6e1ae8175175a7e834d424878a3bccf41552aa0acd1d6bc9d875121f3cbb,284160.0,True,
2024-25/26.04.24_NLDC_PSP.xls,no_timeseries_sheet,fa299be9ae7b949666875eecac1816d1bcb1cd2125d082f95d8b2eda17ba6ccb,,,,,,,False,
2024-25/26.05.24_NLDC_PSP.xls,no_timeseries_sheet,1eb0952b9256e06347b496bb9ec5841f43d280482f00db51ea50d8b39acd65ad,,,,,,,False,
2024-25/26.06.24_NLDC_PSP.xls,no_timeseries_sheet,186e5e8171341be3b944ae79738d67b6b3eb61a47cb4e6e819db38faaed9bbc5,,,,,,,False,
2024-25/26.07.24_NLDC_PSP.xls,no_timeseries_sheet,6d7ab74cbbc0885d6417211f581cdae1579ce231880c51375960f4300264a5fd,,,,,,,False,
2024-25/26.08.24_NLDC_PSP.xls,no_timeseries_sheet,7f0d39ad15766d6a53b9fb795e5e21255cf32d3325a453822fb1daadab7c51c8,,,,,,,False,
2024-25/26.09.24_NLDC_PSP.xls,no_timeseries_sheet,e15f47035f8858e48711b3625e1101fee3e6456d8d2db5e65898e016154986f4,,,,,,,False,
2024-25/26.10.24_NLDC_PSP.xls,no_timeseries_sheet,3e01d52822055ddd2dfca69798a31cfcde08c5312f9e6c6367ce2a6a46e8af9d,,,,,,,False,
2024-25/26.11.24_NLDC_PSP.xls,ok,c7599202d47c9fb2e1e4e390ab040dffc6fdbc8019030cbfc297351d217481bd,2024-11-26,2024-11-27,2024-11-26,96.0,8acfac873553a8e1da6db0e0478ea4a41ca917527068a433452a188c1d57169e,283648.0,True,
2024-25/26.12.24_NLDC_PSP.xls,ok,28025d683821be59588662be2eb64b663cd6c05d55b9d23d9f080a01fdd6a103,2024-12-26,2024-12-27,2024-12-26,96.0,4141f51ac3cde4436cbb61b2348b208210ad90fa8cdf55592a60957a6a423cda,283136.0,True,
2024-25/27.01.25_NLDC_PSP.xls,ok,bd8cba73da1fc82bfed352c01d3abbfc3c9603ff131d475665c9491e6be57df1,2025-01-27,2025-01-28,2025-01-27,96.0,74d8ea5f334f657b9498e2d5b02182567857170881ee586b00cd9c4c8de47d77,284672.0,True,
2024-25/27.02.25_NLDC_PSP.xls,ok,776bf6149d729c06aceade7f965d162f221b823438e7b26e76c6a2e8e8ff3ee0,2025-02-27,2025-02-28,2025-02-27,96.0,87ab5532b9b74e30453393a373a650b956c3327d5a407c648d73fc94fb5f8f0c,284672.0,True,
2024-25/27.03.25_NLDC_PSP.xls,ok,1fe183015666cc4d98a0af7dc01a1f683c6682d68fdd870a01a41463c8844879,2025-03-27,2025-03-28,2025-03-27,96.0,b3ff88a19912dc19cfb1491434c20eb0e321775a93e5636719a7f28b0a31326b,295424.0,True,
2024-25/27.04.24_NLDC_PSP.xls,no_timeseries_sheet,ad4204e43730a34b6eba502a6e961c93c2cd4f5acd3f1fd437542badebdb2b67,,,,,,,False,
2024-25/27.05.24_NLDC_PSP.xls,no_timeseries_sheet,3566adc0ba8d78ba8ca36cc226c5d5e7371d85d06233b5eb825581f867451838,,,,,,,False,
2024-25/27.06.24_NLDC_PSP.xls,no_timeseries_sheet,3114e9cbead6b5a9f967838d17549d7d28299d58e39f7d80ef131ba378222b56,,,,,,,False,
2024-25/27.07.24_NLDC_PSP.xls,no_timeseries_sheet,81975be34147416aa99f8934fdd16ffb0cd06ff33487c634ab93d114393ef63b,,,,,,,False,
2024-25/27.08.24_NLDC_PSP.xls,no_timeseries_sheet,3ceeff250df46231a463a9f9db92c3f9b17ab67235bafaec2da881f159ae1062,,,,,,,False,
2024-25/27.09.24_NLDC_PSP.xls,no_timeseries_sheet,99dae9b61ea9ae6bf624ff6dc5c22f5220084c242289a64ffcfb683043f80016,,,,,,,False,
2024-25/27.10.24_NLDC_PSP.xls,no_timeseries_sheet,14c8637c3e99c2cc4613c5804aad6cb1c956fd7edd0589e9f3da3232a061a71a,,,,,,,False,
2024-25/27.11.24_NLDC_PSP.xls,ok,259ec068cd625644e1031e3b993e344f72a93e087e84a8949a07e24a7b5fd659,2024-11-27,2024-11-28,2024-11-27,96.0,c7fd0213e252283d243fe22238ed5aae26edeaf2dd49a73aa291a355cba9fac4,284672.0,True,
2024-25/27.12.24_NLDC_PSP.xls,ok,115f278d550fd26e24f394c8c7a7a057b107ab2bcfa04c9e6c1d2ea9955800ef,2024-12-27,2024-12-28,2024-12-27,96.0,862ba499f7be14ebd12e95e74c53c71deb95e8aeab2a123b7b96df96b32e6b3b,283136.0,True,
2024-25/28.01.25_NLDC_PSP.xls,ok,74ca61cb9e9ac360d960af483de407fb1287a79bfc329a7ee7618894121eca37,2025-01-28,2025-01-29,2025-01-28,96.0,3297158789e7de18704f4f679e72998446ff963efe5572b7c2d983ac28c9d11a,283136.0,True,
2024-25/28.02.25_NLDC_PSP.xls,ok,63f662a2bea84fe4a7f51676f3a10e7ba2cc5129c66f4713154a873f4e6fd64e,2025-02-28,2025-03-01,2025-02-28,96.0,da5136915f4d8aba3e133f1fb22132fb17c6ba2b07ca13a04580e32d098fb4a2,295424.0,True,
2024-25/28.03.25_NLDC_PSP.xls,ok,2fb5822f8ad4fd1ff0e6a7867d34042c071ee65e1ca971462d6f9a27f2353c9b,2025-03-28,2025-03-29,2025-03-28,96.0,5d8d2ad2797af5e7de463c82b5fe59b1d3e3c4de0d610ef4c1f6d127e8365082,295424.0,True,
2024-25/28.04.24_NLDC_PSP.xls,no_timeseries_sheet,fd765837b4faa5ed7c3574a405c7ef25815564c7249e490eeee955b68ab9b63b,,,,,,,False,
2024-25/28.05.24_NLDC_PSP.xls,no_timeseries_sheet,78b380354bc1cfd95eefe861c504b12d3386426ab6b559876a667d924df3a91d,,,,,,,False,
2024-25/28.06.24_NLDC_PSP.xls,no_timeseries_sheet,ca05ce04fe23befc4e57198282a48cbfd5be387931bcc4fc6db2f757c7798388,,,,,,,False,
2024-25/28.07.24_NLDC_PSP.xls,no_timeseries_sheet,08cc76095a1e2540d7b81fd5872c74a791e6adabfaca9b40ff4aa895a37e5b37,,,,,,,False,
2024-25/28.08.24_NLDC_PSP.xls,no_timeseries_sheet,25c2a7766f3049822250e86c6000242f1720574a265899f8db9c82d799ff322e,,,,,,,False,
2024-25/28.09.24_NLDC_PSP.xls,no_timeseries_sheet,80ca11026fddeb2a5ed9658b3fb86e9d795f182213ef9d185f136856642b7f43,,,,,,,False,
2024-25/28.10.24_NLDC_PSP.xls,no_timeseries_sheet,c24651c2dec2826b9a47e667ae0a90cc98b7c441b550a119306e1a2c1162a5e3,,,,,,,False,
2024-25/28.11.24_NLDC_PSP.xls,ok,4b12ce7ef018141e79e4b1e6de9c655144d4f327e3de93c6e0ef666090d0fbf8,2024-11-28,2024-11-29,2024-11-28,96.0,e43fb7461a864f757b58ca9e55a780335312ebbf113628e7e66aa8570e4da797,298496.0,True,
2024-25/28.12.24_NLDC_PSP.xls,ok,e4b9ef0e5f54a3592f9a1214344d60c06fb8de3c51190c0792c77b8feec700bb,2024-12-28,2024-12-29,2024-12-28,96.0,152dd094885bd177a985e0bd5977796521aac27f31ec9a821f3b0f6d9b444937,284160.0,True,
2024-25/29.01.25_NLDC_PSP.xls,ok,ec756d7144c8e2386e617047c074ae806d17f41ca760c9737194511966f801c1,2025-01-29,2025-01-30,2025-01-29,96.0,ce19c2307860b539a3f75ff64c7b3abc7c26833c6303ba9e315f9b16180208d0,285184.0,True,
2024-25/29.03.25_NLDC_PSP.xls,ok,dfd40ceb0d23e653a35d2d18b5ebb32e6d54e3dd1abeeea0e355ba93bdc88252,2025-03-29,2025-03-30,2025-03-29,96.0,fd78ca5516343b3668540119087958b6cc974a86cc0dc7db8cd220cb46a887ac,342016.0,True,
2024-25/29.04.24_NLDC_PSP.xls,no_timeseries_sheet,3c39083891efb865320ac3772927d91f1f6347a8bc9fc015b5bd23f785c2adb2,,,,,,,False,
2024-25/29.05.24_NLDC_PSP.xls,no_timeseries_sheet,2987c7f9481d31088472567893e41e39104382e073aa1ed4d6da15cd2285cbf3,,,,,,,False,
2024-25/29.06.24_NLDC_PSP.xls,no_timeseries_sheet,a45f5b6eef1486321d7e93b79f387e39689f89ed0d2c341030022b5a951faf61,,,,,,,False,
2024-25/29.07.24_NLDC_PSP.xls,no_timeseries_sheet,ee6b6b572c8e38935c0df3444c3364c92e130d32a2c06ad678daf8c5673c174a,,,,,,,False,
2024-25/29.08.24_NLDC_PSP.xls,no_timeseries_sheet,0182e4191d0d9c0bdc6cf90415b1d75b338aec6b25919983627cca9a7db12122,,,,,,,False,
2024-25/29.09.24_NLDC_PSP.xls,no_timeseries_sheet,eecd231bdda1e0e91e0bb7005d710ba668c11f9b68a940954a1ac92ea543bb00,,,,,,,False,
2024-25/29.10.24_NLDC_PSP.xls,no_timeseries_sheet,eca1e8861ae393c2d4b8e522f6be96cebe6d2c6d789f5cfdd42417977060c49d,,,,,,,False,
2024-25/29.11.24_NLDC_PSP.xls,ok,7966874555d24a9d384cc64eca3c1a3c4daf691cb0b7352062fd8549440f55d6,2024-11-29,2024-11-30,2024-11-29,96.0,4cabceb3dac5579163e93ce93c8cf3ca305785334d20fe029d33c69f9d4a4b9c,283648.0,True,
2024-25/29.12.24_NLDC_PSP.xls,ok,a43e89d3d1ba7b0c4f33794678b79b5a957992a9c20247997449cc3aa666a0c6,2024-12-29,2024-12-30,2024-12-29,96.0,cb9cc68846a032cc37247fbf00926975ca15b4dcfb9487dd51a0f66973bb4967,284160.0,True,
2024-25/30.01.25_NLDC_PSP.xls,ok,c9ff114ed4ae1f150f2e44262aa12aeec9e04bb33328313b67690cbf3f8610e2,2025-01-30,2025-01-31,2025-01-30,96.0,46ea0aa4b4a78e10a761c22b1596b5b9b7f29d0d963668604aa591b00f68dc95,284672.0,True,
2024-25/30.03.25_NLDC_PSP.xls,ok,47d2757616342e4ac4fa077ac7344c89e7b8a91d8c6fe2a59897b318f4de4dd2,2025-03-30,2025-03-31,2025-03-30,96.0,57b63f1100bd64ca929b2f93c3f359a153238184fa4201046121c6d5dce154f0,342016.0,True,
2024-25/30.04.24_NLDC_PSP.xls,no_timeseries_sheet,41f4b2578e02548a503300619257c28284ac4bf1908f95fc83d0d90517ffbc8e,,,,,,,False,
2024-25/30.05.24_NLDC_PSP.xls,no_timeseries_sheet,0c88aab76e0654084f2f0e5846f0fcd0e0061f79572cb3f42644048fb7e76938,,,,,,,False,
2024-25/30.06.24_NLDC_PSP.xls,no_timeseries_sheet,46bac7bf3189703d115c761ac7ddc4826ec73deff4b01cd2d6e01cb680b9b76e,,,,,,,False,
2024-25/30.07.24_NLDC_PSP.xls,no_timeseries_sheet,8eceed4ced40790d9682320964c71c8f8aa8456837114e7365a7d22b6ed17e5a,,,,,,,False,
2024-25/30.08.24_NLDC_PSP.xls,no_timeseries_sheet,cd11cc6226a3b0926d82f798093da6ee483bad0469e431493a42688e77cec720,,,,,,,False,
2024-25/30.09.24_NLDC_PSP.xls,no_timeseries_sheet,9f1af68972e2a452516fef914057df2e77799e3d4c15bd316b61cc2a176d2e56,,,,,,,False,
2024-25/30.10.24_NLDC_PSP.xls,no_timeseries_sheet,336589571e266b6e454ff57e332b67839b2bc72a0c1a696ba3db2c92dd8776a6,,,,,,,False,
2024-25/30.11.24_NLDC_PSP.xls,ok,1a8717e65371e8c67627499089d83eaefe057fe04de3c9d4154fc9b221d513b7,2024-11-30,2024-12-01,2024-11-30,96.0,276d9b4360ecfc65a67fc66b3ff8a5476360d216ace3a62339042c528b5f9159,297984.0,True,
2024-25/31.01.25_NLDC_PSP.xls,ok,79ab623ca8d8ad22d48b58270a2f0444872fab94eb77c2f0613f4e57a0b5eddf,2025-01-31,2025-02-01,2025-01-31,96.0,c9e83f3a260d076517ef2be52d39144b79009f9212f9cf01633522d83ffda9be,284672.0,True,
2024-25/31.03.25_NLDC_PSP.xls,ok,d85c6586ee6508ae082e899e70fd9729a4e26932167ed6c45deb097e26f8d55d,2025-03-31,2025-04-01,2025-03-31,96.0,e5ca4202d4f3f724e99693588f19f3b769d97d5b44e7f5241710ac0357c6dd7e,342016.0,True,
2024-25/31.05.24_NLDC_PSP.xls,no_timeseries_sheet,739c345a07748fda0c3eebee8cf6ba51fa9e638bdba7f34cd7b5ac6b083223ef,,,,,,,False,
2024-25/31.07.24_NLDC_PSP.xls,no_timeseries_sheet,7bbc2a9808bd1c3ae76ca88e78362508e915a1ac0f6222362d895e387f705375,,,,,,,False,
2024-25/31.08.24_NLDC_PSP.xls,no_timeseries_sheet,326b489e9e7adc06d167ae2a408812fefcca87030396fb7908e46d35acee895f,,,,,,,False,
2024-25/31.10.24_NLDC_PSP.xls,no_timeseries_sheet,77101e90599962af9d919074f637e2b92b78e40370b8d76a6a84bc5bbd5da681,,,,,,,False,
2025-26/01.01.26_NLDC_PSP_881.xls,ok,3eebb717db1ed95426c59c3d05a532ed71237c594b6e0259749ea06879ed6f2a,2026-01-01,2026-01-02,2026-01-01,96.0,6e3459d0ae357e0b4834e1a3c1d6a23285e6e030c381fea0f54d99f7cfbc6a51,284160.0,True,
2025-26/01.02.26_NLDC_PSP_336.xls,ok,e3d08db306de39de66a8f4795a6277d2012c8b31c3441bfb6f83e19cb214344b,2026-02-01,2026-02-02,2026-02-01,96.0,d4ef3a326af9bf328681c1132e6c160c4b2d5adba6c4959fd70e531eb66a518e,284672.0,True,
2025-26/01.03.26_NLDC_PSP_140.xls,ok,db1eae3b5cb76674431a6fcc21d37c6c78aa637984b03ee43099ccdfe0832f2e,2026-03-01,2026-03-02,2026-03-01,96.0,bd8c53a4f9dc538988598bb32a61ac6a0834c1678f47bdf3de644c262473c69d,285696.0,True,
2025-26/01.04.25_NLDC_PSP.xls,ok,ecf1fb2ee67071b66515766390e6fc28f3e1dc597f8b7ead9d9282b8f6bb0b74,2025-04-01,2025-04-02,2025-04-01,96.0,63d6b7e5f4030612723bf23171572967cb259098d1e11a6b30def4ce64ac6839,295424.0,True,
2025-26/01.05.25_NLDC_PSP_653.xls,ok,41e2179966efa9131ec2488232a5c170e4197a36df0461002b64a714e2c99649,2025-05-01,2025-05-02,2025-05-01,96.0,276496403d1b3f9f4cd4b7ee4727956806edb6812c6fce1a82e33469621c7bc7,295424.0,True,
2025-26/01.06.25_NLDC_PSP_838.xls,ok,f33796413641c1ac4605b0ccb31491f7cba6f4323290eeed82f6ed4d7f600647,2025-06-01,2025-06-02,2025-06-01,96.0,332b72351cbcc00376c675eb114893a4229cc888fc2018019f58487c15b4ac7c,282624.0,True,
2025-26/01.07.25_NLDC_PSP_173.xls,ok,f0a01feff1ed5e40c31d99b771080631ce9b731d1bdd481cf444e8196aed21d4,2025-07-01,2025-07-02,2025-07-01,96.0,84a6e1cc507b4e1816bff74bf736ce6f399e2140f84ad5f627e093b6e3e6ff89,283136.0,True,
2025-26/01.08.25_NLDC_PSP_153.xls,ok,444843a094392beaa47bcc49270fcad11490c2c33e5f2cd60f31d83a6246b711,2025-08-01,2025-08-02,2025-08-01,96.0,e30ab51054d6842646e41783da40c24ab87868837374cd5ba0e9ffc86981c4f0,284672.0,True,
2025-26/01.09.25_NLDC_PSP_894.xls,ok,2d26bb353838f241fe3b19166fb5f1a4ff8fcd1179fd752ca6f5921239f64178,2025-09-01,2025-09-02,2025-09-01,96.0,e1f7bcd953edab71f896981e4036ab710e7fc021e05db40ad4f2aba425def5d2,283136.0,True,
2025-26/01.10.25_NLDC_PSP_903.xls,ok,5c26b0a8572a7403d7ed759cc332c88e64d5d548552a6a0266d9a6f30ebbf86e,2025-10-01,2025-10-02,2025-10-01,96.0,9da99300e7383455eec3d8cc6c5719af995a9c4cb299f9cc7ca32ca1e1d67268,342016.0,True,
2025-26/01.11.25_NLDC_PSP_338.xls,ok,e8f05da6643a9f560dc763161385efb7e2692acb26a0d37a95a6de08791b0574,2025-11-01,2025-11-02,2025-11-01,96.0,ac99636e607d022aad024e7d367e4ce36557751dd8a81f240a9aeb4a757bb861,283136.0,True,
2025-26/01.12.25_NLDC_PSP_869.xls,ok,dff8064a9ea43a994d0a2f0a45fe834da39dc223204e924b40c268a8a6d0d131,2025-12-01,2025-12-02,2025-12-01,96.0,d5b132c4e3a256be501c1dc96d1c5f54e1ef402d541670e48580d33561ad58c0,283136.0,True,
2025-26/02.01.26_NLDC_PSP_128.xls,ok,041c8da237708d70c4e12800aef81250895f7dce4c5ee0cdb2966a4571f18685,2026-01-02,2026-01-03,2026-01-02,96.0,346b187b5f302e0b6d5181e6d56a7e90b794a4543159f8a55be2968d4100dce0,284672.0,True,
2025-26/02.02.26_NLDC_PSP_554.xls,ok,8610614661be486e4c2749df4b2a905e0d65619b26a816d50ca8f20505347c0b,2026-02-02,2026-02-03,2026-02-02,96.0,bb7519283b11cdb83c22af932623fc715b9fb0cf55f4a66e635e8edc1c8e275d,282624.0,True,
2025-26/02.03.26_NLDC_PSP_957.xls,ok,ceb6fb33a08fa244b12067470db877165b131facfd9a133f52fd70f7a38b1ed5,2026-03-02,2026-03-03,2026-03-02,96.0,62c1cf9fc1e856c74fcfef2c4a9337c3586441658ba3fb867fc6705af5c66004,285696.0,True,
2025-26/02.04.25_NLDC_PSP.xls,ok,5477f6a50c35552f9d47a355763bf19d74c6a29236d0f4254248d9b701eacfd0,2025-04-02,2025-04-03,2025-04-02,96.0,b2dbb79febb17a08eea8c6e9d84e4c0d0e66578d4d7220e6b833050f06fc57a2,284672.0,True,
2025-26/02.05.25_NLDC_PSP_787.xls,ok,fce6d34ea348ee956922698f895d853ca61eaf497c6d8d80933cfb7a6614155e,2025-05-02,2025-05-03,2025-05-02,96.0,06ae410dea56cb35a8320f51f0cc15a3208618594ced7450b41f8d72725ed086,291840.0,True,
2025-26/02.06.25_NLDC_PSP_425.xls,ok,b43e5c39d306d1ee19781362b064ebe63e32e7cd6cfc3242cff47457a2fae312,2025-06-02,2025-06-03,2025-06-02,96.0,4ffb39ab14641cc51bed3c6e122a2aa9395119ae1b91c7bf93f92c9f15d2b8de,284160.0,True,
2025-26/02.07.25_NLDC_PSP_963.xls,ok,076cda1e955e80787fa084cd1ee7fe2deb4bbb5f0fd0c16ce422bca94041b4e6,2025-07-02,2025-07-03,2025-07-02,96.0,2efcf5594bd3ce5192b702f832d9bde0fad67eb5f0b0ecaf2d40f6ed1dd8082b,283136.0,True,
2025-26/02.08.25_NLDC_PSP_705.xls,ok,44d6a7c6c6a7bbe0344c4d8092c5f40fc8aa8a1961a376dd53ea611e7c65e681,2025-08-02,2025-08-03,2025-08-02,96.0,efe212a0b3605564971d412993f172b26ed6f449cb3c5f09bf187cd8f9d81e9d,283136.0,True,
2025-26/02.09.25_NLDC_PSP_859.xls,ok,244af3037518b16d19cbefd14496a8817db24aaae9863c5a1f27d907031fb4aa,2025-09-02,2025-09-03,2025-09-02,96.0,41c251bf15da842e3ee91bad6b9d6ee999d205993f0cec08dedf3fc1c3156331,283136.0,True,
2025-26/02.10.25_NLDC_PSP_573.xls,ok,0f0a0820d43858209469be8292e9ec2f9908f0d2a2b524f89eb4ecf497de1c10,2025-10-02,2025-10-03,2025-10-02,63.0,312fbd0484b1f7cc572bb1ae087a43e576d847b73dda316898804a4827f0112f,337920.0,True,
2025-26/02.11.25_NLDC_PSP_722.xls,ok,f41c2ff6942eedb2efc0e572554ee1b12514d0c70fc8b3fcf4876422aa075748,2025-11-02,2025-11-03,2025-11-02,96.0,30396207c6ab9d66c9c12f6a2400bfee17552179b1e71f0e8e34b3c9a4c8054e,300032.0,True,
2025-26/02.12.25_NLDC_PSP_125.xls,ok,a15492abc8fcd018cdea8509cd574a0e4602c0b497bfa0f3e0d014f0537d7ed3,2025-12-02,2025-12-03,2025-12-02,96.0,7a544d2779765bacebeab2e53749773787dd926af6e140cdefdbc20ab195d6f6,284160.0,True,
2025-26/03.01.26_NLDC_PSP_386.xls,ok,de27c1d21726a475559b4cace1652ad9f68582b687dffaa7efdc8b0c58bd0277,2026-01-03,2026-01-04,2026-01-03,96.0,5cd6d6c6ce37509fe90f25e8a18f9522a511586992397147234dc4b17499ab07,283136.0,True,
2025-26/03.02.26_NLDC_PSP_865.xls,ok,d47df57cbfac65f3ca8380b2cdeeeda4c3d9339fb9a378cdb670ffb1f80496c1,2026-02-03,2026-02-04,2026-02-03,96.0,10c6f5d370ab6c125ab5efc8dffc9fc4c32bd9580455a273056c5d3b53fff400,282624.0,True,
2025-26/03.03.26_NLDC_PSP_122.xls,ok,9a24c8909b1da1fda63df12f52571c4ed252906998feaaec9575d3fa49aa8e8c,2026-03-03,2026-03-04,2026-03-03,96.0,644ec9060306178abe17275c5dfaa593c5d7f96ad206415d9361dc684c9c1c2e,343552.0,True,
2025-26/03.04.25_NLDC_PSP.xls,ok,9b37298317a7d57541150308b0a6fca1200decfad106226fe14b689e763f5b6e,2025-04-03,2025-04-04,2025-04-03,96.0,f647dca23e9c670c6c29d1f57871569ab18b68fc85380c978920e0f163a9108d,295936.0,True,
2025-26/03.05.25_NLDC_PSP_929.xls,ok,360b659ffa7f485cacd8396639be6c3efd8bddadb4d19b483f1b065e3f7e2e7c,2025-05-03,2025-05-04,2025-05-03,96.0,64ef6aae97a4bea2cc9da43a55eae69b79bc6cc6513bec084d971390d3ae840b,342016.0,True,
2025-26/03.06.25_NLDC_PSP_248.xls,ok,c7994a4bddf0f74afdb742d718bdbc2f44c6ba568b1d314ae5fd0baa16b2ffb3,2025-06-03,2025-06-04,2025-06-03,96.0,b8f39961dbbc1a4acd65a69102dcc52104a7e674b0b4a2bdb261f6e8fbfab6bf,300032.0,True,
2025-26/03.07.25_NLDC_PSP_881.xls,ok,598cc29026359982434fba6e1fec08006e49c3dfbed7ccceaeaf3f5c5d453181,2025-07-03,2025-07-04,2025-07-03,96.0,5c1b6cade3944159c38768b636ec5fc833704c669eb36027dd44f3c130830585,284160.0,True,
2025-26/03.08.25_NLDC_PSP_930.xls,ok,e4ba818c3a0c2fa83be7f80fee917148fc5ad716b83b6651763d6c85a17e8aca,2025-08-03,2025-08-04,2025-08-03,96.0,817a6b89317426a85ce414024e6cb6857c101c22b0fd5d5315dca4f76bc3aad1,283136.0,True,
2025-26/03.09.25_NLDC_PSP_799.xls,ok,2272fe5608e43f302607f8a9fc401b14858b29e6e6cb974f278d800024536b6c,2025-09-03,2025-09-04,2025-09-03,96.0,1efaf5c1d112c115ea90508420b27b005c2b6ca69c5ef20b8f96675e5279ff68,284160.0,True,
2025-26/03.10.25_NLDC_PSP_103.xls,ok,5d37f669d06727ace49bfab11cf90da44b0b2d2d005527734c5ea2b814da70f7,2025-10-03,2025-10-04,2025-10-03,96.0,a30c1d11b2866a167846bcd247c5c6d76dac504613612714b016b981c17fcca8,284672.0,True,
2025-26/03.11.25_NLDC_PSP_609.xls,ok,8a620eacbc959ef10f7d0bc306ad675b9a1f05af2ce53a339b571c531fbe092c,2025-11-03,2025-11-04,2025-11-03,96.0,c6a1c954c8eeaac9149726e480b7d378391d9214d159caf1a7bc754cb029c8d8,300032.0,True,
2025-26/03.12.25_NLDC_PSP_612.xls,ok,68d91b4711b13dc91ef26f40dcae38791854d19ca3b6986ed47316bb7bcbfd90,2025-12-03,2025-12-04,2025-12-03,96.0,9e3099f568e32700ae974a857f17f08817c36aa6dcf7194a8b9b94cfa0721eec,284672.0,True,
2025-26/04.01.26_NLDC_PSP_605.xls,ok,bf87dd94434c03752bf37b0c4768cf2430cf74c960c01e441790ba5c312c67b2,2026-01-04,2026-01-05,2026-01-04,96.0,2c69106a297648fc737ad2e2d20d4601c143ac4a21d9960353a73e3084414963,284160.0,True,
2025-26/04.02.26_NLDC_PSP_727.xls,ok,dd9283ca694759fb2e998446d862241ea4ae16956954a4f9c79dc39f03630fde,2026-02-04,2026-02-05,2026-02-04,96.0,5d4b8115e094ed210ea269e449cb9e697c855ace4f53d10c4ed5fbdf65461d15,282624.0,True,
2025-26/04.03.26_NLDC_PSP_183.xls,ok,4fa8779e3c689bb1a12d6fec473e84eb8bed5a0ba2c32d873f97e1fbff2be582,2026-03-04,2026-03-05,2026-03-04,96.0,0edaa7adfbe568010548386f8f8bc48b826062056bd570e26cfc13f9abf861ff,285696.0,True,
2025-26/04.04.25_NLDC_PSP.xls,ok,59915b8d2e11b05646a8681b28cc4afabc90e923267d2d4a61a0f6867b0a0bdd,2025-04-04,2025-04-05,2025-04-04,96.0,26a4ea55eddae50d0b9b09c0ed4f6d5e291cf7c8625c3074de71f2716052a3c5,295936.0,True,
2025-26/04.05.25_NLDC_PSP_727.xls,ok,fe09f0e3f26189ef4a6e011eb29c333cb59c49bab4c50241b75818ec41e84fa5,2025-05-04,2025-05-05,2025-05-04,96.0,979c7e65384deebb92c62792b98fac42ca1469090bcf322d29844005d47217ca,300032.0,True,
2025-26/04.06.25_NLDC_PSP_HE_314.XLS,ok,5f3f45abe8d6c60e7930fe2013dd9bb26eb871325f1ad4b624d8c4804fda7d63,2025-06-04,2025-06-05,2025-06-04,96.0,b63c558df7fafb01f9f2f05df8fa21f157cf51e1faa64499bd03a8f5acfad27e,295936.0,True,
2025-26/04.07.25_NLDC_PSP_773.xls,ok,75113b807e08fd78e73d2db427b09db2b7097c739af95b6ad50598552d5ce059,2025-07-04,2025-07-05,2025-07-04,96.0,19761339c4c4f230addb86a262a056748fc3dfeb1a215ca30925112b81124dc0,283136.0,True,
2025-26/04.08.25_NLDC_PSP_239.xls,ok,570c33d7d74d4cda2f00f1bef2be19d0f565321ef79abd6266e2f67268bb8c57,2025-08-04,2025-08-05,2025-08-04,96.0,54891de4680749c2c59ef50a60f097760991e8e40733dc23ee00d3150fc9af94,283136.0,True,
2025-26/04.09.25_NLDC_PSP_419.xls,ok,d3bc961c244fc55f2d24ff0d8282d298c00e91e4625ff993d9bd9e470c071b8b,2025-09-04,2025-09-05,2025-09-04,96.0,d6519334cc965176fe980d463dc2f8a7ed72ca33a1a9a24abf22d05b7a69fda6,283136.0,True,
2025-26/04.10.25_NLDC_PSP_736.xls,ok,5fcbef703de3044a57383a163b22ee2e8ca5c2fdaa59330ba07a7255f656ef2c,2025-10-04,2025-10-05,2025-10-04,96.0,4cb455f638c5f81694cc92255dff0ac7af57ff0985fa1a3b5ae259f382c2c7fa,284160.0,True,
2025-26/04.11.25_NLDC_PSP_714.xls,ok,5fd841fe9bed4623ffa2a68d718dd253621f756c872bbb8788ea13b2b9c714c1,2025-11-04,2025-11-05,2025-11-04,96.0,8bdef8a422862f57a0073499f64cfe4621e774c58da339eff625eeb4e00ba305,284160.0,True,
2025-26/04.12.25_NLDC_PSP_740.xls,ok,d24a6eed6b86dc00de289119a1b8afae5e54b3ca887f4df8cec2aedd5afe4449,2025-12-04,2025-12-05,2025-12-04,96.0,64b0367a3dcaeb5cd1269632ae6edb3761c0fa052cac261442077a2979b5c1df,342016.0,True,
2025-26/05.01.26_NLDC_PSP_928.xls,ok,fb7a3b92c46f411f7d6ad30c16c54fb9fe0e091ae8d3ea349688eead6acc8685,2026-01-05,2026-01-06,2026-01-05,96.0,fbb502d1ea7db3ac4483ea182f2b99f600602c5205813777ac3b600e7ca2af70,300032.0,True,
2025-26/05.02.26_NLDC_PSP_904.xls,ok,57ee27d4878f674a7f095d7334dc155f699db8e800cf18104173de97ff5a0e8e,2026-02-05,2026-02-06,2026-02-05,96.0,e02fb2ee4831279511673b5550940e7fe79c2cc4b96d1f0e61a93b7078d415ea,282624.0,True,
2025-26/05.03.26_NLDC_PSP_800.xls,ok,3de86be9da2474b22ccf2823719deef4d62eb47899292732907f383b775da3a0,2026-03-05,2026-03-06,2026-03-05,96.0,cdca6ea56f7fba66dc94b0ad195527dd592bf66f84487fd0c7c8c0fc5c475d84,285696.0,True,
2025-26/05.04.25_NLDC_PSP.xls,ok,bf2faeab6e89273ac8f79e60eaad14f0e7a2ce2f704b8ad491c7bd29ac222ed4,2025-04-05,2025-04-06,2025-04-05,96.0,5f08dcf8dddaeda99be8b13807c0e325b95f46ad38753b7e60ca9bc43d06c43e,288256.0,True,
2025-26/05.05.25_NLDC_PSP_683.xls,ok,289b95c571492633c8098d2311c2755ebb3ac40e18629dc070368d465f1f9ac2,2025-05-05,2025-05-06,2025-05-05,96.0,1764f1156d243b7dfcc9ed241f76447b975232cbc07c0abd449b4f59099e1960,288256.0,True,
2025-26/05.06.25_NLDC_PSP_249.xls,ok,5bb5a8521d40c0b96bdb4f9796823a929e4495b91dbe9913e6ccef5606e8e527,2025-06-05,2025-06-06,2025-06-05,96.0,98898a7938c8940770b75fc97a0c790671cf3de5bf5287d1264a622ff3aba367,284160.0,True,
2025-26/05.07.25_NLDC_PSP_747.xls,ok,f5dfc7bc7eb7f9c24f596250352e9949798a74e7c13c1d1438c8806e7bbf3afb,2025-07-05,2025-07-06,2025-07-05,96.0,be5ca361606f304d3a7fefa349a1256cd8f46dd6704d86c1714dbab8d689f334,342016.0,True,
2025-26/05.08.25_NLDC_PSP_191.xls,ok,2cbe206a255f3e2dfaa93b8e4659b19970084764298ee82ce12768b4db62a499,2025-08-05,2025-08-06,2025-08-05,96.0,b52b8c0886915a8b7f49974c0789eac675077de08151ebefa134a8b58c13cdc8,284160.0,True,
2025-26/05.09.25_NLDC_PSP_767.xls,ok,7824bcf270de0bb7b8068978468158ab6795e6af94d630da091faafa896c4c53,2025-09-05,2025-09-06,2025-09-05,96.0,f2b409dea336b4204dac5d36bbb5ac86e302c9af053ad1402cd994a23e5bbdf1,284672.0,True,
2025-26/05.10.25_NLDC_PSP_770.xls,ok,4ec10565007f7b54f2a7e361baf301ca0e24a0769d34183436f9e4672937104a,2025-10-05,2025-10-06,2025-10-05,96.0,ba65d330374bb0d269e1153dae6a253a0f5a7e3923b2feae927e22874b148e2b,283136.0,True,
2025-26/05.11.25_NLDC_PSP_337.xls,ok,8aa9bdc35d0532bdc32ca51a1f097e9a3d88f6c29f9552b60bcae031d4aa6e81,2025-11-05,2025-11-06,2025-11-05,96.0,9ba360d4667a6091c190854c4dfad5a0f15f0a2a611b5ea28232138440aabb2c,284672.0,True,
2025-26/05.12.25_NLDC_PSP_163.xls,ok,eb0fc99e71daf5c4ee74e0e4d3a161031ebd8dc4c4e87a939818d2562ee2c5ac,2025-12-05,2025-12-06,2025-12-05,96.0,5bc4d05b1d2bfc230e1a6241d8946862a72bc537fd9c0b1cd4ddba5ea08e602b,342016.0,True,
2025-26/06.01.26_NLDC_PSP_749.xls,ok,b840e827918c403bc337e1a23422818019dfd868c39fa34e662b29d2302fa4a7,2026-01-06,2026-01-07,2026-01-06,96.0,df95e1eda1224d0d1190542aa4195bac39ca16c62836170bdf282f63e1747c96,300032.0,True,
2025-26/06.02.26_NLDC_PSP_494.xls,ok,b0ccd84e887d37a0989022d5270543367cc48ce5407264ab92999433fb0a28c0,2026-02-06,2026-02-07,2026-02-06,96.0,4114cf958564cf4b0f0481f14197535a714cb533c712f0ee3b1f45af09640d93,342016.0,True,
2025-26/06.03.26_NLDC_PSP_121.xls,ok,183aad883c24c942946b152eea9d082423084b7cec661328db873339041bf296,2026-03-06,2026-03-07,2026-03-06,96.0,8f1902f2515422cb64d7ec4a991a2b8d1e6196d204bad3a6499c0fde8d25e686,285184.0,True,
2025-26/06.04.25_NLDC_PSP.xls,ok,e5341a0952159284fe417900d75a6ed9d27253176a80f975d3693312b8afb7d6,2025-04-06,2025-04-07,2025-04-06,96.0,d8491d32997a6b077338698eeb2cdaac77054876b44c30a92d9a97d4d6d215be,300032.0,True,
2025-26/06.05.25_NLDC_PSP_636.xls,ok,d9947fc2f0a9486000becd1244f1f43988cf3c7f62028b52f0e73e889a593617,2025-05-06,2025-05-07,2025-05-06,96.0,e68e976e0c82aa5ff29d51f9783238329297cba7402b9ff31a86efbfa4aafb9f,342016.0,True,
2025-26/06.06.25_NLDC_PSP_896.xls,ok,ff56d75ce87e9f85f0db80fb1ee61a13995ed2fff202cf929a4dbf8b02048c2f,2025-06-06,2025-06-07,2025-06-06,96.0,27858985d16aff71ec0f48243b7bd649909798f78db2410c18d594d428b5fa4d,282624.0,True,
2025-26/06.07.25_NLDC_PSP_982.xls,ok,f5a552b57328b58ea3da4d363914c3909759a455c0faf7f0b04883f1ec4b4823,2025-07-06,2025-07-07,2025-07-06,96.0,f4a279231aa47fea2562846f4d2831ea22428d4c0e53ca9e95673dee1560efb2,342016.0,True,
2025-26/06.08.25_NLDC_PSP_751.xls,ok,49e0090cb551c0f67eee4e345ef2c6cbaf3774e14ab29f427955ad1cdede1917,2025-08-06,2025-08-07,2025-08-06,96.0,c8e863274fb4677a037b6d59907fd7c74c4265969b5bb99719318e19c264cc4e,342016.0,True,
2025-26/06.09.25_NLDC_PSP_907.xls,ok,8d58e6afee22b77e15bc8a6f5f2d49f3fa73f0e3d075023ea962dd3c792c4649,2025-09-06,2025-09-07,2025-09-06,96.0,01abd7e8f0e32508c7c5c60e320dbc85f6291e1f788c26cb9166a29085cd2933,284672.0,True,
2025-26/06.10.25_NLDC_PSP_382.xls,ok,b352908f689ba8ea428e5045f57220fc24a08a1c47d67dbf19a7f71e475ba47b,2025-10-06,2025-10-07,2025-10-06,96.0,07209b125696cfc82baf3b5cef5164e090500a43cb841380e0588c1a0ffe0d97,283136.0,True,
2025-26/06.11.25_NLDC_PSP_498.xls,ok,c90d039119e150758e6a9bcbb3faf3ad1887270124f6ef07db2ee0798880f4d9,2025-11-06,2025-11-07,2025-11-06,96.0,a5cfd9f2e6755ee5becd07edf4852d22741ff35508d9f8b660e240687b7f65ea,283136.0,True,
2025-26/06.12.25_NLDC_PSP_950.xls,ok,f57e2b6b65a23bf3c1c64db76b75bac5558746eb40b7e0dc804e615647949eb0,2025-12-06,2025-12-07,2025-12-06,96.0,69f753a98b9cc9ba175cb9b2cf64c39dc158fa5edd413a5cb41a17b0775b75bf,284672.0,True,
2025-26/07.01.26_NLDC_PSP_236.xls,ok,f12c9b30e019bf13c066e06834b2af49f011c3b1bc419af3ff8a0022d540de3a,2026-01-07,2026-01-08,2026-01-07,96.0,337dbf17e61e281317bb2e73e862720a8a29bdff91fa259b48cb85fae905a669,284672.0,True,
2025-26/07.02.26_NLDC_PSP_301.xls,ok,0bb0bd3bfbeb595e0aa89fc60035d7209cdec9e4c0890bd2e7e36902f58db04c,2026-02-07,2026-02-08,2026-02-07,96.0,51f601b4de8f37ab153b241b2cd20b9cda185a9d99d77f56539fdd7896c440dc,342016.0,True,
2025-26/07.03.26_NLDC_PSP_146.xls,ok,c80b8688fe0cede8359209f913be6fbc8d72b2f9fc0eb4d238ce1a9cfbc75df6,2026-03-07,2026-03-08,2026-03-07,96.0,dd27412547dcb97ca7679685fbf0666d037c988791c8fc96c63afaf241e2e198,283136.0,True,
2025-26/07.04.25_NLDC_PSP.xls,ok,83ed6c55604db56a2546756ed3c79f63239e77a9b05a4f72ea2f931ecceba063,2025-04-07,2025-04-08,2025-04-07,96.0,7e7f790bcb2739813a35bb0a5470ad98970d8be37fd775062ad7c245fdc8fa8d,295424.0,True,
2025-26/07.05.25_NLDC_PSP_728.xls,ok,4ac8d8691d72710799e2cbb18b16a2826055f5db47ee8e6453c7e3820ebd32bc,2025-05-07,2025-05-08,2025-05-07,96.0,506d72e799d26724bd393b0f21508fefc35262ffb440f7c2c2dbebedb14cf9af,306176.0,True,
2025-26/07.06.25_NLDC_PSP_512.xls,ok,e30922f5fa7a4e5ab2f75fd330f73bb7860525f5ae94b63656d6994f045f6ce9,2025-06-07,2025-06-08,2025-06-07,96.0,ea94b799fa585e45e2e8617b0045db9e52bbc249edb80068606a7bf4f0db3a37,327168.0,True,
2025-26/07.07.25_NLDC_PSP_446.xls,ok,f0b39642f34d24b486f30e50cac1681721eeeeffa6d1ea1b82ddabc05cdd0fc4,2025-07-07,2025-07-08,2025-07-07,96.0,b7b8199579f6afd14c8843b221db5f095f9c4acb8bc6f9876826d94c2c4464b4,284160.0,True,
2025-26/07.08.25_NLDC_PSP_H&E v1_304.xls,ok,c77e339ecc752222f4eb103b7d46f8e03a510882e02a41448a398487200f08a0,2025-08-07,2025-08-08,2025-08-07,96.0,9cadd9fbc039db01d7d79fc2e540d2ac4602c5ddfbce99752ffb59ae9ab824a2,283136.0,True,
2025-26/07.09.25_NLDC_PSP_945.xls,ok,8b2adbf2f3f5220c2a56283c9e5b163ce7854823530e2d4059cfbaf97242ca78,2025-09-07,2025-09-08,2025-09-07,96.0,3484fef02a2b594a059493612ed1743cd9bf7fa83f62060ab811e3f3a406500f,284672.0,True,
2025-26/07.10.25_NLDC_PSP_974.xls,ok,da40485ee731a880195ca435eacb19b48de1fc3c90bbc088c0b6067418143269,2025-10-07,2025-10-08,2025-10-07,96.0,a35f10ae8ef08a877b75e1ca78c1af8dc5db5059181191312a269fa67869d747,283136.0,True,
2025-26/07.11.25_NLDC_PSP_938.xls,ok,ca84e685c5ca989d224dc9f1cc9730bc38fec4ead647525a53816ed7079379c7,2025-11-07,2025-11-08,2025-11-07,96.0,1ef05d303067e69233554cc289b300851e838d20f65f062ddcb62dcc3cc559a4,283136.0,True,
2025-26/07.12.25_NLDC_PSP_569.xls,ok,c8f992a8b8d7713489bdfc0c652ac7e2e21a6788062746c0b96838b2ce9ea1a8,2025-12-07,2025-12-08,2025-12-07,96.0,37eba37d36f07ed1adaf1ab67e23384f8b266715644edda4f69d82e0cb27fad1,284672.0,True,
2025-26/08.01.26_NLDC_PSP_756.xls,ok,0458cc0ace41c41e8ae298478f50d9ddd49db40b4df22c216d598bd8601ff55f,2026-01-08,2026-01-09,2026-01-08,96.0,42bdd864302c002fbdeaa09f5684db13f0c7641100830f6edebadc7349791001,284160.0,True,
2025-26/08.02.26_NLDC_PSP_228.xls,ok,4dc02df629910390fe5a03290469b6d52ec01f6593a65cae65838485045db0d3,2026-02-08,2026-02-09,2026-02-08,96.0,e4c77561e25309b534dfe9b81ca273d0a79403d5c381aaed29a7ef21b1e8879a,284672.0,True,
2025-26/08.03.26_NLDC_PSP_246.xls,ok,c06eb134cc73b2f0cc7f54be14063773ed68cb8ec19db4293b89a58264def8ef,2026-03-08,2026-03-09,2026-03-08,96.0,18b4ddd6c6fdcae0f19934fd9ca9912a2b05b5c79b04511b1a65b346e6a4905b,285696.0,True,
2025-26/08.04.25_NLDC_PSP.xls,ok,cfbf08a4870bc51656b781194c372527c5a67e9ff33b3c4d674cdee161b6e3ba,2025-04-08,2025-04-09,2025-04-08,96.0,640f7cee731e85f68ed7d7789cd70715894ec08124df461da133f20da7f07c6a,295424.0,True,
2025-26/08.05.25_NLDC_PSP_167.xls,ok,edf2ed2cdeeed7978afef860a40e766c958e8b9a0fe21d87592efd53eab4d3f7,2025-05-08,2025-05-09,2025-05-08,96.0,e342f20f177bc3524d20d2a039ff2c9e7d1b4a5846de20cb71dac736222bbb7c,300032.0,True,
2025-26/08.06.25_NLDC_PSP_396.xls,ok,40a200d2ec881104978f620dd0bf8b638cedc58f221afe09cf98d690c5151c31,2025-06-08,2025-06-09,2025-06-08,96.0,3b3f3718fd2f6174ad5993ea360d7871907c34a452faae14d920fc31a29fc267,291840.0,True,
2025-26/08.07.25_NLDC_PSP_504.xls,ok,a555bce1efd0559b07bc28303898632b56e5980a89b9cd66f783de7eb0422c20,2025-07-08,2025-07-09,2025-07-08,96.0,09fdbdabd08fc2f07441538c20db92e7f1e46d31f13e4cac62f26d7c2f91a576,283136.0,True,
2025-26/08.08.25_NLDC_PSP_164.xls,ok,31593c27f5423ceddcc9361a01938fbf2e72fda6125deb3c7d107c5eb48e2332,2025-08-08,2025-08-09,2025-08-08,96.0,7475880b16b5d3b0d3a4d41b670e2ec7c8b28ce18e456568c47967de730b4ec0,284160.0,True,
2025-26/08.09.25_NLDC_PSP_705.xls,ok,56ec70e1a1d2075c2d9f79eb1fd0b6f607304d135b8c90a03ca002713adf27d2,2025-09-08,2025-09-09,2025-09-08,96.0,ff7e5dd850be49e2416957c3a0a0ea3b3fdf138753e1e57082fab13673d2ccdf,300032.0,True,
2025-26/08.10.25_NLDC_PSP_974.xls,ok,a7c6753b7a30ec73222c01074fbe8a4d9806ed94ceb7ffd81d7d13c0bd8f48de,2025-10-08,2025-10-09,2025-10-08,96.0,ce37de1945f5260f519f80cf3f4cf0b9723efe8876853794cc69f25cc4fb13f8,283136.0,True,
2025-26/08.11.25_NLDC_PSP_694.xls,ok,37cf70512e7039e57a151e2af68df68f740d8756250135e890df3173a7e2b534,2025-11-08,2025-11-09,2025-11-08,96.0,1cc15ca09b51df72b8ce408e740149196bb244545ea1c1f8210b109681d829e4,284160.0,True,
2025-26/08.12.25_NLDC_PSP_988.xls,ok,9f6e16c2ccecfed8ab570fb0190aa28f36293fca3d1d702c5d99eb44b5ef4c1d,2025-12-08,2025-12-09,2025-12-08,96.0,5a36b27bf17667fb49f5d8a6043c519d3b5b20517f340d30788ca0ff8508e15d,283136.0,True,
2025-26/09.01.26_NLDC_PSP_825.xls,ok,729cc02f8ac302e4272a8ec390b949b5be3a52259d2f04c1289090efa6270471,2026-01-09,2026-01-10,2026-01-09,96.0,af4a435d4244e3c1ce41d156f34b31d1073a3da4832a2111c917cbc565794acd,282624.0,True,
2025-26/09.02.26_NLDC_PSP_196.xls,ok,fa5defd7b0cf8b657c90f817d0d4ff2e08d5834bb212dd5834214f9ed8afe257,2026-02-09,2026-02-10,2026-02-09,96.0,577c9ad54233bc150ea842840a814b8ee4a72d6e9c49bb19d7f3de6c87fa0bbc,284672.0,True,
2025-26/09.03.26_NLDC_PSP_700.xls,ok,d88efb2f02529a2ca3ccfa910c9ed09df9b9d642bf48c9026153f423328af208,2026-03-09,2026-03-10,2026-03-09,96.0,e268c40b95eadcba5c70c4d3872155798db65d08f11ae49e6010a6ae90604d7c,285696.0,True,
2025-26/09.04.25_NLDC_PSP.xls,ok,9077975f885550c63ff10f3a6d5f1a913d20c9922f65399ae38a76afb6ad1522,2025-04-09,2025-04-10,2025-04-09,96.0,a022c76626d98afb31ad9e00a2de1aef4bd462e487af79d1151d9a7a124306ce,342016.0,True,
2025-26/09.05.25_NLDC_PSP_999.xls,ok,2edf1f2ca79e4b550880c108fef6d1606892b78000efda9dc304073fddbc1ed1,2025-05-09,2025-05-10,2025-05-09,96.0,9b6bfe2bb146dedad920caa42ec4bce7b5a91f3bbe0168f29b491f833b78a3f8,299520.0,True,
2025-26/09.06.25_NLDC_PSP_465.xls,ok,1228517348076ef04c3aa14b1ca2a764aa4b4393cb980d894710133f84a7e0a7,2025-06-09,2025-06-10,2025-06-09,96.0,4af823f9dad89edce2404a2efbe0567bf80cb2aa924379423ebe03a13c31b382,284160.0,True,
2025-26/09.07.25_NLDC_PSP_767.xls,ok,92fefdf921642e4a5108b7528dcb9c666c543921be26ac55ff662d2301b6cad3,2025-07-09,2025-07-10,2025-07-09,96.0,43db8b4cdfdaab7d6542dabe497db12c51ff9f53de14d9ee1b6dce05a4cd98c3,283136.0,True,
2025-26/09.08.25_NLDC_PSP_104.xls,ok,8ff0ca8232e3c6a0c724c405dfe139a576eead45ac52d8bad6318486b128701c,2025-08-09,2025-08-10,2025-08-09,96.0,2c3c3ba96a8168c311eac232e265ecb4ad6af42a7e59994013814fee171de633,283136.0,True,
2025-26/09.09.25_NLDC_PSP_931.XLS,ok,e900c5e042156a0d9c052f49af114e96bb2a39dd73cab2ef1601b1aaee020801,2025-09-09,2025-09-10,2025-09-09,96.0,7b2ce639423b9e04ae1a3df9b5c2fb66e33b2fd83ef1102296168ff8e052f699,283136.0,True,
2025-26/09.10.25_NLDC_PSP_758.xls,ok,525d490ff8d2e878df1a35c479cfc91471122afd5c2836b32545ea05e4d620b9,2025-10-09,2025-10-10,2025-10-09,96.0,34c9c5e8372663bb0ec7ec25efaf955cd502840703b416c77e760d97a6778fed,342016.0,True,
2025-26/09.11.25_NLDC_PSP_684.xls,ok,66b7202649ae89ac81eff050588cb9623e012481f06735b2cc3fb532327db771,2025-11-09,2025-11-10,2025-11-09,96.0,25a3e281631d33c8c237117519468aed22a32934129f03ee12b1073e9757ca49,284160.0,True,
2025-26/09.12.25_NLDC_PSP_332.xls,ok,f30d1c061054bd6920d820ee65f823f5340a3b492ba0458b9130ca74619186d3,2025-12-09,2025-12-10,2025-12-09,96.0,c9eee9fa54d88b328eea2ab34be49f2598eb5e11b5a3b60a6a98f9cea91783e0,283136.0,True,
2025-26/10.01.26_NLDC_PSP_659.xls,ok,6e435c7d0d920e5839faad0340e46c102316d2dcd5746d38ef87adcfba2b4af2,2026-01-10,2026-01-11,2026-01-10,96.0,9004fc6972f78164b95e89ca76905b6b0d8709c918d7ecc19940c029fd719df2,284160.0,True,
2025-26/10.02.26_NLDC_PSP_397.xls,ok,193f4d554fdafc7e0476d2d98c1bafdb0adb3cc30157f6681a7bfeb174735144,2026-02-10,2026-02-11,2026-02-10,96.0,c9d5d66582d491570c1b5121611193658f853dbb1b1d283287f2e23143eb9266,284672.0,True,
2025-26/10.03.26_NLDC_PSP_927.xls,ok,00d8db8607fa28e4ca220d3953b0c20821062b2589f615e93ffdb7337b5b68a5,2026-03-10,2026-03-11,2026-03-10,96.0,396894334025c00a848450bae2de2f9b2647687e5976eb7653d537d2e860093f,285696.0,True,
2025-26/10.04.25_NLDC_PSP.xls,ok,eca27fd3410fef34f3c1fa0b99418e2eec6fc9cac85a1150bbb588d2c7eed896,2025-04-10,2025-04-11,2025-04-10,96.0,aee4eb524e996e011b7a2875c485c9aafe80edfc913f5c241c82455d8ee0379e,295424.0,True,
2025-26/10.05.25_NLDC_PSP_287.xls,ok,bb8e518b7cdbcf0a94b8f5c011521900ae47bd7a0547ac2c957365041991bda7,2025-05-10,2025-05-11,2025-05-10,96.0,5ec4feb127b3d59c887786bd04a33a40f24125a364090242a08d48c1f618f968,291328.0,True,
2025-26/10.06.25_NLDC_PSP_922.xls,ok,a907d6d4a81c7ca376962227db2e3c8cae53dc837b66461a94d2815bed68f71e,2025-06-10,2025-06-11,2025-06-10,96.0,a9c4c74e944c2989cb3090441410b46eb2b6ed0c81d69b52fdde313b952131ca,284160.0,True,
2025-26/10.07.25_NLDC_PSP_167.xls,ok,082a03751843cc14417c42bea5fad087a42f9678ab828a9bdeb18e0be7917925,2025-07-10,2025-07-11,2025-07-10,96.0,03ed4a2b2c35df8e0f577fee94e10e9b06c75672776a621dc6f0768d09629f3d,284160.0,True,
2025-26/10.08.25_NLDC_PSP_190.xls,ok,71ac2f2f07ce95f75aca6eaed08b7e9fd3763716989f1f9339a1c73cd1d4aae9,2025-08-10,2025-08-11,2025-08-10,96.0,9930febf5ad72492be6c92a783dce9720371f8950e3a509ea64150e03b35976d,284160.0,True,
2025-26/10.09.25_NLDC_PSP_424.xls,ok,70df3d9343d51026cd9fb33d7e591f16784d98fa05fecbb1d3427139b9fead10,2025-09-10,2025-09-11,2025-09-10,96.0,5f85067953693c0e75c1f3e20560b4fea5a7596a0a02ef3b8f9e5a6e1fa737ce,342016.0,True,
2025-26/10.10.25_NLDC_PSP_792.xls,ok,3c1865b741784c30efee916775348919114fe362849ee34e03e393f80a5f78e3,2025-10-10,2025-10-11,2025-10-10,96.0,1e697e6a17dfbb3337726d2804d38a495b61977bf265f69a343a1d3fb9c58fc6,342016.0,True,
2025-26/10.12.25_NLDC_PSP_142.xls,ok,598dc9509d23c9fe0af82811d752942556af99f1452ef9895f8b395fe6157efd,2025-12-10,2025-12-11,2025-12-10,96.0,66f22f63b92ec69f8b940a7d29329d45d7f3792d394823be6530039545fa0537,283136.0,True,
2025-26/11.01.26_NLDC_PSP_443.xls,ok,982bfcf8315d29be8a202bfd7d58b261bbb5bf91fda1168b1247f0b7b60c17e3,2026-01-11,2026-01-12,2026-01-11,96.0,79fb9d27a2b572b277a7a2e57f3d3acc827b940e978eb7c50802f87540b04a5d,284160.0,True,
2025-26/11.02.26_NLDC_PSP_193.xls,ok,43871a83adad2a7e42766e47b3987ad8ce7af171b450166d49626f5b74c5d44f,2026-02-11,2026-02-12,2026-02-11,96.0,f7ef5486df13c20e315c1e7c7145eb20dfc330491e564452c7a059da9d7c1044,284672.0,True,
2025-26/11.03.26_NLDC_PSP_176.xls,ok,6e1d90be60dc859be6b3e69350782720db60c61fb0baf7178ea214615aad2e74,2026-03-11,2026-03-12,2026-03-11,96.0,88f6aed261da858688ab07bb6e8c9b79a5467ae7890af236bc0ac24c5201d7b7,285184.0,True,
2025-26/11.04.25_NLDC_PSP.xls,ok,8f173e47a5761955def07c4fecfe315410c9ed97e6b04ad0adf8a333c768e456,2025-04-11,2025-04-12,2025-04-11,96.0,965e26947a9bcacccd1153a875b134a35d6868a4845e13b622f40ed2fbc144e0,342016.0,True,
2025-26/11.05.25_NLDC_PSP_249.xls,ok,48f7c2b257d6261e82346c350ee92056428f1ef9faa659fb7fb714b28b03aaff,2025-05-11,2025-05-12,2025-05-11,95.0,b202872d253197230973074f0b7cb228a8accb6e0b6222ec728c2fe6b44f7d2f,342016.0,True,
2025-26/11.06.25_NLDC_PSP_H&E_962.xls,ok,addaea0fe2995c2db28e7a72a4cf9cd705e73143248f3055ca1a4f6417fb8a6d,2025-06-11,2025-06-12,2025-06-11,96.0,df7930d6e8960d5bd604e953784c8d8ab67fd18d8872f9d68c56e037da2bd437,291840.0,True,
2025-26/11.07.25_NLDC_PSP_623.xls,ok,5e5fac2f813df289e4682355ac7851c74cf8ee3a49faaa6e1fffce6011fd536d,2025-07-11,2025-07-12,2025-07-11,96.0,c6ced7684dc6397cee1bdc7866df9efe2afb7289525d6649acfb8d1c98474a16,283136.0,True,
2025-26/11.08.25_NLDC_PSP_371.xls,ok,b36177ea5a5550680fab0b6e7f4c73badc79198aee6e6c14629d09a1829e2910,2025-08-11,2025-08-12,2025-08-11,96.0,d973ae117dd651908546912a3e81bb2c2334cc8083355faa2cd638e44a8a2fa4,283136.0,True,
2025-26/11.09.25_NLDC_PSP_382.xls,ok,ad5dd069142e14dc87682750968dc93635ee835dc8e66a71c8b0e8488617cb01,2025-09-11,2025-09-12,2025-09-11,96.0,4111b391fa9b5998434f7b5fc79c8e09b9b13edbf241a496d2826331cf501333,283136.0,True,
2025-26/11.10.25_NLDC_PSP_623.xls,ok,6f0b59df035c491a13de8a6d51f717ed9b1efc612ae83a85f0ba2f8cf46b4899,2025-10-11,2025-10-12,2025-10-11,96.0,21f3ce37ae2ad4394ceae702867a7a22e4c3cf4d2b9865437771aabbea22ae4a,283136.0,True,
2025-26/11.11.25_NLDC_PSP_680.xls,ok,405e557aaf0f3d74b55ff45aa08533ecd2a13029650a9b460304e342c2aa8bcf,2025-11-11,2025-11-12,2025-11-11,96.0,86cb52d71e378711ea84e2555b1ea8676e2d414a6de4df728aa2db8fa494d401,295424.0,True,
2025-26/11.12.25_NLDC_PSP_699.xls,ok,4d8b03fd76f7d5b3eb0ed98180a31e3477b47bb6e2502c34c4204e56a493c039,2025-12-11,2025-12-12,2025-12-11,96.0,0248c34dd62b9066c6d929bcb7b6c63df6df3f038e34b1bbac0f6670facaee54,283136.0,True,
2025-26/12.01.26_NLDC_PSP_216.xls,ok,8f7a9b6dfc80b5d16ce7b7769f188787cd85f919e90076bf41292fb0c9115b84,2026-01-12,2026-01-13,2026-01-12,96.0,ff57abc2c28e73ef9c956462c4e28c1700d70fe8033acf60986e35bedd837110,284160.0,True,
2025-26/12.02.26_NLDC_PSP_792.xls,ok,d1c0fc818ed9a0aa9518ed07b423d7180ea3d13ff34299bfe6b204c008a66193,2026-02-12,2026-02-13,2026-02-12,96.0,5b035b41f0a2d65f88c17fe60431b4378a1d06e9b6b5865f4f9d776538217377,282624.0,True,
2025-26/12.03.26_NLDC_PSP_568.xls,ok,c34ac14f31883c8525f290a83b70b07cb9f7b058f09bcd4176a773cab9dc3700,2026-03-12,2026-03-13,2026-03-12,96.0,b3b1d5a9b58a8e7d93521e604fcbbcb5643ce6e4afbe42120863fc463035b4f4,285696.0,True,
2025-26/12.04.25_NLDC_PSP.xls,ok,e0364d695ad2f0bd45fe99ae3e36ff4b90423b23715fa5f8f4f4e2e08ee9a93d,2025-04-12,2025-04-13,2025-04-12,96.0,cb1d4309ece769506b865a34713ef3f1674aeef8f78699d51aa1014d8c928536,299008.0,True,
2025-26/12.05.25_NLDC_PSP_710.xls,ok,9d3e21d186b4f942ad35a2b80fc6bf481493b164c18076ee7666149634c7d4d6,2025-05-12,2025-05-13,2025-05-12,96.0,c69eacc5ef0938e10a713923eb123c0e7f38f5d02edffa3673011d922ad8fa7e,283136.0,True,
2025-26/12.06.25_NLDC_PSP_H&E v4_579.xls,ok,3c1063b9c2535d93369fa18068a1bbeda697650b5bf180d157b821cdf1eab7b2,2025-06-12,2025-06-13,2025-06-12,96.0,eb4eafed8c3a424e6df9a996ab87893b171639d2f9503616aff14b94c6a19d6e,340992.0,True,
2025-26/12.07.25_NLDC_PSP_566.xls,ok,31d7178511d55788a35dfecbc7e0ca09806bc608288d400c5ef6aefb5b033f13,2025-07-12,2025-07-13,2025-07-12,96.0,33658d819cfb328b351c1a503ee364fe6a30449918044f86f9ae2561d3310adf,283136.0,True,
2025-26/12.08.25_NLDC_PSP_497.xls,ok,d9b8f31cd198f1271202b6f13f24d6fc59e619f7c18b44737cde0021dada23d8,2025-08-12,2025-08-13,2025-08-12,96.0,e315362305afc88cce4191708ee9dec7a89762f64b8baad6987fbef984e66c2c,284160.0,True,
2025-26/12.09.25_NLDC_PSP_581.xls,ok,aef3cb4930a1f45020a250dd59f683d976b7020a2cd6e0e52d7bbfc9d6d93bf1,2025-09-12,2025-09-13,2025-09-12,96.0,7871b65efd1178223b2e2cf7986d4170f589df58804887abb347611eb8058312,283136.0,True,
2025-26/12.10.25_NLDC_PSP_451.xls,ok,348d999e253b465b074adcf325090dd916f0e860817f2f0ad7b39576d2e0b9a1,2025-10-12,2025-10-13,2025-10-12,96.0,e7368b6d16a5ce888a5569d054998f541e268715ede3e0cbdffb3c145cbbd1d1,284160.0,True,
2025-26/12.11.25_NLDC_PSP_491.xls,ok,84b2c1058b87d0ed10287c1d1fe3f0478a63f8b989bacf01caa2323cb854b41a,2025-11-12,2025-11-13,2025-11-12,96.0,559d886142e216b2e5e966f25aff13ae3006b9d18f46a8ba0e3b0cd3b6c60e42,283136.0,True,
2025-26/12.12.25_NLDC_PSP_887.xls,ok,0d283720c8890b686b90df41ab48bbba6c591a81ef8035898af7845ee248af26,2025-12-12,2025-12-13,2025-12-12,96.0,4a18346301695a0dda200851dec1fb87a311da342e47a4d0d07b8d3de6cace02,342016.0,True,
2025-26/13.01.26_NLDC_PSP_558.xls,ok,85068b7c9717730d17266e81b008115c7b7bdf1f7ad3e1fd477e5a9f03178baa,2026-01-13,2026-01-14,2026-01-13,96.0,6b49166b6dd2fd9e729dc4286954a27e5ee9601d655d25bb31037aa7f865a515,290816.0,True,
2025-26/13.02.26_NLDC_PSP_947.xls,ok,98ca4d13d9467543f2901c896170694364be59c746d28c48d74c56ef1fc15150,2026-02-13,2026-02-14,2026-02-13,96.0,5da49bf129cf4086688b3f8fde0c4e56a8e74278e4168dd18cf1aa0e38b4129e,283136.0,True,
2025-26/13.03.26_NLDC_PSP_791.xls,ok,e732d08d36124d81934441f7a6b3affb08f02ae25b438c42505e73dace3171ca,2026-03-13,2026-03-14,2026-03-13,96.0,3f992129cc96b4196826d3d5765bed44474fe3b1725d62ea7d4c1d0a668846f7,285696.0,True,
2025-26/13.04.25_NLDC_PSP.xls,ok,ac00f1d89a5a3bdeb29680bb74a96551109de78537bd725c035917adccb16e5c,2025-04-13,2025-04-14,2025-04-13,96.0,0e19399598e624ff0cd7e5577c221f04821d867b943bcca67431f343fd32eb98,342016.0,True,
2025-26/13.05.25_NLDC_PSP_804.xls,ok,f09a5fa2bb76e3af79b05f51d80e498a7e06f618afa1e4009e7833ec0d681a18,2025-05-13,2025-05-14,2025-05-13,96.0,0edaa2101f340879a59768aeb94ba58a854a6867bb10d1d8135c509f1bca8337,283136.0,True,
2025-26/13.06.25_NLDC_PSP_309.xls,ok,064eaf6a6e4ef24c86f05cf5bff3d6ad18799e4e44cd7731bde270526255e05d,2025-06-13,2025-06-14,2025-06-13,96.0,68c1a728e5ce24660f47e0749f3146e4635fc3e5d29d22c97c2fbc7ebc441826,283136.0,True,
2025-26/13.07.25_NLDC_PSP_H&E v4_566.xls,ok,234a8a22dfe0ef3abd052822db9ac6b011609b64d799daf5b3921f834d51e7ad,2025-07-13,2025-07-14,2025-07-13,96.0,ed507be66173ab45897720aa67d2d7161b58030914de8bd252082e3b277dbcb1,342528.0,True,
2025-26/13.08.25_NLDC_PSP_733.xls,ok,939c8d1923aa61665d5f3493508d3631101669af86b68bebb5ad303c9169f877,2025-08-13,2025-08-14,2025-08-13,96.0,215265fe242bd07088067aa3944c4dcbd89e3d77a8c861e1cbd60f8e1bad913a,283136.0,True,
2025-26/13.09.25_NLDC_PSP_208.xls,ok,b4eddb1c0a8980b57c8e7906dc263f12b504f14b1a1b7ae74f0da83e7c5e74ce,2025-09-13,2025-09-14,2025-09-13,96.0,821301e166afc88a2d93e254cac45a6811306869a300d79289c69831b7f57837,283136.0,True,
2025-26/13.10.25_NLDC_PSP_159.xls,ok,2fd2468dda31a4decff0fef1ae395c7f2cfa285d7c250ef3cdddc2dc659b8c1e,2025-10-13,2025-10-14,2025-10-13,96.0,d0f4800c54e8a8d63094ce7c28e513fe086c5e5e139bef8370b58eb43dc2db75,283136.0,True,
2025-26/13.11.25_NLDC_PSP_474.xls,ok,27b05611787a929bbaba2419cb3e19a5bb45c3e28c2904a1a6c6a0eca4c5e469,2025-11-13,2025-11-14,2025-11-13,96.0,5566585092394d722488dc623b6aecde014ad0b6e6b5317ec710013f948cb800,283136.0,True,
2025-26/13.12.25_NLDC_PSP_796.xls,ok,24ef42cef639ac2c870a0253f3c629a0ee2fa007ceb4f51cb3c2dbca369b36de,2025-12-13,2025-12-14,2025-12-13,96.0,81949807d8d53849d1e1a3aaeacc52e235b4750bdeaeb8d8494369c43060e177,342528.0,True,
2025-26/14.01.26_NLDC_PSP_788.xls,ok,90ab611baff7f5f9449e1366c9f6cab2bb70608e654c521df2d947ce4de9a3d1,2026-01-14,2026-01-15,2026-01-14,96.0,43a4f7415b5255ca8e42e15df3c008764d0560a91678f51c55206d8c44223587,301056.0,True,
2025-26/14.02.26_NLDC_PSP_360.xls,ok,12173eaa315a5134dc81a0ec7561bbc32e690c8432bc0db4a038e02a25f0c34e,2026-02-14,2026-02-15,2026-02-14,96.0,339f113035f757813c7bf230470b6f13dff9a28f6cd733756320d8d2c5c02a78,301056.0,True,
2025-26/14.03.26_NLDC_PSP_734.xls,ok,bcb6b08e8edc54fabee28a37f496a1a414d1f87cfbf23d65fee25bc79ae9434d,2026-03-14,2026-03-15,2026-03-14,96.0,4edf412b853f3fb6eb63d8b85e11ae1da0eca476849592dbdb764d50c7f9d070,305664.0,True,
2025-26/14.04.25_NLDC_PSP.xls,ok,827c40a73b6bc4ba60f29569086dd8c257b94c1b6e672dc56a70856631b6fec6,2025-04-14,2025-04-15,2025-04-14,96.0,01d4415450c28eec4fb48a85a2629416e6ca5fbc6bc24ba21d9997f12f5c2ac9,295424.0,True,
2025-26/14.05.25_NLDC_PSP_764.xls,ok,6c6ea680480924c79dcb60b2d951968afc9a85208f5ca534442ee76534da6018,2025-05-14,2025-05-15,2025-05-14,96.0,d7aca574a2dacfe1a117c2efb34a4fed9857818e12c4ff1a0602e28ebeb4e6d5,298496.0,True,
2025-26/14.06.25_NLDC_PSP_412.xls,ok,7414da4e5db09855974b1a0e121c63484d270464dfcd05ec7934d0e63f4e31bd,2025-06-14,2025-06-15,2025-06-14,96.0,0a99da7b6da8b2cef62e3d2743f44f1fa6d1003880c22144dfa2f62bf294a04b,284672.0,True,
2025-26/14.07.25_NLDC_PSP_660.xls,ok,0290e889d9342f5fa9559bbc2740ca4be457df32d07e289758971dc7de99c4b3,2025-07-14,2025-07-15,2025-07-14,96.0,3f0ad724a835d587abc66b189ac31ed7c73f610af1d88a04fa3c4d5f831798ce,284672.0,True,
2025-26/14.08.25_NLDC_PSP_248.xls,ok,3b8bf5a786263b0267d1e02cb84df722847e6468a4a0f0ae871ccd6fe1101e3d,2025-08-14,2025-08-15,2025-08-14,96.0,b7eb3023b1fd69e692c922c47759849b7f52408406f70dc4b14a6f9ab6cd74d8,300032.0,True,
2025-26/14.09.25_NLDC_PSP_956.xls,ok,d17f9a23df73736221275fffe36f0bdca60765cf50c74a80a61a0eca880d62d3,2025-09-14,2025-09-15,2025-09-14,96.0,ba72dc552e02eb84875538a2bdf52167acc623855ef7cfe9b019e7ea8cd0eb03,284672.0,True,
2025-26/14.10.25_NLDC_PSP_336.xls,ok,0be25aaa1bc3697f8bd9936f3099795c5559127f84b9083677f09aece9d2ca75,2025-10-14,2025-10-15,2025-10-14,96.0,e597a9636a4b7764c4aa6f3394c047606cbe440b66d6bc67fdc8a965266c9c78,283136.0,True,
2025-26/14.11.25_NLDC_PSP_658.xls,ok,1427ae6365827b67ef02a3f4e5cc33c6e40c30ea87fd75bf223c085e8fc1b335,2025-11-14,2025-11-15,2025-11-14,96.0,d46610ea4f70a6109df67e1aa707eb9ef8da28b1468d988e539b32c4775e19e4,284672.0,True,
2025-26/14.12.25_NLDC_PSP_375.xls,ok,6d4b83406097e999b61b9fd46226b28bd02770f7e70f9e9b38c000dac6f1c653,2025-12-14,2025-12-15,2025-12-14,96.0,0985a0815754b8bb2ca298a61108bed4016f7b604e0ddab89fd183229f64ee10,284160.0,True,
2025-26/15.01.26_NLDC_PSP_270.xls,ok,ecac1fbeb0613e1a7ab66e3891417e3bd3df9ea7829dcaa9775de2c163ab637e,2026-01-15,2026-01-16,2026-01-15,96.0,8afa1941c380df687195d540d45d6e57463314e51264246bfc3cc46350a051d3,284160.0,True,
2025-26/15.02.26_NLDC_PSP_521.xls,ok,a4ad1d8d61f3ddd524dbbc171560c072a3c1e410abb77499adb8e1799f1ff905,2026-02-15,2026-02-16,2026-02-15,96.0,c8d88283ca589952dba7ef5b4dd1080efc4d7c118ac730ad1103fbdb420c63c8,301056.0,True,
2025-26/15.03.26_NLDC_PSP_472.xls,ok,27602c68de9dbd64e1c494edc3dc6fa654cde14925ed477bb3aac5e39628a234,2026-03-15,2026-03-16,2026-03-15,96.0,0338abeda0c8303ef8fb28340365f3c1895918f3fb96ef96275aaacbc610653f,283136.0,True,
2025-26/15.04.25_NLDC_PSP.xls,ok,f72d99f8dd2a8b62db6e9c3254acb0bbd3c5aba65fe38fe52cdf79dd628682c9,2025-04-15,2025-04-16,2025-04-15,96.0,19507b3415c26322f4dba36638812b125a5eff80103b3a6ce085b48d006d1e51,295424.0,True,
2025-26/15.05.25_NLDC_PSP_723.xls,ok,bc8756c7d7121930f0dfbbdf9c0c3bc86650bea030b0c9bb80ad133791af322b,2025-05-15,2025-05-16,2025-05-15,96.0,49f6c37c670a7940fb5df8273e79f844dd4f00b1067097c410ec07187afb8ba2,284160.0,True,
2025-26/15.06.25_NLDC_PSP_497.xls,ok,9c09c2a897ad27e33ff7831799afeb2c7e95ef13445e295aaabc3c5d4664bfbc,2025-06-15,2025-06-16,2025-06-15,96.0,5ae5465db478672a4440e1b69e1dfdb2250d3f72549cb122c7c72612d9aacb27,287744.0,True,
2025-26/15.07.25_NLDC_PSP_195.xls,no_rows,4658028c94ce06e0548a46f2a3ddd2fad45af02d133fbe62c69393b07240f0a9,,,,,,,False,
2025-26/15.08.25_NLDC_PSP_827.xls,ok,2ba913b694d408a4ea365cc887f62ae779756b850f50e02953433b1720324d7e,2025-08-15,2025-08-16,2025-08-15,96.0,cfc1238cbe37dcdff24edb6d4e10e0d386b5b6a34ce235ad60b8ac0ac6d776b6,342016.0,True,
2025-26/15.09.25_NLDC_PSP_276.xls,ok,7a025c815ea8258bcdab3f092296de37d750f235b88967848c787f3552e91406,2025-09-15,2025-09-16,2025-09-15,96.0,3f008c99db20c5df7d529e96dc3fde5708622bb9c0dfd74a70a8d066d0cbd51d,342016.0,True,
2025-26/15.10.25_NLDC_PSP_667.xls,ok,b9d4fd71ff86110896e0cd7056aa05dcf166b6420a5f91fddd41f1c87c0811c6,2025-10-15,2025-10-16,2025-10-15,96.0,1e0db71fc3b7e01cedd4fd05187fb736c77320fcad9e37afb3784d8546ff8140,283136.0,True,
2025-26/15.11.25_NLDC_PSP_612.xls,ok,5eac57424e9647b70433d51ab579c474a314ae905f65bb4a03d6385ce2e18880,2025-11-15,2025-11-16,2025-11-15,96.0,5ab7c0b0923342d356d6850cb4ab93a9d765c09b80e63eb8d8acedf294ccf80d,283136.0,True,
2025-26/15.12.25_NLDC_PSP_593.xls,ok,baa97e6aaa79ce5007b4be6bfd587a06ebf6c4d658de213cc1d353c2c91e4811,2025-12-15,2025-12-16,2025-12-15,96.0,f69b7342a55d9a5b417476e462df5600363da95e66232ed069215ab5f9fbd631,284672.0,True,
2025-26/16.01.26_NLDC_PSP_440.xls,ok,797b4c405a971bd06b8f9e188e344846f7038c9c6c0048b3e88525cd12378a18,2026-01-16,2026-01-17,2026-01-16,96.0,fc045665e1e52315c15e46acc3b47ef641c95b0309fd04a69b363838dbbff51a,284672.0,True,
2025-26/16.02.26_NLDC_PSP_315.xls,ok,58d5afc9e26d8c37ba10c5e4b5f6e5a65e97e272042d7724ff992c0bf6478498,2026-02-16,2026-02-17,2026-02-16,96.0,dba1d7b760aa00e260045a98193951a0d828ce1c4b08f00b00aae8ec760f3adb,285696.0,True,
2025-26/16.03.26_NLDC_PSP_254.xls,ok,4b3c0180673097d26895105a6a8eb7e0e5850f31b79827187af12c1314e6a5e1,2026-03-16,2026-03-17,2026-03-16,96.0,095b64ab13d64caf14d9fc40405aa8ae4192ba1d050a7629661b4901c61b9747,285696.0,True,
2025-26/16.04.25_NLDC_PSP.xls,ok,9241794b9e9e4fcd4c4eb827362aeec1c588c76e4a9b62a451d42493ea5a82aa,2025-04-16,2025-04-17,2025-04-16,96.0,873438f092ebd8dd16dc608c18350aae1d786832fd6be8a0ab7cdfbb0327a64a,342016.0,True,
2025-26/16.05.25_NLDC_PSP_332.xls,ok,d01c44aa5f80a5b887236b57d6cd4ec3e55afa5e174cce589868ee6bf3073c05,2025-05-16,2025-05-17,2025-05-16,96.0,0d5015d0b714586f9dfe506fabc5cbf7ec3f6e9a136d4eed8fe1e6eee7bdd402,300032.0,True,
2025-26/16.06.25_NLDC_PSP_237.xls,ok,ee33fb76cd42a43160a995283bf347d02908dcd662a9ff4fb74ccc2ba302ff29,2025-06-16,2025-06-17,2025-06-16,96.0,7bbf8779009b6a912b48a854639f1cd3c63648c6416d496f8f21793a0ac2cd5e,283136.0,True,
2025-26/16.07.25_NLDC_PSP_340.xls,ok,5f86e017b71834eed40928b68f7945f3f3b2d9fd0a4b5364ee00a5fcd98a6d12,2025-07-16,2025-07-17,2025-07-16,96.0,869f21d8fa121398c66a5f55aa62d3726d5eccac4cfceb191762bbb9dc5849cb,284160.0,True,
2025-26/16.08.25_NLDC_PSP_668.xls,ok,e9deaacf017bdaed27bf6adee0ac5c95336e9728f448c5bb0756a8675a3ae38f,2025-08-16,2025-08-17,2025-08-16,96.0,221466ae70095244a6bd937a6ff5ff77af735be18dd24d4bd498420fa1c03faf,283136.0,True,
2025-26/16.09.25_NLDC_PSP_715.xls,ok,1a13c13b70cd6e5399b832044d27cbec5e54749c65161844cc4ecfd43e25c4dc,2025-09-16,2025-09-17,2025-09-16,96.0,5a0e5387b048da7afd3a1a8c98c7a65cb955061f6e295b1051830789392baef0,300032.0,True,
2025-26/16.10.25_NLDC_PSP_867.xls,ok,3749b8c053d4dae8e52ffadd39554c870d8897cf51e3df2e96aee2524c2f643d,2025-10-16,2025-10-17,2025-10-16,96.0,ad02bda7beb773cff34518818a074cb903a841e904b830265d2ebf51d21af786,284160.0,True,
2025-26/16.11.25_NLDC_PSP_830.xls,ok,cc68e5170b8bd67c749cface3e994e3fffb607b65a837933302abb6042155da7,2025-11-16,2025-11-17,2025-11-16,96.0,8f84cae7cc840c1b7a649e95877962215eba3a3e4e592e9646ce1c6eebb4d93e,283136.0,True,
2025-26/16.12.25_NLDC_PSP_805.xls,ok,9b0ff6dda03cb32cd78818da1597e92e138dbb8c270c175c8421ae59bce61778,2025-12-16,2025-12-17,2025-12-16,96.0,716e9ac7b01add969a12935eedc1abb29ebbcf39742a16b51da60862e830d2d1,283136.0,True,
2025-26/17.01.26_NLDC_PSP_694.xls,ok,bcea80f7259044e74e13ab335d37bc7c56e11408130e66658a759937ce34facf,2026-01-17,2026-01-18,2026-01-17,96.0,1e1c080c042f9b2ed6caf1b98b02da0df49955b66bdf058d48e373defb5fe0a1,282624.0,True,
2025-26/17.02.26_NLDC_PSP_654.xls,ok,23e7678c434e2542181b7df7203ffd3df3a20b50c3e63537bd92b307c19271aa,2026-02-17,2026-02-18,2026-02-17,96.0,c3d8cae8e40133c7ba2496ee4ef4aacf9d70bcfc99e884c97b52aaf85b55e999,283136.0,True,
2025-26/17.03.26_NLDC_PSP_234.xls,ok,d83f60177a20772ec260221cb12bbb4ded4baf80de15f50678f5d07b10203205,2026-03-17,2026-03-18,2026-03-17,96.0,6fc0f78b17c59c7f06969dddd2e2f76f386219436fcbc992ca4ea2d76dd18611,285696.0,True,
2025-26/17.04.25_NLDC_PSP.xls,ok,7a1aaf4019e781da29d6013e890346bca9aadc3359143148d3ca43b7a4558345,2025-04-17,2025-04-18,2025-04-17,96.0,c7aa46beeaa404a042e232891c8b7e004824253a86721f82feacbea4bdd48e1a,342016.0,True,
2025-26/17.05.25_NLDC_PSP_558.xls,ok,55a8d1495e9f932dd4fb5ac59bb838575d7c18916095c663d5b30f4780fd9533,2025-05-17,2025-05-18,2025-05-17,96.0,3a98a00b34af9b9fc29f62c9adfea8516d5d770152d83321107e7e0f21087c80,284672.0,True,
2025-26/17.06.25_NLDC_PSP_998.xls,ok,119eb26108ae621b3537f2712bc16975cfb3d3a6b5d055d1cdd5abda6bb4f4c8,2025-06-17,2025-06-18,2025-06-17,96.0,a295f6507d7cbdfce377617f1771c8e6478be366856ff729dca5cbf8f3b7bbee,306176.0,True,
2025-26/17.07.25_NLDC_PSP_966.xls,ok,866d33c926933faac818a2d96a3a117bc2fa87892aff25fb4f8a536dd6b94998,2025-07-17,2025-07-18,2025-07-17,96.0,9d35e27b15b55cee66ac7d706b4d7037aa1c49fd034bb5dea1870cee57edd67e,283136.0,True,
2025-26/17.08.25_NLDC_PSP_467.xls,ok,8b9481dd6a1769100c0fe7a3b39fe1932b84f00df1c4bca54db31a2bc598d0eb,2025-08-17,2025-08-18,2025-08-17,96.0,4adbd9d929e13a321560898c48809f6420b863ff70b82773df9ea761bb75114a,284672.0,True,
2025-26/17.09.25_NLDC_PSP_884.xls,ok,e2ff35df55e70045ca5b334da997f450fc2d118eb3619f28489525bd8064e231,2025-09-17,2025-09-18,2025-09-17,96.0,06125ac067bf12e89cb8f3a1658d53bc20e761d3ad345433f43dabf001184aff,284160.0,True,
2025-26/17.10.25_NLDC_PSP_242.xls,ok,0e455f7b559ad5c83699ca7330afd3addff3df6d934e6274928665fee0f6286b,2025-10-17,2025-10-18,2025-10-17,96.0,c63c1300bfc9d11d185984987203899089a3b82fbd4da2c2e5a4277c94715561,342016.0,True,
2025-26/17.11.25_NLDC_PSP_217.xls,ok,e384bab136fd5d212616b2213f79281bfd610bed5a1f4997139e45556ab25360,2025-11-17,2025-11-18,2025-11-17,95.0,530a0f8512679fb240e25788a713b1390e500b7f27c77c5e36415351ef1f32df,282624.0,True,
2025-26/17.12.25_NLDC_PSP_258.xls,ok,e610614603ce4978fca04f31f9754ebb4ee694186451c796c1801186ddd42957,2025-12-17,2025-12-18,2025-12-17,96.0,b81ee89f4c5994a6584fc10f492200778cbf47fc164fdd21f321b476891175af,283136.0,True,
2025-26/18.01.26_NLDC_PSP_983.xls,ok,b3e4c7ec969249550f023f81c09cd617b3004db890f848f5cefe429768cb60af,2026-01-18,2026-01-19,2026-01-18,96.0,7a60d12c50670c2f987619b2fa31bf825046c3c6b129ed0ca7b4c6b61c463cad,285696.0,True,
2025-26/18.02.26_NLDC_PSP_482.xls,ok,bc3ee1834d6cbb46c0699feff0aafc009888f483a6cf55d2ce4d1effe8538d06,2026-02-18,2026-02-19,2026-02-18,96.0,1ec463f49d0f44342e82dd467c571949300190c1f5b4e7c21a2815126f90c055,283136.0,True,
2025-26/18.03.26_NLDC_PSP_632.xls,ok,9debb15b6a9c5acdbf5131808658764ea7b12a77b16a6cb465fcd0c6cc234a22,2026-03-18,2026-03-19,2026-03-18,96.0,96435fa31a302f985901e5110e7fdfa8e03da10174c379d5d838f7aea7774a94,301056.0,True,
2025-26/18.04.25_NLDC_PSP.xls,ok,0c03e481bdaff6e02afc606a5882384db02eadf1716fe56c398f742b7307c64f,2025-04-18,2025-04-19,2025-04-18,96.0,9ba865f0a79644c1e45df3892b60342cc942b31f8bc189196e7e8f767e0ca09e,295424.0,True,
2025-26/18.05.25_NLDC_PSP_H&E v2_874.xls,ok,0215fc4f1dc9f6167f385a05076bbebf943810b169dfd3b541b27d6115e9cd33,2025-05-18,2025-05-19,2025-05-18,96.0,3b02e4f020e3237fe157d2fb3c53d8dbe00d5c4e72971d6a113e073449510107,299520.0,True,
2025-26/18.06.25_NLDC_PSP_116.xls,ok,e76cc75a44318b6d9a59acbb91839af7f8376ba135f131099b1e03ca6b5964f6,2025-06-18,2025-06-19,2025-06-18,96.0,15906e5dd8400681ebe238ce0d13ba908dcd77098c36188ddf567099ff0d5154,288256.0,True,
2025-26/18.07.25_NLDC_PSP_100.xls,ok,9ad1329e0140a9cc5a35e6092cf6b19d6a87364d0045b0ac7bc323da19ca93ae,2025-07-18,2025-07-19,2025-07-18,96.0,9a890bc6cac60b3090df2d263e7fe5fc2e6a055d0aedf62692ebdc3da361ed69,284672.0,True,
2025-26/18.08.25_NLDC_PSP_287.xls,ok,739dc929fea5cdb7750f1a249b47e0d2bb4a7195c922b0285ab168dba8eebc51,2025-08-18,2025-08-19,2025-08-18,96.0,afbe338564a7bed321a7e41c073525acd06197311993d889581c7e70e22a5aa2,283136.0,True,
2025-26/18.09.25_NLDC_PSP_147.xls,ok,cc45218ae02c4893ae93a682531fb09fa9d9bded0334a9429a85208d5cf9a84d,2025-09-18,2025-09-19,2025-09-18,96.0,339d2bfc16635f0ecbf9a27c44d14f0ad1298c6e66111ed096dbdd29b70ff4a1,342016.0,True,
2025-26/18.10.25_NLDC_PSP_233.xls,ok,07bbbf3d6a51e09178005b2ab33761423890b6305f481f73edf501cab87dbee5,2025-10-18,2025-10-19,2025-10-18,96.0,fc9a787c7a1363652b83692e7c7d24f2861dd5eb2dd07eec30c9a9d63b502191,283136.0,True,
2025-26/18.11.25_NLDC_PSP_285.xls,ok,2573e81849cda7582253a2c34b19c8fd3d093df44cae2d66e969c43c78de27c8,2025-11-18,2025-11-19,2025-11-18,96.0,46d40b715a676f20b805e13866786f3f566c018187b7bf84be9a2254fdef41b1,283136.0,True,
2025-26/18.12.25_NLDC_PSP_386.xls,ok,58acbee7f6e315d23be50ef766cf96df8a67af2dd84a92c64acbc5b013205114,2025-12-18,2025-12-19,2025-12-18,96.0,7974d660297a1b3a79a7debcdd35d14c26892c0387c23721ec81644cd3f896b1,283136.0,True,
2025-26/19.01.26_NLDC_PSP_709.xls,ok,81afc0815334267fc3d4d5b36f160df0f429dbde489bfcf646ba6dc925b8739e,2026-01-19,2026-01-20,2026-01-19,96.0,098bf9fc222da6c1b0dc4b2a045f7b44744e4ba53750a6f065bd96a65c3bf436,285184.0,True,
2025-26/19.02.26_NLDC_PSP_842.xls,ok,15f0eedd03e0122f9bc76b831afec0e4663fb1d7d68b2d746623d70fe828766d,2026-02-19,2026-02-20,2026-02-19,96.0,66c5743d8648e53a67b1a0cdef7348564614861d6b858a2e05e8baca14b6fe7f,285696.0,True,
2025-26/19.03.26_NLDC_PSP_828.xls,ok,629bcc57aa954b94a7d3228ff9cf9c8e09d94c15d4d5dc9576523e57ec8022ff,2026-03-19,2026-03-20,2026-03-19,96.0,505211674b70c485a56d24d5541d18317e7cab888d26c88c784615e7aba1192b,300544.0,True,
2025-26/19.04.25_NLDC_PSP.xls,ok,2e9493a9774e3633f6944949b9c54b9b200fa143af2ca2c07c785bd9feb6bfaa,2025-04-19,2025-04-20,2025-04-19,96.0,d4cc5a1641523d943573c98558d3ad327d76af8d396e6bfb6e0dbe100220b2ef,284672.0,True,
2025-26/19.05.25_NLDC_PSP_H&E v2_156.xls,ok,2f53a63971ad5174728ad0004585c3bc4da83715a2d6c41466117f4c590d4b80,2025-05-19,2025-05-20,2025-05-19,95.0,b059f186ef71d6151cbe31aa51e5eb73a5fde36f85ae2006607fc824ce503abb,300032.0,True,
2025-26/19.06.25_NLDC_PSP_H&E v4_525.xls,ok,cae731dad0780e5365aaf4e4b6512d43828170c4223f00d5236419237c00a9df,2025-06-19,2025-06-20,2025-06-19,96.0,0bc3d8f981b46a8343a4d3c8ab2026b9eda2972b8f2e34df8c8224cea5fe2899,300032.0,True,
2025-26/19.07.25_NLDC_PSP_274.xls,ok,3fc5303759179c262ff0b4654990771db644e6be8df904fcb30ff48db3235733,2025-07-19,2025-07-20,2025-07-19,96.0,683e41e925a413f12d86c681edc959a4d1ef28afc9b281413bc28599e8f7af42,284672.0,True,
2025-26/19.08.25_NLDC_PSP_605.xls,ok,ae7085c441fd1a24a53523d20a0c7c5339a4aacba0ca3a9dc9859d6c3bd4e24f,2025-08-19,2025-08-20,2025-08-19,96.0,80d1fe04c50d07a66f3dcee3b4336ec7af8019345d35adc044cbaed78bf755b1,291840.0,True,
2025-26/19.09.25_NLDC_PSP_931.xls,ok,42213e91eee96a2c34e7cd9c7e6ca92d037fb521c047ba170842d68c08ff8709,2025-09-19,2025-09-20,2025-09-19,96.0,34aae6811e105bb8c43fc57063fc110690ec2ebbcf19ebe0561de1bbfdfbbc37,298496.0,True,
2025-26/19.10.25_NLDC_PSP_747.xls,ok,cfcc51f17db6540a21f714ad57c1ccf46a2b961c45d6527be07062aaefe0f86f,2025-10-19,2025-10-20,2025-10-19,96.0,afadb755cbab8ade7c46d9f21e4cf5e530b2b6daa0e3b7b338d995a5f409e0c0,283136.0,True,
2025-26/19.11.25_NLDC_PSP_365.xls,ok,88843bff243bfe19be61bb8d326a1bc3f7c8344154d292dde471716627208231,2025-11-19,2025-11-20,2025-11-19,96.0,2140b9a17aac087a510e5458646cb0de0e36bd95cfb1e441c6e2d5dc6e7a0127,300032.0,True,
2025-26/19.12.25_NLDC_PSP_625.xls,ok,5e4033b141cddb97ea551e7bd5c498830db643251cdc3eb3ec01d9988b556e82,2025-12-19,2025-12-20,2025-12-19,96.0,0d16c76c35cc6025f9153a1580a303f930df508e393dd7235230cec385ffc6d6,300032.0,True,
2025-26/20.01.26_NLDC_PSP_328.xls,ok,76835fe848dcb81b0b9bf1786a74d9acca0ab661aa1d97276eeacda7081b7d17,2026-01-20,2026-01-21,2026-01-20,96.0,2b15788ac89055d18ea94782e49937b68ee9b4614ef57a51b6730a0804c69120,300032.0,True,
2025-26/20.02.26_NLDC_PSP_196.xls,ok,7d46f6e9c91c7f131f738a8a7817195a6566a4b1c0802a5abe8be1d40111bd33,2026-02-20,2026-02-21,2026-02-20,96.0,a15a0a55cb49d31b04816e1d0906cc14b51a5772db07fdd641f4a60b7e4ee114,285184.0,True,
2025-26/20.03.26_NLDC_PSP_278.xls,ok,9e3ffe9295b3c6378e293a715d4412e5f26489e3f24912c64f96dbac786e4655,2026-03-20,2026-03-21,2026-03-20,95.0,ed9cda89878bca18471cc37c3e61c9178e4a0182e0177779a24e24452dd9401b,283136.0,True,
2025-26/20.04.25_NLDC_PSP.xls,ok,4f5e738316cd1cfc5b1a45601f6affb870d2abae2c846b635f52bec933c25a6f,2025-04-20,2025-04-21,2025-04-20,96.0,3411682ecd1260318e85232450187681b8e191def73171a5bb5830a927120542,283136.0,True,
2025-26/20.05.25_NLDC_PSP_267.xls,ok,c8f66c2fe0590c86a7b7f381692446e12fc2e3470d4e0c4d42c24572645d385c,2025-05-20,2025-05-21,2025-05-20,96.0,e2315304a5432932a5f1629a08829ec634a6a3d514845ee4ff6d9ab0381f2d13,288256.0,True,
2025-26/20.06.25_NLDC_PSP_512.xls,ok,9114bb09056804ac706d4f9256d690be9f5e08461ec3062e72e2b92fc897e371,2025-06-20,2025-06-21,2025-06-20,96.0,b463e23bb978caece43d24ca3b87b8afbc1e9e96f7e6d37948ffa33e0df4e8e9,300032.0,True,
2025-26/20.07.25_NLDC_PSP_146.xls,ok,5f84125a7b96f718c2bc1cfe318835c6b7843e79ab69fd3c0eab9898e7a007de,2025-07-20,2025-07-21,2025-07-20,96.0,82a81102fc61201d2830f0ccaddc47a43d71007520db023c8d5c3f11f8510769,283136.0,True,
2025-26/20.08.25_NLDC_PSP_520.xls,no_rows,65b75ad18a70caa0011e6195f98a214bde863e0dd1917ac6d9ee7037da89c0b9,,,,,,,False,
2025-26/20.09.25_NLDC_PSP_615.xls,ok,6f18d65594222292fbf23ebbe3a09e4144026e96e797729184369f21fb14d55b,2025-09-20,2025-09-21,2025-09-20,96.0,12cf07f394f19d8c09b79c616e9934a272d5bf465001ea8b731d464e8168cb09,288256.0,True,
2025-26/20.10.25_NLDC_PSP_631.xls,ok,346d17c7aa22ed882af284ecb5f67a834ca23eb849f8a655ba3540486cb0abfc,2025-10-20,2025-10-21,2025-10-20,96.0,57ea2d673c9adab9d7649c539827c36b6752b0b7e50ea1c7ae15e4fdd598cf61,284160.0,True,
2025-26/20.11.25_NLDC_PSP_467.xls,ok,1014541ae54f6f181722642977999be40eec5726e08a046e3b899817a1767c0e,2025-11-20,2025-11-21,2025-11-20,96.0,61977cf7f58443d8983c341599377188d80e1dc9f796738dd91966f7ea85b388,284672.0,True,
2025-26/20.12.25_NLDC_PSP_858.xls,ok,49919a1f77172aaa119242fed9377715e6cdf9ac9780e7c70fd3d33d58f6f333,2025-12-20,2025-12-21,2025-12-20,96.0,623994e605e869e0f5f95190ef8f3c89c90d877bebe363e9e97499f207d94dfd,284160.0,True,
2025-26/21.01.26_NLDC_PSP_173.xls,ok,e88f8551930e0de4534cd73615ebf7e660781842608baf1caa5d2fe9cec06805,2026-01-21,2026-01-22,2026-01-21,96.0,56bc6ff066ce34240220b945568d6a25533956eb1c6b95c8a08e1fc9dc5499fd,300032.0,True,
2025-26/21.02.26_NLDC_PSP_672.xls,ok,c3c2bd45ee741f33dc7f81cd36744111948550542887f6195d64d443bf65a22d,2026-02-21,2026-02-22,2026-02-21,96.0,ca7861280ab1162cd58e5b0651a8af06f20a0c991bd4b3b7f8b04ec667ede4b1,285696.0,True,
2025-26/21.03.26_NLDC_PSP_914.xls,ok,75ce1033e40587a582f4cac4d788b39f182e27da1bf2671aa31b0f8b4abac192,2026-03-21,2026-03-22,2026-03-21,96.0,d0a8c406ce755d0bea401bfcec4f20ffcfe7825fc9a4125ce0c1182cefd25d49,285184.0,True,
2025-26/21.04.25_NLDC_PSP.xls,ok,9df3b026b84c1e125bc2800c0c56bf08006bf3d78b1db7e344b592fcf7de718a,2025-04-21,2025-04-22,2025-04-21,96.0,22f5a63cf8b683d41d71aa8f2a95d725a986173a9acf01371654f657e6bd7f4a,295424.0,True,
2025-26/21.05.25_NLDC_PSP_885.xls,ok,984362e52c207ce29331e239eb7f68bb458d6848fdd6b2465610f66463c77042,2025-05-21,2025-05-22,2025-05-21,96.0,3448dab3183db1002b424350885dc73c94f10fe72fa154832c4514b2cf13c918,283136.0,True,
2025-26/21.06.25_NLDC_PSP_178.xls,ok,406057291260d6732cadd1e797efc68412c1b571c635764859e8e6794a4fb4cf,2025-06-21,2025-06-22,2025-06-21,96.0,9313cc02c5dbd1e71c55165216b69116cea50c63be15288999e8c742f505a08e,283136.0,True,
2025-26/21.07.25_NLDC_PSP_812.xls,ok,a30795d26612ae3c009be161fd0062ed49e708a305a328c28b4adc8fb64cf3ed,2025-07-21,2025-07-22,2025-07-21,96.0,f5a5ca33de560f410fef5165345d3822f5ac92f226ed2c71c6474bc4cfdd2180,342016.0,True,
2025-26/21.08.25_NLDC_PSP_H&E_311.xls,ok,f08351b4fc59960da3210655c5fd626192777cc4f71fdf7f02b319d7b1a28151,2025-08-21,2025-08-22,2025-08-21,96.0,62e4e28930077d94cec7a38e6aa0a4e17f93fde13beabe37440df91293e9af83,283136.0,True,
2025-26/21.09.25_NLDC_PSP_635.xls,ok,dba9d6b7feeab2c62963c7a7dcf76abe1c7666d1219d56f5079d603115c2896b,2025-09-21,2025-09-22,2025-09-21,96.0,5283ba575d46fc60eff87863a353eb0d5f737dc9816a4fa929dabcb8e709f887,284160.0,True,
2025-26/21.10.25_NLDC_PSP_670.xls,ok,67ab48bda8cd94139460dab9b55490d97876797063220080af5b8b0612f7eaee,2025-10-21,2025-10-22,2025-10-21,96.0,8171bd24a4e9035be55658a8af970761c021e7543a088428071d64a57bfe76dd,283136.0,True,
2025-26/21.11.25_NLDC_PSP_851.xls,ok,a4efb1357dbe7956b0b2ae099747e8f2fb35396b73b8ba165e8623458f4fe9d7,2025-11-21,2025-11-22,2025-11-21,96.0,95a695a17dfb2f1f7ac3c179c1f097a2e2eb3b2f429a10c51bb51537e0bc7d06,306688.0,True,
2025-26/21.12.25_NLDC_PSP_284.xls,ok,d977b80ad069dc0d7c2d59199ac1c72d5b71f2c517a9b7cd61f11958f421f9a6,2025-12-21,2025-12-22,2025-12-21,96.0,256eaaa737db1d360b328003ebfec8d4b5ae04a8fcea07ee1e22f6e98a6b0b2c,300032.0,True,
2025-26/22.01.26_NLDC_PSP_641.xls,ok,7fedf8e77b283e5839d9926417b50414f9ee9fb90f61e8ac39bcc73bc96b4ee4,2026-01-22,2026-01-23,2026-01-22,96.0,249bab1283357d8b6261548c45512c293cfcddfba0de197bd0db6ee4099a62f3,300032.0,True,
2025-26/22.02.26_NLDC_PSP_574.xls,ok,1ec81258bbcbf0a24821d93c92c3ff377a86608e2eb94d745d5c9108db2a3dda,2026-02-22,2026-02-23,2026-02-22,96.0,234a8818f1307bf003f2ede0124570bee0ec222c549b41c5a9657498b571b57a,343552.0,True,
2025-26/22.03.26_NLDC_PSP_626.xls,ok,9c02a76c6369d9765398fba2d6ec73c00b3d49e388ed3f7a426b0ccf6ea8cb4e,2026-03-22,2026-03-23,2026-03-22,96.0,2e732d3d1012577de14b56a247dd90c06ecc0cbb8f11fba9e4fd9c04bdeacef8,283136.0,True,
2025-26/22.04.25_NLDC_PSP.xls,ok,4dced8b51eae3a5fa7fe7315a23bd2906d9ee831071f8da60741963ccf0e9df5,2025-04-22,2025-04-23,2025-04-22,96.0,f2730d76591ab3abc9e9104f8e442d88ad7f2d1e131526d24e9d3bb29f51fc37,295936.0,True,
2025-26/22.05.25_NLDC_PSP_244.xls,ok,e7060b9ec0971870b823c3d6307a682ff19977f47b053d5e864c577026f39876,2025-05-22,2025-05-23,2025-05-22,96.0,740334b05f4bf590fdaaf2eedcfe08c356ba157d1123ad2300156f52f4949965,299520.0,True,
2025-26/22.06.25_NLDC_PSP_996.xls,ok,da3c8cc660d3805ec3cc4c731319bfa62f8680284266447b92111b5a95d21fd5,2025-06-22,2025-06-23,2025-06-22,96.0,7cc3f1ed75b90817d9719810dd6c222459ee81f7d2be06794ad53f11bbd77f5e,297984.0,True,
2025-26/22.07.25_NLDC_PSP_822.xls,ok,61b74b5df22ba2c1959cb8c503943ea5b49d126bdb6f3fe99623365b0a4fcc16,2025-07-22,2025-07-23,2025-07-22,96.0,ee40afe0d91108750b80534c823b6ebe12eba3223e6d20d3ab02fdfb2e28dfad,295424.0,True,
2025-26/22.08.25_NLDC_PSP_225.xls,ok,62abf60e94f7ee1d3274fba4a58c32382b5cc1d19212d5c9c27ccb579af583ee,2025-08-22,2025-08-23,2025-08-22,96.0,eaabc9351164d37c38177fc030e01f268e44a83cfb777eea2a22d672e0794466,342528.0,True,
2025-26/22.09.25_NLDC_PSP_495.xls,ok,526cfbdbda12da2463a7ce4a7f311b1cafd6d4dc0adac54632b67bfffb9a2039,2025-09-22,2025-09-23,2025-09-22,96.0,ac248f15438b155567149f8d8de8276abaeb87c164e3ac61b7adfbf53741d74e,489472.0,True,
2025-26/22.10.25_NLDC_PSP_539.xls,ok,5b362e1af90ff411c3a63c02cae70c156d3b61a7c8090cb89906c30ef8186f3e,2025-10-22,2025-10-23,2025-10-22,96.0,efb2b19bed847fdfb65eb899d94c7e4f24cea0d2a4e1cc806a305466cb9164f5,283136.0,True,
2025-26/22.11.25_NLDC_PSP_687.xls,ok,642da50513716d8289d7f213657cdadffb2b140a410ebac192ca48a78c20fdd3,2025-11-22,2025-11-23,2025-11-22,96.0,9c177976c6c0c9d4724d97fb5927e453e7f4859d2bcd29a16448acf755dc2248,284160.0,True,
2025-26/22.12.25_NLDC_PSP_117.xls,ok,fd5f3c85587a2f340150f6a64c443e5e75285285f05c80c916fac89f59382b62,2025-12-22,2025-12-23,2025-12-22,96.0,17a26ed42db678eecf91050aa9045c9c27ea4e206065bd44083f8af93430b7d9,284672.0,True,
2025-26/23.01.26_NLDC_PSP_939.xls,ok,89f547dba7f0b369e0509332dbda0633cf64fbe7a9ccd34b6c59e16970232daa,2026-01-23,2026-01-24,2026-01-23,96.0,a2fff7f543624d4590add7a2646d3bd56ca3a06d6700d31f40da254d5796bf81,282624.0,True,
2025-26/23.02.26_NLDC_PSP_160.xls,ok,30499fd9c87c37814146fe39a17eddb801ea7f8841d9bd6872c2c82910ce4a9c,2026-02-23,2026-02-24,2026-02-23,96.0,47ca9d470715aa26bf747ede8608569e318e228e8fe733a58db9a4557e172352,343040.0,True,
2025-26/23.03.26_NLDC_PSP_993.xls,ok,ff45d2b4c2773b398a7f24379ec964b7ecdb3bebbbb1ac8e10c132a2ea2c4b96,2026-03-23,2026-03-24,2026-03-23,96.0,b70abb3fb0e5676531c927f266a2983570e12d8758ae37d08c4a80a8fbba49d3,284672.0,True,
2025-26/23.04.25_NLDC_PSP.xls,ok,a1573e8adf4b173b10081ba0f9ceabc6a76309fb8931ac01a83f3c9c84ae857e,2025-04-23,2025-04-24,2025-04-23,96.0,6f81752ac37d2db5aa4733dc477ccf7ec69b238043160f724f55373164704474,295424.0,True,
2025-26/23.05.25_NLDC_PSP_H&E v1_183.xls,ok,95f812a41ddec77a4b069741a2675115f625a5a33fa1bb731342d55087cd3ab7,2025-05-23,2025-05-24,2025-05-23,96.0,97a2ab1bc588ea7cbebc2c5b8c44511a97caaf51d8ec7e6f60d3825d607a3e11,285184.0,True,
2025-26/23.06.25_NLDC_PSP_571.xls,ok,bb4c50ce0f029510b24840556a851e5db911f0a83327d7bdae4fff30015c50ec,2025-06-23,2025-06-24,2025-06-23,96.0,c311bc46843600f061c44514a26c59b8e82dcfad5ee06608779e535f4e02c628,283136.0,True,
2025-26/23.07.25_NLDC_PSP_543.xls,ok,6a31d9f1f0c4999159c08f736034adc3655ef425dbd399c92dc932c38f4b0203,2025-07-23,2025-07-24,2025-07-23,96.0,b1d02eb5c8412aa8dc5ebaa5d05c1d7994954ab8d055758f70e36c82ff6c8728,300032.0,True,
2025-26/23.08.25_NLDC_PSP_875.xls,ok,0590bcd801e75e669e158cd988015c665eed82c519f073b953172ae2f97225a4,2025-08-23,2025-08-24,2025-08-23,96.0,79cd4ca4c0f08ef672a305ceff3aafa343e2c4d3c00fbf3d3c344e2a85a37fc2,342528.0,True,
2025-26/23.09.25_NLDC_PSP_479.xls,ok,9bb72f50c8a4a706f30c7ed08dbe4626b5a08613bbef5dc4ddfc51b764284b81,2025-09-23,2025-09-24,2025-09-23,96.0,f7dcb03c440d7b9dd17c078daf5d7f131dd7eab8a426611472eae9ea58564393,300032.0,True,
2025-26/23.10.25_NLDC_PSP_862.xls,ok,34918269fd90f6c419f66688c99fc873ebeb1dac33bbeef9f5753566d9e3b32a,2025-10-23,2025-10-24,2025-10-23,96.0,416a0beddc7e2d9d796601ba3f3b9dbc17d2ea5527166307770022c41970cc04,283136.0,True,
2025-26/23.11.25_NLDC_PSP_136.xls,ok,347fd6e826c5a5307f922af9b9b31776fc6788ee47045524ed8e048cdf58fc98,2025-11-23,2025-11-24,2025-11-23,96.0,58f8c922f7d147a32f03c45e1e9924ab653a476f3bb0ee034759cf17716f9210,306176.0,True,
2025-26/23.12.25_NLDC_PSP_326.xls,ok,b2eff317b61a0a6da315cc2ede3806eb2053c840694a916788efd03d6b7bd48b,2025-12-23,2025-12-24,2025-12-23,96.0,ca5faa18eb735914ec5e5b0a2af192d2c826947a206f28d00633e9972a561e68,284160.0,True,
2025-26/24.01.26_NLDC_PSP_129.xls,ok,d598b6a6ed396d1bb8356db9627783450284b590744a4977cff2a0d1a5aa8b7e,2026-01-24,2026-01-25,2026-01-24,96.0,889dd329b0d4fca7b1597ea38c04f0160282aa69f39dd4398713183da3b95886,284672.0,True,
2025-26/24.02.26_NLDC_PSP_573.xls,ok,79529e2a51aae973309cd13015546abbb7932a4e8a0bd014bbcf98b1554768b9,2026-02-24,2026-02-25,2026-02-24,96.0,650eb0338f0ede90adba7c0d8acc7ddd5d8cd8245384fd3feca3156727a2325d,285184.0,False,dropped_duplicate_content
2025-26/24.03.26_NLDC_PSP_204.xls,ok,35c009e4d8eb7b86fc0c8614891c95e706800243b12dc90dc212c4417792818f,2026-03-24,2026-03-25,2026-03-24,96.0,41842140d146b492cf24d483e50e645f6083d8191855b009e5675e579e584d0f,284672.0,True,
2025-26/24.04.25_NLDC_PSP_796.xls,ok,2a4951598914300522003e27431942d0db3e0b993f3cb76d496fac18ba0d95b2,2025-04-24,2025-04-25,2025-04-24,96.0,e81bc7d0ac9c8befb5ef2f4effc676ab699d24f57e845d47548a8d447fc6ebad,342016.0,True,
2025-26/24.05.25_NLDC_PSP_H&E v2_390.xls,ok,d22371a82bad558cc08c1d9fc6b045b6b5c844b410348c47ddde7de4e699303c,2025-05-24,2025-05-25,2025-05-24,96.0,86d7fa9f983a94886bf252f03f396ffaa389151a7a4cdb8fb8dc34281f1521f3,284160.0,True,
2025-26/24.06.25_NLDC_PSP_168.xls,ok,3869eb5d4661db7db82835fa9b87a00e26d973da840ae96e922a80442dd8fca6,2025-06-24,2025-06-25,2025-06-24,96.0,92d3cef52c8a979181f0671fc074591f3bf5392691dd2084950c87b664612e6d,284160.0,True,
2025-26/24.07.25_NLDC_PSP_583.xls,ok,2b8ec233606152dc0eed0d9ba2d304c5fbca4597037210bbf568fb50b9c8cc65,2025-07-24,2025-07-25,2025-07-24,96.0,b0b9b63fcaacbd41f9bf00172ae7f75657b7312d330618d06dd9a594e67d8723,342016.0,True,
2025-26/24.08.25_NLDC_PSP_854.xls,ok,6c7caae944750bdd42ecce660907ce25e83fdb6ffc8019bf5ca311b03044442f,2025-08-24,2025-08-25,2025-08-24,96.0,a489b500d437c76284f527ff76d3bfdf07cb5cebf2813b2197f895af4eaf9bbd,284160.0,True,
2025-26/24.09.25_NLDC_PSP_509.xls,ok,42279e9de19ae55b46b0a9fb0560c4b1be96075538ba01b0eefaa6694729090b,2025-09-24,2025-09-25,2025-09-24,96.0,8c4958ba69bc08264c548c1126923763082e6b6d3235a9afa5e896f2d992ca62,291328.0,True,
2025-26/24.10.25_NLDC_PSP_107.xls,ok,e5a619440393bbe735393175f4f61ecacf9edff30945017eedc07afe80410c42,2025-10-24,2025-10-25,2025-10-24,96.0,b862c7e531f307daea86497d50a0b078e46217286b7ea207b49dc3b01945dddb,283136.0,True,
2025-26/24.11.25_NLDC_PSP_321.xls,ok,23a4c43ee7aee2e05398c2ac0e02ce7e817d2224a3040b3dea39b1060ada37be,2025-11-24,2025-11-25,2025-11-24,96.0,ff3013af6da1cfbbf1ee262a1a909589b5e99da982c470095415674b743f35cd,284160.0,True,
2025-26/24.12.25_NLDC_PSP_640.xls,ok,26707c3cede854db980e1d5fb96107a0f02230e0e47846094b6903ea1b7e54a3,2025-12-24,2025-12-25,2025-12-24,96.0,5afff8d97120918a69983a58e646dd7e74af01e331aa18831d7adaf362fa39c7,284160.0,True,
2025-26/25.01.26_NLDC_PSP_692.xls,ok,4d9a19bf00d10bd91e0dfdb7b9f084cb93a1aa4b0aaf2b76fc28bbdae4ef0e91,2026-01-25,2026-01-26,2026-01-25,96.0,373fbae76fe2853bd86bbe90c3ccf26170f687d0883ed0b37c19a536e0777830,284160.0,True,
2025-26/25.02.26_NLDC_PSP_305.xls,ok,60305533877519aa3145f10a8b8fecb76a1ebc53bebe56ed60d990877caeb1dc,2026-02-25,2026-02-26,2026-02-25,96.0,81d2928e19a225e376fa1b7aa6391326f1234955355e2207a677abd7e8682103,285696.0,True,
2025-26/25.03.26_NLDC_PSP_614.xls,ok,126be8f8849e65b37ae4ae31bf4cd32dce3c15230bb54588f5f5202b8edc2ba6,2026-03-25,2026-03-26,2026-03-25,96.0,5538b657d8b60da8973ff4164c66f9ba3503ea0e416ffb44760f6fa96e4e9528,285696.0,True,
2025-26/25.04.25_NLDC_PSP_790.xls,ok,6bea0b4aae70575143dd8a65f4943a4ed880653c1162b576d36a5412a519bc5d,2025-04-25,2025-04-26,2025-04-25,96.0,57050ad985e4f255a2937e7bdfd223be16a3bd8e3cacb4c9fce3df8a2f5c0866,299008.0,True,
2025-26/25.05.25_NLDC_PSP_H&E v3_353.xls,ok,672492d30902cdd65e7efa18a2ec2ddfdb497bc15fcdb589f8e843e828e13e40,2025-05-25,2025-05-26,2025-05-25,96.0,dda9bfcd9c470c85d9fc17799915a63c465b485c0f61704e4684fdbaece7b630,284672.0,True,
2025-26/25.06.25_NLDC_PSP_171.xls,ok,60e146e91abcc8d83a0c016d4c10eda9b9c315b329adc9ad337b4bc808483d7a,2025-06-25,2025-06-26,2025-06-25,96.0,c1c6d87ca9e2aa1a0e395e433ae9a979625e64ba9a11a09c82bfc2fa9f420ab3,284160.0,True,
2025-26/25.07.25_NLDC_PSP_725.xls,ok,90d14a1e7bf55fd5ec8f78c8deaff35aad211ddb98828dbe32a0b04e2cbc2554,2025-07-25,2025-07-26,2025-07-25,96.0,76aaa1580ba3d611929c07de8212e28d0774922a04fb09bbcf33c67df6820993,283136.0,True,
2025-26/25.08.25_NLDC_PSP_161.xls,ok,ad6725d2ba1cad1894278c579659e1f69c231ec99d0cf8ee25c62e49f81671bd,2025-08-25,2025-08-26,2025-08-25,96.0,c02b02e057eac6a4ef39b58efaff624dbc301ec08ceb2534dea6baec31d53cc3,283136.0,True,
2025-26/25.09.25_NLDC_PSP_326.xls,ok,41d0d6ebc5ff7b19e49b4517d18fd6d832d972bd277dd05e32c8bf39f74430de,2025-09-25,2025-09-26,2025-09-25,96.0,0ea8ac7bb5fe3913518129d14fe655520f37d27aa62d14d7cafb7d1010e27cdc,284672.0,True,
2025-26/25.10.25_NLDC_PSP_244.xls,ok,22162a34e1f8cbd25a2e0c5731797b8745ed2c020e127e6a4d918a89206c5aec,2025-10-25,2025-10-26,2025-10-25,96.0,1ba74c48a8ffd3f449e3dd5ea87773ca552e580783c887547480891f0546a82f,283136.0,True,
2025-26/25.11.25_NLDC_PSP_677.xls,ok,d306d4fc41b7a2202952b31b3e02492dbdbc48dc40fcdf237db9fbb316c2bdcb,2025-11-25,2025-11-26,2025-11-25,96.0,b11f24c57bd9335fd13892e60f66a81d6b309de225a81c02d759b59c2364a70f,284160.0,True,
2025-26/25.12.25_NLDC_PSP_696.xls,ok,108b76262431539ac92acf1ae496a23983ccdcceec5b131f3832b5f0c904016a,2025-12-25,2025-12-26,2025-12-25,96.0,6c540ca804831755365fed14ce8341a730925fb52d0906874a75ccea5eba19dc,284160.0,True,
2025-26/26.01.26_NLDC_PSP_492.xls,ok,fc9b106ceef9737313c5c1833fb943bd6bf34572b45a9876ccfda1719184328e,2026-01-26,2026-01-27,2026-01-26,96.0,62f212fbb996635159336aac50ad8fbb95e53f259b8e0c9f12cbbf4449370090,284160.0,True,
2025-26/26.02.26_NLDC_PSP_388.xls,ok,ad35e0226b41e9366109c628685c80ed904883411f24939893b72dc319bea0da,2026-02-26,2026-02-27,2026-02-26,96.0,c062b13d844523c19f968d93eb40d182cf1ba53f9ef120efe3c6045c5e9fdd21,285696.0,True,
2025-26/26.03.26_NLDC_PSP_867.xls,ok,d32c09c6403fb5ae05928a0105b1069bb71a9d6358a4c137f981959c56a3ca85,2026-03-26,2026-03-27,2026-03-26,96.0,a00a114c07f0e322c6dbd8f210bd76dde510e40293b44cff6cb908ddc5b9b3b6,284672.0,True,
2025-26/26.04.25_NLDC_PSP_429.xls,ok,9b0312536bb476d921c381f8e961e35006d88a0de3ea26a8a4424746f6512470,2025-04-26,2025-04-27,2025-04-26,95.0,ecf0871d90a0958ab46da16970b002cce115cd84bb52379a8c3701583d9f123e,284160.0,True,
2025-26/26.05.25_NLDC_PSP_289.xls,ok,1f299e6084db5efeb7cdd2ec532723a38c653ba1739bc07c0cf1ca697100f3b3,2025-05-26,2025-05-27,2025-05-26,96.0,71393c1cc2d56c92afa7fac4a3aa8df6646a2830c9be8679b32dd36a04bca707,342528.0,True,
2025-26/26.06.25_NLDC_PSP_296.xls,ok,c15fe100999c23276dd182169b6fd42ab3dc05101f8013a89852cf26314b45ac,2025-06-26,2025-06-27,2025-06-26,96.0,6dac31c4b5684ed31bbba17126e0d0e3aef0e2d24144095aabe5b64455cb1834,283136.0,True,
2025-26/26.07.25_NLDC_PSP_913.xls,ok,883b48fafb08399d560fa5836d5731b22f4abec78b11b58696c6688d1876df14,2025-07-26,2025-07-27,2025-07-26,96.0,38f328cd6dfc958d4f9642c985f053c0f599255051044cf85e1c60bccfba6db4,283136.0,True,
2025-26/26.08.25_NLDC_PSP_787.xls,ok,f2e60d6a3ef02f6fd7739e64c41934d2d17dfac3401b72ebe48634debe4b2460,2025-08-26,2025-08-27,2025-08-26,96.0,31e20c68c4f8d35338ba1207d7eea40e3e07832d1ab4b2f099160ec1165d375e,298496.0,True,
2025-26/26.09.25_NLDC_PSP_868.xls,ok,134daf75cf8394caed570fc41dde603a17fa76cd3d9be6371e54225c0cd19b37,2025-09-26,2025-09-27,2025-09-26,96.0,cd81525a27fc3ac006dc8cbdca5994aae847fa7db3e9606207387c412985fa03,283136.0,True,
2025-26/26.10.25_NLDC_PSP_773.xls,ok,cc222fccb1e2d8437c776ffdefcddd0bf4ac6090813cd4435f2780eee6d85229,2025-10-26,2025-10-27,2025-10-26,96.0,b3cb9902e4bdac241d7678a7930ef623ded323c429c4f9fce519f9670e214dba,283136.0,True,
2025-26/26.11.25_NLDC_PSP_998.xls,ok,3a48f55c451f236ac5f146f21802c6f4dda1f3c971fdc66656c0d275511340fb,2025-11-26,2025-11-27,2025-11-26,96.0,23da343f66ce1c0434e06a0ef975aa4b9236e90ec4e0dba1085b2a456b7a0ab6,306176.0,True,
2025-26/26.12.25_NLDC_PSP_978.xls,ok,6f1f9aa8ff1a2827eb9d080d2bf3876ea01989fbae421265f6ab096690c57c6f,2025-12-26,2025-12-27,2025-12-26,96.0,df1860492fadfbf26035ee786432ab4d488d5efdec75793ea74d825437df6f3b,283136.0,True,
2025-26/27.01.26_NLDC_PSP_813.xls,ok,22b836f859b9c9a07d0c879feb949d8d84ca6ee564bc29c5df25e0187a6fdf41,2026-01-27,2026-01-28,2026-01-27,96.0,338c916ff496754b0b29dedfcca7eec4e4a0a719b322705ac3431610d42a8011,284672.0,True,
2025-26/27.02.26_NLDC_PSP_352.xls,ok,f2b2c2417125f326c49c3924b2f5946ef0f28ed38b4c4769c9571998e452dab1,2026-02-27,2026-02-28,2026-02-27,96.0,fd983afca55c4269ea37fcce82f3faa0cd8b180bcb527f36d19053a1a4b0f261,285184.0,True,
2025-26/27.03.26_NLDC_PSP_H&E v3_507.xls,ok,57453894b15b3544ede5eb36e7ec8f4fa59b1b7bda8e93e733e0aa337ab710e3,2026-03-27,2026-03-28,2026-03-27,96.0,f1499f07694ac656caacc481fefae17d1e2de6a840f7befd656a3b0b2e2f7eec,284160.0,True,
2025-26/27.04.25_NLDC_PSP_839.xls,ok,ffa9ae86bc70a8a531c4721b85b673660a1fe89de91c98c8dde57aaf1f4475b8,2025-04-27,2025-04-28,2025-04-27,96.0,4779b349980f2823e5626557d4584ec92a0c38bebd3e7eb827b3b26625db34f8,288256.0,True,
2025-26/27.05.25_NLDC_PSP_279.xls,ok,afaeacf56336529b3c5280ac0f0d5ee355191aeb07c44853b66cf3d3545c6e2b,2025-05-27,2025-05-28,2025-05-27,96.0,7ba14ff780850e011f3f6cb022e702fcc7c4ec1cd7cebc5e50a85847bc922d21,283136.0,True,
2025-26/27.06.25_NLDC_PSP_725.xls,ok,21f38d9c146328ea1bb0bad29bebce3314914142a21b3d355269b99e932b5c54,2025-06-27,2025-06-28,2025-06-27,96.0,d5f40c720d66d0d88b55254b3d92472d809e89c06fc8fedada3e867588181266,295936.0,True,
2025-26/27.07.25_NLDC_PSP_258.xls,ok,877c625672e6133680e1f0add2cbcc974f0ad4044d6117a8a04c6d861ebdb0fd,2025-07-27,2025-07-28,2025-07-27,96.0,6cb9cff3f7b7e18434f25b1e4aa038aae7af16214e03598ab8675bb285fa89bf,284672.0,True,
2025-26/27.08.25_NLDC_PSP_136.xls,ok,3f9b420b869d964a2716f4b370f47f606a0cf15e4693b717d876f45473d19108,2025-08-27,2025-08-28,2025-08-27,96.0,bd3fc3aa4a0edfd50dbc76d2bdc472a4f2499fa09a414519a572b744d114b4a7,283136.0,True,
2025-26/27.09.25_NLDC_PSP_961.xls,ok,d33ef292b0d45c60b3f57334d3410a7b87c650d6a0a874eed357c563251ed3f0,2025-09-27,2025-09-28,2025-09-27,96.0,42ca4c1041b76e30eef3642f009d6e54598abd14aaa937c71892a2337a97982f,283136.0,True,
2025-26/27.10.25_NLDC_PSP_410.xls,ok,c85b8e2b2dfd5eb401800f774c743d47b68f1322be1de93f4a56f7307f7cc45c,2025-10-27,2025-10-28,2025-10-27,96.0,b0b362f61d3b22d4eeec990186556785c6712d4d3d180d69e6bf97b98c36e09c,284672.0,True,
2025-26/27.11.25_NLDC_PSP_490.xls,ok,0c8f214faacea63ca7de6ff699b673ac6e458994014a6e888ff7818020a9020d,2025-11-27,2025-11-28,2025-11-27,96.0,18b1907bc9b6726289c996cc5ffbf84f2dea9d37e79ce8055dddd50673e09f2b,300032.0,True,
2025-26/27.12.25_NLDC_PSP_723.xls,ok,00e14dfb416a8eeab78fc0e5a1ac4abcf2a76f28dc7f81216f5dc017aa018ed6,2025-12-27,2025-12-28,2025-12-27,96.0,8c6154485e5d9509639ccf05c2a426fce549ea7fefc81c779c3d0ea4b605e2d2,284160.0,True,
2025-26/28.01.26_NLDC_PSP_468.xls,ok,be15f6399d91af750b759d989e9a2b45e608da810f0f8805cf4b9c6b698393ad,2026-01-28,2026-01-29,2026-01-28,96.0,a70e081c8e585943f4187f3c3f731780f958a96d51bf00d11836a5291fd045bc,285184.0,True,
2025-26/28.02.26_NLDC_PSP_211.xls,ok,a3be60e8e74b9831b2b51604b2397e5762bc78fb6beef0e48939ec913aafdd56,2026-02-28,2026-03-01,2026-02-28,96.0,54c9d220afd938be2af4d70afb8d2cd4fdc1f6190b083c2933fc77b738cc4e18,283136.0,True,
2025-26/28.03.26_NLDC_PSP_545.xls,ok,47d3f809fe064a399849225f17b7eb7c6eada96ce710b4fcba425a7fc605557f,2026-03-28,2026-03-29,2026-03-28,96.0,b2cc3832522f4d558f8983aa008ef2ca50d67406243bc9836203747f70b097bd,285696.0,True,
2025-26/28.04.25_NLDC_PSP_887.xls,ok,1bcecc1ac2eafef89ed4721d702abec75c0f25268b8f47d428d3ccae2a33928f,2025-04-28,2025-04-29,2025-04-28,96.0,50dae78ad3392870bc2c28114e7516a33799408a329d135e44024c8f6c742ca6,295936.0,True,
2025-26/28.05.25_NLDC_PSP_771.xls,ok,fe9a88825fc8053de646d0036c2d20222b283edabab768c6db8c8dd30c7a0547,2025-05-28,2025-05-29,2025-05-28,96.0,40cab0a154158fd529aaeabf318ae623199ebb2645f95d6ba377c77b0dd79ba4,284160.0,True,
2025-26/28.06.25_NLDC_PSP_H&E v10_806.xls,ok,b677386b147becf59a00c1f1b7cc746b565ac5820516ced9e8c2d22e708777fe,2025-06-28,2025-06-29,2025-06-28,96.0,5349be31158157ad8f72454847063513ca87de94256c63aa0805dbe39780f5ad,306176.0,True,
2025-26/28.07.25_NLDC_PSP_296.xls,ok,41e3127622c06692177bcc0e30393fe0604f43fea9d2ea1bcddfd5a7e37035b0,2025-07-28,2025-07-29,2025-07-28,96.0,12bcb4ca13fa09eb91aedbce2b9b2031b7dea1d917a7fb88afe9cc962384b63a,284672.0,True,
2025-26/28.08.25_NLDC_PSP_435.xls,ok,091e0104eddb8f3e0bfd6f2c4b994320db913012117258fb1d5c2597ddfa919e,2025-08-28,2025-08-29,2025-08-28,96.0,96a1b52c999fcae777133081094abac834a5f403c08452e8e5d7c3316ee28abd,283136.0,True,
2025-26/28.09.25_NLDC_PSP_645.xls,ok,540cf43c16ed4574bd750e009da6fbeb395dc5d4c30074a6dd4e1439d2df32bb,2025-09-28,2025-09-29,2025-09-28,96.0,d3496248d31a8be2ab30d32ee075f5fae6b1439825c432090c4b7538c5c21f1e,288256.0,True,
2025-26/28.10.25_NLDC_PSP_725.xls,ok,bd8ed0d43aaa87d12d9c2cfcec09999f548f547e89a69bd8b11ddc71e2286f4b,2025-10-28,2025-10-29,2025-10-28,96.0,453576e7fe07b58fa6f8fec69e246a5d6c72a2b1d10d460d1a76162ca3c76f47,284160.0,True,
2025-26/28.11.25_NLDC_PSP_501.xls,ok,cce3632a4ef65d54dc848f69c783a76ad4c3da12057fde341f46a93714596bf5,2025-11-28,2025-11-29,2025-11-28,96.0,b00d82b07877544e5b16e685d85fe73349339f4e826c9da5da41eaf06a4dde5a,283136.0,True,
2025-26/28.12.25_NLDC_PSP_405.xls,ok,8c96e9a9d6dbee970a388b3af51d428b457836a2f674cdef7f6e3881b6bbf19c,2025-12-28,2025-12-29,2025-12-28,96.0,d7bad2148e69893bd3e0ccf4c25e812f1eaf96cc2aa669dbcae67041d2c2637f,284672.0,True,
2025-26/29.01.26_NLDC_PSP_368.xls,ok,5a461eff3010238c051aafb2a63d56af8431ff41049f0bf3473782fd44b05cb5,2026-01-29,2026-01-30,2026-01-29,96.0,112dd80da3813155e4b506e695842e281b98bd532b5d713eba0d7dcf87f828bc,291328.0,True,
2025-26/29.03.26_NLDC_PSP_428.xls,ok,08b38f06ae31f24c948fc8e607fad843bb0e66c9199cbf906e2b6b8f5b7165af,2026-03-29,2026-03-30,2026-03-29,96.0,deacc60da58c4fc8cbf526cdb176f9273a4f4f3b5406959018de00e45d9adc59,285184.0,True,
2025-26/29.04.25_NLDC_PSP_695.xls,ok,e9358880b693fe79c5bd914439680a04cf2a37218409f8e8edf584c6435a1035,2025-04-29,2025-04-30,2025-04-29,96.0,868a9015ac8c41a36f8cc13238621d6040a87ec88bf2227612c8b491d412bd0b,295424.0,True,
2025-26/29.05.25_NLDC_PSP_576.xls,ok,dc52d8f831550f082278eb219ba22ade9b09a6f707c471c369f6820353c5a81f,2025-05-29,2025-05-30,2025-05-29,96.0,155c5b4ba1baffedcb03f164b645520becfacefcc410d841f496a1eb01572935,287232.0,True,
2025-26/29.06.25_NLDC_PSP_524.xls,ok,414a81250eaa5d148cbc1a174e65403d6dbf768641bbc5d7ffa4dce69e788f18,2025-06-29,2025-06-30,2025-06-29,96.0,b1ebc8d639085d40cfe9c3bac03925d144bc4ad94aee5a0c15427d692151a34a,284160.0,True,
2025-26/29.07.25_NLDC_PSP_H&E_372.xls,ok,00b0567f87bc3db37f98083f7c2cb094a435a449fef3c16f6d5ca9ddefb459c1,2025-07-29,2025-07-30,2025-07-29,96.0,cf059b4906305b387db34930397246ee7ca309cdda075ea35e7afd2f0755a022,285696.0,True,
2025-26/29.08.25_NLDC_PSP_800.xls,ok,88d251758c06c05637a370330166150040bbdad14dedfb1901252e9cbb42d076,2025-08-29,2025-08-30,2025-08-29,96.0,efbfe90c0f5e349f090154a879595ccfdd1d4e60b9b6e6acec7a71c7a8e7e944,300032.0,True,
2025-26/29.09.25_NLDC_PSP_295.xls,ok,2fc52dd5b4f45aa5f814dd06c15ab52e5c9cceee31fb85c21060fbce8b2ad79f,2025-09-29,2025-09-30,2025-09-29,96.0,d68eaaa03f9736aafea5d8d6735d430129e76e819a77d560d86120624ad62132,283136.0,True,
2025-26/29.10.25_NLDC_PSP_937.xls,ok,caf550e16315fdc61fb6fbf97562aec8652214ae227f951ccebbde66afb58794,2025-10-29,2025-10-30,2025-10-29,96.0,7e3ec2e84c43a0e3252074595bfd3ca62846382a4ccf5f6838941b6c19dfae08,286208.0,True,
2025-26/29.11.25_NLDC_PSP_833.xls,ok,589a798ba380700fabfbd3b55d14d325ae9ae0d5f16e2d52b003fad62012b9d2,2025-11-29,2025-11-30,2025-11-29,96.0,3d58aa73d6bb2525c678bcd91787ef97f34f5323c5f00658839ea4f422f1a848,283136.0,True,
2025-26/29.12.25_NLDC_PSP_289.xls,ok,0031b0b2a5eeb70929abd52939e0e3a815be544d30ee5a349c3f1c5863d7d28a,2025-12-29,2025-12-30,2025-12-29,96.0,f7f984468e8b144c10741d09f1b4142550d19a01bbbba29f5d0a62a93c97b02b,283136.0,True,
2025-26/30.01.26_NLDC_PSP_458.xls,ok,5271317c237e24584639ef81a1dcc5dc594f15aad3c52599f3d77e3cba3f0fde,2026-01-30,2026-01-31,2026-01-30,96.0,221217dedbb17d7bb9d226e20a83d2b0ece758a36499bb8f2161d9e29b66161f,342016.0,True,
2025-26/30.03.26_NLDC_PSP_502.xls,ok,38e5f69c61c84a7fce28972c00bb34065fc53eba00360ef51c6c9ae73f198f25,2026-03-30,2026-03-31,2026-03-30,96.0,e40c040db7f33417a7b06262305e3a2407bd45ec4fe492b3f386ef8ac098c7d4,285184.0,True,
2025-26/30.04.25_NLDC_PSP_139.xls,ok,63ee27304f05d8442924241cdeb70a09af333f69d38c7d7ffc8d506951dfa171,2025-04-30,2025-05-01,2025-04-30,96.0,8a5213ce490b587e184481669ca3b6d68ea6266246561ee59aadc6bc500abca2,295424.0,True,
2025-26/30.05.25_NLDC_PSP_816.xls,ok,a167bd836353f670469945dd2e2d1bc2cbf7ac475350b6036ee9fc2cc697b267,2025-05-30,2025-05-31,2025-05-30,96.0,9a2bb389b0ae1f29ef4ffc8262e1368b15f7ac12a95b4bd7056b3e54211d0854,282624.0,True,
2025-26/30.06.25_NLDC_PSP_148.xls,ok,a825a630fc316d98556b150ee4471e970279e0ee36b64e9da9ad2ecd56f82785,2025-06-30,2025-07-01,2025-06-30,96.0,9d6fa261ce8bda18c63f2e0e7123f2bc4aaf487c395a2cfdb2ae891767324018,284160.0,True,
2025-26/30.07.25_NLDC_PSP_863.xls,ok,96001568c44ba30b5120d0adaac9f1804300c934d535d655d5821b23ee7e5007,2025-07-30,2025-07-31,2025-07-30,96.0,63d65bb296272a1d3a84eac023c8182eab5e43dc23ba973422b09fd63882ac19,295936.0,True,
2025-26/30.08.25_NLDC_PSP_793.xls,ok,fe26d4e3b4d1c66abbd5a20606e7b7bcfbc4d124523929c26579a3e79347f590,2025-08-30,2025-08-31,2025-08-30,96.0,e7d326eb567d6946de4e3329dbcf3dd8cec4268ee81f15e027e6dab86af2002b,283136.0,True,
2025-26/30.09.25_NLDC_PSP_675.xls,ok,cdeb1f5178cc3a56a3a01dd5f33133c17d4e0afa97dbee89bcae0461f774d8e3,2025-09-30,2025-10-01,2025-09-30,96.0,3758c56e142356909377375692e5d6e299893ee373911f8de1667ea383503c28,283136.0,True,
2025-26/30.10.25_NLDC_PSP_492.xls,ok,7a382a6e0831e542c1aa8bfe1afe7b7f0e4636128f5259269ba5b31a93593b0a,2025-10-30,2025-10-31,2025-10-30,96.0,5972f2ac0ca1d9f2ef4fa405796616e0d0fc94cb3d0748ad5610c0efd2d41178,283136.0,True,
2025-26/30.11.25_NLDC_PSP_634.xls,ok,3c965f76457bca34a10537ef96833d2e79948f2fca7e4c3115e0921749120431,2025-11-30,2025-12-01,2025-11-30,96.0,501c67616410e454a3e3d1fecc679544bf14617b07ddc8973aa20c67aaba5cd0,283136.0,True,
2025-26/30.12.25_NLDC_PSP_143.xls,ok,0bea5ba906bce2b0f50e18adfa0e32b8d2f1ccaa7e58ff6e169e7e547d69b60f,2025-12-30,2025-12-31,2025-12-30,96.0,83b72e78d49f08dfd6102e86bd36d6b8b91822ab82503cd8d29a614703128c14,284160.0,True,
2025-26/31.01.26_NLDC_PSP_154.xls,ok,b6fad83515bfb0f1b44a0b5d1bd5a6a177e0366f616c50932d540acbb541f42a,2026-01-31,2026-02-01,2026-01-31,96.0,dab248ec78b4e5e9a0c550a25d3fa63fa8caf19171f9cfb8dd518dd1497a297f,284672.0,True,
2025-26/31.03.26_NLDC_PSP_819.xls,ok,d1b5df41a30c4112502e11b9af5f196de097a8fbced406f00b9f5ca7c380abc5,2026-03-31,2026-04-01,2026-03-31,96.0,88a6196b080209daefb7909a6bc02935fbce124b08596e785d15de7a22eed388,285184.0,True,
2025-26/31.05.25_NLDC_PSP_524.xls,ok,7a8af3b81c952c0fd0bf629ca9e05938cd795683a7a9e66be9dcbe6cdfddfdd0,2025-05-31,2025-06-01,2025-05-31,96.0,0381269e2ca3facc7e2cd2e6adb1a4d09407293946a9007ce660f19b7b2d497d,282624.0,True,
2025-26/31.07.25_NLDC_PSP_597.xls,ok,a3627f6228ecebfd3058204f312af308fd5ad50e66653a5259829bb025575f85,2025-07-31,2025-08-01,2025-07-31,96.0,f490ef2f24ce6d4d22a6937533b8d1915c5fa4bccedd2a48ea67893c8fdd827b,283136.0,True,
2025-26/31.08.25_NLDC_PSP_550.xls,ok,169fe2f33872815d8cfa13bc98ef0a06e78283c9bde5cc7ed75045d0d675b7db,2025-08-31,2025-09-01,2025-08-31,96.0,36ecc82bea7c1d26d96bff6fe60291db60be85e1c4129e9cefbd67ce5997dfbf,300032.0,True,
2025-26/31.10.25_NLDC_PSP_389.xls,ok,53508117c241b0d20c9ccabe2048ee038e225beb4bc0dacd15050ec9abc83b96,2025-10-31,2025-11-01,2025-10-31,96.0,7d5969961d5b7441dbffa33d96a8cdeeb4cf9832be682d6bea152a4d06a25d44,284160.0,True,
2025-26/31.12.25_NLDC_PSP_998.xls,ok,c8c4cad176889cdc8706306251ac48bd3aba26caec375c6a8290ee6f1f7834c8,2025-12-31,2026-01-01,2025-12-31,96.0,e5b0f9b2ef117ca5b17b52c74e8a3785b684048b91be2654504e790635709db1,283136.0,True,
2026-27/01.04.26_NLDC_PSP_726.xls,ok,d09d7ee8d5000fc827d6ad8fc525b6c1545dbf93141480127ca856bdb04ab9e2,2026-04-01,2026-04-02,2026-04-01,96.0,f13db4ec4c31ec6ad229d67eff76d5e236f69173cf097c6dd2da4fb64e0186c4,284672.0,True,
2026-27/01.05.26_NLDC_PSP_243.xls,ok,63412889432837a2f32e13160941f078e1a001d91da808f5daf69489f0e5477e,2026-05-01,2026-05-02,2026-05-01,96.0,0d66fbe47167b07c28bccce931c55e597aa58544617047bbf10e34e7dca74fca,283136.0,True,
2026-27/01.06.26_NLDC_PSP_672.xls,ok,c1bbb06d7f51b094e26c597906ba9ea03022e8a8350733de1e8dbfabbcc579c3,2026-06-01,2026-06-02,2026-06-01,96.0,3ede32fe921551a30f1be7c7e5eeb5242f5ae10845cec034b4f896f8adc3af14,289280.0,True,
2026-27/01.07.26_NLDC_PSP_549.xls,ok,57317dd6e006b9ed0fc6d2f675975ef6818f764654d1b32ba73869b5ad7efc43,2026-07-01,2026-07-02,2026-07-01,96.0,3e0093ae62189813324275e1d1e11b8dff7c6288c3154df98e5df7c13a6a5092,347136.0,True,
2026-27/01.08.26_NLDC_PSP_136.xls,ok,563c42a9647c2de4c76c5075281b7b2bb8175edfc78b101447bd6d82ddbf65fd,2026-08-01,2026-08-02,2026-08-01,96.0,e7cd41a0dd5b10d4060847e57eef59015993a64a0bdd9691ea413f2a82ae9e4b,289280.0,True,
2026-27/01.09.26_NLDC_PSP_868.xls,ok,6d6f750b832525054e6d614dfda706bcfad15ff1c84b72287bfb5582aff34d4b,2026-09-01,2026-09-02,2026-09-01,96.0,fbc05fceb0c712f4c3d9b8954da7eac7991f83a60e41148a9834b0389f5db7c9,289792.0,True,
2026-27/02.04.26_NLDC_PSP_314.xls,ok,2fa454c77855ca69d6e2bf0fde697336986dc144be286fde05d710002709bb60,2026-04-02,2026-04-03,2026-04-02,96.0,3fe219d67ffcaa0768eb51555f0c252a9950d2944330c1d06516faeda9eccaeb,284672.0,True,
2026-27/02.05.26_NLDC_PSP_251.xls,ok,70167f28a25a037ceecc5f564405e8e164b780ef714920fe45b0fbcaa9fe6cc8,2026-05-02,2026-05-03,2026-05-02,96.0,e3c0088a297eecf1df8f011b614661170ff1224e616941ae549b8ae9d01cdd44,283136.0,True,
2026-27/02.06.26_NLDC_PSP_169.xls,ok,c80da8d7229ccc70ae79e4adbb9fe5bc783fac9869dcd90822f58ed5dfbbd031,2026-06-02,2026-06-03,2026-06-02,96.0,0ead4368404f77b30015259b793f6aeb4ebb3ec4e5401c74cf6efa79b9d93f42,289280.0,True,
2026-27/02.07.26_NLDC_PSP_326.xls,ok,f14feadab0eeb3d23c317d0180b8dfa728fa418944a17e4de4d8ddfc35c58810,2026-07-02,2026-07-03,2026-07-02,96.0,ccdc3935b6757eb48d4d86d705d6346307cd2b537ee82e83f9fbd35039b720d2,289792.0,True,
2026-27/02.08.26_NLDC_PSP_901.xls,ok,ed322da8f4f14f7a2d835d3c9ac1ad268034e68f5907dfcc1b9b9f10a12b9993,2026-08-02,2026-08-03,2026-08-02,96.0,da405db8046981660732ac27166a13f46fbd0be7560d2e697e4252f590331338,289280.0,True,
2026-27/02.09.26_NLDC_PSP_997.xls,ok,3962f38fff76441799e54bac578b98f1ae0a711017b79477ed8097a16de08946,2026-09-02,2026-09-03,2026-09-02,96.0,9aca0ec4effbcafbab88010930e50eb311c4aa37489f639de015d8883473f4b5,289280.0,True,
2026-27/03.04.26_NLDC_PSP_243.xls,ok,a271465bb4408b12c39bebebba4347dd6606f5e5e5fa1c378e7d2d08b9726b76,2026-04-03,2026-04-04,2026-04-03,96.0,cb63e271fdbf73d1488fc5dec5f1e4ab4ae75f0c00b0692f2affd2ab747c3cc3,342528.0,True,
2026-27/03.05.26_NLDC_PSP_421.xls,ok,8552b41abbbc7bfe763d78739d468f3ec3430d34489428da5e64ed18c537ea5a,2026-05-03,2026-05-04,2026-05-03,96.0,bf4fb8feb28fe6aa3a64f0e4b3b11b6894b54cf41c5dddb903d8fa32cf150216,285184.0,True,
2026-27/03.06.26_NLDC_PSP_173.xls,ok,99506050e295c0f4f482aa1059cc923c9614b6af40ee10e68f1d6aa752342b5e,2026-06-03,2026-06-04,2026-06-03,96.0,1573cb186d9e2dfd428612dcd93cd1429a83c029ac00006ee6f8a0f5c93c2009,289280.0,True,
2026-27/03.07.26_NLDC_PSP_730.xls,ok,3b25baec95ca946061aab7384e0964b66a3afdd4a3b9544c2da9fae61cfce860,2026-07-03,2026-07-04,2026-07-03,96.0,769be8dfa4f350be0a0d82600e242cff21a4108fb88e2b187e84faf964bdc5ed,289792.0,True,
2026-27/03.08.26_NLDC_PSP_867.xls,ok,c9c91f394b0853068aec4b534d812eb5e3108926062cacf944c7128a735d03d2,2026-08-03,2026-08-04,2026-08-03,96.0,fa26a4e49e3d38699321f8220ef200834c238b7747c13bf0015a42ac9280d241,289792.0,True,
2026-27/03.09.26_NLDC_PSP_912.xls,ok,6fb0675cbde85f0351ad9a10f3e53b122db9fdc87b9c3bcac261053a780b36d1,2026-09-03,2026-09-04,2026-09-03,96.0,dd91e037ce8338aa73f3d8def97a632b29e61a87368048eb99987ac730d67f96,289792.0,True,
2026-27/04.04.26_NLDC_PSP_152.xls,ok,a6543a8005eaa6fffdf33678f1f9f2173d491a4b8f8c341ccb742c2d8d0669a2,2026-04-04,2026-04-05,2026-04-04,96.0,b9fbbffb0ad8800a3889cecfcc4cfec63207507ed31f80b2cff102e9482bd84b,284672.0,True,
2026-27/04.05.26_NLDC_PSP_581.xls,ok,f71c6bea079266f84f7295ffd162a99d51f3d2b505bf4ac59f10b311250c2b88,2026-05-04,2026-05-05,2026-05-04,96.0,ae8012eaddffb5d4471f7d54e00003dd7dcbb98593ed96e44104bae6a2b7d29a,285184.0,True,
2026-27/04.06.26_NLDC_PSP_330.xls,ok,a03edb75e3cfeaf0f7fee12814d221935a8bfd15534aa44c7e628d5295e719c6,2026-06-04,2026-06-05,2026-06-04,96.0,068c674989ea4cbd74e02d07d053513b6e92d2093c8203d80820475fc2ef90e1,289280.0,True,
2026-27/04.07.26_NLDC_PSP_907.xls,ok,4ea430a7448f96e843907ec03adbc9f22f84d4701cbb8778d504e170b4ccc986,2026-07-04,2026-07-05,2026-07-04,96.0,16c5145db57fe1bb1c20d03d8bfcfc4cc377622c3c12fb216cb7d3320c18faeb,289280.0,True,
2026-27/04.08.26_NLDC_PSP_269.xls,ok,f23a2dd409cfd9c10c65ea18597179de177915f46fe53ba9e72ba6b26f9b33ee,2026-08-04,2026-08-05,2026-08-04,96.0,36d09205c5eccb4b0bf28302e0822082c01ea9d718be7b9e31804006f0e73593,289792.0,True,
2026-27/04.09.26_NLDC_PSP_876.xls,ok,c2dc7a8698b6cf0a79b0a4b9800ddb3dc7260f312d6871ba7318ead11f2c0165,2026-09-04,2026-09-05,2026-09-04,96.0,c9e27b5790d5093d6cf23fb552e8aba6af5181c56cf91ebb9078c71776cf0917,289792.0,True,
2026-27/05.04.26_NLDC_PSP_783.xls,ok,0a525b1258679eb021aa96f2387ebd88484881b819421fd69f8c2ec08aa86688,2026-04-05,2026-04-06,2026-04-05,96.0,ea75bbef14c25e799b7c0d954010fdef2e3da20668918fe05df749314ea83b43,285696.0,True,
2026-27/05.05.26_NLDC_PSP_898.xls,ok,e952cb295c264090ee4c7f67d78f3e3b67e201dbcfbd447ed4540f28d06407b1,2026-05-05,2026-05-06,2026-05-05,96.0,a7fc35e1cd5e34dab2ffb9b9a2da29a311366849c32290188820d5f151eb53ef,285184.0,True,
2026-27/05.06.26_NLDC_PSP_700.xls,ok,9f8991db9054cf962feedb5f1aa3d8b055bd4cbc26e4524dc2598d3c88f4a146,2026-06-05,2026-06-06,2026-06-05,96.0,dbae98d287a2693fdf8599f456c0b912d3df29467b2ec10eac78cb51450561df,289280.0,True,
2026-27/05.07.26_NLDC_PSP_247.xls,ok,2c5b701b12c02593345281637a566ece641d8b6eb1dcc57ee0a81c25018a78e9,2026-07-05,2026-07-06,2026-07-05,96.0,dcd906b1ae256e2f34a4e933ffb695a5cc7edfd960f190ab9edaa714406755ce,289792.0,True,
2026-27/05.08.26_NLDC_PSP_169.xls,ok,6f7d5d777c23b2c0e871a6a8a8624b22f978a33830b6e180cdf3e36a09effa17,2026-08-05,2026-08-06,2026-08-05,96.0,b41541ba1ae4e7ffd77ee79e8b433524a29ef065d92587ac457df12ae377d296,289280.0,True,
2026-27/05.09.26_NLDC_PSP_131.xls,ok,114e90d1bbe53af55cc49ce9af5cd6a2e170c9b6c3866d3e4f7ab962495221ea,2026-09-05,2026-09-06,2026-09-05,96.0,9d4fada3fd12b79b2bf59a7852bb8472f408ab2b5dad98d539a1d82685e2963a,289792.0,True,
2026-27/06.04.26_NLDC_PSP_582.xls,ok,1d99bc791ba6820388329adbd569b8ace8594c23c0c31e173a5d36c39e2b508a,2026-04-06,2026-04-07,2026-04-06,96.0,6aaf3d32fb40c2d3a55067adf6f9b408d873600c9783deb380c527c346ceb742,285184.0,True,
2026-27/06.05.26_NLDC_PSP_950.xls,ok,72520227b63ca38669fca93b258f8f5364cd553636baf584bcf6d7123b6ecaad,2026-05-06,2026-05-07,2026-05-06,96.0,85373ad78c1c73845d510505c9604093b7076e3b4f5c2b82bf6eeef3a530a62b,287232.0,True,
2026-27/06.06.26_NLDC_PSP_996.xls,ok,44009f7ef75f86e20d688a0051c1075f0121f6e4918b5ba44d56f50cefc228fa,2026-06-06,2026-06-07,2026-06-06,96.0,374f5af13c8cb428569999970e54c2037e39c6c208ae6b562072a3f58c427c8a,347136.0,True,
2026-27/06.07.26_NLDC_PSP_549.xls,ok,6d53b5f6c7197e0dd898544b7969d27ed15b2de33cc6ea2423ac78323be89cf4,2026-07-06,2026-07-07,2026-07-06,96.0,4b62c529d7f5cdf1b45ea138d438305fb740b3b0a455e0b4acd5a91b2bc47ea5,289280.0,True,
2026-27/06.08.26_NLDC_PSP_783.xls,ok,7ab55ad5a5f4dc1849b906b5556177d800643a9dedfca1e898a613db6274f602,2026-08-06,2026-08-07,2026-08-06,96.0,745a971adb8fd405827f24379f90fee8a355e8806b2b392dacf152c2c8fe8667,289280.0,True,
2026-27/06.09.26_NLDC_PSP_800.xls,ok,e43d8bbcb3735c13ede2cb7bf5bf04140fbb46fa7a12dd7bded5d347b178a46f,2026-09-06,2026-09-07,2026-09-06,96.0,48fef27acaa8837363025d731900584220518e4ad98866514faf0abfe5247f9d,289280.0,True,
2026-27/07.04.26_NLDC_PSP_950.xls,ok,7952636cc365cef30ca68199e1f78761607a9bad9de21620e22093f11655b0ba,2026-04-07,2026-04-08,2026-04-07,96.0,c87ded882238e371d472bcd23945eb4ff87609f3302a03d7478aeebb3585b222,283136.0,True,
2026-27/07.05.26_NLDC_PSP_829.xls,ok,7c75636fd63553e4214a7b2d923f6fa8d1587462fb2375f892ad554a21496b0f,2026-05-07,2026-05-08,2026-05-07,96.0,0fb5afc6aff8e77d00385c7a6cae7d38aa9931b08799975626a8a33523a45bf6,288768.0,True,
2026-27/07.06.26_NLDC_PSP_969.xls,ok,a9b81a3261a01d7c8ad6e1f619c9c883da3b4a211d9293c773c6e950825942f3,2026-06-07,2026-06-08,2026-06-07,96.0,e5399261c4e0486afc57ca46c2451e931b40a360a9d2979a4a62f3648ab7a575,347136.0,True,
2026-27/07.07.26_NLDC_PSP_433.xls,ok,32408c35aee0bc9737f95acd3f42c2c2674830ddcadc282e56d0e4b6ccc3e2b8,2026-07-07,2026-07-08,2026-07-07,96.0,8102e32c640c806f06ff3e8da5f91cd3e9c02a86b189ede271cf08ff477c1d79,289792.0,True,
2026-27/07.08.26_NLDC_PSP_473.xls,ok,15578f22eadfb8e258ef4fee0563aeb44ec94af7be4f4d46777b6923caff5a82,2026-08-07,2026-08-08,2026-08-07,96.0,84b07aee1cbc4801fd4556fce9848bf51a329fd28a1c3325d5e081095bdb920c,305664.0,True,
2026-27/07.09.26_NLDC_PSP_454.xls,ok,8760c46fd472a945a2f7b694d3df7ee668442721ed41d8432f488df29275d739,2026-09-07,2026-09-08,2026-09-07,96.0,a438d022c1cb8cedc9afea93af64c684a17628502a82fc991b52e776aa1cf29b,289280.0,True,
2026-27/08.04.26_NLDC_PSP_456.xls,ok,1a61f8183a62a49a02b47d027ae882b40ba2186393c4f9c4e9b81717ed4f7b23,2026-04-08,2026-04-09,2026-04-08,96.0,539e107a7805c887cb392db9097a9e5e7950cd7a7e621d7889e01a58ebe961a1,283136.0,True,
2026-27/08.05.26_NLDC_PSP_147.xls,ok,b60ba30f31285de34787384cc9170b56810e42563005244e22d55674cc994b6c,2026-05-08,2026-05-09,2026-05-08,96.0,5ef718f2181732ea4ee3a3f1aacd2550d837ab46983f8d80d38b80569b456c3f,288256.0,True,
2026-27/08.06.26_NLDC_PSP_354.xls,ok,fb1589b9290887483791e6342c011eaa7131383ea937d7b940020c8d04e6f5e1,2026-06-08,2026-06-09,2026-06-08,96.0,6769a9df5ac5166ef72e26d1fc7e65ee4fcd1b3804af6e127aa4525a23c131d4,289280.0,True,
2026-27/08.07.26_NLDC_PSP_H&E v1_222.xls,ok,bc82d581db701e8fcc70068bf53369f4d7dfc467fcd14b508da826ffafaaa47e,2026-07-08,2026-07-09,2026-07-08,96.0,21807d6969afc6acf79403f75e53a8f7c46ec6bc30c34059de19b20fd7234e90,290304.0,True,
2026-27/08.08.26_NLDC_PSP_537.xls,ok,c7e8caa1a49a18265e82d708bdd7f6a86245c8d08260a4f602bf66c983f729ba,2026-08-08,2026-08-09,2026-08-08,96.0,6c5586de57600edfee06fd6317cf9dc15064ed3c35e9a83e35bfecb439cfe70d,289792.0,True,
2026-27/08.09.26_NLDC_PSP_561.xls,ok,d7731690974706361dcd1eb04308899102e3018518d371feed9b3d7335a37edf,2026-09-08,2026-09-09,2026-09-08,96.0,6db822995ef27ad57978ec6aec3a508bc9f5e68648a0490001107575a40c6cce,289280.0,True,
2026-27/09.04.26_NLDC_PSP_295.xls,ok,270ffe00237f09865f6c49dc0f1aed29097032792741165fedaac8444a49ee31,2026-04-09,2026-04-10,2026-04-09,96.0,290d6151f387c0aafa013b2d41972076a76728186d5574234d14cfad6bc252de,283136.0,True,
2026-27/09.05.26_NLDC_PSP_287.xls,ok,1e8680f493d2c0dd5dcb3dbbdd7e33db087f9b15aff864ab5bc688ddcb88505e,2026-05-09,2026-05-10,2026-05-09,96.0,4c4a23a64e3fec8f335c3d932911071ce55b61f58f66ee1f03aefd13ae8ade9c,288256.0,True,
2026-27/09.06.26_NLDC_PSP_128.xls,ok,9239211825987c13a93f80b0c5614bf017c67afe376163bf4f8ee67900e16964,2026-06-09,2026-06-10,2026-06-09,96.0,5c48cea75be239e310924dc8173975ae9baa6759ba1a3879d89fd16b185713b9,289280.0,True,
2026-27/09.07.26_NLDC_PSP_746.xls,ok,eec69c968e68928f95886b9ebfe1b39d66479edbdc10a47e19dd44f15f52882e,2026-07-09,2026-07-10,2026-07-09,96.0,7c8efc23d7b754de4ae3d7e2043ff2c3801a548bfab6f43a02541b85037b8ad8,289280.0,True,
2026-27/09.08.26_NLDC_PSP_357.xls,ok,c64bac19c95707f43a56229bfa51c95aada823c3bc6b0d98b7129c83531396f2,2026-08-09,2026-08-10,2026-08-09,96.0,a980828530fac25485e23eae2d4cfa16e90f1f17db5f84f599c389c2c41872c2,305152.0,True,
2026-27/09.09.26_NLDC_PSP_764.xls,ok,c0d8a84877d2b54eb943eefe8bb5092af9bfb3898a62e4250138367958200bc9,2026-09-09,2026-09-10,2026-09-09,96.0,683c7ca45f571f66b098b96dea184ff0d56adf7c094129d06e0213ae6789d794,289280.0,True,
2026-27/10.04.26_NLDC_PSP_200.xls,ok,2656fc7ac1ae9625e72a3172890eae9d5474506dca992a6c27cc80cad9ddfa80,2026-04-10,2026-04-11,2026-04-10,96.0,ee38a3112fd4bd6c8c7cc54b8bbf0403c16120c24830ef8959cbf90dbb3e66bd,283136.0,True,
2026-27/10.05.26_NLDC_PSP_572.xls,ok,f41c01cc78f24ee95989576af52496c6034b7f003cec8803b3b7b64d3b64045f,2026-05-10,2026-05-11,2026-05-10,96.0,cc9cf9e293005dc22c0916db2c359ac00255f7fac3887228159ef0653b137cf6,287232.0,True,
2026-27/10.06.26_NLDC_PSP_679.xls,ok,ac73db13dc5bd239a6a0989315acadb80f0d698ef355999ecf78e74b14916c25,2026-06-10,2026-06-11,2026-06-10,96.0,dedb956da9a55a79a98ef4f0ca216f6cffdf5cfb4631c82847db412e2c92538d,289280.0,True,
2026-27/10.07.26_NLDC_PSP_903.xls,ok,221beffc6e720b30157bd241fdef2fdb74fe825877ceaed19e7c2db9a857e456,2026-07-10,2026-07-11,2026-07-10,96.0,0ab891a806096be13bcce520e288a2f32da96e3660a56c20f31f11341e75c3fc,289792.0,True,
2026-27/10.08.26_NLDC_PSP_521.xls,ok,88deed54858ae8939e98602240991820793b5f3d4a781bbf9a9d8407cdec681f,2026-08-10,2026-08-11,2026-08-10,96.0,857a197c142ede84ac925bf8f4dec046eb6199d8226a5550a2439c0ff1116949,347648.0,True,
2026-27/10.09.26_NLDC_PSP_372.xls,ok,679f5f78f3bdcac3b853ca3abe1c376590a6cfda0093c38d14531b84899d5290,2026-09-10,2026-09-11,2026-09-10,96.0,0f9d67b821b1b80c91dc273305fffc02742e49d1e925dcb82d0969117ada0376,305152.0,True,
2026-27/11.04.26_NLDC_PSP_464.xls,ok,dc6e5b5e10f884cbcb53a6b8f88a74a333fe36230274a6068ffd85614752e29d,2026-04-11,2026-04-12,2026-04-11,96.0,fc08d374deca2114d74e82a36303b4027a0291c720e19d7febd377a2cc0f0e14,283136.0,True,
2026-27/11.05.26_NLDC_PSP_615.xls,ok,a1b2f082b81cbc64d04645c1649332b3e11433caadb89384f898ff18587f97ff,2026-05-11,2026-05-12,2026-05-11,96.0,92068f8b0259a40186b875094989314821280c942b3f3a71a4fb46192782c6f6,288256.0,True,
2026-27/11.06.26_NLDC_PSP_189.xls,ok,78ce5ebe410bfe1972bba43ee7b0fb484bf6c2f032096c9db328ff1b60e599ae,2026-06-11,2026-06-12,2026-06-11,96.0,be61fc28af3f8fa0970a4eeacaa6bb71405d00e61988d60590060e95a43f169d,289280.0,True,
2026-27/11.07.26_NLDC_PSP_854.xls,ok,2137d168d2a2e46ac26505c2f4799c447a2aa2f3f4929b45c9b3c7d69b1f5da9,2026-07-11,2026-07-12,2026-07-11,96.0,ebc8962570f14d2dea59e5c2d0f787e2ea57db4691e27f317e13c35456938e8f,289792.0,True,
2026-27/11.08.26_NLDC_PSP_650.xls,ok,e5dd5674447945095d205a1910c242795eb1df38ea4e7a67dd416c2b0be4d347,2026-08-11,2026-08-12,2026-08-11,96.0,2b536eab89e32f9ea7c16df2bbea0c84ef9deaae9d9a35dd3acd4469effac5dd,289280.0,True,
2026-27/11.09.26_NLDC_PSP_608.xls,ok,13c09266aee92e5159665e18fa2fb8dd9a90f023056b68b2a7a16208dc915bde,2026-09-11,2026-09-12,2026-09-11,96.0,e881fd44b89ddb3b98350e98d485b0857c4bf1f92f38d43ce804cfbf0eb6a3d5,289792.0,True,
2026-27/12.04.26_NLDC_PSP_484.xls,ok,7271cf2992e1dec8daf105c62fb63f3ff8a099a6398a7eea6cdecbbbe4cc0807,2026-04-12,2026-04-13,2026-04-12,96.0,ee63f9209ba05a0e646607c5ce5cf2e24dd1ff4b2f770675087b47e7f18019c1,342528.0,True,
2026-27/12.05.26_NLDC_PSP_351.xls,ok,2d52e34a152b9b9c9992ba811c20715f2a1e2aa00c3916fc22f8f4341dd34ff9,2026-05-12,2026-05-13,2026-05-12,96.0,598ebe1e7443101ab03ed4b6be838ee71927f3a3883b6853bfc425fc09e02802,288256.0,True,
2026-27/12.06.26_NLDC_PSP_301.xls,ok,6a939e99224ffc80e8db950e38a9e55407637efadb8d1aad824d34731d867b5a,2026-06-12,2026-06-13,2026-06-12,96.0,02bc5120305d78a1798745f2a3cd1b91b5a226b159e2e30333ec3c5244af6b8e,289280.0,True,
2026-27/12.07.26_NLDC_PSP_941.xls,ok,c4b9adef8b88893678044c63632681c223bce83d9c199fec6a1b677876a28c0c,2026-07-12,2026-07-13,2026-07-12,96.0,a2cc3e9ae0ceb51c78d08489d7f072177688bb72977cb9f1ac032383490eb224,289280.0,True,
2026-27/12.08.26_NLDC_PSP_374.xls,ok,4d8f0c5541a6f25a07723e50d8788f1a2c91132cbd594ea622d6fc26b37a82ce,2026-08-12,2026-08-13,2026-08-12,96.0,830fb2eb484a3e304e80bed744fe9c3f88f12cbd49d44796b01854a385a44b3d,289792.0,True,
2026-27/12.09.26_NLDC_PSP_752.xls,ok,ab129742af3e32fff7d5df83a99b6f174cd923add6885b174df75a51410bbf8e,2026-09-12,2026-09-13,2026-09-12,96.0,0a8a7c4c9b37251f9edba71212358ace279a0226adcf6536ccc701039311e51f,289280.0,True,
2026-27/13.04.26_NLDC_PSP_477.xls,ok,ddfca85082ab7450feed738e6eddf26bfff780ce6e19c8d60925ca773b0d090c,2026-04-13,2026-04-14,2026-04-13,96.0,367c4ea94201ffc457b8b54bb79f57da1979ea66e063bbcf426d47d1ca45bdc0,283136.0,True,
2026-27/13.05.26_NLDC_PSP_376.xls,ok,1e894897411a65f253515dc9f5fb5db9372b23db27e8ab369efee1597f27866b,2026-05-13,2026-05-14,2026-05-13,96.0,2118d9635c4ae6e1e248636db66f4c2fde7898b5f5f5e45013ffdc997e14c700,303616.0,True,
2026-27/13.06.26_NLDC_PSP_911.xls,ok,d296dd7b82b5d90ef620fcef820ea783554cebebefd3d736d9a806ed7cbd6cc2,2026-06-13,2026-06-14,2026-06-13,96.0,aee2a7b027e75ebcbcda0193eb54dfe681924e98aa1f25ce013958b697f73530,289280.0,True,
2026-27/13.07.26_NLDC_PSP_532.xls,ok,1b787d33a6ff40d2c9621a45af00ca04a394cab91b59acbad734062d4aff7ee0,2026-07-13,2026-07-14,2026-07-13,96.0,1852ce3e89c78cab4ee1d752bbf4205c0a4405b4dd78c5aa5af4ff8f474a5cc2,289280.0,True,
2026-27/13.08.26_NLDC_PSP_569.xls,ok,84d0c8effdcc974f3759a757755ff97d8172a7eefc4d77e0670299f86590402d,2026-08-13,2026-08-14,2026-08-13,96.0,a4a10cc0a7c302db36d87b54daf516bd5cb90ff9d1131ce3a7dc3d53416f8897,289792.0,True,
2026-27/13.09.26_NLDC_PSP_508.xls,ok,5c6f1b102a29e8c1d6cd00775fafec1542643c9fe7a9c16239369c13a9ebc40f,2026-09-13,2026-09-14,2026-09-13,96.0,07470b79e71fb09c478f44936c2f5cb0a87c976e021d237091c7156be0bbb6e7,289280.0,True,
2026-27/14.04.26_NLDC_PSP_379.xls,ok,bca1e8ecc47deaee0237f13b738320e65e5a8f5a1c2125e6d9af36cdc2abadf0,2026-04-14,2026-04-15,2026-04-14,96.0,1fe5e57180985d9490547c1ec1c0d6423544b1fc8099875c33e713706076f029,283136.0,True,
2026-27/14.05.26_NLDC_PSP_325.xls,ok,ae3965b57b241b9d84261af05b0f2522913c3745da416e39e1dc634979b92da8,2026-05-14,2026-05-15,2026-05-14,96.0,566bb9201d144db988fc40555f49d25597af2217ed77680a3c6f05308e7aabdf,346112.0,True,
2026-27/14.06.26_NLDC_PSP_525.xls,ok,b2c2ceb948a315d13064bd5492000a9a1b125700c7e12789d1c32e85663192a7,2026-06-14,2026-06-15,2026-06-14,96.0,a313ffe753261c86309f0ceef6792b264234f4e2600df0537155c05f981a5abd,289280.0,True,
2026-27/14.07.26_NLDC_PSP_368.xls,ok,e624be0b53a80edf661002ec7fb0cfb1fc6e02a39bdd0dc8a028add805851605,2026-07-14,2026-07-15,2026-07-14,96.0,0ca219d606f4e56a99c57e1ddf0bd1cee2ffcab793156d7cd0fde04adefee9b7,289280.0,True,
2026-27/14.08.26_NLDC_PSP_120.xls,ok,cf82dc73be02abf8ba4f3dce94c6cb10d807e145a8141eadb8aa91f71442e343,2026-08-14,2026-08-15,2026-08-14,96.0,210926a7052bf0823f271a98c809c70b7103cc93f70b72973a39f0e8f5269a99,289792.0,True,
2026-27/15.04.26_NLDC_PSP_107.xls,ok,2d2f4eb4f0837ff31e83fa6a0b7e6a342c7066a26c4380cf43c4af23307447a4,2026-04-15,2026-04-16,2026-04-15,96.0,7d2d9febc44c0e89cb5ac9b9c05c2c9cc67af05ab737d5365ada05837d3c8af4,284672.0,True,
2026-27/15.05.26_NLDC_PSP_899.xls,ok,35df7d4a6079c1bba3a17e0e92f19c7550713bdfdcb24bb51ae0f02f8bcdb1f4,2026-05-15,2026-05-16,2026-05-15,96.0,1de1e9c7af351592cc3c32cb1ae9f29fd05e517d3a601c6e346a26a58fbafe32,288768.0,True,
2026-27/15.06.26_NLDC_PSP_483.xls,ok,395b1fc79aef10778c49befdbca2b11eb4a2c8d2d3cea0c67300162e5a1a2efa,2026-06-15,2026-06-16,2026-06-15,96.0,d1f3954ca574648077123e7830f3fe3e2b1d86d92eaedfaf7fdc402b9c423d00,347136.0,True,
2026-27/15.07.26_NLDC_PSP_564.xls,ok,912710b433477144f534e03c00648d11b0e890e61ec9f1e9f33b496a332ed581,2026-07-15,2026-07-16,2026-07-15,96.0,4720fd28d184e505f549f4e4ba88db73527dced880438f2c2c6438ffca77e84d,301056.0,True,
2026-27/15.08.26_NLDC_PSP_626.xls,ok,e0118f8c2b35c0bcc5bdd074fde84d1bc535c1e17f6ca5ad524aef4f58700ceb,2026-08-15,2026-08-16,2026-08-15,96.0,998a64f484f37224649929ee3f4229eabaf54630763757582982ed779e552266,289792.0,True,
2026-27/16.04.26_NLDC_PSP_238.xls,ok,4ae2511e7c9a276f4ca9b2a8099b508e0d90416d6d0af05d375121eb71015a6a,2026-04-16,2026-04-17,2026-04-16,96.0,aec3512d7bfb9cdafc0cf3f6f01503c96317a5f35d4015107203c01f06d38f7b,284672.0,True,
2026-27/16.05.26_NLDC_PSP_927.xls,ok,081bf6dedb109403d41d7e7aef1bec1303ff9d87810f674fd88dc181588f4f7b,2026-05-16,2026-05-17,2026-05-16,96.0,c48cb297fe5ea4e0aa9b1cc4c640e601328f11d7727cf1e8fe1247c8ddc8a209,291328.0,True,
2026-27/16.06.26_NLDC_PSP_523.xls,ok,f7d8863584cc94bd41ccb3e447f5da07134e385819b898610a1fc9777b774927,2026-06-16,2026-06-17,2026-06-16,96.0,b4f4ccdbcc1455e1001c1b4a7b95535d50800c69d39ee47d660a5ab4a5fc290e,289792.0,True,
2026-27/16.07.26_NLDC_PSP_106.xls,ok,9942fe3e540a62c56504a10b1bc4c0ec91c04c79bdb5c08b60efb110db6d7a5f,2026-07-16,2026-07-17,2026-07-16,96.0,46b2a3abadab84fece65f5b38a4589322de16e0b7d46fcc1492f27f63724fa80,347648.0,True,
2026-27/16.08.26_NLDC_PSP_513.xls,ok,504eaffd4358120f35fab42ab67261641f018360d7b4e95b5e27beacb8653b8d,2026-08-16,2026-08-17,2026-08-16,96.0,e560b97317639903f786ddaef591403edf209e69529409832490563dc8e0baa2,290304.0,True,
2026-27/17.04.26_NLDC_PSP_246.xls,ok,57ced1aee19fb819bfc31a6562959c04651f1ce81855fea54399e2c86c1b4762,2026-04-17,2026-04-18,2026-04-17,96.0,a4cf6ed81afbaf96fc47fa80e2af438106200cb5c322f7c4188080dcd42a9ccf,284672.0,True,
2026-27/17.05.26_NLDC_PSP_627.xls,ok,2afb0ee0272aa6e7b3b330cb1b0d04aa01666fe3582e9c3cbb9b976eace0d5ea,2026-05-17,2026-05-18,2026-05-17,96.0,4a8315a8dec6abd84d920d50e2716fe91059af92f4bd7877942757a5d9a48d1a,292352.0,True,
2026-27/17.06.26_NLDC_PSP_832.xls,ok,a607e5fcf04191209bdcc037077f94ab33c392f964f3b8bbbd826fda61066716,2026-06-17,2026-06-18,2026-06-17,96.0,d4d8c997966e941f4e82f29c05f0f98814b09619906852122f6bda805e0603bf,289792.0,True,
2026-27/17.07.26_NLDC_PSP_996.xls,ok,d8639b6b3094284ca9f610ce0a70af9192e26a363d75384029ecd18e02225acf,2026-07-17,2026-07-18,2026-07-17,96.0,031b2b5f2d1f8941ee6b3eb55ab7f7dc77de2d9bb403c289f36fbbcd4f383796,289280.0,True,
2026-27/17.08.26_NLDC_PSP_740.xls,ok,69bfe854797f8a9a4aee2056e2981abfebe6fb65cf22e6a1e91d45b3c82cd47b,2026-08-17,2026-08-18,2026-08-17,96.0,88d8672055b3da0b6a0cf4d923228e544286dc2dfa9b8c81b8dc4eede91c8dfa,347648.0,True,
2026-27/18.04.26_NLDC_PSP_544.xls,ok,a38095a111de03a8efb59b0d10c4a9dd7aa575dec402dedfc5283a8963587f4d,2026-04-18,2026-04-19,2026-04-18,96.0,2f5497e11f344ac9fdacba38d64b1e031715f7be067a49d4dcc316a045cc8b54,283136.0,True,
2026-27/18.05.26_NLDC_PSP_757.xls,ok,a915fb1fd9ec23496027af62e272f89e752202fcfff4ec8b8f34f23509c4afda,2026-05-18,2026-05-19,2026-05-18,96.0,5c87e3727e70373f51df4a4d018a304a311cab646a462d10f29d047cd36f4586,287232.0,True,
2026-27/18.06.26_NLDC_PSP_683.xls,ok,d5cc4367afe811fd1de70db7a48110c7e40bae5b94852c674e136adadc6c04f6,2026-06-18,2026-06-19,2026-06-18,96.0,6d07a3a8be567042f1899e05a58a05b5edfd0b53581a76e7819ef62af0566827,289280.0,True,
2026-27/18.07.26_NLDC_PSP_642.xls,ok,b733a313d563ff8b26d5532cd229a4f6be61a26a8ef4c3419157effcc4f23a1a,2026-07-18,2026-07-19,2026-07-18,96.0,b0303c2eb21bdf6cb8e501b33bec98252a860bec966f7d79f2bfe930e649e921,289280.0,True,
2026-27/18.08.26_NLDC_PSP_135.xls,ok,ec2bb58a050cfac0f0c99d988fe2f0c15b31783b1b13f65bb1ac3e26b496e1fd,2026-08-18,2026-08-19,2026-08-18,96.0,4a02c6aef550dfe7003a7cb197e303b8cb3b772d8a6dab7ee80c367e7be5aa9e,290304.0,True,
2026-27/19.04.26_NLDC_PSP_574.xls,ok,0fa4175569c287d34f127cfb22ed4fef1f7d6be3e363016aa56be2da41e8ab12,2026-04-19,2026-04-20,2026-04-19,96.0,3e671485c52b40071c2f526411b24fda30e304643c6255382d8dc27dd743b831,283136.0,True,
2026-27/19.05.26_NLDC_PSP_979.xls,ok,84e38942767abd60714af354c0a33b8249800d389e43b5bd98ef7782ff24eb29,2026-05-19,2026-05-20,2026-05-19,96.0,82926cf3ca8c87b9c73981a1a8e71d36e41fec4050b4b4ebd5faba0c47861f47,288256.0,True,
2026-27/19.06.26_NLDC_PSP_769.xls,ok,7f94fbd508b07796f285ce97df30f4e3a93c64a5d46768f655313f8f8c865f6e,2026-06-19,2026-06-20,2026-06-19,96.0,4feb724c73620f826aaf457cce3bbc03235d233a50c4a4aa15f565ff93c7a1e7,289280.0,True,
2026-27/19.07.26_NLDC_PSP_632.xls,ok,911260d81344dc137a06a8b5570ece0bc771aab083c7d539449c8b8f2b828c0c,2026-07-19,2026-07-20,2026-07-19,96.0,1cd5a3faab4bdbd6a36c0c5766f58a5e1ab3084da711a8cc11515b60ce0f5416,289280.0,True,
2026-27/19.08.26_NLDC_PSP_538.xls,ok,a0b4bd64205a50d583b9636eb48c1b08b4b4708f62a8ca73b8a37170457464c3,2026-08-19,2026-08-20,2026-08-19,96.0,5bee14c2fcd90d43c704a2c4ade26a944ad5fd889979894f0037e58b3ab6fb97,289280.0,True,
2026-27/20.04.26_NLDC_PSP_912.xls,ok,7ecaac2aacd22f994674186139c129e60ac7bfd01ee04a17900c85d52fca0328,2026-04-20,2026-04-21,2026-04-20,96.0,3244f4b198e01818d39dcefa2c8101a5ee2e752354fb77f856d169d1ae427441,284672.0,True,
2026-27/20.05.26_NLDC_PSP_110.xls,ok,bea9e2d2cea00cb9bc3fda780860f01ccaae9bc45f051e513d17943a1b6b1e1f,2026-05-20,2026-05-21,2026-05-20,96.0,d457f495bacbbb95ec71cb58a2cdff652cce1eb57f275ab91455da7b1accf53a,288768.0,True,
2026-27/20.06.26_NLDC_PSP_534.xls,ok,a358d37ceed450a7bc6c8bb7206df48d0a64001b5a8a4b2b3373370bcdb49f3a,2026-06-20,2026-06-21,2026-06-20,96.0,02321a1c67f588616c19b7d3dfad8f08358edce0c14b0cff3a251e1bcb229659,289280.0,True,
2026-27/20.07.26_NLDC_PSP_128.xls,ok,1696bae9e85d90e162bc933a753a5302155b5712e7ef22bb7cfa170b1b1ff280,2026-07-20,2026-07-21,2026-07-20,96.0,7bdd5c5bc804d81cc79dee54b9f9b3b444927af16b80877338cc45f9d12a65ae,289280.0,True,
2026-27/20.08.26_NLDC_PSP_848.xls,ok,36a5c3e74d3a021bd77c89dc5de062eca429a8bfc1d046a1ca5d404ad547d57e,2026-08-20,2026-08-21,2026-08-20,96.0,a77c7ae055ce8fdd8f42665af161c4f4ca6c276d54b5b6fc4035bfc2af7869b8,289280.0,True,
2026-27/21.04.26_NLDC_PSP_762.xls,ok,061a90645620cea7123ca8a2441fe1940f6d77e0d2b43cd6ad341e975051d3fd,2026-04-21,2026-04-22,2026-04-21,96.0,a759634a98f905b9811695595a6343dfb464fa1e7917dc9fd3c62768cfe736cc,285184.0,True,
2026-27/21.05.26_NLDC_PSP_717.xls,ok,c521efa0f516b8b4bd1ce1304b2e7e36aa887ccb48e4277b53f3268499c73839,2026-05-21,2026-05-22,2026-05-21,96.0,ed4ab64710a947c485a771db8356e2aa2313bb92ef632a7bdc5bdba64d1089a4,346112.0,True,
2026-27/21.06.26_NLDC_PSP_993.xls,ok,f4d3fe009ef35c8ff001b1848b3ddc95a45bb31cc5ba0a2d4d4f2826cf01f66f,2026-06-21,2026-06-22,2026-06-21,96.0,c51c132e7eafce9c59fb765dfabe5ab25ee1759ef0c3433adb47f606e0e1d857,289280.0,True,
2026-27/21.07.26_NLDC_PSP_413.xls,ok,b69b27c9f0e7381a33eead23d43cf50926b1c0b1ad46f8a7899a8c3bb57a7923,2026-07-21,2026-07-22,2026-07-21,96.0,e58fd9728afa4bfbd0ec7b86bfddc867db6cf1431d2026f0aa52457b32464a8c,289280.0,True,
2026-27/21.08.26_NLDC_PSP_678.xls,ok,128ec5ebaad2d1bb075f37ca7c6c540549e6891936d0cee36dc288e82064adda,2026-08-21,2026-08-22,2026-08-21,96.0,dfdb9e63f3925d86c0ac4c83013cc46af401a4ea466140fcfc34b9754f1a3bf7,290304.0,True,
2026-27/22.04.26_NLDC_PSP_929.xls,ok,14070242ce764f95875a279b3b0e7f8b09ac0c6a3cd6dd29dbb050d0bdf81e65,2026-04-22,2026-04-23,2026-04-22,96.0,9aff1063d8c7f53d53d86634eb2bf90ae6b41eea76bdb307f87f1118f3112751,285184.0,True,
2026-27/22.05.26_NLDC_PSP_686.xls,ok,94d5d03047c283b9bd32d391b81261ad7aef505b02e34d403309065254078d42,2026-05-22,2026-05-23,2026-05-22,96.0,db48b30431385daa930b123fdbf317073b288ed5725c0a7893dcbf770f3b0d38,346112.0,True,
2026-27/22.06.26_NLDC_PSP_655.xls,ok,519024dfe213e56de35e9244a2728446e272a56829112616351109f443c14b04,2026-06-22,2026-06-23,2026-06-22,96.0,5d67412c5392e23c6ccd89efdce44af6c903a2d91bde54d3fcc867a07f272b35,347136.0,True,
2026-27/22.07.26_NLDC_PSP_874.xls,ok,64d08e84b018c173289c123813a5ee88824e940bcd0a6a3aac594d27b1fd1e03,2026-07-22,2026-07-23,2026-07-22,96.0,e230c12b78cfe9cf2ad0bf4d9e5d31a3addca3e0b745957af563c0c6eb32b9a6,289280.0,True,
2026-27/22.08.26_NLDC_PSP_371.xls,ok,128431c4236d9e049f3ca280ed67110afaf30450ef3b76a10d97e3640fa9fe5f,2026-08-22,2026-08-23,2026-08-22,96.0,7e147d5def656dd0902f7976adeb8ed09804425c371a0572868c53e9f83a6439,289280.0,True,
2026-27/23.04.26_NLDC_PSP_748.xls,ok,1ad52d53d852c1e42f394bf6f24232ac0fb44cf2f1f8cb4362f0c1c0aa9a25f3,2026-04-23,2026-04-24,2026-04-23,96.0,18d0c478cf22a201ee1c2300d0997a4f4e04d86a9dadd6d872201ea24a611568,285184.0,True,
2026-27/23.05.26_NLDC_PSP_282.xls,ok,18112a821f96c437642bc6f6aa938dcce52a4a21f7cf6ebddae48d9a4ad9a998,2026-05-23,2026-05-24,2026-05-23,96.0,d94042184bfb54d364b84ed4fab39a0a5872d344d5856f177c2919a14ef19f79,287232.0,True,
2026-27/23.06.26_NLDC_PSP_158.xls,ok,8d5bd8fd90ed10cbe465643d503c17d360b8eaa14ecd555d8af872a0f73ad3be,2026-06-23,2026-06-24,2026-06-23,96.0,a21e2a5bc895dffa99dd9fdf8e93c6712bdb3cbfb626ce5e0177dfd1a302cd6a,289280.0,True,
2026-27/23.07.26_NLDC_PSP_675.xls,ok,d1a3bfb6c1e04386bd520d1ca70e2a98a7f69432e5086cfb733fd6b3ec081655,2026-07-23,2026-07-24,2026-07-23,96.0,5c33b2a8e8cb0e94b7dc47c59b9d9d10313386f956460af0a29f11e548e56702,289280.0,True,
2026-27/23.08.26_NLDC_PSP_470.xls,ok,b35b4d5b70bf3e40724af419a2d91bb8b0035f2ecf05d7e52b10e9a26d73ae73,2026-08-23,2026-08-24,2026-08-23,96.0,b77f9cc73f1788af8724f8e73fdda7c0f5fe111e37938544aaf61aa10a4b9af0,289792.0,True,
2026-27/24.04.26_NLDC_PSP_524.xls,ok,e7216a0691c4b18dcaf66bdd4800d0c405f3f1d494b0fbba19f269e77607bb79,2026-04-24,2026-04-25,2026-04-24,96.0,3e978e1f7586b8f3a4c9fe4e80d33b10c08ea809f37472ee8172456113333e1a,285696.0,True,
2026-27/24.05.26_NLDC_PSP_163.xls,ok,0a0792904696a376f0ccc5c489f94b719247a3fadd31f63cd369a433040cfbeb,2026-05-24,2026-05-25,2026-05-24,96.0,cdcf0b81fe6be1cca9c7b2f48aff806fc55be76876ca8975751992b262d8e318,288768.0,True,
2026-27/24.06.26_NLDC_PSP_243.xls,ok,e59e1abea30fd1e511bb1ff6014fe2a8693800734dd0b3fe843a7feaac7a9793,2026-06-24,2026-06-25,2026-06-24,96.0,c1bb1a87e0cc0223ee168deff128e48b4dc3a59ef4f1c90587d4fab43c9ae659,289280.0,True,
2026-27/24.07.26_NLDC_PSP_439.xls,ok,59cab72ac1f12a47d71c4220c8f8be15aa29edf9c8774e06e60f860a2670659e,2026-07-24,2026-07-25,2026-07-24,96.0,cebfb3bb984fb59dc3e5a56c082bad8c9188f76207a7d78e9fa5f8dc45f4719e,289792.0,True,
2026-27/24.08.26_NLDC_PSP_562.xls,ok,73c2f4a7413b8f07f62f11f5307632115c3bdbf0e35a8434567a396934d72046,2026-08-24,2026-08-25,2026-08-24,96.0,41cf7b28310b6d1826faa018b7a0d3a399153f419bcd17225a5aff21888adcfc,289792.0,True,
2026-27/25.04.26_NLDC_PSP_859.xls,ok,b55be15acd42547d2f840a4a7d9b6e5e9c85730f95c7b038786ba0c0eb043c88,2026-04-25,2026-04-26,2026-04-25,96.0,6ffc9fc8e7c8dd2f54b54aa9254b21ffe644f1b073fd089494a9159f181b6427,285184.0,True,
2026-27/25.05.26_NLDC_PSP_406.xls,ok,ef87f8e5ea45e7c2f6eb37a36bda4399e008195a69c847d2d09384db3eeae03f,2026-05-25,2026-05-26,2026-05-25,96.0,c7f069c4089bdbf24d6179fc61806cefca6907920f1827f63fadb692c260d354,287232.0,True,
2026-27/25.06.26_NLDC_PSP_644.xls,ok,17a4559fcbc6f3351b407ec57a7587c96f469ec97d7394ab78ede75af9381bcc,2026-06-25,2026-06-26,2026-06-25,96.0,c996a96b7ddfb2bdf1e129919d36dcc8c1a944abbd83af28806c5f6acf3a3ceb,289280.0,True,
2026-27/25.07.26_NLDC_PSP_705.xls,ok,4f53640d0f3dfccf4f2107691a048b1580a2c34dfeebf2f5e766f9bdc6a24cf5,2026-07-25,2026-07-26,2026-07-25,96.0,1e70f6cf2449a701df625fd290c6d5184ea1e756051328b4fb0f5ecd1eab7b4c,305152.0,True,
2026-27/25.08.26_NLDC_PSP_116.xls,ok,134f1b312cc32b9f176a811f62e34cf069c61e7b1d0acf2a1b433a9dcff9f5aa,2026-08-25,2026-08-26,2026-08-25,96.0,7761ab00b466882877d93b394c401773caf55ba5803e65b751c4442da5d27201,295424.0,True,
2026-27/26.04.26_NLDC_PSP_624.xls,ok,b7a611605b7d6a94c940999a66a38ff5f5f0ce44445c46a867d1af4bbdcad639,2026-04-26,2026-04-27,2026-04-26,96.0,41de51a209d288eeb1cf6765e0fb2de6b38b127eeb4511b95945cabdbad8cac0,285184.0,True,
2026-27/26.05.26_NLDC_PSP_536.xls,ok,a3f95e744d5b7a4d65f858a7eb3953e560ce5b1d3efe33fead945f2690e5e17a,2026-05-26,2026-05-27,2026-05-26,96.0,a064b563aaa114719efbea70d0ec31e8ee4d3a719fd0ea810b03835ea5612f71,287744.0,True,
2026-27/26.06.26_NLDC_PSP_651.xls,ok,58a140f94c979f6c445e7a6fd0df2a6d6dc2295b39b2b26d54c955f29c364a58,2026-06-26,2026-06-27,2026-06-26,96.0,758cf7b7feb43fe1281e182b95b4ec7ecfa1b942f06cf7756e678efaddd26a2c,289280.0,True,
2026-27/26.07.26_NLDC_PSP_392.xls,ok,a2bfdd0c438ef44c4dac3eeed7baadf8df2a561f8bf81bd5a0d4a70808a46ed1,2026-07-26,2026-07-27,2026-07-26,96.0,aed0a23d8afa05b2537b6c06ce273f1af7f4d37977c673440b42ab6586b3a189,289280.0,True,
2026-27/26.08.26_NLDC_PSP_408.xls,ok,57b300ce7a798e03a3968718245c53626ebce14814c28a6883f79090655a6c79,2026-08-26,2026-08-27,2026-08-26,96.0,cc73e6f4495d58e189574fcbe821ae6252fa2d16ed96589b001c107d95ef40e1,289280.0,True,
2026-27/27.04.26_NLDC_PSP_347.xls,ok,ab6d4580db2fadd316ef3ae213b32a7c833676b9b9b83819794606812f5f89d9,2026-04-27,2026-04-28,2026-04-27,96.0,86a83978e700f565530c822d68557a1c31e94340e2987b80030481e268ea98f6,342528.0,True,
2026-27/27.05.26_NLDC_PSP_314.xls,ok,4f4ecd652d26a0c21c7bc81cd94f2ed01dcdb3816dc5ec81ebb84f7648931748,2026-05-27,2026-05-28,2026-05-27,96.0,309b7d5a0b8dcb7348843ba68ff97bfb5dbba455f657b8d811edb6a03c31dbcf,286720.0,True,
2026-27/27.06.26_NLDC_PSP_652.xls,ok,70fbb98c19454abaad5eed5db96b830608e5495b8687205f0c366db17bd40f68,2026-06-27,2026-06-28,2026-06-27,96.0,001d3b5eb796ca7cf3f9ed647f14a3fac4b918972c607c76e22df676be936f96,289280.0,True,
2026-27/27.07.26_NLDC_PSP_702.xls,ok,58a5ac558d801e44d2b2698db0c817a222514e721f9ab73848f4985992fcc218,2026-07-27,2026-07-28,2026-07-27,96.0,811929a61e07ed4ecc307f0ca9d5ed681cecf8d87aad720c6b61dae22cd8995c,289280.0,True,
2026-27/27.08.26_NLDC_PSP_310.xls,ok,03d76da0b3f749a8d2a31f089531fae1500dd5a80f6c45b5a72ca08dcfac63d2,2026-08-27,2026-08-28,2026-08-27,96.0,d352a9b13c51ef822626c41e4cd2e4fd04c44d071bd7b6a4e5300a331d6e4e83,290304.0,True,
2026-27/28.04.26_NLDC_PSP_119.xls,ok,c7989c07b4a8aa8e845e36b9d049968a2ebfc327f9a82669ba3cfc85dfb94900,2026-04-28,2026-04-29,2026-04-28,96.0,41517fd3536ddb797c9e72ea1c4d96bfe67de6550196789273b386610bb27f61,342528.0,True,
2026-27/28.05.26_NLDC_PSP_635.xls,ok,0ee7904b3fccba718f7023417b6e13b7b114045692ac1a3971f1dcf6d31ba83b,2026-05-28,2026-05-29,2026-05-28,96.0,a0b03d77f490f3e63bcbba13a2716de55cf89f46f93684d7af401e59dee33e1e,288768.0,True,
2026-27/28.06.26_NLDC_PSP_944.xls,ok,f0d850e4ce43282f26ad60e002f92be7171bf6a5a751f7bb05614e801815b397,2026-06-28,2026-06-29,2026-06-28,96.0,df4fd22a8b0ea2ddb1fd8f059b2e4afb198a2de66d928e1928ffdfe1e932bfca,289280.0,True,
2026-27/28.07.26_NLDC_PSP_413.xls,ok,cc026871865acf9552090d001ff19eed1e74334da14bdf54fd4dd805c2adda5a,2026-07-28,2026-07-29,2026-07-28,96.0,6b84589c5cede2adc2d7d459f867071823c777b52ed0ee9cf7e5f45133b2ab0a,289280.0,True,
2026-27/28.08.26_NLDC_PSP_928.xls,ok,e9d6b287375c307a652492b79063d4f66fae1fe42c859f39f5cac1284784c086,2026-08-28,2026-08-29,2026-08-28,96.0,1c5f43d3a101142222f4c516ab5d74b9c582adbfc01749826d57c070919988b2,289792.0,True,
2026-27/29.04.26_NLDC_PSP_218.xls,ok,173a752d6fade762b733252463d6916b7d92f5ad1d595845e1252fb1825a8c8f,2026-04-29,2026-04-30,2026-04-29,96.0,36fc3e716da25c80f8d1d74c4ec0d5052223c1a3b9affef25a16641b2acc409d,285184.0,True,
2026-27/29.05.26_NLDC_PSP_941.xls,ok,207467bfbc6b6583b1abb54e2682f94c956ddb43619321ea602bc664f6c40382,2026-05-29,2026-05-30,2026-05-29,96.0,8776b9041a9e71b0e24d0035e5a544abe720ade142324d21b6d7871983879a89,288256.0,True,
2026-27/29.06.26_NLDC_PSP_560.xls,ok,d6e5d60896f030723cd3bd02cff7cedc3b18f6906f6b09db793e40f227ac6f9e,2026-06-29,2026-06-30,2026-06-29,96.0,6869f423748e11e6d266352a6c764f643a97d66a0ba908e713e869deebce9aff,289280.0,True,
2026-27/29.07.26_NLDC_PSP_639.xls,ok,b8f0d25db09eb570187b8ceb5c845cf14f96c312b8f36109ab4396919d9dfbea,2026-07-29,2026-07-30,2026-07-29,96.0,0ffe95128676f0b8987d59b50dacc1ff81afbaa630f8b86e4e2cd679ab5bcb18,289280.0,True,
2026-27/29.08.26_NLDC_PSP_858.xls,ok,6910046623eff3779cc6af82e3c13d3752501c7cfcb72ce6d141cc29c2d823db,2026-08-29,2026-08-30,2026-08-29,96.0,65e6e74e368c8109f8cab263505164a97c7f9d583eee8b296298f0bb4c1f2a13,289792.0,True,
2026-27/30.04.26_NLDC_PSP_368.xls,ok,4a1827b013769c90b370ee1da43028f039edd6e8acfa8c526fb407b105593f39,2026-04-30,2026-05-01,2026-04-30,96.0,17ed495dd0b2332e14f55ad58d1f9e3a1d8aeabcc187df24ca4383bbea63af46,285184.0,True,
2026-27/30.05.26_NLDC_PSP_176.xls,ok,d1f82c5173d2e6713922fa0d76c658d0ade116f7672723d598d38af250e5afbc,2026-05-30,2026-05-31,2026-05-30,96.0,edda0ce85b84d21e4540f0cec020f0c1cee083a9a2f0876289e848f308377b4b,346112.0,True,
2026-27/30.06.26_NLDC_PSP_477.xls,ok,7b9157d36fe40067f61de376a38a56e3d3da8d894f749ae2660b51a1951a452a,2026-06-30,2026-07-01,2026-06-30,96.0,eae164803fcc8b3170fe3ddba8b60a414d0bb1beda143c606161d346fbeeb5af,347136.0,True,
2026-27/30.07.26_NLDC_PSP_696.xls,ok,a6ec6fc17b72c0f3edc70bae9546d6c3f5c063f08cd9f26bd506704c27533313,2026-07-30,2026-07-31,2026-07-30,96.0,ef686842dd6b8c9b241ce993af00c8b4a3c8869f06300d7f3f38d97e438d0675,289280.0,True,
2026-27/30.08.26_NLDC_PSP_307.xls,ok,5af6d9bc6ed8b877d1e620320df5982036613a314f47720c68954ea16dccd4d2,2026-08-30,2026-08-31,2026-08-30,96.0,183f2482933da731041a99c57a5f9f7e635acd0ae89558c533479f4a3e6641d3,289280.0,True,
2026-27/31.05.26_NLDC_PSP_240.xls,ok,67dfb82c94d24cd6fb0c90f2a2cf419ebca7e215580f9d74e04df678c2de15a1,2026-05-31,2026-06-01,2026-05-31,96.0,8f4e23ac348681d1b9a9902aec69b642b8e95abf1a07a01b2939785e719f0585,288256.0,True,
2026-27/31.07.26_NLDC_PSP_624.xls,ok,76aba24fae36892bd9f935a3a7683a5868e6ed9b8151ae55b572a404c9d0c85a,2026-07-31,2026-08-01,2026-07-31,96.0,951e955dc1a7c9be96da172d074e665ed64e0385e9d2a322f86e2bbe0dc67c3c,289792.0,True,
2026-27/31.08.26_NLDC_PSP_198.xls,ok,0194895be459cfa18b225d62d7dc80a78eaaeab7c8501107a8808809fd4f7351,2026-08-31,2026-09-01,2026-08-31,96.0,ff9f04094ebe2c79fd5b4ce2c3b6c2fee331ad4ad4ad5179d9f84f4f790e8f70,289792.0,True,
