file,status,n_rows,scopes,title_swapped,listing_date,report_date,fmt,date_mismatch,chosen
2019/2019-05-01_01.pdf,few_states:0,0,,False,2019-05-01,2019-05-01,pdf,False,False
2019/2019-05-02_02.pdf,few_states:0,0,,False,2019-05-02,2019-05-02,pdf,False,False
2019/2019-05-03_03.pdf,few_states:0,0,,False,2019-05-03,2019-05-03,pdf,False,False
2019/2019-05-04_04.pdf,few_states:0,0,,False,2019-05-04,2019-05-04,pdf,False,False
2019/2019-05-05_05.pdf,few_states:0,0,,False,2019-05-05,2019-05-05,pdf,False,False
2019/2019-05-06_06.pdf,few_states:0,0,,False,2019-05-06,2019-05-06,pdf,False,False
2019/2019-05-07_07-1.pdf,few_states:0,0,,False,2019-05-07,2019-05-07,pdf,False,False
2019/2019-05-08_08-1.pdf,few_states:0,0,,False,2019-05-08,2019-05-08,pdf,False,False
2019/2019-05-09_09.pdf,few_states:0,0,,False,2019-05-09,2019-05-09,pdf,False,False
2019/2019-05-10_10.pdf,few_states:0,0,,False,2019-05-10,2019-05-10,pdf,False,False
2019/2019-05-11_11.pdf,few_states:0,0,,False,2019-05-11,2019-05-11,pdf,False,False
2019/2019-05-12_12.pdf,few_states:0,0,,False,2019-05-12,2019-05-12,pdf,False,False
2019/2019-05-13_13.pdf,few_states:0,0,,False,2019-05-13,2019-05-13,pdf,False,False
2019/2019-05-14_14.pdf,few_states:0,0,,False,2019-05-14,2019-05-14,pdf,False,False
2019/2019-05-15_15.pdf,few_states:0,0,,False,2019-05-15,2019-05-15,pdf,False,False
2019/2019-05-16_16.pdf,few_states:0,0,,False,2019-05-16,2019-05-16,pdf,False,False
2019/2019-05-17_17.pdf,few_states:0,0,,False,2019-05-17,2019-05-17,pdf,False,False
2019/2019-05-18_18.pdf,few_states:0,0,,False,2019-05-18,2019-05-18,pdf,False,False
2019/2019-05-19_19.pdf,few_states:0,0,,False,2019-05-19,2019-05-19,pdf,False,False
2019/2019-05-20_20.pdf,few_states:0,0,,False,2019-05-20,2019-05-20,pdf,False,False
2019/2019-05-21_21.pdf,few_states:0,0,,False,2019-05-21,2019-05-21,pdf,False,False
2019/2019-05-22_22.pdf,few_states:0,0,,False,2019-05-22,2019-05-22,pdf,False,False
2019/2019-05-27_27.pdf,few_states:0,0,,False,2019-05-27,2019-05-27,pdf,False,False
2019/2019-05-28_28-2.pdf,few_states:0,0,,False,2019-05-28,2019-05-28,pdf,False,False
2019/2019-05-29_29-2.pdf,few_states:0,0,,False,2019-05-29,2019-05-29,pdf,False,False
2019/2019-05-30_30-2.pdf,few_states:0,0,,False,2019-05-30,2019-05-30,pdf,False,False
2019/2019-05-31_31-2.pdf,few_states:0,0,,False,2019-05-31,2019-05-31,pdf,False,False
2019/2019-06-01_01-1.pdf,few_states:0,0,,False,2019-06-01,2019-06-01,pdf,False,False
2019/2019-06-02_02-1.pdf,few_states:0,0,,False,2019-06-02,2019-06-02,pdf,False,False
2019/2019-06-03_03-1.pdf,few_states:0,0,,False,2019-06-03,2019-06-03,pdf,False,False
2019/2019-06-04_04-1.pdf,few_states:0,0,,False,2019-06-04,2019-06-04,pdf,False,False
2019/2019-06-05_05-1.pdf,few_states:0,0,,False,2019-06-05,2019-06-05,pdf,False,False
2019/2019-06-06_06-1.pdf,few_states:0,0,,False,2019-06-06,2019-06-06,pdf,False,False
2019/2019-06-07_07-2.pdf,few_states:0,0,,False,2019-06-07,2019-06-07,pdf,False,False
2019/2019-06-08_08-2.pdf,few_states:0,0,,False,2019-06-08,2019-06-08,pdf,False,False
2019/2019-06-09_09-1.pdf,few_states:0,0,,False,2019-06-09,2019-06-09,pdf,False,False
2019/2019-06-10_10-1.pdf,few_states:0,0,,False,2019-06-10,2019-06-10,pdf,False,False
2019/2019-06-11_11-1.pdf,few_states:0,0,,False,2019-06-11,2019-06-11,pdf,False,False
2019/2019-06-12_12-1.pdf,few_states:0,0,,False,2019-06-12,2019-06-12,pdf,False,False
2019/2019-06-13_13-1.pdf,few_states:0,0,,False,2019-06-13,2019-06-13,pdf,False,False
2019/2019-06-14_14-1.pdf,few_states:0,0,,False,2019-06-14,2019-06-14,pdf,False,False
2019/2019-06-15_15-1.pdf,few_states:0,0,,False,2019-06-15,2019-06-15,pdf,False,False
2019/2019-06-16_16-1.pdf,few_states:0,0,,False,2019-06-16,2019-06-16,pdf,False,False
2019/2019-06-17_17-2.pdf,few_states:0,0,,False,2019-06-17,2019-06-17,pdf,False,False
2019/2019-06-18_18-1.pdf,few_states:0,0,,False,2019-06-18,2019-06-18,pdf,False,False
2019/2019-06-19_19-1.pdf,few_states:0,0,,False,2019-06-19,2019-06-19,pdf,False,False
2019/2019-06-20_20-1.pdf,few_states:0,0,,False,2019-06-20,2019-06-20,pdf,False,False
2019/2019-06-21_21-1.pdf,few_states:0,0,,False,2019-06-21,2019-06-21,pdf,False,False
2019/2019-06-22_22-1.pdf,few_states:0,0,,False,2019-06-22,2019-06-22,pdf,False,False
2019/2019-06-23_23.pdf,few_states:0,0,,False,2019-06-23,2019-06-23,pdf,False,False
2019/2019-06-24_24.pdf,few_states:0,0,,False,2019-06-24,2019-06-24,pdf,False,False
2019/2019-06-25_25.pdf,few_states:0,0,,False,2019-06-25,2019-06-25,pdf,False,False
2019/2019-06-26_26.pdf,few_states:0,0,,False,2019-06-26,2019-06-26,pdf,False,False
2019/2019-06-27_27-1.pdf,few_states:0,0,,False,2019-06-27,2019-06-27,pdf,False,False
2019/2019-06-28_28-3.pdf,few_states:0,0,,False,2019-06-28,2019-06-28,pdf,False,False
2019/2019-06-29_29-3.pdf,few_states:0,0,,False,2019-06-29,2019-06-29,pdf,False,False
2019/2019-06-30_30-3.pdf,few_states:0,0,,False,2019-06-30,2019-06-30,pdf,False,False
2019/2019-07-01_01-2.pdf,ok,35,all,False,2019-07-01,2019-07-01,pdf,False,True
2019/2019-07-02_02-2.pdf,ok,35,all,False,2019-07-02,2019-07-02,pdf,False,True
2019/2019-07-03_03-2.pdf,ok,35,all,False,2019-07-03,2019-07-03,pdf,False,True
2019/2019-07-04_04-2.pdf,ok,35,all,False,2019-07-04,2019-07-04,pdf,False,True
2019/2019-07-05_05-2.pdf,ok,36,all,False,2019-07-05,2019-07-05,pdf,False,True
2019/2019-07-06_06-2.pdf,ok,36,all,False,2019-07-06,2019-07-06,pdf,False,True
2019/2019-07-07_07-3.pdf,ok,36,all,False,2019-07-07,2019-07-07,pdf,False,True
2019/2019-07-08_08-3.pdf,ok,36,all,False,2019-07-08,2019-07-08,pdf,False,True
2019/2019-07-09_09-2.pdf,ok,35,all,False,2019-07-09,2019-07-09,pdf,False,True
2019/2019-07-10_10-2.pdf,ok,36,all,False,2019-07-10,2019-07-10,pdf,False,True
2019/2019-07-11_11-2.pdf,ok,36,all,False,2019-07-11,2019-07-11,pdf,False,True
2019/2019-07-12_12-2.pdf,ok,36,all,False,2019-07-12,2019-07-12,pdf,False,True
2019/2019-07-13_13-2.pdf,ok,36,all,False,2019-07-13,2019-07-13,pdf,False,True
2019/2019-07-14_14-2.pdf,ok,36,all,False,2019-07-14,2019-07-14,pdf,False,True
2019/2019-07-15_15-2.pdf,ok,36,all,False,2019-07-15,2019-07-15,pdf,False,True
2019/2019-07-16_16-2.pdf,ok,36,all,False,2019-07-16,2019-07-16,pdf,False,True
2019/2019-07-17_17-3.pdf,ok,36,all,False,2019-07-17,2019-07-17,pdf,False,True
2019/2019-07-18_18-2.pdf,ok,36,all,False,2019-07-18,2019-07-18,pdf,False,True
2019/2019-07-19_19-2.pdf,ok,36,all,False,2019-07-19,2019-07-19,pdf,False,True
2019/2019-07-20_20-2.pdf,ok,36,all,False,2019-07-20,2019-07-20,pdf,False,True
2019/2019-07-21_21-2.pdf,ok,36,all,False,2019-07-21,2019-07-21,pdf,False,True
2019/2019-07-22_22-2.pdf,ok,36,all,False,2019-07-22,2019-07-22,pdf,False,True
2019/2019-07-23_23-1.pdf,ok,36,all,False,2019-07-23,2019-07-23,pdf,False,True
2019/2019-07-24_24-1.pdf,ok,36,all,False,2019-07-24,2019-07-24,pdf,False,True
2019/2019-07-25_25-1.pdf,ok,36,all,False,2019-07-25,2019-07-25,pdf,False,True
2019/2019-07-26_26-1.pdf,ok,36,all,False,2019-07-26,2019-07-26,pdf,False,True
2019/2019-07-27_27-2.pdf,ok,36,all,False,2019-07-27,2019-07-27,pdf,False,True
2019/2019-07-28_28-4.pdf,ok,36,all,False,2019-07-28,2019-07-28,pdf,False,True
2019/2019-07-29_29-4.pdf,ok,36,all,False,2019-07-29,2019-07-29,pdf,False,True
2019/2019-07-30_30-4.pdf,ok,36,all,False,2019-07-30,2019-07-30,pdf,False,True
2019/2019-07-31_31-3.pdf,ok,36,all,False,2019-07-31,2019-07-31,pdf,False,True
2019/2019-08-01_01-3.pdf,ok,35,all,False,2019-08-01,2019-08-01,pdf,False,True
2019/2019-08-02_02-3.pdf,ok,35,all,False,2019-08-02,2019-08-02,pdf,False,True
2019/2019-08-03_03-3.pdf,ok,36,all,False,2019-08-03,2019-08-03,pdf,False,True
2019/2019-08-04_04-3.pdf,ok,36,all,False,2019-08-04,2019-08-04,pdf,False,True
2019/2019-08-05_05-3.pdf,ok,36,all,False,2019-08-05,2019-08-05,pdf,False,True
2019/2019-08-06_06-3.pdf,ok,35,all,False,2019-08-06,2019-08-06,pdf,False,True
2019/2019-08-07_07-4.pdf,ok,35,all,False,2019-08-07,2019-08-07,pdf,False,True
2019/2019-08-08_08-4.pdf,ok,36,all,False,2019-08-08,2019-08-08,pdf,False,True
2019/2019-08-09_09-3.pdf,ok,35,all,False,2019-08-09,2019-08-09,pdf,False,True
2019/2019-08-10_10-3.pdf,ok,35,all,False,2019-08-10,2019-08-10,pdf,False,True
2019/2019-08-11_11-3.pdf,ok,35,all,False,2019-08-11,2019-08-11,pdf,False,True
2019/2019-08-11_11-4.pdf,ok,35,all,False,2019-08-11,2019-08-11,pdf,False,False
2019/2019-08-12_12-3.pdf,ok,35,all,False,2019-08-12,2019-08-12,pdf,False,True
2019/2019-08-13_13-3.pdf,ok,35,all,False,2019-08-13,2019-08-13,pdf,False,True
2019/2019-08-14_14-3.pdf,ok,35,all,False,2019-08-14,2019-08-14,pdf,False,True
2019/2019-08-15_15-3.pdf,ok,35,all,False,2019-08-15,2019-08-15,pdf,False,True
2019/2019-08-16_16-3.pdf,ok,35,all,False,2019-08-16,2019-08-16,pdf,False,True
2019/2019-08-17_17-4.pdf,ok,35,all,False,2019-08-17,2019-08-17,pdf,False,True
2019/2019-08-18_18-3.pdf,ok,35,all,False,2019-08-18,2019-08-18,pdf,False,True
2019/2019-08-19_19-3.pdf,ok,35,all,False,2019-08-19,2019-08-19,pdf,False,True
2019/2019-08-20_20-3.pdf,ok,35,all,False,2019-08-20,2019-08-20,pdf,False,True
2019/2019-08-21_21-3.pdf,ok,35,all,False,2019-08-21,2019-08-21,pdf,False,True
2019/2019-08-22_22-3.pdf,ok,35,all,False,2019-08-22,2019-08-22,pdf,False,True
2019/2019-08-23_23-2.pdf,ok,35,all,False,2019-08-23,2019-08-23,pdf,False,True
2019/2019-08-24_24-2.pdf,ok,35,all,False,2019-08-24,2019-08-24,pdf,False,True
2019/2019-08-25_25-2.pdf,ok,35,all,False,2019-08-25,2019-08-25,pdf,False,True
2019/2019-08-26_26-2.pdf,ok,35,all,False,2019-08-26,2019-08-26,pdf,False,True
2019/2019-08-27_27-3.pdf,ok,35,all,False,2019-08-27,2019-08-27,pdf,False,True
2019/2019-08-28_28-5.pdf,ok,35,all,False,2019-08-28,2019-08-28,pdf,False,True
2019/2019-08-29_29-5.pdf,ok,35,all,False,2019-08-29,2019-08-29,pdf,False,True
2019/2019-08-30_30-5.pdf,few_states:0,0,,False,2019-08-30,2019-08-30,pdf,False,False
2019/2019-08-31_31-4.pdf,few_states:0,0,,False,2019-08-31,2019-08-31,pdf,False,False
2019/2019-09-01_01-4.pdf,ok,36,all,False,2019-09-01,2019-09-01,pdf,False,True
2019/2019-09-02_02-4.pdf,ok,35,all,False,2019-09-02,2019-09-02,pdf,False,True
2019/2019-09-03_03-4.pdf,ok,35,all,False,2019-09-03,2019-09-03,pdf,False,True
2019/2019-09-04_04-4.pdf,ok,35,all,False,2019-09-04,2019-09-04,pdf,False,True
2019/2019-09-05_05-4.pdf,ok,35,all,False,2019-09-05,2019-09-05,pdf,False,True
2019/2019-09-06_06-4.pdf,ok,35,all,False,2019-09-06,2019-09-06,pdf,False,True
2019/2019-09-07_07-5.pdf,ok,35,all,False,2019-09-07,2019-09-07,pdf,False,True
2019/2019-09-08_08-5.pdf,ok,35,all,False,2019-09-08,2019-09-08,pdf,False,True
2019/2019-09-09_09-4.pdf,ok,35,all,False,2019-09-09,2019-09-09,pdf,False,True
2019/2019-09-10_10-4.pdf,ok,35,all,False,2019-09-10,2019-09-10,pdf,False,True
2019/2019-09-12_12-4.pdf,ok,35,all,False,2019-09-12,2019-09-12,pdf,False,True
2019/2019-09-13_13-4.pdf,ok,35,all,False,2019-09-13,2019-09-13,pdf,False,True
2019/2019-09-14_14-4.pdf,ok,35,all,False,2019-09-14,2019-09-14,pdf,False,True
2019/2019-09-15_15-4.pdf,ok,35,all,False,2019-09-15,2019-09-15,pdf,False,True
2019/2019-09-16_16-4.pdf,ok,35,all,False,2019-09-16,2019-09-16,pdf,False,True
2019/2019-09-17_17-5.pdf,ok,35,all,False,2019-09-17,2019-09-17,pdf,False,True
2019/2019-09-18_18-4.pdf,ok,35,all,False,2019-09-18,2019-09-18,pdf,False,True
2019/2019-09-19_19-4.pdf,ok,35,all,False,2019-09-19,2019-09-19,pdf,False,True
2019/2019-09-20_20-4.pdf,ok,35,all,False,2019-09-20,2019-09-20,pdf,False,True
2019/2019-09-21_21-4.pdf,ok,35,all,False,2019-09-21,2019-09-21,pdf,False,True
2019/2019-09-22_22-4.pdf,ok,35,all,False,2019-09-22,2019-09-22,pdf,False,True
2019/2019-09-23_23-3.pdf,ok,35,all,False,2019-09-23,2019-09-23,pdf,False,True
2019/2019-09-24_24-3.pdf,ok,35,all,False,2019-09-24,2019-09-24,pdf,False,True
2019/2019-09-25_25-3.pdf,ok,35,all,False,2019-09-25,2019-09-25,pdf,False,True
2019/2019-09-26_26-3.pdf,ok,35,all,False,2019-09-26,2019-09-26,pdf,False,True
2019/2019-09-27_27-4.pdf,ok,35,all,False,2019-09-27,2019-09-27,pdf,False,True
2019/2019-09-28_28-6.pdf,ok,35,all,False,2019-09-28,2019-09-28,pdf,False,True
2019/2019-09-29_29-6.pdf,ok,35,all,False,2019-09-29,2019-09-29,pdf,False,True
2019/2019-09-30_30-6.pdf,ok,35,all,False,2019-09-30,2019-09-30,pdf,False,True
2019/2019-10-01_01-5.pdf,ok,35,all,False,2019-10-01,2019-10-01,pdf,False,True
2019/2019-10-02_02-5.pdf,ok,36,all,False,2019-10-02,2019-10-02,pdf,False,True
2019/2019-10-03_03-5.pdf,ok,35,all,False,2019-10-03,2019-10-03,pdf,False,True
2019/2019-10-04_04-5.pdf,ok,35,all,False,2019-10-04,2019-10-04,pdf,False,True
2019/2019-10-05_05-5.pdf,ok,35,all,False,2019-10-05,2019-10-05,pdf,False,True
2019/2019-10-06_06-5.pdf,ok,35,all,False,2019-10-06,2019-10-06,pdf,False,True
2019/2019-10-07_07-6.pdf,ok,35,all,False,2019-10-07,2019-10-07,pdf,False,True
2019/2019-10-08_08-6.pdf,ok,35,all,False,2019-10-08,2019-10-08,pdf,False,True
2019/2019-10-09_09-5.pdf,ok,35,all,False,2019-10-09,2019-10-09,pdf,False,True
2019/2019-10-10_10-5.pdf,ok,35,all,False,2019-10-10,2019-10-10,pdf,False,True
2019/2019-10-11_11-5.pdf,ok,35,all,False,2019-10-11,2019-10-11,pdf,False,True
2019/2019-10-12_12-5.pdf,ok,35,all,False,2019-10-12,2019-10-12,pdf,False,True
2019/2019-10-13_13-5.pdf,ok,35,all,False,2019-10-13,2019-10-13,pdf,False,True
2019/2019-10-14_14-5.pdf,ok,35,all,False,2019-10-14,2019-10-14,pdf,False,True
2019/2019-10-15_15-5.pdf,ok,35,all,False,2019-10-15,2019-10-15,pdf,False,True
2019/2019-10-16_16-5.pdf,ok,35,all,False,2019-10-16,2019-10-16,pdf,False,True
2019/2019-10-17_17-6.pdf,ok,35,all,False,2019-10-17,2019-10-17,pdf,False,True
2019/2019-10-18_18-5.pdf,ok,35,all,False,2019-10-18,2019-10-18,pdf,False,True
2019/2019-10-19_19-5.pdf,ok,35,all,False,2019-10-19,2019-10-19,pdf,False,True
2019/2019-10-20_20-5.pdf,ok,35,all,False,2019-10-20,2019-10-20,pdf,False,True
2019/2019-10-21_21-6.pdf,ok,35,all,False,2019-10-21,2019-10-21,pdf,False,True
2019/2019-10-22_22-5.pdf,ok,35,all,False,2019-10-22,2019-10-22,pdf,False,True
2019/2019-10-23_23-4.pdf,few_states:0,0,,False,2019-10-23,2019-10-23,pdf,False,False
2019/2019-10-24_23-5.pdf,few_states:0,0,,False,2019-10-24,2019-10-24,pdf,False,False
2019/2019-10-25_25-4.pdf,few_states:0,0,,False,2019-10-25,2019-10-25,pdf,False,False
2019/2019-10-26_26-5.pdf,few_states:0,0,,False,2019-10-26,2019-10-26,pdf,False,False
2019/2019-10-27_27-6.pdf,few_states:0,0,,False,2019-10-27,2019-10-27,pdf,False,False
2019/2019-10-28_28-8.pdf,few_states:0,0,,False,2019-10-28,2019-10-28,pdf,False,False
2019/2019-10-29_29-8.pdf,few_states:0,0,,False,2019-10-29,2019-10-29,pdf,False,False
2019/2019-10-30_30-7.pdf,ok,35,all,False,2019-10-30,2019-10-30,pdf,False,True
2019/2019-10-31_31-5.pdf,ok,35,all,False,2019-10-31,2019-10-31,pdf,False,True
2019/2019-11-01_01-10.pdf,ok,35,all,False,2019-11-01,2019-11-01,pdf,False,True
2019/2019-11-02_02-8.pdf,ok,35,all,False,2019-11-02,2019-11-02,pdf,False,True
2019/2019-11-03_03-8.pdf,ok,35,all,False,2019-11-03,2019-11-03,pdf,False,True
2019/2019-11-04_04-7.pdf,ok,35,all,False,2019-11-04,2019-11-04,pdf,False,True
2019/2019-11-05_05-8.pdf,ok,35,all,False,2019-11-05,2019-11-05,pdf,False,True
2019/2019-11-06_06-8.pdf,ok,35,all,False,2019-11-06,2019-11-06,pdf,False,True
2019/2019-11-07_07-9.pdf,ok,35,all,False,2019-11-07,2019-11-07,pdf,False,True
2019/2019-11-08_08-11.pdf,ok,35,all,False,2019-11-08,2019-11-08,pdf,False,True
2019/2019-11-09_09-9.pdf,ok,35,all,False,2019-11-09,2019-11-09,pdf,False,True
2019/2019-11-10_10-8.pdf,ok,35,all,False,2019-11-10,2019-11-10,pdf,False,True
2019/2019-11-11_11-9.pdf,ok,35,all,False,2019-11-11,2019-11-11,pdf,False,True
2019/2019-11-12_12-8.pdf,ok,35,all,False,2019-11-12,2019-11-12,pdf,False,True
2019/2019-11-13_13-8.pdf,ok,35,all,False,2019-11-13,2019-11-13,pdf,False,True
2019/2019-11-14_14-8.pdf,ok,35,all,False,2019-11-14,2019-11-14,pdf,False,True
2019/2019-11-15_15-8.pdf,ok,35,all,False,2019-11-15,2019-11-15,pdf,False,True
2019/2019-11-16_16-7.pdf,ok,35,all,False,2019-11-16,2019-11-16,pdf,False,True
2019/2019-11-17_17-8.pdf,ok,35,all,False,2019-11-17,2019-11-17,pdf,False,True
2019/2019-11-18_18-7.pdf,ok,35,all,False,2019-11-18,2019-11-18,pdf,False,True
2019/2019-11-19_19-8.pdf,ok,35,all,False,2019-11-19,2019-11-19,pdf,False,True
2019/2019-11-20_20-8.pdf,ok,35,all,False,2019-11-20,2019-11-20,pdf,False,True
2019/2019-11-22_22-8.pdf,ok,35,all,False,2019-11-22,2019-11-22,pdf,False,True
2019/2019-11-23_23-10.pdf,ok,35,all,False,2019-11-23,2019-11-23,pdf,False,True
2019/2019-11-24_24-8.pdf,ok,35,all,False,2019-11-24,2019-11-24,pdf,False,True
2019/2019-11-25_25-8.pdf,ok,35,all,False,2019-11-25,2019-11-25,pdf,False,True
2019/2019-11-26_26-9.pdf,ok,35,all,False,2019-11-26,2019-11-26,pdf,False,True
2019/2019-11-27_27-9.pdf,ok,35,all,False,2019-11-27,2019-11-27,pdf,False,True
2019/2019-11-28_28-11.pdf,ok,35,all,False,2019-11-28,2019-11-28,pdf,False,True
2019/2019-11-29_29-11.pdf,ok,35,all,False,2019-11-29,2019-11-29,pdf,False,True
2019/2019-11-30_30-10.pdf,ok,35,all,False,2019-11-30,2019-11-30,pdf,False,True
2019/2019-12-01_01-13.pdf,ok,35,all,False,2019-12-01,2019-12-01,pdf,False,True
2019/2019-12-02_02-11.pdf,ok,35,all,False,2019-12-02,2019-12-02,pdf,False,True
2019/2019-12-03_03-11.pdf,ok,35,all,False,2019-12-03,2019-12-03,pdf,False,True
2019/2019-12-04_04-11.pdf,ok,35,all,False,2019-12-04,2019-12-04,pdf,False,True
2019/2019-12-05_05-12.pdf,ok,35,all,False,2019-12-05,2019-12-05,pdf,False,True
2019/2019-12-06_06-12.pdf,ok,35,all,False,2019-12-06,2019-12-06,pdf,False,True
2019/2019-12-07_07-13.pdf,ok,35,all,False,2019-12-07,2019-12-07,pdf,False,True
2019/2019-12-08_08-14.pdf,ok,35,all,False,2019-12-08,2019-12-08,pdf,False,True
2019/2019-12-09_09-12.pdf,ok,35,all,False,2019-12-09,2019-12-09,pdf,False,True
2019/2019-12-10_10-12.pdf,ok,35,all,False,2019-12-10,2019-12-10,pdf,False,True
2019/2019-12-11_11-13.pdf,ok,35,all,False,2019-12-11,2019-12-11,pdf,False,True
2019/2019-12-12_12-14.pdf,ok,35,all,False,2019-12-12,2019-12-12,pdf,False,True
2019/2019-12-13_13-12.pdf,ok,35,all,False,2019-12-13,2019-12-13,pdf,False,True
2019/2019-12-14_14-12.pdf,ok,35,all,False,2019-12-14,2019-12-14,pdf,False,True
2019/2019-12-15_15-13.pdf,ok,35,all,False,2019-12-15,2019-12-15,pdf,False,True
2019/2019-12-16_16-12.pdf,ok,35,all,False,2019-12-16,2019-12-16,pdf,False,True
2019/2019-12-17_17-14.pdf,ok,35,all,False,2019-12-17,2019-12-17,pdf,False,True
2019/2019-12-18_18-12.pdf,ok,35,all,False,2019-12-18,2019-12-18,pdf,False,True
2019/2019-12-19_19-14.pdf,ok,35,all,False,2019-12-19,2019-12-19,pdf,False,True
2019/2019-12-20_20-12.pdf,ok,35,all,False,2019-12-20,2019-12-20,pdf,False,True
2019/2019-12-21_21-12.pdf,ok,35,all,False,2019-12-21,2019-12-21,pdf,False,True
2019/2019-12-21_21-9.pdf,ok,35,all,False,2019-12-21,2019-12-21,pdf,False,False
2019/2019-12-23_23-13.pdf,ok,35,all,False,2019-12-23,2019-12-23,pdf,False,True
2019/2019-12-24_24-11.pdf,ok,35,all,False,2019-12-24,2019-12-24,pdf,False,True
2019/2019-12-26_26-13.pdf,ok,35,all,False,2019-12-26,2019-12-26,pdf,False,True
2019/2019-12-27_27-11.pdf,ok,35,all,False,2019-12-27,2019-12-27,pdf,False,True
2019/2019-12-28_28-13.pdf,ok,35,all,False,2019-12-28,2019-12-28,pdf,False,True
2019/2019-12-29_29-12.pdf,ok,35,all,False,2019-12-29,2019-12-29,pdf,False,True
2019/2019-12-30_30-13.pdf,ok,35,all,False,2019-12-30,2019-12-30,pdf,False,True
2019/2019-12-31_31-9.pdf,ok,35,all,False,2019-12-31,2019-12-31,pdf,False,True
2020/2020-01-01_01-17.pdf,ok,35,all,False,2020-01-01,2020-01-01,pdf,False,True
2020/2020-01-02_02-15.pdf,ok,35,all,False,2020-01-02,2020-01-02,pdf,False,True
2020/2020-01-03_03-14.pdf,ok,35,all,False,2020-01-03,2020-01-03,pdf,False,True
2020/2020-01-04_04-15.pdf,ok,35,all,False,2020-01-04,2020-01-04,pdf,False,True
2020/2020-01-05_05-15.pdf,ok,35,all,False,2020-01-05,2020-01-05,pdf,False,True
2020/2020-01-06_06-15.pdf,ok,35,all,False,2020-01-06,2020-01-06,pdf,False,True
2020/2020-01-07_07-17.pdf,ok,35,all,False,2020-01-07,2020-01-07,pdf,False,True
2020/2020-01-08_08-18.pdf,ok,35,all,False,2020-01-08,2020-01-08,pdf,False,True
2020/2020-01-09_09-16.pdf,ok,35,all,False,2020-01-09,2020-01-09,pdf,False,True
2020/2020-01-10_10-15.pdf,ok,35,all,False,2020-01-10,2020-01-10,pdf,False,True
2020/2020-01-11_11-16.pdf,ok,35,all,False,2020-01-11,2020-01-11,pdf,False,True
2020/2020-01-12_12-16.pdf,ok,35,all,False,2020-01-12,2020-01-12,pdf,False,True
2020/2020-01-13_13-14.pdf,ok,35,all,False,2020-01-13,2020-01-13,pdf,False,True
2020/2020-01-14_14-16.pdf,ok,35,all,False,2020-01-14,2020-01-14,pdf,False,True
2020/2020-01-15_15-17.pdf,ok,35,all,False,2020-01-15,2020-01-15,pdf,False,True
2020/2020-01-16_16-16.pdf,ok,35,all,False,2020-01-16,2020-01-16,pdf,False,True
2020/2020-01-17_17-17.pdf,ok,35,all,False,2020-01-17,2020-01-17,pdf,False,True
2020/2020-01-18_18-15.pdf,ok,35,all,False,2020-01-18,2020-01-18,pdf,False,True
2020/2020-01-19_19-17.pdf,ok,35,all,False,2020-01-19,2020-01-19,pdf,False,True
2020/2020-01-20_20-15.pdf,ok,35,all,False,2020-01-20,2020-01-20,pdf,False,True
2020/2020-01-21_21-16.pdf,ok,35,all,False,2020-01-21,2020-01-21,pdf,False,True
2020/2020-01-22_22-14.pdf,ok,35,all,False,2020-01-22,2020-01-22,pdf,False,True
2020/2020-01-23_23-17.pdf,ok,35,all,False,2020-01-23,2020-01-23,pdf,False,True
2020/2020-01-24_24-14.pdf,ok,35,all,False,2020-01-24,2020-01-24,pdf,False,True
2020/2020-01-25_25-15.pdf,ok,35,all,False,2020-01-25,2020-01-25,pdf,False,True
2020/2020-01-26_26-17.pdf,ok,35,all,False,2020-01-26,2020-01-26,pdf,False,True
2020/2020-01-27_27-15.pdf,ok,35,all,False,2020-01-27,2020-01-27,pdf,False,True
2020/2020-01-28_28-17.pdf,ok,35,all,False,2020-01-28,2020-01-28,pdf,False,True
2020/2020-01-29_29-16.pdf,ok,35,all,False,2020-01-29,2020-01-29,pdf,False,True
2020/2020-01-30_30-17.pdf,ok,35,all,False,2020-01-30,2020-01-30,pdf,False,True
2020/2020-01-31_31-12.pdf,ok,35,all,False,2020-01-31,2020-01-31,pdf,False,True
2020/2020-02-01_01-22.pdf,ok,35,all,False,2020-02-01,2020-02-01,pdf,False,True
2020/2020-02-02_02-20.pdf,ok,35,all,False,2020-02-02,2020-02-02,pdf,False,True
2020/2020-02-03_03-20.pdf,ok,35,all,False,2020-02-03,2020-02-03,pdf,False,True
2020/2020-02-04_04-21.pdf,ok,35,all,False,2020-02-04,2020-02-04,pdf,False,True
2020/2020-02-05_05-20.pdf,ok,35,all,False,2020-02-05,2020-02-05,pdf,False,True
2020/2020-02-06_06-20.pdf,ok,35,all,False,2020-02-06,2020-02-06,pdf,False,True
2020/2020-02-07_07-22.pdf,ok,35,all,False,2020-02-07,2020-02-07,pdf,False,True
2020/2020-02-08_08-24.pdf,ok,35,all,False,2020-02-08,2020-02-08,pdf,False,True
2020/2020-02-09_09-20.pdf,ok,35,all,False,2020-02-09,2020-02-09,pdf,False,True
2020/2020-02-10_10-20.pdf,ok,35,all,False,2020-02-10,2020-02-10,pdf,False,True
2020/2020-02-11_11-22.pdf,ok,35,all,False,2020-02-11,2020-02-11,pdf,False,True
2020/2020-02-12_12-22.pdf,ok,35,all,False,2020-02-12,2020-02-12,pdf,False,True
2020/2020-02-13_13-21.pdf,ok,35,all,False,2020-02-13,2020-02-13,pdf,False,True
2020/2020-02-14_14-21.pdf,ok,35,all,False,2020-02-14,2020-02-14,pdf,False,True
2020/2020-02-15_15-22.pdf,ok,36,all,False,2020-02-15,2020-02-15,pdf,False,True
2020/2020-02-16_16-21.pdf,ok,35,all,False,2020-02-16,2020-02-16,pdf,False,True
2020/2020-02-17_17-22.pdf,ok,35,all,False,2020-02-17,2020-02-17,pdf,False,True
2020/2020-02-18_18-21.pdf,ok,35,all,False,2020-02-18,2020-02-18,pdf,False,True
2020/2020-02-19_19-22.pdf,ok,35,all,False,2020-02-19,2020-02-19,pdf,False,True
2020/2020-02-20_20-21.pdf,ok,35,all,False,2020-02-20,2020-02-20,pdf,False,True
2020/2020-02-21_21-21.pdf,ok,35,all,False,2020-02-21,2020-02-21,pdf,False,True
2020/2020-02-22_22-20.pdf,ok,35,all,False,2020-02-22,2020-02-22,pdf,False,True
2020/2020-02-23_23-22.pdf,ok,35,all,False,2020-02-23,2020-02-23,pdf,False,True
2020/2020-02-24_24-18.pdf,ok,35,all,False,2020-02-24,2020-02-24,pdf,False,True
2020/2020-02-25_25-20.pdf,ok,35,all,False,2020-02-25,2020-02-25,pdf,False,True
2020/2020-02-26_26-22.pdf,ok,35,all,False,2020-02-26,2020-02-26,pdf,False,True
2020/2020-02-27_27-21.pdf,ok,35,all,False,2020-02-27,2020-02-27,pdf,False,True
2020/2020-02-28_28-22.pdf,ok,35,all,False,2020-02-28,2020-02-28,pdf,False,True
2020/2020-02-29_29-21.pdf,ok,35,all,False,2020-02-29,2020-02-29,pdf,False,True
2020/2020-03-01_01-24.pdf,ok,35,all,False,2020-03-01,2020-03-01,pdf,False,True
2020/2020-03-02_02-23.pdf,ok,35,all,False,2020-03-02,2020-03-02,pdf,False,True
2020/2020-03-03_03-23.pdf,ok,35,all,False,2020-03-03,2020-03-03,pdf,False,True
2020/2020-03-04_04-24.pdf,ok,35,all,False,2020-03-04,2020-03-04,pdf,False,True
2020/2020-03-05_05-23.pdf,ok,35,all,False,2020-03-05,2020-03-05,pdf,False,True
2020/2020-03-06_06-22.pdf,ok,35,all,False,2020-03-06,2020-03-06,pdf,False,True
2020/2020-03-07_07-23.pdf,ok,35,all,False,2020-03-07,2020-03-07,pdf,False,True
2020/2020-03-08_08-26.pdf,ok,35,all,False,2020-03-08,2020-03-08,pdf,False,True
2020/2020-03-09_09-23.pdf,ok,35,all,False,2020-03-09,2020-03-09,pdf,False,True
2020/2020-03-10_10-22.pdf,ok,35,all,False,2020-03-10,2020-03-10,pdf,False,True
2020/2020-03-11_11-24.pdf,ok,35,all,False,2020-03-11,2020-03-11,pdf,False,True
2020/2020-03-12_12-25.pdf,ok,35,all,False,2020-03-12,2020-03-12,pdf,False,True
2020/2020-03-13_13-24.pdf,ok,35,all,False,2020-03-13,2020-03-13,pdf,False,True
2020/2020-03-14_14-22.pdf,ok,35,all,False,2020-03-14,2020-03-14,pdf,False,True
2020/2020-03-15_15-26.pdf,ok,35,all,False,2020-03-15,2020-03-15,pdf,False,True
2020/2020-03-16_16-26.pdf,ok,35,all,False,2020-03-16,2020-03-16,pdf,False,True
2020/2020-03-17_17-27.pdf,ok,35,all,False,2020-03-17,2020-03-17,pdf,False,True
2020/2020-03-18_18-25.pdf,ok,35,all,False,2020-03-18,2020-03-18,pdf,False,True
2020/2020-03-19_19-26.pdf,ok,35,all,False,2020-03-19,2020-03-19,pdf,False,True
2020/2020-03-20_20-March-2020-Daily-Report-RE.pdf,ok,35,all,False,2020-03-20,2020-03-20,pdf,False,True
2020/2020-04-01_01-1.pdf,ok,35,all,False,2020-04-01,2020-04-01,pdf,False,True
2020/2020-04-02_02-1.pdf,ok,35,all,False,2020-04-02,2020-04-02,pdf,False,True
2020/2020-04-03_03-1.pdf,ok,35,all,False,2020-04-03,2020-04-03,pdf,False,True
2020/2020-04-04_04-1.pdf,ok,35,all,False,2020-04-04,2020-04-04,pdf,False,True
2020/2020-04-05_05-1.pdf,ok,35,all,False,2020-04-05,2020-04-05,pdf,False,True
2020/2020-04-06_06-1.pdf,ok,35,all,False,2020-04-06,2020-04-06,pdf,False,True
2020/2020-04-07_07-1.pdf,ok,35,all,False,2020-04-07,2020-04-07,pdf,False,True
2020/2020-04-08_08-1.pdf,ok,35,all,False,2020-04-08,2020-04-08,pdf,False,True
2020/2020-04-09_09-1.pdf,ok,35,all,False,2020-04-09,2020-04-09,pdf,False,True
2020/2020-04-10_10.pdf,ok,35,all,False,2020-04-10,2020-04-10,pdf,False,True
2020/2020-04-11_11.pdf,ok,35,all,False,2020-04-11,2020-04-11,pdf,False,True
2020/2020-04-12_12.pdf,ok,35,all,False,2020-04-12,2020-04-12,pdf,False,True
2020/2020-04-13_13.pdf,ok,35,all,False,2020-04-13,2020-04-13,pdf,False,True
2020/2020-04-14_14.pdf,ok,35,all,False,2020-04-14,2020-04-14,pdf,False,True
2020/2020-04-16_16.pdf,ok,35,all,False,2020-04-16,2020-04-16,pdf,False,True
2020/2020-04-17_17.pdf,ok,35,all,False,2020-04-17,2020-04-17,pdf,False,True
2020/2020-04-18_18.pdf,ok,35,all,False,2020-04-18,2020-04-18,pdf,False,True
2020/2020-04-19_19.pdf,ok,35,all,False,2020-04-19,2020-04-19,pdf,False,True
2020/2020-04-20_20.pdf,ok,35,all,False,2020-04-20,2020-04-20,pdf,False,True
2020/2020-04-21_21.pdf,ok,35,all,False,2020-04-21,2020-04-21,pdf,False,True
2020/2020-04-22_22.pdf,ok,35,all,False,2020-04-22,2020-04-22,pdf,False,True
2020/2020-04-23_23.pdf,ok,35,all,False,2020-04-23,2020-04-23,pdf,False,True
2020/2020-04-24_24.pdf,ok,35,all,False,2020-04-24,2020-04-24,pdf,False,True
2020/2020-04-25_25.pdf,ok,35,all,False,2020-04-25,2020-04-25,pdf,False,True
2020/2020-04-26_26.pdf,ok,35,all,False,2020-04-26,2020-04-26,pdf,False,True
2020/2020-04-27_27.pdf,ok,35,all,False,2020-04-27,2020-04-27,pdf,False,True
2020/2020-04-28_28.pdf,ok,35,all,False,2020-04-28,2020-04-28,pdf,False,True
2020/2020-04-29_29.pdf,ok,35,all,False,2020-04-29,2020-04-29,pdf,False,True
2020/2020-04-30_30.pdf,ok,35,all,False,2020-04-30,2020-04-30,pdf,False,True
2020/2020-05-01_01.pdf,ok,35,all,False,2020-05-01,2020-05-01,pdf,False,True
2020/2020-05-02_02.pdf,ok,35,all,False,2020-05-02,2020-05-02,pdf,False,True
2020/2020-05-03_03.pdf,ok,35,all,False,2020-05-03,2020-05-03,pdf,False,True
2020/2020-05-04_04.pdf,ok,35,all,False,2020-05-04,2020-05-04,pdf,False,True
2020/2020-05-05_05.pdf,ok,35,all,False,2020-05-05,2020-05-05,pdf,False,True
2020/2020-05-06_06.pdf,ok,35,all,False,2020-05-06,2020-05-06,pdf,False,True
2020/2020-05-07_07.pdf,ok,35,all,False,2020-05-07,2020-05-07,pdf,False,True
2020/2020-05-08_08.pdf,ok,35,all,False,2020-05-08,2020-05-08,pdf,False,True
2020/2020-05-09_09.pdf,ok,35,all,False,2020-05-09,2020-05-09,pdf,False,True
2020/2020-05-10_10.pdf,ok,35,all,False,2020-05-10,2020-05-10,pdf,False,True
2020/2020-05-11_11.pdf,ok,35,all,False,2020-05-11,2020-05-11,pdf,False,True
2020/2020-05-12_12.pdf,ok,35,all,False,2020-05-12,2020-05-12,pdf,False,True
2020/2020-05-13_13.pdf,ok,35,all,False,2020-05-13,2020-05-13,pdf,False,True
2020/2020-05-14_14.pdf,ok,35,all,False,2020-05-14,2020-05-14,pdf,False,True
2020/2020-05-15_15.pdf,ok,35,all,False,2020-05-15,2020-05-15,pdf,False,True
2020/2020-05-16_16.pdf,ok,35,all,False,2020-05-16,2020-05-16,pdf,False,True
2020/2020-05-17_17.pdf,ok,35,all,False,2020-05-17,2020-05-17,pdf,False,True
2020/2020-05-18_18.pdf,ok,35,all,False,2020-05-18,2020-05-18,pdf,False,True
2020/2020-05-19_19.pdf,ok,35,all,False,2020-05-19,2020-05-19,pdf,False,True
2020/2020-05-20_20.pdf,ok,35,all,False,2020-05-20,2020-05-20,pdf,False,True
2020/2020-05-21_21.pdf,ok,35,all,False,2020-05-21,2020-05-21,pdf,False,True
2020/2020-05-22_22.pdf,ok,35,all,False,2020-05-22,2020-05-22,pdf,False,True
2020/2020-05-23_23.pdf,ok,35,all,False,2020-05-23,2020-05-23,pdf,False,True
2020/2020-05-24_24.pdf,ok,35,all,False,2020-05-24,2020-05-24,pdf,False,True
2020/2020-05-25_25.pdf,ok,35,all,False,2020-05-25,2020-05-25,pdf,False,True
2020/2020-05-26_26.pdf,ok,35,all,False,2020-05-26,2020-05-26,pdf,False,True
2020/2020-05-27_27.pdf,ok,35,all,False,2020-05-27,2020-05-27,pdf,False,True
2020/2020-05-28_28.pdf,ok,35,all,False,2020-05-28,2020-05-28,pdf,False,True
2020/2020-05-29_29.pdf,ok,35,all,False,2020-05-29,2020-05-29,pdf,False,True
2020/2020-05-30_30.pdf,ok,35,all,False,2020-05-30,2020-05-30,pdf,False,True
2020/2020-06-01_01-1.pdf,ok,70,all+ctrl,False,2020-06-01,2020-06-01,pdf,False,True
2020/2020-06-02_02-1.pdf,ok,70,all+ctrl,False,2020-06-02,2020-06-02,pdf,False,True
2020/2020-06-03_03.pdf,ok,70,all+ctrl,False,2020-06-03,2020-06-03,pdf,False,True
2020/2020-06-04_04.pdf,ok,70,all+ctrl,False,2020-06-04,2020-06-04,pdf,False,True
2020/2020-06-05_05.pdf,ok,70,all+ctrl,False,2020-06-05,2020-06-05,pdf,False,True
2020/2020-06-06_06.pdf,ok,70,all+ctrl,False,2020-06-06,2020-06-06,pdf,False,True
2020/2020-06-07_07.pdf,ok,70,all+ctrl,False,2020-06-07,2020-06-07,pdf,False,True
2020/2020-06-08_08.pdf,ok,70,all+ctrl,False,2020-06-08,2020-06-08,pdf,False,True
2020/2020-06-09_09.pdf,ok,70,all+ctrl,False,2020-06-09,2020-06-09,pdf,False,True
2020/2020-06-10_10.pdf,ok,70,all+ctrl,False,2020-06-10,2020-06-10,pdf,False,True
2020/2020-06-11_11.pdf,ok,70,all+ctrl,False,2020-06-11,2020-06-11,pdf,False,True
2020/2020-06-12_12.pdf,ok,70,all+ctrl,False,2020-06-12,2020-06-12,pdf,False,True
2020/2020-06-13_13.pdf,ok,70,all+ctrl,False,2020-06-13,2020-06-13,pdf,False,True
2020/2020-06-14_14.pdf,ok,70,all+ctrl,False,2020-06-14,2020-06-14,pdf,False,True
2020/2020-06-15_15.pdf,ok,70,all+ctrl,False,2020-06-15,2020-06-15,pdf,False,True
2020/2020-06-16_16.pdf,ok,70,all+ctrl,False,2020-06-16,2020-06-16,pdf,False,True
2020/2020-06-17_17.pdf,ok,70,all+ctrl,False,2020-06-17,2020-06-17,pdf,False,True
2020/2020-06-18_18.pdf,ok,70,all+ctrl,False,2020-06-18,2020-06-18,pdf,False,True
2020/2020-06-19_19.pdf,ok,70,all+ctrl,False,2020-06-19,2020-06-19,pdf,False,True
2020/2020-06-20_20.pdf,ok,70,all+ctrl,False,2020-06-20,2020-06-20,pdf,False,True
2020/2020-06-21_21.pdf,ok,70,all+ctrl,False,2020-06-21,2020-06-21,pdf,False,True
2020/2020-06-22_22.pdf,ok,70,all+ctrl,False,2020-06-22,2020-06-22,pdf,False,True
2020/2020-06-23_23.pdf,ok,70,all+ctrl,False,2020-06-23,2020-06-23,pdf,False,True
2020/2020-06-24_24.pdf,ok,70,all+ctrl,False,2020-06-24,2020-06-24,pdf,False,True
2020/2020-06-25_25.pdf,ok,70,all+ctrl,False,2020-06-25,2020-06-25,pdf,False,True
2020/2020-06-26_26.pdf,ok,70,all+ctrl,False,2020-06-26,2020-06-26,pdf,False,True
2020/2020-06-27_27.pdf,ok,70,all+ctrl,False,2020-06-27,2020-06-27,pdf,False,True
2020/2020-06-28_28.pdf,ok,70,all+ctrl,False,2020-06-28,2020-06-28,pdf,False,True
2020/2020-06-29_29.pdf,ok,70,all+ctrl,False,2020-06-29,2020-06-29,pdf,False,True
2020/2020-06-30_30.pdf,ok,70,all+ctrl,False,2020-06-30,2020-06-30,pdf,False,True
2020/2020-07-01_DailyRE01072020.pdf,ok,70,all+ctrl,False,2020-07-01,2020-07-01,pdf,False,True
2020/2020-07-02_DailyRE02072020.pdf,ok,70,all+ctrl,False,2020-07-02,2020-07-02,pdf,False,True
2020/2020-07-03_DailyRE03072020.pdf,ok,70,all+ctrl,False,2020-07-03,2020-07-03,pdf,False,True
2020/2020-07-04_DailyRE04072020.pdf,ok,70,all+ctrl,False,2020-07-04,2020-07-04,pdf,False,True
2020/2020-07-05_DailyRE01011970-15.pdf,ok,70,all+ctrl,False,2020-07-05,2020-07-05,pdf,False,True
2020/2020-07-06_DailyRE06072020.pdf,ok,70,all+ctrl,False,2020-07-06,2020-07-06,pdf,False,True
2020/2020-07-07_DailyRE07072020.pdf,ok,70,all+ctrl,False,2020-07-07,2020-07-07,pdf,False,True
2020/2020-07-08_DailyRE08072020.pdf,ok,70,all+ctrl,False,2020-07-08,2020-07-08,pdf,False,True
2020/2020-07-09_DailyRE09072020.pdf,ok,70,all+ctrl,False,2020-07-09,2020-07-09,pdf,False,True
2020/2020-07-10_DailyRE10072020.pdf,ok,70,all+ctrl,False,2020-07-10,2020-07-10,pdf,False,True
2020/2020-07-11_DailyRE11072020.pdf,ok,70,all+ctrl,False,2020-07-11,2020-07-11,pdf,False,True
2020/2020-07-12_DailyRE12072020.pdf,ok,70,all+ctrl,False,2020-07-12,2020-07-12,pdf,False,True
2020/2020-07-13_DailyRE13072020.pdf,ok,70,all+ctrl,False,2020-07-13,2020-07-13,pdf,False,True
2020/2020-07-14_DailyRE14072020.pdf,ok,70,all+ctrl,False,2020-07-14,2020-07-14,pdf,False,True
2020/2020-07-15_DailyRE15072020.pdf,ok,70,all+ctrl,False,2020-07-15,2020-07-15,pdf,False,True
2020/2020-07-16_DailyRE16072020.pdf,ok,70,all+ctrl,False,2020-07-16,2020-07-16,pdf,False,True
2020/2020-07-17_DailyRE17072020.pdf,ok,70,all+ctrl,False,2020-07-17,2020-07-17,pdf,False,True
2020/2020-07-18_DailyRE18072020.pdf,ok,70,all+ctrl,False,2020-07-18,2020-07-18,pdf,False,True
2020/2020-07-19_DailyRE19072020.pdf,ok,70,all+ctrl,False,2020-07-19,2020-07-19,pdf,False,True
2020/2020-07-20_DailyRE20072020.pdf,ok,70,all+ctrl,False,2020-07-20,2020-07-20,pdf,False,True
2020/2020-07-21_DailyRE21072020.pdf,ok,70,all+ctrl,False,2020-07-21,2020-07-21,pdf,False,True
2020/2020-07-22_DailyRE22072020.pdf,ok,70,all+ctrl,False,2020-07-22,2020-07-22,pdf,False,True
2020/2020-07-23_DailyRE23072020.pdf,ok,70,all+ctrl,False,2020-07-23,2020-07-23,pdf,False,True
2020/2020-07-24_DailyRE24072020.pdf,ok,70,all+ctrl,False,2020-07-24,2020-07-24,pdf,False,True
2020/2020-07-25_DailyRE25072020.pdf,ok,70,all+ctrl,False,2020-07-25,2020-07-25,pdf,False,True
2020/2020-07-26_DailyRE26072020.pdf,ok,70,all+ctrl,False,2020-07-26,2020-07-26,pdf,False,True
2020/2020-07-27_DailyRE27072020.pdf,ok,70,all+ctrl,False,2020-07-27,2020-07-27,pdf,False,True
2020/2020-07-28_DailyRE28072020.pdf,ok,70,all+ctrl,False,2020-07-28,2020-07-28,pdf,False,True
2020/2020-07-29_DailyRE29072020.pdf,ok,70,all+ctrl,False,2020-07-29,2020-07-29,pdf,False,True
2020/2020-07-30_DailyRE30072020.pdf,ok,70,all+ctrl,False,2020-07-30,2020-07-30,pdf,False,True
2020/2020-07-31_DailyRE31072020.pdf,ok,70,all+ctrl,False,2020-07-31,2020-07-31,pdf,False,True
2020/2020-08-01_DailyRE01082020.pdf,ok,70,all+ctrl,False,2020-08-01,2020-08-01,pdf,False,True
2020/2020-08-02_DailyRE02082020.pdf,ok,70,all+ctrl,False,2020-08-02,2020-08-02,pdf,False,True
2020/2020-08-03_DailyRE03082020.pdf,ok,70,all+ctrl,False,2020-08-03,2020-08-03,pdf,False,True
2020/2020-08-04_DailyRE04082020.pdf,ok,70,all+ctrl,False,2020-08-04,2020-08-04,pdf,False,True
2020/2020-08-05_DailyRE05082020.pdf,ok,70,all+ctrl,False,2020-08-05,2020-08-05,pdf,False,True
2020/2020-08-06_DailyRE06082020.pdf,ok,70,all+ctrl,False,2020-08-06,2020-08-06,pdf,False,True
2020/2020-08-07_DailyRE07082020.pdf,ok,70,all+ctrl,False,2020-08-07,2020-08-07,pdf,False,True
2020/2020-08-08_DailyRE08082020.pdf,ok,70,all+ctrl,False,2020-08-08,2020-08-08,pdf,False,True
2020/2020-08-09_DailyRE09082020.pdf,ok,70,all+ctrl,False,2020-08-09,2020-08-09,pdf,False,True
2020/2020-08-10_DailyRE10082020.pdf,ok,70,all+ctrl,False,2020-08-10,2020-08-10,pdf,False,True
2020/2020-08-11_DailyRE11082020.pdf,ok,70,all+ctrl,False,2020-08-11,2020-08-11,pdf,False,True
2020/2020-08-12_DailyRE12082020.pdf,ok,70,all+ctrl,False,2020-08-12,2020-08-12,pdf,False,True
2020/2020-08-13_DailyRE13082020.pdf,ok,70,all+ctrl,False,2020-08-13,2020-08-13,pdf,False,True
2020/2020-08-14_DailyRE14082020.pdf,ok,70,all+ctrl,False,2020-08-14,2020-08-14,pdf,False,True
2020/2020-08-15_DailyRE15082020.pdf,ok,70,all+ctrl,False,2020-08-15,2020-08-15,pdf,False,True
2020/2020-08-16_DailyRE16082020.pdf,ok,70,all+ctrl,False,2020-08-16,2020-08-16,pdf,False,True
2020/2020-08-17_DailyRE17082020.pdf,ok,70,all+ctrl,False,2020-08-17,2020-08-17,pdf,False,True
2020/2020-08-18_DailyRE18082020.pdf,ok,70,all+ctrl,False,2020-08-18,2020-08-18,pdf,False,True
2020/2020-08-19_DailyRE19082020.pdf,ok,70,all+ctrl,False,2020-08-19,2020-08-19,pdf,False,True
2020/2020-08-20_DailyRE20082020.pdf,ok,70,all+ctrl,False,2020-08-20,2020-08-20,pdf,False,True
2020/2020-08-21_DailyRE21082020.pdf,ok,70,all+ctrl,False,2020-08-21,2020-08-21,pdf,False,True
2020/2020-08-22_DailyRE22082020.pdf,ok,70,all+ctrl,False,2020-08-22,2020-08-22,pdf,False,True
2020/2020-08-23_DailyRE23082020.pdf,ok,70,all+ctrl,False,2020-08-23,2020-08-23,pdf,False,True
2020/2020-08-24_DailyRE24082020.pdf,ok,70,all+ctrl,False,2020-08-24,2020-08-24,pdf,False,True
2020/2020-08-25_DailyRE25082020.pdf,ok,70,all+ctrl,False,2020-08-25,2020-08-25,pdf,False,True
2020/2020-08-26_DailyRE26082020.pdf,ok,70,all+ctrl,False,2020-08-26,2020-08-26,pdf,False,True
2020/2020-08-27_DailyRE27082020.pdf,ok,70,all+ctrl,False,2020-08-27,2020-08-27,pdf,False,True
2020/2020-08-28_DailyRE28082020.pdf,ok,70,all+ctrl,False,2020-08-28,2020-08-28,pdf,False,True
2020/2020-08-29_DailyRE29082020.pdf,ok,70,all+ctrl,False,2020-08-29,2020-08-29,pdf,False,True
2020/2020-08-30_DailyRE30082020.pdf,ok,70,all+ctrl,False,2020-08-30,2020-08-30,pdf,False,True
2020/2020-08-31_DailyRE31082020.pdf,ok,70,all+ctrl,False,2020-08-31,2020-08-31,pdf,False,True
2020/2020-09-01_DailyRE01092020.pdf,ok,70,all+ctrl,False,2020-09-01,2020-09-01,pdf,False,True
2020/2020-09-02_DailyRE02092020.pdf,ok,70,all+ctrl,False,2020-09-02,2020-09-02,pdf,False,True
2020/2020-09-03_DailyRE03092020.pdf,ok,70,all+ctrl,False,2020-09-03,2020-09-03,pdf,False,True
2020/2020-09-04_DailyRE04092020.pdf,ok,70,all+ctrl,False,2020-09-04,2020-09-04,pdf,False,True
2020/2020-09-05_DailyRE05092020.pdf,ok,70,all+ctrl,False,2020-09-05,2020-09-05,pdf,False,True
2020/2020-09-06_DailyRE06092020.pdf,ok,70,all+ctrl,False,2020-09-06,2020-09-06,pdf,False,True
2020/2020-09-07_DailyRE07092020.pdf,ok,70,all+ctrl,False,2020-09-07,2020-09-07,pdf,False,True
2020/2020-09-08_DailyRE08092020.pdf,ok,70,all+ctrl,False,2020-09-08,2020-09-08,pdf,False,True
2020/2020-09-09_DailyRE09092020.pdf,ok,70,all+ctrl,False,2020-09-09,2020-09-09,pdf,False,True
2020/2020-09-10_DailyRE10092020.pdf,ok,70,all+ctrl,False,2020-09-10,2020-09-10,pdf,False,True
2020/2020-09-11_DailyRE11092020.pdf,ok,70,all+ctrl,False,2020-09-11,2020-09-11,pdf,False,True
2020/2020-09-12_DailyRE12092020.pdf,ok,70,all+ctrl,False,2020-09-12,2020-09-12,pdf,False,True
2020/2020-09-13_DailyRE13092020.pdf,ok,70,all+ctrl,False,2020-09-13,2020-09-13,pdf,False,True
2020/2020-09-14_DailyRE14092020.pdf,ok,70,all+ctrl,False,2020-09-14,2020-09-14,pdf,False,True
2020/2020-09-15_DailyRE15092020.pdf,ok,70,all+ctrl,False,2020-09-15,2020-09-15,pdf,False,True
2020/2020-09-16_DailyRE16092020.pdf,ok,70,all+ctrl,False,2020-09-16,2020-09-16,pdf,False,True
2020/2020-09-17_DailyRE17092020.pdf,ok,70,all+ctrl,False,2020-09-17,2020-09-17,pdf,False,True
2020/2020-09-18_DailyRE18092020.pdf,ok,70,all+ctrl,False,2020-09-18,2020-09-18,pdf,False,True
2020/2020-09-19_DailyRE19092020.pdf,ok,70,all+ctrl,False,2020-09-19,2020-09-19,pdf,False,True
2020/2020-09-20_DailyRE20092020.pdf,ok,70,all+ctrl,False,2020-09-20,2020-09-20,pdf,False,True
2020/2020-09-21_DailyRE21092020.pdf,ok,70,all+ctrl,False,2020-09-21,2020-09-21,pdf,False,True
2020/2020-09-22_DailyRE22092020.pdf,ok,70,all+ctrl,False,2020-09-22,2020-09-22,pdf,False,True
2020/2020-09-23_DailyRE23092020.pdf,ok,70,all+ctrl,False,2020-09-23,2020-09-23,pdf,False,True
2020/2020-09-24_DailyRE24092020.pdf,ok,70,all+ctrl,False,2020-09-24,2020-09-24,pdf,False,True
2020/2020-09-25_DailyRE25092020.pdf,ok,70,all+ctrl,False,2020-09-25,2020-09-25,pdf,False,True
2020/2020-09-26_DailyRE26092020.pdf,ok,70,all+ctrl,False,2020-09-26,2020-09-26,pdf,False,True
2020/2020-09-27_DailyRE27092020.pdf,ok,70,all+ctrl,False,2020-09-27,2020-09-27,pdf,False,True
2020/2020-09-28_DailyRE28092020.pdf,ok,70,all+ctrl,False,2020-09-28,2020-09-28,pdf,False,True
2020/2020-09-29_DailyRE29092020.pdf,ok,70,all+ctrl,False,2020-09-29,2020-09-29,pdf,False,True
2020/2020-09-30_DailyRE30092020.pdf,ok,70,all+ctrl,False,2020-09-30,2020-09-30,pdf,False,True
2020/2020-10-01_DailyRE01102020.pdf,ok,70,all+ctrl,False,2020-10-01,2020-10-01,pdf,False,True
2020/2020-10-02_DailyRE02102020.pdf,ok,70,all+ctrl,False,2020-10-02,2020-10-02,pdf,False,True
2020/2020-10-03_DailyRE03102020.pdf,ok,70,all+ctrl,False,2020-10-03,2020-10-03,pdf,False,True
2020/2020-10-04_DailyRE04102020.pdf,ok,70,all+ctrl,False,2020-10-04,2020-10-04,pdf,False,True
2020/2020-10-05_DailyRE05102020.pdf,ok,70,all+ctrl,False,2020-10-05,2020-10-05,pdf,False,True
2020/2020-10-06_DailyRE06102020.pdf,ok,70,all+ctrl,False,2020-10-06,2020-10-06,pdf,False,True
2020/2020-10-07_DailyRE07102020.pdf,ok,70,all+ctrl,False,2020-10-07,2020-10-07,pdf,False,True
2020/2020-10-08_DailyRE08102020.pdf,ok,70,all+ctrl,False,2020-10-08,2020-10-08,pdf,False,True
2020/2020-10-09_DailyRE09102020.pdf,ok,70,all+ctrl,False,2020-10-09,2020-10-09,pdf,False,True
2020/2020-10-10_DailyRE10102020.pdf,ok,70,all+ctrl,False,2020-10-10,2020-10-10,pdf,False,True
2020/2020-10-11_DailyRE11102020.pdf,ok,70,all+ctrl,False,2020-10-11,2020-10-11,pdf,False,True
2020/2020-10-12_DailyRE12102020.pdf,ok,70,all+ctrl,False,2020-10-12,2020-10-12,pdf,False,True
2020/2020-10-13_DailyRE13102020.pdf,ok,70,all+ctrl,False,2020-10-13,2020-10-13,pdf,False,True
2020/2020-10-14_DailyRE14102020.pdf,ok,70,all+ctrl,False,2020-10-14,2020-10-14,pdf,False,True
2020/2020-10-15_DailyRE15102020.pdf,ok,70,all+ctrl,False,2020-10-15,2020-10-15,pdf,False,True
2020/2020-10-16_DailyRE16102020.pdf,ok,70,all+ctrl,False,2020-10-16,2020-10-16,pdf,False,True
2020/2020-10-17_DailyRE17102020.pdf,ok,70,all+ctrl,False,2020-10-17,2020-10-17,pdf,False,True
2020/2020-10-18_DailyRE18102020.pdf,ok,70,all+ctrl,False,2020-10-18,2020-10-18,pdf,False,True
2020/2020-10-19_DailyRE19102020.pdf,ok,70,all+ctrl,False,2020-10-19,2020-10-19,pdf,False,True
2020/2020-10-20_DailyRE20102020.pdf,ok,70,all+ctrl,False,2020-10-20,2020-10-20,pdf,False,True
2020/2020-10-21_DailyRE21102020.pdf,ok,70,all+ctrl,False,2020-10-21,2020-10-21,pdf,False,True
2020/2020-10-22_DailyRE22102020.pdf,ok,70,all+ctrl,False,2020-10-22,2020-10-22,pdf,False,True
2020/2020-10-23_DailyRE23102020.pdf,ok,70,all+ctrl,False,2020-10-23,2020-10-23,pdf,False,True
2020/2020-10-24_DailyRE24102020.pdf,ok,70,all+ctrl,False,2020-10-24,2020-10-24,pdf,False,True
2020/2020-10-25_DailyRE25102020.pdf,ok,70,all+ctrl,False,2020-10-25,2020-10-25,pdf,False,True
2020/2020-10-26_DailyRE26102020.pdf,ok,70,all+ctrl,False,2020-10-26,2020-10-26,pdf,False,True
2020/2020-10-27_DailyRE27102020.pdf,ok,70,all+ctrl,False,2020-10-27,2020-10-27,pdf,False,True
2020/2020-10-28_DailyRE28102020.pdf,ok,70,all+ctrl,False,2020-10-28,2020-10-28,pdf,False,True
2020/2020-10-29_DailyRE29102020.pdf,ok,70,all+ctrl,False,2020-10-29,2020-10-29,pdf,False,True
2020/2020-10-30_DailyRE30102020.pdf,ok,70,all+ctrl,False,2020-10-30,2020-10-30,pdf,False,True
2020/2020-10-31_DailyRE31102020.pdf,ok,70,all+ctrl,False,2020-10-31,2020-10-31,pdf,False,True
2020/2020-11-01_DailyRE01112020.pdf,ok,70,all+ctrl,False,2020-11-01,2020-11-01,pdf,False,True
2020/2020-11-02_DailyRE02112020.pdf,ok,70,all+ctrl,False,2020-11-02,2020-11-02,pdf,False,True
2020/2020-11-03_DailyRE03112020.pdf,ok,70,all+ctrl,False,2020-11-03,2020-11-03,pdf,False,True
2020/2020-11-04_DailyRE04112020.pdf,ok,70,all+ctrl,False,2020-11-04,2020-11-04,pdf,False,True
2020/2020-11-05_DailyRE05112020.pdf,ok,70,all+ctrl,False,2020-11-05,2020-11-05,pdf,False,True
2020/2020-11-06_DailyRE06112020.pdf,ok,70,all+ctrl,False,2020-11-06,2020-11-06,pdf,False,True
2020/2020-11-07_DailyRE07112020.pdf,ok,70,all+ctrl,False,2020-11-07,2020-11-07,pdf,False,True
2020/2020-11-08_DailyRE08112020.pdf,ok,70,all+ctrl,False,2020-11-08,2020-11-08,pdf,False,True
2020/2020-11-09_DailyRE09112020.pdf,ok,70,all+ctrl,False,2020-11-09,2020-11-09,pdf,False,True
2020/2020-11-10_DailyRE10112020.pdf,ok,70,all+ctrl,False,2020-11-10,2020-11-10,pdf,False,True
2020/2020-11-11_DailyRE11112020.pdf,ok,70,all+ctrl,False,2020-11-11,2020-11-11,pdf,False,True
2020/2020-11-12_DailyRE12112020.pdf,ok,70,all+ctrl,False,2020-11-12,2020-11-12,pdf,False,True
2020/2020-11-13_DailyRE13112020.pdf,ok,70,all+ctrl,False,2020-11-13,2020-11-13,pdf,False,True
2020/2020-11-14_DailyRE14112020.pdf,ok,70,all+ctrl,False,2020-11-14,2020-11-14,pdf,False,True
2020/2020-11-15_DailyRE15112020.pdf,ok,70,all+ctrl,False,2020-11-15,2020-11-15,pdf,False,True
2020/2020-11-16_DailyRE16112020.pdf,ok,70,all+ctrl,False,2020-11-16,2020-11-16,pdf,False,True
2020/2020-11-17_DailyRE17112020.pdf,ok,70,all+ctrl,False,2020-11-17,2020-11-17,pdf,False,True
2020/2020-11-18_DailyRE18112020.pdf,ok,70,all+ctrl,False,2020-11-18,2020-11-18,pdf,False,True
2020/2020-11-19_DailyRE19112020.pdf,ok,70,all+ctrl,False,2020-11-19,2020-11-19,pdf,False,True
2020/2020-11-20_DailyRE20112020.pdf,ok,70,all+ctrl,False,2020-11-20,2020-11-20,pdf,False,True
2020/2020-11-21_DailyRE21112020.pdf,ok,70,all+ctrl,False,2020-11-21,2020-11-21,pdf,False,True
2020/2020-11-22_DailyRE22112020.pdf,ok,70,all+ctrl,False,2020-11-22,2020-11-22,pdf,False,True
2020/2020-11-23_DailyRE23112020.pdf,ok,70,all+ctrl,False,2020-11-23,2020-11-23,pdf,False,True
2020/2020-11-24_DailyRE24112020.pdf,ok,70,all+ctrl,False,2020-11-24,2020-11-24,pdf,False,True
2020/2020-11-25_DailyRE25112020.pdf,ok,70,all+ctrl,False,2020-11-25,2020-11-25,pdf,False,True
2020/2020-11-26_DailyRE26112020.pdf,ok,70,all+ctrl,False,2020-11-26,2020-11-26,pdf,False,True
2020/2020-11-27_DailyRE27112020.pdf,ok,70,all+ctrl,False,2020-11-27,2020-11-27,pdf,False,True
2020/2020-11-28_DailyRE28112020.pdf,ok,70,all+ctrl,False,2020-11-28,2020-11-28,pdf,False,True
2020/2020-11-29_DailyRE29112020.pdf,ok,70,all+ctrl,False,2020-11-29,2020-11-29,pdf,False,True
2020/2020-11-30_DailyRE30112020.pdf,ok,70,all+ctrl,False,2020-11-30,2020-11-30,pdf,False,True
2020/2020-12-01_DailyRE01122020.pdf,ok,70,all+ctrl,False,2020-12-01,2020-12-01,pdf,False,True
2020/2020-12-02_DailyRE02122020.pdf,ok,70,all+ctrl,False,2020-12-02,2020-12-02,pdf,False,True
2020/2020-12-03_DailyRE03122020.pdf,ok,70,all+ctrl,False,2020-12-03,2020-12-03,pdf,False,True
2020/2020-12-04_DailyRE04122020.pdf,ok,70,all+ctrl,False,2020-12-04,2020-12-04,pdf,False,True
2020/2020-12-05_DailyRE05122020.pdf,ok,70,all+ctrl,False,2020-12-05,2020-12-05,pdf,False,True
2020/2020-12-06_DailyRE06122020.pdf,ok,70,all+ctrl,False,2020-12-06,2020-12-06,pdf,False,True
2020/2020-12-07_DailyRE07122020.pdf,ok,70,all+ctrl,False,2020-12-07,2020-12-07,pdf,False,True
2020/2020-12-08_DailyRE08122020.pdf,ok,70,all+ctrl,False,2020-12-08,2020-12-08,pdf,False,True
2020/2020-12-09_DailyRE09122020.pdf,ok,70,all+ctrl,False,2020-12-09,2020-12-09,pdf,False,True
2020/2020-12-10_DailyRE10122020.pdf,ok,70,all+ctrl,False,2020-12-10,2020-12-10,pdf,False,True
2020/2020-12-11_DailyRE11122020.pdf,ok,70,all+ctrl,False,2020-12-11,2020-12-11,pdf,False,True
2020/2020-12-12_DailyRE12122020.pdf,ok,70,all+ctrl,False,2020-12-12,2020-12-12,pdf,False,True
2020/2020-12-13_DailyRE13122020.pdf,ok,70,all+ctrl,False,2020-12-13,2020-12-13,pdf,False,True
2020/2020-12-14_DailyRE14122020.pdf,ok,70,all+ctrl,False,2020-12-14,2020-12-14,pdf,False,True
2020/2020-12-15_DailyRE15122020.pdf,ok,70,all+ctrl,False,2020-12-15,2020-12-15,pdf,False,True
2020/2020-12-16_DailyRE16122020.pdf,ok,70,all+ctrl,False,2020-12-16,2020-12-16,pdf,False,True
2020/2020-12-17_DailyRE17122020.xlsx,ok,70,all+ctrl,False,2020-12-17,2020-12-17,xlsx,False,True
2020/2020-12-18_DailyRE18122020.xlsx,ok,70,all+ctrl,False,2020-12-18,2020-12-18,xlsx,False,True
2020/2020-12-19_DailyRE19122020.xlsx,ok,70,all+ctrl,False,2020-12-19,2020-12-19,xlsx,False,True
2020/2020-12-20_DailyRE20122020.xlsx,ok,70,all+ctrl,False,2020-12-20,2020-12-20,xlsx,False,True
2020/2020-12-21_DailyRE21122020.xlsx,ok,70,all+ctrl,False,2020-12-21,2020-12-21,xlsx,False,True
2020/2020-12-22_DailyRE22122020.xlsx,ok,70,all+ctrl,False,2020-12-22,2020-12-22,xlsx,False,True
2020/2020-12-23_DailyRE23122020.xlsx,ok,70,all+ctrl,False,2020-12-23,2020-12-23,xlsx,False,True
2020/2020-12-24_DailyRE24122020.xlsx,ok,70,all+ctrl,False,2020-12-24,2020-12-24,xlsx,False,True
2020/2020-12-25_DailyRE25122020.xlsx,ok,70,all+ctrl,False,2020-12-25,2020-12-25,xlsx,False,True
2020/2020-12-26_DailyRE26122020.xlsx,ok,70,all+ctrl,False,2020-12-26,2020-12-26,xlsx,False,True
2020/2020-12-27_DailyRE27122020.xlsx,ok,70,all+ctrl,False,2020-12-27,2020-12-27,xlsx,False,True
2020/2020-12-28_DailyRE28122020.xlsx,ok,70,all+ctrl,False,2020-12-28,2020-12-28,xlsx,False,True
2020/2020-12-29_DailyRE29122020.xlsx,ok,70,all+ctrl,False,2020-12-29,2020-12-29,xlsx,False,True
2020/2020-12-30_DailyRE30122020.xlsx,ok,70,all+ctrl,False,2020-12-30,2020-12-30,xlsx,False,True
2020/2020-12-31_DailyRE31122020.xlsx,ok,70,all+ctrl,False,2020-12-31,2020-12-31,xlsx,False,True
2021/2021-01-01_DailyRE01012021.xlsx,ok,70,all+ctrl,False,2021-01-01,2021-01-01,xlsx,False,True
2021/2021-01-02_DailyRE02012021.xlsx,ok,70,all+ctrl,False,2021-01-02,2021-01-02,xlsx,False,True
2021/2021-01-03_DailyRE03012021.xlsx,ok,70,all+ctrl,False,2021-01-03,2021-01-03,xlsx,False,True
2021/2021-01-04_DailyRE04012021.xlsx,ok,70,all+ctrl,False,2021-01-04,2021-01-04,xlsx,False,True
2021/2021-01-05_DailyRE05012021.xlsx,ok,70,all+ctrl,False,2021-01-05,2021-01-05,xlsx,False,True
2021/2021-01-06_DailyRE06012021.xlsx,ok,70,all+ctrl,False,2021-01-06,2021-01-06,xlsx,False,True
2021/2021-01-07_DailyRE07012021.xlsx,ok,70,all+ctrl,False,2021-01-07,2021-01-07,xlsx,False,True
2021/2021-01-08_DailyRE08012021.xlsx,ok,70,all+ctrl,False,2021-01-08,2021-01-08,xlsx,False,True
2021/2021-01-09_DailyRE09012021.xlsx,ok,70,all+ctrl,False,2021-01-09,2021-01-09,xlsx,False,True
2021/2021-01-10_DailyRE10012021.xlsx,ok,70,all+ctrl,False,2021-01-10,2021-01-10,xlsx,False,True
2021/2021-01-11_DailyRE11012021.xlsx,ok,70,all+ctrl,False,2021-01-11,2021-01-11,xlsx,False,True
2021/2021-01-12_DailyRE12012021.xlsx,ok,70,all+ctrl,False,2021-01-12,2021-01-12,xlsx,False,True
2021/2021-01-13_DailyRE13012021.xlsx,ok,70,all+ctrl,False,2021-01-13,2021-01-13,xlsx,False,True
2021/2021-01-14_DailyRE14012021.xlsx,ok,70,all+ctrl,False,2021-01-14,2021-01-14,xlsx,False,True
2021/2021-01-15_DailyRE15012021.xlsx,ok,70,all+ctrl,False,2021-01-15,2021-01-15,xlsx,False,True
2021/2021-01-16_DailyRE16012021.xlsx,ok,70,all+ctrl,False,2021-01-16,2021-01-16,xlsx,False,True
2021/2021-01-17_DailyRE17012021.xlsx,ok,70,all+ctrl,False,2021-01-17,2021-01-17,xlsx,False,True
2021/2021-01-18_DailyRE18012021.xlsx,ok,70,all+ctrl,False,2021-01-18,2021-01-18,xlsx,False,True
2021/2021-01-19_DailyRE19012021.xlsx,ok,70,all+ctrl,False,2021-01-19,2021-01-19,xlsx,False,True
2021/2021-01-20_DailyRE20012021.xlsx,ok,70,all+ctrl,False,2021-01-20,2021-01-20,xlsx,False,True
2021/2021-01-21_DailyRE21012021.xlsx,ok,70,all+ctrl,False,2021-01-21,2021-01-21,xlsx,False,True
2021/2021-01-22_DailyRE22012021.pdf,ok,70,all+ctrl,False,2021-01-22,2021-01-22,pdf,False,True
2021/2021-01-23_DailyRE23012021.xlsx,ok,70,all+ctrl,False,2021-01-23,2021-01-23,xlsx,False,True
2021/2021-01-24_DailyRE24012021.xlsx,ok,70,all+ctrl,False,2021-01-24,2021-01-24,xlsx,False,True
2021/2021-01-25_DailyRE25012021.xlsx,ok,70,all+ctrl,False,2021-01-25,2021-01-25,xlsx,False,True
2021/2021-01-26_DailyRE26012021.xlsx,ok,70,all+ctrl,False,2021-01-26,2021-01-26,xlsx,False,True
2021/2021-01-27_DailyRE27012021.xlsx,ok,70,all+ctrl,False,2021-01-27,2021-01-27,xlsx,False,True
2021/2021-01-28_DailyRE28012021.xlsx,ok,70,all+ctrl,False,2021-01-28,2021-01-28,xlsx,False,True
2021/2021-01-29_DailyRE29012021.xlsx,ok,70,all+ctrl,False,2021-01-29,2021-01-29,xlsx,False,True
2021/2021-01-30_DailyRE30012021.xlsx,ok,70,all+ctrl,False,2021-01-30,2021-01-30,xlsx,False,True
2021/2021-01-31_DailyRE31012021.xlsx,ok,70,all+ctrl,False,2021-01-31,2021-01-31,xlsx,False,True
2021/2021-02-01_DailyRE01022021.xlsx,ok,70,all+ctrl,False,2021-02-01,2021-02-01,xlsx,False,True
2021/2021-02-02_DailyRE02022021.xlsx,ok,70,all+ctrl,False,2021-02-02,2021-02-02,xlsx,False,True
2021/2021-02-03_DailyRE03022021.xlsx,ok,70,all+ctrl,False,2021-02-03,2021-02-03,xlsx,False,True
2021/2021-02-04_DailyRE04022021.xlsx,ok,70,all+ctrl,False,2021-02-04,2021-02-04,xlsx,False,True
2021/2021-02-05_DailyRE05022021.xlsx,ok,70,all+ctrl,False,2021-02-05,2021-02-05,xlsx,False,True
2021/2021-02-06_DailyRE06022021.xlsx,ok,70,all+ctrl,False,2021-02-06,2021-02-06,xlsx,False,True
2021/2021-02-07_DailyRE07022021.xlsx,ok,70,all+ctrl,False,2021-02-07,2021-02-07,xlsx,False,True
2021/2021-02-08_DailyRE08022021.xlsx,ok,70,all+ctrl,False,2021-02-08,2021-02-08,xlsx,False,True
2021/2021-02-09_DailyRE09022021.pdf,ok,70,all+ctrl,False,2021-02-09,2021-02-09,pdf,False,True
2021/2021-02-11_DailyRE11022021.xlsx,ok,70,all+ctrl,False,2021-02-11,2021-02-11,xlsx,False,True
2021/2021-02-12_DailyRE12022021.xlsx,ok,70,all+ctrl,False,2021-02-12,2021-02-12,xlsx,False,True
2021/2021-02-13_DailyRE13022021.xlsx,ok,70,all+ctrl,False,2021-02-13,2021-02-13,xlsx,False,True
2021/2021-02-14_DailyRE14022021.xlsx,ok,70,all+ctrl,False,2021-02-14,2021-02-14,xlsx,False,True
2021/2021-02-15_DailyRE15022021.xlsx,ok,70,all+ctrl,False,2021-02-15,2021-02-15,xlsx,False,True
2021/2021-02-16_DailyRE14032021.xlsx,ok,70,all+ctrl,False,2021-02-16,2021-02-16,xlsx,False,True
2021/2021-02-17_DailyRE01011970-34.xlsx,ok,70,all+ctrl,False,2021-02-17,2021-02-17,xlsx,False,True
2021/2021-02-18_DailyRE01011970-35.xlsx,ok,70,all+ctrl,False,2021-02-18,2021-02-18,xlsx,False,True
2021/2021-02-19_DailyRE01011970-44.xlsx,ok,70,all+ctrl,False,2021-02-19,2021-02-19,xlsx,False,True
2021/2021-02-19_DailyRE01011970-71.xlsx,ok,70,all+ctrl,False,2021-02-19,2021-03-19,xlsx,True,True
2021/2021-02-20_DailyRE01011970-45.xlsx,ok,70,all+ctrl,False,2021-02-20,2021-02-20,xlsx,False,True
2021/2021-02-22_DailyRE01011970-47.xlsx,ok,70,all+ctrl,False,2021-02-22,2021-02-22,xlsx,False,True
2021/2021-02-23_DailyRE01011970-48.xlsx,ok,70,all+ctrl,False,2021-02-23,2021-02-23,xlsx,False,True
2021/2021-02-24_DailyRE01011970-49.xlsx,ok,70,all+ctrl,False,2021-02-24,2021-02-24,xlsx,False,True
2021/2021-02-25_DailyRE01011970-50.xlsx,ok,70,all+ctrl,False,2021-02-25,2021-02-25,xlsx,False,True
2021/2021-02-26_DailyRE01011970-43.xlsx,ok,70,all+ctrl,False,2021-02-26,2021-02-26,xlsx,False,True
2021/2021-02-27_DailyRE01011970-51.xlsx,ok,70,all+ctrl,False,2021-02-27,2021-02-27,xlsx,False,True
2021/2021-02-28_DailyRE01011970-52.xlsx,ok,70,all+ctrl,False,2021-02-28,2021-02-28,xlsx,False,True
2021/2021-03-01_DailyRE01011970-53.xlsx,ok,70,all+ctrl,False,2021-03-01,2021-03-01,xlsx,False,True
2021/2021-03-02_DailyRE01011970-54.xlsx,ok,70,all+ctrl,False,2021-03-02,2021-03-02,xlsx,False,True
2021/2021-03-03_DailyRE01011970-55.xlsx,ok,70,all+ctrl,False,2021-03-03,2021-03-03,xlsx,False,True
2021/2021-03-04_DailyRE01011970-56.xlsx,ok,70,all+ctrl,False,2021-03-04,2021-03-04,xlsx,False,True
2021/2021-03-05_DailyRE01011970-66.xlsx,ok,70,all+ctrl,False,2021-03-05,2021-03-05,xlsx,False,True
2021/2021-03-06_DailyRE01011970-67.xlsx,ok,70,all+ctrl,False,2021-03-06,2021-03-06,xlsx,False,True
2021/2021-03-07_DailyRE01011970-57.xlsx,ok,70,all+ctrl,False,2021-03-07,2021-03-07,xlsx,False,True
2021/2021-03-08_DailyRE01011970-58.xlsx,ok,70,all+ctrl,False,2021-03-08,2021-03-08,xlsx,False,True
2021/2021-03-09_DailyRE01011970-60.xlsx,ok,70,all+ctrl,False,2021-03-09,2021-03-09,xlsx,False,True
2021/2021-03-10_DailyRE01011970-61.xlsx,ok,70,all+ctrl,False,2021-03-10,2021-03-10,xlsx,False,True
2021/2021-03-11_DailyRE01011970-62.xlsx,ok,70,all+ctrl,False,2021-03-11,2021-03-11,xlsx,False,True
2021/2021-03-12_DailyRE01011970-63.xlsx,ok,70,all+ctrl,False,2021-03-12,2021-03-12,xlsx,False,True
2021/2021-03-13_DailyRE01011970-64.xlsx,ok,70,all+ctrl,False,2021-03-13,2021-03-13,xlsx,False,True
2021/2021-03-14_DailyRE01011970-65.xlsx,ok,70,all+ctrl,False,2021-03-14,2021-03-14,xlsx,False,True
2021/2021-03-15_DailyRE01011970-59.xlsx,ok,70,all+ctrl,False,2021-03-15,2021-03-15,xlsx,False,True
2021/2021-03-17_DailyRE01011970-69.xlsx,ok,70,all+ctrl,False,2021-03-17,2021-03-17,xlsx,False,True
2021/2021-03-18_DailyRE01011970-70.xlsx,ok,70,all+ctrl,False,2021-03-18,2021-03-18,xlsx,False,True
2021/2021-03-20_DailyRE01011970-72.xlsx,ok,70,all+ctrl,False,2021-03-20,2021-03-20,xlsx,False,True
2021/2021-03-21_DailyRE01011970-74.xlsx,ok,70,all+ctrl,False,2021-03-21,2021-03-21,xlsx,False,True
2021/2021-03-22_DailyRE01011970-75.xlsx,ok,70,all+ctrl,False,2021-03-22,2021-03-22,xlsx,False,True
2021/2021-03-23_DailyRE01011970-76.xlsx,ok,70,all+ctrl,False,2021-03-23,2021-03-23,xlsx,False,True
2021/2021-03-24_DailyRE01011970-79.xlsx,error:OSError,0,,,2021-03-24,,xlsx,False,False
2021/2021-03-26_DailyRE01011970-91.xlsx,ok,70,all+ctrl,False,2021-03-26,2021-03-26,xlsx,False,True
2021/2021-03-27_DailyRE01011970-93.xlsx,ok,70,all+ctrl,False,2021-03-27,2021-03-27,xlsx,False,True
2021/2021-03-28_DailyRE28032021.xlsx,ok,70,all+ctrl,False,2021-03-28,2021-03-28,xlsx,False,True
2021/2021-03-29_DailyRE29032021.xlsx,ok,70,all+ctrl,False,2021-03-29,2021-03-29,xlsx,False,True
2021/2021-04-01_DailyRE01011970-96.xlsx,ok,70,all+ctrl,False,2021-04-01,2021-04-01,xlsx,False,True
2021/2021-04-02_DailyRE01011970-97.xlsx,ok,70,all+ctrl,False,2021-04-02,2021-04-02,xlsx,False,True
2021/2021-04-03_DailyRE01011970-98.xlsx,ok,70,all+ctrl,False,2021-04-03,2021-04-03,xlsx,False,True
2021/2021-04-04_DailyRE01011970-99.xlsx,ok,70,all+ctrl,False,2021-04-04,2021-04-04,xlsx,False,True
2021/2021-04-05_DailyRE05042021.xlsx,ok,70,all+ctrl,False,2021-04-05,2021-04-05,xlsx,False,True
2021/2021-04-06_DailyRE01011970-107.xlsx,ok,70,all+ctrl,False,2021-04-06,2021-04-06,xlsx,False,True
2021/2021-04-07_DailyRE01011970-108.xlsx,ok,70,all+ctrl,False,2021-04-07,2021-04-07,xlsx,False,True
2021/2021-04-08_DailyRE01011970-110.xlsx,ok,70,all+ctrl,False,2021-04-08,2021-04-08,xlsx,False,True
2021/2021-04-09_DailyRE01011970-111.xlsx,ok,70,all+ctrl,False,2021-04-09,2021-04-09,xlsx,False,True
2021/2021-04-10_DailyRE01011970-112.xlsx,ok,70,all+ctrl,False,2021-04-10,2021-04-10,xlsx,False,True
2021/2021-04-11_DailyRE01011970-113.xlsx,ok,70,all+ctrl,False,2021-04-11,2021-04-11,xlsx,False,True
2021/2021-04-12_DailyRE01011970-119.xlsx,ok,70,all+ctrl,False,2021-04-12,2021-04-12,xlsx,False,True
2021/2021-04-13_DailyRE01011970-121.xlsx,ok,70,all+ctrl,False,2021-04-13,2021-04-13,xlsx,False,True
2021/2021-04-15_DailyRE01011970-123.xlsx,ok,70,all+ctrl,False,2021-04-15,2021-04-15,xlsx,False,True
2021/2021-04-16_DailyRE01011970-124.xlsx,ok,70,all+ctrl,False,2021-04-16,2021-04-16,xlsx,False,True
2021/2021-04-17_DailyRE01011970-125.xlsx,ok,70,all+ctrl,False,2021-04-17,2021-04-17,xlsx,False,True
2021/2021-04-18_DailyRE01011970-126.xlsx,ok,70,all+ctrl,False,2021-04-18,2021-04-18,xlsx,False,True
2021/2021-04-18_DailyRE01011970-129.xlsx,ok,70,all+ctrl,False,2021-04-18,2021-04-20,xlsx,True,True
2021/2021-04-19_DailyRE01011970-127.xlsx,ok,70,all+ctrl,False,2021-04-19,2021-04-19,xlsx,False,True
2021/2021-04-21_DailyRE01011970-128.xlsx,ok,70,all+ctrl,False,2021-04-21,2021-04-21,xlsx,False,True
2021/2021-04-22_DailyRE01011970-130.xlsx,ok,70,all+ctrl,False,2021-04-22,2021-04-22,xlsx,False,True
2021/2021-04-23_DailyRE01011970-131.xlsx,ok,70,all+ctrl,False,2021-04-23,2021-04-23,xlsx,False,True
2021/2021-04-24_DailyRE01011970-132.xlsx,ok,70,all+ctrl,False,2021-04-24,2021-04-24,xlsx,False,True
2021/2021-04-25_DailyRE01011970-133.xlsx,ok,70,all+ctrl,False,2021-04-25,2021-04-25,xlsx,False,True
2021/2021-04-26_DailyRE01011970-134.xlsx,ok,70,all+ctrl,False,2021-04-26,2021-04-26,xlsx,False,True
2021/2021-04-27_DailyRE01011970-135.xlsx,ok,70,all+ctrl,False,2021-04-27,2021-04-27,xlsx,False,True
2021/2021-04-28_DailyRE01011970-136.xlsx,ok,70,all+ctrl,False,2021-04-28,2021-04-28,xlsx,False,True
2021/2021-04-29_DailyRE01011970-137.xlsx,ok,70,all+ctrl,False,2021-04-29,2021-04-29,xlsx,False,True
2021/2021-04-30_DailyRE01011970-138.xlsx,ok,70,all+ctrl,False,2021-04-30,2021-04-30,xlsx,False,True
2021/2021-05-01_DailyRE01011970-139.xlsx,ok,70,all+ctrl,False,2021-05-01,2021-05-01,xlsx,False,True
2021/2021-05-02_DailyRE01011970-140.xlsx,ok,70,all+ctrl,False,2021-05-02,2021-05-02,xlsx,False,True
2021/2021-05-03_DailyRE01011970-141.xlsx,ok,70,all+ctrl,False,2021-05-03,2021-05-03,xlsx,False,True
2021/2021-05-04_DailyRE01011970-142.xlsx,ok,70,all+ctrl,False,2021-05-04,2021-05-04,xlsx,False,True
2021/2021-05-05_DailyRE01011970-143.xlsx,ok,70,all+ctrl,False,2021-05-05,2021-05-05,xlsx,False,True
2021/2021-05-06_DailyRE01011970-144.xlsx,ok,70,all+ctrl,False,2021-05-06,2021-05-06,xlsx,False,True
2021/2021-05-07_DailyRE01011970-146.xlsx,ok,70,all+ctrl,False,2021-05-07,2021-05-07,xlsx,False,True
2021/2021-05-08_DailyRE01011970-147.xlsx,ok,70,all+ctrl,False,2021-05-08,2021-05-08,xlsx,False,True
2021/2021-05-09_DailyRE01011970-148.xlsx,ok,70,all+ctrl,False,2021-05-09,2021-05-09,xlsx,False,True
2021/2021-05-10_DailyRE01011970-149.xlsx,ok,70,all+ctrl,False,2021-05-10,2021-05-10,xlsx,False,True
2021/2021-05-11_11_May.xlsx,ok,70,all+ctrl,False,2021-05-11,2021-05-11,xlsx,False,True
2021/2021-05-12_12_May.xlsx,ok,70,all+ctrl,False,2021-05-12,2021-05-12,xlsx,False,True
2021/2021-05-13_13_May.xlsx,ok,70,all+ctrl,False,2021-05-13,2021-05-13,xlsx,False,True
2021/2021-05-14_14_May.xlsx,ok,70,all+ctrl,False,2021-05-14,2021-05-14,xlsx,False,True
2021/2021-05-15_15_May.xlsx,ok,70,all+ctrl,False,2021-05-15,2021-05-15,xlsx,False,True
2021/2021-05-16_16_May.xlsx,ok,70,all+ctrl,False,2021-05-16,2021-05-16,xlsx,False,True
2021/2021-05-17_17_May.xlsx,ok,70,all+ctrl,False,2021-05-17,2021-05-17,xlsx,False,True
2021/2021-05-18_18_May.xlsx,ok,70,all+ctrl,False,2021-05-18,2021-05-18,xlsx,False,True
2021/2021-05-19_19_May.xlsx,ok,70,all+ctrl,False,2021-05-19,2021-05-19,xlsx,False,True
2021/2021-05-21_21_May.xlsx,ok,70,all+ctrl,False,2021-05-21,2021-05-21,xlsx,False,True
2021/2021-05-22_22_May.xlsx,ok,70,all+ctrl,False,2021-05-22,2021-05-22,xlsx,False,True
2021/2021-05-23_23_May.xlsx,ok,70,all+ctrl,False,2021-05-23,2021-05-23,xlsx,False,True
2021/2021-05-24_24__May.xlsx,ok,70,all+ctrl,False,2021-05-24,2021-05-24,xlsx,False,True
2021/2021-05-25_25_May.xlsx,ok,70,all+ctrl,False,2021-05-25,2021-05-25,xlsx,False,True
2021/2021-05-26_26_May.xlsx,ok,70,all+ctrl,False,2021-05-26,2021-05-26,xlsx,False,True
2021/2021-05-27_27_May.xlsx,ok,70,all+ctrl,False,2021-05-27,2021-05-27,xlsx,False,True
2021/2021-05-29_29_May.xlsx,ok,70,all+ctrl,False,2021-05-29,2021-05-29,xlsx,False,True
2021/2021-05-30_30_May.xlsx,ok,70,all+ctrl,False,2021-05-30,2021-05-30,xlsx,False,True
2021/2021-05-31_31_May.xlsx,ok,70,all+ctrl,False,2021-05-31,2021-05-31,xlsx,False,True
2021/2021-06-01_1_June_2021.xlsx,ok,70,all+ctrl,False,2021-06-01,2021-06-01,xlsx,False,True
2021/2021-06-02_2_June_2021.xlsx,ok,70,all+ctrl,False,2021-06-02,2021-06-02,xlsx,False,True
2021/2021-06-03_3_June.xlsx,ok,70,all+ctrl,False,2021-06-03,2021-06-03,xlsx,False,True
2021/2021-06-04_4_June_2021.xlsx,ok,70,all+ctrl,False,2021-06-04,2021-06-04,xlsx,False,True
2021/2021-06-05_5_June.xlsx,ok,70,all+ctrl,False,2021-06-05,2021-06-05,xlsx,False,True
2021/2021-06-06_6_June.xlsx,ok,70,all+ctrl,False,2021-06-06,2021-06-06,xlsx,False,True
2021/2021-06-07_7_June.xlsx,ok,70,all+ctrl,False,2021-06-07,2021-06-07,xlsx,False,True
2021/2021-06-08_8_June.xlsx,ok,70,all+ctrl,False,2021-06-08,2021-06-08,xlsx,False,True
2021/2021-06-09_9_June.xlsx,ok,70,all+ctrl,False,2021-06-09,2021-06-09,xlsx,False,True
2021/2021-06-10_10_June.xlsx,ok,70,all+ctrl,False,2021-06-10,2021-06-10,xlsx,False,True
2021/2021-06-11_11_June.xlsx,ok,70,all+ctrl,False,2021-06-11,2021-06-11,xlsx,False,True
2021/2021-06-12_12_June.xlsx,ok,70,all+ctrl,False,2021-06-12,2021-06-12,xlsx,False,True
2021/2021-06-13_13_June.xlsx,ok,70,all+ctrl,False,2021-06-13,2021-06-13,xlsx,False,True
2021/2021-06-14_14_June_2021.xlsx,ok,70,all+ctrl,False,2021-06-14,2021-06-14,xlsx,False,True
2021/2021-06-14_15_June.xlsx,ok,70,all+ctrl,False,2021-06-14,2021-06-15,xlsx,True,True
2021/2021-06-16_16_June.xlsx,ok,70,all+ctrl,False,2021-06-16,2021-06-16,xlsx,False,True
2021/2021-06-17_17_June.xlsx,ok,70,all+ctrl,False,2021-06-17,2021-06-17,xlsx,False,True
2021/2021-06-18_18_June.xlsx,ok,70,all+ctrl,False,2021-06-18,2021-06-18,xlsx,False,True
2021/2021-06-20_20_June.xlsx,ok,70,all+ctrl,False,2021-06-20,2021-06-20,xlsx,False,True
2021/2021-06-21_21_June.xlsx,ok,70,all+ctrl,False,2021-06-21,2021-06-21,xlsx,False,True
2021/2021-06-22_22_June.xlsx,ok,70,all+ctrl,False,2021-06-22,2021-06-22,xlsx,False,True
2021/2021-06-23_23_June.xlsx,ok,70,all+ctrl,False,2021-06-23,2021-06-23,xlsx,False,True
2021/2021-06-24_24_June.xlsx,ok,70,all+ctrl,False,2021-06-24,2021-06-24,xlsx,False,True
2021/2021-06-25_25_June.xlsx,ok,70,all+ctrl,False,2021-06-25,2021-06-25,xlsx,False,True
2021/2021-06-26_26_June.xlsx,ok,70,all+ctrl,False,2021-06-26,2021-06-26,xlsx,False,True
2021/2021-06-27_27_June.xlsx,ok,70,all+ctrl,False,2021-06-27,2021-06-27,xlsx,False,True
2021/2021-06-28_28_June.xlsx,ok,70,all+ctrl,False,2021-06-28,2021-06-28,xlsx,False,True
2021/2021-06-28_29_June.xlsx,ok,70,all+ctrl,False,2021-06-28,2021-06-29,xlsx,True,True
2021/2021-06-30_30_June.xlsx,ok,70,all+ctrl,False,2021-06-30,2021-06-30,xlsx,False,True
2021/2021-07-01_1_July.xlsx,ok,70,all+ctrl,False,2021-07-01,2021-07-01,xlsx,False,True
2021/2021-07-02_2_July.xlsx,ok,70,all+ctrl,False,2021-07-02,2021-07-02,xlsx,False,True
2021/2021-07-03_3_July.xlsx,ok,70,all+ctrl,False,2021-07-03,2021-07-03,xlsx,False,True
2021/2021-07-04_4_July.xlsx,ok,70,all+ctrl,False,2021-07-04,2021-07-04,xlsx,False,True
2021/2021-07-05_5_July.xlsx,ok,70,all+ctrl,False,2021-07-05,2021-07-05,xlsx,False,True
2021/2021-07-06_6_July.xlsx,ok,70,all+ctrl,False,2021-07-06,2021-07-06,xlsx,False,True
2021/2021-07-07_7_July.xlsx,ok,70,all+ctrl,False,2021-07-07,2021-07-07,xlsx,False,True
2021/2021-07-08_8_July.xlsx,ok,70,all+ctrl,False,2021-07-08,2021-07-08,xlsx,False,True
2021/2021-07-09_9_July.xlsx,ok,70,all+ctrl,False,2021-07-09,2021-07-09,xlsx,False,True
2021/2021-07-10_10_July.xlsx,ok,70,all+ctrl,False,2021-07-10,2021-07-10,xlsx,False,True
2021/2021-07-11_11_July.xlsx,ok,70,all+ctrl,False,2021-07-11,2021-07-11,xlsx,False,True
2021/2021-07-12_12_July.xlsx,ok,70,all+ctrl,False,2021-07-12,2021-07-12,xlsx,False,True
2021/2021-07-13_13_July.xlsx,ok,70,all+ctrl,False,2021-07-13,2021-07-13,xlsx,False,True
2021/2021-07-14_14_July.xlsx,ok,70,all+ctrl,False,2021-07-14,2021-07-14,xlsx,False,True
2021/2021-07-15_15_July.xlsx,ok,70,all+ctrl,False,2021-07-15,2021-07-15,xlsx,False,True
2021/2021-07-16_16_July.xlsx,ok,70,all+ctrl,False,2021-07-16,2021-07-16,xlsx,False,True
2021/2021-07-17_17_July.xlsx,ok,70,all+ctrl,False,2021-07-17,2021-07-17,xlsx,False,True
2021/2021-07-18_18_July.xlsx,ok,70,all+ctrl,False,2021-07-18,2021-07-18,xlsx,False,True
2021/2021-07-20_20_July.xlsx,ok,70,all+ctrl,False,2021-07-20,2021-07-20,xlsx,False,True
2021/2021-07-21_21_july.xlsx,ok,70,all+ctrl,False,2021-07-21,2021-07-21,xlsx,False,True
2021/2021-07-22_22_July.xlsx,ok,70,all+ctrl,False,2021-07-22,2021-07-22,xlsx,False,True
2021/2021-07-23_23_July.xlsx,ok,70,all+ctrl,False,2021-07-23,2021-07-23,xlsx,False,True
2021/2021-07-24_24_July.xlsx,ok,70,all+ctrl,False,2021-07-24,2021-07-24,xlsx,False,True
2021/2021-07-25_25_July.xlsx,ok,70,all+ctrl,False,2021-07-25,2021-07-25,xlsx,False,True
2021/2021-07-26_26_July.xlsx,ok,70,all+ctrl,False,2021-07-26,2021-07-26,xlsx,False,True
2021/2021-07-27_27_July.xlsx,ok,70,all+ctrl,False,2021-07-27,2021-07-27,xlsx,False,True
2021/2021-07-28_28_July.xlsx,ok,70,all+ctrl,False,2021-07-28,2021-07-28,xlsx,False,True
2021/2021-07-29_29_July.xlsx,ok,70,all+ctrl,False,2021-07-29,2021-07-29,xlsx,False,True
2021/2021-07-30_30_July.xlsx,ok,70,all+ctrl,False,2021-07-30,2021-07-30,xlsx,False,True
2021/2021-07-31_31_July_1.xlsx,ok,70,all+ctrl,False,2021-07-31,2021-07-31,xlsx,False,True
2021/2021-08-01_1_Aug_2021.xlsx,ok,70,all+ctrl,False,2021-08-01,2021-08-01,xlsx,False,True
2021/2021-08-02_2_Aug.xlsx,ok,70,all+ctrl,False,2021-08-02,2021-08-02,xlsx,False,True
2021/2021-08-03_3_Aug.xlsx,ok,70,all+ctrl,False,2021-08-03,2021-08-03,xlsx,False,True
2021/2021-08-04_4_Aug.xlsx,ok,70,all+ctrl,False,2021-08-04,2021-08-04,xlsx,False,True
2021/2021-08-05_5_Aug.xlsx,ok,70,all+ctrl,False,2021-08-05,2021-08-05,xlsx,False,True
2021/2021-08-06_6_Aug.xlsx,ok,70,all+ctrl,False,2021-08-06,2021-08-06,xlsx,False,True
2021/2021-08-07_7_Aug.xlsx,ok,70,all+ctrl,False,2021-08-07,2021-08-07,xlsx,False,True
2021/2021-08-08_8_Aug.xlsx,ok,70,all+ctrl,False,2021-08-08,2021-08-08,xlsx,False,True
2021/2021-08-09_9_Aug.xlsx,ok,70,all+ctrl,False,2021-08-09,2021-08-09,xlsx,False,True
2021/2021-08-10_10_Aug.xlsx,ok,70,all+ctrl,False,2021-08-10,2021-08-10,xlsx,False,True
2021/2021-08-11_11_Aug.xlsx,ok,70,all+ctrl,False,2021-08-11,2021-08-11,xlsx,False,True
2021/2021-08-12_12_Aug.xlsx,ok,70,all+ctrl,False,2021-08-12,2021-08-12,xlsx,False,True
2021/2021-08-13_13_Aug.xlsx,ok,70,all+ctrl,False,2021-08-13,2021-08-13,xlsx,False,True
2021/2021-08-14_14_Aug.xlsx,ok,70,all+ctrl,False,2021-08-14,2021-08-14,xlsx,False,True
2021/2021-08-15_15_Aug.xlsx,ok,70,all+ctrl,False,2021-08-15,2021-08-15,xlsx,False,True
2021/2021-08-16_16_Aug.xlsx,ok,70,all+ctrl,False,2021-08-16,2021-08-16,xlsx,False,True
2021/2021-08-17_17_Aug.xlsx,ok,70,all+ctrl,False,2021-08-17,2021-08-17,xlsx,False,True
2021/2021-08-18_18_Aug.xlsx,ok,70,all+ctrl,False,2021-08-18,2021-08-18,xlsx,False,True
2021/2021-08-19_19_Aug.xlsx,ok,70,all+ctrl,False,2021-08-19,2021-08-19,xlsx,False,True
2021/2021-08-20_20_Aug.xlsx,ok,70,all+ctrl,False,2021-08-20,2021-08-20,xlsx,False,True
2021/2021-08-21_21_Aug.xlsx,ok,70,all+ctrl,False,2021-08-21,2021-08-21,xlsx,False,True
2021/2021-08-22_22_Aug.xlsx,ok,70,all+ctrl,False,2021-08-22,2021-08-22,xlsx,False,True
2021/2021-08-23_23_Aug.xlsx,ok,70,all+ctrl,False,2021-08-23,2021-08-23,xlsx,False,True
2021/2021-08-24_24_Aug.xlsx,ok,70,all+ctrl,False,2021-08-24,2021-08-24,xlsx,False,True
2021/2021-08-25_25_Aug.xlsx,ok,70,all+ctrl,False,2021-08-25,2021-08-25,xlsx,False,True
2021/2021-08-26_26_Aug.xlsx,ok,70,all+ctrl,False,2021-08-26,2021-08-26,xlsx,False,True
2021/2021-08-27_27_Aug.xlsx,ok,70,all+ctrl,False,2021-08-27,2021-08-27,xlsx,False,True
2021/2021-08-28_28_Aug.xlsx,ok,70,all+ctrl,False,2021-08-28,2021-08-28,xlsx,False,True
2021/2021-08-29_29_Aug.xlsx,ok,70,all+ctrl,False,2021-08-29,2021-08-29,xlsx,False,True
2021/2021-08-30_30_Aug.xlsx,ok,70,all+ctrl,False,2021-08-30,2021-08-30,xlsx,False,True
2021/2021-08-31_31_Aug.xlsx,ok,70,all+ctrl,False,2021-08-31,2021-08-31,xlsx,False,True
2021/2021-09-01_1_Sept.xlsx,ok,70,all+ctrl,False,2021-09-01,2021-09-01,xlsx,False,True
2021/2021-09-02_2_Sept.xlsx,ok,70,all+ctrl,False,2021-09-02,2021-09-02,xlsx,False,True
2021/2021-09-03_3_Sept.xlsx,ok,70,all+ctrl,False,2021-09-03,2021-09-03,xlsx,False,True
2021/2021-09-04_4_Sept.xlsx,ok,70,all+ctrl,False,2021-09-04,2021-09-04,xlsx,False,True
2021/2021-09-05_5_Sept.xlsx,ok,70,all+ctrl,False,2021-09-05,2021-09-05,xlsx,False,True
2021/2021-09-06_6_Sept.xlsx,ok,70,all+ctrl,False,2021-09-06,2021-09-06,xlsx,False,True
2021/2021-09-07_7_Sept_2021.xlsx,ok,70,all+ctrl,False,2021-09-07,2021-09-07,xlsx,False,True
2021/2021-09-08_8_Sept.xlsx,ok,70,all+ctrl,False,2021-09-08,2021-09-08,xlsx,False,True
2021/2021-09-09_9_Sept.xlsx,ok,70,all+ctrl,False,2021-09-09,2021-09-09,xlsx,False,True
2021/2021-09-10_10_Sept.xlsx,ok,70,all+ctrl,False,2021-09-10,2021-09-10,xlsx,False,True
2021/2021-09-11_11_Sept.xlsx,ok,70,all+ctrl,False,2021-09-11,2021-09-11,xlsx,False,True
2021/2021-09-12_12_Sept.xlsx,ok,70,all+ctrl,False,2021-09-12,2021-09-12,xlsx,False,True
2021/2021-09-13_13_Sept.xlsx,ok,70,all+ctrl,False,2021-09-13,2021-09-13,xlsx,False,True
2021/2021-09-14_14_Sept.xlsx,ok,70,all+ctrl,False,2021-09-14,2021-09-14,xlsx,False,True
2021/2021-09-15_15_Sept.xlsx,ok,70,all+ctrl,False,2021-09-15,2021-09-15,xlsx,False,True
2021/2021-09-16_16Sept.xlsx,ok,70,all+ctrl,False,2021-09-16,2021-09-16,xlsx,False,True
2021/2021-09-17_17_Sept.xlsx,ok,70,all+ctrl,False,2021-09-17,2021-09-17,xlsx,False,True
2021/2021-09-18_18_Sept.xlsx,ok,70,all+ctrl,False,2021-09-18,2021-09-18,xlsx,False,True
2021/2021-09-19_19_Sept.xlsx,ok,70,all+ctrl,False,2021-09-19,2021-09-19,xlsx,False,True
2021/2021-09-20_20_Sept.xlsx,ok,70,all+ctrl,False,2021-09-20,2021-09-20,xlsx,False,True
2021/2021-09-21_21_Sept.xlsx,ok,70,all+ctrl,False,2021-09-21,2021-09-21,xlsx,False,True
2021/2021-09-22_22_sept.xlsx,ok,70,all+ctrl,False,2021-09-22,2021-09-22,xlsx,False,True
2021/2021-09-23_23_Sept.xlsx,ok,70,all+ctrl,False,2021-09-23,2021-09-23,xlsx,False,True
2021/2021-09-24_24_Sept.xlsx,ok,70,all+ctrl,False,2021-09-24,2021-09-24,xlsx,False,True
2021/2021-09-25_25_Sept.xlsx,ok,70,all+ctrl,False,2021-09-25,2021-09-25,xlsx,False,True
2021/2021-09-26_26_Sept.xlsx,ok,70,all+ctrl,False,2021-09-26,2021-09-26,xlsx,False,True
2021/2021-09-27_27_Sept.xlsx,ok,70,all+ctrl,False,2021-09-27,2021-09-27,xlsx,False,True
2021/2021-09-28_28_Sept.xlsx,ok,70,all+ctrl,False,2021-09-28,2021-09-28,xlsx,False,True
2021/2021-10-01_01_Oct.xlsx,ok,70,all+ctrl,False,2021-10-01,2021-10-01,xlsx,False,True
2021/2021-10-02_2_Oct.xlsx,ok,70,all+ctrl,False,2021-10-02,2021-10-02,xlsx,False,True
2021/2021-10-03_3_Oct.xlsx,ok,70,all+ctrl,False,2021-10-03,2021-10-03,xlsx,False,True
2021/2021-10-04_4_Oct.xlsx,ok,70,all+ctrl,False,2021-10-04,2021-10-04,xlsx,False,True
2021/2021-10-05_5_Oct.xlsx,ok,70,all+ctrl,False,2021-10-05,2021-10-05,xlsx,False,True
2021/2021-10-06_6_Oct.xlsx,ok,70,all+ctrl,False,2021-10-06,2021-10-06,xlsx,False,True
2021/2021-10-07_7_Oct.xlsx,ok,70,all+ctrl,False,2021-10-07,2021-10-07,xlsx,False,True
2021/2021-10-08_8_Oct.xlsx,ok,70,all+ctrl,False,2021-10-08,2021-10-08,xlsx,False,True
2021/2021-10-09_9_Oct.xlsx,ok,70,all+ctrl,False,2021-10-09,2021-10-09,xlsx,False,True
2021/2021-10-10_10_Oct.xlsx,ok,70,all+ctrl,False,2021-10-10,2021-10-10,xlsx,False,True
2021/2021-10-11_11_Oct.xlsx,ok,70,all+ctrl,False,2021-10-11,2021-10-11,xlsx,False,True
2021/2021-10-12_12_Oct.xlsx,ok,70,all+ctrl,False,2021-10-12,2021-10-12,xlsx,False,True
2021/2021-10-13_13_Oct.xlsx,ok,70,all+ctrl,False,2021-10-13,2021-10-13,xlsx,False,True
2021/2021-10-14_14_Oct.xlsx,ok,70,all+ctrl,False,2021-10-14,2021-10-14,xlsx,False,True
2021/2021-10-15_15_Oct.xlsx,ok,70,all+ctrl,False,2021-10-15,2021-10-15,xlsx,False,True
2021/2021-10-16_16_Oct.xlsx,ok,70,all+ctrl,False,2021-10-16,2021-10-16,xlsx,False,True
2021/2021-10-17_17_Oct.xlsx,ok,70,all+ctrl,False,2021-10-17,2021-10-17,xlsx,False,True
2021/2021-10-18_18_oct.xlsx,ok,70,all+ctrl,False,2021-10-18,2021-10-18,xlsx,False,True
2021/2021-10-19_19_Oct.xlsx,ok,70,all+ctrl,False,2021-10-19,2021-10-19,xlsx,False,True
2021/2021-10-20_20_Oct.xlsx,ok,70,all+ctrl,False,2021-10-20,2021-10-20,xlsx,False,True
2021/2021-10-21_21_Oct.xlsx,ok,70,all+ctrl,False,2021-10-21,2021-10-21,xlsx,False,True
2021/2021-10-22_22_Oct.xlsx,ok,70,all+ctrl,False,2021-10-22,2021-10-22,xlsx,False,True
2021/2021-10-23_23_Oct.xlsx,ok,70,all+ctrl,False,2021-10-23,2021-10-23,xlsx,False,True
2021/2021-10-24_24_Oct.xlsx,ok,70,all+ctrl,False,2021-10-24,2021-10-24,xlsx,False,True
2021/2021-10-25_25_Oct.xlsx,ok,70,all+ctrl,False,2021-10-25,2021-10-25,xlsx,False,True
2021/2021-10-26_26_Oct.xlsx,ok,70,all+ctrl,False,2021-10-26,2021-10-26,xlsx,False,True
2021/2021-10-27_27_OCT.xlsx,ok,70,all+ctrl,False,2021-10-27,2021-10-27,xlsx,False,True
2021/2021-10-28_28_Oct.xlsx,ok,70,all+ctrl,False,2021-10-28,2021-10-28,xlsx,False,True
2021/2021-10-29_29_Oct.xlsx,ok,70,all+ctrl,False,2021-10-29,2021-10-29,xlsx,False,True
2021/2021-10-30_30_Oct.xlsx,ok,70,all+ctrl,False,2021-10-30,2021-10-30,xlsx,False,True
2021/2021-10-30_30_Sept.xlsx,ok,70,all+ctrl,False,2021-10-30,2021-09-30,xlsx,True,True
2021/2021-10-31_31_Oct.xlsx,ok,70,all+ctrl,False,2021-10-31,2021-10-31,xlsx,False,True
2021/2021-11-01_01_Nov.xlsx,ok,70,all+ctrl,False,2021-11-01,2021-11-01,xlsx,False,True
2021/2021-11-02_2_Nov.xlsx,ok,70,all+ctrl,False,2021-11-02,2021-11-02,xlsx,False,True
2021/2021-11-03_3_Nov.xlsx,ok,70,all+ctrl,False,2021-11-03,2021-11-03,xlsx,False,True
2021/2021-11-04_4_Nov.xlsx,ok,70,all+ctrl,False,2021-11-04,2021-11-04,xlsx,False,True
2021/2021-11-05_5_Nov.xlsx,ok,70,all+ctrl,False,2021-11-05,2021-11-05,xlsx,False,True
2021/2021-11-06_6_Nov.xlsx,ok,70,all+ctrl,False,2021-11-06,2021-11-06,xlsx,False,True
2021/2021-11-07_7_Nov.xlsx,ok,70,all+ctrl,False,2021-11-07,2021-11-07,xlsx,False,True
2021/2021-11-08_8_Nov.xlsx,ok,70,all+ctrl,False,2021-11-08,2021-11-08,xlsx,False,True
2021/2021-11-09_9_Nov.xlsx,ok,70,all+ctrl,False,2021-11-09,2021-11-09,xlsx,False,True
2021/2021-11-10_10_Nov.xlsx,ok,70,all+ctrl,False,2021-11-10,2021-11-10,xlsx,False,True
2021/2021-11-11_11_Nov.xlsx,ok,70,all+ctrl,False,2021-11-11,2021-11-11,xlsx,False,True
2021/2021-11-12_12_Nov.xlsx,ok,70,all+ctrl,False,2021-11-12,2021-11-12,xlsx,False,True
2021/2021-11-13_13_Nov.xlsx,ok,70,all+ctrl,False,2021-11-13,2021-11-13,xlsx,False,True
2021/2021-11-14_14_Nov.xlsx,ok,70,all+ctrl,False,2021-11-14,2021-11-14,xlsx,False,True
2021/2021-11-15_1520Nov.xlsx,ok,70,all+ctrl,False,2021-11-15,2021-11-15,xlsx,False,True
2021/2021-11-16_16_Nov.xlsx,ok,70,all+ctrl,False,2021-11-16,2021-11-16,xlsx,False,True
2021/2021-11-17_17_Nov.xlsx,ok,70,all+ctrl,False,2021-11-17,2021-11-17,xlsx,False,True
2021/2021-11-18_daily18112021_1.xlsx,ok,70,all+ctrl,False,2021-11-18,2021-11-18,xlsx,False,True
2021/2021-11-19_19_11_2021_Daily_Report.xlsx,ok,70,all+ctrl,False,2021-11-19,2021-11-19,xlsx,False,True
2021/2021-11-20_20_11_2021_Daily_Report.xlsx,ok,70,all+ctrl,False,2021-11-20,2021-11-20,xlsx,False,True
2021/2021-11-21_21_11_2021_Daily_Report-1.xlsx,ok,70,all+ctrl,False,2021-11-21,2021-11-21,xlsx,False,True
2021/2021-11-22_22_11_2021_Daily_Report.xlsx,ok,70,all+ctrl,False,2021-11-22,2021-11-22,xlsx,False,True
2021/2021-11-23_daily_All_India.xlsx,ok,70,all+ctrl,False,2021-11-23,2021-11-23,xlsx,False,True
2021/2021-11-24_daily24112021.xlsx,ok,70,all+ctrl,False,2021-11-24,2021-11-24,xlsx,False,True
2021/2021-11-25_daily25112021.xlsx,ok,70,all+ctrl,False,2021-11-25,2021-11-25,xlsx,False,True
2021/2021-11-26_daily26112021.xlsx,ok,70,all+ctrl,False,2021-11-26,2021-11-26,xlsx,False,True
2021/2021-11-27_daily271121.xlsx,ok,70,all+ctrl,False,2021-11-27,2021-11-27,xlsx,False,True
2021/2021-11-28_daily28112021.xlsx,ok,70,all+ctrl,False,2021-11-28,2021-11-28,xlsx,False,True
2021/2021-11-29_daily29112021.xlsx,ok,70,all+ctrl,False,2021-11-29,2021-11-29,xlsx,False,True
2021/2021-11-30_30_th_November.xlsx,ok,70,all+ctrl,False,2021-11-30,2021-11-30,xlsx,False,True
2021/2021-12-01_daily01122021.xlsx,ok,70,all+ctrl,False,2021-12-01,2021-12-01,xlsx,False,True
2021/2021-12-02_daily02122021.xlsx,ok,70,all+ctrl,False,2021-12-02,2021-12-02,xlsx,False,True
2021/2021-12-03_daily03122021.xlsx,ok,70,all+ctrl,False,2021-12-03,2021-12-03,xlsx,False,True
2021/2021-12-04_daily04122021.xlsx,ok,70,all+ctrl,False,2021-12-04,2021-12-04,xlsx,False,True
2021/2021-12-05_daily05122021.xlsx,ok,70,all+ctrl,False,2021-12-05,2021-12-05,xlsx,False,True
2021/2021-12-06_daily06122021.xlsx,ok,70,all+ctrl,False,2021-12-06,2021-12-06,xlsx,False,True
2021/2021-12-07_7_12_2021_Daily_Report.xlsx,ok,70,all+ctrl,False,2021-12-07,2021-12-07,xlsx,False,True
2021/2021-12-08_8_12_2021_Daily_Report.xlsx,ok,70,all+ctrl,False,2021-12-08,2021-12-08,xlsx,False,True
2021/2021-12-09_9_12_2021_Daily_Report.xlsx,ok,70,all+ctrl,False,2021-12-09,2021-12-09,xlsx,False,True
2021/2021-12-10_10_12_2021_Daily_Report.xlsx,ok,70,all+ctrl,False,2021-12-10,2021-12-10,xlsx,False,True
2021/2021-12-11_11_12_2021_Daily_Report.xlsx,ok,70,all+ctrl,False,2021-12-11,2021-12-11,xlsx,False,True
2021/2021-12-12_12_12_2021_Daily_Report.xlsx,ok,70,all+ctrl,False,2021-12-12,2021-12-12,xlsx,False,True
2021/2021-12-13_13_12_2021_Daily_Report.xlsx,ok,70,all+ctrl,False,2021-12-13,2021-12-13,xlsx,False,True
2021/2021-12-14_14_12_2021_Daily_Report.xlsx,ok,70,all+ctrl,False,2021-12-14,2021-12-14,xlsx,False,True
2021/2021-12-15_15_12_2021_Daily_Report.xlsx,ok,70,all+ctrl,False,2021-12-15,2021-12-15,xlsx,False,True
2021/2021-12-16_16_12_2021_Daily_Report.xlsx,ok,70,all+ctrl,False,2021-12-16,2021-12-16,xlsx,False,True
2021/2021-12-17_17_12_2021_Daily_Report.xlsx,ok,70,all+ctrl,False,2021-12-17,2021-12-17,xlsx,False,True
2021/2021-12-18_18_12_2021_Daily_Report.xlsx,ok,70,all+ctrl,False,2021-12-18,2021-12-18,xlsx,False,True
2021/2021-12-19_19_12_2021_Daily_Report.xlsx,ok,70,all+ctrl,False,2021-12-19,2021-12-19,xlsx,False,True
2021/2021-12-20_20_12_2021_Daily_Report.xlsx,ok,70,all+ctrl,False,2021-12-20,2021-12-20,xlsx,False,True
2021/2021-12-21_21_12_2021_Daily_Report.xlsx,ok,70,all+ctrl,False,2021-12-21,2021-12-21,xlsx,False,True
2021/2021-12-22_22_12_2021_Daily_Report.xlsx,ok,70,all+ctrl,False,2021-12-22,2021-12-22,xlsx,False,True
2021/2021-12-23_23_12_2021_Daily_Report.xlsx,ok,70,all+ctrl,False,2021-12-23,2021-12-23,xlsx,False,True
2021/2021-12-24_24_12_2021_Daily_Report.xlsx,ok,70,all+ctrl,False,2021-12-24,2021-12-24,xlsx,False,True
2021/2021-12-25_25_12_2021_Daily_Report.xlsx,ok,70,all+ctrl,False,2021-12-25,2021-12-25,xlsx,False,True
2021/2021-12-26_26_12_2021_Daily_Report.xlsx,ok,70,all+ctrl,False,2021-12-26,2021-12-26,xlsx,False,True
2021/2021-12-27_27_12_2021_Daily_report.xlsx,ok,70,all+ctrl,False,2021-12-27,2021-12-27,xlsx,False,True
2021/2021-12-28_28_12_2021_Daily_Report.xlsx,ok,70,all+ctrl,False,2021-12-28,2021-12-28,xlsx,False,True
2021/2021-12-29_29_12_2021_Daily_Report.xlsx,ok,70,all+ctrl,False,2021-12-29,2021-12-29,xlsx,False,True
2021/2021-12-30_30_12_2021_Daily_Report.xlsx,ok,70,all+ctrl,False,2021-12-30,2021-12-30,xlsx,False,True
2021/2021-12-31_31_12_2021_Daily_Report.xlsx,ok,70,all+ctrl,False,2021-12-31,2021-12-31,xlsx,False,True
2022/2022-01-01_1_1_2022_Daily_Report.xlsx,ok,70,all+ctrl,False,2022-01-01,2022-01-01,xlsx,False,True
2022/2022-01-02_2_1_2022_Daily_Report.xlsx,ok,70,all+ctrl,False,2022-01-02,2022-01-02,xlsx,False,True
2022/2022-01-03_3_1_2022_Daily_Report.xlsx,ok,70,all+ctrl,False,2022-01-03,2022-01-03,xlsx,False,True
2022/2022-01-04_04_01_2022_Daily_Report.xlsx,ok,70,all+ctrl,False,2022-01-04,2022-01-04,xlsx,False,True
2022/2022-01-05_5_Jan_2022_Daily_Report.xlsx,ok,70,all+ctrl,False,2022-01-05,2022-01-05,xlsx,False,True
2022/2022-01-06_DailyRE06012022.xlsx,ok,70,all+ctrl,False,2022-01-06,2022-01-06,xlsx,False,True
2022/2022-01-07_DailyRE07012022.xlsx,ok,70,all+ctrl,False,2022-01-07,2022-01-07,xlsx,False,True
2022/2022-01-08_8_Jan_2022.xlsx,ok,70,all+ctrl,False,2022-01-08,2022-01-08,xlsx,False,True
2022/2022-01-09_9_Jan_2022.xlsx,ok,70,all+ctrl,False,2022-01-09,2022-01-09,xlsx,False,True
2022/2022-01-10_10_Jan_2022.xlsx,ok,70,all+ctrl,False,2022-01-10,2022-01-10,xlsx,False,True
2022/2022-01-11_11_Jan_2022.xlsx,ok,70,all+ctrl,False,2022-01-11,2022-01-11,xlsx,False,True
2022/2022-01-12_12_Jan_2022.xlsx,ok,70,all+ctrl,False,2022-01-12,2022-01-12,xlsx,False,True
2022/2022-01-13_13_Jan_2022_Daily_Report.xlsx,ok,70,all+ctrl,False,2022-01-13,2022-01-13,xlsx,False,True
2022/2022-01-14_14_Jan_2022.xlsx,ok,70,all+ctrl,False,2022-01-14,2022-01-14,xlsx,False,True
2022/2022-01-15_16_Jan_2022.xlsx,ok,70,all+ctrl,False,2022-01-15,2022-01-16,xlsx,True,True
2022/2022-01-17_17_Jan_2022_Daily_Report.xlsx,ok,70,all+ctrl,False,2022-01-17,2022-01-17,xlsx,False,True
2022/2022-01-18_18_Jan_2022.xlsx,ok,70,all+ctrl,False,2022-01-18,2022-01-18,xlsx,False,True
2022/2022-01-19_19_Jan_2022_Daily_Report.xlsx,ok,70,all+ctrl,False,2022-01-19,2022-01-19,xlsx,False,True
2022/2022-01-20_20_Jan_2022.xlsx,ok,70,all+ctrl,False,2022-01-20,2022-01-20,xlsx,False,True
2022/2022-01-21_21_Jan_2022_Daily_Report.xlsx,ok,70,all+ctrl,False,2022-01-21,2022-01-21,xlsx,False,True
2022/2022-01-22_22_Jan_2022_Daily_Report.xlsx,ok,70,all+ctrl,False,2022-01-22,2022-01-22,xlsx,False,True
2022/2022-01-23_23_Jan_2022_Daily_Report.xlsx,ok,70,all+ctrl,False,2022-01-23,2022-01-23,xlsx,False,True
2022/2022-01-24_24_Jan_2022.xlsx,ok,70,all+ctrl,False,2022-01-24,2022-01-24,xlsx,False,True
2022/2022-01-25_25_Jan_2022_Daily_Report.xlsx,ok,70,all+ctrl,False,2022-01-25,2022-01-25,xlsx,False,True
2022/2022-01-26_26_Jan_2022_Daily_Report.xlsx,ok,70,all+ctrl,False,2022-01-26,2022-01-26,xlsx,False,True
2022/2022-01-27_27_Jan_2022.xlsx,ok,70,all+ctrl,False,2022-01-27,2022-01-27,xlsx,False,True
2022/2022-01-28_28_Jan_2022_Daily_Report.xlsx,ok,70,all+ctrl,False,2022-01-28,2022-01-28,xlsx,False,True
2022/2022-01-29_29_Jan_2022_Daily_Report.xlsx,ok,70,all+ctrl,False,2022-01-29,2022-01-29,xlsx,False,True
2022/2022-01-30_30_Jan_2022_Daily_Report.xlsx,ok,70,all+ctrl,False,2022-01-30,2022-01-30,xlsx,False,True
2022/2022-01-31_31_Jan_2022.xlsx,ok,70,all+ctrl,False,2022-01-31,2022-01-31,xlsx,False,True
2022/2022-02-01_1_Feb_2022_Daily_Report.xlsx,ok,70,all+ctrl,False,2022-02-01,2022-02-01,xlsx,False,True
2022/2022-02-02_2_Feb_2022_Daily_Report.xlsx,ok,70,all+ctrl,False,2022-02-02,2022-02-02,xlsx,False,True
2022/2022-02-03_3_Feb_2022_Daily_Report.xlsx,ok,70,all+ctrl,False,2022-02-03,2022-02-03,xlsx,False,True
2022/2022-02-04_4_Feb_2022_Daily_Report.xlsx,ok,70,all+ctrl,False,2022-02-04,2022-02-04,xlsx,False,True
2022/2022-02-05_5_Feb_2022_Daily_Report.xlsx,ok,70,all+ctrl,False,2022-02-05,2022-02-05,xlsx,False,True
2022/2022-02-06_6_Feb_2022_Daily_Report.xlsx,ok,70,all+ctrl,False,2022-02-06,2022-02-06,xlsx,False,True
2022/2022-02-07_7_Feb_2022_Daily_Report.xlsx,ok,70,all+ctrl,False,2022-02-07,2022-02-07,xlsx,False,True
2022/2022-02-08_8_Feb_2022_Daily_Report.xlsx,ok,70,all+ctrl,False,2022-02-08,2022-02-08,xlsx,False,True
2022/2022-02-09_9_Feb_2022_Daily_Report-1.xlsx,ok,70,all+ctrl,False,2022-02-09,2022-02-09,xlsx,False,True
2022/2022-02-09_9_Feb_2022_Daily_Report.xlsx,ok,70,all+ctrl,False,2022-02-09,2022-02-09,xlsx,False,False
2022/2022-02-10_10_Feb_2022_Daily_Report.xlsx,duplicate_tables,0,,duplicate_tables,2022-02-10,2022-02-10,xlsx,False,False
2022/2022-02-11_11_Feb_2022_Daily_Report..xlsx,ok,70,all+ctrl,False,2022-02-11,2022-02-11,xlsx,False,True
2022/2022-02-12_12_feb_2022_Daily_Report..xlsx,ok,70,all+ctrl,False,2022-02-12,2022-02-12,xlsx,False,True
2022/2022-02-13_13_Feb_2022_Daily_Report.xlsx,ok,70,all+ctrl,False,2022-02-13,2022-02-13,xlsx,False,True
2022/2022-02-14_14_Feb_2022_Daily_Report.xlsx,ok,70,all+ctrl,False,2022-02-14,2022-02-14,xlsx,False,True
2022/2022-02-15_15_Feb_2022_Daily_Report.xlsx,ok,70,all+ctrl,False,2022-02-15,2022-02-15,xlsx,False,True
2022/2022-02-16_16_Feb_2022_Daily_Report.xlsx,ok,70,all+ctrl,False,2022-02-16,2022-02-16,xlsx,False,True
2022/2022-02-17_17_Feb_2022_Daily_Report-1.xlsx,ok,70,all+ctrl,False,2022-02-17,2022-02-17,xlsx,False,True
2022/2022-02-18_18_Feb_2022_Daily_Report..xlsx,ok,70,all+ctrl,False,2022-02-18,2022-02-18,xlsx,False,True
2022/2022-02-19_19_Feb_2022_Daily_Report..xlsx,ok,70,all+ctrl,False,2022-02-19,2022-02-19,xlsx,False,True
2022/2022-02-20_20_feb_2022_Daily_Report..xlsx,ok,70,all+ctrl,False,2022-02-20,2022-02-20,xlsx,False,True
2022/2022-02-21_21_Feb_2022_Daily_Report.xlsx,ok,70,all+ctrl,False,2022-02-21,2022-02-21,xlsx,False,True
2022/2022-02-22_22_Feb_2022_Daily_Report.xlsx,ok,70,all+ctrl,False,2022-02-22,2022-02-22,xlsx,False,True
2022/2022-02-23_23_Feb_2022_Daily_Report.xlsx,ok,70,all+ctrl,False,2022-02-23,2022-02-23,xlsx,False,True
2022/2022-02-24_24_Feb_2022_Daily_Report.xlsx,ok,70,all+ctrl,False,2022-02-24,2022-02-24,xlsx,False,True
2022/2022-02-25_25_Feb_2022_Daily_Report.xlsx,ok,70,all+ctrl,False,2022-02-25,2022-02-25,xlsx,False,True
2022/2022-02-26_26_Feb_2022_Daily_Report.xlsx,ok,70,all+ctrl,False,2022-02-26,2022-02-26,xlsx,False,True
2022/2022-02-27_27_Feb_2022_Daily_Report-1.xlsx,ok,70,all+ctrl,False,2022-02-27,2022-02-27,xlsx,False,True
2022/2022-02-27_27_Feb_2022_Daily_Report.xlsx,ok,70,all+ctrl,False,2022-02-27,2022-02-27,xlsx,False,False
2022/2022-02-28_28_Feb_2022_Daily_Report.xlsx,ok,70,all+ctrl,False,2022-02-28,2022-02-28,xlsx,False,True
2022/2022-03-01_1_March_2022_Daily_Report.xlsx,ok,70,all+ctrl,False,2022-03-01,2022-03-01,xlsx,False,True
2022/2022-03-02_2_March_2022_Daily_Report.xlsx,ok,70,all+ctrl,False,2022-03-02,2022-03-02,xlsx,False,True
2022/2022-03-03_3_Mar_2022_Daily_Report..xlsx,ok,70,all+ctrl,False,2022-03-03,2022-03-03,xlsx,False,True
2022/2022-03-04_4_March_2022_Daily_Report.xlsx,ok,70,all+ctrl,False,2022-03-04,2022-03-04,xlsx,False,True
2022/2022-03-05_5_March_2022_Daily_Report.xlsx,ok,70,all+ctrl,False,2022-03-05,2022-03-05,xlsx,False,True
2022/2022-03-06_6_March_2022_Daily_Report.xlsx,ok,70,all+ctrl,False,2022-03-06,2022-03-06,xlsx,False,True
2022/2022-03-07_7_March_2022_Daily_Report.xlsx,ok,70,all+ctrl,False,2022-03-07,2022-03-07,xlsx,False,True
2022/2022-03-08_8_March_2022_Daily_Report.xlsx,ok,70,all+ctrl,False,2022-03-08,2022-03-08,xlsx,False,True
2022/2022-03-09_9_March_2022_Daily_Report.xlsx,ok,70,all+ctrl,False,2022-03-09,2022-03-09,xlsx,False,True
2022/2022-03-10_10_March_2022_Daily_Report.xlsx,ok,70,all+ctrl,False,2022-03-10,2022-03-10,xlsx,False,True
2022/2022-03-11_11_March_2022_Daily_Report.xlsx,ok,70,all+ctrl,False,2022-03-11,2022-03-11,xlsx,False,True
2022/2022-03-12_12_March_2022_Daily_Report.xlsx,ok,70,all+ctrl,False,2022-03-12,2022-03-12,xlsx,False,True
2022/2022-03-13_13_March_2022_Daily_Report.xlsx,ok,70,all+ctrl,False,2022-03-13,2022-03-13,xlsx,False,True
2022/2022-03-14_14_March_2022_Daily_Report.xlsx,ok,70,all+ctrl,False,2022-03-14,2022-03-14,xlsx,False,True
2022/2022-03-15_15_March_2022_Daily_Report.xlsx,ok,70,all+ctrl,False,2022-03-15,2022-03-15,xlsx,False,True
2022/2022-03-16_16_Mar_2022_Daily_Report..xlsx,ok,70,all+ctrl,False,2022-03-16,2022-03-16,xlsx,False,True
2022/2022-03-17_17_Mar_2022_Daily_Report..xlsx,ok,70,all+ctrl,False,2022-03-17,2022-03-17,xlsx,False,True
2022/2022-03-18_18_Mar_2022_Daily_Report..xlsx,ok,70,all+ctrl,False,2022-03-18,2022-03-18,xlsx,False,True
2022/2022-03-19_19_Mar_2022_Daily_Report..xlsx,ok,70,all+ctrl,False,2022-03-19,2022-03-19,xlsx,False,True
2022/2022-03-20_20_Mar_2022_Daily_Report..xlsx,ok,70,all+ctrl,False,2022-03-20,2022-03-20,xlsx,False,True
2022/2022-03-21_21_March_2022_Daily_Report.xlsx,ok,70,all+ctrl,False,2022-03-21,2022-03-21,xlsx,False,True
2022/2022-03-22_22_March_2022_Daily_Report.xlsx,ok,70,all+ctrl,False,2022-03-22,2022-03-22,xlsx,False,True
2022/2022-03-23_23_March_2022_Daily_Report.xlsx,ok,70,all+ctrl,False,2022-03-23,2022-03-23,xlsx,False,True
2022/2022-03-24_24_March_2022_Daily_Report.xlsx,ok,70,all+ctrl,False,2022-03-24,2022-03-24,xlsx,False,True
2022/2022-03-26_25_March_2022_Daily_Report.xlsx,ok,70,all+ctrl,False,2022-03-26,2022-03-25,xlsx,True,True
2022/2022-03-26_26_March_2022_Daily_Report.xlsx,ok,70,all+ctrl,False,2022-03-26,2022-03-26,xlsx,False,True
2022/2022-03-27_27_March_2022_Daily_Report.xlsx,ok,70,all+ctrl,False,2022-03-27,2022-03-27,xlsx,False,True
2022/2022-03-28_28_March_2022_Daily_Report.xlsx,ok,70,all+ctrl,False,2022-03-28,2022-03-28,xlsx,False,True
2022/2022-03-29_29_March_2022_Daily_Report.xlsx,ok,70,all+ctrl,False,2022-03-29,2022-03-29,xlsx,False,True
2022/2022-03-30_30_March_2022_Daily_Report.xlsx,ok,70,all+ctrl,False,2022-03-30,2022-03-30,xlsx,False,True
2022/2022-03-31_31_March_2022_Daily_Report.xlsx,ok,70,all+ctrl,False,2022-03-31,2022-03-31,xlsx,False,True
2022/2022-04-01_1_April_2022_Daily_Report.xlsx,ok,70,all+ctrl,False,2022-04-01,2022-04-01,xlsx,False,True
2022/2022-04-02_2_April_2022_Daily_Report.xlsx,ok,70,all+ctrl,False,2022-04-02,2022-04-02,xlsx,False,True
2022/2022-04-03_3_April_2022_Daily_Report.xlsx,ok,70,all+ctrl,False,2022-04-03,2022-04-03,xlsx,False,True
2022/2022-04-04_Daily_Report_4_Apr_2022.xlsx,ok,70,all+ctrl,False,2022-04-04,2022-04-04,xlsx,False,True
2022/2022-04-05_5_Apr_2022-1.xlsx,ok,70,all+ctrl,False,2022-04-05,2022-04-05,xlsx,False,True
2022/2022-04-06_6_Apr_2022.xlsx,ok,70,all+ctrl,False,2022-04-06,2022-04-06,xlsx,False,True
2022/2022-04-07_7_Apr_2022.xlsx,ok,70,all+ctrl,False,2022-04-07,2022-04-07,xlsx,False,True
2022/2022-04-08_8_Apr_2022.xlsx,ok,70,all+ctrl,False,2022-04-08,2022-04-08,xlsx,False,True
2022/2022-04-09_9_Apr_2022.xlsx,ok,70,all+ctrl,False,2022-04-09,2022-04-09,xlsx,False,True
2022/2022-04-10_10_Apr_2022.xlsx,ok,70,all+ctrl,False,2022-04-10,2022-04-10,xlsx,False,True
2022/2022-04-11_11_Apr_2022.xlsx,ok,70,all+ctrl,False,2022-04-11,2022-04-08,xlsx,True,False
2022/2022-04-12_DailyRE12042022.xlsx,ok,70,all+ctrl,False,2022-04-12,2022-04-12,xlsx,False,True
2022/2022-04-13_13_Apr_2022.xlsx,ok,70,all+ctrl,False,2022-04-13,2022-04-13,xlsx,False,True
2022/2022-04-14_14_Apr_2022.xlsx,ok,70,all+ctrl,False,2022-04-14,2022-04-14,xlsx,False,True
2022/2022-04-15_15_Apr_2022.xlsx,ok,70,all+ctrl,False,2022-04-15,2022-04-15,xlsx,False,True
2022/2022-04-16_16_Apr_2022.xlsx,ok,70,all+ctrl,False,2022-04-16,2022-04-16,xlsx,False,True
2022/2022-04-17_17_Apr_2022.xlsx,ok,70,all+ctrl,False,2022-04-17,2022-04-17,xlsx,False,True
2022/2022-04-18_18_Apr_2022.xlsx,ok,70,all+ctrl,False,2022-04-18,2022-04-18,xlsx,False,True
2022/2022-04-19_19_Apr_2022.xlsx,ok,70,all+ctrl,True,2022-04-19,2022-04-18,xlsx,True,False
2022/2022-04-21_21_Apr_2022.xlsx,ok,70,all+ctrl,False,2022-04-21,2022-04-21,xlsx,False,True
2022/2022-04-22_22_Apr_2022.xlsx,ok,70,all+ctrl,False,2022-04-22,2022-04-22,xlsx,False,True
2022/2022-04-23_23_Apr_2022.xlsx,ok,70,all+ctrl,False,2022-04-23,2022-04-23,xlsx,False,True
2022/2022-04-24_24_Apr_2022.xlsx,ok,70,all+ctrl,False,2022-04-24,2022-04-24,xlsx,False,True
2022/2022-04-25_25_Apr_2022.xlsx,ok,70,all+ctrl,False,2022-04-25,2022-04-25,xlsx,False,True
2022/2022-04-26_26_Apr_2022.xlsx,ok,70,all+ctrl,False,2022-04-26,2022-04-26,xlsx,False,True
2022/2022-04-28_28_Apr_2022.xlsx,ok,70,all+ctrl,False,2022-04-28,2022-04-28,xlsx,False,True
2022/2022-04-29_29_Apr_2022.xlsx,ok,70,all+ctrl,False,2022-04-29,2022-04-29,xlsx,False,True
2022/2022-04-30_30_Apr_2022.xlsx,ok,70,all+ctrl,False,2022-04-30,2022-04-30,xlsx,False,True
2022/2022-05-01_1_May__2022.xlsx,ok,70,all+ctrl,False,2022-05-01,2022-05-01,xlsx,False,True
2022/2022-05-02_2_May__2022.xlsx,ok,70,all+ctrl,False,2022-05-02,2022-05-02,xlsx,False,True
2022/2022-05-03_3_May__2022.xlsx,ok,70,all+ctrl,False,2022-05-03,2022-05-03,xlsx,False,True
2022/2022-05-04_4_May__2022.xlsx,ok,70,all+ctrl,False,2022-05-04,2022-05-04,xlsx,False,True
2022/2022-05-05_5_May__2022.xlsx,ok,70,all+ctrl,False,2022-05-05,2022-05-05,xlsx,False,True
2022/2022-05-06_6_May__2022.xlsx,ok,70,all+ctrl,False,2022-05-06,2022-05-06,xlsx,False,True
2022/2022-05-07_7_May__2022.xlsx,ok,70,all+ctrl,False,2022-05-07,2022-05-07,xlsx,False,True
2022/2022-05-08_8_May__2022.xlsx,ok,70,all+ctrl,False,2022-05-08,2022-05-08,xlsx,False,True
2022/2022-05-09_9_May__2022.xlsx,ok,70,all+ctrl,False,2022-05-09,2022-05-09,xlsx,False,True
2022/2022-05-10_10_May__2022.xlsx,ok,70,all+ctrl,False,2022-05-10,2022-05-10,xlsx,False,True
2022/2022-05-11_11_May__2022.xlsx,ok,70,all+ctrl,False,2022-05-11,2022-05-11,xlsx,False,True
2022/2022-05-12_12_May__2022.xlsx,ok,70,all+ctrl,False,2022-05-12,2022-05-12,xlsx,False,True
2022/2022-05-13_13_May__2022.xlsx,ok,70,all+ctrl,False,2022-05-13,2022-05-13,xlsx,False,True
2022/2022-05-14_14_May__2022.xlsx,ok,70,all+ctrl,False,2022-05-14,2022-05-14,xlsx,False,True
2022/2022-05-15_15_May__2022.xlsx,ok,70,all+ctrl,False,2022-05-15,2022-05-15,xlsx,False,True
2022/2022-05-16_16_May__2022.xlsx,ok,70,all+ctrl,False,2022-05-16,2022-05-16,xlsx,False,True
2022/2022-05-17_17_May_2022_Daily_Data.xlsx,ok,70,all+ctrl,False,2022-05-17,2022-05-17,xlsx,False,True
2022/2022-05-18_18_May_2022.xlsx,ok,70,all+ctrl,False,2022-05-18,2022-05-18,xlsx,False,True
2022/2022-05-19_19_May_2022.xlsx,ok,70,all+ctrl,False,2022-05-19,2022-05-19,xlsx,False,True
2022/2022-05-20_20_May_2022.xlsx,ok,70,all+ctrl,False,2022-05-20,2022-05-20,xlsx,False,True
2022/2022-05-21_21_May_2022.xlsx,ok,70,all+ctrl,False,2022-05-21,2022-05-21,xlsx,False,True
2022/2022-05-22_22_May_2022.xlsx,ok,70,all+ctrl,False,2022-05-22,2022-05-22,xlsx,False,True
2022/2022-05-23_23_May_2022.xlsx,ok,70,all+ctrl,False,2022-05-23,2022-05-23,xlsx,False,True
2022/2022-05-24_24_May_2022.xlsx,ok,70,all+ctrl,False,2022-05-24,2022-05-24,xlsx,False,True
2022/2022-05-25_25_May_2022.xlsx,ok,70,all+ctrl,False,2022-05-25,2022-05-25,xlsx,False,True
2022/2022-05-26_26_May_2022.xlsx,ok,70,all+ctrl,False,2022-05-26,2022-05-26,xlsx,False,True
2022/2022-05-27_27_May_2022.xlsx,ok,70,all+ctrl,False,2022-05-27,2022-05-27,xlsx,False,True
2022/2022-05-28_28_May_2022.xlsx,ok,70,all+ctrl,False,2022-05-28,2022-05-28,xlsx,False,True
2022/2022-05-29_29_May_2022.xlsx,ok,70,all+ctrl,False,2022-05-29,2022-05-29,xlsx,False,True
2022/2022-05-30_30_May_2022.xlsx,ok,70,all+ctrl,False,2022-05-30,2022-05-30,xlsx,False,True
2022/2022-05-31_31_May_2022.xlsx,ok,70,all+ctrl,False,2022-05-31,2022-05-31,xlsx,False,True
2022/2022-06-01_1_Jun_2022_Daily_Report.xlsx,ok,70,all+ctrl,False,2022-06-01,2022-06-01,xlsx,False,True
2022/2022-06-02_2_Jun_.xlsx,ok,70,all+ctrl,False,2022-06-02,2022-06-02,xlsx,False,True
2022/2022-06-03_3_Jun_2022_Daily_Report.xlsx,ok,70,all+ctrl,False,2022-06-03,2022-06-03,xlsx,False,True
2022/2022-06-04_4_Jun_2022_Daily_report.xlsx,ok,70,all+ctrl,False,2022-06-04,2022-06-04,xlsx,False,True
2022/2022-06-05_5_Jun_2022_Daily_Report.xlsx,ok,70,all+ctrl,False,2022-06-05,2022-06-05,xlsx,False,True
2022/2022-06-06_6_Jun_.xlsx,ok,70,all+ctrl,False,2022-06-06,2022-06-06,xlsx,False,True
2022/2022-06-07_7_Jun_.xlsx,ok,70,all+ctrl,False,2022-06-07,2022-06-07,xlsx,False,True
2022/2022-06-08_8_June_2022_Daily_Report.xlsx,ok,70,all+ctrl,False,2022-06-08,2022-06-08,xlsx,False,True
2022/2022-06-09_9_Jun_.xlsx,ok,70,all+ctrl,False,2022-06-09,2022-06-09,xlsx,False,True
2022/2022-06-10_10_Jun_.xlsx,ok,70,all+ctrl,False,2022-06-10,2022-06-10,xlsx,False,True
2022/2022-06-11_11_Jun_.xlsx,ok,70,all+ctrl,False,2022-06-11,2022-06-11,xlsx,False,True
2022/2022-06-12_12_Jun_.xlsx,ok,70,all+ctrl,False,2022-06-12,2022-06-12,xlsx,False,True
2022/2022-06-13_13_Jun_.xlsx,ok,70,all+ctrl,False,2022-06-13,2022-06-13,xlsx,False,True
2022/2022-06-14_14_Jun_.xlsx,ok,70,all+ctrl,False,2022-06-14,2022-06-14,xlsx,False,True
2022/2022-06-14_15_Jun_.xlsx,ok,70,all+ctrl,False,2022-06-14,2022-06-15,xlsx,True,True
2022/2022-06-16_16_Jun_.xlsx,ok,70,all+ctrl,False,2022-06-16,2022-06-16,xlsx,False,True
2022/2022-06-17_17_Jun_.xlsx,ok,70,all+ctrl,False,2022-06-17,2022-06-17,xlsx,False,True
2022/2022-06-18_18_Jun_.xlsx,ok,70,all+ctrl,False,2022-06-18,2022-06-18,xlsx,False,True
2022/2022-06-19_19_Jun_.xlsx,ok,70,all+ctrl,False,2022-06-19,2022-06-19,xlsx,False,True
2022/2022-06-20_20_Jun_.xlsx,ok,70,all+ctrl,False,2022-06-20,2022-06-20,xlsx,False,True
2022/2022-06-21_21_Jun_.xlsx,ok,70,all+ctrl,False,2022-06-21,2022-06-21,xlsx,False,True
2022/2022-06-22_22_Jun_.xlsx,ok,70,all+ctrl,False,2022-06-22,2022-06-22,xlsx,False,True
2022/2022-06-23_23_Jun_.xlsx,ok,70,all+ctrl,False,2022-06-23,2022-06-23,xlsx,False,True
2022/2022-06-24_24_Jun_.xlsx,ok,70,all+ctrl,False,2022-06-24,2022-06-24,xlsx,False,True
2022/2022-06-25_25_Jun_.xlsx,ok,70,all+ctrl,False,2022-06-25,2022-06-25,xlsx,False,True
2022/2022-06-26_26_Jun_.xlsx,ok,70,all+ctrl,False,2022-06-26,2022-06-26,xlsx,False,True
2022/2022-06-27_27_Jun_.xlsx,ok,70,all+ctrl,False,2022-06-27,2022-06-27,xlsx,False,True
2022/2022-06-28_28_Jun_.xlsx,ok,70,all+ctrl,False,2022-06-28,2022-06-28,xlsx,False,True
2022/2022-06-29_29_Jun_.xlsx,ok,70,all+ctrl,False,2022-06-29,2022-06-29,xlsx,False,True
2022/2022-06-30_30_Jun_.xlsx,ok,70,all+ctrl,False,2022-06-30,2022-06-30,xlsx,False,True
2022/2022-07-01_1_Jul_.xlsx,ok,70,all+ctrl,False,2022-07-01,2022-07-01,xlsx,False,True
2022/2022-07-02_2_Jul_.xlsx,ok,70,all+ctrl,False,2022-07-02,2022-07-02,xlsx,False,True
2022/2022-07-03_3_Jul_-1.xlsx,ok,70,all+ctrl,False,2022-07-03,2022-07-03,xlsx,False,True
2022/2022-07-04_4_Jul_.xlsx,ok,70,all+ctrl,False,2022-07-04,2022-07-04,xlsx,False,True
2022/2022-07-05_5_Jul_.xlsx,ok,70,all+ctrl,False,2022-07-05,2022-07-05,xlsx,False,True
2022/2022-07-06_6_July_2022_Daily_Report.xlsx,ok,70,all+ctrl,False,2022-07-06,2022-07-06,xlsx,False,True
2022/2022-07-07_7_July_2022_Daily_Report.xlsx,ok,70,all+ctrl,False,2022-07-07,2022-07-07,xlsx,False,True
2022/2022-07-08_8_July_2022_Daily_Report.xlsx,ok,70,all+ctrl,False,2022-07-08,2022-07-08,xlsx,False,True
2022/2022-07-09_9_July_2022_Daily_Report.xlsx,ok,70,all+ctrl,False,2022-07-09,2022-07-09,xlsx,False,True
2022/2022-07-10_10_July_2022_Daily_Report.xlsx,ok,70,all+ctrl,False,2022-07-10,2022-07-10,xlsx,False,True
2022/2022-07-11_11_July_2022_Daily_Report.xlsx,ok,70,all+ctrl,False,2022-07-11,2022-07-11,xlsx,False,True
2022/2022-07-12_12_July_2022_Daily_Report.xlsx,ok,70,all+ctrl,False,2022-07-12,2022-07-12,xlsx,False,True
2022/2022-07-13_13_July_2022_Daily_Report.xlsx,ok,70,all+ctrl,False,2022-07-13,2022-07-13,xlsx,False,True
2022/2022-07-14_14_July_2022_Daily_Report.xlsx,ok,70,all+ctrl,False,2022-07-14,2022-07-14,xlsx,False,True
2022/2022-07-15_15_July_2022_Daily_Report.xlsx,ok,70,all+ctrl,False,2022-07-15,2022-07-15,xlsx,False,True
2022/2022-07-16_16_July_2022_Daily_Report.xlsx,ok,70,all+ctrl,False,2022-07-16,2022-07-16,xlsx,False,True
2022/2022-07-17_17_July_2022_Daily_Report.xlsx,ok,70,all+ctrl,False,2022-07-17,2022-07-17,xlsx,False,True
2022/2022-07-18_18_July_2022_Daily_Report.xlsx,ok,70,all+ctrl,False,2022-07-18,2022-07-18,xlsx,False,True
2022/2022-07-19_19_July_2022_Daily_Report.xlsx,ok,70,all+ctrl,False,2022-07-19,2022-07-19,xlsx,False,True
2022/2022-07-20_20_July_2022_Daily_Report..xlsx,ok,70,all+ctrl,False,2022-07-20,2022-07-20,xlsx,False,True
2022/2022-07-21_21_July_2022_Daily_Report..xlsx,ok,70,all+ctrl,False,2022-07-21,2022-07-21,xlsx,False,True
2022/2022-07-22_22_July_2022_daily_Report..xlsx,ok,70,all+ctrl,False,2022-07-22,2022-07-22,xlsx,False,True
2022/2022-07-23_23_July_2022_Daily_Report..xlsx,ok,70,all+ctrl,False,2022-07-23,2022-07-23,xlsx,False,True
2022/2022-07-24_24_July_2022_Daily_report.-2.xlsx,ok,70,all+ctrl,False,2022-07-24,2022-07-24,xlsx,False,True
2022/2022-07-25_25_July_2022_Daily_Report..xlsx,ok,70,all+ctrl,False,2022-07-25,2022-07-25,xlsx,False,True
2022/2022-07-26_26_July_2022_Daily_Report.xlsx,ok,70,all+ctrl,False,2022-07-26,2022-07-26,xlsx,False,True
2022/2022-07-27_27_July_2022_Daily_Report.xlsx,ok,70,all+ctrl,False,2022-07-27,2022-07-27,xlsx,False,True
2022/2022-07-28_28_July_2022_Daily_Report..xlsx,ok,70,all+ctrl,False,2022-07-28,2022-07-28,xlsx,False,True
2022/2022-07-29_29_July_2022_Daily_Report.xlsx,ok,70,all+ctrl,False,2022-07-29,2022-07-29,xlsx,False,True
2022/2022-07-30_30_July_2022_Daily_Report.xlsx,ok,70,all+ctrl,False,2022-07-30,2022-07-30,xlsx,False,True
2022/2022-07-31_DailyRE31072022.xlsx,ok,70,all+ctrl,False,2022-07-31,2022-07-31,xlsx,False,True
2022/2022-08-01_1_Aug_2022_Daily_RE_Report.xlsx,ok,70,all+ctrl,False,2022-08-01,2022-08-01,xlsx,False,True
2022/2022-08-02_2_Aug_2022_Daily_RE_Report.xlsx,ok,70,all+ctrl,False,2022-08-02,2022-08-02,xlsx,False,True
2022/2022-08-03_3_Aug_2022_Daily_RE_Report.xlsx,ok,70,all+ctrl,False,2022-08-03,2022-08-03,xlsx,False,True
2022/2022-08-04_4_Aug_2022_Daily_RE_Report.xlsx,ok,70,all+ctrl,False,2022-08-04,2022-08-04,xlsx,False,True
2022/2022-08-05_5_Aug_2022_Daily_RE_Report.xlsx,ok,70,all+ctrl,False,2022-08-05,2022-08-05,xlsx,False,True
2022/2022-08-06_6_Aug_2022_Daily_RE_Report.xlsx,ok,70,all+ctrl,False,2022-08-06,2022-08-06,xlsx,False,True
2022/2022-08-07_7_Aug_2022_Daily_RE_Report.xlsx,ok,70,all+ctrl,False,2022-08-07,2022-08-07,xlsx,False,True
2022/2022-08-08_8_Aug_2022_Daily_RE_Report.xlsx,ok,70,all+ctrl,False,2022-08-08,2022-08-08,xlsx,False,True
2022/2022-08-09_9_Aug_2022_Daily_RE_Report.xlsx,ok,70,all+ctrl,False,2022-08-09,2022-08-09,xlsx,False,True
2022/2022-08-10_10_Aug_2022_Daily_RE_Report.xlsx,ok,70,all+ctrl,False,2022-08-10,2022-08-10,xlsx,False,True
2022/2022-08-11_11_Aug_2022_Daily_RE_Report..xlsx,ok,70,all+ctrl,False,2022-08-11,2022-08-11,xlsx,False,True
2022/2022-08-12_12_Aug_2022_Daily_RE_Report..xlsx,ok,70,all+ctrl,False,2022-08-12,2022-08-12,xlsx,False,True
2022/2022-08-13_13_Aug_2022_Daily_RE_Report-1.pdf,ok,70,all+ctrl,False,2022-08-13,2022-08-13,pdf,False,True
2022/2022-08-14_14_Aug_2022_Daily_RE_Report..xlsx,ok,70,all+ctrl,False,2022-08-14,2022-08-14,xlsx,False,True
2022/2022-08-15_15_Aug_2022_Daily_RE_Report..xlsx,ok,70,all+ctrl,False,2022-08-15,2022-08-15,xlsx,False,True
2022/2022-08-16_16_Aug_2022_Daily_Report..xlsx,ok,70,all+ctrl,False,2022-08-16,2022-08-16,xlsx,False,True
2022/2022-08-17_17_Aug_2022__Daily_Report.xlsx,ok,70,all+ctrl,False,2022-08-17,2022-08-17,xlsx,False,True
2022/2022-08-18_18_Aug_2022__Daily_Report.xlsx,ok,70,all+ctrl,False,2022-08-18,2022-08-18,xlsx,False,True
2022/2022-08-19_19_Aug_2022__Daily_Report.xlsx,ok,70,all+ctrl,False,2022-08-19,2022-08-19,xlsx,False,True
2022/2022-08-20_20_Aug_2022__Daily_Report.xlsx,ok,70,all+ctrl,False,2022-08-20,2022-08-20,xlsx,False,True
2022/2022-08-21_21_Aug_2022__Daily_Report.xlsx,ok,70,all+ctrl,False,2022-08-21,2022-08-21,xlsx,False,True
2022/2022-08-22_22_Aug_2022_daily_Report..xlsx,ok,70,all+ctrl,False,2022-08-22,2022-08-22,xlsx,False,True
2022/2022-08-23_23_Aug_2022_Daily_Report..xlsx,ok,70,all+ctrl,False,2022-08-23,2022-08-23,xlsx,False,True
2022/2022-08-24_24_Aug_2022_Daily_Report..xlsx,ok,70,all+ctrl,False,2022-08-24,2022-08-24,xlsx,False,True
2022/2022-08-25_25_Aug_2022_Daily_Report..xlsx,ok,70,all+ctrl,False,2022-08-25,2022-08-25,xlsx,False,True
2022/2022-08-26_26_Aug_2022__Daily_Report.xlsx,ok,70,all+ctrl,False,2022-08-26,2022-08-26,xlsx,False,True
2022/2022-08-27_27_Aug_2022__Daily_Report.xlsx,ok,70,all+ctrl,False,2022-08-27,2022-08-27,xlsx,False,True
2022/2022-08-28_28_Aug_2022__Daily_Report.xlsx,ok,70,all+ctrl,False,2022-08-28,2022-08-28,xlsx,False,True
2022/2022-08-29_29_Aug_2022_Daily_Report..xlsx,ok,70,all+ctrl,False,2022-08-29,2022-08-29,xlsx,False,True
2022/2022-08-30_30_Aug_2022_Daily_Report..xlsx,ok,70,all+ctrl,False,2022-08-30,2022-08-30,xlsx,False,True
2022/2022-08-31_31_Aug_2022_Daily_Report..xlsx,ok,70,all+ctrl,False,2022-08-31,2022-08-31,xlsx,False,True
2022/2022-09-01_1_Sept__2022_Daily_Report..xlsx,ok,70,all+ctrl,False,2022-09-01,2022-09-01,xlsx,False,True
2022/2022-09-02_2_Sept__2022_Daily_Report..xlsx,ok,70,all+ctrl,False,2022-09-02,2022-09-02,xlsx,False,True
2022/2022-09-03_3_Sept__2022_Daily_Report..xlsx,ok,70,all+ctrl,False,2022-09-03,2022-09-03,xlsx,False,True
2022/2022-09-04_4_Sept__2022_Daily_Report..xlsx,ok,70,all+ctrl,False,2022-09-04,2022-09-04,xlsx,False,True
2022/2022-09-05_5_Sept__2022_Daily_Report..xlsx,ok,70,all+ctrl,False,2022-09-05,2022-09-05,xlsx,False,True
2022/2022-09-06_6_Sept__2022_Daily_Report..xlsx,ok,70,all+ctrl,False,2022-09-06,2022-09-06,xlsx,False,True
2022/2022-09-07_7_Sept__2022_Daily_Report..xlsx,ok,70,all+ctrl,False,2022-09-07,2022-09-07,xlsx,False,True
2022/2022-09-08_8_Sept__2022_Daily_Report..xlsx,ok,70,all+ctrl,False,2022-09-08,2022-09-08,xlsx,False,True
2022/2022-09-09_9_Sept__2022_Daily_Report..xlsx,ok,70,all+ctrl,False,2022-09-09,2022-09-09,xlsx,False,True
2022/2022-09-10_10_Sept__2022_Daily_Report..xlsx,ok,70,all+ctrl,False,2022-09-10,2022-09-10,xlsx,False,True
2022/2022-09-11_11_Sept__2022_Daily_Report..xlsx,ok,70,all+ctrl,False,2022-09-11,2022-09-11,xlsx,False,True
2022/2022-09-12_12_Sept__2022_Daily_Report..xlsx,ok,70,all+ctrl,False,2022-09-12,2022-09-12,xlsx,False,True
2022/2022-09-13_13_Sept__2022_Daily_Report..xlsx,ok,70,all+ctrl,False,2022-09-13,2022-09-13,xlsx,False,True
2022/2022-09-14_14_Sept__2022_Daily_Report..xlsx,ok,70,all+ctrl,False,2022-09-14,2022-09-14,xlsx,False,True
2022/2022-09-15_15_Sept__2022_Daily_Report..xlsx,ok,70,all+ctrl,False,2022-09-15,2022-09-15,xlsx,False,True
2022/2022-09-16_16_Sept__2022_Daily_Report..xlsx,ok,70,all+ctrl,False,2022-09-16,2022-09-16,xlsx,False,True
2022/2022-09-17_17_Sept__2022_Daily_Report..xlsx,ok,70,all+ctrl,False,2022-09-17,2022-09-17,xlsx,False,True
2022/2022-09-18_18_Sept__2022_Daily_Report..xlsx,ok,70,all+ctrl,False,2022-09-18,2022-09-18,xlsx,False,True
2022/2022-09-19_19_Sept_2022_Daily_Report..xlsx,ok,70,all+ctrl,False,2022-09-19,2022-09-19,xlsx,False,True
2022/2022-09-20_DailyRE20092022.xlsx,ok,70,all+ctrl,False,2022-09-20,2022-09-20,xlsx,False,True
2022/2022-09-21_21_Sept_2022_Daily_Report.xlsx,ok,70,all+ctrl,False,2022-09-21,2022-09-21,xlsx,False,True
2022/2022-09-22_22_Sept_2022_Daily_Report..xlsx,ok,70,all+ctrl,False,2022-09-22,2022-09-22,xlsx,False,True
2022/2022-09-23_23_Sept_2022_Daily_Report..xlsx,ok,70,all+ctrl,False,2022-09-23,2022-09-23,xlsx,False,True
2022/2022-09-24_24_Sept_2022_Daily_Report..xlsx,ok,70,all+ctrl,False,2022-09-24,2022-09-24,xlsx,False,True
2022/2022-09-25_25_Sept_2022_Daily_Report..xlsx,ok,70,all+ctrl,False,2022-09-25,2022-09-25,xlsx,False,True
2022/2022-09-26_26_Sept_2022_Daily_Report..xlsx,ok,70,all+ctrl,False,2022-09-26,2022-09-26,xlsx,False,True
2022/2022-09-27_27_Sept_2022_Daily_Report..xlsx,ok,70,all+ctrl,False,2022-09-27,2022-09-27,xlsx,False,True
2022/2022-09-28_28_Sept_2022_Daily_Report..xlsx,ok,70,all+ctrl,False,2022-09-28,2022-09-28,xlsx,False,True
2022/2022-09-29_29_Sept_2022_Daily_Report..xlsx,ok,70,all+ctrl,False,2022-09-29,2022-09-29,xlsx,False,True
2022/2022-09-30_30_September_22_Report..xlsx,ok,70,all+ctrl,False,2022-09-30,2022-09-30,xlsx,False,True
2022/2022-10-01_1_Oct_2022_Daily_Report..xlsx,ok,70,all+ctrl,False,2022-10-01,2022-10-01,xlsx,False,True
2022/2022-10-02_2_Oct_2022_Daily_Report..xlsx,ok,70,all+ctrl,False,2022-10-02,2022-10-02,xlsx,False,True
2022/2022-10-03_3_Oct_2022_Daily_Report..xlsx,ok,70,all+ctrl,False,2022-10-03,2022-10-03,xlsx,False,True
2022/2022-10-04_4_Oct_2022_Daily_Report..xlsx,ok,70,all+ctrl,False,2022-10-04,2022-10-04,xlsx,False,True
2022/2022-10-05_5_Oct_2022_Daily_Report..xlsx,ok,70,all+ctrl,False,2022-10-05,2022-10-05,xlsx,False,True
2022/2022-10-06_6_Oct_2022_Daily_Report..xlsx,ok,70,all+ctrl,False,2022-10-06,2022-10-06,xlsx,False,True
2022/2022-10-07_7_Oct_2022_Daily_Report..xlsx,ok,70,all+ctrl,False,2022-10-07,2022-10-07,xlsx,False,True
2022/2022-10-08_8_Oct_2022_Daily_Report..xlsx,ok,70,all+ctrl,False,2022-10-08,2022-10-08,xlsx,False,True
2022/2022-10-09_9_Oct_2022_Daily_Report..xlsx,ok,70,all+ctrl,False,2022-10-09,2022-10-09,xlsx,False,True
2022/2022-10-10_10_Oct_2022_Daily_Report.xlsx,ok,70,all+ctrl,False,2022-10-10,2022-10-10,xlsx,False,True
2022/2022-10-11_11_Oct_2022_Daily_Report.xlsx,ok,70,all+ctrl,False,2022-10-11,2022-10-11,xlsx,False,True
2022/2022-10-12_12_Oct_2022_Daily_Report.xlsx,ok,70,all+ctrl,False,2022-10-12,2022-10-12,xlsx,False,True
2022/2022-10-13_13_Oct_2022_Daily_Report.xlsx,ok,70,all+ctrl,False,2022-10-13,2022-10-13,xlsx,False,True
2022/2022-10-14_14_Oct_2022_Daily_Report.xlsx,ok,70,all+ctrl,False,2022-10-14,2022-10-14,xlsx,False,True
2022/2022-10-15_15_Oct_2022_Daily_Report.xlsx,ok,70,all+ctrl,False,2022-10-15,2022-10-15,xlsx,False,True
2022/2022-10-16_16_Oct_2022_Daily_Report.xlsx,ok,70,all+ctrl,False,2022-10-16,2022-10-16,xlsx,False,True
2022/2022-10-17_17_Oct_2022_Daily_Report..xlsx,ok,70,all+ctrl,False,2022-10-17,2022-10-17,xlsx,False,True
2022/2022-10-18_18_Oct_2022_Daily_Report..xlsx,ok,70,all+ctrl,False,2022-10-18,2022-10-18,xlsx,False,True
2022/2022-10-19_19_Oct_2022_Daily_Report..xlsx,ok,70,all+ctrl,False,2022-10-19,2022-10-19,xlsx,False,True
2022/2022-10-20_20_Oct_2022_Daily_Report..xlsx,ok,70,all+ctrl,False,2022-10-20,2022-10-20,xlsx,False,True
2022/2022-10-21_21_Oct_2022_Daily_Report..xlsx,ok,70,all+ctrl,False,2022-10-21,2022-10-21,xlsx,False,True
2022/2022-10-22_22_Oct_2022_Daily_Report..xlsx,ok,70,all+ctrl,False,2022-10-22,2022-10-22,xlsx,False,True
2022/2022-10-23_23_Oct_2022_Daily_Report..xlsx,ok,70,all+ctrl,False,2022-10-23,2022-10-23,xlsx,False,True
2022/2022-10-24_24_Oct_2022_Daily_Report..xlsx,ok,70,all+ctrl,False,2022-10-24,2022-10-24,xlsx,False,True
2022/2022-10-25_25_Oct_2022_Daily_Report..xlsx,ok,70,all+ctrl,False,2022-10-25,2022-10-25,xlsx,False,True
2022/2022-10-26_26_Oct_2022_Daily_Report..xlsx,ok,70,all+ctrl,False,2022-10-26,2022-10-26,xlsx,False,True
2022/2022-10-27_27_Oct_2022_Daily_Report..xlsx,ok,70,all+ctrl,False,2022-10-27,2022-10-27,xlsx,False,True
2022/2022-10-28_28_Oct_2022_Daily_Report.-1.xlsx,ok,70,all+ctrl,False,2022-10-28,2022-10-28,xlsx,False,True
2022/2022-10-29_29_Oct_2022_Daily_Report..xlsx,ok,70,all+ctrl,False,2022-10-29,2022-10-29,xlsx,False,True
2022/2022-10-30_30_Oct_2022_Daily_Report..xlsx,ok,70,all+ctrl,False,2022-10-30,2022-10-30,xlsx,False,True
2022/2022-10-31_31_Oct_2022_Daily_Report..xlsx,ok,70,all+ctrl,False,2022-10-31,2022-10-31,xlsx,False,True
2022/2022-11-01_1_Nov_2022_Daily_Report..xlsx,ok,70,all+ctrl,False,2022-11-01,2022-11-01,xlsx,False,True
2022/2022-11-02_2_Nov_2022_Daily_Report..xlsx,ok,70,all+ctrl,False,2022-11-02,2022-11-02,xlsx,False,True
2022/2022-11-03_3_Nov_2022_Daily_Report..xlsx,ok,70,all+ctrl,False,2022-11-03,2022-11-03,xlsx,False,True
2022/2022-11-04_4_Nov_2022_Daily_Report..xlsx,ok,70,all+ctrl,False,2022-11-04,2022-11-04,xlsx,False,True
2022/2022-11-05_5_Nov_2022_Daily_Report..xlsx,ok,70,all+ctrl,False,2022-11-05,2022-11-05,xlsx,False,True
2022/2022-11-06_6_Nov_2022_Daily_Report.xlsx,ok,70,all+ctrl,False,2022-11-06,2022-11-06,xlsx,False,True
2022/2022-11-07_7_Nov_2022_Daily_Report..xlsx,ok,70,all+ctrl,False,2022-11-07,2022-11-07,xlsx,False,True
2022/2022-11-08_8_Nov_2022_Daily_Report..xlsx,ok,70,all+ctrl,False,2022-11-08,2022-11-08,xlsx,False,True
2022/2022-11-09_9_Nov_2022_Daily_Report..xlsx,ok,70,all+ctrl,False,2022-11-09,2022-11-09,xlsx,False,True
2022/2022-11-10_10_Nov_2022_Daily_Report..xlsx,ok,70,all+ctrl,False,2022-11-10,2022-11-10,xlsx,False,True
2022/2022-11-11_11_Nov_2022_Daily_Report..xlsx,ok,70,all+ctrl,False,2022-11-11,2022-11-11,xlsx,False,True
2022/2022-11-12_12_Nov_2022_Daily_Report..xlsx,ok,70,all+ctrl,False,2022-11-12,2022-11-12,xlsx,False,True
2022/2022-11-13_13_Nov_2022_Daily_Report..xlsx,ok,70,all+ctrl,False,2022-11-13,2022-11-13,xlsx,False,True
2022/2022-11-14_14_Nov_2022_Daily_Report..xlsx,ok,70,all+ctrl,False,2022-11-14,2022-11-14,xlsx,False,True
2022/2022-11-15_15_Nov_2022_Daily_Report.xlsx,ok,70,all+ctrl,False,2022-11-15,2022-11-15,xlsx,False,True
2022/2022-11-16_16_Nov_2022_Daily_Report.xlsx,ok,70,all+ctrl,False,2022-11-16,2022-11-16,xlsx,False,True
2022/2022-11-17_17_Nov_2022_Daily_Report..xlsx,ok,70,all+ctrl,False,2022-11-17,2022-11-17,xlsx,False,True
2022/2022-11-18_18_Nov_2022_Daily_Report..xlsx,ok,70,all+ctrl,False,2022-11-18,2022-11-18,xlsx,False,True
2022/2022-11-19_19_Nov_2022_Daily_Report..xlsx,ok,70,all+ctrl,False,2022-11-19,2022-11-19,xlsx,False,True
2022/2022-11-20_20_Nov_2022_Daily_Report..xlsx,ok,70,all+ctrl,False,2022-11-20,2022-11-20,xlsx,False,True
2022/2022-11-21_21_Nov_2022_Daily_Report.xlsx,ok,70,all+ctrl,False,2022-11-21,2022-11-21,xlsx,False,True
2022/2022-11-22_22_Nov_2022_Dsaily_Report.xlsx,ok,70,all+ctrl,False,2022-11-22,2022-11-22,xlsx,False,True
2022/2022-11-23_23_Nov_2022_Daily_Report.xlsx,ok,70,all+ctrl,False,2022-11-23,2022-11-23,xlsx,False,True
2022/2022-11-24_24_Nov_2022_Daily_Report.xlsx,ok,70,all+ctrl,False,2022-11-24,2022-11-24,xlsx,False,True
2022/2022-11-25_25_Nov_2022_Daily_Report..xlsx,ok,70,all+ctrl,False,2022-11-25,2022-11-25,xlsx,False,True
2022/2022-11-26_26_Nov_2022_Daily_Report..xlsx,ok,70,all+ctrl,False,2022-11-26,2022-11-26,xlsx,False,True
2022/2022-11-27_27_Nov_2022_Daily_Report..xlsx,ok,70,all+ctrl,False,2022-11-27,2022-11-27,xlsx,False,True
2022/2022-11-28_28_Nov_2022_Daily_Report..xlsx,ok,70,all+ctrl,False,2022-11-28,2022-11-28,xlsx,False,True
2022/2022-11-29_29_Nov_2022_Daily_Report.xlsx,ok,70,all+ctrl,False,2022-11-29,2022-11-29,xlsx,False,True
2022/2022-11-30_30_Nov_2022_Daily_Report.xlsx,ok,70,all+ctrl,False,2022-11-30,2022-11-30,xlsx,False,True
2022/2022-12-01_1_Dec_2022_Daily_Report.xlsx,ok,70,all+ctrl,False,2022-12-01,2022-12-01,xlsx,False,True
2022/2022-12-02_2_Dec_2022_Daily_Report..xlsx,ok,70,all+ctrl,False,2022-12-02,2022-12-02,xlsx,False,True
2022/2022-12-03_3_Dec_2022_Daily_Report..xlsx,ok,70,all+ctrl,False,2022-12-03,2022-12-03,xlsx,False,True
2022/2022-12-04_4_Dec_2022_Daily_Report..xlsx,ok,70,all+ctrl,False,2022-12-04,2022-12-04,xlsx,False,True
2022/2022-12-05_5_Dec_2022_Daily_Report..xlsx,ok,70,all+ctrl,False,2022-12-05,2022-12-05,xlsx,False,True
2022/2022-12-06_6_Dec_2022_Daily_Report-1.xlsx,ok,70,all+ctrl,False,2022-12-06,2022-12-06,xlsx,False,True
2022/2022-12-07_7_Dec_2022_Daily_Report.xlsx,ok,70,all+ctrl,False,2022-12-07,2022-12-07,xlsx,False,True
2022/2022-12-08_8_Dec_2022_Daily_Report.-1.xlsx,ok,70,all+ctrl,False,2022-12-08,2022-12-08,xlsx,False,True
2022/2022-12-09_9_Dec_2022_Daily_Report..xlsx,ok,70,all+ctrl,False,2022-12-09,2022-12-09,xlsx,False,True
2022/2022-12-10_10_Dec_2022_Daily_Report..xlsx,ok,70,all+ctrl,False,2022-12-10,2022-12-10,xlsx,False,True
2022/2022-12-11_11_Dec_2022_Daily_Report..xlsx,ok,70,all+ctrl,False,2022-12-11,2022-12-11,xlsx,False,True
2022/2022-12-12_12_Dec_2022_Daily_Report.xlsx,ok,70,all+ctrl,False,2022-12-12,2022-12-12,xlsx,False,True
2022/2022-12-13_13_Dec_2022_Daily_Report.xlsx,ok,70,all+ctrl,False,2022-12-13,2022-12-13,xlsx,False,True
2022/2022-12-14_14_Dec_2022_Daily_Report.xlsx,ok,70,all+ctrl,False,2022-12-14,2022-12-14,xlsx,False,True
2022/2022-12-15_15_Dec_2022_Daily_Report..xlsx,ok,70,all+ctrl,False,2022-12-15,2022-12-15,xlsx,False,True
2022/2022-12-16_16_Dec_2022_Daily_Report.xlsx,ok,70,all+ctrl,False,2022-12-16,2022-12-16,xlsx,False,True
2022/2022-12-17_17_Dec_2022_Daily_Report.xlsx,ok,70,all+ctrl,False,2022-12-17,2022-12-17,xlsx,False,True
2022/2022-12-19_19_Dec_2022_Daily_Report.xlsx,ok,70,all+ctrl,False,2022-12-19,2022-12-19,xlsx,False,True
2022/2022-12-20_20_Dec_2022_Daily_Report.xlsx,ok,70,all+ctrl,False,2022-12-20,2022-12-20,xlsx,False,True
2022/2022-12-21_21_Dec_2022_Daily_Report.xlsx,ok,70,all+ctrl,False,2022-12-21,2022-12-21,xlsx,False,True
2022/2022-12-22_22_Dec_2022_Daily_Report.xlsx,ok,70,all+ctrl,False,2022-12-22,2022-12-22,xlsx,False,True
2022/2022-12-23_23_Dec_2022_Daily_Report.xlsx,ok,70,all+ctrl,False,2022-12-23,2022-12-23,xlsx,False,True
2022/2022-12-24_24_Dec_2022_Daily_Report.xlsx,ok,70,all+ctrl,False,2022-12-24,2022-12-24,xlsx,False,True
2022/2022-12-25_25_Dec_2022_Daily_Report.xlsx,ok,70,all+ctrl,False,2022-12-25,2022-12-25,xlsx,False,True
2022/2022-12-26_26_Dec_2022_Daily_Report.xlsx,ok,70,all+ctrl,False,2022-12-26,2022-12-26,xlsx,False,True
2022/2022-12-27_27_Dec_2022_Daily_Report.xlsx,ok,70,all+ctrl,False,2022-12-27,2022-12-27,xlsx,False,True
2022/2022-12-28_28_Dec_2022_Daily_Report.xlsx,ok,70,all+ctrl,False,2022-12-28,2022-12-28,xlsx,False,True
2022/2022-12-29_29_Dec_2022_Daily_Report.xlsx,ok,70,all+ctrl,False,2022-12-29,2022-12-29,xlsx,False,True
2022/2022-12-30_30_Dec_2022_Daily_Report.xlsx,ok,70,all+ctrl,False,2022-12-30,2022-12-30,xlsx,False,True
2022/2022-12-31_31_Dec_2022_Daily_Report.xlsx,ok,70,all+ctrl,False,2022-12-31,2022-12-31,xlsx,False,True
2023/2023-01-01_01_Jan_2022_Daily_Report.xlsx,ok,70,all+ctrl,False,2023-01-01,2023-01-01,xlsx,False,True
2023/2023-01-02_2_Jan_2023_Daily_Report.xlsx,ok,70,all+ctrl,False,2023-01-02,2023-01-02,xlsx,False,True
2023/2023-01-03_3_Jan_2023_Daily_Report.xlsx,ok,70,all+ctrl,False,2023-01-03,2023-01-03,xlsx,False,True
2023/2023-01-04_4_Jan_2023_Daily_Report.xlsx,ok,70,all+ctrl,False,2023-01-04,2023-01-04,xlsx,False,True
2023/2023-01-05_5_Jan_2023_Daily_Report.xlsx,ok,70,all+ctrl,False,2023-01-05,2023-01-05,xlsx,False,True
2023/2023-01-06_6_Jan_2023_Daily_Report.xlsx,ok,70,all+ctrl,False,2023-01-06,2023-01-06,xlsx,False,True
2023/2023-01-07_7_Jan_2023_Daily_Report.xlsx,ok,70,all+ctrl,False,2023-01-07,2023-01-07,xlsx,False,True
2023/2023-01-08_8_Jan_2023_Daily_Report.xlsx,ok,70,all+ctrl,False,2023-01-08,2023-01-08,xlsx,False,True
2023/2023-01-09_9_Jan_2023_Daily_Report.xlsx,ok,70,all+ctrl,False,2023-01-09,2023-01-09,xlsx,False,True
2023/2023-01-10_10_Jan_2023_Daily_Report.xlsx,ok,70,all+ctrl,False,2023-01-10,2023-01-10,xlsx,False,True
2023/2023-01-11_11_Jan_2023_Daily_Report.xlsx,ok,70,all+ctrl,False,2023-01-11,2023-01-11,xlsx,False,True
2023/2023-01-12_12_Jan_2023_Daily_Report.xlsx,ok,70,all+ctrl,False,2023-01-12,2023-01-12,xlsx,False,True
2023/2023-01-13_13_Jan_2023_Daily_Report.xlsx,ok,70,all+ctrl,False,2023-01-13,2023-01-13,xlsx,False,True
2023/2023-01-14_14_Jan_2023_Daily_Report.xlsx,ok,70,all+ctrl,False,2023-01-14,2023-01-14,xlsx,False,True
2023/2023-01-15_15_Jan_2023_Daily_Report.xlsx,ok,70,all+ctrl,False,2023-01-15,2023-01-15,xlsx,False,True
2023/2023-01-16_16_Jan_2023_Daily_Report.xlsx,ok,70,all+ctrl,False,2023-01-16,2023-01-16,xlsx,False,True
2023/2023-01-17_17_Jan_2023_Daily_Report.xlsx,ok,70,all+ctrl,False,2023-01-17,2023-01-17,xlsx,False,True
2023/2023-01-18_18_Jan_2023_Daily_Report.xlsx,ok,70,all+ctrl,False,2023-01-18,2023-01-18,xlsx,False,True
2023/2023-01-19_19_Jan_2023_Daily_Report.xlsx,ok,70,all+ctrl,False,2023-01-19,2023-01-19,xlsx,False,True
2023/2023-01-20_20_Jan_2023_Daily_Report.xlsx,ok,70,all+ctrl,False,2023-01-20,2023-01-20,xlsx,False,True
2023/2023-01-21_21_Jan_2023_Daily_Report.xlsx,ok,70,all+ctrl,False,2023-01-21,2023-01-21,xlsx,False,True
2023/2023-01-22_22_Jan_2023_Daily_Report.xlsx,ok,70,all+ctrl,False,2023-01-22,2023-01-22,xlsx,False,True
2023/2023-01-23_23_Jan_2023_Daily_Report.xlsx,ok,70,all+ctrl,False,2023-01-23,2023-01-23,xlsx,False,True
2023/2023-01-24_24_Jan_2023_Daily_Report.xlsx,ok,70,all+ctrl,False,2023-01-24,2023-01-24,xlsx,False,True
2023/2023-01-25_25_Jan_2023_Daily_Report.xlsx,ok,70,all+ctrl,False,2023-01-25,2023-01-25,xlsx,False,True
2023/2023-01-26_26_Jan_2023_Daily_Report.xlsx,ok,70,all+ctrl,False,2023-01-26,2023-01-26,xlsx,False,True
2023/2023-01-27_27_Jan_2023_Daily_Report.xlsx,ok,70,all+ctrl,False,2023-01-27,2023-01-27,xlsx,False,True
2023/2023-01-28_28_Jan_2023_Daily_Report.xlsx,ok,70,all+ctrl,False,2023-01-28,2023-01-28,xlsx,False,True
2023/2023-01-29_29_Jan_2023_Daily_Report.xlsx,ok,70,all+ctrl,False,2023-01-29,2023-01-29,xlsx,False,True
2023/2023-01-30_30_Jan_2023_Daily_Report.xlsx,ok,70,all+ctrl,False,2023-01-30,2023-01-30,xlsx,False,True
2023/2023-01-31_31_Jan_2023_Daily_Report.xlsx,ok,70,all+ctrl,False,2023-01-31,2023-01-31,xlsx,False,True
2023/2023-02-01_1_Feb_2023_Daily_Report.xlsx,ok,70,all+ctrl,False,2023-02-01,2023-02-01,xlsx,False,True
2023/2023-02-02_2_Feb_2023_Daily_Report.xlsx,ok,70,all+ctrl,False,2023-02-02,2023-02-02,xlsx,False,True
2023/2023-02-03_3_Feb_2023_Daily_Report.xlsx,ok,70,all+ctrl,False,2023-02-03,2023-02-03,xlsx,False,True
2023/2023-02-04_4_Feb_2023_Daily_Report.xlsx,ok,70,all+ctrl,False,2023-02-04,2023-02-04,xlsx,False,True
2023/2023-02-05_5_Feb_2023_Daily_Report_2.xlsx,ok,70,all+ctrl,False,2023-02-05,2023-02-05,xlsx,False,True
2023/2023-02-06_6_Feb_2023_Daily_Report.xlsx,ok,70,all+ctrl,False,2023-02-06,2023-02-06,xlsx,False,True
2023/2023-02-07_7_Feb_2023_Daily_Report.xlsx,ok,70,all+ctrl,False,2023-02-07,2023-02-07,xlsx,False,True
2023/2023-02-08_8_Feb_2023_Daily_Report.xlsx,ok,70,all+ctrl,False,2023-02-08,2023-02-08,xlsx,False,True
2023/2023-02-09_9_Feb_2023_Daily_Report.xlsx,ok,70,all+ctrl,False,2023-02-09,2023-02-09,xlsx,False,True
2023/2023-02-10_10_Feb_2023_Daily_Report.xlsx,ok,70,all+ctrl,False,2023-02-10,2023-02-10,xlsx,False,True
2023/2023-02-11_11_Feb_2023_Daily_Report.xlsx,ok,70,all+ctrl,False,2023-02-11,2023-02-11,xlsx,False,True
2023/2023-02-12_12_Feb_2023_Daily_Report.xlsx,ok,70,all+ctrl,False,2023-02-12,2023-02-12,xlsx,False,True
2023/2023-02-13_13_Feb_2023_Daily_Report.xlsx,ok,70,all+ctrl,False,2023-02-13,2023-02-13,xlsx,False,True
2023/2023-02-14_14_Feb_2023_Daily_Report.xlsx,ok,70,all+ctrl,False,2023-02-14,2023-02-14,xlsx,False,True
2023/2023-02-15_15_Feb_2023_Daily_Report.xlsx,ok,70,all+ctrl,False,2023-02-15,2023-02-15,xlsx,False,True
2023/2023-02-16_16_Feb_2023_Daily_Report.xlsx,ok,70,all+ctrl,False,2023-02-16,2023-02-16,xlsx,False,True
2023/2023-02-17_17_Feb_2023_Daily_Report.xlsx,ok,70,all+ctrl,False,2023-02-17,2023-02-17,xlsx,False,True
2023/2023-02-18_18_Feb_2023_Daily_Report.xlsx,ok,70,all+ctrl,False,2023-02-18,2023-02-18,xlsx,False,True
2023/2023-02-19_19_Feb_2023_Daily_Report.xlsx,ok,70,all+ctrl,False,2023-02-19,2023-02-19,xlsx,False,True
2023/2023-02-20_20_Feb_2023_Daily_Report.xlsx,ok,70,all+ctrl,False,2023-02-20,2023-02-20,xlsx,False,True
2023/2023-02-21_21_Feb_2023_Daily_Report.xlsx,ok,70,all+ctrl,False,2023-02-21,2023-02-21,xlsx,False,True
2023/2023-02-22_22_Feb_2023_Daily_Report.xlsx,ok,70,all+ctrl,False,2023-02-22,2023-02-22,xlsx,False,True
2023/2023-02-23_23_Feb_2023_Daily_Report.xlsx,ok,70,all+ctrl,False,2023-02-23,2023-02-23,xlsx,False,True
2023/2023-02-24_24_Feb_2023_Daily_Report.xlsx,ok,70,all+ctrl,False,2023-02-24,2023-02-24,xlsx,False,True
2023/2023-02-25_25_Feb_2023_Daily_Report.xlsx,ok,70,all+ctrl,False,2023-02-25,2023-02-25,xlsx,False,True
2023/2023-02-26_26_Feb_2023_Daily_Report.xlsx,ok,70,all+ctrl,False,2023-02-26,2023-02-26,xlsx,False,True
2023/2023-02-27_27_Feb_2023_Daily_Report.xlsx,ok,70,all+ctrl,False,2023-02-27,2023-02-27,xlsx,False,True
2023/2023-02-28_28_Feb_2023_Daily_Report.xlsx,ok,70,all+ctrl,False,2023-02-28,2023-02-28,xlsx,False,True
2023/2023-03-01_1_Mar_2023_Daily_Report.xlsx,ok,70,all+ctrl,False,2023-03-01,2023-03-01,xlsx,False,True
2023/2023-03-02_2_March_2023_Daily_Report.xlsx,ok,70,all+ctrl,False,2023-03-02,2023-03-02,xlsx,False,True
2023/2023-03-03_3_March_2023_Daily_Report-1.xlsx,ok,70,all+ctrl,False,2023-03-03,2023-03-03,xlsx,False,True
2023/2023-03-04_4_March_2023_Daily_Report.xlsx,ok,70,all+ctrl,False,2023-03-04,2023-03-04,xlsx,False,True
2023/2023-03-05_5_March_2023_Daily_Report.xlsx,ok,70,all+ctrl,False,2023-03-05,2023-03-05,xlsx,False,True
2023/2023-03-06_6_March_2023_Daily_Report.xlsx,ok,70,all+ctrl,False,2023-03-06,2023-03-06,xlsx,False,True
2023/2023-03-07_7_Mar_2023_Daily_Report.xlsx,ok,70,all+ctrl,False,2023-03-07,2023-03-07,xlsx,False,True
2023/2023-03-08_8_Mar_2023_Daily_Report.xlsx,ok,70,all+ctrl,False,2023-03-08,2023-03-08,xlsx,False,True
2023/2023-03-09_9_Mar_2023_Daily_Report.xlsx,ok,70,all+ctrl,False,2023-03-09,2023-03-09,xlsx,False,True
2023/2023-03-10_10_March_2023_Daily_Report.xlsx,ok,70,all+ctrl,False,2023-03-10,2023-03-10,xlsx,False,True
2023/2023-03-11_11_March_2023_Daily_Report.xlsx,ok,70,all+ctrl,False,2023-03-11,2023-03-11,xlsx,False,True
2023/2023-03-12_12_March_2023_Daily_Report.xlsx,ok,70,all+ctrl,False,2023-03-12,2023-03-12,xlsx,False,True
2023/2023-03-13_13_Mar_2023_Daily_Report.xlsx,ok,70,all+ctrl,False,2023-03-13,2023-03-13,xlsx,False,True
2023/2023-03-14_14_Mar_2023_Daily_Report.xlsx,ok,70,all+ctrl,False,2023-03-14,2023-03-14,xlsx,False,True
2023/2023-03-15_15_Mar_2023_Daily_Report.xlsx,ok,70,all+ctrl,False,2023-03-15,2023-03-15,xlsx,False,True
2023/2023-03-16_16_March_2023_Daily_Report.xlsx,ok,70,all+ctrl,False,2023-03-16,2023-03-16,xlsx,False,True
2023/2023-03-17_17_March_2023_Daily_Report.xlsx,ok,70,all+ctrl,False,2023-03-17,2023-03-17,xlsx,False,True
2023/2023-03-18_18_March_2023_Daily_Report.xlsx,ok,70,all+ctrl,False,2023-03-18,2023-03-18,xlsx,False,True
2023/2023-03-19_19_March_2023_Daily_Report.xlsx,ok,70,all+ctrl,False,2023-03-19,2023-03-19,xlsx,False,True
2023/2023-03-20_20_Mar_2023_Daily_Report.xlsx,ok,70,all+ctrl,False,2023-03-20,2023-03-20,xlsx,False,True
2023/2023-03-21_21_Mar_2023_Daily_Report.xlsx,ok,70,all+ctrl,False,2023-03-21,2023-03-21,xlsx,False,True
2023/2023-03-22_22_Mar_2023_Daily_Report.xlsx,ok,70,all+ctrl,False,2023-03-22,2023-03-22,xlsx,False,True
2023/2023-03-23_23_Mar_2023_Daily_Report.xlsx,ok,70,all+ctrl,False,2023-03-23,2023-03-23,xlsx,False,True
2023/2023-03-24_24_Mar_2023_Daily_Report.xlsx,ok,70,all+ctrl,False,2023-03-24,2023-03-24,xlsx,False,True
2023/2023-03-25_25_March_2023_Daily_Report.xlsx,ok,70,all+ctrl,False,2023-03-25,2023-03-25,xlsx,False,True
2023/2023-03-26_26_March_2023_Daily_Report.xlsx,ok,70,all+ctrl,False,2023-03-26,2023-03-26,xlsx,False,True
2023/2023-03-27_27_March_2023_Daily_Report.xlsx,ok,70,all+ctrl,False,2023-03-27,2023-03-27,xlsx,False,True
2023/2023-03-28_28_March_2023_Daily_Report.xlsx,ok,70,all+ctrl,False,2023-03-28,2023-03-28,xlsx,False,True
2023/2023-03-29_29_March_2023_Daily_Report.xlsx,ok,70,all+ctrl,False,2023-03-29,2023-03-29,xlsx,False,True
2023/2023-03-30_30_March_2023_Daily_Report.xlsx,ok,70,all+ctrl,False,2023-03-30,2023-03-30,xlsx,False,True
2023/2023-03-31_DailyRE31032023-1.xlsx,ok,70,all+ctrl,False,2023-03-31,2023-03-31,xlsx,False,True
2023/2023-04-01_1_April_2023_Daily_Report.xlsx,ok,70,all+ctrl,False,2023-04-01,2023-04-01,xlsx,False,True
2023/2023-04-02_2_April_2023_Daily_Report.xlsx,ok,70,all+ctrl,False,2023-04-02,2023-04-02,xlsx,False,True
2023/2023-04-03_3_Apr_2023_Daily_Report.xlsx,ok,70,all+ctrl,False,2023-04-03,2023-04-03,xlsx,False,True
2023/2023-04-04_4_Apr_2023_Daily_Report.xlsx,ok,70,all+ctrl,False,2023-04-04,2023-04-04,xlsx,False,True
2023/2023-04-05_5_Apr_2023_Daily_Report.xlsx,ok,70,all+ctrl,False,2023-04-05,2023-04-05,xlsx,False,True
2023/2023-04-06_6_April_2023_Daily_Report.xlsx,ok,70,all+ctrl,False,2023-04-06,2023-04-06,xlsx,False,True
2023/2023-04-07_7_April_2023_Daily_Report.xlsx,ok,70,all+ctrl,False,2023-04-07,2023-04-07,xlsx,False,True
2023/2023-04-08_8_April_2023_Daily_Report.xlsx,ok,70,all+ctrl,False,2023-04-08,2023-04-08,xlsx,False,True
2023/2023-04-09_9_April_2023_Daily_Report.xlsx,ok,70,all+ctrl,False,2023-04-09,2023-04-09,xlsx,False,True
2023/2023-04-10_10_Apr_2023_Daily_Report.xlsx,ok,70,all+ctrl,False,2023-04-10,2023-04-10,xlsx,False,True
2023/2023-04-11_11_Apr_2023_Daily_Report.xlsx,ok,70,all+ctrl,False,2023-04-11,2023-04-11,xlsx,False,True
2023/2023-04-12_12_Apr_2023_Daily_Report.xlsx,ok,70,all+ctrl,False,2023-04-12,2023-04-12,xlsx,False,True
2023/2023-04-13_13_April_2023_Daily_Report.xlsx,ok,70,all+ctrl,False,2023-04-13,2023-04-13,xlsx,False,True
2023/2023-04-14_14_April_2023_Daily_Report.xlsx,ok,70,all+ctrl,False,2023-04-14,2023-04-14,xlsx,False,True
2023/2023-04-15_15_April_2023_Daily_Report.xlsx,ok,70,all+ctrl,False,2023-04-15,2023-04-15,xlsx,False,True
2023/2023-04-16_16_April_2023_Daily_Report.xlsx,ok,70,all+ctrl,False,2023-04-16,2023-04-16,xlsx,False,True
2023/2023-04-17_17_April_2023_Daily_Report.xlsx,ok,70,all+ctrl,False,2023-04-17,2023-04-17,xlsx,False,True
2023/2023-04-18_18_Apr_2023_Daily_Report.xlsx,ok,70,all+ctrl,False,2023-04-18,2023-04-18,xlsx,False,True
2023/2023-04-19_19_April_2023_Daily_Report.xlsx,ok,70,all+ctrl,False,2023-04-19,2023-04-19,xlsx,False,True
2023/2023-04-20_20_April_2023_Daily_Report.xlsx,ok,70,all+ctrl,False,2023-04-20,2023-04-20,xlsx,False,True
2023/2023-04-21_21_April_2023_Daily_Report.xlsx,ok,70,all+ctrl,False,2023-04-21,2023-04-21,xlsx,False,True
2023/2023-04-22_22_April_2023_Daily_Report.xlsx,ok,70,all+ctrl,False,2023-04-22,2023-04-22,xlsx,False,True
2023/2023-04-23_23_April_2023_Daily_Report.xlsx,ok,70,all+ctrl,False,2023-04-23,2023-04-23,xlsx,False,True
2023/2023-04-24_24_April_2023_Daily_Report.xlsx,ok,70,all+ctrl,False,2023-04-24,2023-04-24,xlsx,False,True
2023/2023-04-25_25_April_2023_Daily_Report.xlsx,ok,70,all+ctrl,False,2023-04-25,2023-04-25,xlsx,False,True
2023/2023-04-26_26_April_2023_Daily_Report.xlsx,ok,70,all+ctrl,False,2023-04-26,2023-04-26,xlsx,False,True
2023/2023-04-27_27_April_2023_Daily_Report.xlsx,ok,70,all+ctrl,False,2023-04-27,2023-04-27,xlsx,False,True
2023/2023-04-28_28_April_2023_Daily_Report.xlsx,ok,70,all+ctrl,False,2023-04-28,2023-04-28,xlsx,False,True
2023/2023-04-29_29_April_2023_Daily_Report.xlsx,ok,70,all+ctrl,False,2023-04-29,2023-04-29,xlsx,False,True
2023/2023-04-30_30_April_2023_Daily_Report.xlsx,ok,70,all+ctrl,False,2023-04-30,2023-04-30,xlsx,False,True
2023/2023-05-01_1_May_2023_Daily_Report.xlsx,ok,70,all+ctrl,False,2023-05-01,2023-05-01,xlsx,False,True
2023/2023-05-02_2_May_2023_Daily_Report.xlsx,ok,70,all+ctrl,False,2023-05-02,2023-05-02,xlsx,False,True
2023/2023-05-03_3_May_2023_Daily_Report.xlsx,ok,70,all+ctrl,False,2023-05-03,2023-05-03,xlsx,False,True
2023/2023-05-04_4_May_2023_Daily_Report-1.xlsx,ok,70,all+ctrl,False,2023-05-04,2023-05-04,xlsx,False,True
2023/2023-05-05_DailyRE04052023.xlsx,ok,70,all+ctrl,False,2023-05-05,2023-05-05,xlsx,False,True
2023/2023-05-06_6_May_2023_Daily_Report.xlsx,ok,70,all+ctrl,False,2023-05-06,2023-05-06,xlsx,False,True
2023/2023-05-07_7_May_2023_Daily_Report.xlsx,ok,70,all+ctrl,False,2023-05-07,2023-05-07,xlsx,False,True
2023/2023-05-08_8_May_2023_Daily_Report.xlsx,ok,70,all+ctrl,False,2023-05-08,2023-05-08,xlsx,False,True
2023/2023-05-09_9_May_2023_Daily_Report.xlsx,ok,70,all+ctrl,False,2023-05-09,2023-05-09,xlsx,False,True
2023/2023-05-10_10_May_2023_Daily_Report.xlsx,ok,70,all+ctrl,False,2023-05-10,2023-05-10,xlsx,False,True
2023/2023-05-11_11_May_2023_Daily_Report.xlsx,ok,70,all+ctrl,False,2023-05-11,2023-05-11,xlsx,False,True
2023/2023-05-12_12_May_2023_Daily_Report.xlsx,ok,70,all+ctrl,False,2023-05-12,2023-05-12,xlsx,False,True
2023/2023-05-13_13_May_2023_Daily_Report.xlsx,ok,70,all+ctrl,False,2023-05-13,2023-05-13,xlsx,False,True
2023/2023-05-14_14_May_2023_Daily_Report.xlsx,ok,70,all+ctrl,False,2023-05-14,2023-05-14,xlsx,False,True
2023/2023-05-15_15_May_2023_Daily_Report.xlsx,ok,70,all+ctrl,False,2023-05-15,2023-05-15,xlsx,False,True
2023/2023-05-16_16_May_2023_Daily_Report.xlsx,ok,70,all+ctrl,False,2023-05-16,2023-05-16,xlsx,False,True
2023/2023-05-17_17_May_2023_Daily_Report.xlsx,ok,70,all+ctrl,False,2023-05-17,2023-05-17,xlsx,False,True
2023/2023-05-18_18_May_2023_Daily_Report.xlsx,ok,70,all+ctrl,False,2023-05-18,2023-05-18,xlsx,False,True
2023/2023-05-19_19_May_2023_Daily_Report.xlsx,ok,70,all+ctrl,False,2023-05-19,2023-05-19,xlsx,False,True
2023/2023-05-20_20_May_2023_Daily_Report.xlsx,ok,70,all+ctrl,False,2023-05-20,2023-05-20,xlsx,False,True
2023/2023-05-21_21_May_2023_Daily_Report.xlsx,ok,70,all+ctrl,False,2023-05-21,2023-05-21,xlsx,False,True
2023/2023-05-22_22_May_2023_Daily_Report.xlsx,ok,70,all+ctrl,False,2023-05-22,2023-05-22,xlsx,False,True
2023/2023-05-23_23_May_2023_Daily_Report.xlsx,ok,70,all+ctrl,False,2023-05-23,2023-05-23,xlsx,False,True
2023/2023-05-24_24May_2023_Daily_Report.xlsx,ok,70,all+ctrl,False,2023-05-24,2023-05-24,xlsx,False,True
2023/2023-05-25_25May_2023_Daily_Report.xlsx,ok,70,all+ctrl,False,2023-05-25,2023-05-25,xlsx,False,True
2023/2023-05-26_26_May_2023_Daily_Report.xlsx,ok,70,all+ctrl,False,2023-05-26,2023-05-26,xlsx,False,True
2023/2023-05-27_27_May_2023_Daily_Report.xlsx,ok,70,all+ctrl,False,2023-05-27,2023-05-27,xlsx,False,True
2023/2023-05-28_28_May_2023_Daily_Report.xlsx,ok,70,all+ctrl,False,2023-05-28,2023-05-28,xlsx,False,True
2023/2023-05-29_29_May_2023_Daily_Report.xlsx,ok,70,all+ctrl,False,2023-05-29,2023-05-29,xlsx,False,True
2023/2023-05-30_30_May_2023_Daily_Report.xlsx,ok,70,all+ctrl,False,2023-05-30,2023-05-30,xlsx,False,True
2023/2023-05-31_31_May_2023_Daily_Report.xlsx,ok,70,all+ctrl,False,2023-05-31,2023-05-31,xlsx,False,True
2023/2023-06-01_1_June_2023_Daily_Report.xlsx,ok,70,all+ctrl,False,2023-06-01,2023-06-01,xlsx,False,True
2023/2023-06-02_2_June_2023_Daily_Report.xlsx,ok,70,all+ctrl,False,2023-06-02,2023-06-02,xlsx,False,True
2023/2023-06-03_3_June_2023_Daily_Report.xlsx,ok,70,all+ctrl,False,2023-06-03,2023-06-03,xlsx,False,True
2023/2023-06-04_4_June_2023_Daily_Report.xlsx,ok,70,all+ctrl,False,2023-06-04,2023-06-04,xlsx,False,True
2023/2023-06-05_5_June_2023_Daily_Report.xlsx,ok,70,all+ctrl,False,2023-06-05,2023-06-05,xlsx,False,True
2023/2023-06-06_6_June_2023_Daily_Report.xlsx,ok,70,all+ctrl,False,2023-06-06,2023-06-06,xlsx,False,True
2023/2023-06-07_7_June_2023_Daily_Report.xlsx,ok,70,all+ctrl,False,2023-06-07,2023-06-07,xlsx,False,True
2023/2023-06-08_8_June_2023_Daily_Report.xlsx,ok,70,all+ctrl,False,2023-06-08,2023-06-08,xlsx,False,True
2023/2023-06-09_9_June_2023_Daily_Report.xlsx,ok,70,all+ctrl,False,2023-06-09,2023-06-09,xlsx,False,True
2023/2023-06-10_10_June_2023_Daily_Report.xlsx,ok,70,all+ctrl,False,2023-06-10,2023-06-10,xlsx,False,True
2023/2023-06-11_11_June_2023_Daily_Report.xlsx,ok,70,all+ctrl,False,2023-06-11,2023-06-11,xlsx,False,True
2023/2023-06-12_12_June_2023_Daily_Report.xlsx,ok,70,all+ctrl,False,2023-06-12,2023-06-12,xlsx,False,True
2023/2023-06-13_13_June_2023_Daily_Report.xlsx,ok,70,all+ctrl,False,2023-06-13,2023-06-13,xlsx,False,True
2023/2023-06-14_14_June_2023_Daily_Report.xlsx,ok,70,all+ctrl,False,2023-06-14,2023-06-14,xlsx,False,True
2023/2023-06-15_15_June_2023_Daily_Report.xlsx,ok,70,all+ctrl,False,2023-06-15,2023-06-15,xlsx,False,True
2023/2023-06-16_16_June_2023_Daily_Report.xlsx,ok,70,all+ctrl,False,2023-06-16,2023-06-16,xlsx,False,True
2023/2023-06-17_17_June_2023_Daily_Report.xlsx,ok,70,all+ctrl,False,2023-06-17,2023-06-17,xlsx,False,True
2023/2023-06-18_18_June_2023_Daily_Report.xlsx,ok,70,all+ctrl,False,2023-06-18,2023-06-18,xlsx,False,True
2023/2023-06-19_19_June_2023_Daily_Report.xlsx,ok,70,all+ctrl,False,2023-06-19,2023-06-19,xlsx,False,True
2023/2023-06-20_20_June_2023_Daily_Report.xlsx,ok,70,all+ctrl,False,2023-06-20,2023-06-20,xlsx,False,True
2023/2023-06-21_21_June_2023_Daily_Report.xlsx,ok,70,all+ctrl,False,2023-06-21,2023-06-21,xlsx,False,True
2023/2023-06-22_22_June_2023_Daily_Report.xlsx,ok,70,all+ctrl,False,2023-06-22,2023-06-22,xlsx,False,True
2023/2023-06-23_23_June_2023_Daily_Report.xlsx,ok,70,all+ctrl,False,2023-06-23,2023-06-23,xlsx,False,True
2023/2023-06-24_24_June_2023_Daily_Report.xlsx,ok,70,all+ctrl,False,2023-06-24,2023-06-24,xlsx,False,True
2023/2023-06-25_25_June_2023_Daily_Report.xlsx,ok,70,all+ctrl,False,2023-06-25,2023-06-25,xlsx,False,True
2023/2023-06-26_26_June_2023_Daily_Report.xlsx,ok,70,all+ctrl,False,2023-06-26,2023-06-26,xlsx,False,True
2023/2023-06-27_27_June_2023_Daily_Report.xlsx,ok,70,all+ctrl,False,2023-06-27,2023-06-27,xlsx,False,True
2023/2023-06-28_28_June_2023_Daily_Report.xlsx,ok,70,all+ctrl,False,2023-06-28,2023-06-28,xlsx,False,True
2023/2023-06-29_29_June_2023_Daily_Report.xlsx,ok,70,all+ctrl,False,2023-06-29,2023-06-29,xlsx,False,True
2023/2023-06-30_30_June_2023_Daily_Report.xlsx,ok,70,all+ctrl,False,2023-06-30,2023-06-30,xlsx,False,True
2023/2023-07-01_01_July_2023_Daily_Report.xlsx,ok,70,all+ctrl,False,2023-07-01,2023-07-01,xlsx,False,True
2023/2023-07-02_02_July_2023_Daily_Report.xlsx,ok,70,all+ctrl,False,2023-07-02,2023-07-02,xlsx,False,True
2023/2023-07-03_03_July_2023_Daily_Report.xlsx,ok,70,all+ctrl,False,2023-07-03,2023-07-03,xlsx,False,True
2023/2023-07-04_04_July_2023_Daily_Report.xlsx,ok,70,all+ctrl,False,2023-07-04,2023-07-04,xlsx,False,True
2023/2023-07-05_05_July_2023_Daily_Report.xlsx,ok,70,all+ctrl,False,2023-07-05,2023-07-05,xlsx,False,True
2023/2023-07-06_06_July_2023_Daily_Report.xlsx,ok,70,all+ctrl,False,2023-07-06,2023-07-06,xlsx,False,True
2023/2023-07-07_07_July_2023_Daily_Report.xlsx,ok,70,all+ctrl,False,2023-07-07,2023-07-07,xlsx,False,True
2023/2023-07-08_08_July_2023_Daily_Report.xlsx,ok,70,all+ctrl,False,2023-07-08,2023-07-08,xlsx,False,True
2023/2023-07-09_09_July_2023_Daily_Report.xlsx,ok,70,all+ctrl,False,2023-07-09,2023-07-09,xlsx,False,True
2023/2023-07-10_10_July_2023_Daily_Report.xlsx,ok,70,all+ctrl,False,2023-07-10,2023-07-10,xlsx,False,True
2023/2023-07-11_DailyRE11072023-2.xlsx,ok,70,all+ctrl,False,2023-07-11,2023-07-11,xlsx,False,True
2023/2023-07-12_12_July_2023_Daily_Report.xlsx,ok,70,all+ctrl,False,2023-07-12,2023-07-12,xlsx,False,True
2023/2023-07-13_13_July_2023_Daily_Report.xlsx,ok,70,all+ctrl,False,2023-07-13,2023-07-13,xlsx,False,True
2023/2023-07-14_14_July_2023_Daily_Report.xlsx,ok,70,all+ctrl,False,2023-07-14,2023-07-14,xlsx,False,True
2023/2023-07-15_15_July_2023_Daily_Report.xlsx,ok,70,all+ctrl,False,2023-07-15,2023-07-15,xlsx,False,True
2023/2023-07-16_16_July_2023_Daily_Report.xlsx,ok,70,all+ctrl,False,2023-07-16,2023-07-16,xlsx,False,True
2023/2023-07-17_17_July_2023_Daily_Report.xlsx,ok,70,all+ctrl,False,2023-07-17,2023-07-17,xlsx,False,True
2023/2023-07-18_18_July_2023_Daily_Report.xlsx,ok,70,all+ctrl,False,2023-07-18,2023-07-18,xlsx,False,True
2023/2023-07-19_19_July_2023_Daily_Report.xlsx,ok,70,all+ctrl,False,2023-07-19,2023-07-19,xlsx,False,True
2023/2023-07-20_20_July_2023_Daily_Report-1.xlsx,ok,70,all+ctrl,False,2023-07-20,2023-07-20,xlsx,False,True
2023/2023-07-21_21_July_2023_Daily_Report.xlsx,ok,70,all+ctrl,False,2023-07-21,2023-07-21,xlsx,False,True
2023/2023-07-22_22_July_2023_Daily_Report.xlsx,ok,70,all+ctrl,False,2023-07-22,2023-07-22,xlsx,False,True
2023/2023-07-23_23_July_2023_Daily_Report.xlsx,ok,70,all+ctrl,False,2023-07-23,2023-07-23,xlsx,False,True
2023/2023-07-24_24_July_2023_Daily_Report.xlsx,ok,70,all+ctrl,False,2023-07-24,2023-07-24,xlsx,False,True
2023/2023-07-25_25_July_2023_Daily_Report.xlsx,ok,70,all+ctrl,False,2023-07-25,2023-07-25,xlsx,False,True
2023/2023-07-26_26_July_2023_Daily_Report.xlsx,ok,70,all+ctrl,False,2023-07-26,2023-07-26,xlsx,False,True
2023/2023-07-27_27_July_2023_Daily_Report.xlsx,ok,70,all+ctrl,False,2023-07-27,2023-07-27,xlsx,False,True
2023/2023-07-28_28_July_2023_Daily_Report.xlsx,ok,70,all+ctrl,False,2023-07-28,2023-07-28,xlsx,False,True
2023/2023-07-29_29_July_2023_Daily_Report.xlsx,ok,70,all+ctrl,False,2023-07-29,2023-07-29,xlsx,False,True
2023/2023-07-30_30_July_2023_Daily_Report.xlsx,ok,70,all+ctrl,False,2023-07-30,2023-07-30,xlsx,False,True
2023/2023-07-31_31_July_2023_Daily_Report.xlsx,ok,70,all+ctrl,False,2023-07-31,2023-07-31,xlsx,False,True
2023/2023-08-01_01_Aug_2023_Daily_Report-2.xlsx,ok,70,all+ctrl,False,2023-08-01,2023-08-01,xlsx,False,True
2023/2023-08-02_02_Aug_2023_Daily_Report.xlsx,ok,70,all+ctrl,False,2023-08-02,2023-08-02,xlsx,False,True
2023/2023-08-03_03_Aug_2023_Daily_Report.xlsx,ok,70,all+ctrl,False,2023-08-03,2023-08-03,xlsx,False,True
2023/2023-08-04_04_Aug_2023_Daily_Report.xlsx,ok,70,all+ctrl,False,2023-08-04,2023-08-04,xlsx,False,True
2023/2023-08-05_05_Aug_2023_Daily_Report.xlsx,ok,70,all+ctrl,False,2023-08-05,2023-08-05,xlsx,False,True
2023/2023-08-06_06_Aug_2023_Daily_Report.xlsx,ok,70,all+ctrl,False,2023-08-06,2023-08-06,xlsx,False,True
2023/2023-08-07_07_Aug_2023_Daily_Report.xlsx,ok,70,all+ctrl,False,2023-08-07,2023-08-07,xlsx,False,True
2023/2023-08-08_08_Aug_2023_Daily_Report.xlsx,ok,70,all+ctrl,False,2023-08-08,2023-08-08,xlsx,False,True
2023/2023-08-09_09_Aug_2023_Daily_Report.xlsx,ok,70,all+ctrl,False,2023-08-09,2023-08-09,xlsx,False,True
2023/2023-08-10_10_Aug_2023_Daily_Report.xlsx,ok,70,all+ctrl,False,2023-08-10,2023-08-10,xlsx,False,True
2023/2023-08-11_11_Aug_2023_Daily_Report.xlsx,ok,70,all+ctrl,False,2023-08-11,2023-08-11,xlsx,False,True
2023/2023-08-12_12_Aug_2023_Daily_Report.xlsx,ok,70,all+ctrl,False,2023-08-12,2023-08-12,xlsx,False,True
2023/2023-08-13_13_Aug_2023_Daily_Report.xlsx,ok,70,all+ctrl,False,2023-08-13,2023-08-13,xlsx,False,True
2023/2023-08-14_14_Aug_2023_Daily_Report.xlsx,ok,70,all+ctrl,False,2023-08-14,2023-08-14,xlsx,False,True
2023/2023-08-15_15_Aug_2023_Daily_Report.xlsx,ok,70,all+ctrl,False,2023-08-15,2023-08-15,xlsx,False,True
2023/2023-08-16_16_Aug_2023_Daily_Report.xlsx,ok,70,all+ctrl,False,2023-08-16,2023-08-16,xlsx,False,True
2023/2023-08-17_17_Aug_2023_Daily_Report.xlsx,ok,70,all+ctrl,False,2023-08-17,2023-08-17,xlsx,False,True
2023/2023-08-18_18_Aug_2023_Daily_Report.xlsx,ok,70,all+ctrl,False,2023-08-18,2023-08-18,xlsx,False,True
2023/2023-08-19_19_Aug_2023_Daily_Report.xlsx,ok,70,all+ctrl,False,2023-08-19,2023-08-19,xlsx,False,True
2023/2023-08-20_20_Aug_2023_Daily_Report.xlsx,ok,70,all+ctrl,False,2023-08-20,2023-08-20,xlsx,False,True
2023/2023-08-21_21_Aug_2023_Daily_Report.xlsx,ok,70,all+ctrl,False,2023-08-21,2023-08-21,xlsx,False,True
2023/2023-08-22_22_Aug_2023_Daily_Report.xlsx,ok,70,all+ctrl,False,2023-08-22,2023-08-22,xlsx,False,True
2023/2023-08-23_23_Aug_2023_Daily_Report.xlsx,ok,70,all+ctrl,False,2023-08-23,2023-08-23,xlsx,False,True
2023/2023-08-24_24_Aug_2023_Daily_Report.xlsx,ok,70,all+ctrl,False,2023-08-24,2023-08-24,xlsx,False,True
2023/2023-08-25_25_Aug_2023_Daily_Report.xlsx,ok,70,all+ctrl,False,2023-08-25,2023-08-25,xlsx,False,True
2023/2023-08-26_26_Aug_2023_Daily_Report.xlsx,ok,70,all+ctrl,False,2023-08-26,2023-08-26,xlsx,False,True
2023/2023-08-27_27_Aug_2023_Daily_Report.xlsx,ok,70,all+ctrl,False,2023-08-27,2023-08-27,xlsx,False,True
2023/2023-08-28_28_Aug_2023_Daily_Report.xlsx,ok,70,all+ctrl,False,2023-08-28,2023-08-28,xlsx,False,True
2023/2023-08-29_29_Aug_2023_Daily_Report.xlsx,ok,70,all+ctrl,False,2023-08-29,2023-08-29,xlsx,False,True
2023/2023-08-30_30_Aug_2023_Daily_Report.xlsx,ok,70,all+ctrl,False,2023-08-30,2023-08-30,xlsx,False,True
2023/2023-08-31_31_Aug_2023_Daily_Report.xlsx,ok,70,all+ctrl,False,2023-08-31,2023-08-31,xlsx,False,True
2023/2023-09-01_01_Sep_2023_Daily_Report.xlsx,ok,70,all+ctrl,False,2023-09-01,2023-09-01,xlsx,False,True
2023/2023-09-02_02_Sep_2023_Daily_Report.xlsx,ok,70,all+ctrl,False,2023-09-02,2023-09-02,xlsx,False,True
2023/2023-09-03_03_Sep_2023_Daily_Report.xlsx,ok,70,all+ctrl,False,2023-09-03,2023-09-03,xlsx,False,True
2023/2023-09-04_04_Sep_2023_Daily_Report.xlsx,ok,70,all+ctrl,False,2023-09-04,2023-09-04,xlsx,False,True
2023/2023-09-05_05_Sep_2023_Daily_Report.xlsx,ok,70,all+ctrl,False,2023-09-05,2023-09-05,xlsx,False,True
2023/2023-09-06_06_Sep_2023_Daily_Report.xlsx,ok,70,all+ctrl,False,2023-09-06,2023-09-06,xlsx,False,True
2023/2023-09-07_07_Sep_2023_Daily_Report.xlsx,ok,70,all+ctrl,False,2023-09-07,2023-09-07,xlsx,False,True
2023/2023-09-08_08_Sep_2023_Daily_Report.xlsx,ok,70,all+ctrl,False,2023-09-08,2023-09-08,xlsx,False,True
2023/2023-09-09_09_Sep_2023_Daily_Report.xlsx,ok,70,all+ctrl,False,2023-09-09,2023-09-09,xlsx,False,True
2023/2023-09-10_10_Sep_2023_Daily_Report.xlsx,ok,70,all+ctrl,False,2023-09-10,2023-09-10,xlsx,False,True
2023/2023-09-11_11_Sep_2023_Daily_Report.xlsx,ok,70,all+ctrl,False,2023-09-11,2023-09-11,xlsx,False,True
2023/2023-09-12_12_Sep_2023_Daily_Report.xlsx,ok,70,all+ctrl,False,2023-09-12,2023-09-12,xlsx,False,True
2023/2023-09-13_13_Sep_2023_Daily_Report.xlsx,ok,70,all+ctrl,False,2023-09-13,2023-09-13,xlsx,False,True
2023/2023-09-14_14_Sep_2023_Daily_Report.xlsx,ok,70,all+ctrl,False,2023-09-14,2023-09-14,xlsx,False,True
2023/2023-09-15_15_Sep_2023_Daily_Report.xlsx,ok,70,all+ctrl,False,2023-09-15,2023-09-15,xlsx,False,True
2023/2023-09-16_16_Sep_2023_Daily_Report.xlsx,ok,70,all+ctrl,False,2023-09-16,2023-09-16,xlsx,False,True
2023/2023-09-17_17_Sep_2023_Daily_Report.xlsx,ok,70,all+ctrl,False,2023-09-17,2023-09-17,xlsx,False,True
2023/2023-09-18_18_Sep_2023_Daily_Report.xlsx,ok,70,all+ctrl,False,2023-09-18,2023-09-18,xlsx,False,True
2023/2023-09-19_19_Sep_2023_Daily_Report.xlsx,ok,70,all+ctrl,False,2023-09-19,2023-09-19,xlsx,False,True
2023/2023-09-20_20_Sep_2023_Daily_Report.xlsx,ok,70,all+ctrl,False,2023-09-20,2023-09-20,xlsx,False,True
2023/2023-09-21_21_Sep_2023_Daily_Report.xlsx,ok,70,all+ctrl,False,2023-09-21,2023-09-21,xlsx,False,True
2023/2023-09-22_22_Sep_2023_Daily_Report.xlsx,ok,70,all+ctrl,False,2023-09-22,2023-09-22,xlsx,False,True
2023/2023-09-23_23_Sep_2023_Daily_Report.xlsx,ok,70,all+ctrl,False,2023-09-23,2023-09-23,xlsx,False,True
2023/2023-09-24_24_Sep_2023_Daily_Report.xlsx,ok,70,all+ctrl,False,2023-09-24,2023-09-24,xlsx,False,True
2023/2023-09-25_25_Sep_2023_Daily_Report.xlsx,ok,70,all+ctrl,False,2023-09-25,2023-09-25,xlsx,False,True
2023/2023-09-26_26_Sep_2023_Daily_Report.xlsx,ok,70,all+ctrl,False,2023-09-26,2023-09-26,xlsx,False,True
2023/2023-09-27_27_Sep_2023_Daily_Report.xlsx,ok,70,all+ctrl,False,2023-09-27,2023-09-27,xlsx,False,True
2023/2023-09-28_28_Sep_2023_Daily_Report.xlsx,ok,70,all+ctrl,False,2023-09-28,2023-09-28,xlsx,False,True
2023/2023-09-29_29_Sep_2023_Daily_Report.xlsx,ok,70,all+ctrl,False,2023-09-29,2023-09-29,xlsx,False,True
2023/2023-09-30_30_Sep_2023_Daily_Report.xlsx,ok,70,all+ctrl,False,2023-09-30,2023-09-30,xlsx,False,True
2023/2023-10-01_01_Oct_2023_Daily_Report.xlsx,ok,70,all+ctrl,False,2023-10-01,2023-10-01,xlsx,False,True
2023/2023-10-02_02_Oct_2023_Daily_Report.xlsx,ok,70,all+ctrl,False,2023-10-02,2023-10-02,xlsx,False,True
2023/2023-10-03_03_Oct_2023_Daily_Report.xlsx,ok,70,all+ctrl,False,2023-10-03,2023-10-03,xlsx,False,True
2023/2023-10-04_04_Oct_2023_Daily_Report.xlsx,ok,70,all+ctrl,False,2023-10-04,2023-10-04,xlsx,False,True
2023/2023-10-05_05_Oct_2023_Daily_Report.xlsx,ok,70,all+ctrl,False,2023-10-05,2023-10-05,xlsx,False,True
2023/2023-10-06_6_Oct_2023_Daily_Report.xlsx,ok,70,all+ctrl,False,2023-10-06,2023-10-06,xlsx,False,True
2023/2023-10-07_7_Oct_2023_Daily_Report.xlsx,ok,70,all+ctrl,False,2023-10-07,2023-10-07,xlsx,False,True
2023/2023-10-08_8_Oct_2023_Daily_Report.xlsx,ok,70,all+ctrl,False,2023-10-08,2023-10-08,xlsx,False,True
2023/2023-10-09_9_Oct_2023_Daily_Report.xlsx,ok,70,all+ctrl,False,2023-10-09,2023-10-09,xlsx,False,True
2023/2023-10-10_10_Oct_2023_Daily_Report-2.xlsx,ok,70,all+ctrl,False,2023-10-10,2023-10-10,xlsx,False,True
2023/2023-10-11_11_Oct_2023_Daily_Report.xlsx,ok,70,all+ctrl,False,2023-10-11,2023-10-11,xlsx,False,True
2023/2023-10-12_12_Oct_2023_Daily_Report.xlsx,ok,70,all+ctrl,False,2023-10-12,2023-10-12,xlsx,False,True
2023/2023-10-13_DailyRE13102023.xlsx,ok,70,all+ctrl,False,2023-10-13,2023-10-13,xlsx,False,True
2023/2023-10-14_14_Oct_2023_Daily_Report.xlsx,ok,70,all+ctrl,False,2023-10-14,2023-10-14,xlsx,False,True
2023/2023-10-15_15_Oct_2023_Daily_Report.xlsx,ok,70,all+ctrl,False,2023-10-15,2023-10-15,xlsx,False,True
2023/2023-10-16_Monthly_Coal_Report_September_2023_NPP.xlsx,few_states:0,0,,False,2023-10-16,,xlsx,False,False
2023/2023-10-17_17_Oct_2023_Daily_Report.xlsx,ok,70,all+ctrl,False,2023-10-17,2023-10-17,xlsx,False,True
2023/2023-10-18_18_Oct_2023_Daily_Report.xlsx,ok,70,all+ctrl,False,2023-10-18,2023-10-18,xlsx,False,True
2023/2023-10-19_19_Oct_2023_Daily_Report.xlsx,ok,70,all+ctrl,False,2023-10-19,2023-10-19,xlsx,False,True
2023/2023-10-20_20_Oct_2023_Daily_Report.xlsx,ok,70,all+ctrl,False,2023-10-20,2023-10-20,xlsx,False,True
2023/2023-10-21_21_Oct_2023_Daily_Report.xlsx,ok,70,all+ctrl,False,2023-10-21,2023-10-21,xlsx,False,True
2023/2023-10-22_22_Oct_2023_Daily_Report.xlsx,ok,70,all+ctrl,False,2023-10-22,2023-10-22,xlsx,False,True
2023/2023-10-23_23_Oct_2023_Daily_Report.xlsx,ok,70,all+ctrl,False,2023-10-23,2023-10-23,xlsx,False,True
2023/2023-10-24_24_Oct_2023_Daily_Report.xlsx,ok,70,all+ctrl,False,2023-10-24,2023-10-24,xlsx,False,True
2023/2023-10-25_25_Oct_2023_Daily_Report.xlsx,ok,70,all+ctrl,False,2023-10-25,2023-10-25,xlsx,False,True
2023/2023-10-26_26_Oct_2023_Daily_Report.xlsx,ok,70,all+ctrl,False,2023-10-26,2023-10-26,xlsx,False,True
2023/2023-10-27_27_Oct_2023_Daily_Report.xlsx,ok,70,all+ctrl,False,2023-10-27,2023-10-27,xlsx,False,True
2023/2023-10-28_28_Oct_2023_Daily_Report.xlsx,ok,70,all+ctrl,False,2023-10-28,2023-10-28,xlsx,False,True
2023/2023-10-29_29_Oct_2023_Daily_Report.xlsx,ok,70,all+ctrl,False,2023-10-29,2023-10-29,xlsx,False,True
2023/2023-10-30_30_Oct_2023_Daily_Report.xlsx,ok,70,all+ctrl,False,2023-10-30,2023-10-30,xlsx,False,True
2023/2023-10-31_31_Oct_2023_Daily_Report.xlsx,ok,70,all+ctrl,False,2023-10-31,2023-10-31,xlsx,False,True
2023/2023-11-01_1_Nov_2023_Daily_Report.xlsx,ok,70,all+ctrl,False,2023-11-01,2023-11-01,xlsx,False,True
2023/2023-11-02_2_Nov_2023_Daily_Report.xlsx,ok,70,all+ctrl,False,2023-11-02,2023-11-02,xlsx,False,True
2023/2023-11-03_3_Nov_2023_Daily_Report.xlsx,ok,70,all+ctrl,False,2023-11-03,2023-11-03,xlsx,False,True
2023/2023-11-04_4_Nov_2023_Daily_Report.xlsx,ok,70,all+ctrl,False,2023-11-04,2023-11-04,xlsx,False,True
2023/2023-11-05_5_Nov_2023_Daily_Report.xlsx,ok,70,all+ctrl,False,2023-11-05,2023-11-05,xlsx,False,True
2023/2023-11-06_6_Nov_2023_Daily_Report.xlsx,ok,70,all+ctrl,False,2023-11-06,2023-11-06,xlsx,False,True
2023/2023-11-07_7_Nov_2023_Daily_Report.xlsx,ok,70,all+ctrl,False,2023-11-07,2023-11-07,xlsx,False,True
2023/2023-11-08_8_Nov_2023_Daily_Report.xlsx,ok,70,all+ctrl,False,2023-11-08,2023-11-08,xlsx,False,True
2023/2023-11-09_9_Nov_2023_Daily_Report.xlsx,ok,70,all+ctrl,False,2023-11-09,2023-11-09,xlsx,False,True
2023/2023-11-10_10_Nov_2023_Daily_Report.xlsx,ok,70,all+ctrl,False,2023-11-10,2023-11-10,xlsx,False,True
2023/2023-11-11_11_Nov_2023_Daily_Report.xlsx,ok,70,all+ctrl,False,2023-11-11,2023-11-11,xlsx,False,True
2023/2023-11-12_12_Nov_2023_Daily_Report.xlsx,ok,70,all+ctrl,False,2023-11-12,2023-11-12,xlsx,False,True
2023/2023-11-13_13_Nov_2023_Daily_Report.xlsx,ok,70,all+ctrl,False,2023-11-13,2023-11-13,xlsx,False,True
2023/2023-11-14_14_Nov_2023_Daily_Report.xlsx,ok,70,all+ctrl,False,2023-11-14,2023-11-14,xlsx,False,True
2023/2023-11-15_15_Nov_2023_Daily_Report.xlsx,ok,70,all+ctrl,False,2023-11-15,2023-11-15,xlsx,False,True
2023/2023-11-16_16_Nov_2023_Daily_Report.xlsx,ok,70,all+ctrl,False,2023-11-16,2023-11-16,xlsx,False,True
2023/2023-11-17_17_Nov_2023_Daily_Report.xlsx,ok,70,all+ctrl,False,2023-11-17,2023-11-17,xlsx,False,True
2023/2023-11-18_18_Nov_2023_Daily_Report.xlsx,ok,70,all+ctrl,False,2023-11-18,2023-11-18,xlsx,False,True
2023/2023-11-19_19_Nov_2023_Daily_Report.xlsx,ok,70,all+ctrl,False,2023-11-19,2023-11-19,xlsx,False,True
2023/2023-11-20_20_Nov_2023_Daily_Report.xlsx,ok,70,all+ctrl,False,2023-11-20,2023-11-20,xlsx,False,True
2023/2023-11-21_21_Nov_2023_Daily_Report.xlsx,ok,70,all+ctrl,False,2023-11-21,2023-11-21,xlsx,False,True
2023/2023-11-22_22_Nov_2023_Daily_Report.xlsx,ok,70,all+ctrl,False,2023-11-22,2023-11-22,xlsx,False,True
2023/2023-11-23_23_Nov_2023_Daily_Report.xlsx,ok,70,all+ctrl,False,2023-11-23,2023-11-23,xlsx,False,True
2023/2023-11-24_24_Nov_2023_Daily_Report.xlsx,ok,70,all+ctrl,False,2023-11-24,2023-11-24,xlsx,False,True
2023/2023-11-25_25_Nov_2023_Daily_Report.xlsx,ok,70,all+ctrl,False,2023-11-25,2023-11-25,xlsx,False,True
2023/2023-11-26_26_Nov_2023_Daily_Report.xlsx,ok,70,all+ctrl,False,2023-11-26,2023-11-26,xlsx,False,True
2023/2023-11-27_27_Nov_2023_Daily_Report.xlsx,ok,70,all+ctrl,False,2023-11-27,2023-11-27,xlsx,False,True
2023/2023-11-28_28__Nov_2023_Daily_Report.xlsx,ok,70,all+ctrl,False,2023-11-28,2023-11-28,xlsx,False,True
2023/2023-11-29_29_Nov_2023_Daily_Report.xlsx,ok,70,all+ctrl,False,2023-11-29,2023-11-29,xlsx,False,True
2023/2023-11-30_30_Nov_2023_Daily_Report.xlsx,ok,70,all+ctrl,False,2023-11-30,2023-11-30,xlsx,False,True
2023/2023-12-01_1_Dec_2023_Daily_Report.xlsx,ok,70,all+ctrl,False,2023-12-01,2023-12-01,xlsx,False,True
2023/2023-12-02_DailyRE02122023.xlsx,ok,70,all+ctrl,False,2023-12-02,2023-12-02,xlsx,False,True
2023/2023-12-03_DailyRE03122023.xlsx,ok,70,all+ctrl,False,2023-12-03,2023-12-03,xlsx,False,True
2023/2023-12-04_DailyRE04122023.xlsx,ok,70,all+ctrl,False,2023-12-04,2023-12-04,xlsx,False,True
2023/2023-12-05_DailyRE05122023.xlsx,ok,70,all+ctrl,False,2023-12-05,2023-12-05,xlsx,False,True
2023/2023-12-06_DailyRE06122023.xlsx,ok,70,all+ctrl,False,2023-12-06,2023-12-06,xlsx,False,True
2023/2023-12-07_DailyRE07122023.xlsx,ok,70,all+ctrl,False,2023-12-07,2023-12-07,xlsx,False,True
2023/2023-12-08_DailyRE08122023.xlsx,ok,70,all+ctrl,False,2023-12-08,2023-12-08,xlsx,False,True
2023/2023-12-09_DailyRE09122023.xlsx,ok,70,all+ctrl,False,2023-12-09,2023-12-09,xlsx,False,True
2023/2023-12-10_DailyRE10122023.xlsx,ok,70,all+ctrl,False,2023-12-10,2023-12-10,xlsx,False,True
2023/2023-12-11_DailyRE11122023.xlsx,ok,70,all+ctrl,False,2023-12-11,2023-12-11,xlsx,False,True
2023/2023-12-12_DailyRE12122023.xlsx,ok,70,all+ctrl,False,2023-12-12,2023-12-12,xlsx,False,True
2023/2023-12-13_DailyRE13122023.xlsx,ok,70,all+ctrl,False,2023-12-13,2023-12-13,xlsx,False,True
2023/2023-12-14_DailyRE14122023.xlsx,ok,70,all+ctrl,False,2023-12-14,2023-12-14,xlsx,False,True
2023/2023-12-15_DailyRE15122023.xlsx,ok,70,all+ctrl,False,2023-12-15,2023-12-15,xlsx,False,True
2023/2023-12-16_DailyRE16122023.xlsx,ok,70,all+ctrl,False,2023-12-16,2023-12-16,xlsx,False,True
2023/2023-12-17_DailyRE17122023.xlsx,ok,70,all+ctrl,False,2023-12-17,2023-12-17,xlsx,False,True
2023/2023-12-18_DailyRE18122023.xlsx,ok,70,all+ctrl,False,2023-12-18,2023-12-18,xlsx,False,True
2023/2023-12-19_19_Dec_2023_Daily_Report.xlsx,ok,70,all+ctrl,False,2023-12-19,2023-12-19,xlsx,False,True
2023/2023-12-20_20_Dec_2023_Daily_Report.xlsx,ok,70,all+ctrl,False,2023-12-20,2023-12-20,xlsx,False,True
2023/2023-12-21_21_Dec_2023_Daily_Report.xlsx,ok,70,all+ctrl,False,2023-12-21,2023-12-21,xlsx,False,True
2023/2023-12-22_22_Dec_2023_Daily_Report.xlsx,ok,70,all+ctrl,False,2023-12-22,2023-12-22,xlsx,False,True
2023/2023-12-23_23_Dec_2023_Daily_Report.xlsx,ok,70,all+ctrl,False,2023-12-23,2023-12-23,xlsx,False,True
2023/2023-12-24_24_Dec_2023_Daily_Report.xlsx,ok,70,all+ctrl,False,2023-12-24,2023-12-24,xlsx,False,True
2023/2023-12-25_25_Dec_2023_Daily_Report.xlsx,ok,70,all+ctrl,False,2023-12-25,2023-12-25,xlsx,False,True
2023/2023-12-26_26_Dec_2023_Daily_Report.xlsx,ok,70,all+ctrl,False,2023-12-26,2023-12-26,xlsx,False,True
2023/2023-12-27_27_Dec_2023_Daily_Report.xlsx,ok,70,all+ctrl,False,2023-12-27,2023-12-27,xlsx,False,True
2023/2023-12-28_28_Dec_2023_Daily_Report.xlsx,ok,70,all+ctrl,False,2023-12-28,2023-12-28,xlsx,False,True
2023/2023-12-29_29_Dec_2023_Daily_Report.xlsx,ok,70,all+ctrl,False,2023-12-29,2023-12-29,xlsx,False,True
2023/2023-12-30_30_Dec_2023_Daily_Report.xlsx,ok,70,all+ctrl,False,2023-12-30,2023-12-30,xlsx,False,True
2023/2023-12-31_31_Dec_2023_Daily_Report.xlsx,ok,70,all+ctrl,False,2023-12-31,2023-12-31,xlsx,False,True
2024/2024-01-01_1_Jan_2024_Daily_Report.xlsx,ok,70,all+ctrl,False,2024-01-01,2024-01-01,xlsx,False,True
2024/2024-01-02_2_Jan_24.xlsx,ok,70,all+ctrl,False,2024-01-02,2024-01-02,xlsx,False,True
2024/2024-01-03_3_Jan_2024_Daily_RE_Report.xlsx,ok,70,all+ctrl,False,2024-01-03,2024-01-03,xlsx,False,True
2024/2024-01-04_4_Jan_2024_Daily_RE_Report.xlsx,ok,70,all+ctrl,False,2024-01-04,2024-01-04,xlsx,False,True
2024/2024-01-05_5_Jan_2024_Daily_RE_Report.xlsx,ok,70,all+ctrl,False,2024-01-05,2024-01-05,xlsx,False,True
2024/2024-01-06_6_Jan_2024_Daily_RE_Report.xlsx,ok,70,all+ctrl,False,2024-01-06,2024-01-06,xlsx,False,True
2024/2024-01-07_DailyRE07012024.xlsx,ok,70,all+ctrl,False,2024-01-07,2024-01-07,xlsx,False,True
2024/2024-01-08_8_Jan_2024_Daily_RE_Report.xlsx,ok,70,all+ctrl,False,2024-01-08,2024-01-08,xlsx,False,True
2024/2024-01-09_9_Jan_2024_Daily_RE_Report.xlsx,ok,70,all+ctrl,False,2024-01-09,2024-01-09,xlsx,False,True
2024/2024-01-10_10_Jan_2024_Daily_RE_Report.xlsx,ok,70,all+ctrl,False,2024-01-10,2024-01-10,xlsx,False,True
2024/2024-01-11_11_Jan_2024_Daily_RE_Report.xlsx,ok,70,all+ctrl,False,2024-01-11,2024-01-11,xlsx,False,True
2024/2024-01-12_12_Jan_2024_Daily_RE_Report.xlsx,ok,70,all+ctrl,False,2024-01-12,2024-01-12,xlsx,False,True
2024/2024-01-13_13_Jan_2024_Daily_RE_Report.xlsx,ok,70,all+ctrl,False,2024-01-13,2024-01-13,xlsx,False,True
2024/2024-01-14_14_Jan_2024_Daily_RE_Report.xlsx,ok,70,all+ctrl,False,2024-01-14,2024-01-14,xlsx,False,True
2024/2024-01-15_15_Jan_2024_Daily_RE_Report.xlsx,ok,70,all+ctrl,False,2024-01-15,2024-01-15,xlsx,False,True
2024/2024-01-16_16_Jan_2024_Daily_RE_Report.xlsx,ok,70,all+ctrl,False,2024-01-16,2024-01-16,xlsx,False,True
2024/2024-01-17_17_Jan_2024_Daily_RE_Report.xlsx,ok,70,all+ctrl,False,2024-01-17,2024-01-17,xlsx,False,True
2024/2024-01-18_18_Jan_2024_Daily_RE_Report.xlsx,ok,70,all+ctrl,False,2024-01-18,2024-01-18,xlsx,False,True
2024/2024-01-19_19_Jan_2024_Daily_RE_Report.xlsx,ok,70,all+ctrl,False,2024-01-19,2024-01-19,xlsx,False,True
2024/2024-01-20_20_Jan_2024_Daily_RE_Report.xlsx,ok,70,all+ctrl,False,2024-01-20,2024-01-20,xlsx,False,True
2024/2024-01-21_21_Jan_2024_Daily_RE_Report.xlsx,ok,70,all+ctrl,False,2024-01-21,2024-01-21,xlsx,False,True
2024/2024-01-22_22_Jan_2024_Daily_RE_Report.xlsx,ok,70,all+ctrl,False,2024-01-22,2024-01-22,xlsx,False,True
2024/2024-01-23_23_Jan_2024_Daily_RE_Report.xlsx,ok,70,all+ctrl,False,2024-01-23,2024-01-23,xlsx,False,True
2024/2024-01-24_24_Jan_2024_Daily_RE_Report.xlsx,ok,70,all+ctrl,False,2024-01-24,2024-01-24,xlsx,False,True
2024/2024-01-25_25_Jan_2024_Daily_RE_Report.xlsx,ok,70,all+ctrl,False,2024-01-25,2024-01-25,xlsx,False,True
2024/2024-01-26_26_Jan_2024_Daily_RE_Report.xlsx,ok,70,all+ctrl,False,2024-01-26,2024-01-26,xlsx,False,True
2024/2024-01-27_27_Jan_2024_Daily_RE_Report.xlsx,ok,70,all+ctrl,False,2024-01-27,2024-01-27,xlsx,False,True
2024/2024-01-28_DailyRE28012024.xlsx,ok,70,all+ctrl,False,2024-01-28,2024-01-28,xlsx,False,True
2024/2024-01-29_29_Jan_2024_Daily_RE_Report.xlsx,ok,70,all+ctrl,False,2024-01-29,2024-01-29,xlsx,False,True
2024/2024-01-30_30_Jan_2024_Daily_RE_Report.xlsx,ok,70,all+ctrl,False,2024-01-30,2024-01-30,xlsx,False,True
2024/2024-01-31_31_Jan_2024_Daily_RE_Report.xlsx,ok,70,all+ctrl,False,2024-01-31,2024-01-31,xlsx,False,True
2024/2024-02-01_1_Feb_2024_Daily_RE_Report.xlsx,ok,70,all+ctrl,False,2024-02-01,2024-02-01,xlsx,False,True
2024/2024-02-02_2_Feb_2024_Daily_RE_Report.xlsx,ok,70,all+ctrl,False,2024-02-02,2024-02-02,xlsx,False,True
2024/2024-02-03_3_Feb_2024_Daily_RE_Report___Copy.xlsx,ok,70,all+ctrl,False,2024-02-03,2024-02-03,xlsx,False,True
2024/2024-02-04_4_Feb_2024_Daily_RE_Report___Copy___Copy.xlsx,ok,70,all+ctrl,False,2024-02-04,2024-02-04,xlsx,False,True
2024/2024-02-05_5_Feb_2024_Daily_RE_Report.xlsx,ok,70,all+ctrl,False,2024-02-05,2024-02-05,xlsx,False,True
2024/2024-02-06_6_Feb_2024_Daily_RE_Report.xlsx,ok,70,all+ctrl,False,2024-02-06,2024-02-06,xlsx,False,True
2024/2024-02-07_7_Feb_2024_Daily_RE_Report.xlsx,ok,70,all+ctrl,False,2024-02-07,2024-02-07,xlsx,False,True
2024/2024-02-08_8_Feb_2024_Daily_RE_Report.xlsx,ok,70,all+ctrl,False,2024-02-08,2024-02-08,xlsx,False,True
2024/2024-02-09_9_Feb_2024_Daily_RE_Report.xlsx,ok,70,all+ctrl,False,2024-02-09,2024-02-09,xlsx,False,True
2024/2024-02-10_10_Feb_2024_Daily_RE_Report.xlsx,ok,70,all+ctrl,False,2024-02-10,2024-02-10,xlsx,False,True
2024/2024-02-11_11_Feb_2024_Daily_RE_Report.xlsx,ok,70,all+ctrl,False,2024-02-11,2024-02-11,xlsx,False,True
2024/2024-02-12_12_Feb_2024_Daily_RE_Report.xlsx,ok,70,all+ctrl,False,2024-02-12,2024-02-12,xlsx,False,True
2024/2024-02-13_13_Feb_2024_Daily_RE_Report.xlsx,ok,70,all+ctrl,False,2024-02-13,2024-02-13,xlsx,False,True
2024/2024-02-14_14_Feb_2024_Daily_RE_Report.xlsx,ok,70,all+ctrl,False,2024-02-14,2024-02-14,xlsx,False,True
2024/2024-02-15_15_Feb_2024_Daily_RE_Report.xlsx,ok,70,all+ctrl,False,2024-02-15,2024-02-15,xlsx,False,True
2024/2024-02-16_16_Feb_2024_Daily_RE_Report.xlsx,ok,70,all+ctrl,False,2024-02-16,2024-02-16,xlsx,False,True
2024/2024-02-17_17_Feb_2024_Daily_RE_Report.xlsx,ok,70,all+ctrl,False,2024-02-17,2024-02-17,xlsx,False,True
2024/2024-02-18_18_Feb_2024_Daily_RE_Report.xlsx,ok,70,all+ctrl,False,2024-02-18,2024-02-18,xlsx,False,True
2024/2024-02-19_19_Feb_2024_Daily_RE_Report.xlsx,ok,70,all+ctrl,False,2024-02-19,2024-02-19,xlsx,False,True
2024/2024-02-20_20_Feb_2024_Daily_RE_Report.xlsx,ok,70,all+ctrl,False,2024-02-20,2024-02-20,xlsx,False,True
2024/2024-02-21_21_Feb_2024_Daily_RE_Report.xlsx,ok,70,all+ctrl,False,2024-02-21,2024-02-21,xlsx,False,True
2024/2024-02-22_22_Feb_2024_Daily_RE_Report.xlsx,ok,70,all+ctrl,False,2024-02-22,2024-02-22,xlsx,False,True
2024/2024-02-23_23_Feb_2024_Daily_RE_Report.xlsx,ok,70,all+ctrl,False,2024-02-23,2024-02-23,xlsx,False,True
2024/2024-02-24_24_Feb_2024_Daily_RE_Report.xlsx,ok,70,all+ctrl,False,2024-02-24,2024-02-24,xlsx,False,True
2024/2024-02-25_25_Feb_2024_Daily_RE_Report.xlsx,ok,70,all+ctrl,False,2024-02-25,2024-02-25,xlsx,False,True
2024/2024-02-26_26_Feb_2024_Daily_RE_Report.xlsx,ok,70,all+ctrl,False,2024-02-26,2024-02-26,xlsx,False,True
2024/2024-02-27_27_Feb_2024_Daily_RE_Report.xlsx,ok,70,all+ctrl,False,2024-02-27,2024-02-27,xlsx,False,True
2024/2024-02-28_28_Feb_2024_Daily_RE_Report.xlsx,ok,70,all+ctrl,False,2024-02-28,2024-02-28,xlsx,False,True
2024/2024-02-29_29_Feb_2024_Daily_RE_Report.xlsx,ok,70,all+ctrl,False,2024-02-29,2024-02-29,xlsx,False,True
2024/2024-03-01_1_March_2024.xlsx,ok,70,all+ctrl,False,2024-03-01,2024-03-01,xlsx,False,True
2024/2024-03-02_2_March_2024.xlsx,ok,70,all+ctrl,False,2024-03-02,2024-03-02,xlsx,False,True
2024/2024-03-03_3_March_2024.xlsx,ok,70,all+ctrl,False,2024-03-03,2024-03-03,xlsx,False,True
2024/2024-03-04_4_March_2024.xlsx,ok,70,all+ctrl,False,2024-03-04,2024-03-04,xlsx,False,True
2024/2024-03-05_5_March_2024.xlsx,ok,70,all+ctrl,False,2024-03-05,2024-03-05,xlsx,False,True
2024/2024-03-06_6_March_2024.xlsx,ok,70,all+ctrl,False,2024-03-06,2024-03-06,xlsx,False,True
2024/2024-03-07_7_March_2024.xlsx,ok,70,all+ctrl,False,2024-03-07,2024-03-07,xlsx,False,True
2024/2024-03-08_8_March_2024.xlsx,ok,70,all+ctrl,False,2024-03-08,2024-03-08,xlsx,False,True
2024/2024-03-09_9_March_2024.xlsx,ok,70,all+ctrl,False,2024-03-09,2024-03-09,xlsx,False,True
2024/2024-03-10_10_March_2024.xlsx,ok,70,all+ctrl,False,2024-03-10,2024-03-10,xlsx,False,True
2024/2024-03-11_11_March_2024.xlsx,ok,70,all+ctrl,False,2024-03-11,2024-03-11,xlsx,False,True
2024/2024-03-12_DailyRE12032024.xlsx,ok,70,all+ctrl,False,2024-03-12,2024-03-12,xlsx,False,True
2024/2024-03-13_13_March_2024.xlsx,ok,70,all+ctrl,False,2024-03-13,2024-03-13,xlsx,False,True
2024/2024-03-14_14_March_2024.xlsx,ok,70,all+ctrl,False,2024-03-14,2024-03-14,xlsx,False,True
2024/2024-03-15_15_March_2024.xlsx,ok,70,all+ctrl,False,2024-03-15,2024-03-15,xlsx,False,True
2024/2024-03-16_16_March_2024.xlsx,ok,70,all+ctrl,False,2024-03-16,2024-03-16,xlsx,False,True
2024/2024-03-17_17_March_2024.xlsx,ok,70,all+ctrl,False,2024-03-17,2024-03-17,xlsx,False,True
2024/2024-03-18_18_March_2024.xlsx,ok,70,all+ctrl,False,2024-03-18,2024-03-18,xlsx,False,True
2024/2024-03-19_19_March_2024.xlsx,ok,70,all+ctrl,False,2024-03-19,2024-03-19,xlsx,False,True
2024/2024-03-20_20_March_2024.xlsx,ok,70,all+ctrl,False,2024-03-20,2024-03-20,xlsx,False,True
2024/2024-03-21_21_March_2024.xlsx,ok,70,all+ctrl,False,2024-03-21,2024-03-21,xlsx,False,True
2024/2024-03-22_22_March_2024.xlsx,ok,70,all+ctrl,False,2024-03-22,2024-03-22,xlsx,False,True
2024/2024-03-23_23_March_2024.xlsx,ok,70,all+ctrl,False,2024-03-23,2024-03-23,xlsx,False,True
2024/2024-03-24_24_March_2024.xlsx,ok,70,all+ctrl,False,2024-03-24,2024-03-24,xlsx,False,True
2024/2024-03-25_25_March_2024.xlsx,ok,70,all+ctrl,False,2024-03-25,2024-03-25,xlsx,False,True
2024/2024-03-26_26_March_2024.xlsx,ok,70,all+ctrl,False,2024-03-26,2024-03-26,xlsx,False,True
2024/2024-03-27_27_March_2024.xlsx,ok,70,all+ctrl,False,2024-03-27,2024-03-27,xlsx,False,True
2024/2024-03-28_28_March_2024.xlsx,ok,70,all+ctrl,False,2024-03-28,2024-03-28,xlsx,False,True
2024/2024-03-29_29_March_2024.xlsx,ok,70,all+ctrl,False,2024-03-29,2024-03-29,xlsx,False,True
2024/2024-03-30_30_March_2024-1.xlsx,ok,70,all+ctrl,False,2024-03-30,2024-03-30,xlsx,False,True
2024/2024-03-31_31_March_2024.xlsx,ok,70,all+ctrl,False,2024-03-31,2024-03-31,xlsx,False,True
2024/2024-04-01_1_April_2024-1.xlsx,ok,70,all+ctrl,False,2024-04-01,2024-04-01,xlsx,False,True
2024/2024-04-02_2_April_2024-1.xlsx,ok,70,all+ctrl,False,2024-04-02,2024-04-02,xlsx,False,True
2024/2024-04-03_3_April_2024-1.xlsx,ok,70,all+ctrl,False,2024-04-03,2024-04-03,xlsx,False,True
2024/2024-04-04_4_April_2024-1.xlsx,ok,70,all+ctrl,False,2024-04-04,2024-04-04,xlsx,False,True
2024/2024-04-05_5_April_2024-1.xlsx,ok,70,all+ctrl,False,2024-04-05,2024-04-05,xlsx,False,True
2024/2024-04-06_6_April_2024-1.xlsx,ok,70,all+ctrl,False,2024-04-06,2024-04-06,xlsx,False,True
2024/2024-04-07_7_April_2024-1.xlsx,ok,70,all+ctrl,False,2024-04-07,2024-04-07,xlsx,False,True
2024/2024-04-08_8_April_2024-1.xlsx,ok,70,all+ctrl,False,2024-04-08,2024-04-08,xlsx,False,True
2024/2024-04-09_9_April_2024-1.xlsx,ok,70,all+ctrl,False,2024-04-09,2024-04-09,xlsx,False,True
2024/2024-04-10_10_April_2024-1.xlsx,ok,70,all+ctrl,False,2024-04-10,2024-04-10,xlsx,False,True
2024/2024-04-11_11_April_2024-1.xlsx,ok,70,all+ctrl,False,2024-04-11,2024-04-11,xlsx,False,True
2024/2024-04-12_12_April_2024-1.xlsx,ok,70,all+ctrl,False,2024-04-12,2024-04-12,xlsx,False,True
2024/2024-04-13_13_April_2024-1.xlsx,ok,70,all+ctrl,False,2024-04-13,2024-04-13,xlsx,False,True
2024/2024-04-14_14_April_2024-1.xlsx,ok,70,all+ctrl,False,2024-04-14,2024-04-14,xlsx,False,True
2024/2024-04-15_15_April_2024-1.xlsx,ok,70,all+ctrl,False,2024-04-15,2024-04-15,xlsx,False,True
2024/2024-04-16_16_April_2024-1.xlsx,ok,70,all+ctrl,False,2024-04-16,2024-04-16,xlsx,False,True
2024/2024-04-17_17_April_2024-1.xlsx,ok,70,all+ctrl,False,2024-04-17,2024-04-17,xlsx,False,True
2024/2024-04-18_18_April_2024-1.xlsx,ok,70,all+ctrl,False,2024-04-18,2024-04-18,xlsx,False,True
2024/2024-04-19_19_April_2024-1.xlsx,ok,70,all+ctrl,False,2024-04-19,2024-04-19,xlsx,False,True
2024/2024-04-20_20_April_2024-1.xlsx,ok,70,all+ctrl,False,2024-04-20,2024-04-20,xlsx,False,True
2024/2024-04-21_21_April_2024-1.xlsx,ok,70,all+ctrl,False,2024-04-21,2024-04-21,xlsx,False,True
2024/2024-04-22_22_April_2024-1.xlsx,ok,70,all+ctrl,False,2024-04-22,2024-04-22,xlsx,False,True
2024/2024-04-23_23_April_2024-1.xlsx,ok,70,all+ctrl,False,2024-04-23,2024-04-23,xlsx,False,True
2024/2024-04-24_24_April_2024-1.xlsx,ok,70,all+ctrl,False,2024-04-24,2024-04-24,xlsx,False,True
2024/2024-04-25_25_April_2024-1.xlsx,ok,70,all+ctrl,False,2024-04-25,2024-04-25,xlsx,False,True
2024/2024-04-26_26_April_2024.xlsx,ok,70,all+ctrl,False,2024-04-26,2024-04-26,xlsx,False,True
2024/2024-04-27_27_April_2024.xlsx,ok,70,all+ctrl,False,2024-04-27,2024-04-27,xlsx,False,True
2024/2024-04-28_28_April_2024.xlsx,ok,70,all+ctrl,False,2024-04-28,2024-04-28,xlsx,False,True
2024/2024-04-29_29_April_2024.xlsx,ok,70,all+ctrl,False,2024-04-29,2024-04-29,xlsx,False,True
2024/2024-04-30_30_April_2024.xlsx,ok,70,all+ctrl,False,2024-04-30,2024-04-30,xlsx,False,True
2024/2024-05-01_1_May_2024.xlsx,ok,70,all+ctrl,False,2024-05-01,2024-05-01,xlsx,False,True
2024/2024-05-02_2_May_2024.xlsx,ok,70,all+ctrl,False,2024-05-02,2024-05-02,xlsx,False,True
2024/2024-05-03_3_May_2024.xlsx,ok,70,all+ctrl,False,2024-05-03,2024-05-03,xlsx,False,True
2024/2024-05-04_4_May_2024.xlsx,ok,70,all+ctrl,False,2024-05-04,2024-05-04,xlsx,False,True
2024/2024-05-05_5_May_2024.xlsx,ok,70,all+ctrl,False,2024-05-05,2024-05-05,xlsx,False,True
2024/2024-05-06_6_May_2024.xlsx,ok,70,all+ctrl,False,2024-05-06,2024-05-06,xlsx,False,True
2024/2024-05-07_7_May_2024.xlsx,ok,70,all+ctrl,False,2024-05-07,2024-05-07,xlsx,False,True
2024/2024-05-08_8_May_2024.xlsx,ok,70,all+ctrl,False,2024-05-08,2024-05-08,xlsx,False,True
2024/2024-05-09_9_May_2024.xlsx,ok,70,all+ctrl,False,2024-05-09,2024-05-09,xlsx,False,True
2024/2024-05-10_10_May_2024.xlsx,ok,70,all+ctrl,False,2024-05-10,2024-05-10,xlsx,False,True
2024/2024-05-11_11_May_2024.xlsx,ok,70,all+ctrl,False,2024-05-11,2024-05-11,xlsx,False,True
2024/2024-05-12_12_May_2024.xlsx,ok,70,all+ctrl,False,2024-05-12,2024-05-12,xlsx,False,True
2024/2024-05-13_13_May_2024.xlsx,ok,70,all+ctrl,False,2024-05-13,2024-05-13,xlsx,False,True
2024/2024-05-14_14_May_2024.xlsx,ok,70,all+ctrl,False,2024-05-14,2024-05-14,xlsx,False,True
2024/2024-05-15_15_May_2024.xlsx,ok,70,all+ctrl,False,2024-05-15,2024-05-15,xlsx,False,True
2024/2024-05-16_16_May_2024.xlsx,ok,70,all+ctrl,False,2024-05-16,2024-05-16,xlsx,False,True
2024/2024-05-17_17_May_2024.xlsx,ok,70,all+ctrl,False,2024-05-17,2024-05-17,xlsx,False,True
2024/2024-05-18_18_May_2024.xlsx,ok,70,all+ctrl,False,2024-05-18,2024-05-18,xlsx,False,True
2024/2024-05-19_19_May_2024.xlsx,ok,70,all+ctrl,False,2024-05-19,2024-05-19,xlsx,False,True
2024/2024-05-20_20_May_2024.xlsx,ok,70,all+ctrl,False,2024-05-20,2024-05-20,xlsx,False,True
2024/2024-05-21_21_May_2024.xlsx,ok,70,all+ctrl,False,2024-05-21,2024-05-21,xlsx,False,True
2024/2024-05-22_22_May_2024.xlsx,ok,70,all+ctrl,False,2024-05-22,2024-05-22,xlsx,False,True
2024/2024-05-23_23_May_2024.xlsx,ok,70,all+ctrl,False,2024-05-23,2024-05-23,xlsx,False,True
2024/2024-05-24_24_May_2024.xlsx,ok,70,all+ctrl,False,2024-05-24,2024-05-24,xlsx,False,True
2024/2024-05-25_25_May_2024.xlsx,ok,70,all+ctrl,False,2024-05-25,2024-05-25,xlsx,False,True
2024/2024-05-26_26_May_2024.xlsx,ok,70,all+ctrl,False,2024-05-26,2024-05-26,xlsx,False,True
2024/2024-05-27_27_May_2024.xlsx,ok,70,all+ctrl,False,2024-05-27,2024-05-27,xlsx,False,True
2024/2024-05-28_28_May_2024.xlsx,ok,70,all+ctrl,False,2024-05-28,2024-05-28,xlsx,False,True
2024/2024-05-29_29_May_2024.xlsx,ok,70,all+ctrl,False,2024-05-29,2024-05-29,xlsx,False,True
2024/2024-05-30_30_May_2024.xlsx,ok,70,all+ctrl,False,2024-05-30,2024-05-30,xlsx,False,True
2024/2024-05-31_31_May_2024.xlsx,ok,70,all+ctrl,False,2024-05-31,2024-05-31,xlsx,False,True
2024/2024-06-01_1_June_2024.xlsx,ok,70,all+ctrl,False,2024-06-01,2024-06-01,xlsx,False,True
2024/2024-06-02_2_June_2024.xlsx,ok,70,all+ctrl,False,2024-06-02,2024-06-02,xlsx,False,True
2024/2024-06-03_3_June_2024.xlsx,ok,70,all+ctrl,False,2024-06-03,2024-06-03,xlsx,False,True
2024/2024-06-04_4_June_2024.xlsx,ok,70,all+ctrl,False,2024-06-04,2024-06-04,xlsx,False,True
2024/2024-06-05_5_June_2024.xlsx,ok,70,all+ctrl,False,2024-06-05,2024-06-05,xlsx,False,True
2024/2024-06-06_6_June_2024.xlsx,ok,70,all+ctrl,False,2024-06-06,2024-06-06,xlsx,False,True
2024/2024-06-07_7_June_2024.xlsx,ok,70,all+ctrl,False,2024-06-07,2024-06-07,xlsx,False,True
2024/2024-06-08_8_June_2024.xlsx,ok,70,all+ctrl,False,2024-06-08,2024-06-08,xlsx,False,True
2024/2024-06-09_9_June_2024.xlsx,ok,70,all+ctrl,False,2024-06-09,2024-06-09,xlsx,False,True
2024/2024-06-10_10_June_2024.xlsx,ok,70,all+ctrl,False,2024-06-10,2024-06-10,xlsx,False,True
2024/2024-06-11_11_June_2024.xlsx,ok,70,all+ctrl,False,2024-06-11,2024-06-11,xlsx,False,True
2024/2024-06-12_12_June_2024.xlsx,ok,70,all+ctrl,False,2024-06-12,2024-06-12,xlsx,False,True
2024/2024-06-13_13_June_2024.xlsx,ok,70,all+ctrl,False,2024-06-13,2024-06-13,xlsx,False,True
2024/2024-06-14_14_June_2024.xlsx,ok,70,all+ctrl,False,2024-06-14,2024-06-14,xlsx,False,True
2024/2024-06-15_15_June_2024.xlsx,ok,70,all+ctrl,False,2024-06-15,2024-06-15,xlsx,False,True
2024/2024-06-16_16_June_2024.xlsx,ok,70,all+ctrl,False,2024-06-16,2024-06-16,xlsx,False,True
2024/2024-06-17_17_June_2024.xlsx,ok,70,all+ctrl,False,2024-06-17,2024-06-17,xlsx,False,True
2024/2024-06-18_18_June_2024.xlsx,ok,70,all+ctrl,False,2024-06-18,2024-06-18,xlsx,False,True
2024/2024-06-19_19_June_2024.xlsx,ok,70,all+ctrl,False,2024-06-19,2024-06-19,xlsx,False,True
2024/2024-06-20_20_June_2024.xlsx,ok,70,all+ctrl,False,2024-06-20,2024-06-20,xlsx,False,True
2024/2024-06-21_21_June_2024.xlsx,ok,70,all+ctrl,False,2024-06-21,2024-06-21,xlsx,False,True
2024/2024-06-22_22_June_2024.xlsx,ok,70,all+ctrl,False,2024-06-22,2024-06-22,xlsx,False,True
2024/2024-06-23_23_June_2024.xlsx,ok,70,all+ctrl,False,2024-06-23,2024-06-23,xlsx,False,True
2024/2024-06-24_24_June_2024.xlsx,ok,70,all+ctrl,False,2024-06-24,2024-06-24,xlsx,False,True
2024/2024-06-25_25_June_2024.xlsx,ok,70,all+ctrl,False,2024-06-25,2024-06-25,xlsx,False,True
2024/2024-06-26_26_June_2024.xlsx,ok,70,all+ctrl,False,2024-06-26,2024-06-26,xlsx,False,True
2024/2024-06-27_27_June_2024.xlsx,ok,70,all+ctrl,False,2024-06-27,2024-06-27,xlsx,False,True
2024/2024-06-28_28_June_2024.xlsx,ok,70,all+ctrl,False,2024-06-28,2024-06-28,xlsx,False,True
2024/2024-06-29_29_June_2024.xlsx,ok,70,all+ctrl,False,2024-06-29,2024-06-29,xlsx,False,True
2024/2024-06-30_30_June_2024.xlsx,ok,70,all+ctrl,False,2024-06-30,2024-06-30,xlsx,False,True
2024/2024-07-01_1_July_2024_Daily_RE_Generation_Report.xlsx,ok,70,all+ctrl,False,2024-07-01,2024-07-01,xlsx,False,True
2024/2024-07-02_2_July_2024_RE_Generation_Report.xlsx,ok,70,all+ctrl,False,2024-07-02,2024-07-02,xlsx,False,True
2024/2024-07-03_3_July_2024_Daily_RE_Generation_Report.xlsx,ok,70,all+ctrl,False,2024-07-03,2024-07-03,xlsx,False,True
2024/2024-07-04_4_July_2024_Daily_RE_Generation_Report.xlsx,ok,70,all+ctrl,False,2024-07-04,2024-07-04,xlsx,False,True
2024/2024-07-05_DailyRE05072024.xlsx,ok,70,all+ctrl,False,2024-07-05,2024-07-05,xlsx,False,True
2024/2024-07-06_DailyRE06072024.xlsx,ok,70,all+ctrl,False,2024-07-06,2024-07-06,xlsx,False,True
2024/2024-07-07_DailyRE07072024.xlsx,ok,70,all+ctrl,False,2024-07-07,2024-07-07,xlsx,False,True
2024/2024-07-08_8_July_2024_Daily_RE_Generation_Report.xlsx,ok,70,all+ctrl,False,2024-07-08,2024-07-08,xlsx,False,True
2024/2024-07-09_9_July_2024_Daily_RE_Generation_Report.xlsx,ok,70,all+ctrl,False,2024-07-09,2024-07-09,xlsx,False,True
2024/2024-07-10_10_July_2024_Daily_RE_Generation_Report.xlsx,ok,70,all+ctrl,False,2024-07-10,2024-07-10,xlsx,False,True
2024/2024-07-11_11_July_2024_Daily_RE_Generation_Report.xlsx,ok,70,all+ctrl,False,2024-07-11,2024-07-11,xlsx,False,True
2024/2024-07-12_12_July_2024_Daily_RE_Generation_Report.xlsx,ok,70,all+ctrl,False,2024-07-12,2024-07-12,xlsx,False,True
2024/2024-07-13_13_July_2024_Daily_RE_Generation_Report.xlsx,ok,70,all+ctrl,False,2024-07-13,2024-07-13,xlsx,False,True
2024/2024-07-14_14_July_2024_Daily_RE_Generation_Report.xlsx,ok,70,all+ctrl,False,2024-07-14,2024-07-14,xlsx,False,True
2024/2024-07-15_15_July_2024_Daily_RE_Generation_Report.xlsx,ok,70,all+ctrl,False,2024-07-15,2024-07-15,xlsx,False,True
2024/2024-07-16_16_July_2024_Daily_RE_Generation_Report.xlsx,ok,70,all+ctrl,False,2024-07-16,2024-07-16,xlsx,False,True
2024/2024-07-17_17_July_2024_Daily_RE_Generation_Report.xlsx,ok,70,all+ctrl,False,2024-07-17,2024-07-17,xlsx,False,True
2024/2024-07-18_18_July_2024_Daily_RE_generation_report.xlsx,ok,70,all+ctrl,False,2024-07-18,2024-07-18,xlsx,False,True
2024/2024-07-19_19_July_2024_Daily_RE_Generation_Report.xlsx,ok,70,all+ctrl,False,2024-07-19,2024-07-19,xlsx,False,True
2024/2024-07-20_20_July_2024_Daily_RE_Generation_Report.xlsx,ok,70,all+ctrl,False,2024-07-20,2024-07-20,xlsx,False,True
2024/2024-07-21_21_July_2024_Daily_RE_Generation_Report.xlsx,ok,70,all+ctrl,False,2024-07-21,2024-07-21,xlsx,False,True
2024/2024-07-22_22_July_2024_Daily_RE_Generation_Report.xlsx,ok,70,all+ctrl,False,2024-07-22,2024-07-22,xlsx,False,True
2024/2024-07-23_23_July_2024_Daily_RE_Generation_Report.xlsx,ok,70,all+ctrl,False,2024-07-23,2024-07-23,xlsx,False,True
2024/2024-07-24_24_July_2024_Daily_RE_Generation_Report.xlsx,ok,70,all+ctrl,False,2024-07-24,2024-07-24,xlsx,False,True
2024/2024-07-25_25_July_2024_Daily_RE_Generation_Report.xlsx,ok,70,all+ctrl,False,2024-07-25,2024-07-25,xlsx,False,True
2024/2024-07-26_26_July_2024_Daily_RE_Generation_Report.xlsx,ok,70,all+ctrl,False,2024-07-26,2024-07-26,xlsx,False,True
2024/2024-07-27_27_July_2024_Daily_RE_Generation_Report.xlsx,ok,70,all+ctrl,False,2024-07-27,2024-07-27,xlsx,False,True
2024/2024-07-28_28_July_2024_Daily_RE_Generation_Report.xlsx,ok,70,all+ctrl,False,2024-07-28,2024-07-28,xlsx,False,True
2024/2024-07-29_29_July_2024_Daily_RE_Generation_Report.xlsx,ok,70,all+ctrl,False,2024-07-29,2024-07-29,xlsx,False,True
2024/2024-07-30_30_July_2024_Daily_RE_Generation_Report.xlsx,ok,70,all+ctrl,False,2024-07-30,2024-07-30,xlsx,False,True
2024/2024-07-31_31_July_2024_Daily_RE_Generation_Report.xlsx,ok,70,all+ctrl,False,2024-07-31,2024-07-31,xlsx,False,True
2024/2024-08-01_1_Aug_2024_Daily_RE_Generation_Report.xlsx,ok,70,all+ctrl,False,2024-08-01,2024-08-01,xlsx,False,True
2024/2024-08-02_2_Aug_2024_Daily_RE_Generation_Report.xlsx,ok,70,all+ctrl,False,2024-08-02,2024-08-02,xlsx,False,True
2024/2024-08-03_3_Aug_2024_Daily_RE_Generation_Report.xlsx,ok,70,all+ctrl,False,2024-08-03,2024-08-03,xlsx,False,True
2024/2024-08-04_4_Aug_2024_Daily_RE_Generation_Report.xlsx,ok,70,all+ctrl,False,2024-08-04,2024-08-04,xlsx,False,True
2024/2024-08-05_5_Aug_2024_Daily_RE_Generation_Report.xlsx,ok,70,all+ctrl,False,2024-08-05,2024-08-05,xlsx,False,True
2024/2024-08-06_6_Aug_2024_Daily_RE_Generation_Report.xlsx,ok,70,all+ctrl,False,2024-08-06,2024-08-06,xlsx,False,True
2024/2024-08-07_7_Aug_2024_Daily_RE_Generation_Report.xlsx,ok,70,all+ctrl,False,2024-08-07,2024-08-07,xlsx,False,True
2024/2024-08-08_8_Aug_2024_Daily_RE_Generation_Report.xlsx,ok,70,all+ctrl,False,2024-08-08,2024-08-08,xlsx,False,True
2024/2024-08-09_9_Aug_2024_Daily_RE_Generation_Report.xlsx,ok,70,all+ctrl,False,2024-08-09,2024-08-09,xlsx,False,True
2024/2024-08-10_10_Aug_2024_Daily_RE_Generation_Report.xlsx,ok,70,all+ctrl,False,2024-08-10,2024-08-10,xlsx,False,True
2024/2024-08-11_11_Aug_2024_Daily_RE_Generation_Report.xlsx,ok,70,all+ctrl,False,2024-08-11,2024-08-11,xlsx,False,True
2024/2024-08-12_12_Aug_2024_Daily_RE_Generation_Report.xlsx,ok,70,all+ctrl,False,2024-08-12,2024-08-12,xlsx,False,True
2024/2024-08-13_13_Aug_2024_Daily_RE_Generation_Report.xlsx,ok,70,all+ctrl,False,2024-08-13,2024-08-13,xlsx,False,True
2024/2024-08-14_14_Aug_2024_Daily_RE_Generation_Report.xlsx,ok,70,all+ctrl,False,2024-08-14,2024-08-14,xlsx,False,True
2024/2024-08-15_15_Aug_2024_Daily_RE_Generation_Report.xlsx,ok,70,all+ctrl,False,2024-08-15,2024-08-15,xlsx,False,True
2024/2024-08-16_16_Aug_2024_Daily_RE_Generation_Report.xlsx,ok,70,all+ctrl,False,2024-08-16,2024-08-16,xlsx,False,True
2024/2024-08-17_17_Aug_2024_Daily_RE_Generation_Report.xlsx,ok,70,all+ctrl,False,2024-08-17,2024-08-17,xlsx,False,True
2024/2024-08-18_18_Aug_2024_Daily_RE_Generation_Report.xlsx,ok,70,all+ctrl,False,2024-08-18,2024-08-18,xlsx,False,True
2024/2024-08-19_19_Aug_2024_Daily_RE_Generation_Report.xlsx,ok,70,all+ctrl,False,2024-08-19,2024-08-19,xlsx,False,True
2024/2024-08-20_20_Aug_2024_Daily_RE_Generation_Report.xlsx,ok,70,all+ctrl,False,2024-08-20,2024-08-20,xlsx,False,True
2024/2024-08-21_21_Aug_2024_Daily_RE_Generation_Report.xlsx,ok,70,all+ctrl,False,2024-08-21,2024-08-21,xlsx,False,True
2024/2024-08-22_22_Aug_2024_Daily_RE_Generation_Report.xlsx,ok,70,all+ctrl,False,2024-08-22,2024-08-22,xlsx,False,True
2024/2024-08-23_23_Aug_2024_Daily_RE_Generation_Report.xlsx,ok,70,all+ctrl,False,2024-08-23,2024-08-23,xlsx,False,True
2024/2024-08-24_24_Aug_2024_Daily_RE_Generation_Report.xlsx,ok,70,all+ctrl,False,2024-08-24,2024-08-24,xlsx,False,True
2024/2024-08-25_25_Aug_2024_Daily_RE_Generation_Report.xlsx,ok,70,all+ctrl,False,2024-08-25,2024-08-25,xlsx,False,True
2024/2024-08-26_26_Aug_2024_Daily_RE_Generation_Report.xlsx,ok,70,all+ctrl,False,2024-08-26,2024-08-26,xlsx,False,True
2024/2024-08-27_27_Aug_2024_Daily_RE_Generation_Report.xlsx,ok,70,all+ctrl,False,2024-08-27,2024-08-27,xlsx,False,True
2024/2024-08-28_28_Aug_2024_Daily_RE_Generation_Report.xlsx,ok,70,all+ctrl,False,2024-08-28,2024-08-28,xlsx,False,True
2024/2024-08-29_29_Aug_2024_Daily_RE_Generation_Report.xlsx,ok,70,all+ctrl,False,2024-08-29,2024-08-29,xlsx,False,True
2024/2024-08-30_30_Aug_2024_Daily_RE_Generation_Report.xlsx,ok,70,all+ctrl,False,2024-08-30,2024-08-30,xlsx,False,True
2024/2024-08-31_31_Aug_2024_Daily_RE_Generation_Report.xlsx,ok,70,all+ctrl,False,2024-08-31,2024-08-31,xlsx,False,True
2024/2024-09-01_1_Sept_2024_Daily_RE_Generation_Report.xlsx,ok,70,all+ctrl,False,2024-09-01,2024-09-01,xlsx,False,True
2024/2024-09-02_2_Sept_2024_Daily_RE_Generation_Report.xlsx,ok,70,all+ctrl,False,2024-09-02,2024-09-02,xlsx,False,True
2024/2024-09-03_3_Sept_2024_Daily_RE_Generation_Report.xlsx,ok,70,all+ctrl,False,2024-09-03,2024-09-03,xlsx,False,True
2024/2024-09-04_4_Sept_2024_Daily_RE_Generation_Report.xlsx,ok,70,all+ctrl,False,2024-09-04,2024-09-04,xlsx,False,True
2024/2024-09-05_5_Sept_2024_Daily_RE_Generation_Report.xlsx,ok,70,all+ctrl,False,2024-09-05,2024-09-05,xlsx,False,True
2024/2024-09-06_6_Sept_2024_Daily_RE_Generation_Report.xlsx,ok,70,all+ctrl,False,2024-09-06,2024-09-06,xlsx,False,True
2024/2024-09-07_7_Sept_2024_Daily_RE_Generation_Report.xlsx,ok,70,all+ctrl,False,2024-09-07,2024-09-07,xlsx,False,True
2024/2024-09-08_8_Sept_2024_Daily_RE_Generation_Report.xlsx,ok,70,all+ctrl,False,2024-09-08,2024-09-08,xlsx,False,True
2024/2024-09-09_9_Sept_2024_Daily_RE_Generation_Report.xlsx,ok,70,all+ctrl,False,2024-09-09,2024-09-09,xlsx,False,True
2024/2024-09-10_10_Sept_2024_Daily_RE_Generation_Report.xlsx,ok,70,all+ctrl,False,2024-09-10,2024-09-10,xlsx,False,True
2024/2024-09-11_11_Sept_2024_Daily_RE_Generation_Report.xlsx,ok,70,all+ctrl,False,2024-09-11,2024-09-11,xlsx,False,True
2024/2024-09-12_12_Sept_2024_Daily_RE_Generation_Report.xlsx,ok,70,all+ctrl,False,2024-09-12,2024-09-12,xlsx,False,True
2024/2024-09-13_13_Sept_2024_Daily_RE_Generation_Report.xlsx,ok,70,all+ctrl,False,2024-09-13,2024-09-13,xlsx,False,True
2024/2024-09-14_14_Sept_2024_Daily_RE_Generation_Report.xlsx,ok,70,all+ctrl,False,2024-09-14,2024-09-14,xlsx,False,True
2024/2024-09-15_15_Sept_2024_Daily_RE_Generation_Report.xlsx,ok,70,all+ctrl,False,2024-09-15,2024-09-15,xlsx,False,True
2024/2024-09-16_16_Sept_2024_Daily_RE_Generation_Report.xlsx,ok,70,all+ctrl,False,2024-09-16,2024-09-16,xlsx,False,True
2024/2024-09-17_17_Sept_2024_Daily_RE_Generation_Report.xlsx,ok,70,all+ctrl,False,2024-09-17,2024-09-17,xlsx,False,True
2024/2024-09-18_18_Sept_2024_Daily_RE_Generation_Report.xlsx,ok,70,all+ctrl,False,2024-09-18,2024-09-18,xlsx,False,True
2024/2024-09-19_19_Sept_2024_Daily_RE_Generation_Report.xlsx,ok,70,all+ctrl,False,2024-09-19,2024-09-19,xlsx,False,True
2024/2024-09-20_20_Sep_2024_Daily_RE_Generation.xlsx,ok,70,all+ctrl,False,2024-09-20,2024-09-20,xlsx,False,True
2024/2024-09-21_21_Sep_2024_Daily_RE_Generation_Report.xlsx,ok,70,all+ctrl,False,2024-09-21,2024-09-21,xlsx,False,True
2024/2024-09-22_22_Sep_2024_Daily_RE_Generation_Report.xlsx,ok,70,all+ctrl,False,2024-09-22,2024-09-22,xlsx,False,True
2024/2024-09-23_23_Sept_2024_Daily_RE_Generation_Report.xlsx,ok,70,all+ctrl,False,2024-09-23,2024-09-23,xlsx,False,True
2024/2024-09-24_24_Sept_2024_Daily_RE_Generation__Report.xlsx,ok,70,all+ctrl,False,2024-09-24,2024-09-24,xlsx,False,True
2024/2024-09-25_25_Sept_2024_Daily_RE_Generation_Report.xlsx,ok,70,all+ctrl,False,2024-09-25,2024-09-25,xlsx,False,True
2024/2024-09-26_26_Sept_2024_Daily_RE_Generation_Report.xlsx,ok,70,all+ctrl,False,2024-09-26,2024-09-26,xlsx,False,True
2024/2024-09-27_27_Sept_2024_Daily_RE_Generation_Report.xlsx,ok,70,all+ctrl,False,2024-09-27,2024-09-27,xlsx,False,True
2024/2024-09-28_28_Sept_2024_Daily_RE_Generation_Report.xlsx,ok,70,all+ctrl,False,2024-09-28,2024-09-28,xlsx,False,True
2024/2024-09-29_29_Sept_2024_Daily_RE_Generation_Report.xlsx,ok,70,all+ctrl,False,2024-09-29,2024-09-29,xlsx,False,True
2024/2024-09-30_30_Sept_2024_Daily_RE_Generation_Report.xlsx,ok,70,all+ctrl,False,2024-09-30,2024-09-30,xlsx,False,True
2024/2024-10-01_1_Oct_2024_Daily_RE_Generation_Report.xlsx,ok,70,all+ctrl,False,2024-10-01,2024-10-01,xlsx,False,True
2024/2024-10-02_2_Oct_2024_Daily_RE_Generation_Report.xlsx,ok,70,all+ctrl,False,2024-10-02,2024-10-02,xlsx,False,True
2024/2024-10-03_3_Oct_2024_Daily_RE_Generation_Report.xlsx,ok,70,all+ctrl,False,2024-10-03,2024-10-03,xlsx,False,True
2024/2024-10-04_4_Oct_2024_Daily_RE_Generation_Report.xlsx,ok,70,all+ctrl,False,2024-10-04,2024-10-04,xlsx,False,True
2024/2024-10-05_5_Oct_2024_Daily_RE_Generation_Report.xlsx,ok,70,all+ctrl,False,2024-10-05,2024-10-05,xlsx,False,True
2024/2024-10-06_6_Oct_2024_Daily_RE_Generation_Report.xlsx,ok,70,all+ctrl,False,2024-10-06,2024-10-06,xlsx,False,True
2024/2024-10-07_7_Oct_2024_Daily_RE_Generation_Report.xlsx,ok,70,all+ctrl,False,2024-10-07,2024-10-07,xlsx,False,True
2024/2024-10-08_8_Oct_2024_Daily_RE_Generation_Report.xlsx,ok,70,all+ctrl,False,2024-10-08,2024-10-08,xlsx,False,True
2024/2024-10-09_9_Oct_2024_RE_Generation_Report.xlsx,ok,70,all+ctrl,False,2024-10-09,2024-10-09,xlsx,False,True
2024/2024-10-10_10_Oct_2024_Daily_RE_Generation_Report.xlsx,ok,70,all+ctrl,False,2024-10-10,2024-10-10,xlsx,False,True
2024/2024-10-11_11_Oct_2024_Daily_RE_Generation_Report.xlsx,ok,70,all+ctrl,False,2024-10-11,2024-10-11,xlsx,False,True
2024/2024-10-12_12_Oct_2024_Daily_RE_Generation_Report.xlsx,ok,70,all+ctrl,False,2024-10-12,2024-10-12,xlsx,False,True
2024/2024-10-13_13_Oct_2024_Daily_RE_Generation_Report.xlsx,ok,70,all+ctrl,False,2024-10-13,2024-10-13,xlsx,False,True
2024/2024-10-14_DailyRE14102024-2.xlsx,ok,70,all+ctrl,False,2024-10-14,2024-10-14,xlsx,False,True
2024/2024-10-15_15_Oct_2024_Daily_RE_Generation_Report.xlsx,ok,70,all+ctrl,False,2024-10-15,2024-10-15,xlsx,False,True
2024/2024-10-16_16_Oct_2024_Daily_RE_Generation_Report.xlsx,ok,70,all+ctrl,False,2024-10-16,2024-10-16,xlsx,False,True
2024/2024-10-17_17_Oct_2024_Daily_RE_Generation_Report.xlsx,ok,70,all+ctrl,False,2024-10-17,2024-10-17,xlsx,False,True
2024/2024-10-18_18_Oct_2024_Daily_RE_Generation_Report.xlsx,ok,70,all+ctrl,False,2024-10-18,2024-10-18,xlsx,False,True
2024/2024-10-19_19_Oct_2024_Daily_RE_Generation_Report.xlsx,ok,70,all+ctrl,False,2024-10-19,2024-10-19,xlsx,False,True
2024/2024-10-20_20_Oct_2024_Daily_RE_Generation_Report.xlsx,ok,70,all+ctrl,False,2024-10-20,2024-10-20,xlsx,False,True
2024/2024-10-21_21_Oct_2024_Daily_RE_Generation_Report.xlsx,ok,70,all+ctrl,False,2024-10-21,2024-10-21,xlsx,False,True
2024/2024-10-22_22_Oct_2024_Daily_RE_Generation_Report.xlsx,ok,70,all+ctrl,False,2024-10-22,2024-10-22,xlsx,False,True
2024/2024-10-23_23_Oct_2024_Daily_RE_Generation_Report.xlsx,ok,70,all+ctrl,False,2024-10-23,2024-10-23,xlsx,False,True
2024/2024-10-24_24_Oct_2024_Daily_RE_Generation_Report.xlsx,ok,70,all+ctrl,False,2024-10-24,2024-10-24,xlsx,False,True
2024/2024-10-25_DailyRE25102024.xlsx,ok,70,all+ctrl,False,2024-10-25,2024-10-25,xlsx,False,True
2024/2024-10-26_26_Oct_2024_Daily_RE_Generation_Report.xlsx,ok,70,all+ctrl,False,2024-10-26,2024-10-26,xlsx,False,True
2024/2024-10-27_27_Oct_2024_Daily_RE_Generation_Report.xlsx,ok,70,all+ctrl,False,2024-10-27,2024-10-27,xlsx,False,True
2024/2024-10-28_28_Oct_2024_Daily_RE_Generation_Report.xlsx,ok,70,all+ctrl,False,2024-10-28,2024-10-28,xlsx,False,True
2024/2024-10-29_29_Oct_2024_Daily_RE_Generation_Report.xlsx,ok,70,all+ctrl,False,2024-10-29,2024-10-29,xlsx,False,True
2024/2024-10-30_30_Oct_2024_Daily_RE_Generation_Report-1.xlsx,ok,70,all+ctrl,False,2024-10-30,2024-10-30,xlsx,False,True
2024/2024-10-31_31_Oct_2024_Daily_RE_Generation_Report.xlsx,ok,70,all+ctrl,False,2024-10-31,2024-10-31,xlsx,False,True
2024/2024-11-01_1_Nov_2024_Daily_RE_Generation_Report.xlsx,ok,70,all+ctrl,False,2024-11-01,2024-11-01,xlsx,False,True
2024/2024-11-02_2_Nov_2024_Daily_RE_Generation_Report.xlsx,ok,70,all+ctrl,False,2024-11-02,2024-11-02,xlsx,False,True
2024/2024-11-03_3_Nov_2024_Daily_RE_Generation_Report.xlsx,ok,70,all+ctrl,False,2024-11-03,2024-11-03,xlsx,False,True
2024/2024-11-04_4_Nov_2024_Daily_RE_Generation_Report.xlsx,ok,70,all+ctrl,False,2024-11-04,2024-11-04,xlsx,False,True
2024/2024-11-05_5_Nove_2024_Daily_RE_Generation_Report.xlsx,ok,70,all+ctrl,False,2024-11-05,2024-11-05,xlsx,False,True
2024/2024-11-06_6_Nov_2024_Daily_RE_Genertion_Data.xlsx,ok,70,all+ctrl,False,2024-11-06,2024-11-06,xlsx,False,True
2024/2024-11-07_7_Nov_2024_Daily_RE_Generation_Report.xlsx,ok,70,all+ctrl,False,2024-11-07,2024-11-07,xlsx,False,True
2024/2024-11-08_8_Nov_2024_Daily_RE_Generation_Report.xlsx,ok,70,all+ctrl,False,2024-11-08,2024-11-08,xlsx,False,True
2024/2024-11-09_9_Nov_2024_Daily_RE_Generation_Report.xlsx,ok,70,all+ctrl,False,2024-11-09,2024-11-09,xlsx,False,True
2024/2024-11-10_10_Nov_2024_Daily_RE_Generation_Report.xlsx,ok,70,all+ctrl,False,2024-11-10,2024-11-10,xlsx,False,True
2024/2024-11-11_11_Nov_2024_Daily_RE_Generation_Report.xlsx,ok,70,all+ctrl,False,2024-11-11,2024-11-11,xlsx,False,True
2024/2024-11-12_12_Nov_2024_Daily_RE_Generation_Report.xlsx,ok,70,all+ctrl,False,2024-11-12,2024-11-12,xlsx,False,True
2024/2024-11-13_13_Nov_2024_Daily_RE_Generation.xlsx,ok,70,all+ctrl,False,2024-11-13,2024-11-13,xlsx,False,True
2024/2024-11-14_14_nov_2024_Daily_RE_Generation_Report.xlsx,ok,70,all+ctrl,False,2024-11-14,2024-11-14,xlsx,False,True
2024/2024-11-15_15_Nov_2024_Daily_RE_Generation_Report.xlsx,ok,70,all+ctrl,False,2024-11-15,2024-11-15,xlsx,False,True
2024/2024-11-16_16_Nov_2024_Daily_RE_Generation.xlsx,ok,70,all+ctrl,False,2024-11-16,2024-11-16,xlsx,False,True
2024/2024-11-17_17_Nov_2024_Daily_RE_Generation_Report.xlsx,ok,70,all+ctrl,False,2024-11-17,2024-11-17,xlsx,False,True
2024/2024-11-18_18_Nov_2024_Daily_RE_Generation_Report.xlsx,ok,70,all+ctrl,False,2024-11-18,2024-11-18,xlsx,False,True
2024/2024-11-19_19_Nov_2024_Daily_RE_Generation_Report.xlsx,ok,70,all+ctrl,False,2024-11-19,2024-11-19,xlsx,False,True
2024/2024-11-20_DailyRE20112024-3.xlsx,ok,70,all+ctrl,False,2024-11-20,2024-11-20,xlsx,False,True
2024/2024-11-21_DailyRE21112024.xlsx,ok,70,all+ctrl,False,2024-11-21,2024-11-21,xlsx,False,True
2024/2024-11-22_DailyRE22112024.xlsx,ok,70,all+ctrl,False,2024-11-22,2024-11-22,xlsx,False,True
2024/2024-11-23_DailyRE23112024.xlsx,ok,70,all+ctrl,False,2024-11-23,2024-11-23,xlsx,False,True
2024/2024-11-24_DailyRE24112024.xlsx,ok,70,all+ctrl,False,2024-11-24,2024-11-24,xlsx,False,True
2024/2024-11-25_DailyRE25112024.xlsx,ok,70,all+ctrl,False,2024-11-25,2024-11-25,xlsx,False,True
2024/2024-11-26_DailyRE26112024.xlsx,ok,70,all+ctrl,False,2024-11-26,2024-11-26,xlsx,False,True
2024/2024-11-27_DailyRE27112024.xlsx,ok,70,all+ctrl,False,2024-11-27,2024-11-27,xlsx,False,True
2024/2024-11-28_DailyRE28112024.xlsx,ok,70,all+ctrl,False,2024-11-28,2024-11-28,xlsx,False,True
2024/2024-11-29_29_Nov_2024_Daily_RE_Generation_Report.xlsx,ok,70,all+ctrl,False,2024-11-29,2024-11-29,xlsx,False,True
2024/2024-11-30_30_Nov_2024_Daily_RE_Generation_Report.xlsx,ok,70,all+ctrl,False,2024-11-30,2024-11-30,xlsx,False,True
2024/2024-12-01_1_Dec_2024_Daily_RE_Generation_Report.xlsx,ok,70,all+ctrl,False,2024-12-01,2024-12-01,xlsx,False,True
2024/2024-12-02_2_Dec_2024_Daily_RE_Generation_Report.xlsx,ok,70,all+ctrl,False,2024-12-02,2024-12-02,xlsx,False,True
2024/2024-12-03_3_Dec_2024_Daily_RE_Generation_Report.xlsx,ok,70,all+ctrl,False,2024-12-03,2024-12-03,xlsx,False,True
2024/2024-12-04_04_Dec_2024_Daily_RE_Generation_Report.xlsx,ok,70,all+ctrl,False,2024-12-04,2024-12-04,xlsx,False,True
2024/2024-12-05_5_Dec_2024_Daily_RE_Generation_Report.xlsx,ok,70,all+ctrl,False,2024-12-05,2024-12-05,xlsx,False,True
2024/2024-12-06_6_Dec_2024_Daily_RE_Generation_Report.xlsx,ok,70,all+ctrl,False,2024-12-06,2024-12-06,xlsx,False,True
2024/2024-12-07_7_Dec_2024_Daily_RE_Generation_Report.xlsx,ok,70,all+ctrl,False,2024-12-07,2024-12-07,xlsx,False,True
2024/2024-12-08_8_Dec_2024_Daily_RE_Generation_Report.xlsx,ok,70,all+ctrl,False,2024-12-08,2024-12-08,xlsx,False,True
2024/2024-12-09_9_Dec_2024_Daily_RE_Generation_Report.xlsx,ok,70,all+ctrl,False,2024-12-09,2024-12-09,xlsx,False,True
2024/2024-12-10_10_Dec_2024_Daily_RE_Generation_Report.xlsx,ok,70,all+ctrl,False,2024-12-10,2024-12-10,xlsx,False,True
2024/2024-12-11_11_Dec_2024_Daily_RE_Generation_Report.xlsx,ok,70,all+ctrl,False,2024-12-11,2024-12-11,xlsx,False,True
2024/2024-12-12_12_Dec_2024_Daily_RE_Generation_Report.xlsx,ok,70,all+ctrl,False,2024-12-12,2024-12-12,xlsx,False,True
2024/2024-12-13_13_Dec_2024_Daily_RE_Generation_Report.xlsx,ok,70,all+ctrl,False,2024-12-13,2024-12-13,xlsx,False,True
2024/2024-12-14_14_Dec_2024_Daily_RE_Generation_Report.xlsx,ok,70,all+ctrl,False,2024-12-14,2024-12-14,xlsx,False,True
2024/2024-12-15_15_Dec_2024_Daily_RE_Generation_Report.xlsx,ok,70,all+ctrl,False,2024-12-15,2024-12-15,xlsx,False,True
2024/2024-12-16_16_Dec_2024_Daily_RE_Generation_Report.xlsx,ok,70,all+ctrl,False,2024-12-16,2024-12-16,xlsx,False,True
2024/2024-12-17_17_Dec_2024_Daily_RE_Generation_Report.xlsx,ok,70,all+ctrl,False,2024-12-17,2024-12-17,xlsx,False,True
2024/2024-12-18_18_Dec_2024_Daily_RE_Generation_Report.xlsx,ok,70,all+ctrl,False,2024-12-18,2024-12-18,xlsx,False,True
2024/2024-12-19_19_Dec_2024_Daily_RE_Generation_Report.xlsx,ok,70,all+ctrl,False,2024-12-19,2024-12-19,xlsx,False,True
2024/2024-12-20_20_Dec_2024_Daily_RE_Generation_Report.xlsx,ok,70,all+ctrl,False,2024-12-20,2024-12-20,xlsx,False,True
2024/2024-12-21_21_Dec_2024_Daily_RE_Generation_Report.xlsx,ok,70,all+ctrl,False,2024-12-21,2024-12-21,xlsx,False,True
2024/2024-12-22_22_Dec_2024_Daily_RE_Generation_Report.xlsx,ok,70,all+ctrl,False,2024-12-22,2024-12-22,xlsx,False,True
2024/2024-12-23_23_Dec_2024_Daily_RE_Generation_Report.xlsx,ok,70,all+ctrl,False,2024-12-23,2024-12-23,xlsx,False,True
2024/2024-12-24_24_Dec_2024_Daily_RE_Generation_Report.xlsx,ok,70,all+ctrl,False,2024-12-24,2024-12-24,xlsx,False,True
2024/2024-12-25_25_Dec_2024_Daily_RE_Generation_Report.xlsx,ok,70,all+ctrl,False,2024-12-25,2024-12-25,xlsx,False,True
2024/2024-12-26_26_Dec_2024_Daily_RE_Generation_Report.xlsx,ok,70,all+ctrl,False,2024-12-26,2024-12-26,xlsx,False,True
2024/2024-12-27_27_Dec_2024_Daily_RE_Generation_Report.xlsx,ok,70,all+ctrl,False,2024-12-27,2024-12-27,xlsx,False,True
2024/2024-12-28_28_Dec_2024_Daily_RE_Generation_Report.xlsx,ok,70,all+ctrl,False,2024-12-28,2024-12-28,xlsx,False,True
2024/2024-12-29_29_Dec_2024_Daily_RE_Generation_Report.xlsx,ok,70,all+ctrl,False,2024-12-29,2024-12-29,xlsx,False,True
2024/2024-12-30_30_Dec_2024_Daily_RE_Generation_Report.xlsx,ok,70,all+ctrl,False,2024-12-30,2024-12-30,xlsx,False,True
2024/2024-12-31_31_Dec_2024_Daily_RE_Generation_Report.xlsx,ok,70,all+ctrl,False,2024-12-31,2024-12-31,xlsx,False,True
2025/2025-01-01_01_Daily_RE_Generation_Report.xlsx,ok,70,all+ctrl,False,2025-01-01,2025-01-01,xlsx,False,True
2025/2025-01-02_2_Jan_2025_Daily_RE_Generation_Report.xlsx,ok,70,all+ctrl,False,2025-01-02,2025-01-02,xlsx,False,True
2025/2025-01-03_3_Jan_2025_Daily_RE_Generation_Report.xlsx,ok,70,all+ctrl,False,2025-01-03,2025-01-03,xlsx,False,True
2025/2025-01-04_4_Jan_2025_Daily_RE_Generation_Report.xlsx,ok,70,all+ctrl,False,2025-01-04,2025-01-04,xlsx,False,True
2025/2025-01-05_5_Jan_2025_Daily_RE_Generation_Report.xlsx,ok,70,all+ctrl,False,2025-01-05,2025-01-05,xlsx,False,True
2025/2025-01-06_6_Jan_2025_Daily_RE_Generation_Report.xlsx,ok,70,all+ctrl,False,2025-01-06,2025-01-06,xlsx,False,True
2025/2025-01-07_7_Jan_2025_Daily_RE_Generation_Report.xlsx,ok,70,all+ctrl,False,2025-01-07,2025-01-07,xlsx,False,True
2025/2025-01-08_8_Jan_2025_Daily_RE_Generation_Report.xlsx,ok,70,all+ctrl,False,2025-01-08,2025-01-08,xlsx,False,True
2025/2025-01-09_9_Jan_2025_Daily_RE_Generation_Report.xlsx,ok,70,all+ctrl,False,2025-01-09,2025-01-09,xlsx,False,True
2025/2025-01-10_10_Jan_2025_Daily_RE_Generation_Report.xlsx,ok,70,all+ctrl,False,2025-01-10,2025-01-10,xlsx,False,True
2025/2025-01-11_11_Jan_2025_Daily_RE_Generation_Report.xlsx,ok,70,all+ctrl,False,2025-01-11,2025-01-11,xlsx,False,True
2025/2025-01-12_12_Jan_2025_Daily_RE_Generation_Report.xlsx,ok,70,all+ctrl,False,2025-01-12,2025-01-12,xlsx,False,True
2025/2025-01-13_13_Jan_2025_Daily_RE_Generation_Report-1.xlsx,ok,70,all+ctrl,False,2025-01-13,2025-01-13,xlsx,False,True
2025/2025-01-14_14_Jan_2025_Daily_RE_Generation_Report.xlsx,ok,70,all+ctrl,False,2025-01-14,2025-01-14,xlsx,False,True
2025/2025-01-15_15_jan_2025_Daily_RE_Generation_Report.xlsx,ok,70,all+ctrl,False,2025-01-15,2025-01-15,xlsx,False,True
2025/2025-01-16_16_Jan_2025_Daily_RE_Generation_Report.xlsx,ok,70,all+ctrl,False,2025-01-16,2025-01-16,xlsx,False,True
2025/2025-01-17_17_Jan_2025_Daily_RE_Generation_Report.xlsx,ok,70,all+ctrl,False,2025-01-17,2025-01-17,xlsx,False,True
2025/2025-01-18_18_Jan_2025_Daily_RE_Generation_Report.xlsx,ok,70,all+ctrl,False,2025-01-18,2025-01-18,xlsx,False,True
2025/2025-01-19_19_Jan_2025_Daily_RE_Generation_Report.xlsx,ok,70,all+ctrl,False,2025-01-19,2025-01-19,xlsx,False,True
2025/2025-01-20_20_Jan_2025_Daily_RE_Generation_Report.xlsx,ok,70,all+ctrl,False,2025-01-20,2025-01-20,xlsx,False,True
2025/2025-01-21_21_Jan_2025_Daily_RE_Generation_Report.xlsx,ok,70,all+ctrl,False,2025-01-21,2025-01-21,xlsx,False,True
2025/2025-01-22_22_Jan_2025_Daily_RE_Generation_Report.xlsx,ok,70,all+ctrl,False,2025-01-22,2025-01-22,xlsx,False,True
2025/2025-01-23_23_Jan_2025_Daily_RE_Generation_Report.xlsx,ok,70,all+ctrl,False,2025-01-23,2025-01-23,xlsx,False,True
2025/2025-01-24_24_Jan_2025_Daily_RE_Generation_Report.xlsx,ok,70,all+ctrl,False,2025-01-24,2025-01-24,xlsx,False,True
2025/2025-01-25_25_Jan_2025_Daily_RE_Generation_Report.xlsx,ok,70,all+ctrl,False,2025-01-25,2025-01-25,xlsx,False,True
2025/2025-01-26_26_Jan_2025_Daily_RE_Generation_Report.xlsx,ok,70,all+ctrl,False,2025-01-26,2025-01-26,xlsx,False,True
2025/2025-01-27_27_Jan_2025_Daily_RE_Generation_Report.xlsx,ok,70,all+ctrl,False,2025-01-27,2025-01-27,xlsx,False,True
2025/2025-01-28_28_Jan_2025_Daily_RE_Generation_Report.xlsx,ok,70,all+ctrl,False,2025-01-28,2025-01-28,xlsx,False,True
2025/2025-01-29_29_jan_2025_Daily_RE_Generation_Report.xlsx,ok,70,all+ctrl,False,2025-01-29,2025-01-29,xlsx,False,True
2025/2025-01-30_30_Jan_2025_Daily_RE_Generation_Report.xlsx,ok,70,all+ctrl,False,2025-01-30,2025-01-30,xlsx,False,True
2025/2025-01-31_31_Jan_2025_Daily_RE_Generation_Report.xlsx,ok,70,all+ctrl,False,2025-01-31,2025-01-31,xlsx,False,True
2025/2025-02-01_1_Feb_2025_Daily_RE_Generation_Report.xlsx,ok,70,all+ctrl,False,2025-02-01,2025-02-01,xlsx,False,True
2025/2025-02-02_2_Feb_2025_Daily_RE_Generation_Report.xlsx,ok,70,all+ctrl,False,2025-02-02,2025-02-02,xlsx,False,True
2025/2025-02-03_3_Feb_2025_Daily_RE_Generation.xlsx,ok,70,all+ctrl,False,2025-02-03,2025-02-03,xlsx,False,True
2025/2025-02-04_4_Feb_2025_Daily_RE_Generation_Report.xlsx,ok,70,all+ctrl,False,2025-02-04,2025-02-04,xlsx,False,True
2025/2025-02-05_5_Feb_2025_Daily_RE_Generation_Report.xlsx,ok,70,all+ctrl,False,2025-02-05,2025-02-05,xlsx,False,True
2025/2025-02-06_6_Feb_2025_Daily_RE_Generation_Report.xlsx,ok,70,all+ctrl,False,2025-02-06,2025-02-06,xlsx,False,True
2025/2025-02-07_7_Feb_2025_Daily_RE_Generation_Report.xlsx,ok,70,all+ctrl,False,2025-02-07,2025-02-07,xlsx,False,True
2025/2025-02-08_8_Feb_2025_Daily_RE_Generation_Report.xlsx,ok,70,all+ctrl,False,2025-02-08,2025-02-08,xlsx,False,True
2025/2025-02-09_9_Feb_2025_Daily_RE_Generation_Report.xlsx,ok,70,all+ctrl,False,2025-02-09,2025-02-09,xlsx,False,True
2025/2025-02-10_10_Feb_2025_Daily_RE_Generation_Report.xlsx,ok,70,all+ctrl,False,2025-02-10,2025-02-10,xlsx,False,True
2025/2025-02-11_11_Feb_2025_Daily_RE_Generatoin_Report.xlsx,ok,70,all+ctrl,False,2025-02-11,2025-02-11,xlsx,False,True
2025/2025-02-12_12_Feb_2025_Daily_RE_Generation_Report.xlsx,ok,70,all+ctrl,False,2025-02-12,2025-02-12,xlsx,False,True
2025/2025-02-13_13_Feb_2025_Daily_RE_Generation_Report.xlsx,ok,70,all+ctrl,False,2025-02-13,2025-02-13,xlsx,False,True
2025/2025-02-14_14_Feb_2025_Daily_RE_Generation_Report.xlsx,ok,70,all+ctrl,False,2025-02-14,2025-02-14,xlsx,False,True
2025/2025-02-15_15_Feb_2025_Daily_RE_Generation_Report.xlsx,ok,70,all+ctrl,False,2025-02-15,2025-02-15,xlsx,False,True
2025/2025-02-16_16_Feb_2025_Daily_RE_Generation_Report.xlsx,ok,70,all+ctrl,False,2025-02-16,2025-02-16,xlsx,False,True
2025/2025-02-17_17_Feb_2025_Daily_RE_Generation_Report.xlsx,ok,70,all+ctrl,False,2025-02-17,2025-02-17,xlsx,False,True
2025/2025-02-18_18_Feb_2025_Daily_RE_Generation_Report.xlsx,ok,70,all+ctrl,False,2025-02-18,2025-02-18,xlsx,False,True
2025/2025-02-19_19_Feb_2025_Daily_RE_Generation_Report.xlsx,ok,70,all+ctrl,False,2025-02-19,2025-02-19,xlsx,False,True
2025/2025-02-20_20_Feb_2025_Daily_RE_Generation.xlsx,ok,70,all+ctrl,False,2025-02-20,2025-02-20,xlsx,False,True
2025/2025-02-21_21_Feb_2025_Daily_RE_Generation_Report.xlsx,ok,70,all+ctrl,False,2025-02-21,2025-02-21,xlsx,False,True
2025/2025-02-22_22_Feb_2025_Daily_RE_Generation_Report.xlsx,ok,70,all+ctrl,False,2025-02-22,2025-02-22,xlsx,False,True
2025/2025-02-23_23_Feb_2025_Daily_RE_Generation_Report.xlsx,ok,70,all+ctrl,False,2025-02-23,2025-02-23,xlsx,False,True
2025/2025-02-24_24_Feb_2025_Daily_RE_Generation_Report.xlsx,ok,70,all+ctrl,False,2025-02-24,2025-02-24,xlsx,False,True
2025/2025-02-25_25_Feb_2025_Daily_RE_Generation_Report.xlsx,ok,70,all+ctrl,False,2025-02-25,2025-02-25,xlsx,False,True
2025/2025-02-26_26_Feb_2025_Daily_RE_Generation_Report.xlsx,ok,70,all+ctrl,False,2025-02-26,2025-02-26,xlsx,False,True
2025/2025-02-27_27_Feb_2025_Daily_RE_Generation_Report.xlsx,ok,70,all+ctrl,False,2025-02-27,2025-02-27,xlsx,False,True
2025/2025-02-28_28_Feb_2025_Daily_RE_Generation_Report.xlsx,ok,70,all+ctrl,False,2025-02-28,2025-02-28,xlsx,False,True
2025/2025-03-01_1_March_2025_Daily_RE_Generation_Report.xlsx,ok,70,all+ctrl,False,2025-03-01,2025-03-01,xlsx,False,True
2025/2025-03-02_2_March_2025_Daily_RE_Generation_Report.xlsx,ok,70,all+ctrl,False,2025-03-02,2025-03-02,xlsx,False,True
2025/2025-03-03_3_March_2025_Daily_RE_Generation_Report.xlsx,ok,70,all+ctrl,False,2025-03-03,2025-03-03,xlsx,False,True
2025/2025-03-04_4_March_2025_Daily_RE_Generation_Report.xlsx,ok,70,all+ctrl,False,2025-03-04,2025-03-04,xlsx,False,True
2025/2025-03-05_5_Mar_2025_Daily_RE_Generation_Report.xlsx,ok,70,all+ctrl,False,2025-03-05,2025-03-05,xlsx,False,True
2025/2025-03-06_6_March_2025_Daily_RE_Generation_Report.xlsx,ok,70,all+ctrl,False,2025-03-06,2025-03-06,xlsx,False,True
2025/2025-03-07_7_March_2025_Daily_RE_Generation.xlsx,ok,70,all+ctrl,False,2025-03-07,2025-03-07,xlsx,False,True
2025/2025-03-08_8_March_2025_Daily_RE_Generation_Report.xlsx,ok,70,all+ctrl,False,2025-03-08,2025-03-08,xlsx,False,True
2025/2025-03-09_9_March_2025_Daily_RE_Generation_Report.xlsx,ok,70,all+ctrl,False,2025-03-09,2025-03-09,xlsx,False,True
2025/2025-03-10_10_March_2025_Daily_RE_Generation_Report.xlsx,ok,70,all+ctrl,False,2025-03-10,2025-03-10,xlsx,False,True
2025/2025-03-11_11_March_2025_Daily_RE_Generation_Report.xlsx,ok,70,all+ctrl,False,2025-03-11,2025-03-11,xlsx,False,True
2025/2025-03-12_12_March_2025_Daily_RE_Generation_Report.xlsx,ok,70,all+ctrl,False,2025-03-12,2025-03-12,xlsx,False,True
2025/2025-03-13_13_March_2025_Daily_RE_Generation_Report.xlsx,ok,70,all+ctrl,False,2025-03-13,2025-03-13,xlsx,False,True
2025/2025-03-14_14_March_2025_Daily_RE_Generation_Report.xlsx,ok,70,all+ctrl,False,2025-03-14,2025-03-14,xlsx,False,True
2025/2025-03-15_15_March_2025_Daily_RE_Generation_Report.xlsx,ok,70,all+ctrl,False,2025-03-15,2025-03-15,xlsx,False,True
2025/2025-03-16_16_March_2025_Daily_RE_Generation_Report.xlsx,ok,70,all+ctrl,False,2025-03-16,2025-03-16,xlsx,False,True
2025/2025-03-17_17_March_2025_Daily_RE_Generation_Report.xlsx,ok,70,all+ctrl,False,2025-03-17,2025-03-17,xlsx,False,True
2025/2025-03-18_18_March_2025_Daily_RE_Generation_Report.xlsx,ok,70,all+ctrl,False,2025-03-18,2025-03-18,xlsx,False,True
2025/2025-03-19_19_March_2025_Daily_RE_Generation_Report.xlsx,ok,70,all+ctrl,False,2025-03-19,2025-03-19,xlsx,False,True
2025/2025-03-20_20_March_2025_Daily_RE_Generation_Report.xlsx,ok,70,all+ctrl,False,2025-03-20,2025-03-20,xlsx,False,True
2025/2025-03-21_21_Mar_2025_Daily_RE_Generation_Report.xlsx,ok,70,all+ctrl,False,2025-03-21,2025-03-21,xlsx,False,True
2025/2025-03-22_22_Mar_2025_Daily_RE_Generation_Report.xlsx,ok,70,all+ctrl,False,2025-03-22,2025-03-22,xlsx,False,True
2025/2025-03-23_23_Mar_2025_Daily_RE_Generation_Report.xlsx,ok,70,all+ctrl,False,2025-03-23,2025-03-23,xlsx,False,True
2025/2025-03-24_24_March_2025_Daily_RE_Generation_Report.xlsx,ok,70,all+ctrl,False,2025-03-24,2025-03-24,xlsx,False,True
2025/2025-03-25_25_March_2025_Daily_RE_Generation_Report.xlsx,ok,70,all+ctrl,False,2025-03-25,2025-03-25,xlsx,False,True
2025/2025-03-26_26_Mar_2025_Daily_RE_Generation_Report.xlsx,ok,70,all+ctrl,False,2025-03-26,2025-03-26,xlsx,False,True
2025/2025-03-27_27_March_2025_Daily_RE_Generation_Report.xlsx,ok,70,all+ctrl,False,2025-03-27,2025-03-27,xlsx,False,True
2025/2025-03-28_28_Mar_2025_Daily_RE_Generation_Report.xlsx,ok,70,all+ctrl,False,2025-03-28,2025-03-28,xlsx,False,True
2025/2025-03-29_29_Mar_2025_Daily_RE_Generation_Report.xlsx,ok,70,all+ctrl,False,2025-03-29,2025-03-29,xlsx,False,True
2025/2025-03-30_30_Mar_2025_Daily_RE_Generation_Report.xlsx,ok,70,all+ctrl,False,2025-03-30,2025-03-30,xlsx,False,True
2025/2025-03-31_31_Mar_2025_Daily_RE_Generation_Report.xlsx,ok,70,all+ctrl,False,2025-03-31,2025-03-31,xlsx,False,True
2025/2025-04-01_1_April_2025_Daily_RE_Generation_Report.xlsx,ok,70,all+ctrl,False,2025-04-01,2025-04-01,xlsx,False,True
2025/2025-04-02_2_Apr_2025_Daily_RE_Generation_Report.xlsx,ok,70,all+ctrl,False,2025-04-02,2025-04-02,xlsx,False,True
2025/2025-04-03_3_Apr_2025_Daily_RE_Generation_Report.xlsx,ok,70,all+ctrl,False,2025-04-03,2025-04-03,xlsx,False,True
2025/2025-04-04_4_Apr_2025_Daily_RE_Generation_Report.xlsx,ok,70,all+ctrl,False,2025-04-04,2025-04-04,xlsx,False,True
2025/2025-04-05_5_Apr_2025_Daily_RE_Generation_Report.xlsx,ok,70,all+ctrl,False,2025-04-05,2025-04-05,xlsx,False,True
2025/2025-04-06_6_Apr_2025_Daily_RE_Generation_Report.xlsx,ok,70,all+ctrl,False,2025-04-06,2025-04-06,xlsx,False,True
2025/2025-04-07_7_Apr_2025_Daily_RE_Generation_Report-1.xlsx,ok,70,all+ctrl,False,2025-04-07,2025-04-07,xlsx,False,True
2025/2025-04-08_8_Apr_2025_Daily_RE_Generation_Report.xlsx,ok,70,all+ctrl,False,2025-04-08,2025-04-08,xlsx,False,True
2025/2025-04-09_9_Apr_2025_Daily_RE_Generation_Report.xlsx,ok,70,all+ctrl,False,2025-04-09,2025-04-09,xlsx,False,True
2025/2025-04-10_10_Apr_2025_Daily_RE_generation_report.xlsx,ok,70,all+ctrl,False,2025-04-10,2025-04-10,xlsx,False,True
2025/2025-04-11_11_Apr_2025_Daily_RE_Generation_Report.xlsx,ok,70,all+ctrl,False,2025-04-11,2025-04-11,xlsx,False,True
2025/2025-04-12_12_Apr_2025_Daily_RE_Generation_Report.xlsx,ok,70,all+ctrl,False,2025-04-12,2025-04-12,xlsx,False,True
2025/2025-04-13_13_Apr_2025_Daily_RE_Generation_Report.xlsx,ok,70,all+ctrl,False,2025-04-13,2025-04-13,xlsx,False,True
2025/2025-04-14_14_Apr_2025_Daily_RE_Generation_Report.xlsx,ok,70,all+ctrl,False,2025-04-14,2025-04-14,xlsx,False,True
2025/2025-04-15_15_Apr_2025_Daily_RE_Generation_Report.xlsx,ok,70,all+ctrl,False,2025-04-15,2025-04-15,xlsx,False,True
2025/2025-04-16_16_Apr_2025_Daily_RE_Generation_Report.xlsx,ok,70,all+ctrl,False,2025-04-16,2025-04-16,xlsx,False,True
2025/2025-04-17_17_Apr_2025_Daily_RE_Generation_Report.xlsx,ok,70,all+ctrl,False,2025-04-17,2025-04-17,xlsx,False,True
2025/2025-04-18_18_Apr_2025_Daily_RE_Generation_Report.xlsx,ok,70,all+ctrl,False,2025-04-18,2025-04-18,xlsx,False,True
2025/2025-04-19_19_Apr_2025_Daily_RE_Generation_Report.xlsx,ok,70,all+ctrl,False,2025-04-19,2025-04-19,xlsx,False,True
2025/2025-04-20_20_Apr_2025_Daily_RE_Generation_Report.xlsx,ok,70,all+ctrl,False,2025-04-20,2025-04-20,xlsx,False,True
2025/2025-04-21_21_Apr_2025_Daily_RE_Generation_Report.xlsx,ok,70,all+ctrl,False,2025-04-21,2025-04-21,xlsx,False,True
2025/2025-04-22_22_Apr_2025_Daily_RE_Generation_Report.xlsx,ok,70,all+ctrl,False,2025-04-22,2025-04-22,xlsx,False,True
2025/2025-04-23_23_Apr_2025_Daily_RE_Generation_Report.xlsx,ok,70,all+ctrl,False,2025-04-23,2025-04-23,xlsx,False,True
2025/2025-04-24_24_Apr_2025_Daily_RE_Genration_Report.xlsx,ok,70,all+ctrl,False,2025-04-24,2025-04-24,xlsx,False,True
2025/2025-04-25_25_Apr_2025_Daily_RE_Generation_Report.xlsx,ok,70,all+ctrl,False,2025-04-25,2025-04-25,xlsx,False,True
2025/2025-04-26_26_Apr_2025_Daily_RE_Generation_Report.xlsx,ok,70,all+ctrl,False,2025-04-26,2025-04-26,xlsx,False,True
2025/2025-04-27_27_Apr_2025_Daily_RE_Generation_Report.xlsx,ok,70,all+ctrl,False,2025-04-27,2025-04-27,xlsx,False,True
2025/2025-04-28_28_Apr_2025_Daily_RE_Generation_Report.xlsx,ok,70,all+ctrl,False,2025-04-28,2025-04-28,xlsx,False,True
2025/2025-04-29_29_Apr_2025_Daily_RE_Generation_Report.xlsx,ok,70,all+ctrl,False,2025-04-29,2025-04-29,xlsx,False,True
2025/2025-04-30_30_Apr_2025_Daily_RE_Generation_Report.xlsx,ok,70,all+ctrl,False,2025-04-30,2025-04-30,xlsx,False,True
2025/2025-05-01_1_May_2025_Daily_RE_Generation_Report.xlsx,ok,70,all+ctrl,False,2025-05-01,2025-05-01,xlsx,False,True
2025/2025-05-02_2_may_2025_Daily_RE_Generation_Report.xlsx,ok,70,all+ctrl,False,2025-05-02,2025-05-02,xlsx,False,True
2025/2025-05-03_3_May_2025_Daily_RE_Generation_Report.xlsx,ok,70,all+ctrl,False,2025-05-03,2025-05-03,xlsx,False,True
2025/2025-05-04_4_May_2025_Daily_RE_Generation_Report.xlsx,ok,70,all+ctrl,False,2025-05-04,2025-05-04,xlsx,False,True
2025/2025-05-05_5_May_2025_Daily_RE_Generation_Report.xlsx,ok,70,all+ctrl,False,2025-05-05,2025-05-05,xlsx,False,True
2025/2025-05-06_6_May_2025_Daily_RE_Generation_Report.xlsx,ok,70,all+ctrl,False,2025-05-06,2025-05-06,xlsx,False,True
2025/2025-05-07_7_May_2025_Daily_RE_Generation_Report.xlsx,ok,70,all+ctrl,False,2025-05-07,2025-05-07,xlsx,False,True
2025/2025-05-08_8_May_2025_Daily_RE_Generation_Report.xlsx,ok,70,all+ctrl,False,2025-05-08,2025-05-08,xlsx,False,True
2025/2025-05-09_9_May_2025_Daily_RE_Generation_Report.xlsx,ok,70,all+ctrl,False,2025-05-09,2025-05-09,xlsx,False,True
2025/2025-05-10_10_May_2025_Daily_RE_Generation_Report.xlsx,ok,70,all+ctrl,False,2025-05-10,2025-05-10,xlsx,False,True
2025/2025-05-11_11_May_2025_Daily_RE_Generation_Report.xlsx,ok,70,all+ctrl,False,2025-05-11,2025-05-11,xlsx,False,True
2025/2025-05-12_12_May_2025_Daily_RE_Generation_Report.xlsx,ok,70,all+ctrl,False,2025-05-12,2025-05-12,xlsx,False,True
2025/2025-05-13_13_May_2025_Daily_RE_Generation_Report.xlsx,ok,70,all+ctrl,False,2025-05-13,2025-05-13,xlsx,False,True
2025/2025-05-14_14_May_2025_Daily_RE_Generation_Report.xlsx,ok,70,all+ctrl,False,2025-05-14,2025-05-14,xlsx,False,True
2025/2025-05-15_15_May_2025_Daily_RE_Generation_Report.xlsx,ok,70,all+ctrl,False,2025-05-15,2025-05-15,xlsx,False,True
2025/2025-05-16_16_May_2025_Daily_RE_Generation_Report.xlsx,ok,70,all+ctrl,False,2025-05-16,2025-05-16,xlsx,False,True
2025/2025-05-17_17_May_2025_Daily_RE_Generation_Report.xlsx,ok,70,all+ctrl,False,2025-05-17,2025-05-17,xlsx,False,True
2025/2025-05-18_18_May_2025_Daily_RE_Generation_Report.xlsx,ok,70,all+ctrl,False,2025-05-18,2025-05-18,xlsx,False,True
2025/2025-05-19_19_May_2025_Daily_RE_Generation_Report.xlsx,ok,70,all+ctrl,False,2025-05-19,2025-05-19,xlsx,False,True
2025/2025-05-20_DailyMergedReport_2025_05_20-1.xlsx,ok,70,all+ctrl,False,2025-05-20,2025-05-20,xlsx,False,True
2025/2025-05-21_DailyMergedReport_2025_05_21.xlsx,ok,70,all+ctrl,False,2025-05-21,2025-05-21,xlsx,False,True
2025/2025-05-22_DailyMergedReport_2025_05_22.xlsx,ok,70,all+ctrl,False,2025-05-22,2025-05-22,xlsx,False,True
2025/2025-05-23_23_May_2025_Daily_RE_Generation_Report.xlsx,ok,70,all+ctrl,False,2025-05-23,2025-05-23,xlsx,False,True
2025/2025-05-24_24_May_2025_Daily_RE_Generation_Report.xlsx,ok,70,all+ctrl,False,2025-05-24,2025-05-24,xlsx,False,True
2025/2025-05-25_25_May_2025_Daily_RE_Generation_Report.xlsx,ok,70,all+ctrl,False,2025-05-25,2025-05-25,xlsx,False,True
2025/2025-05-26_26_May_2025_Daily_RE_Generation_Report.xlsx,ok,70,all+ctrl,False,2025-05-26,2025-05-26,xlsx,False,True
2025/2025-05-27_27_May_2025_Daily_RE_Generation_Report.xlsx,ok,70,all+ctrl,False,2025-05-27,2025-05-27,xlsx,False,True
2025/2025-05-28_28_May_2025_Daily_RE_Generation_Report.xlsx,ok,70,all+ctrl,False,2025-05-28,2025-05-28,xlsx,False,True
2025/2025-05-29_29_May_2025_Daily_RE_Generation.xlsx,ok,70,all+ctrl,False,2025-05-29,2025-05-29,xlsx,False,True
2025/2025-05-30_30_May_2025_Daily_RE_Generation_Report.xlsx,ok,70,all+ctrl,False,2025-05-30,2025-05-30,xlsx,False,True
2025/2025-05-31_31_May_2025_Daily_RE_Generation_Report.xlsx,ok,70,all+ctrl,False,2025-05-31,2025-05-31,xlsx,False,True
2025/2025-06-01_1_June_2025_Daily_RE_Generation_Report.xlsx,ok,70,all+ctrl,False,2025-06-01,2025-06-01,xlsx,False,True
2025/2025-06-02_2_June_2025_Daily_RE_Generation_Report.xlsx,ok,70,all+ctrl,False,2025-06-02,2025-06-02,xlsx,False,True
2025/2025-06-03_3_June_2025_Daily_RE_Generation_Report.xlsx,ok,70,all+ctrl,False,2025-06-03,2025-06-03,xlsx,False,True
2025/2025-06-04_4_June_2025_Daily_RE_Generation_Report.xlsx,ok,70,all+ctrl,False,2025-06-04,2025-06-04,xlsx,False,True
2025/2025-06-05_5_June_2025_Daily_RE_Generation.xlsx,ok,70,all+ctrl,False,2025-06-05,2025-06-05,xlsx,False,True
2025/2025-06-06_6_June_2025_Daily_RE_Generation_Report.xlsx,ok,70,all+ctrl,False,2025-06-06,2025-06-06,xlsx,False,True
2025/2025-06-07_7_June_2025_Daily_RE_Generation_Report.xlsx,ok,70,all+ctrl,False,2025-06-07,2025-06-07,xlsx,False,True
2025/2025-06-08_8_June_2025_Daily_RE_Generation_Report.xlsx,ok,70,all+ctrl,False,2025-06-08,2025-06-08,xlsx,False,True
2025/2025-06-09_9_June_2025_Daily_RE_Generation_Report.xlsx,ok,70,all+ctrl,False,2025-06-09,2025-06-09,xlsx,False,True
2025/2025-06-10_10_June_2025_Daily_RE_Generation_Report.xlsx,ok,70,all+ctrl,False,2025-06-10,2025-06-10,xlsx,False,True
2025/2025-06-11_11_June_2025_Daily_RE_Generation_Report.xlsx,ok,70,all+ctrl,False,2025-06-11,2025-06-11,xlsx,False,True
2025/2025-06-12_12_June_2025_Daily_RE_Generation_Report.xlsx,ok,70,all+ctrl,False,2025-06-12,2025-06-12,xlsx,False,True
2025/2025-06-13_13_June_2025_Daily_RE_Generation_Report.xlsx,ok,70,all+ctrl,False,2025-06-13,2025-06-13,xlsx,False,True
2025/2025-06-14_14_June_2025_Daily_RE_Generation_Report.xlsx,ok,70,all+ctrl,False,2025-06-14,2025-06-14,xlsx,False,True
2025/2025-06-15_15_June_2025_Daily_RE_Generation_Report.xlsx,ok,70,all+ctrl,False,2025-06-15,2025-06-15,xlsx,False,True
2025/2025-06-16_16_June_2025_Daily_RE_Generation_Report.xlsx,ok,70,all+ctrl,False,2025-06-16,2025-06-16,xlsx,False,True
2025/2025-06-17_17_June_2025_Daily_RE_Generation_Report.xlsx,ok,70,all+ctrl,False,2025-06-17,2025-06-17,xlsx,False,True
2025/2025-06-18_18_June_2025_Daily_RE_Generation_Report.xlsx,ok,70,all+ctrl,False,2025-06-18,2025-06-18,xlsx,False,True
2025/2025-06-19_19_June_2025_Daily_RE_Generation_Report.xlsx,ok,70,all+ctrl,False,2025-06-19,2025-06-19,xlsx,False,True
2025/2025-06-20_20_June_2025_Daily_RE_Generation_report.xlsx,ok,70,all+ctrl,False,2025-06-20,2025-06-20,xlsx,False,True
2025/2025-06-21_21_June_2025_Daily_RE_Generation_Report.xlsx,ok,70,all+ctrl,False,2025-06-21,2025-06-21,xlsx,False,True
2025/2025-06-22_22_June_2025_Daily_RE_Generation_report.xlsx,ok,70,all+ctrl,False,2025-06-22,2025-06-22,xlsx,False,True
2025/2025-06-23_23_June_2025_Daily_RE_Generation_Report.xlsx,ok,70,all+ctrl,False,2025-06-23,2025-06-23,xlsx,False,True
2025/2025-06-24_24_June_2025_Daily_RE_Generation_Report.xlsx,ok,70,all+ctrl,False,2025-06-24,2025-06-24,xlsx,False,True
2025/2025-06-25_25_June_2025_Daily_RE_Generation_Report.xlsx,ok,70,all+ctrl,False,2025-06-25,2025-06-25,xlsx,False,True
2025/2025-06-26_26_June_2025_Daily_RE_Generation_Report.xlsx,ok,70,all+ctrl,False,2025-06-26,2025-06-26,xlsx,False,True
2025/2025-06-27_27_June_2025_Daily_RE_Generation_Report.xlsx,ok,70,all+ctrl,False,2025-06-27,2025-06-27,xlsx,False,True
2025/2025-06-28_28_June_2025_Daily_RE_Generation_Report.xlsx,ok,70,all+ctrl,False,2025-06-28,2025-06-28,xlsx,False,True
2025/2025-06-29_29_June_2025_Daily_RE_Generation_Report.xlsx,ok,70,all+ctrl,False,2025-06-29,2025-06-29,xlsx,False,True
2025/2025-06-30_30_June_2025_Daily_RE_Generation_Report.xlsx,ok,70,all+ctrl,False,2025-06-30,2025-06-30,xlsx,False,True
2025/2025-07-01_1_Jul_2025_Daily_RE_Generation_Report.xlsx,ok,70,all+ctrl,False,2025-07-01,2025-07-01,xlsx,False,True
2025/2025-07-02_2_Jul_2025_Daily_RE_Generation_Report.xlsx,ok,70,all+ctrl,False,2025-07-02,2025-07-02,xlsx,False,True
2025/2025-07-03_3_Jul_2025_Daily_RE_Generation_Report.xlsx,ok,70,all+ctrl,False,2025-07-03,2025-07-03,xlsx,False,True
2025/2025-07-04_4_July_2025_Daily_RE_Generation_Report.xlsx,ok,70,all+ctrl,False,2025-07-04,2025-07-04,xlsx,False,True
2025/2025-07-05_5_July_2025_Daily_RE_Generation_Report.xlsx,ok,70,all+ctrl,False,2025-07-05,2025-07-05,xlsx,False,True
2025/2025-07-06_6_July_2025_Daily_RE_Generation_Report.xlsx,ok,70,all+ctrl,False,2025-07-06,2025-07-06,xlsx,False,True
2025/2025-07-07_7_July_2025_Daily_RE_Generation_Report.xlsx,ok,70,all+ctrl,False,2025-07-07,2025-07-07,xlsx,False,True
2025/2025-07-08_8_July_2025_Daily_RE_Generation_Report.xlsx,ok,70,all+ctrl,False,2025-07-08,2025-07-08,xlsx,False,True
2025/2025-07-09_9_July_2025_Daily_RE_Generation_Report.xlsx,ok,70,all+ctrl,False,2025-07-09,2025-07-09,xlsx,False,True
2025/2025-07-10_10_Jul_2025_Daily_RE_Generation_Report.xlsx,ok,70,all+ctrl,False,2025-07-10,2025-07-10,xlsx,False,True
2025/2025-07-11_11_Jul_2025_Daily_RE_Generation_Report___Copy.xlsx,ok,70,all+ctrl,False,2025-07-11,2025-07-11,xlsx,False,True
2025/2025-07-12_12_Jul_2025_Daily_RE_Generation_Report___Copy.xlsx,ok,70,all+ctrl,False,2025-07-12,2025-07-12,xlsx,False,True
2025/2025-07-13_13_Jul_2025_Daily_RE_Generation_Report.xlsx,ok,70,all+ctrl,False,2025-07-13,2025-07-13,xlsx,False,True
2025/2025-07-14_14_Jul_2025_Daily_RE_Generation_Report.xlsx,ok,70,all+ctrl,False,2025-07-14,2025-07-14,xlsx,False,True
2025/2025-07-15_15_July_2025_Daily_RE_Generation_Report.xlsx,ok,70,all+ctrl,False,2025-07-15,2025-07-15,xlsx,False,True
2025/2025-07-16_16_July_2025_Daily_RE_Generation_Report.xlsx,ok,70,all+ctrl,False,2025-07-16,2025-07-16,xlsx,False,True
2025/2025-07-17_17_July_2025_Daily_RE_Generation_Report.xlsx,ok,70,all+ctrl,False,2025-07-17,2025-07-17,xlsx,False,True
2025/2025-07-18_18_Jul_2025_Daily_RE_Generation_Report.xlsx,ok,70,all+ctrl,False,2025-07-18,2025-07-18,xlsx,False,True
2025/2025-07-19_19_Jul_2025_Daily_RE_Generation_Report.xlsx,ok,70,all+ctrl,False,2025-07-19,2025-07-19,xlsx,False,True
2025/2025-07-20_20_Jul_2025_Daily_RE_Generation_Report.xlsx,ok,70,all+ctrl,False,2025-07-20,2025-07-20,xlsx,False,True
2025/2025-07-21_21_July_2025_Daily_RE_Generation_Report.xlsx,ok,70,all+ctrl,False,2025-07-21,2025-07-21,xlsx,False,True
2025/2025-07-22_22_July_2025_Daily_RE_Generation_Report-1.xlsx,ok,70,all+ctrl,False,2025-07-22,2025-07-22,xlsx,False,True
2025/2025-07-23_23_July_2025_Daily_RE_Generation_Report.xlsx,ok,70,all+ctrl,False,2025-07-23,2025-07-23,xlsx,False,True
2025/2025-07-24_24_July_2025_Daily_RE_Generation_Report.xlsx,ok,70,all+ctrl,False,2025-07-24,2025-07-24,xlsx,False,True
2025/2025-07-25_25_July_2025_Daily_RE_Generation_Report.xlsx,ok,70,all+ctrl,False,2025-07-25,2025-07-25,xlsx,False,True
2025/2025-07-26_26_July_2025_Daily_RE_Generation_Report.xlsx,ok,70,all+ctrl,False,2025-07-26,2025-07-26,xlsx,False,True
2025/2025-07-27_27_July_2025_Daily_RE_Generation_Report.xlsx,ok,70,all+ctrl,False,2025-07-27,2025-07-27,xlsx,False,True
2025/2025-07-28_28_July_2025_Daily_RE_Generation_Report.xlsx,ok,70,all+ctrl,False,2025-07-28,2025-07-28,xlsx,False,True
2025/2025-07-29_29_july_2025_Daily_RE_Generation_Report.xlsx,ok,70,all+ctrl,False,2025-07-29,2025-07-29,xlsx,False,True
2025/2025-07-30_30_July_2025_Daily_RE_Generation_Report.xlsx,ok,70,all+ctrl,False,2025-07-30,2025-07-30,xlsx,False,True
2025/2025-07-31_31_July_2025_Daily_RE_Generation_Report.xlsx,ok,70,all+ctrl,False,2025-07-31,2025-07-31,xlsx,False,True
2025/2025-08-01_1_Aug_2025_Daily_RE_Generation_Report.xlsx,ok,70,all+ctrl,False,2025-08-01,2025-08-01,xlsx,False,True
2025/2025-08-02_2_Aug_2025_Daily_RE_Generation_Report.xlsx,ok,70,all+ctrl,False,2025-08-02,2025-08-02,xlsx,False,True
2025/2025-08-03_3_Aug_2025_Daily_RE_Generation_Report.xlsx,ok,70,all+ctrl,False,2025-08-03,2025-08-03,xlsx,False,True
2025/2025-08-04_4_Aug_2025_Daily_RE_Generation_Report.xlsx,ok,70,all+ctrl,False,2025-08-04,2025-08-04,xlsx,False,True
2025/2025-08-05_5_Aug_2025_Daily_RE_Generation_Report.xlsx,ok,70,all+ctrl,False,2025-08-05,2025-08-05,xlsx,False,True
2025/2025-08-06_6_Aug_2025_Daily_RE_Generation_Report.xlsx,ok,70,all+ctrl,False,2025-08-06,2025-08-06,xlsx,False,True
2025/2025-08-07_7_Aug_2025_Daily_RE_Generation_Report.xlsx,ok,70,all+ctrl,False,2025-08-07,2025-08-07,xlsx,False,True
2025/2025-08-08_8_Aug_2025_Daily_RE_Generation_Report.xlsx,ok,70,all+ctrl,False,2025-08-08,2025-08-08,xlsx,False,True
2025/2025-08-09_9_Aug_2025_Daily_RE_Generation_Report.xlsx,ok,70,all+ctrl,False,2025-08-09,2025-08-09,xlsx,False,True
2025/2025-08-10_10_Aug_2025_Daily_RE_Generation_Report.xlsx,ok,70,all+ctrl,False,2025-08-10,2025-08-10,xlsx,False,True
2025/2025-08-11_11_Aug_2025_Daily_RE_Generation_Report.xlsx,ok,70,all+ctrl,False,2025-08-11,2025-08-11,xlsx,False,True
2025/2025-08-12_12_Aug_2025_Daily_RE_Generation_Report.xlsx,ok,70,all+ctrl,False,2025-08-12,2025-08-12,xlsx,False,True
2025/2025-08-13_13_Aug_2025_Daily_RE_Generation_Report.xlsx,ok,70,all+ctrl,False,2025-08-13,2025-08-13,xlsx,False,True
2025/2025-08-14_14_Aug_2025_Daily_RE_Generation_Report.xlsx,ok,70,all+ctrl,False,2025-08-14,2025-08-14,xlsx,False,True
2025/2025-08-15_15_Aug_2025_Daily_RE_Generation_Report.xlsx,ok,70,all+ctrl,False,2025-08-15,2025-08-15,xlsx,False,True
2025/2025-08-16_16_Aug_2025_Daily_RE_Generation_Report.xlsx,ok,70,all+ctrl,False,2025-08-16,2025-08-16,xlsx,False,True
2025/2025-08-17_17_Aug_2025_Daily_RE_Generation_Report.xlsx,ok,70,all+ctrl,False,2025-08-17,2025-08-17,xlsx,False,True
2025/2025-08-18_18_Aug_2025_Daily_RE_Generation_Report.xlsx,ok,70,all+ctrl,False,2025-08-18,2025-08-18,xlsx,False,True
2025/2025-08-19_19_Aug_2025_Daily_RE_Generation_Report.xlsx,ok,70,all+ctrl,False,2025-08-19,2025-08-19,xlsx,False,True
2025/2025-08-20_20_Aug_2025_Daily_RE_Generation_Report.xlsx,ok,70,all+ctrl,False,2025-08-20,2025-08-20,xlsx,False,True
2025/2025-08-21_21_Aug_2025_Daily_RE_Generation_Report.xlsx,ok,70,all+ctrl,False,2025-08-21,2025-08-21,xlsx,False,True
2025/2025-08-22_22_Aug_2025_Daily_RE_Generation_Report.xlsx,ok,70,all+ctrl,False,2025-08-22,2025-08-22,xlsx,False,True
2025/2025-08-23_23_Aug_2025_Daily_RE_Generation_Report.xlsx,ok,70,all+ctrl,False,2025-08-23,2025-08-23,xlsx,False,True
2025/2025-08-24_24_Aug_2025_Daily_RE_Generation_Report.xlsx,ok,70,all+ctrl,False,2025-08-24,2025-08-24,xlsx,False,True
2025/2025-08-25_25_Aug_2025_Daily_Re_Generation_Report.xlsx,ok,70,all+ctrl,False,2025-08-25,2025-08-25,xlsx,False,True
2025/2025-08-26_26_Aug_2025_Daily_RE_Generation_Report.xlsx,ok,70,all+ctrl,False,2025-08-26,2025-08-26,xlsx,False,True
2025/2025-08-27_27_Aug_2025_Daily_RE_Generation_Report.xlsx,ok,70,all+ctrl,False,2025-08-27,2025-08-27,xlsx,False,True
2025/2025-08-28_28_Aug_2025_Daily_RE_Generation_Report.xlsx,ok,70,all+ctrl,False,2025-08-28,2025-08-28,xlsx,False,True
2025/2025-08-29_29_Aug_2025_Daily_RE_Generation_Report.xlsx,ok,70,all+ctrl,False,2025-08-29,2025-08-29,xlsx,False,True
2025/2025-08-30_30_Aug_2025_Daily_RE_Generation_Report.xlsx,ok,70,all+ctrl,False,2025-08-30,2025-08-30,xlsx,False,True
2025/2025-08-31_31_Aug_2025_Daily_RE_Generation_Report.xlsx,ok,70,all+ctrl,False,2025-08-31,2025-08-31,xlsx,False,True
2025/2025-09-01_1_Sep_2025_Daily_RE_Generation_Report.xlsx,ok,70,all+ctrl,False,2025-09-01,2025-09-01,xlsx,False,True
2025/2025-09-02_2_Sept_2025_Daily_RE_Generation_Report.xlsx,ok,70,all+ctrl,False,2025-09-02,2025-09-02,xlsx,False,True
2025/2025-09-03_3_Sept_2025_Daily_RE_Generation_Report.xlsx,ok,70,all+ctrl,False,2025-09-03,2025-09-03,xlsx,False,True
2025/2025-09-04_4_Sep_2025_Daily_RE_Generation_Report.xlsx,ok,70,all+ctrl,False,2025-09-04,2025-09-04,xlsx,False,True
2025/2025-09-05_5_Sep_2025_Daily_RE_Generation_Report.xlsx,ok,70,all+ctrl,False,2025-09-05,2025-09-05,xlsx,False,True
2025/2025-09-06_6_Sep_2025_Daily_RE_Generation_Report.xlsx,ok,70,all+ctrl,False,2025-09-06,2025-09-06,xlsx,False,True
2025/2025-09-07_7_Sep_2025_Daily_RE_Generation_Report.xlsx,ok,70,all+ctrl,False,2025-09-07,2025-09-07,xlsx,False,True
2025/2025-09-08_8_Sept_2025_Daily_RE_Generation_Report.xlsx,ok,70,all+ctrl,False,2025-09-08,2025-09-08,xlsx,False,True
2025/2025-09-09_9_Sep_2025_Daily_Re_Generation_Report.xlsx,ok,70,all+ctrl,False,2025-09-09,2025-09-09,xlsx,False,True
2025/2025-09-10_10_Sep_2025_DAily_RE_Generation_Report.xlsx,ok,70,all+ctrl,False,2025-09-10,2025-09-10,xlsx,False,True
2025/2025-09-11_11_Sep_2025_Daily_RE_Generation_Report.xlsx,ok,70,all+ctrl,False,2025-09-11,2025-09-11,xlsx,False,True
2025/2025-09-12_12_Sept_2025_Daily_RE_Generation_Report.xlsx,ok,70,all+ctrl,False,2025-09-12,2025-09-12,xlsx,False,True
2025/2025-09-13_13_Sept_2025_Daily_RE_Generation_Report.xlsx,ok,70,all+ctrl,False,2025-09-13,2025-09-13,xlsx,False,True
2025/2025-09-14_14_Sept_2025_Daily_RE_Generation_Report.xlsx,ok,70,all+ctrl,False,2025-09-14,2025-09-14,xlsx,False,True
2025/2025-09-15_15_Sept_2025_Daily_RE_Generation_Report.xlsx,ok,70,all+ctrl,False,2025-09-15,2025-09-15,xlsx,False,True
2025/2025-09-16_16_Sep_2025_Daily_RE_Generation_Report.xlsx,ok,70,all+ctrl,False,2025-09-16,2025-09-16,xlsx,False,True
2025/2025-09-17_17_Sep_2025_Daily_RE_Generation_Report.xlsx,ok,70,all+ctrl,False,2025-09-17,2025-09-17,xlsx,False,True
2025/2025-09-18_18_Sept_2025_Daily_RE_Generation_Report.xlsx,ok,70,all+ctrl,False,2025-09-18,2025-09-18,xlsx,False,True
2025/2025-09-19_19_Sep_2025_Daily_RE_Generation_Report.xlsx,ok,70,all+ctrl,False,2025-09-19,2025-09-19,xlsx,False,True
2025/2025-09-20_20_Sep_2025_Daily_RE_Generation_Report.xlsx,ok,70,all+ctrl,False,2025-09-20,2025-09-20,xlsx,False,True
2025/2025-09-21_21_Sep_2025_Daily_RE_Generation_Report.xlsx,ok,70,all+ctrl,False,2025-09-21,2025-09-21,xlsx,False,True
2025/2025-09-22_22_Sep_2025_Daily_RE_Generation_Report.xlsx,ok,70,all+ctrl,False,2025-09-22,2025-09-22,xlsx,False,True
2025/2025-09-23_23_Sep_2025_Daily_RE_Generation_Report.xlsx,ok,70,all+ctrl,False,2025-09-23,2025-09-23,xlsx,False,True
2025/2025-09-24_24_Sep_2025_Daily_RE_Generation_Report.xlsx,ok,70,all+ctrl,False,2025-09-24,2025-09-24,xlsx,False,True
2025/2025-09-25_25_Sep_2025_Daily_RE_Generation_Report.xlsx,ok,70,all+ctrl,False,2025-09-25,2025-09-25,xlsx,False,True
2025/2025-09-26_26_Sep_2025_Daily_RE_Generation_Report.xlsx,ok,70,all+ctrl,False,2025-09-26,2025-09-26,xlsx,False,True
2025/2025-09-27_27_Sep_2025_Daily_RE_Generation_Report.xlsx,ok,70,all+ctrl,False,2025-09-27,2025-09-27,xlsx,False,True
2025/2025-09-28_28_Sep_2025_Daily_RE_Generation_Report.xlsx,ok,70,all+ctrl,False,2025-09-28,2025-09-28,xlsx,False,True
2025/2025-09-29_29_Sep_2025_Daily_RE_Generation_Report.xlsx,ok,70,all+ctrl,False,2025-09-29,2025-09-29,xlsx,False,True
2025/2025-09-30_30_Sep_2025_Daily_RE_Generation_Report.xlsx,ok,70,all+ctrl,False,2025-09-30,2025-09-30,xlsx,False,True
2025/2025-10-01_1_Oct_2025_Daily_RE_Generation_Report.xlsx,ok,70,all+ctrl,False,2025-10-01,2025-10-01,xlsx,False,True
2025/2025-10-02_2_Oct_2025_Daily_RE_Generation_Report.xlsx,ok,70,all+ctrl,False,2025-10-02,2025-10-02,xlsx,False,True
2025/2025-10-03_3_Oct_2025_Daily_RE_Generation_Report.xlsx,ok,70,all+ctrl,False,2025-10-03,2025-10-03,xlsx,False,True
2025/2025-10-04_4_Oct_2025_Daily_RE_Generation_Report.xlsx,ok,70,all+ctrl,False,2025-10-04,2025-10-04,xlsx,False,True
2025/2025-10-05_5_Oct_2025_Daily_RE_Generation_Report.xlsx,ok,70,all+ctrl,False,2025-10-05,2025-10-05,xlsx,False,True
2025/2025-10-06_6_Oct_2025_Daily_RE_Generation_Report.xlsx,ok,70,all+ctrl,False,2025-10-06,2025-10-06,xlsx,False,True
2025/2025-10-07_7_Oct_2025_Daily_RE_Generation_Report_1.xlsx,ok,70,all+ctrl,False,2025-10-07,2025-10-07,xlsx,False,True
2025/2025-10-08_8_Oct_2025_Daily_RE_Generation_Report.xlsx,ok,70,all+ctrl,False,2025-10-08,2025-10-08,xlsx,False,True
2025/2025-10-09_9_Oct_2025_Daily_RE_Generation_Report.xlsx,ok,70,all+ctrl,False,2025-10-09,2025-10-09,xlsx,False,True
2025/2025-10-10_10_Oct_2025_Daily_RE_Generation_Report.xlsx,ok,70,all+ctrl,False,2025-10-10,2025-10-10,xlsx,False,True
2025/2025-10-11_11_Oct_2025_Daily_RE_Generation_Report.xlsx,ok,70,all+ctrl,False,2025-10-11,2025-10-11,xlsx,False,True
2025/2025-10-12_12_Oct_2025_Daily_RE_Generation_Report.xlsx,ok,70,all+ctrl,False,2025-10-12,2025-10-12,xlsx,False,True
2025/2025-10-13_13_Oct_2025_Daily_RE_Generation_Report.xlsx,ok,70,all+ctrl,False,2025-10-13,2025-10-13,xlsx,False,True
2025/2025-10-14_14_Oct_2025_Daily_RE_Generation_Report.xlsx,few_states:0,0,,False,2025-10-14,,xlsx,False,False
2025/2025-10-15_15_Oct_2025_Daily_RE_Generation_Report.xlsx,ok,70,all+ctrl,False,2025-10-15,2025-10-15,xlsx,False,True
2025/2025-10-16_16_Oct_2025_Daily_RE_Generation_Report.xlsx,ok,70,all+ctrl,False,2025-10-16,2025-10-16,xlsx,False,True
2025/2025-10-17_17_Oct_2025_Daily_RE_Generation_Report.xlsx,ok,70,all+ctrl,False,2025-10-17,2025-10-17,xlsx,False,True
2025/2025-10-18_18_Oct_2025_Daily_RE_Generation_Report.xlsx,ok,70,all+ctrl,False,2025-10-18,2025-10-18,xlsx,False,True
2025/2025-10-19_19_Oct_2025_Daily_RE_Generation_Report.xlsx,ok,70,all+ctrl,False,2025-10-19,2025-10-19,xlsx,False,True
2025/2025-10-20_20_Oct_2025_Daily_RE_Generation_Report.xlsx,ok,70,all+ctrl,False,2025-10-20,2025-10-20,xlsx,False,True
2025/2025-10-21_21_Oct_2025_Daily_RE_Generation_Report.xlsx,ok,70,all+ctrl,False,2025-10-21,2025-10-21,xlsx,False,True
2025/2025-10-22_22_Oct_2025_Daily_RE_Generation_Report.xlsx,ok,70,all+ctrl,False,2025-10-22,2025-10-22,xlsx,False,True
2025/2025-10-23_23_Oct_2025_Daily_RE_Generation_Report.xlsx,ok,70,all+ctrl,False,2025-10-23,2025-10-23,xlsx,False,True
2025/2025-10-24_24_Oct_2025_Daily_RE_Generation_Report.xlsx,ok,70,all+ctrl,False,2025-10-24,2025-10-24,xlsx,False,True
2025/2025-10-25_25_Oct_2025_Daily_RE_Generation_Report.xlsx,ok,70,all+ctrl,False,2025-10-25,2025-10-25,xlsx,False,True
2025/2025-10-26_26_Oct_2025_Daily_RE_Generation_Report.xlsx,ok,70,all+ctrl,False,2025-10-26,2025-10-26,xlsx,False,True
2025/2025-10-27_27_Oct_2025_Daily_RE_Generation_Report.xlsx,ok,70,all+ctrl,False,2025-10-27,2025-10-27,xlsx,False,True
2025/2025-10-28_28_Oct_2025_Dailly_RE_Generation_Report.xlsx,ok,70,all+ctrl,False,2025-10-28,2025-10-28,xlsx,False,True
2025/2025-10-29_29_Oct_2025_Daily_RE_Generation_Report.xlsx,ok,70,all+ctrl,False,2025-10-29,2025-10-29,xlsx,False,True
2025/2025-10-30_30_Oct_2025_Daily_RE_Generation_Report.xlsx,ok,70,all+ctrl,False,2025-10-30,2025-10-30,xlsx,False,True
2025/2025-10-31_31_Oct_2025_Daily_RE_Generation_Report.xlsx,ok,70,all+ctrl,False,2025-10-31,2025-10-31,xlsx,False,True
2025/2025-11-01_1_Nov_2025_Daily_RE_Generation_Report.xlsx,ok,70,all+ctrl,False,2025-11-01,2025-11-01,xlsx,False,True
2025/2025-11-02_2_Nov_2025_Daily_RE_Generation_Report.xlsx,ok,70,all+ctrl,False,2025-11-02,2025-11-02,xlsx,False,True
2025/2025-11-03_03_Nov_2025_Daily_RE_Generation_Report.xlsx,ok,70,all+ctrl,False,2025-11-03,2025-11-03,xlsx,False,True
2025/2025-11-04_4_Nov_2025_Daily_RE_Generation_Report.xlsx,ok,70,all+ctrl,False,2025-11-04,2025-11-04,xlsx,False,True
2025/2025-11-05_5_Nov_2025_Daily_RE_Generation_Report.xlsx,ok,70,all+ctrl,False,2025-11-05,2025-11-05,xlsx,False,True
2025/2025-11-06_6_Nov_2025_Daily_RE_Generation_Report.xlsx,ok,70,all+ctrl,False,2025-11-06,2025-11-06,xlsx,False,True
2025/2025-11-07_7_Nov_2025_Daily_RE_Generation_Report.xlsx,ok,70,all+ctrl,False,2025-11-07,2025-11-07,xlsx,False,True
2025/2025-11-08_8_Nov_2025_Daily_RE_Generation_Report.xlsx,ok,70,all+ctrl,False,2025-11-08,2025-11-08,xlsx,False,True
2025/2025-11-09_9_Nov_2025_Daily_RE_Generatiion_Report.xlsx,ok,70,all+ctrl,False,2025-11-09,2025-11-09,xlsx,False,True
2025/2025-11-10_10_Nov_2025_Daily_RE_Generation_Report.xlsx,ok,70,all+ctrl,False,2025-11-10,2025-11-10,xlsx,False,True
2025/2025-11-11_11_Nov_2025_Daily_RE_Generation_Report.xlsx,ok,70,all+ctrl,False,2025-11-11,2025-11-11,xlsx,False,True
2025/2025-11-12_12_Nov_2025_Daily_RE_Generation_Report.xlsx,ok,70,all+ctrl,False,2025-11-12,2025-11-12,xlsx,False,True
2025/2025-11-13_13_Nov_2025_Daily_RE_Generation_Report.xlsx,ok,70,all+ctrl,False,2025-11-13,2025-11-13,xlsx,False,True
2025/2025-11-14_14_Nov_2025_Daily_RE_Generation_Report.xlsx,ok,70,all+ctrl,False,2025-11-14,2025-11-14,xlsx,False,True
2025/2025-11-15_15_Nov_2025_Daily_RE_Generation_Report.xlsx,ok,70,all+ctrl,False,2025-11-15,2025-11-15,xlsx,False,True
2025/2025-11-16_16_Nov_2025_Daily_RE_Generation_Report.xlsx,ok,70,all+ctrl,False,2025-11-16,2025-11-16,xlsx,False,True
2025/2025-11-17_17_Nov_2025_Daily_RE_Generation_Report.xlsx,ok,70,all+ctrl,False,2025-11-17,2025-11-17,xlsx,False,True
2025/2025-11-18_18_Nov_2025_Daily_RE_Generation_Report.xlsx,ok,70,all+ctrl,False,2025-11-18,2025-11-18,xlsx,False,True
