m,phi,kappa,frac,seed,tau,dV,realised,energy_V,prod_VT,persistence,oracle_pred,part_interleaved_G,part_contiguous_G,nested_G,axis
0.0,0.0,1.0,0.25,900,0.0,468.3818396237283,-39.9625492814749,0.0,0.0,,-468.3818396237283,-325.71443255111853,-1793.9102611334101,-8744.264522217205,unit
0.0,0.0,1.0,0.25,901,0.0,392.4383866473006,14.225075505557953,0.0,0.0,,-392.4383866473006,-936.7976272574098,-1662.5923125946606,-3746.8012120754456,unit
0.0,0.0,1.0,1.0,900,0.0,114.04912904451429,-81.91005382286085,0.0,0.0,,-114.04912904451429,-159.51745336797956,-1656.9767317782084,-2872.908757049495,unit
0.0,0.0,1.0,1.0,901,0.0,114.04912904451429,-81.91005382286085,0.0,0.0,,-114.04912904451429,-159.51745336797956,-1656.9767317782084,-2872.908757049495,unit
0.0,0.0,2.0,0.25,900,0.0,1873.5273584949146,-159.85019712591213,0.0,0.0,,-1873.5273584949146,-1302.8577302045328,-7175.641044533725,-34977.05808886816,unit
0.0,0.0,2.0,0.25,901,0.0,1569.7535465892033,56.90030202210646,0.0,0.0,,-1569.7535465892033,-3747.1905090296723,-6650.369250378345,-14969.986179836886,unit
0.0,0.0,2.0,1.0,900,0.0,456.19651617805897,-327.64021529059215,0.0,0.0,,-456.19651617805897,-638.0698134718416,-6627.906927112779,-11491.635028198369,unit
0.0,0.0,2.0,1.0,901,0.0,456.19651617805897,-327.64021529059215,0.0,0.0,,-456.19651617805897,-638.0698134718416,-6627.906927112779,-11491.635028198369,unit
0.0,0.39269908169872414,1.0,0.25,900,0.0,468.3818396237283,-39.9625492814749,0.0,0.0,,-468.3818396237283,-325.71443255111853,-1793.9102611334101,-8744.264522217205,unit
0.0,0.39269908169872414,1.0,0.25,901,0.0,392.4383866473006,14.225075505557953,0.0,0.0,,-392.4383866473006,-936.7976272574098,-1662.5923125946606,-3746.8012120754456,unit
0.0,0.39269908169872414,1.0,1.0,900,0.0,114.04912904451429,-81.91005382286085,0.0,0.0,,-114.04912904451429,-159.51745336797956,-1656.9767317782084,-2872.908757049495,unit
0.0,0.39269908169872414,1.0,1.0,901,0.0,114.04912904451429,-81.91005382286085,0.0,0.0,,-114.04912904451429,-159.51745336797956,-1656.9767317782084,-2872.908757049495,unit
0.0,0.39269908169872414,2.0,0.25,900,0.0,1873.5273584949146,-159.85019712591213,0.0,0.0,,-1873.5273584949146,-1302.8577302045328,-7175.641044533725,-34977.05808886816,unit
0.0,0.39269908169872414,2.0,0.25,901,0.0,1569.7535465892033,56.90030202210646,0.0,0.0,,-1569.7535465892033,-3747.1905090296723,-6650.369250378345,-14969.986179836886,unit
0.0,0.39269908169872414,2.0,1.0,900,0.0,456.19651617805897,-327.64021529059215,0.0,0.0,,-456.19651617805897,-638.0698134718416,-6627.906927112779,-11491.635028198369,unit
0.0,0.39269908169872414,2.0,1.0,901,0.0,456.19651617805897,-327.64021529059215,0.0,0.0,,-456.19651617805897,-638.0698134718416,-6627.906927112779,-11491.635028198369,unit
0.0,0.7853981633974483,1.0,0.25,900,0.0,468.3818396237283,-39.9625492814749,0.0,0.0,,-468.3818396237283,-325.71443255111853,-1793.9102611334101,-8744.264522217205,unit
0.0,0.7853981633974483,1.0,0.25,901,0.0,392.4383866473006,14.225075505557953,0.0,0.0,,-392.4383866473006,-936.7976272574098,-1662.5923125946606,-3746.8012120754456,unit
0.0,0.7853981633974483,1.0,1.0,900,0.0,114.04912904451429,-81.91005382286085,0.0,0.0,,-114.04912904451429,-159.51745336797956,-1656.9767317782084,-2872.908757049495,unit
0.0,0.7853981633974483,1.0,1.0,901,0.0,114.04912904451429,-81.91005382286085,0.0,0.0,,-114.04912904451429,-159.51745336797956,-1656.9767317782084,-2872.908757049495,unit
0.0,0.7853981633974483,2.0,0.25,900,0.0,1873.5273584949146,-159.85019712591213,0.0,0.0,,-1873.5273584949146,-1302.8577302045328,-7175.641044533725,-34977.05808886816,unit
0.0,0.7853981633974483,2.0,0.25,901,0.0,1569.7535465892033,56.90030202210646,0.0,0.0,,-1569.7535465892033,-3747.1905090296723,-6650.369250378345,-14969.986179836886,unit
0.0,0.7853981633974483,2.0,1.0,900,0.0,456.19651617805897,-327.64021529059215,0.0,0.0,,-456.19651617805897,-638.0698134718416,-6627.906927112779,-11491.635028198369,unit
0.0,0.7853981633974483,2.0,1.0,901,0.0,456.19651617805897,-327.64021529059215,0.0,0.0,,-456.19651617805897,-638.0698134718416,-6627.906927112779,-11491.635028198369,unit
0.0,1.1780972450961724,1.0,0.25,900,0.0,468.3818396237283,-39.9625492814749,0.0,0.0,,-468.3818396237283,-325.71443255111853,-1793.9102611334101,-8744.264522217205,unit
0.0,1.1780972450961724,1.0,0.25,901,0.0,392.4383866473006,14.225075505557953,0.0,0.0,,-392.4383866473006,-936.7976272574098,-1662.5923125946606,-3746.8012120754456,unit
0.0,1.1780972450961724,1.0,1.0,900,0.0,114.04912904451429,-81.91005382286085,0.0,0.0,,-114.04912904451429,-159.51745336797956,-1656.9767317782084,-2872.908757049495,unit
0.0,1.1780972450961724,1.0,1.0,901,0.0,114.04912904451429,-81.91005382286085,0.0,0.0,,-114.04912904451429,-159.51745336797956,-1656.9767317782084,-2872.908757049495,unit
0.0,1.1780972450961724,2.0,0.25,900,0.0,1873.5273584949146,-159.85019712591213,0.0,0.0,,-1873.5273584949146,-1302.8577302045328,-7175.641044533725,-34977.05808886816,unit
0.0,1.1780972450961724,2.0,0.25,901,0.0,1569.7535465892033,56.90030202210646,0.0,0.0,,-1569.7535465892033,-3747.1905090296723,-6650.369250378345,-14969.986179836886,unit
0.0,1.1780972450961724,2.0,1.0,900,0.0,456.19651617805897,-327.64021529059215,0.0,0.0,,-456.19651617805897,-638.0698134718416,-6627.906927112779,-11491.635028198369,unit
0.0,1.1780972450961724,2.0,1.0,901,0.0,456.19651617805897,-327.64021529059215,0.0,0.0,,-456.19651617805897,-638.0698134718416,-6627.906927112779,-11491.635028198369,unit
0.0,1.5707963267948966,1.0,0.25,900,0.0,468.3818396237283,-39.9625492814749,0.0,0.0,,-468.3818396237283,-325.71443255111853,-1793.9102611334101,-8744.264522217205,unit
0.0,1.5707963267948966,1.0,0.25,901,0.0,392.4383866473006,14.225075505557953,0.0,0.0,,-392.4383866473006,-936.7976272574098,-1662.5923125946606,-3746.8012120754456,unit
0.0,1.5707963267948966,1.0,1.0,900,0.0,114.04912904451429,-81.91005382286085,0.0,0.0,,-114.04912904451429,-159.51745336797956,-1656.9767317782084,-2872.908757049495,unit
0.0,1.5707963267948966,1.0,1.0,901,0.0,114.04912904451429,-81.91005382286085,0.0,0.0,,-114.04912904451429,-159.51745336797956,-1656.9767317782084,-2872.908757049495,unit
0.0,1.5707963267948966,2.0,0.25,900,0.0,1873.5273584949146,-159.85019712591213,0.0,0.0,,-1873.5273584949146,-1302.8577302045328,-7175.641044533725,-34977.05808886816,unit
0.0,1.5707963267948966,2.0,0.25,901,0.0,1569.7535465892033,56.90030202210646,0.0,0.0,,-1569.7535465892033,-3747.1905090296723,-6650.369250378345,-14969.986179836886,unit
0.0,1.5707963267948966,2.0,1.0,900,0.0,456.19651617805897,-327.64021529059215,0.0,0.0,,-456.19651617805897,-638.0698134718416,-6627.906927112779,-11491.635028198369,unit
0.0,1.5707963267948966,2.0,1.0,901,0.0,456.19651617805897,-327.64021529059215,0.0,0.0,,-456.19651617805897,-638.0698134718416,-6627.906927112779,-11491.635028198369,unit
0.0,2.356194490192345,1.0,0.25,900,0.0,468.3818396237283,-39.9625492814749,0.0,0.0,,-468.3818396237283,-325.71443255111853,-1793.9102611334101,-8744.264522217205,unit
0.0,2.356194490192345,1.0,0.25,901,0.0,392.4383866473006,14.225075505557953,0.0,0.0,,-392.4383866473006,-936.7976272574098,-1662.5923125946606,-3746.8012120754456,unit
0.0,2.356194490192345,1.0,1.0,900,0.0,114.04912904451429,-81.91005382286085,0.0,0.0,,-114.04912904451429,-159.51745336797956,-1656.9767317782084,-2872.908757049495,unit
0.0,2.356194490192345,1.0,1.0,901,0.0,114.04912904451429,-81.91005382286085,0.0,0.0,,-114.04912904451429,-159.51745336797956,-1656.9767317782084,-2872.908757049495,unit
0.0,2.356194490192345,2.0,0.25,900,0.0,1873.5273584949146,-159.85019712591213,0.0,0.0,,-1873.5273584949146,-1302.8577302045328,-7175.641044533725,-34977.05808886816,unit
0.0,2.356194490192345,2.0,0.25,901,0.0,1569.7535465892033,56.90030202210646,0.0,0.0,,-1569.7535465892033,-3747.1905090296723,-6650.369250378345,-14969.986179836886,unit
0.0,2.356194490192345,2.0,1.0,900,0.0,456.19651617805897,-327.64021529059215,0.0,0.0,,-456.19651617805897,-638.0698134718416,-6627.906927112779,-11491.635028198369,unit
0.0,2.356194490192345,2.0,1.0,901,0.0,456.19651617805897,-327.64021529059215,0.0,0.0,,-456.19651617805897,-638.0698134718416,-6627.906927112779,-11491.635028198369,unit
0.5,0.0,1.0,0.25,900,15.303297677685817,468.3818396237283,18.766852676807975,239.95054923022045,157.42526529157706,0.6560737860222002,-393.48185827079465,-62.12302753263643,-1398.7701737638804,-7658.975790204706,unit
0.5,0.0,1.0,0.25,901,14.007826145539154,392.4383866473006,-27.132066557824274,186.51426221440403,126.90243787691843,0.6803899946859832,-325.1477731078678,-945.3054761538954,-208.75995942023016,-3128.8636604728417,unit
0.5,0.0,1.0,1.0,900,7.551461085264039,114.04912904451429,-111.25134317688277,57.024564522257116,38.33243067350643,0.6722090908479449,-94.40883221975855,-258.70885868505985,-1534.580173520241,-2763.5961360778533,unit
0.5,0.0,1.0,1.0,901,7.551461085264039,114.04912904451429,-108.03361105439082,57.02456452225711,36.879961303315795,0.6467381489414317,-97.3137709601398,-274.8683105061827,-1462.5457551581371,-2644.176026529342,unit
0.5,0.0,2.0,0.25,900,30.606595355371645,1873.5273584949146,75.06741070722565,959.8021969208827,629.7010611663087,0.6560737860222,-1573.92743308318,-248.49211013053684,-5595.080695055447,-30635.90316081776,unit
0.5,0.0,2.0,0.25,901,28.015652291078315,1569.7535465892033,-108.52826623148442,746.0570488576167,507.60975150767416,0.6803899946859833,-1300.5910924314717,-3781.2219046156038,-835.0398376806781,-12491.309400293514,unit
0.5,0.0,2.0,1.0,900,15.102922170528108,456.19651617805897,-445.0053727069376,228.09825808902943,153.32972269402632,0.6722090908479447,-377.6353288790358,-1034.8354347402467,-6138.320694081005,-11054.38454431146,unit
0.5,0.0,2.0,1.0,901,15.102922170528108,456.19651617805897,-432.1344442172021,228.09825808902934,147.51984521326375,0.6467381489414316,-389.2550838405608,-1099.4732420247396,-5850.183020632336,-10576.70410611764,unit
0.5,0.39269908169872414,1.0,0.25,900,15.303297677685817,468.3818396237283,-31.52341855840888,238.30031409500634,143.03575736998616,0.6002331885847209,-420.6106389787623,-55.51759290336176,-1458.7230160844267,-7794.523490150492,unit
0.5,0.39269908169872414,1.0,0.25,901,14.007826145539154,392.4383866473006,-97.48812396437637,185.19409960257525,100.60016029594863,0.5432147164074643,-376.4321656579786,-971.8968683417058,-67.65542412490944,-3107.8310881853736,unit
0.5,0.39269908169872414,1.0,1.0,900,7.551461085264039,114.04912904451429,-130.82469126395486,56.29553324360893,34.94720291544408,0.6207810975733414,-100.45025645723506,-277.14119008527865,-1578.3931240852462,-2812.690749815278,unit
0.5,0.39269908169872414,1.0,1.0,901,7.551461085264039,114.04912904451429,-121.25423535700288,56.29542678548145,29.339512074761412,0.5211704351503034,-111.66553168047292,-277.052425043835,-1429.5561786892906,-2633.3800871286526,unit
0.5,0.39269908169872414,2.0,0.25,900,30.606595355371645,1873.5273584949146,-126.09367423363776,953.2012563800258,572.1430294799449,0.6002331885847209,-1682.4425559150507,-222.07037161343942,-5834.892064337701,-31178.093960601527,unit
0.5,0.39269908169872414,2.0,0.25,901,28.015652291078315,1569.7535465892033,-389.9524958577578,740.7763984103015,402.40064118379473,0.5432147164074643,-1505.7286626319153,-3887.5874733668325,-270.6216964992959,-12408.434897739457,unit
0.5,0.39269908169872414,2.0,1.0,900,15.102922170528108,456.19651617805897,-523.2987650547938,225.18213297443666,139.78881166177686,0.6207810975733412,-401.8010258289419,-1108.564760340983,-6313.572496340959,-11250.762999260909,unit
0.5,0.39269908169872414,2.0,1.0,901,15.102922170528108,456.19651617805897,-485.016941427169,225.1817071419267,117.35804829904612,0.5211704351503034,-446.6621267218934,-1108.209700175287,-5718.224714757081,-10533.520348514838,unit
0.5,0.7853981633974483,1.0,0.25,900,15.303297677685817,468.3818396237283,-75.28321926755214,230.071543113205,110.05234203865106,0.47833965274228035,-478.34869865963117,-61.47069525537849,-1496.4945793897916,-7834.718817557522,unit
0.5,0.7853981633974483,1.0,0.25,901,14.007826145539154,392.4383866473006,-127.47102191606658,179.5422890386287,65.67761292438614,0.3658058125250678,-440.625449837157,-990.1738028296255,10.341113415530714,-3038.6025837788848,unit
0.5,0.7853981633974483,1.0,1.0,900,7.551461085264039,114.04912904451429,-119.28683504388661,54.15310619840568,27.211940696689524,0.5025000892283197,-113.77835384954092,-286.69199343778064,-1605.2391062758338,-2819.2872566068218,unit
0.5,0.7853981633974483,1.0,1.0,901,7.551461085264039,114.04912904451429,-104.68753947202747,54.15292741929804,19.6070824658871,0.3620687449465545,-128.98789153203813,-270.75858456580175,-1383.3663225817843,-2584.5926622619672,unit
0.5,0.7853981633974483,2.0,0.25,900,30.606595355371645,1873.5273584949146,-301.1328770702192,920.2861724528204,440.20936815460453,0.4783396527422804,-1913.394794638526,-245.88278102148428,-5985.978317559193,-31338.87527022953,unit
0.5,0.7853981633974483,2.0,0.25,901,28.015652291078315,1569.7535465892033,-509.8840876643155,718.1691561545151,262.71045169754467,0.3658058125250678,-1762.501799348629,-3960.695211318525,41.364453661954485,-12133.051066865279,unit
0.5,0.7853981633974483,2.0,1.0,900,15.102922170528108,456.19651617805897,-477.1473401754452,216.61242479362366,108.8477627867585,0.5025000892283193,-455.11341539816567,-1146.7679737510327,-6420.956425103491,-11277.149026426487,unit
0.5,0.7853981633974483,2.0,1.0,901,15.102922170528108,456.19651617805897,-418.7501578871419,216.6117096771931,78.42832986354874,0.3620687449465545,-515.9515661281546,-1083.0343382631468,-5533.465290327253,-10338.37064904799,unit
0.5,1.1780972450961724,1.0,0.25,900,15.303297677685817,468.3818396237283,-107.36037066536844,215.57087147808275,63.19331754231401,0.2931440463594309,-557.566076017183,-80.28713213397448,-1502.7968805221735,-7767.881936227224,unit
0.5,1.1780972450961724,1.0,0.25,901,14.007826145539154,392.4383866473006,-102.59862038064385,169.68110301153646,31.001733481982953,0.18270586960927035,-500.11602269487116,-1000.0336746952555,13.53876192352979,-2933.870236262795,unit
0.5,1.1780972450961724,1.0,1.0,900,7.551461085264039,114.04912904451429,-84.28867280758398,50.72731355483608,16.08755583933598,0.3171379423029248,-132.6013309206784,-286.8856936508441,-1609.5772280903388,-2779.9931698303635,unit
0.5,1.1780972450961724,1.0,1.0,901,7.551461085264039,114.04912904451429,-65.29699096517217,50.727129111793374,10.072127443090174,0.19855504578019853,-144.6320032701273,-256.65661823116665,-1332.3291032300522,-2505.50861728367,unit
0.5,1.1780972450961724,2.0,0.25,900,30.606595355371645,1873.5273584949146,-429.44148266151734,862.2834859123316,252.77327016925616,0.29314404635943087,-2230.264304068734,-321.14852853582573,-6011.187522088702,-31071.527744907766,unit
0.5,1.1780972450961724,2.0,0.25,901,28.015652291078315,1569.7535465892033,-410.394481522917,678.7244120461461,124.00693392793188,0.1827058696092704,-2000.4640907794856,-4000.134698781044,54.155047694220684,-11716.08168690098,unit
0.5,1.1780972450961724,2.0,1.0,900,15.102922170528108,456.19651617805897,-337.1546912291296,202.90925421934514,64.35022335734418,0.3171379423029248,-530.4053236827158,-1147.5427746033604,-6438.308912361292,-11119.972679321492,unit
0.5,1.1780972450961724,2.0,1.0,901,15.102922170528108,456.19651617805897,-261.18796386015117,202.90851644717435,40.28850977236087,0.19855504578019853,-578.5280130805115,-1026.626472924647,-5329.31641292017,-10022.034469134696,unit
0.5,1.5707963267948966,1.0,0.25,900,15.303297677685817,468.3818396237283,-127.82604641457952,195.6068392749231,9.95825300197732,0.05090953383271591,-644.0721728946967,-110.15474229168382,-1474.9942621606833,-7594.932977454979,unit
0.5,1.5707963267948966,1.0,0.25,901,14.007826145539154,392.4383866473006,-41.72766607239086,155.99429723276143,-0.025082860015670998,-0.00016079344220029074,-548.4828496000933,-1001.6930122411819,-65.5184857089095,-2810.067435988009,unit
0.5,1.5707963267948966,1.0,1.0,900,7.551461085264039,114.04912904451429,-43.20686526299196,46.223074339998504,3.202304078685252,0.06927933990565793,-153.8675952271423,-277.9070906147742,-1589.6917690263053,-2696.722499478544,unit
0.5,1.5707963267948966,1.0,1.0,901,7.551461085264039,114.04912904451429,-22.993607516569554,46.22296010143176,1.4247503915033453,0.03082343468217678,-157.42258836293936,-235.97596287687531,-1286.3476213496365,-2407.415283898987,unit
0.5,1.5707963267948966,2.0,0.25,900,30.606595355371645,1873.5273584949146,-511.30418565820764,782.427357099693,39.83301200790932,0.05090953383271591,-2576.288691578789,-440.6189691667658,-5899.977048642701,-30379.731909819548,unit
0.5,1.5707963267948966,2.0,0.25,901,28.015652291078315,1569.7535465892033,-166.91066428949796,623.9771889310459,-0.10033144006266377,-0.00016079344220025827,-2193.9313984003747,-4006.772048964722,-262.07394283551105,-11223.318791283986,unit
0.5,1.5707963267948966,2.0,1.0,900,15.102922170528108,456.19651617805897,-172.82746105165282,184.89229735999476,12.809216314741057,0.06927933990565793,-615.4703809085715,-1111.6283624590264,-6358.7670761053505,-10786.889997914353,unit
0.5,1.5707963267948966,2.0,1.0,901,15.102922170528108,456.19651617805897,-91.97443006578955,184.89184040572778,5.699001566013397,0.030823434682176742,-629.69035345176,-943.9038515074147,-5145.390485398398,-9629.661135595732,unit
0.5,2.356194490192345,1.0,0.25,900,15.303297677685817,468.3818396237283,-138.80311924280255,144.70768910330037,-72.55330230373907,-0.5013783493698563,-758.1961333345068,-188.02882790707292,-1337.7786356781753,-6995.80208921517,unit
0.5,2.356194490192345,1.0,0.25,901,14.007826145539154,392.4383866473006,49.423377209707134,120.06912633674672,-47.350706677815836,-0.3943620489501665,-607.208926339679,-982.5358383353047,-472.19713624143816,-2578.435856690767,unit
0.5,2.356194490192345,1.0,1.0,900,7.551461085264039,114.04912904451429,-9.151336897103617,35.07009703709293,-17.58371755616406,-0.5013877645552597,-184.28666119393534,-236.56745374431074,-1489.6698997509582,-2430.719945948284,unit
0.5,2.356194490192345,1.0,1.0,901,7.551461085264039,114.04912904451429,-6.226732319661281,35.07026527300824,-12.763286911986942,-0.36393471257288096,-174.6459681414964,-182.15173445496933,-1248.3640904656672,-2209.6551446270096,unit
0.5,2.356194490192345,2.0,0.25,900,30.606595355371645,1873.5273584949146,-555.2124769711525,578.8307564132019,-290.2132092149564,-0.501378349369856,-3032.784533338029,-752.115311628283,-5351.114542712726,-27983.20835685857,unit
0.5,2.356194490192345,2.0,0.25,901,28.015652291078315,1569.7535465892033,197.6935088384768,480.27650534698705,-189.4028267112634,-0.39436204895016647,-2428.835705358717,-3930.143353341234,-1888.7885449659973,-10302.099657562874,unit
0.5,2.356194490192345,2.0,1.0,900,15.102922170528108,456.19651617805897,-36.605347587531945,140.2803881483723,-70.33487022465651,-0.5013877645552595,-737.1466447757443,-946.2698149772473,-5958.679599004073,-9722.879783793474,unit
0.5,2.356194490192345,2.0,1.0,901,15.102922170528108,456.19651617805897,-24.906929277445276,140.2810610920335,-51.05314764794797,-0.36393471257288096,-698.5838725659884,-728.6069378198993,-4993.4563618628845,-8838.620578507926,unit
1.0,0.0,1.0,0.25,900,21.642131124815972,468.3818396237283,134.15983996883372,479.90109846044106,314.8505305831541,0.6560737860222,-318.5818769178611,187.1822663327972,-1099.2055605806509,-7033.56173935357,unit
1.0,0.0,1.0,0.25,901,19.81005771438591,392.4383866473006,32.09554179729883,373.0285244288081,253.80487575383685,0.680389994685983,-257.857159568435,-841.0168500753792,503.65773853548467,-2733.3262812576295,unit
1.0,0.0,1.0,1.0,900,10.679378682513056,114.04912904451429,-100.95028515506328,114.04912904451427,76.66486134701287,0.6722090908479448,-74.76853539500281,-266.41463995425386,-1450.7160926527085,-2678.2213368578073,unit
1.0,0.0,1.0,1.0,901,10.679378682513056,114.04912904451429,-97.2505616055166,114.04912904451423,73.7599226066316,0.6467381489414317,-80.57841287576531,-289.292329095606,-1348.3366721074422,-2507.576511860785,unit
1.0,0.0,2.0,0.25,900,43.284262249631965,1873.5273584949146,536.6393598753338,1919.6043938417658,1259.4021223326179,0.6560737860222001,-1274.3275076714447,748.7290653312084,-4396.82224232258,-28074.239008891895,unit
1.0,0.0,2.0,0.25,901,39.620115428771825,1569.7535465892033,128.3516121463318,1492.114097715233,1015.2195030153481,0.6803899946859833,-1031.42863827374,-3364.067400301489,2014.6309541418775,-10906.875544794406,unit
1.0,0.0,2.0,1.0,900,21.358757365026154,456.19651617805897,-403.8011406194258,456.19651617805897,306.6594453880527,0.6722090908479447,-299.07414158001257,-1065.6585598169959,-5802.864370611014,-10712.88534743095,unit
1.0,0.0,2.0,1.0,901,21.358757365026154,456.19651617805897,-389.0022464212654,456.1965161780587,295.0396904265275,0.6467381489414316,-322.31365150306266,-1157.1693163824195,-5393.346688429761,-10030.306047443073,unit
1.0,0.39269908169872414,1.0,0.25,900,21.642131124815972,468.3818396237283,48.568904261587576,476.6006281900125,286.07151473997226,0.600233188584721,-372.8394383337963,197.88945777501306,-1193.0492893496767,-7223.329223168142,unit
1.0,0.39269908169872414,1.0,0.25,901,19.81005771438591,392.4383866473006,-94.0107633194494,370.3881992051506,201.20032059189728,0.5432147164074643,-360.42594466865665,-877.2139934635135,696.4166147380578,-2701.9384822945044,unit
1.0,0.39269908169872414,1.0,1.0,900,10.679378682513056,114.04912904451429,-131.84963365765378,112.59106648721786,69.89440583088818,0.6207810975733415,-86.8513838699558,-292.4261995856326,-1515.005887983963,-2747.608237646761,unit
1.0,0.39269908169872414,1.0,1.0,901,10.679378682513056,114.04912904451429,-123.267638667677,112.59085357096292,58.67902414952283,0.5211704351503034,-109.28193431643155,-292.401929303565,-1303.5175591926234,-2492.7377948983813,unit
1.0,0.39269908169872414,2.0,0.25,900,43.284262249631965,1873.5273584949146,194.27561704632168,1906.402512760052,1144.2860589598902,0.600233188584721,-1491.3577533351863,791.5578311000286,-4772.197157398661,-28893.316892671977,unit
1.0,0.39269908169872414,2.0,0.25,901,39.620115428771825,1569.7535465892033,-376.04305327760227,1481.552796820603,804.8012823675895,0.5432147164074643,-1441.7037786746273,-3508.8559738539707,2785.666458952263,-10782.709183014573,unit
1.0,0.39269908169872414,2.0,1.0,900,21.358757365026154,456.19651617805897,-527.3985346307556,450.3642659488733,279.5776233235538,0.6207810975733413,-347.4055354798247,-1169.7047983425018,-6060.023551935897,-10990.432950586612,unit
1.0,0.39269908169872414,2.0,1.0,901,21.358757365026154,456.19651617805897,-493.07055467058717,450.36341428385344,234.71609659809226,0.5211704351503034,-437.1277372657279,-1169.607717214254,-5214.07023677053,-9970.951179593863,unit
1.0,0.7853981633974483,1.0,0.25,900,21.642131124815972,468.3818396237283,-48.162826007046256,460.14308622640976,220.10468407730212,0.4783396527422806,-488.3155576955338,185.55870881811825,-1266.3625430011089,-7294.097582110444,unit
1.0,0.7853981633974483,1.0,0.25,901,19.81005771438591,392.4383866473006,-171.18127756221944,359.0845780772574,131.35522584877228,0.3658058125250678,-488.81251302701344,-904.9432144800357,792.1568360936295,-2613.3941709410183,unit
1.0,0.7853981633974483,1.0,1.0,900,10.679378682513056,114.04912904451429,-123.76745407622182,108.30621239681138,54.42388139337905,0.5025000892283196,-113.50757865456757,-307.0186199179736,-1557.8866405202812,-2760.2438418295383,unit
1.0,0.7853981633974483,1.0,1.0,901,10.679378682513056,114.04912904451429,-109.03182220874262,108.30585483859612,39.21416493177421,0.36206874494655444,-143.926654019562,-284.64379760626525,-1242.6848287781459,-2427.6018063799306,unit
1.0,0.7853981633974483,2.0,0.25,900,43.284262249631965,1873.5273584949146,-192.65130402817195,1840.572344905642,880.4187363092094,0.4783396527422803,-1953.2622307821377,742.234835272521,-5065.450172004041,-29176.390328440502,unit
1.0,0.7853981633974483,2.0,0.25,901,39.620115428771825,1569.7535465892033,-684.7251102490387,1436.3383123090307,525.4209033950895,0.3658058125250677,-1955.2500521080551,-3619.7728579201394,3168.627344374875,-10430.482962310492,unit
1.0,0.7853981633974483,2.0,1.0,900,21.358757365026154,456.19651617805897,-495.06981630425173,433.22484958724726,217.695525573517,0.5025000892283193,-454.03031461827226,-1228.0744796718895,-6231.546562081191,-11040.975367318006,unit
1.0,0.7853981633974483,2.0,1.0,901,21.358757365026154,456.19651617805897,-436.1272888341055,433.2234193543862,156.85665972709748,0.3620687449465545,-575.7066160782501,-1138.5751904250205,-4970.739315112606,-9710.407225520154,unit
1.0,1.1780972450961724,1.0,0.25,900,21.642131124815972,468.3818396237283,-144.63060825848322,431.1417429561655,126.38663508462798,0.2931440463594308,-646.7503124106379,149.60703722191482,-1304.30389931154,-7229.0978597525955,unit
1.0,1.1780972450961724,1.0,0.25,901,19.81005771438591,392.4383866473006,-168.07094502997955,339.362206023073,62.00346696396593,0.18270586960927038,-607.7936587424417,-924.4718627637687,775.7543895149563,-2485.980207551903,unit
1.0,1.1780972450961724,1.0,1.0,900,10.679378682513056,114.04912904451429,-86.79969283780586,101.45462710967216,32.17511167867195,0.31713794230292475,-151.15353279684254,-309.5055944931033,-1571.025873325385,-2711.214704533922,unit
1.0,1.1780972450961724,1.0,1.0,901,10.679378682513056,114.04912904451429,-61.59468813359749,101.45425822358679,20.144254886180356,0.1985550457801985,-175.21487749574038,-266.8795997621521,-1177.421340126252,-2322.8102030742666,unit
1.0,1.1780972450961724,2.0,0.25,900,43.284262249631965,1873.5273584949146,-578.5224330339405,1724.5669718246638,505.54654033851244,0.2931440463594308,-2587.0012496425534,598.4281488878023,-5217.215597245952,-28916.39143901002,unit
1.0,1.1780972450961724,2.0,0.25,901,39.620115428771825,1569.7535465892033,-672.2837801202302,1357.4488240922922,248.01386785586385,0.18270586960927046,-2431.174634969768,-3697.887451055075,3103.017558059718,-9923.594754769392,unit
1.0,1.1780972450961724,2.0,1.0,900,21.358757365026154,456.19651617805897,-347.1987713512356,405.81850843869046,128.70044671468835,0.31713794230292464,-604.6141311873728,-1238.0223779723888,-6284.103493301574,-10844.858818135679,unit
1.0,1.1780972450961724,2.0,1.0,901,21.358757365026154,456.19651617805897,-246.37875253376916,405.8170328943487,80.57701954472174,0.19855504578019853,-700.8595099829643,-1067.5183990485289,-4709.685360505255,-9291.24081229715,unit
1.0,1.5707963267948966,1.0,0.25,900,21.642131124815972,468.3818396237283,-230.47668006456954,391.21367854984607,19.91650600395465,0.05090953383271595,-819.7625061656651,93.55997790612949,-1301.5415943070702,-7027.206373772321,unit
1.0,1.5707963267948966,1.0,0.25,901,19.81005771438591,392.4383866473006,-108.62630436057407,311.98859446552285,-0.05016572003131693,-0.0001607934422002104,-704.5273125528861,-935.9124931954393,637.9215938831087,-2341.8642474505823,unit
1.0,1.5707963267948966,1.0,1.0,900,10.679378682513056,114.04912904451429,-43.090960241197266,92.44614867999702,6.404608157370503,0.06927933990565792,-193.6860614097703,-299.92049737759794,-1551.522986250101,-2602.698529088222,unit
1.0,1.5707963267948966,1.0,1.0,901,10.679378682513056,114.04912904451429,-8.897443100688799,92.44592020286352,2.849500783006684,0.030823434682176708,-200.79604768136443,-240.59908517527492,-1121.40289009157,-2193.6671247886634,unit
1.0,1.5707963267948966,2.0,0.25,900,43.284262249631965,1873.5273584949146,-921.9067202582221,1564.854714199386,79.66602401581864,0.05090953383271591,-3279.0500246626634,374.23991162451887,-5206.166377228231,-28108.825495089222,unit
1.0,1.5707963267948966,2.0,0.25,901,39.620115428771825,1569.7535465892033,-434.5052174422401,1247.954377862092,-0.20066288012531416,-0.00016079344220024753,-2818.109250211546,-3743.649972781766,2551.68637553237,-9350.775617488795,unit
1.0,1.5707963267948966,2.0,1.0,900,21.358757365026154,456.19651617805897,-172.3638409636894,369.7845947199895,25.61843262948211,0.06927933990565792,-774.7442456390843,-1199.6819895103758,-6206.091945000595,-10410.794116352252,unit
1.0,1.5707963267948966,2.0,1.0,901,21.358757365026154,456.19651617805897,-35.58977240270127,369.7836808114555,11.398003132026783,0.030823434682176718,-803.1841907254609,-962.3963407010312,-4485.611560366399,-8774.668499154437,unit
1.0,2.356194490192345,1.0,0.25,900,21.642131124815972,468.3818396237283,-320.133033365694,289.41537820660074,-145.10660460747812,-0.5013783493698561,-1048.0104270452853,-49.83502517696435,-1196.5241642945632,-6286.444236271859,unit
1.0,2.356194490192345,1.0,0.25,901,19.81005771438591,392.4383866473006,-23.602186202567164,240.13825267349347,-94.70141335563167,-0.39436204895016647,-821.9794660320574,-933.8999776589183,-0.40488820071273324,-2096.1486952495584,unit
1.0,2.356194490192345,1.0,1.0,900,10.679378682513056,114.04912904451429,-14.478110503932015,70.14019407418587,-35.16743511232813,-0.5013877645552597,-254.52419334335644,-248.76365576231075,-1430.401231635304,-2249.407203635297,unit
1.0,2.356194490192345,1.0,1.0,901,10.679378682513056,114.04912904451429,0.8224881509423468,70.14053054601649,-25.526573823973884,-0.3639347125728809,-235.24280723847855,-171.36301798567837,-1089.973749015942,-1936.6847161347707,unit
1.0,2.356194490192345,2.0,0.25,900,43.284262249631965,1873.5273584949146,-1280.5321334625569,1157.661512826404,-580.4264184299129,-0.501378349369856,-4192.041708181145,-199.34010070785536,-4786.096657178076,-25145.77694508825,unit
1.0,2.356194490192345,2.0,0.25,901,39.620115428771825,1569.7535465892033,-94.40874481006107,960.5530106939743,-378.8056534225268,-0.3943620489501664,-3287.9178641282315,-3735.5999106357135,-1.6195528027424189,-8370.160967729638,unit
1.0,2.356194490192345,2.0,1.0,900,21.358757365026154,456.19651617805897,-57.91244201433411,280.5607762967446,-140.66974044931303,-0.5013877645552595,-1018.0967733734296,-995.0546230492109,-5721.60492654152,-8997.628814540827,unit
1.0,2.356194490192345,2.0,1.0,901,21.358757365026154,456.19651617805897,3.289952604503766,280.562122184067,-102.10629529589593,-0.36393471257288096,-940.9712289539178,-685.4520719426615,-4359.894996063674,-7746.738864538863,unit
2.0,0.0,1.0,0.25,900,30.606595355371635,468.3818396237283,388.416640090821,959.8021969208818,629.7010611663082,0.6560737860222002,-168.78191421199358,679.8753530704985,-539.6649918524422,-5973.219967581922,unit
2.0,0.0,1.0,0.25,901,28.015652291078307,392.4383866473006,192.2143262991909,746.0570488576161,507.6097515076737,0.6803899946859832,-123.2759324895693,-585.7177681957482,1621.389128912993,-2034.3726905057074,unit
2.0,0.0,1.0,1.0,900,15.102922170528078,114.04912904451429,-63.927771183903246,228.09825808902846,153.32972269402572,0.6722090908479449,-35.48794174549131,-243.9316162498058,-1298.9486056447108,-2517.3871088411765,unit
2.0,0.0,1.0,1.0,901,15.102922170528078,114.04912904451429,-60.397245679286286,228.09825808902843,147.51984521326318,0.6467381489414317,-47.10769670701636,-276.33510094010825,-1153.147502321871,-2272.540310074127,unit
2.0,0.0,2.0,0.25,900,61.21319071074329,1873.5273584949146,1553.666560363231,3839.2087876835308,2518.804244665235,0.6560737860222,-675.1276568479757,2719.501412282078,-2158.659967409654,-23354.582180009143,unit
2.0,0.0,2.0,0.25,901,56.03130458215663,1569.7535465892033,766.1399238579601,2984.2281954304667,2030.4390060306966,0.6803899946859833,-493.10372995827674,-2342.8710727830317,6485.556515652305,-8108.415380990737,unit
2.0,0.0,2.0,1.0,900,30.205844341056217,456.19651617805897,-255.71108473531604,912.3930323561177,613.3188907761053,0.6722090908479447,-141.95176698196616,-975.7264649991994,-5195.794422578896,-10069.548435363902,unit
2.0,0.0,2.0,1.0,901,30.205844341056217,456.19651617805897,-241.58898271693877,912.3930323561174,590.079380853055,0.6467381489414316,-188.43078682806635,-1105.3404037604507,-4612.590009287709,-9090.161240296145,unit
2.0,0.39269908169872414,1.0,0.25,900,30.606595355371635,468.3818396237283,238.4332738554218,953.2012563800254,572.1430294799446,0.6002331885847209,-277.2970370438644,697.74900083123,-690.4952779342583,-6237.7398932936685,unit
2.0,0.39269908169872414,1.0,0.25,901,28.015652291078307,392.4383866473006,-39.34254977243986,740.776398410301,402.4006411837945,0.5432147164074643,-328.4135026900126,-634.0907311219275,1880.405203257611,-1986.6971395535575,unit
2.0,0.39269908169872414,1.0,1.0,900,15.102922170528078,114.04912904451429,-114.06295725927721,225.18213297443572,139.78881166177632,0.6207810975733414,-59.65363869539736,-280.6061298171296,-1394.5259589935433,-2615.4282693914656,unit
2.0,0.39269908169872414,1.0,1.0,901,15.102922170528078,114.04912904451429,-111.83153065514428,225.1817071419258,117.35804829904565,0.5211704351503034,-104.5147395883488,-280.7743313418472,-1093.43409207276,-2252.4132892112098,unit
2.0,0.39269908169872414,2.0,0.25,900,61.21319071074329,1873.5273584949146,953.7330954217483,3812.8050255201033,2288.5721179197794,0.6002331885847209,-1109.188148175459,2790.9960033249945,-2761.981111736707,-24518.620671186425,unit
2.0,0.39269908169872414,2.0,0.25,901,56.03130458215663,1569.7535465892033,-158.19982156990125,2963.105593641206,1609.602564735179,0.5432147164074643,-1313.6540107600513,-2536.3629244877884,7521.620813030735,-7918.889395586547,unit
2.0,0.39269908169872414,2.0,1.0,900,30.205844341056217,456.19651617805897,-456.2518290366568,900.7285318977466,559.1552466471074,0.6207810975733412,-238.6145547815907,-1122.424519268492,-5578.103835974091,-10461.713077565975,unit
2.0,0.39269908169872414,2.0,1.0,901,30.205844341056217,456.19651617805897,-447.32612262008695,900.7268285677068,469.43219319618447,0.5211704351503034,-418.0589583533968,-1123.0973253674074,-4373.736368291115,-9009.653156845034,unit
2.0,0.7853981633974483,1.0,0.25,900,30.606595355371635,468.3818396237283,31.941895759695168,920.28617245282,440.20936815460425,0.47833965274228035,-508.2492757673398,672.4871066772105,-833.9682686554471,-6365.668629855046,unit
2.0,0.7853981633974483,1.0,0.25,901,28.015652291078307,392.4383866473006,-218.0147242705128,718.1691561545148,262.71045169754456,0.3658058125250678,-585.1866394067263,-677.0692363278037,1986.675243059353,-1880.1957305278518,unit
2.0,0.7853981633974483,1.0,1.0,900,15.102922170528078,114.04912904451429,-119.10265561211257,216.61242479362272,108.8477627867581,0.5025000892283197,-112.96602826462082,-303.4140179583159,-1464.998101649379,-2639.9111818240704,unit
2.0,0.7853981633974483,1.0,1.0,901,15.102922170528078,114.04912904451429,-110.08510503790967,216.61170967719215,78.4283298635484,0.3620687449465545,-173.80417899460963,-272.08808200910823,-1016.3828007578995,-2168.0167896526837,unit
2.0,0.7853981633974483,2.0,0.25,900,61.21319071074329,1873.5273584949146,127.76758303879645,3681.1446898112818,1760.8374726184181,0.4783396527422804,-2032.99710306936,2689.9484267090097,-3335.8730746216024,-25154.80367218992,unit
2.0,0.7853981633974483,2.0,0.25,901,56.03130458215663,1569.7535465892033,-869.0694983939072,2872.6766246180605,1050.8418067901787,0.3658058125250678,-2340.7465576269065,-2708.27694531121,7946.700972237057,-7495.2169527940205,unit
2.0,0.7853981633974483,2.0,1.0,900,30.205844341056217,456.19651617805897,-476.41062244837167,866.4496991744946,435.391051147034,0.5025000892283193,-451.86411305848566,-1213.6560718332707,-5859.992406597747,-10559.644727295552,unit
2.0,0.7853981633974483,2.0,1.0,901,30.205844341056217,456.19651617805897,-440.3404201506825,866.4468387087724,313.71331945419496,0.3620687449465545,-695.2167159784415,-1088.3523280364293,-4065.531203031887,-8672.067158610575,unit
2.0,1.1780972450961724,1.0,0.25,900,30.606595355371635,468.3818396237283,-206.6918296370316,862.283485912331,252.77327016925605,0.2931440463594309,-825.1187851975471,602.9613423820116,-945.6825624743669,-6332.788944319528,unit
2.0,1.1780972450961724,1.0,0.25,901,28.015652291078307,392.4383866473006,-277.74515991624,678.7244120461459,124.00693392793181,0.18270586960927035,-823.1489308375828,-715.8562831216752,1921.6294717182886,-1741.4050612412284,unit
2.0,1.1780972450961724,1.0,1.0,900,15.102922170528078,114.04912904451429,-91.87657520752235,202.90925421934432,64.35022335734392,0.3171379423029248,-188.25793654917078,-311.35721334524385,-1497.5881870812293,-2583.6556971981263,unit
2.0,1.1780972450961724,1.0,1.0,901,15.102922170528078,114.04912904451429,-59.53789437370177,202.9085164471735,40.2885097723607,0.19855504578019853,-236.3806259469664,-251.3237008981845,-937.9143682611939,-2033.9193343746765,unit
2.0,1.1780972450961724,2.0,0.25,900,61.21319071074329,1873.5273584949146,-826.7673185480714,3449.1339436493263,1011.0930806770247,0.29314404635943087,-3300.4751407901913,2411.8453695281974,-3782.7302498971726,-25169.771263039253,unit
2.0,1.1780972450961724,2.0,0.25,901,56.03130458215663,1569.7535465892033,-1107.8491671512286,2714.8976481845843,496.02773571172753,0.1827058696092704,-3292.5957233503327,-2863.425132486619,7686.517886873016,-6943.959864480393,unit
2.0,1.1780972450961724,2.0,1.0,900,30.205844341056217,456.19651617805897,-367.506300829398,811.6370168773806,257.4008934293767,0.3171379423029248,-753.0317461966861,-1245.428853380938,-5990.35274832511,-10334.622788792482,unit
2.0,1.1780972450961724,2.0,1.0,901,30.205844341056217,456.19651617805897,-238.15157749436588,811.6340657886974,161.15403908944347,0.19855504578019853,-945.5225037878695,-1005.2948035927227,-3751.6574730448215,-8135.6773374986005,unit
2.0,1.5707963267948966,1.0,0.25,900,30.606595355371635,468.3818396237283,-441.90297985851805,782.4273570996924,39.83301200790928,0.05090953383271591,-1171.143172707602,496.0830710563505,-1014.8891431773166,-6132.661820945495,unit
2.0,1.5707963267948966,1.0,0.25,901,28.015652291078307,392.4383866473006,-246.9575198068277,623.9771889310457,-0.10033144006268399,-0.00016079344220029074,-1016.6162384584717,-750.2237233795754,1674.6465351435754,-1599.5295941240195,unit
2.0,1.5707963267948966,1.0,1.0,900,15.102922170528078,114.04912904451429,-58.842526373665535,184.89229735999402,12.809216314741008,0.06927933990565793,-273.3229937750263,-304.026969146429,-1487.245737328227,-2448.683321973068,unit
2.0,1.5707963267948966,1.0,1.0,901,15.102922170528078,114.04912904451429,0.7297171022426034,184.89184040572704,5.699001566013381,0.03082343468217678,-287.54296631821455,-220.0901381311518,-876.7106869962134,-1870.4471299072736,unit
2.0,1.5707963267948966,2.0,0.25,900,61.21319071074329,1873.5273584949146,-1767.6119194337793,3129.709428398772,159.33204803163727,0.05090953383271591,-4684.572690830412,1984.3322842254797,-4059.5565727091307,-24530.647283781214,unit
2.0,1.5707963267948966,2.0,0.25,901,56.03130458215663,1569.7535465892033,-987.8300792272274,2495.9087557241837,-0.4013257602506551,-0.00016079344220025827,-4066.4649538338886,-3000.894893518276,6698.5861405748965,-6362.8205960991745,unit
2.0,1.5707963267948966,2.0,1.0,900,30.205844341056217,456.19651617805897,-235.37010549399562,739.569189439979,51.23686525896423,0.06927933990565793,-1093.2919751001095,-1216.1078765857158,-5948.982949312956,-9794.733287892055,unit
2.0,1.5707963267948966,2.0,1.0,901,30.205844341056217,456.19651617805897,2.9188684104968443,739.5673616229111,22.796006264053588,0.030823434682176742,-1150.171865272863,-880.3605525245578,-3506.842747985076,-7481.788519629369,unit
2.0,2.356194490192345,1.0,0.25,900,30.606595355371635,468.3818396237283,-716.9610667144841,578.8307564132015,-290.2132092149563,-0.5013783493698563,-1627.6390144668426,226.7630828228685,-1044.4416092251918,-5298.139740171303,unit
2.0,2.356194490192345,1.0,0.25,901,28.015652291078307,392.4383866473006,-214.48110573022,480.2765053469869,-189.40282671126334,-0.3943620489501665,-1251.5205454168142,-797.5372358491869,645.5245290128214,-1415.7572651477783,unit
2.0,2.356194490192345,1.0,1.0,900,15.102922170528078,114.04912904451429,-57.47572692031303,140.2803881483717,-70.33487022465624,-0.5013877645552597,-394.9992576421985,-246.29273694680978,-1356.6147681500904,-1994.8401247994075,unit
2.0,2.356194490192345,1.0,1.0,901,15.102922170528078,114.04912904451429,-13.508246397054812,140.28106109203296,-51.05314764794777,-0.36393471257288096,-356.4364854324428,-135.94132616403306,-876.8385363277555,-1552.4044471003547,unit
2.0,2.356194490192345,2.0,0.25,900,61.21319071074329,1873.5273584949146,-2867.8442668575117,2315.3230256528077,-1160.8528368598256,-0.501378349369856,-6510.556057867373,907.0523312915088,-4177.7664369006725,-21192.558960684946,unit
2.0,2.356194490192345,2.0,0.25,901,56.03130458215663,1569.7535465892033,-857.9244229215293,1921.1060213879482,-757.6113068450536,-0.39436204895016647,-5006.082181667259,-3190.14894339674,2582.0981160512883,-5474.968156583373,unit
2.0,2.356194490192345,2.0,1.0,900,30.205844341056217,456.19651617805897,-229.90290768033123,561.1215525934892,-281.33948089862605,-0.5013877645552595,-1579.9970305688003,-985.1709477872403,-5426.459072600341,-7979.36049919779,unit
2.0,2.356194490192345,2.0,1.0,901,30.205844341056217,456.19651617805897,-54.03298558759793,561.124244368134,-204.21259059179187,-0.36393471257288096,-1425.7459417297766,-543.7653046560979,-3507.3541453111898,-6209.617788401099,unit
4.0,0.0,1.0,0.25,900,43.284262249631944,468.3818396237283,930.1230001306279,1919.6043938417642,1259.4021223326165,0.6560737860222,130.81801119974045,1656.8929163859875,523.4293290558144,-4121.924775271292,unit
4.0,0.0,1.0,0.25,901,39.62011542877182,392.4383866473006,571.3730779300352,1492.1140977152324,1015.2195030153474,0.680389994685983,145.88652166816178,-9.044959184059053,3422.541259983108,-766.7445137113339,unit
4.0,0.0,1.0,1.0,900,21.35875736502611,114.04912904451429,33.339206206796526,456.1965161780571,306.6594453880515,0.6722090908479448,43.073245553531606,-145.3745310358053,-1017.9854342920758,-2209.7411041359687,unit
4.0,0.0,1.0,1.0,901,21.35875736502611,114.04912904451429,34.928775825175855,456.1965161780569,295.0396904265264,0.6467381489414317,19.833735630481627,-191.29907141466379,-809.7620600044909,-1856.43829480141,unit
4.0,0.0,2.0,0.25,900,86.56852449926393,1873.5273584949146,3720.4920005223535,7678.417575367063,5037.6084893304715,0.6560737860222001,523.272044798965,6627.571665544206,2093.7173162238023,-15308.638563576826,unit
4.0,0.0,2.0,0.25,901,79.24023085754365,1569.7535465892033,2273.118562972275,5968.456390860932,4060.8780120613924,0.6803899946859833,583.5460866726498,-36.17983673626986,13690.165039932439,-3043.22184261411,unit
4.0,0.0,2.0,1.0,900,42.71751473005231,456.19651617805897,133.35682482734202,1824.7860647122359,1226.6377815522108,0.6722090908479447,172.29298221412665,-581.498124143208,-4071.9417371687,-8838.378733418223,unit
4.0,0.0,2.0,1.0,901,42.71751473005231,456.19651617805897,139.71510330100708,1824.7860647122347,1180.15876170611,0.6467381489414316,79.33494252192628,-765.1962856587262,-3239.0482400182937,-7425.753179205666,unit
4.0,0.39269908169872414,1.0,0.25,900,43.284262249631944,468.3818396237283,660.1354811861519,1906.40251276005,1144.286058959889,0.600233188584721,-86.21223446400029,1687.6328562748001,273.89266863643684,-4488.308794538485,unit
4.0,0.39269908169872414,1.0,0.25,901,39.62011542877182,392.4383866473006,137.47094517929892,1481.5527968206025,804.8012823675891,0.5432147164074643,-264.3886187327248,-71.81960306147153,3761.6730198962496,-692.748103029671,unit
4.0,0.39269908169872414,1.0,1.0,900,21.35875736502611,114.04912904451429,-50.436470601496936,450.36426594887143,279.5776233235527,0.6207810975733415,-5.258148346280322,-197.01735183243832,-1162.4679293922243,-2348.218771865005,unit
4.0,0.39269908169872414,1.0,1.0,901,21.35875736502611,114.04912904451429,-67.09145104044894,450.3634142838517,234.71609659809133,0.5211704351503034,-94.98035013218332,-197.66027448348777,-732.6553195518089,-1829.6905767540802,unit
4.0,0.39269908169872414,2.0,0.25,900,86.56852449926393,1873.5273584949146,2640.54192474463,7625.610051040208,4577.144235839561,0.600233188584721,-344.8489378560016,6750.531425099238,1095.5706745458965,-16872.898945950856,unit
4.0,0.39269908169872414,2.0,0.25,901,79.24023085754365,1569.7535465892033,545.2955333672113,5926.211187282412,3219.205129470358,0.5432147164074643,-1057.5544749308992,-287.2784122459425,15046.69207958489,-2627.623900556672,unit
4.0,0.39269908169872414,2.0,1.0,900,42.71751473005231,456.19651617805897,-201.74588240576443,1801.4570637954932,1118.3104932942151,0.6207810975733413,-21.03259338512197,-788.0694073297961,-4649.871717569108,-9392.195471881692,unit
4.0,0.39269908169872414,2.0,1.0,901,42.71751473005231,456.19651617805897,-268.36580416137065,1801.4536571354138,938.864386392369,0.5211704351503034,-379.92140052873464,-790.6410979339747,-2930.621278207308,-7318.762307015975,unit
4.0,0.7853981633974483,1.0,0.25,900,43.284262249631944,468.3818396237283,228.72846729408053,1840.572344905639,880.4187363092085,0.4783396527422806,-548.1167119109504,1636.2599794611272,-8.593566887183442,-4724.921675917673,unit
4.0,0.7853981633974483,1.0,0.25,901,39.62011542877182,392.4383866473006,-254.28284049557877,1436.3383123090296,525.4209033950891,0.3658058125250678,-777.9348921661519,-140.1273175545473,3853.7073920495795,-579.5706798990915,unit
4.0,0.7853981633974483,1.0,1.0,900,21.35875736502611,114.04912904451429,-90.50293302387429,433.2248495872455,217.6955255735162,0.5025000892283196,-111.8829274847274,-233.6147553695033,-1281.7897910142601,-2396.069777929715,unit
4.0,0.7853981633974483,1.0,1.0,901,21.35875736502611,114.04912904451429,-101.39375042798679,433.2234193543845,156.85665972709683,0.36206874494655444,-233.55922894470513,-189.94687433550416,-641.6467005231345,-1725.7753000669495,unit
4.0,0.7853981633974483,2.0,0.25,900,86.56852449926393,1873.5273584949146,914.9138691761651,7362.289379622568,3521.6749452368376,0.4783396527422803,-2192.4668476438073,6545.039917844424,-34.37426754861917,-17946.533837793962,unit
4.0,0.7853981633974483,2.0,0.25,901,79.24023085754365,1569.7535465892033,-1006.9596386889014,5745.353249236123,2101.683613580358,0.3658058125250677,-3111.7395686646105,-560.5092702183642,15414.829568197665,-2104.0040871288224,unit
4.0,0.7853981633974483,2.0,1.0,900,42.71751473005231,456.19651617805897,-362.0117320951346,1732.899398348989,870.782102294068,0.5025000892283193,-447.5317099389121,-934.459021478038,-5127.159164056923,-9583.534087394395,unit
4.0,0.7853981633974483,2.0,1.0,901,42.71751473005231,456.19651617805897,-405.57500171186655,1732.8936774175447,627.4266389083899,0.3620687449465545,-934.2369157788239,-759.7874973420304,-2566.5868020925,-6903.101200267745,unit
4.0,1.1780972450961724,1.0,0.25,900,43.284262249631944,468.3818396237283,-313.16594241093884,1724.566971824662,505.54654033851193,0.2931440463594308,-1181.8557307713663,1500.5708551926682,-282.69566261637874,-4796.510385452434,unit
4.0,1.1780972450961724,1.0,0.25,901,39.62011542877182,392.4383866473006,-467.0126528643532,1357.448824092292,248.0138678558637,0.18270586960927038,-1253.859475027865,-217.31922024725975,3678.0203621775086,-466.09080461089604,unit
4.0,1.1780972450961724,1.0,1.0,900,21.35875736502611,114.04912904451429,-102.10789868361857,405.81850843868864,128.7004467146878,0.31713794230292475,-262.4667440538273,-253.7002944412652,-1355.8959402302544,-2342.676881192091,unit
4.0,1.1780972450961724,1.0,1.0,901,21.35875736502611,114.04912904451429,-62.98725497670611,405.81703289434716,80.57701954472142,0.1985550457801985,-358.7121228494186,-169.2975817639586,-558.3317356330322,-1564.3333628126727,unit
4.0,1.1780972450961724,2.0,0.25,900,86.56852449926393,1873.5273584949146,-1252.6637696437037,6898.267887298655,2022.1861613540498,0.2931440463594308,-4727.422923085471,6002.283420770883,-1130.7826504653394,-18399.873849637508,unit
4.0,1.1780972450961724,2.0,0.25,901,79.24023085754365,1569.7535465892033,-1837.0516330124897,5429.795296369169,992.0554714234554,0.18270586960927046,-5015.437900111461,-869.2768809889403,14712.081448710032,-1616.0913625333744,unit
4.0,1.1780972450961724,2.0,1.0,900,42.71751473005231,456.19651617805897,-408.43159473384253,1623.2740337547618,514.8017868587534,0.31713794230292464,-1049.866976215314,-1014.8011777650743,-5423.583760920881,-9369.926082455813,unit
4.0,1.1780972450961724,2.0,1.0,901,42.71751473005231,456.19651617805897,-251.94901990679796,1623.2681315773948,322.30807817888694,0.19855504578019853,-1434.84849139768,-677.1903270558413,-2233.326942532234,-6257.333451250309,unit
4.0,1.5707963267948966,1.0,0.25,900,43.284262249631944,468.3818396237283,-873.4176834692096,1564.8547141993843,79.6660240158186,0.05090953383271595,-1873.9045057914755,1294.1906345405826,-526.7946874594383,-4684.269001832304,unit
4.0,1.5707963267948966,1.0,0.25,901,39.62011542877182,392.4383866473006,-530.0319085398423,1247.9543778620914,-0.20066288012526773,-0.0001607934422002104,-1640.7940902696425,-302.2980114426999,3224.61788829443,-389.3191512707582,unit
4.0,1.5707963267948966,1.0,1.0,900,21.35875736502611,114.04912904451429,-112.9495660001494,369.7845947199881,25.61843262948201,0.06927933990565792,-432.59685850553836,-255.78402395695332,-1375.7471028294221,-2188.7824612576446,unit
4.0,1.5707963267948966,1.0,1.0,901,21.35875736502611,114.04912904451429,-6.271075753423674,369.7836808114541,11.398003132026735,0.030823434682176708,-461.0368035919149,-136.99204847332783,-507.81340055538465,-1371.4761308458342,unit
4.0,1.5707963267948966,2.0,0.25,900,86.56852449926393,1873.5273584949146,-3493.670733876706,6259.418856797544,318.66409606327454,0.05090953383271591,-7495.61802316591,5176.762538162692,-2107.178749837395,-18162.32504836839,unit
4.0,1.5707963267948966,2.0,0.25,901,79.24023085754365,1569.7535465892033,-2056.7239019724707,4991.817511448368,-0.8026515205012567,-0.00016079344220024753,-6563.176361078574,-1209.192045770867,12898.471553177595,-1187.600044233071,unit
4.0,1.5707963267948966,2.0,1.0,900,42.71751473005231,456.19651617805897,-451.79826399993925,1479.138378879958,102.47373051792844,0.06927933990565792,-1730.3874340221603,-1023.1360958278976,-5502.988411318321,-8754.345909994357,unit
4.0,1.5707963267948966,2.0,1.0,901,42.71751473005231,456.19651617805897,-25.084303012879708,1479.134723245822,45.592012528107134,0.030823434682176718,-1844.1472143676667,-547.9681938932263,-2031.2536022213026,-5485.904523383059,unit
4.0,2.356194490192345,1.0,0.25,900,43.284262249631944,468.3818396237283,-1558.9382724705256,1157.661512826403,-580.4264184299125,-0.5013783493698561,-2786.8961893099563,780.2569943689614,-924.727265460158,-3930.2241182451344,unit
4.0,2.356194490192345,1.0,0.25,901,39.62011542877182,392.4383866473006,-659.6350171986953,960.5530106939739,-378.8056534225267,-0.39436204895016647,-2110.602704186328,-469.528700932423,1516.4355139955037,-456.8697061056955,unit
4.0,2.356194490192345,1.0,1.0,900,21.35875736502611,114.04912904451429,-189.21238108264626,280.5607762967435,-140.6697404493125,-0.5013877645552597,-675.9493862398829,-203.36042380889762,-1272.3291323449423,-1638.5236301252305,unit
4.0,2.356194490192345,1.0,1.0,901,21.35875736502611,114.04912904451429,-82.3746410368007,280.56212218406597,-102.10629529589553,-0.3639347125728809,-598.8238418203713,-45.51920384743755,-597.144940602807,-1012.4665050116931,unit
4.0,2.356194490192345,2.0,0.25,900,86.56852449926393,1873.5273584949146,-6227.584478170635,4630.646051305616,-2321.7056737196517,-0.501378349369856,-11147.584757239834,3121.027977476001,-3698.909061840361,-15684.099748595123,unit
4.0,2.356194490192345,2.0,0.25,901,79.24023085754365,1569.7535465892033,-2637.7891316733303,3842.2120427758973,-1515.2226136901072,-0.3943620489501664,-8442.410816745316,-1878.1148037296873,6065.742055982006,-749.378225440275,unit
4.0,2.356194490192345,2.0,1.0,900,42.71751473005231,456.19651617805897,-756.8495243301488,1122.2431051869785,-562.6789617972521,-0.5013877645552595,-2703.7975449595415,-813.4416952355957,-5089.316529379915,-6553.552286569299,unit
4.0,2.356194490192345,2.0,1.0,901,42.71751473005231,456.19651617805897,-329.49856414738764,1122.248488736268,-408.42518118358373,-0.36393471257288096,-2395.2953672814942,-182.07681538972054,-2388.5797624110246,-4049.8660200469476,unit
8.0,0.0,1.0,0.25,900,61.21319071074327,468.3818396237283,2060.477371286007,3839.208787683527,2518.804244665233,0.6560737860222002,730.0178620232106,3599.0930410307556,2570.440655596184,-800.3070505079689,unit
8.0,0.0,1.0,0.25,901,56.031304582156615,392.4383866473006,1413.01771677425,2984.2281954304644,2030.4390060306948,0.6803899946859832,684.2114299836246,1237.7443182843454,6410.637511055702,1585.4507143786818,unit
8.0,0.0,1.0,1.0,900,30.205844341056157,114.04912904451429,260.71395684300484,912.3930323561138,613.3188907761029,0.6722090908479449,200.1956201515776,127.52881187781554,-487.98044104093395,-1614.2798355723312,unit
8.0,0.0,1.0,1.0,901,30.205844341056157,114.04912904451429,256.15525289065914,912.3930323561137,590.0793808530527,0.6467381489414317,153.7166003054774,62.38351830489569,-189.44916800139345,-1100.55991935761,unit
8.0,0.0,2.0,0.25,900,122.42638142148658,1873.5273584949146,8192.607692391728,15356.835150734123,10075.21697866094,0.6560737860222,2920.071448092841,14396.372164123048,10281.76262238482,-1836.0593526450377,unit
8.0,0.0,2.0,0.25,901,112.06260916431326,1569.7535465892033,5612.515772364008,11936.912781721867,8121.756024122787,0.6803899946859833,2736.845719934503,4950.977273137552,25642.550044223295,6771.688624707263,unit
8.0,0.0,2.0,1.0,900,60.411688682112434,456.19651617805897,1052.242622563474,3649.572129424471,2453.275563104421,0.6722090908479447,800.7824806063122,510.115247511239,-1951.9217641642679,-6454.867778624001,unit
8.0,0.0,2.0,1.0,901,60.411688682112434,456.19651617805897,1024.6210115629938,3649.5721294244695,2360.31752341222,0.6467381489414316,614.8664012219115,249.5340732196978,-757.7966720049862,-4402.239677430493,unit
8.0,0.39269908169872414,1.0,0.25,900,61.21319071074327,468.3818396237283,1562.899343755393,3812.8050255201015,2288.5721179197785,0.6002331885847209,295.95737069572726,3653.4914505608717,2145.0816776697316,-1303.0450052082317,unit
8.0,0.39269908169872414,1.0,0.25,901,56.031304582156615,392.4383866473006,586.5249195969981,2963.105593641204,1609.602564735178,0.5432147164074643,-136.33885081814856,1160.2376782296838,6835.897674760928,1702.8732443502133,unit
8.0,0.39269908169872414,1.0,1.0,900,30.205844341056157,114.04912904451429,116.48962508670427,900.7285318977429,559.1552466471053,0.6207810975733414,103.53283235195342,54.94038167536769,-710.9409566139094,-1809.7698889760463,unit
8.0,0.39269908169872414,1.0,1.0,901,30.205844341056157,114.04912904451429,53.31453745700096,900.7268285677033,469.4321931961826,0.5211704351503034,-75.91157121985235,53.22105219569494,-95.0853182570591,-1066.1653093864384,unit
8.0,0.39269908169872414,2.0,0.25,900,122.42638142148658,1873.5273584949146,6325.690713725402,15251.220102080413,9154.288471679118,0.6002331885847209,1183.8294827829077,14613.965802243689,8580.326710679332,-3159.9393206003947,unit
8.0,0.39269908169872414,2.0,0.25,901,112.06260916431326,1569.7535465892033,2233.9956182477727,11852.422374564823,6438.410258940716,0.5432147164074643,-545.3554032725951,4640.9507129189315,27343.59069904377,7005.924017930668,unit
8.0,0.39269908169872414,2.0,1.0,900,60.411688682112434,456.19651617805897,478.8440590700002,3602.9141275909865,2236.62098658843,0.6207810975733412,414.1313294078141,219.7615267015533,-2843.7638264555644,-7236.944830077559,unit
8.0,0.39269908169872414,2.0,1.0,901,60.411688682112434,456.19651617805897,213.25814982846717,3602.907314270827,1877.7287727847379,0.5211704351503034,-303.6462848794103,212.8842087822768,-380.3412730282773,-4264.661237545621,unit
8.0,0.7853981633974483,1.0,0.25,900,61.21319071074327,468.3818396237283,674.029480854209,3681.14468981128,1760.837472618417,0.47833965274228035,-627.8515841981742,3549.5449044529446,1586.416239785332,-1749.0548053216917,unit
8.0,0.7853981633974483,1.0,0.25,901,56.031304582156615,392.4383866473006,-245.64494377798397,2872.676624618059,1050.8418067901782,0.3658058125250678,-1163.4313976850033,1048.582122897972,6849.545613247866,1787.2426508346794,unit
8.0,0.7853981633974483,1.0,1.0,900,30.205844341056157,114.04912904451429,-6.0514147900093755,866.4496991744909,435.3910511470324,0.5025000892283197,-109.7167259249404,-5.500520351683008,-919.0059550242074,-1903.8953092388742,unit
8.0,0.7853981633974483,1.0,1.0,901,30.205844341056157,114.04912904451429,-68.74047592020268,866.4468387087686,313.7133194541936,0.3620687449465545,-353.0693288448957,54.987824367843814,-2.2964192277771076,-950.0857109686893,unit
8.0,0.7853981633974483,2.0,0.25,900,122.42638142148658,1873.5273584949146,2700.5777788978735,14724.578759245127,7043.3498904736725,0.4783396527422804,-2511.4063367926965,14198.179617812375,6345.664959142245,-5029.257162507795,unit
8.0,0.7853981633974483,2.0,0.25,901,112.06260916431326,1569.7535465892033,-1129.939558859013,11490.706498472242,4203.367227160715,0.3658058125250678,-4653.725590740016,4194.328491591876,27398.182452992078,6928.8085899104935,unit
8.0,0.7853981633974483,2.0,1.0,900,60.411688682112434,456.19651617805897,-6.019083946891511,3465.7987966979786,1741.564204588136,0.5025000892283193,-438.8669036997657,-22.002081406846855,-3676.023820097221,-7613.376742000224,unit
8.0,0.7853981633974483,2.0,1.0,901,60.411688682112434,456.19651617805897,-274.9619036807523,3465.7873548350894,1254.8532778167798,0.3620687449465545,-1412.2773153795888,219.95129747125225,-9.185676911342853,-3800.342843874542,unit
8.0,1.1780972450961724,1.0,0.25,900,61.21319071074327,468.3818396237283,-501.15566034343,3449.133943649324,1011.0930806770242,0.2931440463594309,-1895.3296219190038,3282.9218137105936,966.5488859312668,-2086.4717427498226,unit
8.0,1.1780972450961724,1.0,0.25,901,56.031304582156615,392.4383866473006,-803.0067699346704,2714.8976481845834,496.02773571172725,0.18270586960927035,-2115.2805634084298,894.7388170598674,6433.689797137178,1782.127886427234,unit
8.0,1.1780972450961724,1.0,1.0,900,30.205844341056157,114.04912904451429,-122.68023025339618,811.6370168773773,257.4008934293757,0.3171379423029248,-410.8843590631402,-51.61009096852132,-1079.84149309952,-1880.7150956944954,unit
8.0,1.1780972450961724,1.0,1.0,901,30.205844341056157,114.04912904451429,-80.58159998959758,811.634065788694,161.1540390894428,0.19855504578019853,-603.3751166543227,66.75838035634195,60.216420938504825,-778.173339126891,unit
8.0,1.1780972450961724,2.0,0.25,900,122.42638142148658,1873.5273584949146,-1976.9238691552077,13796.535774597305,4044.3723227080986,0.29314404635943087,-7581.318487676022,13131.687254842367,3866.1955437248853,-6605.98966855213,unit
8.0,1.1780972450961724,2.0,0.25,901,112.06260916431326,1569.7535465892033,-3046.5568107610734,10859.590592738337,1984.1109428469101,0.1827058696092704,-8461.12225363372,3578.955268239377,25734.759188548836,6652.615183629043,unit
8.0,1.1780972450961724,2.0,1.0,900,60.411688682112434,456.19651617805897,-464.91228360368416,3246.5480675095223,1029.6035737175068,0.3171379423029248,-1643.5374362525677,-206.44036387418146,-4319.36597239876,-7520.31891481578,unit
8.0,1.1780972450961724,2.0,1.0,901,60.411688682112434,456.19651617805897,-322.32639995748525,3246.5362631547896,644.6161563577739,0.19855504578019853,-2413.500466617301,267.03352142524614,240.8656837536239,-3112.69335650779,unit
8.0,1.5707963267948966,1.0,0.25,900,61.21319071074327,468.3818396237283,-1748.6971556786746,3129.7094283987694,159.33204803163713,0.05090953383271591,-3279.4271719592234,2880.5930670183443,328.88845482146417,-2269.300672682998,unit
8.0,1.5707963267948966,1.0,0.25,901,56.031304582156615,392.4383866473006,-1105.2485637449236,2495.908755724183,-0.40132576025073596,-0.00016079344220029074,-2889.1497938919847,701.8088758797771,5584.250158749219,1642.958286935577,unit
8.0,1.5707963267948966,1.0,1.0,900,30.205844341056157,114.04912904451429,-253.13039760610553,739.5691894399761,51.23686525896403,0.06927933990565793,-751.1445879665623,-79.45745006435024,-1176.870467093025,-1737.0462071582444,unit
8.0,1.5707963267948966,1.0,1.0,901,30.205844341056157,114.04912904451429,-57.40299872149081,739.5673616229082,22.796006264053524,0.03082343468217678,-808.0244781393154,88.7145141241723,59.586653485037004,-582.0867794013204,unit
8.0,1.5707963267948966,2.0,0.25,900,122.42638142148658,1873.5273584949146,-6943.857446376512,12518.837713595089,637.3281921265491,0.05090953383271591,-13117.708687836905,11522.372268073514,1315.5538192859112,-7581.6278415730885,unit
8.0,1.5707963267948966,2.0,0.25,901,112.06260916431326,1569.7535465892033,-3766.9122615910837,9983.635022896735,-1.6053030410026203,-0.00016079344220025827,-11556.599175567944,2807.235503519064,22337.00063499676,6251.537291014218,unit
8.0,1.5707963267948966,2.0,1.0,900,60.411688682112434,456.19651617805897,-982.1292530664464,2958.276757759916,204.94746103585692,0.06927933990565793,-3004.578351866261,-317.8298002575184,-4707.481868372175,-6945.0657977729725,unit
8.0,1.5707963267948966,2.0,1.0,901,60.411688682112434,456.19651617805897,-229.61199488540547,2958.2694464916444,91.18402505621435,0.030823434682176742,-3232.097912557275,354.8580564967176,238.34661393997362,-2328.3471176051744,unit
8.0,2.356194490192345,1.0,0.25,900,61.21319071074327,468.3818396237283,-3311.229094188706,2315.323025652806,-1160.8528368598252,-0.5013783493698563,-5105.410538996185,1887.6658225404324,-946.1513533259287,-2055.2152939604953,unit
8.0,2.356194490192345,1.0,0.25,901,56.031304582156615,392.4383866473006,-1639.5984255426467,1921.1060213879475,-757.6113068450534,-0.3943620489501665,-3828.7670217253553,264.67040981507876,2662.9473262248866,892.5396264159689,unit
8.0,2.356194490192345,1.0,1.0,900,30.205844341056157,114.04912904451429,-517.3738278138247,561.1215525934869,-281.33948089862497,-0.5013877645552597,-1237.849643435251,-63.76915183014276,-1193.2596062267273,-1142.0074523582434,unit
8.0,2.356194490192345,1.0,1.0,901,30.205844341056157,114.04912904451429,-276.96578129470015,561.1242443681318,-204.21259059179107,-0.36393471257288096,-1083.5985545962283,163.01355855181708,-245.0486895754265,-255.9117967348123,unit
8.0,2.356194490192345,2.0,0.25,900,122.42638142148658,1873.5273584949146,-13166.213803359025,9261.29210261123,-4643.4113474393025,-0.501378349369856,-20421.642155984748,7550.66329016182,-3784.605413303267,-7472.5222733791015,unit
8.0,2.356194490192345,2.0,0.25,901,112.06260916431326,1569.7535465892033,-5915.890694542783,7684.424085551793,-3030.4452273802144,-0.39436204895016647,-15315.068086901425,1058.6816392603232,10651.789304899585,5202.150904849128,unit
8.0,2.356194490192345,2.0,1.0,900,60.411688682112434,456.19651617805897,-2057.884880934322,2244.486210373957,-1125.3579235945042,-0.5013877645552595,-4951.398573741024,-255.07660732066597,-4773.038424907336,-4563.5986106183445,unit
8.0,2.356194490192345,2.0,1.0,901,60.411688682112434,456.19651617805897,-1107.8631251789125,2244.496977472536,-816.8503623671675,-0.36393471257288096,-4334.394218384929,652.0542342073229,-980.1947583013159,-1023.6471869392071,unit
0.0,0.0,1.0,0.25,900,0.0,529.0578276419558,-309.1376156930516,0.0,0.0,,-529.0578276419558,-869.864766199395,-2451.6206594621767,-1879.277209678135,state
0.0,0.0,1.0,0.25,901,0.0,550.257660451266,-410.55168202045195,0.0,0.0,,-550.257660451266,-439.25863341346997,-1086.6071707040282,-1965.7170500213135,state
0.0,0.0,1.0,1.0,900,0.0,160.54962501336811,-77.53955562714779,0.0,0.0,,-160.54962501336811,-192.73475279041736,-289.6490518199799,-412.70159760535927,state
0.0,0.0,1.0,1.0,901,0.0,160.54962501336811,-77.53955562714779,0.0,0.0,,-160.54962501336811,-192.73475279041736,-289.6490518199799,-412.70159760535927,state
0.0,0.0,2.0,0.25,900,0.0,2116.2313105678218,-905.5981652776817,0.0,0.0,,-2116.2313105678218,-3479.4590647975865,-9806.48263784872,-6038.366257024863,state
0.0,0.0,2.0,0.25,901,0.0,2201.0306418050636,-1478.4079141811515,0.0,0.0,,-2201.0306418050636,-1757.0345336538865,-4346.428682816119,-4336.068193415574,state
0.0,0.0,2.0,1.0,900,0.0,642.1985000534721,-278.38481129264636,0.0,0.0,,-642.1985000534721,-770.939011161668,-1158.5962072799225,-1609.695284854712,state
0.0,0.0,2.0,1.0,901,0.0,642.1985000534721,-278.38481129264636,0.0,0.0,,-642.1985000534721,-770.939011161668,-1158.5962072799225,-1609.695284854712,state
0.0,0.39269908169872414,1.0,0.25,900,0.0,529.0578276419558,-309.1376156930516,0.0,0.0,,-529.0578276419558,-869.864766199395,-2451.6206594621767,-1879.277209678135,state
0.0,0.39269908169872414,1.0,0.25,901,0.0,550.257660451266,-410.55168202045195,0.0,0.0,,-550.257660451266,-439.25863341346997,-1086.6071707040282,-1965.7170500213135,state
0.0,0.39269908169872414,1.0,1.0,900,0.0,160.54962501336811,-77.53955562714779,0.0,0.0,,-160.54962501336811,-192.73475279041736,-289.6490518199799,-412.70159760535927,state
0.0,0.39269908169872414,1.0,1.0,901,0.0,160.54962501336811,-77.53955562714779,0.0,0.0,,-160.54962501336811,-192.73475279041736,-289.6490518199799,-412.70159760535927,state
0.0,0.39269908169872414,2.0,0.25,900,0.0,2116.2313105678218,-905.5981652776817,0.0,0.0,,-2116.2313105678218,-3479.4590647975865,-9806.48263784872,-6038.366257024863,state
0.0,0.39269908169872414,2.0,0.25,901,0.0,2201.0306418050636,-1478.4079141811515,0.0,0.0,,-2201.0306418050636,-1757.0345336538865,-4346.428682816119,-4336.068193415574,state
0.0,0.39269908169872414,2.0,1.0,900,0.0,642.1985000534721,-278.38481129264636,0.0,0.0,,-642.1985000534721,-770.939011161668,-1158.5962072799225,-1609.695284854712,state
0.0,0.39269908169872414,2.0,1.0,901,0.0,642.1985000534721,-278.38481129264636,0.0,0.0,,-642.1985000534721,-770.939011161668,-1158.5962072799225,-1609.695284854712,state
0.0,0.7853981633974483,1.0,0.25,900,0.0,529.0578276419558,-309.1376156930516,0.0,0.0,,-529.0578276419558,-869.864766199395,-2451.6206594621767,-1879.277209678135,state
0.0,0.7853981633974483,1.0,0.25,901,0.0,550.257660451266,-410.55168202045195,0.0,0.0,,-550.257660451266,-439.25863341346997,-1086.6071707040282,-1965.7170500213135,state
0.0,0.7853981633974483,1.0,1.0,900,0.0,160.54962501336811,-77.53955562714779,0.0,0.0,,-160.54962501336811,-192.73475279041736,-289.6490518199799,-412.70159760535927,state
0.0,0.7853981633974483,1.0,1.0,901,0.0,160.54962501336811,-77.53955562714779,0.0,0.0,,-160.54962501336811,-192.73475279041736,-289.6490518199799,-412.70159760535927,state
0.0,0.7853981633974483,2.0,0.25,900,0.0,2116.2313105678218,-905.5981652776817,0.0,0.0,,-2116.2313105678218,-3479.4590647975865,-9806.48263784872,-6038.366257024863,state
0.0,0.7853981633974483,2.0,0.25,901,0.0,2201.0306418050636,-1478.4079141811515,0.0,0.0,,-2201.0306418050636,-1757.0345336538865,-4346.428682816119,-4336.068193415574,state
0.0,0.7853981633974483,2.0,1.0,900,0.0,642.1985000534721,-278.38481129264636,0.0,0.0,,-642.1985000534721,-770.939011161668,-1158.5962072799225,-1609.695284854712,state
0.0,0.7853981633974483,2.0,1.0,901,0.0,642.1985000534721,-278.38481129264636,0.0,0.0,,-642.1985000534721,-770.939011161668,-1158.5962072799225,-1609.695284854712,state
0.0,1.1780972450961724,1.0,0.25,900,0.0,529.0578276419558,-309.1376156930516,0.0,0.0,,-529.0578276419558,-869.864766199395,-2451.6206594621767,-1879.277209678135,state
0.0,1.1780972450961724,1.0,0.25,901,0.0,550.257660451266,-410.55168202045195,0.0,0.0,,-550.257660451266,-439.25863341346997,-1086.6071707040282,-1965.7170500213135,state
0.0,1.1780972450961724,1.0,1.0,900,0.0,160.54962501336811,-77.53955562714779,0.0,0.0,,-160.54962501336811,-192.73475279041736,-289.6490518199799,-412.70159760535927,state
0.0,1.1780972450961724,1.0,1.0,901,0.0,160.54962501336811,-77.53955562714779,0.0,0.0,,-160.54962501336811,-192.73475279041736,-289.6490518199799,-412.70159760535927,state
0.0,1.1780972450961724,2.0,0.25,900,0.0,2116.2313105678218,-905.5981652776817,0.0,0.0,,-2116.2313105678218,-3479.4590647975865,-9806.48263784872,-6038.366257024863,state
0.0,1.1780972450961724,2.0,0.25,901,0.0,2201.0306418050636,-1478.4079141811515,0.0,0.0,,-2201.0306418050636,-1757.0345336538865,-4346.428682816119,-4336.068193415574,state
0.0,1.1780972450961724,2.0,1.0,900,0.0,642.1985000534721,-278.38481129264636,0.0,0.0,,-642.1985000534721,-770.939011161668,-1158.5962072799225,-1609.695284854712,state
0.0,1.1780972450961724,2.0,1.0,901,0.0,642.1985000534721,-278.38481129264636,0.0,0.0,,-642.1985000534721,-770.939011161668,-1158.5962072799225,-1609.695284854712,state
0.0,1.5707963267948966,1.0,0.25,900,0.0,529.0578276419558,-309.1376156930516,0.0,0.0,,-529.0578276419558,-869.864766199395,-2451.6206594621767,-1879.277209678135,state
0.0,1.5707963267948966,1.0,0.25,901,0.0,550.257660451266,-410.55168202045195,0.0,0.0,,-550.257660451266,-439.25863341346997,-1086.6071707040282,-1965.7170500213135,state
0.0,1.5707963267948966,1.0,1.0,900,0.0,160.54962501336811,-77.53955562714779,0.0,0.0,,-160.54962501336811,-192.73475279041736,-289.6490518199799,-412.70159760535927,state
0.0,1.5707963267948966,1.0,1.0,901,0.0,160.54962501336811,-77.53955562714779,0.0,0.0,,-160.54962501336811,-192.73475279041736,-289.6490518199799,-412.70159760535927,state
0.0,1.5707963267948966,2.0,0.25,900,0.0,2116.2313105678218,-905.5981652776817,0.0,0.0,,-2116.2313105678218,-3479.4590647975865,-9806.48263784872,-6038.366257024863,state
0.0,1.5707963267948966,2.0,0.25,901,0.0,2201.0306418050636,-1478.4079141811515,0.0,0.0,,-2201.0306418050636,-1757.0345336538865,-4346.428682816119,-4336.068193415574,state
0.0,1.5707963267948966,2.0,1.0,900,0.0,642.1985000534721,-278.38481129264636,0.0,0.0,,-642.1985000534721,-770.939011161668,-1158.5962072799225,-1609.695284854712,state
0.0,1.5707963267948966,2.0,1.0,901,0.0,642.1985000534721,-278.38481129264636,0.0,0.0,,-642.1985000534721,-770.939011161668,-1158.5962072799225,-1609.695284854712,state
0.0,2.356194490192345,1.0,0.25,900,0.0,529.0578276419558,-309.1376156930516,0.0,0.0,,-529.0578276419558,-869.864766199395,-2451.6206594621767,-1879.277209678135,state
0.0,2.356194490192345,1.0,0.25,901,0.0,550.257660451266,-410.55168202045195,0.0,0.0,,-550.257660451266,-439.25863341346997,-1086.6071707040282,-1965.7170500213135,state
0.0,2.356194490192345,1.0,1.0,900,0.0,160.54962501336811,-77.53955562714779,0.0,0.0,,-160.54962501336811,-192.73475279041736,-289.6490518199799,-412.70159760535927,state
0.0,2.356194490192345,1.0,1.0,901,0.0,160.54962501336811,-77.53955562714779,0.0,0.0,,-160.54962501336811,-192.73475279041736,-289.6490518199799,-412.70159760535927,state
0.0,2.356194490192345,2.0,0.25,900,0.0,2116.2313105678218,-905.5981652776817,0.0,0.0,,-2116.2313105678218,-3479.4590647975865,-9806.48263784872,-6038.366257024863,state
0.0,2.356194490192345,2.0,0.25,901,0.0,2201.0306418050636,-1478.4079141811515,0.0,0.0,,-2201.0306418050636,-1757.0345336538865,-4346.428682816119,-4336.068193415574,state
0.0,2.356194490192345,2.0,1.0,900,0.0,642.1985000534721,-278.38481129264636,0.0,0.0,,-642.1985000534721,-770.939011161668,-1158.5962072799225,-1609.695284854712,state
0.0,2.356194490192345,2.0,1.0,901,0.0,642.1985000534721,-278.38481129264636,0.0,0.0,,-642.1985000534721,-770.939011161668,-1158.5962072799225,-1609.695284854712,state
0.5,0.0,1.0,0.25,900,16.264344862950303,529.0578276419558,-155.84238066217097,278.3086643635514,201.33527175690057,0.723424375656155,-404.695948491706,-749.5764262883306,-1851.2925192705882,-1709.8763103388642,state
0.5,0.0,1.0,0.25,901,16.587007874406794,550.257660451266,-205.20978481187194,262.4546093929152,199.21165195433568,0.7590327806211251,-414.28896593550985,-274.0286002199415,-1030.0907255800062,-1645.540876697502,state
0.5,0.0,1.0,1.0,900,8.959621225625783,160.54962501336811,-43.561848050926116,80.2748125066841,61.097862452213235,0.7611087530989363,-118.62871261562574,-125.76386594709919,-61.70469188104826,-294.65558733707456,state
0.5,0.0,1.0,1.0,901,8.959621225625783,160.54962501336811,-18.064504128778854,80.27481250668406,58.12432668966873,0.7240668009636151,-124.57578414071472,-139.4465935113315,-333.8202083611521,-370.8480356891802,state
0.5,0.0,2.0,0.25,900,32.52868972590059,2116.2313105678218,-299.959764452582,1113.2346574542044,805.3410870276016,0.7234243756561552,-1618.783793966823,-2998.305705153328,-7405.1700770823445,-5331.373785305016,state
0.5,0.0,2.0,0.25,901,33.17401574881359,2201.0306418050636,-650.4266961113615,1049.8184375716608,796.8466078173427,0.7590327806211251,-1657.155863742039,-1096.1144008797737,-4120.3629023200365,-3063.5895100957428,state
0.5,0.0,2.0,1.0,900,17.919242451251563,642.1985000534721,-146.80531615588896,321.09925002673623,244.39144980885283,0.7611087530989363,-474.5148504625027,-503.0554637884061,-246.8187675242035,-1135.435604489265,state
0.5,0.0,2.0,1.0,901,17.919242451251563,642.1985000534721,-36.53325967246849,321.0992500267362,232.49730675867485,0.7240668009636151,-498.3031365628586,-557.7863740453319,-1335.280833444613,-1440.8061835970589,state
0.5,0.39269908169872414,1.0,0.25,900,16.264344862950303,529.0578276419558,-154.05358974147242,274.5485503913674,181.75784793001233,0.662024431274241,-440.09068217329855,-734.0749399103885,-1921.3095952643448,-1720.5706308777499,state
0.5,0.39269908169872414,1.0,0.25,901,16.587007874406794,550.257660451266,-163.12801569777528,257.0803305618014,188.1991549120457,0.7320636102372022,-430.939681188976,-264.31691370318083,-987.4797152605639,-1589.7900742149893,state
0.5,0.39269908169872414,1.0,1.0,900,8.959621225625783,160.54962501336811,-35.61430330630889,79.24848887573889,55.30471917189748,0.6978646527710443,-129.18867554531204,-115.8289916088672,-73.69729480892076,-286.09653944898236,state
0.5,0.39269908169872414,1.0,1.0,901,8.959621225625783,160.54962501336811,0.4936146605286272,79.24848970815535,55.14791383678649,0.6958859915170258,-129.50228704795046,-132.6917414778464,-327.2407247423639,-357.3744533091975,state
0.5,0.39269908169872414,2.0,0.25,900,32.52868972590059,2116.2313105678218,-294.42177530366865,1098.1942015654686,727.0313917200485,0.662024431274241,-1760.3627286931933,-2936.299759641555,-7685.238381057392,-5373.95947977804,state
0.5,0.39269908169872414,2.0,0.25,901,33.17401574881359,2201.0306418050636,-480.71712868970235,1028.3213222472057,752.7966196481829,0.7320636102372022,-1723.7587247559036,-1057.2676548127292,-3949.918861042269,-2840.6305110288104,state
0.5,0.39269908169872414,2.0,1.0,900,17.919242451251563,642.1985000534721,-115.05820895396482,316.99395550295543,221.21887668758984,0.6978646527710443,-516.7547021812479,-463.3159664354747,-294.78917923569713,-1101.365203330278,state
0.5,0.39269908169872414,2.0,1.0,901,17.919242451251563,642.1985000534721,37.022974950745315,316.9939588326212,220.5916553471459,0.6958859915170258,-518.0091481918016,-530.7669659113897,-1308.9628989694588,-1386.84391200919,state
0.5,0.7853981633974483,1.0,0.25,900,16.264344862950303,529.0578276419558,-193.6165623536813,263.37547991764603,129.44820488047122,0.4914967973516287,-533.5368977986593,-716.7199811691177,-2040.347788751892,-1718.683212037281,state
0.5,0.7853981633974483,1.0,0.25,901,16.587007874406794,550.257660451266,-203.71485931425642,245.5023394773977,143.37909641845306,0.5840233405663873,-509.0018070917576,-255.45023002793914,-957.6289906913456,-1546.074447124087,state
0.5,0.7853981633974483,1.0,1.0,900,8.959621225625783,160.54962501336811,-51.081965092276235,76.2322886770207,39.791516946579264,0.5219772046352575,-157.1988797972303,-107.53167648420555,-99.91035287881806,-279.56711010466694,state
0.5,0.7853981633974483,1.0,1.0,901,8.959621225625783,160.54962501336811,-3.573224619267161,76.23229021715778,42.61402756227943,0.5590023261912731,-151.55386010596703,-126.06840734408595,-324.3702677288741,-349.0201377459724,state
0.5,0.7853981633974483,2.0,0.25,900,32.52868972590059,2116.2313105678218,-453.29437145542994,1053.5019196705832,517.7928195218844,0.49149679735162866,-2134.1475911946363,-2866.87992467647,-8161.391155007559,-5367.333364201706,state
0.5,0.7853981633974483,2.0,0.25,901,33.17401574881359,2201.0306418050636,-642.7950019063468,982.0093579095908,573.5163856738122,0.5840233405663873,-2036.00722836703,-1021.8009201117547,-3830.515962765376,-2666.8204811567916,state
0.5,0.7853981633974483,2.0,1.0,900,17.919242451251563,642.1985000534721,-176.87276742398618,304.9291547080827,159.16606778631697,0.5219772046352574,-628.7955191889209,-430.12670593682196,-399.6414115152751,-1075.4786307805161,state
0.5,0.7853981633974483,2.0,1.0,901,17.919242451251563,642.1985000534721,20.05367632401597,304.929160868631,170.45611024911764,0.559002326191273,-606.2154404238679,-504.27362937634155,-1297.4810709154908,-1353.3476774041321,state
0.5,1.1780972450961724,1.0,0.25,900,16.264344862950303,529.0578276419558,-263.61863627913874,245.49414881828753,59.94616487670915,0.24418571752225646,-654.659646706825,-698.7267770959359,-2197.1280722385673,-1704.0598197497702,state
0.5,1.1780972450961724,1.0,0.25,901,16.587007874406794,550.257660451266,-329.0005829304891,228.68430224217352,74.4327318572048,0.32548247136955455,-630.0764989790299,-245.8804661978345,-944.8604795510902,-1517.5797843054058,state
0.5,1.1780972450961724,1.0,1.0,900,8.959621225625783,160.54962501336811,-84.82752903861686,71.40937456291951,19.063867973393567,0.2669659003468264,-193.83126362950048,-101.46686176853132,-137.89643003785022,-275.8792326509181,state
0.5,1.1780972450961724,1.0,1.0,901,8.959621225625783,160.54962501336811,-32.40340893865359,71.40937642739497,23.100603742130396,0.323495385310048,-185.7577939565023,-119.79126050896323,-325.87093449410037,-346.5334792780597,state
0.5,1.1780972450961724,2.0,0.25,900,32.52868972590059,2116.2313105678218,-733.0848967192629,981.976595273149,239.7846595068363,0.24418571752225646,-2618.6385868272982,-2794.9071083837525,-8788.512288954258,-5310.8681164558575,state
0.5,1.1780972450961724,2.0,0.25,901,33.17401574881359,2201.0306418050636,-1144.3853142571857,914.7372089686941,297.7309274288192,0.32548247136955455,-2520.305995916119,-983.5218647913389,-3779.4419182043653,-2553.373242809645,state
0.5,1.1780972450961724,2.0,1.0,900,17.919242451251563,642.1985000534721,-311.5905540893015,285.6374982516779,76.25547189357421,0.26696590034682627,-775.3250545180016,-405.8674470741237,-551.5857201514021,-1061.0007570274308,state
0.5,1.1780972450961724,2.0,1.0,901,17.919242451251563,642.1985000534721,-96.10752848006418,285.63750570957984,92.40241496852154,0.3234953853100479,-743.0311758260088,-479.16504203584884,-1303.4837379763899,-1343.3248917904853,state
0.5,1.5707963267948966,1.0,0.25,900,16.264344862950303,529.0578276419558,-345.06469326674625,222.02886482253416,-7.993595632902543,-0.03600250642767443,-767.073883730295,-681.5028889005057,-2377.5066521521358,-1678.4767466593983,state
0.5,1.5707963267948966,1.0,0.25,901,16.587007874406794,550.257660451266,-503.716456335288,207.76356853638117,-1.201140056459485,-0.005781283335288666,-760.4235091005662,-235.19499829995425,-951.6515401739583,-1507.4327073551551,state
0.5,1.5707963267948966,1.0,1.0,900,8.959621225625783,160.54962501336811,-124.96547674098923,65.06839475784001,-1.4189525231679272,-0.021807092805174195,-228.45592481754397,-98.08833394757914,-184.3010616068231,-275.835572401129,state
0.5,1.5707963267948966,1.0,1.0,901,8.959621225625783,160.54962501336811,-76.86515148543184,65.06839631846877,1.4548361841473811,0.022358568313669135,-222.7083489635421,-114.27086158537162,-331.845181384433,-350.3674677109694,state
0.5,1.5707963267948966,2.0,0.25,900,32.52868972590059,2116.2313105678218,-1057.557168495372,888.115459290136,-31.97438253161014,-0.03600250642767442,-3068.295534921178,-2726.01155560202,-9510.026608608552,-5210.912662304239,state
0.5,1.5707963267948966,2.0,0.25,901,33.17401574881359,2201.0306418050636,-1843.8747544189823,831.0542741455247,-4.80456022583794,-0.005781283335288666,-3041.694036402264,-940.7799931998102,-3806.606160695818,-2513.085384793249,state
0.5,1.5707963267948966,2.0,1.0,900,17.919242451251563,642.1985000534721,-471.5853185293031,260.27357903135993,-5.675810092671705,-0.02180709280517419,-913.8236992701754,-392.35333579031044,-737.2042464272834,-1061.1173196136824,state
0.5,1.5707963267948966,2.0,1.0,901,17.919242451251563,642.1985000534721,-274.8388970798385,260.2735852738749,5.819344736589525,0.02235856831366915,-890.833395854168,-457.08344634147727,-1327.380725537726,-1358.6046643406337,state
0.5,2.356194490192345,1.0,0.25,900,16.264344862950303,529.0578276419558,-470.54632775845334,164.3739108702482,-85.67403577911085,-0.5212143175612542,-864.7798100704257,-655.6983544072434,-2746.101955671129,-1609.9365366585307,state
0.5,2.356194490192345,1.0,0.25,901,16.587007874406794,550.257660451266,-777.0425441090259,158.33415703746454,-100.05760207850841,-0.6319394624043951,-908.7070216457473,-216.46964260681148,-1021.64666824476,-1556.1043649902542,state
0.5,2.356194490192345,1.0,1.0,900,8.959621225625783,160.54962501336811,-174.59163902188084,49.368410160379064,-25.77756653822474,-0.5221469853795837,-261.47316825019664,-100.42770463636282,-286.1839392719858,-289.3278021857615,state
0.5,2.356194490192345,1.0,1.0,901,8.959621225625783,160.54962501336811,-149.84859778660012,49.368408810734955,-27.594341774012566,-0.5589473600375042,-265.1067173721282,-108.13277073870208,-354.3967264652035,-377.39270003170446,state
0.5,2.356194490192345,2.0,0.25,900,32.52868972590059,2116.2313105678218,-1556.7108145578302,657.4956434809923,-342.6961431164431,-0.5212143175612542,-3459.1192402817005,-2622.7934176289727,-10984.40782268448,-4942.403148321022,state
0.5,2.356194490192345,2.0,0.25,901,33.17401574881359,2201.0306418050636,-2937.1324898145863,633.3366281498581,-400.23040831403364,-0.6319394624043951,-3634.8280865829893,-865.8785704272523,-4086.5866729790455,-2707.395363554645,state
0.5,2.356194490192345,2.0,1.0,900,17.919242451251563,642.1985000534721,-668.146705348951,197.47364064151617,-103.11026615289892,-0.5221469853795837,-1045.892673000786,-401.71081854544946,-1144.7357570879333,-1115.6287700430778,state
0.5,2.356194490192345,2.0,1.0,901,17.919242451251563,642.1985000534721,-568.0092205957345,197.4736352429397,-110.37736709605022,-0.5589473600375043,-1060.4268694885122,-432.5310829548097,-1417.586905860823,-1466.7161921030968,state
1.0,0.0,1.0,0.25,900,23.001257088297496,529.0578276419558,26.09382870138631,556.6173287271027,402.67054351380125,0.7234243756561552,-280.33406934145603,-536.7480919714153,-1439.5859608689693,-1436.1403958421877,state
1.0,0.0,1.0,0.25,901,23.45757149517541,550.257660451266,-3.4873672086980183,524.9092187858304,398.4233039086714,0.7590327806211252,-278.32027141975357,-51.94194999414685,-853.0495538714988,-1318.0409402824812,state
1.0,0.0,1.0,1.0,900,12.670817851005834,160.54962501336811,6.3024784379772765,160.54962501336814,122.19572490442646,0.7611087530989366,-76.70780021788335,-51.00241165666671,79.74355577081076,-187.95173347168827,state
1.0,0.0,1.0,1.0,901,12.670817851005834,160.54962501336811,40.61931109568198,160.54962501336811,116.24865337933745,0.7240668009636151,-88.60194326806132,-70.35400659185703,-305.08596906857184,-294.92710352271376,state
1.0,0.0,2.0,0.25,900,46.00251417659498,2116.2313105678218,423.82761400193584,2226.46931490841,1610.682174055204,0.7234243756561551,-1121.3362773658237,-2146.9923678856685,-5758.34384347589,-4220.412903336095,state
1.0,0.0,2.0,0.25,901,46.915142990350816,2201.0306418050636,159.36228325621815,2099.636875143321,1593.693215634685,0.7590327806211251,-1113.2810856790147,-207.7677999765947,-3412.198215485999,-1770.1630049088767,state
1.0,0.0,2.0,1.0,900,25.34163570201166,642.1985000534721,50.790791672540465,642.1985000534722,488.7828996177056,0.7611087530989366,-306.83120087153316,-204.0096466266691,318.9742230832378,-707.8170374991189,state
1.0,0.0,2.0,1.0,901,25.34163570201166,642.1985000534721,200.48490234075217,642.198500053472,464.99461351734953,0.7240668009636152,-354.40777307224505,-281.41602636743164,-1220.3438762742887,-1136.600210701397,state
1.0,0.39269908169872414,1.0,0.25,900,23.001257088297496,529.0578276419558,9.22313068887639,549.0971007827349,363.51569586002466,0.662024431274241,-351.1235367046413,-516.4975552482668,-1546.869088654396,-1458.2022619148179,state
1.0,0.39269908169872414,1.0,0.25,901,23.45757149517541,550.257660451266,46.952208550531196,514.1606611236028,376.3983098240915,0.7320636102372023,-311.6217019266859,-43.96084361620069,-799.8837125958964,-1249.902021342636,state
1.0,0.39269908169872414,1.0,1.0,900,12.670817851005834,160.54962501336811,11.765363088259296,158.49697775147777,110.60943834379496,0.6978646527710443,-97.82772607725596,-37.445804187427825,60.38529370633461,-177.77138184202224,state
1.0,0.39269908169872414,1.0,1.0,901,12.670817851005834,160.54962501336811,64.60418983949782,158.4969794163107,110.29582767357299,0.6958859915170258,-98.45494908253283,-61.69294937578155,-297.8146336822908,-278.51756507319925,state
1.0,0.39269908169872414,2.0,0.25,900,46.00251417659498,2116.2313105678218,354.2453043093788,2196.3884031309376,1454.0627834400977,0.6620244312742412,-1404.4941468185639,-2065.9902209930733,-6187.476354617589,-4308.145484653539,state
1.0,0.39269908169872414,2.0,0.25,901,46.915142990350816,2201.0306418050636,363.26019345413005,2056.642644494411,1505.593239296365,0.7320636102372021,-1246.4868077067445,-175.8433744648146,-3199.534850383592,-1499.1355992058404,state
1.0,0.39269908169872414,2.0,1.0,900,25.34163570201166,642.1985000534721,72.60297142674375,633.9879110059105,442.43775337517957,0.6978646527710445,-391.3109043090235,-149.78321674971266,241.5411748253348,-667.3465091900096,state
1.0,0.39269908169872414,2.0,1.0,901,25.34163570201166,642.1985000534721,295.39379640990023,633.9879176652423,441.18331069429166,0.6958859915170258,-393.8197963301311,-246.77179750312166,-1191.258534729159,-1070.8326065558097,state
1.0,0.7853981633974483,1.0,0.25,900,23.001257088297496,529.0578276419558,-99.85380700572563,526.7509598352922,258.89640976094245,0.4914967973516286,-538.0159679553631,-497.0876148233641,-1739.0120329961119,-1475.9706687270439,state
1.0,0.7853981633974483,1.0,0.25,901,23.45757149517541,550.257660451266,-58.40409123535198,491.0046789547954,286.7581928369061,0.5840233405663873,-467.7459537322492,-39.81457520935578,-778.9375840788813,-1210.3215250864362,state
1.0,0.7853981633974483,1.0,1.0,900,12.670817851005834,160.54962501336811,-25.99687853379713,152.4645773540414,79.58303389315851,0.5219772046352574,-153.8481345810925,-27.13401773764872,16.26187225226181,-174.14710507470193,state
1.0,0.7853981633974483,1.0,1.0,901,12.670817851005834,160.54962501336811,45.71032470914989,152.46458043431556,85.22805512455882,0.5590023261912728,-142.55809519856604,-54.04051107895384,-300.5471964415731,-272.84651528814175,state
1.0,0.7853981633974483,2.0,0.25,900,46.00251417659498,2116.2313105678218,-82.53532850655394,2107.0038393411673,1035.5856390437693,0.4914967973516287,-2152.0638718214504,-1988.3504592934626,-6956.048131984448,-4380.1926132700055,state
1.0,0.7853981633974483,2.0,0.25,901,46.915142990350816,2201.0306418050636,-57.46913903999276,1964.0187158191811,1147.0327713476242,0.5840233405663873,-1870.9838149289963,-159.25830083743404,-3115.750336315539,-1341.81147214807,state
1.0,0.7853981633974483,2.0,1.0,900,25.34163570201166,642.1985000534721,-78.31732572087607,609.8583094161653,318.3321355726339,0.5219772046352574,-615.3925383243696,-108.53607095059601,65.04748900903815,-653.1621625484644,state
1.0,0.7853981633974483,2.0,1.0,901,25.34163570201166,642.1985000534721,218.61151453453752,609.8583217372619,340.91222049823523,0.559002326191273,-570.2323807942636,-216.1620443158281,-1202.1887857663053,-1047.9816541320395,state
1.0,1.1780972450961724,1.0,0.25,900,23.001257088297496,529.0578276419558,-269.5947445989709,490.9882976365749,119.8923297534183,0.24418571752225654,-780.261465771694,-479.8397839035423,-1998.2991921091916,-1487.7170679199655,state
1.0,1.1780972450961724,1.0,0.25,901,23.45757149517541,550.257660451266,-314.13437743395326,457.36860448434703,148.8654637144096,0.32548247136955455,-709.8953375067938,-35.47727273920009,-795.3744143668358,-1200.230678648231,state
1.0,1.1780972450961724,1.0,1.0,900,12.670817851005834,160.54962501336811,-94.97953543903408,142.81874912583902,38.12773594678712,0.26696590034682627,-227.11290224563288,-20.782604052242505,-48.65891005364068,-177.82388475666892,state
1.0,1.1780972450961724,1.0,1.0,901,12.670817851005834,160.54962501336811,-17.123848191755958,142.81875285478995,46.201207484260784,0.32349538531004796,-210.9659628996365,-47.40424083835694,-313.8646688243276,-278.2712205824736,state
1.0,1.1780972450961724,2.0,0.25,900,46.00251417659498,2116.2313105678218,-760.1804539823205,1963.9531905462989,479.56931901367284,0.24418571752225646,-3121.045863086775,-1919.3591356141735,-7993.196768436771,-4429.659846143436,state
1.0,1.1780972450961724,2.0,0.25,901,46.915142990350816,2201.0306418050636,-1080.8388691370758,1829.4744179373874,595.4618548576381,0.3254824713695545,-2839.581350027175,-141.90909095680036,-3181.497657467343,-1301.635038925054,state
1.0,1.1780972450961724,2.0,1.0,900,25.34163570201166,642.1985000534721,-353.82142859582046,571.2749965033557,152.5109437871484,0.26696590034682627,-908.4516089825311,-83.13041620896138,-194.63564021456273,-668.2056435356117,state
1.0,1.1780972450961724,2.0,1.0,901,25.34163570201166,642.1985000534721,-34.00071954351036,571.2750114191595,184.80482993704302,0.32349538531004796,-843.8638515985456,-189.61696335342845,-1255.4586752973187,-1069.5062105588725,state
1.0,1.5707963267948966,1.0,0.25,900,23.001257088297496,529.0578276419558,-452.3734645406026,444.0577296450683,-15.987191265805087,-0.036002506427674434,-1005.0899398186343,-466.1829330778379,-2301.921084103179,-1493.6225576889208,state
1.0,1.5707963267948966,1.0,0.25,901,23.45757149517541,550.257660451266,-647.9394571600636,415.52713707276234,-2.4022801129189757,-0.0057812833352886795,-970.5893577498664,-29.13569869218668,-850.4060252891262,-1220.9001308646639,state
1.0,1.5707963267948966,1.0,1.0,900,12.670817851005834,160.54962501336811,-172.34144743078872,130.13678951568,-2.8379050463358526,-0.021807092805174184,-296.3622246217198,-18.877808732366475,-128.7947611231555,-189.3109761445664,state
1.0,1.5707963267948966,1.0,1.0,901,12.670817851005834,160.54962501336811,-104.65352572255846,130.13679263693754,2.9096723682947623,0.022358568313669135,-284.86707291371613,-42.15154471048686,-337.1120678637486,-294.6483634187716,state
1.0,1.5707963267948966,2.0,0.25,900,46.00251417659498,2116.2313105678218,-1489.112222400361,1776.2309185802724,-63.94876506322032,-0.036002506427674434,-4020.3597592745346,-1864.7317323113537,-9207.684336412707,-4457.111709747797,state
1.0,1.5707963267948966,2.0,0.25,901,46.915142990350816,2201.0306418050636,-2416.8250159572835,1662.108548291049,-9.609120451675878,-0.005781283335288666,-3882.357430999464,-116.54279476875217,-3401.6241011565103,-1384.0933131404067,state
1.0,1.5707963267948966,2.0,1.0,900,25.34163570201166,642.1985000534721,-662.4487349089097,520.5471580627197,-11.351620185343418,-0.02180709280517421,-1185.4488984868785,-75.51123492945908,-515.1790444926246,-714.5144247319403,state
1.0,1.5707963267948966,2.0,1.0,901,25.34163570201166,642.1985000534721,-385.3242692921826,520.5471705477496,11.638689473179026,0.022358568313669114,-1139.4682916548636,-168.60617884194994,-1348.4482714550018,-1134.841019559743,state
1.0,2.356194490192345,1.0,0.25,900,23.001257088297496,529.0578276419558,-698.5116662380941,328.7478217404964,-171.3480715582217,-0.5212143175612542,-1200.5017924988956,-456.14530979146707,-2937.9405642471884,-1497.9746452162292,state
1.0,2.356194490192345,1.0,0.25,901,23.45757149517541,550.257660451266,-1130.4179930221292,316.66831407492907,-200.11520415701685,-0.6319394624043951,-1267.1563828402288,-18.673019049982713,-1057.8841935070013,-1364.8765870613156,state
1.0,2.356194490192345,1.0,1.0,900,12.670817851005834,160.54962501336811,-264.4838886804506,98.73682032075813,-51.555133076449465,-0.5221469853795836,-362.3967114870252,-29.291667501458903,-307.1564324151092,-236.26376281098797,state
1.0,2.356194490192345,1.0,1.0,901,12.670817851005834,160.54962501336811,-235.2801441510631,98.73681762146991,-55.18868354802512,-0.5589473600375041,-369.66380973088826,-39.347168374439605,-404.2993331506791,-357.9302165311946,state
1.0,2.356194490192345,2.0,0.25,900,46.00251417659498,2116.2313105678218,-2469.012869966719,1314.9912869619852,-685.3922862328864,-0.5212143175612541,-4802.00716999558,-1824.5812391658762,-11751.762256988757,-4484.791714600168,state
1.0,2.356194490192345,2.0,0.25,901,46.915142990350816,2201.0306418050636,-4346.775117153407,1266.6732562997158,-800.4608166280669,-0.631939462404395,-5068.625531360913,-74.69207619993267,-4231.536774028013,-1958.308965629569,state
1.0,2.356194490192345,2.0,1.0,900,25.34163570201166,642.1985000534721,-1028.2825329286334,394.9472812830323,-206.22053230579772,-0.5221469853795835,-1449.5868459480998,-117.16667000584107,-1228.6257296604408,-902.9966138965839,state
1.0,2.356194490192345,2.0,1.0,901,25.34163570201166,642.1985000534721,-909.7787060137506,394.9472704858794,-220.7547341921004,-0.5589473600375042,-1478.6552389235524,-157.38867349776456,-1617.1973326027205,-1387.7819249438687,state
2.0,0.0,1.0,0.25,900,32.528689725900605,529.0578276419558,401.3309455445232,1113.2346574542055,805.3410870276023,0.723424375656155,-31.61031104095673,-72.7601025927529,-694.3024613994094,-845.4709063577217,state
2.0,0.0,1.0,0.25,901,33.17401574881359,550.257660451266,398.4582304564162,1049.8184375716608,796.8466078173427,0.7590327806211251,-6.382882388241342,415.7821323428607,-449.0442341018786,-661.1584628800177,state
2.0,0.0,1.0,1.0,900,17.919242451251566,160.54962501336811,112.61158442971517,321.0992500267364,244.39144980885294,0.7611087530989363,7.134024577601366,101.74745561938238,326.81218827268157,20.757899250467148,state
2.0,0.0,1.0,1.0,901,17.919242451251566,160.54962501336811,157.6592007489468,321.09925002673623,232.4973067586749,0.7240668009636151,-16.654261522754524,74.37757552128949,-217.41908675888484,-128.96064889170242,state
2.0,0.0,2.0,0.25,900,65.05737945180118,2116.2313105678218,1918.8545772235304,4452.938629816817,3221.3643481104064,0.7234243756561552,-126.44124416382647,-291.0404103710198,-2777.209845597633,-1836.661652260482,state
2.0,0.0,2.0,0.25,901,66.34803149762718,2201.0306418050636,1771.3214352939067,4199.273750286643,3187.386431269371,0.7590327806211251,-25.531529552964912,1663.12852937143,-1796.176936407519,828.8076348208558,state
2.0,0.0,2.0,1.0,900,35.838484902503126,642.1985000534721,473.4041560042323,1284.397000106945,977.5657992354113,0.7611087530989363,28.536098310405578,406.98982247751906,1307.248753090725,128.2863344826784,state
2.0,0.0,2.0,1.0,901,35.838484902503126,642.1985000534721,672.6603954560763,1284.3970001069447,929.9892270346994,0.7240668009636151,-66.61704609101798,297.5103020851584,-869.6763470355422,-472.37368141797066,state
2.0,0.39269908169872414,1.0,0.25,900,32.528689725900605,529.0578276419558,338.67596510889143,1098.1942015654697,727.0313917200493,0.662024431274241,-173.18924576732684,-47.465270012505925,-862.5517743620521,-890.5464984689331,state
2.0,0.39269908169872414,1.0,0.25,901,33.17401574881359,550.257660451266,451.6444968742202,1028.3213222472057,752.7966196481829,0.7320636102372022,-72.98574340210598,415.56253641014587,-388.04683516409204,-586.9511577899319,state
2.0,0.39269908169872414,1.0,1.0,900,17.919242451251566,160.54962501336811,108.78398816149372,316.99395550295554,221.21887668758993,0.6978646527710443,-35.105827141143806,119.9325406414157,294.6391508056762,31.30715064508464,state
2.0,0.39269908169872414,1.0,1.0,901,17.919242451251566,160.54962501336811,187.05841248002562,316.9939588326214,220.59165534714597,0.6958859915170258,-36.360273151697555,84.84266781775318,-211.20278480068419,-111.04580955052532,state
2.0,0.39269908169872414,2.0,0.25,900,65.05737945180118,2116.2313105678218,1665.5064411076605,4392.776806261874,2908.125566880194,0.662024431274241,-692.7569830693078,-189.86108005001643,-3450.2070974481785,-2015.788843083714,state
2.0,0.39269908169872414,2.0,0.25,901,66.34803149762718,2201.0306418050636,1987.5270768485423,4113.285288988823,3011.1864785927314,0.7320636102372022,-291.9429736084235,1662.2501456405735,-1552.18734065638,1121.4431878364605,state
2.0,0.39269908169872414,2.0,1.0,900,35.838484902503126,642.1985000534721,457.9663588166296,1267.9758220118217,884.8755067503594,0.6978646527710443,-140.4233085645751,479.7301625656755,1178.5566032227225,170.1896675303408,state
2.0,0.39269908169872414,2.0,1.0,901,35.838484902503126,642.1985000534721,788.788482042056,1267.9758353304849,882.3666213885836,0.6958859915170258,-145.44109260678988,339.3706712710032,-844.8111392027488,-400.4548851522749,state
2.0,0.7853981633974483,1.0,0.25,900,32.528689725900605,529.0578276419558,78.24184222072599,1053.5019196705841,517.7928195218849,0.4914967973516287,-546.9741082687701,-30.282824221604642,-1181.8779655068847,-956.5471304014637,state
2.0,0.7853981633974483,1.0,0.25,901,33.17401574881359,550.257660451266,206.73251865654402,982.0093579095908,573.5163856738122,0.5840233405663873,-385.23424701323233,404.64001362443014,-400.9628781670083,-575.4767473996455,state
2.0,0.7853981633974483,1.0,1.0,900,17.919242451251566,160.54962501336811,23.604784821706257,304.9291547080828,159.16606778631706,0.5219772046352575,-147.14664414881682,131.67083062938798,218.13409132631648,25.213190471517542,state
2.0,0.7853981633974483,1.0,1.0,901,17.919242451251566,160.54962501336811,134.05348043724493,304.92916086863113,170.45611024911773,0.5590023261912731,-124.56656538376379,92.23610851580281,-228.6512161108485,-115.31776454153275,state
2.0,0.7853981633974483,2.0,0.25,900,65.05737945180118,2116.2313105678218,623.6081409105424,4214.007678682333,2071.1712780875378,0.49149679735162866,-2187.896433075079,-121.13129688642857,-4727.511862027549,-2280.5614832352762,state
2.0,0.7853981633974483,2.0,0.25,901,66.34803149762718,2201.0306418050636,1009.2253240919163,3928.037431638363,2294.065542695249,0.5840233405663873,-1540.9369880529289,1618.5600544977224,-1603.8515126680359,1165.4929957094373,state
2.0,0.7853981633974483,2.0,1.0,900,35.838484902503126,642.1985000534721,117.57481370116044,1219.7166188323308,636.6642711452679,0.5219772046352574,-588.5865765952672,526.6833225175501,872.5363653052609,145.4126963247997,state
2.0,0.7853981633974483,2.0,1.0,901,35.838484902503126,642.1985000534721,574.2929899908748,1219.716643474524,681.8244409964706,0.559002326191273,-498.26626153505504,368.9444340632026,-914.604864443407,-417.1533920978715,state
2.0,1.1780972450961724,1.0,0.25,900,32.528689725900605,529.0578276419558,-302.9205097732032,981.9765952731501,239.7846595068366,0.24418571752225646,-1031.4651039014327,-22.2875124353086,-1623.6980942608413,-1038.0097938543424,state
2.0,1.1780972450961724,1.0,0.25,901,33.17401574881359,550.257660451266,-312.02375377270783,914.7372089686941,297.7309274288192,0.32548247136955455,-869.5330145623217,392.3811109476742,-493.19653031027224,-621.6870238388411,state
2.0,1.1780972450961724,1.0,1.0,900,17.919242451251566,160.54962501336811,-116.46986954699571,285.63749825167804,76.25547189357427,0.2669659003468264,-293.6761794778976,136.2020269259798,103.92152689694626,2.2289867921513693,state
2.0,1.1780972450961724,1.0,1.0,901,17.919242451251566,160.54962501336811,1.0682704789139021,285.6375057095799,92.40241496852158,0.323495385310048,-261.3823007859048,97.13930000035634,-269.87538435260205,-140.8762541063134,state
2.0,1.1780972450961724,2.0,0.25,900,65.05737945180118,2116.2313105678218,-898.6314675540467,3927.906381092596,959.1386380273452,0.24418571752225646,-4125.860415605727,-89.15004974123713,-6494.792377043366,-2609.174015649683,state
2.0,1.1780972450961724,2.0,0.25,901,66.34803149762718,2201.0306418050636,-1066.058317717115,3658.9488358747763,1190.9237097152768,0.32548247136955455,-3478.1320582492863,1569.524443790695,-1972.7861212411053,981.4677172215954,state
2.0,1.1780972450961724,2.0,1.0,900,35.838484902503126,642.1985000534721,-442.0089897529447,1142.5499930067117,305.02188757429684,0.26696590034682627,-1174.7047179115903,544.8081077039137,415.6861075877764,53.005015494318236,state
2.0,1.1780972450961724,2.0,1.0,901,35.838484902503126,642.1985000534721,40.56035433947041,1142.5500228383194,369.60965987408616,0.3234953853100479,-1045.5292031436193,388.5572000014215,-1079.5015374104169,-518.9370793777306,state
2.0,1.5707963267948966,1.0,0.25,900,32.528689725900605,529.0578276419558,-696.7210736696683,888.1154592901366,-31.97438253161017,-0.03600250642767443,-1481.1220519953126,-24.376619692439135,-2150.1404075893447,-1130.531792945672,state
2.0,1.5707963267948966,1.0,0.25,901,33.17401574881359,550.257660451266,-957.534468700757,831.0542741455247,-4.80456022583794,-0.005781283335288666,-1390.9210550484665,383.8095318228113,-661.8781826088925,-721.0642914373338,state
2.0,1.5707963267948966,1.0,1.0,900,17.919242451251566,160.54962501336811,-267.0726986673317,260.27357903136004,-5.675810092671709,-0.021807092805174195,-432.1748242300715,133.14948521015015,-38.42726401337069,-37.11388625127339,state
2.0,1.5707963267948966,1.0,1.0,901,17.919242451251566,160.54962501336811,-172.01994302416014,260.2735852738751,5.819344736589525,0.022358568313669135,-409.1845208140642,99.45908030423567,-332.3492474883586,-185.95064635870872,state
2.0,1.5707963267948966,2.0,0.25,900,65.05737945180118,2116.2313105678218,-2469.4470547963833,3552.461837160544,-127.89753012644056,-0.03600250642767442,-5924.488207981247,-97.50647876976927,-8600.561630357384,-2983.8577653670554,state
2.0,1.5707963267948966,2.0,0.25,901,66.34803149762718,2201.0306418050636,-3648.951391524157,3324.2170965820987,-19.21824090335176,-0.005781283335288666,-5563.684220193865,1535.2381272912316,-2647.512730435582,585.9014717608414,state
2.0,1.5707963267948966,2.0,1.0,900,35.838484902503126,642.1985000534721,-1043.2126461433004,1041.0943161254397,-22.70324037068682,-0.02180709280517419,-1728.6992969202854,532.597940840601,-153.7090560534998,-104.86713182772222,state
2.0,1.5707963267948966,2.0,1.0,901,35.838484902503126,642.1985000534721,-653.6837213452086,1041.0943410954997,23.2773789463581,0.02235856831366915,-1636.7380832562555,397.83632121694814,-1329.396989953434,-698.8017400778,state
2.0,2.356194490192345,1.0,0.25,900,32.528689725900605,529.0578276419558,-1181.8652232649704,657.4956434809928,-342.6961431164434,-0.5212143175612542,-1871.9457573558354,-63.09227543630982,-3279.1017881033636,-1339.2549987988807,state
2.0,2.356194490192345,1.0,0.25,901,33.17401574881359,550.257660451266,-1831.7363088348718,633.3366281498581,-400.23040831403364,-0.6319394624043951,-1984.0551052291914,366.56805059298676,-1172.2768395991407,-1075.39340661074,state
2.0,2.356194490192345,1.0,1.0,900,17.919242451251566,160.54962501336811,-441.3026877598084,197.47364064151625,-103.11026615289896,-0.5221469853795837,-564.2437979606823,104.21108687506057,-359.2238064105558,-159.25893858222076,state
2.0,2.356194490192345,1.0,1.0,901,17.919242451251566,160.54962501336811,-411.57875609401344,197.47363524293982,-110.37736709605026,-0.5589473600375042,-578.7779944484084,91.67267737989619,-497.9555180383498,-325.5721577549997,state
2.0,2.356194490192345,2.0,0.25,900,65.05737945180118,2116.2313105678218,-4402.644674881989,2629.982573923969,-1370.7845724657725,-0.5212143175612542,-7487.783029423335,-252.36910174524928,-13116.407152413467,-3831.584794488678,state
2.0,2.356194490192345,2.0,0.25,901,66.34803149762718,2201.0306418050636,-7145.942214471619,2533.3465125994326,-1600.9216332561346,-0.6319394624043951,-7936.220420916765,1466.2722023719552,-4689.10735839657,-824.9489412598442,state
2.0,2.356194490192345,2.0,1.0,900,35.838484902503126,642.1985000534721,-1736.2882592466265,789.8945625660647,-412.44106461159566,-0.5221469853795837,-2256.9751918427282,416.8443475002532,-1436.8952256422217,-594.3367967394478,state
2.0,2.356194490192345,2.0,1.0,901,35.838484902503126,642.1985000534721,-1614.920578594056,789.8945409717588,-441.5094683842009,-0.5589473600375043,-2315.111977793633,366.69070951958906,-1991.8220721533994,-1256.659892072938,state
4.0,0.0,1.0,0.25,900,46.00251417659499,529.0578276419558,1167.8772894387623,2226.469314908411,1610.682174055205,0.7234243756561552,465.83720556004323,909.4245498255896,685.7725730834168,396.95878994048525,state
4.0,0.0,1.0,0.25,901,46.91514299035082,550.257660451266,1200.2602627826836,2099.6368751433215,1593.6932156346857,0.7590327806211252,537.4918956747838,1384.5361321637174,429.5681556692439,661.069730440018,state
4.0,0.0,1.0,1.0,900,25.34163570201167,160.54962501336811,334.5359623119807,642.1985000534726,488.7828996177058,0.7611087530989366,174.81767416857096,411.81079892341245,770.2812037912045,431.62463238759784,state
4.0,0.0,1.0,1.0,901,25.34163570201167,160.54962501336811,391.2754845772101,642.1985000534725,464.9946135173498,0.7240668009636151,127.24110196785907,373.09875911378083,0.621669969725076,223.0540456421189,state
4.0,0.0,2.0,0.25,900,92.00502835318996,2116.2313105678218,4977.077662813829,8905.87725963364,6442.728696220816,0.7234243756561551,1863.3488222401706,3637.6981993023583,2743.0902923336835,3164.256152872584,state
4.0,0.0,2.0,0.25,901,93.83028598070163,2201.0306418050636,4987.123496890847,8398.547500573284,6374.77286253874,0.7590327806211251,2149.967582699132,5538.144528654866,1718.2726226769682,6045.750967903409,state
4.0,0.0,2.0,1.0,900,50.68327140402332,642.1985000534721,1358.173639085483,2568.794000213889,1955.1315984708224,0.7611087530989366,699.2706966742837,1647.2431956936534,3081.1248151648197,1773.0989394113483,state
4.0,0.0,2.0,1.0,901,50.68327140402332,642.1985000534721,1616.0273941014218,2568.794000213888,1859.9784540693981,0.7240668009636152,508.96440787143615,1492.3950364551001,2.486679878866653,935.0131181016638,state
4.0,0.39269908169872414,1.0,0.25,900,46.00251417659499,529.0578276419558,1001.6773453571899,2196.3884031309394,1454.0627834400987,0.662024431274241,182.6793361073021,938.5093429206199,414.7759955623401,305.4614724446611,state
4.0,0.39269908169872414,1.0,0.25,901,46.91514299035082,550.257660451266,1239.228173700597,2056.6426444944113,1505.593239296366,0.7320636102372023,404.2861736470545,1361.2124069871384,487.4505948182523,721.5151507654148,state
4.0,0.39269908169872414,1.0,1.0,900,25.34163570201167,160.54962501336811,306.01636009755504,633.9879110059111,442.43775337517985,0.6978646527710443,90.3379707310805,435.554686553033,715.1890164397396,438.81279129739266,state
4.0,0.39269908169872414,1.0,1.0,901,25.34163570201167,160.54962501336811,423.8111903698108,633.9879176652428,441.18331069429195,0.6958859915170258,87.829078709973,384.33165000491647,1.2790101835270207,237.7742695689125,state
4.0,0.39269908169872414,2.0,0.25,900,92.00502835318996,2116.2313105678218,4308.386673450084,8785.55361252375,5816.251133760391,0.6620244312742412,730.7173444292098,3754.0373716824524,1659.1039822493276,2798.5277392281837,state
4.0,0.39269908169872414,2.0,0.25,901,93.83028598070163,2201.0306418050636,5147.302347351928,8226.570577977644,6022.37295718546,0.7320636102372021,1617.144694588213,5444.849627948548,1949.8023792730019,6282.2159495865835,state
4.0,0.39269908169872414,2.0,1.0,900,50.68327140402332,642.1985000534721,1244.3380094885847,2535.951644023642,1769.7510135007183,0.6978646527710445,361.35188292432235,1742.2187462121296,2860.7560657589515,1801.6118206798637,state
4.0,0.39269908169872414,2.0,1.0,901,50.68327140402332,642.1985000534721,1744.2933251226427,2535.9516706609693,1764.7332427771667,0.6958859915170258,351.3163148398919,1537.3266000196572,5.116040734103535,994.5403722061915,state
4.0,0.7853981633974483,1.0,0.25,900,46.00251417659499,529.0578276419558,421.01334080262893,2107.0038393411687,1035.5856390437698,0.4914967973516286,-564.8903888955849,942.2742803871333,-132.00950146061518,130.377863566988,state
4.0,0.7853981633974483,1.0,0.25,901,46.91514299035082,550.257660451266,701.1218905482843,1964.0187158191816,1147.0327713476245,0.5840233405663873,-220.21083357519865,1312.193163528429,384.10786756956304,648.3719719722188,state
4.0,0.7853981633974483,1.0,1.0,900,25.34163570201167,160.54962501336811,122.00411731773643,609.8583094161656,318.33213557263406,0.5219772046352574,-133.74366328426564,446.4655789298786,578.7842868524388,407.7155178970297,state
4.0,0.7853981633974483,1.0,1.0,901,25.34163570201167,160.54962501336811,296.2809531427108,609.8583217372623,340.9122204982353,0.5590023261912728,-88.5835057541598,387.93007145961235,-50.56480600934128,207.1137850499881,state
4.0,0.7853981633974483,2.0,0.25,900,92.00502835318996,2116.2313105678218,1985.9059961474964,8428.01535736467,4142.342556175077,0.4914967973516287,-2259.5615555823365,3769.0971215485315,-528.0380058424698,2096.5006617301897,state
4.0,0.7853981633974483,2.0,0.25,901,93.83028598070163,2201.0306418050636,2996.3223588721157,7856.0748632767245,4588.131085390497,0.5840233405663873,-880.8433343007941,5248.772654113718,1536.431470278254,5988.685034592352,state
4.0,0.7853981633974483,2.0,1.0,900,50.68327140402332,642.1985000534721,509.18396841161444,2439.433237664661,1273.3285422905356,0.5219772046352574,-534.9746531370622,1785.8623157195175,2315.1371474097655,1676.8433572160816,state
4.0,0.7853981633974483,2.0,1.0,901,50.68327140402332,642.1985000534721,1230.8171586114347,2439.4332869490477,1363.648881992941,0.559002326191273,-354.33402301663796,1551.7202858384417,-202.2592240373856,872.8958496597494,state
4.0,1.1780972450961724,1.0,0.25,900,46.00251417659499,529.0578276419558,-400.2484669986229,1963.9531905462995,479.5693190136732,0.24418571752225654,-1533.872380160909,920.7877495066523,-907.1029432479754,-114.52923272574554,state
4.0,1.1780972450961724,1.0,0.25,901,46.91514299035082,550.257660451266,-346.7154201777351,1829.4744179373881,595.4618548576384,0.32548247136955455,-1188.8083686733773,1258.070907794815,115.69285814611612,461.53701661746373,state
4.0,1.1780972450961724,1.0,1.0,900,25.34163570201167,160.54962501336811,-161.12824944477552,571.2749965033561,152.51094378714848,0.26696590034682627,-426.80273394242727,443.9715400311859,372.46190201802847,339.6377756989322,state
4.0,1.1780972450961724,1.0,1.0,901,25.34163570201167,160.54962501336811,19.962924701797,571.2750114191598,184.80482993704314,0.32349538531004796,-362.21497655844166,385.9004075694311,-153.6454201974501,135.15687328256627,state
4.0,1.1780972450961724,2.0,0.25,900,92.00502835318996,2116.2313105678218,-1294.6285040294265,7855.812762185195,1918.2772760546914,0.24418571752225646,-6135.489520643634,3683.1509980266055,-3628.4117729919026,1114.3614792695146,state
4.0,1.1780972450961724,2.0,0.25,901,93.83028598070163,2201.0306418050636,-1194.4224178702177,7317.89767174955,2381.8474194305522,0.3254824713695545,-4755.2334746935085,5032.283631179242,462.77143258444266,5243.227732052071,state
4.0,1.1780972450961724,2.0,1.0,900,50.68327140402332,642.1985000534721,-622.3059616873097,2285.099986013423,610.0437751485936,0.26696590034682627,-1707.210935769708,1775.8861601247422,1489.8476080721216,1403.9269582562533,state
4.0,1.1780972450961724,2.0,1.0,901,50.68327140402332,642.1985000534721,121.09842197903863,2285.100045676638,739.2193197481721,0.32349538531004796,-1448.8599062337657,1543.6016302777225,-614.581680789795,586.2805029161223,state
4.0,1.5707963267948966,1.0,0.25,900,46.00251417659499,529.0578276419558,-1227.355144747109,1776.2309185802733,-63.94876506322035,-0.036002506427674434,-2433.1862763486697,875.0276838620689,-1845.7170342386783,-413.7133654443613,state
4.0,1.5707963267948966,1.0,0.25,901,46.91514299035082,550.257660451266,-1606.567146446487,1662.1085482910494,-9.609120451675903,-0.0057812833352886795,-2231.5844496456675,1210.8690260475878,-304.5694258042472,180.08442992999454,state
4.0,1.5707963267948966,1.0,1.0,900,25.34163570201167,160.54962501336811,-456.5059408594501,520.54715806272,-11.35162018534341,-0.021807092805174184,-703.8000234467748,428.1619359554621,113.11114433424302,237.80230899322578,state
4.0,1.5707963267948966,1.0,1.0,901,25.34163570201167,160.54962501336811,-323.42588717885945,520.5471705477502,11.63868947317905,0.022358568313669135,-657.8194166147601,378.9637647385574,-301.19095698647817,27.562248606474434,state
4.0,1.5707963267948966,2.0,0.25,900,92.00502835318996,2116.2313105678218,-4595.095729999947,7104.9236743210895,-255.79506025288129,-0.036002506427674434,-9732.745105394673,3500.110735448241,-7382.868136954721,-87.38163829723577,state
4.0,1.5707963267948966,2.0,0.25,901,93.83028598070163,2201.0306418050636,-6234.999171738555,6648.434193164196,-38.43648180670351,-0.005781283335288666,-8926.337798582666,4843.476104190342,-1218.2777032169906,4122.264871891137,state
4.0,1.5707963267948966,2.0,1.0,900,50.68327140402332,642.1985000534721,-1802.3198304264508,2082.188632250879,-45.40648074137367,-0.02180709280517421,-2815.200093787098,1712.647743821859,452.4445773369821,995.933621480338,state
4.0,1.5707963267948966,2.0,1.0,901,50.68327140402332,642.1985000534721,-1257.169386062135,2082.1886821909984,46.554757892716104,0.022358568313669114,-2631.2776664590383,1515.8550589542224,-1204.7638279459086,157.06942700392534,state
4.0,2.356194490192345,1.0,0.25,900,46.00251417659499,529.0578276419558,-2187.5551892015797,1314.9912869619857,-685.3922862328868,-0.5212143175612542,-3214.833687069715,714.4534809740153,-3901.2975414788043,-1114.0259425681782,state
4.0,2.356194490192345,1.0,0.25,901,46.91514299035082,550.257660451266,-3226.6719706142467,1266.6732562997163,-800.4608166280674,-0.6319394624043951,-3417.8525500071173,1122.4100000997864,-1460.3425639372738,-623.7618814089446,state
4.0,2.356194490192345,1.0,1.0,900,25.34163570201167,160.54962501336811,-790.7461524201627,394.9472812830325,-206.22053230579786,-0.5221469853795836,-967.9379709079963,358.8149045022358,-477.6737723833803,-46.42846649260877,state
4.0,2.356194490192345,1.0,1.0,901,25.34163570201167,160.54962501336811,-771.862964970917,394.94727048587964,-220.75473419210047,-0.5589473600375041,-997.0063638834487,344.4473481753017,-676.5718483372208,-270.14434411869934,state
4.0,2.356194490192345,2.0,0.25,900,92.00502835318996,2116.2313105678218,-8423.314427256042,5259.965147847941,-2741.5691449315455,-0.5212143175612541,-12859.334748278854,2857.8139238960557,-15605.19016591522,-2903.666903300184,state
4.0,2.356194490192345,2.0,0.25,901,93.83028598070163,2201.0306418050636,-12715.951598676093,5066.693025198863,-3201.8432665122677,-0.631939462404395,-13671.410200028462,4489.6400003991475,-5841.3702557490915,927.3196658499969,state
4.0,2.356194490192345,2.0,1.0,900,50.68327140402332,642.1985000534721,-3134.864986259735,1579.7891251321291,-824.8821292231909,-0.5221469853795835,-3871.751883631983,1435.2596180089395,-1910.6950895335303,-142.17116416294482,state
4.0,2.356194490192345,2.0,1.0,901,50.68327140402332,642.1985000534721,-3055.5723434919264,1579.7890819435177,-883.0189367684015,-0.5589473600375042,-3988.0254555337933,1377.7893927012265,-2706.287393348865,-1032.2004963665768,state
8.0,0.0,1.0,0.25,900,65.05737945180121,529.0578276419558,2724.4189348244136,4452.938629816822,3221.364348110409,0.723424375656155,1460.7322387620404,2950.4564961519445,3289.663407381735,2968.2135035189344,state
8.0,0.0,1.0,0.25,901,66.34803149762718,550.257660451266,2801.343567885357,4199.273750286643,3187.386431269371,0.7590327806211251,1625.2414518008327,3369.1456955762733,2286.638887916699,3302.7648654874215,state
8.0,0.0,1.0,1.0,900,35.83848490250313,160.54962501336811,791.5456241042822,1284.3970001069456,977.5657992354118,0.7611087530989363,510.18497335050984,1038.3914029218386,1585.563509224553,1244.0656428930272,state
8.0,0.0,1.0,1.0,901,35.83848490250313,160.54962501336811,857.8525706423676,1284.397000106945,929.9892270346996,0.7240668009636151,415.0318289490863,983.6339428471435,497.09999087597316,955.2976147376521,state
8.0,0.0,2.0,0.25,900,130.11475890360236,2116.2313105678218,11191.689177983264,17811.75451926727,12885.457392441625,0.7234243756561552,5842.928955048159,11801.825984607753,13158.653629526896,13504.526660770873,state
8.0,0.0,2.0,0.25,901,132.69606299525435,2201.0306418050636,11415.267830696268,16797.095001146572,12749.545725077483,0.7590327806211251,6500.965807203331,13476.582782305093,9146.555551666796,16821.16019956758,state
8.0,0.0,2.0,1.0,900,71.67696980500625,642.1985000534721,3186.2794756911344,5137.58800042778,3910.263196941645,0.7611087530989363,2040.7398934020387,4153.5656116873515,6342.254036898205,5023.953810948057,state
8.0,0.0,2.0,1.0,901,71.67696980500625,642.1985000534721,3497.120815583841,5137.588000427779,3719.9569081387976,0.7240668009636151,1660.1273157963444,3934.535771388557,1988.399963503879,3861.809933772243,state
8.0,0.39269908169872414,1.0,0.25,900,65.05737945180121,529.0578276419558,2334.033534101443,4392.776806261879,2908.1255668801973,0.662024431274241,894.41649985656,2978.2136006099063,2840.3041375559815,2783.314919475293,state
8.0,0.39269908169872414,1.0,0.25,901,66.34803149762718,550.257660451266,2784.298701669396,4113.285288988823,3011.1864785927314,0.7320636102372022,1358.8300077453741,3290.1346278459096,2311.735198987886,3298.6994787175063,state
8.0,0.39269908169872414,1.0,1.0,900,35.83848490250313,160.54962501336811,704.9996885378969,1267.9758220118222,884.8755067503597,0.6978646527710443,341.22556647552915,1068.022918348198,1488.4661078455192,1238.8295185001336,state
8.0,0.39269908169872414,1.0,1.0,901,35.83848490250313,160.54962501336811,885.7828907145032,1267.9758353304856,882.3666213885839,0.6958859915170258,336.20778243331415,992.3856803580422,481.7619336748644,954.9385513436217,state
8.0,0.39269908169872414,2.0,0.25,900,130.11475890360236,2116.2313105678218,9626.023598006142,17571.107225047497,11632.502267520777,0.662024431274241,3577.665999426234,11912.854402439607,11361.216550223904,12766.052895584018,state
8.0,0.39269908169872414,2.0,0.25,901,132.69606299525435,2201.0306418050636,11353.747523241624,16453.14115595529,12044.745914370926,0.7320636102372022,5435.3200309814965,13160.538511383624,9246.940795951508,16825.982707542018,state
8.0,0.39269908169872414,2.0,1.0,900,71.67696980500625,642.1985000534721,2839.370999590634,5071.903288047287,3539.5020270014375,0.6978646527710443,1364.902265902116,4272.0916733927825,5953.864431382071,5002.850549885085,state
8.0,0.39269908169872414,2.0,1.0,901,71.67696980500625,642.1985000534721,3607.0972484307376,5071.9033413219395,3529.466485554334,0.6958859915170258,1344.8311297332568,3969.5427214321517,1927.047734699444,3861.8583792345835,state
8.0,0.7853981633974483,1.0,0.25,900,65.05737945180121,529.0578276419558,1088.0664309247697,4214.0076786823365,2071.1712780875396,0.4914967973516287,-600.7229501492131,2942.4686054251147,1876.6525385872624,2372.2198012780204,state
8.0,0.7853981633974483,1.0,0.25,901,66.34803149762718,550.257660451266,1639.778511348413,3928.037431638363,2294.065542695249,0.5840233405663873,109.83599330086872,3153.6660217296803,1995.4331444166155,3016.253135357172,state
8.0,0.7853981633974483,1.0,1.0,900,35.83848490250313,160.54962501336811,317.6657627869391,1219.7166188323313,636.6642711452682,0.5219772046352575,-106.93770155516293,1072.0741372787184,1239.1402155285004,1149.961459149244,state
8.0,0.7853981633974483,1.0,1.0,901,35.83848490250313,160.54962501336811,600.2880126961875,1219.7166434745245,681.8244409964709,0.5590023261912731,-16.617386494950807,983.7596514762324,354.10768970592926,862.403818956279,state
8.0,0.7853981633974483,2.0,0.25,900,130.11475890360236,2116.2313105678218,4643.405810325613,16856.03071472933,8284.685112350151,0.49149679735162866,-2402.891800596851,11769.874421700462,7506.610154349053,11120.53796526368,state
8.0,0.7853981633974483,2.0,0.25,901,132.69606299525435,2201.0306418050636,6778.986919629303,15712.149726553453,9176.262170780996,0.5840233405663873,439.34397320347534,12614.664086918703,7981.732577666444,15732.886971156448,state
8.0,0.7853981633974483,2.0,1.0,900,71.67696980500625,642.1985000534721,1290.3338887161838,4878.866475329323,2546.6570845810716,0.5219772046352574,-427.7508062206523,4288.296549114855,4956.560862113982,4646.90210512495,state
8.0,0.7853981633974483,2.0,1.0,901,71.67696980500625,642.1985000534721,2462.7978352954856,4878.866573898096,2727.2977639858823,0.559002326191273,-66.4695459798038,3935.038605904937,1416.4307588237189,3493.8585612391084,state
8.0,1.1780972450961724,1.0,0.25,900,65.05737945180121,529.0578276419558,-637.8202557953558,3927.9063810926004,959.1386380273464,0.24418571752225646,-2538.6869326798633,2846.4948435574656,479.97403395696756,1766.4669580565276,state
8.0,1.1780972450961724,1.0,0.25,901,66.34803149762718,550.257660451266,-470.60718784872284,3658.9488358747763,1190.9237097152768,0.32548247136955455,-1827.3590768954887,3003.554495028303,1339.88314243499,2510.008995175384,state
8.0,1.1780972450961724,1.0,1.0,900,35.83848490250313,160.54962501336811,-252.81765185459267,1142.5499930067122,305.02188757429707,0.2669659003468264,-693.0558428714861,1050.7427973328743,857.7534462245342,982.4805496280193,state
8.0,1.1780972450961724,1.0,1.0,901,35.83848490250313,160.54962501336811,33.01822750126775,1142.5500228383196,369.60965987408633,0.323495385310048,-563.880328103515,962.9616257025809,118.76801437722793,689.0886807123734,state
8.0,1.1780972450961724,2.0,0.25,900,130.11475890360236,2116.2313105678218,-2252.0608202366425,15711.625524370384,3836.554552109381,0.24418571752225646,-10154.747730719444,11385.97937422985,1919.896135827843,8693.666095035991,state
8.0,1.1780972450961724,2.0,0.25,901,132.69606299525435,2201.0306418050636,-1670.7635452713334,14635.795343499105,4763.694838861107,0.32548247136955455,-7309.436307581955,12014.217980113204,5359.532569739957,13726.670114309762,state
8.0,1.1780972450961724,2.0,1.0,900,71.67696980500625,642.1985000534721,-990.1403922590838,4570.199972026847,1220.0875502971874,0.26696590034682627,-2772.223371485944,4202.971189331499,3431.0137848981403,3976.4751159316256,state
8.0,1.1780972450961724,2.0,1.0,901,71.67696980500625,642.1985000534721,188.44247273529297,4570.2000913532775,1478.4386394963446,0.3234953853100479,-2255.52131241406,3851.8465028103165,475.072057508919,2802.9129369563284,state
8.0,1.5707963267948966,1.0,0.25,900,65.05737945180121,529.0578276419558,-2348.013518549448,3552.4618371605466,-127.89753012644069,-0.03600250642767443,-4337.314725055384,2696.1690944511993,-1235.6512067055082,1006.6827503404426,state
8.0,1.5707963267948966,1.0,0.25,901,66.34803149762718,550.257660451266,-2946.4034641266494,3324.2170965820987,-19.21824090335176,-0.005781283335288666,-3912.911238840068,2866.6412770960696,382.1217136261939,1831.4708153935342,state
8.0,1.5707963267948966,1.0,1.0,900,35.83848490250313,160.54962501336811,-835.3310449575645,1041.0943161254402,-22.703240370686835,-0.021807092805174195,-1247.0504218801818,1005.3993244702694,374.8977533143825,746.0021957387173,state
8.0,1.5707963267948966,1.0,1.0,901,35.83848490250313,160.54962501336811,-649.8171131429262,1041.0943410955003,23.2773789463581,0.022358568313669135,-1155.0892082161522,932.7171161371175,-208.28118931465156,449.24675422889726,state
8.0,1.5707963267948966,2.0,0.25,900,130.11475890360236,2116.2313105678218,-9079.515152271411,14209.847348642175,-511.59012050576223,-0.03600250642767442,-17349.25890022152,10784.676377804788,-4942.604826822046,5648.38644267286,state
8.0,1.5707963267948966,2.0,0.25,901,132.69606299525435,2201.0306418050636,-11577.425696262337,13296.868386328395,-76.87296361340704,-0.005781283335288666,-15651.644955360272,11466.565108384264,1528.4868545047611,10967.380819004025,state
8.0,1.5707963267948966,2.0,1.0,900,71.67696980500625,642.1985000534721,-3318.4201435367304,4164.377264501759,-90.81296148274728,-0.02180709280517419,-4988.2016875207255,4021.597297881084,1499.5910132575573,3030.015950935017,state
8.0,1.5707963267948966,2.0,1.0,901,71.67696980500625,642.1985000534721,-2550.4841531968764,4164.377364381999,93.1095157854324,0.02235856831366915,-4620.356832864606,3730.8684645484736,-833.124757258599,1846.0026450320602,state
8.0,2.356194490192345,1.0,0.25,900,65.05737945180121,529.0578276419558,-4254.217756644605,2629.9825739239714,-1370.7845724657736,-0.5212143175612542,-5900.609546497474,2257.438884041885,-5060.657061637762,-793.7239595371428,state
8.0,2.356194490192345,1.0,0.25,901,66.34803149762718,550.257660451266,-6005.614597204719,2533.3465125994326,-1600.9216332561346,-0.6319394624043951,-6285.447439562968,2613.389544172015,-2120.3092037488445,92.73286575612396,state
8.0,2.356194490192345,1.0,1.0,900,35.83848490250313,160.54962501336811,-1483.7016812652123,789.894562566065,-412.44106461159583,-0.5221469853795837,-1775.326316802625,850.4838999700235,-734.818479747411,120.99434919763436,state
8.0,2.356194490192345,1.0,1.0,901,35.83848490250313,160.54962501336811,-1503.3024211527545,789.8945409717593,-441.50946838420106,-0.5589473600375042,-1833.4631027535295,836.8939718177512,-1021.5064519683974,-172.40693028661477,state
8.0,2.356194490192345,2.0,0.25,900,130.11475890360236,2116.2313105678218,-16683.934540880982,10519.930295695876,-5483.13828986309,-0.5212143175612542,-23602.43818598988,9029.755536167511,-20242.62824655105,-1570.6968105907551,state
8.0,2.356194490192345,2.0,0.25,901,132.69606299525435,2201.0306418050636,-23812.999699263033,10133.38605039773,-6403.686533024538,-0.6319394624043951,-25141.78975825187,10453.558176688035,-8481.23681499539,3735.5597617275857,state
8.0,2.356194490192345,2.0,1.0,900,71.67696980500625,642.1985000534721,-5906.675160914073,3159.5782502642587,-1649.7642584463827,-0.5221469853795837,-7101.305267210496,3401.9355998800766,-2939.273918989652,528.7774204901547,state
8.0,2.356194490192345,2.0,1.0,901,71.67696980500625,642.1985000534721,-5979.053998227776,3159.5781638870353,-1766.0378735368035,-0.5589473600375043,-7333.852411014114,3347.5758872709876,-4086.025807873595,-636.0228128922389,state
