file,status,max_abs_station_vs_total,date,n_stations
2018/2018-03-22_dgr2.xls,ok,1.1368683772161603e-13,2018-03-22,486
2018/2018-03-23_dgr2.xls,ok,1.1368683772161603e-13,2018-03-23,486
2018/2018-03-24_dgr2.xls,ok,1.1368683772161603e-13,2018-03-24,486
2018/2018-03-25_dgr2.xls,ok,1.1368683772161603e-13,2018-03-25,486
2018/2018-03-26_dgr2.xls,ok,1.1368683772161603e-13,2018-03-26,486
2018/2018-03-27_dgr2.xls,ok,1.1368683772161603e-13,2018-03-27,486
2018/2018-03-28_dgr2.xls,ok,2.2737367544323206e-13,2018-03-28,486
2018/2018-03-29_dgr2.xls,ok,2.8421709430404007e-13,2018-03-29,486
2018/2018-03-30_dgr2.xls,ok,1.7053025658242404e-13,2018-03-30,486
2018/2018-03-31_dgr2.xls,ok,1.7053025658242404e-13,2018-03-31,486
2018/2018-04-01_dgr2.xls,ok,1.1368683772161603e-13,2018-04-01,488
2018/2018-04-02_dgr2.xls,ok,1.1368683772161603e-13,2018-04-02,488
2018/2018-04-03_dgr2.xls,ok,2.2737367544323206e-13,2018-04-03,488
2018/2018-04-04_dgr2.xls,ok,1.1368683772161603e-13,2018-04-04,488
2018/2018-04-05_dgr2.xls,ok,1.1368683772161603e-13,2018-04-05,488
2018/2018-04-06_dgr2.xls,ok,1.1368683772161603e-13,2018-04-06,488
2018/2018-04-07_dgr2.xls,ok,1.1368683772161603e-13,2018-04-07,488
2018/2018-04-08_dgr2.xls,ok,1.1368683772161603e-13,2018-04-08,488
2018/2018-04-09_dgr2.xls,ok,1.1368683772161603e-13,2018-04-09,488
2018/2018-04-10_dgr2.xls,ok,1.1368683772161603e-13,2018-04-10,488
2018/2018-04-11_dgr2.xls,ok,2.2737367544323206e-13,2018-04-11,488
2018/2018-04-12_dgr2.xls,ok,1.1368683772161603e-13,2018-04-12,488
2018/2018-04-13_dgr2.xls,ok,1.1368683772161603e-13,2018-04-13,488
2018/2018-04-14_dgr2.xls,ok,2.2737367544323206e-13,2018-04-14,488
2018/2018-04-15_dgr2.xls,ok,1.1368683772161603e-13,2018-04-15,488
2018/2018-04-16_dgr2.xls,ok,1.1368683772161603e-13,2018-04-16,488
2018/2018-04-17_dgr2.xls,ok,1.7053025658242404e-13,2018-04-17,488
2018/2018-04-18_dgr2.xls,ok,1.1368683772161603e-13,2018-04-18,488
2018/2018-04-19_dgr2.xls,ok,1.7053025658242404e-13,2018-04-19,488
2018/2018-04-20_dgr2.xls,ok,1.1368683772161603e-13,2018-04-20,488
2018/2018-04-21_dgr2.xls,ok,1.7053025658242404e-13,2018-04-21,488
2018/2018-04-22_dgr2.xls,ok,1.1368683772161603e-13,2018-04-22,488
2018/2018-04-23_dgr2.xls,ok,1.1368683772161603e-13,2018-04-23,488
2018/2018-04-24_dgr2.xls,ok,1.1368683772161603e-13,2018-04-24,488
2018/2018-04-25_dgr2.xls,ok,1.1368683772161603e-13,2018-04-25,488
2018/2018-04-26_dgr2.xls,ok,1.7053025658242404e-13,2018-04-26,488
2018/2018-04-27_dgr2.xls,ok,1.7053025658242404e-13,2018-04-27,488
2018/2018-04-28_dgr2.xls,ok,2.2737367544323206e-13,2018-04-28,488
2018/2018-04-29_dgr2.xls,ok,1.1368683772161603e-13,2018-04-29,488
2018/2018-04-30_dgr2.xls,ok,1.1368683772161603e-13,2018-04-30,488
2018/2018-05-01_dgr2.xls,ok,8.526512829121202e-14,2018-05-01,488
2018/2018-05-02_dgr2.xls,ok,1.7053025658242404e-13,2018-05-02,488
2018/2018-05-03_dgr2.xls,ok,8.526512829121202e-14,2018-05-03,488
2018/2018-05-04_dgr2.xls,ok,2.2737367544323206e-13,2018-05-04,488
2018/2018-05-05_dgr2.xls,ok,1.1368683772161603e-13,2018-05-05,488
2018/2018-05-06_dgr2.xls,ok,1.1368683772161603e-13,2018-05-06,488
2018/2018-05-07_dgr2.xls,ok,5.684341886080802e-14,2018-05-07,488
2018/2018-05-08_dgr2.xls,ok,1.1368683772161603e-13,2018-05-08,488
2018/2018-05-09_dgr2.xls,ok,1.7053025658242404e-13,2018-05-09,488
2018/2018-05-10_dgr2.xls,ok,1.7053025658242404e-13,2018-05-10,488
2018/2018-05-11_dgr2.xls,ok,1.7053025658242404e-13,2018-05-11,488
2018/2018-05-12_dgr2.xls,ok,1.1368683772161603e-13,2018-05-12,488
2018/2018-05-13_dgr2.xls,ok,1.1368683772161603e-13,2018-05-13,488
2018/2018-05-14_dgr2.xls,ok,1.1368683772161603e-13,2018-05-14,488
2018/2018-05-15_dgr2.xls,ok,1.1368683772161603e-13,2018-05-15,488
2018/2018-05-16_dgr2.xls,ok,1.1368683772161603e-13,2018-05-16,488
2018/2018-05-17_dgr2.xls,ok,1.1368683772161603e-13,2018-05-17,488
2018/2018-05-18_dgr2.xls,ok,5.684341886080802e-14,2018-05-18,488
2018/2018-05-19_dgr2.xls,ok,1.7053025658242404e-13,2018-05-19,488
2018/2018-05-20_dgr2.xls,ok,1.1368683772161603e-13,2018-05-20,488
2018/2018-05-21_dgr2.xls,ok,8.526512829121202e-14,2018-05-21,488
2018/2018-05-22_dgr2.xls,ok,1.7053025658242404e-13,2018-05-22,488
2018/2018-05-23_dgr2.xls,ok,1.7053025658242404e-13,2018-05-23,488
2018/2018-05-24_dgr2.xls,ok,1.1368683772161603e-13,2018-05-24,488
2018/2018-05-25_dgr2.xls,ok,1.1368683772161603e-13,2018-05-25,488
2018/2018-05-26_dgr2.xls,ok,1.1368683772161603e-13,2018-05-26,488
2018/2018-05-27_dgr2.xls,ok,1.7053025658242404e-13,2018-05-27,488
2018/2018-05-28_dgr2.xls,ok,2.2737367544323206e-13,2018-05-28,488
2018/2018-05-29_dgr2.xls,ok,8.526512829121202e-14,2018-05-29,488
2018/2018-05-30_dgr2.xls,ok,1.1368683772161603e-13,2018-05-30,488
2018/2018-05-31_dgr2.xls,ok,1.1368683772161603e-13,2018-05-31,488
2018/2018-06-01_dgr2.xls,ok,1.1368683772161603e-13,2018-06-01,488
2018/2018-06-02_dgr2.xls,ok,1.7053025658242404e-13,2018-06-02,488
2018/2018-06-03_dgr2.xls,ok,1.1368683772161603e-13,2018-06-03,488
2018/2018-06-04_dgr2.xls,ok,1.7053025658242404e-13,2018-06-04,488
2018/2018-06-05_dgr2.xls,ok,5.684341886080802e-14,2018-06-05,488
2018/2018-06-06_dgr2.xls,ok,1.1368683772161603e-13,2018-06-06,488
2018/2018-06-07_dgr2.xls,ok,8.526512829121202e-14,2018-06-07,488
2018/2018-06-08_dgr2.xls,ok,1.7053025658242404e-13,2018-06-08,488
2018/2018-06-09_dgr2.xls,ok,1.1368683772161603e-13,2018-06-09,488
2018/2018-06-10_dgr2.xls,ok,1.7053025658242404e-13,2018-06-10,488
2018/2018-06-11_dgr2.xls,ok,1.1368683772161603e-13,2018-06-11,488
2018/2018-06-12_dgr2.xls,ok,1.7053025658242404e-13,2018-06-12,488
2018/2018-06-13_dgr2.xls,ok,1.7053025658242404e-13,2018-06-13,488
2018/2018-06-14_dgr2.xls,ok,1.1368683772161603e-13,2018-06-14,488
2018/2018-06-15_dgr2.xls,ok,1.7053025658242404e-13,2018-06-15,488
2018/2018-06-16_dgr2.xls,ok,5.684341886080802e-14,2018-06-16,488
2018/2018-06-17_dgr2.xls,ok,1.1368683772161603e-13,2018-06-17,488
2018/2018-06-18_dgr2.xls,ok,2.2737367544323206e-13,2018-06-18,488
2018/2018-06-19_dgr2.xls,ok,5.684341886080802e-14,2018-06-19,488
2018/2018-06-20_dgr2.xls,ok,5.684341886080802e-14,2018-06-20,488
2018/2018-06-21_dgr2.xls,ok,5.684341886080802e-14,2018-06-21,488
2018/2018-06-22_dgr2.xls,ok,1.1368683772161603e-13,2018-06-22,488
2018/2018-06-23_dgr2.xls,ok,1.1368683772161603e-13,2018-06-23,488
2018/2018-06-24_dgr2.xls,ok,5.684341886080802e-14,2018-06-24,488
2018/2018-06-25_dgr2.xls,ok,1.1368683772161603e-13,2018-06-25,488
2018/2018-06-26_dgr2.xls,ok,1.1368683772161603e-13,2018-06-26,488
2018/2018-06-27_dgr2.xls,ok,1.1368683772161603e-13,2018-06-27,488
2018/2018-06-28_dgr2.xls,ok,1.1368683772161603e-13,2018-06-28,488
2018/2018-06-29_dgr2.xls,ok,5.684341886080802e-14,2018-06-29,488
2018/2018-06-30_dgr2.xls,ok,1.1368683772161603e-13,2018-06-30,488
2018/2018-07-01_dgr2.xls,ok,5.684341886080802e-14,2018-07-01,488
2018/2018-07-02_dgr2.xls,ok,8.526512829121202e-14,2018-07-02,488
2018/2018-07-03_dgr2.xls,ok,5.684341886080802e-14,2018-07-03,488
2018/2018-07-04_dgr2.xls,ok,1.1368683772161603e-13,2018-07-04,488
2018/2018-07-05_dgr2.xls,ok,8.526512829121202e-14,2018-07-05,488
2018/2018-07-06_dgr2.xls,ok,5.684341886080802e-14,2018-07-06,488
2018/2018-07-07_dgr2.xls,ok,2.8421709430404007e-13,2018-07-07,488
2018/2018-07-08_dgr2.xls,ok,1.1368683772161603e-13,2018-07-08,488
2018/2018-07-09_dgr2.xls,ok,5.684341886080802e-14,2018-07-09,488
2018/2018-07-10_dgr2.xls,ok,5.684341886080802e-14,2018-07-10,488
2018/2018-07-11_dgr2.xls,ok,5.684341886080802e-14,2018-07-11,488
2018/2018-07-12_dgr2.xls,ok,1.1368683772161603e-13,2018-07-12,488
2018/2018-07-13_dgr2.xls,ok,1.1368683772161603e-13,2018-07-13,488
2018/2018-07-14_dgr2.xls,ok,1.1368683772161603e-13,2018-07-14,488
2018/2018-07-15_dgr2.xls,ok,1.1368683772161603e-13,2018-07-15,488
2018/2018-07-16_dgr2.xls,ok,5.684341886080802e-14,2018-07-16,488
2018/2018-07-17_dgr2.xls,ok,1.1368683772161603e-13,2018-07-17,488
2018/2018-07-18_dgr2.xls,ok,1.1368683772161603e-13,2018-07-18,488
2018/2018-07-19_dgr2.xls,ok,1.7053025658242404e-13,2018-07-19,488
2018/2018-07-20_dgr2.xls,ok,1.1368683772161603e-13,2018-07-20,488
2018/2018-07-21_dgr2.xls,ok,1.1368683772161603e-13,2018-07-21,488
2018/2018-07-22_dgr2.xls,ok,1.1368683772161603e-13,2018-07-22,488
2018/2018-07-23_dgr2.xls,ok,8.526512829121202e-14,2018-07-23,488
2018/2018-07-24_dgr2.xls,ok,5.684341886080802e-14,2018-07-24,488
2018/2018-07-25_dgr2.xls,ok,1.1368683772161603e-13,2018-07-25,488
2018/2018-07-26_dgr2.xls,ok,5.684341886080802e-14,2018-07-26,488
2018/2018-07-27_dgr2.xls,ok,5.684341886080802e-14,2018-07-27,488
2018/2018-07-28_dgr2.xls,ok,1.1368683772161603e-13,2018-07-28,488
2018/2018-07-29_dgr2.xls,ok,5.684341886080802e-14,2018-07-29,488
2018/2018-07-30_dgr2.xls,ok,1.7053025658242404e-13,2018-07-30,488
2018/2018-07-31_dgr2.xls,ok,5.684341886080802e-14,2018-07-31,488
2018/2018-08-01_dgr2.xls,ok,5.684341886080802e-14,2018-08-01,488
2018/2018-08-02_dgr2.xls,ok,8.526512829121202e-14,2018-08-02,488
2018/2018-08-03_dgr2.xls,ok,1.1368683772161603e-13,2018-08-03,488
2018/2018-08-04_dgr2.xls,ok,5.684341886080802e-14,2018-08-04,488
2018/2018-08-05_dgr2.xls,ok,1.1368683772161603e-13,2018-08-05,488
2018/2018-08-06_dgr2.xls,ok,1.1368683772161603e-13,2018-08-06,488
2018/2018-08-07_dgr2.xls,ok,1.1368683772161603e-13,2018-08-07,488
2018/2018-08-08_dgr2.xls,ok,1.1368683772161603e-13,2018-08-08,488
2018/2018-08-09_dgr2.xls,ok,1.7053025658242404e-13,2018-08-09,488
2018/2018-08-10_dgr2.xls,ok,1.7053025658242404e-13,2018-08-10,488
2018/2018-08-11_dgr2.xls,ok,1.1368683772161603e-13,2018-08-11,488
2018/2018-08-12_dgr2.xls,ok,1.1368683772161603e-13,2018-08-12,488
2018/2018-08-13_dgr2.xls,ok,5.684341886080802e-14,2018-08-13,488
2018/2018-08-14_dgr2.xls,ok,1.1368683772161603e-13,2018-08-14,488
2018/2018-08-15_dgr2.xls,ok,1.1368683772161603e-13,2018-08-15,488
2018/2018-08-16_dgr2.xls,ok,1.4210854715202004e-13,2018-08-16,488
2018/2018-08-17_dgr2.xls,ok,5.684341886080802e-14,2018-08-17,488
2018/2018-08-18_dgr2.xls,ok,5.684341886080802e-14,2018-08-18,488
2018/2018-08-19_dgr2.xls,ok,1.1368683772161603e-13,2018-08-19,488
2018/2018-08-20_dgr2.xls,ok,5.684341886080802e-14,2018-08-20,488
2018/2018-08-21_dgr2.xls,ok,1.1368683772161603e-13,2018-08-21,488
2018/2018-08-22_dgr2.xls,ok,1.7053025658242404e-13,2018-08-22,488
2018/2018-08-23_dgr2.xls,ok,1.1368683772161603e-13,2018-08-23,488
2018/2018-08-24_dgr2.xls,ok,1.1368683772161603e-13,2018-08-24,488
2018/2018-08-25_dgr2.xls,ok,1.1368683772161603e-13,2018-08-25,488
2018/2018-08-26_dgr2.xls,ok,1.7053025658242404e-13,2018-08-26,488
2018/2018-08-27_dgr2.xls,ok,1.1368683772161603e-13,2018-08-27,488
2018/2018-08-28_dgr2.xls,ok,2.2737367544323206e-13,2018-08-28,488
2018/2018-08-29_dgr2.xls,ok,1.1368683772161603e-13,2018-08-29,488
2018/2018-08-30_dgr2.xls,ok,1.1368683772161603e-13,2018-08-30,488
2018/2018-08-31_dgr2.xls,ok,1.1368683772161603e-13,2018-08-31,488
2018/2018-09-01_dgr2.xls,ok,1.1368683772161603e-13,2018-09-01,488
2018/2018-09-02_dgr2.xls,ok,5.684341886080802e-14,2018-09-02,489
2018/2018-09-03_dgr2.xls,ok,1.1368683772161603e-13,2018-09-03,488
2018/2018-09-04_dgr2.xls,ok,1.1368683772161603e-13,2018-09-04,489
2018/2018-09-05_dgr2.xls,ok,1.1368683772161603e-13,2018-09-05,488
2018/2018-09-06_dgr2.xls,ok,8.526512829121202e-14,2018-09-06,488
2018/2018-09-07_dgr2.xls,ok,1.1368683772161603e-13,2018-09-07,488
2018/2018-09-08_dgr2.xls,ok,1.7053025658242404e-13,2018-09-08,488
2018/2018-09-09_dgr2.xls,ok,1.1368683772161603e-13,2018-09-09,488
2018/2018-09-10_dgr2.xls,ok,1.1368683772161603e-13,2018-09-10,488
2018/2018-09-11_dgr2.xls,ok,5.684341886080802e-14,2018-09-11,488
2018/2018-09-12_dgr2.xls,ok,1.7053025658242404e-13,2018-09-12,488
2018/2018-09-13_dgr2.xls,ok,1.7053025658242404e-13,2018-09-13,488
2018/2018-09-14_dgr2.xls,ok,1.7053025658242404e-13,2018-09-14,488
2018/2018-09-15_dgr2.xls,ok,1.7053025658242404e-13,2018-09-15,488
2018/2018-09-16_dgr2.xls,ok,5.684341886080802e-14,2018-09-16,488
2018/2018-09-17_dgr2.xls,ok,5.684341886080802e-14,2018-09-17,488
2018/2018-09-18_dgr2.xls,ok,1.7053025658242404e-13,2018-09-18,488
2018/2018-09-19_dgr2.xls,ok,1.1368683772161603e-13,2018-09-19,488
2018/2018-09-20_dgr2.xls,ok,5.684341886080802e-14,2018-09-20,488
2018/2018-09-21_dgr2.xls,ok,1.1368683772161603e-13,2018-09-21,488
2018/2018-09-22_dgr2.xls,ok,1.1368683772161603e-13,2018-09-22,488
2018/2018-09-23_dgr2.xls,ok,5.684341886080802e-14,2018-09-23,488
2018/2018-09-24_dgr2.xls,ok,1.1368683772161603e-13,2018-09-24,488
2018/2018-09-25_dgr2.xls,ok,1.7053025658242404e-13,2018-09-25,488
2018/2018-09-26_dgr2.xls,ok,2.2737367544323206e-13,2018-09-26,488
2018/2018-09-27_dgr2.xls,ok,5.684341886080802e-14,2018-09-27,488
2018/2018-09-28_dgr2.xls,ok,1.1368683772161603e-13,2018-09-28,488
2018/2018-09-29_dgr2.xls,ok,1.7053025658242404e-13,2018-09-29,488
2018/2018-09-30_dgr2.xls,ok,1.7053025658242404e-13,2018-09-30,488
2018/2018-10-01_dgr2.xls,ok,1.1368683772161603e-13,2018-10-01,488
2018/2018-10-02_dgr2.xls,ok,1.1368683772161603e-13,2018-10-02,488
2018/2018-10-03_dgr2.xls,ok,1.7053025658242404e-13,2018-10-03,488
2018/2018-10-04_dgr2.xls,ok,1.1368683772161603e-13,2018-10-04,488
2018/2018-10-05_dgr2.xls,ok,5.684341886080802e-14,2018-10-05,488
2018/2018-10-06_dgr2.xls,ok,1.7053025658242404e-13,2018-10-06,488
2018/2018-10-07_dgr2.xls,ok,1.7053025658242404e-13,2018-10-07,488
2018/2018-10-08_dgr2.xls,ok,1.7053025658242404e-13,2018-10-08,488
2018/2018-10-09_dgr2.xls,ok,1.1368683772161603e-13,2018-10-09,488
2018/2018-10-10_dgr2.xls,ok,1.1368683772161603e-13,2018-10-10,488
2018/2018-10-11_dgr2.xls,ok,2.2737367544323206e-13,2018-10-11,488
2018/2018-10-12_dgr2.xls,ok,1.1368683772161603e-13,2018-10-12,488
2018/2018-10-13_dgr2.xls,ok,8.526512829121202e-14,2018-10-13,488
2018/2018-10-14_dgr2.xls,ok,1.1368683772161603e-13,2018-10-14,488
2018/2018-10-15_dgr2.xls,ok,1.1368683772161603e-13,2018-10-15,488
2018/2018-10-16_dgr2.xls,ok,1.7053025658242404e-13,2018-10-16,488
2018/2018-10-17_dgr2.xls,ok,1.1368683772161603e-13,2018-10-17,488
2018/2018-10-18_dgr2.xls,ok,2.2737367544323206e-13,2018-10-18,489
2018/2018-10-19_dgr2.xls,ok,1.1368683772161603e-13,2018-10-19,489
2018/2018-10-20_dgr2.xls,ok,1.1368683772161603e-13,2018-10-20,489
2018/2018-10-21_dgr2.xls,ok,1.1368683772161603e-13,2018-10-21,489
2018/2018-10-22_dgr2.xls,ok,3.410605131648481e-13,2018-10-22,488
2018/2018-10-23_dgr2.xls,ok,1.7053025658242404e-13,2018-10-23,489
2018/2018-10-24_dgr2.xls,ok,1.1368683772161603e-13,2018-10-24,489
2018/2018-10-25_dgr2.xls,ok,1.1368683772161603e-13,2018-10-25,489
2018/2018-10-26_dgr2.xls,ok,1.7053025658242404e-13,2018-10-26,489
2018/2018-10-27_dgr2.xls,ok,1.1368683772161603e-13,2018-10-27,489
2018/2018-10-28_dgr2.xls,ok,1.1368683772161603e-13,2018-10-28,489
2018/2018-10-29_dgr2.xls,ok,1.1368683772161603e-13,2018-10-29,489
2018/2018-10-30_dgr2.xls,ok,5.684341886080802e-14,2018-10-30,489
2018/2018-10-31_dgr2.xls,ok,1.7053025658242404e-13,2018-10-31,489
2018/2018-11-01_dgr2.xls,ok,1.1368683772161603e-13,2018-11-01,489
2018/2018-11-02_dgr2.xls,ok,1.1368683772161603e-13,2018-11-02,489
2018/2018-11-03_dgr2.xls,ok,1.1368683772161603e-13,2018-11-03,489
2018/2018-11-04_dgr2.xls,ok,1.1368683772161603e-13,2018-11-04,489
2018/2018-11-05_dgr2.xls,ok,1.1368683772161603e-13,2018-11-05,489
2018/2018-11-06_dgr2.xls,ok,1.7053025658242404e-13,2018-11-06,489
2018/2018-11-07_dgr2.xls,ok,1.1368683772161603e-13,2018-11-07,489
2018/2018-11-08_dgr2.xls,ok,1.1368683772161603e-13,2018-11-08,489
2018/2018-11-09_dgr2.xls,ok,5.684341886080802e-14,2018-11-09,489
2018/2018-11-10_dgr2.xls,ok,5.684341886080802e-14,2018-11-10,489
2018/2018-11-11_dgr2.xls,ok,1.1368683772161603e-13,2018-11-11,489
2018/2018-11-12_dgr2.xls,ok,5.684341886080802e-14,2018-11-12,489
2018/2018-11-13_dgr2.xls,ok,5.684341886080802e-14,2018-11-13,489
2018/2018-11-14_dgr2.xls,ok,1.1368683772161603e-13,2018-11-14,489
2018/2018-11-15_dgr2.xls,ok,8.526512829121202e-14,2018-11-15,489
2018/2018-11-16_dgr2.xls,ok,1.1368683772161603e-13,2018-11-16,489
2018/2018-11-17_dgr2.xls,ok,2.8421709430404007e-13,2018-11-17,489
2018/2018-11-18_dgr2.xls,ok,1.1368683772161603e-13,2018-11-18,489
2018/2018-11-19_dgr2.xls,ok,2.8421709430404007e-13,2018-11-19,489
2018/2018-11-20_dgr2.xls,ok,1.7053025658242404e-13,2018-11-20,489
2018/2018-11-21_dgr2.xls,ok,1.1368683772161603e-13,2018-11-21,489
2018/2018-11-22_dgr2.xls,ok,1.1368683772161603e-13,2018-11-22,489
2018/2018-11-23_dgr2.xls,ok,1.7053025658242404e-13,2018-11-23,489
2018/2018-11-24_dgr2.xls,ok,1.1368683772161603e-13,2018-11-24,489
2018/2018-11-25_dgr2.xls,ok,1.1368683772161603e-13,2018-11-25,489
2018/2018-11-26_dgr2.xls,ok,1.1368683772161603e-13,2018-11-26,489
2018/2018-11-27_dgr2.xls,ok,1.7053025658242404e-13,2018-11-27,489
2018/2018-11-28_dgr2.xls,ok,8.526512829121202e-14,2018-11-28,489
2018/2018-11-29_dgr2.xls,ok,5.684341886080802e-14,2018-11-29,489
2018/2018-11-30_dgr2.xls,ok,1.1368683772161603e-13,2018-11-30,489
2018/2018-12-01_dgr2.xls,ok,1.1368683772161603e-13,2018-12-01,489
2018/2018-12-02_dgr2.xls,ok,1.1368683772161603e-13,2018-12-02,489
2018/2018-12-03_dgr2.xls,ok,1.1368683772161603e-13,2018-12-03,489
2018/2018-12-04_dgr2.xls,ok,1.1368683772161603e-13,2018-12-04,489
2018/2018-12-05_dgr2.xls,ok,1.7053025658242404e-13,2018-12-05,489
2018/2018-12-06_dgr2.xls,ok,5.684341886080802e-14,2018-12-06,489
2018/2018-12-07_dgr2.xls,ok,5.684341886080802e-14,2018-12-07,489
2018/2018-12-08_dgr2.xls,ok,1.1368683772161603e-13,2018-12-08,489
2018/2018-12-09_dgr2.xls,ok,1.1368683772161603e-13,2018-12-09,489
2018/2018-12-10_dgr2.xls,ok,1.1368683772161603e-13,2018-12-10,489
2018/2018-12-11_dgr2.xls,ok,1.1368683772161603e-13,2018-12-11,489
2018/2018-12-12_dgr2.xls,ok,1.1368683772161603e-13,2018-12-12,489
2018/2018-12-13_dgr2.xls,ok,1.1368683772161603e-13,2018-12-13,489
2018/2018-12-14_dgr2.xls,ok,1.1368683772161603e-13,2018-12-14,489
2018/2018-12-15_dgr2.xls,ok,1.1368683772161603e-13,2018-12-15,489
2018/2018-12-16_dgr2.xls,ok,1.1368683772161603e-13,2018-12-16,489
2018/2018-12-17_dgr2.xls,ok,2.2737367544323206e-13,2018-12-17,489
2018/2018-12-18_dgr2.xls,ok,1.7053025658242404e-13,2018-12-18,489
2018/2018-12-19_dgr2.xls,ok,1.1368683772161603e-13,2018-12-19,489
2018/2018-12-20_dgr2.xls,ok,1.1368683772161603e-13,2018-12-20,489
2018/2018-12-21_dgr2.xls,ok,1.1368683772161603e-13,2018-12-21,489
2018/2018-12-22_dgr2.xls,ok,1.7053025658242404e-13,2018-12-22,489
2018/2018-12-23_dgr2.xls,ok,1.1368683772161603e-13,2018-12-23,489
2018/2018-12-24_dgr2.xls,ok,5.684341886080802e-14,2018-12-24,489
2018/2018-12-25_dgr2.xls,ok,5.684341886080802e-14,2018-12-25,489
2018/2018-12-26_dgr2.xls,ok,2.2737367544323206e-13,2018-12-26,489
2018/2018-12-27_dgr2.xls,ok,1.1368683772161603e-13,2018-12-27,489
2018/2018-12-28_dgr2.xls,ok,1.1368683772161603e-13,2018-12-28,489
2018/2018-12-29_dgr2.xls,ok,1.1368683772161603e-13,2018-12-29,489
2018/2018-12-30_dgr2.xls,ok,1.1368683772161603e-13,2018-12-30,489
2018/2018-12-31_dgr2.xls,ok,5.684341886080802e-14,2018-12-31,489
2019/2019-01-01_dgr2.xls,ok,1.1368683772161603e-13,2019-01-01,508
2019/2019-01-02_dgr2.xls,ok,5.684341886080802e-14,2019-01-02,508
2019/2019-01-03_dgr2.xls,ok,1.1368683772161603e-13,2019-01-03,508
2019/2019-01-04_dgr2.xls,ok,1.1368683772161603e-13,2019-01-04,508
2019/2019-01-05_dgr2.xls,ok,1.7053025658242404e-13,2019-01-05,508
2019/2019-01-06_dgr2.xls,ok,1.1368683772161603e-13,2019-01-06,508
2019/2019-01-07_dgr2.xls,ok,1.1368683772161603e-13,2019-01-07,508
2019/2019-01-08_dgr2.xls,ok,1.1368683772161603e-13,2019-01-08,508
2019/2019-01-09_dgr2.xls,ok,1.1368683772161603e-13,2019-01-09,508
2019/2019-01-10_dgr2.xls,ok,1.1368683772161603e-13,2019-01-10,508
2019/2019-01-11_dgr2.xls,ok,1.1368683772161603e-13,2019-01-11,508
2019/2019-01-12_dgr2.xls,ok,1.1368683772161603e-13,2019-01-12,508
2019/2019-01-13_dgr2.xls,ok,5.684341886080802e-14,2019-01-13,508
2019/2019-01-14_dgr2.xls,ok,2.2737367544323206e-13,2019-01-14,508
2019/2019-01-15_dgr2.xls,ok,1.1368683772161603e-13,2019-01-15,508
2019/2019-01-16_dgr2.xls,ok,1.1368683772161603e-13,2019-01-16,508
2019/2019-01-17_dgr2.xls,ok,1.1368683772161603e-13,2019-01-17,508
2019/2019-01-18_dgr2.xls,ok,8.526512829121202e-14,2019-01-18,508
2019/2019-01-19_dgr2.xls,ok,5.684341886080802e-14,2019-01-19,508
2019/2019-01-20_dgr2.xls,ok,1.7053025658242404e-13,2019-01-20,508
2019/2019-01-21_dgr2.xls,ok,1.1368683772161603e-13,2019-01-21,508
2019/2019-01-22_dgr2.xls,ok,1.1368683772161603e-13,2019-01-22,508
2019/2019-01-23_dgr2.xls,ok,5.684341886080802e-14,2019-01-23,508
2019/2019-01-24_dgr2.xls,ok,1.1368683772161603e-13,2019-01-24,508
2019/2019-01-25_dgr2.xls,ok,1.1368683772161603e-13,2019-01-25,508
2019/2019-01-26_dgr2.xls,ok,1.1368683772161603e-13,2019-01-26,508
2019/2019-01-27_dgr2.xls,ok,5.684341886080802e-14,2019-01-27,508
2019/2019-01-28_dgr2.xls,ok,1.1368683772161603e-13,2019-01-28,508
2019/2019-01-29_dgr2.xls,ok,5.684341886080802e-14,2019-01-29,508
2019/2019-01-30_dgr2.xls,ok,1.1368683772161603e-13,2019-01-30,508
2019/2019-01-31_dgr2.xls,ok,1.7053025658242404e-13,2019-01-31,508
2019/2019-02-01_dgr2.xls,ok,5.684341886080802e-14,2019-02-01,508
2019/2019-02-02_dgr2.xls,ok,1.1368683772161603e-13,2019-02-02,508
2019/2019-02-03_dgr2.xls,ok,2.2737367544323206e-13,2019-02-03,508
2019/2019-02-04_dgr2.xls,ok,1.1368683772161603e-13,2019-02-04,508
2019/2019-02-05_dgr2.xls,ok,8.526512829121202e-14,2019-02-05,508
2019/2019-02-06_dgr2.xls,ok,1.1368683772161603e-13,2019-02-06,508
2019/2019-02-07_dgr2.xls,ok,5.684341886080802e-14,2019-02-07,508
2019/2019-02-08_dgr2.xls,ok,1.7053025658242404e-13,2019-02-08,508
2019/2019-02-09_dgr2.xls,ok,1.1368683772161603e-13,2019-02-09,508
2019/2019-02-10_dgr2.xls,ok,5.684341886080802e-14,2019-02-10,508
2019/2019-02-11_dgr2.xls,ok,1.1368683772161603e-13,2019-02-11,508
2019/2019-02-12_dgr2.xls,ok,1.1368683772161603e-13,2019-02-12,508
2019/2019-02-13_dgr2.xls,ok,8.526512829121202e-14,2019-02-13,508
2019/2019-02-14_dgr2.xls,ok,5.684341886080802e-14,2019-02-14,508
2019/2019-02-15_dgr2.xls,ok,5.684341886080802e-14,2019-02-15,508
2019/2019-02-16_dgr2.xls,ok,5.684341886080802e-14,2019-02-16,508
2019/2019-02-17_dgr2.xls,ok,1.7053025658242404e-13,2019-02-17,507
2019/2019-02-18_dgr2.xls,ok,1.7053025658242404e-13,2019-02-18,507
2019/2019-02-19_dgr2.xls,ok,1.1368683772161603e-13,2019-02-19,507
2019/2019-02-20_dgr2.xls,ok,5.684341886080802e-14,2019-02-20,507
2019/2019-02-21_dgr2.xls,ok,1.7053025658242404e-13,2019-02-21,507
2019/2019-02-22_dgr2.xls,ok,5.684341886080802e-14,2019-02-22,508
2019/2019-02-23_dgr2.xls,ok,1.1368683772161603e-13,2019-02-23,508
2019/2019-02-24_dgr2.xls,ok,8.526512829121202e-14,2019-02-24,508
2019/2019-02-25_dgr2.xls,ok,1.7053025658242404e-13,2019-02-25,508
2019/2019-02-26_dgr2.xls,ok,1.1368683772161603e-13,2019-02-26,508
2019/2019-02-27_dgr2.xls,ok,1.1368683772161603e-13,2019-02-27,508
2019/2019-02-28_dgr2.xls,ok,1.7053025658242404e-13,2019-02-28,508
2019/2019-03-01_dgr2.xls,ok,1.1368683772161603e-13,2019-03-01,508
2019/2019-03-02_dgr2.xls,ok,5.684341886080802e-14,2019-03-02,508
2019/2019-03-03_dgr2.xls,ok,8.526512829121202e-14,2019-03-03,508
2019/2019-03-04_dgr2.xls,ok,8.526512829121202e-14,2019-03-04,508
2019/2019-03-05_dgr2.xls,ok,5.684341886080802e-14,2019-03-05,508
2019/2019-03-06_dgr2.xls,ok,5.684341886080802e-14,2019-03-06,508
2019/2019-03-07_dgr2.xls,ok,1.1368683772161603e-13,2019-03-07,508
2019/2019-03-08_dgr2.xls,ok,1.7053025658242404e-13,2019-03-08,508
2019/2019-03-09_dgr2.xls,ok,1.1368683772161603e-13,2019-03-09,508
2019/2019-03-10_dgr2.xls,ok,1.1368683772161603e-13,2019-03-10,508
2019/2019-03-11_dgr2.xls,ok,1.7053025658242404e-13,2019-03-11,508
2019/2019-03-12_dgr2.xls,ok,2.2737367544323206e-13,2019-03-12,508
2019/2019-03-13_dgr2.xls,ok,1.1368683772161603e-13,2019-03-13,508
2019/2019-03-14_dgr2.xls,ok,1.7053025658242404e-13,2019-03-14,508
2019/2019-03-15_dgr2.xls,ok,2.8421709430404007e-13,2019-03-15,508
2019/2019-03-16_dgr2.xls,ok,1.1368683772161603e-13,2019-03-16,508
2019/2019-03-17_dgr2.xls,ok,1.1368683772161603e-13,2019-03-17,508
2019/2019-03-18_dgr2.xls,ok,1.7053025658242404e-13,2019-03-18,508
2019/2019-03-19_dgr2.xls,ok,1.1368683772161603e-13,2019-03-19,508
2019/2019-03-20_dgr2.xls,ok,1.1368683772161603e-13,2019-03-20,508
2019/2019-03-21_dgr2.xls,ok,5.684341886080802e-14,2019-03-21,508
2019/2019-03-22_dgr2.xls,ok,1.7053025658242404e-13,2019-03-22,508
2019/2019-03-23_dgr2.xls,ok,1.7053025658242404e-13,2019-03-23,508
2019/2019-03-24_dgr2.xls,ok,1.7053025658242404e-13,2019-03-24,508
2019/2019-03-25_dgr2.xls,ok,1.1368683772161603e-13,2019-03-25,508
2019/2019-03-26_dgr2.xls,ok,1.7053025658242404e-13,2019-03-26,508
2019/2019-03-27_dgr2.xls,ok,1.1368683772161603e-13,2019-03-27,508
2019/2019-03-28_dgr2.xls,ok,1.1368683772161603e-13,2019-03-28,508
2019/2019-03-29_dgr2.xls,ok,8.526512829121202e-14,2019-03-29,508
2019/2019-03-30_dgr2.xls,ok,5.684341886080802e-14,2019-03-30,508
2019/2019-03-31_dgr2.xls,ok,5.684341886080802e-14,2019-03-31,508
2019/2019-04-01_dgr2.xls,ok,1.1368683772161603e-13,2019-04-01,505
2019/2019-04-02_dgr2.xls,ok,1.1368683772161603e-13,2019-04-02,505
2019/2019-04-03_dgr2.xls,ok,2.2737367544323206e-13,2019-04-03,505
2019/2019-04-04_dgr2.xls,ok,1.7053025658242404e-13,2019-04-04,505
2019/2019-04-05_dgr2.xls,ok,1.1368683772161603e-13,2019-04-05,505
2019/2019-04-06_dgr2.xls,ok,1.1368683772161603e-13,2019-04-06,505
2019/2019-04-07_dgr2.xls,ok,1.1368683772161603e-13,2019-04-07,505
2019/2019-04-08_dgr2.xls,ok,1.7053025658242404e-13,2019-04-08,505
2019/2019-04-09_dgr2.xls,ok,1.1368683772161603e-13,2019-04-09,505
2019/2019-04-10_dgr2.xls,ok,1.7053025658242404e-13,2019-04-10,505
2019/2019-04-11_dgr2.xls,ok,1.1368683772161603e-13,2019-04-11,505
2019/2019-04-12_dgr2.xls,ok,1.1368683772161603e-13,2019-04-12,505
2019/2019-04-13_dgr2.xls,ok,1.7053025658242404e-13,2019-04-13,505
2019/2019-04-14_dgr2.xls,ok,1.7053025658242404e-13,2019-04-14,505
2019/2019-04-15_dgr2.xls,ok,1.7053025658242404e-13,2019-04-15,505
2019/2019-04-16_dgr2.xls,ok,1.1368683772161603e-13,2019-04-16,505
2019/2019-04-17_dgr2.xls,ok,1.1368683772161603e-13,2019-04-17,505
2019/2019-04-18_dgr2.xls,ok,1.1368683772161603e-13,2019-04-18,505
2019/2019-04-19_dgr2.xls,ok,1.7053025658242404e-13,2019-04-19,505
2019/2019-04-20_dgr2.xls,ok,2.2737367544323206e-13,2019-04-20,505
2019/2019-04-21_dgr2.xls,ok,1.7053025658242404e-13,2019-04-21,505
2019/2019-04-22_dgr2.xls,ok,1.7053025658242404e-13,2019-04-22,505
2019/2019-04-23_dgr2.xls,ok,8.526512829121202e-14,2019-04-23,505
2019/2019-04-24_dgr2.xls,ok,1.1368683772161603e-13,2019-04-24,505
2019/2019-04-25_dgr2.xls,ok,1.7053025658242404e-13,2019-04-25,505
2019/2019-04-26_dgr2.xls,ok,1.1368683772161603e-13,2019-04-26,505
2019/2019-04-27_dgr2.xls,ok,1.1368683772161603e-13,2019-04-27,505
2019/2019-04-28_dgr2.xls,ok,1.1368683772161603e-13,2019-04-28,505
2019/2019-04-29_dgr2.xls,ok,8.526512829121202e-14,2019-04-29,505
2019/2019-04-30_dgr2.xls,ok,1.1368683772161603e-13,2019-04-30,505
2019/2019-05-01_dgr2.xls,ok,1.7053025658242404e-13,2019-05-01,505
2019/2019-05-02_dgr2.xls,ok,1.1368683772161603e-13,2019-05-02,505
2019/2019-05-03_dgr2.xls,ok,1.1368683772161603e-13,2019-05-03,505
2019/2019-05-04_dgr2.xls,ok,1.7053025658242404e-13,2019-05-04,505
2019/2019-05-05_dgr2.xls,ok,1.1368683772161603e-13,2019-05-05,505
2019/2019-05-06_dgr2.xls,ok,1.7053025658242404e-13,2019-05-06,505
2019/2019-05-07_dgr2.xls,ok,1.1368683772161603e-13,2019-05-07,505
2019/2019-05-08_dgr2.xls,ok,1.7053025658242404e-13,2019-05-08,505
2019/2019-05-09_dgr2.xls,ok,1.1368683772161603e-13,2019-05-09,505
2019/2019-05-10_dgr2.xls,ok,8.526512829121202e-14,2019-05-10,505
2019/2019-05-11_dgr2.xls,ok,1.1368683772161603e-13,2019-05-11,505
2019/2019-05-12_dgr2.xls,ok,1.1368683772161603e-13,2019-05-12,505
2019/2019-05-13_dgr2.xls,ok,5.684341886080802e-14,2019-05-13,505
2019/2019-05-14_dgr2.xls,ok,1.1368683772161603e-13,2019-05-14,505
2019/2019-05-15_dgr2.xls,ok,1.1368683772161603e-13,2019-05-15,505
2019/2019-05-16_dgr2.xls,ok,1.1368683772161603e-13,2019-05-16,505
2019/2019-05-17_dgr2.xls,ok,2.2737367544323206e-13,2019-05-17,505
2019/2019-05-18_dgr2.xls,ok,1.7053025658242404e-13,2019-05-18,505
2019/2019-05-19_dgr2.xls,ok,1.1368683772161603e-13,2019-05-19,505
2019/2019-05-20_dgr2.xls,ok,1.1368683772161603e-13,2019-05-20,505
2019/2019-05-21_dgr2.xls,ok,1.7053025658242404e-13,2019-05-21,505
2019/2019-05-22_dgr2.xls,ok,1.7053025658242404e-13,2019-05-22,505
2019/2019-05-23_dgr2.xls,ok,1.7053025658242404e-13,2019-05-23,505
2019/2019-05-24_dgr2.xls,ok,1.7053025658242404e-13,2019-05-24,505
2019/2019-05-25_dgr2.xls,ok,1.1368683772161603e-13,2019-05-25,505
2019/2019-05-26_dgr2.xls,ok,1.1368683772161603e-13,2019-05-26,505
2019/2019-05-27_dgr2.xls,ok,1.1368683772161603e-13,2019-05-27,505
2019/2019-05-28_dgr2.xls,ok,1.1368683772161603e-13,2019-05-28,505
2019/2019-05-29_dgr2.xls,ok,2.2737367544323206e-13,2019-05-29,505
2019/2019-05-30_dgr2.xls,ok,1.7053025658242404e-13,2019-05-30,505
2019/2019-05-31_dgr2.xls,ok,5.684341886080802e-14,2019-05-31,505
2019/2019-06-01_dgr2.xls,ok,1.7053025658242404e-13,2019-06-01,505
2019/2019-06-02_dgr2.xls,ok,1.1368683772161603e-13,2019-06-02,505
2019/2019-06-03_dgr2.xls,ok,1.1368683772161603e-13,2019-06-03,505
2019/2019-06-04_dgr2.xls,ok,1.7053025658242404e-13,2019-06-04,505
2019/2019-06-05_dgr2.xls,ok,1.7053025658242404e-13,2019-06-05,505
2019/2019-06-06_dgr2.xls,ok,1.7053025658242404e-13,2019-06-06,505
2019/2019-06-07_dgr2.xls,ok,1.7053025658242404e-13,2019-06-07,505
2019/2019-06-08_dgr2.xls,ok,1.1368683772161603e-13,2019-06-08,505
2019/2019-06-09_dgr2.xls,ok,2.2737367544323206e-13,2019-06-09,505
2019/2019-06-10_dgr2.xls,ok,1.1368683772161603e-13,2019-06-10,505
2019/2019-06-11_dgr2.xls,ok,2.2737367544323206e-13,2019-06-11,505
2019/2019-06-12_dgr2.xls,ok,1.1368683772161603e-13,2019-06-12,505
2019/2019-06-13_dgr2.xls,ok,1.1368683772161603e-13,2019-06-13,505
2019/2019-06-14_dgr2.xls,ok,1.7053025658242404e-13,2019-06-14,505
2019/2019-06-15_dgr2.xls,ok,1.7053025658242404e-13,2019-06-15,505
2019/2019-06-16_dgr2.xls,ok,1.7053025658242404e-13,2019-06-16,505
2019/2019-06-17_dgr2.xls,ok,1.1368683772161603e-13,2019-06-17,505
2019/2019-06-18_dgr2.xls,ok,1.1368683772161603e-13,2019-06-18,505
2019/2019-06-19_dgr2.xls,ok,1.1368683772161603e-13,2019-06-19,505
2019/2019-06-20_dgr2.xls,ok,1.7053025658242404e-13,2019-06-20,505
2019/2019-06-21_dgr2.xls,ok,2.2737367544323206e-13,2019-06-21,505
2019/2019-06-22_dgr2.xls,ok,1.1368683772161603e-13,2019-06-22,505
2019/2019-06-23_dgr2.xls,ok,1.1368683772161603e-13,2019-06-23,505
2019/2019-06-24_dgr2.xls,ok,1.7053025658242404e-13,2019-06-24,505
2019/2019-06-25_dgr2.xls,ok,1.7053025658242404e-13,2019-06-25,505
2019/2019-06-26_dgr2.xls,ok,1.7053025658242404e-13,2019-06-26,505
2019/2019-06-27_dgr2.xls,ok,1.1368683772161603e-13,2019-06-27,505
2019/2019-06-28_dgr2.xls,ok,1.1368683772161603e-13,2019-06-28,505
2019/2019-06-29_dgr2.xls,ok,1.7053025658242404e-13,2019-06-29,505
2019/2019-06-30_dgr2.xls,ok,1.7053025658242404e-13,2019-06-30,505
2019/2019-07-01_dgr2.xls,ok,1.7053025658242404e-13,2019-07-01,505
2019/2019-07-02_dgr2.xls,ok,1.1368683772161603e-13,2019-07-02,505
2019/2019-07-03_dgr2.xls,ok,5.684341886080802e-14,2019-07-03,505
2019/2019-07-04_dgr2.xls,ok,1.1368683772161603e-13,2019-07-04,505
2019/2019-07-05_dgr2.xls,ok,1.1368683772161603e-13,2019-07-05,505
2019/2019-07-06_dgr2.xls,ok,5.684341886080802e-14,2019-07-06,505
2019/2019-07-07_dgr2.xls,ok,8.526512829121202e-14,2019-07-07,505
2019/2019-07-08_dgr2.xls,ok,1.1368683772161603e-13,2019-07-08,505
2019/2019-07-09_dgr2.xls,ok,1.1368683772161603e-13,2019-07-09,505
2019/2019-07-10_dgr2.xls,ok,1.7053025658242404e-13,2019-07-10,505
2019/2019-07-11_dgr2.xls,ok,5.684341886080802e-14,2019-07-11,505
2019/2019-07-12_dgr2.xls,ok,8.526512829121202e-14,2019-07-12,505
2019/2019-07-13_dgr2.xls,ok,1.7053025658242404e-13,2019-07-13,505
2019/2019-07-14_dgr2.xls,ok,1.7053025658242404e-13,2019-07-14,505
2019/2019-07-15_dgr2.xls,ok,1.1368683772161603e-13,2019-07-15,505
2019/2019-07-16_dgr2.xls,ok,1.1368683772161603e-13,2019-07-16,505
2019/2019-07-17_dgr2.xls,ok,8.526512829121202e-14,2019-07-17,505
2019/2019-07-18_dgr2.xls,ok,1.1368683772161603e-13,2019-07-18,505
2019/2019-07-19_dgr2.xls,ok,1.7053025658242404e-13,2019-07-19,505
2019/2019-07-20_dgr2.xls,ok,1.1368683772161603e-13,2019-07-20,505
2019/2019-07-21_dgr2.xls,ok,2.2737367544323206e-13,2019-07-21,505
2019/2019-07-22_dgr2.xls,ok,1.1368683772161603e-13,2019-07-22,505
2019/2019-07-23_dgr2.xls,ok,2.2737367544323206e-13,2019-07-23,505
2019/2019-07-24_dgr2.xls,ok,1.1368683772161603e-13,2019-07-24,505
2019/2019-07-25_dgr2.xls,ok,1.1368683772161603e-13,2019-07-25,505
2019/2019-07-26_dgr2.xls,ok,1.1368683772161603e-13,2019-07-26,505
2019/2019-07-27_dgr2.xls,ok,1.7053025658242404e-13,2019-07-27,505
2019/2019-07-28_dgr2.xls,ok,8.526512829121202e-14,2019-07-28,505
2019/2019-07-29_dgr2.xls,ok,5.684341886080802e-14,2019-07-29,505
2019/2019-07-30_dgr2.xls,ok,1.1368683772161603e-13,2019-07-30,505
2019/2019-07-31_dgr2.xls,ok,5.684341886080802e-14,2019-07-31,505
2019/2019-08-01_dgr2.xls,ok,1.1368683772161603e-13,2019-08-01,505
2019/2019-08-02_dgr2.xls,ok,1.7053025658242404e-13,2019-08-02,505
2019/2019-08-03_dgr2.xls,ok,1.1368683772161603e-13,2019-08-03,505
2019/2019-08-04_dgr2.xls,ok,5.684341886080802e-14,2019-08-04,505
2019/2019-08-05_dgr2.xls,ok,1.1368683772161603e-13,2019-08-05,505
2019/2019-08-06_dgr2.xls,ok,8.526512829121202e-14,2019-08-06,505
2019/2019-08-07_dgr2.xls,ok,1.1368683772161603e-13,2019-08-07,505
2019/2019-08-08_dgr2.xls,ok,1.7053025658242404e-13,2019-08-08,505
2019/2019-08-09_dgr2.xls,ok,5.684341886080802e-14,2019-08-09,505
2019/2019-08-10_dgr2.xls,ok,1.4210854715202004e-13,2019-08-10,505
2019/2019-08-11_dgr2.xls,ok,1.1368683772161603e-13,2019-08-11,505
2019/2019-08-12_dgr2.xls,ok,1.7053025658242404e-13,2019-08-12,505
2019/2019-08-13_dgr2.xls,ok,1.7053025658242404e-13,2019-08-13,505
2019/2019-08-14_dgr2.xls,ok,2.8421709430404007e-13,2019-08-14,505
2019/2019-08-15_dgr2.xls,ok,1.1368683772161603e-13,2019-08-15,505
2019/2019-08-16_dgr2.xls,ok,1.1368683772161603e-13,2019-08-16,505
2019/2019-08-17_dgr2.xls,ok,5.684341886080802e-14,2019-08-17,505
2019/2019-08-18_dgr2.xls,ok,1.7053025658242404e-13,2019-08-18,505
2019/2019-08-19_dgr2.xls,ok,1.1368683772161603e-13,2019-08-19,505
2019/2019-08-20_dgr2.xls,ok,1.1368683772161603e-13,2019-08-20,505
2019/2019-08-21_dgr2.xls,ok,1.7053025658242404e-13,2019-08-21,505
2019/2019-08-22_dgr2.xls,ok,1.7053025658242404e-13,2019-08-22,505
2019/2019-08-23_dgr2.xls,ok,1.1368683772161603e-13,2019-08-23,505
2019/2019-08-24_dgr2.xls,ok,1.1368683772161603e-13,2019-08-24,505
2019/2019-08-25_dgr2.xls,ok,1.1368683772161603e-13,2019-08-25,505
2019/2019-08-26_dgr2.xls,ok,8.526512829121202e-14,2019-08-26,505
2019/2019-08-27_dgr2.xls,ok,1.7053025658242404e-13,2019-08-27,505
2019/2019-08-28_dgr2.xls,ok,5.684341886080802e-14,2019-08-28,505
2019/2019-08-29_dgr2.xls,ok,8.526512829121202e-14,2019-08-29,505
2019/2019-08-30_dgr2.xls,ok,1.1368683772161603e-13,2019-08-30,505
2019/2019-08-31_dgr2.xls,ok,8.526512829121202e-14,2019-08-31,505
2019/2019-09-01_dgr2.xls,ok,1.1368683772161603e-13,2019-09-01,505
2019/2019-09-02_dgr2.xls,ok,1.1368683772161603e-13,2019-09-02,505
2019/2019-09-03_dgr2.xls,ok,1.1368683772161603e-13,2019-09-03,505
2019/2019-09-04_dgr2.xls,ok,1.1368683772161603e-13,2019-09-04,505
2019/2019-09-05_dgr2.xls,ok,1.7053025658242404e-13,2019-09-05,505
2019/2019-09-06_dgr2.xls,ok,5.684341886080802e-14,2019-09-06,505
2019/2019-09-07_dgr2.xls,ok,1.1368683772161603e-13,2019-09-07,505
2019/2019-09-08_dgr2.xls,ok,1.1368683772161603e-13,2019-09-08,505
2019/2019-09-09_dgr2.xls,ok,1.1368683772161603e-13,2019-09-09,505
2019/2019-09-10_dgr2.xls,ok,5.684341886080802e-14,2019-09-10,505
2019/2019-09-11_dgr2.xls,ok,8.526512829121202e-14,2019-09-11,505
2019/2019-09-12_dgr2.xls,ok,5.684341886080802e-14,2019-09-12,505
2019/2019-09-13_dgr2.xls,ok,1.1368683772161603e-13,2019-09-13,505
2019/2019-09-14_dgr2.xls,ok,1.1368683772161603e-13,2019-09-14,505
2019/2019-09-15_dgr2.xls,ok,1.1368683772161603e-13,2019-09-15,505
2019/2019-09-16_dgr2.xls,ok,5.684341886080802e-14,2019-09-16,505
2019/2019-09-17_dgr2.xls,ok,1.1368683772161603e-13,2019-09-17,505
2019/2019-09-18_dgr2.xls,ok,1.7053025658242404e-13,2019-09-18,505
2019/2019-09-19_dgr2.xls,ok,5.684341886080802e-14,2019-09-19,505
2019/2019-09-20_dgr2.xls,ok,5.684341886080802e-14,2019-09-20,505
2019/2019-09-21_dgr2.xls,ok,2.8421709430404007e-13,2019-09-21,505
2019/2019-09-22_dgr2.xls,ok,1.7053025658242404e-13,2019-09-22,505
2019/2019-09-23_dgr2.xls,ok,1.1368683772161603e-13,2019-09-23,505
2019/2019-09-24_dgr2.xls,ok,1.7053025658242404e-13,2019-09-24,505
2019/2019-09-25_dgr2.xls,ok,5.684341886080802e-14,2019-09-25,505
2019/2019-09-26_dgr2.xls,ok,1.1368683772161603e-13,2019-09-26,505
2019/2019-09-27_dgr2.xls,ok,1.1368683772161603e-13,2019-09-27,505
2019/2019-09-28_dgr2.xls,ok,1.1368683772161603e-13,2019-09-28,505
2019/2019-09-29_dgr2.xls,ok,1.1368683772161603e-13,2019-09-29,505
2019/2019-09-30_dgr2.xls,ok,1.1368683772161603e-13,2019-09-30,505
2019/2019-10-01_dgr2.xls,ok,1.7053025658242404e-13,2019-10-01,505
2019/2019-10-02_dgr2.xls,ok,1.1368683772161603e-13,2019-10-02,505
2019/2019-10-03_dgr2.xls,ok,1.1368683772161603e-13,2019-10-03,505
2019/2019-10-04_dgr2.xls,ok,1.7053025658242404e-13,2019-10-04,505
2019/2019-10-05_dgr2.xls,ok,5.684341886080802e-14,2019-10-05,505
2019/2019-10-06_dgr2.xls,ok,1.1368683772161603e-13,2019-10-06,505
2019/2019-10-07_dgr2.xls,ok,1.1368683772161603e-13,2019-10-07,505
2019/2019-10-08_dgr2.xls,ok,2.8421709430404007e-13,2019-10-08,505
2019/2019-10-09_dgr2.xls,ok,1.1368683772161603e-13,2019-10-09,505
2019/2019-10-10_dgr2.xls,ok,1.1368683772161603e-13,2019-10-10,505
2019/2019-10-11_dgr2.xls,ok,1.7053025658242404e-13,2019-10-11,505
2019/2019-10-12_dgr2.xls,ok,1.7053025658242404e-13,2019-10-12,505
2019/2019-10-13_dgr2.xls,ok,5.684341886080802e-14,2019-10-13,505
2019/2019-10-14_dgr2.xls,ok,8.526512829121202e-14,2019-10-14,505
2019/2019-10-15_dgr2.xls,ok,1.7053025658242404e-13,2019-10-15,505
2019/2019-10-16_dgr2.xls,ok,1.7053025658242404e-13,2019-10-16,505
2019/2019-10-17_dgr2.xls,ok,1.1368683772161603e-13,2019-10-17,505
2019/2019-10-18_dgr2.xls,ok,1.7053025658242404e-13,2019-10-18,505
2019/2019-10-19_dgr2.xls,ok,5.684341886080802e-14,2019-10-19,505
2019/2019-10-20_dgr2.xls,ok,1.1368683772161603e-13,2019-10-20,505
2019/2019-10-21_dgr2.xls,ok,1.1368683772161603e-13,2019-10-21,505
2019/2019-10-22_dgr2.xls,ok,1.1368683772161603e-13,2019-10-22,505
2019/2019-10-23_dgr2.xls,ok,5.684341886080802e-14,2019-10-23,505
2019/2019-10-24_dgr2.xls,ok,1.1368683772161603e-13,2019-10-24,505
2019/2019-10-25_dgr2.xls,ok,5.684341886080802e-14,2019-10-25,505
2019/2019-10-26_dgr2.xls,ok,1.4210854715202004e-13,2019-10-26,505
2019/2019-10-27_dgr2.xls,ok,1.1368683772161603e-13,2019-10-27,505
2019/2019-10-28_dgr2.xls,ok,1.1368683772161603e-13,2019-10-28,505
2019/2019-10-29_dgr2.xls,no_state_totals,,,0
2019/2019-10-30_dgr2.xls,no_state_totals,,,0
2019/2019-10-31_dgr2.xls,no_state_totals,,,0
2019/2019-11-01_dgr2.xls,ok,1.7053025658242404e-13,2019-11-01,505
2019/2019-11-02_dgr2.xls,ok,1.1368683772161603e-13,2019-11-02,505
2019/2019-11-03_dgr2.xls,ok,5.684341886080802e-14,2019-11-03,505
2019/2019-11-04_dgr2.xls,ok,5.684341886080802e-14,2019-11-04,505
2019/2019-11-05_dgr2.xls,ok,8.526512829121202e-14,2019-11-05,505
2019/2019-11-06_dgr2.xls,ok,1.1368683772161603e-13,2019-11-06,505
2019/2019-11-07_dgr2.xls,ok,8.526512829121202e-14,2019-11-07,505
2019/2019-11-08_dgr2.xls,ok,5.684341886080802e-14,2019-11-08,505
2019/2019-11-09_dgr2.xls,ok,1.1368683772161603e-13,2019-11-09,505
2019/2019-11-10_dgr2.xls,ok,1.1368683772161603e-13,2019-11-10,505
2019/2019-11-11_dgr2.xls,ok,1.1368683772161603e-13,2019-11-11,505
2019/2019-11-12_dgr2.xls,ok,2.2737367544323206e-13,2019-11-12,505
2019/2019-11-13_dgr2.xls,ok,2.2737367544323206e-13,2019-11-13,505
2019/2019-11-14_dgr2.xls,ok,1.7053025658242404e-13,2019-11-14,505
2019/2019-11-15_dgr2.xls,ok,1.1368683772161603e-13,2019-11-15,505
2019/2019-11-16_dgr2.xls,ok,1.1368683772161603e-13,2019-11-16,505
2019/2019-11-17_dgr2.xls,ok,5.684341886080802e-14,2019-11-17,505
2019/2019-11-18_dgr2.xls,ok,1.7053025658242404e-13,2019-11-18,505
2019/2019-11-19_dgr2.xls,ok,1.1368683772161603e-13,2019-11-19,505
2019/2019-11-20_dgr2.xls,ok,1.1368683772161603e-13,2019-11-20,505
2019/2019-11-21_dgr2.xls,ok,1.1368683772161603e-13,2019-11-21,505
2019/2019-11-22_dgr2.xls,ok,5.684341886080802e-14,2019-11-22,505
2019/2019-11-23_dgr2.xls,ok,1.7053025658242404e-13,2019-11-23,505
2019/2019-11-24_dgr2.xls,ok,5.684341886080802e-14,2019-11-24,505
2019/2019-11-25_dgr2.xls,ok,1.7053025658242404e-13,2019-11-25,505
2019/2019-11-26_dgr2.xls,ok,1.1368683772161603e-13,2019-11-26,505
2019/2019-11-27_dgr2.xls,ok,1.1368683772161603e-13,2019-11-27,505
2019/2019-11-28_dgr2.xls,ok,1.7053025658242404e-13,2019-11-28,505
2019/2019-11-29_dgr2.xls,ok,1.7053025658242404e-13,2019-11-29,505
2019/2019-11-30_dgr2.xls,ok,1.1368683772161603e-13,2019-11-30,505
2019/2019-12-01_dgr2.xls,ok,1.1368683772161603e-13,2019-12-01,505
2019/2019-12-02_dgr2.xls,ok,5.684341886080802e-14,2019-12-02,505
2019/2019-12-03_dgr2.xls,ok,1.1368683772161603e-13,2019-12-03,505
2019/2019-12-04_dgr2.xls,ok,1.1368683772161603e-13,2019-12-04,505
2019/2019-12-05_dgr2.xls,ok,5.684341886080802e-14,2019-12-05,505
2019/2019-12-06_dgr2.xls,ok,1.1368683772161603e-13,2019-12-06,505
2019/2019-12-07_dgr2.xls,ok,1.1368683772161603e-13,2019-12-07,505
2019/2019-12-08_dgr2.xls,ok,1.7053025658242404e-13,2019-12-08,505
2019/2019-12-09_dgr2.xls,ok,1.1368683772161603e-13,2019-12-09,505
2019/2019-12-10_dgr2.xls,ok,1.1368683772161603e-13,2019-12-10,505
2019/2019-12-11_dgr2.xls,ok,2.2737367544323206e-13,2019-12-11,505
2019/2019-12-12_dgr2.xls,ok,1.7053025658242404e-13,2019-12-12,505
2019/2019-12-13_dgr2.xls,ok,1.1368683772161603e-13,2019-12-13,505
2019/2019-12-14_dgr2.xls,ok,5.684341886080802e-14,2019-12-14,505
2019/2019-12-15_dgr2.xls,ok,1.1368683772161603e-13,2019-12-15,505
2019/2019-12-16_dgr2.xls,ok,1.1368683772161603e-13,2019-12-16,505
2019/2019-12-17_dgr2.xls,ok,5.684341886080802e-14,2019-12-17,505
2019/2019-12-18_dgr2.xls,ok,1.1368683772161603e-13,2019-12-18,505
2019/2019-12-19_dgr2.xls,ok,1.1368683772161603e-13,2019-12-19,505
2019/2019-12-20_dgr2.xls,ok,1.7053025658242404e-13,2019-12-20,505
2019/2019-12-21_dgr2.xls,ok,1.1368683772161603e-13,2019-12-21,505
2019/2019-12-22_dgr2.xls,ok,1.1368683772161603e-13,2019-12-22,505
2019/2019-12-23_dgr2.xls,ok,1.1368683772161603e-13,2019-12-23,505
2019/2019-12-24_dgr2.xls,ok,1.1368683772161603e-13,2019-12-24,505
2019/2019-12-25_dgr2.xls,ok,1.7053025658242404e-13,2019-12-25,505
2019/2019-12-26_dgr2.xls,ok,1.7053025658242404e-13,2019-12-26,505
2019/2019-12-27_dgr2.xls,ok,1.7053025658242404e-13,2019-12-27,505
2019/2019-12-28_dgr2.xls,ok,1.1368683772161603e-13,2019-12-28,505
2019/2019-12-29_dgr2.xls,ok,1.7053025658242404e-13,2019-12-29,505
2019/2019-12-30_dgr2.xls,ok,1.7053025658242404e-13,2019-12-30,505
2019/2019-12-31_dgr2.xls,ok,5.684341886080802e-14,2019-12-31,505
2020/2020-01-01_dgr2.xls,ok,5.684341886080802e-14,2020-01-01,505
2020/2020-01-02_dgr2.xls,ok,1.1368683772161603e-13,2020-01-02,505
2020/2020-01-03_dgr2.xls,ok,1.1368683772161603e-13,2020-01-03,505
2020/2020-01-04_dgr2.xls,ok,1.1368683772161603e-13,2020-01-04,505
2020/2020-01-05_dgr2.xls,ok,5.684341886080802e-14,2020-01-05,505
2020/2020-01-06_dgr2.xls,ok,1.1368683772161603e-13,2020-01-06,505
2020/2020-01-07_dgr2.xls,ok,1.1368683772161603e-13,2020-01-07,505
2020/2020-01-08_dgr2.xls,ok,1.7053025658242404e-13,2020-01-08,505
2020/2020-01-09_dgr2.xls,ok,1.1368683772161603e-13,2020-01-09,505
2020/2020-01-10_dgr2.xls,ok,1.1368683772161603e-13,2020-01-10,505
2020/2020-01-11_dgr2.xls,ok,1.7053025658242404e-13,2020-01-11,505
2020/2020-01-12_dgr2.xls,ok,1.1368683772161603e-13,2020-01-12,505
2020/2020-01-13_dgr2.xls,ok,1.1368683772161603e-13,2020-01-13,505
2020/2020-01-14_dgr2.xls,ok,2.8421709430404007e-13,2020-01-14,505
2020/2020-01-15_dgr2.xls,ok,5.684341886080802e-14,2020-01-15,505
2020/2020-01-16_dgr2.xls,ok,1.1368683772161603e-13,2020-01-16,505
2020/2020-01-17_dgr2.xls,ok,1.7053025658242404e-13,2020-01-17,505
2020/2020-01-18_dgr2.xls,ok,1.1368683772161603e-13,2020-01-18,505
2020/2020-01-19_dgr2.xls,ok,1.1368683772161603e-13,2020-01-19,505
2020/2020-01-20_dgr2.xls,ok,1.7053025658242404e-13,2020-01-20,505
2020/2020-01-21_dgr2.xls,ok,1.1368683772161603e-13,2020-01-21,505
2020/2020-01-22_dgr2.xls,ok,1.1368683772161603e-13,2020-01-22,505
2020/2020-01-23_dgr2.xls,ok,1.1368683772161603e-13,2020-01-23,505
2020/2020-01-24_dgr2.xls,ok,5.684341886080802e-14,2020-01-24,505
2020/2020-01-25_dgr2.xls,ok,1.1368683772161603e-13,2020-01-25,505
2020/2020-01-26_dgr2.xls,ok,1.1368683772161603e-13,2020-01-26,505
2020/2020-01-27_dgr2.xls,ok,2.2737367544323206e-13,2020-01-27,505
2020/2020-01-28_dgr2.xls,ok,1.7053025658242404e-13,2020-01-28,505
2020/2020-01-29_dgr2.xls,ok,1.1368683772161603e-13,2020-01-29,505
2020/2020-01-30_dgr2.xls,ok,1.7053025658242404e-13,2020-01-30,505
2020/2020-01-31_dgr2.xls,ok,1.1368683772161603e-13,2020-01-31,505
2020/2020-02-01_dgr2.xls,ok,1.1368683772161603e-13,2020-02-01,505
2020/2020-02-02_dgr2.xls,ok,1.1368683772161603e-13,2020-02-02,505
2020/2020-02-03_dgr2.xls,ok,1.1368683772161603e-13,2020-02-03,505
2020/2020-02-04_dgr2.xls,ok,1.1368683772161603e-13,2020-02-04,505
2020/2020-02-05_dgr2.xls,ok,1.1368683772161603e-13,2020-02-05,505
2020/2020-02-06_dgr2.xls,ok,1.7053025658242404e-13,2020-02-06,505
2020/2020-02-07_dgr2.xls,ok,1.1368683772161603e-13,2020-02-07,505
2020/2020-02-08_dgr2.xls,ok,2.2737367544323206e-13,2020-02-08,505
2020/2020-02-09_dgr2.xls,ok,1.1368683772161603e-13,2020-02-09,505
2020/2020-02-10_dgr2.xls,ok,5.684341886080802e-14,2020-02-10,505
2020/2020-02-11_dgr2.xls,ok,1.7053025658242404e-13,2020-02-11,505
2020/2020-02-12_dgr2.xls,ok,1.7053025658242404e-13,2020-02-12,505
2020/2020-02-13_dgr2.xls,ok,1.1368683772161603e-13,2020-02-13,505
2020/2020-02-14_dgr2.xls,ok,1.1368683772161603e-13,2020-02-14,505
2020/2020-02-15_dgr2.xls,ok,2.2737367544323206e-13,2020-02-15,505
2020/2020-02-16_dgr2.xls,ok,8.526512829121202e-14,2020-02-16,505
2020/2020-02-17_dgr2.xls,ok,1.7053025658242404e-13,2020-02-17,505
2020/2020-02-18_dgr2.xls,ok,1.7053025658242404e-13,2020-02-18,505
2020/2020-02-19_dgr2.xls,ok,5.684341886080802e-14,2020-02-19,505
2020/2020-02-20_dgr2.xls,ok,1.1368683772161603e-13,2020-02-20,505
2020/2020-02-21_dgr2.xls,ok,5.684341886080802e-14,2020-02-21,505
2020/2020-02-22_dgr2.xls,ok,1.7053025658242404e-13,2020-02-22,505
2020/2020-02-23_dgr2.xls,ok,5.684341886080802e-14,2020-02-23,505
2020/2020-02-24_dgr2.xls,ok,1.7053025658242404e-13,2020-02-24,505
2020/2020-02-25_dgr2.xls,ok,1.1368683772161603e-13,2020-02-25,505
2020/2020-02-26_dgr2.xls,ok,1.7053025658242404e-13,2020-02-26,505
2020/2020-02-27_dgr2.xls,ok,1.1368683772161603e-13,2020-02-27,505
2020/2020-02-28_dgr2.xls,ok,2.2737367544323206e-13,2020-02-28,511
2020/2020-02-29_dgr2.xls,ok,1.7053025658242404e-13,2020-02-29,511
2020/2020-03-01_dgr2.xls,ok,1.1368683772161603e-13,2020-03-01,511
2020/2020-03-02_dgr2.xls,ok,1.1368683772161603e-13,2020-03-02,511
2020/2020-03-03_dgr2.xls,ok,8.526512829121202e-14,2020-03-03,511
2020/2020-03-04_dgr2.xls,ok,1.1368683772161603e-13,2020-03-04,511
2020/2020-03-05_dgr2.xls,ok,1.1368683772161603e-13,2020-03-05,511
2020/2020-03-06_dgr2.xls,ok,1.7053025658242404e-13,2020-03-06,511
2020/2020-03-07_dgr2.xls,ok,1.1368683772161603e-13,2020-03-07,511
2020/2020-03-08_dgr2.xls,ok,1.1368683772161603e-13,2020-03-08,511
2020/2020-03-09_dgr2.xls,ok,5.684341886080802e-14,2020-03-09,511
2020/2020-03-10_dgr2.xls,ok,1.7053025658242404e-13,2020-03-10,511
2020/2020-03-11_dgr2.xls,ok,1.1368683772161603e-13,2020-03-11,511
2020/2020-03-12_dgr2.xls,ok,1.7053025658242404e-13,2020-03-12,511
2020/2020-03-13_dgr2.xls,ok,1.1368683772161603e-13,2020-03-13,511
2020/2020-03-14_dgr2.xls,ok,2.2737367544323206e-13,2020-03-14,511
2020/2020-03-15_dgr2.xls,ok,1.1368683772161603e-13,2020-03-15,511
2020/2020-03-16_dgr2.xls,ok,1.7053025658242404e-13,2020-03-16,511
2020/2020-03-17_dgr2.xls,ok,1.1368683772161603e-13,2020-03-17,511
2020/2020-03-18_dgr2.xls,ok,1.1368683772161603e-13,2020-03-18,511
2020/2020-06-01_dgr2.xls,ok,1.1368683772161603e-13,2020-06-01,506
2020/2020-06-02_dgr2.xls,ok,8.526512829121202e-14,2020-06-02,506
2020/2020-06-03_dgr2.xls,ok,5.684341886080802e-14,2020-06-03,506
2020/2020-06-04_dgr2.xls,ok,1.1368683772161603e-13,2020-06-04,506
2020/2020-06-05_dgr2.xls,ok,5.684341886080802e-14,2020-06-05,506
2020/2020-06-06_dgr2.xls,ok,1.1368683772161603e-13,2020-06-06,506
2020/2020-06-07_dgr2.xls,ok,1.1368683772161603e-13,2020-06-07,506
2020/2020-06-08_dgr2.xls,ok,5.684341886080802e-14,2020-06-08,506
2020/2020-06-09_dgr2.xls,ok,1.1368683772161603e-13,2020-06-09,506
2020/2020-06-10_dgr2.xls,ok,1.1368683772161603e-13,2020-06-10,506
2020/2020-06-11_dgr2.xls,ok,1.1368683772161603e-13,2020-06-11,506
2020/2020-06-12_dgr2.xls,ok,1.1368683772161603e-13,2020-06-12,506
2020/2020-06-13_dgr2.xls,ok,8.526512829121202e-14,2020-06-13,506
2020/2020-06-14_dgr2.xls,ok,8.526512829121202e-14,2020-06-14,506
2020/2020-06-15_dgr2.xls,ok,5.684341886080802e-14,2020-06-15,506
2020/2020-06-16_dgr2.xls,ok,1.1368683772161603e-13,2020-06-16,506
2020/2020-06-17_dgr2.xls,ok,1.1368683772161603e-13,2020-06-17,506
2020/2020-06-18_dgr2.xls,ok,1.1368683772161603e-13,2020-06-18,506
2020/2020-06-19_dgr2.xls,ok,1.1368683772161603e-13,2020-06-19,506
2020/2020-06-20_dgr2.xls,ok,1.7053025658242404e-13,2020-06-20,506
2020/2020-06-21_dgr2.xls,ok,5.684341886080802e-14,2020-06-21,506
2020/2020-06-22_dgr2.xls,ok,1.7053025658242404e-13,2020-06-22,506
2020/2020-06-23_dgr2.xls,ok,1.7053025658242404e-13,2020-06-23,506
2020/2020-06-24_dgr2.xls,ok,1.1368683772161603e-13,2020-06-24,506
2020/2020-06-25_dgr2.xls,ok,1.1368683772161603e-13,2020-06-25,506
2020/2020-06-26_dgr2.xls,ok,1.1368683772161603e-13,2020-06-26,506
2020/2020-06-27_dgr2.xls,ok,5.684341886080802e-14,2020-06-27,506
2020/2020-06-28_dgr2.xls,ok,1.1368683772161603e-13,2020-06-28,506
2020/2020-06-29_dgr2.xls,ok,8.526512829121202e-14,2020-06-29,506
2020/2020-06-30_dgr2.xls,ok,1.7053025658242404e-13,2020-06-30,507
2020/2020-07-01_dgr2.xls,ok,1.7053025658242404e-13,2020-07-01,507
2020/2020-07-02_dgr2.xls,ok,5.684341886080802e-14,2020-07-02,507
2020/2020-07-03_dgr2.xls,ok,8.526512829121202e-14,2020-07-03,507
2020/2020-07-04_dgr2.xls,ok,1.1368683772161603e-13,2020-07-04,507
2020/2020-07-05_dgr2.xls,ok,8.526512829121202e-14,2020-07-05,507
2020/2020-07-06_dgr2.xls,ok,1.1368683772161603e-13,2020-07-06,507
2020/2020-07-07_dgr2.xls,ok,5.684341886080802e-14,2020-07-07,507
2020/2020-07-08_dgr2.xls,ok,1.1368683772161603e-13,2020-07-08,507
2020/2020-07-09_dgr2.xls,ok,1.7053025658242404e-13,2020-07-09,507
2020/2020-07-10_dgr2.xls,ok,1.1368683772161603e-13,2020-07-10,507
2020/2020-07-11_dgr2.xls,ok,1.1368683772161603e-13,2020-07-11,507
2020/2020-07-12_dgr2.xls,ok,2.2737367544323206e-13,2020-07-12,507
2020/2020-07-13_dgr2.xls,ok,1.7053025658242404e-13,2020-07-13,507
2020/2020-07-14_dgr2.xls,ok,1.7053025658242404e-13,2020-07-14,507
2020/2020-07-15_dgr2.xls,ok,5.684341886080802e-14,2020-07-15,507
2020/2020-07-16_dgr2.xls,ok,2.2737367544323206e-13,2020-07-16,507
2020/2020-07-17_dgr2.xls,ok,1.1368683772161603e-13,2020-07-17,507
2020/2020-07-18_dgr2.xls,ok,1.1368683772161603e-13,2020-07-18,507
2020/2020-07-19_dgr2.xls,ok,5.684341886080802e-14,2020-07-19,507
2020/2020-07-20_dgr2.xls,ok,8.526512829121202e-14,2020-07-20,507
2020/2020-07-21_dgr2.xls,ok,1.1368683772161603e-13,2020-07-21,507
2020/2020-07-22_dgr2.xls,ok,8.526512829121202e-14,2020-07-22,507
2020/2020-07-23_dgr2.xls,ok,1.1368683772161603e-13,2020-07-23,507
2020/2020-07-24_dgr2.xls,ok,1.7053025658242404e-13,2020-07-24,507
2020/2020-07-25_dgr2.xls,ok,5.684341886080802e-14,2020-07-25,507
2020/2020-07-26_dgr2.xls,ok,1.7053025658242404e-13,2020-07-26,507
2020/2020-07-27_dgr2.xls,ok,1.1368683772161603e-13,2020-07-27,507
2020/2020-07-28_dgr2.xls,ok,8.526512829121202e-14,2020-07-28,507
2020/2020-07-29_dgr2.xls,ok,1.1368683772161603e-13,2020-07-29,507
2020/2020-07-30_dgr2.xls,ok,1.7053025658242404e-13,2020-07-30,507
2020/2020-07-31_dgr2.xls,ok,1.1368683772161603e-13,2020-07-31,507
2020/2020-08-01_dgr2.xls,ok,1.1368683772161603e-13,2020-08-01,507
2020/2020-08-02_dgr2.xls,ok,2.2737367544323206e-13,2020-08-02,507
2020/2020-08-03_dgr2.xls,ok,1.1368683772161603e-13,2020-08-03,507
2020/2020-08-04_dgr2.xls,ok,1.1368683772161603e-13,2020-08-04,507
2020/2020-08-05_dgr2.xls,ok,1.7053025658242404e-13,2020-08-05,507
2020/2020-08-06_dgr2.xls,ok,1.1368683772161603e-13,2020-08-06,507
2020/2020-08-07_dgr2.xls,ok,2.2737367544323206e-13,2020-08-07,507
2020/2020-08-08_dgr2.xls,ok,1.7053025658242404e-13,2020-08-08,507
2020/2020-08-09_dgr2.xls,ok,1.1368683772161603e-13,2020-08-09,507
2020/2020-08-10_dgr2.xls,ok,8.526512829121202e-14,2020-08-10,507
2020/2020-08-11_dgr2.xls,ok,1.1368683772161603e-13,2020-08-11,507
2020/2020-08-12_dgr2.xls,ok,1.1368683772161603e-13,2020-08-12,507
2020/2020-08-13_dgr2.xls,ok,5.684341886080802e-14,2020-08-13,507
2020/2020-08-14_dgr2.xls,ok,1.7053025658242404e-13,2020-08-14,507
2020/2020-08-15_dgr2.xls,ok,5.684341886080802e-14,2020-08-15,507
2020/2020-08-16_dgr2.xls,ok,1.1368683772161603e-13,2020-08-16,507
2020/2020-08-17_dgr2.xls,ok,1.1368683772161603e-13,2020-08-17,507
2020/2020-08-18_dgr2.xls,ok,8.526512829121202e-14,2020-08-18,507
2020/2020-08-19_dgr2.xls,ok,1.1368683772161603e-13,2020-08-19,507
2020/2020-08-20_dgr2.xls,ok,8.526512829121202e-14,2020-08-20,507
2020/2020-08-21_dgr2.xls,ok,8.526512829121202e-14,2020-08-21,507
2020/2020-08-22_dgr2.xls,ok,5.684341886080802e-14,2020-08-22,507
2020/2020-08-23_dgr2.xls,ok,1.7053025658242404e-13,2020-08-23,507
2020/2020-08-24_dgr2.xls,ok,1.7053025658242404e-13,2020-08-24,507
2020/2020-08-25_dgr2.xls,ok,1.1368683772161603e-13,2020-08-25,507
2020/2020-08-26_dgr2.xls,ok,1.1368683772161603e-13,2020-08-26,507
2020/2020-08-27_dgr2.xls,ok,1.7053025658242404e-13,2020-08-27,507
2020/2020-08-28_dgr2.xls,ok,1.1368683772161603e-13,2020-08-28,507
2020/2020-08-29_dgr2.xls,ok,5.684341886080802e-14,2020-08-29,507
2020/2020-08-30_dgr2.xls,ok,1.1368683772161603e-13,2020-08-30,507
2020/2020-08-31_dgr2.xls,ok,5.684341886080802e-14,2020-08-31,507
2020/2020-09-01_dgr2.xls,ok,1.1368683772161603e-13,2020-09-01,507
2020/2020-09-02_dgr2.xls,ok,2.2737367544323206e-13,2020-09-02,507
2020/2020-09-03_dgr2.xls,ok,2.2737367544323206e-13,2020-09-03,507
2020/2020-09-04_dgr2.xls,ok,1.1368683772161603e-13,2020-09-04,507
2020/2020-09-05_dgr2.xls,ok,1.1368683772161603e-13,2020-09-05,507
2020/2020-09-06_dgr2.xls,ok,5.684341886080802e-14,2020-09-06,507
2020/2020-09-07_dgr2.xls,ok,2.2737367544323206e-13,2020-09-07,507
2020/2020-09-08_dgr2.xls,ok,1.1368683772161603e-13,2020-09-08,507
2020/2020-09-09_dgr2.xls,ok,1.1368683772161603e-13,2020-09-09,507
2020/2020-09-10_dgr2.xls,ok,2.2737367544323206e-13,2020-09-10,507
2020/2020-09-11_dgr2.xls,ok,1.1368683772161603e-13,2020-09-11,507
2020/2020-09-12_dgr2.xls,ok,2.2737367544323206e-13,2020-09-12,507
2020/2020-09-13_dgr2.xls,ok,1.1368683772161603e-13,2020-09-13,507
2020/2020-09-14_dgr2.xls,ok,5.684341886080802e-14,2020-09-14,507
2020/2020-09-15_dgr2.xls,ok,1.1368683772161603e-13,2020-09-15,507
2020/2020-09-16_dgr2.xls,ok,1.1368683772161603e-13,2020-09-16,507
2020/2020-09-17_dgr2.xls,ok,1.1368683772161603e-13,2020-09-17,507
2020/2020-09-18_dgr2.xls,ok,1.7053025658242404e-13,2020-09-18,507
2020/2020-09-19_dgr2.xls,ok,1.7053025658242404e-13,2020-09-19,507
2020/2020-09-20_dgr2.xls,ok,1.7053025658242404e-13,2020-09-20,507
2020/2020-09-21_dgr2.xls,ok,1.1368683772161603e-13,2020-09-21,507
2020/2020-09-22_dgr2.xls,ok,1.7053025658242404e-13,2020-09-22,507
2020/2020-09-23_dgr2.xls,ok,5.684341886080802e-14,2020-09-23,507
2020/2020-09-24_dgr2.xls,ok,1.7053025658242404e-13,2020-09-24,507
2020/2020-09-25_dgr2.xls,ok,1.7053025658242404e-13,2020-09-25,507
2020/2020-09-26_dgr2.xls,ok,1.1368683772161603e-13,2020-09-26,507
2020/2020-09-27_dgr2.xls,ok,8.526512829121202e-14,2020-09-27,507
2020/2020-09-28_dgr2.xls,ok,1.1368683772161603e-13,2020-09-28,507
2020/2020-09-29_dgr2.xls,ok,1.7053025658242404e-13,2020-09-29,507
2020/2020-09-30_dgr2.xls,ok,1.1368683772161603e-13,2020-09-30,507
2020/2020-10-01_dgr2.xls,ok,1.1368683772161603e-13,2020-10-01,507
2020/2020-10-02_dgr2.xls,ok,1.1368683772161603e-13,2020-10-02,507
2020/2020-10-03_dgr2.xls,ok,1.7053025658242404e-13,2020-10-03,507
2020/2020-10-04_dgr2.xls,ok,1.1368683772161603e-13,2020-10-04,507
2020/2020-10-05_dgr2.xls,ok,1.1368683772161603e-13,2020-10-05,507
2020/2020-10-06_dgr2.xls,ok,1.1368683772161603e-13,2020-10-06,507
2020/2020-10-07_dgr2.xls,ok,2.2737367544323206e-13,2020-10-07,507
2020/2020-10-08_dgr2.xls,ok,1.1368683772161603e-13,2020-10-08,507
2020/2020-10-09_dgr2.xls,ok,1.1368683772161603e-13,2020-10-09,507
2020/2020-10-10_dgr2.xls,ok,1.1368683772161603e-13,2020-10-10,507
2020/2020-10-11_dgr2.xls,ok,1.1368683772161603e-13,2020-10-11,507
2020/2020-10-12_dgr2.xls,ok,5.684341886080802e-14,2020-10-12,507
2020/2020-10-13_dgr2.xls,ok,1.1368683772161603e-13,2020-10-13,507
2020/2020-10-14_dgr2.xls,ok,1.1368683772161603e-13,2020-10-14,507
2020/2020-10-15_dgr2.xls,ok,5.684341886080802e-14,2020-10-15,507
2020/2020-10-16_dgr2.xls,ok,1.7053025658242404e-13,2020-10-16,507
2020/2020-10-17_dgr2.xls,ok,5.684341886080802e-14,2020-10-17,507
2020/2020-10-18_dgr2.xls,ok,1.1368683772161603e-13,2020-10-18,507
2020/2020-10-19_dgr2.xls,ok,1.1368683772161603e-13,2020-10-19,507
2020/2020-10-20_dgr2.xls,ok,1.7053025658242404e-13,2020-10-20,507
2020/2020-10-21_dgr2.xls,ok,1.1368683772161603e-13,2020-10-21,507
2020/2020-10-22_dgr2.xls,ok,1.7053025658242404e-13,2020-10-22,507
2020/2020-10-23_dgr2.xls,ok,1.7053025658242404e-13,2020-10-23,507
2020/2020-10-24_dgr2.xls,ok,1.7053025658242404e-13,2020-10-24,507
2020/2020-10-25_dgr2.xls,ok,5.684341886080802e-14,2020-10-25,507
2020/2020-10-26_dgr2.xls,ok,2.2737367544323206e-13,2020-10-26,507
2020/2020-10-27_dgr2.xls,ok,1.1368683772161603e-13,2020-10-27,507
2020/2020-10-28_dgr2.xls,ok,5.684341886080802e-14,2020-10-28,507
2020/2020-10-29_dgr2.xls,ok,1.1368683772161603e-13,2020-10-29,507
2020/2020-10-30_dgr2.xls,ok,1.7053025658242404e-13,2020-10-30,507
2020/2020-10-31_dgr2.xls,ok,1.1368683772161603e-13,2020-10-31,507
2020/2020-11-01_dgr2.xls,ok,5.684341886080802e-14,2020-11-01,507
2020/2020-11-02_dgr2.xls,ok,1.1368683772161603e-13,2020-11-02,507
2020/2020-11-03_dgr2.xls,ok,1.7053025658242404e-13,2020-11-03,507
2020/2020-11-04_dgr2.xls,ok,1.1368683772161603e-13,2020-11-04,507
2020/2020-11-05_dgr2.xls,ok,1.1368683772161603e-13,2020-11-05,507
2020/2020-11-06_dgr2.xls,ok,5.684341886080802e-14,2020-11-06,507
2020/2020-11-07_dgr2.xls,ok,1.7053025658242404e-13,2020-11-07,507
2020/2020-11-08_dgr2.xls,ok,1.1368683772161603e-13,2020-11-08,507
2020/2020-11-09_dgr2.xls,ok,2.2737367544323206e-13,2020-11-09,507
2020/2020-11-10_dgr2.xls,ok,1.1368683772161603e-13,2020-11-10,507
2020/2020-11-11_dgr2.xls,ok,5.684341886080802e-14,2020-11-11,507
2020/2020-11-12_dgr2.xls,ok,1.1368683772161603e-13,2020-11-12,507
2020/2020-11-13_dgr2.xls,ok,5.684341886080802e-14,2020-11-13,507
2020/2020-11-14_dgr2.xls,ok,1.1368683772161603e-13,2020-11-14,507
2020/2020-11-15_dgr2.xls,ok,1.1368683772161603e-13,2020-11-15,507
2020/2020-11-16_dgr2.xls,ok,1.1368683772161603e-13,2020-11-16,507
2020/2020-11-17_dgr2.xls,ok,5.684341886080802e-14,2020-11-17,507
2020/2020-11-18_dgr2.xls,ok,5.684341886080802e-14,2020-11-18,507
2020/2020-11-19_dgr2.xls,ok,1.7053025658242404e-13,2020-11-19,507
2020/2020-11-20_dgr2.xls,ok,1.1368683772161603e-13,2020-11-20,507
2020/2020-11-21_dgr2.xls,ok,1.1368683772161603e-13,2020-11-21,507
2020/2020-11-22_dgr2.xls,ok,1.1368683772161603e-13,2020-11-22,507
2020/2020-11-23_dgr2.xls,ok,1.1368683772161603e-13,2020-11-23,507
2020/2020-11-24_dgr2.xls,ok,1.7053025658242404e-13,2020-11-24,507
2020/2020-11-25_dgr2.xls,ok,1.1368683772161603e-13,2020-11-25,507
2020/2020-11-26_dgr2.xls,ok,1.1368683772161603e-13,2020-11-26,507
2020/2020-11-27_dgr2.xls,ok,1.7053025658242404e-13,2020-11-27,507
2020/2020-11-28_dgr2.xls,ok,1.1368683772161603e-13,2020-11-28,507
2020/2020-11-29_dgr2.xls,ok,1.1368683772161603e-13,2020-11-29,507
2020/2020-11-30_dgr2.xls,ok,1.1368683772161603e-13,2020-11-30,507
2020/2020-12-01_dgr2.xls,ok,1.1368683772161603e-13,2020-12-01,507
2020/2020-12-02_dgr2.xls,ok,5.684341886080802e-14,2020-12-02,507
2020/2020-12-03_dgr2.xls,ok,5.684341886080802e-14,2020-12-03,507
2020/2020-12-04_dgr2.xls,ok,1.7053025658242404e-13,2020-12-04,507
2020/2020-12-05_dgr2.xls,ok,1.1368683772161603e-13,2020-12-05,507
2020/2020-12-06_dgr2.xls,ok,5.684341886080802e-14,2020-12-06,507
2020/2020-12-07_dgr2.xls,ok,1.1368683772161603e-13,2020-12-07,507
2020/2020-12-08_dgr2.xls,ok,1.1368683772161603e-13,2020-12-08,507
2020/2020-12-09_dgr2.xls,ok,2.2737367544323206e-13,2020-12-09,507
2020/2020-12-10_dgr2.xls,ok,2.2737367544323206e-13,2020-12-10,507
2020/2020-12-11_dgr2.xls,ok,2.2737367544323206e-13,2020-12-11,507
2020/2020-12-12_dgr2.xls,ok,1.1368683772161603e-13,2020-12-12,507
2020/2020-12-13_dgr2.xls,ok,1.7053025658242404e-13,2020-12-13,507
2020/2020-12-14_dgr2.xls,ok,1.7053025658242404e-13,2020-12-14,507
2020/2020-12-15_dgr2.xls,ok,5.684341886080802e-14,2020-12-15,507
2020/2020-12-16_dgr2.xls,ok,1.1368683772161603e-13,2020-12-16,507
2020/2020-12-17_dgr2.xls,ok,1.1368683772161603e-13,2020-12-17,507
2020/2020-12-18_dgr2.xls,ok,1.1368683772161603e-13,2020-12-18,507
2020/2020-12-19_dgr2.xls,ok,1.1368683772161603e-13,2020-12-19,507
2020/2020-12-20_dgr2.xls,ok,1.1368683772161603e-13,2020-12-20,507
2020/2020-12-21_dgr2.xls,ok,5.684341886080802e-14,2020-12-21,507
2020/2020-12-22_dgr2.xls,ok,2.8421709430404007e-13,2020-12-22,507
2020/2020-12-23_dgr2.xls,ok,1.1368683772161603e-13,2020-12-23,507
2020/2020-12-24_dgr2.xls,ok,1.7053025658242404e-13,2020-12-24,507
2020/2020-12-25_dgr2.xls,ok,1.1368683772161603e-13,2020-12-25,507
2020/2020-12-26_dgr2.xls,ok,1.7053025658242404e-13,2020-12-26,507
2020/2020-12-27_dgr2.xls,ok,1.7053025658242404e-13,2020-12-27,507
2020/2020-12-28_dgr2.xls,ok,5.684341886080802e-14,2020-12-28,507
2020/2020-12-29_dgr2.xls,ok,1.1368683772161603e-13,2020-12-29,507
2020/2020-12-30_dgr2.xls,ok,5.684341886080802e-14,2020-12-30,507
2020/2020-12-31_dgr2.xls,ok,1.7053025658242404e-13,2020-12-31,507
2021/2021-01-01_dgr2.xls,ok,1.1368683772161603e-13,2021-01-01,507
2021/2021-01-02_dgr2.xls,ok,1.1368683772161603e-13,2021-01-02,507
2021/2021-01-03_dgr2.xls,ok,1.1368683772161603e-13,2021-01-03,507
2021/2021-01-04_dgr2.xls,ok,1.1368683772161603e-13,2021-01-04,507
2021/2021-01-05_dgr2.xls,ok,1.1368683772161603e-13,2021-01-05,507
2021/2021-01-06_dgr2.xls,ok,1.7053025658242404e-13,2021-01-06,507
2021/2021-01-07_dgr2.xls,ok,5.684341886080802e-14,2021-01-07,507
2021/2021-01-08_dgr2.xls,ok,1.1368683772161603e-13,2021-01-08,507
2021/2021-01-09_dgr2.xls,ok,1.7053025658242404e-13,2021-01-09,507
2021/2021-01-10_dgr2.xls,ok,1.1368683772161603e-13,2021-01-10,507
2021/2021-01-11_dgr2.xls,ok,2.2737367544323206e-13,2021-01-11,507
2021/2021-01-12_dgr2.xls,ok,1.7053025658242404e-13,2021-01-12,507
2021/2021-01-13_dgr2.xls,ok,1.1368683772161603e-13,2021-01-13,507
2021/2021-01-14_dgr2.xls,ok,1.7053025658242404e-13,2021-01-14,507
2021/2021-01-15_dgr2.xls,ok,1.7053025658242404e-13,2021-01-15,507
2021/2021-01-16_dgr2.xls,ok,1.1368683772161603e-13,2021-01-16,507
2021/2021-01-17_dgr2.xls,ok,5.684341886080802e-14,2021-01-17,507
2021/2021-01-18_dgr2.xls,ok,1.7053025658242404e-13,2021-01-18,507
2021/2021-01-19_dgr2.xls,ok,5.684341886080802e-14,2021-01-19,507
2021/2021-01-20_dgr2.xls,ok,1.1368683772161603e-13,2021-01-20,507
2021/2021-01-21_dgr2.xls,ok,1.1368683772161603e-13,2021-01-21,507
2021/2021-01-22_dgr2.xls,ok,5.684341886080802e-14,2021-01-22,507
2021/2021-01-23_dgr2.xls,ok,1.7053025658242404e-13,2021-01-23,507
2021/2021-01-24_dgr2.xls,ok,5.684341886080802e-14,2021-01-24,507
2021/2021-01-25_dgr2.xls,ok,1.7053025658242404e-13,2021-01-25,507
2021/2021-01-26_dgr2.xls,ok,5.684341886080802e-14,2021-01-26,507
2021/2021-01-27_dgr2.xls,ok,1.1368683772161603e-13,2021-01-27,507
2021/2021-01-28_dgr2.xls,ok,5.684341886080802e-14,2021-01-28,507
2021/2021-01-29_dgr2.xls,ok,1.1368683772161603e-13,2021-01-29,507
2021/2021-01-30_dgr2.xls,ok,1.1368683772161603e-13,2021-01-30,507
2021/2021-01-31_dgr2.xls,ok,1.1368683772161603e-13,2021-01-31,507
2021/2021-02-01_dgr2.xls,ok,1.7053025658242404e-13,2021-02-01,507
2021/2021-02-02_dgr2.xls,ok,1.1368683772161603e-13,2021-02-02,507
2021/2021-02-03_dgr2.xls,ok,5.684341886080802e-14,2021-02-03,507
2021/2021-02-04_dgr2.xls,ok,2.2737367544323206e-13,2021-02-04,507
2021/2021-02-05_dgr2.xls,ok,1.1368683772161603e-13,2021-02-05,507
2021/2021-02-06_dgr2.xls,ok,5.684341886080802e-14,2021-02-06,507
2021/2021-02-07_dgr2.xls,ok,1.1368683772161603e-13,2021-02-07,507
2021/2021-02-08_dgr2.xls,ok,1.1368683772161603e-13,2021-02-08,507
2021/2021-02-09_dgr2.xls,ok,5.684341886080802e-14,2021-02-09,507
2021/2021-02-10_dgr2.xls,ok,2.2737367544323206e-13,2021-02-10,507
2021/2021-02-11_dgr2.xls,ok,1.1368683772161603e-13,2021-02-11,507
2021/2021-02-12_dgr2.xls,ok,1.1368683772161603e-13,2021-02-12,507
2021/2021-02-13_dgr2.xls,ok,1.1368683772161603e-13,2021-02-13,507
2021/2021-02-14_dgr2.xls,ok,1.1368683772161603e-13,2021-02-14,507
2021/2021-02-15_dgr2.xls,ok,1.7053025658242404e-13,2021-02-15,507
2021/2021-02-16_dgr2.xls,ok,1.7053025658242404e-13,2021-02-16,507
2021/2021-02-17_dgr2.xls,ok,1.7053025658242404e-13,2021-02-17,507
2021/2021-02-18_dgr2.xls,ok,1.7053025658242404e-13,2021-02-18,507
2021/2021-02-19_dgr2.xls,ok,1.1368683772161603e-13,2021-02-19,507
2021/2021-02-20_dgr2.xls,ok,1.1368683772161603e-13,2021-02-20,507
2021/2021-02-21_dgr2.xls,ok,5.684341886080802e-14,2021-02-21,507
2021/2021-02-22_dgr2.xls,ok,1.1368683772161603e-13,2021-02-22,507
2021/2021-02-23_dgr2.xls,ok,1.1368683772161603e-13,2021-02-23,507
2021/2021-02-24_dgr2.xls,ok,2.2737367544323206e-13,2021-02-24,507
2021/2021-02-25_dgr2.xls,ok,1.7053025658242404e-13,2021-02-25,507
2021/2021-02-26_dgr2.xls,ok,1.1368683772161603e-13,2021-02-26,507
2021/2021-02-27_dgr2.xls,ok,2.2737367544323206e-13,2021-02-27,507
2021/2021-02-28_dgr2.xls,ok,1.1368683772161603e-13,2021-02-28,507
2021/2021-03-01_dgr2.xls,ok,2.2737367544323206e-13,2021-03-01,507
2021/2021-03-02_dgr2.xls,ok,1.7053025658242404e-13,2021-03-02,507
2021/2021-03-03_dgr2.xls,ok,8.526512829121202e-14,2021-03-03,507
2021/2021-03-04_dgr2.xls,ok,1.7053025658242404e-13,2021-03-04,507
2021/2021-03-05_dgr2.xls,ok,2.2737367544323206e-13,2021-03-05,507
2021/2021-03-06_dgr2.xls,ok,1.1368683772161603e-13,2021-03-06,507
2021/2021-03-07_dgr2.xls,ok,1.1368683772161603e-13,2021-03-07,507
2021/2021-03-08_dgr2.xls,ok,1.1368683772161603e-13,2021-03-08,507
2021/2021-03-09_dgr2.xls,ok,1.1368683772161603e-13,2021-03-09,507
2021/2021-03-10_dgr2.xls,ok,1.7053025658242404e-13,2021-03-10,507
2021/2021-03-11_dgr2.xls,ok,1.7053025658242404e-13,2021-03-11,507
2021/2021-03-12_dgr2.xls,ok,1.1368683772161603e-13,2021-03-12,507
2021/2021-03-13_dgr2.xls,ok,5.684341886080802e-14,2021-03-13,507
2021/2021-03-14_dgr2.xls,ok,1.1368683772161603e-13,2021-03-14,507
2021/2021-03-15_dgr2.xls,ok,1.7053025658242404e-13,2021-03-15,507
2021/2021-03-16_dgr2.xls,ok,1.1368683772161603e-13,2021-03-16,507
2021/2021-03-17_dgr2.xls,ok,1.1368683772161603e-13,2021-03-17,507
2021/2021-03-18_dgr2.xls,ok,1.1368683772161603e-13,2021-03-18,507
2021/2021-03-19_dgr2.xls,ok,1.1368683772161603e-13,2021-03-19,507
2021/2021-03-20_dgr2.xls,ok,5.684341886080802e-14,2021-03-20,507
2021/2021-03-21_dgr2.xls,ok,1.7053025658242404e-13,2021-03-21,507
2021/2021-03-22_dgr2.xls,ok,1.1368683772161603e-13,2021-03-22,507
2021/2021-03-23_dgr2.xls,ok,1.7053025658242404e-13,2021-03-23,507
2021/2021-03-24_dgr2.xls,ok,2.2737367544323206e-13,2021-03-24,507
2021/2021-03-25_dgr2.xls,ok,1.1368683772161603e-13,2021-03-25,507
2021/2021-03-26_dgr2.xls,ok,2.2737367544323206e-13,2021-03-26,507
2021/2021-03-27_dgr2.xls,ok,2.2737367544323206e-13,2021-03-27,507
2021/2021-03-28_dgr2.xls,ok,1.1368683772161603e-13,2021-03-28,507
2021/2021-03-29_dgr2.xls,ok,1.1368683772161603e-13,2021-03-29,507
2021/2021-03-30_dgr2.xls,ok,1.1368683772161603e-13,2021-03-30,513
2021/2021-03-31_dgr2.xls,ok,1.7053025658242404e-13,2021-03-31,513
2021/2021-04-01_dgr2.xls,ok,1.7053025658242404e-13,2021-04-01,511
2021/2021-04-02_dgr2.xls,ok,1.1368683772161603e-13,2021-04-02,511
2021/2021-04-03_dgr2.xls,ok,1.7053025658242404e-13,2021-04-03,511
2021/2021-04-04_dgr2.xls,ok,1.1368683772161603e-13,2021-04-04,511
2021/2021-04-05_dgr2.xls,ok,1.1368683772161603e-13,2021-04-05,511
2021/2021-04-06_dgr2.xls,ok,1.1368683772161603e-13,2021-04-06,511
2021/2021-04-07_dgr2.xls,ok,1.7053025658242404e-13,2021-04-07,511
2021/2021-04-08_dgr2.xls,ok,1.1368683772161603e-13,2021-04-08,511
2021/2021-04-09_dgr2.xls,ok,1.1368683772161603e-13,2021-04-09,511
2021/2021-04-10_dgr2.xls,ok,1.1368683772161603e-13,2021-04-10,511
2021/2021-04-11_dgr2.xls,ok,5.684341886080802e-14,2021-04-11,511
2021/2021-04-12_dgr2.xls,ok,1.7053025658242404e-13,2021-04-12,511
2021/2021-04-13_dgr2.xls,ok,1.7053025658242404e-13,2021-04-13,511
2021/2021-04-14_dgr2.xls,ok,1.7053025658242404e-13,2021-04-14,511
2021/2021-04-15_dgr2.xls,ok,1.7053025658242404e-13,2021-04-15,511
2021/2021-04-16_dgr2.xls,ok,1.1368683772161603e-13,2021-04-16,511
2021/2021-04-17_dgr2.xls,ok,1.7053025658242404e-13,2021-04-17,511
2021/2021-04-18_dgr2.xls,ok,5.684341886080802e-14,2021-04-18,511
2021/2021-04-19_dgr2.xls,ok,1.7053025658242404e-13,2021-04-19,511
2021/2021-04-20_dgr2.xls,ok,2.2737367544323206e-13,2021-04-20,511
2021/2021-04-21_dgr2.xls,ok,2.2737367544323206e-13,2021-04-21,511
2021/2021-04-22_dgr2.xls,ok,1.1368683772161603e-13,2021-04-22,511
2021/2021-04-23_dgr2.xls,ok,1.1368683772161603e-13,2021-04-23,511
2021/2021-04-24_dgr2.xls,ok,1.1368683772161603e-13,2021-04-24,511
2021/2021-04-25_dgr2.xls,ok,1.1368683772161603e-13,2021-04-25,511
2021/2021-04-26_dgr2.xls,ok,1.7053025658242404e-13,2021-04-26,511
2021/2021-04-27_dgr2.xls,ok,1.1368683772161603e-13,2021-04-27,511
2021/2021-04-28_dgr2.xls,ok,1.1368683772161603e-13,2021-04-28,511
2021/2021-04-29_dgr2.xls,ok,5.684341886080802e-14,2021-04-29,511
2021/2021-04-30_dgr2.xls,ok,1.1368683772161603e-13,2021-04-30,511
2021/2021-05-01_dgr2.xls,ok,1.7053025658242404e-13,2021-05-01,511
2021/2021-05-02_dgr2.xls,ok,2.8421709430404007e-13,2021-05-02,511
2021/2021-05-03_dgr2.xls,ok,1.1368683772161603e-13,2021-05-03,511
2021/2021-05-04_dgr2.xls,ok,2.2737367544323206e-13,2021-05-04,511
2021/2021-05-05_dgr2.xls,ok,1.1368683772161603e-13,2021-05-05,511
2021/2021-05-06_dgr2.xls,ok,1.1368683772161603e-13,2021-05-06,511
2021/2021-05-07_dgr2.xls,ok,1.1368683772161603e-13,2021-05-07,511
2021/2021-05-08_dgr2.xls,ok,1.1368683772161603e-13,2021-05-08,511
2021/2021-05-09_dgr2.xls,ok,5.684341886080802e-14,2021-05-09,511
2021/2021-05-10_dgr2.xls,ok,5.684341886080802e-14,2021-05-10,511
2021/2021-05-11_dgr2.xls,ok,1.1368683772161603e-13,2021-05-11,511
2021/2021-05-12_dgr2.xls,ok,1.7053025658242404e-13,2021-05-12,511
2021/2021-05-13_dgr2.xls,ok,1.7053025658242404e-13,2021-05-13,511
2021/2021-05-14_dgr2.xls,ok,1.1368683772161603e-13,2021-05-14,511
2021/2021-05-15_dgr2.xls,ok,1.1368683772161603e-13,2021-05-15,511
2021/2021-05-16_dgr2.xls,ok,1.1368683772161603e-13,2021-05-16,511
2021/2021-05-17_dgr2.xls,ok,8.526512829121202e-14,2021-05-17,511
2021/2021-05-18_dgr2.xls,ok,1.1368683772161603e-13,2021-05-18,511
2021/2021-05-19_dgr2.xls,ok,1.1368683772161603e-13,2021-05-19,511
2021/2021-05-20_dgr2.xls,ok,5.684341886080802e-14,2021-05-20,511
2021/2021-05-21_dgr2.xls,ok,1.1368683772161603e-13,2021-05-21,511
2021/2021-05-22_dgr2.xls,ok,1.1368683772161603e-13,2021-05-22,511
2021/2021-05-23_dgr2.xls,ok,1.7053025658242404e-13,2021-05-23,511
2021/2021-05-24_dgr2.xls,ok,5.684341886080802e-14,2021-05-24,511
2021/2021-05-25_dgr2.xls,ok,5.684341886080802e-14,2021-05-25,511
2021/2021-05-26_dgr2.xls,ok,5.684341886080802e-14,2021-05-26,511
2021/2021-05-27_dgr2.xls,ok,5.684341886080802e-14,2021-05-27,511
2021/2021-05-28_dgr2.xls,ok,1.1368683772161603e-13,2021-05-28,511
2021/2021-05-29_dgr2.xls,ok,1.1368683772161603e-13,2021-05-29,511
2021/2021-05-30_dgr2.xls,ok,1.1368683772161603e-13,2021-05-30,511
2021/2021-05-31_dgr2.xls,ok,1.1368683772161603e-13,2021-05-31,511
2021/2021-06-01_dgr2.xls,ok,1.1368683772161603e-13,2021-06-01,511
2021/2021-06-02_dgr2.xls,ok,8.526512829121202e-14,2021-06-02,511
2021/2021-06-03_dgr2.xls,ok,1.1368683772161603e-13,2021-06-03,511
2021/2021-06-04_dgr2.xls,ok,1.1368683772161603e-13,2021-06-04,511
2021/2021-06-05_dgr2.xls,ok,1.1368683772161603e-13,2021-06-05,511
2021/2021-06-06_dgr2.xls,ok,8.526512829121202e-14,2021-06-06,511
2021/2021-06-07_dgr2.xls,ok,1.1368683772161603e-13,2021-06-07,511
2021/2021-06-08_dgr2.xls,ok,1.1368683772161603e-13,2021-06-08,511
2021/2021-06-09_dgr2.xls,ok,1.1368683772161603e-13,2021-06-09,511
2021/2021-06-10_dgr2.xls,ok,1.1368683772161603e-13,2021-06-10,511
2021/2021-06-11_dgr2.xls,ok,5.684341886080802e-14,2021-06-11,511
2021/2021-06-12_dgr2.xls,ok,1.7053025658242404e-13,2021-06-12,511
2021/2021-06-13_dgr2.xls,ok,1.1368683772161603e-13,2021-06-13,511
2021/2021-06-14_dgr2.xls,ok,1.1368683772161603e-13,2021-06-14,511
2021/2021-06-15_dgr2.xls,ok,1.7053025658242404e-13,2021-06-15,511
2021/2021-06-16_dgr2.xls,ok,5.684341886080802e-14,2021-06-16,511
2021/2021-06-17_dgr2.xls,ok,5.684341886080802e-14,2021-06-17,511
2021/2021-06-18_dgr2.xls,ok,1.1368683772161603e-13,2021-06-18,511
2021/2021-06-19_dgr2.xls,ok,5.684341886080802e-14,2021-06-19,509
2021/2021-06-20_dgr2.xls,ok,1.1368683772161603e-13,2021-06-20,509
2021/2021-06-21_dgr2.xls,ok,1.1368683772161603e-13,2021-06-21,509
2021/2021-06-22_dgr2.xls,ok,5.684341886080802e-14,2021-06-22,509
2021/2021-06-23_dgr2.xls,ok,1.7053025658242404e-13,2021-06-23,509
2021/2021-06-24_dgr2.xls,ok,1.7053025658242404e-13,2021-06-24,509
2021/2021-06-25_dgr2.xls,ok,1.1368683772161603e-13,2021-06-25,509
2021/2021-06-26_dgr2.xls,ok,8.526512829121202e-14,2021-06-26,509
2021/2021-06-27_dgr2.xls,ok,1.1368683772161603e-13,2021-06-27,509
2021/2021-06-28_dgr2.xls,ok,1.1368683772161603e-13,2021-06-28,509
2021/2021-06-29_dgr2.xls,ok,1.1368683772161603e-13,2021-06-29,509
2021/2021-06-30_dgr2.xls,ok,2.8421709430404007e-13,2021-06-30,509
2021/2021-07-01_dgr2.xls,ok,5.684341886080802e-14,2021-07-01,509
2021/2021-07-02_dgr2.xls,ok,8.526512829121202e-14,2021-07-02,509
2021/2021-07-03_dgr2.xls,ok,5.684341886080802e-14,2021-07-03,509
2021/2021-07-04_dgr2.xls,ok,1.1368683772161603e-13,2021-07-04,509
2021/2021-07-05_dgr2.xls,ok,1.7053025658242404e-13,2021-07-05,509
2021/2021-07-06_dgr2.xls,ok,1.7053025658242404e-13,2021-07-06,509
2021/2021-07-07_dgr2.xls,ok,1.7053025658242404e-13,2021-07-07,509
2021/2021-07-08_dgr2.xls,ok,1.7053025658242404e-13,2021-07-08,509
2021/2021-07-09_dgr2.xls,ok,1.1368683772161603e-13,2021-07-09,509
2021/2021-07-10_dgr2.xls,ok,8.526512829121202e-14,2021-07-10,509
2021/2021-07-11_dgr2.xls,ok,1.1368683772161603e-13,2021-07-11,509
2021/2021-07-12_dgr2.xls,ok,1.1368683772161603e-13,2021-07-12,509
2021/2021-07-13_dgr2.xls,ok,1.1368683772161603e-13,2021-07-13,509
2021/2021-07-14_dgr2.xls,ok,1.1368683772161603e-13,2021-07-14,509
2021/2021-07-15_dgr2.xls,ok,1.1368683772161603e-13,2021-07-15,509
2021/2021-07-16_dgr2.xls,ok,1.1368683772161603e-13,2021-07-16,509
2021/2021-07-17_dgr2.xls,ok,1.1368683772161603e-13,2021-07-17,509
2021/2021-07-18_dgr2.xls,ok,1.1368683772161603e-13,2021-07-18,509
2021/2021-07-19_dgr2.xls,ok,8.526512829121202e-14,2021-07-19,509
2021/2021-07-20_dgr2.xls,ok,1.1368683772161603e-13,2021-07-20,509
2021/2021-07-21_dgr2.xls,ok,1.1368683772161603e-13,2021-07-21,509
2021/2021-07-22_dgr2.xls,ok,1.1368683772161603e-13,2021-07-22,509
2021/2021-07-23_dgr2.xls,ok,1.7053025658242404e-13,2021-07-23,509
2021/2021-07-24_dgr2.xls,ok,8.526512829121202e-14,2021-07-24,509
2021/2021-07-25_dgr2.xls,ok,1.1368683772161603e-13,2021-07-25,509
2021/2021-07-26_dgr2.xls,ok,1.1368683772161603e-13,2021-07-26,509
2021/2021-07-27_dgr2.xls,ok,1.1368683772161603e-13,2021-07-27,509
2021/2021-07-28_dgr2.xls,ok,5.684341886080802e-14,2021-07-28,509
2021/2021-07-29_dgr2.xls,ok,5.684341886080802e-14,2021-07-29,509
2021/2021-07-30_dgr2.xls,ok,1.1368683772161603e-13,2021-07-30,509
2021/2021-07-31_dgr2.xls,ok,1.7053025658242404e-13,2021-07-31,509
2021/2021-08-01_dgr2.xls,ok,1.1368683772161603e-13,2021-08-01,511
2021/2021-08-02_dgr2.xls,ok,1.1368683772161603e-13,2021-08-02,511
2021/2021-08-03_dgr2.xls,ok,1.1368683772161603e-13,2021-08-03,511
2021/2021-08-04_dgr2.xls,ok,1.1368683772161603e-13,2021-08-04,511
2021/2021-08-05_dgr2.xls,ok,1.1368683772161603e-13,2021-08-05,511
2021/2021-08-06_dgr2.xls,ok,1.7053025658242404e-13,2021-08-06,511
2021/2021-08-07_dgr2.xls,ok,5.684341886080802e-14,2021-08-07,511
2021/2021-08-08_dgr2.xls,ok,8.526512829121202e-14,2021-08-08,511
2021/2021-08-09_dgr2.xls,ok,1.7053025658242404e-13,2021-08-09,511
2021/2021-08-10_dgr2.xls,ok,1.1368683772161603e-13,2021-08-10,511
2021/2021-08-11_dgr2.xls,ok,1.4210854715202004e-13,2021-08-11,511
2021/2021-08-12_dgr2.xls,ok,1.1368683772161603e-13,2021-08-12,511
2021/2021-08-13_dgr2.xls,ok,1.1368683772161603e-13,2021-08-13,511
2021/2021-08-14_dgr2.xls,ok,2.2737367544323206e-13,2021-08-14,511
2021/2021-08-15_dgr2.xls,ok,1.1368683772161603e-13,2021-08-15,511
2021/2021-08-16_dgr2.xls,ok,8.526512829121202e-14,2021-08-16,511
2021/2021-08-17_dgr2.xls,ok,1.7053025658242404e-13,2021-08-17,511
2021/2021-08-18_dgr2.xls,ok,1.1368683772161603e-13,2021-08-18,511
2021/2021-08-19_dgr2.xls,ok,8.526512829121202e-14,2021-08-19,511
2021/2021-08-20_dgr2.xls,ok,1.1368683772161603e-13,2021-08-20,511
2021/2021-08-21_dgr2.xls,ok,1.1368683772161603e-13,2021-08-21,511
2021/2021-08-22_dgr2.xls,ok,1.7053025658242404e-13,2021-08-22,511
2021/2021-08-23_dgr2.xls,ok,8.526512829121202e-14,2021-08-23,511
2021/2021-08-24_dgr2.xls,ok,1.4210854715202004e-13,2021-08-24,511
2021/2021-08-25_dgr2.xls,ok,1.4210854715202004e-13,2021-08-25,511
2021/2021-08-26_dgr2.xls,ok,1.7053025658242404e-13,2021-08-26,511
2021/2021-08-27_dgr2.xls,ok,2.2737367544323206e-13,2021-08-27,511
2021/2021-08-28_dgr2.xls,ok,1.1368683772161603e-13,2021-08-28,512
2021/2021-08-29_dgr2.xls,ok,1.7053025658242404e-13,2021-08-29,512
2021/2021-08-30_dgr2.xls,ok,1.1368683772161603e-13,2021-08-30,512
2021/2021-08-31_dgr2.xls,ok,1.1368683772161603e-13,2021-08-31,512
2021/2021-09-01_dgr2.xls,ok,1.1368683772161603e-13,2021-09-01,512
2021/2021-09-02_dgr2.xls,ok,1.7053025658242404e-13,2021-09-02,512
2021/2021-09-03_dgr2.xls,ok,1.1368683772161603e-13,2021-09-03,512
2021/2021-09-04_dgr2.xls,ok,1.1368683772161603e-13,2021-09-04,512
2021/2021-09-05_dgr2.xls,ok,1.1368683772161603e-13,2021-09-05,512
2021/2021-09-06_dgr2.xls,ok,1.1368683772161603e-13,2021-09-06,512
2021/2021-09-07_dgr2.xls,ok,5.684341886080802e-14,2021-09-07,512
2021/2021-09-08_dgr2.xls,ok,1.1368683772161603e-13,2021-09-08,512
2021/2021-09-09_dgr2.xls,ok,5.684341886080802e-14,2021-09-09,512
2021/2021-09-10_dgr2.xls,ok,1.7053025658242404e-13,2021-09-10,512
2021/2021-09-11_dgr2.xls,ok,1.1368683772161603e-13,2021-09-11,512
2021/2021-09-12_dgr2.xls,ok,8.526512829121202e-14,2021-09-12,512
2021/2021-09-13_dgr2.xls,ok,1.1368683772161603e-13,2021-09-13,512
2021/2021-09-14_dgr2.xls,ok,5.684341886080802e-14,2021-09-14,512
2021/2021-09-15_dgr2.xls,ok,2.2737367544323206e-13,2021-09-15,512
2021/2021-09-16_dgr2.xls,ok,1.7053025658242404e-13,2021-09-16,512
2021/2021-09-17_dgr2.xls,ok,1.7053025658242404e-13,2021-09-17,512
2021/2021-09-18_dgr2.xls,ok,1.1368683772161603e-13,2021-09-18,512
2021/2021-09-19_dgr2.xls,ok,1.7053025658242404e-13,2021-09-19,512
2021/2021-09-20_dgr2.xls,ok,1.7053025658242404e-13,2021-09-20,512
2021/2021-09-21_dgr2.xls,ok,2.2737367544323206e-13,2021-09-21,512
2021/2021-09-22_dgr2.xls,ok,2.2737367544323206e-13,2021-09-22,512
2021/2021-09-23_dgr2.xls,ok,1.7053025658242404e-13,2021-09-23,514
2021/2021-09-24_dgr2.xls,ok,1.1368683772161603e-13,2021-09-24,514
2021/2021-09-25_dgr2.xls,ok,1.1368683772161603e-13,2021-09-25,514
2021/2021-09-26_dgr2.xls,ok,1.7053025658242404e-13,2021-09-26,514
2021/2021-09-27_dgr2.xls,ok,5.684341886080802e-14,2021-09-27,514
2021/2021-09-28_dgr2.xls,ok,1.1368683772161603e-13,2021-09-28,514
2021/2021-09-29_dgr2.xls,ok,5.684341886080802e-14,2021-09-29,514
2021/2021-09-30_dgr2.xls,ok,8.526512829121202e-14,2021-09-30,514
2021/2021-10-01_dgr2.xls,ok,5.684341886080802e-14,2021-10-01,514
2021/2021-10-02_dgr2.xls,ok,1.1368683772161603e-13,2021-10-02,514
2021/2021-10-03_dgr2.xls,ok,1.1368683772161603e-13,2021-10-03,514
2021/2021-10-04_dgr2.xls,ok,1.1368683772161603e-13,2021-10-04,514
2021/2021-10-05_dgr2.xls,ok,2.8421709430404007e-13,2021-10-05,514
2021/2021-10-06_dgr2.xls,ok,1.1368683772161603e-13,2021-10-06,514
2021/2021-10-07_dgr2.xls,ok,8.526512829121202e-14,2021-10-07,514
2021/2021-10-08_dgr2.xls,ok,5.684341886080802e-14,2021-10-08,514
2021/2021-10-09_dgr2.xls,ok,2.2737367544323206e-13,2021-10-09,514
2021/2021-10-10_dgr2.xls,ok,3.410605131648481e-13,2021-10-10,514
2021/2021-10-11_dgr2.xls,ok,1.1368683772161603e-13,2021-10-11,514
2021/2021-10-12_dgr2.xls,ok,1.1368683772161603e-13,2021-10-12,514
2021/2021-10-13_dgr2.xls,ok,1.1368683772161603e-13,2021-10-13,514
2021/2021-10-14_dgr2.xls,ok,1.7053025658242404e-13,2021-10-14,514
2021/2021-10-15_dgr2.xls,ok,1.1368683772161603e-13,2021-10-15,514
2021/2021-10-16_dgr2.xls,ok,1.1368683772161603e-13,2021-10-16,514
2021/2021-10-17_dgr2.xls,ok,5.684341886080802e-14,2021-10-17,514
2021/2021-10-18_dgr2.xls,ok,8.526512829121202e-14,2021-10-18,514
2021/2021-10-19_dgr2.xls,ok,1.1368683772161603e-13,2021-10-19,514
2021/2021-10-20_dgr2.xls,ok,1.7053025658242404e-13,2021-10-20,514
2021/2021-10-21_dgr2.xls,ok,2.8421709430404007e-13,2021-10-21,514
2021/2021-10-22_dgr2.xls,ok,1.1368683772161603e-13,2021-10-22,514
2021/2021-10-23_dgr2.xls,ok,5.684341886080802e-14,2021-10-23,514
2021/2021-10-24_dgr2.xls,ok,5.684341886080802e-14,2021-10-24,514
2021/2021-10-25_dgr2.xls,ok,5.684341886080802e-14,2021-10-25,514
2021/2021-10-26_dgr2.xls,ok,8.526512829121202e-14,2021-10-26,514
2021/2021-10-27_dgr2.xls,ok,5.684341886080802e-14,2021-10-27,514
2021/2021-10-28_dgr2.xls,ok,1.7053025658242404e-13,2021-10-28,514
2021/2021-10-29_dgr2.xls,ok,1.1368683772161603e-13,2021-10-29,514
2021/2021-10-30_dgr2.xls,ok,1.7053025658242404e-13,2021-10-30,514
2021/2021-10-31_dgr2.xls,ok,1.1368683772161603e-13,2021-10-31,514
2021/2021-11-01_dgr2.xls,ok,1.1368683772161603e-13,2021-11-01,514
2021/2021-11-02_dgr2.xls,ok,1.1368683772161603e-13,2021-11-02,514
2021/2021-11-03_dgr2.xls,ok,5.684341886080802e-14,2021-11-03,514
2021/2021-11-04_dgr2.xls,ok,1.7053025658242404e-13,2021-11-04,514
2021/2021-11-05_dgr2.xls,ok,5.684341886080802e-14,2021-11-05,514
2021/2021-11-06_dgr2.xls,ok,5.684341886080802e-14,2021-11-06,514
2021/2021-11-07_dgr2.xls,ok,5.684341886080802e-14,2021-11-07,514
2021/2021-11-08_dgr2.xls,ok,1.7053025658242404e-13,2021-11-08,514
2021/2021-11-09_dgr2.xls,ok,1.7053025658242404e-13,2021-11-09,514
2021/2021-11-10_dgr2.xls,ok,1.7053025658242404e-13,2021-11-10,514
2021/2021-11-11_dgr2.xls,ok,1.1368683772161603e-13,2021-11-11,514
2021/2021-11-12_dgr2.xls,ok,1.1368683772161603e-13,2021-11-12,514
2021/2021-11-13_dgr2.xls,ok,1.1368683772161603e-13,2021-11-13,514
2021/2021-11-14_dgr2.xls,ok,5.684341886080802e-14,2021-11-14,514
2021/2021-11-15_dgr2.xls,ok,1.1368683772161603e-13,2021-11-15,514
2021/2021-11-16_dgr2.xls,ok,1.1368683772161603e-13,2021-11-16,514
2021/2021-11-17_dgr2.xls,ok,1.1368683772161603e-13,2021-11-17,514
2021/2021-11-18_dgr2.xls,ok,2.2737367544323206e-13,2021-11-18,514
2021/2021-11-19_dgr2.xls,ok,1.1368683772161603e-13,2021-11-19,514
2021/2021-11-20_dgr2.xls,ok,5.684341886080802e-14,2021-11-20,514
2021/2021-11-21_dgr2.xls,ok,5.684341886080802e-14,2021-11-21,514
2021/2021-11-22_dgr2.xls,ok,1.7053025658242404e-13,2021-11-22,514
2021/2021-11-23_dgr2.xls,ok,8.526512829121202e-14,2021-11-23,514
2021/2021-11-24_dgr2.xls,ok,5.684341886080802e-14,2021-11-24,514
2021/2021-11-25_dgr2.xls,ok,2.8421709430404007e-13,2021-11-25,514
2021/2021-11-26_dgr2.xls,ok,8.526512829121202e-14,2021-11-26,514
2021/2021-11-27_dgr2.xls,ok,5.684341886080802e-14,2021-11-27,514
2021/2021-11-28_dgr2.xls,ok,1.1368683772161603e-13,2021-11-28,514
2021/2021-11-29_dgr2.xls,ok,1.1368683772161603e-13,2021-11-29,514
2021/2021-11-30_dgr2.xls,ok,5.684341886080802e-14,2021-11-30,514
2021/2021-12-01_dgr2.xls,ok,1.7053025658242404e-13,2021-12-01,514
2021/2021-12-02_dgr2.xls,ok,1.7053025658242404e-13,2021-12-02,514
2021/2021-12-03_dgr2.xls,ok,5.684341886080802e-14,2021-12-03,514
2021/2021-12-04_dgr2.xls,ok,5.684341886080802e-14,2021-12-04,514
2021/2021-12-05_dgr2.xls,ok,1.1368683772161603e-13,2021-12-05,514
2021/2021-12-06_dgr2.xls,ok,1.1368683772161603e-13,2021-12-06,514
2021/2021-12-07_dgr2.xls,ok,1.1368683772161603e-13,2021-12-07,514
2021/2021-12-08_dgr2.xls,ok,1.1368683772161603e-13,2021-12-08,514
2021/2021-12-09_dgr2.xls,ok,1.1368683772161603e-13,2021-12-09,514
2021/2021-12-10_dgr2.xls,ok,1.1368683772161603e-13,2021-12-10,514
2021/2021-12-11_dgr2.xls,ok,5.684341886080802e-14,2021-12-11,514
2021/2021-12-12_dgr2.xls,ok,1.7053025658242404e-13,2021-12-12,514
2021/2021-12-13_dgr2.xls,ok,1.7053025658242404e-13,2021-12-13,514
2021/2021-12-14_dgr2.xls,ok,1.1368683772161603e-13,2021-12-14,514
2021/2021-12-15_dgr2.xls,ok,5.684341886080802e-14,2021-12-15,514
2021/2021-12-16_dgr2.xls,ok,8.526512829121202e-14,2021-12-16,514
2021/2021-12-17_dgr2.xls,ok,1.1368683772161603e-13,2021-12-17,514
2021/2021-12-18_dgr2.xls,ok,8.526512829121202e-14,2021-12-18,514
2021/2021-12-19_dgr2.xls,ok,1.7053025658242404e-13,2021-12-19,515
2021/2021-12-20_dgr2.xls,ok,1.1368683772161603e-13,2021-12-20,515
2021/2021-12-21_dgr2.xls,ok,1.7053025658242404e-13,2021-12-21,515
2021/2021-12-22_dgr2.xls,ok,2.2737367544323206e-13,2021-12-22,515
2021/2021-12-23_dgr2.xls,ok,1.1368683772161603e-13,2021-12-23,515
2021/2021-12-24_dgr2.xls,ok,5.684341886080802e-14,2021-12-24,515
2021/2021-12-25_dgr2.xls,ok,1.7053025658242404e-13,2021-12-25,515
2021/2021-12-26_dgr2.xls,ok,1.1368683772161603e-13,2021-12-26,515
2021/2021-12-27_dgr2.xls,ok,1.1368683772161603e-13,2021-12-27,515
2021/2021-12-28_dgr2.xls,ok,2.2737367544323206e-13,2021-12-28,515
2021/2021-12-29_dgr2.xls,ok,1.7053025658242404e-13,2021-12-29,515
2021/2021-12-30_dgr2.xls,ok,1.1368683772161603e-13,2021-12-30,515
2021/2021-12-31_dgr2.xls,ok,5.684341886080802e-14,2021-12-31,515
2022/2022-01-01_dgr2.xls,ok,1.1368683772161603e-13,2022-01-01,515
2022/2022-01-02_dgr2.xls,ok,2.2737367544323206e-13,2022-01-02,515
2022/2022-01-03_dgr2.xls,ok,5.684341886080802e-14,2022-01-03,515
2022/2022-01-04_dgr2.xls,ok,2.2737367544323206e-13,2022-01-04,515
2022/2022-01-05_dgr2.xls,ok,1.1368683772161603e-13,2022-01-05,515
2022/2022-01-06_dgr2.xls,ok,5.684341886080802e-14,2022-01-06,515
2022/2022-01-07_dgr2.xls,ok,1.1368683772161603e-13,2022-01-07,515
2022/2022-01-08_dgr2.xls,ok,1.7053025658242404e-13,2022-01-08,515
2022/2022-01-09_dgr2.xls,ok,1.1368683772161603e-13,2022-01-09,515
2022/2022-01-10_dgr2.xls,ok,5.684341886080802e-14,2022-01-10,515
2022/2022-01-11_dgr2.xls,ok,1.7053025658242404e-13,2022-01-11,515
2022/2022-01-12_dgr2.xls,ok,1.1368683772161603e-13,2022-01-12,515
2022/2022-01-13_dgr2.xls,ok,1.7053025658242404e-13,2022-01-13,515
2022/2022-01-14_dgr2.xls,ok,1.1368683772161603e-13,2022-01-14,515
2022/2022-01-15_dgr2.xls,ok,1.7053025658242404e-13,2022-01-15,515
2022/2022-01-16_dgr2.xls,ok,1.7053025658242404e-13,2022-01-16,515
2022/2022-01-17_dgr2.xls,ok,1.1368683772161603e-13,2022-01-17,515
2022/2022-01-18_dgr2.xls,ok,1.1368683772161603e-13,2022-01-18,515
2022/2022-01-19_dgr2.xls,ok,1.1368683772161603e-13,2022-01-19,515
2022/2022-01-20_dgr2.xls,ok,2.2737367544323206e-13,2022-01-20,515
2022/2022-01-21_dgr2.xls,ok,1.1368683772161603e-13,2022-01-21,515
2022/2022-01-22_dgr2.xls,ok,5.684341886080802e-14,2022-01-22,515
2022/2022-01-23_dgr2.xls,ok,1.7053025658242404e-13,2022-01-23,515
2022/2022-01-24_dgr2.xls,ok,1.1368683772161603e-13,2022-01-24,515
2022/2022-01-25_dgr2.xls,ok,1.1368683772161603e-13,2022-01-25,515
2022/2022-01-26_dgr2.xls,ok,1.1368683772161603e-13,2022-01-26,515
2022/2022-01-27_dgr2.xls,ok,1.1368683772161603e-13,2022-01-27,515
2022/2022-01-28_dgr2.xls,ok,1.1368683772161603e-13,2022-01-28,515
2022/2022-01-29_dgr2.xls,ok,1.7053025658242404e-13,2022-01-29,515
2022/2022-01-30_dgr2.xls,ok,5.684341886080802e-14,2022-01-30,515
2022/2022-01-31_dgr2.xls,ok,2.2737367544323206e-13,2022-01-31,515
2022/2022-02-01_dgr2.xls,ok,1.1368683772161603e-13,2022-02-01,515
2022/2022-02-02_dgr2.xls,ok,5.684341886080802e-14,2022-02-02,515
2022/2022-02-03_dgr2.xls,ok,5.684341886080802e-14,2022-02-03,515
2022/2022-02-04_dgr2.xls,ok,2.2737367544323206e-13,2022-02-04,515
2022/2022-02-05_dgr2.xls,ok,1.1368683772161603e-13,2022-02-05,515
2022/2022-02-06_dgr2.xls,ok,1.1368683772161603e-13,2022-02-06,515
2022/2022-02-07_dgr2.xls,ok,1.1368683772161603e-13,2022-02-07,515
2022/2022-02-08_dgr2.xls,ok,1.7053025658242404e-13,2022-02-08,515
2022/2022-02-09_dgr2.xls,ok,1.1368683772161603e-13,2022-02-09,515
2022/2022-02-10_dgr2.xls,ok,5.684341886080802e-14,2022-02-10,515
2022/2022-02-11_dgr2.xls,ok,5.684341886080802e-14,2022-02-11,515
2022/2022-02-12_dgr2.xls,ok,1.1368683772161603e-13,2022-02-12,515
2022/2022-02-13_dgr2.xls,ok,1.7053025658242404e-13,2022-02-13,515
2022/2022-02-14_dgr2.xls,ok,1.1368683772161603e-13,2022-02-14,515
2022/2022-02-15_dgr2.xls,ok,2.2737367544323206e-13,2022-02-15,515
2022/2022-02-16_dgr2.xls,ok,1.7053025658242404e-13,2022-02-16,515
2022/2022-02-17_dgr2.xls,ok,1.1368683772161603e-13,2022-02-17,515
2022/2022-02-18_dgr2.xls,ok,1.7053025658242404e-13,2022-02-18,515
2022/2022-02-19_dgr2.xls,ok,1.7053025658242404e-13,2022-02-19,515
2022/2022-02-20_dgr2.xls,ok,8.526512829121202e-14,2022-02-20,515
2022/2022-02-21_dgr2.xls,ok,1.7053025658242404e-13,2022-02-21,515
2022/2022-02-22_dgr2.xls,ok,2.2737367544323206e-13,2022-02-22,515
2022/2022-02-23_dgr2.xls,ok,1.1368683772161603e-13,2022-02-23,515
2022/2022-02-24_dgr2.xls,ok,1.7053025658242404e-13,2022-02-24,515
2022/2022-02-25_dgr2.xls,ok,1.7053025658242404e-13,2022-02-25,515
2022/2022-02-26_dgr2.xls,ok,1.7053025658242404e-13,2022-02-26,515
2022/2022-02-27_dgr2.xls,ok,1.1368683772161603e-13,2022-02-27,515
2022/2022-02-28_dgr2.xls,ok,1.1368683772161603e-13,2022-02-28,515
2022/2022-03-01_dgr2.xls,ok,1.1368683772161603e-13,2022-03-01,515
2022/2022-03-02_dgr2.xls,ok,1.1368683772161603e-13,2022-03-02,515
2022/2022-03-03_dgr2.xls,ok,5.684341886080802e-14,2022-03-03,515
2022/2022-03-04_dgr2.xls,ok,1.7053025658242404e-13,2022-03-04,515
2022/2022-03-05_dgr2.xls,ok,1.1368683772161603e-13,2022-03-05,515
2022/2022-03-06_dgr2.xls,ok,2.2737367544323206e-13,2022-03-06,515
2022/2022-03-07_dgr2.xls,ok,1.7053025658242404e-13,2022-03-07,515
2022/2022-03-08_dgr2.xls,ok,5.684341886080802e-14,2022-03-08,515
2022/2022-03-09_dgr2.xls,ok,1.7053025658242404e-13,2022-03-09,515
2022/2022-03-10_dgr2.xls,ok,2.2737367544323206e-13,2022-03-10,515
2022/2022-03-11_dgr2.xls,ok,1.1368683772161603e-13,2022-03-11,515
2022/2022-03-12_dgr2.xls,ok,1.7053025658242404e-13,2022-03-12,515
2022/2022-03-13_dgr2.xls,ok,1.1368683772161603e-13,2022-03-13,515
2022/2022-03-14_dgr2.xls,ok,1.1368683772161603e-13,2022-03-14,515
2022/2022-03-15_dgr2.xls,ok,1.7053025658242404e-13,2022-03-15,515
2022/2022-03-16_dgr2.xls,ok,1.7053025658242404e-13,2022-03-16,515
2022/2022-03-17_dgr2.xls,ok,1.1368683772161603e-13,2022-03-17,515
2022/2022-03-18_dgr2.xls,ok,5.684341886080802e-14,2022-03-18,515
2022/2022-03-19_dgr2.xls,ok,1.1368683772161603e-13,2022-03-19,515
2022/2022-03-20_dgr2.xls,ok,1.7053025658242404e-13,2022-03-20,515
2022/2022-03-21_dgr2.xls,ok,5.684341886080802e-14,2022-03-21,515
2022/2022-03-22_dgr2.xls,ok,2.8421709430404007e-13,2022-03-22,515
2022/2022-03-23_dgr2.xls,ok,1.1368683772161603e-13,2022-03-23,515
2022/2022-03-24_dgr2.xls,ok,3.410605131648481e-13,2022-03-24,515
2022/2022-03-25_dgr2.xls,ok,2.2737367544323206e-13,2022-03-25,515
2022/2022-03-26_dgr2.xls,ok,1.1368683772161603e-13,2022-03-26,515
2022/2022-03-27_dgr2.xls,ok,1.7053025658242404e-13,2022-03-27,515
2022/2022-03-28_dgr2.xls,ok,1.1368683772161603e-13,2022-03-28,515
2022/2022-03-29_dgr2.xls,ok,1.7053025658242404e-13,2022-03-29,515
2022/2022-03-30_dgr2.xls,ok,5.684341886080802e-14,2022-03-30,515
2022/2022-03-31_dgr2.xls,ok,1.1368683772161603e-13,2022-03-31,515
2022/2022-04-01_dgr2.xls,ok,1.1368683772161603e-13,2022-04-01,513
2022/2022-04-02_dgr2.xls,ok,5.684341886080802e-14,2022-04-02,513
2022/2022-04-03_dgr2.xls,ok,2.2737367544323206e-13,2022-04-03,513
2022/2022-04-04_dgr2.xls,ok,1.7053025658242404e-13,2022-04-04,513
2022/2022-04-05_dgr2.xls,ok,1.1368683772161603e-13,2022-04-05,513
2022/2022-04-06_dgr2.xls,ok,1.7053025658242404e-13,2022-04-06,513
2022/2022-04-07_dgr2.xls,ok,1.7053025658242404e-13,2022-04-07,513
2022/2022-04-08_dgr2.xls,ok,1.7053025658242404e-13,2022-04-08,513
2022/2022-04-09_dgr2.xls,ok,1.1368683772161603e-13,2022-04-09,513
2022/2022-04-10_dgr2.xls,ok,1.1368683772161603e-13,2022-04-10,513
2022/2022-04-11_dgr2.xls,ok,1.1368683772161603e-13,2022-04-11,513
2022/2022-04-12_dgr2.xls,ok,1.1368683772161603e-13,2022-04-12,513
2022/2022-04-13_dgr2.xls,ok,1.1368683772161603e-13,2022-04-13,513
2022/2022-04-14_dgr2.xls,ok,2.8421709430404007e-13,2022-04-14,513
2022/2022-04-15_dgr2.xls,ok,1.7053025658242404e-13,2022-04-15,513
2022/2022-04-16_dgr2.xls,ok,1.7053025658242404e-13,2022-04-16,513
2022/2022-04-17_dgr2.xls,ok,1.7053025658242404e-13,2022-04-17,513
2022/2022-04-18_dgr2.xls,ok,1.1368683772161603e-13,2022-04-18,513
2022/2022-04-19_dgr2.xls,ok,1.7053025658242404e-13,2022-04-19,513
2022/2022-04-20_dgr2.xls,ok,1.7053025658242404e-13,2022-04-20,513
2022/2022-04-21_dgr2.xls,ok,1.1368683772161603e-13,2022-04-21,513
2022/2022-04-22_dgr2.xls,ok,1.1368683772161603e-13,2022-04-22,513
2022/2022-04-23_dgr2.xls,ok,5.684341886080802e-14,2022-04-23,513
2022/2022-04-24_dgr2.xls,ok,1.7053025658242404e-13,2022-04-24,513
2022/2022-04-25_dgr2.xls,ok,2.2737367544323206e-13,2022-04-25,513
2022/2022-04-26_dgr2.xls,ok,1.1368683772161603e-13,2022-04-26,513
2022/2022-04-27_dgr2.xls,ok,1.1368683772161603e-13,2022-04-27,513
2022/2022-04-28_dgr2.xls,ok,1.4210854715202004e-13,2022-04-28,513
2022/2022-04-29_dgr2.xls,ok,1.1368683772161603e-13,2022-04-29,513
2022/2022-04-30_dgr2.xls,ok,1.7053025658242404e-13,2022-04-30,513
2022/2022-05-01_dgr2.xls,ok,1.1368683772161603e-13,2022-05-01,513
2022/2022-05-02_dgr2.xls,ok,8.526512829121202e-14,2022-05-02,513
2022/2022-05-03_dgr2.xls,ok,1.7053025658242404e-13,2022-05-03,513
2022/2022-05-04_dgr2.xls,ok,1.1368683772161603e-13,2022-05-04,513
2022/2022-05-05_dgr2.xls,ok,1.1368683772161603e-13,2022-05-05,513
2022/2022-05-06_dgr2.xls,ok,1.1368683772161603e-13,2022-05-06,513
2022/2022-05-07_dgr2.xls,ok,1.1368683772161603e-13,2022-05-07,513
2022/2022-05-08_dgr2.xls,ok,1.1368683772161603e-13,2022-05-08,513
2022/2022-05-09_dgr2.xls,ok,1.7053025658242404e-13,2022-05-09,513
2022/2022-05-10_dgr2.xls,ok,8.526512829121202e-14,2022-05-10,513
2022/2022-05-11_dgr2.xls,ok,1.7053025658242404e-13,2022-05-11,513
2022/2022-05-12_dgr2.xls,ok,2.2737367544323206e-13,2022-05-12,513
2022/2022-05-13_dgr2.xls,ok,1.1368683772161603e-13,2022-05-13,513
2022/2022-05-14_dgr2.xls,ok,2.2737367544323206e-13,2022-05-14,513
2022/2022-05-15_dgr2.xls,ok,8.526512829121202e-14,2022-05-15,513
2022/2022-05-16_dgr2.xls,ok,1.1368683772161603e-13,2022-05-16,513
2022/2022-05-17_dgr2.xls,ok,1.1368683772161603e-13,2022-05-17,513
2022/2022-05-18_dgr2.xls,ok,1.7053025658242404e-13,2022-05-18,513
2022/2022-05-19_dgr2.xls,ok,1.1368683772161603e-13,2022-05-19,513
2022/2022-05-20_dgr2.xls,ok,2.2737367544323206e-13,2022-05-20,513
2022/2022-05-21_dgr2.xls,ok,5.684341886080802e-14,2022-05-21,513
2022/2022-05-22_dgr2.xls,ok,1.7053025658242404e-13,2022-05-22,513
2022/2022-05-23_dgr2.xls,ok,1.1368683772161603e-13,2022-05-23,513
2022/2022-05-24_dgr2.xls,ok,1.1368683772161603e-13,2022-05-24,513
2022/2022-05-25_dgr2.xls,ok,5.684341886080802e-14,2022-05-25,513
2022/2022-05-26_dgr2.xls,ok,2.2737367544323206e-13,2022-05-26,513
2022/2022-05-27_dgr2.xls,ok,1.7053025658242404e-13,2022-05-27,513
2022/2022-05-28_dgr2.xls,ok,1.7053025658242404e-13,2022-05-28,513
2022/2022-05-29_dgr2.xls,ok,1.1368683772161603e-13,2022-05-29,513
2022/2022-05-30_dgr2.xls,ok,1.1368683772161603e-13,2022-05-30,513
2022/2022-05-31_dgr2.xls,ok,1.1368683772161603e-13,2022-05-31,513
2022/2022-06-01_dgr2.xls,ok,5.684341886080802e-14,2022-06-01,513
2022/2022-06-02_dgr2.xls,ok,5.684341886080802e-14,2022-06-02,513
2022/2022-06-03_dgr2.xls,ok,2.2737367544323206e-13,2022-06-03,513
2022/2022-06-04_dgr2.xls,ok,5.684341886080802e-14,2022-06-04,513
2022/2022-06-05_dgr2.xls,ok,2.8421709430404007e-13,2022-06-05,513
2022/2022-06-06_dgr2.xls,ok,1.1368683772161603e-13,2022-06-06,513
2022/2022-06-07_dgr2.xls,ok,2.2737367544323206e-13,2022-06-07,513
2022/2022-06-08_dgr2.xls,ok,2.2737367544323206e-13,2022-06-08,513
2022/2022-06-09_dgr2.xls,ok,5.684341886080802e-14,2022-06-09,513
2022/2022-06-10_dgr2.xls,ok,1.1368683772161603e-13,2022-06-10,513
2022/2022-06-11_dgr2.xls,ok,2.2737367544323206e-13,2022-06-11,513
2022/2022-06-12_dgr2.xls,ok,1.1368683772161603e-13,2022-06-12,513
2022/2022-06-13_dgr2.xls,ok,1.1368683772161603e-13,2022-06-13,513
2022/2022-06-14_dgr2.xls,ok,1.7053025658242404e-13,2022-06-14,513
2022/2022-06-15_dgr2.xls,ok,1.7053025658242404e-13,2022-06-15,513
2022/2022-06-16_dgr2.xls,ok,2.2737367544323206e-13,2022-06-16,513
2022/2022-06-17_dgr2.xls,ok,1.7053025658242404e-13,2022-06-17,513
2022/2022-06-18_dgr2.xls,ok,5.684341886080802e-14,2022-06-18,513
2022/2022-06-19_dgr2.xls,ok,5.684341886080802e-14,2022-06-19,513
2022/2022-06-20_dgr2.xls,ok,1.7053025658242404e-13,2022-06-20,513
2022/2022-06-21_dgr2.xls,ok,5.684341886080802e-14,2022-06-21,513
2022/2022-06-22_dgr2.xls,ok,1.1368683772161603e-13,2022-06-22,513
2022/2022-06-23_dgr2.xls,ok,1.1368683772161603e-13,2022-06-23,513
2022/2022-06-24_dgr2.xls,ok,1.1368683772161603e-13,2022-06-24,513
2022/2022-06-25_dgr2.xls,ok,1.7053025658242404e-13,2022-06-25,513
2022/2022-06-26_dgr2.xls,ok,1.1368683772161603e-13,2022-06-26,513
2022/2022-06-27_dgr2.xls,ok,1.1368683772161603e-13,2022-06-27,513
2022/2022-06-28_dgr2.xls,ok,1.1368683772161603e-13,2022-06-28,513
2022/2022-06-29_dgr2.xls,ok,1.1368683772161603e-13,2022-06-29,513
2022/2022-06-30_dgr2.xls,ok,1.7053025658242404e-13,2022-06-30,513
2022/2022-07-01_dgr2.xls,ok,8.526512829121202e-14,2022-07-01,513
2022/2022-07-02_dgr2.xls,ok,1.4210854715202004e-13,2022-07-02,513
2022/2022-07-03_dgr2.xls,ok,1.7053025658242404e-13,2022-07-03,513
2022/2022-07-04_dgr2.xls,ok,1.7053025658242404e-13,2022-07-04,512
2022/2022-07-05_dgr2.xls,ok,1.1368683772161603e-13,2022-07-05,512
2022/2022-07-06_dgr2.xls,ok,1.1368683772161603e-13,2022-07-06,512
2022/2022-07-07_dgr2.xls,ok,1.7053025658242404e-13,2022-07-07,512
2022/2022-07-08_dgr2.xls,ok,1.7053025658242404e-13,2022-07-08,512
2022/2022-07-09_dgr2.xls,ok,5.684341886080802e-14,2022-07-09,512
2022/2022-07-10_dgr2.xls,ok,1.1368683772161603e-13,2022-07-10,512
2022/2022-07-11_dgr2.xls,ok,1.1368683772161603e-13,2022-07-11,512
2022/2022-07-12_dgr2.xls,ok,1.1368683772161603e-13,2022-07-12,512
2022/2022-07-13_dgr2.xls,ok,1.1368683772161603e-13,2022-07-13,512
2022/2022-07-14_dgr2.xls,ok,1.7053025658242404e-13,2022-07-14,512
2022/2022-07-15_dgr2.xls,ok,1.1368683772161603e-13,2022-07-15,512
2022/2022-07-16_dgr2.xls,ok,1.1368683772161603e-13,2022-07-16,512
2022/2022-07-17_dgr2.xls,ok,8.526512829121202e-14,2022-07-17,512
2022/2022-07-18_dgr2.xls,ok,1.1368683772161603e-13,2022-07-18,512
2022/2022-07-19_dgr2.xls,ok,5.684341886080802e-14,2022-07-19,512
2022/2022-07-20_dgr2.xls,ok,5.684341886080802e-14,2022-07-20,512
2022/2022-07-21_dgr2.xls,ok,5.684341886080802e-14,2022-07-21,512
2022/2022-07-22_dgr2.xls,ok,5.684341886080802e-14,2022-07-22,512
2022/2022-07-23_dgr2.xls,ok,1.1368683772161603e-13,2022-07-23,512
2022/2022-07-24_dgr2.xls,ok,1.7053025658242404e-13,2022-07-24,512
2022/2022-07-25_dgr2.xls,ok,1.1368683772161603e-13,2022-07-25,512
2022/2022-07-26_dgr2.xls,ok,1.1368683772161603e-13,2022-07-26,512
2022/2022-07-27_dgr2.xls,ok,1.7053025658242404e-13,2022-07-27,512
2022/2022-07-28_dgr2.xls,ok,1.1368683772161603e-13,2022-07-28,512
2022/2022-07-29_dgr2.xls,ok,1.1368683772161603e-13,2022-07-29,512
2022/2022-07-30_dgr2.xls,ok,8.526512829121202e-14,2022-07-30,512
2022/2022-07-31_dgr2.xls,ok,3.979039320256561e-13,2022-07-31,512
2022/2022-08-01_dgr2.xls,ok,1.7053025658242404e-13,2022-08-01,512
2022/2022-08-02_dgr2.xls,ok,1.7053025658242404e-13,2022-08-02,512
2022/2022-08-03_dgr2.xls,ok,5.684341886080802e-14,2022-08-03,512
2022/2022-08-04_dgr2.xls,ok,1.1368683772161603e-13,2022-08-04,512
2022/2022-08-05_dgr2.xls,ok,1.1368683772161603e-13,2022-08-05,512
2022/2022-08-06_dgr2.xls,ok,1.7053025658242404e-13,2022-08-06,512
2022/2022-08-07_dgr2.xls,ok,1.1368683772161603e-13,2022-08-07,512
2022/2022-08-08_dgr2.xls,ok,5.684341886080802e-14,2022-08-08,512
2022/2022-08-09_dgr2.xls,ok,5.684341886080802e-14,2022-08-09,512
2022/2022-08-10_dgr2.xls,ok,2.8421709430404007e-13,2022-08-10,512
2022/2022-08-11_dgr2.xls,ok,2.2737367544323206e-13,2022-08-11,512
2022/2022-08-12_dgr2.xls,ok,1.1368683772161603e-13,2022-08-12,512
2022/2022-08-13_dgr2.xls,ok,1.1368683772161603e-13,2022-08-13,512
2022/2022-08-14_dgr2.xls,ok,1.7053025658242404e-13,2022-08-14,512
2022/2022-08-15_dgr2.xls,ok,1.1368683772161603e-13,2022-08-15,512
2022/2022-08-16_dgr2.xls,ok,5.684341886080802e-14,2022-08-16,512
2022/2022-08-17_dgr2.xls,ok,1.1368683772161603e-13,2022-08-17,512
2022/2022-08-18_dgr2.xls,ok,5.684341886080802e-14,2022-08-18,512
2022/2022-08-19_dgr2.xls,ok,1.7053025658242404e-13,2022-08-19,512
2022/2022-08-20_dgr2.xls,ok,1.1368683772161603e-13,2022-08-20,512
2022/2022-08-21_dgr2.xls,ok,1.7053025658242404e-13,2022-08-21,512
2022/2022-08-22_dgr2.xls,ok,1.1368683772161603e-13,2022-08-22,512
2022/2022-08-23_dgr2.xls,ok,2.2737367544323206e-13,2022-08-23,512
2022/2022-08-24_dgr2.xls,ok,2.2737367544323206e-13,2022-08-24,512
2022/2022-08-25_dgr2.xls,ok,1.7053025658242404e-13,2022-08-25,512
2022/2022-08-26_dgr2.xls,ok,1.7053025658242404e-13,2022-08-26,512
2022/2022-08-27_dgr2.xls,ok,3.410605131648481e-13,2022-08-27,512
2022/2022-08-28_dgr2.xls,ok,2.2737367544323206e-13,2022-08-28,512
2022/2022-08-29_dgr2.xls,ok,1.7053025658242404e-13,2022-08-29,512
2022/2022-08-30_dgr2.xls,ok,1.1368683772161603e-13,2022-08-30,512
2022/2022-08-31_dgr2.xls,ok,1.1368683772161603e-13,2022-08-31,512
2022/2022-09-01_dgr2.xls,ok,1.7053025658242404e-13,2022-09-01,512
2022/2022-09-02_dgr2.xls,ok,1.7053025658242404e-13,2022-09-02,512
2022/2022-09-03_dgr2.xls,ok,1.1368683772161603e-13,2022-09-03,512
2022/2022-09-04_dgr2.xls,ok,2.2737367544323206e-13,2022-09-04,512
2022/2022-09-05_dgr2.xls,ok,1.7053025658242404e-13,2022-09-05,512
2022/2022-09-06_dgr2.xls,ok,8.526512829121202e-14,2022-09-06,512
2022/2022-09-07_dgr2.xls,ok,2.2737367544323206e-13,2022-09-07,512
2022/2022-09-08_dgr2.xls,ok,1.1368683772161603e-13,2022-09-08,512
2022/2022-09-09_dgr2.xls,ok,1.1368683772161603e-13,2022-09-09,512
2022/2022-09-10_dgr2.xls,ok,2.8421709430404007e-13,2022-09-10,512
2022/2022-09-11_dgr2.xls,ok,5.684341886080802e-14,2022-09-11,512
2022/2022-09-12_dgr2.xls,ok,1.1368683772161603e-13,2022-09-12,512
2022/2022-09-13_dgr2.xls,ok,1.1368683772161603e-13,2022-09-13,512
2022/2022-09-14_dgr2.xls,ok,1.7053025658242404e-13,2022-09-14,512
2022/2022-09-15_dgr2.xls,ok,1.7053025658242404e-13,2022-09-15,512
2022/2022-09-16_dgr2.xls,ok,1.1368683772161603e-13,2022-09-16,512
2022/2022-09-17_dgr2.xls,ok,1.7053025658242404e-13,2022-09-17,512
2022/2022-09-18_dgr2.xls,ok,2.2737367544323206e-13,2022-09-18,512
2022/2022-09-19_dgr2.xls,ok,1.7053025658242404e-13,2022-09-19,512
2022/2022-09-20_dgr2.xls,ok,1.1368683772161603e-13,2022-09-20,512
2022/2022-09-21_dgr2.xls,ok,2.8421709430404007e-13,2022-09-21,512
2022/2022-09-22_dgr2.xls,ok,1.7053025658242404e-13,2022-09-22,512
2022/2022-09-23_dgr2.xls,ok,1.1368683772161603e-13,2022-09-23,512
2022/2022-09-24_dgr2.xls,ok,1.7053025658242404e-13,2022-09-24,512
2022/2022-09-25_dgr2.xls,ok,1.7053025658242404e-13,2022-09-25,512
2022/2022-09-26_dgr2.xls,ok,1.1368683772161603e-13,2022-09-26,512
2022/2022-09-27_dgr2.xls,ok,5.684341886080802e-14,2022-09-27,512
2022/2022-09-28_dgr2.xls,ok,5.684341886080802e-14,2022-09-28,512
2022/2022-09-29_dgr2.xls,ok,1.1368683772161603e-13,2022-09-29,512
2022/2022-09-30_dgr2.xls,ok,1.1368683772161603e-13,2022-09-30,512
2022/2022-10-01_dgr2.xls,ok,1.1368683772161603e-13,2022-10-01,512
2022/2022-10-02_dgr2.xls,ok,1.1368683772161603e-13,2022-10-02,512
2022/2022-10-03_dgr2.xls,ok,5.684341886080802e-14,2022-10-03,512
2022/2022-10-04_dgr2.xls,ok,1.1368683772161603e-13,2022-10-04,512
2022/2022-10-05_dgr2.xls,ok,1.1368683772161603e-13,2022-10-05,512
2022/2022-10-06_dgr2.xls,ok,1.1368683772161603e-13,2022-10-06,512
2022/2022-10-07_dgr2.xls,ok,1.1368683772161603e-13,2022-10-07,512
2022/2022-10-08_dgr2.xls,ok,5.684341886080802e-14,2022-10-08,512
2022/2022-10-09_dgr2.xls,ok,1.1368683772161603e-13,2022-10-09,512
2022/2022-10-10_dgr2.xls,ok,8.526512829121202e-14,2022-10-10,512
2022/2022-10-11_dgr2.xls,ok,5.684341886080802e-14,2022-10-11,512
2022/2022-10-12_dgr2.xls,ok,1.1368683772161603e-13,2022-10-12,512
2022/2022-10-13_dgr2.xls,ok,5.684341886080802e-14,2022-10-13,512
2022/2022-10-14_dgr2.xls,ok,8.526512829121202e-14,2022-10-14,512
2022/2022-10-15_dgr2.xls,ok,5.684341886080802e-14,2022-10-15,512
2022/2022-10-16_dgr2.xls,ok,5.684341886080802e-14,2022-10-16,512
2022/2022-10-17_dgr2.xls,ok,1.1368683772161603e-13,2022-10-17,513
2022/2022-10-18_dgr2.xls,ok,2.2737367544323206e-13,2022-10-18,513
2022/2022-10-19_dgr2.xls,ok,2.2737367544323206e-13,2022-10-19,513
2022/2022-10-20_dgr2.xls,ok,1.1368683772161603e-13,2022-10-20,513
2022/2022-10-21_dgr2.xls,ok,2.2737367544323206e-13,2022-10-21,513
2022/2022-10-22_dgr2.xls,ok,1.7053025658242404e-13,2022-10-22,513
2022/2022-10-23_dgr2.xls,ok,1.1368683772161603e-13,2022-10-23,513
2022/2022-10-24_dgr2.xls,ok,1.1368683772161603e-13,2022-10-24,513
2022/2022-10-25_dgr2.xls,ok,1.1368683772161603e-13,2022-10-25,513
2022/2022-10-26_dgr2.xls,ok,8.526512829121202e-14,2022-10-26,513
2022/2022-10-27_dgr2.xls,ok,1.1368683772161603e-13,2022-10-27,513
2022/2022-10-28_dgr2.xls,ok,5.684341886080802e-14,2022-10-28,513
2022/2022-10-29_dgr2.xls,ok,1.1368683772161603e-13,2022-10-29,513
2022/2022-10-30_dgr2.xls,ok,1.1368683772161603e-13,2022-10-30,513
2022/2022-10-31_dgr2.xls,ok,1.1368683772161603e-13,2022-10-31,513
2022/2022-11-01_dgr2.xls,ok,5.684341886080802e-14,2022-11-01,513
2022/2022-11-02_dgr2.xls,ok,1.1368683772161603e-13,2022-11-02,513
2022/2022-11-03_dgr2.xls,ok,1.1368683772161603e-13,2022-11-03,513
2022/2022-11-04_dgr2.xls,ok,5.684341886080802e-14,2022-11-04,513
2022/2022-11-05_dgr2.xls,ok,1.1368683772161603e-13,2022-11-05,513
2022/2022-11-06_dgr2.xls,ok,1.1368683772161603e-13,2022-11-06,513
2022/2022-11-07_dgr2.xls,ok,1.7053025658242404e-13,2022-11-07,513
2022/2022-11-08_dgr2.xls,ok,1.1368683772161603e-13,2022-11-08,513
2022/2022-11-09_dgr2.xls,ok,1.7053025658242404e-13,2022-11-09,513
2022/2022-11-10_dgr2.xls,ok,1.1368683772161603e-13,2022-11-10,513
2022/2022-11-11_dgr2.xls,ok,1.1368683772161603e-13,2022-11-11,513
2022/2022-11-12_dgr2.xls,ok,5.684341886080802e-14,2022-11-12,513
2022/2022-11-13_dgr2.xls,ok,5.684341886080802e-14,2022-11-13,513
2022/2022-11-14_dgr2.xls,ok,1.1368683772161603e-13,2022-11-14,513
2022/2022-11-15_dgr2.xls,ok,1.7053025658242404e-13,2022-11-15,513
2022/2022-11-16_dgr2.xls,ok,1.7053025658242404e-13,2022-11-16,513
2022/2022-11-17_dgr2.xls,ok,5.684341886080802e-14,2022-11-17,513
2022/2022-11-18_dgr2.xls,ok,1.1368683772161603e-13,2022-11-18,513
2022/2022-11-19_dgr2.xls,ok,1.1368683772161603e-13,2022-11-19,513
2022/2022-11-20_dgr2.xls,ok,1.7053025658242404e-13,2022-11-20,513
2022/2022-11-21_dgr2.xls,ok,1.1368683772161603e-13,2022-11-21,513
2022/2022-11-22_dgr2.xls,ok,1.7053025658242404e-13,2022-11-22,513
2022/2022-11-23_dgr2.xls,ok,1.7053025658242404e-13,2022-11-23,513
2022/2022-11-24_dgr2.xls,ok,1.1368683772161603e-13,2022-11-24,513
2022/2022-11-25_dgr2.xls,ok,1.1368683772161603e-13,2022-11-25,513
2022/2022-11-26_dgr2.xls,ok,1.1368683772161603e-13,2022-11-26,513
2022/2022-11-27_dgr2.xls,ok,5.684341886080802e-14,2022-11-27,513
2022/2022-11-28_dgr2.xls,ok,1.1368683772161603e-13,2022-11-28,513
2022/2022-11-29_dgr2.xls,ok,1.1368683772161603e-13,2022-11-29,513
2022/2022-11-30_dgr2.xls,ok,8.526512829121202e-14,2022-11-30,513
2022/2022-12-01_dgr2.xls,ok,1.1368683772161603e-13,2022-12-01,513
2022/2022-12-02_dgr2.xls,ok,1.1368683772161603e-13,2022-12-02,513
2022/2022-12-03_dgr2.xls,ok,1.1368683772161603e-13,2022-12-03,513
2022/2022-12-04_dgr2.xls,ok,2.2737367544323206e-13,2022-12-04,513
2022/2022-12-05_dgr2.xls,ok,1.7053025658242404e-13,2022-12-05,513
2022/2022-12-06_dgr2.xls,ok,1.1368683772161603e-13,2022-12-06,513
2022/2022-12-07_dgr2.xls,ok,5.684341886080802e-14,2022-12-07,513
2022/2022-12-08_dgr2.xls,ok,1.1368683772161603e-13,2022-12-08,513
2022/2022-12-09_dgr2.xls,ok,5.684341886080802e-14,2022-12-09,513
2022/2022-12-10_dgr2.xls,ok,1.1368683772161603e-13,2022-12-10,513
2022/2022-12-11_dgr2.xls,ok,1.7053025658242404e-13,2022-12-11,513
2022/2022-12-12_dgr2.xls,ok,1.1368683772161603e-13,2022-12-12,513
2022/2022-12-13_dgr2.xls,ok,1.7053025658242404e-13,2022-12-13,513
2022/2022-12-14_dgr2.xls,ok,1.1368683772161603e-13,2022-12-14,513
2022/2022-12-15_dgr2.xls,ok,5.684341886080802e-14,2022-12-15,513
2022/2022-12-16_dgr2.xls,ok,1.7053025658242404e-13,2022-12-16,513
2022/2022-12-17_dgr2.xls,ok,1.1368683772161603e-13,2022-12-17,513
2022/2022-12-18_dgr2.xls,ok,1.1368683772161603e-13,2022-12-18,513
2022/2022-12-19_dgr2.xls,ok,1.7053025658242404e-13,2022-12-19,513
2022/2022-12-20_dgr2.xls,ok,1.7053025658242404e-13,2022-12-20,513
2022/2022-12-21_dgr2.xls,ok,1.7053025658242404e-13,2022-12-21,513
2022/2022-12-22_dgr2.xls,ok,1.7053025658242404e-13,2022-12-22,513
2022/2022-12-23_dgr2.xls,ok,1.7053025658242404e-13,2022-12-23,514
2022/2022-12-24_dgr2.xls,ok,1.1368683772161603e-13,2022-12-24,514
2022/2022-12-25_dgr2.xls,ok,1.7053025658242404e-13,2022-12-25,514
2022/2022-12-26_dgr2.xls,ok,8.526512829121202e-14,2022-12-26,514
2022/2022-12-27_dgr2.xls,ok,1.7053025658242404e-13,2022-12-27,514
2022/2022-12-28_dgr2.xls,ok,2.2737367544323206e-13,2022-12-28,514
2022/2022-12-29_dgr2.xls,ok,5.684341886080802e-14,2022-12-29,514
2022/2022-12-30_dgr2.xls,ok,5.684341886080802e-14,2022-12-30,514
2022/2022-12-31_dgr2.xls,ok,1.1368683772161603e-13,2022-12-31,514
2023/2023-01-01_dgr2.xls,ok,1.7053025658242404e-13,2023-01-01,514
2023/2023-01-02_dgr2.xls,ok,5.684341886080802e-14,2023-01-02,514
2023/2023-01-03_dgr2.xls,ok,1.1368683772161603e-13,2023-01-03,514
2023/2023-01-04_dgr2.xls,ok,1.7053025658242404e-13,2023-01-04,514
2023/2023-01-05_dgr2.xls,ok,5.684341886080802e-14,2023-01-05,514
2023/2023-01-06_dgr2.xls,ok,1.7053025658242404e-13,2023-01-06,514
2023/2023-01-07_dgr2.xls,ok,1.7053025658242404e-13,2023-01-07,514
2023/2023-01-08_dgr2.xls,ok,1.7053025658242404e-13,2023-01-08,514
2023/2023-01-09_dgr2.xls,ok,1.1368683772161603e-13,2023-01-09,514
2023/2023-01-10_dgr2.xls,ok,1.1368683772161603e-13,2023-01-10,514
2023/2023-01-11_dgr2.xls,ok,1.7053025658242404e-13,2023-01-11,514
2023/2023-01-12_dgr2.xls,ok,8.526512829121202e-14,2023-01-12,514
2023/2023-01-13_dgr2.xls,ok,1.1368683772161603e-13,2023-01-13,514
2023/2023-01-14_dgr2.xls,ok,1.1368683772161603e-13,2023-01-14,514
2023/2023-01-15_dgr2.xls,ok,5.684341886080802e-14,2023-01-15,514
2023/2023-01-16_dgr2.xls,ok,1.1368683772161603e-13,2023-01-16,514
2023/2023-01-17_dgr2.xls,ok,8.526512829121202e-14,2023-01-17,514
2023/2023-01-18_dgr2.xls,ok,8.526512829121202e-14,2023-01-18,514
2023/2023-01-19_dgr2.xls,ok,1.7053025658242404e-13,2023-01-19,514
2023/2023-01-20_dgr2.xls,ok,1.7053025658242404e-13,2023-01-20,514
2023/2023-01-21_dgr2.xls,ok,1.7053025658242404e-13,2023-01-21,514
2023/2023-01-22_dgr2.xls,ok,1.1368683772161603e-13,2023-01-22,514
2023/2023-01-23_dgr2.xls,ok,1.1368683772161603e-13,2023-01-23,514
2023/2023-01-24_dgr2.xls,ok,1.7053025658242404e-13,2023-01-24,514
2023/2023-01-25_dgr2.xls,ok,1.1368683772161603e-13,2023-01-25,514
2023/2023-01-26_dgr2.xls,ok,1.1368683772161603e-13,2023-01-26,514
2023/2023-01-27_dgr2.xls,ok,1.1368683772161603e-13,2023-01-27,514
2023/2023-01-28_dgr2.xls,ok,1.7053025658242404e-13,2023-01-28,514
2023/2023-01-29_dgr2.xls,ok,2.2737367544323206e-13,2023-01-29,514
2023/2023-01-30_dgr2.xls,ok,1.1368683772161603e-13,2023-01-30,514
2023/2023-01-31_dgr2.xls,ok,1.1368683772161603e-13,2023-01-31,514
2023/2023-02-01_dgr2.xls,ok,2.2737367544323206e-13,2023-02-01,514
2023/2023-02-02_dgr2.xls,ok,1.1368683772161603e-13,2023-02-02,514
2023/2023-02-03_dgr2.xls,ok,1.1368683772161603e-13,2023-02-03,514
2023/2023-02-04_dgr2.xls,ok,1.7053025658242404e-13,2023-02-04,514
2023/2023-02-05_dgr2.xls,ok,1.7053025658242404e-13,2023-02-05,514
2023/2023-02-06_dgr2.xls,ok,1.1368683772161603e-13,2023-02-06,514
2023/2023-02-07_dgr2.xls,ok,2.2737367544323206e-13,2023-02-07,514
2023/2023-02-08_dgr2.xls,ok,1.7053025658242404e-13,2023-02-08,514
2023/2023-02-09_dgr2.xls,ok,1.1368683772161603e-13,2023-02-09,514
2023/2023-02-10_dgr2.xls,ok,1.7053025658242404e-13,2023-02-10,514
2023/2023-02-11_dgr2.xls,ok,1.1368683772161603e-13,2023-02-11,514
2023/2023-02-12_dgr2.xls,ok,2.2737367544323206e-13,2023-02-12,514
2023/2023-02-13_dgr2.xls,ok,2.8421709430404007e-13,2023-02-13,514
2023/2023-02-14_dgr2.xls,ok,1.1368683772161603e-13,2023-02-14,514
2023/2023-02-15_dgr2.xls,ok,1.7053025658242404e-13,2023-02-15,514
2023/2023-02-16_dgr2.xls,ok,1.7053025658242404e-13,2023-02-16,514
2023/2023-02-17_dgr2.xls,ok,1.7053025658242404e-13,2023-02-17,514
2023/2023-02-18_dgr2.xls,ok,1.1368683772161603e-13,2023-02-18,514
2023/2023-02-19_dgr2.xls,ok,1.7053025658242404e-13,2023-02-19,514
2023/2023-02-20_dgr2.xls,ok,5.684341886080802e-14,2023-02-20,514
2023/2023-02-21_dgr2.xls,ok,1.7053025658242404e-13,2023-02-21,514
2023/2023-02-22_dgr2.xls,ok,2.2737367544323206e-13,2023-02-22,514
2023/2023-02-23_dgr2.xls,ok,1.1368683772161603e-13,2023-02-23,514
2023/2023-02-24_dgr2.xls,ok,5.684341886080802e-14,2023-02-24,514
2023/2023-02-25_dgr2.xls,ok,1.7053025658242404e-13,2023-02-25,514
2023/2023-02-26_dgr2.xls,ok,1.1368683772161603e-13,2023-02-26,514
2023/2023-02-27_dgr2.xls,ok,2.8421709430404007e-13,2023-02-27,514
2023/2023-02-28_dgr2.xls,ok,5.684341886080802e-14,2023-02-28,514
2023/2023-03-01_dgr2.xls,ok,2.2737367544323206e-13,2023-03-01,519
2023/2023-03-02_dgr2.xls,ok,1.1368683772161603e-13,2023-03-02,519
2023/2023-03-03_dgr2.xls,ok,1.7053025658242404e-13,2023-03-03,519
2023/2023-03-04_dgr2.xls,ok,1.7053025658242404e-13,2023-03-04,519
2023/2023-03-05_dgr2.xls,ok,1.1368683772161603e-13,2023-03-05,519
2023/2023-03-06_dgr2.xls,ok,1.7053025658242404e-13,2023-03-06,519
2023/2023-03-07_dgr2.xls,ok,1.7053025658242404e-13,2023-03-07,519
2023/2023-03-08_dgr2.xls,ok,1.7053025658242404e-13,2023-03-08,519
2023/2023-03-09_dgr2.xls,ok,1.1368683772161603e-13,2023-03-09,519
2023/2023-03-10_dgr2.xls,ok,2.8421709430404007e-13,2023-03-10,519
2023/2023-03-11_dgr2.xls,ok,1.7053025658242404e-13,2023-03-11,519
2023/2023-03-12_dgr2.xls,ok,1.1368683772161603e-13,2023-03-12,519
2023/2023-03-13_dgr2.xls,ok,1.7053025658242404e-13,2023-03-13,519
2023/2023-03-14_dgr2.xls,ok,1.1368683772161603e-13,2023-03-14,519
2023/2023-03-15_dgr2.xls,ok,1.7053025658242404e-13,2023-03-15,519
2023/2023-03-16_dgr2.xls,ok,1.7053025658242404e-13,2023-03-16,519
2023/2023-03-17_dgr2.xls,ok,5.684341886080802e-14,2023-03-17,519
2023/2023-03-18_dgr2.xls,ok,8.526512829121202e-14,2023-03-18,519
2023/2023-03-19_dgr2.xls,ok,5.684341886080802e-14,2023-03-19,519
2023/2023-03-20_dgr2.xls,ok,1.7053025658242404e-13,2023-03-20,519
2023/2023-03-21_dgr2.xls,ok,8.526512829121202e-14,2023-03-21,519
2023/2023-03-22_dgr2.xls,ok,1.1368683772161603e-13,2023-03-22,519
2023/2023-03-23_dgr2.xls,ok,1.1368683772161603e-13,2023-03-23,519
2023/2023-03-24_dgr2.xls,ok,1.1368683772161603e-13,2023-03-24,519
2023/2023-03-25_dgr2.xls,ok,1.1368683772161603e-13,2023-03-25,519
2023/2023-03-26_dgr2.xls,ok,1.7053025658242404e-13,2023-03-26,519
2023/2023-03-27_dgr2.xls,ok,5.684341886080802e-14,2023-03-27,519
2023/2023-03-28_dgr2.xls,ok,1.7053025658242404e-13,2023-03-28,519
2023/2023-03-29_dgr2.xls,ok,1.1368683772161603e-13,2023-03-29,519
2023/2023-03-30_dgr2.xls,ok,2.2737367544323206e-13,2023-03-30,519
2023/2023-03-31_dgr2.xls,ok,1.1368683772161603e-13,2023-03-31,519
2023/2023-04-01_dgr2.xls,ok,1.1368683772161603e-13,2023-04-01,518
2023/2023-04-02_dgr2.xls,ok,5.684341886080802e-14,2023-04-02,518
2023/2023-04-03_dgr2.xls,ok,1.1368683772161603e-13,2023-04-03,518
2023/2023-04-04_dgr2.xls,ok,1.7053025658242404e-13,2023-04-04,518
2023/2023-04-05_dgr2.xls,ok,1.1368683772161603e-13,2023-04-05,518
2023/2023-04-06_dgr2.xls,ok,1.1368683772161603e-13,2023-04-06,518
2023/2023-04-07_dgr2.xls,ok,1.7053025658242404e-13,2023-04-07,518
2023/2023-04-08_dgr2.xls,ok,1.1368683772161603e-13,2023-04-08,518
2023/2023-04-09_dgr2.xls,ok,1.7053025658242404e-13,2023-04-09,518
2023/2023-04-10_dgr2.xls,ok,1.1368683772161603e-13,2023-04-10,518
2023/2023-04-11_dgr2.xls,ok,5.684341886080802e-14,2023-04-11,518
2023/2023-04-12_dgr2.xls,ok,1.1368683772161603e-13,2023-04-12,518
2023/2023-04-13_dgr2.xls,ok,1.1368683772161603e-13,2023-04-13,518
2023/2023-04-14_dgr2.xls,ok,1.1368683772161603e-13,2023-04-14,518
2023/2023-04-15_dgr2.xls,ok,1.1368683772161603e-13,2023-04-15,518
2023/2023-04-16_dgr2.xls,ok,1.1368683772161603e-13,2023-04-16,518
2023/2023-04-17_dgr2.xls,ok,1.1368683772161603e-13,2023-04-17,518
2023/2023-04-18_dgr2.xls,ok,2.2737367544323206e-13,2023-04-18,518
2023/2023-04-19_dgr2.xls,ok,1.1368683772161603e-13,2023-04-19,518
2023/2023-04-20_dgr2.xls,ok,1.7053025658242404e-13,2023-04-20,518
2023/2023-04-21_dgr2.xls,ok,1.7053025658242404e-13,2023-04-21,518
2023/2023-04-22_dgr2.xls,ok,1.1368683772161603e-13,2023-04-22,518
2023/2023-04-23_dgr2.xls,ok,1.7053025658242404e-13,2023-04-23,518
2023/2023-04-24_dgr2.xls,ok,1.7053025658242404e-13,2023-04-24,518
2023/2023-04-25_dgr2.xls,ok,1.1368683772161603e-13,2023-04-25,518
2023/2023-04-26_dgr2.xls,ok,2.2737367544323206e-13,2023-04-26,518
2023/2023-04-27_dgr2.xls,ok,1.7053025658242404e-13,2023-04-27,518
2023/2023-04-28_dgr2.xls,ok,8.526512829121202e-14,2023-04-28,518
2023/2023-04-29_dgr2.xls,ok,1.1368683772161603e-13,2023-04-29,518
2023/2023-04-30_dgr2.xls,ok,1.1368683772161603e-13,2023-04-30,518
2023/2023-05-01_dgr2.xls,ok,8.526512829121202e-14,2023-05-01,518
2023/2023-05-02_dgr2.xls,ok,5.684341886080802e-14,2023-05-02,518
2023/2023-05-03_dgr2.xls,ok,1.7053025658242404e-13,2023-05-03,518
2023/2023-05-04_dgr2.xls,ok,2.2737367544323206e-13,2023-05-04,518
2023/2023-05-05_dgr2.xls,ok,1.1368683772161603e-13,2023-05-05,518
2023/2023-05-06_dgr2.xls,ok,1.1368683772161603e-13,2023-05-06,518
2023/2023-05-07_dgr2.xls,ok,5.684341886080802e-14,2023-05-07,518
2023/2023-05-08_dgr2.xls,ok,2.8421709430404007e-13,2023-05-08,518
2023/2023-05-09_dgr2.xls,ok,1.1368683772161603e-13,2023-05-09,518
2023/2023-05-10_dgr2.xls,ok,5.684341886080802e-14,2023-05-10,518
2023/2023-05-11_dgr2.xls,ok,1.7053025658242404e-13,2023-05-11,518
2023/2023-05-12_dgr2.xls,ok,2.8421709430404007e-13,2023-05-12,518
2023/2023-05-13_dgr2.xls,ok,2.8421709430404007e-13,2023-05-13,518
2023/2023-05-14_dgr2.xls,ok,8.526512829121202e-14,2023-05-14,518
2023/2023-05-15_dgr2.xls,ok,2.2737367544323206e-13,2023-05-15,518
2023/2023-05-16_dgr2.xls,ok,1.7053025658242404e-13,2023-05-16,518
2023/2023-05-17_dgr2.xls,ok,1.7053025658242404e-13,2023-05-17,518
2023/2023-05-18_dgr2.xls,ok,1.1368683772161603e-13,2023-05-18,518
2023/2023-05-19_dgr2.xls,ok,1.1368683772161603e-13,2023-05-19,518
2023/2023-05-20_dgr2.xls,ok,2.8421709430404007e-13,2023-05-20,518
2023/2023-05-21_dgr2.xls,ok,1.7053025658242404e-13,2023-05-21,518
2023/2023-05-22_dgr2.xls,ok,1.1368683772161603e-13,2023-05-22,518
2023/2023-05-23_dgr2.xls,ok,1.1368683772161603e-13,2023-05-23,518
2023/2023-05-24_dgr2.xls,ok,1.1368683772161603e-13,2023-05-24,518
2023/2023-05-25_dgr2.xls,ok,1.7053025658242404e-13,2023-05-25,518
2023/2023-05-26_dgr2.xls,ok,1.7053025658242404e-13,2023-05-26,518
2023/2023-05-27_dgr2.xls,ok,1.7053025658242404e-13,2023-05-27,518
2023/2023-05-28_dgr2.xls,ok,2.2737367544323206e-13,2023-05-28,518
2023/2023-05-29_dgr2.xls,ok,1.7053025658242404e-13,2023-05-29,518
2023/2023-05-30_dgr2.xls,ok,1.7053025658242404e-13,2023-05-30,518
2023/2023-05-31_dgr2.xls,ok,8.526512829121202e-14,2023-05-31,518
2023/2023-06-01_dgr2.xls,ok,2.2737367544323206e-13,2023-06-01,518
2023/2023-06-02_dgr2.xls,ok,1.7053025658242404e-13,2023-06-02,518
2023/2023-06-03_dgr2.xls,ok,2.8421709430404007e-13,2023-06-03,518
2023/2023-06-04_dgr2.xls,ok,1.7053025658242404e-13,2023-06-04,518
2023/2023-06-05_dgr2.xls,ok,5.684341886080802e-14,2023-06-05,518
2023/2023-06-06_dgr2.xls,ok,1.1368683772161603e-13,2023-06-06,518
2023/2023-06-07_dgr2.xls,ok,1.7053025658242404e-13,2023-06-07,518
2023/2023-06-08_dgr2.xls,ok,1.1368683772161603e-13,2023-06-08,518
2023/2023-06-09_dgr2.xls,ok,1.7053025658242404e-13,2023-06-09,518
2023/2023-06-10_dgr2.xls,ok,1.7053025658242404e-13,2023-06-10,518
2023/2023-06-11_dgr2.xls,ok,2.2737367544323206e-13,2023-06-11,518
2023/2023-06-12_dgr2.xls,ok,1.1368683772161603e-13,2023-06-12,518
2023/2023-06-13_dgr2.xls,ok,2.8421709430404007e-13,2023-06-13,518
2023/2023-06-14_dgr2.xls,ok,1.7053025658242404e-13,2023-06-14,518
2023/2023-06-15_dgr2.xls,ok,1.1368683772161603e-13,2023-06-15,518
2023/2023-06-16_dgr2.xls,ok,1.1368683772161603e-13,2023-06-16,518
2023/2023-06-17_dgr2.xls,ok,1.1368683772161603e-13,2023-06-17,518
2023/2023-06-18_dgr2.xls,ok,2.2737367544323206e-13,2023-06-18,518
2023/2023-06-19_dgr2.xls,ok,1.7053025658242404e-13,2023-06-19,518
2023/2023-06-20_dgr2.xls,ok,1.1368683772161603e-13,2023-06-20,518
2023/2023-06-21_dgr2.xls,ok,2.2737367544323206e-13,2023-06-21,518
2023/2023-06-22_dgr2.xls,ok,1.7053025658242404e-13,2023-06-22,518
2023/2023-06-23_dgr2.xls,ok,2.2737367544323206e-13,2023-06-23,518
2023/2023-06-24_dgr2.xls,ok,5.684341886080802e-14,2023-06-24,518
2023/2023-06-25_dgr2.xls,ok,2.8421709430404007e-13,2023-06-25,518
2023/2023-06-26_dgr2.xls,ok,1.1368683772161603e-13,2023-06-26,518
2023/2023-06-27_dgr2.xls,ok,1.1368683772161603e-13,2023-06-27,518
2023/2023-06-28_dgr2.xls,ok,1.1368683772161603e-13,2023-06-28,518
2023/2023-06-29_dgr2.xls,ok,1.1368683772161603e-13,2023-06-29,518
2023/2023-06-30_dgr2.xls,ok,1.7053025658242404e-13,2023-06-30,518
2023/2023-07-01_dgr2.xls,ok,1.1368683772161603e-13,2023-07-01,518
2023/2023-07-02_dgr2.xls,ok,5.684341886080802e-14,2023-07-02,518
2023/2023-07-03_dgr2.xls,ok,8.526512829121202e-14,2023-07-03,518
2023/2023-07-04_dgr2.xls,ok,1.7053025658242404e-13,2023-07-04,518
2023/2023-07-05_dgr2.xls,ok,5.684341886080802e-14,2023-07-05,518
2023/2023-07-06_dgr2.xls,ok,1.7053025658242404e-13,2023-07-06,518
2023/2023-07-07_dgr2.xls,ok,1.1368683772161603e-13,2023-07-07,518
2023/2023-07-08_dgr2.xls,ok,8.526512829121202e-14,2023-07-08,518
2023/2023-07-09_dgr2.xls,ok,1.1368683772161603e-13,2023-07-09,518
2023/2023-07-10_dgr2.xls,ok,1.1368683772161603e-13,2023-07-10,518
2023/2023-07-11_dgr2.xls,ok,5.684341886080802e-14,2023-07-11,518
2023/2023-07-12_dgr2.xls,ok,2.2737367544323206e-13,2023-07-12,518
2023/2023-07-13_dgr2.xls,ok,1.7053025658242404e-13,2023-07-13,518
2023/2023-07-14_dgr2.xls,ok,1.7053025658242404e-13,2023-07-14,518
2023/2023-07-15_dgr2.xls,ok,1.1368683772161603e-13,2023-07-15,518
2023/2023-07-16_dgr2.xls,ok,1.4210854715202004e-13,2023-07-16,518
2023/2023-07-17_dgr2.xls,ok,1.1368683772161603e-13,2023-07-17,518
2023/2023-07-18_dgr2.xls,ok,1.1368683772161603e-13,2023-07-18,518
2023/2023-07-19_dgr2.xls,ok,1.1368683772161603e-13,2023-07-19,518
2023/2023-07-20_dgr2.xls,ok,5.684341886080802e-14,2023-07-20,518
2023/2023-07-21_dgr2.xls,ok,1.1368683772161603e-13,2023-07-21,518
2023/2023-07-22_dgr2.xls,ok,5.684341886080802e-14,2023-07-22,518
2023/2023-07-23_dgr2.xls,ok,1.1368683772161603e-13,2023-07-23,518
2023/2023-07-24_dgr2.xls,ok,1.1368683772161603e-13,2023-07-24,518
2023/2023-07-25_dgr2.xls,ok,1.1368683772161603e-13,2023-07-25,518
2023/2023-07-26_dgr2.xls,ok,2.2737367544323206e-13,2023-07-26,518
2023/2023-07-27_dgr2.xls,ok,5.684341886080802e-14,2023-07-27,518
2023/2023-07-28_dgr2.xls,ok,1.7053025658242404e-13,2023-07-28,518
2023/2023-07-29_dgr2.xls,ok,5.684341886080802e-14,2023-07-29,518
2023/2023-07-30_dgr2.xls,ok,1.1368683772161603e-13,2023-07-30,518
2023/2023-07-31_dgr2.xls,ok,1.1368683772161603e-13,2023-07-31,518
2023/2023-08-01_dgr2.xls,ok,2.8421709430404007e-13,2023-08-01,518
2023/2023-08-02_dgr2.xls,ok,1.7053025658242404e-13,2023-08-02,518
2023/2023-08-03_dgr2.xls,ok,1.1368683772161603e-13,2023-08-03,518
2023/2023-08-04_dgr2.xls,ok,1.4210854715202004e-13,2023-08-04,518
2023/2023-08-05_dgr2.xls,ok,1.1368683772161603e-13,2023-08-05,518
2023/2023-08-06_dgr2.xls,ok,1.1368683772161603e-13,2023-08-06,518
2023/2023-08-07_dgr2.xls,ok,1.1368683772161603e-13,2023-08-07,518
2023/2023-08-08_dgr2.xls,ok,1.1368683772161603e-13,2023-08-08,518
2023/2023-08-09_dgr2.xls,ok,1.1368683772161603e-13,2023-08-09,518
2023/2023-08-10_dgr2.xls,ok,5.684341886080802e-14,2023-08-10,518
2023/2023-08-11_dgr2.xls,ok,2.2737367544323206e-13,2023-08-11,518
2023/2023-08-12_dgr2.xls,ok,2.2737367544323206e-13,2023-08-12,518
2023/2023-08-13_dgr2.xls,ok,8.526512829121202e-14,2023-08-13,518
2023/2023-08-14_dgr2.xls,ok,1.1368683772161603e-13,2023-08-14,518
2023/2023-08-15_dgr2.xls,ok,1.1368683772161603e-13,2023-08-15,518
2023/2023-08-16_dgr2.xls,ok,3.410605131648481e-13,2023-08-16,518
2023/2023-08-17_dgr2.xls,ok,1.1368683772161603e-13,2023-08-17,518
2023/2023-08-18_dgr2.xls,ok,1.1368683772161603e-13,2023-08-18,518
2023/2023-08-19_dgr2.xls,ok,3.410605131648481e-13,2023-08-19,518
2023/2023-08-20_dgr2.xls,ok,1.1368683772161603e-13,2023-08-20,518
2023/2023-08-21_dgr2.xls,ok,1.1368683772161603e-13,2023-08-21,518
2023/2023-08-22_dgr2.xls,ok,5.684341886080802e-14,2023-08-22,518
2023/2023-08-23_dgr2.xls,ok,1.1368683772161603e-13,2023-08-23,518
2023/2023-08-24_dgr2.xls,ok,1.1368683772161603e-13,2023-08-24,518
2023/2023-08-25_dgr2.xls,ok,1.7053025658242404e-13,2023-08-25,518
2023/2023-08-26_dgr2.xls,ok,1.7053025658242404e-13,2023-08-26,518
2023/2023-08-27_dgr2.xls,ok,3.410605131648481e-13,2023-08-27,518
2023/2023-08-28_dgr2.xls,ok,2.8421709430404007e-13,2023-08-28,518
2023/2023-08-29_dgr2.xls,ok,3.410605131648481e-13,2023-08-29,518
2023/2023-08-30_dgr2.xls,ok,1.1368683772161603e-13,2023-08-30,518
2023/2023-08-31_dgr2.xls,ok,1.7053025658242404e-13,2023-08-31,518
2023/2023-09-01_dgr2.xls,ok,2.2737367544323206e-13,2023-09-01,518
2023/2023-09-02_dgr2.xls,ok,1.4210854715202004e-13,2023-09-02,518
2023/2023-09-03_dgr2.xls,ok,1.7053025658242404e-13,2023-09-03,518
2023/2023-09-04_dgr2.xls,ok,2.8421709430404007e-13,2023-09-04,518
2023/2023-09-05_dgr2.xls,ok,1.1368683772161603e-13,2023-09-05,518
2023/2023-09-06_dgr2.xls,ok,1.1368683772161603e-13,2023-09-06,518
2023/2023-09-07_dgr2.xls,ok,1.7053025658242404e-13,2023-09-07,518
2023/2023-09-08_dgr2.xls,ok,1.7053025658242404e-13,2023-09-08,518
2023/2023-09-09_dgr2.xls,ok,5.684341886080802e-14,2023-09-09,519
2023/2023-09-10_dgr2.xls,ok,1.1368683772161603e-13,2023-09-10,519
2023/2023-09-11_dgr2.xls,ok,1.1368683772161603e-13,2023-09-11,519
2023/2023-09-12_dgr2.xls,ok,1.1368683772161603e-13,2023-09-12,519
2023/2023-09-13_dgr2.xls,ok,2.8421709430404007e-13,2023-09-13,519
2023/2023-09-14_dgr2.xls,ok,2.2737367544323206e-13,2023-09-14,519
2023/2023-09-15_dgr2.xls,ok,5.684341886080802e-14,2023-09-15,519
2023/2023-09-16_dgr2.xls,ok,1.7053025658242404e-13,2023-09-16,519
2023/2023-09-17_dgr2.xls,ok,2.2737367544323206e-13,2023-09-17,519
2023/2023-09-18_dgr2.xls,ok,1.1368683772161603e-13,2023-09-18,519
2023/2023-09-19_dgr2.xls,ok,1.7053025658242404e-13,2023-09-19,519
2023/2023-09-20_dgr2.xls,ok,1.1368683772161603e-13,2023-09-20,518
2023/2023-09-21_dgr2.xls,ok,1.7053025658242404e-13,2023-09-21,519
2023/2023-09-22_dgr2.xls,ok,2.2737367544323206e-13,2023-09-22,519
2023/2023-09-23_dgr2.xls,ok,2.2737367544323206e-13,2023-09-23,519
2023/2023-09-24_dgr2.xls,ok,2.2737367544323206e-13,2023-09-24,519
2023/2023-09-25_dgr2.xls,ok,1.7053025658242404e-13,2023-09-25,519
2023/2023-09-26_dgr2.xls,ok,2.2737367544323206e-13,2023-09-26,519
2023/2023-09-27_dgr2.xls,ok,1.1368683772161603e-13,2023-09-27,519
2023/2023-09-28_dgr2.xls,ok,1.7053025658242404e-13,2023-09-28,519
2023/2023-09-29_dgr2.xls,ok,1.7053025658242404e-13,2023-09-29,519
2023/2023-09-30_dgr2.xls,ok,1.1368683772161603e-13,2023-09-30,519
2023/2023-10-01_dgr2.xls,ok,2.2737367544323206e-13,2023-10-01,519
2023/2023-10-02_dgr2.xls,ok,5.684341886080802e-14,2023-10-02,519
2023/2023-10-03_dgr2.xls,ok,5.684341886080802e-14,2023-10-03,519
2023/2023-10-04_dgr2.xls,ok,2.2737367544323206e-13,2023-10-04,519
2023/2023-10-05_dgr2.xls,ok,1.1368683772161603e-13,2023-10-05,519
2023/2023-10-06_dgr2.xls,ok,5.684341886080802e-14,2023-10-06,519
2023/2023-10-07_dgr2.xls,ok,1.1368683772161603e-13,2023-10-07,519
2023/2023-10-08_dgr2.xls,ok,1.7053025658242404e-13,2023-10-08,519
2023/2023-10-09_dgr2.xls,ok,1.1368683772161603e-13,2023-10-09,519
2023/2023-10-10_dgr2.xls,ok,1.1368683772161603e-13,2023-10-10,519
2023/2023-10-11_dgr2.xls,ok,1.7053025658242404e-13,2023-10-11,519
2023/2023-10-12_dgr2.xls,ok,1.1368683772161603e-13,2023-10-12,519
2023/2023-10-13_dgr2.xls,ok,2.2737367544323206e-13,2023-10-13,519
2023/2023-10-14_dgr2.xls,ok,1.7053025658242404e-13,2023-10-14,519
2023/2023-10-15_dgr2.xls,ok,2.8421709430404007e-13,2023-10-15,519
2023/2023-10-16_dgr2.xls,ok,5.684341886080802e-14,2023-10-16,519
2023/2023-10-17_dgr2.xls,ok,2.2737367544323206e-13,2023-10-17,519
2023/2023-10-18_dgr2.xls,ok,2.2737367544323206e-13,2023-10-18,519
2023/2023-10-19_dgr2.xls,ok,1.7053025658242404e-13,2023-10-19,519
2023/2023-10-20_dgr2.xls,ok,2.8421709430404007e-13,2023-10-20,519
2023/2023-10-21_dgr2.xls,ok,1.1368683772161603e-13,2023-10-21,519
2023/2023-10-22_dgr2.xls,ok,1.1368683772161603e-13,2023-10-22,519
2023/2023-10-23_dgr2.xls,ok,1.1368683772161603e-13,2023-10-23,519
2023/2023-10-24_dgr2.xls,ok,5.684341886080802e-14,2023-10-24,519
2023/2023-10-25_dgr2.xls,ok,2.8421709430404007e-13,2023-10-25,519
2023/2023-10-26_dgr2.xls,ok,1.7053025658242404e-13,2023-10-26,519
2023/2023-10-27_dgr2.xls,ok,5.684341886080802e-14,2023-10-27,519
2023/2023-10-28_dgr2.xls,ok,1.1368683772161603e-13,2023-10-28,519
2023/2023-10-29_dgr2.xls,ok,1.7053025658242404e-13,2023-10-29,519
2023/2023-10-30_dgr2.xls,ok,1.1368683772161603e-13,2023-10-30,519
2023/2023-10-31_dgr2.xls,ok,1.7053025658242404e-13,2023-10-31,519
2023/2023-11-01_dgr2.xls,ok,5.684341886080802e-14,2023-11-01,519
2023/2023-11-02_dgr2.xls,ok,1.1368683772161603e-13,2023-11-02,519
2023/2023-11-03_dgr2.xls,ok,1.1368683772161603e-13,2023-11-03,519
2023/2023-11-04_dgr2.xls,ok,1.1368683772161603e-13,2023-11-04,519
2023/2023-11-05_dgr2.xls,ok,1.1368683772161603e-13,2023-11-05,519
2023/2023-11-06_dgr2.xls,ok,1.1368683772161603e-13,2023-11-06,519
2023/2023-11-07_dgr2.xls,ok,1.1368683772161603e-13,2023-11-07,519
2023/2023-11-08_dgr2.xls,ok,1.7053025658242404e-13,2023-11-08,519
2023/2023-11-09_dgr2.xls,ok,1.7053025658242404e-13,2023-11-09,519
2023/2023-11-10_dgr2.xls,ok,1.1368683772161603e-13,2023-11-10,519
2023/2023-11-11_dgr2.xls,ok,1.7053025658242404e-13,2023-11-11,519
2023/2023-11-12_dgr2.xls,ok,1.1368683772161603e-13,2023-11-12,519
2023/2023-11-13_dgr2.xls,ok,1.1368683772161603e-13,2023-11-13,519
2023/2023-11-14_dgr2.xls,ok,1.1368683772161603e-13,2023-11-14,519
2023/2023-11-15_dgr2.xls,ok,5.684341886080802e-14,2023-11-15,519
2023/2023-11-16_dgr2.xls,ok,5.684341886080802e-14,2023-11-16,519
2023/2023-11-17_dgr2.xls,ok,8.526512829121202e-14,2023-11-17,519
2023/2023-11-18_dgr2.xls,ok,1.7053025658242404e-13,2023-11-18,519
2023/2023-11-19_dgr2.xls,ok,5.684341886080802e-14,2023-11-19,519
2023/2023-11-20_dgr2.xls,ok,1.1368683772161603e-13,2023-11-20,519
2023/2023-11-21_dgr2.xls,ok,2.2737367544323206e-13,2023-11-21,519
2023/2023-11-22_dgr2.xls,ok,5.684341886080802e-14,2023-11-22,519
2023/2023-11-23_dgr2.xls,ok,2.8421709430404007e-13,2023-11-23,519
2023/2023-11-24_dgr2.xls,ok,1.1368683772161603e-13,2023-11-24,519
2023/2023-11-25_dgr2.xls,ok,1.1368683772161603e-13,2023-11-25,519
2023/2023-11-26_dgr2.xls,ok,1.1368683772161603e-13,2023-11-26,519
2023/2023-11-27_dgr2.xls,ok,1.7053025658242404e-13,2023-11-27,519
2023/2023-11-28_dgr2.xls,ok,1.7053025658242404e-13,2023-11-28,519
2023/2023-11-29_dgr2.xls,ok,2.2737367544323206e-13,2023-11-29,519
2023/2023-11-30_dgr2.xls,ok,1.7053025658242404e-13,2023-11-30,519
2023/2023-12-01_dgr2.xls,ok,1.1368683772161603e-13,2023-12-01,519
2023/2023-12-02_dgr2.xls,ok,1.1368683772161603e-13,2023-12-02,519
2023/2023-12-03_dgr2.xls,ok,1.1368683772161603e-13,2023-12-03,519
2023/2023-12-04_dgr2.xls,ok,1.1368683772161603e-13,2023-12-04,519
2023/2023-12-05_dgr2.xls,ok,1.1368683772161603e-13,2023-12-05,519
2023/2023-12-06_dgr2.xls,ok,1.1368683772161603e-13,2023-12-06,519
2023/2023-12-07_dgr2.xls,ok,5.684341886080802e-14,2023-12-07,519
2023/2023-12-08_dgr2.xls,ok,1.1368683772161603e-13,2023-12-08,519
2023/2023-12-09_dgr2.xls,ok,1.1368683772161603e-13,2023-12-09,519
2023/2023-12-10_dgr2.xls,ok,5.684341886080802e-14,2023-12-10,519
2023/2023-12-11_dgr2.xls,ok,1.1368683772161603e-13,2023-12-11,519
2023/2023-12-12_dgr2.xls,ok,2.2737367544323206e-13,2023-12-12,519
2023/2023-12-13_dgr2.xls,ok,1.1368683772161603e-13,2023-12-13,519
2023/2023-12-14_dgr2.xls,ok,1.7053025658242404e-13,2023-12-14,519
2023/2023-12-15_dgr2.xls,ok,1.1368683772161603e-13,2023-12-15,519
2023/2023-12-16_dgr2.xls,ok,1.7053025658242404e-13,2023-12-16,519
2023/2023-12-17_dgr2.xls,ok,1.7053025658242404e-13,2023-12-17,519
2023/2023-12-18_dgr2.xls,ok,5.684341886080802e-14,2023-12-18,519
2023/2023-12-19_dgr2.xls,ok,2.2737367544323206e-13,2023-12-19,519
2023/2023-12-20_dgr2.xls,ok,1.7053025658242404e-13,2023-12-20,519
2023/2023-12-21_dgr2.xls,ok,1.7053025658242404e-13,2023-12-21,519
2023/2023-12-22_dgr2.xls,ok,2.2737367544323206e-13,2023-12-22,519
2023/2023-12-23_dgr2.xls,ok,1.1368683772161603e-13,2023-12-23,519
2023/2023-12-24_dgr2.xls,ok,2.2737367544323206e-13,2023-12-24,519
2023/2023-12-25_dgr2.xls,ok,5.684341886080802e-14,2023-12-25,519
2023/2023-12-26_dgr2.xls,ok,1.7053025658242404e-13,2023-12-26,519
2023/2023-12-27_dgr2.xls,ok,1.7053025658242404e-13,2023-12-27,519
2023/2023-12-28_dgr2.xls,ok,2.2737367544323206e-13,2023-12-28,519
2023/2023-12-29_dgr2.xls,ok,1.1368683772161603e-13,2023-12-29,519
2023/2023-12-30_dgr2.xls,ok,1.7053025658242404e-13,2023-12-30,519
2023/2023-12-31_dgr2.xls,ok,1.1368683772161603e-13,2023-12-31,519
2024/2024-01-01_dgr2.xls,ok,2.2737367544323206e-13,2024-01-01,519
2024/2024-01-02_dgr2.xls,ok,1.1368683772161603e-13,2024-01-02,519
2024/2024-01-03_dgr2.xls,ok,1.7053025658242404e-13,2024-01-03,519
2024/2024-01-04_dgr2.xls,ok,1.7053025658242404e-13,2024-01-04,519
2024/2024-01-05_dgr2.xls,ok,2.2737367544323206e-13,2024-01-05,519
2024/2024-01-06_dgr2.xls,ok,1.1368683772161603e-13,2024-01-06,519
2024/2024-01-07_dgr2.xls,ok,1.7053025658242404e-13,2024-01-07,519
2024/2024-01-08_dgr2.xls,ok,1.1368683772161603e-13,2024-01-08,519
2024/2024-01-09_dgr2.xls,ok,1.7053025658242404e-13,2024-01-09,519
2024/2024-01-10_dgr2.xls,ok,1.7053025658242404e-13,2024-01-10,519
2024/2024-01-11_dgr2.xls,ok,2.2737367544323206e-13,2024-01-11,519
2024/2024-01-12_dgr2.xls,ok,2.2737367544323206e-13,2024-01-12,519
2024/2024-01-13_dgr2.xls,ok,1.7053025658242404e-13,2024-01-13,519
2024/2024-01-14_dgr2.xls,ok,5.684341886080802e-14,2024-01-14,519
2024/2024-01-15_dgr2.xls,ok,1.1368683772161603e-13,2024-01-15,519
2024/2024-01-16_dgr2.xls,ok,1.7053025658242404e-13,2024-01-16,519
2024/2024-01-17_dgr2.xls,ok,1.7053025658242404e-13,2024-01-17,519
2024/2024-01-18_dgr2.xls,ok,1.1368683772161603e-13,2024-01-18,519
2024/2024-01-19_dgr2.xls,ok,1.1368683772161603e-13,2024-01-19,519
2024/2024-01-20_dgr2.xls,ok,1.1368683772161603e-13,2024-01-20,519
2024/2024-01-21_dgr2.xls,ok,1.1368683772161603e-13,2024-01-21,519
2024/2024-01-22_dgr2.xls,ok,5.684341886080802e-14,2024-01-22,519
2024/2024-01-23_dgr2.xls,ok,2.8421709430404007e-13,2024-01-23,519
2024/2024-01-24_dgr2.xls,ok,1.7053025658242404e-13,2024-01-24,519
2024/2024-01-25_dgr2.xls,ok,1.1368683772161603e-13,2024-01-25,519
2024/2024-01-26_dgr2.xls,ok,5.684341886080802e-14,2024-01-26,519
2024/2024-01-27_dgr2.xls,ok,1.7053025658242404e-13,2024-01-27,519
2024/2024-01-28_dgr2.xls,ok,1.7053025658242404e-13,2024-01-28,519
2024/2024-01-29_dgr2.xls,ok,1.7053025658242404e-13,2024-01-29,519
2024/2024-01-30_dgr2.xls,ok,1.7053025658242404e-13,2024-01-30,519
2024/2024-01-31_dgr2.xls,ok,2.2737367544323206e-13,2024-01-31,519
2024/2024-02-01_dgr2.xls,ok,1.7053025658242404e-13,2024-02-01,519
2024/2024-02-02_dgr2.xls,ok,2.2737367544323206e-13,2024-02-02,519
2024/2024-02-03_dgr2.xls,ok,1.1368683772161603e-13,2024-02-03,519
2024/2024-02-04_dgr2.xls,ok,1.9895196601282805e-13,2024-02-04,520
2024/2024-02-05_dgr2.xls,ok,2.2737367544323206e-13,2024-02-05,520
2024/2024-02-06_dgr2.xls,ok,1.1368683772161603e-13,2024-02-06,520
2024/2024-02-07_dgr2.xls,ok,1.1368683772161603e-13,2024-02-07,520
2024/2024-02-08_dgr2.xls,ok,1.7053025658242404e-13,2024-02-08,520
2024/2024-02-09_dgr2.xls,ok,1.1368683772161603e-13,2024-02-09,520
2024/2024-02-10_dgr2.xls,ok,1.7053025658242404e-13,2024-02-10,520
2024/2024-02-11_dgr2.xls,ok,1.1368683772161603e-13,2024-02-11,520
2024/2024-02-12_dgr2.xls,ok,1.7053025658242404e-13,2024-02-12,520
2024/2024-02-13_dgr2.xls,ok,1.1368683772161603e-13,2024-02-13,520
2024/2024-02-14_dgr2.xls,ok,1.7053025658242404e-13,2024-02-14,520
2024/2024-02-15_dgr2.xls,ok,1.1368683772161603e-13,2024-02-15,520
2024/2024-02-16_dgr2.xls,ok,1.7053025658242404e-13,2024-02-16,520
2024/2024-02-17_dgr2.xls,ok,1.1368683772161603e-13,2024-02-17,520
2024/2024-02-18_dgr2.xls,ok,1.1368683772161603e-13,2024-02-18,520
2024/2024-02-19_dgr2.xls,ok,1.1368683772161603e-13,2024-02-19,520
2024/2024-02-20_dgr2.xls,ok,1.1368683772161603e-13,2024-02-20,520
2024/2024-02-21_dgr2.xls,ok,5.684341886080802e-14,2024-02-21,520
2024/2024-02-22_dgr2.xls,ok,1.7053025658242404e-13,2024-02-22,520
2024/2024-02-23_dgr2.xls,ok,1.7053025658242404e-13,2024-02-23,520
2024/2024-02-24_dgr2.xls,ok,1.1368683772161603e-13,2024-02-24,520
2024/2024-02-25_dgr2.xls,ok,1.7053025658242404e-13,2024-02-25,520
2024/2024-02-26_dgr2.xls,ok,1.7053025658242404e-13,2024-02-26,520
2024/2024-02-27_dgr2.xls,ok,5.684341886080802e-14,2024-02-27,520
2024/2024-02-28_dgr2.xls,ok,1.7053025658242404e-13,2024-02-28,520
2024/2024-02-29_dgr2.xls,ok,1.1368683772161603e-13,2024-02-29,520
2024/2024-03-01_dgr2.xls,ok,5.684341886080802e-14,2024-03-01,520
2024/2024-03-02_dgr2.xls,ok,1.1368683772161603e-13,2024-03-02,520
2024/2024-03-03_dgr2.xls,ok,1.1368683772161603e-13,2024-03-03,520
2024/2024-03-04_dgr2.xls,ok,1.7053025658242404e-13,2024-03-04,520
2024/2024-03-05_dgr2.xls,ok,1.1368683772161603e-13,2024-03-05,520
2024/2024-03-06_dgr2.xls,ok,1.7053025658242404e-13,2024-03-06,520
2024/2024-03-07_dgr2.xls,ok,5.684341886080802e-14,2024-03-07,520
2024/2024-03-08_dgr2.xls,ok,1.1368683772161603e-13,2024-03-08,520
2024/2024-03-09_dgr2.xls,ok,2.2737367544323206e-13,2024-03-09,520
2024/2024-03-10_dgr2.xls,ok,1.1368683772161603e-13,2024-03-10,520
2024/2024-03-11_dgr2.xls,ok,1.7053025658242404e-13,2024-03-11,520
2024/2024-03-12_dgr2.xls,ok,1.1368683772161603e-13,2024-03-12,520
2024/2024-03-13_dgr2.xls,ok,1.7053025658242404e-13,2024-03-13,520
2024/2024-03-14_dgr2.xls,ok,1.7053025658242404e-13,2024-03-14,520
2024/2024-03-15_dgr2.xls,ok,5.684341886080802e-14,2024-03-15,520
2024/2024-03-16_dgr2.xls,ok,5.684341886080802e-14,2024-03-16,520
2024/2024-03-17_dgr2.xls,ok,2.2737367544323206e-13,2024-03-17,520
2024/2024-03-18_dgr2.xls,ok,3.410605131648481e-13,2024-03-18,520
2024/2024-03-19_dgr2.xls,ok,1.1368683772161603e-13,2024-03-19,520
2024/2024-03-20_dgr2.xls,ok,1.1368683772161603e-13,2024-03-20,520
2024/2024-03-21_dgr2.xls,ok,8.526512829121202e-14,2024-03-21,520
2024/2024-03-22_dgr2.xls,ok,1.7053025658242404e-13,2024-03-22,520
2024/2024-03-23_dgr2.xls,ok,1.1368683772161603e-13,2024-03-23,520
2024/2024-03-24_dgr2.xls,ok,1.1368683772161603e-13,2024-03-24,520
2024/2024-03-25_dgr2.xls,ok,2.2737367544323206e-13,2024-03-25,520
2024/2024-03-26_dgr2.xls,ok,5.684341886080802e-14,2024-03-26,520
2024/2024-03-27_dgr2.xls,ok,1.7053025658242404e-13,2024-03-27,520
2024/2024-03-28_dgr2.xls,ok,1.7053025658242404e-13,2024-03-28,520
2024/2024-03-29_dgr2.xls,ok,1.7053025658242404e-13,2024-03-29,520
2024/2024-03-30_dgr2.xls,ok,1.1368683772161603e-13,2024-03-30,520
2024/2024-03-31_dgr2.xls,ok,1.1368683772161603e-13,2024-03-31,520
2024/2024-04-01_dgr2.xls,ok,1.7053025658242404e-13,2024-04-01,520
2024/2024-04-02_dgr2.xls,ok,2.2737367544323206e-13,2024-04-02,520
2024/2024-04-03_dgr2.xls,ok,1.7053025658242404e-13,2024-04-03,520
2024/2024-04-04_dgr2.xls,ok,1.1368683772161603e-13,2024-04-04,520
2024/2024-04-05_dgr2.xls,ok,1.7053025658242404e-13,2024-04-05,520
2024/2024-04-06_dgr2.xls,ok,3.979039320256561e-13,2024-04-06,520
2024/2024-04-07_dgr2.xls,ok,1.1368683772161603e-13,2024-04-07,520
2024/2024-04-08_dgr2.xls,ok,1.7053025658242404e-13,2024-04-08,520
2024/2024-04-09_dgr2.xls,ok,1.7053025658242404e-13,2024-04-09,520
2024/2024-04-10_dgr2.xls,ok,1.1368683772161603e-13,2024-04-10,520
2024/2024-04-11_dgr2.xls,ok,2.2737367544323206e-13,2024-04-11,520
2024/2024-04-12_dgr2.xls,ok,5.684341886080802e-14,2024-04-12,520
2024/2024-04-13_dgr2.xls,ok,1.1368683772161603e-13,2024-04-13,520
2024/2024-04-14_dgr2.xls,ok,1.7053025658242404e-13,2024-04-14,520
2024/2024-04-15_dgr2.xls,ok,1.1368683772161603e-13,2024-04-15,520
2024/2024-04-16_dgr2.xls,ok,1.7053025658242404e-13,2024-04-16,520
2024/2024-04-17_dgr2.xls,ok,1.1368683772161603e-13,2024-04-17,520
2024/2024-04-18_dgr2.xls,ok,2.2737367544323206e-13,2024-04-18,520
2024/2024-04-19_dgr2.xls,ok,2.2737367544323206e-13,2024-04-19,520
2024/2024-04-20_dgr2.xls,ok,2.2737367544323206e-13,2024-04-20,520
2024/2024-04-21_dgr2.xls,ok,1.1368683772161603e-13,2024-04-21,520
2024/2024-04-22_dgr2.xls,ok,1.1368683772161603e-13,2024-04-22,520
2024/2024-04-23_dgr2.xls,ok,1.7053025658242404e-13,2024-04-23,520
2024/2024-04-24_dgr2.xls,ok,1.7053025658242404e-13,2024-04-24,520
2024/2024-04-25_dgr2.xls,ok,1.7053025658242404e-13,2024-04-25,519
2024/2024-04-26_dgr2.xls,ok,2.2737367544323206e-13,2024-04-26,519
2024/2024-04-27_dgr2.xls,ok,2.2737367544323206e-13,2024-04-27,519
2024/2024-04-28_dgr2.xls,ok,1.7053025658242404e-13,2024-04-28,519
2024/2024-04-29_dgr2.xls,ok,2.2737367544323206e-13,2024-04-29,519
2024/2024-04-30_dgr2.xls,ok,1.7053025658242404e-13,2024-04-30,519
2024/2024-05-01_dgr2.xls,ok,5.684341886080802e-14,2024-05-01,519
2024/2024-05-02_dgr2.xls,ok,2.2737367544323206e-13,2024-05-02,519
2024/2024-05-03_dgr2.xls,ok,1.7053025658242404e-13,2024-05-03,519
2024/2024-05-04_dgr2.xls,ok,1.1368683772161603e-13,2024-05-04,519
2024/2024-05-05_dgr2.xls,ok,2.2737367544323206e-13,2024-05-05,519
2024/2024-05-06_dgr2.xls,ok,5.684341886080802e-14,2024-05-06,519
2024/2024-05-07_dgr2.xls,ok,2.2737367544323206e-13,2024-05-07,519
2024/2024-05-08_dgr2.xls,ok,2.2737367544323206e-13,2024-05-08,519
2024/2024-05-09_dgr2.xls,ok,1.7053025658242404e-13,2024-05-09,519
2024/2024-05-10_dgr2.xls,ok,1.7053025658242404e-13,2024-05-10,519
2024/2024-05-11_dgr2.xls,ok,2.8421709430404007e-13,2024-05-11,519
2024/2024-05-12_dgr2.xls,ok,1.1368683772161603e-13,2024-05-12,519
2024/2024-05-13_dgr2.xls,ok,1.7053025658242404e-13,2024-05-13,519
2024/2024-05-14_dgr2.xls,ok,1.7053025658242404e-13,2024-05-14,519
2024/2024-05-15_dgr2.xls,ok,1.7053025658242404e-13,2024-05-15,519
2024/2024-05-16_dgr2.xls,ok,1.1368683772161603e-13,2024-05-16,519
2024/2024-05-17_dgr2.xls,ok,1.1368683772161603e-13,2024-05-17,519
2024/2024-05-18_dgr2.xls,ok,1.1368683772161603e-13,2024-05-18,519
2024/2024-05-19_dgr2.xls,ok,2.2737367544323206e-13,2024-05-19,519
2024/2024-05-20_dgr2.xls,ok,2.2737367544323206e-13,2024-05-20,519
2024/2024-05-21_dgr2.xls,ok,1.7053025658242404e-13,2024-05-21,519
2024/2024-05-22_dgr2.xls,ok,2.2737367544323206e-13,2024-05-22,519
2024/2024-05-23_dgr2.xls,ok,2.8421709430404007e-13,2024-05-23,519
2024/2024-05-24_dgr2.xls,ok,4.547473508864641e-13,2024-05-24,519
2024/2024-05-25_dgr2.xls,ok,1.1368683772161603e-13,2024-05-25,519
2024/2024-05-26_dgr2.xls,ok,1.1368683772161603e-13,2024-05-26,519
2024/2024-05-27_dgr2.xls,ok,1.7053025658242404e-13,2024-05-27,519
2024/2024-05-28_dgr2.xls,ok,1.7053025658242404e-13,2024-05-28,519
2024/2024-05-29_dgr2.xls,ok,2.2737367544323206e-13,2024-05-29,519
2024/2024-05-30_dgr2.xls,ok,2.8421709430404007e-13,2024-05-30,519
2024/2024-05-31_dgr2.xls,ok,3.410605131648481e-13,2024-05-31,519
2024/2024-06-01_dgr2.xls,ok,1.7053025658242404e-13,2024-06-01,519
2024/2024-06-02_dgr2.xls,ok,2.2737367544323206e-13,2024-06-02,519
2024/2024-06-03_dgr2.xls,ok,2.2737367544323206e-13,2024-06-03,519
2024/2024-06-04_dgr2.xls,ok,1.1368683772161603e-13,2024-06-04,519
2024/2024-06-05_dgr2.xls,ok,1.1368683772161603e-13,2024-06-05,519
2024/2024-06-06_dgr2.xls,ok,1.1368683772161603e-13,2024-06-06,519
2024/2024-06-07_dgr2.xls,ok,1.7053025658242404e-13,2024-06-07,519
2024/2024-06-08_dgr2.xls,ok,1.1368683772161603e-13,2024-06-08,519
2024/2024-06-09_dgr2.xls,ok,1.7053025658242404e-13,2024-06-09,519
2024/2024-06-10_dgr2.xls,ok,1.7053025658242404e-13,2024-06-10,519
2024/2024-06-11_dgr2.xls,ok,1.7053025658242404e-13,2024-06-11,519
2024/2024-06-12_dgr2.xls,ok,1.1368683772161603e-13,2024-06-12,519
2024/2024-06-13_dgr2.xls,ok,2.2737367544323206e-13,2024-06-13,519
2024/2024-06-14_dgr2.xls,ok,2.2737367544323206e-13,2024-06-14,519
2024/2024-06-15_dgr2.xls,ok,2.2737367544323206e-13,2024-06-15,519
2024/2024-06-16_dgr2.xls,ok,1.1368683772161603e-13,2024-06-16,519
2024/2024-06-17_dgr2.xls,ok,1.7053025658242404e-13,2024-06-17,519
2024/2024-06-18_dgr2.xls,ok,1.7053025658242404e-13,2024-06-18,519
2024/2024-06-19_dgr2.xls,ok,1.1368683772161603e-13,2024-06-19,519
2024/2024-06-20_dgr2.xls,ok,1.7053025658242404e-13,2024-06-20,519
2024/2024-06-21_dgr2.xls,ok,1.7053025658242404e-13,2024-06-21,519
2024/2024-06-22_dgr2.xls,ok,1.7053025658242404e-13,2024-06-22,519
2024/2024-06-23_dgr2.xls,ok,1.1368683772161603e-13,2024-06-23,519
2024/2024-06-24_dgr2.xls,ok,1.1368683772161603e-13,2024-06-24,519
2024/2024-06-25_dgr2.xls,ok,1.1368683772161603e-13,2024-06-25,519
2024/2024-06-26_dgr2.xls,ok,1.7053025658242404e-13,2024-06-26,519
2024/2024-06-27_dgr2.xls,ok,1.7053025658242404e-13,2024-06-27,519
2024/2024-06-28_dgr2.xls,ok,2.2737367544323206e-13,2024-06-28,519
2024/2024-06-29_dgr2.xls,ok,2.2737367544323206e-13,2024-06-29,519
2024/2024-06-30_dgr2.xls,ok,8.526512829121202e-14,2024-06-30,519
2024/2024-07-01_dgr2.xls,ok,1.7053025658242404e-13,2024-07-01,519
2024/2024-07-02_dgr2.xls,ok,1.1368683772161603e-13,2024-07-02,519
2024/2024-07-03_dgr2.xls,ok,1.1368683772161603e-13,2024-07-03,519
2024/2024-07-04_dgr2.xls,ok,1.1368683772161603e-13,2024-07-04,519
2024/2024-07-05_dgr2.xls,ok,1.1368683772161603e-13,2024-07-05,519
2024/2024-07-06_dgr2.xls,ok,1.1368683772161603e-13,2024-07-06,519
2024/2024-07-07_dgr2.xls,ok,1.1368683772161603e-13,2024-07-07,519
2024/2024-07-08_dgr2.xls,ok,1.1368683772161603e-13,2024-07-08,519
2024/2024-07-09_dgr2.xls,ok,1.7053025658242404e-13,2024-07-09,519
2024/2024-07-10_dgr2.xls,ok,1.7053025658242404e-13,2024-07-10,519
2024/2024-07-11_dgr2.xls,ok,5.684341886080802e-14,2024-07-11,519
2024/2024-07-12_dgr2.xls,ok,1.1368683772161603e-13,2024-07-12,519
2024/2024-07-13_dgr2.xls,ok,1.7053025658242404e-13,2024-07-13,519
2024/2024-07-14_dgr2.xls,ok,1.4210854715202004e-13,2024-07-14,519
2024/2024-07-15_dgr2.xls,ok,1.1368683772161603e-13,2024-07-15,519
2024/2024-07-16_dgr2.xls,ok,1.7053025658242404e-13,2024-07-16,519
2024/2024-07-17_dgr2.xls,ok,1.1368683772161603e-13,2024-07-17,519
2024/2024-07-18_dgr2.xls,ok,1.7053025658242404e-13,2024-07-18,519
2024/2024-07-19_dgr2.xls,ok,1.1368683772161603e-13,2024-07-19,519
2024/2024-07-20_dgr2.xls,ok,1.1368683772161603e-13,2024-07-20,519
2024/2024-07-21_dgr2.xls,ok,1.7053025658242404e-13,2024-07-21,519
2024/2024-07-22_dgr2.xls,ok,1.1368683772161603e-13,2024-07-22,519
2024/2024-07-23_dgr2.xls,ok,1.4210854715202004e-13,2024-07-23,519
2024/2024-07-24_dgr2.xls,ok,8.526512829121202e-14,2024-07-24,519
2024/2024-07-25_dgr2.xls,ok,8.526512829121202e-14,2024-07-25,519
2024/2024-07-26_dgr2.xls,ok,1.1368683772161603e-13,2024-07-26,519
2024/2024-07-27_dgr2.xls,ok,1.1368683772161603e-13,2024-07-27,519
2024/2024-07-28_dgr2.xls,ok,1.7053025658242404e-13,2024-07-28,519
2024/2024-07-29_dgr2.xls,ok,1.1368683772161603e-13,2024-07-29,519
2024/2024-07-30_dgr2.xls,ok,2.2737367544323206e-13,2024-07-30,519
2024/2024-07-31_dgr2.xls,ok,1.1368683772161603e-13,2024-07-31,519
2024/2024-08-01_dgr2.xls,ok,1.1368683772161603e-13,2024-08-01,519
2024/2024-08-02_dgr2.xls,ok,1.7053025658242404e-13,2024-08-02,519
2024/2024-08-03_dgr2.xls,ok,1.1368683772161603e-13,2024-08-03,519
2024/2024-08-04_dgr2.xls,ok,5.684341886080802e-14,2024-08-04,519
2024/2024-08-05_dgr2.xls,ok,2.8421709430404007e-13,2024-08-05,519
2024/2024-08-06_dgr2.xls,ok,1.7053025658242404e-13,2024-08-06,519
2024/2024-08-07_dgr2.xls,ok,1.7053025658242404e-13,2024-08-07,519
2024/2024-08-08_dgr2.xls,ok,3.979039320256561e-13,2024-08-08,519
2024/2024-08-09_dgr2.xls,ok,1.7053025658242404e-13,2024-08-09,519
2024/2024-08-10_dgr2.xls,ok,1.1368683772161603e-13,2024-08-10,519
2024/2024-08-11_dgr2.xls,ok,1.7053025658242404e-13,2024-08-11,519
2024/2024-08-12_dgr2.xls,ok,1.7053025658242404e-13,2024-08-12,519
2024/2024-08-13_dgr2.xls,ok,2.2737367544323206e-13,2024-08-13,519
2024/2024-08-14_dgr2.xls,ok,2.2737367544323206e-13,2024-08-14,519
2024/2024-08-15_dgr2.xls,ok,1.1368683772161603e-13,2024-08-15,519
2024/2024-08-16_dgr2.xls,ok,1.7053025658242404e-13,2024-08-16,519
2024/2024-08-17_dgr2.xls,ok,1.1368683772161603e-13,2024-08-17,519
2024/2024-08-18_dgr2.xls,ok,1.1368683772161603e-13,2024-08-18,519
2024/2024-08-19_dgr2.xls,ok,1.1368683772161603e-13,2024-08-19,519
2024/2024-08-20_dgr2.xls,ok,1.7053025658242404e-13,2024-08-20,519
2024/2024-08-21_dgr2.xls,ok,1.7053025658242404e-13,2024-08-21,519
2024/2024-08-22_dgr2.xls,ok,1.1368683772161603e-13,2024-08-22,519
2024/2024-08-23_dgr2.xls,ok,2.2737367544323206e-13,2024-08-23,519
2024/2024-08-24_dgr2.xls,ok,5.684341886080802e-14,2024-08-24,519
2024/2024-08-25_dgr2.xls,ok,1.7053025658242404e-13,2024-08-25,519
2024/2024-08-26_dgr2.xls,ok,2.2737367544323206e-13,2024-08-26,519
2024/2024-08-27_dgr2.xls,ok,1.1368683772161603e-13,2024-08-27,519
2024/2024-08-28_dgr2.xls,ok,2.2737367544323206e-13,2024-08-28,519
2024/2024-08-29_dgr2.xls,ok,1.7053025658242404e-13,2024-08-29,519
2024/2024-08-30_dgr2.xls,ok,1.1368683772161603e-13,2024-08-30,519
2024/2024-08-31_dgr2.xls,ok,1.7053025658242404e-13,2024-08-31,519
2024/2024-09-01_dgr2.xls,ok,2.2737367544323206e-13,2024-09-01,519
2024/2024-09-02_dgr2.xls,ok,1.1368683772161603e-13,2024-09-02,519
2024/2024-09-03_dgr2.xls,ok,2.2737367544323206e-13,2024-09-03,519
2024/2024-09-04_dgr2.xls,ok,5.684341886080802e-14,2024-09-04,519
2024/2024-09-05_dgr2.xls,ok,1.7053025658242404e-13,2024-09-05,519
2024/2024-09-06_dgr2.xls,ok,2.8421709430404007e-13,2024-09-06,519
2024/2024-09-07_dgr2.xls,ok,1.1368683772161603e-13,2024-09-07,519
2024/2024-09-08_dgr2.xls,ok,1.7053025658242404e-13,2024-09-08,519
2024/2024-09-09_dgr2.xls,ok,1.1368683772161603e-13,2024-09-09,519
2024/2024-09-10_dgr2.xls,ok,1.7053025658242404e-13,2024-09-10,519
2024/2024-09-11_dgr2.xls,ok,2.8421709430404007e-13,2024-09-11,519
2024/2024-09-12_dgr2.xls,ok,1.1368683772161603e-13,2024-09-12,519
2024/2024-09-13_dgr2.xls,ok,1.7053025658242404e-13,2024-09-13,519
2024/2024-09-14_dgr2.xls,ok,1.1368683772161603e-13,2024-09-14,519
2024/2024-09-15_dgr2.xls,ok,1.1368683772161603e-13,2024-09-15,519
2024/2024-09-16_dgr2.xls,ok,5.684341886080802e-14,2024-09-16,519
2024/2024-09-17_dgr2.xls,ok,2.2737367544323206e-13,2024-09-17,519
2024/2024-09-18_dgr2.xls,ok,2.8421709430404007e-13,2024-09-18,519
2024/2024-09-19_dgr2.xls,ok,1.1368683772161603e-13,2024-09-19,519
2024/2024-09-20_dgr2.xls,ok,1.7053025658242404e-13,2024-09-20,519
2024/2024-09-21_dgr2.xls,ok,1.1368683772161603e-13,2024-09-21,519
2024/2024-09-22_dgr2.xls,ok,1.7053025658242404e-13,2024-09-22,519
2024/2024-09-23_dgr2.xls,ok,2.2737367544323206e-13,2024-09-23,519
2024/2024-09-24_dgr2.xls,ok,2.8421709430404007e-13,2024-09-24,519
2024/2024-09-25_dgr2.xls,ok,2.2737367544323206e-13,2024-09-25,519
2024/2024-09-26_dgr2.xls,ok,1.1368683772161603e-13,2024-09-26,519
2024/2024-09-27_dgr2.xls,ok,1.7053025658242404e-13,2024-09-27,519
2024/2024-09-28_dgr2.xls,ok,2.2737367544323206e-13,2024-09-28,519
2024/2024-09-29_dgr2.xls,ok,1.1368683772161603e-13,2024-09-29,519
2024/2024-09-30_dgr2.xls,ok,5.684341886080802e-14,2024-09-30,519
2024/2024-10-01_dgr2.xls,ok,5.684341886080802e-14,2024-10-01,519
2024/2024-10-02_dgr2.xls,ok,1.1368683772161603e-13,2024-10-02,519
2024/2024-10-03_dgr2.xls,ok,1.7053025658242404e-13,2024-10-03,519
2024/2024-10-04_dgr2.xls,ok,1.7053025658242404e-13,2024-10-04,519
2024/2024-10-05_dgr2.xls,ok,1.1368683772161603e-13,2024-10-05,519
2024/2024-10-06_dgr2.xls,ok,1.7053025658242404e-13,2024-10-06,519
2024/2024-10-07_dgr2.xls,ok,1.7053025658242404e-13,2024-10-07,519
2024/2024-10-08_dgr2.xls,ok,2.2737367544323206e-13,2024-10-08,519
2024/2024-10-09_dgr2.xls,ok,1.7053025658242404e-13,2024-10-09,520
2024/2024-10-10_dgr2.xls,ok,1.1368683772161603e-13,2024-10-10,520
2024/2024-10-11_dgr2.xls,ok,1.1368683772161603e-13,2024-10-11,520
2024/2024-10-12_dgr2.xls,ok,1.1368683772161603e-13,2024-10-12,520
2024/2024-10-13_dgr2.xls,ok,1.1368683772161603e-13,2024-10-13,520
2024/2024-10-14_dgr2.xls,ok,1.7053025658242404e-13,2024-10-14,520
2024/2024-10-15_dgr2.xls,ok,1.7053025658242404e-13,2024-10-15,520
2024/2024-10-16_dgr2.xls,ok,8.526512829121202e-14,2024-10-16,520
2024/2024-10-17_dgr2.xls,ok,2.2737367544323206e-13,2024-10-17,520
2024/2024-10-18_dgr2.xls,ok,1.1368683772161603e-13,2024-10-18,520
2024/2024-10-19_dgr2.xls,ok,2.8421709430404007e-13,2024-10-19,520
2024/2024-10-20_dgr2.xls,ok,8.526512829121202e-14,2024-10-20,520
2024/2024-10-21_dgr2.xls,ok,1.1368683772161603e-13,2024-10-21,520
2024/2024-10-22_dgr2.xls,ok,1.7053025658242404e-13,2024-10-22,520
2024/2024-10-23_dgr2.xls,ok,2.8421709430404007e-13,2024-10-23,520
2024/2024-10-24_dgr2.xls,ok,1.7053025658242404e-13,2024-10-24,520
2024/2024-10-25_dgr2.xls,ok,1.1368683772161603e-13,2024-10-25,520
2024/2024-10-26_dgr2.xls,ok,5.684341886080802e-14,2024-10-26,520
2024/2024-10-27_dgr2.xls,ok,1.1368683772161603e-13,2024-10-27,520
2024/2024-10-28_dgr2.xls,ok,1.7053025658242404e-13,2024-10-28,520
2024/2024-10-29_dgr2.xls,ok,1.7053025658242404e-13,2024-10-29,520
2024/2024-10-30_dgr2.xls,ok,1.7053025658242404e-13,2024-10-30,520
2024/2024-10-31_dgr2.xls,ok,1.7053025658242404e-13,2024-10-31,520
2024/2024-11-01_dgr2.xls,ok,1.1368683772161603e-13,2024-11-01,520
2024/2024-11-02_dgr2.xls,ok,1.1368683772161603e-13,2024-11-02,520
2024/2024-11-03_dgr2.xls,ok,1.1368683772161603e-13,2024-11-03,520
2024/2024-11-04_dgr2.xls,ok,1.1368683772161603e-13,2024-11-04,520
2024/2024-11-05_dgr2.xls,ok,2.2737367544323206e-13,2024-11-05,520
2024/2024-11-06_dgr2.xls,ok,2.8421709430404007e-13,2024-11-06,520
2024/2024-11-07_dgr2.xls,ok,1.1368683772161603e-13,2024-11-07,520
2024/2024-11-08_dgr2.xls,ok,2.2737367544323206e-13,2024-11-08,520
2024/2024-11-09_dgr2.xls,ok,2.2737367544323206e-13,2024-11-09,520
2024/2024-11-10_dgr2.xls,ok,1.1368683772161603e-13,2024-11-10,520
2024/2024-11-11_dgr2.xls,ok,1.1368683772161603e-13,2024-11-11,520
2024/2024-11-12_dgr2.xls,ok,1.7053025658242404e-13,2024-11-12,520
2024/2024-11-13_dgr2.xls,ok,1.7053025658242404e-13,2024-11-13,520
2024/2024-11-14_dgr2.xls,ok,1.7053025658242404e-13,2024-11-14,520
2024/2024-11-15_dgr2.xls,ok,1.1368683772161603e-13,2024-11-15,520
2024/2024-11-16_dgr2.xls,ok,2.2737367544323206e-13,2024-11-16,520
2024/2024-11-17_dgr2.xls,ok,1.1368683772161603e-13,2024-11-17,520
2024/2024-11-18_dgr2.xls,ok,1.1368683772161603e-13,2024-11-18,520
2024/2024-11-19_dgr2.xls,ok,1.7053025658242404e-13,2024-11-19,520
2024/2024-11-20_dgr2.xls,ok,1.1368683772161603e-13,2024-11-20,520
2024/2024-11-21_dgr2.xls,ok,1.7053025658242404e-13,2024-11-21,520
2024/2024-11-22_dgr2.xls,ok,5.684341886080802e-14,2024-11-22,520
2024/2024-11-23_dgr2.xls,ok,1.1368683772161603e-13,2024-11-23,520
2024/2024-11-24_dgr2.xls,ok,1.1368683772161603e-13,2024-11-24,520
2024/2024-11-25_dgr2.xls,ok,1.7053025658242404e-13,2024-11-25,520
2024/2024-11-26_dgr2.xls,ok,5.684341886080802e-14,2024-11-26,520
2024/2024-11-27_dgr2.xls,ok,1.7053025658242404e-13,2024-11-27,520
2024/2024-11-28_dgr2.xls,ok,2.8421709430404007e-13,2024-11-28,520
2024/2024-11-29_dgr2.xls,ok,1.1368683772161603e-13,2024-11-29,520
2024/2024-11-30_dgr2.xls,ok,2.2737367544323206e-13,2024-11-30,520
2024/2024-12-01_dgr2.xls,ok,1.7053025658242404e-13,2024-12-01,520
2024/2024-12-02_dgr2.xls,ok,5.684341886080802e-14,2024-12-02,520
2024/2024-12-03_dgr2.xls,ok,1.1368683772161603e-13,2024-12-03,520
2024/2024-12-04_dgr2.xls,ok,1.7053025658242404e-13,2024-12-04,520
2024/2024-12-05_dgr2.xls,ok,1.1368683772161603e-13,2024-12-05,520
2024/2024-12-06_dgr2.xls,ok,1.7053025658242404e-13,2024-12-06,520
2024/2024-12-07_dgr2.xls,ok,1.7053025658242404e-13,2024-12-07,520
2024/2024-12-08_dgr2.xls,ok,1.1368683772161603e-13,2024-12-08,520
2024/2024-12-09_dgr2.xls,ok,1.7053025658242404e-13,2024-12-09,520
2024/2024-12-10_dgr2.xls,ok,5.684341886080802e-14,2024-12-10,520
2024/2024-12-11_dgr2.xls,ok,5.684341886080802e-14,2024-12-11,520
2024/2024-12-12_dgr2.xls,ok,2.2737367544323206e-13,2024-12-12,520
2024/2024-12-13_dgr2.xls,ok,1.1368683772161603e-13,2024-12-13,520
2024/2024-12-14_dgr2.xls,ok,8.526512829121202e-14,2024-12-14,520
2024/2024-12-15_dgr2.xls,ok,1.7053025658242404e-13,2024-12-15,520
2024/2024-12-16_dgr2.xls,ok,5.684341886080802e-14,2024-12-16,520
2024/2024-12-17_dgr2.xls,ok,1.7053025658242404e-13,2024-12-17,520
2024/2024-12-18_dgr2.xls,ok,1.7053025658242404e-13,2024-12-18,520
2024/2024-12-19_dgr2.xls,ok,5.684341886080802e-14,2024-12-19,520
2024/2024-12-20_dgr2.xls,ok,1.1368683772161603e-13,2024-12-20,520
2024/2024-12-21_dgr2.xls,ok,1.7053025658242404e-13,2024-12-21,520
2024/2024-12-22_dgr2.xls,ok,1.7053025658242404e-13,2024-12-22,520
2024/2024-12-23_dgr2.xls,ok,1.7053025658242404e-13,2024-12-23,520
2024/2024-12-24_dgr2.xls,ok,1.1368683772161603e-13,2024-12-24,520
2024/2024-12-25_dgr2.xls,ok,1.1368683772161603e-13,2024-12-25,520
2024/2024-12-26_dgr2.xls,ok,5.684341886080802e-14,2024-12-26,520
2024/2024-12-27_dgr2.xls,ok,1.1368683772161603e-13,2024-12-27,520
2024/2024-12-28_dgr2.xls,ok,1.7053025658242404e-13,2024-12-28,520
2024/2024-12-29_dgr2.xls,ok,5.684341886080802e-14,2024-12-29,520
2024/2024-12-30_dgr2.xls,ok,5.684341886080802e-14,2024-12-30,520
2024/2024-12-31_dgr2.xls,ok,1.1368683772161603e-13,2024-12-31,520
2025/2025-01-01_dgr2.xls,ok,5.684341886080802e-14,2025-01-01,520
2025/2025-01-02_dgr2.xls,ok,1.7053025658242404e-13,2025-01-02,520
2025/2025-01-03_dgr2.xls,ok,5.684341886080802e-14,2025-01-03,520
2025/2025-01-04_dgr2.xls,ok,1.1368683772161603e-13,2025-01-04,520
2025/2025-01-05_dgr2.xls,ok,1.7053025658242404e-13,2025-01-05,520
2025/2025-01-06_dgr2.xls,ok,1.1368683772161603e-13,2025-01-06,520
2025/2025-01-07_dgr2.xls,ok,2.2737367544323206e-13,2025-01-07,521
2025/2025-01-08_dgr2.xls,ok,1.7053025658242404e-13,2025-01-08,521
2025/2025-01-09_dgr2.xls,ok,1.7053025658242404e-13,2025-01-09,521
2025/2025-01-10_dgr2.xls,ok,1.1368683772161603e-13,2025-01-10,521
2025/2025-01-11_dgr2.xls,ok,2.8421709430404007e-13,2025-01-11,521
2025/2025-01-12_dgr2.xls,ok,1.1368683772161603e-13,2025-01-12,521
2025/2025-01-13_dgr2.xls,ok,1.1368683772161603e-13,2025-01-13,521
2025/2025-01-14_dgr2.xls,ok,8.526512829121202e-14,2025-01-14,521
2025/2025-01-15_dgr2.xls,ok,1.1368683772161603e-13,2025-01-15,521
2025/2025-01-16_dgr2.xls,ok,5.684341886080802e-14,2025-01-16,521
2025/2025-01-17_dgr2.xls,ok,1.1368683772161603e-13,2025-01-17,521
2025/2025-01-18_dgr2.xls,ok,1.7053025658242404e-13,2025-01-18,521
2025/2025-01-19_dgr2.xls,ok,1.1368683772161603e-13,2025-01-19,521
2025/2025-01-20_dgr2.xls,ok,2.8421709430404007e-13,2025-01-20,521
2025/2025-01-21_dgr2.xls,ok,1.1368683772161603e-13,2025-01-21,521
2025/2025-01-22_dgr2.xls,ok,1.7053025658242404e-13,2025-01-22,521
2025/2025-01-23_dgr2.xls,ok,1.1368683772161603e-13,2025-01-23,521
2025/2025-01-24_dgr2.xls,ok,1.1368683772161603e-13,2025-01-24,521
2025/2025-01-25_dgr2.xls,ok,1.1368683772161603e-13,2025-01-25,521
2025/2025-01-26_dgr2.xls,ok,5.684341886080802e-14,2025-01-26,521
2025/2025-01-27_dgr2.xls,ok,5.684341886080802e-14,2025-01-27,521
2025/2025-01-28_dgr2.xls,ok,5.684341886080802e-14,2025-01-28,521
2025/2025-01-29_dgr2.xls,ok,1.7053025658242404e-13,2025-01-29,521
2025/2025-01-30_dgr2.xls,ok,1.1368683772161603e-13,2025-01-30,521
2025/2025-01-31_dgr2.xls,ok,5.684341886080802e-14,2025-01-31,521
2025/2025-02-01_dgr2.xls,ok,2.8421709430404007e-13,2025-02-01,521
2025/2025-02-02_dgr2.xls,ok,1.7053025658242404e-13,2025-02-02,521
2025/2025-02-03_dgr2.xls,ok,1.1368683772161603e-13,2025-02-03,521
2025/2025-02-04_dgr2.xls,ok,1.7053025658242404e-13,2025-02-04,521
2025/2025-02-05_dgr2.xls,ok,1.7053025658242404e-13,2025-02-05,521
2025/2025-02-06_dgr2.xls,ok,1.1368683772161603e-13,2025-02-06,521
2025/2025-02-07_dgr2.xls,ok,1.7053025658242404e-13,2025-02-07,521
2025/2025-02-08_dgr2.xls,ok,1.7053025658242404e-13,2025-02-08,521
2025/2025-02-09_dgr2.xls,ok,1.1368683772161603e-13,2025-02-09,521
2025/2025-02-10_dgr2.xls,ok,1.7053025658242404e-13,2025-02-10,521
2025/2025-02-11_dgr2.xls,ok,2.2737367544323206e-13,2025-02-11,521
2025/2025-02-12_dgr2.xls,ok,5.684341886080802e-14,2025-02-12,521
2025/2025-02-13_dgr2.xls,ok,1.7053025658242404e-13,2025-02-13,521
2025/2025-02-14_dgr2.xls,ok,2.2737367544323206e-13,2025-02-14,521
2025/2025-02-15_dgr2.xls,ok,1.1368683772161603e-13,2025-02-15,521
2025/2025-02-16_dgr2.xls,ok,1.1368683772161603e-13,2025-02-16,521
2025/2025-02-17_dgr2.xls,ok,1.7053025658242404e-13,2025-02-17,521
2025/2025-02-18_dgr2.xls,ok,1.7053025658242404e-13,2025-02-18,521
2025/2025-02-19_dgr2.xls,ok,1.1368683772161603e-13,2025-02-19,521
2025/2025-02-20_dgr2.xls,ok,1.1368683772161603e-13,2025-02-20,521
2025/2025-02-21_dgr2.xls,ok,1.4210854715202004e-13,2025-02-21,521
2025/2025-02-22_dgr2.xls,ok,3.410605131648481e-13,2025-02-22,521
2025/2025-02-23_dgr2.xls,ok,1.7053025658242404e-13,2025-02-23,521
2025/2025-02-24_dgr2.xls,ok,1.7053025658242404e-13,2025-02-24,521
2025/2025-02-25_dgr2.xls,ok,1.7053025658242404e-13,2025-02-25,521
2025/2025-02-26_dgr2.xls,ok,1.7053025658242404e-13,2025-02-26,521
2025/2025-02-27_dgr2.xls,ok,1.1368683772161603e-13,2025-02-27,521
2025/2025-02-28_dgr2.xls,ok,2.2737367544323206e-13,2025-02-28,521
2025/2025-03-01_dgr2.xls,ok,1.7053025658242404e-13,2025-03-01,521
2025/2025-03-02_dgr2.xls,ok,1.7053025658242404e-13,2025-03-02,521
2025/2025-03-03_dgr2.xls,ok,2.8421709430404007e-13,2025-03-03,521
2025/2025-03-04_dgr2.xls,ok,1.1368683772161603e-13,2025-03-04,521
2025/2025-03-05_dgr2.xls,ok,1.7053025658242404e-13,2025-03-05,521
2025/2025-03-06_dgr2.xls,ok,1.1368683772161603e-13,2025-03-06,522
2025/2025-03-07_dgr2.xls,ok,1.7053025658242404e-13,2025-03-07,522
2025/2025-03-08_dgr2.xls,ok,1.1368683772161603e-13,2025-03-08,522
2025/2025-03-09_dgr2.xls,ok,2.2737367544323206e-13,2025-03-09,522
2025/2025-03-10_dgr2.xls,ok,1.7053025658242404e-13,2025-03-10,522
2025/2025-03-11_dgr2.xls,ok,5.684341886080802e-14,2025-03-11,522
2025/2025-03-12_dgr2.xls,ok,2.2737367544323206e-13,2025-03-12,523
2025/2025-03-13_dgr2.xls,ok,1.7053025658242404e-13,2025-03-13,523
2025/2025-03-14_dgr2.xls,ok,2.2737367544323206e-13,2025-03-14,523
2025/2025-03-15_dgr2.xls,ok,1.1368683772161603e-13,2025-03-15,523
2025/2025-03-16_dgr2.xls,ok,1.1368683772161603e-13,2025-03-16,523
2025/2025-03-17_dgr2.xls,ok,1.1368683772161603e-13,2025-03-17,523
2025/2025-03-18_dgr2.xls,ok,1.1368683772161603e-13,2025-03-18,523
2025/2025-03-19_dgr2.xls,ok,1.1368683772161603e-13,2025-03-19,523
2025/2025-03-20_dgr2.xls,ok,1.1368683772161603e-13,2025-03-20,523
2025/2025-03-21_dgr2.xls,ok,1.1368683772161603e-13,2025-03-21,523
2025/2025-03-22_dgr2.xls,ok,8.526512829121202e-14,2025-03-22,523
2025/2025-03-23_dgr2.xls,ok,5.684341886080802e-14,2025-03-23,523
2025/2025-03-24_dgr2.xls,ok,1.1368683772161603e-13,2025-03-24,523
2025/2025-03-25_dgr2.xls,ok,1.1368683772161603e-13,2025-03-25,523
2025/2025-03-26_dgr2.xls,ok,1.7053025658242404e-13,2025-03-26,524
2025/2025-03-27_dgr2.xls,ok,1.7053025658242404e-13,2025-03-27,524
2025/2025-03-28_dgr2.xls,ok,1.7053025658242404e-13,2025-03-28,524
2025/2025-03-29_dgr2.xls,ok,1.7053025658242404e-13,2025-03-29,524
2025/2025-03-30_dgr2.xls,ok,1.1368683772161603e-13,2025-03-30,524
2025/2025-03-31_dgr2.xls,ok,1.1368683772161603e-13,2025-03-31,524
2025/2025-04-01_dgr2.xls,ok,2.2737367544323206e-13,2025-04-01,522
2025/2025-04-02_dgr2.xls,ok,2.2737367544323206e-13,2025-04-02,522
2025/2025-04-03_dgr2.xls,ok,1.1368683772161603e-13,2025-04-03,522
2025/2025-04-04_dgr2.xls,ok,1.7053025658242404e-13,2025-04-04,522
2025/2025-04-05_dgr2.xls,ok,2.2737367544323206e-13,2025-04-05,522
2025/2025-04-06_dgr2.xls,ok,1.1368683772161603e-13,2025-04-06,522
2025/2025-04-07_dgr2.xls,ok,1.7053025658242404e-13,2025-04-07,522
2025/2025-04-08_dgr2.xls,ok,1.1368683772161603e-13,2025-04-08,522
2025/2025-04-09_dgr2.xls,ok,1.7053025658242404e-13,2025-04-09,522
2025/2025-04-10_dgr2.xls,ok,1.1368683772161603e-13,2025-04-10,522
2025/2025-04-11_dgr2.xls,ok,2.2737367544323206e-13,2025-04-11,522
2025/2025-04-12_dgr2.xls,ok,1.1368683772161603e-13,2025-04-12,522
2025/2025-04-13_dgr2.xls,ok,5.684341886080802e-14,2025-04-13,522
2025/2025-04-14_dgr2.xls,ok,1.7053025658242404e-13,2025-04-14,522
2025/2025-04-15_dgr2.xls,ok,1.1368683772161603e-13,2025-04-15,522
2025/2025-04-16_dgr2.xls,ok,2.2737367544323206e-13,2025-04-16,522
2025/2025-04-17_dgr2.xls,ok,2.2737367544323206e-13,2025-04-17,522
2025/2025-04-18_dgr2.xls,ok,1.7053025658242404e-13,2025-04-18,522
2025/2025-04-19_dgr2.xls,ok,1.7053025658242404e-13,2025-04-19,522
2025/2025-04-20_dgr2.xls,ok,1.7053025658242404e-13,2025-04-20,522
2025/2025-04-21_dgr2.xls,ok,2.2737367544323206e-13,2025-04-21,522
2025/2025-04-22_dgr2.xls,ok,2.8421709430404007e-13,2025-04-22,522
2025/2025-04-23_dgr2.xls,ok,1.7053025658242404e-13,2025-04-23,522
2025/2025-04-24_dgr2.xls,ok,3.410605131648481e-13,2025-04-24,522
2025/2025-04-25_dgr2.xls,ok,1.7053025658242404e-13,2025-04-25,522
2025/2025-04-26_dgr2.xls,ok,1.1368683772161603e-13,2025-04-26,522
2025/2025-04-27_dgr2.xls,ok,3.410605131648481e-13,2025-04-27,522
2025/2025-04-28_dgr2.xls,ok,2.2737367544323206e-13,2025-04-28,522
2025/2025-04-29_dgr2.xls,ok,1.1368683772161603e-13,2025-04-29,522
2025/2025-04-30_dgr2.xls,ok,3.410605131648481e-13,2025-04-30,522
2025/2025-05-01_dgr2.xls,ok,2.8421709430404007e-13,2025-05-01,522
2025/2025-05-02_dgr2.xls,ok,1.1368683772161603e-13,2025-05-02,522
2025/2025-05-03_dgr2.xls,ok,1.1368683772161603e-13,2025-05-03,522
2025/2025-05-04_dgr2.xls,ok,1.1368683772161603e-13,2025-05-04,522
2025/2025-05-05_dgr2.xls,ok,2.2737367544323206e-13,2025-05-05,522
2025/2025-05-06_dgr2.xls,ok,1.1368683772161603e-13,2025-05-06,522
2025/2025-05-07_dgr2.xls,ok,1.7053025658242404e-13,2025-05-07,522
2025/2025-05-08_dgr2.xls,ok,8.526512829121202e-14,2025-05-08,522
2025/2025-05-09_dgr2.xls,ok,1.1368683772161603e-13,2025-05-09,522
2025/2025-05-10_dgr2.xls,ok,1.1368683772161603e-13,2025-05-10,522
2025/2025-05-11_dgr2.xls,ok,2.2737367544323206e-13,2025-05-11,522
2025/2025-05-12_dgr2.xls,ok,2.2737367544323206e-13,2025-05-12,522
2025/2025-05-13_dgr2.xls,ok,1.7053025658242404e-13,2025-05-13,522
2025/2025-05-14_dgr2.xls,ok,3.410605131648481e-13,2025-05-14,522
2025/2025-05-15_dgr2.xls,ok,8.526512829121202e-14,2025-05-15,519
2025/2025-05-16_dgr2.xls,ok,3.410605131648481e-13,2025-05-16,519
2025/2025-05-17_dgr2.xls,ok,1.7053025658242404e-13,2025-05-17,519
2025/2025-05-18_dgr2.xls,ok,1.7053025658242404e-13,2025-05-18,519
2025/2025-05-19_dgr2.xls,ok,3.410605131648481e-13,2025-05-19,519
2025/2025-05-20_dgr2.xls,ok,2.2737367544323206e-13,2025-05-20,519
2025/2025-05-21_dgr2.xls,ok,2.2737367544323206e-13,2025-05-21,519
2025/2025-05-22_dgr2.xls,ok,3.410605131648481e-13,2025-05-22,519
2025/2025-05-23_dgr2.xls,ok,1.7053025658242404e-13,2025-05-23,519
2025/2025-05-24_dgr2.xls,ok,2.2737367544323206e-13,2025-05-24,519
2025/2025-05-25_dgr2.xls,ok,5.684341886080802e-14,2025-05-25,519
2025/2025-05-26_dgr2.xls,ok,2.2737367544323206e-13,2025-05-26,519
2025/2025-05-27_dgr2.xls,ok,1.1368683772161603e-13,2025-05-27,519
2025/2025-05-28_dgr2.xls,ok,1.7053025658242404e-13,2025-05-28,519
2025/2025-05-29_dgr2.xls,ok,1.7053025658242404e-13,2025-05-29,519
2025/2025-05-30_dgr2.xls,ok,1.7053025658242404e-13,2025-05-30,519
2025/2025-05-31_dgr2.xls,ok,1.1368683772161603e-13,2025-05-31,519
2025/2025-06-01_dgr2.xls,ok,1.1368683772161603e-13,2025-06-01,519
2025/2025-06-02_dgr2.xls,ok,1.7053025658242404e-13,2025-06-02,519
2025/2025-06-03_dgr2.xls,ok,5.684341886080802e-14,2025-06-03,519
2025/2025-06-04_dgr2.xls,ok,5.684341886080802e-14,2025-06-04,519
2025/2025-06-05_dgr2.xls,ok,1.7053025658242404e-13,2025-06-05,519
2025/2025-06-06_dgr2.xls,ok,2.2737367544323206e-13,2025-06-06,519
2025/2025-06-07_dgr2.xls,ok,1.7053025658242404e-13,2025-06-07,519
2025/2025-06-08_dgr2.xls,ok,4.547473508864641e-13,2025-06-08,519
2025/2025-06-09_dgr2.xls,ok,1.7053025658242404e-13,2025-06-09,519
2025/2025-06-10_dgr2.xls,ok,1.1368683772161603e-13,2025-06-10,519
2025/2025-06-11_dgr2.xls,ok,2.2737367544323206e-13,2025-06-11,519
2025/2025-06-12_dgr2.xls,ok,1.1368683772161603e-13,2025-06-12,519
2025/2025-06-13_dgr2.xls,ok,3.410605131648481e-13,2025-06-13,519
2025/2025-06-14_dgr2.xls,ok,2.2737367544323206e-13,2025-06-14,519
2025/2025-06-15_dgr2.xls,ok,1.1368683772161603e-13,2025-06-15,519
2025/2025-06-16_dgr2.xls,ok,2.2737367544323206e-13,2025-06-16,519
2025/2025-06-17_dgr2.xls,ok,2.2737367544323206e-13,2025-06-17,519
2025/2025-06-18_dgr2.xls,ok,2.2737367544323206e-13,2025-06-18,520
2025/2025-06-19_dgr2.xls,ok,1.1368683772161603e-13,2025-06-19,520
2025/2025-06-20_dgr2.xls,ok,1.1368683772161603e-13,2025-06-20,520
2025/2025-06-21_dgr2.xls,ok,1.7053025658242404e-13,2025-06-21,520
2025/2025-06-22_dgr2.xls,ok,1.1368683772161603e-13,2025-06-22,520
2025/2025-06-23_dgr2.xls,ok,1.1368683772161603e-13,2025-06-23,520
2025/2025-06-24_dgr2.xls,ok,8.526512829121202e-14,2025-06-24,520
2025/2025-06-25_dgr2.xls,ok,1.1368683772161603e-13,2025-06-25,520
2025/2025-06-26_dgr2.xls,ok,2.8421709430404007e-13,2025-06-26,520
2025/2025-06-27_dgr2.xls,ok,1.1368683772161603e-13,2025-06-27,520
2025/2025-06-28_dgr2.xls,ok,2.2737367544323206e-13,2025-06-28,520
2025/2025-06-29_dgr2.xls,ok,1.1368683772161603e-13,2025-06-29,520
2025/2025-06-30_dgr2.xls,ok,1.7053025658242404e-13,2025-06-30,520
2025/2025-07-01_dgr2.xls,ok,1.1368683772161603e-13,2025-07-01,521
2025/2025-07-02_dgr2.xls,ok,1.7053025658242404e-13,2025-07-02,521
2025/2025-07-03_dgr2.xls,ok,2.2737367544323206e-13,2025-07-03,521
2025/2025-07-04_dgr2.xls,ok,2.2737367544323206e-13,2025-07-04,521
2025/2025-07-05_dgr2.xls,ok,1.9895196601282805e-13,2025-07-05,521
2025/2025-07-06_dgr2.xls,ok,1.1368683772161603e-13,2025-07-06,521
2025/2025-07-07_dgr2.xls,ok,1.1368683772161603e-13,2025-07-07,521
2025/2025-07-08_dgr2.xls,ok,2.8421709430404007e-13,2025-07-08,521
2025/2025-07-09_dgr2.xls,ok,3.410605131648481e-13,2025-07-09,521
2025/2025-07-10_dgr2.xls,ok,2.2737367544323206e-13,2025-07-10,521
2025/2025-07-11_dgr2.xls,ok,2.2737367544323206e-13,2025-07-11,521
2025/2025-07-12_dgr2.xls,ok,1.7053025658242404e-13,2025-07-12,521
2025/2025-07-13_dgr2.xls,ok,1.7053025658242404e-13,2025-07-13,521
2025/2025-07-14_dgr2.xls,ok,1.7053025658242404e-13,2025-07-14,521
2025/2025-07-15_dgr2.xls,ok,2.2737367544323206e-13,2025-07-15,521
2025/2025-07-16_dgr2.xls,ok,2.2737367544323206e-13,2025-07-16,521
2025/2025-07-17_dgr2.xls,ok,2.2737367544323206e-13,2025-07-17,521
2025/2025-07-18_dgr2.xls,ok,2.8421709430404007e-13,2025-07-18,521
2025/2025-07-19_dgr2.xls,ok,1.7053025658242404e-13,2025-07-19,521
2025/2025-07-20_dgr2.xls,ok,1.7053025658242404e-13,2025-07-20,521
2025/2025-07-21_dgr2.xls,ok,1.1368683772161603e-13,2025-07-21,521
2025/2025-07-22_dgr2.xls,ok,2.2737367544323206e-13,2025-07-22,521
2025/2025-07-23_dgr2.xls,ok,2.8421709430404007e-13,2025-07-23,521
2025/2025-07-24_dgr2.xls,ok,3.410605131648481e-13,2025-07-24,521
2025/2025-07-25_dgr2.xls,ok,1.7053025658242404e-13,2025-07-25,521
2025/2025-07-26_dgr2.xls,ok,1.1368683772161603e-13,2025-07-26,521
2025/2025-07-27_dgr2.xls,ok,1.1368683772161603e-13,2025-07-27,521
2025/2025-07-28_dgr2.xls,ok,2.2737367544323206e-13,2025-07-28,521
2025/2025-07-29_dgr2.xls,ok,2.2737367544323206e-13,2025-07-29,521
2025/2025-07-30_dgr2.xls,ok,2.2737367544323206e-13,2025-07-30,521
2025/2025-07-31_dgr2.xls,ok,1.1368683772161603e-13,2025-07-31,521
2025/2025-08-01_dgr2.xls,ok,1.7053025658242404e-13,2025-08-01,521
2025/2025-08-02_dgr2.xls,ok,2.2737367544323206e-13,2025-08-02,521
2025/2025-08-03_dgr2.xls,ok,2.2737367544323206e-13,2025-08-03,521
2025/2025-08-04_dgr2.xls,ok,2.8421709430404007e-13,2025-08-04,521
2025/2025-08-05_dgr2.xls,ok,1.7053025658242404e-13,2025-08-05,521
2025/2025-08-06_dgr2.xls,ok,1.7053025658242404e-13,2025-08-06,521
2025/2025-08-07_dgr2.xls,ok,1.1368683772161603e-13,2025-08-07,521
2025/2025-08-08_dgr2.xls,ok,1.7053025658242404e-13,2025-08-08,521
2025/2025-08-09_dgr2.xls,ok,2.2737367544323206e-13,2025-08-09,521
2025/2025-08-10_dgr2.xls,ok,1.1368683772161603e-13,2025-08-10,521
2025/2025-08-11_dgr2.xls,ok,5.684341886080802e-14,2025-08-11,521
2025/2025-08-12_dgr2.xls,ok,1.7053025658242404e-13,2025-08-12,521
2025/2025-08-13_dgr2.xls,ok,1.1368683772161603e-13,2025-08-13,521
2025/2025-08-14_dgr2.xls,ok,2.2737367544323206e-13,2025-08-14,521
2025/2025-08-15_dgr2.xls,ok,1.1368683772161603e-13,2025-08-15,521
2025/2025-08-16_dgr2.xls,ok,1.7053025658242404e-13,2025-08-16,521
2025/2025-08-17_dgr2.xls,ok,1.1368683772161603e-13,2025-08-17,521
2025/2025-08-18_dgr2.xls,ok,2.8421709430404007e-13,2025-08-18,521
2025/2025-08-19_dgr2.xls,ok,1.1368683772161603e-13,2025-08-19,521
2025/2025-08-20_dgr2.xls,ok,1.7053025658242404e-13,2025-08-20,522
2025/2025-08-21_dgr2.xls,ok,1.7053025658242404e-13,2025-08-21,522
2025/2025-08-22_dgr2.xls,ok,2.2737367544323206e-13,2025-08-22,522
2025/2025-08-23_dgr2.xls,ok,2.2737367544323206e-13,2025-08-23,522
2025/2025-08-24_dgr2.xls,ok,1.1368683772161603e-13,2025-08-24,522
2025/2025-08-25_dgr2.xls,ok,1.1368683772161603e-13,2025-08-25,522
2025/2025-08-26_dgr2.xls,ok,1.1368683772161603e-13,2025-08-26,522
2025/2025-08-27_dgr2.xls,ok,2.8421709430404007e-13,2025-08-27,522
2025/2025-08-28_dgr2.xls,ok,1.7053025658242404e-13,2025-08-28,522
2025/2025-08-29_dgr2.xls,ok,2.2737367544323206e-13,2025-08-29,522
2025/2025-08-30_dgr2.xls,ok,1.7053025658242404e-13,2025-08-30,522
2025/2025-08-31_dgr2.xls,ok,1.1368683772161603e-13,2025-08-31,522
2025/2025-09-01_dgr2.xls,ok,2.2737367544323206e-13,2025-09-01,522
2025/2025-09-02_dgr2.xls,ok,2.8421709430404007e-13,2025-09-02,522
2025/2025-09-03_dgr2.xls,ok,5.684341886080802e-14,2025-09-03,522
2025/2025-09-04_dgr2.xls,ok,2.2737367544323206e-13,2025-09-04,522
2025/2025-09-05_dgr2.xls,ok,1.1368683772161603e-13,2025-09-05,522
2025/2025-09-06_dgr2.xls,ok,1.1368683772161603e-13,2025-09-06,522
2025/2025-09-07_dgr2.xls,ok,1.1368683772161603e-13,2025-09-07,522
2025/2025-09-08_dgr2.xls,ok,8.526512829121202e-14,2025-09-08,522
2025/2025-09-09_dgr2.xls,ok,1.1368683772161603e-13,2025-09-09,522
2025/2025-09-10_dgr2.xls,ok,1.7053025658242404e-13,2025-09-10,522
2025/2025-09-11_dgr2.xls,ok,2.2737367544323206e-13,2025-09-11,522
2025/2025-09-12_dgr2.xls,ok,3.410605131648481e-13,2025-09-12,522
2025/2025-09-13_dgr2.xls,ok,2.8421709430404007e-13,2025-09-13,522
2025/2025-09-14_dgr2.xls,ok,1.7053025658242404e-13,2025-09-14,522
2025/2025-09-15_dgr2.xls,ok,1.1368683772161603e-13,2025-09-15,522
2025/2025-09-16_dgr2.xls,ok,2.2737367544323206e-13,2025-09-16,522
2025/2025-09-17_dgr2.xls,ok,1.7053025658242404e-13,2025-09-17,522
2025/2025-09-18_dgr2.xls,ok,1.7053025658242404e-13,2025-09-18,522
2025/2025-09-19_dgr2.xls,ok,1.1368683772161603e-13,2025-09-19,522
2025/2025-09-20_dgr2.xls,ok,2.2737367544323206e-13,2025-09-20,522
2025/2025-09-21_dgr2.xls,ok,2.2737367544323206e-13,2025-09-21,522
2025/2025-09-22_dgr2.xls,ok,2.8421709430404007e-13,2025-09-22,522
2025/2025-09-23_dgr2.xls,ok,2.8421709430404007e-13,2025-09-23,522
2025/2025-09-24_dgr2.xls,ok,1.1368683772161603e-13,2025-09-24,522
2025/2025-09-25_dgr2.xls,ok,3.979039320256561e-13,2025-09-25,522
2025/2025-09-26_dgr2.xls,ok,1.7053025658242404e-13,2025-09-26,522
2025/2025-09-27_dgr2.xls,ok,1.7053025658242404e-13,2025-09-27,522
2025/2025-09-28_dgr2.xls,ok,1.1368683772161603e-13,2025-09-28,522
2025/2025-09-29_dgr2.xls,ok,1.7053025658242404e-13,2025-09-29,522
2025/2025-09-30_dgr2.xls,ok,2.8421709430404007e-13,2025-09-30,522
2025/2025-10-01_dgr2.xls,ok,2.2737367544323206e-13,2025-10-01,522
2025/2025-10-02_dgr2.xls,ok,1.7053025658242404e-13,2025-10-02,522
2025/2025-10-03_dgr2.xls,ok,2.2737367544323206e-13,2025-10-03,522
2025/2025-10-04_dgr2.xls,ok,1.1368683772161603e-13,2025-10-04,522
2025/2025-10-05_dgr2.xls,ok,2.2737367544323206e-13,2025-10-05,522
2025/2025-10-06_dgr2.xls,ok,5.684341886080802e-14,2025-10-06,522
2025/2025-10-07_dgr2.xls,ok,2.2737367544323206e-13,2025-10-07,522
2025/2025-10-08_dgr2.xls,ok,1.1368683772161603e-13,2025-10-08,522
2025/2025-10-09_dgr2.xls,ok,1.7053025658242404e-13,2025-10-09,522
2025/2025-10-10_dgr2.xls,ok,1.7053025658242404e-13,2025-10-10,522
2025/2025-10-11_dgr2.xls,ok,8.526512829121202e-14,2025-10-11,522
2025/2025-10-12_dgr2.xls,ok,2.8421709430404007e-13,2025-10-12,522
2025/2025-10-13_dgr2.xls,ok,1.1368683772161603e-13,2025-10-13,522
2025/2025-10-14_dgr2.xls,ok,1.1368683772161603e-13,2025-10-14,522
2025/2025-10-15_dgr2.xls,ok,1.1368683772161603e-13,2025-10-15,522
2025/2025-10-16_dgr2.xls,ok,1.1368683772161603e-13,2025-10-16,522
2025/2025-10-17_dgr2.xls,ok,2.2737367544323206e-13,2025-10-17,522
2025/2025-10-18_dgr2.xls,ok,1.1368683772161603e-13,2025-10-18,522
2025/2025-10-19_dgr2.xls,ok,1.1368683772161603e-13,2025-10-19,522
2025/2025-10-20_dgr2.xls,ok,1.1368683772161603e-13,2025-10-20,522
2025/2025-10-21_dgr2.xls,ok,1.1368683772161603e-13,2025-10-21,522
2025/2025-10-22_dgr2.xls,ok,1.1368683772161603e-13,2025-10-22,522
2025/2025-10-23_dgr2.xls,ok,5.684341886080802e-14,2025-10-23,522
2025/2025-10-24_dgr2.xls,ok,5.684341886080802e-14,2025-10-24,523
2025/2025-10-25_dgr2.xls,ok,1.1368683772161603e-13,2025-10-25,523
2025/2025-10-26_dgr2.xls,ok,5.684341886080802e-14,2025-10-26,523
2025/2025-10-27_dgr2.xls,ok,2.2737367544323206e-13,2025-10-27,523
2025/2025-10-28_dgr2.xls,ok,1.7053025658242404e-13,2025-10-28,523
2025/2025-10-29_dgr2.xls,ok,2.2737367544323206e-13,2025-10-29,523
2025/2025-10-30_dgr2.xls,ok,5.684341886080802e-14,2025-10-30,523
2025/2025-10-31_dgr2.xls,ok,1.1368683772161603e-13,2025-10-31,523
2025/2025-11-01_dgr2.xls,ok,2.2737367544323206e-13,2025-11-01,523
2025/2025-11-02_dgr2.xls,ok,5.684341886080802e-14,2025-11-02,523
2025/2025-11-03_dgr2.xls,ok,2.2737367544323206e-13,2025-11-03,523
2025/2025-11-04_dgr2.xls,ok,8.526512829121202e-14,2025-11-04,523
2025/2025-11-05_dgr2.xls,ok,1.1368683772161603e-13,2025-11-05,523
2025/2025-11-06_dgr2.xls,ok,1.1368683772161603e-13,2025-11-06,523
2025/2025-11-07_dgr2.xls,ok,1.7053025658242404e-13,2025-11-07,523
2025/2025-11-08_dgr2.xls,ok,1.1368683772161603e-13,2025-11-08,523
2025/2025-11-09_dgr2.xls,ok,5.684341886080802e-14,2025-11-09,523
2025/2025-11-10_dgr2.xls,ok,1.7053025658242404e-13,2025-11-10,523
2025/2025-11-11_dgr2.xls,ok,2.8421709430404007e-13,2025-11-11,523
2025/2025-11-12_dgr2.xls,ok,1.7053025658242404e-13,2025-11-12,524
2025/2025-11-13_dgr2.xls,ok,1.1368683772161603e-13,2025-11-13,524
2025/2025-11-14_dgr2.xls,ok,1.1368683772161603e-13,2025-11-14,524
2025/2025-11-15_dgr2.xls,ok,1.1368683772161603e-13,2025-11-15,524
2025/2025-11-16_dgr2.xls,ok,1.7053025658242404e-13,2025-11-16,524
2025/2025-11-17_dgr2.xls,ok,1.7053025658242404e-13,2025-11-17,524
2025/2025-11-18_dgr2.xls,ok,5.684341886080802e-14,2025-11-18,524
2025/2025-11-19_dgr2.xls,ok,1.1368683772161603e-13,2025-11-19,524
2025/2025-11-20_dgr2.xls,ok,1.7053025658242404e-13,2025-11-20,524
2025/2025-11-21_dgr2.xls,ok,1.1368683772161603e-13,2025-11-21,524
2025/2025-11-22_dgr2.xls,ok,1.1368683772161603e-13,2025-11-22,524
2025/2025-11-23_dgr2.xls,ok,1.1368683772161603e-13,2025-11-23,524
2025/2025-11-24_dgr2.xls,ok,1.1368683772161603e-13,2025-11-24,524
2025/2025-11-25_dgr2.xls,ok,1.1368683772161603e-13,2025-11-25,524
2025/2025-11-26_dgr2.xls,ok,1.1368683772161603e-13,2025-11-26,524
2025/2025-11-27_dgr2.xls,ok,1.1368683772161603e-13,2025-11-27,524
2025/2025-11-28_dgr2.xls,ok,8.526512829121202e-14,2025-11-28,524
2025/2025-11-29_dgr2.xls,ok,1.7053025658242404e-13,2025-11-29,524
2025/2025-11-30_dgr2.xls,ok,1.7053025658242404e-13,2025-11-30,524
2025/2025-12-01_dgr2.xls,ok,1.1368683772161603e-13,2025-12-01,524
2025/2025-12-02_dgr2.xls,ok,2.2737367544323206e-13,2025-12-02,524
2025/2025-12-03_dgr2.xls,ok,1.1368683772161603e-13,2025-12-03,524
2025/2025-12-04_dgr2.xls,ok,5.684341886080802e-14,2025-12-04,524
2025/2025-12-05_dgr2.xls,ok,2.2737367544323206e-13,2025-12-05,524
2025/2025-12-06_dgr2.xls,ok,1.1368683772161603e-13,2025-12-06,524
2025/2025-12-07_dgr2.xls,ok,1.1368683772161603e-13,2025-12-07,524
2025/2025-12-08_dgr2.xls,ok,1.1368683772161603e-13,2025-12-08,524
2025/2025-12-09_dgr2.xls,ok,1.7053025658242404e-13,2025-12-09,524
2025/2025-12-10_dgr2.xls,ok,3.410605131648481e-13,2025-12-10,524
2025/2025-12-11_dgr2.xls,ok,1.7053025658242404e-13,2025-12-11,524
2025/2025-12-12_dgr2.xls,ok,1.1368683772161603e-13,2025-12-12,524
2025/2025-12-13_dgr2.xls,ok,1.1368683772161603e-13,2025-12-13,524
2025/2025-12-14_dgr2.xls,ok,1.7053025658242404e-13,2025-12-14,524
2025/2025-12-15_dgr2.xls,ok,1.1368683772161603e-13,2025-12-15,524
2025/2025-12-16_dgr2.xls,ok,1.7053025658242404e-13,2025-12-16,524
2025/2025-12-17_dgr2.xls,ok,1.7053025658242404e-13,2025-12-17,524
2025/2025-12-18_dgr2.xls,ok,2.2737367544323206e-13,2025-12-18,524
2025/2025-12-19_dgr2.xls,ok,1.7053025658242404e-13,2025-12-19,524
2025/2025-12-20_dgr2.xls,ok,1.7053025658242404e-13,2025-12-20,524
2025/2025-12-21_dgr2.xls,ok,5.684341886080802e-14,2025-12-21,524
2025/2025-12-22_dgr2.xls,ok,1.1368683772161603e-13,2025-12-22,524
2025/2025-12-23_dgr2.xls,ok,2.2737367544323206e-13,2025-12-23,524
2025/2025-12-24_dgr2.xls,ok,1.7053025658242404e-13,2025-12-24,524
2025/2025-12-25_dgr2.xls,ok,2.8421709430404007e-13,2025-12-25,524
2025/2025-12-26_dgr2.xls,ok,1.1368683772161603e-13,2025-12-26,524
2025/2025-12-27_dgr2.xls,ok,2.2737367544323206e-13,2025-12-27,524
2025/2025-12-28_dgr2.xls,ok,1.7053025658242404e-13,2025-12-28,524
2025/2025-12-29_dgr2.xls,ok,1.7053025658242404e-13,2025-12-29,524
2025/2025-12-30_dgr2.xls,ok,1.4210854715202004e-13,2025-12-30,524
2025/2025-12-31_dgr2.xls,ok,2.2737367544323206e-13,2025-12-31,524
2026/2026-01-01_dgr2.xls,ok,8.526512829121202e-14,2026-01-01,524
2026/2026-01-02_dgr2.xls,ok,1.1368683772161603e-13,2026-01-02,524
2026/2026-01-03_dgr2.xls,ok,2.2737367544323206e-13,2026-01-03,524
2026/2026-01-04_dgr2.xls,ok,1.1368683772161603e-13,2026-01-04,524
2026/2026-01-05_dgr2.xls,ok,1.7053025658242404e-13,2026-01-05,524
2026/2026-01-06_dgr2.xls,ok,1.1368683772161603e-13,2026-01-06,524
2026/2026-01-07_dgr2.xls,ok,1.1368683772161603e-13,2026-01-07,524
2026/2026-01-08_dgr2.xls,ok,2.2737367544323206e-13,2026-01-08,524
2026/2026-01-09_dgr2.xls,ok,1.1368683772161603e-13,2026-01-09,524
2026/2026-01-10_dgr2.xls,ok,1.1368683772161603e-13,2026-01-10,524
2026/2026-01-11_dgr2.xls,ok,1.1368683772161603e-13,2026-01-11,524
2026/2026-01-12_dgr2.xls,ok,1.1368683772161603e-13,2026-01-12,524
2026/2026-01-13_dgr2.xls,ok,3.410605131648481e-13,2026-01-13,524
2026/2026-01-14_dgr2.xls,ok,2.2737367544323206e-13,2026-01-14,524
2026/2026-01-15_dgr2.xls,ok,1.1368683772161603e-13,2026-01-15,524
2026/2026-01-16_dgr2.xls,ok,2.2737367544323206e-13,2026-01-16,524
2026/2026-01-17_dgr2.xls,ok,1.1368683772161603e-13,2026-01-17,524
2026/2026-01-18_dgr2.xls,ok,5.684341886080802e-14,2026-01-18,524
2026/2026-01-19_dgr2.xls,ok,2.2737367544323206e-13,2026-01-19,524
2026/2026-01-20_dgr2.xls,ok,1.7053025658242404e-13,2026-01-20,524
2026/2026-01-21_dgr2.xls,ok,1.7053025658242404e-13,2026-01-21,524
2026/2026-01-22_dgr2.xls,ok,2.2737367544323206e-13,2026-01-22,524
2026/2026-01-23_dgr2.xls,ok,1.1368683772161603e-13,2026-01-23,524
2026/2026-01-24_dgr2.xls,ok,2.2737367544323206e-13,2026-01-24,524
2026/2026-01-25_dgr2.xls,ok,1.7053025658242404e-13,2026-01-25,524
2026/2026-01-26_dgr2.xls,ok,5.684341886080802e-14,2026-01-26,524
2026/2026-01-27_dgr2.xls,ok,1.1368683772161603e-13,2026-01-27,524
2026/2026-01-28_dgr2.xls,ok,1.7053025658242404e-13,2026-01-28,524
2026/2026-01-29_dgr2.xls,ok,5.684341886080802e-14,2026-01-29,524
2026/2026-01-30_dgr2.xls,ok,2.2737367544323206e-13,2026-01-30,524
2026/2026-01-31_dgr2.xls,ok,2.2737367544323206e-13,2026-01-31,524
2026/2026-02-01_dgr2.xls,ok,1.1368683772161603e-13,2026-02-01,524
2026/2026-02-02_dgr2.xls,ok,1.1368683772161603e-13,2026-02-02,524
2026/2026-02-03_dgr2.xls,ok,1.1368683772161603e-13,2026-02-03,524
2026/2026-02-04_dgr2.xls,ok,1.7053025658242404e-13,2026-02-04,524
2026/2026-02-05_dgr2.xls,ok,1.1368683772161603e-13,2026-02-05,524
2026/2026-02-06_dgr2.xls,ok,1.7053025658242404e-13,2026-02-06,524
2026/2026-02-07_dgr2.xls,ok,2.2737367544323206e-13,2026-02-07,524
2026/2026-02-08_dgr2.xls,ok,1.1368683772161603e-13,2026-02-08,525
2026/2026-02-09_dgr2.xls,ok,1.1368683772161603e-13,2026-02-09,525
2026/2026-02-10_dgr2.xls,ok,1.7053025658242404e-13,2026-02-10,525
2026/2026-02-11_dgr2.xls,ok,3.410605131648481e-13,2026-02-11,525
2026/2026-02-12_dgr2.xls,ok,5.684341886080802e-14,2026-02-12,525
2026/2026-02-13_dgr2.xls,ok,1.1368683772161603e-13,2026-02-13,525
2026/2026-02-14_dgr2.xls,ok,1.1368683772161603e-13,2026-02-14,525
2026/2026-02-15_dgr2.xls,ok,1.1368683772161603e-13,2026-02-15,525
2026/2026-02-16_dgr2.xls,ok,1.1368683772161603e-13,2026-02-16,525
2026/2026-02-17_dgr2.xls,ok,1.1368683772161603e-13,2026-02-17,525
2026/2026-02-18_dgr2.xls,ok,1.7053025658242404e-13,2026-02-18,525
2026/2026-02-19_dgr2.xls,ok,1.1368683772161603e-13,2026-02-19,525
2026/2026-02-20_dgr2.xls,ok,1.1368683772161603e-13,2026-02-20,525
2026/2026-02-21_dgr2.xls,ok,1.1368683772161603e-13,2026-02-21,525
2026/2026-02-22_dgr2.xls,ok,2.2737367544323206e-13,2026-02-22,525
2026/2026-02-23_dgr2.xls,ok,2.8421709430404007e-13,2026-02-23,525
2026/2026-02-24_dgr2.xls,ok,1.1368683772161603e-13,2026-02-24,525
2026/2026-02-25_dgr2.xls,ok,2.2737367544323206e-13,2026-02-25,525
2026/2026-02-26_dgr2.xls,ok,1.7053025658242404e-13,2026-02-26,525
2026/2026-02-27_dgr2.xls,ok,2.2737367544323206e-13,2026-02-27,525
2026/2026-02-28_dgr2.xls,ok,1.1368683772161603e-13,2026-02-28,525
2026/2026-03-01_dgr2.xls,ok,1.1368683772161603e-13,2026-03-01,525
2026/2026-03-02_dgr2.xls,ok,5.684341886080802e-14,2026-03-02,525
2026/2026-03-03_dgr2.xls,ok,1.1368683772161603e-13,2026-03-03,525
2026/2026-03-04_dgr2.xls,ok,1.7053025658242404e-13,2026-03-04,525
2026/2026-03-05_dgr2.xls,ok,1.1368683772161603e-13,2026-03-05,525
2026/2026-03-06_dgr2.xls,ok,2.2737367544323206e-13,2026-03-06,525
2026/2026-03-07_dgr2.xls,ok,2.2737367544323206e-13,2026-03-07,525
2026/2026-03-08_dgr2.xls,ok,2.2737367544323206e-13,2026-03-08,525
2026/2026-03-09_dgr2.xls,ok,1.1368683772161603e-13,2026-03-09,525
2026/2026-03-10_dgr2.xls,ok,1.1368683772161603e-13,2026-03-10,525
2026/2026-03-11_dgr2.xls,ok,1.7053025658242404e-13,2026-03-11,525
2026/2026-03-12_dgr2.xls,ok,1.1368683772161603e-13,2026-03-12,525
2026/2026-03-13_dgr2.xls,ok,1.1368683772161603e-13,2026-03-13,525
2026/2026-03-14_dgr2.xls,ok,8.526512829121202e-14,2026-03-14,525
2026/2026-03-15_dgr2.xls,ok,1.1368683772161603e-13,2026-03-15,525
2026/2026-03-16_dgr2.xls,ok,1.1368683772161603e-13,2026-03-16,525
2026/2026-03-17_dgr2.xls,ok,1.1368683772161603e-13,2026-03-17,525
2026/2026-03-18_dgr2.xls,ok,1.1368683772161603e-13,2026-03-18,525
2026/2026-03-19_dgr2.xls,ok,1.1368683772161603e-13,2026-03-19,525
2026/2026-03-20_dgr2.xls,ok,1.1368683772161603e-13,2026-03-20,525
2026/2026-03-21_dgr2.xls,ok,1.7053025658242404e-13,2026-03-21,525
2026/2026-03-22_dgr2.xls,ok,2.8421709430404007e-13,2026-03-22,525
2026/2026-03-23_dgr2.xls,ok,8.526512829121202e-14,2026-03-23,525
2026/2026-03-24_dgr2.xls,ok,1.1368683772161603e-13,2026-03-24,525
2026/2026-03-25_dgr2.xls,ok,3.410605131648481e-13,2026-03-25,525
2026/2026-03-26_dgr2.xls,ok,1.1368683772161603e-13,2026-03-26,525
2026/2026-03-27_dgr2.xls,ok,1.7053025658242404e-13,2026-03-27,525
2026/2026-03-28_dgr2.xls,ok,1.1368683772161603e-13,2026-03-28,525
2026/2026-03-29_dgr2.xls,ok,1.7053025658242404e-13,2026-03-29,525
2026/2026-03-30_dgr2.xls,ok,1.7053025658242404e-13,2026-03-30,525
2026/2026-03-31_dgr2.xls,ok,1.1368683772161603e-13,2026-03-31,525
2026/2026-04-01_dgr2.xls,ok,1.7053025658242404e-13,2026-04-01,525
2026/2026-04-02_dgr2.xls,ok,1.7053025658242404e-13,2026-04-02,525
2026/2026-04-03_dgr2.xls,ok,1.1368683772161603e-13,2026-04-03,525
2026/2026-04-04_dgr2.xls,ok,1.1368683772161603e-13,2026-04-04,525
2026/2026-04-05_dgr2.xls,ok,1.1368683772161603e-13,2026-04-05,525
2026/2026-04-06_dgr2.xls,ok,1.1368683772161603e-13,2026-04-06,525
2026/2026-04-07_dgr2.xls,ok,2.2737367544323206e-13,2026-04-07,525
2026/2026-04-08_dgr2.xls,ok,2.2737367544323206e-13,2026-04-08,525
2026/2026-04-09_dgr2.xls,ok,1.1368683772161603e-13,2026-04-09,525
2026/2026-04-10_dgr2.xls,ok,1.7053025658242404e-13,2026-04-10,525
2026/2026-04-11_dgr2.xls,ok,2.2737367544323206e-13,2026-04-11,525
2026/2026-04-12_dgr2.xls,ok,1.1368683772161603e-13,2026-04-12,525
2026/2026-04-13_dgr2.xls,ok,1.7053025658242404e-13,2026-04-13,525
2026/2026-04-14_dgr2.xls,ok,1.7053025658242404e-13,2026-04-14,526
2026/2026-04-15_dgr2.xls,ok,1.1368683772161603e-13,2026-04-15,526
2026/2026-04-16_dgr2.xls,ok,1.7053025658242404e-13,2026-04-16,526
2026/2026-04-17_dgr2.xls,ok,2.2737367544323206e-13,2026-04-17,526
2026/2026-04-18_dgr2.xls,ok,2.2737367544323206e-13,2026-04-18,526
2026/2026-04-19_dgr2.xls,ok,4.547473508864641e-13,2026-04-19,526
2026/2026-04-20_dgr2.xls,ok,3.410605131648481e-13,2026-04-20,526
2026/2026-04-21_dgr2.xls,ok,3.410605131648481e-13,2026-04-21,526
2026/2026-04-22_dgr2.xls,ok,5.684341886080802e-14,2026-04-22,526
2026/2026-04-23_dgr2.xls,ok,1.1368683772161603e-13,2026-04-23,526
2026/2026-04-24_dgr2.xls,ok,1.1368683772161603e-13,2026-04-24,526
2026/2026-04-25_dgr2.xls,ok,2.2737367544323206e-13,2026-04-25,526
2026/2026-04-26_dgr2.xls,ok,1.7053025658242404e-13,2026-04-26,526
2026/2026-04-27_dgr2.xls,ok,1.1368683772161603e-13,2026-04-27,526
2026/2026-04-28_dgr2.xls,ok,2.2737367544323206e-13,2026-04-28,526
2026/2026-04-29_dgr2.xls,ok,1.1368683772161603e-13,2026-04-29,526
2026/2026-04-30_dgr2.xls,ok,1.1368683772161603e-13,2026-04-30,526
2026/2026-05-01_dgr2.xls,ok,1.7053025658242404e-13,2026-05-01,526
2026/2026-05-02_dgr2.xls,ok,1.1368683772161603e-13,2026-05-02,526
2026/2026-05-03_dgr2.xls,ok,3.410605131648481e-13,2026-05-03,526
2026/2026-05-04_dgr2.xls,ok,1.7053025658242404e-13,2026-05-04,526
2026/2026-05-05_dgr2.xls,ok,1.7053025658242404e-13,2026-05-05,526
2026/2026-05-06_dgr2.xls,ok,1.1368683772161603e-13,2026-05-06,526
2026/2026-05-07_dgr2.xls,ok,1.7053025658242404e-13,2026-05-07,526
2026/2026-05-08_dgr2.xls,ok,1.7053025658242404e-13,2026-05-08,526
2026/2026-05-09_dgr2.xls,ok,2.2737367544323206e-13,2026-05-09,526
2026/2026-05-10_dgr2.xls,ok,8.526512829121202e-14,2026-05-10,526
2026/2026-05-11_dgr2.xls,ok,2.2737367544323206e-13,2026-05-11,526
2026/2026-05-12_dgr2.xls,ok,1.1368683772161603e-13,2026-05-12,526
2026/2026-05-13_dgr2.xls,ok,1.1368683772161603e-13,2026-05-13,526
2026/2026-05-14_dgr2.xls,ok,1.1368683772161603e-13,2026-05-14,526
2026/2026-05-15_dgr2.xls,ok,1.7053025658242404e-13,2026-05-15,526
2026/2026-05-16_dgr2.xls,ok,1.7053025658242404e-13,2026-05-16,526
2026/2026-05-17_dgr2.xls,ok,1.1368683772161603e-13,2026-05-17,526
2026/2026-05-18_dgr2.xls,ok,3.410605131648481e-13,2026-05-18,526
2026/2026-05-19_dgr2.xls,ok,3.410605131648481e-13,2026-05-19,526
2026/2026-05-20_dgr2.xls,ok,1.7053025658242404e-13,2026-05-20,526
2026/2026-05-21_dgr2.xls,ok,1.1368683772161603e-13,2026-05-21,526
2026/2026-05-22_dgr2.xls,ok,2.2737367544323206e-13,2026-05-22,526
2026/2026-05-23_dgr2.xls,ok,1.1368683772161603e-13,2026-05-23,526
2026/2026-05-24_dgr2.xls,ok,3.410605131648481e-13,2026-05-24,526
2026/2026-05-25_dgr2.xls,ok,1.7053025658242404e-13,2026-05-25,526
2026/2026-05-26_dgr2.xls,ok,1.7053025658242404e-13,2026-05-26,526
2026/2026-05-27_dgr2.xls,ok,2.2737367544323206e-13,2026-05-27,526
2026/2026-05-28_dgr2.xls,ok,2.2737367544323206e-13,2026-05-28,526
2026/2026-05-29_dgr2.xls,ok,1.1368683772161603e-13,2026-05-29,526
2026/2026-05-30_dgr2.xls,ok,8.526512829121202e-14,2026-05-30,526
2026/2026-05-31_dgr2.xls,ok,1.1368683772161603e-13,2026-05-31,526
2026/2026-06-01_dgr2.xls,ok,1.1368683772161603e-13,2026-06-01,526
2026/2026-06-02_dgr2.xls,ok,1.7053025658242404e-13,2026-06-02,526
2026/2026-06-03_dgr2.xls,ok,2.2737367544323206e-13,2026-06-03,526
2026/2026-06-04_dgr2.xls,ok,1.7053025658242404e-13,2026-06-04,526
2026/2026-06-05_dgr2.xls,ok,1.1368683772161603e-13,2026-06-05,526
2026/2026-06-06_dgr2.xls,ok,2.2737367544323206e-13,2026-06-06,526
2026/2026-06-07_dgr2.xls,ok,1.1368683772161603e-13,2026-06-07,526
2026/2026-06-08_dgr2.xls,ok,1.7053025658242404e-13,2026-06-08,526
2026/2026-06-09_dgr2.xls,ok,1.1368683772161603e-13,2026-06-09,526
2026/2026-06-10_dgr2.xls,ok,1.1368683772161603e-13,2026-06-10,526
2026/2026-06-11_dgr2.xls,ok,2.8421709430404007e-13,2026-06-11,526
2026/2026-06-12_dgr2.xls,ok,1.1368683772161603e-13,2026-06-12,526
2026/2026-06-13_dgr2.xls,ok,3.410605131648481e-13,2026-06-13,526
2026/2026-06-14_dgr2.xls,ok,5.684341886080802e-14,2026-06-14,526
2026/2026-06-15_dgr2.xls,ok,1.1368683772161603e-13,2026-06-15,526
2026/2026-06-16_dgr2.xls,ok,2.2737367544323206e-13,2026-06-16,526
2026/2026-06-17_dgr2.xls,ok,2.8421709430404007e-13,2026-06-17,526
2026/2026-06-18_dgr2.xls,ok,1.1368683772161603e-13,2026-06-18,526
2026/2026-06-19_dgr2.xls,ok,2.2737367544323206e-13,2026-06-19,526
2026/2026-06-20_dgr2.xls,ok,1.1368683772161603e-13,2026-06-20,526
2026/2026-06-21_dgr2.xls,ok,3.410605131648481e-13,2026-06-21,526
2026/2026-06-22_dgr2.xls,ok,1.1368683772161603e-13,2026-06-22,526
2026/2026-06-23_dgr2.xls,ok,1.1368683772161603e-13,2026-06-23,526
2026/2026-06-24_dgr2.xls,ok,2.2737367544323206e-13,2026-06-24,526
2026/2026-06-25_dgr2.xls,ok,1.1368683772161603e-13,2026-06-25,526
2026/2026-06-26_dgr2.xls,ok,1.1368683772161603e-13,2026-06-26,526
2026/2026-06-27_dgr2.xls,ok,1.7053025658242404e-13,2026-06-27,526
2026/2026-06-28_dgr2.xls,ok,1.1368683772161603e-13,2026-06-28,526
2026/2026-06-29_dgr2.xls,ok,1.1368683772161603e-13,2026-06-29,526
2026/2026-06-30_dgr2.xls,ok,1.1368683772161603e-13,2026-06-30,526
2026/2026-07-01_dgr2.xls,ok,3.410605131648481e-13,2026-07-01,526
2026/2026-07-02_dgr2.xls,ok,1.1368683772161603e-13,2026-07-02,526
2026/2026-07-03_dgr2.xls,ok,1.1368683772161603e-13,2026-07-03,526
2026/2026-07-04_dgr2.xls,ok,1.1368683772161603e-13,2026-07-04,526
2026/2026-07-05_dgr2.xls,ok,1.7053025658242404e-13,2026-07-05,526
2026/2026-07-06_dgr2.xls,ok,1.1368683772161603e-13,2026-07-06,526
2026/2026-07-07_dgr2.xls,ok,1.1368683772161603e-13,2026-07-07,526
2026/2026-07-08_dgr2.xls,ok,1.4210854715202004e-13,2026-07-08,526
2026/2026-07-09_dgr2.xls,ok,2.2737367544323206e-13,2026-07-09,541
2026/2026-07-10_dgr2.xls,ok,1.1368683772161603e-13,2026-07-10,541
2026/2026-07-11_dgr2.xls,ok,1.7053025658242404e-13,2026-07-11,541
2026/2026-07-12_dgr2.xls,ok,1.7053025658242404e-13,2026-07-12,541
2026/2026-07-13_dgr2.xls,ok,1.7053025658242404e-13,2026-07-13,541
2026/2026-07-14_dgr2.xls,ok,1.7053025658242404e-13,2026-07-14,541
2026/2026-07-15_dgr2.xls,ok,2.2737367544323206e-13,2026-07-15,541
2026/2026-07-16_dgr2.xls,ok,1.7053025658242404e-13,2026-07-16,541
2026/2026-07-17_dgr2.xls,ok,1.1368683772161603e-13,2026-07-17,541
2026/2026-07-18_dgr2.xls,ok,1.7053025658242404e-13,2026-07-18,541
2026/2026-07-19_dgr2.xls,ok,1.7053025658242404e-13,2026-07-19,541
2026/2026-07-20_dgr2.xls,ok,1.4210854715202004e-13,2026-07-20,541
2026/2026-07-21_dgr2.xls,ok,1.1368683772161603e-13,2026-07-21,541
2026/2026-07-22_dgr2.xls,ok,1.7053025658242404e-13,2026-07-22,541
2026/2026-07-23_dgr2.xls,ok,1.1368683772161603e-13,2026-07-23,541
2026/2026-07-24_dgr2.xls,ok,2.2737367544323206e-13,2026-07-24,541
2026/2026-07-25_dgr2.xls,ok,1.1368683772161603e-13,2026-07-25,541
2026/2026-07-26_dgr2.xls,ok,1.1368683772161603e-13,2026-07-26,541
2026/2026-07-27_dgr2.xls,ok,1.1368683772161603e-13,2026-07-27,541
2026/2026-07-28_dgr2.xls,ok,1.4210854715202004e-13,2026-07-28,541
2026/2026-07-29_dgr2.xls,ok,1.7053025658242404e-13,2026-07-29,541
2026/2026-07-30_dgr2.xls,ok,5.684341886080802e-14,2026-07-30,541
2026/2026-07-31_dgr2.xls,ok,1.1368683772161603e-13,2026-07-31,541
2026/2026-08-01_dgr2.xls,ok,2.2737367544323206e-13,2026-08-01,541
2026/2026-08-02_dgr2.xls,ok,2.8421709430404007e-13,2026-08-02,541
2026/2026-08-03_dgr2.xls,ok,2.2737367544323206e-13,2026-08-03,541
2026/2026-08-04_dgr2.xls,ok,1.7053025658242404e-13,2026-08-04,541
2026/2026-08-05_dgr2.xls,ok,1.1368683772161603e-13,2026-08-05,541
2026/2026-08-06_dgr2.xls,ok,1.1368683772161603e-13,2026-08-06,541
2026/2026-08-07_dgr2.xls,ok,1.1368683772161603e-13,2026-08-07,541
2026/2026-08-08_dgr2.xls,ok,1.1368683772161603e-13,2026-08-08,541
2026/2026-08-09_dgr2.xls,ok,1.4210854715202004e-13,2026-08-09,541
2026/2026-08-10_dgr2.xls,ok,1.4210854715202004e-13,2026-08-10,541
2026/2026-08-11_dgr2.xls,ok,1.7053025658242404e-13,2026-08-11,541
2026/2026-08-12_dgr2.xls,ok,1.1368683772161603e-13,2026-08-12,541
2026/2026-08-13_dgr2.xls,ok,2.2737367544323206e-13,2026-08-13,541
2026/2026-08-14_dgr2.xls,ok,1.7053025658242404e-13,2026-08-14,542
2026/2026-08-15_dgr2.xls,ok,1.1368683772161603e-13,2026-08-15,542
2026/2026-08-16_dgr2.xls,ok,2.2737367544323206e-13,2026-08-16,542
2026/2026-08-17_dgr2.xls,ok,1.4210854715202004e-13,2026-08-17,542
2026/2026-08-18_dgr2.xls,ok,1.4210854715202004e-13,2026-08-18,542
2026/2026-08-19_dgr2.xls,ok,1.7053025658242404e-13,2026-08-19,542
2026/2026-08-20_dgr2.xls,ok,2.2737367544323206e-13,2026-08-20,542
2026/2026-08-21_dgr2.xls,ok,2.2737367544323206e-13,2026-08-21,542
2026/2026-08-22_dgr2.xls,ok,1.4210854715202004e-13,2026-08-22,542
2026/2026-08-23_dgr2.xls,ok,2.8421709430404007e-13,2026-08-23,542
2026/2026-08-24_dgr2.xls,ok,1.7053025658242404e-13,2026-08-24,542
2026/2026-08-25_dgr2.xls,ok,1.1368683772161603e-13,2026-08-25,542
2026/2026-08-26_dgr2.xls,ok,1.7053025658242404e-13,2026-08-26,542
2026/2026-08-27_dgr2.xls,ok,2.2737367544323206e-13,2026-08-27,542
2026/2026-08-28_dgr2.xls,ok,1.7053025658242404e-13,2026-08-28,542
2026/2026-08-29_dgr2.xls,ok,1.7053025658242404e-13,2026-08-29,542
2026/2026-08-30_dgr2.xls,ok,1.1368683772161603e-13,2026-08-30,542
2026/2026-08-31_dgr2.xls,ok,1.1368683772161603e-13,2026-08-31,542
2026/2026-09-01_dgr2.xls,ok,1.7053025658242404e-13,2026-09-01,542
2026/2026-09-02_dgr2.xls,ok,1.1368683772161603e-13,2026-09-02,542
2026/2026-09-03_dgr2.xls,ok,1.1368683772161603e-13,2026-09-03,542
2026/2026-09-04_dgr2.xls,ok,2.2737367544323206e-13,2026-09-04,542
2026/2026-09-05_dgr2.xls,ok,1.1368683772161603e-13,2026-09-05,542
2026/2026-09-06_dgr2.xls,ok,1.1368683772161603e-13,2026-09-06,542
2026/2026-09-07_dgr2.xls,ok,1.7053025658242404e-13,2026-09-07,542
2026/2026-09-08_dgr2.xls,ok,1.1368683772161603e-13,2026-09-08,542
2026/2026-09-09_dgr2.xls,ok,2.2737367544323206e-13,2026-09-09,542
2026/2026-09-10_dgr2.xls,ok,1.7053025658242404e-13,2026-09-10,542
2026/2026-09-11_dgr2.xls,ok,1.1368683772161603e-13,2026-09-11,542
