m,phi,kappa,frac,seed,tau,dV,realised,energy_V,prod_VT,persistence,oracle_pred,part_interleaved_G,part_contiguous_G,nested_G,axis
0.0,0.0,1.0,0.25,900,0.0,1.3391759504646668,-2.8702584878571376,0.0,0.0,,-1.3391759504646668,-0.853017599141437,1.0599491423713214,0.20702620725041104,unit
0.0,0.0,1.0,0.25,901,0.0,1.6531003059973584,-2.366603338667806,0.0,0.0,,-1.6531003059973584,-0.7250156791595586,-2.6993172287333724,-4.434674974216962,unit
0.0,0.0,1.0,1.0,900,0.0,0.3871780691150748,-0.5838528911563984,0.0,0.0,,-0.3871780691150748,-0.4531079613741684,-0.3491797107412157,-1.1245259574053164,unit
0.0,0.0,1.0,1.0,901,0.0,0.3871780691150748,-0.5838528911563984,0.0,0.0,,-0.3871780691150748,-0.4531079613741684,-0.3491797107412157,-1.1245259574053164,unit
0.0,0.0,2.0,0.25,900,0.0,5.356703801858669,-11.263029504062724,0.0,0.0,,-5.356703801858669,-3.4120703965657517,4.239796569485298,0.8522091309541694,unit
0.0,0.0,2.0,0.25,901,0.0,6.612401223989433,-9.463355023712792,0.0,0.0,,-6.612401223989433,-2.9000627166382396,-10.797268914933483,-17.234573956569,unit
0.0,0.0,2.0,1.0,900,0.0,1.5487122764602992,-2.3342735453289936,0.0,0.0,,-1.5487122764602992,-1.8124318454966764,-1.3967188429648534,-4.496159845173335,unit
0.0,0.0,2.0,1.0,901,0.0,1.5487122764602992,-2.3342735453289936,0.0,0.0,,-1.5487122764602992,-1.8124318454966764,-1.3967188429648534,-4.496159845173335,unit
0.0,0.39269908169872414,1.0,0.25,900,0.0,1.3391759504646668,-2.8702584878571376,0.0,0.0,,-1.3391759504646668,-0.853017599141437,1.0599491423713214,0.20702620725041104,unit
0.0,0.39269908169872414,1.0,0.25,901,0.0,1.6531003059973584,-2.366603338667806,0.0,0.0,,-1.6531003059973584,-0.7250156791595586,-2.6993172287333724,-4.434674974216962,unit
0.0,0.39269908169872414,1.0,1.0,900,0.0,0.3871780691150748,-0.5838528911563984,0.0,0.0,,-0.3871780691150748,-0.4531079613741684,-0.3491797107412157,-1.1245259574053164,unit
0.0,0.39269908169872414,1.0,1.0,901,0.0,0.3871780691150748,-0.5838528911563984,0.0,0.0,,-0.3871780691150748,-0.4531079613741684,-0.3491797107412157,-1.1245259574053164,unit
0.0,0.39269908169872414,2.0,0.25,900,0.0,5.356703801858669,-11.263029504062724,0.0,0.0,,-5.356703801858669,-3.4120703965657517,4.239796569485298,0.8522091309541694,unit
0.0,0.39269908169872414,2.0,0.25,901,0.0,6.612401223989433,-9.463355023712792,0.0,0.0,,-6.612401223989433,-2.9000627166382396,-10.797268914933483,-17.234573956569,unit
0.0,0.39269908169872414,2.0,1.0,900,0.0,1.5487122764602992,-2.3342735453289936,0.0,0.0,,-1.5487122764602992,-1.8124318454966764,-1.3967188429648534,-4.496159845173335,unit
0.0,0.39269908169872414,2.0,1.0,901,0.0,1.5487122764602992,-2.3342735453289936,0.0,0.0,,-1.5487122764602992,-1.8124318454966764,-1.3967188429648534,-4.496159845173335,unit
0.0,0.7853981633974483,1.0,0.25,900,0.0,1.3391759504646668,-2.8702584878571376,0.0,0.0,,-1.3391759504646668,-0.853017599141437,1.0599491423713214,0.20702620725041104,unit
0.0,0.7853981633974483,1.0,0.25,901,0.0,1.6531003059973584,-2.366603338667806,0.0,0.0,,-1.6531003059973584,-0.7250156791595586,-2.6993172287333724,-4.434674974216962,unit
0.0,0.7853981633974483,1.0,1.0,900,0.0,0.3871780691150748,-0.5838528911563984,0.0,0.0,,-0.3871780691150748,-0.4531079613741684,-0.3491797107412157,-1.1245259574053164,unit
0.0,0.7853981633974483,1.0,1.0,901,0.0,0.3871780691150748,-0.5838528911563984,0.0,0.0,,-0.3871780691150748,-0.4531079613741684,-0.3491797107412157,-1.1245259574053164,unit
0.0,0.7853981633974483,2.0,0.25,900,0.0,5.356703801858669,-11.263029504062724,0.0,0.0,,-5.356703801858669,-3.4120703965657517,4.239796569485298,0.8522091309541694,unit
0.0,0.7853981633974483,2.0,0.25,901,0.0,6.612401223989433,-9.463355023712792,0.0,0.0,,-6.612401223989433,-2.9000627166382396,-10.797268914933483,-17.234573956569,unit
0.0,0.7853981633974483,2.0,1.0,900,0.0,1.5487122764602992,-2.3342735453289936,0.0,0.0,,-1.5487122764602992,-1.8124318454966764,-1.3967188429648534,-4.496159845173335,unit
0.0,0.7853981633974483,2.0,1.0,901,0.0,1.5487122764602992,-2.3342735453289936,0.0,0.0,,-1.5487122764602992,-1.8124318454966764,-1.3967188429648534,-4.496159845173335,unit
0.0,1.1780972450961724,1.0,0.25,900,0.0,1.3391759504646668,-2.8702584878571376,0.0,0.0,,-1.3391759504646668,-0.853017599141437,1.0599491423713214,0.20702620725041104,unit
0.0,1.1780972450961724,1.0,0.25,901,0.0,1.6531003059973584,-2.366603338667806,0.0,0.0,,-1.6531003059973584,-0.7250156791595586,-2.6993172287333724,-4.434674974216962,unit
0.0,1.1780972450961724,1.0,1.0,900,0.0,0.3871780691150748,-0.5838528911563984,0.0,0.0,,-0.3871780691150748,-0.4531079613741684,-0.3491797107412157,-1.1245259574053164,unit
0.0,1.1780972450961724,1.0,1.0,901,0.0,0.3871780691150748,-0.5838528911563984,0.0,0.0,,-0.3871780691150748,-0.4531079613741684,-0.3491797107412157,-1.1245259574053164,unit
0.0,1.1780972450961724,2.0,0.25,900,0.0,5.356703801858669,-11.263029504062724,0.0,0.0,,-5.356703801858669,-3.4120703965657517,4.239796569485298,0.8522091309541694,unit
0.0,1.1780972450961724,2.0,0.25,901,0.0,6.612401223989433,-9.463355023712792,0.0,0.0,,-6.612401223989433,-2.9000627166382396,-10.797268914933483,-17.234573956569,unit
0.0,1.1780972450961724,2.0,1.0,900,0.0,1.5487122764602992,-2.3342735453289936,0.0,0.0,,-1.5487122764602992,-1.8124318454966764,-1.3967188429648534,-4.496159845173335,unit
0.0,1.1780972450961724,2.0,1.0,901,0.0,1.5487122764602992,-2.3342735453289936,0.0,0.0,,-1.5487122764602992,-1.8124318454966764,-1.3967188429648534,-4.496159845173335,unit
0.0,1.5707963267948966,1.0,0.25,900,0.0,1.3391759504646668,-2.8702584878571376,0.0,0.0,,-1.3391759504646668,-0.853017599141437,1.0599491423713214,0.20702620725041104,unit
0.0,1.5707963267948966,1.0,0.25,901,0.0,1.6531003059973584,-2.366603338667806,0.0,0.0,,-1.6531003059973584,-0.7250156791595586,-2.6993172287333724,-4.434674974216962,unit
0.0,1.5707963267948966,1.0,1.0,900,0.0,0.3871780691150748,-0.5838528911563984,0.0,0.0,,-0.3871780691150748,-0.4531079613741684,-0.3491797107412157,-1.1245259574053164,unit
0.0,1.5707963267948966,1.0,1.0,901,0.0,0.3871780691150748,-0.5838528911563984,0.0,0.0,,-0.3871780691150748,-0.4531079613741684,-0.3491797107412157,-1.1245259574053164,unit
0.0,1.5707963267948966,2.0,0.25,900,0.0,5.356703801858669,-11.263029504062724,0.0,0.0,,-5.356703801858669,-3.4120703965657517,4.239796569485298,0.8522091309541694,unit
0.0,1.5707963267948966,2.0,0.25,901,0.0,6.612401223989433,-9.463355023712792,0.0,0.0,,-6.612401223989433,-2.9000627166382396,-10.797268914933483,-17.234573956569,unit
0.0,1.5707963267948966,2.0,1.0,900,0.0,1.5487122764602992,-2.3342735453289936,0.0,0.0,,-1.5487122764602992,-1.8124318454966764,-1.3967188429648534,-4.496159845173335,unit
0.0,1.5707963267948966,2.0,1.0,901,0.0,1.5487122764602992,-2.3342735453289936,0.0,0.0,,-1.5487122764602992,-1.8124318454966764,-1.3967188429648534,-4.496159845173335,unit
0.0,2.356194490192345,1.0,0.25,900,0.0,1.3391759504646668,-2.8702584878571376,0.0,0.0,,-1.3391759504646668,-0.853017599141437,1.0599491423713214,0.20702620725041104,unit
0.0,2.356194490192345,1.0,0.25,901,0.0,1.6531003059973584,-2.366603338667806,0.0,0.0,,-1.6531003059973584,-0.7250156791595586,-2.6993172287333724,-4.434674974216962,unit
0.0,2.356194490192345,1.0,1.0,900,0.0,0.3871780691150748,-0.5838528911563984,0.0,0.0,,-0.3871780691150748,-0.4531079613741684,-0.3491797107412157,-1.1245259574053164,unit
0.0,2.356194490192345,1.0,1.0,901,0.0,0.3871780691150748,-0.5838528911563984,0.0,0.0,,-0.3871780691150748,-0.4531079613741684,-0.3491797107412157,-1.1245259574053164,unit
0.0,2.356194490192345,2.0,0.25,900,0.0,5.356703801858669,-11.263029504062724,0.0,0.0,,-5.356703801858669,-3.4120703965657517,4.239796569485298,0.8522091309541694,unit
0.0,2.356194490192345,2.0,0.25,901,0.0,6.612401223989433,-9.463355023712792,0.0,0.0,,-6.612401223989433,-2.9000627166382396,-10.797268914933483,-17.234573956569,unit
0.0,2.356194490192345,2.0,1.0,900,0.0,1.5487122764602992,-2.3342735453289936,0.0,0.0,,-1.5487122764602992,-1.8124318454966764,-1.3967188429648534,-4.496159845173335,unit
0.0,2.356194490192345,2.0,1.0,901,0.0,1.5487122764602992,-2.3342735453289936,0.0,0.0,,-1.5487122764602992,-1.8124318454966764,-1.3967188429648534,-4.496159845173335,unit
0.5,0.0,1.0,0.25,900,0.8182835542966346,1.3391759504646668,-1.9379581911541315,0.631197808089845,0.837296723863677,1.3265203287025606,-0.2957803108271577,-0.3209677838580345,1.4316081721856806,0.3493172204028389,unit
0.5,0.0,1.0,0.25,901,0.9091480368997555,1.6531003059973584,-1.4541996860431285,0.8988174427621248,0.9885369269610091,1.099819473822371,-0.574843894837465,0.8034321494578234,-1.88780171594411,-4.112342462055945,unit
0.5,0.0,1.0,1.0,900,0.43998753909348093,0.3871780691150748,-0.2908208546840359,0.19358903455753748,0.24207642670810484,1.2504655920279213,-0.09661425025640258,-0.46434539906628625,-0.6571586541033363,-0.870901269286662,unit
0.5,0.0,1.0,1.0,901,0.43998753909348093,0.3871780691150748,-0.38882298559821427,0.1935890345575374,0.23152849058290886,1.1959793648027897,-0.11771012250679447,-0.12412690178588903,0.17050886038467972,-0.87169996020942,unit
0.5,0.0,2.0,0.25,900,1.6365671085932696,5.356703801858669,-5.4649461815158915,2.5247912323593815,3.34918689545471,1.3265203287025606,-1.1831212433086309,-1.2838711354321397,5.726432688742744,1.4473860851819178,unit
0.5,0.0,2.0,0.25,901,1.818296073799511,6.612401223989433,-5.192444401744159,3.5952697710484993,3.9541477078440366,1.099819473822371,-2.29937557934986,3.213728597831283,-7.55120686377641,-15.573868436429377,unit
0.5,0.0,2.0,1.0,900,0.8799750781869619,1.5487122764602992,-1.162146217057248,0.7743561382301499,0.9683057068324193,1.2504655920279213,-0.3864570010256103,-1.8573815962651508,-2.62863461641334,-3.4821849429513265,unit
0.5,0.0,2.0,1.0,901,0.8799750781869619,1.5487122764602992,-1.5541790948628231,0.7743561382301496,0.9261139623316355,1.1959793648027897,-0.47084049002717787,-0.4965076071435792,0.6820354415386953,-3.485065194362449,unit
0.5,0.39269908169872414,1.0,0.25,900,0.8182835542966346,1.3391759504646668,-2.1534149178252986,0.6248797018603669,0.7491272714458728,1.1988343823868834,-0.4658011094332881,-0.4718956042620972,1.3231571844508285,0.3488359996661934,unit
0.5,0.39269908169872414,1.0,0.25,901,0.9091480368997555,1.6531003059973584,-1.738476579690954,0.8966326737696533,0.8925300974556589,0.9954244626210796,-0.7646727848556938,1.1553943831354347,-1.8804244870558584,-4.148606358506496,unit
0.5,0.39269908169872414,1.0,1.0,900,0.43998753909348093,0.3871780691150748,-0.3349853629218588,0.19111082653268613,0.2169076900183705,1.1349837890072245,-0.1444735156110199,-0.47044857467858,-0.6672624408054895,-0.8637499456751796,unit
0.5,0.39269908169872414,1.0,1.0,901,0.43998753909348093,0.3871780691150748,-0.4669409622908633,0.1911108265326861,0.20942338248179881,1.0958216563726737,-0.15944213068416327,-0.09900010857664365,0.15263661036430498,-0.8754840016861024,unit
0.5,0.39269908169872414,2.0,0.25,900,1.6365671085932696,5.356703801858669,-6.283375086948363,2.49951880744147,2.9965090857834924,1.1988343823868828,-1.8632044377331538,-1.8875824170483781,5.292628737803328,1.4320520252133881,unit
0.5,0.39269908169872414,2.0,0.25,901,1.818296073799511,6.612401223989433,-6.508196099270631,3.586530695078613,3.5701203898226357,0.9954244626210796,-3.058691139422775,4.621577532541732,-7.5216979482234345,-15.801057874454306,unit
0.5,0.39269908169872414,2.0,1.0,900,0.8799750781869619,1.5487122764602992,-1.338797343507106,0.7644433061307445,0.867630760073482,1.1349837890072245,-0.5778940624440796,-1.881794298714311,-2.6690497632219357,-3.4536094767921792,unit
0.5,0.39269908169872414,2.0,1.0,901,0.8799750781869619,1.5487122764602992,-1.8666280075713486,0.7644433061307444,0.8376935299271953,1.0958216563726737,-0.6377685227366531,-0.39600043430657106,0.610546441457215,-3.5002112110124397,unit
0.5,0.7853981633974483,1.0,0.25,900,0.8182835542966346,1.3391759504646668,-2.893523129922533,0.6037913855417208,0.45466465871104994,0.7530161403398052,-1.0336380185842877,-0.6367158821571905,1.1685136819263335,0.3473229051748418,unit
0.5,0.7853981633974483,1.0,0.25,901,0.9091480368997555,1.6531003059973584,-2.587806334826463,0.872654276209801,0.5610079535022418,0.6428753846699375,-1.4037386752026757,1.4447660779512308,-2.049622009093728,-4.23430606494164,unit
0.5,0.7853981633974483,1.0,1.0,900,0.43998753909348093,0.3871780691150748,-0.5031998710767001,0.18382873507357458,0.13233742487536101,0.7198952047534627,-0.3063319544379274,-0.4716889612469646,-0.6534702217812602,-0.8491183956522425,unit
0.5,0.7853981633974483,1.0,1.0,901,0.43998753909348093,0.3871780691150748,-0.7019684455062606,0.1838287350735745,0.13262679985758732,0.7214693600785839,-0.30575320447347465,-0.08557837864589124,0.07316507841893771,-0.9009300509332279,unit
0.5,0.7853981633974483,2.0,0.25,900,1.6365671085932696,5.356703801858669,-8.831894204386463,2.4151655421668847,1.8186586348442009,0.7530161403398054,-4.134552074337152,-2.5468635286287586,4.674054727705327,1.4184201516325379,unit
0.5,0.7853981633974483,2.0,0.25,901,1.818296073799511,6.612401223989433,-10.238996777914604,3.490617104839204,2.244031814008967,0.6428753846699375,-5.614954700810703,5.779064311804911,-8.198488036374926,-16.220874131210802,unit
0.5,0.7853981633974483,2.0,1.0,900,0.8799750781869619,1.5487122764602992,-2.0116851967856046,0.7353149402942983,0.5293496995014441,0.7198952047534627,-1.2253278177517095,-1.8867558449878712,-2.613880887125027,-3.3951181026387696,unit
0.5,0.7853981633974483,2.0,1.0,901,0.8799750781869619,1.5487122764602992,-2.8067054225402415,0.735314940294298,0.5305071994303493,0.7214693600785839,-1.2230128178938986,-0.3423135145835734,0.29266031367573486,-3.6020078180506836,unit
0.5,1.1780972450961724,1.0,0.25,900,0.8182835542966346,1.3391759504646668,-3.829044438981387,0.5682375315122918,0.07843658323049853,0.13803485141460042,-1.7505403155159616,-0.8013384382479725,0.9917456294714904,0.35014864840979604,unit
0.5,1.1780972450961724,1.0,0.25,901,0.9091480368997555,1.6531003059973584,-3.5711453900555625,0.826974136318144,0.11964172517722767,0.14467408341196353,-2.240790991961047,1.6525119191307969,-2.390572398937221,-4.37229317702308,unit
0.5,1.1780972450961724,1.0,1.0,900,0.43998753909348093,0.3871780691150748,-0.7314528289124544,0.1721877596929308,0.023608738193049775,0.13711043244393312,-0.512148352421906,-0.4681450975523349,-0.6171809469855272,-0.8272915436888186,unit
0.5,1.1780972450961724,1.0,1.0,901,0.43998753909348093,0.3871780691150748,-0.9547785441512823,0.17218775969293076,0.03016540691167451,0.17518903181892645,-0.4990350149846565,-0.08429075483361026,-0.06234567101633881,-0.9479853884510792,unit
0.5,1.1780972450961724,2.0,0.25,900,1.6365671085932696,5.356703801858669,-11.875280814304194,2.2729501260491687,0.3137463329219942,0.1380348514146004,-7.002161262063849,-3.2053537529919076,3.9669825178859615,1.4322609715893388,unit
0.5,1.1780972450961724,2.0,0.25,901,1.818296073799511,6.612401223989433,-14.282110482541457,3.307896545272576,0.47856690070891067,0.14467408341196353,-8.963163967844189,6.610047676523179,-9.562289595748885,-16.83045735238846,unit
0.5,1.1780972450961724,2.0,1.0,900,0.8799750781869619,1.5487122764602992,-2.924744150896925,0.6887510387717232,0.0944349527721991,0.13711043244393312,-2.048593409687624,-1.8725803902093419,-2.4687237879420936,-3.307849615583844,unit
0.5,1.1780972450961724,2.0,1.0,901,0.8799750781869619,1.5487122764602992,-3.8179221947856625,0.6887510387717231,0.12066162764669804,0.17518903181892645,-1.996140059938626,-0.3371630193344508,-0.24938268406537212,-3.7902466617569774,unit
0.5,1.5707963267948966,1.0,0.25,900,0.8182835542966346,1.3391759504646668,-4.57094399542724,0.5192483359781648,-0.22992784951949724,-0.4428090252544711,-2.318279985481826,-0.9528770669097346,0.8185578247932699,0.3603948084321537,unit
0.5,1.5707963267948966,1.0,0.25,901,0.9091480368997555,1.6531003059973584,-4.255218453942433,0.76140930213905,-0.2649435511607471,-0.34796468918416573,-2.9443967104579025,1.7654672504351328,-2.879074054693814,-4.5643038303034205,unit
0.5,1.5707963267948966,1.0,1.0,900,0.43998753909348093,0.3871780691150748,-0.9309498676012313,0.15688877945653548,-0.06646746117107423,-0.42365975056545324,-0.6770017709137588,-0.4606360088241409,-0.5622893947354176,-0.7997004280884006,unit
0.5,1.5707963267948966,1.0,1.0,901,0.43998753909348093,0.3871780691150748,-1.0937965707317938,0.15688877945653545,-0.05934240568376151,-0.3782450592663432,-0.6627516599391332,-0.09487553654172676,-0.2423877733323101,-1.0151183729635662,unit
0.5,1.5707963267948966,2.0,0.25,900,1.6365671085932696,5.356703801858669,-14.17693652829022,2.07699334391266,-0.9197113980779892,-0.44280902525447097,-9.273119941927307,-3.8115082676389225,3.274231299173085,1.4868219571964654,unit
0.5,1.5707963267948966,2.0,0.25,901,1.818296073799511,6.612401223989433,-17.018357200116863,3.0456372085562,-1.0597742046429883,-0.34796468918416573,-11.77758684183161,7.061869001740542,-11.51629621877528,-17.609172959629557,unit
0.5,1.5707963267948966,2.0,1.0,900,0.8799750781869619,1.5487122764602992,-3.7227686002598923,0.6275551178261419,-0.2658698446842969,-0.42365975056545324,-2.708007083655035,-1.8425440352965679,-2.2491575789416633,-3.197526661857484,unit
0.5,1.5707963267948966,2.0,1.0,901,0.8799750781869619,1.5487122764602992,-4.373991375856227,0.6275551178261418,-0.23736962273504603,-0.3782450592663432,-2.651006639756533,-0.37950214616693057,-0.9695510933292579,-4.058802872406315,unit
0.5,2.356194490192345,1.0,0.25,900,0.8182835542966346,1.3391759504646668,-4.77278227666512,0.3903143836436051,-0.3596798166392753,-0.9215130974207137,-2.4488499673868223,-1.183368729243572,0.5784111718893992,0.4024291805657548,unit
0.5,2.356194490192345,1.0,0.25,901,0.9091480368997555,1.6531003059973584,-4.078927057207367,0.5865454111943709,-0.46957801068159827,-0.8005825324341141,-3.1788017385549256,1.6935274592912348,-4.126926106868415,-5.1069243260253385,unit
0.5,2.356194490192345,1.0,1.0,900,0.43998753909348093,0.3871780691150748,-1.039376941651098,0.1190421652533177,-0.10675690647545759,-0.8967990984394689,-0.7197340473193077,-0.43901654462992157,-0.420469390628594,-0.737514908646072,unit
0.5,2.356194490192345,1.0,1.0,901,0.43998753909348093,0.3871780691150748,-0.897111370374621,0.11904216525331768,-0.10813809617570826,-0.9084016234549671,-0.722496426719809,-0.14782577247129297,-0.6696547392039466,-1.1972686992920964,unit
0.5,2.356194490192345,2.0,0.25,900,1.6365671085932696,5.356703801858669,-14.839193770545808,1.561257534574421,-1.4387192665571018,-0.9215130974207137,-9.795399869547293,-4.7334749169743,2.3136446875576215,1.7151946289674103,unit
0.5,2.356194490192345,2.0,0.25,901,1.818296073799511,6.612401223989433,-16.31307516586577,2.3461816447774835,-1.878312042726393,-0.8005825324341141,-12.715206954219703,6.774109837164936,-16.507704427473644,-19.86207229878826,unit
0.5,2.356194490192345,2.0,1.0,900,0.8799750781869619,1.5487122764602992,-4.156454110798246,0.4761686610132708,-0.42702762590183035,-0.8967990984394689,-2.8789361892772307,-1.756066178519693,-1.6818775625143876,-2.948867576431383,unit
0.5,2.356194490192345,2.0,1.0,901,0.8799750781869619,1.5487122764602992,-3.5872926781356163,0.4761686610132707,-0.432552384702833,-0.9084016234549671,-2.889985706879236,-0.5913030898851688,-2.678618956815756,-4.787475182636911,unit
1.0,0.0,1.0,0.25,900,1.1572277003531617,1.3391759504646668,-1.0612745821243554,1.2623956161796905,1.6745934477273545,1.3265203287025604,0.7476153288103518,0.2684838551456572,1.9545490697234582,0.6529301941766587,unit
1.0,0.0,1.0,0.25,901,1.2857294839885094,1.6531003059973584,-0.4948026698483778,1.7976348855242497,1.9770738539220183,1.099819473822371,0.5034125163224283,1.958179047056957,-1.025705953046503,-3.548344196958938,unit
1.0,0.0,1.0,1.0,900,0.6222363450611631,0.3871780691150748,-0.027638179037331418,0.38717806911507496,0.4841528534162098,1.2504655920279217,0.19394956860226986,-0.35605905666078946,-0.6714461362657728,-0.6771404126799966,unit
1.0,0.0,1.0,1.0,901,0.6222363450611631,0.3871780691150748,-0.17241208051986964,0.3871780691150748,0.4630569811658178,1.1959793648027897,0.15175782410148597,0.12510216110637273,0.49841598449501046,-0.6835728698168565,unit
1.0,0.0,2.0,0.25,900,2.3144554007063234,5.356703801858669,-1.2811249182739222,5.049582464718762,6.698373790909418,1.3265203287025604,2.9904613152414052,1.073935420582643,7.81819627889384,2.6491839030687165,unit
1.0,0.0,2.0,0.25,901,2.571458967977019,6.612401223989433,-0.4103376329203165,7.190539542096999,7.908295415688073,1.099819473822371,2.0136500652897134,7.83271618822781,-4.102823812185996,-13.250585319718796,unit
1.0,0.0,2.0,1.0,900,1.2444726901223262,1.5487122764602992,-0.10942023382089855,1.5487122764602999,1.9366114136648391,1.2504655920279217,0.7757982744090794,-1.4242362266431687,-2.6857845450630946,-2.707368244376821,unit
1.0,0.0,2.0,1.0,901,1.2444726901223262,1.5487122764602992,-0.6885503907574986,1.5487122764602992,1.8522279246632711,1.1959793648027897,0.6070312964059439,0.5004086444254812,1.9936639379800285,-2.7326444410152133,unit
1.0,0.39269908169872414,1.0,0.25,900,1.1572277003531617,1.3391759504646668,-1.4749173269462492,1.2497594037207345,1.4982545428917462,1.1988343823868832,0.4075737315980912,0.046546801928450066,1.779389736719435,0.6384793421390329,unit
1.0,0.39269908169872414,1.0,0.25,901,1.2857294839885094,1.6531003059973584,-1.0231814202576077,1.7932653475393066,1.7850601949113178,0.9954244626210796,0.12375473628597078,2.4513488241505748,-1.0291597824022185,-3.613467317398385,unit
1.0,0.39269908169872414,1.0,1.0,900,0.6222363450611631,0.3871780691150748,-0.12213790597114475,0.3822216530653723,0.433815380036741,1.1349837890072243,0.09823103789303494,-0.36634722094484207,-0.6922643692018701,-0.6692886500051526,unit
1.0,0.39269908169872414,1.0,1.0,901,0.6222363450611631,0.3871780691150748,-0.31144382658804703,0.3822216530653722,0.41884676496359763,1.0958216563726737,0.06829380774674826,0.15888526244303858,0.4682781516592638,-0.6929730224047413,unit
1.0,0.39269908169872414,2.0,0.25,900,2.3144554007063234,5.356703801858669,-2.9897082687268672,4.999037614882938,5.993018171566985,1.1988343823868832,1.630294926392363,0.18618720771381803,7.117558946877775,2.562138491599031,unit
1.0,0.39269908169872414,2.0,0.25,901,2.571458967977019,6.612401223989433,-2.473407706663484,7.173061390157226,7.140240779645271,0.9954244626210796,0.4950189451438831,9.805395296602285,-4.116639129608915,-13.603518316695677,unit
1.0,0.39269908169872414,2.0,1.0,900,1.2444726901223262,1.5487122764602992,-0.4874099061538463,1.5288866122614893,1.735261520146964,1.1349837890072243,0.3929241515721398,-1.4653888837793914,-2.7690574768074896,-2.6760092675190688,unit
1.0,0.39269908169872414,2.0,1.0,901,1.2444726901223262,1.5487122764602992,-1.2446437528212866,1.5288866122614888,1.6753870598543905,1.0958216563726737,0.27317523098699303,0.6355410497721188,1.8731126066370285,-2.7702620366216664,unit
1.0,0.7853981633974483,1.0,0.25,900,1.1572277003531617,1.3391759504646668,-2.865073090015228,1.207582771083442,0.9093293174221001,0.7530161403398054,-0.7281000867039085,-0.20429753058734068,1.5009227386984998,0.6061575615486204,unit
1.0,0.7853981633974483,1.0,0.25,901,1.2857294839885094,1.6531003059973584,-2.598255515140433,1.745308552419602,1.1220159070044835,0.6428753846699375,-1.1543770444079933,2.846108596036081,-1.3411727708361885,-3.763917370910198,unit
1.0,0.7853981633974483,1.0,1.0,900,0.6222363450611631,0.3871780691150748,-0.461459132377199,0.36765747014714917,0.26467484975072203,0.7198952047534627,-0.2254858397607799,-0.37179001774528925,-0.6898442506416675,-0.656572378473482,unit
1.0,0.7853981633974483,1.0,1.0,901,0.6222363450611631,0.3871780691150748,-0.7319759301546555,0.36765747014714906,0.26525359971517465,0.7214693600785838,-0.22432833983187456,0.17411146782747955,0.3383444716791424,-0.7366830870597032,unit
1.0,0.7853981633974483,2.0,0.25,900,2.3144554007063234,5.356703801858669,-7.82909648204218,4.830331084333768,3.6373172696884004,0.7530161403398054,-2.9124003468156356,-0.8171901223493769,6.00369095479401,2.4026730115089694,unit
1.0,0.7853981633974483,2.0,0.25,901,2.571458967977019,6.612401223989433,-9.076324358964088,6.981234209678408,4.488063628017934,0.6428753846699375,-4.617508177631973,11.384434384144335,-5.364691083344727,-14.200538147634518,unit
1.0,0.7853981633974483,2.0,1.0,900,1.2444726901223262,1.5487122764602992,-1.8447334854106563,1.4706298805885967,1.0586993990028881,0.7198952047534627,-0.9019433590431196,-1.487160070981166,-2.7593770025666866,-2.6251974240129012,unit
1.0,0.7853981633974483,2.0,1.0,901,1.2444726901223262,1.5487122764602992,-2.9267254078164893,1.4706298805885962,1.0610143988606986,0.7214693600785838,-0.8973133593274982,0.6964458713098898,1.3533778867165642,-2.945123502103487,unit
1.0,1.1780972450961724,1.0,0.25,900,1.1572277003531617,1.3391759504646668,-4.61289778094421,1.1364750630245841,0.1568731664609971,0.13803485141460042,-2.1619046805672566,-0.4609658585696632,1.1566200880704258,0.5667120246706536,unit
1.0,1.1780972450961724,1.0,0.25,901,1.2857294839885094,1.6531003059973584,-4.470893003843203,1.653948272636288,0.23928345035445536,0.14467408341196356,-2.8284816779247355,3.115856498878682,-1.9495212033534854,-4.001069196326769,unit
1.0,1.1780972450961724,1.0,1.0,900,0.6222363450611631,0.3871780691150748,-0.9106822059269517,0.34437551938586153,0.04721747638609954,0.13711043244393312,-0.6371186357287373,-0.37220863249231,-0.6649633044770058,-0.6387646843821284,unit
1.0,1.1780972450961724,1.0,1.0,901,0.6222363450611631,0.3871780691150748,-1.2030819071803693,0.34437551938586153,0.060330813823349025,0.17518903181892648,-0.6108919608542382,0.17050593839394956,0.1179987661780042,-0.8138822711635826,unit
1.0,1.1780972450961724,2.0,0.25,900,2.3144554007063234,5.356703801858669,-13.47327571292894,4.5459002520983365,0.6274926658439884,0.13803485141460042,-8.647618722269028,-1.843863434278667,4.626480352281693,2.2365524080804016,unit
1.0,1.1780972450961724,2.0,0.25,901,2.571458967977019,6.612401223989433,-17.20759124476916,6.615793090545152,0.9571338014178215,0.14467408341196356,-11.313926711698942,12.463425995514715,-7.798084813413961,-15.109569791286082,unit
1.0,1.1780972450961724,2.0,1.0,900,1.2444726901223262,1.5487122764602992,-3.6416869762665285,1.3775020775434461,0.18886990554439817,0.13711043244393312,-2.548474542914949,-1.4888345299692358,-2.6598532179080348,-2.5540230101492307,unit
1.0,1.1780972450961724,2.0,1.0,901,1.2444726901223262,1.5487122764602992,-4.8111159219939434,1.3775020775434461,0.2413232552933961,0.17518903181892648,-2.443567843416953,0.6820237535757849,0.47199506471199726,-3.2539485345608776,unit
1.0,1.5707963267948966,1.0,0.25,900,1.1572277003531617,1.3391759504646668,-5.988772309089611,1.0384966719563298,-0.4598556990389946,-0.4428090252544711,-3.2973840204989857,-0.7022505718641714,0.7892603023098177,0.528207073055753,unit
1.0,1.5707963267948966,1.0,0.25,901,1.2857294839885094,1.6531003059973584,-5.856814800254422,1.5228186042781,-0.5298871023214943,-0.34796468918416584,-4.235693114918447,3.2423118269972786,-2.808115156774356,-4.32631130306879,unit
1.0,1.5707963267948966,1.0,1.0,900,0.6222363450611631,0.3871780691150748,-1.2906539764810114,0.3137775589130709,-0.13293492234214843,-0.42365975056545324,-0.9668254727124426,-0.3686121668093954,-0.6212734734878914,-0.6168867013312339,unit
1.0,1.5707963267948966,1.0,1.0,901,0.6222363450611631,0.3871780691150748,-1.4962984966499344,0.3137775589130709,-0.11868481136752301,-0.3782450592663432,-0.9383252507631917,0.14874996183609013,-0.17368405278402654,-0.921743394010836,unit
1.0,1.5707963267948966,2.0,0.25,900,2.3144554007063234,5.356703801858669,-17.644319519691404,4.153986687825319,-1.8394227961559784,-0.4428090252544711,-13.189536081995945,-2.809002287456705,3.157041209239271,2.1055784647722935,unit
1.0,1.5707963267948966,2.0,0.25,901,2.571458967977019,6.612401223989433,-23.42491355417178,6.0912744171124,-2.119548409285977,-0.34796468918416584,-16.942772459673787,12.969247307989132,-11.232460627097389,-16.3947014926787,unit
1.0,1.5707963267948966,2.0,1.0,900,1.2444726901223262,1.5487122764602992,-5.161621424581378,1.2551102356522836,-0.5317396893685937,-0.42365975056545324,-3.8673018908497703,-1.4744486672375863,-2.4850938939515728,-2.466567986007869,unit
1.0,1.5707963267948966,2.0,1.0,901,1.2444726901223262,1.5487122764602992,-5.983978663432695,1.2551102356522836,-0.47473924547009205,-0.3782450592663432,-3.753301003052767,0.5949998473443538,-0.6947362111360782,-3.6854300493721976,unit
1.0,2.356194490192345,1.0,0.25,900,1.1572277003531617,1.3391759504646668,-6.306506652415134,0.7806287672872103,-0.7193596332785508,-0.9215130974207139,-3.5585239843089784,-1.0847929800603775,0.15965898279469037,0.4686166436662709,unit
1.0,2.356194490192345,1.0,0.25,901,1.2857294839885094,1.6531003059973584,-5.8202999870324525,1.1730908223887422,-0.9391560213631965,-0.8005825324341139,-4.704503171112494,3.050338520548709,-4.965270526435894,-5.238408874370371,unit
1.0,2.356194490192345,1.0,1.0,900,0.6222363450611631,0.3871780691150748,-1.4534329580249594,0.23808433050663544,-0.21351381295091518,-0.8967990984394688,-1.0522900255235406,-0.3563749945749984,-0.5009524322779291,-0.5700918878999197,unit
1.0,2.356194490192345,1.0,1.0,901,0.6222363450611631,0.3871780691150748,-1.260692453500777,0.23808433050663536,-0.21627619235141649,-0.908401623454967,-1.0578147843245431,0.05708257990775001,-0.8622207317314694,-1.2101504838367305,unit
1.0,2.356194490192345,2.0,0.25,900,2.3144554007063234,5.356703801858669,-18.598711874793413,3.1225150691488412,-2.877438533114203,-0.9215130974207139,-14.234095937235917,-4.339171920241494,0.6386359311787615,2.009424386502708,unit
1.0,2.356194490192345,2.0,0.25,901,2.571458967977019,6.612401223989433,-23.27869705721028,4.692363289554969,-3.756624085452786,-0.8005825324341139,-18.818012684449975,12.20135408219485,-19.86108210574357,-20.12752078167477,unit
1.0,2.356194490192345,2.0,1.0,900,1.2444726901223262,1.5487122764602992,-5.812706905656188,0.9523373220265418,-0.8540552518036607,-0.8967990984394688,-4.209160102094162,-1.4254999782999949,-2.003809729111746,-2.279493453405966,unit
1.0,2.356194490192345,2.0,1.0,901,1.2444726901223262,1.5487122764602992,-5.041614481026986,0.9523373220265414,-0.8651047694056659,-0.908401623454967,-4.2312591372981725,0.2283303196309947,-3.448882926925865,-4.83915911683974,unit
2.0,0.0,1.0,0.25,900,1.6365671085932691,1.3391759504646668,0.6690424499148171,2.52479123235938,3.349186895454708,1.3265203287025606,2.834406608085369,1.471163747042933,3.0630938661511715,1.326955598427268,unit
2.0,0.0,1.0,0.25,901,1.818296073799511,1.6531003059973584,1.443449464632501,3.5952697710484993,3.9541477078440366,1.099819473822371,2.659925338642215,4.112880848356014,0.7194365983318072,-2.320246434337701,unit
2.0,0.0,1.0,1.0,900,0.8799750781869619,0.3871780691150748,0.4863631621739467,0.7743561382301499,0.9683057068324193,1.2504655920279213,0.7750772063196141,-0.08997800110726573,-0.5783701142085642,-0.31441511037448827,unit
2.0,0.0,1.0,1.0,901,0.8799750781869619,0.3871780691150748,0.2692651246772511,0.7743561382301496,0.9261139623316355,1.1959793648027897,0.6906937173180465,0.5905259282330781,1.0747917563502962,-0.3341178537004436,unit
2.0,0.0,2.0,0.25,900,3.273134217186539,5.356703801858669,6.902872753408749,10.099164929437526,13.39674758181884,1.3265203287025606,11.337626432341484,5.884654988171718,12.2523754646047,5.342034346521516,unit
2.0,0.0,2.0,0.25,901,3.636592147599022,6.612401223989433,8.39224167688693,14.381079084193997,15.816590831376146,1.099819473822371,10.63970135456886,16.451523393424072,2.877746393327225,-8.506838739788414,unit
2.0,0.0,2.0,1.0,900,1.7599501563739237,1.5487122764602992,1.9465740761725332,3.0974245529205997,3.8732228273296774,1.2504655920279213,3.1003088252784563,-0.35991200442906646,-2.313480456834254,-1.2567974187314697,unit
2.0,0.0,2.0,1.0,901,1.7599501563739237,1.5487122764602992,1.0781364653579784,3.0974245529205984,3.704455849326542,1.1959793648027897,2.762774869272186,2.362103712932278,4.299167025401141,-1.33494917088211,unit
2.0,0.39269908169872414,1.0,0.25,900,1.6365671085932691,1.3391759504646668,-0.1338185695075481,2.4995188074414676,2.996509085783491,1.1988343823868834,2.1543234136608476,1.1403115910653074,2.771808211247416,1.278978401197076,unit
2.0,0.39269908169872414,1.0,0.25,901,1.818296073799511,1.6531003059973584,0.4435226907374688,3.586530695078613,3.5701203898226357,0.9954244626210796,1.9006097785693,4.801168261241535,0.6867785330103988,-2.440020886996373,unit
2.0,0.39269908169872414,1.0,1.0,900,0.8799750781869619,0.3871780691150748,0.28863700588687785,0.7644433061307445,0.867630760073482,1.1349837890072245,0.5836401449011448,-0.10784160368892581,-0.6208701830726452,-0.3078345134420646,unit
2.0,0.39269908169872414,1.0,1.0,901,0.8799750781869619,0.3871780691150748,0.015532055858645524,0.7644433061307444,0.8376935299271953,1.0958216563726737,0.5237656846085713,0.6347993475248077,1.0224451154798122,-0.355509096600568,unit
2.0,0.39269908169872414,2.0,0.25,900,3.273134217186539,5.356703801858669,3.579659435673618,9.99807522976588,11.98603634313397,1.1988343823868828,8.61729365464339,4.56124636426123,11.087232844989664,5.0802560395564385,unit
2.0,0.39269908169872414,2.0,0.25,901,3.636592147599022,6.612401223989433,5.0858241788084015,14.346122780314452,14.280481559290543,0.9954244626210796,7.6024391142772,19.204673044966114,2.7471141320415704,-8.443873492008946,unit
2.0,0.39269908169872414,2.0,1.0,900,1.7599501563739237,1.5487122764602992,1.1556814481241922,3.057773224522978,3.470523040293928,1.1349837890072245,2.334560579604579,-0.4313664147556864,-2.483480732290564,-1.230554798228255,unit
2.0,0.39269908169872414,2.0,1.0,901,1.7599501563739237,1.5487122764602992,0.06325394645641375,3.0577732245229776,3.350774119708781,1.0958216563726737,2.0950627384342853,2.5391973900992157,4.089780461919253,-1.420544271660943,unit
2.0,0.7853981633974483,1.0,0.25,900,1.6365671085932691,1.3391759504646668,-2.786765087245587,2.4151655421668834,1.8186586348441998,0.7530161403398052,-0.11702422294315062,0.7500576136521246,2.2584602871370327,1.1729046170468915,unit
2.0,0.7853981633974483,1.0,0.25,901,1.818296073799511,1.6531003059973584,-2.531855662591706,3.490617104839204,2.244031814008967,0.6428753846699375,-0.6556537828186282,5.330495677541574,0.10006241703435226,-2.7112941258922705,unit
2.0,0.7853981633974483,1.0,1.0,900,0.8799750781869619,0.3871780691150748,-0.39409564966875604,0.7353149402942983,0.5293496995014441,0.7198952047534627,-0.06379361040648501,-0.12291613132703727,-0.6516176678604113,-0.305802719677941,unit
2.0,0.7853981633974483,1.0,1.0,901,0.8799750781869619,0.3871780691150748,-0.7554962469645023,0.735314940294298,0.5305071994303493,0.7214693600785839,-0.061478610548674206,0.6488224794546884,0.8036032196820759,-0.4327722962496185,unit
2.0,0.7853981633974483,2.0,0.25,900,3.273134217186539,5.356703801858669,-5.640741433334174,9.660662168667539,7.2746345393768035,0.7530161403398054,-0.4680968917726007,3.0002304546084737,9.033841148548152,4.609128228044685,unit
2.0,0.7853981633974483,2.0,0.25,901,3.636592147599022,6.612401223989433,-6.630450962976673,13.962468419356815,8.976127256035868,0.6428753846699375,-2.6226151312745127,21.32198271016631,0.4002496681374019,-9.044643992038244,unit
2.0,0.7853981633974483,2.0,1.0,900,1.7599501563739237,1.5487122764602992,-1.5752968685780686,2.9412597611771933,2.1173987980057762,0.7198952047534627,-0.25517444162594005,-0.4916645253081562,-2.6064706714416292,-1.2225109022196774,unit
2.0,0.7853981633974483,2.0,1.0,901,1.7599501563739237,1.5487122764602992,-3.020791593188,2.941259761177192,2.122028797721397,0.7214693600785839,-0.24591444219469683,2.5952899178187234,3.2144128787282575,-1.7296343740914368,unit
2.0,1.1780972450961724,1.0,0.25,900,1.6365671085932691,1.3391759504646668,-6.108158005345731,2.2729501260491674,0.3137463329219941,0.13803485141460042,-2.984633410669846,0.3393600302154747,1.5829130621534748,1.030236721249739,unit
2.0,1.1780972450961724,1.0,0.25,901,1.818296073799511,1.6531003059973584,-6.144138241628638,3.307896545272576,0.47856690070891067,0.14467408341196353,-4.003863049852113,5.663878653602979,-1.0126157210885296,-3.1306946138944713,unit
2.0,1.1780972450961724,1.0,1.0,900,0.8799750781869619,0.3871780691150748,-1.2822423026670395,0.6887510387717232,0.0944349527721991,0.13711043244393312,-0.8870592023423998,-0.13436893167401343,-0.6693103731899459,-0.3067391091376845,unit
2.0,1.1780972450961724,1.0,1.0,901,0.8799750781869619,0.3871780691150748,-1.6488977226233752,0.6887510387717231,0.12066162764669804,0.17518903181892645,-0.8346058525934018,0.6328704818460882,0.43457820294683813,-0.5632542046214887,unit
2.0,1.1780972450961724,2.0,0.25,900,3.273134217186539,5.356703801858669,-16.731300838084863,9.091800504196675,1.2549853316879769,0.1380348514146004,-11.938533642679388,1.3574401208619626,6.331652248613963,4.026470354570762,unit
2.0,1.1780972450961724,2.0,0.25,901,3.636592147599022,6.612401223989433,-21.999297798065008,13.231586181090304,1.9142676028356427,0.14467408341196353,-16.01545219940845,22.655514614411892,-4.050462884354115,-10.21542449997512,unit
2.0,1.1780972450961724,2.0,1.0,900,1.7599501563739237,1.5487122764602992,-5.127959135711028,2.7550041550868927,0.3777398110887964,0.13711043244393312,-3.548236809369599,-0.537475726696059,-2.6772414927597925,-1.2263388090338372,unit
2.0,1.1780972450961724,2.0,1.0,901,1.7599501563739237,1.5487122764602992,-6.594350295882608,2.7550041550868922,0.48264651058679214,0.17518903181892645,-3.3384234103736072,2.531481927384319,1.738312811787301,-2.2516091368375335,unit
2.0,1.5707963267948966,1.0,0.25,900,1.6365671085932691,1.3391759504646668,-8.707278650174828,2.076993343912659,-0.919711398077989,-0.4428090252544711,-5.255592090533304,-0.05582154255416061,0.8185173837662676,0.8697920762958987,unit
2.0,1.5707963267948966,1.0,0.25,901,1.818296073799511,1.6531003059973584,-8.941120426118417,3.0456372085562,-1.0597742046429883,-0.34796468918416573,-6.818285923839535,5.776138226953974,-2.56234750780417,-3.6980524858095745,unit
2.0,1.5707963267948966,1.0,1.0,900,0.8799750781869619,0.3871780691150748,-2.015284239477781,0.6275551178261419,-0.2658698446842969,-0.42365975056545324,-1.5464728763098106,-0.14332874000375617,-0.6754007149927641,-0.31008246245401094,unit
2.0,1.5707963267948966,1.0,1.0,901,0.8799750781869619,0.3871780691150748,-2.256799421894144,0.6275551178261418,-0.23736962273504603,-0.3782450592663432,-1.4894724324113087,0.5885292153123316,-0.052053267677696136,-0.7416343587388803,unit
2.0,1.5707963267948966,2.0,0.25,900,3.273134217186539,5.356703801858669,-24.900055130394108,8.30797337565064,-3.6788455923119567,-0.44280902525447097,-21.02236836213322,-0.22328617021667085,3.2740695350650597,3.4117038548439425,unit
2.0,1.5707963267948966,2.0,0.25,901,3.636592147599022,6.612401223989433,-34.5490623641751,12.1825488342248,-4.239096818571953,-0.34796468918416573,-27.27314369535814,23.104552907815926,-10.249390031216667,-12.08203871657481,unit
2.0,1.5707963267948966,2.0,1.0,900,1.7599501563739237,1.5487122764602992,-8.060185944276798,2.5102204713045677,-1.0634793787371877,-0.42365975056545324,-6.185891505239242,-0.5733149600150087,-2.701602859971067,-1.2397891143145952,unit
2.0,1.5707963267948966,2.0,1.0,901,1.7599501563739237,1.5487122764602992,-9.025953019529487,2.5102204713045673,-0.9494784909401841,-0.3782450592663432,-5.957889729645235,2.35411686124932,-0.2082130707107961,-2.965187505900167,unit
2.0,2.356194490192345,1.0,0.25,900,1.6365671085932691,1.3391759504646668,-9.221190957491393,1.5612575345744204,-1.4387192665571011,-0.9215130974207137,-5.77787201815329,-0.7099741510276223,-0.6518386732199746,0.5474464657723471,unit
2.0,2.356194490192345,1.0,0.25,901,1.818296073799511,1.6531003059973584,-9.31507842397332,2.3461816447774835,-1.878312042726393,-0.8005825324341141,-7.7559060362276275,5.324176817083627,-6.397878035007741,-5.2773858554119375,unit
2.0,2.356194490192345,1.0,1.0,900,0.8799750781869619,0.3871780691150748,-2.2643683686348735,0.4761686610132708,-0.42702762590183035,-0.8967990984394689,-1.7174019819320063,-0.1626974995453857,-0.6657265307022122,-0.32620218574545096,unit
2.0,2.356194490192345,1.0,1.0,901,0.8799750781869619,0.3871780691150748,-2.008699829723618,0.4761686610132707,-0.432552384702833,-0.9084016234549671,-1.7284514995340114,0.4253230802702388,-1.1943710593520884,-1.2111188325381994,unit
2.0,2.356194490192345,2.0,0.25,900,3.273134217186539,5.356703801858669,-26.166323748858286,6.245030138297684,-5.754877066228407,-0.9215130974207137,-23.111488072613167,-2.839896604110489,-2.6073546928798663,2.3098367946273433,unit
2.0,2.356194490192345,2.0,0.25,901,3.636592147599022,6.612401223989433,-37.25794891631721,9.384726579109934,-7.513248170905572,-0.8005825324341141,-31.02362414491051,21.296707268334547,-25.591512140030943,-18.141718307094127,unit
2.0,2.356194490192345,2.0,1.0,900,1.7599501563739237,1.5487122764602992,-9.056482962410541,1.9046746440530833,-1.7081105036073214,-0.8967990984394689,-6.869607927728025,-0.6507899981815513,-2.662906122808848,-1.304359040046917,unit
2.0,2.356194490192345,2.0,1.0,901,1.7599501563739237,1.5487122764602992,-8.033640382900732,1.9046746440530828,-1.730209538811332,-0.9084016234549671,-6.913805998136046,1.7012923210809525,-4.777484237408365,-4.843268408044119,unit
4.0,0.0,1.0,0.25,900,2.3144554007063234,1.3391759504646668,4.097078628307955,5.049582464718762,6.698373790909418,1.3265203287025604,7.007989166635407,3.9101487406678928,5.368802325377857,2.769475104556988,unit
4.0,0.0,1.0,0.25,901,2.571458967977019,1.6531003059973584,5.368470317579506,7.190539542096999,7.908295415688073,1.099819473822371,6.972950983281788,8.203375513835102,4.2393509256136515,0.2775197982419257,unit
4.0,0.0,1.0,1.0,900,1.2444726901223262,0.3871780691150748,1.4968821723435044,1.5487122764602999,1.9366114136648391,1.2504655920279217,1.9373324817543038,0.5121995193548698,-0.22017759527653147,0.37596807363235163,unit
4.0,0.0,1.0,1.0,901,1.2444726901223262,0.3871780691150748,1.165142954837833,1.5487122764602992,1.8522279246632711,1.1959793648027897,1.7685655037511683,1.4746558244482757,2.1152003294106687,0.32689243639767007,unit
4.0,0.0,2.0,0.25,900,4.628910801412647,5.356703801858669,21.728486250519058,20.19832985887505,26.793495163637672,1.3265203287025604,28.031956666541628,15.640594962671514,21.475209301511384,10.739155491614289,unit
4.0,0.0,2.0,0.25,901,5.142917935954038,6.612401223989433,24.39526726666027,28.762158168387995,31.633181662752293,1.099819473822371,27.891803933127154,32.813502055340365,16.95740370245462,3.6892195004841533,unit
4.0,0.0,2.0,1.0,900,2.4889453802446524,1.5487122764602992,5.9886190076032655,6.194849105841199,7.7464456546593565,1.2504655920279217,7.749329927017215,2.048798077419475,-0.8807103811061543,1.504425212198453,unit
4.0,0.0,2.0,1.0,901,2.4889453802446524,1.5487122764602992,4.661614983323254,6.194849105841197,7.4089116986530845,1.1959793648027897,7.074262015004673,5.898623297793103,8.460801317642682,1.3089137084815519,unit
4.0,0.39269908169872414,1.0,0.25,900,2.3144554007063234,1.3391759504646668,2.525898006504114,4.999037614882938,5.993018171566985,1.1988343823868832,5.647822777786365,3.4082816038944657,4.869716300501713,2.64744242536381,unit
4.0,0.39269908169872414,1.0,0.25,901,2.571458967977019,1.6531003059973584,3.4279856735243683,7.173061390157226,7.140240779645271,0.9954244626210796,5.454319863135958,9.158440959082904,4.137618220706411,0.05277405101957658,unit
4.0,0.39269908169872414,1.0,1.0,900,1.2444726901223262,0.3871780691150748,1.089093137728277,1.5288866122614893,1.735261520146964,1.1349837890072243,1.5544583589173642,0.4803086880726035,-0.3063990520683144,0.376227498401014,unit
4.0,0.39269908169872414,1.0,1.0,901,1.2444726901223262,0.3871780691150748,0.6920852318348625,1.5288866122614888,1.6753870598543905,1.0958216563726737,1.4347094383322174,1.5302616928680939,2.021720382079744,0.2804458113286017,unit
4.0,0.39269908169872414,2.0,0.25,900,4.628910801412647,5.356703801858669,15.703913755118274,19.99615045953175,23.97207268626794,1.1988343823868832,22.59129111114546,13.63312641557787,19.478865202006865,10.11725297910675,unit
4.0,0.39269908169872414,2.0,0.25,901,5.142917935954038,6.612401223989433,18.903991735174518,28.692245560628905,28.560963118581085,0.9954244626210796,21.817279452543833,36.63376383633162,16.55047288282565,3.96834051569153,unit
4.0,0.39269908169872414,2.0,1.0,900,2.4889453802446524,1.5487122764602992,4.401819852828089,6.115546449045957,6.941046080587856,1.1349837890072243,6.217833435669457,1.9212347522904087,-1.22559620827327,1.5054506523533076,unit
4.0,0.39269908169872414,2.0,1.0,901,2.4889453802446524,1.5487122764602992,2.769458872226679,6.115546449045955,6.701548239417562,1.0958216563726737,5.73883775332887,6.121046771472354,8.086881528318962,1.1230723823109399,unit
4.0,0.7853981633974483,1.0,0.25,900,2.3144554007063234,1.3391759504646668,-2.454252968331523,4.830331084333768,3.6373172696884004,0.7530161403398054,1.1051275045783664,2.785366095616869,3.904660466337072,2.3793309923214543,unit
4.0,0.7853981633974483,1.0,0.25,901,2.571458967977019,1.6531003059973584,-2.275588508501992,6.981234209678408,4.488063628017934,0.6428753846699375,0.341792740360102,9.849128556190838,3.0169501000378673,-0.44787370805528515,unit
4.0,0.7853981633974483,1.0,1.0,900,1.2444726901223262,0.3871780691150748,-0.282154325744418,1.4706298805885967,1.0586993990028881,0.7198952047534627,0.25959084830210477,0.4442355854690423,-0.418222660620335,0.34719742890075733,unit
4.0,0.7853981633974483,1.0,1.0,901,1.2444726901223262,0.3871780691150748,-0.7509256480830585,1.4706298805885962,1.0610143988606986,0.7214693600785838,0.26422084801772616,1.5350734477737182,1.6420553583054698,0.14028347970877192,unit
4.0,0.7853981633974483,2.0,0.25,900,4.628910801412647,5.356703801858669,-1.1506667544253133,19.32132433733507,14.549269078753602,0.7530161403398054,4.420510018313464,11.14146438246744,15.618641865348245,9.026130273548796,unit
4.0,0.7853981633974483,2.0,0.25,901,5.142917935954038,6.612401223989433,-0.8851706890689116,27.92493683871363,17.952254512071736,0.6428753846699375,1.367170961440408,39.39651422476332,12.067800400151434,3.221794115642489,unit
4.0,0.7853981633974483,2.0,1.0,900,2.4889453802446524,1.5487122764602992,-0.8819620501714454,5.882519522354387,4.2347975960115525,0.7198952047534627,1.038363393208419,1.7769423418761443,-1.6728906424813683,1.3841473527145323,unit
4.0,0.7853981633974483,2.0,1.0,901,2.4889453802446524,1.5487122764602992,-3.002485857176994,5.882519522354385,4.244057595442794,0.7214693600785838,1.0568833920709046,6.140293791094891,6.568221433221892,0.562355674639213,unit
4.0,1.1780972450961724,1.0,0.25,900,2.3144554007063234,1.3391759504646668,-8.635504210091304,4.5459002520983365,0.6274926658439884,0.13803485141460042,-4.630090870875026,2.1091244971421137,2.572032924933179,2.005861250449208,unit
4.0,1.1780972450961724,1.0,0.25,901,2.571458967977019,1.6531003059973584,-9.312084269389265,6.615793090545152,0.9571338014178215,0.14467408341196356,-6.354625793706867,10.224406949280558,0.9386985181314511,-1.2090298865670455,unit
4.0,1.1780972450961724,1.0,1.0,900,1.2444726901223262,0.3871780691150748,-2.0438822326521904,1.3775020775434461,0.18886990554439817,0.13711043244393312,-1.3869403355697245,0.4063173005025309,-0.549003278133003,0.29363263031025527,unit
4.0,1.1780972450961724,1.0,1.0,901,1.2444726901223262,0.3871780691150748,-2.468700158872171,1.3775020775434461,0.2413232552933961,0.17518903181892648,-1.2820336360717288,1.490807898440342,1.0053569115738115,-0.0868573551711061,unit
4.0,1.1780972450961724,2.0,0.25,900,4.628910801412647,5.356703801858669,-21.12675831673517,18.183601008393346,2.5099706633759538,0.13803485141460042,-18.520363483500105,8.436497988568455,10.288131699732737,7.654232299817525,unit
4.0,1.1780972450961724,2.0,0.25,901,5.142917935954038,6.612401223989433,-27.613251318195978,26.463172362180607,3.828535205671286,0.14467408341196356,-25.418503174827467,40.89762779712222,3.7547940725257973,1.5783017727798272,unit
4.0,1.1780972450961724,2.0,1.0,900,2.4889453802446524,1.5487122764602992,-7.647972675136331,5.5100083101737845,0.7554796221775927,0.13711043244393312,-5.547761342278898,1.6252692020101094,-2.1960131125320475,1.1581492538998606,unit
4.0,1.1780972450961724,2.0,1.0,901,2.4889453802446524,1.5487122764602992,-9.873517201939418,5.5100083101737845,0.9652930211735844,0.17518903181892648,-5.128134544286915,5.963231593761368,4.021427646295278,-0.34628854094201694,unit
4.0,1.5707963267948966,1.0,0.25,900,2.3144554007063234,1.3391759504646668,-13.417066771049141,4.153986687825319,-1.8394227961559784,-0.4428090252544711,-9.172008230601943,1.4423464396608043,1.0012732153503912,1.5707857065772026,unit
4.0,1.5707963267948966,1.0,0.25,901,2.571458967977019,1.6531003059973584,-14.941599975643696,6.0912744171124,-2.119548409285977,-0.34796468918416584,-11.983471541681713,10.250015427002445,-1.9239463391151306,-2.2261872307599866,unit
4.0,1.5707963267948966,1.0,1.0,900,1.2444726901223262,0.3871780691150748,-3.471923660132552,1.2551102356522836,-0.5317396893685937,-0.42365975056545324,-2.705767683504546,0.3655542602960975,-0.6933705087608657,0.22033742737805065,unit
4.0,1.5707963267948966,1.0,1.0,901,1.2444726901223262,0.3871780691150748,-3.714864630030774,1.2551102356522836,-0.47473924547009205,-0.3782450592663432,-2.5917667957075423,1.4009525390896012,0.16889674166462454,-0.3908079710502353,unit
4.0,1.5707963267948966,2.0,0.25,900,4.628910801412647,5.356703801858669,-36.88348331733546,16.615946751301276,-7.3576911846239135,-0.4428090252544711,-36.68803292240777,5.7693857586432244,4.005092861401586,6.14984273364912,unit
4.0,1.5707963267948966,2.0,0.25,901,5.142917935954038,6.612401223989433,-51.985072419956246,24.3650976684496,-8.478193637143908,-0.34796468918416584,-47.93388616672685,41.000061708009724,-7.695785356460572,-0.998044991390086,unit
4.0,1.5707963267948966,2.0,1.0,900,2.4889453802446524,1.5487122764602992,-13.114036064319029,5.0204409426091345,-2.126958757474375,-0.42365975056545324,-10.823070734018184,1.4622170411843687,-2.773482035043485,0.861063191747272,unit
4.0,1.5707963267948966,2.0,1.0,901,2.4889453802446524,1.5487122764602992,-14.858171407828447,5.0204409426091345,-1.8989569818803682,-0.3782450592663432,-10.36706718283017,5.603810156358385,0.6755869666584502,-1.5621834660928156,unit
4.0,2.356194490192345,1.0,0.25,900,2.3144554007063234,1.3391759504646668,-14.389009970307374,3.1225150691488412,-2.877438533114203,-0.9215130974207139,-10.216568085841914,0.29092305565686605,-2.2380549260368516,0.6491885260170567,unit
4.0,2.356194490192345,1.0,0.25,901,2.571458967977019,1.6531003059973584,-16.32165193184987,4.692363289554969,-3.756624085452786,-0.8005825324341139,-13.858711766457901,9.249905158940189,-8.917909924146997,-5.038567129680233,unit
4.0,2.356194490192345,1.0,1.0,900,1.2444726901223262,0.3871780691150748,-3.8619477778716624,0.9523373220265418,-0.8540552518036607,-0.8967990984394688,-3.047625894748938,0.26481322890475756,-1.0006600741871088,0.032945529888103814,unit
4.0,2.356194490192345,1.0,1.0,901,1.2444726901223262,0.3871780691150748,-3.5341941608201153,0.9523373220265414,-0.8651047694056659,-0.908401623454967,-3.0697249299529483,1.1030064488669742,-1.7837443360925587,-1.1779897929866818,unit
4.0,2.356194490192345,2.0,0.25,900,4.628910801412647,5.356703801858669,-41.49100649064377,12.490060276595365,-11.509754132456813,-0.9215130974207139,-40.86627234336766,1.1636922226274606,-8.952219704147378,3.10889082878286,unit
4.0,2.356194490192345,2.0,0.25,901,5.142917935954038,6.612401223989433,-64.39016291398622,18.769453158219875,-15.026496341811145,-0.8005825324341139,-55.434847065831605,36.99962063576076,-35.67163969658801,-9.000912372254868,unit
4.0,2.356194490192345,2.0,1.0,900,2.4889453802446524,1.5487122764602992,-14.875793205970563,3.809349288106167,-3.416221007214643,-0.8967990984394688,-12.190503578995752,1.0592529156190142,-4.0026402967484636,0.1292889480781033,unit
4.0,2.356194490192345,2.0,1.0,901,2.4889453802446524,1.5487122764602992,-14.135612560642063,3.8093492881061657,-3.4604190776226638,-0.908401623454967,-12.278899719811793,4.4120257954678594,-7.134977344370275,-4.711114164393259,unit
8.0,0.0,1.0,0.25,900,3.2731342171865383,1.3391759504646668,11.366083612504951,10.09916492943752,13.396747581818833,1.3265203287025606,15.355154283735478,8.835671955697567,10.10554524653553,5.799447591130915,unit
8.0,0.0,1.0,0.25,901,3.636592147599022,1.6531003059973584,13.208285300794845,14.381079084193997,15.816590831376146,1.099819473822371,15.599002272560934,16.07478085699484,11.321081631343532,5.530119597145629,unit
8.0,0.0,1.0,1.0,900,1.7599501563739237,0.3871780691150748,3.493204717063598,3.0974245529205997,3.8732228273296774,1.2504655920279213,4.2618430326236805,1.815571301764201,0.7395094153516815,1.7071416198304392,unit
8.0,0.0,1.0,1.0,901,1.7599501563739237,0.3871780691150748,2.9746094052398657,3.0974245529205984,3.704455849326542,1.1959793648027897,3.9243090766174102,3.176846899563049,4.037140522800682,1.5953146872565858,unit
8.0,0.0,2.0,0.25,900,6.546268434373078,5.356703801858669,47.246814269434836,40.396659717750104,53.58699032727536,1.3265203287025606,61.420617134941935,35.34268782279028,40.42218098614212,20.255248160686236,unit
8.0,0.0,2.0,0.25,901,7.273184295198044,6.612401223989433,51.919577738685526,57.52431633677599,63.266363325504585,1.099819473822371,62.39600909024374,64.29912342797937,45.28432652537414,24.51942028901646,unit
8.0,0.0,2.0,1.0,900,3.5199003127478474,1.5487122764602992,14.567497236431622,12.389698211682399,15.49289130931871,1.2504655920279213,17.047372130494722,7.26228520705679,2.9580376614066903,6.773725560171189,unit
8.0,0.0,2.0,1.0,901,3.5199003127478474,1.5487122764602992,11.905023477945987,12.389698211682393,14.817823397306167,1.1959793648027897,15.697236306469641,12.707387598252193,16.148562091202677,6.358814629502625,unit
8.0,0.39269908169872414,1.0,0.25,900,3.2731342171865383,1.3391759504646668,8.310510895701556,9.99807522976587,11.986036343133964,1.1988343823868834,12.634821506037392,8.057981583064286,9.225439218991813,5.502297383858226,unit
8.0,0.39269908169872414,1.0,0.25,901,3.636592147599022,1.6531003059973584,9.612728389806742,14.346122780314452,14.280481559290543,0.9954244626210796,12.561740032269274,17.388807464887034,11.066115408309148,5.2015625501284175,unit
8.0,0.39269908169872414,1.0,1.0,900,1.7599501563739237,0.3871780691150748,2.6601710169413386,3.057773224522978,3.470523040293928,1.1349837890072245,3.4960947869498034,1.75721509117257,0.565339295784363,1.6894147302103795,unit
8.0,0.39269908169872414,1.0,1.0,901,1.7599501563739237,0.3871780691150748,2.077154805869414,3.0577732245229776,3.350774119708781,1.0958216563726737,3.25659694577951,3.241473069639497,3.8660386777408666,1.4972395616698957,unit
8.0,0.39269908169872414,2.0,0.25,900,6.546268434373078,5.356703801858669,38.03759615494433,39.99230091906352,47.94414537253588,1.1988343823868828,50.53928602414957,32.23192633225714,36.90175687596723,19.233787988439527,unit
8.0,0.39269908169872414,2.0,0.25,901,7.273184295198044,6.612401223989433,40.504007425114644,57.38449112125781,57.12192623716217,0.9954244626210796,50.246960129077095,69.55522985954812,44.26446163323659,23.507334242943774,unit
8.0,0.39269908169872414,2.0,1.0,900,3.5199003127478474,1.5487122764602992,11.289163183850432,12.231092898091912,13.882092161175713,1.1349837890072245,13.984379147799213,7.028860364690322,2.2613571831374912,6.632549431712428,unit
8.0,0.39269908169872414,2.0,1.0,901,3.5199003127478474,1.5487122764602992,8.338486799126384,12.23109289809191,13.403096478835124,1.0958216563726737,13.02638778311804,12.965892278557916,15.464154710963417,6.034582769160377,unit
8.0,0.7853981633974483,1.0,0.25,900,3.2731342171865383,1.3391759504646668,-1.235971886228772,9.660662168667534,7.274634539376799,0.7530161403398052,3.5494309596213975,7.035019941745894,7.382499694525514,4.86412452162972,unit
8.0,0.7853981633974483,1.0,0.25,901,3.636592147599022,1.6531003059973584,-1.5884655110959236,13.962468419356815,8.976127256035868,0.6428753846699375,2.3366857867175623,18.249798404160913,8.899398888755783,4.302976572000427,unit
8.0,0.7853981633974483,1.0,1.0,900,1.7599501563739237,0.3871780691150748,-0.09050637333492496,2.9412597611771933,2.1173987980057762,0.7198952047534627,0.9063597657192843,1.676691017891006,0.2705166348639896,1.5845534175004272,unit
8.0,0.7853981633974483,1.0,1.0,901,1.7599501563739237,0.3871780691150748,-0.6687951453462605,2.941259761177192,2.122028797721397,0.7214693600785839,0.9156197651505276,3.218238021772769,3.188759558517316,1.2372287577519785,unit
8.0,0.7853981633974483,2.0,0.25,900,6.546268434373078,5.356703801858669,9.89469706266386,38.642648674670156,29.098538157507214,0.7530161403398054,14.197723838485604,28.14007976698361,29.529998778102076,17.36268529059501,unit
8.0,0.7853981633974483,2.0,0.25,901,7.273184295198044,6.612401223989433,11.57215460009312,55.84987367742726,35.90450902414347,0.6428753846699375,9.34674314687025,72.99919361664368,35.597595555023176,21.759866205184245,unit
8.0,0.7853981633974483,2.0,1.0,900,3.5199003127478474,1.5487122764602992,0.8370598615514717,11.765039044708773,8.469595192023105,0.7198952047534627,3.6254390628771374,6.7067640715639865,1.0820665394559015,6.148698952195624,unit
8.0,0.7853981633974483,2.0,1.0,901,3.5199003127478474,1.5487122764602992,-2.673915238074044,11.765039044708768,8.488115190885589,0.7214693600785839,3.6624790606021103,12.872952087091033,12.755038234069207,4.982879115425783,unit
8.0,1.1780972450961724,1.0,0.25,900,3.2731342171865383,1.3391759504646668,-12.706431312536097,9.09180050419667,1.2549853316879764,0.13803485141460042,-7.921005791285384,5.887814889852438,4.743360764262961,3.971586730026194,unit
8.0,1.1780972450961724,1.0,0.25,901,3.636592147599022,1.6531003059973584,-15.395473185941706,13.231586181090304,1.9142676028356427,0.14467408341196353,-11.056151281416376,18.58812953109278,4.950933178766437,2.8901807838165277,unit
8.0,1.1780972450961724,1.0,1.0,900,1.7599501563739237,0.3871780691150748,-3.593364642117937,2.7550041550868927,0.3777398110887964,0.13711043244393312,-2.386702602024375,1.579623306252104,-0.1259537954790848,1.4043204665926112,unit
8.0,1.1780972450961724,1.0,1.0,901,1.7599501563739237,0.3871780691150748,-4.006723210139429,2.7550041550868922,0.48264651058679214,0.17518903181892645,-2.1768892030283826,3.112225045622895,2.0586954535880824,0.8307800076638845,unit
8.0,1.1780972450961724,2.0,0.25,900,6.546268434373078,5.356703801858669,-28.313593600247632,36.3672020167867,5.0199413267519075,0.1380348514146004,-31.68402316514155,23.551259559409765,18.97344305705183,14.748103185698161,unit
8.0,1.1780972450961724,2.0,0.25,901,7.273184295198044,6.612401223989433,-26.020059959476487,52.926344724361215,7.657070411342571,0.14467408341196353,-44.224605125665505,74.35251812437112,19.803732715065735,19.51796446848095,unit
8.0,1.1780972450961724,2.0,1.0,900,3.5199003127478474,1.5487122764602992,-12.04390987051056,11.02001662034757,1.5109592443551856,0.13711043244393312,-9.5468104080975,6.318493225008389,-0.5038151819163925,5.392027710159208,unit
8.0,1.1780972450961724,2.0,1.0,901,3.5199003127478474,1.5487122764602992,-16.02554485299724,11.020016620347569,1.9305860423471686,0.17518903181892645,-8.70755681211353,12.448900182491606,8.23478181435232,3.323838937510929,unit
8.0,1.5707963267948966,1.0,0.25,900,3.2731342171865383,1.3391759504646668,-21.341114567884333,8.307973375650636,-3.678845592311956,-0.4428090252544711,-17.004840510739214,4.729034482528533,1.5424891313653788,2.937005379030183,unit
8.0,1.5707963267948966,1.0,0.25,901,3.636592147599022,1.6531003059973584,-26.704784941174374,12.1825488342248,-4.239096818571953,-0.34796468918416573,-22.313842777366066,18.358044320764144,-0.4394442954745781,1.0220908049190995,unit
8.0,1.5707963267948966,1.0,1.0,900,1.7599501563739237,0.3871780691150748,-6.395644445214085,2.5102204713045677,-1.0634793787371877,-0.42365975056545324,-5.024357297894018,1.4657917464480974,-0.6016282642969251,1.1635314376321961,unit
8.0,1.5707963267948966,1.0,1.0,901,1.7599501563739237,0.3871780691150748,-6.54198919311994,2.5102204713045673,-0.9494784909401841,-0.3782450592663432,-4.7963555223000105,2.9308557000853233,0.5792434483686959,0.29756295905965846,unit
8.0,1.5707963267948966,2.0,0.25,900,6.546268434373078,5.356703801858669,-59.067324482266635,33.23189350260256,-14.715382369247827,-0.44280902525447097,-68.01936204295689,18.916137930114132,6.169956525461508,11.405206087393575,unit
8.0,1.5707963267948966,2.0,0.25,901,7.273184295198044,6.612401223989433,-60.587797462622376,48.7301953368992,-16.956387274287813,-0.34796468918416573,-89.25537110946426,73.43217728305657,-1.7577771818983123,16.584866339122026,unit
8.0,1.5707963267948966,2.0,1.0,900,3.5199003127478474,1.5487122764602992,-22.099078240060752,10.04088188521827,-4.253917514948751,-0.42365975056545324,-20.097429191576072,5.863166985792393,-2.406513057187638,4.432959829270442,unit
8.0,1.5707963267948966,2.0,1.0,901,3.5199003127478474,1.5487122764602992,-26.16660774631415,10.040881885218269,-3.7979139637607364,-0.3782450592663432,-19.185422089200042,11.723422800341265,2.3169737934747765,1.1908184083293647,unit
8.0,2.356194490192345,1.0,0.25,900,3.2731342171865383,1.3391759504646668,-22.750570840374422,6.245030138297682,-5.754877066228405,-0.9215130974207137,-19.09396022121916,2.6480521303585576,-5.358473987321056,0.7816423042705823,unit
8.0,2.356194490192345,1.0,0.25,901,3.636592147599022,1.6531003059973584,-30.35886410218439,9.384726579109934,-7.513248170905572,-0.8005825324341141,-26.064323226918436,16.22179419069323,-13.469811041299293,-4.112945446919765,unit
8.0,2.356194490192345,1.0,1.0,900,1.7599501563739237,0.3871780691150748,-7.022743619620255,1.9046746440530833,-1.7081105036073214,-0.8967990984394689,-5.708073720382801,1.1766234756445653,-1.6781431914081248,0.5693284927061882,unit
8.0,2.356194490192345,1.0,1.0,901,1.7599501563739237,0.3871780691150748,-6.626873242954149,1.9046746440530828,-1.730209538811332,-0.9084016234549671,-5.752271790790822,2.3752207772692624,-2.856527574704647,-1.0621412731081508,unit
8.0,2.356194490192345,2.0,0.25,900,6.546268434373078,5.356703801858669,-65.4875765093594,24.980120553190737,-23.01950826491363,-0.9215130974207137,-76.37584088487667,10.592208521434173,-21.4338959492843,4.264207497976079,unit
8.0,2.356194490192345,2.0,0.25,901,7.273184295198044,6.612401223989433,-90.22518684763043,37.538906316439736,-30.05299268362229,-0.8005825324341141,-104.25729290767374,64.88717676277298,-53.879244165197086,6.879068407795999,unit
8.0,2.356194490192345,2.0,1.0,900,3.5199003127478474,1.5487122764602992,-24.645403168520303,7.618698576212333,-6.832442014429286,-0.8967990984394689,-22.832294881531205,4.706493902578265,-6.712572765632504,2.2160955219381457,unit
8.0,2.356194490192345,2.0,1.0,901,3.5199003127478474,1.5487122764602992,-26.50632150830662,7.618698576212331,-6.920838155245328,-0.9084016234549671,-23.009087163163287,9.500883109077009,-11.426110298818624,-4.247913173279035,unit
0.0,0.0,1.0,0.25,900,0.0,9.857684053495895,0.0,0.0,0.0,,-9.857684053495895,0.0,0.0,0.0,state
0.0,0.0,1.0,0.25,901,0.0,11.872442925265188,0.0,0.0,0.0,,-11.872442925265188,0.0,0.0,0.0,state
0.0,0.0,1.0,1.0,900,0.0,2.2412313139187514,-2.1241988381329078,0.0,0.0,,-2.2412313139187514,-3.6334970779390425,-0.7569315426813381,0.0,state
0.0,0.0,1.0,1.0,901,0.0,2.2412313139187514,-2.1241988381329078,0.0,0.0,,-2.2412313139187514,-3.6334970779390425,-0.7569315426813381,0.0,state
0.0,0.0,2.0,0.25,900,0.0,39.43073621398358,0.0,0.0,0.0,,-39.43073621398358,0.0,0.0,0.0,state
0.0,0.0,2.0,0.25,901,0.0,47.489771701060754,0.0,0.0,0.0,,-47.489771701060754,0.0,0.0,0.0,state
0.0,0.0,2.0,1.0,900,0.0,8.964925255675006,-8.235894581825137,0.0,0.0,,-8.964925255675006,-14.533988311756168,-3.0277261707253444,0.0,state
0.0,0.0,2.0,1.0,901,0.0,8.964925255675006,-8.235894581825137,0.0,0.0,,-8.964925255675006,-14.533988311756168,-3.0277261707253444,0.0,state
0.0,0.39269908169872414,1.0,0.25,900,0.0,9.857684053495895,0.0,0.0,0.0,,-9.857684053495895,0.0,0.0,0.0,state
0.0,0.39269908169872414,1.0,0.25,901,0.0,11.872442925265188,0.0,0.0,0.0,,-11.872442925265188,0.0,0.0,0.0,state
0.0,0.39269908169872414,1.0,1.0,900,0.0,2.2412313139187514,-2.1241988381329078,0.0,0.0,,-2.2412313139187514,-3.6334970779390425,-0.7569315426813381,0.0,state
0.0,0.39269908169872414,1.0,1.0,901,0.0,2.2412313139187514,-2.1241988381329078,0.0,0.0,,-2.2412313139187514,-3.6334970779390425,-0.7569315426813381,0.0,state
0.0,0.39269908169872414,2.0,0.25,900,0.0,39.43073621398358,0.0,0.0,0.0,,-39.43073621398358,0.0,0.0,0.0,state
0.0,0.39269908169872414,2.0,0.25,901,0.0,47.489771701060754,0.0,0.0,0.0,,-47.489771701060754,0.0,0.0,0.0,state
0.0,0.39269908169872414,2.0,1.0,900,0.0,8.964925255675006,-8.235894581825137,0.0,0.0,,-8.964925255675006,-14.533988311756168,-3.0277261707253444,0.0,state
0.0,0.39269908169872414,2.0,1.0,901,0.0,8.964925255675006,-8.235894581825137,0.0,0.0,,-8.964925255675006,-14.533988311756168,-3.0277261707253444,0.0,state
0.0,0.7853981633974483,1.0,0.25,900,0.0,9.857684053495895,0.0,0.0,0.0,,-9.857684053495895,0.0,0.0,0.0,state
0.0,0.7853981633974483,1.0,0.25,901,0.0,11.872442925265188,0.0,0.0,0.0,,-11.872442925265188,0.0,0.0,0.0,state
0.0,0.7853981633974483,1.0,1.0,900,0.0,2.2412313139187514,-2.1241988381329078,0.0,0.0,,-2.2412313139187514,-3.6334970779390425,-0.7569315426813381,0.0,state
0.0,0.7853981633974483,1.0,1.0,901,0.0,2.2412313139187514,-2.1241988381329078,0.0,0.0,,-2.2412313139187514,-3.6334970779390425,-0.7569315426813381,0.0,state
0.0,0.7853981633974483,2.0,0.25,900,0.0,39.43073621398358,0.0,0.0,0.0,,-39.43073621398358,0.0,0.0,0.0,state
0.0,0.7853981633974483,2.0,0.25,901,0.0,47.489771701060754,0.0,0.0,0.0,,-47.489771701060754,0.0,0.0,0.0,state
0.0,0.7853981633974483,2.0,1.0,900,0.0,8.964925255675006,-8.235894581825137,0.0,0.0,,-8.964925255675006,-14.533988311756168,-3.0277261707253444,0.0,state
0.0,0.7853981633974483,2.0,1.0,901,0.0,8.964925255675006,-8.235894581825137,0.0,0.0,,-8.964925255675006,-14.533988311756168,-3.0277261707253444,0.0,state
0.0,1.1780972450961724,1.0,0.25,900,0.0,9.857684053495895,0.0,0.0,0.0,,-9.857684053495895,0.0,0.0,0.0,state
0.0,1.1780972450961724,1.0,0.25,901,0.0,11.872442925265188,0.0,0.0,0.0,,-11.872442925265188,0.0,0.0,0.0,state
0.0,1.1780972450961724,1.0,1.0,900,0.0,2.2412313139187514,-2.1241988381329078,0.0,0.0,,-2.2412313139187514,-3.6334970779390425,-0.7569315426813381,0.0,state
0.0,1.1780972450961724,1.0,1.0,901,0.0,2.2412313139187514,-2.1241988381329078,0.0,0.0,,-2.2412313139187514,-3.6334970779390425,-0.7569315426813381,0.0,state
0.0,1.1780972450961724,2.0,0.25,900,0.0,39.43073621398358,0.0,0.0,0.0,,-39.43073621398358,0.0,0.0,0.0,state
0.0,1.1780972450961724,2.0,0.25,901,0.0,47.489771701060754,0.0,0.0,0.0,,-47.489771701060754,0.0,0.0,0.0,state
0.0,1.1780972450961724,2.0,1.0,900,0.0,8.964925255675006,-8.235894581825137,0.0,0.0,,-8.964925255675006,-14.533988311756168,-3.0277261707253444,0.0,state
0.0,1.1780972450961724,2.0,1.0,901,0.0,8.964925255675006,-8.235894581825137,0.0,0.0,,-8.964925255675006,-14.533988311756168,-3.0277261707253444,0.0,state
0.0,1.5707963267948966,1.0,0.25,900,0.0,9.857684053495895,0.0,0.0,0.0,,-9.857684053495895,0.0,0.0,0.0,state
0.0,1.5707963267948966,1.0,0.25,901,0.0,11.872442925265188,0.0,0.0,0.0,,-11.872442925265188,0.0,0.0,0.0,state
0.0,1.5707963267948966,1.0,1.0,900,0.0,2.2412313139187514,-2.1241988381329078,0.0,0.0,,-2.2412313139187514,-3.6334970779390425,-0.7569315426813381,0.0,state
0.0,1.5707963267948966,1.0,1.0,901,0.0,2.2412313139187514,-2.1241988381329078,0.0,0.0,,-2.2412313139187514,-3.6334970779390425,-0.7569315426813381,0.0,state
0.0,1.5707963267948966,2.0,0.25,900,0.0,39.43073621398358,0.0,0.0,0.0,,-39.43073621398358,0.0,0.0,0.0,state
0.0,1.5707963267948966,2.0,0.25,901,0.0,47.489771701060754,0.0,0.0,0.0,,-47.489771701060754,0.0,0.0,0.0,state
0.0,1.5707963267948966,2.0,1.0,900,0.0,8.964925255675006,-8.235894581825137,0.0,0.0,,-8.964925255675006,-14.533988311756168,-3.0277261707253444,0.0,state
0.0,1.5707963267948966,2.0,1.0,901,0.0,8.964925255675006,-8.235894581825137,0.0,0.0,,-8.964925255675006,-14.533988311756168,-3.0277261707253444,0.0,state
0.0,2.356194490192345,1.0,0.25,900,0.0,9.857684053495895,0.0,0.0,0.0,,-9.857684053495895,0.0,0.0,0.0,state
0.0,2.356194490192345,1.0,0.25,901,0.0,11.872442925265188,0.0,0.0,0.0,,-11.872442925265188,0.0,0.0,0.0,state
0.0,2.356194490192345,1.0,1.0,900,0.0,2.2412313139187514,-2.1241988381329078,0.0,0.0,,-2.2412313139187514,-3.6334970779390425,-0.7569315426813381,0.0,state
0.0,2.356194490192345,1.0,1.0,901,0.0,2.2412313139187514,-2.1241988381329078,0.0,0.0,,-2.2412313139187514,-3.6334970779390425,-0.7569315426813381,0.0,state
0.0,2.356194490192345,2.0,0.25,900,0.0,39.43073621398358,0.0,0.0,0.0,,-39.43073621398358,0.0,0.0,0.0,state
0.0,2.356194490192345,2.0,0.25,901,0.0,47.489771701060754,0.0,0.0,0.0,,-47.489771701060754,0.0,0.0,0.0,state
0.0,2.356194490192345,2.0,1.0,900,0.0,8.964925255675006,-8.235894581825137,0.0,0.0,,-8.964925255675006,-14.533988311756168,-3.0277261707253444,0.0,state
0.0,2.356194490192345,2.0,1.0,901,0.0,8.964925255675006,-8.235894581825137,0.0,0.0,,-8.964925255675006,-14.533988311756168,-3.0277261707253444,0.0,state
0.5,0.0,1.0,0.25,900,2.2200995533416847,9.857684053495895,0.0,4.899656744549075,6.3491568090312125,1.2958370637075185,-2.059027179982545,0.0,0.0,0.0,state
0.5,0.0,1.0,0.25,901,2.436436221745317,11.872442925265188,0.0,6.898887666883537,7.928279841356958,1.1492113256771483,-2.914770909434809,0.0,0.0,0.0,state
0.5,0.0,1.0,1.0,900,1.0585913550371435,2.2412313139187514,-0.136414686308365,1.1206156569593755,1.4435367354195896,1.2881639895487562,-0.4747735000389477,-2.3200353103824165,1.8916301783778904,0.0,state
0.5,0.0,1.0,1.0,901,1.0585913550371435,2.2412313139187514,0.29399949296256744,1.1206156569593755,1.4966683064145456,1.3355768296826525,-0.36851035804903565,-2.5029055905931927,2.1492571951529005,0.0,state
0.5,0.0,2.0,0.25,900,4.4401991066833695,39.43073621398358,0.0,19.5986269781963,25.39662723612485,1.2958370637075185,-8.23610871993018,0.0,0.0,0.0,state
0.5,0.0,2.0,0.25,901,4.872872443490634,47.489771701060754,0.0,27.595550667534148,31.713119365427833,1.1492113256771483,-11.659083637739236,0.0,0.0,0.0,state
0.5,0.0,2.0,1.0,900,2.117182710074287,8.964925255675006,0.887979662376142,4.482462627837502,5.774146941678358,1.2881639895487562,-1.8990940001557908,-9.280141241529668,7.566520713511563,0.0,state
0.5,0.0,2.0,1.0,901,2.117182710074287,8.964925255675006,2.5273701453546886,4.482462627837502,5.9866732256581825,1.3355768296826525,-1.4740414321961426,-10.011622362372776,8.597028780611588,0.0,state
0.5,0.39269908169872414,1.0,0.25,900,2.2200995533416847,9.857684053495895,0.0,4.9505817383815796,5.428628097932011,1.0965636736879152,-3.951009596013453,0.0,0.0,0.0,state
0.5,0.39269908169872414,1.0,0.25,901,2.436436221745317,11.872442925265188,0.0,6.966967430885478,6.812314004919444,0.9778019019752504,-5.214782346311778,0.0,0.0,0.0,state
0.5,0.39269908169872414,1.0,1.0,900,1.0585913550371435,2.2412313139187514,-1.255148887426517,1.1058745376958354,1.231929462713054,1.1139866419927367,-0.883246926188479,-2.361969623428901,1.5551248298638622,0.0,state
0.5,0.39269908169872414,1.0,1.0,901,1.0585913550371435,2.2412313139187514,-0.049582911749523485,1.1061115592318538,1.2875642915109424,1.164045598081535,-0.7722142901287203,-2.4206510021731034,2.0443746936607186,0.0,state
0.5,0.39269908169872414,2.0,0.25,900,4.4401991066833695,39.43073621398358,0.0,19.802326953526318,21.714512391728043,1.0965636736879152,-15.804038384053811,0.0,0.0,0.0,state
0.5,0.39269908169872414,2.0,0.25,901,4.872872443490634,47.489771701060754,0.0,27.86786972354191,27.249256019677777,0.9778019019752504,-20.859129385247112,0.0,0.0,0.0,state
0.5,0.39269908169872414,2.0,1.0,900,2.117182710074287,8.964925255675006,-3.5757162554860313,4.423498150783342,4.927717850852216,1.1139866419927367,-3.532987704753916,-9.447878493715606,6.220499319455449,0.0,state
0.5,0.39269908169872414,2.0,1.0,901,2.117182710074287,8.964925255675006,1.3360555964327607,4.424446236927415,5.15025716604377,1.164045598081535,-3.0888571605148814,-9.682604008692419,8.177498774642878,0.0,state
0.5,0.7853981633974483,1.0,0.25,900,2.2200995533416847,9.857684053495895,0.0,4.813955203035172,3.2110630758900363,0.6670321888050555,-8.249513104750994,0.0,0.0,0.0,state
0.5,0.7853981633974483,1.0,0.25,901,2.436436221745317,11.872442925265188,0.0,6.8956753939673066,3.976068510310724,0.5766032017384685,-10.815981298611046,0.0,0.0,0.0,state
0.5,0.7853981633974483,1.0,1.0,900,1.0585913550371435,2.2412313139187514,-3.097293032825275,1.0623074567496955,0.7178663157480243,0.6757613449730029,-1.8678061391723983,-2.4315846813863704,1.0684518638125047,0.0,state
0.5,0.7853981633974483,1.0,1.0,901,1.0585913550371435,2.2412313139187514,-1.2684477704447896,1.0644348846429381,0.7549715787821609,0.7092698573435181,-1.7957230409973677,-2.3707523637446335,1.7712459531193723,0.0,state
0.5,0.7853981633974483,2.0,0.25,900,4.4401991066833695,39.43073621398358,0.0,19.255820812140687,12.844252303560145,0.6670321888050555,-32.998052419003976,0.0,0.0,0.0,state
0.5,0.7853981633974483,2.0,0.25,901,4.872872443490634,47.489771701060754,0.0,27.582701575869226,15.904274041242896,0.5766032017384685,-43.263925194444184,0.0,0.0,0.0,state
0.5,0.7853981633974483,2.0,1.0,900,2.117182710074287,8.964925255675006,-10.541020821919728,4.249229826998782,2.871465262992097,0.6757613449730029,-7.471224556689593,-9.726338725545485,4.273807455250024,0.0,state
0.5,0.7853981633974483,2.0,1.0,901,2.117182710074287,8.964925255675006,-3.167450614227081,4.2577395385717525,3.0198863151286437,0.7092698573435181,-7.182892163989471,-9.48300945497854,7.084983812477484,0.0,state
0.5,1.1780972450961724,1.0,0.25,900,2.2200995533416847,9.857684053495895,0.0,4.496354118761525,0.5769669559376795,0.1283188424884558,-13.20010426038206,0.0,0.0,0.0,state
0.5,1.1780972450961724,1.0,0.25,901,2.436436221745317,11.872442925265188,0.0,6.672892047604364,0.5862880431728192,0.08786116109630496,-17.372758886523915,0.0,0.0,0.0,state
0.5,1.1780972450961724,1.0,1.0,900,1.0585913550371435,2.2412313139187514,-4.732547492401724,0.9929816607274156,0.11086799611747758,0.11165160496142544,-3.012476982411212,-2.5245924182316846,0.4887493187060725,0.0,state
0.5,1.1780972450961724,1.0,1.0,901,1.0585913550371435,2.2412313139187514,-2.847425080152406,0.9980380684784452,0.11764301865293075,0.117874279918283,-3.003983345091335,-2.356497155056233,1.340656842382201,0.0,state
0.5,1.1780972450961724,2.0,0.25,900,4.4401991066833695,39.43073621398358,0.0,17.9854164750461,2.307867823750718,0.1283188424884558,-52.80041704152824,0.0,0.0,0.0,state
0.5,1.1780972450961724,2.0,0.25,901,4.872872443490634,47.489771701060754,0.0,26.691568190417456,2.345152172691277,0.08786116109630496,-69.49103554609566,0.0,0.0,0.0,state
0.5,1.1780972450961724,2.0,1.0,900,2.117182710074287,8.964925255675006,-16.648552561606444,3.9719266429096622,0.4434719844699103,0.11165160496142544,-12.049907929644847,-10.098369672926736,1.9549972748242954,0.0,state
0.5,1.1780972450961724,2.0,1.0,901,2.117182710074287,8.964925255675006,-9.137431655607585,3.992152273913781,0.470572074611723,0.117874279918283,-12.01593338036534,-9.425988620224931,5.362627369528809,0.0,state
0.5,1.5707963267948966,1.0,0.25,900,2.2200995533416847,9.857684053495895,0.0,4.027497573730756,-1.5660685531086629,-0.388844071148125,-17.017318733443975,0.0,0.0,0.0,state
0.5,1.5707963267948966,1.0,0.25,901,2.436436221745317,11.872442925265188,0.0,6.290778739921789,-2.1447555974139587,-0.34093642235470256,-22.452732860014898,0.0,0.0,0.0,state
0.5,1.5707963267948966,1.0,1.0,900,1.0585913550371435,2.2412313139187514,-5.428135071837181,0.902630862039566,-0.3754351440153517,-0.4159343091449657,-3.894732463989021,-2.634329778898804,-0.12192440936560134,0.0,state
0.5,1.5707963267948966,1.0,1.0,901,1.0585913550371435,2.2412313139187514,-4.186539330015842,0.9107030429153267,-0.39446793320378376,-0.43314660719812675,-3.9408702232416455,-2.3787520266908704,0.7758159929607285,0.0,state
0.5,1.5707963267948966,2.0,0.25,900,4.4401991066833695,39.43073621398358,0.0,16.109990294923023,-6.2642742124346515,-0.388844071148125,-68.0692749337759,0.0,0.0,0.0,state
0.5,1.5707963267948966,2.0,0.25,901,4.872872443490634,47.489771701060754,0.0,25.163114959687157,-8.579022389655835,-0.34093642235470256,-89.81093144005959,0.0,0.0,0.0,state
0.5,1.5707963267948966,2.0,1.0,900,2.117182710074287,8.964925255675006,-19.358769106126605,3.610523448158264,-1.5017405760614069,-0.4159343091449657,-15.578929855956083,-10.537319115595217,-0.48769763746239647,0.0,state
0.5,1.5707963267948966,2.0,1.0,901,2.117182710074287,8.964925255675006,-14.385485189828607,3.6428121716613067,-1.577871732815135,-0.43314660719812675,-15.763480892966582,-9.515008106763482,3.103263971842912,0.0,state
0.5,2.356194490192345,1.0,0.25,900,2.2200995533416847,9.857684053495895,0.0,2.8357974918407183,-2.6586650423038423,-0.9375369891374369,-18.0108116299443,0.0,0.0,0.0,state
0.5,2.356194490192345,1.0,0.25,901,2.436436221745317,11.872442925265188,0.0,5.074091837782311,-3.4460014581952554,-0.6791365959393768,-23.838537679438012,0.0,0.0,0.0,state
0.5,2.356194490192345,1.0,1.0,900,1.0585913550371435,2.2412313139187514,-4.065596244207806,0.6827162100306188,-0.6115367272873814,-0.8957407460121021,-4.147020978524133,-2.869621241568628,-1.208091708603398,0.0,state
0.5,2.356194490192345,1.0,1.0,901,1.0585913550371435,2.2412313139187514,-4.8695347186399065,0.6935133598963199,-0.6355415466629666,-0.9164085126751991,-4.205827767141004,-2.5241650745121125,-0.6123798352413505,0.0,state
0.5,2.356194490192345,2.0,0.25,900,4.4401991066833695,39.43073621398358,0.0,11.343189967362873,-10.634660169215369,-0.9375369891374369,-72.0432465197772,0.0,0.0,0.0,state
0.5,2.356194490192345,2.0,0.25,901,4.872872443490634,47.489771701060754,0.0,20.296367351129245,-13.784005832781022,-0.6791365959393768,-95.35415071775205,0.0,0.0,0.0,state
0.5,2.356194490192345,2.0,1.0,900,2.117182710074287,8.964925255675006,-15.071649011855532,2.730864840122475,-2.4461469091495256,-0.8957407460121021,-16.588083914096533,-11.47848496627452,-4.832366834413597,0.0,state
0.5,2.356194490192345,2.0,1.0,901,2.117182710074287,8.964925255675006,-17.57136037250491,2.7740534395852796,-2.5421661866518663,-0.9164085126751991,-16.823311068564017,-10.096660298048452,-2.449519340965397,0.0,state
1.0,0.0,1.0,0.25,900,3.1396948981542607,9.857684053495895,0.0,9.799313489098147,12.698313618062423,1.2958370637075187,5.739629693530805,0.0,0.0,0.0,state
1.0,0.0,1.0,0.25,901,3.4456411486492886,11.872442925265188,0.0,13.797775333767074,15.856559682713916,1.1492113256771483,6.04290110639557,0.0,0.0,0.0,state
1.0,0.0,1.0,1.0,900,1.4970742513044406,2.2412313139187514,1.5324930510584671,2.2412313139187514,2.887073470839179,1.288163989548756,1.2916843138408556,-1.125976321050282,3.6411091943502845,0.0,state
1.0,0.0,1.0,1.0,901,1.4970742513044406,2.2412313139187514,2.1726185324995284,2.241231313918751,2.9933366128290917,1.3355768296826527,1.504210597820681,-1.383365998209145,4.0063614414242705,0.0,state
1.0,0.0,2.0,0.25,900,6.2793897963085215,39.43073621398358,0.0,39.197253956392586,50.79325447224969,1.2958370637075187,22.95851877412322,0.0,0.0,0.0,state
1.0,0.0,2.0,0.25,901,6.891282297298577,47.489771701060754,0.0,55.191101335068296,63.426238730855665,1.1492113256771483,24.17160442558228,0.0,0.0,0.0,state
1.0,0.0,2.0,1.0,900,2.994148502608881,8.964925255675006,8.020748826846924,8.964925255675006,11.548293883356717,1.288163989548756,5.166737255363422,-4.5039052842011245,14.564436777401145,0.0,state
1.0,0.0,2.0,1.0,901,2.994148502608881,8.964925255675006,10.516200429686672,8.964925255675004,11.973346451316367,1.3355768296826527,6.016842391282724,-5.533463992836584,16.025445765697082,0.0,state
1.0,0.39269908169872414,1.0,0.25,900,3.1396948981542607,9.857684053495895,0.0,9.901163476763157,10.857256195864018,1.0965636736879152,1.9556648614689838,0.0,0.0,0.0,state
1.0,0.39269908169872414,1.0,0.25,901,3.4456411486492886,11.872442925265188,0.0,13.933934861770954,13.624628009838885,0.9778019019752503,1.4428782326416272,0.0,0.0,0.0,state
1.0,0.39269908169872414,1.0,1.0,900,1.4970742513044406,2.2412313139187514,-0.29980583861995536,2.211749075391671,2.4638589254261074,1.1139866419927367,0.4747374615417925,-1.1884214868382221,3.126700377162468,0.0,state
1.0,0.39269908169872414,1.0,1.0,901,1.4970742513044406,2.2412313139187514,1.4491952207445689,2.2122231184637076,2.575128583021885,1.164045598081535,0.6968027336613107,-1.2748327426373938,3.8244407692619005,0.0,state
1.0,0.39269908169872414,2.0,0.25,900,6.2793897963085215,39.43073621398358,0.0,39.60465390705263,43.42902478345607,1.0965636736879152,7.822659445875935,0.0,0.0,0.0,state
1.0,0.39269908169872414,2.0,0.25,901,6.891282297298577,47.489771701060754,0.0,55.735739447083816,54.49851203935554,0.9778019019752503,5.771512930566509,0.0,0.0,0.0,state
1.0,0.39269908169872414,2.0,1.0,900,2.994148502608881,8.964925255675006,1.041864666041337,8.846996301566683,9.85543570170443,1.1139866419927367,1.89894984616717,-4.7536859473528885,12.506801508649872,0.0,state
1.0,0.39269908169872414,2.0,1.0,901,2.994148502608881,8.964925255675006,8.152105370017756,8.84889247385483,10.30051433208754,1.164045598081535,2.787210934645243,-5.099330970549584,15.297763077047595,0.0,state
1.0,0.7853981633974483,1.0,0.25,900,3.1396948981542607,9.857684053495895,0.0,9.62791040607034,6.422126151780071,0.6670321888050557,-6.641342156006093,0.0,0.0,0.0,state
1.0,0.7853981633974483,1.0,0.25,901,3.4456411486492886,11.872442925265188,0.0,13.791350787934613,7.952137020621446,0.5766032017384684,-9.759519671956909,0.0,0.0,0.0,state
1.0,0.7853981633974483,1.0,1.0,900,1.4970742513044406,2.2412313139187514,-3.5317069658901725,2.1246149134993915,1.4357326314960486,0.6757613449730027,-1.4943809644260457,-1.3031421784308215,2.3338970009335176,0.0,state
1.0,0.7853981633974483,1.0,1.0,901,1.4970742513044406,2.2412313139187514,-0.8676180284889562,2.1288697692858767,1.5099431575643216,0.7092698573435179,-1.3502147680759848,-1.2250812073027357,3.3408275203364166,0.0,state
1.0,0.7853981633974483,2.0,0.25,900,6.2793897963085215,39.43073621398358,0.0,38.51164162428136,25.688504607120283,0.6670321888050557,-26.565368624024373,0.0,0.0,0.0,state
1.0,0.7853981633974483,2.0,0.25,901,6.891282297298577,47.489771701060754,0.0,55.16540315173845,31.808548082485785,0.5766032017384684,-39.038078687827635,0.0,0.0,0.0,state
1.0,0.7853981633974483,2.0,1.0,900,2.994148502608881,8.964925255675006,-10.406206393183275,8.498459653997566,5.742930525984194,0.6757613449730027,-5.977523857704183,-5.212568713723298,9.335588003734063,0.0,state
1.0,0.7853981633974483,2.0,1.0,901,2.994148502608881,8.964925255675006,-0.10581110801936601,8.515479077143507,6.0397726302572865,0.7092698573435179,-5.400859072303939,-4.900324829210945,13.36331008134567,0.0,state
1.0,1.1780972450961724,1.0,0.25,900,3.1396948981542607,9.857684053495895,0.0,8.992708237523049,1.1539339118753587,0.12831884248845576,-16.542524467268226,0.0,0.0,0.0,state
1.0,1.1780972450961724,1.0,0.25,901,3.4456411486492886,11.872442925265188,0.0,13.345784095208728,1.1725760863456378,0.0878611610963049,-22.87307484778264,0.0,0.0,0.0,state
1.0,1.1780972450961724,1.0,1.0,900,1.4970742513044406,2.2412313139187514,-6.562996708879026,1.9859633214548316,0.2217359922349552,0.11165160496142543,-3.7837226509036723,-1.4641636605408856,1.3539448490040185,0.0,state
1.0,1.1780972450961724,1.0,1.0,901,1.4970742513044406,2.2412313139187514,-3.8037542470511907,1.9960761369568905,0.23528603730586162,0.11787427991828306,-3.7667353762639184,-1.2376888640481005,2.5781060762430803,0.0,state
1.0,1.1780972450961724,2.0,0.25,900,6.2793897963085215,39.43073621398358,0.0,35.970832950092195,4.615735647501435,0.12831884248845576,-66.1700978690729,0.0,0.0,0.0,state
1.0,1.1780972450961724,2.0,0.25,901,6.891282297298577,47.489771701060754,0.0,53.38313638083491,4.690304345382551,0.0878611610963049,-91.49229939113056,0.0,0.0,0.0,state
1.0,1.1780972450961724,2.0,1.0,900,2.994148502608881,8.964925255675006,-20.96685800369622,7.943853285819326,0.8869439689398207,0.11165160496142543,-15.13489060361469,-5.856654642163546,5.415779396016074,0.0,state
1.0,1.1780972450961724,2.0,1.0,901,2.994148502608881,8.964925255675006,-10.918837184456226,7.984304547827562,0.9411441492234465,0.11787427991828306,-15.066941505055674,-4.950755456192409,10.312424304972318,0.0,state
1.0,1.5707963267948966,1.0,0.25,900,3.1396948981542607,9.857684053495895,0.0,8.054995147461511,-3.1321371062173258,-0.388844071148125,-24.176953413392056,0.0,0.0,0.0,state
1.0,1.5707963267948966,1.0,0.25,901,3.4456411486492886,11.872442925265188,0.0,12.581557479843578,-4.289511194827917,-0.34093642235470256,-33.033022794764605,0.0,0.0,0.0,state
1.0,1.5707963267948966,1.0,1.0,900,1.4970742513044406,2.2412313139187514,-8.059732315703831,1.805261724079132,-0.7508702880307034,-0.4159343091449657,-5.54823361405929,-1.6610261275204716,0.2890458341032103,0.0,state
1.0,1.5707963267948966,1.0,1.0,901,1.4970742513044406,2.2412313139187514,-6.255508451534679,1.8214060858306536,-0.7889358664075677,-0.4331466071981268,-5.6405091325645405,-1.3120596531953939,1.580523440617939,0.0,state
1.0,1.5707963267948966,2.0,0.25,900,6.2793897963085215,39.43073621398358,0.0,32.219980589846045,-12.528548424869303,-0.388844071148125,-96.70781365356822,0.0,0.0,0.0,state
1.0,1.5707963267948966,2.0,0.25,901,6.891282297298577,47.489771701060754,0.0,50.32622991937431,-17.15804477931167,-0.34093642235470256,-132.13209117905842,0.0,0.0,0.0,state
1.0,1.5707963267948966,2.0,1.0,900,2.994148502608881,8.964925255675006,-26.76553673296935,7.221046896316528,-3.0034811521228137,-0.4159343091449657,-22.19293445623716,-6.644104510081883,1.1561833364128375,0.0,state
1.0,1.5707963267948966,2.0,1.0,901,2.994148502608881,8.964925255675006,-20.28318607313816,7.285624343322614,-3.155743465630271,-0.4331466071981268,-22.562036530258162,-5.248238612781575,6.322093762471756,0.0,state
1.0,2.356194490192345,1.0,0.25,900,3.1396948981542607,9.857684053495895,0.0,5.671594983681435,-5.317330084607684,-0.937536989137437,-26.163939206392698,0.0,0.0,0.0,state
1.0,2.356194490192345,1.0,0.25,901,3.4456411486492886,11.872442925265188,0.0,10.148183675564622,-6.89200291639051,-0.6791365959393767,-35.804632433610834,0.0,0.0,0.0,state
1.0,2.356194490192345,1.0,1.0,900,1.4970742513044406,2.2412313139187514,-6.147478959187497,1.3654324200612376,-1.2230734545747628,-0.8957407460121021,-6.052810643129515,-2.1043268236049184,-1.7061325683667465,0.0,state
1.0,2.356194490192345,1.0,1.0,901,1.4970742513044406,2.2412313139187514,-7.406626860505611,1.3870267197926398,-1.2710830933259332,-0.9164085126751991,-6.170424220363257,-1.6240252484899895,-0.854686874102438,0.0,state
1.0,2.356194490192345,2.0,0.25,900,6.2793897963085215,39.43073621398358,0.0,22.68637993472574,-21.269320338430735,-0.937536989137437,-104.65575682557079,0.0,0.0,0.0,state
1.0,2.356194490192345,2.0,0.25,901,6.891282297298577,47.489771701060754,0.0,40.59273470225849,-27.56801166556204,-0.6791365959393767,-143.21852973444334,0.0,0.0,0.0,state
1.0,2.356194490192345,2.0,1.0,900,2.994148502608881,8.964925255675006,-21.783017104481345,5.46172968024495,-4.892293818299051,-0.8957407460121021,-24.21124257251806,-8.417307294419668,-6.824530273466972,0.0,state
1.0,2.356194490192345,2.0,1.0,901,2.994148502608881,8.964925255675006,-25.61734966712483,5.548106879170559,-5.084332373303733,-0.9164085126751991,-24.68169688145303,-6.496100993959956,-3.4187474964097486,0.0,state
2.0,0.0,1.0,0.25,900,4.4401991066833695,9.857684053495895,0.0,19.5986269781963,25.39662723612485,1.2958370637075185,21.336943440557505,0.0,0.0,0.0,state
2.0,0.0,1.0,0.25,901,4.872872443490634,11.872442925265188,0.0,27.595550667534148,31.713119365427833,1.1492113256771483,23.958245138056327,0.0,0.0,0.0,state
2.0,0.0,1.0,1.0,900,2.117182710074287,2.2412313139187514,4.738212491934274,4.482462627837502,5.774146941678358,1.2881639895487562,4.8245999416004635,1.2126834074883872,6.767654976153017,0.0,state
2.0,0.0,1.0,1.0,901,2.117182710074287,2.2412313139187514,5.706111387291553,4.482462627837502,5.9866732256581825,1.3355768296826525,5.249652509560112,0.8511353417758434,7.286024909486397,0.0,state
2.0,0.0,2.0,0.25,900,8.880398213366739,39.43073621398358,0.0,78.3945079127852,101.5865089444994,1.2958370637075185,85.34777376223002,0.0,0.0,0.0,state
2.0,0.0,2.0,0.25,901,9.745744886981267,47.489771701060754,0.0,110.38220267013659,126.85247746171133,1.1492113256771483,95.83298055222531,0.0,0.0,0.0,state
2.0,0.0,2.0,1.0,900,4.234365420148574,8.964925255675006,20.728308123621684,17.929850511350008,23.096587766713434,1.2881639895487562,19.298399766401854,4.850733629953535,27.070619904612062,0.0,state
2.0,0.0,2.0,1.0,901,4.234365420148574,8.964925255675006,24.44026795733152,17.929850511350008,23.94669290263273,1.3355768296826525,20.998610038240447,3.4045413671033806,29.144099637945594,0.0,state
2.0,0.39269908169872414,1.0,0.25,900,4.4401991066833695,9.857684053495895,0.0,19.802326953526318,21.714512391728043,1.0965636736879152,13.769013776433873,0.0,0.0,0.0,state
2.0,0.39269908169872414,1.0,0.25,901,4.872872443490634,11.872442925265188,0.0,27.86786972354191,27.249256019677777,0.9778019019752504,14.758199390548453,0.0,0.0,0.0,state
2.0,0.39269908169872414,1.0,1.0,900,2.117182710074287,2.2412313139187514,1.6466105069844823,4.423498150783342,4.927717850852216,1.1139866419927367,3.1907062370023382,1.1180904240288276,5.963134271265321,0.0,state
2.0,0.39269908169872414,1.0,1.0,901,2.117182710074287,2.2412313139187514,4.2152332434690125,4.424446236927415,5.15025716604377,1.164045598081535,3.634836781241373,0.989039945895211,6.961561395445312,0.0,state
2.0,0.39269908169872414,2.0,0.25,900,8.880398213366739,39.43073621398358,0.0,79.20930781410527,86.85804956691217,1.0965636736879152,55.07605510573549,0.0,0.0,0.0,state
2.0,0.39269908169872414,2.0,0.25,901,9.745744886981267,47.489771701060754,0.0,111.47147889416765,108.9970240787111,0.9778019019752504,59.032797562193814,0.0,0.0,0.0,state
2.0,0.39269908169872414,2.0,1.0,900,4.234365420148574,8.964925255675006,9.732228248239286,17.693992603133367,19.710871403408863,1.1139866419927367,12.762824948009353,4.4723616961153,23.85253708506125,0.0,state
2.0,0.39269908169872414,2.0,1.0,901,4.234365420148574,8.964925255675006,19.3547064421187,17.69778494770966,20.60102866417508,1.164045598081535,14.539347124965492,3.9561597835808335,27.84624558178125,0.0,state
2.0,0.7853981633974483,1.0,0.25,900,4.4401991066833695,9.857684053495895,0.0,19.255820812140687,12.844252303560145,0.6670321888050555,-3.4250002585162918,0.0,0.0,0.0,state
2.0,0.7853981633974483,1.0,0.25,901,4.872872443490634,11.872442925265188,0.0,27.582701575869226,15.904274041242896,0.5766032017384685,-7.646596418648622,0.0,0.0,0.0,state
2.0,0.7853981633974483,1.0,1.0,900,2.117182710074287,2.2412313139187514,-4.177415803351781,4.249229826998782,2.871465262992097,0.6757613449730029,-0.7475306149333392,0.9233106011262295,4.632853249909593,0.0,state
2.0,0.7853981633974483,1.0,1.0,901,2.117182710074287,2.2412313139187514,-0.2358433145767897,4.2577395385717525,3.0198863151286437,0.7092698573435181,-0.4591982222332165,1.017767650164699,6.082927220315523,0.0,state
2.0,0.7853981633974483,2.0,0.25,900,8.880398213366739,39.43073621398358,0.0,77.02328324856275,51.37700921424058,0.6670321888050555,-13.700001034065167,0.0,0.0,0.0,state
2.0,0.7853981633974483,2.0,0.25,901,9.745744886981267,47.489771701060754,0.0,110.3308063034769,63.617096164971585,0.5766032017384685,-30.58638567459449,0.0,0.0,0.0,state
2.0,0.7853981633974483,2.0,1.0,900,4.234365420148574,8.964925255675006,-9.02264402472497,16.996919307995128,11.485861051968389,0.6757613449730029,-2.9901224597333567,3.693242404504929,18.531412999638377,0.0,state
2.0,0.7853981633974483,2.0,1.0,901,4.234365420148574,8.964925255675006,4.652972449184001,17.03095815428701,12.079545260514575,0.7092698573435181,-1.836792888932866,4.071070600658796,24.331708881262085,0.0,state
2.0,1.1780972450961724,1.0,0.25,900,4.4401991066833695,9.857684053495895,0.0,17.9854164750461,2.307867823750718,0.1283188424884558,-23.227364881040558,0.0,0.0,0.0,state
2.0,1.1780972450961724,1.0,0.25,901,4.872872443490634,11.872442925265188,0.0,26.691568190417456,2.345152172691277,0.08786116109630496,-33.87370677030009,0.0,0.0,0.0,state
2.0,1.1780972450961724,1.0,1.0,900,2.117182710074287,2.2412313139187514,-9.901673505449558,3.9719266429096622,0.4434719844699103,0.11165160496142544,-5.326213987888593,0.6366144787771821,2.9267337251786305,0.0,state
2.0,1.1780972450961724,1.0,1.0,901,2.117182710074287,2.2412313139187514,-5.773983513228092,3.992152273913781,0.470572074611723,0.117874279918283,-5.292239438609086,0.9344025985917366,4.696723242008613,0.0,state
2.0,1.1780972450961724,2.0,0.25,900,8.880398213366739,39.43073621398358,0.0,71.9416659001844,9.231471295002873,0.1283188424884558,-92.90945952416223,0.0,0.0,0.0,state
2.0,1.1780972450961724,2.0,0.25,901,9.745744886981267,47.489771701060754,0.0,106.76627276166982,9.380608690765108,0.08786116109630496,-135.49482708120036,0.0,0.0,0.0,state
2.0,1.1780972450961724,2.0,1.0,900,4.234365420148574,8.964925255675006,-26.842236347560394,15.887706571638649,1.7738879378796413,0.11165160496142544,-21.304855951554373,2.546457915108725,11.706934900714518,0.0,state
2.0,1.1780972450961724,2.0,1.0,901,4.234365420148574,8.964925255675006,-14.051175493575274,15.968609095655124,1.882288298446892,0.117874279918283,-21.168957754436345,3.7376103943669463,18.78689296803447,0.0,state
2.0,1.5707963267948966,1.0,0.25,900,4.4401991066833695,9.857684053495895,0.0,16.109990294923023,-6.2642742124346515,-0.388844071148125,-38.496222773288224,0.0,0.0,0.0,state
2.0,1.5707963267948966,1.0,0.25,901,4.872872443490634,11.872442925265188,0.0,25.163114959687157,-8.579022389655835,-0.34093642235470256,-54.19360266426402,0.0,0.0,0.0,state
2.0,1.5707963267948966,1.0,1.0,900,2.117182710074287,2.2412313139187514,-13.04442759723926,3.610523448158264,-1.5017405760614069,-0.4159343091449657,-8.85523591419983,0.2748681016021983,1.018187202794346,0.0,state
2.0,1.5707963267948966,1.0,1.0,901,2.117182710074287,2.2412313139187514,-10.332418726949559,3.6428121716613067,-1.577871732815135,-0.43314660719812675,-9.039786951210328,0.7434311242298159,2.888374257537726,0.0,state
2.0,1.5707963267948966,2.0,0.25,900,8.880398213366739,39.43073621398358,0.0,64.43996117969209,-25.057096849738606,-0.388844071148125,-153.9848910931529,0.0,0.0,0.0,state
2.0,1.5707963267948966,2.0,0.25,901,9.745744886981267,47.489771701060754,0.0,100.65245983874863,-34.31608955862334,-0.34093642235470256,-216.77441065705608,0.0,0.0,0.0,state
2.0,1.5707963267948966,2.0,1.0,900,4.234365420148574,8.964925255675006,-37.77169284382627,14.442093792633056,-6.0069623042456275,-0.4159343091449657,-35.42094365679932,1.0994724064087826,4.072748811177377,0.0,state
2.0,1.5707963267948966,2.0,1.0,901,4.234365420148574,8.964925255675006,-29.976803761903458,14.571248686645227,-6.31148693126054,-0.43314660719812675,-36.15914780484131,2.9737244969192638,11.553497030150922,0.0,state
2.0,2.356194490192345,1.0,0.25,900,4.4401991066833695,9.857684053495895,0.0,11.343189967362873,-10.634660169215369,-0.9375369891374369,-42.47019435928951,0.0,0.0,0.0,state
2.0,2.356194490192345,1.0,0.25,901,4.872872443490634,11.872442925265188,0.0,20.296367351129245,-13.784005832781022,-0.6791365959393768,-59.73682194195648,0.0,0.0,0.0,state
2.0,2.356194490192345,1.0,1.0,900,2.117182710074287,2.2412313139187514,-10.36943320831055,2.730864840122475,-2.4461469091495256,-0.8957407460121021,-9.864389972340277,-0.573150391942221,-2.72163290709596,0.0,state
2.0,2.356194490192345,1.0,1.0,901,2.117182710074287,2.2412313139187514,-12.31888154189771,2.7740534395852796,-2.5421661866518663,-0.9164085126751991,-10.099617126807765,0.08960416653083048,-1.4995430912651653,0.0,state
2.0,2.356194490192345,2.0,0.25,900,8.880398213366739,39.43073621398358,0.0,45.37275986945149,-42.538640676861476,-0.9375369891374369,-169.88077743715803,0.0,0.0,0.0,state
2.0,2.356194490192345,2.0,0.25,901,9.745744886981267,47.489771701060754,0.0,81.18546940451698,-55.136023331124086,-0.6791365959393768,-238.9472877678259,0.0,0.0,0.0,state
2.0,2.356194490192345,2.0,1.0,900,4.234365420148574,8.964925255675006,-34.52770878547049,10.9234593604899,-9.784587636598102,-0.8957407460121021,-39.45755988936111,-2.2926015677688802,-10.886531628383837,0.0,state
2.0,2.356194490192345,2.0,1.0,901,4.234365420148574,8.964925255675006,-39.258273155230064,11.096213758341118,-10.168664746607465,-0.9164085126751991,-40.39846850723106,0.35841666612331124,-5.998172365060675,0.0,state
4.0,0.0,1.0,0.25,900,6.2793897963085215,9.857684053495895,0.0,39.197253956392586,50.79325447224969,1.2958370637075187,52.531570934610905,0.0,0.0,0.0,state
4.0,0.0,1.0,0.25,901,6.891282297298577,11.872442925265188,0.0,55.191101335068296,63.426238730855665,1.1492113256771483,59.788933201377844,0.0,0.0,0.0,state
4.0,0.0,1.0,1.0,900,2.994148502608881,2.2412313139187514,11.059605992473966,8.964925255675006,11.548293883356717,1.288163989548756,11.890431197119677,5.820058336466833,12.494076084813706,0.0,state
4.0,0.0,1.0,1.0,901,2.994148502608881,2.2412313139187514,12.389355570841342,8.964925255675004,11.973346451316367,1.3355768296826527,12.740536333038978,5.313663971567127,13.230812378528402,0.0,state
4.0,0.0,2.0,0.25,900,12.558779592617043,39.43073621398358,0.0,156.78901582557035,203.17301788899877,1.2958370637075187,210.12628373844362,0.0,0.0,0.0,state
4.0,0.0,2.0,0.25,901,13.782564594597154,47.489771701060754,0.0,220.76440534027319,253.70495492342266,1.1492113256771483,239.15573280551138,0.0,0.0,0.0,state
4.0,0.0,2.0,1.0,900,5.988297005217762,8.964925255675006,42.679687106394795,35.85970102270002,46.19317553342687,1.288163989548756,47.561724788478706,23.280233345867302,49.97630433925477,0.0,state
4.0,0.0,2.0,1.0,901,5.988297005217762,8.964925255675006,47.91052912692385,35.859701022700015,47.89338580526547,1.3355768296826527,50.96214533215591,21.254655886268516,52.92324951411364,0.0,state
4.0,0.39269908169872414,1.0,0.25,900,6.2793897963085215,9.857684053495895,0.0,39.60465390705263,43.42902478345607,1.0965636736879152,37.39571160636362,0.0,0.0,0.0,state
4.0,0.39269908169872414,1.0,0.25,901,6.891282297298577,11.872442925265188,0.0,55.735739447083816,54.49851203935554,0.9778019019752503,41.38884170636207,0.0,0.0,0.0,state
4.0,0.39269908169872414,1.0,1.0,900,2.994148502608881,2.2412313139187514,5.734761580420213,8.846996301566683,9.85543570170443,1.1139866419927367,8.622643787923424,5.673719290157765,11.202238434718785,0.0,state
4.0,0.39269908169872414,1.0,1.0,901,2.994148502608881,2.2412313139187514,9.45107763973267,8.84889247385483,10.30051433208754,1.164045598081535,9.510904876401497,5.477521337268998,12.63757401209021,0.0,state
4.0,0.39269908169872414,2.0,0.25,900,12.558779592617043,39.43073621398358,0.0,158.41861562821052,173.7160991338243,1.0965636736879152,149.58284642545448,0.0,0.0,0.0,state
4.0,0.39269908169872414,2.0,0.25,901,13.782564594597154,47.489771701060754,0.0,222.94295778833526,217.99404815742216,0.9778019019752503,165.5553668254483,0.0,0.0,0.0,state
4.0,0.39269908169872414,2.0,1.0,900,5.988297005217762,8.964925255675006,25.90127020449459,35.387985206266734,39.42174280681772,1.1139866419927367,34.4905751516937,22.694877160631073,44.808953738875154,0.0,state
4.0,0.39269908169872414,2.0,1.0,901,5.988297005217762,8.964925255675006,38.273794103939245,35.39556989541932,41.20205732835016,1.164045598081535,38.04361950560599,21.910085349076,50.55029604836086,0.0,state
4.0,0.7853981633974483,1.0,0.25,900,6.2793897963085215,9.857684053495895,0.0,38.51164162428136,25.688504607120283,0.6670321888050557,3.007683536463311,0.0,0.0,0.0,state
4.0,0.7853981633974483,1.0,0.25,901,6.891282297298577,11.872442925265188,0.0,55.16540315173845,31.808548082485785,0.5766032017384684,-3.42074991203207,0.0,0.0,0.0,state
4.0,0.7853981633974483,1.0,1.0,900,2.994148502608881,2.2412313139187514,-4.451561009294843,8.498459653997566,5.742930525984194,0.6757613449730027,0.7461700840520713,5.333178492997256,8.902761503754856,0.0,state
4.0,0.7853981633974483,1.0,1.0,901,2.994148502608881,2.2412313139187514,0.9280437411799571,8.515479077143507,6.0397726302572865,0.7092698573435179,1.3228348694523149,5.43488526276343,11.005594126145063,0.0,state
4.0,0.7853981633974483,2.0,0.25,900,12.558779592617043,39.43073621398358,0.0,154.04656649712544,102.75401842848113,0.6670321888050557,12.030734145853245,0.0,0.0,0.0,state
4.0,0.7853981633974483,2.0,0.25,901,13.782564594597154,47.489771701060754,0.0,220.6616126069538,127.23419232994314,0.5766032017384684,-13.68299964812828,0.0,0.0,0.0,state
4.0,0.7853981633974483,2.0,1.0,900,5.988297005217762,8.964925255675006,-5.9309563912454735,33.99383861599026,22.971722103936777,0.6757613449730027,2.984680336208285,21.332713971989037,35.611046015019454,0.0,state
4.0,0.7853981633974483,2.0,1.0,901,5.988297005217762,8.964925255675006,12.253666554622459,34.06191630857403,24.159090521029146,0.7092698573435179,5.2913394778092595,21.73954105105372,44.022376504580265,0.0,state
4.0,1.1780972450961724,1.0,0.25,900,6.2793897963085215,9.857684053495895,0.0,35.970832950092195,4.615735647501435,0.12831884248845576,-36.59704570858522,0.0,0.0,0.0,state
4.0,1.1780972450961724,1.0,0.25,901,6.891282297298577,11.872442925265188,0.0,53.38313638083491,4.690304345382551,0.0878611610963049,-55.874970615335,0.0,0.0,0.0,state
4.0,1.1780972450961724,1.0,1.0,900,2.994148502608881,2.2412313139187514,-14.839754153298538,7.943853285819326,0.8869439689398207,0.11165160496142543,-8.411196661858437,4.80977423146029,5.849428330859668,0.0,state
4.0,1.1780972450961724,1.0,1.0,901,2.994148502608881,2.2412313139187514,-9.69825976696286,7.984304547827562,0.9411441492234465,0.11787427991828306,-8.343247563299421,5.185919011373155,8.430099724293246,0.0,state
4.0,1.1780972450961724,2.0,0.25,900,12.558779592617043,39.43073621398358,0.0,143.88333180036878,18.46294259000574,0.12831884248845576,-146.38818283434088,0.0,0.0,0.0,state
4.0,1.1780972450961724,2.0,0.25,901,13.782564594597154,47.489771701060754,0.0,213.53254552333965,18.761217381530205,0.0878611610963049,-223.49988246134,0.0,0.0,0.0,state
4.0,1.1780972450961724,2.0,1.0,900,5.988297005217762,8.964925255675006,-36.117111150119364,31.775413143277305,3.547775875759283,0.11165160496142543,-33.64478664743375,19.23909692584114,23.397713323438637,0.0,state
4.0,1.1780972450961724,2.0,1.0,901,5.988297005217762,8.964925255675006,-19.610277004618265,31.937218191310247,3.764576596893786,0.11787427991828306,-33.372990253197685,20.74367604549264,33.720398897173006,0.0,state
4.0,1.5707963267948966,1.0,0.25,900,6.2793897963085215,9.857684053495895,0.0,32.219980589846045,-12.528548424869303,-0.388844071148125,-67.13476149308055,0.0,0.0,0.0,state
4.0,1.5707963267948966,1.0,0.25,901,6.891282297298577,11.872442925265188,0.0,50.32622991937431,-17.15804477931167,-0.34093642235470256,-96.51476240326285,0.0,0.0,0.0,state
4.0,1.5707963267948966,1.0,1.0,900,2.994148502608881,2.2412313139187514,-21.351909884609245,7.221046896316528,-3.0034811521228137,-0.4159343091449657,-15.469240514480907,4.13150598581962,2.3452321685761746,0.0,state
4.0,1.5707963267948966,1.0,1.0,901,2.994148502608881,2.2412313139187514,-18.29196154778965,7.285624343322614,-3.155743465630271,-0.4331466071981268,-15.838342588501908,4.744253970893293,5.0775998817870835,0.0,state
4.0,1.5707963267948966,2.0,0.25,900,12.558779592617043,39.43073621398358,0.0,128.87992235938418,-50.11419369947721,-0.388844071148125,-268.5390459723222,0.0,0.0,0.0,state
4.0,1.5707963267948966,2.0,0.25,901,13.782564594597154,47.489771701060754,0.0,201.30491967749725,-68.63217911724668,-0.34093642235470256,-386.0590496130514,0.0,0.0,0.0,state
4.0,1.5707963267948966,2.0,1.0,900,5.988297005217762,8.964925255675006,-55.64901705194068,28.884187585266112,-12.013924608491255,-0.4159343091449657,-61.87696205792363,16.52602394327848,9.380928674304705,0.0,state
4.0,1.5707963267948966,2.0,1.0,901,5.988297005217762,8.964925255675006,-46.51829941835547,29.142497373290457,-12.622973862521084,-0.4331466071981268,-63.35337035400763,18.97701588357316,20.3103995271483,0.0,state
4.0,2.356194490192345,1.0,0.25,900,6.2793897963085215,9.857684053495895,0.0,22.68637993472574,-21.269320338430735,-0.937536989137437,-75.0827046650831,0.0,0.0,0.0,state
4.0,2.356194490192345,1.0,0.25,901,6.891282297298577,11.872442925265188,0.0,40.59273470225849,-27.56801166556204,-0.6791365959393767,-107.60120095864777,0.0,0.0,0.0,state
4.0,2.356194490192345,1.0,1.0,900,2.994148502608881,2.2412313139187514,-18.844621514712358,5.46172968024495,-4.892293818299051,-0.8957407460121021,-17.487548630761804,2.490033457241198,-4.780095659193158,0.0,state
4.0,2.356194490192345,1.0,1.0,901,2.994148502608881,2.2412313139187514,-21.643005819729463,5.548106879170559,-5.084332373303733,-0.9164085126751991,-17.958002939696776,3.394321056191089,-3.0158721324511433,0.0,state
4.0,2.356194490192345,2.0,0.25,900,12.558779592617043,39.43073621398358,0.0,90.74551973890296,-85.07728135372294,-0.937536989137437,-300.3308186603324,0.0,0.0,0.0,state
4.0,2.356194490192345,2.0,0.25,901,13.782564594597154,47.489771701060754,0.0,162.37093880903396,-110.27204666224816,-0.6791365959393767,-430.40480383459106,0.0,0.0,0.0,state
4.0,2.356194490192345,2.0,1.0,900,5.988297005217762,8.964925255675006,-55.50249272586018,21.8469187209798,-19.569175273196205,-0.8957407460121021,-69.95019452304722,9.960133828964793,-19.120382636772618,0.0,state
4.0,2.356194490192345,2.0,1.0,901,5.988297005217762,8.964925255675006,-62.12949780350455,22.192427516682237,-20.33732949321493,-0.9164085126751991,-71.8320117587871,13.577284224764341,-12.063488529804587,0.0,state
8.0,0.0,1.0,0.25,900,8.880398213366739,9.857684053495895,0.0,78.3945079127852,101.5865089444994,1.2958370637075185,114.92082592271771,0.0,0.0,0.0,state
8.0,0.0,1.0,0.25,901,9.745744886981267,11.872442925265188,0.0,110.38220267013659,126.85247746171133,1.1492113256771483,131.4503093280209,0.0,0.0,0.0,state
8.0,0.0,1.0,1.0,900,4.234365420148574,2.2412313139187514,23.162244634255593,17.929850511350008,23.096587766713434,1.2881639895487562,26.02209370815811,14.935891694172518,23.202093801850964,0.0,state
8.0,0.0,1.0,1.0,901,4.234365420148574,2.2412313139187514,25.094151855464354,17.929850511350008,23.94669290263273,1.3355768296826525,27.722303979996703,14.229565541583487,24.251297267651186,0.0,state
8.0,0.0,2.0,0.25,900,17.760796426733478,39.43073621398358,0.0,313.5780316511408,406.3460357779976,1.2958370637075185,459.68330369087084,0.0,0.0,0.0,state
8.0,0.0,2.0,0.25,901,19.491489773962535,47.489771701060754,0.0,441.52881068054637,507.4099098468453,1.1492113256771483,525.8012373120836,0.0,0.0,0.0,state
8.0,0.0,2.0,1.0,900,8.468730840297148,8.964925255675006,79.02818227484941,71.71940204540003,92.38635106685373,1.2881639895487562,104.08837483263244,59.743566776690045,92.80837520740383,0.0,state
8.0,0.0,2.0,1.0,901,8.468730840297148,8.964925255675006,86.2340438301653,71.71940204540003,95.78677161053092,1.3355768296826525,110.88921591998681,56.91826216633396,97.00518907060476,0.0,state
8.0,0.39269908169872414,1.0,0.25,900,8.880398213366739,9.857684053495895,0.0,79.20930781410527,86.85804956691217,1.0965636736879152,84.64910726622318,0.0,0.0,0.0,state
8.0,0.39269908169872414,1.0,0.25,901,9.745744886981267,11.872442925265188,0.0,111.47147889416765,108.9970240787111,0.9778019019752504,94.65012633798938,0.0,0.0,0.0,state
8.0,0.39269908169872414,1.0,1.0,900,4.234365420148574,2.2412313139187514,13.668364818731694,17.693992603133367,19.710871403408863,1.1139866419927367,19.486518889765605,14.703808297787042,21.067012360636994,0.0,state
8.0,0.39269908169872414,1.0,1.0,901,4.234365420148574,2.2412313139187514,19.368985717255043,17.69778494770966,20.60102866417508,1.164045598081535,21.263041066721748,14.398956458938958,23.143576195342117,0.0,state
8.0,0.39269908169872414,2.0,0.25,900,17.760796426733478,39.43073621398358,0.0,316.8372312564211,347.4321982676487,1.0965636736879152,338.59642906489273,0.0,0.0,0.0,state
8.0,0.39269908169872414,2.0,0.25,901,19.491489773962535,47.489771701060754,0.0,445.8859155766706,435.9880963148444,0.9778019019752504,378.6005053519575,0.0,0.0,0.0,state
8.0,0.39269908169872414,2.0,1.0,900,8.468730840297148,8.964925255675006,52.91959789561719,70.77597041253347,78.84348561363545,1.1139866419927367,77.94607555906242,58.81523319114814,84.26804944254795,0.0,state
8.0,0.39269908169872414,2.0,1.0,901,8.468730840297148,8.964925255675006,69.6944763454156,70.79113979083864,82.40411465670032,1.164045598081535,85.05216426688699,57.595825835755846,92.57430478136848,0.0,state
8.0,0.7853981633974483,1.0,0.25,900,8.880398213366739,9.857684053495895,0.0,77.02328324856275,51.37700921424058,0.6670321888050555,15.873051126422517,0.0,0.0,0.0,state
8.0,0.7853981633974483,1.0,0.25,901,9.745744886981267,11.872442925265188,0.0,110.3308063034769,63.617096164971585,0.5766032017384685,5.030943101201077,0.0,0.0,0.0,state
8.0,0.7853981633974483,1.0,1.0,900,4.234365420148574,2.2412313139187514,-3.8256282639134938,16.996919307995128,11.485861051968389,0.6757613449730029,3.7335714820228976,14.092049824031221,16.978709960913505,0.0,state
8.0,0.7853981633974483,1.0,1.0,901,4.234365420148574,2.2412313139187514,3.7029243444154814,17.03095815428701,12.079545260514575,0.7092698573435181,4.886901052823388,14.172133577128172,20.056801068894174,0.0,state
8.0,0.7853981633974483,2.0,0.25,900,17.760796426733478,39.43073621398358,0.0,308.093132994251,205.50803685696232,0.6670321888050555,63.49220450569007,0.0,0.0,0.0,state
8.0,0.7853981633974483,2.0,0.25,901,19.491489773962535,47.489771701060754,0.0,441.3232252139076,254.46838465988634,0.5766032017384685,20.123772404804306,0.0,0.0,0.0,state
8.0,0.7853981633974483,2.0,1.0,900,8.468730840297148,8.964925255675006,2.8040673137230057,67.98767723198051,45.943444207873554,0.6757613449730029,14.93428592809159,56.368199296124885,67.91483984365402,0.0,state
8.0,0.7853981633974483,2.0,1.0,901,8.468730840297148,8.964925255675006,24.720676546694797,68.12383261714804,48.3181810420583,0.7092698573435181,19.547604211293553,56.68853430851266,80.2272042755767,0.0,state
8.0,1.1780972450961724,1.0,0.25,900,8.880398213366739,9.857684053495895,0.0,71.9416659001844,9.231471295002873,0.1283188424884558,-63.33640736367455,0.0,0.0,0.0,state
8.0,1.1780972450961724,1.0,0.25,901,9.745744886981267,11.872442925265188,0.0,106.76627276166982,9.380608690765108,0.08786116109630496,-99.8774983054048,0.0,0.0,0.0,state
8.0,1.1780972450961724,1.0,1.0,900,4.234365420148574,2.2412313139187514,-21.8513079709291,15.887706571638649,1.7738879378796413,0.11165160496142544,-14.581162009798119,13.115934984699429,11.379613173379173,0.0,state
8.0,1.1780972450961724,1.0,1.0,901,4.234365420148574,2.2412313139187514,-15.528099162890904,15.968609095655124,1.882288298446892,0.117874279918283,-14.445263812680091,13.557901598183154,15.184290084950074,0.0,state
8.0,1.1780972450961724,2.0,0.25,900,17.760796426733478,39.43073621398358,0.0,287.7666636007376,36.92588518001149,0.1283188424884558,-253.3456294546982,0.0,0.0,0.0,state
8.0,1.1780972450961724,2.0,0.25,901,19.491489773962535,47.489771701060754,0.0,427.0650910466793,37.52243476306043,0.08786116109630496,-399.5099932216192,0.0,0.0,0.0,state
8.0,1.1780972450961724,2.0,1.0,900,8.468730840297148,8.964925255675006,-48.16705350277544,63.550826286554596,7.095551751518565,0.11165160496142544,-58.324648039192475,52.463739938797715,45.51845269351669,0.0,state
8.0,1.1780972450961724,2.0,1.0,901,8.468730840297148,8.964925255675006,-27.897283296734177,63.874436382620495,7.529153193787568,0.117874279918283,-57.781055250720364,54.231606392732616,60.73716033980027,0.0,state
8.0,1.5707963267948966,1.0,0.25,900,8.880398213366739,9.857684053495895,0.0,64.43996117969209,-25.057096849738606,-0.388844071148125,-124.4118389326652,0.0,0.0,0.0,state
8.0,1.5707963267948966,1.0,0.25,901,9.745744886981267,11.872442925265188,0.0,100.65245983874863,-34.31608955862334,-0.34093642235470256,-181.1570818812605,0.0,0.0,0.0,state
8.0,1.5707963267948966,1.0,1.0,900,4.234365420148574,2.2412313139187514,-34.18366474134255,14.442093792633056,-6.0069623042456275,-0.4159343091449657,-28.697249715043064,11.823355606986485,4.813723863646874,0.0,state
8.0,1.5707963267948966,1.0,1.0,901,4.234365420148574,2.2412313139187514,-31.149443553194118,14.571248686645227,-6.31148693126054,-0.43314660719812675,-29.43545386308506,12.590111725088743,8.852922973496526,0.0,state
8.0,1.5707963267948966,2.0,0.25,900,17.760796426733478,39.43073621398358,0.0,257.75984471876836,-100.22838739895442,-0.388844071148125,-497.6473557306608,0.0,0.0,0.0,state
8.0,1.5707963267948966,2.0,0.25,901,19.491489773962535,47.489771701060754,0.0,402.6098393549945,-137.26435823449336,-0.34093642235470256,-724.628327525042,0.0,0.0,0.0,state
8.0,1.5707963267948966,2.0,1.0,900,8.468730840297148,8.964925255675006,-80.2536928861936,57.768375170532224,-24.02784921698251,-0.4159343091449657,-114.78899886017226,47.29342242794591,19.25489545458747,0.0,state
8.0,1.5707963267948966,2.0,1.0,901,8.468730840297148,8.964925255675006,-69.71845004663281,58.28499474658091,-25.24594772504216,-0.43314660719812675,-117.74181545234023,50.36044690035499,35.41169189398612,0.0,state
8.0,2.356194490192345,1.0,0.25,900,8.880398213366739,9.857684053495895,0.0,45.37275986945149,-42.538640676861476,-0.9375369891374369,-140.30772527667034,0.0,0.0,0.0,state
8.0,2.356194490192345,1.0,0.25,901,9.745744886981267,11.872442925265188,0.0,81.18546940451698,-55.136023331124086,-0.6791365959393768,-203.32995899203033,0.0,0.0,0.0,state
8.0,2.356194490192345,1.0,1.0,900,4.234365420148574,2.2412313139187514,-33.210216509653115,10.9234593604899,-9.784587636598102,-0.8957407460121021,-32.733865947604855,8.61757634707859,-8.935858401792597,0.0,state
8.0,2.356194490192345,1.0,1.0,901,4.234365420148574,2.2412313139187514,-38.01432822235592,11.096213758341118,-10.168664746607465,-0.9164085126751991,-33.6747745654748,9.830454361464756,-6.369014493704221,0.0,state
8.0,2.356194490192345,2.0,0.25,900,17.760796426733478,39.43073621398358,0.0,181.49103947780597,-170.1545627074459,-0.9375369891374369,-561.2309011066814,0.0,0.0,0.0,state
8.0,2.356194490192345,2.0,0.25,901,19.491489773962535,47.489771701060754,0.0,324.7418776180679,-220.54409332449634,-0.6791365959393768,-813.3198359681213,0.0,0.0,0.0,state
8.0,2.356194490192345,2.0,1.0,900,8.468730840297148,8.964925255675006,-86.68596313028908,43.6938374419596,-39.13835054639241,-0.8957407460121021,-130.93546379041942,34.47030538831437,-35.74343360717036,0.0,state
8.0,2.356194490192345,2.0,1.0,901,8.468730840297148,8.964925255675006,-95.11560330505692,44.384855033364474,-40.67465898642986,-0.9164085126751991,-134.6990982618992,39.32181744585901,-25.476057974816875,0.0,state
